processo,data_autuacao,data_ultima_decisao,assunto,data_primeiro_julgamento,data_ultimo_julgamento,resultados,orgao_julgador,julgada_no_merito,lote,url_busca
AP 347,2003-09-03,2014-12-16,"DIREITO PENAL | CRIMES PREVISTOS NA LEGISLAÇÃO EXTRAVAGANTE | CRIMES DE ""LAVAGEM"" OU OCULTAÇÃO DE BENS, DIREITOS OU VALORES",2014-12-16,2014-12-16,Improcedente,1ª TURMA,True,1,https://portal.stf.jus.br/processos/listarProcessos.asp?classe=AP&numeroProcesso=347
AP 372,2004-05-19,2010-12-16,DIREITO PENAL | CRIMES PRATICADOS POR FUNCIONÁRIOS PÚBLICOS CONTRA A ADMINISTRAÇÃO EM GERAL,2010-12-16,2010-12-16,Improcedente,TRIBUNAL PLENO,True,1,https://portal.stf.jus.br/processos/listarProcessos.asp?classe=AP&numeroProcesso=372
AP 396,2005-08-10,2020-02-04,DIREITO PENAL | CRIMES PRATICADOS POR FUNCIONÁRIOS PÚBLICOS CONTRA A ADMINISTRAÇÃO EM GERAL | PECULATO,2010-10-28,2010-10-28,Procedente,TRIBUNAL PLENO,True,1,https://portal.stf.jus.br/processos/listarProcessos.asp?classe=AP&numeroProcesso=396
AP 409,2006-09-15,2015-11-25,DIREITO PENAL | CRIMES PREVISTOS NA LEGISLAÇÃO EXTRAVAGANTE | CRIMES DE RESPONSABILIDADE,2010-05-13,2010-05-13,Procedente,TRIBUNAL PLENO,True,1,https://portal.stf.jus.br/processos/listarProcessos.asp?classe=AP&numeroProcesso=409
AP 416,2007-03-23,2012-03-08,DIREITO PENAL | CRIMES PREVISTOS NA LEGISLAÇÃO EXTRAVAGANTE | CRIMES DE RESPONSABILIDADE,2012-03-08,2012-03-08,Improcedente,TRIBUNAL PLENO,True,1,https://portal.stf.jus.br/processos/listarProcessos.asp?classe=AP&numeroProcesso=416
AP 421,2007-04-25,2015-04-28,DIREITO PROCESSUAL PENAL | JURISDIÇÃO E COMPETÊNCIA | COMPETÊNCIA POR PRERROGATIVA DE FUNÇÃO,2015-04-28,2015-04-28,Improcedente,1ª TURMA,True,1,https://portal.stf.jus.br/processos/listarProcessos.asp?classe=AP&numeroProcesso=421
AP 430,2007-06-15,2008-08-07,DIREITO PENAL | CRIMES PREVISTOS NA LEGISLAÇÃO EXTRAVAGANTE | CRIMES DE RESPONSABILIDADE,2008-08-07,2008-08-07,Improcedente,TRIBUNAL PLENO,True,1,https://portal.stf.jus.br/processos/listarProcessos.asp?classe=AP&numeroProcesso=430
AP 432,2007-06-22,2013-10-10,DIREITO PENAL | CRIMES PREVISTOS NA LEGISLAÇÃO EXTRAVAGANTE | CRIMES DE RESPONSABILIDADE,2013-10-10,2013-10-10,Procedente em parte,TRIBUNAL PLENO,True,1,https://portal.stf.jus.br/processos/listarProcessos.asp?classe=AP&numeroProcesso=432
AP 433,2007-06-22,2010-03-11,DIREITO ADMINISTRATIVO E OUTRAS MATÉRIAS DE DIREITO PÚBLICO | LICITAÇÕES,2010-03-11,2010-03-11,Improcedente,TRIBUNAL PLENO,True,1,https://portal.stf.jus.br/processos/listarProcessos.asp?classe=AP&numeroProcesso=433
AP 439,2007-07-10,2008-06-12,DIREITO PENAL | CRIMES PREVISTOS NA LEGISLAÇÃO EXTRAVAGANTE | CRIMES CONTRA O MEIO AMBIENTE E O PATRIMÔNIO GENÉTICO,2008-06-12,2008-06-12,Improcedente,TRIBUNAL PLENO,True,1,https://portal.stf.jus.br/processos/listarProcessos.asp?classe=AP&numeroProcesso=439
AP 441,2007-08-02,2012-03-08,DIREITO PENAL | CRIMES PREVISTOS NA LEGISLAÇÃO EXTRAVAGANTE | CRIMES DE RESPONSABILIDADE,2012-03-08,2012-03-08,Procedente,TRIBUNAL PLENO,True,1,https://portal.stf.jus.br/processos/listarProcessos.asp?classe=AP&numeroProcesso=441
AP 447,2007-08-10,2009-02-18,DIREITO ADMINISTRATIVO E OUTRAS MATÉRIAS DE DIREITO PÚBLICO | AGENTES POLÍTICOS | PREFEITO,2009-02-18,2009-02-18,Improcedente,TRIBUNAL PLENO,True,1,https://portal.stf.jus.br/processos/listarProcessos.asp?classe=AP&numeroProcesso=447
AP 450,2007-08-17,2014-11-18,DIREITO PENAL | CRIMES PREVISTOS NA LEGISLAÇÃO EXTRAVAGANTE | CRIMES DE RESPONSABILIDADE,2014-11-18,2014-11-18,Improcedente,2ª TURMA,True,1,https://portal.stf.jus.br/processos/listarProcessos.asp?classe=AP&numeroProcesso=450
AP 460,2007-09-25,2014-04-11,DIREITO PENAL | CRIMES CONTRA A FÉ PÚBLICA | USO DE DOCUMENTO FALSO,2014-04-11,2014-04-11,Improcedente,TRIBUNAL PLENO,True,1,https://portal.stf.jus.br/processos/listarProcessos.asp?classe=AP&numeroProcesso=460
AP 462,2007-09-28,2009-06-25,DIREITO PENAL | CRIMES CONTRA A FÉ PÚBLICA | FALSIFICAÇÃO DE DOCUMENTO PÚBLICO,2009-06-25,2009-06-25,Improcedente,TRIBUNAL PLENO,True,1,https://portal.stf.jus.br/processos/listarProcessos.asp?classe=AP&numeroProcesso=462
AP 465,2007-10-10,2014-04-24,DIREITO PENAL | CRIMES PRATICADOS POR FUNCIONÁRIOS PÚBLICOS CONTRA A ADMINISTRAÇÃO EM GERAL | CORRUPÇÃO PASSIVA,2014-04-24,2014-04-24,Improcedente,TRIBUNAL PLENO,True,1,https://portal.stf.jus.br/processos/listarProcessos.asp?classe=AP&numeroProcesso=465
AP 470,2007-11-12,2022-09-08,DIREITO PENAL | CRIMES PRATICADOS POR FUNCIONÁRIOS PÚBLICOS CONTRA A ADMINISTRAÇÃO EM GERAL,2012-12-17,2012-12-17,Procedente em parte,TRIBUNAL PLENO,True,1,https://portal.stf.jus.br/processos/listarProcessos.asp?classe=AP&numeroProcesso=470
AP 474,2007-12-12,2012-09-12,DIREITO PENAL | CRIMES PREVISTOS NA LEGISLAÇÃO EXTRAVAGANTE | CRIMES DE IMPRENSA,2012-09-12,2012-09-12,Improcedente,TRIBUNAL PLENO,True,1,https://portal.stf.jus.br/processos/listarProcessos.asp?classe=AP&numeroProcesso=474
AP 481,2008-04-17,2015-10-09,DIREITO PENAL | CRIMES PREVISTOS NA LEGISLAÇÃO EXTRAVAGANTE | CRIMES ELEITORAIS | CAPTAÇÃO ILÍCITA DE VOTOS OU CORRUPÇÃO ELEITORAL,2011-09-08,2011-09-08,Procedente em parte,TRIBUNAL PLENO,True,1,https://portal.stf.jus.br/processos/listarProcessos.asp?classe=AP&numeroProcesso=481
AP 497,2008-09-05,2014-10-07,DIREITO PENAL | CRIMES PRATICADOS POR FUNCIONÁRIOS PÚBLICOS CONTRA A ADMINISTRAÇÃO EM GERAL | INSERÇÃO DE DADOS FALSOS EM SISTEMA DE INFORMAÇÕES,2014-10-07,2014-10-07,Improcedente,1ª TURMA,True,1,https://portal.stf.jus.br/processos/listarProcessos.asp?classe=AP&numeroProcesso=497
AP 503,2008-12-05,2010-05-20,DIREITO PROCESSUAL PENAL | JURISDIÇÃO E COMPETÊNCIA | COMPETÊNCIA POR PRERROGATIVA DE FUNÇÃO,2010-05-20,2010-05-20,Procedente em parte,TRIBUNAL PLENO,True,1,https://portal.stf.jus.br/processos/listarProcessos.asp?classe=AP&numeroProcesso=503
AP 512,2009-04-29,2015-11-17,DIREITO PENAL | CRIMES PREVISTOS NA LEGISLAÇÃO EXTRAVAGANTE | CRIMES ELEITORAIS | CAPTAÇÃO ILÍCITA DE VOTOS OU CORRUPÇÃO ELEITORAL,2015-11-17,2015-11-17,Improcedente,2ª TURMA,True,1,https://portal.stf.jus.br/processos/listarProcessos.asp?classe=AP&numeroProcesso=512
AP 516,2009-06-23,2016-06-30,DIREITO PENAL | CRIMES CONTRA O PATRIMÔNIO | APROPRIAÇÃO INDÉBITA PREVIDENCIÁRIA,2010-09-27,2010-09-27,Procedente em parte,TRIBUNAL PLENO,True,1,https://portal.stf.jus.br/processos/listarProcessos.asp?classe=AP&numeroProcesso=516
AP 523,2009-06-29,2014-12-09,DIREITO PENAL | CRIMES PREVISTOS NA LEGISLAÇÃO EXTRAVAGANTE | CRIMES DA LEI DE LICITAÇÕES,2014-12-09,2014-12-09,Improcedente,1ª TURMA,True,1,https://portal.stf.jus.br/processos/listarProcessos.asp?classe=AP&numeroProcesso=523
AP 521,2009-10-15,2014-12-02,DIREITO PENAL | CRIMES PRATICADOS POR PARTICULAR CONTRA A ADMINISTRAÇÃO EM GERAL | CORRUPÇÃO ATIVA,2014-12-02,2014-12-02,Improcedente,1ª TURMA,True,1,https://portal.stf.jus.br/processos/listarProcessos.asp?classe=AP&numeroProcesso=521
AP 528,2010-02-25,2018-06-12,DIREITO PROCESSUAL PENAL | INVESTIGAÇÃO PENAL,2018-06-12,2018-06-12,Improcedente,2ª TURMA,True,1,https://portal.stf.jus.br/processos/listarProcessos.asp?classe=AP&numeroProcesso=528
AP 541,2010-06-01,2014-03-21,DIREITO PENAL | CRIMES CONTRA A HONRA | CALÚNIA,2014-03-21,2014-03-21,Improcedente,TRIBUNAL PLENO,True,1,https://portal.stf.jus.br/processos/listarProcessos.asp?classe=AP&numeroProcesso=541
AP 554,2010-12-24,2015-05-05,DIREITO PENAL | CRIMES PREVISTOS NA LEGISLAÇÃO EXTRAVAGANTE | CRIMES CONTRA O SISTEMA FINANCEIRO NACIONAL,2015-05-05,2015-05-05,Improcedente,1ª TURMA,True,1,https://portal.stf.jus.br/processos/listarProcessos.asp?classe=AP&numeroProcesso=554
AP 555,2011-01-20,2015-10-06,DIREITO PENAL | CRIMES PREVISTOS NA LEGISLAÇÃO EXTRAVAGANTE | CRIMES DE RESPONSABILIDADE,2015-10-06,2015-10-06,Improcedente,1ª TURMA,True,1,https://portal.stf.jus.br/processos/listarProcessos.asp?classe=AP&numeroProcesso=555
AP 556,2011-01-20,2015-04-30,DIREITO PENAL | CRIMES PREVISTOS NA LEGISLAÇÃO EXTRAVAGANTE | CRIMES DE RESPONSABILIDADE,2014-11-11,2014-11-11,Procedente em parte,2ª TURMA,True,1,https://portal.stf.jus.br/processos/listarProcessos.asp?classe=AP&numeroProcesso=556
AP 559,2011-01-20,2014-08-26,DIREITO PENAL | CRIMES PREVISTOS NA LEGISLAÇÃO EXTRAVAGANTE | CRIMES DA LEI DE LICITAÇÕES,2014-08-26,2014-08-26,Improcedente,1ª TURMA,True,1,https://portal.stf.jus.br/processos/listarProcessos.asp?classe=AP&numeroProcesso=559
AP 560,2011-01-21,2015-08-25,DIREITO PENAL | CRIMES PREVISTOS NA LEGISLAÇÃO EXTRAVAGANTE | CRIMES DA LEI DE LICITAÇÕES,2015-08-25,2015-08-25,Improcedente,2ª TURMA,True,1,https://portal.stf.jus.br/processos/listarProcessos.asp?classe=AP&numeroProcesso=560
AP 565,2011-02-04,2024-06-27,DIREITO PENAL | CRIMES PREVISTOS NA LEGISLAÇÃO EXTRAVAGANTE | CRIMES DA LEI DE LICITAÇÕES,2013-08-08,2013-08-08,Procedente em parte,TRIBUNAL PLENO,True,1,https://portal.stf.jus.br/processos/listarProcessos.asp?classe=AP&numeroProcesso=565
AP 572,2011-02-25,2016-08-23,DIREITO PENAL | CRIMES PREVISTOS NA LEGISLAÇÃO EXTRAVAGANTE | CRIMES ELEITORAIS | FALSO ELEITORAL,2014-11-11,2014-11-11,Procedente,2ª TURMA,True,1,https://portal.stf.jus.br/processos/listarProcessos.asp?classe=AP&numeroProcesso=572
AP 580,2011-03-18,2016-12-13,DIREITO PENAL | CRIMES PREVISTOS NA LEGISLAÇÃO EXTRAVAGANTE | CRIMES DE RESPONSABILIDADE,2016-12-13,2016-12-13,Improcedente,1ª TURMA,True,1,https://portal.stf.jus.br/processos/listarProcessos.asp?classe=AP&numeroProcesso=580
AP 596,2011-04-04,2013-11-07,DIREITO PENAL | CRIMES PREVISTOS NA LEGISLAÇÃO EXTRAVAGANTE | CRIMES ELEITORAIS | DESOBEDIÊNCIA À DETERMINAÇÕES DA JUSTIÇA ELEITORAL,2013-11-07,2013-11-07,Improcedente,TRIBUNAL PLENO,True,1,https://portal.stf.jus.br/processos/listarProcessos.asp?classe=AP&numeroProcesso=596
AP 609,2011-05-16,2013-10-03,DIREITO PENAL | CRIMES PREVISTOS NA LEGISLAÇÃO EXTRAVAGANTE | CRIMES ELEITORAIS,2013-10-03,2013-10-03,Improcedente,TRIBUNAL PLENO,True,1,https://portal.stf.jus.br/processos/listarProcessos.asp?classe=AP&numeroProcesso=609
AP 611,2011-05-23,2014-09-30,DIREITO PENAL | CRIMES PREVISTOS NA LEGISLAÇÃO EXTRAVAGANTE | CRIMES CONTRA O MEIO AMBIENTE E O PATRIMÔNIO GENÉTICO,2014-09-30,2014-09-30,Improcedente,1ª TURMA,True,1,https://portal.stf.jus.br/processos/listarProcessos.asp?classe=AP&numeroProcesso=611
AP 612,2011-05-24,2014-05-22,DIREITO PENAL | CRIMES CONTRA O PATRIMÔNIO | ESTELIONATO,2014-05-22,2014-05-22,Improcedente,TRIBUNAL PLENO,True,1,https://portal.stf.jus.br/processos/listarProcessos.asp?classe=AP&numeroProcesso=612
AP 618,2011-06-09,2024-03-07,DIREITO PENAL | CRIMES PREVISTOS NA LEGISLAÇÃO EXTRAVAGANTE | CRIMES CONTRA O MEIO AMBIENTE E O PATRIMÔNIO GENÉTICO,2016-12-13,2016-12-13,Procedente em parte,2ª TURMA,True,1,https://portal.stf.jus.br/processos/listarProcessos.asp?classe=AP&numeroProcesso=618
AP 619,2011-06-10,2014-11-18,DIREITO PENAL | CRIMES CONTRA O PATRIMÔNIO | DANO,2014-11-18,2014-11-18,Improcedente,2ª TURMA,True,1,https://portal.stf.jus.br/processos/listarProcessos.asp?classe=AP&numeroProcesso=619
AP 633,2011-08-12,2013-10-24,DIREITO PENAL | CRIMES CONTRA A FÉ PÚBLICA | FALSIDADE IDEOLÓGICA,2013-10-24,2013-10-24,Improcedente,TRIBUNAL PLENO,True,1,https://portal.stf.jus.br/processos/listarProcessos.asp?classe=AP&numeroProcesso=633
AP 644,2011-09-27,2021-02-19,DIREITO PENAL | CRIMES PRATICADOS POR FUNCIONÁRIOS PÚBLICOS CONTRA A ADMINISTRAÇÃO EM GERAL | CORRUPÇÃO PASSIVA,2018-02-27,2018-02-27,Procedente em parte,2ª TURMA,True,1,https://portal.stf.jus.br/processos/listarProcessos.asp?classe=AP&numeroProcesso=644
AP 676,2012-04-03,2017-10-17,DIREITO PENAL | CRIMES PREVISTOS NA LEGISLAÇÃO EXTRAVAGANTE | CRIMES DA LEI DE LICITAÇÕES,2017-10-17,2017-10-17,Improcedente,1ª TURMA,True,1,https://portal.stf.jus.br/processos/listarProcessos.asp?classe=AP&numeroProcesso=676
AP 678,2012-04-11,2014-11-18,DIREITO PENAL | CRIMES PRATICADOS POR FUNCIONÁRIOS PÚBLICOS CONTRA A ADMINISTRAÇÃO EM GERAL | PECULATO,2014-11-18,2014-11-18,Improcedente,1ª TURMA,True,1,https://portal.stf.jus.br/processos/listarProcessos.asp?classe=AP&numeroProcesso=678
AP 679,2012-04-12,2014-02-06,"DIREITO PENAL | CRIMES PREVISTOS NA LEGISLAÇÃO EXTRAVAGANTE | RECUSA, RETARDAMENTO OU OMISSÃO DE DADOS TÉCNICOS INDISPENSÁVEIS À PROPOSITURA DE AÇÃO CIVIL PÚBLICA",2014-02-06,2014-02-06,Improcedente,TRIBUNAL PLENO,True,1,https://portal.stf.jus.br/processos/listarProcessos.asp?classe=AP&numeroProcesso=679
AP 683,2012-05-17,2016-08-09,DIREITO PENAL | CRIMES PREVISTOS NA LEGISLAÇÃO EXTRAVAGANTE | CRIMES DA LEI DE LICITAÇÕES,2016-08-09,2016-08-09,Improcedente,2ª TURMA,True,1,https://portal.stf.jus.br/processos/listarProcessos.asp?classe=AP&numeroProcesso=683
AP 689,2012-07-25,2014-05-08,DIREITO PENAL | CRIMES CONTRA O PATRIMÔNIO | APROPRIAÇÃO INDÉBITA PREVIDENCIÁRIA,2014-05-08,2014-05-08,Improcedente,TRIBUNAL PLENO,True,1,https://portal.stf.jus.br/processos/listarProcessos.asp?classe=AP&numeroProcesso=689
AP 694,2012-08-20,2020-08-24,DIREITO PENAL | CRIMES PRATICADOS POR PARTICULAR CONTRA A ADMINISTRAÇÃO EM GERAL | CORRUPÇÃO ATIVA,2017-05-02,2017-05-02,Procedente,1ª TURMA,True,1,https://portal.stf.jus.br/processos/listarProcessos.asp?classe=AP&numeroProcesso=694
AP 700,2012-11-05,2016-02-23,DIREITO PENAL | CRIMES PREVISTOS NA LEGISLAÇÃO EXTRAVAGANTE | CRIMES DA LEI DE LICITAÇÕES,2016-02-23,2016-02-23,Improcedente,2ª TURMA,True,1,https://portal.stf.jus.br/processos/listarProcessos.asp?classe=AP&numeroProcesso=700
AP 858,2013-10-15,2014-08-26,DIREITO PENAL | CRIMES CONTRA A FÉ PÚBLICA | USO DE DOCUMENTO FALSO,2014-08-26,2014-08-26,Improcedente,2ª TURMA,True,1,https://portal.stf.jus.br/processos/listarProcessos.asp?classe=AP&numeroProcesso=858
AP 863,2013-11-29,2025-06-05,DIREITO PENAL | CRIMES PREVISTOS NA LEGISLAÇÃO EXTRAVAGANTE | CRIMES CONTRA O SISTEMA FINANCEIRO NACIONAL,2017-05-23,2017-05-23,Procedente,1ª TURMA,True,1,https://portal.stf.jus.br/processos/listarProcessos.asp?classe=AP&numeroProcesso=863
AP 869,2014-04-08,2015-09-29,DIREITO PENAL | CRIMES CONTRA A LIBERDADE PESSOAL | AMEAÇA,2015-09-29,2015-09-29,Improcedente,2ª TURMA,True,1,https://portal.stf.jus.br/processos/listarProcessos.asp?classe=AP&numeroProcesso=869
AP 880,2014-08-08,2017-09-19,DIREITO PENAL | CRIMES PREVISTOS NA LEGISLAÇÃO EXTRAVAGANTE | CRIMES ELEITORAIS,2017-09-19,2017-09-19,Improcedente,1ª TURMA,True,1,https://portal.stf.jus.br/processos/listarProcessos.asp?classe=AP&numeroProcesso=880
AP 883,2014-09-19,2018-03-20,DIREITO PENAL,2018-03-20,2018-03-20,Improcedente,1ª TURMA,True,1,https://portal.stf.jus.br/processos/listarProcessos.asp?classe=AP&numeroProcesso=883
AP 892,2014-11-04,2020-11-17,DIREITO PENAL | CRIMES PREVISTOS NA LEGISLAÇÃO EXTRAVAGANTE | CRIMES CONTRA O SISTEMA FINANCEIRO NACIONAL,2019-02-26,2019-02-26,Procedente,1ª TURMA,True,1,https://portal.stf.jus.br/processos/listarProcessos.asp?classe=AP&numeroProcesso=892
AP 896,2014-11-19,2018-10-09,DIREITO PENAL | CRIMES PREVISTOS NA LEGISLAÇÃO EXTRAVAGANTE | CRIMES ELEITORAIS | FALSO ELEITORAL,2018-10-09,2018-10-09,Improcedente,1ª TURMA,True,1,https://portal.stf.jus.br/processos/listarProcessos.asp?classe=AP&numeroProcesso=896
AP 898,2014-11-27,2016-04-12,DIREITO ADMINISTRATIVO E OUTRAS MATÉRIAS DE DIREITO PÚBLICO | ATOS ADMINISTRATIVOS | IMPROBIDADE ADMINISTRATIVA,2016-04-12,2016-04-12,Improcedente,2ª TURMA,True,1,https://portal.stf.jus.br/processos/listarProcessos.asp?classe=AP&numeroProcesso=898
AP 908,2015-02-13,2016-11-08,DIREITO PENAL | CRIMES CONTRA A ADMINISTRAÇÃO DA JUSTIÇA | DENUNCIAÇÃO CALUNIOSA,2016-11-08,2016-11-08,Improcedente,1ª TURMA,True,1,https://portal.stf.jus.br/processos/listarProcessos.asp?classe=AP&numeroProcesso=908
AP 916,2015-03-05,2022-08-10,DIREITO PENAL | CRIMES PRATICADOS POR FUNCIONÁRIOS PÚBLICOS CONTRA A ADMINISTRAÇÃO EM GERAL | PECULATO,2016-05-17,2016-05-17,Procedente,1ª TURMA,True,1,https://portal.stf.jus.br/processos/listarProcessos.asp?classe=AP&numeroProcesso=916
AP 917,2015-03-09,2016-06-07,DIREITO PENAL | CRIMES PREVISTOS NA LEGISLAÇÃO EXTRAVAGANTE | CRIMES CONTRA O SISTEMA FINANCEIRO NACIONAL,2016-06-07,2016-06-07,Improcedente,2ª TURMA,True,1,https://portal.stf.jus.br/processos/listarProcessos.asp?classe=AP&numeroProcesso=917
AP 921,2015-03-19,2017-06-20,DIREITO PENAL | CRIMES PREVISTOS NA LEGISLAÇÃO EXTRAVAGANTE | CRIMES DE RESPONSABILIDADE,2017-06-20,2017-06-20,Improcedente,1ª TURMA,True,1,https://portal.stf.jus.br/processos/listarProcessos.asp?classe=AP&numeroProcesso=921
AP 924,2015-03-23,2017-08-08,DIREITO PENAL | CRIMES PRATICADOS POR FUNCIONÁRIOS PÚBLICOS CONTRA A ADMINISTRAÇÃO EM GERAL | PECULATO,2017-08-08,2017-08-08,Improcedente,2ª TURMA,True,1,https://portal.stf.jus.br/processos/listarProcessos.asp?classe=AP&numeroProcesso=924
AP 931,2015-04-20,2017-06-06,DIREITO PENAL | CRIMES CONTRA A FÉ PÚBLICA | FALSIDADE IDEOLÓGICA,2017-06-06,2017-06-06,Improcedente,1ª TURMA,True,1,https://portal.stf.jus.br/processos/listarProcessos.asp?classe=AP&numeroProcesso=931
AP 932,2015-04-22,2016-02-16,DIREITO PENAL | CRIMES CONTRA A PAZ PÚBLICA | QUADRILHA OU BANDO,2016-02-16,2016-02-16,Improcedente,1ª TURMA,True,1,https://portal.stf.jus.br/processos/listarProcessos.asp?classe=AP&numeroProcesso=932
AP 935,2015-04-30,2019-05-08,DIREITO PENAL | CRIMES PREVISTOS NA LEGISLAÇÃO EXTRAVAGANTE | CRIMES CONTRA O SISTEMA FINANCEIRO NACIONAL,2018-02-27,2018-02-27,Procedente em parte,1ª TURMA,True,1,https://portal.stf.jus.br/processos/listarProcessos.asp?classe=AP&numeroProcesso=935
AP 940,2015-05-26,2025-07-15,DIREITO PENAL | CRIMES PREVISTOS NA LEGISLAÇÃO EXTRAVAGANTE | CRIMES ELEITORAIS,2022-04-04,2022-04-04,Improcedente,TRIBUNAL PLENO,True,1,https://portal.stf.jus.br/processos/listarProcessos.asp?classe=AP&numeroProcesso=940
AP 943,2015-06-05,2017-05-02,DIREITO PENAL | CRIMES PREVISTOS NA LEGISLAÇÃO EXTRAVAGANTE | CRIMES DE RESPONSABILIDADE,2017-05-02,2017-05-02,Improcedente,1ª TURMA,True,1,https://portal.stf.jus.br/processos/listarProcessos.asp?classe=AP&numeroProcesso=943
AP 946,2015-06-08,2018-11-16,DIREITO PENAL | CRIMES PREVISTOS NA LEGISLAÇÃO EXTRAVAGANTE | CRIMES DA LEI DE LICITAÇÕES,2016-08-30,2016-08-30,Procedente,1ª TURMA,True,1,https://portal.stf.jus.br/processos/listarProcessos.asp?classe=AP&numeroProcesso=946
AP 954,2015-07-31,2017-08-29,DIREITO PENAL MILITAR | CRIMES CONTRA A AUTORIDADE OU DISCIPLINA MILITAR |MOTIM E REVOLTA,2017-08-29,2017-08-29,Improcedente,1ª TURMA,True,1,https://portal.stf.jus.br/processos/listarProcessos.asp?classe=AP&numeroProcesso=954
AP 958,2015-08-24,2018-02-27,DIREITO PENAL | CRIMES PREVISTOS NA LEGISLAÇÃO EXTRAVAGANTE | CRIMES DA LEI DE LICITAÇÕES,2018-02-27,2018-02-27,Improcedente,2ª TURMA,True,1,https://portal.stf.jus.br/processos/listarProcessos.asp?classe=AP&numeroProcesso=958
AP 960,2015-08-26,2017-06-13,DIREITO ELEITORAL | CRIMES ELEITORAIS | CRIMES CONTRA A FÉ PÚBLICA ELEITORAL |FALSIDADE IDEOLÓGICA,2017-06-13,2017-06-13,Improcedente,1ª TURMA,True,1,https://portal.stf.jus.br/processos/listarProcessos.asp?classe=AP&numeroProcesso=960
AP 962,2015-10-07,2019-06-04,DIREITO PENAL | CRIMES PRATICADOS POR FUNCIONÁRIOS PÚBLICOS CONTRA A ADMINISTRAÇÃO EM GERAL | PECULATO,2019-06-04,2019-06-04,Improcedente,1ª TURMA,True,1,https://portal.stf.jus.br/processos/listarProcessos.asp?classe=AP&numeroProcesso=962
AP 965,2015-11-03,2025-01-27,DIREITO PENAL | CRIMES PREVISTOS NA LEGISLAÇÃO EXTRAVAGANTE | CRIMES CONTRA O SISTEMA FINANCEIRO NACIONAL,2020-06-08,2020-06-08,Procedente em parte,1ª TURMA,True,1,https://portal.stf.jus.br/processos/listarProcessos.asp?classe=AP&numeroProcesso=965
AP 967,2015-11-17,2016-12-13,DIREITO PENAL | CRIMES CONTRA A LIBERDADE PESSOAL | AMEAÇA,2016-12-13,2016-12-13,Improcedente,2ª TURMA,True,1,https://portal.stf.jus.br/processos/listarProcessos.asp?classe=AP&numeroProcesso=967
AP 968,2015-11-17,2021-08-16,DIREITO PENAL | CRIMES PREVISTOS NA LEGISLAÇÃO EXTRAVAGANTE | CRIMES ELEITORAIS,2018-05-22,2018-05-22,Procedente em parte,1ª TURMA,True,1,https://portal.stf.jus.br/processos/listarProcessos.asp?classe=AP&numeroProcesso=968
AP 973,2016-02-12,2021-11-24,DIREITO PENAL | CRIMES PREVISTOS NA LEGISLAÇÃO EXTRAVAGANTE | CRIMES DE RESPONSABILIDADE,2021-09-29,2021-09-29,Procedente,TRIBUNAL PLENO,True,1,https://portal.stf.jus.br/processos/listarProcessos.asp?classe=AP&numeroProcesso=973
AP 974,2016-02-12,2022-08-05,DIREITO PENAL | CRIMES CONTRA A PAZ PÚBLICA | QUADRILHA OU BANDO,2021-09-29,2021-09-29,Procedente,TRIBUNAL PLENO,True,1,https://portal.stf.jus.br/processos/listarProcessos.asp?classe=AP&numeroProcesso=974
AP 976,2016-02-25,2020-02-18,DIREITO PENAL | CRIMES PRATICADOS POR FUNCIONÁRIOS PÚBLICOS CONTRA A ADMINISTRAÇÃO EM GERAL | EMPREGO IRREGULAR DE VERBAS OU RENDAS PÚBLICAS,2020-02-18,2020-02-18,Improcedente,1ª TURMA,True,1,https://portal.stf.jus.br/processos/listarProcessos.asp?classe=AP&numeroProcesso=976
AP 977,2016-02-26,2016-08-03,DIREITO PENAL | CRIMES PRATICADOS POR FUNCIONÁRIOS PÚBLICOS CONTRA A ADMINISTRAÇÃO EM GERAL | EMPREGO IRREGULAR DE VERBAS OU RENDAS PÚBLICAS,2016-08-03,2016-08-03,Improcedente,2ª TURMA,True,1,https://portal.stf.jus.br/processos/listarProcessos.asp?classe=AP&numeroProcesso=977
AP 984,2016-06-09,2020-06-08,DIREITO PENAL | CRIMES PREVISTOS NA LEGISLAÇÃO EXTRAVAGANTE | CRIMES DE RESPONSABILIDADE,2019-06-11,2019-06-11,Procedente,1ª TURMA,True,1,https://portal.stf.jus.br/processos/listarProcessos.asp?classe=AP&numeroProcesso=984
AP 987,2016-06-16,2018-09-25,DIREITO PENAL | CRIMES CONTRA A FÉ PÚBLICA | FALSIDADE IDEOLÓGICA,2018-09-25,2018-09-25,Improcedente,2ª TURMA,True,1,https://portal.stf.jus.br/processos/listarProcessos.asp?classe=AP&numeroProcesso=987
AP 996,2016-10-27,2020-12-07,"DIREITO PENAL | CRIMES PREVISTOS NA LEGISLAÇÃO EXTRAVAGANTE | CRIMES DE ""LAVAGEM"" OU OCULTAÇÃO DE BENS, DIREITOS OU VALORES",2018-05-29,2018-05-29,Procedente em parte,2ª TURMA,True,1,https://portal.stf.jus.br/processos/listarProcessos.asp?classe=AP&numeroProcesso=996
AP 1002,2017-02-17,2024-09-18,"DIREITO PENAL | CRIMES PREVISTOS NA LEGISLAÇÃO EXTRAVAGANTE | CRIMES DE ""LAVAGEM"" OU OCULTAÇÃO DE BENS, DIREITOS OU VALORES",2020-06-10,2020-06-10,Procedente em parte,2ª TURMA,True,1,https://portal.stf.jus.br/processos/listarProcessos.asp?classe=AP&numeroProcesso=1002
AP 1003,2017-02-24,2018-09-13,"DIREITO PENAL | CRIMES PREVISTOS NA LEGISLAÇÃO EXTRAVAGANTE | CRIMES DE ""LAVAGEM"" OU OCULTAÇÃO DE BENS, DIREITOS OU VALORES",2018-06-19,2018-06-19,Improcedente,2ª TURMA,True,1,https://portal.stf.jus.br/processos/listarProcessos.asp?classe=AP&numeroProcesso=1003
AP 1006,2017-04-26,2018-06-12,DIREITO PENAL,2018-06-12,2018-06-12,Improcedente,1ª TURMA,True,1,https://portal.stf.jus.br/processos/listarProcessos.asp?classe=AP&numeroProcesso=1006
AP 1014,2017-06-21,2019-11-25,DIREITO PENAL | CRIMES PRATICADOS POR FUNCIONÁRIOS PÚBLICOS CONTRA A ADMINISTRAÇÃO EM GERAL | CORRUPÇÃO PASSIVA,2019-05-28,2019-05-28,Improcedente,1ª TURMA,True,1,https://portal.stf.jus.br/processos/listarProcessos.asp?classe=AP&numeroProcesso=1014
AP 1015,2017-06-29,2024-09-13,"DIREITO PENAL | CRIMES PREVISTOS NA LEGISLAÇÃO EXTRAVAGANTE | CRIMES DE ""LAVAGEM"" OU OCULTAÇÃO DE BENS, DIREITOS OU VALORES",2020-11-11,2020-11-11,Procedente em parte,2ª TURMA,True,1,https://portal.stf.jus.br/processos/listarProcessos.asp?classe=AP&numeroProcesso=1015
AP 1018,2017-09-15,2018-09-18,DIREITO PENAL | CRIMES PRATICADOS POR FUNCIONÁRIOS PÚBLICOS CONTRA A ADMINISTRAÇÃO EM GERAL | PECULATO,2018-09-18,2018-09-18,Improcedente,2ª TURMA,True,1,https://portal.stf.jus.br/processos/listarProcessos.asp?classe=AP&numeroProcesso=1018
AP 1019,2017-09-26,2021-10-19,DIREITO PENAL | CRIMES PRATICADOS POR FUNCIONÁRIOS PÚBLICOS CONTRA A ADMINISTRAÇÃO EM GERAL | CORRUPÇÃO PASSIVA,2020-08-24,2020-08-24,Improcedente,2ª TURMA,True,1,https://portal.stf.jus.br/processos/listarProcessos.asp?classe=AP&numeroProcesso=1019
AP 1021,2017-10-25,2024-03-21,DIREITO PENAL | CRIMES CONTRA A HONRA | DIFAMAÇÃO,2020-08-19,2020-08-19,Procedente,1ª TURMA,True,1,https://portal.stf.jus.br/processos/listarProcessos.asp?classe=AP&numeroProcesso=1021
AP 1025,2018-03-14,2026-08-03,DIREITO PENAL | CRIMES PRATICADOS POR FUNCIONÁRIOS PÚBLICOS CONTRA A ADMINISTRAÇÃO EM GERAL | CORRUPÇÃO PASSIVA,2023-06-01,2023-06-01,Procedente em parte,TRIBUNAL PLENO,True,1,https://portal.stf.jus.br/processos/listarProcessos.asp?classe=AP&numeroProcesso=1025
AP 1030,2018-06-18,2022-09-05,"DIREITO PENAL | CRIMES PREVISTOS NA LEGISLAÇÃO EXTRAVAGANTE | CRIMES DE ""LAVAGEM"" OU OCULTAÇÃO DE BENS, DIREITOS OU VALORES",2019-10-23,2019-10-23,Procedente em parte,2ª TURMA,True,1,https://portal.stf.jus.br/processos/listarProcessos.asp?classe=AP&numeroProcesso=1030
AP 1032,2018-11-05,2022-04-22,"DIREITO PENAL | CRIMES PREVISTOS NA LEGISLAÇÃO EXTRAVAGANTE | CRIMES DE ""LAVAGEM"" OU OCULTAÇÃO DE BENS, DIREITOS OU VALORES",2022-04-22,2022-04-22,Improcedente,TRIBUNAL PLENO,True,1,https://portal.stf.jus.br/processos/listarProcessos.asp?classe=AP&numeroProcesso=1032
AP 1036,2019-03-21,2023-09-25,DIREITO PENAL | CRIMES PRATICADOS POR FUNCIONÁRIOS PÚBLICOS CONTRA A ADMINISTRAÇÃO EM GERAL | CORRUPÇÃO PASSIVA,2023-09-25,2023-09-25,Improcedente,TRIBUNAL PLENO,True,1,https://portal.stf.jus.br/processos/listarProcessos.asp?classe=AP&numeroProcesso=1036
AP 1044,2021-06-23,2023-04-03,DIREITO PROCESSUAL PENAL | INVESTIGAÇÃO PENAL,2022-04-20,2022-04-20,Procedente em parte,TRIBUNAL PLENO,True,1,https://portal.stf.jus.br/processos/listarProcessos.asp?classe=AP&numeroProcesso=1044
AP 1993,2023-07-27,2025-06-16,DIREITO PROCESSUAL PENAL | AÇÃO PENA,2025-06-16,2025-06-16,Procedente,TRIBUNAL PLENO,True,1,https://portal.stf.jus.br/processos/listarProcessos.asp?classe=AP&numeroProcesso=1993
AP 2330,2023-09-05,2025-06-25,DIREITO PROCESSUAL PENAL | INVESTIGAÇÃO PENAL,2025-02-04,2025-02-04,Procedente,TRIBUNAL PLENO,True,1,https://portal.stf.jus.br/processos/listarProcessos.asp?classe=AP&numeroProcesso=2330
AP 2331,2023-09-12,2025-05-13,DIREITO PROCESSUAL PENAL | INVESTIGAÇÃO PENAL,2024-07-01,2024-07-01,Procedente,TRIBUNAL PLENO,True,1,https://portal.stf.jus.br/processos/listarProcessos.asp?classe=AP&numeroProcesso=2331
AP 307,1993-06-01,2003-09-03,CRIME CONTRA A ADMINISTRAÇÃO PÚBLICA | CORRUPÇÃO | PRESIDENTE DA REPÚBLICA E OUTROS,,,,,False,2,https://portal.stf.jus.br/processos/listarProcessos.asp?classe=AP&numeroProcesso=307
AP 313,1994-04-26,2003-12-15,DIREITO PENAL | CRIMES CONTRA O PATRIMÔNIO | APROPRIAÇÃO INDÉBITA,,,,,False,2,https://portal.stf.jus.br/processos/listarProcessos.asp?classe=AP&numeroProcesso=313
AP 322,2002-02-28,2007-06-20,DIREITO PENAL | CRIMES PRATICADOS POR FUNCIONÁRIOS PÚBLICOS CONTRA A ADMINISTRAÇÃO EM GERAL | PECULATO,,,,,False,2,https://portal.stf.jus.br/processos/listarProcessos.asp?classe=AP&numeroProcesso=322
AP 323,2002-03-15,2003-08-13,*NI*,,,,,False,2,https://portal.stf.jus.br/processos/listarProcessos.asp?classe=AP&numeroProcesso=323
AP 324,2002-04-09,2004-11-24,CRIME CONTRA A PESSOA | HONRA | DIFAMAÇÃO E INJÚRIA,,,,,False,2,https://portal.stf.jus.br/processos/listarProcessos.asp?classe=AP&numeroProcesso=324
AP 326,2002-04-25,2003-06-06,DIREITO PENAL | CRIMES PREVISTOS NA LEGISLAÇÃO EXTRAVAGANTE | CRIMES ELEITORAIS,,,,,False,2,https://portal.stf.jus.br/processos/listarProcessos.asp?classe=AP&numeroProcesso=326
AP 328,2002-05-31,2004-03-24,*NI*,,,,,False,2,https://portal.stf.jus.br/processos/listarProcessos.asp?classe=AP&numeroProcesso=328
AP 331,2002-08-12,2003-10-29,DIREITO PENAL | CRIMES PREVISTOS NA LEGISLAÇÃO EXTRAVAGANTE | CRIMES CONTRA A ORDEM TRIBUTÁRIA,,,,,False,2,https://portal.stf.jus.br/processos/listarProcessos.asp?classe=AP&numeroProcesso=331
AP 332,2002-10-10,2007-08-23,CRIME MILITAR | REVOLTA,,,,,False,2,https://portal.stf.jus.br/processos/listarProcessos.asp?classe=AP&numeroProcesso=332
AP 333,2002-10-23,2007-12-05,DIREITO PENAL | CRIMES PREVISTOS NA LEGISLAÇÃO EXTRAVAGANTE | CRIMES DE IMPRENSA,,,,,False,2,https://portal.stf.jus.br/processos/listarProcessos.asp?classe=AP&numeroProcesso=333
AP 334,2002-11-07,2003-02-07,CRIME ELEITORAL | DESCUMPRIMENTO DE ORDEM JUDICIAL,,,,,False,2,https://portal.stf.jus.br/processos/listarProcessos.asp?classe=AP&numeroProcesso=334
AP 335,2003-04-09,2003-05-14,DIREITO PENAL | CRIMES PRATICADOS POR PARTICULAR CONTRA A ADMINISTRAÇÃO EM GERAL | DESACATO,,,,,False,2,https://portal.stf.jus.br/processos/listarProcessos.asp?classe=AP&numeroProcesso=335
AP 336,2003-05-23,2004-09-01,DIREITO PENAL | CRIMES PRATICADOS POR FUNCIONÁRIOS PÚBLICOS CONTRA A ADMINISTRAÇÃO EM GERAL | EMPREGO IRREGULAR DE VERBAS OU RENDAS PÚBLICAS,,,,,False,2,https://portal.stf.jus.br/processos/listarProcessos.asp?classe=AP&numeroProcesso=336
AP 337,2003-06-04,2003-12-02,DIREITO PENAL | CRIMES PREVISTOS NA LEGISLAÇÃO EXTRAVAGANTE | CRIMES ELEITORAIS,,,,,False,2,https://portal.stf.jus.br/processos/listarProcessos.asp?classe=AP&numeroProcesso=337
AP 338,2003-06-04,2007-06-19,DIREITO PENAL | CRIMES PREVISTOS NA LEGISLAÇÃO EXTRAVAGANTE | CRIMES DE RESPONSABILIDADE,,,,,False,2,https://portal.stf.jus.br/processos/listarProcessos.asp?classe=AP&numeroProcesso=338
AP 339,2003-06-17,2011-02-15,DIREITO PENAL | CRIMES PREVISTOS NA LEGISLAÇÃO EXTRAVAGANTE | CRIMES CONTRA O SISTEMA FINANCEIRO NACIONAL,,,,,False,2,https://portal.stf.jus.br/processos/listarProcessos.asp?classe=AP&numeroProcesso=339
AP 340,2003-06-25,2005-03-31,DIREITO PENAL | CRIMES CONTRA O PATRIMÔNIO | DANO,,,,,False,2,https://portal.stf.jus.br/processos/listarProcessos.asp?classe=AP&numeroProcesso=340
AP 341,2003-08-07,2015-08-25,DIREITO PENAL | CRIMES PREVISTOS NA LEGISLAÇÃO EXTRAVAGANTE | CRIMES DE RESPONSABILIDADE,,,,,False,2,https://portal.stf.jus.br/processos/listarProcessos.asp?classe=AP&numeroProcesso=341
AP 342,2003-08-18,2003-11-18,DIREITO PENAL | CRIMES PREVISTOS NA LEGISLAÇÃO EXTRAVAGANTE | CRIMES MILITARES | PECULATO,,,,,False,2,https://portal.stf.jus.br/processos/listarProcessos.asp?classe=AP&numeroProcesso=342
AP 343,2003-08-18,2005-11-03,"DIREITO PENAL | CRIMES CONTRA A INVIOLABILIDADE DE CORRESPONDÊNCIA | VIOLAÇÃO DE COMUNICAÇÃO TELEGRÁFICA, RADIOELÉTRICA OU TELEFÔNICA",,,,,False,2,https://portal.stf.jus.br/processos/listarProcessos.asp?classe=AP&numeroProcesso=343
AP 345,2003-08-22,2017-08-04,DIREITO PENAL | CRIMES PREVISTOS NA LEGISLAÇÃO EXTRAVAGANTE | CRIMES CONTRA A ORDEM TRIBUTÁRIA,,,,,False,2,https://portal.stf.jus.br/processos/listarProcessos.asp?classe=AP&numeroProcesso=345
AP 346,2003-08-28,2004-06-24,DIREITO PENAL | CRIMES PREVISTOS NA LEGISLAÇÃO EXTRAVAGANTE | CRIMES DE IMPRENSA,,,,,False,2,https://portal.stf.jus.br/processos/listarProcessos.asp?classe=AP&numeroProcesso=346
AP 348,2003-09-11,2006-12-15,DIREITO PENAL | CRIMES PRATICADOS POR FUNCIONÁRIOS PÚBLICOS CONTRA A ADMINISTRAÇÃO EM GERAL,,,,,False,2,https://portal.stf.jus.br/processos/listarProcessos.asp?classe=AP&numeroProcesso=348
AP 349,2003-09-11,2007-05-31,DIREITO PENAL | CRIMES PREVISTOS NA LEGISLAÇÃO EXTRAVAGANTE | CRIMES CONTRA O MEIO AMBIENTE E O PATRIMÔNIO GENÉTICO | CRIMES CONTRA A FLORA,,,,,False,2,https://portal.stf.jus.br/processos/listarProcessos.asp?classe=AP&numeroProcesso=349
AP 350,2003-09-18,2003-12-12,CRIME ELEITORAL | DIFAMAÇÃO,,,,,False,2,https://portal.stf.jus.br/processos/listarProcessos.asp?classe=AP&numeroProcesso=350
AP 351,2003-09-25,2007-04-27,CRIME CONTRA A FÉ PÚBLICA | EMISSÃO DE LETRAS FINANCEIRAS,,,,,False,2,https://portal.stf.jus.br/processos/listarProcessos.asp?classe=AP&numeroProcesso=351
AP 352,2003-09-26,2015-02-03,DIREITO PENAL | CRIMES PREVISTOS NA LEGISLAÇÃO EXTRAVAGANTE | CRIMES CONTRA A ORDEM TRIBUTÁRIA,,,,,False,2,https://portal.stf.jus.br/processos/listarProcessos.asp?classe=AP&numeroProcesso=352
AP 353,2003-09-26,2008-10-24,DIREITO PENAL | CRIMES PREVISTOS NA LEGISLAÇÃO EXTRAVAGANTE | CRIMES CONTRA O SISTEMA FINANCEIRO NACIONAL,,,,,False,2,https://portal.stf.jus.br/processos/listarProcessos.asp?classe=AP&numeroProcesso=353
AP 354,2003-10-02,2004-10-27,DIREITO PENAL | CRIMES CONTRA A HONRA | DIFAMAÇÃO,,,,,False,2,https://portal.stf.jus.br/processos/listarProcessos.asp?classe=AP&numeroProcesso=354
AP 355,2003-10-07,2004-02-19,DIREITO ADMINISTRATIVO E OUTRAS MATÉRIAS DE DIREITO PÚBLICO | AGENTES POLÍTICOS | PREFEITO,,,,,False,2,https://portal.stf.jus.br/processos/listarProcessos.asp?classe=AP&numeroProcesso=355
AP 356,2003-10-23,2006-02-08,DIREITO PENAL | CRIMES PREVISTOS NA LEGISLAÇÃO EXTRAVAGANTE | CRIMES ELEITORAIS | CAPTAÇÃO ILÍCITA DE VOTOS OU CORRUPÇÃO ELEITORAL,,,,,False,2,https://portal.stf.jus.br/processos/listarProcessos.asp?classe=AP&numeroProcesso=356
AP 358,2003-10-23,2018-08-06,DIREITO PENAL | CRIMES PRATICADOS POR FUNCIONÁRIOS PÚBLICOS CONTRA A ADMINISTRAÇÃO EM GERAL | PECULATO,,,,,False,2,https://portal.stf.jus.br/processos/listarProcessos.asp?classe=AP&numeroProcesso=358
AP 357,2003-11-13,2011-03-25,DIREITO PENAL | CRIMES PRATICADOS POR FUNCIONÁRIOS PÚBLICOS CONTRA A ADMINISTRAÇÃO EM GERAL | PECULATO,,,,,False,2,https://portal.stf.jus.br/processos/listarProcessos.asp?classe=AP&numeroProcesso=357
AP 359,2003-12-02,2003-12-03,DIREITO PENAL | CRIMES PREVISTOS NA LEGISLAÇÃO EXTRAVAGANTE | CRIMES DE IMPRENSA,,,,,False,2,https://portal.stf.jus.br/processos/listarProcessos.asp?classe=AP&numeroProcesso=359
AP 360,2003-12-02,2009-07-07,DIREITO PENAL | CRIMES CONTRA A VIDA,,,,,False,2,https://portal.stf.jus.br/processos/listarProcessos.asp?classe=AP&numeroProcesso=360
AP 361,2003-12-02,2006-03-30,DIREITO PENAL | CRIMES PREVISTOS NA LEGISLAÇÃO EXTRAVAGANTE | CRIMES DE RESPONSABILIDADE,,,,,False,2,https://portal.stf.jus.br/processos/listarProcessos.asp?classe=AP&numeroProcesso=361
AP 362,2003-12-11,2004-02-13,CRIME CONTRA A PESSOA | HONRA | INJÚRIA,,,,,False,2,https://portal.stf.jus.br/processos/listarProcessos.asp?classe=AP&numeroProcesso=362
AP 363,2003-12-16,2007-03-30,CRIME ELEITORAL | PECULATO E CONCUSSÃO | DOAÇÃO DE CAMPANHA ELEITORAL,,,,,False,2,https://portal.stf.jus.br/processos/listarProcessos.asp?classe=AP&numeroProcesso=363
AP 364,2003-12-17,2011-10-19,DIREITO PENAL | CRIMES PRATICADOS POR FUNCIONÁRIOS PÚBLICOS CONTRA A ADMINISTRAÇÃO EM GERAL | EMPREGO IRREGULAR DE VERBAS OU RENDAS PÚBLICAS,,,,,False,2,https://portal.stf.jus.br/processos/listarProcessos.asp?classe=AP&numeroProcesso=364
AP 365,2004-01-30,2006-03-30,DIREITO PENAL | CRIMES PRATICADOS POR FUNCIONÁRIOS PÚBLICOS CONTRA A ADMINISTRAÇÃO EM GERAL | PECULATO,,,,,False,2,https://portal.stf.jus.br/processos/listarProcessos.asp?classe=AP&numeroProcesso=365
AP 366,2004-02-10,2006-08-30,DIREITO PENAL | CRIMES PREVISTOS NA LEGISLAÇÃO EXTRAVAGANTE | CRIMES ELEITORAIS | CAPTAÇÃO ILÍCITA DE VOTOS OU CORRUPÇÃO ELEITORAL,,,,,False,2,https://portal.stf.jus.br/processos/listarProcessos.asp?classe=AP&numeroProcesso=366
AP 368,2004-02-18,2008-02-27,DIREITO PENAL | CRIMES CONTRA A HONRA | INJÚRIA,,,,,False,2,https://portal.stf.jus.br/processos/listarProcessos.asp?classe=AP&numeroProcesso=368
AP 369,2004-03-03,2007-08-21,DIREITO PENAL | CRIMES PREVISTOS NA LEGISLAÇÃO EXTRAVAGANTE | CRIMES DE IMPRENSA,,,,,False,2,https://portal.stf.jus.br/processos/listarProcessos.asp?classe=AP&numeroProcesso=369
AP 370,2004-03-03,2007-03-29,DIREITO PENAL | CRIMES PREVISTOS NA LEGISLAÇÃO EXTRAVAGANTE | CRIMES ELEITORAIS | CAPTAÇÃO ILÍCITA DE VOTOS OU CORRUPÇÃO ELEITORAL,,,,,False,2,https://portal.stf.jus.br/processos/listarProcessos.asp?classe=AP&numeroProcesso=370
AP 371,2004-03-30,2004-05-12,DIREITO DA CRIANÇA E DO ADOLESCENTE | ATO INFRACIONAL | CONTRA A FÉ PÚBLICA | ADULTERAÇÃO DE SINAL IDENTIFICADOR DE VEÍCULO AUTOMOTOR,,,,,False,2,https://portal.stf.jus.br/processos/listarProcessos.asp?classe=AP&numeroProcesso=371
AP 373,2004-06-18,2005-03-10,DIREITO PENAL | CRIMES CONTRA A ADMINISTRAÇÃO DA JUSTIÇA | FALSO TESTEMUNHO OU FALSA PERÍCIA,,,,,False,2,https://portal.stf.jus.br/processos/listarProcessos.asp?classe=AP&numeroProcesso=373
AP 374,2004-06-21,2017-04-05,DIREITO PENAL | CRIMES PRATICADOS POR FUNCIONÁRIOS PÚBLICOS CONTRA A ADMINISTRAÇÃO EM GERAL | EMPREGO IRREGULAR DE VERBAS OU RENDAS PÚBLICAS,,,,,False,2,https://portal.stf.jus.br/processos/listarProcessos.asp?classe=AP&numeroProcesso=374
AP 375,2004-06-29,2004-10-27,DIREITO PENAL | CRIMES PRATICADOS POR FUNCIONÁRIOS PÚBLICOS CONTRA A ADMINISTRAÇÃO EM GERAL | PECULATO,,,,,False,2,https://portal.stf.jus.br/processos/listarProcessos.asp?classe=AP&numeroProcesso=375
AP 378,2004-08-10,2006-05-05,DIREITO PENAL | CRIMES PREVISTOS NA LEGISLAÇÃO EXTRAVAGANTE | CRIMES ELEITORAIS | CAPTAÇÃO ILÍCITA DE VOTOS OU CORRUPÇÃO ELEITORAL,,,,,False,2,https://portal.stf.jus.br/processos/listarProcessos.asp?classe=AP&numeroProcesso=378
AP 380,2004-09-22,2007-10-09,CRIME CONTRA A ADMINISTRAÇÃO PÚBLICA | CONCUSSÃO | EXCESSO DE EXAÇÃO,,,,,False,2,https://portal.stf.jus.br/processos/listarProcessos.asp?classe=AP&numeroProcesso=380
AP 381,2004-10-20,2007-04-11,DIREITO PENAL | CRIMES CONTRA O PATRIMÔNIO | DANO,,,,,False,2,https://portal.stf.jus.br/processos/listarProcessos.asp?classe=AP&numeroProcesso=381
AP 382,2004-10-20,2007-04-11,DIREITO PENAL | CRIMES PREVISTOS NA LEGISLAÇÃO EXTRAVAGANTE | CRIMES CONTRA A ORDEM TRIBUTÁRIA,,,,,False,2,https://portal.stf.jus.br/processos/listarProcessos.asp?classe=AP&numeroProcesso=382
AP 383,2004-10-21,2018-05-08,DIREITO PENAL | CRIMES PREVISTOS NA LEGISLAÇÃO EXTRAVAGANTE | CRIMES CONTRA O SISTEMA FINANCEIRO NACIONAL,,,,,False,2,https://portal.stf.jus.br/processos/listarProcessos.asp?classe=AP&numeroProcesso=383
AP 385,2004-11-22,2004-12-20,DIREITO PENAL | CRIMES CONTRA O PATRIMÔNIO | ESTELIONATO,,,,,False,2,https://portal.stf.jus.br/processos/listarProcessos.asp?classe=AP&numeroProcesso=385
AP 386,2004-12-03,2009-07-21,DIREITO PENAL | CRIMES CONTRA A HONRA | CALÚNIA,,,,,False,2,https://portal.stf.jus.br/processos/listarProcessos.asp?classe=AP&numeroProcesso=386
AP 387,2004-12-13,2005-09-22,DIREITO PROCESSUAL PENAL | JURISDIÇÃO E COMPETÊNCIA,,,,,False,2,https://portal.stf.jus.br/processos/listarProcessos.asp?classe=AP&numeroProcesso=387
AP 388,2004-12-15,2005-04-28,DIREITO PENAL | CRIMES PREVISTOS NA LEGISLAÇÃO EXTRAVAGANTE | CRIMES CONTRA A ORDEM TRIBUTÁRIA,,,,,False,2,https://portal.stf.jus.br/processos/listarProcessos.asp?classe=AP&numeroProcesso=388
AP 389,2005-01-06,2005-12-07,DIREITO PENAL | CRIMES CONTRA A INCOLUMIDADE PÚBLICA | INCÊNDIO,,,,,False,2,https://portal.stf.jus.br/processos/listarProcessos.asp?classe=AP&numeroProcesso=389
AP 390,2005-02-15,2007-06-04,CRIME CONTRA O SISTEMA FINANCEIRO NACIONAL | APLICAÇÃO DE RECURSOS | FINANCIAMENTO CONCEDIDO PELO BNDES,,,,,False,2,https://portal.stf.jus.br/processos/listarProcessos.asp?classe=AP&numeroProcesso=390
AP 392,2005-05-02,2006-11-10,DIREITO PENAL | CRIMES PREVISTOS NA LEGISLAÇÃO EXTRAVAGANTE | CRIMES CONTRA A ORDEM TRIBUTÁRIA,,,,,False,2,https://portal.stf.jus.br/processos/listarProcessos.asp?classe=AP&numeroProcesso=392
AP 393,2005-06-15,2007-04-09,DIREITO PENAL | CRIMES PREVISTOS NA LEGISLAÇÃO EXTRAVAGANTE | CRIMES CONTRA A ORDEM TRIBUTÁRIA,,,,,False,2,https://portal.stf.jus.br/processos/listarProcessos.asp?classe=AP&numeroProcesso=393
AP 394,2005-06-29,2005-10-28,DIREITO PENAL | CRIMES CONTRA A FÉ PÚBLICA | FALSIDADE IDEOLÓGICA,,,,,False,2,https://portal.stf.jus.br/processos/listarProcessos.asp?classe=AP&numeroProcesso=394
AP 397,2005-08-29,2015-09-02,DIREITO PENAL | CRIMES CONTRA A FÉ PÚBLICA | FALSIDADE IDEOLÓGICA,,,,,False,2,https://portal.stf.jus.br/processos/listarProcessos.asp?classe=AP&numeroProcesso=397
AP 398,2005-10-13,2015-09-01,DIREITO PENAL | CRIMES PRATICADOS POR FUNCIONÁRIOS PÚBLICOS CONTRA A ADMINISTRAÇÃO EM GERAL | PECULATO,,,,,False,2,https://portal.stf.jus.br/processos/listarProcessos.asp?classe=AP&numeroProcesso=398
AP 399,2005-11-24,2014-02-28,DIREITO PENAL | CRIMES PRATICADOS POR FUNCIONÁRIOS PÚBLICOS CONTRA A ADMINISTRAÇÃO EM GERAL | PECULATO,,,,,False,2,https://portal.stf.jus.br/processos/listarProcessos.asp?classe=AP&numeroProcesso=399
AP 400,2006-01-09,2006-08-31,*NI*,,,,,False,2,https://portal.stf.jus.br/processos/listarProcessos.asp?classe=AP&numeroProcesso=400
AP 401,2006-02-14,2007-03-28,DIREITO PENAL | CRIMES PRATICADOS POR PARTICULAR CONTRA A ADMINISTRAÇÃO EM GERAL | CORRUPÇÃO ATIVA,,,,,False,2,https://portal.stf.jus.br/processos/listarProcessos.asp?classe=AP&numeroProcesso=401
AP 402,2006-02-24,2007-04-17,DIREITO PENAL | CRIMES PRATICADOS POR FUNCIONÁRIOS PÚBLICOS CONTRA A ADMINISTRAÇÃO EM GERAL | PECULATO,,,,,False,2,https://portal.stf.jus.br/processos/listarProcessos.asp?classe=AP&numeroProcesso=402
AP 404,2006-05-15,2014-09-23,DIREITO PENAL | CRIMES CONTRA A FÉ PÚBLICA | FALSIFICAÇÃO DE DOCUMENTO PÚBLICO,,,,,False,2,https://portal.stf.jus.br/processos/listarProcessos.asp?classe=AP&numeroProcesso=404
AP 405,2006-06-19,2006-08-25,DIREITO PENAL | CRIMES PREVISTOS NA LEGISLAÇÃO EXTRAVAGANTE | CRIMES CONTRA O MEIO AMBIENTE E O PATRIMÔNIO GENÉTICO,,,,,False,2,https://portal.stf.jus.br/processos/listarProcessos.asp?classe=AP&numeroProcesso=405
AP 406,2006-06-30,2006-08-23,DIREITO PENAL | LESÃO CORPORAL,,,,,False,2,https://portal.stf.jus.br/processos/listarProcessos.asp?classe=AP&numeroProcesso=406
AP 407,2006-07-07,2007-02-01,DIREITO PENAL | CRIMES PRATICADOS POR FUNCIONÁRIOS PÚBLICOS CONTRA A ADMINISTRAÇÃO EM GERAL | CORRUPÇÃO PASSIVA,,,,,False,2,https://portal.stf.jus.br/processos/listarProcessos.asp?classe=AP&numeroProcesso=407
AP 408,2006-08-25,2007-04-19,DIREITO PENAL | CRIMES PREVISTOS NA LEGISLAÇÃO EXTRAVAGANTE | CRIMES ELEITORAIS,,,,,False,2,https://portal.stf.jus.br/processos/listarProcessos.asp?classe=AP&numeroProcesso=408
AP 410,2006-10-05,2015-02-03,DIREITO PENAL | CRIMES PREVISTOS NA LEGISLAÇÃO EXTRAVAGANTE | CRIMES CONTRA A ORDEM TRIBUTÁRIA,,,,,False,2,https://portal.stf.jus.br/processos/listarProcessos.asp?classe=AP&numeroProcesso=410
AP 411,2006-11-16,2007-04-11,DIREITO PENAL | CRIMES PREVISTOS NA LEGISLAÇÃO EXTRAVAGANTE | CRIMES ELEITORAIS | BOCA DE URNA,,,,,False,2,https://portal.stf.jus.br/processos/listarProcessos.asp?classe=AP&numeroProcesso=411
AP 412,2006-11-16,2007-04-11,DIREITO PENAL | CRIMES CONTRA O PATRIMÔNIO | APROPRIAÇÃO INDÉBITA PREVIDENCIÁRIA,,,,,False,2,https://portal.stf.jus.br/processos/listarProcessos.asp?classe=AP&numeroProcesso=412
AP 413,2006-11-28,2008-02-14,DIREITO PENAL | CRIMES PRATICADOS POR FUNCIONÁRIOS PÚBLICOS CONTRA A ADMINISTRAÇÃO EM GERAL | PECULATO,,,,,False,2,https://portal.stf.jus.br/processos/listarProcessos.asp?classe=AP&numeroProcesso=413
AP 414,2006-12-18,2007-10-25,DIREITO CIVIL | COISAS | PROPRIEDADE | DIVISÃO E DEMARCAÇÃO,,,,,False,2,https://portal.stf.jus.br/processos/listarProcessos.asp?classe=AP&numeroProcesso=414
AP 415,2007-02-14,2013-08-29,DIREITO PENAL | CRIMES PREVISTOS NA LEGISLAÇÃO EXTRAVAGANTE | CRIMES DE IMPRENSA,,,,,False,2,https://portal.stf.jus.br/processos/listarProcessos.asp?classe=AP&numeroProcesso=415
AP 417,2007-04-11,2015-02-05,DIREITO AMBIENTAL,,,,,False,2,https://portal.stf.jus.br/processos/listarProcessos.asp?classe=AP&numeroProcesso=417
AP 418,2007-04-11,2011-02-17,DIREITO PENAL | CRIMES PREVISTOS NA LEGISLAÇÃO EXTRAVAGANTE | CRIMES DE RESPONSABILIDADE,,,,,False,2,https://portal.stf.jus.br/processos/listarProcessos.asp?classe=AP&numeroProcesso=418
AP 420,2007-04-19,2013-12-05,DIREITO PENAL | CRIMES PREVISTOS NA LEGISLAÇÃO EXTRAVAGANTE | CRIMES CONTRA O SISTEMA FINANCEIRO NACIONAL,,,,,False,2,https://portal.stf.jus.br/processos/listarProcessos.asp?classe=AP&numeroProcesso=420
AP 422,2007-05-02,2008-03-27,DIREITO PENAL | CRIMES PREVISTOS NA LEGISLAÇÃO EXTRAVAGANTE | CRIMES CONTRA A ORDEM TRIBUTÁRIA,,,,,False,2,https://portal.stf.jus.br/processos/listarProcessos.asp?classe=AP&numeroProcesso=422
AP 423,2007-05-02,2007-10-31,DIREITO PENAL | CRIMES PREVISTOS NA LEGISLAÇÃO EXTRAVAGANTE | CRIMES DE RESPONSABILIDADE,,,,,False,2,https://portal.stf.jus.br/processos/listarProcessos.asp?classe=AP&numeroProcesso=423
AP 424,2007-05-03,2009-03-18,DIREITO PENAL | CRIMES PREVISTOS NA LEGISLAÇÃO EXTRAVAGANTE | CRIMES DE IMPRENSA,,,,,False,2,https://portal.stf.jus.br/processos/listarProcessos.asp?classe=AP&numeroProcesso=424
AP 425,2007-05-03,2015-07-15,DIREITO PENAL | CRIMES PREVISTOS NA LEGISLAÇÃO EXTRAVAGANTE | CRIMES ELEITORAIS,,,,,False,2,https://portal.stf.jus.br/processos/listarProcessos.asp?classe=AP&numeroProcesso=425
AP 428,2007-05-14,2008-06-12,DIREITO PENAL | CRIMES PREVISTOS NA LEGISLAÇÃO EXTRAVAGANTE | CRIMES ELEITORAIS | CALÚNIA,,,,,False,2,https://portal.stf.jus.br/processos/listarProcessos.asp?classe=AP&numeroProcesso=428
AP 429,2007-06-12,2010-03-04,DIREITO PENAL | CRIMES PREVISTOS NA LEGISLAÇÃO EXTRAVAGANTE | CRIMES CONTRA O SISTEMA FINANCEIRO NACIONAL,,,,,False,2,https://portal.stf.jus.br/processos/listarProcessos.asp?classe=AP&numeroProcesso=429
AP 431,2007-06-22,2011-02-02,DIREITO PENAL | CRIMES PRATICADOS POR FUNCIONÁRIOS PÚBLICOS CONTRA A ADMINISTRAÇÃO EM GERAL | PECULATO,,,,,False,2,https://portal.stf.jus.br/processos/listarProcessos.asp?classe=AP&numeroProcesso=431
AP 434,2007-06-25,2011-02-09,DIREITO PENAL | CRIMES PREVISTOS NA LEGISLAÇÃO EXTRAVAGANTE | CRIMES DE RESPONSABILIDADE,,,,,False,2,https://portal.stf.jus.br/processos/listarProcessos.asp?classe=AP&numeroProcesso=434
AP 435,2007-06-26,2018-04-13,DIREITO PENAL | CRIMES PRATICADOS POR FUNCIONÁRIOS PÚBLICOS CONTRA A ADMINISTRAÇÃO EM GERAL | PECULATO,,,,,False,2,https://portal.stf.jus.br/processos/listarProcessos.asp?classe=AP&numeroProcesso=435
AP 436,2007-06-29,2011-03-16,DIREITO PENAL | CRIMES CONTRA A FÉ PÚBLICA | FALSIFICAÇÃO DE DOCUMENTO PÚBLICO,,,,,False,2,https://portal.stf.jus.br/processos/listarProcessos.asp?classe=AP&numeroProcesso=436
AP 437,2007-07-03,2009-04-06,DIREITO PENAL | CRIMES PREVISTOS NA LEGISLAÇÃO EXTRAVAGANTE | CRIMES CONTRA O MEIO AMBIENTE E O PATRIMÔNIO GENÉTICO,,,,,False,2,https://portal.stf.jus.br/processos/listarProcessos.asp?classe=AP&numeroProcesso=437
AP 438,2007-07-03,2008-03-13,DIREITO PENAL | CRIMES CONTRA A HONRA | INJÚRIA,,,,,False,2,https://portal.stf.jus.br/processos/listarProcessos.asp?classe=AP&numeroProcesso=438
AP 524,2007-07-17,2015-07-01,DIREITO PENAL | CRIMES PREVISTOS NA LEGISLAÇÃO EXTRAVAGANTE | CRIMES DA LEI DE LICITAÇÕES,,,,,False,2,https://portal.stf.jus.br/processos/listarProcessos.asp?classe=AP&numeroProcesso=524
AP 442,2007-08-06,2013-03-13,DIREITO PENAL | CRIMES PREVISTOS NA LEGISLAÇÃO EXTRAVAGANTE | CRIMES CONTRA O MEIO AMBIENTE E O PATRIMÔNIO GENÉTICO | DA POLUIÇÃO,,,,,False,2,https://portal.stf.jus.br/processos/listarProcessos.asp?classe=AP&numeroProcesso=442
AP 443,2007-08-06,2007-10-17,DIREITO PROCESSUAL PENAL | JURISDIÇÃO E COMPETÊNCIA,,,,,False,2,https://portal.stf.jus.br/processos/listarProcessos.asp?classe=AP&numeroProcesso=443
AP 445,2007-08-08,2011-02-25,DIREITO PENAL | CRIMES PREVISTOS NA LEGISLAÇÃO EXTRAVAGANTE | CRIMES DA LEI DE LICITAÇÕES,,,,,False,2,https://portal.stf.jus.br/processos/listarProcessos.asp?classe=AP&numeroProcesso=445
AP 448,2007-08-10,2014-02-24,DIREITO PENAL | CRIMES PREVISTOS NA LEGISLAÇÃO EXTRAVAGANTE | CRIMES DE RESPONSABILIDADE,,,,,False,2,https://portal.stf.jus.br/processos/listarProcessos.asp?classe=AP&numeroProcesso=448
AP 449,2007-08-14,2007-11-14,DIREITO PENAL | CRIMES CONTRA A HONRA | DIFAMAÇÃO,,,,,False,2,https://portal.stf.jus.br/processos/listarProcessos.asp?classe=AP&numeroProcesso=449
AP 451,2007-08-27,2013-09-30,DIREITO PENAL | CRIMES PREVISTOS NA LEGISLAÇÃO EXTRAVAGANTE | CRIMES CONTRA A ORDEM TRIBUTÁRIA,,,,,False,3,https://portal.stf.jus.br/processos/listarProcessos.asp?classe=AP&numeroProcesso=451
AP 452,2007-09-14,2010-08-27,DIREITO PENAL | CRIMES PRATICADOS POR FUNCIONÁRIOS PÚBLICOS CONTRA A ADMINISTRAÇÃO EM GERAL | PECULATO,,,,,False,3,https://portal.stf.jus.br/processos/listarProcessos.asp?classe=AP&numeroProcesso=452
AP 453,2007-09-19,2010-08-27,DIREITO PENAL | CRIMES PRATICADOS POR FUNCIONÁRIOS PÚBLICOS CONTRA A ADMINISTRAÇÃO EM GERAL | PECULATO,,,,,False,3,https://portal.stf.jus.br/processos/listarProcessos.asp?classe=AP&numeroProcesso=453
AP 454,2007-09-19,2009-06-12,DIREITO PENAL | CRIMES CONTRA O PATRIMÔNIO | APROPRIAÇÃO INDÉBITA PREVIDENCIÁRIA,,,,,False,3,https://portal.stf.jus.br/processos/listarProcessos.asp?classe=AP&numeroProcesso=454
AP 455,2007-09-19,2008-06-11,DIREITO PENAL | CRIMES PREVISTOS NA LEGISLAÇÃO EXTRAVAGANTE | CRIMES DA LEI DE LICITAÇÕES,,,,,False,3,https://portal.stf.jus.br/processos/listarProcessos.asp?classe=AP&numeroProcesso=455
AP 456,2007-09-19,2010-08-27,DIREITO PENAL | CRIMES PRATICADOS POR FUNCIONÁRIOS PÚBLICOS CONTRA A ADMINISTRAÇÃO EM GERAL | PECULATO,,,,,False,3,https://portal.stf.jus.br/processos/listarProcessos.asp?classe=AP&numeroProcesso=456
AP 457,2007-09-20,2010-08-27,DIREITO PENAL | CRIMES PRATICADOS POR FUNCIONÁRIOS PÚBLICOS CONTRA A ADMINISTRAÇÃO EM GERAL | PECULATO,,,,,False,3,https://portal.stf.jus.br/processos/listarProcessos.asp?classe=AP&numeroProcesso=457
AP 459,2007-09-21,2010-08-27,DIREITO PENAL | CRIMES PRATICADOS POR FUNCIONÁRIOS PÚBLICOS CONTRA A ADMINISTRAÇÃO EM GERAL | PECULATO,,,,,False,3,https://portal.stf.jus.br/processos/listarProcessos.asp?classe=AP&numeroProcesso=459
AP 461,2007-09-26,2015-11-26,DIREITO PROCESSUAL PENAL | JURISDIÇÃO E COMPETÊNCIA,,,,,False,3,https://portal.stf.jus.br/processos/listarProcessos.asp?classe=AP&numeroProcesso=461
AP 463,2007-09-28,2009-05-25,DIREITO PENAL | CRIMES PREVISTOS NA LEGISLAÇÃO EXTRAVAGANTE | CRIMES CONTRA O MEIO AMBIENTE E O PATRIMÔNIO GENÉTICO,,,,,False,3,https://portal.stf.jus.br/processos/listarProcessos.asp?classe=AP&numeroProcesso=463
AP 464,2007-10-02,2016-04-26,DIREITO PENAL | CRIMES CONTRA O PATRIMÔNIO | APROPRIAÇÃO INDÉBITA,,,,,False,3,https://portal.stf.jus.br/processos/listarProcessos.asp?classe=AP&numeroProcesso=464
AP 466,2007-10-15,2011-04-01,DIREITO PENAL | CRIMES PREVISTOS NA LEGISLAÇÃO EXTRAVAGANTE | CRIMES DE RESPONSABILIDADE,,,,,False,3,https://portal.stf.jus.br/processos/listarProcessos.asp?classe=AP&numeroProcesso=466
AP 467,2007-10-17,2013-12-09,DIREITO PENAL | CRIMES PREVISTOS NA LEGISLAÇÃO EXTRAVAGANTE | CRIMES DE RESPONSABILIDADE,,,,,False,3,https://portal.stf.jus.br/processos/listarProcessos.asp?classe=AP&numeroProcesso=467
AP 468,2007-11-05,2010-08-27,DIREITO PENAL | CRIMES PRATICADOS POR FUNCIONÁRIOS PÚBLICOS CONTRA A ADMINISTRAÇÃO EM GERAL | PECULATO,,,,,False,3,https://portal.stf.jus.br/processos/listarProcessos.asp?classe=AP&numeroProcesso=468
AP 469,2007-11-07,2009-04-06,DIREITO PENAL | CRIMES PREVISTOS NA LEGISLAÇÃO EXTRAVAGANTE | CRIMES CONTRA O MEIO AMBIENTE E O PATRIMÔNIO GENÉTICO,,,,,False,3,https://portal.stf.jus.br/processos/listarProcessos.asp?classe=AP&numeroProcesso=469
AP 471,2007-11-19,2013-04-26,DIREITO PENAL | CRIMES PREVISTOS NA LEGISLAÇÃO EXTRAVAGANTE | CRIMES ELEITORAIS | CAPTAÇÃO ILÍCITA DE VOTOS OU CORRUPÇÃO ELEITORAL,,,,,False,3,https://portal.stf.jus.br/processos/listarProcessos.asp?classe=AP&numeroProcesso=471
AP 473,2007-12-12,2008-03-28,DIREITO PENAL | CRIMES CONTRA A FÉ PÚBLICA | FALSIFICAÇÃO DE DOCUMENTO PÚBLICO,,,,,False,3,https://portal.stf.jus.br/processos/listarProcessos.asp?classe=AP&numeroProcesso=473
AP 475,2007-12-14,2011-03-30,DIREITO ADMINISTRATIVO E OUTRAS MATÉRIAS DE DIREITO PÚBLICO | SERVIÇOS | CONCESSÃO / PERMISSÃO / AUTORIZAÇÃO | RADIODIFUSÃO,,,,,False,3,https://portal.stf.jus.br/processos/listarProcessos.asp?classe=AP&numeroProcesso=475
AP 477,2008-03-18,2015-10-06,DIREITO PENAL | CRIMES PREVISTOS NA LEGISLAÇÃO EXTRAVAGANTE | CRIMES CONTRA O SISTEMA FINANCEIRO NACIONAL,,,,,False,3,https://portal.stf.jus.br/processos/listarProcessos.asp?classe=AP&numeroProcesso=477
AP 478,2008-03-28,2020-08-05,DIREITO PENAL | CRIMES PREVISTOS NA LEGISLAÇÃO EXTRAVAGANTE | CRIMES DE IMPRENSA,,,,,False,3,https://portal.stf.jus.br/processos/listarProcessos.asp?classe=AP&numeroProcesso=478
AP 479,2008-04-03,2011-05-12,DIREITO PENAL | CRIMES PREVISTOS NA LEGISLAÇÃO EXTRAVAGANTE | CRIMES DE RESPONSABILIDADE,,,,,False,3,https://portal.stf.jus.br/processos/listarProcessos.asp?classe=AP&numeroProcesso=479
AP 483,2008-04-22,2009-08-06,DIREITO PROCESSUAL PENAL | JURISDIÇÃO E COMPETÊNCIA,,,,,False,3,https://portal.stf.jus.br/processos/listarProcessos.asp?classe=AP&numeroProcesso=483
AP 484,2008-04-30,2015-02-03,DIREITO PENAL | CRIMES PREVISTOS NA LEGISLAÇÃO EXTRAVAGANTE | CRIMES DE RESPONSABILIDADE,,,,,False,3,https://portal.stf.jus.br/processos/listarProcessos.asp?classe=AP&numeroProcesso=484
AP 485,2008-05-13,2010-08-27,DIREITO PENAL | CRIMES PRATICADOS POR FUNCIONÁRIOS PÚBLICOS CONTRA A ADMINISTRAÇÃO EM GERAL | PECULATO,,,,,False,3,https://portal.stf.jus.br/processos/listarProcessos.asp?classe=AP&numeroProcesso=485
AP 486,2008-05-21,2012-12-17,DIREITO ADMINISTRATIVO E OUTRAS MATÉRIAS DE DIREITO PÚBLICO | AGENTES POLÍTICOS | PREFEITO,,,,,False,3,https://portal.stf.jus.br/processos/listarProcessos.asp?classe=AP&numeroProcesso=486
AP 487,2008-05-21,2011-02-17,DIREITO PENAL | CRIMES PREVISTOS NA LEGISLAÇÃO EXTRAVAGANTE | CRIMES DA LEI DE LICITAÇÕES,,,,,False,3,https://portal.stf.jus.br/processos/listarProcessos.asp?classe=AP&numeroProcesso=487
AP 488,2008-05-23,2011-05-19,DIREITO PENAL | CRIMES PRATICADOS POR FUNCIONÁRIOS PÚBLICOS CONTRA A ADMINISTRAÇÃO EM GERAL | PECULATO,,,,,False,3,https://portal.stf.jus.br/processos/listarProcessos.asp?classe=AP&numeroProcesso=488
AP 490,2008-06-30,2009-10-26,DIREITO PENAL | CRIMES CONTRA O PATRIMÔNIO | APROPRIAÇÃO INDÉBITA PREVIDENCIÁRIA,,,,,False,3,https://portal.stf.jus.br/processos/listarProcessos.asp?classe=AP&numeroProcesso=490
AP 491,2008-07-07,2015-02-03,DIREITO PENAL | CRIMES PRATICADOS POR FUNCIONÁRIOS PÚBLICOS CONTRA A ADMINISTRAÇÃO EM GERAL | PREVARICAÇÃO,,,,,False,3,https://portal.stf.jus.br/processos/listarProcessos.asp?classe=AP&numeroProcesso=491
AP 492,2008-07-08,2011-02-01,DIREITO PENAL | CRIMES PREVISTOS NA LEGISLAÇÃO EXTRAVAGANTE | CRIMES ELEITORAIS | CAPTAÇÃO ILÍCITA DE VOTOS OU CORRUPÇÃO ELEITORAL,,,,,False,3,https://portal.stf.jus.br/processos/listarProcessos.asp?classe=AP&numeroProcesso=492
AP 493,2008-07-17,2015-03-11,DIREITO PENAL | CRIMES PREVISTOS NA LEGISLAÇÃO EXTRAVAGANTE | CRIMES DA LEI DE LICITAÇÕES,,,,,False,3,https://portal.stf.jus.br/processos/listarProcessos.asp?classe=AP&numeroProcesso=493
AP 494,2008-08-07,2010-06-16,DIREITO PENAL | CRIMES PRATICADOS POR FUNCIONÁRIOS PÚBLICOS CONTRA A ADMINISTRAÇÃO EM GERAL | PECULATO,,,,,False,3,https://portal.stf.jus.br/processos/listarProcessos.asp?classe=AP&numeroProcesso=494
AP 496,2008-08-27,2010-05-13,DIREITO PENAL | CRIMES PREVISTOS NA LEGISLAÇÃO EXTRAVAGANTE | CRIMES CONTRA AS TELECOMUNICAÇÕES,,,,,False,3,https://portal.stf.jus.br/processos/listarProcessos.asp?classe=AP&numeroProcesso=496
AP 498,2008-09-08,2015-10-27,DIREITO PENAL | CRIMES PRATICADOS POR FUNCIONÁRIOS PÚBLICOS CONTRA A ADMINISTRAÇÃO EM GERAL | PECULATO,,,,,False,3,https://portal.stf.jus.br/processos/listarProcessos.asp?classe=AP&numeroProcesso=498
AP 499,2008-09-25,2015-02-05,DIREITO PENAL | LESÃO CORPORAL,,,,,False,3,https://portal.stf.jus.br/processos/listarProcessos.asp?classe=AP&numeroProcesso=499
AP 500,2008-09-25,2010-08-27,DIREITO PENAL | CRIMES PRATICADOS POR FUNCIONÁRIOS PÚBLICOS CONTRA A ADMINISTRAÇÃO EM GERAL | PECULATO,,,,,False,3,https://portal.stf.jus.br/processos/listarProcessos.asp?classe=AP&numeroProcesso=500
AP 501,2008-11-04,2011-09-20,DIREITO PENAL | CRIMES PREVISTOS NA LEGISLAÇÃO EXTRAVAGANTE | CRIMES DE RESPONSABILIDADE,,,,,False,3,https://portal.stf.jus.br/processos/listarProcessos.asp?classe=AP&numeroProcesso=501
AP 502,2008-11-25,2009-02-27,DIREITO PENAL | CRIMES CONTRA AS FINANÇAS PÚBLICAS | ASSUNÇÃO DE OBRIGAÇÃO NO ÚLTIMO ANO DO MANDATO OU LEGISLATURA,,,,,False,3,https://portal.stf.jus.br/processos/listarProcessos.asp?classe=AP&numeroProcesso=502
AP 504,2008-12-12,2016-08-09,DIREITO PENAL | CRIMES PRATICADOS POR FUNCIONÁRIOS PÚBLICOS CONTRA A ADMINISTRAÇÃO EM GERAL | PECULATO,,,,,False,3,https://portal.stf.jus.br/processos/listarProcessos.asp?classe=AP&numeroProcesso=504
AP 505,2008-12-18,2010-08-27,DIREITO PENAL | CRIMES PRATICADOS POR FUNCIONÁRIOS PÚBLICOS CONTRA A ADMINISTRAÇÃO EM GERAL | PECULATO,,,,,False,3,https://portal.stf.jus.br/processos/listarProcessos.asp?classe=AP&numeroProcesso=505
AP 506,2008-12-18,2010-08-27,DIREITO PENAL | CRIMES PRATICADOS POR FUNCIONÁRIOS PÚBLICOS CONTRA A ADMINISTRAÇÃO EM GERAL | PECULATO,,,,,False,3,https://portal.stf.jus.br/processos/listarProcessos.asp?classe=AP&numeroProcesso=506
AP 507,2009-02-20,2010-04-22,DIREITO PENAL | CRIMES PREVISTOS NA LEGISLAÇÃO EXTRAVAGANTE | CRIMES CONTRA O MEIO AMBIENTE E O PATRIMÔNIO GENÉTICO,,,,,False,3,https://portal.stf.jus.br/processos/listarProcessos.asp?classe=AP&numeroProcesso=507
AP 508,2009-02-27,2025-08-25,DIREITO PENAL | CRIMES PRATICADOS POR FUNCIONÁRIOS PÚBLICOS CONTRA A ADMINISTRAÇÃO EM GERAL | CORRUPÇÃO PASSIVA,,,,,False,3,https://portal.stf.jus.br/processos/listarProcessos.asp?classe=AP&numeroProcesso=508
AP 509,2009-03-05,2009-06-29,DIREITO PENAL | CRIMES CONTRA O PATRIMÔNIO | EXTORSÃO,,,,,False,3,https://portal.stf.jus.br/processos/listarProcessos.asp?classe=AP&numeroProcesso=509
AP 510,2009-04-28,2015-02-18,DIREITO PENAL | CRIMES PRATICADOS POR PARTICULAR CONTRA A ADMINISTRAÇÃO EM GERAL | TRÁFICO DE INFLUÊNCIA,,,,,False,3,https://portal.stf.jus.br/processos/listarProcessos.asp?classe=AP&numeroProcesso=510
AP 511,2009-04-29,2009-11-26,DIREITO PENAL | CRIMES CONTRA A HONRA | INJÚRIA,,,,,False,3,https://portal.stf.jus.br/processos/listarProcessos.asp?classe=AP&numeroProcesso=511
AP 513,2009-05-22,2009-11-26,DIREITO PENAL | CRIMES PREVISTOS NA LEGISLAÇÃO EXTRAVAGANTE | CRIMES DO SISTEMA NACIONAL DE ARMAS,,,,,False,3,https://portal.stf.jus.br/processos/listarProcessos.asp?classe=AP&numeroProcesso=513
AP 525,2009-05-27,2011-02-14,DIREITO PENAL | CRIMES PRATICADOS POR PARTICULAR CONTRA A ADMINISTRAÇÃO EM GERAL | CORRUPÇÃO ATIVA,,,,,False,3,https://portal.stf.jus.br/processos/listarProcessos.asp?classe=AP&numeroProcesso=525
AP 514,2009-06-01,2011-02-01,DIREITO PENAL | CRIMES CONTRA A HONRA,,,,,False,3,https://portal.stf.jus.br/processos/listarProcessos.asp?classe=AP&numeroProcesso=514
AP 515,2009-06-16,2011-03-09,DIREITO PENAL | CRIMES PREVISTOS NA LEGISLAÇÃO EXTRAVAGANTE | CRIMES DE TRÂNSITO,,,,,False,3,https://portal.stf.jus.br/processos/listarProcessos.asp?classe=AP&numeroProcesso=515
AP 517,2009-06-26,2015-02-03,DIREITO PENAL | CRIMES PREVISTOS NA LEGISLAÇÃO EXTRAVAGANTE | CRIMES DE RESPONSABILIDADE,,,,,False,3,https://portal.stf.jus.br/processos/listarProcessos.asp?classe=AP&numeroProcesso=517
AP 518,2009-06-29,2015-02-03,DIREITO PENAL | CRIMES PREVISTOS NA LEGISLAÇÃO EXTRAVAGANTE | CRIMES DE RESPONSABILIDADE,,,,,False,3,https://portal.stf.jus.br/processos/listarProcessos.asp?classe=AP&numeroProcesso=518
AP 519,2009-07-21,2011-04-07,DIREITO PENAL | CRIMES CONTRA A HONRA | DIFAMAÇÃO,,,,,False,3,https://portal.stf.jus.br/processos/listarProcessos.asp?classe=AP&numeroProcesso=519
AP 520,2009-10-06,2018-05-10,DIREITO PENAL | CRIMES PRATICADOS POR FUNCIONÁRIOS PÚBLICOS CONTRA A ADMINISTRAÇÃO EM GERAL | PECULATO,,,,,False,3,https://portal.stf.jus.br/processos/listarProcessos.asp?classe=AP&numeroProcesso=520
AP 526,2010-02-02,2010-03-23,DIREITO PENAL | CRIMES PREVISTOS NA LEGISLAÇÃO EXTRAVAGANTE | CRIMES ELEITORAIS | CAPTAÇÃO ILÍCITA DE VOTOS OU CORRUPÇÃO ELEITORAL,,,,,False,3,https://portal.stf.jus.br/processos/listarProcessos.asp?classe=AP&numeroProcesso=526
AP 529,2010-03-12,2010-06-04,DIREITO PENAL | CRIMES PREVISTOS NA LEGISLAÇÃO EXTRAVAGANTE | CRIMES ELEITORAIS,,,,,False,3,https://portal.stf.jus.br/processos/listarProcessos.asp?classe=AP&numeroProcesso=529
AP 530,2010-03-19,2018-12-12,DIREITO PENAL | CRIMES CONTRA A FÉ PÚBLICA | FALSIDADE IDEOLÓGICA,,,,,False,3,https://portal.stf.jus.br/processos/listarProcessos.asp?classe=AP&numeroProcesso=530
AP 533,2010-04-08,2011-02-08,DIREITO PENAL | CRIMES PREVISTOS NA LEGISLAÇÃO EXTRAVAGANTE | CRIMES DE RESPONSABILIDADE,,,,,False,3,https://portal.stf.jus.br/processos/listarProcessos.asp?classe=AP&numeroProcesso=533
AP 534,2010-04-27,2011-02-16,DIREITO PENAL | CRIMES PRATICADOS POR FUNCIONÁRIOS PÚBLICOS CONTRA A ADMINISTRAÇÃO EM GERAL | PECULATO,,,,,False,3,https://portal.stf.jus.br/processos/listarProcessos.asp?classe=AP&numeroProcesso=534
AP 535,2010-05-11,2011-06-01,DIREITO PENAL | CRIMES PREVISTOS NA LEGISLAÇÃO EXTRAVAGANTE | CRIMES DE RESPONSABILIDADE,,,,,False,3,https://portal.stf.jus.br/processos/listarProcessos.asp?classe=AP&numeroProcesso=535
AP 536,2010-05-13,2014-03-27,DIREITO PENAL | CRIMES PRATICADOS POR FUNCIONÁRIOS PÚBLICOS CONTRA A ADMINISTRAÇÃO EM GERAL | PECULATO,,,,,False,3,https://portal.stf.jus.br/processos/listarProcessos.asp?classe=AP&numeroProcesso=536
AP 537,2010-05-18,2010-10-26,DIREITO PENAL | CRIMES CONTRA A PAZ PÚBLICA | QUADRILHA OU BANDO,,,,,False,3,https://portal.stf.jus.br/processos/listarProcessos.asp?classe=AP&numeroProcesso=537
AP 538,2010-05-19,2015-02-13,DIREITO PENAL | CRIMES PRATICADOS POR FUNCIONÁRIOS PÚBLICOS CONTRA A ADMINISTRAÇÃO EM GERAL | PECULATO,,,,,False,3,https://portal.stf.jus.br/processos/listarProcessos.asp?classe=AP&numeroProcesso=538
AP 542,2010-06-30,2020-02-17,DIREITO PENAL | CRIMES PRATICADOS POR FUNCIONÁRIOS PÚBLICOS CONTRA A ADMINISTRAÇÃO EM GERAL | PECULATO,,,,,False,3,https://portal.stf.jus.br/processos/listarProcessos.asp?classe=AP&numeroProcesso=542
AP 543,2010-08-13,2011-02-25,DIREITO PENAL | CRIMES CONTRA O PATRIMÔNIO | APROPRIAÇÃO INDÉBITA PREVIDENCIÁRIA,,,,,False,3,https://portal.stf.jus.br/processos/listarProcessos.asp?classe=AP&numeroProcesso=543
AP 545,2010-08-26,2012-12-17,DIREITO PENAL | CRIMES PREVISTOS NA LEGISLAÇÃO EXTRAVAGANTE | CRIMES ELEITORAIS,,,,,False,3,https://portal.stf.jus.br/processos/listarProcessos.asp?classe=AP&numeroProcesso=545
AP 548,2010-10-05,2011-02-22,DIREITO PENAL | CRIMES PREVISTOS NA LEGISLAÇÃO EXTRAVAGANTE | CRIMES DE RESPONSABILIDADE,,,,,False,3,https://portal.stf.jus.br/processos/listarProcessos.asp?classe=AP&numeroProcesso=548
AP 549,2010-10-05,2015-09-02,DIREITO PENAL | CRIMES PRATICADOS POR FUNCIONÁRIOS PÚBLICOS CONTRA A ADMINISTRAÇÃO EM GERAL | EMPREGO IRREGULAR DE VERBAS OU RENDAS PÚBLICAS,,,,,False,3,https://portal.stf.jus.br/processos/listarProcessos.asp?classe=AP&numeroProcesso=549
AP 550,2010-11-10,2011-02-16,DIREITO PENAL | CRIMES PRATICADOS POR PARTICULAR CONTRA A ADMINISTRAÇÃO EM GERAL | CORRUPÇÃO ATIVA,,,,,False,3,https://portal.stf.jus.br/processos/listarProcessos.asp?classe=AP&numeroProcesso=550
AP 552,2010-11-12,2012-03-23,DIREITO PENAL | CRIMES PRATICADOS POR FUNCIONÁRIOS PÚBLICOS CONTRA A ADMINISTRAÇÃO EM GERAL | CORRUPÇÃO PASSIVA,,,,,False,3,https://portal.stf.jus.br/processos/listarProcessos.asp?classe=AP&numeroProcesso=552
AP 553,2010-11-23,2011-03-03,DIREITO PROCESSUAL PENAL | INVESTIGAÇÃO PENAL,,,,,False,3,https://portal.stf.jus.br/processos/listarProcessos.asp?classe=AP&numeroProcesso=553
AP 557,2011-01-20,2014-10-22,DIREITO PENAL | CRIMES CONTRA A FÉ PÚBLICA | FALSIDADE IDEOLÓGICA,,,,,False,3,https://portal.stf.jus.br/processos/listarProcessos.asp?classe=AP&numeroProcesso=557
AP 558,2011-01-20,2015-05-25,DIREITO PENAL | CRIMES PREVISTOS NA LEGISLAÇÃO EXTRAVAGANTE | CRIMES DE RESPONSABILIDADE,,,,,False,3,https://portal.stf.jus.br/processos/listarProcessos.asp?classe=AP&numeroProcesso=558
AP 561,2011-01-21,2015-02-03,DIREITO PENAL | CRIMES PREVISTOS NA LEGISLAÇÃO EXTRAVAGANTE | CRIMES DA LEI DE LICITAÇÕES,,,,,False,3,https://portal.stf.jus.br/processos/listarProcessos.asp?classe=AP&numeroProcesso=561
AP 562,2011-01-31,2018-05-09,DIREITO PENAL | CRIMES PREVISTOS NA LEGISLAÇÃO EXTRAVAGANTE | CRIMES ELEITORAIS | CAPTAÇÃO ILÍCITA DE VOTOS OU CORRUPÇÃO ELEITORAL,,,,,False,3,https://portal.stf.jus.br/processos/listarProcessos.asp?classe=AP&numeroProcesso=562
AP 563,2011-02-02,2026-09-08,DIREITO PENAL | CRIMES PRATICADOS POR FUNCIONÁRIOS PÚBLICOS CONTRA A ADMINISTRAÇÃO EM GERAL | VIOLAÇÃO DO SIGILO FUNCIONAL,,,,,False,3,https://portal.stf.jus.br/processos/listarProcessos.asp?classe=AP&numeroProcesso=563
AP 566,2011-02-10,2015-02-09,DIREITO PENAL | CRIMES PRATICADOS POR FUNCIONÁRIOS PÚBLICOS CONTRA A ADMINISTRAÇÃO EM GERAL | PECULATO,,,,,False,3,https://portal.stf.jus.br/processos/listarProcessos.asp?classe=AP&numeroProcesso=566
AP 567,2011-02-14,2013-11-21,DIREITO PENAL | CRIMES PREVISTOS NA LEGISLAÇÃO EXTRAVAGANTE | CRIMES ELEITORAIS | FALSO ELEITORAL,,,,,False,3,https://portal.stf.jus.br/processos/listarProcessos.asp?classe=AP&numeroProcesso=567
AP 568,2011-02-17,2015-04-14,DIREITO PENAL | CRIMES PREVISTOS NA LEGISLAÇÃO EXTRAVAGANTE | CRIMES DA LEI DE LICITAÇÕES,,,,,False,3,https://portal.stf.jus.br/processos/listarProcessos.asp?classe=AP&numeroProcesso=568
AP 569,2011-02-17,2016-06-21,DIREITO PENAL | CRIMES PRATICADOS POR FUNCIONÁRIOS PÚBLICOS CONTRA A ADMINISTRAÇÃO EM GERAL | EMPREGO IRREGULAR DE VERBAS OU RENDAS PÚBLICAS,,,,,False,3,https://portal.stf.jus.br/processos/listarProcessos.asp?classe=AP&numeroProcesso=569
AP 570,2011-02-18,2013-10-25,DIREITO PENAL | CRIMES CONTRA A FÉ PÚBLICA | USO DE DOCUMENTO FALSO,,,,,False,3,https://portal.stf.jus.br/processos/listarProcessos.asp?classe=AP&numeroProcesso=570
AP 571,2011-02-22,2011-12-01,DIREITO DA CRIANÇA E DO ADOLESCENTE | ATO INFRACIONAL | PREVISTOS NA LEGISLAÇÃO EXTRAVAGANTE | CONTRA O MEIO AMBIENTE,,,,,False,3,https://portal.stf.jus.br/processos/listarProcessos.asp?classe=AP&numeroProcesso=571
AP 573,2011-02-28,2014-10-13,DIREITO PENAL | CRIMES PRATICADOS POR FUNCIONÁRIOS PÚBLICOS CONTRA A ADMINISTRAÇÃO EM GERAL,,,,,False,3,https://portal.stf.jus.br/processos/listarProcessos.asp?classe=AP&numeroProcesso=573
AP 574,2011-03-02,2015-02-03,DIREITO PENAL | CRIMES PREVISTOS NA LEGISLAÇÃO EXTRAVAGANTE | CRIMES DE RESPONSABILIDADE,,,,,False,3,https://portal.stf.jus.br/processos/listarProcessos.asp?classe=AP&numeroProcesso=574
AP 575,2011-03-02,2015-02-04,DIREITO PENAL | CRIMES PREVISTOS NA LEGISLAÇÃO EXTRAVAGANTE | CRIMES DA LEI DE LICITAÇÕES,,,,,False,3,https://portal.stf.jus.br/processos/listarProcessos.asp?classe=AP&numeroProcesso=575
AP 576,2011-03-02,2015-02-23,DIREITO PENAL | CRIMES PREVISTOS NA LEGISLAÇÃO EXTRAVAGANTE | CRIMES DA LEI DE LICITAÇÕES,,,,,False,3,https://portal.stf.jus.br/processos/listarProcessos.asp?classe=AP&numeroProcesso=576
AP 577,2011-03-09,2018-09-11,DIREITO PENAL | CRIMES PREVISTOS NA LEGISLAÇÃO EXTRAVAGANTE | CRIMES ELEITORAIS,,,,,False,3,https://portal.stf.jus.br/processos/listarProcessos.asp?classe=AP&numeroProcesso=577
AP 578,2011-03-14,2015-02-09,DIREITO ADMINISTRATIVO E OUTRAS MATÉRIAS DE DIREITO PÚBLICO | ATOS ADMINISTRATIVOS | IMPROBIDADE ADMINISTRATIVA,,,,,False,3,https://portal.stf.jus.br/processos/listarProcessos.asp?classe=AP&numeroProcesso=578
AP 579,2011-03-17,2016-10-18,DIREITO PENAL | CRIMES CONTRA A FÉ PÚBLICA | USO DE DOCUMENTO FALSO,,,,,False,3,https://portal.stf.jus.br/processos/listarProcessos.asp?classe=AP&numeroProcesso=579
AP 581,2011-03-18,2015-02-03,DIREITO PENAL | CRIMES PREVISTOS NA LEGISLAÇÃO EXTRAVAGANTE | CRIMES ELEITORAIS | FALSO ELEITORAL,,,,,False,3,https://portal.stf.jus.br/processos/listarProcessos.asp?classe=AP&numeroProcesso=581
AP 582,2011-03-22,2014-06-16,DIREITO PENAL | CRIMES PREVISTOS NA LEGISLAÇÃO EXTRAVAGANTE | CRIMES ELEITORAIS | CALÚNIA,,,,,False,3,https://portal.stf.jus.br/processos/listarProcessos.asp?classe=AP&numeroProcesso=582
AP 584,2011-03-22,2014-04-24,DIREITO PENAL | CRIMES CONTRA A HONRA | CALÚNIA,,,,,False,3,https://portal.stf.jus.br/processos/listarProcessos.asp?classe=AP&numeroProcesso=584
AP 585,2011-03-23,2015-02-05,DIREITO PENAL | CRIMES PRATICADOS POR FUNCIONÁRIOS PÚBLICOS CONTRA A ADMINISTRAÇÃO EM GERAL | PECULATO,,,,,False,3,https://portal.stf.jus.br/processos/listarProcessos.asp?classe=AP&numeroProcesso=585
AP 586,2011-03-23,2015-02-05,DIREITO ELEITORAL E PROCESSO ELEITORAL DO STF | ELEIÇÃO | CAMPANHA ELEITORAL | ABUSO DO PODER ECONÔMICO,,,,,False,3,https://portal.stf.jus.br/processos/listarProcessos.asp?classe=AP&numeroProcesso=586
AP 587,2011-03-23,2015-02-05,DIREITO PENAL | CRIMES PREVISTOS NA LEGISLAÇÃO EXTRAVAGANTE | CRIMES ELEITORAIS | CAPTAÇÃO ILÍCITA DE VOTOS OU CORRUPÇÃO ELEITORAL,,,,,False,3,https://portal.stf.jus.br/processos/listarProcessos.asp?classe=AP&numeroProcesso=587
AP 588,2011-03-23,2012-11-23,DIREITO PENAL | CRIMES CONTRA A HONRA | INJÚRIA,,,,,False,3,https://portal.stf.jus.br/processos/listarProcessos.asp?classe=AP&numeroProcesso=588
AP 590,2011-03-28,2015-02-12,DIREITO PENAL | CRIMES CONTRA O PATRIMÔNIO | DANO,,,,,False,3,https://portal.stf.jus.br/processos/listarProcessos.asp?classe=AP&numeroProcesso=590
AP 592,2011-03-29,2015-03-02,DIREITO PENAL | CRIMES PREVISTOS NA LEGISLAÇÃO EXTRAVAGANTE | CRIMES ELEITORAIS | FALSO ELEITORAL,,,,,False,3,https://portal.stf.jus.br/processos/listarProcessos.asp?classe=AP&numeroProcesso=592
AP 593,2011-03-29,2013-10-01,DIREITO PENAL | CRIMES PREVISTOS NA LEGISLAÇÃO EXTRAVAGANTE | CRIMES DE RESPONSABILIDADE,,,,,False,3,https://portal.stf.jus.br/processos/listarProcessos.asp?classe=AP&numeroProcesso=593
AP 594,2011-03-29,2012-02-17,DIREITO PENAL | CRIMES CONTRA A HONRA | CALÚNIA,,,,,False,3,https://portal.stf.jus.br/processos/listarProcessos.asp?classe=AP&numeroProcesso=594
AP 595,2011-04-04,2014-11-25,DIREITO PENAL | CRIMES PREVISTOS NA LEGISLAÇÃO EXTRAVAGANTE | CRIMES DE RESPONSABILIDADE,,,,,False,4,https://portal.stf.jus.br/processos/listarProcessos.asp?classe=AP&numeroProcesso=595
AP 597,2011-04-12,2014-02-05,DIREITO PENAL | CRIMES PRATICADOS POR PARTICULAR CONTRA A ADMINISTRAÇÃO EM GERAL | DESOBEDIÊNCIA,,,,,False,4,https://portal.stf.jus.br/processos/listarProcessos.asp?classe=AP&numeroProcesso=597
AP 599,2011-04-12,2019-02-05,DIREITO PENAL | CRIMES PREVISTOS NA LEGISLAÇÃO EXTRAVAGANTE | CRIMES CONTRA O SISTEMA FINANCEIRO NACIONAL,,,,,False,4,https://portal.stf.jus.br/processos/listarProcessos.asp?classe=AP&numeroProcesso=599
AP 600,2011-04-14,2013-03-20,DIREITO PENAL | CRIMES PREVISTOS NA LEGISLAÇÃO EXTRAVAGANTE | CRIMES CONTRA O SISTEMA FINANCEIRO NACIONAL,,,,,False,4,https://portal.stf.jus.br/processos/listarProcessos.asp?classe=AP&numeroProcesso=600
AP 603,2011-04-27,2015-03-11,"DIREITO PENAL | CRIMES PREVISTOS NA LEGISLAÇÃO EXTRAVAGANTE | CRIMES CONTRA A SEGURANÇA NACIONAL, A ORDEM POLÍTICA E SOCIAL",,,,,False,4,https://portal.stf.jus.br/processos/listarProcessos.asp?classe=AP&numeroProcesso=603
AP 604,2011-04-27,2011-11-17,DIREITO PENAL | CRIMES CONTRA A HONRA | DIFAMAÇÃO,,,,,False,4,https://portal.stf.jus.br/processos/listarProcessos.asp?classe=AP&numeroProcesso=604
AP 605,2011-04-27,2015-02-13,DIREITO PENAL | CRIMES CONTRA A ADMINISTRAÇÃO DA JUSTIÇA | DENUNCIAÇÃO CALUNIOSA,,,,,False,4,https://portal.stf.jus.br/processos/listarProcessos.asp?classe=AP&numeroProcesso=605
AP 606,2011-04-28,2014-10-07,DIREITO PENAL | CRIMES PRATICADOS POR FUNCIONÁRIOS PÚBLICOS CONTRA A ADMINISTRAÇÃO EM GERAL | PECULATO,,,,,False,4,https://portal.stf.jus.br/processos/listarProcessos.asp?classe=AP&numeroProcesso=606
AP 607,2011-05-02,2015-08-04,DIREITO PENAL | CRIMES CONTRA A HONRA,,,,,False,4,https://portal.stf.jus.br/processos/listarProcessos.asp?classe=AP&numeroProcesso=607
AP 610,2011-05-18,2011-09-19,DIREITO PENAL | CRIMES CONTRA A PAZ PÚBLICA | QUADRILHA OU BANDO,,,,,False,4,https://portal.stf.jus.br/processos/listarProcessos.asp?classe=AP&numeroProcesso=610
AP 613,2011-05-26,2014-05-15,DIREITO PENAL | CRIMES CONTRA O PATRIMÔNIO | APROPRIAÇÃO INDÉBITA PREVIDENCIÁRIA,,,,,False,4,https://portal.stf.jus.br/processos/listarProcessos.asp?classe=AP&numeroProcesso=613
AP 615,2011-06-06,2012-11-29,DIREITO PENAL | CRIMES CONTRA A HONRA | INJÚRIA,,,,,False,4,https://portal.stf.jus.br/processos/listarProcessos.asp?classe=AP&numeroProcesso=615
AP 616,2011-06-09,2013-12-05,DIREITO PENAL | CRIMES PREVISTOS NA LEGISLAÇÃO EXTRAVAGANTE | CRIMES DE RESPONSABILIDADE,,,,,False,4,https://portal.stf.jus.br/processos/listarProcessos.asp?classe=AP&numeroProcesso=616
AP 620,2011-06-13,2012-03-01,DIREITO PENAL | CRIMES PREVISTOS NA LEGISLAÇÃO EXTRAVAGANTE | CRIMES CONTRA O SISTEMA FINANCEIRO NACIONAL,,,,,False,4,https://portal.stf.jus.br/processos/listarProcessos.asp?classe=AP&numeroProcesso=620
AP 621,2011-06-21,2015-07-01,DIREITO PENAL | CRIMES CONTRA A FÉ PÚBLICA | FALSIFICAÇÃO DE DOCUMENTO PÚBLICO,,,,,False,4,https://portal.stf.jus.br/processos/listarProcessos.asp?classe=AP&numeroProcesso=621
AP 622,2011-06-22,2014-02-13,DIREITO ADMINISTRATIVO E OUTRAS MATÉRIAS DE DIREITO PÚBLICO | ATOS ADMINISTRATIVOS | IMPROBIDADE ADMINISTRATIVA,,,,,False,4,https://portal.stf.jus.br/processos/listarProcessos.asp?classe=AP&numeroProcesso=622
AP 623,2011-06-22,2014-03-17,DIREITO PENAL | CRIMES PREVISTOS NA LEGISLAÇÃO EXTRAVAGANTE | CRIMES DE RESPONSABILIDADE,,,,,False,4,https://portal.stf.jus.br/processos/listarProcessos.asp?classe=AP&numeroProcesso=623
AP 624,2011-06-28,2013-03-05,DIREITO PENAL | CRIMES CONTRA O PATRIMÔNIO | DANO QUALIFICADO,,,,,False,4,https://portal.stf.jus.br/processos/listarProcessos.asp?classe=AP&numeroProcesso=624
AP 625,2011-07-01,2015-03-12,DIREITO PENAL | CRIMES CONTRA A VIDA | HOMICÍDIO SIMPLES,,,,,False,4,https://portal.stf.jus.br/processos/listarProcessos.asp?classe=AP&numeroProcesso=625
AP 628,2011-07-15,2015-02-03,DIREITO PENAL | CRIMES PRATICADOS POR FUNCIONÁRIOS PÚBLICOS CONTRA A ADMINISTRAÇÃO EM GERAL | PECULATO,,,,,False,4,https://portal.stf.jus.br/processos/listarProcessos.asp?classe=AP&numeroProcesso=628
AP 630,2011-07-15,2016-06-08,DIREITO PENAL | CRIMES CONTRA A FÉ PÚBLICA | FALSIDADE IDEOLÓGICA,,,,,False,4,https://portal.stf.jus.br/processos/listarProcessos.asp?classe=AP&numeroProcesso=630
AP 632,2011-08-02,2015-03-12,DIREITO PENAL | CRIMES PREVISTOS NA LEGISLAÇÃO EXTRAVAGANTE | CRIMES DE RESPONSABILIDADE,,,,,False,4,https://portal.stf.jus.br/processos/listarProcessos.asp?classe=AP&numeroProcesso=632
AP 634,2011-08-19,2014-02-06,DIREITO PENAL | CRIMES CONTRA AS FINANÇAS PÚBLICAS | ORDENAÇÃO DE DESPESA NÃO AUTORIZADA,,,,,False,4,https://portal.stf.jus.br/processos/listarProcessos.asp?classe=AP&numeroProcesso=634
AP 635,2011-08-24,2016-11-09,DIREITO PENAL | CRIMES CONTRA A LIBERDADE PESSOAL | REDUÇÃO A CONDIÇÃO ANÁLOGA À DE ESCRAVO,,,,,False,4,https://portal.stf.jus.br/processos/listarProcessos.asp?classe=AP&numeroProcesso=635
AP 636,2011-08-26,2012-06-15,DIREITO PENAL | CRIMES PREVISTOS NA LEGISLAÇÃO EXTRAVAGANTE | CRIMES DE RESPONSABILIDADE,,,,,False,4,https://portal.stf.jus.br/processos/listarProcessos.asp?classe=AP&numeroProcesso=636
AP 637,2011-09-01,2013-09-05,DIREITO PENAL | CRIMES PREVISTOS NA LEGISLAÇÃO EXTRAVAGANTE | CRIMES DE RESPONSABILIDADE,,,,,False,4,https://portal.stf.jus.br/processos/listarProcessos.asp?classe=AP&numeroProcesso=637
AP 638,2011-09-14,2015-02-03,DIREITO PENAL | CRIMES PREVISTOS NA LEGISLAÇÃO EXTRAVAGANTE | CRIMES DA LEI DE LICITAÇÕES,,,,,False,4,https://portal.stf.jus.br/processos/listarProcessos.asp?classe=AP&numeroProcesso=638
AP 639,2011-09-14,2016-03-17,DIREITO PENAL | CRIMES PRATICADOS POR FUNCIONÁRIOS PÚBLICOS CONTRA A ADMINISTRAÇÃO EM GERAL | CORRUPÇÃO PASSIVA,,,,,False,4,https://portal.stf.jus.br/processos/listarProcessos.asp?classe=AP&numeroProcesso=639
AP 640,2011-09-14,2016-03-17,DIREITO PENAL | CRIMES PRATICADOS POR FUNCIONÁRIOS PÚBLICOS CONTRA A ADMINISTRAÇÃO EM GERAL | CORRUPÇÃO PASSIVA,,,,,False,4,https://portal.stf.jus.br/processos/listarProcessos.asp?classe=AP&numeroProcesso=640
AP 641,2011-09-14,2016-03-17,DIREITO PENAL | CRIMES PRATICADOS POR FUNCIONÁRIOS PÚBLICOS CONTRA A ADMINISTRAÇÃO EM GERAL | CORRUPÇÃO PASSIVA,,,,,False,4,https://portal.stf.jus.br/processos/listarProcessos.asp?classe=AP&numeroProcesso=641
AP 642,2011-09-15,2013-09-30,DIREITO PENAL | CRIMES CONTRA A HONRA | INJÚRIA,,,,,False,4,https://portal.stf.jus.br/processos/listarProcessos.asp?classe=AP&numeroProcesso=642
AP 643,2011-09-27,2013-02-22,DIREITO DA CRIANÇA E DO ADOLESCENTE | ATO INFRACIONAL | CONTRA A HONRA | INJÚRIA,,,,,False,4,https://portal.stf.jus.br/processos/listarProcessos.asp?classe=AP&numeroProcesso=643
AP 645,2011-09-29,2012-04-24,DIREITO PENAL | CRIMES PREVISTOS NA LEGISLAÇÃO EXTRAVAGANTE | CRIMES DA LEI DE LICITAÇÕES,,,,,False,4,https://portal.stf.jus.br/processos/listarProcessos.asp?classe=AP&numeroProcesso=645
AP 646,2011-10-20,2015-08-17,DIREITO PENAL | CRIMES CONTRA A FÉ PÚBLICA | USO DE DOCUMENTO FALSO,,,,,False,4,https://portal.stf.jus.br/processos/listarProcessos.asp?classe=AP&numeroProcesso=646
AP 647,2011-10-24,2018-05-04,DIREITO PENAL | CRIMES PRATICADOS POR FUNCIONÁRIOS PÚBLICOS CONTRA A ADMINISTRAÇÃO EM GERAL | PECULATO,,,,,False,4,https://portal.stf.jus.br/processos/listarProcessos.asp?classe=AP&numeroProcesso=647
AP 648,2011-10-24,2015-09-02,DIREITO PENAL | CRIMES PREVISTOS NA LEGISLAÇÃO EXTRAVAGANTE | CRIMES DA LEI DE LICITAÇÕES,,,,,False,4,https://portal.stf.jus.br/processos/listarProcessos.asp?classe=AP&numeroProcesso=648
AP 649,2011-10-26,2015-07-22,DIREITO PENAL | CRIMES CONTRA A LIBERDADE PESSOAL | CONSTRANGIMENTO ILEGAL,,,,,False,4,https://portal.stf.jus.br/processos/listarProcessos.asp?classe=AP&numeroProcesso=649
AP 650,2011-11-10,2014-11-10,DIREITO PENAL | CRIMES PRATICADOS POR FUNCIONÁRIOS PÚBLICOS CONTRA A ADMINISTRAÇÃO EM GERAL | PREVARICAÇÃO,,,,,False,4,https://portal.stf.jus.br/processos/listarProcessos.asp?classe=AP&numeroProcesso=650
AP 651,2011-11-16,2015-02-05,DIREITO PENAL | CRIMES CONTRA A LIBERDADE PESSOAL | SEQÜESTRO E CÁRCERE PRIVADO,,,,,False,4,https://portal.stf.jus.br/processos/listarProcessos.asp?classe=AP&numeroProcesso=651
AP 653,2011-12-21,2015-09-02,DIREITO PENAL | CRIMES PREVISTOS NA LEGISLAÇÃO EXTRAVAGANTE | CRIMES CONTRA O SISTEMA FINANCEIRO NACIONAL,,,,,False,4,https://portal.stf.jus.br/processos/listarProcessos.asp?classe=AP&numeroProcesso=653
AP 664,2012-01-13,2013-03-19,DIREITO PENAL | CRIMES PREVISTOS NA LEGISLAÇÃO EXTRAVAGANTE | CRIMES CONTRA O SISTEMA FINANCEIRO NACIONAL,,,,,False,4,https://portal.stf.jus.br/processos/listarProcessos.asp?classe=AP&numeroProcesso=664
AP 665,2012-01-17,2012-02-28,DIREITO PENAL | CRIMES PRATICADOS POR PARTICULAR CONTRA A ADMINISTRAÇÃO EM GERAL | CORRUPÇÃO ATIVA,,,,,False,4,https://portal.stf.jus.br/processos/listarProcessos.asp?classe=AP&numeroProcesso=665
AP 666,2012-02-02,2015-03-12,DIREITO PENAL | CRIMES CONTRA A FÉ PÚBLICA | FALSIDADE IDEOLÓGICA,,,,,False,4,https://portal.stf.jus.br/processos/listarProcessos.asp?classe=AP&numeroProcesso=666
AP 668,2012-02-10,2015-02-03,DIREITO PENAL | CRIMES CONTRA O PATRIMÔNIO,,,,,False,4,https://portal.stf.jus.br/processos/listarProcessos.asp?classe=AP&numeroProcesso=668
AP 670,2012-02-29,2015-02-09,DIREITO PENAL | CRIMES PRATICADOS POR FUNCIONÁRIOS PÚBLICOS CONTRA A ADMINISTRAÇÃO EM GERAL | CORRUPÇÃO PASSIVA,,,,,False,4,https://portal.stf.jus.br/processos/listarProcessos.asp?classe=AP&numeroProcesso=670
AP 671,2012-03-02,2015-02-11,DIREITO PENAL | CRIMES PREVISTOS NA LEGISLAÇÃO EXTRAVAGANTE | CRIMES DE TRÁFICO ILÍCITO E USO INDEVIDO DE DROGAS | PRESCRIÇÃO CULPOSA DE DROGAS,,,,,False,4,https://portal.stf.jus.br/processos/listarProcessos.asp?classe=AP&numeroProcesso=671
AP 673,2012-03-08,2013-09-19,DIREITO PENAL | CRIMES PRATICADOS POR PARTICULAR CONTRA A ADMINISTRAÇÃO EM GERAL | DESACATO,,,,,False,4,https://portal.stf.jus.br/processos/listarProcessos.asp?classe=AP&numeroProcesso=673
AP 674,2012-03-15,2015-03-11,DIREITO PENAL | CRIMES PREVISTOS NA LEGISLAÇÃO EXTRAVAGANTE | CRIMES DA LEI DE LICITAÇÕES,,,,,False,4,https://portal.stf.jus.br/processos/listarProcessos.asp?classe=AP&numeroProcesso=674
AP 675,2012-03-26,2013-12-09,DIREITO PENAL | CRIMES CONTRA A PAZ PÚBLICA | QUADRILHA OU BANDO,,,,,False,4,https://portal.stf.jus.br/processos/listarProcessos.asp?classe=AP&numeroProcesso=675
AP 677,2012-04-03,2013-03-04,DIREITO PENAL | CRIMES CONTRA A PAZ PÚBLICA | QUADRILHA OU BANDO,,,,,False,4,https://portal.stf.jus.br/processos/listarProcessos.asp?classe=AP&numeroProcesso=677
AP 680,2012-04-27,2015-02-03,DIREITO PENAL | CRIMES PREVISTOS NA LEGISLAÇÃO EXTRAVAGANTE | CRIMES DA LEI DE LICITAÇÕES,,,,,False,4,https://portal.stf.jus.br/processos/listarProcessos.asp?classe=AP&numeroProcesso=680
AP 681,2012-04-30,2013-11-20,DIREITO PROCESSUAL PENAL | JURISDIÇÃO E COMPETÊNCIA,,,,,False,4,https://portal.stf.jus.br/processos/listarProcessos.asp?classe=AP&numeroProcesso=681
AP 682,2012-05-08,2015-02-09,DIREITO PENAL | CRIMES PREVISTOS NA LEGISLAÇÃO EXTRAVAGANTE | CRIMES DE RESPONSABILIDADE,,,,,False,4,https://portal.stf.jus.br/processos/listarProcessos.asp?classe=AP&numeroProcesso=682
AP 684,2012-05-29,2013-06-10,DIREITO PENAL | CRIMES PREVISTOS NA LEGISLAÇÃO EXTRAVAGANTE | CRIMES DE RESPONSABILIDADE,,,,,False,4,https://portal.stf.jus.br/processos/listarProcessos.asp?classe=AP&numeroProcesso=684
AP 686,2012-06-21,2015-02-03,DIREITO PENAL | CRIMES CONTRA A LIBERDADE PESSOAL | SEQÜESTRO E CÁRCERE PRIVADO,,,,,False,4,https://portal.stf.jus.br/processos/listarProcessos.asp?classe=AP&numeroProcesso=686
AP 687,2012-06-22,2012-09-06,DIREITO PENAL | CRIMES CONTRA A HONRA | CALÚNIA,,,,,False,4,https://portal.stf.jus.br/processos/listarProcessos.asp?classe=AP&numeroProcesso=687
AP 688,2012-07-12,2015-03-24,DIREITO PENAL | CRIMES PREVISTOS NA LEGISLAÇÃO EXTRAVAGANTE | CRIMES DA LEI DE LICITAÇÕES,,,,,False,4,https://portal.stf.jus.br/processos/listarProcessos.asp?classe=AP&numeroProcesso=688
AP 690,2012-07-26,2013-04-09,DIREITO PENAL | CRIMES PREVISTOS NA LEGISLAÇÃO EXTRAVAGANTE | CRIMES CONTRA A ORDEM ECONÔMICA,,,,,False,4,https://portal.stf.jus.br/processos/listarProcessos.asp?classe=AP&numeroProcesso=690
AP 691,2012-07-27,2013-05-09,DIREITO PENAL | CRIMES CONTRA A HONRA | CALÚNIA,,,,,False,4,https://portal.stf.jus.br/processos/listarProcessos.asp?classe=AP&numeroProcesso=691
AP 692,2012-08-14,2013-04-24,DIREITO PENAL | CRIMES CONTRA A ADMINISTRAÇÃO DA JUSTIÇA | COAÇÃO NO CURSO DO PROCESSO,,,,,False,4,https://portal.stf.jus.br/processos/listarProcessos.asp?classe=AP&numeroProcesso=692
AP 693,2012-08-15,2015-03-02,DIREITO PENAL | CRIMES PREVISTOS NA LEGISLAÇÃO EXTRAVAGANTE | CRIMES DA LEI DE LICITAÇÕES,,,,,False,4,https://portal.stf.jus.br/processos/listarProcessos.asp?classe=AP&numeroProcesso=693
AP 695,2012-08-20,2017-06-23,DIREITO PENAL | CRIMES PRATICADOS POR PARTICULAR CONTRA A ADMINISTRAÇÃO EM GERAL | CORRUPÇÃO ATIVA,,,,,False,4,https://portal.stf.jus.br/processos/listarProcessos.asp?classe=AP&numeroProcesso=695
AP 696,2012-08-21,2014-02-28,DIREITO PENAL | CRIMES CONTRA A LIBERDADE PESSOAL | REDUÇÃO A CONDIÇÃO ANÁLOGA À DE ESCRAVO,,,,,False,4,https://portal.stf.jus.br/processos/listarProcessos.asp?classe=AP&numeroProcesso=696
AP 697,2012-08-29,2013-05-23,DIREITO PENAL | CRIMES PRATICADOS POR PARTICULAR CONTRA A ADMINISTRAÇÃO EM GERAL | TRÁFICO DE INFLUÊNCIA,,,,,False,4,https://portal.stf.jus.br/processos/listarProcessos.asp?classe=AP&numeroProcesso=697
AP 698,2012-09-10,2013-03-20,DIREITO ADMINISTRATIVO E OUTRAS MATÉRIAS DE DIREITO PÚBLICO | AGENTES POLÍTICOS | PREFEITO,,,,,False,4,https://portal.stf.jus.br/processos/listarProcessos.asp?classe=AP&numeroProcesso=698
AP 699,2012-10-23,2013-04-19,DIREITO PENAL | CRIMES PREVISTOS NA LEGISLAÇÃO EXTRAVAGANTE | CRIMES ELEITORAIS | CALÚNIA,,,,,False,4,https://portal.stf.jus.br/processos/listarProcessos.asp?classe=AP&numeroProcesso=699
AP 702,2013-02-05,2015-02-20,DIREITO PENAL | CRIMES CONTRA A PAZ PÚBLICA | QUADRILHA OU BANDO,,,,,False,4,https://portal.stf.jus.br/processos/listarProcessos.asp?classe=AP&numeroProcesso=702
AP 704,2013-02-28,2015-03-11,DIREITO PENAL | CRIMES PRATICADOS POR FUNCIONÁRIOS PÚBLICOS CONTRA A ADMINISTRAÇÃO EM GERAL | PECULATO,,,,,False,4,https://portal.stf.jus.br/processos/listarProcessos.asp?classe=AP&numeroProcesso=704
AP 705,2013-03-08,2013-12-05,DIREITO PENAL | CRIMES CONTRA A ADMINISTRAÇÃO DA JUSTIÇA | COAÇÃO NO CURSO DO PROCESSO,,,,,False,4,https://portal.stf.jus.br/processos/listarProcessos.asp?classe=AP&numeroProcesso=705
AP 706,2013-03-13,2013-09-25,DIREITO PENAL | CRIMES CONTRA A HONRA | CALÚNIA,,,,,False,4,https://portal.stf.jus.br/processos/listarProcessos.asp?classe=AP&numeroProcesso=706
AP 708,2013-05-07,2015-06-23,DIREITO PROCESSUAL PENAL | JURISDIÇÃO E COMPETÊNCIA,,,,,False,4,https://portal.stf.jus.br/processos/listarProcessos.asp?classe=AP&numeroProcesso=708
AP 709,2013-05-29,2015-02-05,DIREITO PENAL | CRIMES PREVISTOS NA LEGISLAÇÃO EXTRAVAGANTE | CRIMES DE RESPONSABILIDADE,,,,,False,4,https://portal.stf.jus.br/processos/listarProcessos.asp?classe=AP&numeroProcesso=709
AP 710,2013-06-03,2013-12-11,DIREITO PENAL | CRIMES CONTRA A HONRA | CALÚNIA,,,,,False,4,https://portal.stf.jus.br/processos/listarProcessos.asp?classe=AP&numeroProcesso=710
AP 711,2013-06-07,2015-02-18,DIREITO PENAL | CRIMES PRATICADOS POR FUNCIONÁRIOS PÚBLICOS CONTRA A ADMINISTRAÇÃO EM GERAL | PECULATO,,,,,False,4,https://portal.stf.jus.br/processos/listarProcessos.asp?classe=AP&numeroProcesso=711
AP 712,2013-06-21,2014-04-11,DIREITO PENAL | CRIMES PREVISTOS NA LEGISLAÇÃO EXTRAVAGANTE | CRIMES DA LEI DE LICITAÇÕES,,,,,False,4,https://portal.stf.jus.br/processos/listarProcessos.asp?classe=AP&numeroProcesso=712
AP 713,2013-06-21,2013-08-30,DIREITO PENAL | CRIMES PREVISTOS NA LEGISLAÇÃO EXTRAVAGANTE | CRIMES DA LEI DE LICITAÇÕES,,,,,False,4,https://portal.stf.jus.br/processos/listarProcessos.asp?classe=AP&numeroProcesso=713
AP 714,2013-06-26,2013-08-30,DIREITO PENAL | CRIMES PREVISTOS NA LEGISLAÇÃO EXTRAVAGANTE | CRIMES DA LEI DE LICITAÇÕES,,,,,False,4,https://portal.stf.jus.br/processos/listarProcessos.asp?classe=AP&numeroProcesso=714
AP 715,2013-06-26,2013-08-30,DIREITO PENAL | CRIMES PREVISTOS NA LEGISLAÇÃO EXTRAVAGANTE | CRIMES DA LEI DE LICITAÇÕES,,,,,False,4,https://portal.stf.jus.br/processos/listarProcessos.asp?classe=AP&numeroProcesso=715
AP 716,2013-07-01,2014-08-18,DIREITO PENAL | CRIMES PREVISTOS NA LEGISLAÇÃO EXTRAVAGANTE | CRIMES MILITARES | PECULATO,,,,,False,4,https://portal.stf.jus.br/processos/listarProcessos.asp?classe=AP&numeroProcesso=716
AP 717,2013-07-02,2013-09-25,DIREITO PENAL | CRIMES PREVISTOS NA LEGISLAÇÃO EXTRAVAGANTE | CRIMES CONTRA O MEIO AMBIENTE E O PATRIMÔNIO GENÉTICO,,,,,False,4,https://portal.stf.jus.br/processos/listarProcessos.asp?classe=AP&numeroProcesso=717
AP 718,2013-07-02,2013-10-14,DIREITO PENAL | CRIMES PREVISTOS NA LEGISLAÇÃO EXTRAVAGANTE | CRIMES CONTRA O MEIO AMBIENTE E O PATRIMÔNIO GENÉTICO,,,,,False,4,https://portal.stf.jus.br/processos/listarProcessos.asp?classe=AP&numeroProcesso=718
AP 719,2013-07-02,2013-10-14,DIREITO PENAL | CRIMES PREVISTOS NA LEGISLAÇÃO EXTRAVAGANTE | CRIMES CONTRA O MEIO AMBIENTE E O PATRIMÔNIO GENÉTICO | CRIMES CONTRA A FLORA,,,,,False,4,https://portal.stf.jus.br/processos/listarProcessos.asp?classe=AP&numeroProcesso=719
AP 720,2013-07-02,2013-10-14,DIREITO PENAL | CRIMES PREVISTOS NA LEGISLAÇÃO EXTRAVAGANTE | CRIMES CONTRA O MEIO AMBIENTE E O PATRIMÔNIO GENÉTICO,,,,,False,4,https://portal.stf.jus.br/processos/listarProcessos.asp?classe=AP&numeroProcesso=720
AP 721,2013-07-02,2013-10-14,DIREITO PENAL | CRIMES PREVISTOS NA LEGISLAÇÃO EXTRAVAGANTE | CRIMES CONTRA O MEIO AMBIENTE E O PATRIMÔNIO GENÉTICO,,,,,False,4,https://portal.stf.jus.br/processos/listarProcessos.asp?classe=AP&numeroProcesso=721
AP 722,2013-07-02,2013-10-14,DIREITO PENAL | CRIMES PREVISTOS NA LEGISLAÇÃO EXTRAVAGANTE | CRIMES CONTRA O MEIO AMBIENTE E O PATRIMÔNIO GENÉTICO,,,,,False,4,https://portal.stf.jus.br/processos/listarProcessos.asp?classe=AP&numeroProcesso=722
AP 723,2013-07-02,2013-10-14,DIREITO PENAL | CRIMES PREVISTOS NA LEGISLAÇÃO EXTRAVAGANTE | CRIMES CONTRA O MEIO AMBIENTE E O PATRIMÔNIO GENÉTICO,,,,,False,4,https://portal.stf.jus.br/processos/listarProcessos.asp?classe=AP&numeroProcesso=723
AP 724,2013-07-02,2013-10-14,DIREITO PENAL | CRIMES PREVISTOS NA LEGISLAÇÃO EXTRAVAGANTE | CRIMES CONTRA O MEIO AMBIENTE E O PATRIMÔNIO GENÉTICO,,,,,False,4,https://portal.stf.jus.br/processos/listarProcessos.asp?classe=AP&numeroProcesso=724
AP 725,2013-07-02,2013-10-14,DIREITO PENAL | CRIMES PREVISTOS NA LEGISLAÇÃO EXTRAVAGANTE | CRIMES CONTRA O MEIO AMBIENTE E O PATRIMÔNIO GENÉTICO,,,,,False,4,https://portal.stf.jus.br/processos/listarProcessos.asp?classe=AP&numeroProcesso=725
AP 726,2013-07-02,2013-10-14,DIREITO PENAL | CRIMES PREVISTOS NA LEGISLAÇÃO EXTRAVAGANTE | CRIMES CONTRA O MEIO AMBIENTE E O PATRIMÔNIO GENÉTICO,,,,,False,4,https://portal.stf.jus.br/processos/listarProcessos.asp?classe=AP&numeroProcesso=726
AP 727,2013-07-02,2013-10-14,DIREITO PENAL | CRIMES PREVISTOS NA LEGISLAÇÃO EXTRAVAGANTE | CRIMES CONTRA O MEIO AMBIENTE E O PATRIMÔNIO GENÉTICO,,,,,False,4,https://portal.stf.jus.br/processos/listarProcessos.asp?classe=AP&numeroProcesso=727
AP 728,2013-07-02,2013-10-14,DIREITO PENAL | CRIMES PREVISTOS NA LEGISLAÇÃO EXTRAVAGANTE | CRIMES CONTRA O MEIO AMBIENTE E O PATRIMÔNIO GENÉTICO,,,,,False,4,https://portal.stf.jus.br/processos/listarProcessos.asp?classe=AP&numeroProcesso=728
AP 729,2013-07-02,2013-10-14,DIREITO PENAL | CRIMES PREVISTOS NA LEGISLAÇÃO EXTRAVAGANTE | CRIMES CONTRA O MEIO AMBIENTE E O PATRIMÔNIO GENÉTICO,,,,,False,4,https://portal.stf.jus.br/processos/listarProcessos.asp?classe=AP&numeroProcesso=729
AP 730,2013-07-02,2013-10-14,DIREITO PENAL | CRIMES PREVISTOS NA LEGISLAÇÃO EXTRAVAGANTE | CRIMES CONTRA O MEIO AMBIENTE E O PATRIMÔNIO GENÉTICO,,,,,False,4,https://portal.stf.jus.br/processos/listarProcessos.asp?classe=AP&numeroProcesso=730
AP 731,2013-07-02,2013-09-26,DIREITO PENAL | CRIMES PREVISTOS NA LEGISLAÇÃO EXTRAVAGANTE | CRIMES CONTRA O MEIO AMBIENTE E O PATRIMÔNIO GENÉTICO,,,,,False,4,https://portal.stf.jus.br/processos/listarProcessos.asp?classe=AP&numeroProcesso=731
AP 732,2013-07-02,2013-09-25,DIREITO PENAL | CRIMES PREVISTOS NA LEGISLAÇÃO EXTRAVAGANTE | CRIMES CONTRA O MEIO AMBIENTE E O PATRIMÔNIO GENÉTICO,,,,,False,4,https://portal.stf.jus.br/processos/listarProcessos.asp?classe=AP&numeroProcesso=732
AP 733,2013-07-02,2013-09-25,DIREITO PENAL | CRIMES PREVISTOS NA LEGISLAÇÃO EXTRAVAGANTE | CRIMES CONTRA O MEIO AMBIENTE E O PATRIMÔNIO GENÉTICO,,,,,False,4,https://portal.stf.jus.br/processos/listarProcessos.asp?classe=AP&numeroProcesso=733
AP 734,2013-07-02,2013-10-28,DIREITO PENAL | CRIMES PREVISTOS NA LEGISLAÇÃO EXTRAVAGANTE | CRIMES CONTRA O MEIO AMBIENTE E O PATRIMÔNIO GENÉTICO,,,,,False,4,https://portal.stf.jus.br/processos/listarProcessos.asp?classe=AP&numeroProcesso=734
AP 735,2013-07-02,2013-10-14,DIREITO PENAL | CRIMES PREVISTOS NA LEGISLAÇÃO EXTRAVAGANTE | CRIMES CONTRA O MEIO AMBIENTE E O PATRIMÔNIO GENÉTICO,,,,,False,4,https://portal.stf.jus.br/processos/listarProcessos.asp?classe=AP&numeroProcesso=735
AP 736,2013-07-02,2013-10-14,DIREITO PENAL | CRIMES PREVISTOS NA LEGISLAÇÃO EXTRAVAGANTE | CRIMES CONTRA O MEIO AMBIENTE E O PATRIMÔNIO GENÉTICO,,,,,False,4,https://portal.stf.jus.br/processos/listarProcessos.asp?classe=AP&numeroProcesso=736
AP 737,2013-07-02,2013-10-28,DIREITO PENAL | CRIMES PREVISTOS NA LEGISLAÇÃO EXTRAVAGANTE | CRIMES CONTRA O MEIO AMBIENTE E O PATRIMÔNIO GENÉTICO,,,,,False,4,https://portal.stf.jus.br/processos/listarProcessos.asp?classe=AP&numeroProcesso=737
AP 738,2013-07-02,2013-10-14,DIREITO PENAL | CRIMES PREVISTOS NA LEGISLAÇÃO EXTRAVAGANTE | CRIMES CONTRA O MEIO AMBIENTE E O PATRIMÔNIO GENÉTICO,,,,,False,5,https://portal.stf.jus.br/processos/listarProcessos.asp?classe=AP&numeroProcesso=738
AP 739,2013-07-02,2013-10-14,DIREITO PENAL | CRIMES PREVISTOS NA LEGISLAÇÃO EXTRAVAGANTE | CRIMES CONTRA O MEIO AMBIENTE E O PATRIMÔNIO GENÉTICO,,,,,False,5,https://portal.stf.jus.br/processos/listarProcessos.asp?classe=AP&numeroProcesso=739
AP 740,2013-07-02,2013-10-14,DIREITO PENAL | CRIMES PREVISTOS NA LEGISLAÇÃO EXTRAVAGANTE | CRIMES CONTRA O MEIO AMBIENTE E O PATRIMÔNIO GENÉTICO,,,,,False,5,https://portal.stf.jus.br/processos/listarProcessos.asp?classe=AP&numeroProcesso=740
AP 741,2013-07-02,2013-09-25,DIREITO PENAL | CRIMES PREVISTOS NA LEGISLAÇÃO EXTRAVAGANTE | CRIMES CONTRA O MEIO AMBIENTE E O PATRIMÔNIO GENÉTICO,,,,,False,5,https://portal.stf.jus.br/processos/listarProcessos.asp?classe=AP&numeroProcesso=741
AP 742,2013-07-02,2013-09-25,DIREITO PENAL | CRIMES PREVISTOS NA LEGISLAÇÃO EXTRAVAGANTE | CRIMES CONTRA O MEIO AMBIENTE E O PATRIMÔNIO GENÉTICO,,,,,False,5,https://portal.stf.jus.br/processos/listarProcessos.asp?classe=AP&numeroProcesso=742
AP 743,2013-07-02,2013-09-25,DIREITO PENAL | CRIMES PREVISTOS NA LEGISLAÇÃO EXTRAVAGANTE | CRIMES CONTRA O MEIO AMBIENTE E O PATRIMÔNIO GENÉTICO,,,,,False,5,https://portal.stf.jus.br/processos/listarProcessos.asp?classe=AP&numeroProcesso=743
AP 744,2013-07-02,2013-10-14,DIREITO PENAL | CRIMES PREVISTOS NA LEGISLAÇÃO EXTRAVAGANTE | CRIMES CONTRA O MEIO AMBIENTE E O PATRIMÔNIO GENÉTICO,,,,,False,5,https://portal.stf.jus.br/processos/listarProcessos.asp?classe=AP&numeroProcesso=744
AP 745,2013-07-02,2013-10-14,DIREITO PENAL | CRIMES PREVISTOS NA LEGISLAÇÃO EXTRAVAGANTE | CRIMES CONTRA O MEIO AMBIENTE E O PATRIMÔNIO GENÉTICO,,,,,False,5,https://portal.stf.jus.br/processos/listarProcessos.asp?classe=AP&numeroProcesso=745
AP 746,2013-07-02,2013-10-14,DIREITO PENAL | CRIMES PREVISTOS NA LEGISLAÇÃO EXTRAVAGANTE | CRIMES CONTRA O MEIO AMBIENTE E O PATRIMÔNIO GENÉTICO,,,,,False,5,https://portal.stf.jus.br/processos/listarProcessos.asp?classe=AP&numeroProcesso=746
AP 747,2013-07-02,2013-10-14,DIREITO PENAL | CRIMES PREVISTOS NA LEGISLAÇÃO EXTRAVAGANTE | CRIMES CONTRA O MEIO AMBIENTE E O PATRIMÔNIO GENÉTICO,,,,,False,5,https://portal.stf.jus.br/processos/listarProcessos.asp?classe=AP&numeroProcesso=747
AP 748,2013-07-02,2013-09-25,DIREITO PENAL | CRIMES PREVISTOS NA LEGISLAÇÃO EXTRAVAGANTE | CRIMES CONTRA O MEIO AMBIENTE E O PATRIMÔNIO GENÉTICO,,,,,False,5,https://portal.stf.jus.br/processos/listarProcessos.asp?classe=AP&numeroProcesso=748
AP 749,2013-07-02,2013-09-25,DIREITO PENAL | CRIMES PREVISTOS NA LEGISLAÇÃO EXTRAVAGANTE | CRIMES CONTRA O MEIO AMBIENTE E O PATRIMÔNIO GENÉTICO,,,,,False,5,https://portal.stf.jus.br/processos/listarProcessos.asp?classe=AP&numeroProcesso=749
AP 750,2013-07-02,2013-09-25,DIREITO PENAL | CRIMES PREVISTOS NA LEGISLAÇÃO EXTRAVAGANTE | CRIMES CONTRA O MEIO AMBIENTE E O PATRIMÔNIO GENÉTICO,,,,,False,5,https://portal.stf.jus.br/processos/listarProcessos.asp?classe=AP&numeroProcesso=750
AP 751,2013-07-02,2013-10-14,DIREITO PENAL | CRIMES PREVISTOS NA LEGISLAÇÃO EXTRAVAGANTE | CRIMES CONTRA O MEIO AMBIENTE E O PATRIMÔNIO GENÉTICO,,,,,False,5,https://portal.stf.jus.br/processos/listarProcessos.asp?classe=AP&numeroProcesso=751
AP 752,2013-07-02,2013-10-14,DIREITO PENAL | CRIMES PREVISTOS NA LEGISLAÇÃO EXTRAVAGANTE | CRIMES CONTRA O MEIO AMBIENTE E O PATRIMÔNIO GENÉTICO,,,,,False,5,https://portal.stf.jus.br/processos/listarProcessos.asp?classe=AP&numeroProcesso=752
AP 753,2013-07-02,2013-10-14,DIREITO PENAL | CRIMES PREVISTOS NA LEGISLAÇÃO EXTRAVAGANTE | CRIMES CONTRA O MEIO AMBIENTE E O PATRIMÔNIO GENÉTICO,,,,,False,5,https://portal.stf.jus.br/processos/listarProcessos.asp?classe=AP&numeroProcesso=753
AP 754,2013-07-02,2013-10-14,DIREITO PENAL | CRIMES PREVISTOS NA LEGISLAÇÃO EXTRAVAGANTE | CRIMES CONTRA O MEIO AMBIENTE E O PATRIMÔNIO GENÉTICO,,,,,False,5,https://portal.stf.jus.br/processos/listarProcessos.asp?classe=AP&numeroProcesso=754
AP 755,2013-07-02,2013-10-14,DIREITO PENAL | CRIMES PREVISTOS NA LEGISLAÇÃO EXTRAVAGANTE | CRIMES CONTRA O MEIO AMBIENTE E O PATRIMÔNIO GENÉTICO,,,,,False,5,https://portal.stf.jus.br/processos/listarProcessos.asp?classe=AP&numeroProcesso=755
AP 756,2013-07-02,2013-10-07,DIREITO PENAL | CRIMES PREVISTOS NA LEGISLAÇÃO EXTRAVAGANTE | CRIMES CONTRA O MEIO AMBIENTE E O PATRIMÔNIO GENÉTICO,,,,,False,5,https://portal.stf.jus.br/processos/listarProcessos.asp?classe=AP&numeroProcesso=756
AP 757,2013-07-02,2013-10-14,DIREITO PENAL | CRIMES PREVISTOS NA LEGISLAÇÃO EXTRAVAGANTE | CRIMES CONTRA O MEIO AMBIENTE E O PATRIMÔNIO GENÉTICO,,,,,False,5,https://portal.stf.jus.br/processos/listarProcessos.asp?classe=AP&numeroProcesso=757
AP 758,2013-07-02,2013-10-14,DIREITO PENAL | CRIMES PREVISTOS NA LEGISLAÇÃO EXTRAVAGANTE | CRIMES CONTRA O MEIO AMBIENTE E O PATRIMÔNIO GENÉTICO,,,,,False,5,https://portal.stf.jus.br/processos/listarProcessos.asp?classe=AP&numeroProcesso=758
AP 759,2013-07-02,2013-10-08,DIREITO PENAL | CRIMES PREVISTOS NA LEGISLAÇÃO EXTRAVAGANTE | CRIMES CONTRA O MEIO AMBIENTE E O PATRIMÔNIO GENÉTICO,,,,,False,5,https://portal.stf.jus.br/processos/listarProcessos.asp?classe=AP&numeroProcesso=759
AP 760,2013-07-02,2013-10-08,DIREITO PENAL | CRIMES PREVISTOS NA LEGISLAÇÃO EXTRAVAGANTE | CRIMES CONTRA O MEIO AMBIENTE E O PATRIMÔNIO GENÉTICO,,,,,False,5,https://portal.stf.jus.br/processos/listarProcessos.asp?classe=AP&numeroProcesso=760
AP 761,2013-07-02,2013-09-25,DIREITO PENAL | CRIMES PREVISTOS NA LEGISLAÇÃO EXTRAVAGANTE | CRIMES CONTRA O MEIO AMBIENTE E O PATRIMÔNIO GENÉTICO,,,,,False,5,https://portal.stf.jus.br/processos/listarProcessos.asp?classe=AP&numeroProcesso=761
AP 762,2013-07-02,2013-10-07,DIREITO PENAL | CRIMES PRATICADOS POR FUNCIONÁRIOS PÚBLICOS CONTRA A ADMINISTRAÇÃO EM GERAL | ADVOCACIA ADMINISTRATIVA,,,,,False,5,https://portal.stf.jus.br/processos/listarProcessos.asp?classe=AP&numeroProcesso=762
AP 763,2013-07-02,2013-09-25,DIREITO PENAL | CRIMES PREVISTOS NA LEGISLAÇÃO EXTRAVAGANTE | CRIMES CONTRA O MEIO AMBIENTE E O PATRIMÔNIO GENÉTICO,,,,,False,5,https://portal.stf.jus.br/processos/listarProcessos.asp?classe=AP&numeroProcesso=763
AP 764,2013-07-04,2013-09-25,DIREITO PENAL | CRIMES PREVISTOS NA LEGISLAÇÃO EXTRAVAGANTE | CRIMES CONTRA O MEIO AMBIENTE E O PATRIMÔNIO GENÉTICO,,,,,False,5,https://portal.stf.jus.br/processos/listarProcessos.asp?classe=AP&numeroProcesso=764
AP 765,2013-07-04,2013-10-14,DIREITO PENAL | CRIMES PREVISTOS NA LEGISLAÇÃO EXTRAVAGANTE | CRIMES CONTRA O MEIO AMBIENTE E O PATRIMÔNIO GENÉTICO,,,,,False,5,https://portal.stf.jus.br/processos/listarProcessos.asp?classe=AP&numeroProcesso=765
AP 766,2013-07-04,2013-10-14,DIREITO PENAL | CRIMES PREVISTOS NA LEGISLAÇÃO EXTRAVAGANTE | CRIMES CONTRA O MEIO AMBIENTE E O PATRIMÔNIO GENÉTICO,,,,,False,5,https://portal.stf.jus.br/processos/listarProcessos.asp?classe=AP&numeroProcesso=766
AP 767,2013-07-04,2013-10-14,DIREITO PENAL | CRIMES PREVISTOS NA LEGISLAÇÃO EXTRAVAGANTE | CRIMES CONTRA O MEIO AMBIENTE E O PATRIMÔNIO GENÉTICO,,,,,False,5,https://portal.stf.jus.br/processos/listarProcessos.asp?classe=AP&numeroProcesso=767
AP 768,2013-07-04,2013-10-14,DIREITO PENAL | CRIMES PREVISTOS NA LEGISLAÇÃO EXTRAVAGANTE | CRIMES CONTRA O MEIO AMBIENTE E O PATRIMÔNIO GENÉTICO,,,,,False,5,https://portal.stf.jus.br/processos/listarProcessos.asp?classe=AP&numeroProcesso=768
AP 769,2013-07-04,2013-10-14,DIREITO PENAL | CRIMES PREVISTOS NA LEGISLAÇÃO EXTRAVAGANTE | CRIMES CONTRA O MEIO AMBIENTE E O PATRIMÔNIO GENÉTICO,,,,,False,5,https://portal.stf.jus.br/processos/listarProcessos.asp?classe=AP&numeroProcesso=769
AP 770,2013-07-04,2013-09-25,DIREITO PENAL | CRIMES PREVISTOS NA LEGISLAÇÃO EXTRAVAGANTE | CRIMES CONTRA O MEIO AMBIENTE E O PATRIMÔNIO GENÉTICO,,,,,False,5,https://portal.stf.jus.br/processos/listarProcessos.asp?classe=AP&numeroProcesso=770
AP 771,2013-07-04,2013-10-14,DIREITO PENAL | CRIMES PREVISTOS NA LEGISLAÇÃO EXTRAVAGANTE | CRIMES CONTRA O MEIO AMBIENTE E O PATRIMÔNIO GENÉTICO,,,,,False,5,https://portal.stf.jus.br/processos/listarProcessos.asp?classe=AP&numeroProcesso=771
AP 772,2013-07-04,2013-09-25,DIREITO PENAL | CRIMES PREVISTOS NA LEGISLAÇÃO EXTRAVAGANTE | CRIMES CONTRA O MEIO AMBIENTE E O PATRIMÔNIO GENÉTICO,,,,,False,5,https://portal.stf.jus.br/processos/listarProcessos.asp?classe=AP&numeroProcesso=772
AP 773,2013-07-04,2013-09-25,DIREITO PENAL | CRIMES PREVISTOS NA LEGISLAÇÃO EXTRAVAGANTE | CRIMES CONTRA O MEIO AMBIENTE E O PATRIMÔNIO GENÉTICO,,,,,False,5,https://portal.stf.jus.br/processos/listarProcessos.asp?classe=AP&numeroProcesso=773
AP 774,2013-07-04,2013-09-25,DIREITO PENAL | CRIMES PREVISTOS NA LEGISLAÇÃO EXTRAVAGANTE | CRIMES CONTRA O MEIO AMBIENTE E O PATRIMÔNIO GENÉTICO,,,,,False,5,https://portal.stf.jus.br/processos/listarProcessos.asp?classe=AP&numeroProcesso=774
AP 775,2013-07-04,2013-09-25,DIREITO PENAL | CRIMES PREVISTOS NA LEGISLAÇÃO EXTRAVAGANTE | CRIMES CONTRA O MEIO AMBIENTE E O PATRIMÔNIO GENÉTICO,,,,,False,5,https://portal.stf.jus.br/processos/listarProcessos.asp?classe=AP&numeroProcesso=775
AP 776,2013-07-04,2013-09-25,DIREITO PENAL | CRIMES PREVISTOS NA LEGISLAÇÃO EXTRAVAGANTE | CRIMES CONTRA O MEIO AMBIENTE E O PATRIMÔNIO GENÉTICO,,,,,False,5,https://portal.stf.jus.br/processos/listarProcessos.asp?classe=AP&numeroProcesso=776
AP 777,2013-07-05,2013-10-14,DIREITO PENAL | CRIMES CONTRA A PAZ PÚBLICA | QUADRILHA OU BANDO,,,,,False,5,https://portal.stf.jus.br/processos/listarProcessos.asp?classe=AP&numeroProcesso=777
AP 778,2013-07-05,2013-10-14,DIREITO PENAL | CRIMES CONTRA A PAZ PÚBLICA | QUADRILHA OU BANDO,,,,,False,5,https://portal.stf.jus.br/processos/listarProcessos.asp?classe=AP&numeroProcesso=778
AP 779,2013-07-05,2013-10-14,DIREITO PENAL | CRIMES PREVISTOS NA LEGISLAÇÃO EXTRAVAGANTE | CRIMES CONTRA O MEIO AMBIENTE E O PATRIMÔNIO GENÉTICO,,,,,False,5,https://portal.stf.jus.br/processos/listarProcessos.asp?classe=AP&numeroProcesso=779
AP 780,2013-07-05,2013-10-14,DIREITO PENAL | CRIMES PREVISTOS NA LEGISLAÇÃO EXTRAVAGANTE | CRIMES CONTRA O MEIO AMBIENTE E O PATRIMÔNIO GENÉTICO,,,,,False,5,https://portal.stf.jus.br/processos/listarProcessos.asp?classe=AP&numeroProcesso=780
AP 781,2013-07-05,2013-10-14,DIREITO PENAL | CRIMES PREVISTOS NA LEGISLAÇÃO EXTRAVAGANTE | CRIMES CONTRA O MEIO AMBIENTE E O PATRIMÔNIO GENÉTICO,,,,,False,5,https://portal.stf.jus.br/processos/listarProcessos.asp?classe=AP&numeroProcesso=781
AP 782,2013-07-05,2013-10-08,DIREITO PENAL | CRIMES PREVISTOS NA LEGISLAÇÃO EXTRAVAGANTE | CRIMES CONTRA O MEIO AMBIENTE E O PATRIMÔNIO GENÉTICO,,,,,False,5,https://portal.stf.jus.br/processos/listarProcessos.asp?classe=AP&numeroProcesso=782
AP 783,2013-07-05,2013-10-14,DIREITO PENAL | CRIMES PREVISTOS NA LEGISLAÇÃO EXTRAVAGANTE | CRIMES CONTRA O MEIO AMBIENTE E O PATRIMÔNIO GENÉTICO,,,,,False,5,https://portal.stf.jus.br/processos/listarProcessos.asp?classe=AP&numeroProcesso=783
AP 784,2013-07-05,2013-10-14,DIREITO PENAL | CRIMES PREVISTOS NA LEGISLAÇÃO EXTRAVAGANTE | CRIMES CONTRA O MEIO AMBIENTE E O PATRIMÔNIO GENÉTICO,,,,,False,5,https://portal.stf.jus.br/processos/listarProcessos.asp?classe=AP&numeroProcesso=784
AP 785,2013-07-05,2013-10-14,DIREITO PENAL | CRIMES PREVISTOS NA LEGISLAÇÃO EXTRAVAGANTE | CRIMES CONTRA O MEIO AMBIENTE E O PATRIMÔNIO GENÉTICO,,,,,False,5,https://portal.stf.jus.br/processos/listarProcessos.asp?classe=AP&numeroProcesso=785
AP 786,2013-07-05,2013-10-14,DIREITO PENAL | CRIMES PREVISTOS NA LEGISLAÇÃO EXTRAVAGANTE | CRIMES CONTRA O MEIO AMBIENTE E O PATRIMÔNIO GENÉTICO,,,,,False,5,https://portal.stf.jus.br/processos/listarProcessos.asp?classe=AP&numeroProcesso=786
AP 787,2013-07-05,2013-10-14,DIREITO PENAL | CRIMES PREVISTOS NA LEGISLAÇÃO EXTRAVAGANTE | CRIMES CONTRA O MEIO AMBIENTE E O PATRIMÔNIO GENÉTICO,,,,,False,5,https://portal.stf.jus.br/processos/listarProcessos.asp?classe=AP&numeroProcesso=787
AP 788,2013-07-05,2013-10-14,DIREITO PENAL | CRIMES PREVISTOS NA LEGISLAÇÃO EXTRAVAGANTE | CRIMES CONTRA O MEIO AMBIENTE E O PATRIMÔNIO GENÉTICO,,,,,False,5,https://portal.stf.jus.br/processos/listarProcessos.asp?classe=AP&numeroProcesso=788
AP 789,2013-07-05,2013-10-14,DIREITO PENAL | CRIMES PREVISTOS NA LEGISLAÇÃO EXTRAVAGANTE | CRIMES CONTRA O MEIO AMBIENTE E O PATRIMÔNIO GENÉTICO,,,,,False,5,https://portal.stf.jus.br/processos/listarProcessos.asp?classe=AP&numeroProcesso=789
AP 790,2013-07-05,2013-10-14,DIREITO PENAL | CRIMES PREVISTOS NA LEGISLAÇÃO EXTRAVAGANTE | CRIMES CONTRA O MEIO AMBIENTE E O PATRIMÔNIO GENÉTICO,,,,,False,5,https://portal.stf.jus.br/processos/listarProcessos.asp?classe=AP&numeroProcesso=790
AP 791,2013-07-05,2013-10-08,DIREITO PENAL | CRIMES PREVISTOS NA LEGISLAÇÃO EXTRAVAGANTE | CRIMES CONTRA O MEIO AMBIENTE E O PATRIMÔNIO GENÉTICO,,,,,False,5,https://portal.stf.jus.br/processos/listarProcessos.asp?classe=AP&numeroProcesso=791
AP 792,2013-07-05,2013-10-08,DIREITO PENAL | CRIMES PREVISTOS NA LEGISLAÇÃO EXTRAVAGANTE | CRIMES CONTRA O MEIO AMBIENTE E O PATRIMÔNIO GENÉTICO,,,,,False,5,https://portal.stf.jus.br/processos/listarProcessos.asp?classe=AP&numeroProcesso=792
AP 793,2013-07-05,2013-10-07,DIREITO PENAL | CRIMES PREVISTOS NA LEGISLAÇÃO EXTRAVAGANTE | CRIMES CONTRA O MEIO AMBIENTE E O PATRIMÔNIO GENÉTICO,,,,,False,5,https://portal.stf.jus.br/processos/listarProcessos.asp?classe=AP&numeroProcesso=793
AP 794,2013-07-05,2013-10-07,DIREITO PENAL | CRIMES PREVISTOS NA LEGISLAÇÃO EXTRAVAGANTE | CRIMES CONTRA O MEIO AMBIENTE E O PATRIMÔNIO GENÉTICO,,,,,False,5,https://portal.stf.jus.br/processos/listarProcessos.asp?classe=AP&numeroProcesso=794
AP 795,2013-07-05,2013-10-07,DIREITO PENAL | CRIMES PREVISTOS NA LEGISLAÇÃO EXTRAVAGANTE | CRIMES CONTRA O MEIO AMBIENTE E O PATRIMÔNIO GENÉTICO,,,,,False,5,https://portal.stf.jus.br/processos/listarProcessos.asp?classe=AP&numeroProcesso=795
AP 796,2013-07-05,2013-09-25,DIREITO PENAL | CRIMES PREVISTOS NA LEGISLAÇÃO EXTRAVAGANTE | CRIMES CONTRA O MEIO AMBIENTE E O PATRIMÔNIO GENÉTICO,,,,,False,5,https://portal.stf.jus.br/processos/listarProcessos.asp?classe=AP&numeroProcesso=796
AP 797,2013-07-05,2013-09-25,DIREITO PENAL | CRIMES PREVISTOS NA LEGISLAÇÃO EXTRAVAGANTE | CRIMES CONTRA O MEIO AMBIENTE E O PATRIMÔNIO GENÉTICO,,,,,False,5,https://portal.stf.jus.br/processos/listarProcessos.asp?classe=AP&numeroProcesso=797
AP 798,2013-07-05,2013-09-25,DIREITO PENAL | CRIMES PREVISTOS NA LEGISLAÇÃO EXTRAVAGANTE | CRIMES CONTRA O MEIO AMBIENTE E O PATRIMÔNIO GENÉTICO,,,,,False,5,https://portal.stf.jus.br/processos/listarProcessos.asp?classe=AP&numeroProcesso=798
AP 799,2013-07-05,2013-10-08,DIREITO PENAL | CRIMES PREVISTOS NA LEGISLAÇÃO EXTRAVAGANTE | CRIMES CONTRA O MEIO AMBIENTE E O PATRIMÔNIO GENÉTICO,,,,,False,5,https://portal.stf.jus.br/processos/listarProcessos.asp?classe=AP&numeroProcesso=799
AP 800,2013-07-08,2013-10-14,DIREITO PENAL | CRIMES PREVISTOS NA LEGISLAÇÃO EXTRAVAGANTE | CRIMES CONTRA O MEIO AMBIENTE E O PATRIMÔNIO GENÉTICO,,,,,False,5,https://portal.stf.jus.br/processos/listarProcessos.asp?classe=AP&numeroProcesso=800
AP 801,2013-07-08,2013-09-25,DIREITO PENAL | CRIMES PREVISTOS NA LEGISLAÇÃO EXTRAVAGANTE | CRIMES CONTRA O MEIO AMBIENTE E O PATRIMÔNIO GENÉTICO,,,,,False,5,https://portal.stf.jus.br/processos/listarProcessos.asp?classe=AP&numeroProcesso=801
AP 802,2013-07-08,2013-10-14,DIREITO PENAL | CRIMES PREVISTOS NA LEGISLAÇÃO EXTRAVAGANTE | CRIMES CONTRA O MEIO AMBIENTE E O PATRIMÔNIO GENÉTICO,,,,,False,5,https://portal.stf.jus.br/processos/listarProcessos.asp?classe=AP&numeroProcesso=802
AP 803,2013-07-08,2013-09-25,DIREITO PENAL | CRIMES PREVISTOS NA LEGISLAÇÃO EXTRAVAGANTE | CRIMES CONTRA O MEIO AMBIENTE E O PATRIMÔNIO GENÉTICO,,,,,False,5,https://portal.stf.jus.br/processos/listarProcessos.asp?classe=AP&numeroProcesso=803
AP 804,2013-07-08,2013-09-25,DIREITO PENAL | CRIMES PREVISTOS NA LEGISLAÇÃO EXTRAVAGANTE | CRIMES CONTRA O MEIO AMBIENTE E O PATRIMÔNIO GENÉTICO,,,,,False,5,https://portal.stf.jus.br/processos/listarProcessos.asp?classe=AP&numeroProcesso=804
AP 805,2013-07-08,2013-10-07,DIREITO PENAL | CRIMES PREVISTOS NA LEGISLAÇÃO EXTRAVAGANTE | CRIMES CONTRA O MEIO AMBIENTE E O PATRIMÔNIO GENÉTICO,,,,,False,5,https://portal.stf.jus.br/processos/listarProcessos.asp?classe=AP&numeroProcesso=805
AP 806,2013-07-08,2013-10-08,DIREITO PENAL | CRIMES PREVISTOS NA LEGISLAÇÃO EXTRAVAGANTE | CRIMES CONTRA O MEIO AMBIENTE E O PATRIMÔNIO GENÉTICO,,,,,False,5,https://portal.stf.jus.br/processos/listarProcessos.asp?classe=AP&numeroProcesso=806
AP 807,2013-07-08,2013-10-14,DIREITO PENAL | CRIMES PREVISTOS NA LEGISLAÇÃO EXTRAVAGANTE | CRIMES CONTRA O MEIO AMBIENTE E O PATRIMÔNIO GENÉTICO,,,,,False,5,https://portal.stf.jus.br/processos/listarProcessos.asp?classe=AP&numeroProcesso=807
AP 808,2013-07-08,2013-10-14,DIREITO PENAL | CRIMES PREVISTOS NA LEGISLAÇÃO EXTRAVAGANTE | CRIMES CONTRA O MEIO AMBIENTE E O PATRIMÔNIO GENÉTICO,,,,,False,5,https://portal.stf.jus.br/processos/listarProcessos.asp?classe=AP&numeroProcesso=808
AP 809,2013-07-08,2013-10-14,DIREITO PENAL | CRIMES PREVISTOS NA LEGISLAÇÃO EXTRAVAGANTE | CRIMES CONTRA O MEIO AMBIENTE E O PATRIMÔNIO GENÉTICO,,,,,False,5,https://portal.stf.jus.br/processos/listarProcessos.asp?classe=AP&numeroProcesso=809
AP 810,2013-07-09,2013-10-08,DIREITO PENAL | CRIMES PREVISTOS NA LEGISLAÇÃO EXTRAVAGANTE | CRIMES CONTRA O MEIO AMBIENTE E O PATRIMÔNIO GENÉTICO,,,,,False,5,https://portal.stf.jus.br/processos/listarProcessos.asp?classe=AP&numeroProcesso=810
AP 811,2013-07-09,2013-09-25,DIREITO PENAL | CRIMES PREVISTOS NA LEGISLAÇÃO EXTRAVAGANTE | CRIMES CONTRA O MEIO AMBIENTE E O PATRIMÔNIO GENÉTICO,,,,,False,5,https://portal.stf.jus.br/processos/listarProcessos.asp?classe=AP&numeroProcesso=811
AP 812,2013-07-09,2013-09-25,DIREITO PENAL | CRIMES PREVISTOS NA LEGISLAÇÃO EXTRAVAGANTE | CRIMES CONTRA O MEIO AMBIENTE E O PATRIMÔNIO GENÉTICO,,,,,False,5,https://portal.stf.jus.br/processos/listarProcessos.asp?classe=AP&numeroProcesso=812
AP 813,2013-07-09,2013-09-25,DIREITO PENAL | CRIMES PREVISTOS NA LEGISLAÇÃO EXTRAVAGANTE | CRIMES CONTRA O MEIO AMBIENTE E O PATRIMÔNIO GENÉTICO,,,,,False,5,https://portal.stf.jus.br/processos/listarProcessos.asp?classe=AP&numeroProcesso=813
AP 814,2013-07-09,2013-09-25,DIREITO PENAL | CRIMES PREVISTOS NA LEGISLAÇÃO EXTRAVAGANTE | CRIMES CONTRA O MEIO AMBIENTE E O PATRIMÔNIO GENÉTICO,,,,,False,5,https://portal.stf.jus.br/processos/listarProcessos.asp?classe=AP&numeroProcesso=814
AP 815,2013-07-09,2013-09-25,DIREITO PENAL | CRIMES PREVISTOS NA LEGISLAÇÃO EXTRAVAGANTE | CRIMES CONTRA O MEIO AMBIENTE E O PATRIMÔNIO GENÉTICO,,,,,False,5,https://portal.stf.jus.br/processos/listarProcessos.asp?classe=AP&numeroProcesso=815
AP 816,2013-07-10,2013-09-25,DIREITO PENAL | CRIMES PREVISTOS NA LEGISLAÇÃO EXTRAVAGANTE | CRIMES CONTRA O MEIO AMBIENTE E O PATRIMÔNIO GENÉTICO,,,,,False,5,https://portal.stf.jus.br/processos/listarProcessos.asp?classe=AP&numeroProcesso=816
AP 817,2013-07-10,2013-09-25,DIREITO PENAL | CRIMES PREVISTOS NA LEGISLAÇÃO EXTRAVAGANTE | CRIMES CONTRA O MEIO AMBIENTE E O PATRIMÔNIO GENÉTICO,,,,,False,5,https://portal.stf.jus.br/processos/listarProcessos.asp?classe=AP&numeroProcesso=817
AP 818,2013-07-10,2013-09-25,DIREITO PENAL | CRIMES PREVISTOS NA LEGISLAÇÃO EXTRAVAGANTE | CRIMES CONTRA O MEIO AMBIENTE E O PATRIMÔNIO GENÉTICO,,,,,False,5,https://portal.stf.jus.br/processos/listarProcessos.asp?classe=AP&numeroProcesso=818
AP 819,2013-07-10,2013-09-25,DIREITO PENAL | CRIMES PREVISTOS NA LEGISLAÇÃO EXTRAVAGANTE | CRIMES CONTRA O MEIO AMBIENTE E O PATRIMÔNIO GENÉTICO,,,,,False,5,https://portal.stf.jus.br/processos/listarProcessos.asp?classe=AP&numeroProcesso=819
AP 820,2013-07-10,2013-09-25,DIREITO PENAL | CRIMES PREVISTOS NA LEGISLAÇÃO EXTRAVAGANTE | CRIMES CONTRA O MEIO AMBIENTE E O PATRIMÔNIO GENÉTICO,,,,,False,5,https://portal.stf.jus.br/processos/listarProcessos.asp?classe=AP&numeroProcesso=820
AP 821,2013-07-10,2013-10-14,DIREITO PENAL | CRIMES PREVISTOS NA LEGISLAÇÃO EXTRAVAGANTE | CRIMES CONTRA O MEIO AMBIENTE E O PATRIMÔNIO GENÉTICO,,,,,False,5,https://portal.stf.jus.br/processos/listarProcessos.asp?classe=AP&numeroProcesso=821
AP 822,2013-07-10,2013-09-25,DIREITO PENAL | CRIMES PREVISTOS NA LEGISLAÇÃO EXTRAVAGANTE | CRIMES CONTRA O MEIO AMBIENTE E O PATRIMÔNIO GENÉTICO,,,,,False,5,https://portal.stf.jus.br/processos/listarProcessos.asp?classe=AP&numeroProcesso=822
AP 823,2013-07-11,2013-09-25,DIREITO PENAL | CRIMES PREVISTOS NA LEGISLAÇÃO EXTRAVAGANTE | CRIMES CONTRA O MEIO AMBIENTE E O PATRIMÔNIO GENÉTICO,,,,,False,5,https://portal.stf.jus.br/processos/listarProcessos.asp?classe=AP&numeroProcesso=823
AP 824,2013-07-11,2013-09-25,DIREITO PENAL | CRIMES PREVISTOS NA LEGISLAÇÃO EXTRAVAGANTE | CRIMES CONTRA O MEIO AMBIENTE E O PATRIMÔNIO GENÉTICO,,,,,False,5,https://portal.stf.jus.br/processos/listarProcessos.asp?classe=AP&numeroProcesso=824
AP 825,2013-07-11,2013-09-25,DIREITO PENAL | CRIMES PREVISTOS NA LEGISLAÇÃO EXTRAVAGANTE | CRIMES CONTRA O MEIO AMBIENTE E O PATRIMÔNIO GENÉTICO,,,,,False,5,https://portal.stf.jus.br/processos/listarProcessos.asp?classe=AP&numeroProcesso=825
AP 826,2013-07-12,2013-09-25,DIREITO PENAL | CRIMES PREVISTOS NA LEGISLAÇÃO EXTRAVAGANTE | CRIMES CONTRA O MEIO AMBIENTE E O PATRIMÔNIO GENÉTICO,,,,,False,5,https://portal.stf.jus.br/processos/listarProcessos.asp?classe=AP&numeroProcesso=826
AP 827,2013-07-12,2013-09-26,DIREITO PENAL | CRIMES PREVISTOS NA LEGISLAÇÃO EXTRAVAGANTE | CRIMES CONTRA O MEIO AMBIENTE E O PATRIMÔNIO GENÉTICO,,,,,False,5,https://portal.stf.jus.br/processos/listarProcessos.asp?classe=AP&numeroProcesso=827
AP 828,2013-07-12,2013-09-25,DIREITO PENAL | CRIMES PREVISTOS NA LEGISLAÇÃO EXTRAVAGANTE | CRIMES CONTRA O MEIO AMBIENTE E O PATRIMÔNIO GENÉTICO,,,,,False,5,https://portal.stf.jus.br/processos/listarProcessos.asp?classe=AP&numeroProcesso=828
AP 829,2013-07-12,2013-09-25,DIREITO PENAL | CRIMES PREVISTOS NA LEGISLAÇÃO EXTRAVAGANTE | CRIMES CONTRA O MEIO AMBIENTE E O PATRIMÔNIO GENÉTICO,,,,,False,5,https://portal.stf.jus.br/processos/listarProcessos.asp?classe=AP&numeroProcesso=829
AP 830,2013-07-15,2013-10-14,DIREITO PENAL | CRIMES PREVISTOS NA LEGISLAÇÃO EXTRAVAGANTE | CRIMES CONTRA O MEIO AMBIENTE E O PATRIMÔNIO GENÉTICO,,,,,False,5,https://portal.stf.jus.br/processos/listarProcessos.asp?classe=AP&numeroProcesso=830
AP 831,2013-07-16,2013-10-08,DIREITO PENAL | CRIMES PREVISTOS NA LEGISLAÇÃO EXTRAVAGANTE | CRIMES CONTRA O MEIO AMBIENTE E O PATRIMÔNIO GENÉTICO,,,,,False,5,https://portal.stf.jus.br/processos/listarProcessos.asp?classe=AP&numeroProcesso=831
AP 832,2013-07-16,2013-10-14,DIREITO PENAL | CRIMES PREVISTOS NA LEGISLAÇÃO EXTRAVAGANTE | CRIMES CONTRA O MEIO AMBIENTE E O PATRIMÔNIO GENÉTICO,,,,,False,5,https://portal.stf.jus.br/processos/listarProcessos.asp?classe=AP&numeroProcesso=832
AP 833,2013-07-16,2013-09-25,DIREITO PENAL | CRIMES PREVISTOS NA LEGISLAÇÃO EXTRAVAGANTE | CRIMES CONTRA O MEIO AMBIENTE E O PATRIMÔNIO GENÉTICO,,,,,False,5,https://portal.stf.jus.br/processos/listarProcessos.asp?classe=AP&numeroProcesso=833
AP 834,2013-07-16,2013-10-14,DIREITO PENAL | CRIMES PREVISTOS NA LEGISLAÇÃO EXTRAVAGANTE | CRIMES CONTRA O MEIO AMBIENTE E O PATRIMÔNIO GENÉTICO,,,,,False,5,https://portal.stf.jus.br/processos/listarProcessos.asp?classe=AP&numeroProcesso=834
AP 835,2013-07-16,2013-10-08,DIREITO PENAL | CRIMES PREVISTOS NA LEGISLAÇÃO EXTRAVAGANTE | CRIMES CONTRA O MEIO AMBIENTE E O PATRIMÔNIO GENÉTICO,,,,,False,5,https://portal.stf.jus.br/processos/listarProcessos.asp?classe=AP&numeroProcesso=835
AP 836,2013-07-16,2013-09-25,DIREITO PENAL | CRIMES PREVISTOS NA LEGISLAÇÃO EXTRAVAGANTE | CRIMES CONTRA O MEIO AMBIENTE E O PATRIMÔNIO GENÉTICO,,,,,False,5,https://portal.stf.jus.br/processos/listarProcessos.asp?classe=AP&numeroProcesso=836
AP 837,2013-07-16,2013-09-25,DIREITO PENAL | CRIMES PREVISTOS NA LEGISLAÇÃO EXTRAVAGANTE | CRIMES CONTRA O MEIO AMBIENTE E O PATRIMÔNIO GENÉTICO,,,,,False,5,https://portal.stf.jus.br/processos/listarProcessos.asp?classe=AP&numeroProcesso=837
AP 838,2013-07-16,2013-10-14,DIREITO PENAL | CRIMES PREVISTOS NA LEGISLAÇÃO EXTRAVAGANTE | CRIMES CONTRA O MEIO AMBIENTE E O PATRIMÔNIO GENÉTICO,,,,,False,6,https://portal.stf.jus.br/processos/listarProcessos.asp?classe=AP&numeroProcesso=838
AP 839,2013-07-16,2013-10-14,DIREITO PENAL | CRIMES PREVISTOS NA LEGISLAÇÃO EXTRAVAGANTE | CRIMES CONTRA O MEIO AMBIENTE E O PATRIMÔNIO GENÉTICO,,,,,False,6,https://portal.stf.jus.br/processos/listarProcessos.asp?classe=AP&numeroProcesso=839
AP 840,2013-07-16,2013-10-14,DIREITO PENAL | CRIMES PREVISTOS NA LEGISLAÇÃO EXTRAVAGANTE | CRIMES CONTRA O MEIO AMBIENTE E O PATRIMÔNIO GENÉTICO,,,,,False,6,https://portal.stf.jus.br/processos/listarProcessos.asp?classe=AP&numeroProcesso=840
AP 841,2013-07-16,2013-09-25,DIREITO PENAL | CRIMES PREVISTOS NA LEGISLAÇÃO EXTRAVAGANTE | CRIMES CONTRA O MEIO AMBIENTE E O PATRIMÔNIO GENÉTICO,,,,,False,6,https://portal.stf.jus.br/processos/listarProcessos.asp?classe=AP&numeroProcesso=841
AP 842,2013-07-16,2013-10-14,DIREITO PENAL | CRIMES PREVISTOS NA LEGISLAÇÃO EXTRAVAGANTE | CRIMES CONTRA O MEIO AMBIENTE E O PATRIMÔNIO GENÉTICO,,,,,False,6,https://portal.stf.jus.br/processos/listarProcessos.asp?classe=AP&numeroProcesso=842
AP 843,2013-07-17,2013-09-25,DIREITO PENAL | CRIMES PREVISTOS NA LEGISLAÇÃO EXTRAVAGANTE | CRIMES CONTRA O MEIO AMBIENTE E O PATRIMÔNIO GENÉTICO,,,,,False,6,https://portal.stf.jus.br/processos/listarProcessos.asp?classe=AP&numeroProcesso=843
AP 844,2013-07-17,2013-10-14,DIREITO PENAL | CRIMES PREVISTOS NA LEGISLAÇÃO EXTRAVAGANTE | CRIMES CONTRA O MEIO AMBIENTE E O PATRIMÔNIO GENÉTICO,,,,,False,6,https://portal.stf.jus.br/processos/listarProcessos.asp?classe=AP&numeroProcesso=844
AP 845,2013-07-17,2013-10-08,DIREITO PENAL | CRIMES PREVISTOS NA LEGISLAÇÃO EXTRAVAGANTE | CRIMES CONTRA O MEIO AMBIENTE E O PATRIMÔNIO GENÉTICO,,,,,False,6,https://portal.stf.jus.br/processos/listarProcessos.asp?classe=AP&numeroProcesso=845
AP 846,2013-07-17,2013-09-25,DIREITO PENAL | CRIMES PREVISTOS NA LEGISLAÇÃO EXTRAVAGANTE | CRIMES CONTRA O MEIO AMBIENTE E O PATRIMÔNIO GENÉTICO,,,,,False,6,https://portal.stf.jus.br/processos/listarProcessos.asp?classe=AP&numeroProcesso=846
AP 847,2013-07-17,2013-09-25,DIREITO PENAL | CRIMES PREVISTOS NA LEGISLAÇÃO EXTRAVAGANTE | CRIMES CONTRA O MEIO AMBIENTE E O PATRIMÔNIO GENÉTICO,,,,,False,6,https://portal.stf.jus.br/processos/listarProcessos.asp?classe=AP&numeroProcesso=847
AP 848,2013-07-17,2013-10-08,DIREITO PENAL | CRIMES PREVISTOS NA LEGISLAÇÃO EXTRAVAGANTE | CRIMES CONTRA O MEIO AMBIENTE E O PATRIMÔNIO GENÉTICO,,,,,False,6,https://portal.stf.jus.br/processos/listarProcessos.asp?classe=AP&numeroProcesso=848
AP 849,2013-07-17,2013-10-14,DIREITO PENAL | CRIMES PREVISTOS NA LEGISLAÇÃO EXTRAVAGANTE | CRIMES CONTRA O MEIO AMBIENTE E O PATRIMÔNIO GENÉTICO,,,,,False,6,https://portal.stf.jus.br/processos/listarProcessos.asp?classe=AP&numeroProcesso=849
AP 850,2013-08-01,2015-03-04,DIREITO PENAL | CRIMES PRATICADOS POR FUNCIONÁRIOS PÚBLICOS CONTRA A ADMINISTRAÇÃO EM GERAL | PECULATO,,,,,False,6,https://portal.stf.jus.br/processos/listarProcessos.asp?classe=AP&numeroProcesso=850
AP 851,2013-08-28,2015-12-03,DIREITO PENAL | CRIMES PRATICADOS POR FUNCIONÁRIOS PÚBLICOS CONTRA A ADMINISTRAÇÃO EM GERAL | PECULATO,,,,,False,6,https://portal.stf.jus.br/processos/listarProcessos.asp?classe=AP&numeroProcesso=851
AP 852,2013-09-03,2014-05-08,DIREITO PROCESSUAL PENAL | AÇÃO PENAL | NULIDADE,,,,,False,6,https://portal.stf.jus.br/processos/listarProcessos.asp?classe=AP&numeroProcesso=852
AP 853,2013-09-23,2015-03-11,DIREITO PENAL | CRIMES PRATICADOS POR FUNCIONÁRIOS PÚBLICOS CONTRA A ADMINISTRAÇÃO EM GERAL | PECULATO,,,,,False,6,https://portal.stf.jus.br/processos/listarProcessos.asp?classe=AP&numeroProcesso=853
AP 854,2013-09-24,2014-03-11,DIREITO PENAL | CRIMES PREVISTOS NA LEGISLAÇÃO EXTRAVAGANTE | CRIMES CONTRA A ORDEM TRIBUTÁRIA,,,,,False,6,https://portal.stf.jus.br/processos/listarProcessos.asp?classe=AP&numeroProcesso=854
AP 855,2013-09-24,2015-03-04,DIREITO PENAL | CRIMES PREVISTOS NA LEGISLAÇÃO EXTRAVAGANTE | CRIMES ELEITORAIS,,,,,False,6,https://portal.stf.jus.br/processos/listarProcessos.asp?classe=AP&numeroProcesso=855
AP 856,2013-09-27,2015-07-01,DIREITO PENAL | CRIMES PREVISTOS NA LEGISLAÇÃO EXTRAVAGANTE | CRIMES CONTRA O MEIO AMBIENTE E O PATRIMÔNIO GENÉTICO,,,,,False,6,https://portal.stf.jus.br/processos/listarProcessos.asp?classe=AP&numeroProcesso=856
AP 857,2013-10-01,2015-03-27,DIREITO PENAL | CRIMES PREVISTOS NA LEGISLAÇÃO EXTRAVAGANTE | CRIMES CONTRA O MEIO AMBIENTE E O PATRIMÔNIO GENÉTICO | CRIMES CONTRA A FLORA,,,,,False,6,https://portal.stf.jus.br/processos/listarProcessos.asp?classe=AP&numeroProcesso=857
AP 859,2013-10-22,2015-02-09,DIREITO PENAL | CRIMES PREVISTOS NA LEGISLAÇÃO EXTRAVAGANTE | CRIMES ELEITORAIS,,,,,False,6,https://portal.stf.jus.br/processos/listarProcessos.asp?classe=AP&numeroProcesso=859
AP 860,2013-10-28,2014-09-08,DIREITO PENAL | CRIMES PRATICADOS POR FUNCIONÁRIOS PÚBLICOS CONTRA A ADMINISTRAÇÃO EM GERAL | PECULATO,,,,,False,6,https://portal.stf.jus.br/processos/listarProcessos.asp?classe=AP&numeroProcesso=860
AP 861,2013-10-29,2014-02-20,DIREITO PENAL | CRIMES PREVISTOS NA LEGISLAÇÃO EXTRAVAGANTE | CRIMES DA LEI DE LICITAÇÕES,,,,,False,6,https://portal.stf.jus.br/processos/listarProcessos.asp?classe=AP&numeroProcesso=861
AP 862,2013-10-30,2016-04-05,DIREITO PENAL | CRIMES PREVISTOS NA LEGISLAÇÃO EXTRAVAGANTE | CRIMES ELEITORAIS | CAPTAÇÃO ILÍCITA DE VOTOS OU CORRUPÇÃO ELEITORAL,,,,,False,6,https://portal.stf.jus.br/processos/listarProcessos.asp?classe=AP&numeroProcesso=862
AP 864,2013-12-16,2024-09-10,DIREITO PENAL | CRIMES PRATICADOS POR FUNCIONÁRIOS PÚBLICOS CONTRA A ADMINISTRAÇÃO EM GERAL,,,,,False,6,https://portal.stf.jus.br/processos/listarProcessos.asp?classe=AP&numeroProcesso=864
AP 865,2013-12-24,2015-08-31,DIREITO PENAL | CRIMES CONTRA A HONRA | CALÚNIA,,,,,False,6,https://portal.stf.jus.br/processos/listarProcessos.asp?classe=AP&numeroProcesso=865
AP 866,2014-01-06,2015-02-03,DIREITO PENAL | CRIMES CONTRA A VIDA,,,,,False,6,https://portal.stf.jus.br/processos/listarProcessos.asp?classe=AP&numeroProcesso=866
AP 867,2014-03-21,2015-03-04,DIREITO PENAL | CRIMES CONTRA A HONRA | CALÚNIA,,,,,False,6,https://portal.stf.jus.br/processos/listarProcessos.asp?classe=AP&numeroProcesso=867
AP 868,2014-04-01,2014-05-15,DIREITO PROCESSUAL PENAL | JURISDIÇÃO E COMPETÊNCIA,,,,,False,6,https://portal.stf.jus.br/processos/listarProcessos.asp?classe=AP&numeroProcesso=868
AP 870,2014-05-13,2015-07-01,DIREITO PENAL | CRIMES CONTRA A LIBERDADE PESSOAL | REDUÇÃO A CONDIÇÃO ANÁLOGA À DE ESCRAVO,,,,,False,6,https://portal.stf.jus.br/processos/listarProcessos.asp?classe=AP&numeroProcesso=870
AP 871,2014-05-23,2014-06-10,"DIREITO PENAL | CRIMES PREVISTOS NA LEGISLAÇÃO EXTRAVAGANTE | CRIMES DE ""LAVAGEM"" OU OCULTAÇÃO DE BENS, DIREITOS OU VALORES",,,,,False,6,https://portal.stf.jus.br/processos/listarProcessos.asp?classe=AP&numeroProcesso=871
AP 872,2014-05-23,2014-06-10,"DIREITO PENAL | CRIMES PREVISTOS NA LEGISLAÇÃO EXTRAVAGANTE | CRIMES DE ""LAVAGEM"" OU OCULTAÇÃO DE BENS, DIREITOS OU VALORES",,,,,False,6,https://portal.stf.jus.br/processos/listarProcessos.asp?classe=AP&numeroProcesso=872
AP 873,2014-05-23,2014-06-10,"DIREITO PENAL | CRIMES PREVISTOS NA LEGISLAÇÃO EXTRAVAGANTE | CRIMES DE ""LAVAGEM"" OU OCULTAÇÃO DE BENS, DIREITOS OU VALORES",,,,,False,6,https://portal.stf.jus.br/processos/listarProcessos.asp?classe=AP&numeroProcesso=873
AP 874,2014-05-23,2014-06-10,"DIREITO PENAL | CRIMES PREVISTOS NA LEGISLAÇÃO EXTRAVAGANTE | CRIMES DE ""LAVAGEM"" OU OCULTAÇÃO DE BENS, DIREITOS OU VALORES",,,,,False,6,https://portal.stf.jus.br/processos/listarProcessos.asp?classe=AP&numeroProcesso=874
AP 875,2014-05-23,2014-06-10,DIREITO PENAL | CRIMES PREVISTOS NA LEGISLAÇÃO EXTRAVAGANTE | CRIMES CONTRA O SISTEMA FINANCEIRO NACIONAL,,,,,False,6,https://portal.stf.jus.br/processos/listarProcessos.asp?classe=AP&numeroProcesso=875
AP 876,2014-05-23,2014-06-10,*NI*,,,,,False,6,https://portal.stf.jus.br/processos/listarProcessos.asp?classe=AP&numeroProcesso=876
AP 877,2014-05-23,2014-06-10,DIREITO PENAL | CRIMES PREVISTOS NA LEGISLAÇÃO EXTRAVAGANTE | CRIMES DE TRÁFICO ILÍCITO E USO INDEVIDO DE DROGAS | TRÁFICO DE DROGAS E CONDUTAS AFINS,,,,,False,6,https://portal.stf.jus.br/processos/listarProcessos.asp?classe=AP&numeroProcesso=877
AP 878,2014-05-23,2014-06-10,"DIREITO PENAL | CRIMES PREVISTOS NA LEGISLAÇÃO EXTRAVAGANTE | CRIMES DE ""LAVAGEM"" OU OCULTAÇÃO DE BENS, DIREITOS OU VALORES",,,,,False,6,https://portal.stf.jus.br/processos/listarProcessos.asp?classe=AP&numeroProcesso=878
AP 879,2014-06-16,2014-09-16,DIREITO PENAL | CRIMES PREVISTOS NA LEGISLAÇÃO EXTRAVAGANTE | CRIMES ELEITORAIS | BOCA DE URNA,,,,,False,6,https://portal.stf.jus.br/processos/listarProcessos.asp?classe=AP&numeroProcesso=879
AP 881,2014-08-12,2014-11-25,"DIREITO PENAL | CRIMES PREVISTOS NA LEGISLAÇÃO EXTRAVAGANTE | CRIMES DE ""LAVAGEM"" OU OCULTAÇÃO DE BENS, DIREITOS OU VALORES",,,,,False,6,https://portal.stf.jus.br/processos/listarProcessos.asp?classe=AP&numeroProcesso=881
AP 882,2014-09-04,2015-04-13,DIREITO PENAL | CRIMES PREVISTOS NA LEGISLAÇÃO EXTRAVAGANTE | CRIMES ELEITORAIS | USO DE DOCUMENTO FALSO,,,,,False,6,https://portal.stf.jus.br/processos/listarProcessos.asp?classe=AP&numeroProcesso=882
AP 884,2014-10-10,2015-06-01,DIREITO PENAL | CRIMES PREVISTOS NA LEGISLAÇÃO EXTRAVAGANTE | CRIMES ELEITORAIS,,,,,False,6,https://portal.stf.jus.br/processos/listarProcessos.asp?classe=AP&numeroProcesso=884
AP 885,2014-10-14,2015-08-05,DIREITO PENAL | CRIMES CONTRA A HONRA | CALÚNIA,,,,,False,6,https://portal.stf.jus.br/processos/listarProcessos.asp?classe=AP&numeroProcesso=885
AP 886,2014-10-20,2015-03-02,DIREITO PENAL | CRIMES CONTRA A LIBERDADE PESSOAL | REDUÇÃO A CONDIÇÃO ANÁLOGA À DE ESCRAVO,,,,,False,6,https://portal.stf.jus.br/processos/listarProcessos.asp?classe=AP&numeroProcesso=886
AP 887,2014-10-31,2015-02-03,DIREITO PENAL | CRIMES PREVISTOS NA LEGISLAÇÃO EXTRAVAGANTE | CRIMES DE RESPONSABILIDADE,,,,,False,6,https://portal.stf.jus.br/processos/listarProcessos.asp?classe=AP&numeroProcesso=887
AP 888,2014-11-03,2015-02-26,DIREITO PENAL | CRIMES CONTRA A ORGANIZAÇÃO DO TRABALHO | ALICIAMENTO DE TRABALHADORES DE UM LOCAL PARA OUTRO DO TERRITÓRIO NACIONAL,,,,,False,6,https://portal.stf.jus.br/processos/listarProcessos.asp?classe=AP&numeroProcesso=888
AP 889,2014-11-04,2015-02-09,DIREITO PENAL | CRIMES PREVISTOS NA LEGISLAÇÃO EXTRAVAGANTE | CRIMES ELEITORAIS | BOCA DE URNA,,,,,False,6,https://portal.stf.jus.br/processos/listarProcessos.asp?classe=AP&numeroProcesso=889
AP 890,2014-11-04,2015-03-19,DIREITO PENAL | CRIMES PREVISTOS NA LEGISLAÇÃO EXTRAVAGANTE | CRIMES DE RESPONSABILIDADE,,,,,False,6,https://portal.stf.jus.br/processos/listarProcessos.asp?classe=AP&numeroProcesso=890
AP 891,2014-11-04,2021-08-03,DIREITO PENAL | CRIMES CONTRA A HONRA | CALÚNIA,,,,,False,6,https://portal.stf.jus.br/processos/listarProcessos.asp?classe=AP&numeroProcesso=891
AP 893,2014-11-06,2015-02-09,DIREITO AMBIENTAL,,,,,False,6,https://portal.stf.jus.br/processos/listarProcessos.asp?classe=AP&numeroProcesso=893
AP 894,2014-11-13,2015-02-05,DIREITO PENAL | CRIMES PRATICADOS POR FUNCIONÁRIOS PÚBLICOS CONTRA A ADMINISTRAÇÃO EM GERAL | PECULATO,,,,,False,6,https://portal.stf.jus.br/processos/listarProcessos.asp?classe=AP&numeroProcesso=894
AP 895,2014-11-17,2015-03-11,DIREITO PENAL | CRIMES PREVISTOS NA LEGISLAÇÃO EXTRAVAGANTE | CRIMES ELEITORAIS,,,,,False,6,https://portal.stf.jus.br/processos/listarProcessos.asp?classe=AP&numeroProcesso=895
AP 897,2014-11-27,2015-03-02,DIREITO PENAL | CRIMES CONTRA A HONRA | CALÚNIA,,,,,False,6,https://portal.stf.jus.br/processos/listarProcessos.asp?classe=AP&numeroProcesso=897
AP 899,2014-12-03,2015-02-25,DIREITO PENAL | CRIMES PREVISTOS NA LEGISLAÇÃO EXTRAVAGANTE | CRIMES ELEITORAIS | CAPTAÇÃO ILÍCITA DE VOTOS OU CORRUPÇÃO ELEITORAL,,,,,False,6,https://portal.stf.jus.br/processos/listarProcessos.asp?classe=AP&numeroProcesso=899
AP 900,2014-12-11,2015-02-06,DIREITO PENAL | CRIMES CONTRA A ADMINISTRAÇÃO DA JUSTIÇA,,,,,False,6,https://portal.stf.jus.br/processos/listarProcessos.asp?classe=AP&numeroProcesso=900
AP 901,2014-12-19,2015-05-07,"DIREITO PENAL | CRIMES PREVISTOS NA LEGISLAÇÃO EXTRAVAGANTE | CRIMES DE ""LAVAGEM"" OU OCULTAÇÃO DE BENS, DIREITOS OU VALORES",,,,,False,6,https://portal.stf.jus.br/processos/listarProcessos.asp?classe=AP&numeroProcesso=901
AP 902,2014-12-30,2015-02-04,DIREITO PENAL | CRIMES PRATICADOS POR FUNCIONÁRIOS PÚBLICOS CONTRA A ADMINISTRAÇÃO EM GERAL,,,,,False,6,https://portal.stf.jus.br/processos/listarProcessos.asp?classe=AP&numeroProcesso=902
AP 903,2015-01-12,2015-05-18,DIREITO PENAL | CRIMES PREVISTOS NA LEGISLAÇÃO EXTRAVAGANTE | CRIMES ELEITORAIS,,,,,False,6,https://portal.stf.jus.br/processos/listarProcessos.asp?classe=AP&numeroProcesso=903
AP 904,2015-01-12,2015-04-14,DIREITO ELEITORAL | CRIMES ELEITORAIS | CRIMES CONTRA O SERVIÇO DA JUSTIÇA ELEITORAL |DESOBEDIÊNCIA A ORDENS OU INSTRUÇÕES DA JUSTIÇA ELEITORAL,,,,,False,6,https://portal.stf.jus.br/processos/listarProcessos.asp?classe=AP&numeroProcesso=904
AP 905,2015-02-09,2016-02-23,DIREITO PENAL | CRIMES PRATICADOS POR FUNCIONÁRIOS PÚBLICOS CONTRA A ADMINISTRAÇÃO EM GERAL | PECULATO,,,,,False,6,https://portal.stf.jus.br/processos/listarProcessos.asp?classe=AP&numeroProcesso=905
AP 907,2015-02-13,2018-05-04,DIREITO PENAL | CRIMES PREVISTOS NA LEGISLAÇÃO EXTRAVAGANTE | CRIMES DO SISTEMA NACIONAL DE ARMAS,,,,,False,6,https://portal.stf.jus.br/processos/listarProcessos.asp?classe=AP&numeroProcesso=907
AP 911,2015-02-25,2018-05-17,DIREITO PENAL | CRIMES PRATICADOS POR FUNCIONÁRIOS PÚBLICOS CONTRA A ADMINISTRAÇÃO EM GERAL | CONCUSSÃO,,,,,False,6,https://portal.stf.jus.br/processos/listarProcessos.asp?classe=AP&numeroProcesso=911
AP 912,2015-03-02,2017-03-07,DIREITO PENAL | CRIMES PREVISTOS NA LEGISLAÇÃO EXTRAVAGANTE | CRIMES DA LEI DE LICITAÇÕES,,,,,False,6,https://portal.stf.jus.br/processos/listarProcessos.asp?classe=AP&numeroProcesso=912
AP 913,2015-03-04,2015-11-17,DIREITO PENAL | CRIMES PREVISTOS NA LEGISLAÇÃO EXTRAVAGANTE | CRIMES DA LEI DE LICITAÇÕES,,,,,False,6,https://portal.stf.jus.br/processos/listarProcessos.asp?classe=AP&numeroProcesso=913
AP 914,2015-03-04,2019-02-22,DIREITO PENAL | CRIMES PRATICADOS POR FUNCIONÁRIOS PÚBLICOS CONTRA A ADMINISTRAÇÃO EM GERAL | PECULATO,,,,,False,6,https://portal.stf.jus.br/processos/listarProcessos.asp?classe=AP&numeroProcesso=914
AP 915,2015-03-04,2018-05-17,DIREITO ADMINISTRATIVO E OUTRAS MATÉRIAS DE DIREITO PÚBLICO | LICITAÇÕES  | MODALIDADE / LIMITE,,,,,False,6,https://portal.stf.jus.br/processos/listarProcessos.asp?classe=AP&numeroProcesso=915
AP 918,2015-03-10,2015-11-26,DIREITO PENAL | CRIMES CONTRA A ADMINISTRAÇÃO DA JUSTIÇA | FALSO TESTEMUNHO OU FALSA PERÍCIA,,,,,False,6,https://portal.stf.jus.br/processos/listarProcessos.asp?classe=AP&numeroProcesso=918
AP 919,2015-03-13,2015-11-23,DIREITO PENAL | CRIMES CONTRA O PATRIMÔNIO | APROPRIAÇÃO INDÉBITA,,,,,False,6,https://portal.stf.jus.br/processos/listarProcessos.asp?classe=AP&numeroProcesso=919
AP 920,2015-03-19,2016-09-06,DIREITO PENAL | CRIMES PREVISTOS NA LEGISLAÇÃO EXTRAVAGANTE | CRIMES ELEITORAIS,,,,,False,6,https://portal.stf.jus.br/processos/listarProcessos.asp?classe=AP&numeroProcesso=920
AP 922,2015-03-20,2015-06-26,DIREITO PENAL | CRIMES PREVISTOS NA LEGISLAÇÃO EXTRAVAGANTE | CRIMES DE RESPONSABILIDADE,,,,,False,6,https://portal.stf.jus.br/processos/listarProcessos.asp?classe=AP&numeroProcesso=922
AP 923,2015-03-23,2018-05-10,"DIREITO PENAL | CRIMES PREVISTOS NA LEGISLAÇÃO EXTRAVAGANTE | CRIMES DE ""LAVAGEM"" OU OCULTAÇÃO DE BENS, DIREITOS OU VALORES",,,,,False,6,https://portal.stf.jus.br/processos/listarProcessos.asp?classe=AP&numeroProcesso=923
AP 925,2015-03-23,2019-02-20,DIREITO PENAL | CRIMES PREVISTOS NA LEGISLAÇÃO EXTRAVAGANTE | CRIMES ELEITORAIS,,,,,False,6,https://portal.stf.jus.br/processos/listarProcessos.asp?classe=AP&numeroProcesso=925
AP 926,2015-04-06,2016-09-06,DIREITO PENAL | CRIMES CONTRA A HONRA | INJÚRIA,,,,,False,6,https://portal.stf.jus.br/processos/listarProcessos.asp?classe=AP&numeroProcesso=926
AP 927,2015-04-07,2017-12-12,"DIREITO PENAL | CRIMES PREVISTOS NA LEGISLAÇÃO EXTRAVAGANTE | CRIMES CONTRA A SEGURANÇA NACIONAL, A ORDEM POLÍTICA E SOCIAL",,,,,False,6,https://portal.stf.jus.br/processos/listarProcessos.asp?classe=AP&numeroProcesso=927
AP 928,2015-04-10,2022-11-24,DIREITO PENAL | CRIMES CONTRA AS FINANÇAS PÚBLICAS | AUMENTO DE DESPESA COM PESSOAL NO ÚLTIMO ANO DO MANDATO OU LEGISLATURA,,,,,False,6,https://portal.stf.jus.br/processos/listarProcessos.asp?classe=AP&numeroProcesso=928
AP 929,2015-04-14,2018-10-17,DIREITO PENAL | CRIMES PREVISTOS NA LEGISLAÇÃO EXTRAVAGANTE | CRIMES ELEITORAIS | CALÚNIA,,,,,False,6,https://portal.stf.jus.br/processos/listarProcessos.asp?classe=AP&numeroProcesso=929
AP 930,2015-04-15,2019-02-05,DIREITO PENAL | CRIMES PRATICADOS POR FUNCIONÁRIOS PÚBLICOS CONTRA A ADMINISTRAÇÃO EM GERAL | PECULATO,,,,,False,6,https://portal.stf.jus.br/processos/listarProcessos.asp?classe=AP&numeroProcesso=930
AP 933,2015-04-27,2015-10-06,DIREITO PENAL | CRIMES PREVISTOS NA LEGISLAÇÃO EXTRAVAGANTE | CRIMES ELEITORAIS,,,,,False,6,https://portal.stf.jus.br/processos/listarProcessos.asp?classe=AP&numeroProcesso=933
AP 936,2015-05-07,2018-05-10,DIREITO PENAL | CRIMES PREVISTOS NA LEGISLAÇÃO EXTRAVAGANTE | CRIMES CONTRA O MEIO AMBIENTE E O PATRIMÔNIO GENÉTICO,,,,,False,6,https://portal.stf.jus.br/processos/listarProcessos.asp?classe=AP&numeroProcesso=936
AP 937,2015-05-18,2018-05-03,DIREITO PENAL | CRIMES PREVISTOS NA LEGISLAÇÃO EXTRAVAGANTE | CRIMES ELEITORAIS | CAPTAÇÃO ILÍCITA DE VOTOS OU CORRUPÇÃO ELEITORAL,,,,,False,6,https://portal.stf.jus.br/processos/listarProcessos.asp?classe=AP&numeroProcesso=937
AP 938,2015-05-18,2018-05-09,DIREITO PENAL | CRIMES PREVISTOS NA LEGISLAÇÃO EXTRAVAGANTE | CRIMES DA LEI DE LICITAÇÕES,,,,,False,6,https://portal.stf.jus.br/processos/listarProcessos.asp?classe=AP&numeroProcesso=938
AP 939,2015-05-19,2017-05-25,DIREITO PENAL | CRIMES PREVISTOS NA LEGISLAÇÃO EXTRAVAGANTE | CRIMES DE RESPONSABILIDADE,,,,,False,6,https://portal.stf.jus.br/processos/listarProcessos.asp?classe=AP&numeroProcesso=939
AP 941,2015-05-28,2017-09-12,DIREITO PENAL | CRIMES PREVISTOS NA LEGISLAÇÃO EXTRAVAGANTE | CRIMES DA LEI DE LICITAÇÕES,,,,,False,6,https://portal.stf.jus.br/processos/listarProcessos.asp?classe=AP&numeroProcesso=941
AP 942,2015-06-03,2018-05-09,DIREITO PENAL | CRIMES PRATICADOS POR FUNCIONÁRIOS PÚBLICOS CONTRA A ADMINISTRAÇÃO EM GERAL | VIOLAÇÃO DO SIGILO FUNCIONAL,,,,,False,6,https://portal.stf.jus.br/processos/listarProcessos.asp?classe=AP&numeroProcesso=942
AP 944,2015-06-05,2018-05-09,DIREITO PENAL | CRIMES PREVISTOS NA LEGISLAÇÃO EXTRAVAGANTE | CRIMES CONTRA O SISTEMA FINANCEIRO NACIONAL,,,,,False,6,https://portal.stf.jus.br/processos/listarProcessos.asp?classe=AP&numeroProcesso=944
AP 945,2015-06-08,2018-09-11,DIREITO PENAL | CRIMES PREVISTOS NA LEGISLAÇÃO EXTRAVAGANTE | CRIMES CONTRA O SISTEMA FINANCEIRO NACIONAL,,,,,False,6,https://portal.stf.jus.br/processos/listarProcessos.asp?classe=AP&numeroProcesso=945
AP 947,2015-06-17,2018-05-29,DIREITO PENAL | CRIMES PREVISTOS NA LEGISLAÇÃO EXTRAVAGANTE | CRIMES DE RESPONSABILIDADE,,,,,False,6,https://portal.stf.jus.br/processos/listarProcessos.asp?classe=AP&numeroProcesso=947
AP 949,2015-07-01,2018-09-04,DIREITO PENAL | CRIMES PREVISTOS NA LEGISLAÇÃO EXTRAVAGANTE | CRIMES DE RESPONSABILIDADE,,,,,False,6,https://portal.stf.jus.br/processos/listarProcessos.asp?classe=AP&numeroProcesso=949
AP 951,2015-07-09,2015-10-08,DIREITO PENAL | CRIMES PRATICADOS POR FUNCIONÁRIOS PÚBLICOS CONTRA A ADMINISTRAÇÃO EM GERAL | CORRUPÇÃO PASSIVA,,,,,False,6,https://portal.stf.jus.br/processos/listarProcessos.asp?classe=AP&numeroProcesso=951
AP 952,2015-07-10,2018-10-09,DIREITO PENAL | CRIMES PREVISTOS NA LEGISLAÇÃO EXTRAVAGANTE | CRIMES DA LEI DE LICITAÇÕES,,,,,False,6,https://portal.stf.jus.br/processos/listarProcessos.asp?classe=AP&numeroProcesso=952
AP 953,2015-07-13,2016-09-06,DIREITO PENAL | CRIMES PREVISTOS NA LEGISLAÇÃO EXTRAVAGANTE | CRIMES CONTRA O MEIO AMBIENTE E O PATRIMÔNIO GENÉTICO | CRIMES CONTRA A FLORA,,,,,False,6,https://portal.stf.jus.br/processos/listarProcessos.asp?classe=AP&numeroProcesso=953
AP 956,2015-08-18,2018-05-04,DIREITO PENAL | CRIMES PREVISTOS NA LEGISLAÇÃO EXTRAVAGANTE | CRIMES DA LEI DE LICITAÇÕES,,,,,False,6,https://portal.stf.jus.br/processos/listarProcessos.asp?classe=AP&numeroProcesso=956
AP 959,2015-08-25,2016-01-29,DIREITO PENAL | CRIMES PRATICADOS POR FUNCIONÁRIOS PÚBLICOS CONTRA A ADMINISTRAÇÃO EM GERAL | PREVARICAÇÃO,,,,,False,6,https://portal.stf.jus.br/processos/listarProcessos.asp?classe=AP&numeroProcesso=959
AP 961,2015-09-28,2018-11-12,"DIREITO PENAL | CRIMES PREVISTOS NA LEGISLAÇÃO EXTRAVAGANTE | CRIMES CONTRA A SEGURANÇA NACIONAL, A ORDEM POLÍTICA E SOCIAL",,,,,False,6,https://portal.stf.jus.br/processos/listarProcessos.asp?classe=AP&numeroProcesso=961
AP 963,2015-10-08,2015-12-09,DIREITO PENAL | CRIMES PRATICADOS POR PARTICULAR CONTRA A ADMINISTRAÇÃO EM GERAL | CORRUPÇÃO ATIVA,,,,,False,6,https://portal.stf.jus.br/processos/listarProcessos.asp?classe=AP&numeroProcesso=963
AP 964,2015-11-03,2019-03-12,DIREITO PENAL | CRIMES CONTRA A LIBERDADE PESSOAL | AMEAÇA,,,,,False,6,https://portal.stf.jus.br/processos/listarProcessos.asp?classe=AP&numeroProcesso=964
AP 966,2015-11-06,2018-05-17,DIREITO PENAL | CRIMES PRATICADOS POR FUNCIONÁRIOS PÚBLICOS CONTRA A ADMINISTRAÇÃO EM GERAL | CONCUSSÃO,,,,,False,6,https://portal.stf.jus.br/processos/listarProcessos.asp?classe=AP&numeroProcesso=966
AP 969,2015-11-18,2023-08-31,DIREITO PENAL | CRIMES PREVISTOS NA LEGISLAÇÃO EXTRAVAGANTE | CRIMES DE RESPONSABILIDADE,,,,,False,6,https://portal.stf.jus.br/processos/listarProcessos.asp?classe=AP&numeroProcesso=969
AP 970,2015-11-30,2018-05-08,"DIREITO PENAL | CRIMES PREVISTOS NA LEGISLAÇÃO EXTRAVAGANTE | CRIMES DE ""LAVAGEM"" OU OCULTAÇÃO DE BENS, DIREITOS OU VALORES",,,,,False,6,https://portal.stf.jus.br/processos/listarProcessos.asp?classe=AP&numeroProcesso=970
AP 971,2015-12-23,2016-06-28,DIREITO PENAL | CRIMES PREVISTOS NA LEGISLAÇÃO EXTRAVAGANTE | CRIMES DA LEI DE LICITAÇÕES,,,,,False,6,https://portal.stf.jus.br/processos/listarProcessos.asp?classe=AP&numeroProcesso=971
AP 975,2016-02-16,2018-08-01,DIREITO PENAL | CRIMES PRATICADOS POR FUNCIONÁRIOS PÚBLICOS CONTRA A ADMINISTRAÇÃO EM GERAL | PECULATO,,,,,False,7,https://portal.stf.jus.br/processos/listarProcessos.asp?classe=AP&numeroProcesso=975
AP 978,2016-03-21,2018-05-17,DIREITO PENAL | CRIMES PREVISTOS NA LEGISLAÇÃO EXTRAVAGANTE | CRIMES CONTRA O MEIO AMBIENTE E O PATRIMÔNIO GENÉTICO,,,,,False,7,https://portal.stf.jus.br/processos/listarProcessos.asp?classe=AP&numeroProcesso=978
AP 981,2016-05-18,2016-08-02,DIREITO PENAL | CRIMES CONTRA O PATRIMÔNIO | APROPRIAÇÃO INDÉBITA PREVIDENCIÁRIA,,,,,False,7,https://portal.stf.jus.br/processos/listarProcessos.asp?classe=AP&numeroProcesso=981
AP 982,2016-06-03,2016-09-15,DIREITO PENAL | CRIMES PRATICADOS POR FUNCIONÁRIOS PÚBLICOS CONTRA A ADMINISTRAÇÃO EM GERAL | CORRUPÇÃO PASSIVA,,,,,False,7,https://portal.stf.jus.br/processos/listarProcessos.asp?classe=AP&numeroProcesso=982
AP 983,2016-06-08,2019-09-05,DIREITO PENAL | CRIMES PREVISTOS NA LEGISLAÇÃO EXTRAVAGANTE | CRIMES CONTRA A ORDEM TRIBUTÁRIA,,,,,False,7,https://portal.stf.jus.br/processos/listarProcessos.asp?classe=AP&numeroProcesso=983
AP 985,2016-06-10,2017-06-06,DIREITO PENAL | CRIMES PREVISTOS NA LEGISLAÇÃO EXTRAVAGANTE | CRIMES DE RESPONSABILIDADE,,,,,False,7,https://portal.stf.jus.br/processos/listarProcessos.asp?classe=AP&numeroProcesso=985
AP 986,2016-06-15,2018-05-07,DIREITO PENAL | CRIMES PREVISTOS NA LEGISLAÇÃO EXTRAVAGANTE | CRIMES DA LEI DE LICITAÇÕES,,,,,False,7,https://portal.stf.jus.br/processos/listarProcessos.asp?classe=AP&numeroProcesso=986
AP 988,2016-06-27,2017-10-19,DIREITO PENAL | CRIMES PREVISTOS NA LEGISLAÇÃO EXTRAVAGANTE | CRIMES DA LEI DE LICITAÇÕES,,,,,False,7,https://portal.stf.jus.br/processos/listarProcessos.asp?classe=AP&numeroProcesso=988
AP 989,2016-07-12,2018-05-16,DIREITO PENAL | CRIMES PREVISTOS NA LEGISLAÇÃO EXTRAVAGANTE | CRIMES DE TORTURA,,,,,False,7,https://portal.stf.jus.br/processos/listarProcessos.asp?classe=AP&numeroProcesso=989
AP 991,2016-09-19,2018-05-07,DIREITO PENAL | CRIMES PREVISTOS NA LEGISLAÇÃO EXTRAVAGANTE | CRIMES DE RESPONSABILIDADE,,,,,False,7,https://portal.stf.jus.br/processos/listarProcessos.asp?classe=AP&numeroProcesso=991
AP 992,2016-09-23,2018-05-11,DIREITO PENAL | CRIMES PREVISTOS NA LEGISLAÇÃO EXTRAVAGANTE | CRIMES DE RESPONSABILIDADE,,,,,False,7,https://portal.stf.jus.br/processos/listarProcessos.asp?classe=AP&numeroProcesso=992
AP 993,2016-09-27,2017-03-03,DIREITO PENAL | CRIMES CONTRA A ADMINISTRAÇÃO DA JUSTIÇA | DENUNCIAÇÃO CALUNIOSA,,,,,False,7,https://portal.stf.jus.br/processos/listarProcessos.asp?classe=AP&numeroProcesso=993
AP 994,2016-09-29,2018-05-09,DIREITO PENAL | CRIMES PRATICADOS POR FUNCIONÁRIOS PÚBLICOS CONTRA A ADMINISTRAÇÃO EM GERAL | CORRUPÇÃO PASSIVA,,,,,False,7,https://portal.stf.jus.br/processos/listarProcessos.asp?classe=AP&numeroProcesso=994
AP 997,2016-11-23,2017-10-25,DIREITO PENAL | CRIMES PREVISTOS NA LEGISLAÇÃO EXTRAVAGANTE | CRIMES DE RESPONSABILIDADE,,,,,False,7,https://portal.stf.jus.br/processos/listarProcessos.asp?classe=AP&numeroProcesso=997
AP 1000,2017-02-10,2018-05-09,DIREITO PENAL | CRIMES CONTRA A HONRA | INJÚRIA,,,,,False,7,https://portal.stf.jus.br/processos/listarProcessos.asp?classe=AP&numeroProcesso=1000
AP 1001,2017-02-16,2017-05-31,DIREITO PENAL | CRIMES PREVISTOS NA LEGISLAÇÃO EXTRAVAGANTE | CRIMES CONTRA O MEIO AMBIENTE E O PATRIMÔNIO GENÉTICO | CRIMES CONTRA A FLORA,,,,,False,7,https://portal.stf.jus.br/processos/listarProcessos.asp?classe=AP&numeroProcesso=1001
AP 1004,2017-03-15,2018-05-04,DIREITO PENAL | CRIMES PRATICADOS POR FUNCIONÁRIOS PÚBLICOS CONTRA A ADMINISTRAÇÃO EM GERAL,,,,,False,7,https://portal.stf.jus.br/processos/listarProcessos.asp?classe=AP&numeroProcesso=1004
AP 1005,2017-04-20,2017-08-08,DIREITO PENAL | CRIMES PREVISTOS NA LEGISLAÇÃO EXTRAVAGANTE,,,,,False,7,https://portal.stf.jus.br/processos/listarProcessos.asp?classe=AP&numeroProcesso=1005
AP 1007,2017-05-03,2023-06-12,DIREITO PENAL | CRIMES CONTRA A HONRA | INJÚRIA,,,,,False,7,https://portal.stf.jus.br/processos/listarProcessos.asp?classe=AP&numeroProcesso=1007
AP 1008,2017-05-18,2023-06-19,DIREITO PENAL | CRIMES CONTRA A PAZ PÚBLICA | APOLOGIA DE CRIME OU CRIMINOSO,,,,,False,7,https://portal.stf.jus.br/processos/listarProcessos.asp?classe=AP&numeroProcesso=1008
AP 1009,2017-06-05,2018-04-20,DIREITO PROCESSUAL PENAL | JURISDIÇÃO E COMPETÊNCIA,,,,,False,7,https://portal.stf.jus.br/processos/listarProcessos.asp?classe=AP&numeroProcesso=1009
AP 1012,2017-06-07,2017-12-19,DIREITO PENAL | CRIMES PREVISTOS NA LEGISLAÇÃO EXTRAVAGANTE,,,,,False,7,https://portal.stf.jus.br/processos/listarProcessos.asp?classe=AP&numeroProcesso=1012
AP 1010,2017-06-08,2017-12-19,DIREITO PENAL | CRIMES PREVISTOS NA LEGISLAÇÃO EXTRAVAGANTE,,,,,False,7,https://portal.stf.jus.br/processos/listarProcessos.asp?classe=AP&numeroProcesso=1010
AP 1011,2017-06-08,2017-08-21,DIREITO DA CRIANÇA E DO ADOLESCENTE | ATO INFRACIONAL | PREVISTOS NA LEGISLAÇÃO EXTRAVAGANTE | DA LEI DE LICITAÇÕES,,,,,False,7,https://portal.stf.jus.br/processos/listarProcessos.asp?classe=AP&numeroProcesso=1011
AP 1013,2017-06-08,2018-05-16,DIREITO PENAL | CRIMES CONTRA A LIBERDADE PESSOAL | CONSTRANGIMENTO ILEGAL,,,,,False,7,https://portal.stf.jus.br/processos/listarProcessos.asp?classe=AP&numeroProcesso=1013
AP 1016,2017-08-29,2018-05-24,DIREITO PENAL | CRIMES PRATICADOS POR FUNCIONÁRIOS PÚBLICOS CONTRA A ADMINISTRAÇÃO EM GERAL | PECULATO,,,,,False,7,https://portal.stf.jus.br/processos/listarProcessos.asp?classe=AP&numeroProcesso=1016
AP 1017,2017-08-29,2018-05-24,DIREITO PENAL | CRIMES PRATICADOS POR FUNCIONÁRIOS PÚBLICOS CONTRA A ADMINISTRAÇÃO EM GERAL | PECULATO,,,,,False,7,https://portal.stf.jus.br/processos/listarProcessos.asp?classe=AP&numeroProcesso=1017
AP 1020,2017-10-17,2019-06-24,DIREITO PENAL | CRIMES PREVISTOS NA LEGISLAÇÃO EXTRAVAGANTE | CRIMES DA LEI DE LICITAÇÕES,,,,,False,7,https://portal.stf.jus.br/processos/listarProcessos.asp?classe=AP&numeroProcesso=1020
AP 1023,2018-02-27,2018-05-29,DIREITO PENAL | CRIMES PREVISTOS NA LEGISLAÇÃO EXTRAVAGANTE | CRIMES CONTRA A ORDEM TRIBUTÁRIA,,,,,False,7,https://portal.stf.jus.br/processos/listarProcessos.asp?classe=AP&numeroProcesso=1023
AP 1024,2018-03-08,2018-05-09,DIREITO PENAL | CRIMES PREVISTOS NA LEGISLAÇÃO EXTRAVAGANTE | CRIMES DA LEI DE LICITAÇÕES,,,,,False,7,https://portal.stf.jus.br/processos/listarProcessos.asp?classe=AP&numeroProcesso=1024
AP 1026,2018-04-06,2018-05-21,DIREITO PENAL | CRIMES PREVISTOS NA LEGISLAÇÃO EXTRAVAGANTE | CRIMES CONTRA O MEIO AMBIENTE E O PATRIMÔNIO GENÉTICO | DA POLUIÇÃO,,,,,False,7,https://portal.stf.jus.br/processos/listarProcessos.asp?classe=AP&numeroProcesso=1026
AP 1027,2018-05-14,2026-09-23,DIREITO PENAL | CRIMES PRATICADOS POR FUNCIONÁRIOS PÚBLICOS CONTRA A ADMINISTRAÇÃO EM GERAL | CORRUPÇÃO PASSIVA,,,,,False,7,https://portal.stf.jus.br/processos/listarProcessos.asp?classe=AP&numeroProcesso=1027
AP 1029,2018-06-14,2019-05-10,DIREITO PENAL | CRIMES PREVISTOS NA LEGISLAÇÃO EXTRAVAGANTE | CRIMES CONTRA O MEIO AMBIENTE E O PATRIMÔNIO GENÉTICO,,,,,False,7,https://portal.stf.jus.br/processos/listarProcessos.asp?classe=AP&numeroProcesso=1029
AP 1031,2018-06-20,2019-05-10,DIREITO PENAL | CRIMES PREVISTOS NA LEGISLAÇÃO EXTRAVAGANTE | CRIMES CONTRA O MEIO AMBIENTE E O PATRIMÔNIO GENÉTICO,,,,,False,7,https://portal.stf.jus.br/processos/listarProcessos.asp?classe=AP&numeroProcesso=1031
AP 1034,2018-12-13,2026-02-02,DIREITO PENAL | CRIMES PRATICADOS POR FUNCIONÁRIOS PÚBLICOS CONTRA A ADMINISTRAÇÃO EM GERAL | CORRUPÇÃO PASSIVA,,,,,False,7,https://portal.stf.jus.br/processos/listarProcessos.asp?classe=AP&numeroProcesso=1034
AP 1035,2019-02-28,2019-05-31,DIREITO PENAL | CRIMES PRATICADOS POR FUNCIONÁRIOS PÚBLICOS CONTRA A ADMINISTRAÇÃO EM GERAL | CORRUPÇÃO PASSIVA,,,,,False,7,https://portal.stf.jus.br/processos/listarProcessos.asp?classe=AP&numeroProcesso=1035
AP 1037,2019-03-21,2019-06-06,DIREITO PENAL | CRIMES PRATICADOS POR FUNCIONÁRIOS PÚBLICOS CONTRA A ADMINISTRAÇÃO EM GERAL | PECULATO,,,,,False,7,https://portal.stf.jus.br/processos/listarProcessos.asp?classe=AP&numeroProcesso=1037
AP 1038,2019-04-08,2019-04-16,DIREITO PENAL | CRIMES PRATICADOS POR FUNCIONÁRIOS PÚBLICOS CONTRA A ADMINISTRAÇÃO EM GERAL | CONCUSSÃO,,,,,False,7,https://portal.stf.jus.br/processos/listarProcessos.asp?classe=AP&numeroProcesso=1038
AP 1039,2019-05-24,2019-08-15,DIREITO ELEITORAL | CRIMES ELEITORAIS | CRIMES CONTRA A PROPAGANDA ELEITORAL |DIFAMAÇÃO NA PROPAGANDA ELEITORAL,,,,,False,7,https://portal.stf.jus.br/processos/listarProcessos.asp?classe=AP&numeroProcesso=1039
AP 1040,2019-11-05,2020-02-21,DIREITO PENAL | CRIMES PREVISTOS NA LEGISLAÇÃO EXTRAVAGANTE | CRIMES DA LEI DE LICITAÇÕES,,,,,False,7,https://portal.stf.jus.br/processos/listarProcessos.asp?classe=AP&numeroProcesso=1040
AP 1042,2020-10-29,2020-11-06,DIREITO PENAL | CRIMES CONTRA A HONRA | DIFAMAÇÃO,,,,,False,7,https://portal.stf.jus.br/processos/listarProcessos.asp?classe=AP&numeroProcesso=1042
AP 1043,2020-12-04,2026-09-16,DIREITO PENAL | CRIMES CONTRA A FÉ PÚBLICA | FALSIDADE IDEOLÓGICA,,,,,False,7,https://portal.stf.jus.br/processos/listarProcessos.asp?classe=AP&numeroProcesso=1043
AP 1045,2022-09-22,2022-09-30,DIREITO PROCESSUAL PENAL | INVESTIGAÇÃO PENAL,,,,,False,7,https://portal.stf.jus.br/processos/listarProcessos.asp?classe=AP&numeroProcesso=1045
AP 1046,2022-12-01,2023-11-30,DIREITO PROCESSUAL PENAL | INVESTIGAÇÃO PENAL,,,,,False,7,https://portal.stf.jus.br/processos/listarProcessos.asp?classe=AP&numeroProcesso=1046
AP 1047,2023-03-14,2025-04-01,DIREITO PENAL | CRIMES CONTRA A HONRA | DIFAMAÇÃO,,,,,False,7,https://portal.stf.jus.br/processos/listarProcessos.asp?classe=AP&numeroProcesso=1047
AP 1048,2023-03-14,2025-04-01,DIREITO PENAL | CRIMES CONTRA A HONRA | DIFAMAÇÃO,,,,,False,7,https://portal.stf.jus.br/processos/listarProcessos.asp?classe=AP&numeroProcesso=1048
AP 1049,2023-03-27,2024-10-21,DIREITO PENAL | CRIMES CONTRA A HONRA | DIFAMAÇÃO,,,,,False,7,https://portal.stf.jus.br/processos/listarProcessos.asp?classe=AP&numeroProcesso=1049
AP 1050,2023-03-27,2025-04-01,DIREITO PENAL | CRIMES CONTRA A HONRA | INJÚRIA,,,,,False,7,https://portal.stf.jus.br/processos/listarProcessos.asp?classe=AP&numeroProcesso=1050
AP 1051,2023-03-27,2025-04-01,DIREITO PENAL | CRIMES CONTRA A HONRA | INJÚRIA,,,,,False,7,https://portal.stf.jus.br/processos/listarProcessos.asp?classe=AP&numeroProcesso=1051
AP 1052,2023-03-28,2025-04-01,DIREITO PENAL | CRIMES CONTRA A HONRA | CALÚNIA,,,,,False,7,https://portal.stf.jus.br/processos/listarProcessos.asp?classe=AP&numeroProcesso=1052
AP 1283,2023-06-07,2025-07-09,DIREITO PROCESSUAL PENAL | AÇÃO PENA,,,,,False,7,https://portal.stf.jus.br/processos/listarProcessos.asp?classe=AP&numeroProcesso=1283
AP 1685,2023-07-27,2025-07-23,DIREITO PROCESSUAL PENAL | AÇÃO PENA,,,,,False,7,https://portal.stf.jus.br/processos/listarProcessos.asp?classe=AP&numeroProcesso=1685
AP 2328,2023-08-29,2024-03-11,DIREITO PROCESSUAL PENAL | INVESTIGAÇÃO PENAL,,,,,False,7,https://portal.stf.jus.br/processos/listarProcessos.asp?classe=AP&numeroProcesso=2328
AP 2409,2023-11-06,2024-10-07,DIREITO PENAL | CRIMES CONTRA A HONRA | DIFAMAÇÃO,,,,,False,7,https://portal.stf.jus.br/processos/listarProcessos.asp?classe=AP&numeroProcesso=2409
AP 2556,2024-10-03,2026-02-10,DIREITO PROCESSUAL PENAL | INVESTIGAÇÃO PENAL,,,,,False,7,https://portal.stf.jus.br/processos/listarProcessos.asp?classe=AP&numeroProcesso=2556
AP 2561,2024-10-17,2026-05-20,DIREITO PROCESSUAL PENAL | INVESTIGAÇÃO PENAL,,,,,False,7,https://portal.stf.jus.br/processos/listarProcessos.asp?classe=AP&numeroProcesso=2561
AP 2818,2026-03-20,2026-07-14,DIREITO PENAL | CRIMES CONTRA A HONRA,,,,,False,7,https://portal.stf.jus.br/processos/listarProcessos.asp?classe=AP&numeroProcesso=2818
AP 2827,2026-03-30,2026-06-10,DIREITO PENAL | CRIMES CONTRA O ESTADO DEMOCRÁTICO DE DIREITO,,,,,False,7,https://portal.stf.jus.br/processos/listarProcessos.asp?classe=AP&numeroProcesso=2827
AP 2830,2026-04-08,2026-06-17,DIREITO PROCESSUAL PENAL | DENÚNCIA/QUEIXA,,,,,False,7,https://portal.stf.jus.br/processos/listarProcessos.asp?classe=AP&numeroProcesso=2830
AP 2831,2026-04-14,2026-09-18,DIREITO PENAL | PERICLITAÇÃO DA VIDA E DA SAÚDE | PERIGO PARA A VIDA OU SAÚDE DE OUTREM,,,,,False,7,https://portal.stf.jus.br/processos/listarProcessos.asp?classe=AP&numeroProcesso=2831
AP 2860,2026-09-01,2026-09-16,DIREITO PENAL | CRIMES PRATICADOS POR FUNCIONÁRIOS PÚBLICOS CONTRA A ADMINISTRAÇÃO EM GERAL | CONCUSSÃO,,,,,False,7,https://portal.stf.jus.br/processos/listarProcessos.asp?classe=AP&numeroProcesso=2860
