data,id_ator,nome,tipo_ator,status,frase,numero_originario,partido,grupo,id_fonte,fonte_titulo,fonte_url
2003-03-18,ATR-002095,Antonio Carlos Magalhães,agente_publico,representado,2003-03-18: Antonio Carlos Magalhães passou a ser representado em DEN 1/2003 (CEDP-SF) por quebra de decoro parlamentar.,DEN 1/2003,DEM,oposição,FNT-000307,"Senado Federal, dados abertos: processos do Conselho de Ética (REP, DEN, PCE)",https://legis.senado.leg.br/dadosabertos/processo/{id}
2003-05-16,ATR-001044,CHARLES COZZOLINO,agente_publico,contas_julgadas_irregulares,2003-05-16: transitou em julgado o julgamento das contas de CHARLES COZZOLINO como irregulares em 003.954/1999-4 (TCU).,003.954/1999-4,,,FNT-000309,"TCU, certidões: responsáveis com contas julgadas irregulares (lista pública)",https://certidoes.apps.tcu.gov.br/api/publico/responsaveis-contas-irregulares/exportar-para-csv?paginaAtual=1&tamanhoPagina=50000
2003-05-20,ATR-001044,CHARLES COZZOLINO,agente_publico,contas_julgadas_irregulares,2003-05-20: transitou em julgado o julgamento das contas de CHARLES COZZOLINO como irregulares em 003.956/1999-7 (TCU).,003.956/1999-7,,,FNT-000309,"TCU, certidões: responsáveis com contas julgadas irregulares (lista pública)",https://certidoes.apps.tcu.gov.br/api/publico/responsaveis-contas-irregulares/exportar-para-csv?paginaAtual=1&tamanhoPagina=50000
2003-05-24,ATR-000865,FLAVIANO MELO,agente_publico,contas_julgadas_irregulares,2003-05-24: transitou em julgado o julgamento das contas de FLAVIANO MELO como irregulares em 249.004/1992-5 (TCU).,249.004/1992-5,,,FNT-000309,"TCU, certidões: responsáveis com contas julgadas irregulares (lista pública)",https://certidoes.apps.tcu.gov.br/api/publico/responsaveis-contas-irregulares/exportar-para-csv?paginaAtual=1&tamanhoPagina=50000
2003-08-14,ATR-002262,Roberto Saturnino,agente_publico,representado,2003-08-14: Roberto Saturnino passou a ser representado em REP 3/2003 (CEDP-SF) por quebra de decoro parlamentar.,REP 3/2003,PT,base do governo,FNT-000307,"Senado Federal, dados abertos: processos do Conselho de Ética (REP, DEN, PCE)",https://legis.senado.leg.br/dadosabertos/processo/{id}
2004-04-28,ATR-002262,Roberto Saturnino,agente_publico,sancao_disciplinar,"2004-04-28: foi aprovada sanção disciplinar contra Roberto Saturnino em REP 3/2003 (CEDP-SF) (pena de censura verbal, aprovada por unanimidade no Conselho de Ética).",REP 3/2003,PT,base do governo,FNT-000307,"Senado Federal, dados abertos: processos do Conselho de Ética (REP, DEN, PCE)",https://legis.senado.leg.br/dadosabertos/processo/{id}
2004-08-24,ATR-002088,Aloizio Mercadante,agente_publico,representado,2004-08-24: Aloizio Mercadante passou a ser representado em DEN 3/2004 (CEDP-SF) por quebra de decoro parlamentar.,DEN 3/2004,PT,base do governo,FNT-000307,"Senado Federal, dados abertos: processos do Conselho de Ética (REP, DEN, PCE)",https://legis.senado.leg.br/dadosabertos/processo/{id}
2004-08-24,ATR-002088,Aloizio Mercadante,agente_publico,arquivado,2004-08-24: a investigação sobre Aloizio Mercadante em DEN 3/2004 (CEDP-SF) foi arquivada.,DEN 3/2004,PT,base do governo,FNT-000307,"Senado Federal, dados abertos: processos do Conselho de Ética (REP, DEN, PCE)",https://legis.senado.leg.br/dadosabertos/processo/{id}
2004-08-24,ATR-002163,Jefferson Peres,agente_publico,representado,2004-08-24: Jefferson Peres passou a ser representado em DEN 3/2004 (CEDP-SF) por quebra de decoro parlamentar.,DEN 3/2004,PDT,base do governo,FNT-000307,"Senado Federal, dados abertos: processos do Conselho de Ética (REP, DEN, PCE)",https://legis.senado.leg.br/dadosabertos/processo/{id}
2004-08-24,ATR-002163,Jefferson Peres,agente_publico,arquivado,2004-08-24: a investigação sobre Jefferson Peres em DEN 3/2004 (CEDP-SF) foi arquivada.,DEN 3/2004,PDT,base do governo,FNT-000307,"Senado Federal, dados abertos: processos do Conselho de Ética (REP, DEN, PCE)",https://legis.senado.leg.br/dadosabertos/processo/{id}
2004-11-09,ATR-002121,Duciomar Costa,agente_publico,representado,2004-11-09: Duciomar Costa passou a ser representado em DEN 4/2004 (CEDP-SF) por quebra de decoro parlamentar.,DEN 4/2004,PTB,base do governo,FNT-000307,"Senado Federal, dados abertos: processos do Conselho de Ética (REP, DEN, PCE)",https://legis.senado.leg.br/dadosabertos/processo/{id}
2005-06-02,ATR-001497,DEOCLIDES MACEDO,agente_publico,contas_julgadas_irregulares,2005-06-02: transitou em julgado o julgamento das contas de DEOCLIDES MACEDO como irregulares em 350.182/1995-7 (TCU).,350.182/1995-7,,,FNT-000309,"TCU, certidões: responsáveis com contas julgadas irregulares (lista pública)",https://certidoes.apps.tcu.gov.br/api/publico/responsaveis-contas-irregulares/exportar-para-csv?paginaAtual=1&tamanhoPagina=50000
2005-06-04,ATR-000498,PAULO MARINHO,agente_publico,contas_julgadas_irregulares,2005-06-04: transitou em julgado o julgamento das contas de PAULO MARINHO como irregulares em 006.304/1999-0 (TCU).,006.304/1999-0,PL,base do governo,FNT-000309,"TCU, certidões: responsáveis com contas julgadas irregulares (lista pública)",https://certidoes.apps.tcu.gov.br/api/publico/responsaveis-contas-irregulares/exportar-para-csv?paginaAtual=1&tamanhoPagina=50000
2005-06-07,ATR-000027,ROBERTO JEFFERSON,agente_publico,representado,2005-06-07: ROBERTO JEFFERSON passou a ser representado em REP 28/2005 (CEDP-CD) por quebra de decoro parlamentar.,REP 28/2005,PTB,base do governo,FNT-000306,"Câmara dos Deputados, dados abertos: tramitações das representações (REP)",https://dadosabertos.camara.leg.br/api/v2/proposicoes/{id}/tramitacoes
2005-08-04,ATR-000520,JOAQUIM FRANCISCO,agente_publico,representado,2005-08-04: JOAQUIM FRANCISCO passou a ser representado em REP 32/2005 (CEDP-CD) por quebra de decoro parlamentar.,REP 32/2005,PTB,base do governo,FNT-000306,"Câmara dos Deputados, dados abertos: tramitações das representações (REP)",https://dadosabertos.camara.leg.br/api/v2/proposicoes/{id}/tramitacoes
2005-08-04,ATR-000046,ALEX CANZIANI,agente_publico,representado,2005-08-04: ALEX CANZIANI passou a ser representado em REP 33/2005 (CEDP-CD) por quebra de decoro parlamentar.,REP 33/2005,PTB,base do governo,FNT-000306,"Câmara dos Deputados, dados abertos: tramitações das representações (REP)",https://dadosabertos.camara.leg.br/api/v2/proposicoes/{id}/tramitacoes
2005-08-04,ATR-000647,NEUTON LIMA,agente_publico,representado,2005-08-04: NEUTON LIMA passou a ser representado em REP 34/2005 (CEDP-CD) por quebra de decoro parlamentar.,REP 34/2005,PTB,base do governo,FNT-000306,"Câmara dos Deputados, dados abertos: tramitações das representações (REP)",https://dadosabertos.camara.leg.br/api/v2/proposicoes/{id}/tramitacoes
2005-08-04,ATR-000362,SANDRO MATOS,agente_publico,representado,2005-08-04: SANDRO MATOS passou a ser representado em REP 35/2005 (CEDP-CD) por quebra de decoro parlamentar.,REP 35/2005,PTB,base do governo,FNT-000306,"Câmara dos Deputados, dados abertos: tramitações das representações (REP)",https://dadosabertos.camara.leg.br/api/v2/proposicoes/{id}/tramitacoes
2005-08-04,ATR-000303,DR. FRANCISCO GONÇALVES,agente_publico,representado,2005-08-04: DR. FRANCISCO GONÇALVES passou a ser representado em REP 36/2005 (CEDP-CD) por quebra de decoro parlamentar.,REP 36/2005,PTB,base do governo,FNT-000306,"Câmara dos Deputados, dados abertos: tramitações das representações (REP)",https://dadosabertos.camara.leg.br/api/v2/proposicoes/{id}/tramitacoes
2005-08-04,ATR-000581,ROMEU QUEIROZ,agente_publico,representado,2005-08-04: ROMEU QUEIROZ passou a ser representado em REP 37/2005 (CEDP-CD) por quebra de decoro parlamentar.,REP 37/2005,PTB,base do governo,FNT-000306,"Câmara dos Deputados, dados abertos: tramitações das representações (REP)",https://dadosabertos.camara.leg.br/api/v2/proposicoes/{id}/tramitacoes
2005-08-04,ATR-000642,JOSÉ DIRCEU,agente_publico,representado,2005-08-04: JOSÉ DIRCEU passou a ser representado em REP 38/2005 (CEDP-CD) por quebra de decoro parlamentar.,REP 38/2005,PT,base do governo,FNT-000306,"Câmara dos Deputados, dados abertos: tramitações das representações (REP)",https://dadosabertos.camara.leg.br/api/v2/proposicoes/{id}/tramitacoes
2005-08-04,ATR-000123,SANDRO MABEL,agente_publico,representado,2005-08-04: SANDRO MABEL passou a ser representado em REP 40/2005 (CEDP-CD) por quebra de decoro parlamentar.,REP 40/2005,PL,base do governo,FNT-000306,"Câmara dos Deputados, dados abertos: tramitações das representações (REP)",https://dadosabertos.camara.leg.br/api/v2/proposicoes/{id}/tramitacoes
2005-08-04,ATR-000027,ROBERTO JEFFERSON,agente_publico,representado,2005-08-04: ROBERTO JEFFERSON passou a ser representado em REP 41/2005 (CEDP-CD) por quebra de decoro parlamentar.,REP 41/2005,PTB,base do governo,FNT-000306,"Câmara dos Deputados, dados abertos: tramitações das representações (REP)",https://dadosabertos.camara.leg.br/api/v2/proposicoes/{id}/tramitacoes
2005-08-16,ATR-000520,JOAQUIM FRANCISCO,agente_publico,arquivado,2005-08-16: a investigação sobre JOAQUIM FRANCISCO em REP 32/2005 (CEDP-CD) foi arquivada.,REP 32/2005,PTB,base do governo,FNT-000306,"Câmara dos Deputados, dados abertos: tramitações das representações (REP)",https://dadosabertos.camara.leg.br/api/v2/proposicoes/{id}/tramitacoes
2005-08-16,ATR-000046,ALEX CANZIANI,agente_publico,arquivado,2005-08-16: a investigação sobre ALEX CANZIANI em REP 33/2005 (CEDP-CD) foi arquivada.,REP 33/2005,PTB,base do governo,FNT-000306,"Câmara dos Deputados, dados abertos: tramitações das representações (REP)",https://dadosabertos.camara.leg.br/api/v2/proposicoes/{id}/tramitacoes
2005-08-16,ATR-000647,NEUTON LIMA,agente_publico,arquivado,2005-08-16: a investigação sobre NEUTON LIMA em REP 34/2005 (CEDP-CD) foi arquivada.,REP 34/2005,PTB,base do governo,FNT-000306,"Câmara dos Deputados, dados abertos: tramitações das representações (REP)",https://dadosabertos.camara.leg.br/api/v2/proposicoes/{id}/tramitacoes
2005-08-16,ATR-000362,SANDRO MATOS,agente_publico,arquivado,2005-08-16: a investigação sobre SANDRO MATOS em REP 35/2005 (CEDP-CD) foi arquivada.,REP 35/2005,PTB,base do governo,FNT-000306,"Câmara dos Deputados, dados abertos: tramitações das representações (REP)",https://dadosabertos.camara.leg.br/api/v2/proposicoes/{id}/tramitacoes
2005-08-17,ATR-001206,NEWTON LIMA,agente_publico,contas_julgadas_irregulares,2005-08-17: transitou em julgado o julgamento das contas de NEWTON LIMA como irregulares em 700.090/1996-7 (TCU).,700.090/1996-7,,,FNT-000309,"TCU, certidões: responsáveis com contas julgadas irregulares (lista pública)",https://certidoes.apps.tcu.gov.br/api/publico/responsaveis-contas-irregulares/exportar-para-csv?paginaAtual=1&tamanhoPagina=50000
2005-09-14,ATR-000027,ROBERTO JEFFERSON,agente_publico,mandato_cassado,2005-09-14: o mandato de ROBERTO JEFFERSON foi cassado em REP 28/2005 (CEDP-CD).,REP 28/2005,PTB,base do governo,FNT-000306,"Câmara dos Deputados, dados abertos: tramitações das representações (REP)",https://dadosabertos.camara.leg.br/api/v2/proposicoes/{id}/tramitacoes
2005-10-01,ATR-000498,PAULO MARINHO,agente_publico,contas_julgadas_irregulares,2005-10-01: transitou em julgado o julgamento das contas de PAULO MARINHO como irregulares em 350.460/1995-7 (TCU).,350.460/1995-7,PL,base do governo,FNT-000309,"TCU, certidões: responsáveis com contas julgadas irregulares (lista pública)",https://certidoes.apps.tcu.gov.br/api/publico/responsaveis-contas-irregulares/exportar-para-csv?paginaAtual=1&tamanhoPagina=50000
2005-10-11,ATR-000303,DR. FRANCISCO GONÇALVES,agente_publico,arquivado,2005-10-11: a investigação sobre DR. FRANCISCO GONÇALVES em REP 36/2005 (CEDP-CD) foi arquivada.,REP 36/2005,PTB,base do governo,FNT-000306,"Câmara dos Deputados, dados abertos: tramitações das representações (REP)",https://dadosabertos.camara.leg.br/api/v2/proposicoes/{id}/tramitacoes
2005-10-14,ATR-000094,JOÃO MAGNO,agente_publico,representado,2005-10-14: JOÃO MAGNO passou a ser representado em REP 43/2005 (CEDP-CD) por quebra de decoro parlamentar.,REP 43/2005,PT,base do governo,FNT-000306,"Câmara dos Deputados, dados abertos: tramitações das representações (REP)",https://dadosabertos.camara.leg.br/api/v2/proposicoes/{id}/tramitacoes
2005-10-14,ATR-000072,JOÃO PAULO CUNHA,agente_publico,representado,2005-10-14: JOÃO PAULO CUNHA passou a ser representado em REP 44/2005 (CEDP-CD) por quebra de decoro parlamentar.,REP 44/2005,PT,base do governo,FNT-000306,"Câmara dos Deputados, dados abertos: tramitações das representações (REP)",https://dadosabertos.camara.leg.br/api/v2/proposicoes/{id}/tramitacoes
2005-10-14,ATR-000142,JOSÉ BORBA,agente_publico,representado,2005-10-14: JOSÉ BORBA passou a ser representado em REP 45/2005 (CEDP-CD) por quebra de decoro parlamentar.,REP 45/2005,MDB,base do governo,FNT-000306,"Câmara dos Deputados, dados abertos: tramitações das representações (REP)",https://dadosabertos.camara.leg.br/api/v2/proposicoes/{id}/tramitacoes
2005-10-14,ATR-000143,JOSÉ JANENE,agente_publico,representado,2005-10-14: JOSÉ JANENE passou a ser representado em REP 46/2005 (CEDP-CD) por quebra de decoro parlamentar.,REP 46/2005,PP,base do governo,FNT-000306,"Câmara dos Deputados, dados abertos: tramitações das representações (REP)",https://dadosabertos.camara.leg.br/api/v2/proposicoes/{id}/tramitacoes
2005-10-14,ATR-000379,JOSÉ MENTOR,agente_publico,representado,2005-10-14: JOSÉ MENTOR passou a ser representado em REP 47/2005 (CEDP-CD) por quebra de decoro parlamentar.,REP 47/2005,PT,base do governo,FNT-000306,"Câmara dos Deputados, dados abertos: tramitações das representações (REP)",https://dadosabertos.camara.leg.br/api/v2/proposicoes/{id}/tramitacoes
2005-10-14,ATR-000294,Josias Gomes,agente_publico,representado,2005-10-14: Josias Gomes passou a ser representado em REP 48/2005 (CEDP-CD) por quebra de decoro parlamentar.,REP 48/2005,PT,base do governo,FNT-000306,"Câmara dos Deputados, dados abertos: tramitações das representações (REP)",https://dadosabertos.camara.leg.br/api/v2/proposicoes/{id}/tramitacoes
2005-10-14,ATR-000272,PAULO ROCHA,agente_publico,representado,2005-10-14: PAULO ROCHA passou a ser representado em REP 49/2005 (CEDP-CD) por quebra de decoro parlamentar.,REP 49/2005,PT,base do governo,FNT-000306,"Câmara dos Deputados, dados abertos: tramitações das representações (REP)",https://dadosabertos.camara.leg.br/api/v2/proposicoes/{id}/tramitacoes
2005-10-14,ATR-000488,PEDRO CORRÊA,agente_publico,representado,2005-10-14: PEDRO CORRÊA passou a ser representado em REP 50/2005 (CEDP-CD) por quebra de decoro parlamentar.,REP 50/2005,PP,base do governo,FNT-000306,"Câmara dos Deputados, dados abertos: tramitações das representações (REP)",https://dadosabertos.camara.leg.br/api/v2/proposicoes/{id}/tramitacoes
2005-10-14,ATR-000285,PEDRO HENRY,agente_publico,representado,2005-10-14: PEDRO HENRY passou a ser representado em REP 51/2005 (CEDP-CD) por quebra de decoro parlamentar.,REP 51/2005,PP,base do governo,FNT-000306,"Câmara dos Deputados, dados abertos: tramitações das representações (REP)",https://dadosabertos.camara.leg.br/api/v2/proposicoes/{id}/tramitacoes
2005-10-14,ATR-000649,PROFESSOR LUIZINHO,agente_publico,representado,2005-10-14: PROFESSOR LUIZINHO passou a ser representado em REP 52/2005 (CEDP-CD) por quebra de decoro parlamentar.,REP 52/2005,PT,base do governo,FNT-000306,"Câmara dos Deputados, dados abertos: tramitações das representações (REP)",https://dadosabertos.camara.leg.br/api/v2/proposicoes/{id}/tramitacoes
2005-10-14,ATR-000629,ROBERTO BRANT,agente_publico,representado,2005-10-14: ROBERTO BRANT passou a ser representado em REP 53/2005 (CEDP-CD) por quebra de decoro parlamentar.,REP 53/2005,DEM,oposição,FNT-000306,"Câmara dos Deputados, dados abertos: tramitações das representações (REP)",https://dadosabertos.camara.leg.br/api/v2/proposicoes/{id}/tramitacoes
2005-10-14,ATR-000089,VADÃO GOMES,agente_publico,representado,2005-10-14: VADÃO GOMES passou a ser representado em REP 54/2005 (CEDP-CD) por quebra de decoro parlamentar.,REP 54/2005,PP,base do governo,FNT-000306,"Câmara dos Deputados, dados abertos: tramitações das representações (REP)",https://dadosabertos.camara.leg.br/api/v2/proposicoes/{id}/tramitacoes
2005-10-14,ATR-000615,WANDERVAL SANTOS,agente_publico,representado,2005-10-14: WANDERVAL SANTOS passou a ser representado em REP 55/2005 (CEDP-CD) por quebra de decoro parlamentar.,REP 55/2005,PL,base do governo,FNT-000306,"Câmara dos Deputados, dados abertos: tramitações das representações (REP)",https://dadosabertos.camara.leg.br/api/v2/proposicoes/{id}/tramitacoes
2005-10-19,ATR-000470,ONYX LORENZONI,agente_publico,representado,2005-10-19: ONYX LORENZONI passou a ser representado em REP 57/2005 (CEDP-CD) por quebra de decoro parlamentar.,REP 57/2005,DEM,oposição,FNT-000306,"Câmara dos Deputados, dados abertos: tramitações das representações (REP)",https://dadosabertos.camara.leg.br/api/v2/proposicoes/{id}/tramitacoes
2005-10-21,ATR-002188,João Alberto Souza,agente_publico,representado,2005-10-21: João Alberto Souza passou a ser representado em DEN 2/2005 (CEDP-SF) por quebra de decoro parlamentar.,DEN 2/2005,MDB,base do governo,FNT-000307,"Senado Federal, dados abertos: processos do Conselho de Ética (REP, DEN, PCE)",https://legis.senado.leg.br/dadosabertos/processo/{id}
2005-10-21,ATR-002265,Romero Jucá,agente_publico,representado,2005-10-21: Romero Jucá passou a ser representado em DEN 2/2005 (CEDP-SF) por quebra de decoro parlamentar.,DEN 2/2005,MDB,base do governo,FNT-000307,"Senado Federal, dados abertos: processos do Conselho de Ética (REP, DEN, PCE)",https://legis.senado.leg.br/dadosabertos/processo/{id}
2005-10-21,ATR-002188,João Alberto Souza,agente_publico,representado,2005-10-21: João Alberto Souza passou a ser representado em DEN 3/2005 (CEDP-SF) por quebra de decoro parlamentar.,DEN 3/2005,MDB,base do governo,FNT-000307,"Senado Federal, dados abertos: processos do Conselho de Ética (REP, DEN, PCE)",https://legis.senado.leg.br/dadosabertos/processo/{id}
2005-10-21,ATR-002265,Romero Jucá,agente_publico,representado,2005-10-21: Romero Jucá passou a ser representado em DEN 3/2005 (CEDP-SF) por quebra de decoro parlamentar.,DEN 3/2005,MDB,base do governo,FNT-000307,"Senado Federal, dados abertos: processos do Conselho de Ética (REP, DEN, PCE)",https://legis.senado.leg.br/dadosabertos/processo/{id}
2005-10-21,ATR-002188,João Alberto Souza,agente_publico,representado,2005-10-21: João Alberto Souza passou a ser representado em DEN 4/2005 (CEDP-SF) por quebra de decoro parlamentar.,DEN 4/2005,MDB,base do governo,FNT-000307,"Senado Federal, dados abertos: processos do Conselho de Ética (REP, DEN, PCE)",https://legis.senado.leg.br/dadosabertos/processo/{id}
2005-10-21,ATR-002265,Romero Jucá,agente_publico,representado,2005-10-21: Romero Jucá passou a ser representado em DEN 4/2005 (CEDP-SF) por quebra de decoro parlamentar.,DEN 4/2005,MDB,base do governo,FNT-000307,"Senado Federal, dados abertos: processos do Conselho de Ética (REP, DEN, PCE)",https://legis.senado.leg.br/dadosabertos/processo/{id}
2005-10-25,ATR-002148,Geraldo Mesquita Júnior,agente_publico,representado,2005-10-25: Geraldo Mesquita Júnior passou a ser representado em DEN 5/2005 (CEDP-SF) por quebra de decoro parlamentar.,DEN 5/2005,PSOL,base do governo,FNT-000307,"Senado Federal, dados abertos: processos do Conselho de Ética (REP, DEN, PCE)",https://legis.senado.leg.br/dadosabertos/processo/{id}
2005-10-25,ATR-002188,João Alberto Souza,agente_publico,representado,2005-10-25: João Alberto Souza passou a ser representado em DEN 5/2005 (CEDP-SF) por quebra de decoro parlamentar.,DEN 5/2005,MDB,base do governo,FNT-000307,"Senado Federal, dados abertos: processos do Conselho de Ética (REP, DEN, PCE)",https://legis.senado.leg.br/dadosabertos/processo/{id}
2005-11-02,ATR-001021,JOSÉ MAIA FILHO,agente_publico,contas_julgadas_irregulares,2005-11-02: transitou em julgado o julgamento das contas de JOSÉ MAIA FILHO como irregulares em 015.913/2001-2 (TCU).,015.913/2001-2,,,FNT-000309,"TCU, certidões: responsáveis com contas julgadas irregulares (lista pública)",https://certidoes.apps.tcu.gov.br/api/publico/responsaveis-contas-irregulares/exportar-para-csv?paginaAtual=1&tamanhoPagina=50000
2005-11-08,ATR-002191,João Capiberibe,agente_publico,representado,2005-11-08: João Capiberibe passou a ser representado em REP 1/2005 (CEDP-SF) por quebra de decoro parlamentar.,REP 1/2005,PSB,base do governo,FNT-000307,"Senado Federal, dados abertos: processos do Conselho de Ética (REP, DEN, PCE)",https://legis.senado.leg.br/dadosabertos/processo/{id}
2005-11-09,ATR-000123,SANDRO MABEL,agente_publico,representacao_improcedente,2005-11-09: a representação contra SANDRO MABEL em REP 40/2005 (CEDP-CD) foi julgada improcedente ou o parecer pela perda do mandato foi rejeitado pelo plenário.,REP 40/2005,PL,base do governo,FNT-000306,"Câmara dos Deputados, dados abertos: tramitações das representações (REP)",https://dadosabertos.camara.leg.br/api/v2/proposicoes/{id}/tramitacoes
2005-11-17,ATR-000110,ZULAIÊ COBRA,agente_publico,representado,2005-11-17: ZULAIÊ COBRA passou a ser representado em REP 58/2005 (CEDP-CD) por quebra de decoro parlamentar.,REP 58/2005,PSDB,sem orientação dominante,FNT-000306,"Câmara dos Deputados, dados abertos: tramitações das representações (REP)",https://dadosabertos.camara.leg.br/api/v2/proposicoes/{id}/tramitacoes
2005-11-28,ATR-002103,Arthur Virgílio,agente_publico,representado,2005-11-28: Arthur Virgílio passou a ser representado em DEN 8/2005 (CEDP-SF) por quebra de decoro parlamentar.,DEN 8/2005,PSDB,sem orientação dominante,FNT-000307,"Senado Federal, dados abertos: processos do Conselho de Ética (REP, DEN, PCE)",https://legis.senado.leg.br/dadosabertos/processo/{id}
2005-11-28,ATR-001196,EDUARDO AZEREDO,agente_publico,representado,2005-11-28: EDUARDO AZEREDO passou a ser representado em DEN 9/2005 (CEDP-SF) por quebra de decoro parlamentar.,DEN 9/2005,PSDB,sem orientação dominante,FNT-000307,"Senado Federal, dados abertos: processos do Conselho de Ética (REP, DEN, PCE)",https://legis.senado.leg.br/dadosabertos/processo/{id}
2005-11-30,ATR-000642,JOSÉ DIRCEU,agente_publico,mandato_cassado,2005-11-30: o mandato de JOSÉ DIRCEU foi cassado em REP 38/2005 (CEDP-CD).,REP 38/2005,PT,base do governo,FNT-000306,"Câmara dos Deputados, dados abertos: tramitações das representações (REP)",https://dadosabertos.camara.leg.br/api/v2/proposicoes/{id}/tramitacoes
2005-12-14,ATR-000581,ROMEU QUEIROZ,agente_publico,arquivado,2005-12-14: a investigação sobre ROMEU QUEIROZ em REP 37/2005 (CEDP-CD) foi arquivada.,REP 37/2005,PTB,base do governo,FNT-000306,"Câmara dos Deputados, dados abertos: tramitações das representações (REP)",https://dadosabertos.camara.leg.br/api/v2/proposicoes/{id}/tramitacoes
2005-12-15,ATR-000027,ROBERTO JEFFERSON,agente_publico,arquivado,2005-12-15: a investigação sobre ROBERTO JEFFERSON em REP 41/2005 (CEDP-CD) foi arquivada.,REP 41/2005,PTB,base do governo,FNT-000306,"Câmara dos Deputados, dados abertos: tramitações das representações (REP)",https://dadosabertos.camara.leg.br/api/v2/proposicoes/{id}/tramitacoes
2006-02-06,ATR-002265,Romero Jucá,agente_publico,representado,2006-02-06: Romero Jucá passou a ser representado em DEN 1/2006 (CEDP-SF) por quebra de decoro parlamentar.,DEN 1/2006,MDB,base do governo,FNT-000307,"Senado Federal, dados abertos: processos do Conselho de Ética (REP, DEN, PCE)",https://legis.senado.leg.br/dadosabertos/processo/{id}
2006-03-08,ATR-000649,PROFESSOR LUIZINHO,agente_publico,representacao_improcedente,2006-03-08: a representação contra PROFESSOR LUIZINHO em REP 52/2005 (CEDP-CD) foi julgada improcedente ou o parecer pela perda do mandato foi rejeitado pelo plenário.,REP 52/2005,PT,base do governo,FNT-000306,"Câmara dos Deputados, dados abertos: tramitações das representações (REP)",https://dadosabertos.camara.leg.br/api/v2/proposicoes/{id}/tramitacoes
2006-03-08,ATR-000629,ROBERTO BRANT,agente_publico,representacao_improcedente,2006-03-08: a representação contra ROBERTO BRANT em REP 53/2005 (CEDP-CD) foi julgada improcedente ou o parecer pela perda do mandato foi rejeitado pelo plenário.,REP 53/2005,DEM,sem orientação dominante,FNT-000306,"Câmara dos Deputados, dados abertos: tramitações das representações (REP)",https://dadosabertos.camara.leg.br/api/v2/proposicoes/{id}/tramitacoes
2006-03-14,ATR-000470,ONYX LORENZONI,agente_publico,representado,2006-03-14: ONYX LORENZONI passou a ser representado em REP 60/2006 (CEDP-CD) por quebra de decoro parlamentar.,REP 60/2006,DEM,sem orientação dominante,FNT-000306,"Câmara dos Deputados, dados abertos: tramitações das representações (REP)",https://dadosabertos.camara.leg.br/api/v2/proposicoes/{id}/tramitacoes
2006-03-15,ATR-000488,PEDRO CORRÊA,agente_publico,mandato_cassado,2006-03-15: o mandato de PEDRO CORRÊA foi cassado em REP 50/2005 (CEDP-CD).,REP 50/2005,PP,base do governo,FNT-000306,"Câmara dos Deputados, dados abertos: tramitações das representações (REP)",https://dadosabertos.camara.leg.br/api/v2/proposicoes/{id}/tramitacoes
2006-03-15,ATR-000285,PEDRO HENRY,agente_publico,representacao_improcedente,2006-03-15: a representação contra PEDRO HENRY em REP 51/2005 (CEDP-CD) foi julgada improcedente ou o parecer pela perda do mandato foi rejeitado pelo plenário.,REP 51/2005,PP,base do governo,FNT-000306,"Câmara dos Deputados, dados abertos: tramitações das representações (REP)",https://dadosabertos.camara.leg.br/api/v2/proposicoes/{id}/tramitacoes
2006-03-21,ATR-002121,Duciomar Costa,agente_publico,arquivado,2006-03-21: a investigação sobre Duciomar Costa em DEN 4/2004 (CEDP-SF) foi arquivada.,DEN 4/2004,PTB,base do governo,FNT-000307,"Senado Federal, dados abertos: processos do Conselho de Ética (REP, DEN, PCE)",https://legis.senado.leg.br/dadosabertos/processo/{id}
2006-03-21,ATR-002188,João Alberto Souza,agente_publico,arquivado,2006-03-21: a investigação sobre João Alberto Souza em DEN 2/2005 (CEDP-SF) foi arquivada.,DEN 2/2005,MDB,base do governo,FNT-000307,"Senado Federal, dados abertos: processos do Conselho de Ética (REP, DEN, PCE)",https://legis.senado.leg.br/dadosabertos/processo/{id}
2006-03-21,ATR-002265,Romero Jucá,agente_publico,arquivado,2006-03-21: a investigação sobre Romero Jucá em DEN 2/2005 (CEDP-SF) foi arquivada.,DEN 2/2005,MDB,base do governo,FNT-000307,"Senado Federal, dados abertos: processos do Conselho de Ética (REP, DEN, PCE)",https://legis.senado.leg.br/dadosabertos/processo/{id}
2006-03-21,ATR-002188,João Alberto Souza,agente_publico,arquivado,2006-03-21: a investigação sobre João Alberto Souza em DEN 3/2005 (CEDP-SF) foi arquivada.,DEN 3/2005,MDB,base do governo,FNT-000307,"Senado Federal, dados abertos: processos do Conselho de Ética (REP, DEN, PCE)",https://legis.senado.leg.br/dadosabertos/processo/{id}
2006-03-21,ATR-002265,Romero Jucá,agente_publico,arquivado,2006-03-21: a investigação sobre Romero Jucá em DEN 3/2005 (CEDP-SF) foi arquivada.,DEN 3/2005,MDB,base do governo,FNT-000307,"Senado Federal, dados abertos: processos do Conselho de Ética (REP, DEN, PCE)",https://legis.senado.leg.br/dadosabertos/processo/{id}
2006-03-21,ATR-002188,João Alberto Souza,agente_publico,arquivado,2006-03-21: a investigação sobre João Alberto Souza em DEN 4/2005 (CEDP-SF) foi arquivada.,DEN 4/2005,MDB,base do governo,FNT-000307,"Senado Federal, dados abertos: processos do Conselho de Ética (REP, DEN, PCE)",https://legis.senado.leg.br/dadosabertos/processo/{id}
2006-03-21,ATR-002265,Romero Jucá,agente_publico,arquivado,2006-03-21: a investigação sobre Romero Jucá em DEN 4/2005 (CEDP-SF) foi arquivada.,DEN 4/2005,MDB,base do governo,FNT-000307,"Senado Federal, dados abertos: processos do Conselho de Ética (REP, DEN, PCE)",https://legis.senado.leg.br/dadosabertos/processo/{id}
2006-03-22,ATR-000094,JOÃO MAGNO,agente_publico,representacao_improcedente,2006-03-22: a representação contra JOÃO MAGNO em REP 43/2005 (CEDP-CD) foi julgada improcedente ou o parecer pela perda do mandato foi rejeitado pelo plenário.,REP 43/2005,PT,base do governo,FNT-000306,"Câmara dos Deputados, dados abertos: tramitações das representações (REP)",https://dadosabertos.camara.leg.br/api/v2/proposicoes/{id}/tramitacoes
2006-03-22,ATR-000615,WANDERVAL SANTOS,agente_publico,representacao_improcedente,2006-03-22: a representação contra WANDERVAL SANTOS em REP 55/2005 (CEDP-CD) foi julgada improcedente ou o parecer pela perda do mandato foi rejeitado pelo plenário.,REP 55/2005,PL,base do governo,FNT-000306,"Câmara dos Deputados, dados abertos: tramitações das representações (REP)",https://dadosabertos.camara.leg.br/api/v2/proposicoes/{id}/tramitacoes
2006-04-05,ATR-000072,JOÃO PAULO CUNHA,agente_publico,representacao_improcedente,2006-04-05: a representação contra JOÃO PAULO CUNHA em REP 44/2005 (CEDP-CD) foi julgada improcedente ou o parecer pela perda do mandato foi rejeitado pelo plenário.,REP 44/2005,PT,base do governo,FNT-000306,"Câmara dos Deputados, dados abertos: tramitações das representações (REP)",https://dadosabertos.camara.leg.br/api/v2/proposicoes/{id}/tramitacoes
2006-04-18,ATR-002103,Arthur Virgílio,agente_publico,arquivado,2006-04-18: a investigação sobre Arthur Virgílio em DEN 8/2005 (CEDP-SF) foi arquivada.,DEN 8/2005,PSDB,sem orientação dominante,FNT-000307,"Senado Federal, dados abertos: processos do Conselho de Ética (REP, DEN, PCE)",https://legis.senado.leg.br/dadosabertos/processo/{id}
2006-04-18,ATR-001196,EDUARDO AZEREDO,agente_publico,arquivado,2006-04-18: a investigação sobre EDUARDO AZEREDO em DEN 9/2005 (CEDP-SF) foi arquivada.,DEN 9/2005,PSDB,sem orientação dominante,FNT-000307,"Senado Federal, dados abertos: processos do Conselho de Ética (REP, DEN, PCE)",https://legis.senado.leg.br/dadosabertos/processo/{id}
2006-04-18,ATR-002265,Romero Jucá,agente_publico,arquivado,2006-04-18: a investigação sobre Romero Jucá em DEN 1/2006 (CEDP-SF) foi arquivada.,DEN 1/2006,MDB,base do governo,FNT-000307,"Senado Federal, dados abertos: processos do Conselho de Ética (REP, DEN, PCE)",https://legis.senado.leg.br/dadosabertos/processo/{id}
2006-04-19,ATR-000379,JOSÉ MENTOR,agente_publico,representacao_improcedente,2006-04-19: a representação contra JOSÉ MENTOR em REP 47/2005 (CEDP-CD) foi julgada improcedente ou o parecer pela perda do mandato foi rejeitado pelo plenário.,REP 47/2005,PT,base do governo,FNT-000306,"Câmara dos Deputados, dados abertos: tramitações das representações (REP)",https://dadosabertos.camara.leg.br/api/v2/proposicoes/{id}/tramitacoes
2006-04-22,ATR-000565,GERALDO SIMÕES,agente_publico,contas_julgadas_irregulares,2006-04-22: transitou em julgado o julgamento das contas de GERALDO SIMÕES como irregulares em 012.314/1999-4 (TCU).,012.314/1999-4,,,FNT-000309,"TCU, certidões: responsáveis com contas julgadas irregulares (lista pública)",https://certidoes.apps.tcu.gov.br/api/publico/responsaveis-contas-irregulares/exportar-para-csv?paginaAtual=1&tamanhoPagina=50000
2006-05-03,ATR-000294,Josias Gomes,agente_publico,representacao_improcedente,2006-05-03: a representação contra Josias Gomes em REP 48/2005 (CEDP-CD) foi julgada improcedente ou o parecer pela perda do mandato foi rejeitado pelo plenário.,REP 48/2005,PT,base do governo,FNT-000306,"Câmara dos Deputados, dados abertos: tramitações das representações (REP)",https://dadosabertos.camara.leg.br/api/v2/proposicoes/{id}/tramitacoes
2006-05-24,ATR-000089,VADÃO GOMES,agente_publico,representacao_improcedente,2006-05-24: a representação contra VADÃO GOMES em REP 54/2005 (CEDP-CD) foi julgada improcedente ou o parecer pela perda do mandato foi rejeitado pelo plenário.,REP 54/2005,PP,base do governo,FNT-000306,"Câmara dos Deputados, dados abertos: tramitações das representações (REP)",https://dadosabertos.camara.leg.br/api/v2/proposicoes/{id}/tramitacoes
2006-05-30,ATR-000110,ZULAIÊ COBRA,agente_publico,arquivado,2006-05-30: a investigação sobre ZULAIÊ COBRA em REP 58/2005 (CEDP-CD) foi arquivada.,REP 58/2005,PSDB,sem orientação dominante,FNT-000306,"Câmara dos Deputados, dados abertos: tramitações das representações (REP)",https://dadosabertos.camara.leg.br/api/v2/proposicoes/{id}/tramitacoes
2006-07-03,ATR-000142,JOSÉ BORBA,agente_publico,arquivado,2006-07-03: a investigação sobre JOSÉ BORBA em REP 45/2005 (CEDP-CD) foi arquivada.,REP 45/2005,MDB,base do governo,FNT-000306,"Câmara dos Deputados, dados abertos: tramitações das representações (REP)",https://dadosabertos.camara.leg.br/api/v2/proposicoes/{id}/tramitacoes
2006-07-03,ATR-000272,PAULO ROCHA,agente_publico,arquivado,2006-07-03: a investigação sobre PAULO ROCHA em REP 49/2005 (CEDP-CD) foi arquivada.,REP 49/2005,PT,base do governo,FNT-000306,"Câmara dos Deputados, dados abertos: tramitações das representações (REP)",https://dadosabertos.camara.leg.br/api/v2/proposicoes/{id}/tramitacoes
2006-08-16,ATR-000093,JORGE PINHEIRO,agente_publico,representado,2006-08-16: JORGE PINHEIRO passou a ser representado em REP 100/2006 (CEDP-CD) por quebra de decoro parlamentar.,REP 100/2006,PL,base do governo,FNT-000306,"Câmara dos Deputados, dados abertos: tramitações das representações (REP)",https://dadosabertos.camara.leg.br/api/v2/proposicoes/{id}/tramitacoes
2006-08-16,ATR-000328,JOSÉ DIVINO,agente_publico,representado,2006-08-16: JOSÉ DIVINO passou a ser representado em REP 101/2006 (CEDP-CD) por quebra de decoro parlamentar.,REP 101/2006,REPUBLICANOS,base do governo,FNT-000306,"Câmara dos Deputados, dados abertos: tramitações das representações (REP)",https://dadosabertos.camara.leg.br/api/v2/proposicoes/{id}/tramitacoes
2006-08-16,ATR-000576,JOSÉ MILITÃO,agente_publico,representado,2006-08-16: JOSÉ MILITÃO passou a ser representado em REP 102/2006 (CEDP-CD) por quebra de decoro parlamentar.,REP 102/2006,PTB,base do governo,FNT-000306,"Câmara dos Deputados, dados abertos: tramitações das representações (REP)",https://dadosabertos.camara.leg.br/api/v2/proposicoes/{id}/tramitacoes
2006-08-16,ATR-000427,JOSUÉ BENGTSON,agente_publico,representado,2006-08-16: JOSUÉ BENGTSON passou a ser representado em REP 103/2006 (CEDP-CD) por quebra de decoro parlamentar.,REP 103/2006,PTB,base do governo,FNT-000306,"Câmara dos Deputados, dados abertos: tramitações das representações (REP)",https://dadosabertos.camara.leg.br/api/v2/proposicoes/{id}/tramitacoes
2006-08-16,ATR-000200,JÚNIOR BETÃO,agente_publico,representado,2006-08-16: JÚNIOR BETÃO passou a ser representado em REP 104/2006 (CEDP-CD) por quebra de decoro parlamentar.,REP 104/2006,PL,base do governo,FNT-000306,"Câmara dos Deputados, dados abertos: tramitações das representações (REP)",https://dadosabertos.camara.leg.br/api/v2/proposicoes/{id}/tramitacoes
2006-08-16,ATR-000673,Laura Carneiro,agente_publico,representado,2006-08-16: Laura Carneiro passou a ser representado em REP 105/2006 (CEDP-CD) por quebra de decoro parlamentar.,REP 105/2006,DEM,sem orientação dominante,FNT-000306,"Câmara dos Deputados, dados abertos: tramitações das representações (REP)",https://dadosabertos.camara.leg.br/api/v2/proposicoes/{id}/tramitacoes
2006-08-16,ATR-000653,LINO ROSSI,agente_publico,representado,2006-08-16: LINO ROSSI passou a ser representado em REP 106/2006 (CEDP-CD) por quebra de decoro parlamentar.,REP 106/2006,PP,base do governo,FNT-000306,"Câmara dos Deputados, dados abertos: tramitações das representações (REP)",https://dadosabertos.camara.leg.br/api/v2/proposicoes/{id}/tramitacoes
2006-08-16,ATR-000317,MARCELINO FRAGA,agente_publico,representado,2006-08-16: MARCELINO FRAGA passou a ser representado em REP 107/2006 (CEDP-CD) por quebra de decoro parlamentar.,REP 107/2006,MDB,base do governo,FNT-000306,"Câmara dos Deputados, dados abertos: tramitações das representações (REP)",https://dadosabertos.camara.leg.br/api/v2/proposicoes/{id}/tramitacoes
2006-08-16,ATR-000515,MARCONDES GADELHA,agente_publico,representado,2006-08-16: MARCONDES GADELHA passou a ser representado em REP 108/2006 (CEDP-CD) por quebra de decoro parlamentar.,REP 108/2006,PSB,base do governo,FNT-000306,"Câmara dos Deputados, dados abertos: tramitações das representações (REP)",https://dadosabertos.camara.leg.br/api/v2/proposicoes/{id}/tramitacoes
2006-08-16,ATR-000383,MARCOS ABRAMO,agente_publico,representado,2006-08-16: MARCOS ABRAMO passou a ser representado em REP 109/2006 (CEDP-CD) por quebra de decoro parlamentar.,REP 109/2006,PP,base do governo,FNT-000306,"Câmara dos Deputados, dados abertos: tramitações das representações (REP)",https://dadosabertos.camara.leg.br/api/v2/proposicoes/{id}/tramitacoes
2006-08-16,ATR-000522,MARCOS DE JESUS,agente_publico,representado,2006-08-16: MARCOS DE JESUS passou a ser representado em REP 110/2006 (CEDP-CD) por quebra de decoro parlamentar.,REP 110/2006,DEM,sem orientação dominante,FNT-000306,"Câmara dos Deputados, dados abertos: tramitações das representações (REP)",https://dadosabertos.camara.leg.br/api/v2/proposicoes/{id}/tramitacoes
2006-08-16,ATR-000205,MAURÍCIO RABELO,agente_publico,representado,2006-08-16: MAURÍCIO RABELO passou a ser representado em REP 111/2006 (CEDP-CD) por quebra de decoro parlamentar.,REP 111/2006,PL,base do governo,FNT-000306,"Câmara dos Deputados, dados abertos: tramitações das representações (REP)",https://dadosabertos.camara.leg.br/api/v2/proposicoes/{id}/tramitacoes
2006-08-16,ATR-000647,NEUTON LIMA,agente_publico,representado,2006-08-16: NEUTON LIMA passou a ser representado em REP 112/2006 (CEDP-CD) por quebra de decoro parlamentar.,REP 112/2006,PTB,base do governo,FNT-000306,"Câmara dos Deputados, dados abertos: tramitações das representações (REP)",https://dadosabertos.camara.leg.br/api/v2/proposicoes/{id}/tramitacoes
2006-08-16,ATR-000434,NILTON CAPIXABA,agente_publico,representado,2006-08-16: NILTON CAPIXABA passou a ser representado em REP 113/2006 (CEDP-CD) por quebra de decoro parlamentar.,REP 113/2006,PTB,base do governo,FNT-000306,"Câmara dos Deputados, dados abertos: tramitações das representações (REP)",https://dadosabertos.camara.leg.br/api/v2/proposicoes/{id}/tramitacoes
2006-08-16,ATR-000626,OSMÂNIO PEREIRA,agente_publico,representado,2006-08-16: OSMÂNIO PEREIRA passou a ser representado em REP 114/2006 (CEDP-CD) por quebra de decoro parlamentar.,REP 114/2006,PTB,base do governo,FNT-000306,"Câmara dos Deputados, dados abertos: tramitações das representações (REP)",https://dadosabertos.camara.leg.br/api/v2/proposicoes/{id}/tramitacoes
2006-08-16,ATR-000495,PASTOR AMARILDO,agente_publico,representado,2006-08-16: PASTOR AMARILDO passou a ser representado em REP 115/2006 (CEDP-CD) por quebra de decoro parlamentar.,REP 115/2006,PSC,base do governo,FNT-000306,"Câmara dos Deputados, dados abertos: tramitações das representações (REP)",https://dadosabertos.camara.leg.br/api/v2/proposicoes/{id}/tramitacoes
2006-08-16,ATR-000609,PAULO BALTAZAR,agente_publico,representado,2006-08-16: PAULO BALTAZAR passou a ser representado em REP 116/2006 (CEDP-CD) por quebra de decoro parlamentar.,REP 116/2006,PSB,base do governo,FNT-000306,"Câmara dos Deputados, dados abertos: tramitações das representações (REP)",https://dadosabertos.camara.leg.br/api/v2/proposicoes/{id}/tramitacoes
2006-08-16,ATR-000221,PAULO FEIJÓ,agente_publico,representado,2006-08-16: PAULO FEIJÓ passou a ser representado em REP 117/2006 (CEDP-CD) por quebra de decoro parlamentar.,REP 117/2006,PSDB,sem orientação dominante,FNT-000306,"Câmara dos Deputados, dados abertos: tramitações das representações (REP)",https://dadosabertos.camara.leg.br/api/v2/proposicoes/{id}/tramitacoes
2006-08-16,ATR-000065,PAULO GOUVÊA,agente_publico,representado,2006-08-16: PAULO GOUVÊA passou a ser representado em REP 118/2006 (CEDP-CD) por quebra de decoro parlamentar.,REP 118/2006,PL,base do governo,FNT-000306,"Câmara dos Deputados, dados abertos: tramitações das representações (REP)",https://dadosabertos.camara.leg.br/api/v2/proposicoes/{id}/tramitacoes
2006-08-16,ATR-000285,PEDRO HENRY,agente_publico,representado,2006-08-16: PEDRO HENRY passou a ser representado em REP 119/2006 (CEDP-CD) por quebra de decoro parlamentar.,REP 119/2006,PP,base do governo,FNT-000306,"Câmara dos Deputados, dados abertos: tramitações das representações (REP)",https://dadosabertos.camara.leg.br/api/v2/proposicoes/{id}/tramitacoes
2006-08-16,ATR-000273,Raimundo Santos,agente_publico,representado,2006-08-16: Raimundo Santos passou a ser representado em REP 120/2006 (CEDP-CD) por quebra de decoro parlamentar.,REP 120/2006,PL,base do governo,FNT-000306,"Câmara dos Deputados, dados abertos: tramitações das representações (REP)",https://dadosabertos.camara.leg.br/api/v2/proposicoes/{id}/tramitacoes
2006-08-16,ATR-000095,REGINALDO GERMANO,agente_publico,representado,2006-08-16: REGINALDO GERMANO passou a ser representado em REP 121/2006 (CEDP-CD) por quebra de decoro parlamentar.,REP 121/2006,PP,base do governo,FNT-000306,"Câmara dos Deputados, dados abertos: tramitações das representações (REP)",https://dadosabertos.camara.leg.br/api/v2/proposicoes/{id}/tramitacoes
2006-08-16,ATR-000360,REINALDO BETÃO,agente_publico,representado,2006-08-16: REINALDO BETÃO passou a ser representado em REP 122/2006 (CEDP-CD) por quebra de decoro parlamentar.,REP 122/2006,PL,base do governo,FNT-000306,"Câmara dos Deputados, dados abertos: tramitações das representações (REP)",https://dadosabertos.camara.leg.br/api/v2/proposicoes/{id}/tramitacoes
2006-08-16,ATR-000129,REINALDO GRIPP,agente_publico,representado,2006-08-16: REINALDO GRIPP passou a ser representado em REP 123/2006 (CEDP-CD) por quebra de decoro parlamentar.,REP 123/2006,PL,base do governo,FNT-000306,"Câmara dos Deputados, dados abertos: tramitações das representações (REP)",https://dadosabertos.camara.leg.br/api/v2/proposicoes/{id}/tramitacoes
2006-08-16,ATR-000223,RICARDO RIQUE,agente_publico,representado,2006-08-16: RICARDO RIQUE passou a ser representado em REP 124/2006 (CEDP-CD) por quebra de decoro parlamentar.,REP 124/2006,PL,base do governo,FNT-000306,"Câmara dos Deputados, dados abertos: tramitações das representações (REP)",https://dadosabertos.camara.leg.br/api/v2/proposicoes/{id}/tramitacoes
2006-08-16,ATR-000067,RICARTE DE FREITAS,agente_publico,representado,2006-08-16: RICARTE DE FREITAS passou a ser representado em REP 125/2006 (CEDP-CD) por quebra de decoro parlamentar.,REP 125/2006,PTB,base do governo,FNT-000306,"Câmara dos Deputados, dados abertos: tramitações das representações (REP)",https://dadosabertos.camara.leg.br/api/v2/proposicoes/{id}/tramitacoes
2006-08-16,ATR-000010,ROBÉRIO NUNES,agente_publico,representado,2006-08-16: ROBÉRIO NUNES passou a ser representado em REP 126/2006 (CEDP-CD) por quebra de decoro parlamentar.,REP 126/2006,DEM,sem orientação dominante,FNT-000306,"Câmara dos Deputados, dados abertos: tramitações das representações (REP)",https://dadosabertos.camara.leg.br/api/v2/proposicoes/{id}/tramitacoes
2006-08-16,ATR-000386,VANDERLEI ASSIS,agente_publico,representado,2006-08-16: VANDERLEI ASSIS passou a ser representado em REP 127/2006 (CEDP-CD) por quebra de decoro parlamentar.,REP 127/2006,PP,base do governo,FNT-000306,"Câmara dos Deputados, dados abertos: tramitações das representações (REP)",https://dadosabertos.camara.leg.br/api/v2/proposicoes/{id}/tramitacoes
2006-08-16,ATR-000363,VIEIRA REIS,agente_publico,representado,2006-08-16: VIEIRA REIS passou a ser representado em REP 128/2006 (CEDP-CD) por quebra de decoro parlamentar.,REP 128/2006,REPUBLICANOS,base do governo,FNT-000306,"Câmara dos Deputados, dados abertos: tramitações das representações (REP)",https://dadosabertos.camara.leg.br/api/v2/proposicoes/{id}/tramitacoes
2006-08-16,ATR-000615,WANDERVAL SANTOS,agente_publico,representado,2006-08-16: WANDERVAL SANTOS passou a ser representado em REP 129/2006 (CEDP-CD) por quebra de decoro parlamentar.,REP 129/2006,PL,base do governo,FNT-000306,"Câmara dos Deputados, dados abertos: tramitações das representações (REP)",https://dadosabertos.camara.leg.br/api/v2/proposicoes/{id}/tramitacoes
2006-08-16,ATR-000113,WELLINGTON FAGUNDES,agente_publico,representado,2006-08-16: WELLINGTON FAGUNDES passou a ser representado em REP 130/2006 (CEDP-CD) por quebra de decoro parlamentar.,REP 130/2006,PL,base do governo,FNT-000306,"Câmara dos Deputados, dados abertos: tramitações das representações (REP)",https://dadosabertos.camara.leg.br/api/v2/proposicoes/{id}/tramitacoes
2006-08-16,ATR-000242,Wellington Roberto,agente_publico,representado,2006-08-16: Wellington Roberto passou a ser representado em REP 131/2006 (CEDP-CD) por quebra de decoro parlamentar.,REP 131/2006,PL,base do governo,FNT-000306,"Câmara dos Deputados, dados abertos: tramitações das representações (REP)",https://dadosabertos.camara.leg.br/api/v2/proposicoes/{id}/tramitacoes
2006-08-16,ATR-000408,B. SÁ,agente_publico,representado,2006-08-16: B. SÁ passou a ser representado em REP 132/2006 (CEDP-CD) por quebra de decoro parlamentar.,REP 132/2006,PSB,base do governo,FNT-000306,"Câmara dos Deputados, dados abertos: tramitações das representações (REP)",https://dadosabertos.camara.leg.br/api/v2/proposicoes/{id}/tramitacoes
2006-08-16,ATR-000513,DOMICIANO CABRAL,agente_publico,representado,2006-08-16: DOMICIANO CABRAL passou a ser representado em REP 133/2006 (CEDP-CD) por quebra de decoro parlamentar.,REP 133/2006,PSDB,sem orientação dominante,FNT-000306,"Câmara dos Deputados, dados abertos: tramitações das representações (REP)",https://dadosabertos.camara.leg.br/api/v2/proposicoes/{id}/tramitacoes
2006-08-16,ATR-000457,ADELOR VIEIRA,agente_publico,representado,2006-08-16: ADELOR VIEIRA passou a ser representado em REP 63/2006 (CEDP-CD) por quebra de decoro parlamentar.,REP 63/2006,MDB,base do governo,FNT-000306,"Câmara dos Deputados, dados abertos: tramitações das representações (REP)",https://dadosabertos.camara.leg.br/api/v2/proposicoes/{id}/tramitacoes
2006-08-16,ATR-000433,AGNALDO MUNIZ,agente_publico,representado,2006-08-16: AGNALDO MUNIZ passou a ser representado em REP 64/2006 (CEDP-CD) por quebra de decoro parlamentar.,REP 64/2006,PP,base do governo,FNT-000306,"Câmara dos Deputados, dados abertos: tramitações das representações (REP)",https://dadosabertos.camara.leg.br/api/v2/proposicoes/{id}/tramitacoes
2006-08-16,ATR-000207,ALCESTE ALMEIDA,agente_publico,representado,2006-08-16: ALCESTE ALMEIDA passou a ser representado em REP 65/2006 (CEDP-CD) por quebra de decoro parlamentar.,REP 65/2006,PTB,base do governo,FNT-000306,"Câmara dos Deputados, dados abertos: tramitações das representações (REP)",https://dadosabertos.camara.leg.br/api/v2/proposicoes/{id}/tramitacoes
2006-08-16,ATR-000500,ALMEIDA DE JESUS,agente_publico,representado,2006-08-16: ALMEIDA DE JESUS passou a ser representado em REP 66/2006 (CEDP-CD) por quebra de decoro parlamentar.,REP 66/2006,PL,base do governo,FNT-000306,"Câmara dos Deputados, dados abertos: tramitações das representações (REP)",https://dadosabertos.camara.leg.br/api/v2/proposicoes/{id}/tramitacoes
2006-08-16,ATR-000602,ALMERINDA DE CARVALHO,agente_publico,representado,2006-08-16: ALMERINDA DE CARVALHO passou a ser representado em REP 67/2006 (CEDP-CD) por quebra de decoro parlamentar.,REP 67/2006,MDB,base do governo,FNT-000306,"Câmara dos Deputados, dados abertos: tramitações das representações (REP)",https://dadosabertos.camara.leg.br/api/v2/proposicoes/{id}/tramitacoes
2006-08-16,ATR-000320,ALMIR MOURA,agente_publico,representado,2006-08-16: ALMIR MOURA passou a ser representado em REP 68/2006 (CEDP-CD) por quebra de decoro parlamentar.,REP 68/2006,DEM,sem orientação dominante,FNT-000306,"Câmara dos Deputados, dados abertos: tramitações das representações (REP)",https://dadosabertos.camara.leg.br/api/v2/proposicoes/{id}/tramitacoes
2006-08-16,ATR-000364,AMAURI GASQUES,agente_publico,representado,2006-08-16: AMAURI GASQUES passou a ser representado em REP 69/2006 (CEDP-CD) por quebra de decoro parlamentar.,REP 69/2006,PL,base do governo,FNT-000306,"Câmara dos Deputados, dados abertos: tramitações das representações (REP)",https://dadosabertos.camara.leg.br/api/v2/proposicoes/{id}/tramitacoes
2006-08-16,ATR-000422,DR. BENEDITO DIAS,agente_publico,representado,2006-08-16: DR. BENEDITO DIAS passou a ser representado em REP 70/2006 (CEDP-CD) por quebra de decoro parlamentar.,REP 70/2006,PP,base do governo,FNT-000306,"Câmara dos Deputados, dados abertos: tramitações das representações (REP)",https://dadosabertos.camara.leg.br/api/v2/proposicoes/{id}/tramitacoes
2006-08-16,ATR-000239,BENJAMIN MARANHÃO,agente_publico,representado,2006-08-16: BENJAMIN MARANHÃO passou a ser representado em REP 71/2006 (CEDP-CD) por quebra de decoro parlamentar.,REP 71/2006,MDB,base do governo,FNT-000306,"Câmara dos Deputados, dados abertos: tramitações das representações (REP)",https://dadosabertos.camara.leg.br/api/v2/proposicoes/{id}/tramitacoes
2006-08-16,ATR-000571,CABO JÚLIO,agente_publico,representado,2006-08-16: CABO JÚLIO passou a ser representado em REP 72/2006 (CEDP-CD) por quebra de decoro parlamentar.,REP 72/2006,MDB,base do governo,FNT-000306,"Câmara dos Deputados, dados abertos: tramitações das representações (REP)",https://dadosabertos.camara.leg.br/api/v2/proposicoes/{id}/tramitacoes
2006-08-16,ATR-000511,CARLOS DUNGA,agente_publico,representado,2006-08-16: CARLOS DUNGA passou a ser representado em REP 73/2006 (CEDP-CD) por quebra de decoro parlamentar.,REP 73/2006,PTB,base do governo,FNT-000306,"Câmara dos Deputados, dados abertos: tramitações das representações (REP)",https://dadosabertos.camara.leg.br/api/v2/proposicoes/{id}/tramitacoes
2006-08-16,ATR-000160,CARLOS NADER,agente_publico,representado,2006-08-16: CARLOS NADER passou a ser representado em REP 74/2006 (CEDP-CD) por quebra de decoro parlamentar.,REP 74/2006,PL,base do governo,FNT-000306,"Câmara dos Deputados, dados abertos: tramitações das representações (REP)",https://dadosabertos.camara.leg.br/api/v2/proposicoes/{id}/tramitacoes
2006-08-16,ATR-000652,CELCITA PINHEIRO,agente_publico,representado,2006-08-16: CELCITA PINHEIRO passou a ser representado em REP 75/2006 (CEDP-CD) por quebra de decoro parlamentar.,REP 75/2006,DEM,sem orientação dominante,FNT-000306,"Câmara dos Deputados, dados abertos: tramitações das representações (REP)",https://dadosabertos.camara.leg.br/api/v2/proposicoes/{id}/tramitacoes
2006-08-16,ATR-000337,CÉSAR BANDEIRA,agente_publico,representado,2006-08-16: CÉSAR BANDEIRA passou a ser representado em REP 76/2006 (CEDP-CD) por quebra de decoro parlamentar.,REP 76/2006,DEM,sem orientação dominante,FNT-000306,"Câmara dos Deputados, dados abertos: tramitações das representações (REP)",https://dadosabertos.camara.leg.br/api/v2/proposicoes/{id}/tramitacoes
2006-08-16,ATR-000544,CLEONÂNCIO FONSECA,agente_publico,representado,2006-08-16: CLEONÂNCIO FONSECA passou a ser representado em REP 77/2006 (CEDP-CD) por quebra de decoro parlamentar.,REP 77/2006,PP,base do governo,FNT-000306,"Câmara dos Deputados, dados abertos: tramitações das representações (REP)",https://dadosabertos.camara.leg.br/api/v2/proposicoes/{id}/tramitacoes
2006-08-16,ATR-000572,CLEUBER CARNEIRO,agente_publico,representado,2006-08-16: CLEUBER CARNEIRO passou a ser representado em REP 78/2006 (CEDP-CD) por quebra de decoro parlamentar.,REP 78/2006,PTB,base do governo,FNT-000306,"Câmara dos Deputados, dados abertos: tramitações das representações (REP)",https://dadosabertos.camara.leg.br/api/v2/proposicoes/{id}/tramitacoes
2006-08-16,ATR-000550,CORIOLANO SALES,agente_publico,representado,2006-08-16: CORIOLANO SALES passou a ser representado em REP 79/2006 (CEDP-CD) por quebra de decoro parlamentar.,REP 79/2006,DEM,sem orientação dominante,FNT-000306,"Câmara dos Deputados, dados abertos: tramitações das representações (REP)",https://dadosabertos.camara.leg.br/api/v2/proposicoes/{id}/tramitacoes
2006-08-16,ATR-000181,CORONEL ALVES,agente_publico,representado,2006-08-16: CORONEL ALVES passou a ser representado em REP 80/2006 (CEDP-CD) por quebra de decoro parlamentar.,REP 80/2006,PL,base do governo,FNT-000306,"Câmara dos Deputados, dados abertos: tramitações das representações (REP)",https://dadosabertos.camara.leg.br/api/v2/proposicoes/{id}/tramitacoes
2006-08-16,ATR-000106,EDIR OLIVEIRA,agente_publico,representado,2006-08-16: EDIR OLIVEIRA passou a ser representado em REP 81/2006 (CEDP-CD) por quebra de decoro parlamentar.,REP 81/2006,PTB,base do governo,FNT-000306,"Câmara dos Deputados, dados abertos: tramitações das representações (REP)",https://dadosabertos.camara.leg.br/api/v2/proposicoes/{id}/tramitacoes
2006-08-16,ATR-000371,EDNA MACEDO,agente_publico,representado,2006-08-16: EDNA MACEDO passou a ser representado em REP 82/2006 (CEDP-CD) por quebra de decoro parlamentar.,REP 82/2006,PTB,base do governo,FNT-000306,"Câmara dos Deputados, dados abertos: tramitações das representações (REP)",https://dadosabertos.camara.leg.br/api/v2/proposicoes/{id}/tramitacoes
2006-08-16,ATR-000423,EDUARDO SEABRA,agente_publico,representado,2006-08-16: EDUARDO SEABRA passou a ser representado em REP 83/2006 (CEDP-CD) por quebra de decoro parlamentar.,REP 83/2006,PTB,base do governo,FNT-000306,"Câmara dos Deputados, dados abertos: tramitações das representações (REP)",https://dadosabertos.camara.leg.br/api/v2/proposicoes/{id}/tramitacoes
2006-08-16,ATR-000327,ELAINE COSTA,agente_publico,representado,2006-08-16: ELAINE COSTA passou a ser representado em REP 84/2006 (CEDP-CD) por quebra de decoro parlamentar.,REP 84/2006,PTB,base do governo,FNT-000306,"Câmara dos Deputados, dados abertos: tramitações das representações (REP)",https://dadosabertos.camara.leg.br/api/v2/proposicoes/{id}/tramitacoes
2006-08-16,ATR-000476,ENIVALDO RIBEIRO,agente_publico,representado,2006-08-16: ENIVALDO RIBEIRO passou a ser representado em REP 85/2006 (CEDP-CD) por quebra de decoro parlamentar.,REP 85/2006,PP,base do governo,FNT-000306,"Câmara dos Deputados, dados abertos: tramitações das representações (REP)",https://dadosabertos.camara.leg.br/api/v2/proposicoes/{id}/tramitacoes
2006-08-16,ATR-000464,ÉRICO RIBEIRO,agente_publico,representado,2006-08-16: ÉRICO RIBEIRO passou a ser representado em REP 86/2006 (CEDP-CD) por quebra de decoro parlamentar.,REP 86/2006,PP,base do governo,FNT-000306,"Câmara dos Deputados, dados abertos: tramitações das representações (REP)",https://dadosabertos.camara.leg.br/api/v2/proposicoes/{id}/tramitacoes
2006-08-16,ATR-000667,FERNANDO GONÇALVES,agente_publico,representado,2006-08-16: FERNANDO GONÇALVES passou a ser representado em REP 87/2006 (CEDP-CD) por quebra de decoro parlamentar.,REP 87/2006,PTB,base do governo,FNT-000306,"Câmara dos Deputados, dados abertos: tramitações das representações (REP)",https://dadosabertos.camara.leg.br/api/v2/proposicoes/{id}/tramitacoes
2006-08-16,ATR-000252,HELENO SILVA,agente_publico,representado,2006-08-16: HELENO SILVA passou a ser representado em REP 88/2006 (CEDP-CD) por quebra de decoro parlamentar.,REP 88/2006,PL,base do governo,FNT-000306,"Câmara dos Deputados, dados abertos: tramitações das representações (REP)",https://dadosabertos.camara.leg.br/api/v2/proposicoes/{id}/tramitacoes
2006-08-16,ATR-000375,ILDEU ARAUJO,agente_publico,representado,2006-08-16: ILDEU ARAUJO passou a ser representado em REP 89/2006 (CEDP-CD) por quebra de decoro parlamentar.,REP 89/2006,PP,base do governo,FNT-000306,"Câmara dos Deputados, dados abertos: tramitações das representações (REP)",https://dadosabertos.camara.leg.br/api/v2/proposicoes/{id}/tramitacoes
2006-08-16,ATR-000384,PROFESSOR IRAPUAN TEIXEIRA,agente_publico,representado,2006-08-16: PROFESSOR IRAPUAN TEIXEIRA passou a ser representado em REP 90/2006 (CEDP-CD) por quebra de decoro parlamentar.,REP 90/2006,PP,base do governo,FNT-000306,"Câmara dos Deputados, dados abertos: tramitações das representações (REP)",https://dadosabertos.camara.leg.br/api/v2/proposicoes/{id}/tramitacoes
2006-08-16,ATR-000049,IRIS SIMÕES,agente_publico,representado,2006-08-16: IRIS SIMÕES passou a ser representado em REP 91/2006 (CEDP-CD) por quebra de decoro parlamentar.,REP 91/2006,PTB,base do governo,FNT-000306,"Câmara dos Deputados, dados abertos: tramitações das representações (REP)",https://dadosabertos.camara.leg.br/api/v2/proposicoes/{id}/tramitacoes
2006-08-16,ATR-000305,ISAÍAS SILVESTRE,agente_publico,representado,2006-08-16: ISAÍAS SILVESTRE passou a ser representado em REP 92/2006 (CEDP-CD) por quebra de decoro parlamentar.,REP 92/2006,PSB,base do governo,FNT-000306,"Câmara dos Deputados, dados abertos: tramitações das representações (REP)",https://dadosabertos.camara.leg.br/api/v2/proposicoes/{id}/tramitacoes
2006-08-16,ATR-000365,JOÃO BATISTA,agente_publico,representado,2006-08-16: JOÃO BATISTA passou a ser representado em REP 93/2006 (CEDP-CD) por quebra de decoro parlamentar.,REP 93/2006,PP,base do governo,FNT-000306,"Câmara dos Deputados, dados abertos: tramitações das representações (REP)",https://dadosabertos.camara.leg.br/api/v2/proposicoes/{id}/tramitacoes
2006-08-16,ATR-000562,JOÃO CALDAS,agente_publico,representado,2006-08-16: JOÃO CALDAS passou a ser representado em REP 94/2006 (CEDP-CD) por quebra de decoro parlamentar.,REP 94/2006,PL,base do governo,FNT-000306,"Câmara dos Deputados, dados abertos: tramitações das representações (REP)",https://dadosabertos.camara.leg.br/api/v2/proposicoes/{id}/tramitacoes
2006-08-16,ATR-000199,JOÃO CORREIA,agente_publico,representado,2006-08-16: JOÃO CORREIA passou a ser representado em REP 95/2006 (CEDP-CD) por quebra de decoro parlamentar.,REP 95/2006,MDB,base do governo,FNT-000306,"Câmara dos Deputados, dados abertos: tramitações das representações (REP)",https://dadosabertos.camara.leg.br/api/v2/proposicoes/{id}/tramitacoes
2006-08-16,ATR-000042,JOÃO GRANDÃO,agente_publico,representado,2006-08-16: JOÃO GRANDÃO passou a ser representado em REP 96/2006 (CEDP-CD) por quebra de decoro parlamentar.,REP 96/2006,PT,base do governo,FNT-000306,"Câmara dos Deputados, dados abertos: tramitações das representações (REP)",https://dadosabertos.camara.leg.br/api/v2/proposicoes/{id}/tramitacoes
2006-08-16,ATR-000287,JOÃO MAGALHÃES,agente_publico,representado,2006-08-16: JOÃO MAGALHÃES passou a ser representado em REP 97/2006 (CEDP-CD) por quebra de decoro parlamentar.,REP 97/2006,MDB,base do governo,FNT-000306,"Câmara dos Deputados, dados abertos: tramitações das representações (REP)",https://dadosabertos.camara.leg.br/api/v2/proposicoes/{id}/tramitacoes
2006-08-16,ATR-000323,JOÃO MENDES DE JESUS,agente_publico,representado,2006-08-16: JOÃO MENDES DE JESUS passou a ser representado em REP 98/2006 (CEDP-CD) por quebra de decoro parlamentar.,REP 98/2006,PSB,base do governo,FNT-000306,"Câmara dos Deputados, dados abertos: tramitações das representações (REP)",https://dadosabertos.camara.leg.br/api/v2/proposicoes/{id}/tramitacoes
2006-08-16,ATR-000567,JONIVAL LUCAS JUNIOR,agente_publico,representado,2006-08-16: JONIVAL LUCAS JUNIOR passou a ser representado em REP 99/2006 (CEDP-CD) por quebra de decoro parlamentar.,REP 99/2006,PTB,base do governo,FNT-000306,"Câmara dos Deputados, dados abertos: tramitações das representações (REP)",https://dadosabertos.camara.leg.br/api/v2/proposicoes/{id}/tramitacoes
2006-08-24,ATR-002233,Ney Suassuna,agente_publico,representado,2006-08-24: Ney Suassuna passou a ser representado em REP 1/2006 (CEDP-SF) por quebra de decoro parlamentar.,REP 1/2006,MDB,base do governo,FNT-000307,"Senado Federal, dados abertos: processos do Conselho de Ética (REP, DEN, PCE)",https://legis.senado.leg.br/dadosabertos/processo/{id}
2006-08-24,ATR-002273,Serys Slhessarenko,agente_publico,representado,2006-08-24: Serys Slhessarenko passou a ser representado em REP 2/2006 (CEDP-SF) por quebra de decoro parlamentar.,REP 2/2006,PT,base do governo,FNT-000307,"Senado Federal, dados abertos: processos do Conselho de Ética (REP, DEN, PCE)",https://legis.senado.leg.br/dadosabertos/processo/{id}
2006-08-24,ATR-002208,Magno Malta,agente_publico,representado,2006-08-24: Magno Malta passou a ser representado em REP 3/2006 (CEDP-SF) por quebra de decoro parlamentar.,REP 3/2006,PL,base do governo,FNT-000307,"Senado Federal, dados abertos: processos do Conselho de Ética (REP, DEN, PCE)",https://legis.senado.leg.br/dadosabertos/processo/{id}
2006-09-04,ATR-000317,MARCELINO FRAGA,agente_publico,arquivado,2006-09-04: a investigação sobre MARCELINO FRAGA em REP 107/2006 (CEDP-CD) foi arquivada.,REP 107/2006,MDB,base do governo,FNT-000306,"Câmara dos Deputados, dados abertos: tramitações das representações (REP)",https://dadosabertos.camara.leg.br/api/v2/proposicoes/{id}/tramitacoes
2006-09-04,ATR-000550,CORIOLANO SALES,agente_publico,arquivado,2006-09-04: a investigação sobre CORIOLANO SALES em REP 79/2006 (CEDP-CD) foi arquivada.,REP 79/2006,DEM,sem orientação dominante,FNT-000306,"Câmara dos Deputados, dados abertos: tramitações das representações (REP)",https://dadosabertos.camara.leg.br/api/v2/proposicoes/{id}/tramitacoes
2006-10-31,ATR-000262,FERNANDO DE FABINHO,agente_publico,contas_julgadas_irregulares,2006-10-31: transitou em julgado o julgamento das contas de FERNANDO DE FABINHO como irregulares em 017.678/2000-1 (TCU).,017.678/2000-1,DEM,sem orientação dominante,FNT-000309,"TCU, certidões: responsáveis com contas julgadas irregulares (lista pública)",https://certidoes.apps.tcu.gov.br/api/publico/responsaveis-contas-irregulares/exportar-para-csv?paginaAtual=1&tamanhoPagina=50000
2006-12-06,ATR-000143,JOSÉ JANENE,agente_publico,representacao_improcedente,2006-12-06: a representação contra JOSÉ JANENE em REP 46/2005 (CEDP-CD) foi julgada improcedente ou o parecer pela perda do mandato foi rejeitado pelo plenário.,REP 46/2005,PP,base do governo,FNT-000306,"Câmara dos Deputados, dados abertos: tramitações das representações (REP)",https://dadosabertos.camara.leg.br/api/v2/proposicoes/{id}/tramitacoes
2006-12-13,ATR-000545,JERÔNIMO REIS,agente_publico,contas_julgadas_irregulares,2006-12-13: transitou em julgado o julgamento das contas de JERÔNIMO REIS como irregulares em 005.275/2002-1 (TCU).,005.275/2002-1,,,FNT-000309,"TCU, certidões: responsáveis com contas julgadas irregulares (lista pública)",https://certidoes.apps.tcu.gov.br/api/publico/responsaveis-contas-irregulares/exportar-para-csv?paginaAtual=1&tamanhoPagina=50000
2006-12-19,ATR-002273,Serys Slhessarenko,agente_publico,arquivado,2006-12-19: a investigação sobre Serys Slhessarenko em REP 2/2006 (CEDP-SF) foi arquivada.,REP 2/2006,PT,base do governo,FNT-000307,"Senado Federal, dados abertos: processos do Conselho de Ética (REP, DEN, PCE)",https://legis.senado.leg.br/dadosabertos/processo/{id}
2006-12-19,ATR-002208,Magno Malta,agente_publico,arquivado,2006-12-19: a investigação sobre Magno Malta em REP 3/2006 (CEDP-SF) foi arquivada.,REP 3/2006,PL,base do governo,FNT-000307,"Senado Federal, dados abertos: processos do Conselho de Ética (REP, DEN, PCE)",https://legis.senado.leg.br/dadosabertos/processo/{id}
2007-01-31,ATR-000576,JOSÉ MILITÃO,agente_publico,arquivado,2007-01-31: a investigação sobre JOSÉ MILITÃO em REP 102/2006 (CEDP-CD) foi arquivada.,REP 102/2006,PTB,base do governo,FNT-000306,"Câmara dos Deputados, dados abertos: tramitações das representações (REP)",https://dadosabertos.camara.leg.br/api/v2/proposicoes/{id}/tramitacoes
2007-01-31,ATR-000200,JÚNIOR BETÃO,agente_publico,arquivado,2007-01-31: a investigação sobre JÚNIOR BETÃO em REP 104/2006 (CEDP-CD) foi arquivada.,REP 104/2006,PL,base do governo,FNT-000306,"Câmara dos Deputados, dados abertos: tramitações das representações (REP)",https://dadosabertos.camara.leg.br/api/v2/proposicoes/{id}/tramitacoes
2007-01-31,ATR-000647,NEUTON LIMA,agente_publico,arquivado,2007-01-31: a investigação sobre NEUTON LIMA em REP 112/2006 (CEDP-CD) foi arquivada.,REP 112/2006,PTB,base do governo,FNT-000306,"Câmara dos Deputados, dados abertos: tramitações das representações (REP)",https://dadosabertos.camara.leg.br/api/v2/proposicoes/{id}/tramitacoes
2007-01-31,ATR-000495,PASTOR AMARILDO,agente_publico,arquivado,2007-01-31: a investigação sobre PASTOR AMARILDO em REP 115/2006 (CEDP-CD) foi arquivada.,REP 115/2006,PSC,base do governo,FNT-000306,"Câmara dos Deputados, dados abertos: tramitações das representações (REP)",https://dadosabertos.camara.leg.br/api/v2/proposicoes/{id}/tramitacoes
2007-01-31,ATR-000609,PAULO BALTAZAR,agente_publico,arquivado,2007-01-31: a investigação sobre PAULO BALTAZAR em REP 116/2006 (CEDP-CD) foi arquivada.,REP 116/2006,PSB,base do governo,FNT-000306,"Câmara dos Deputados, dados abertos: tramitações das representações (REP)",https://dadosabertos.camara.leg.br/api/v2/proposicoes/{id}/tramitacoes
2007-01-31,ATR-000065,PAULO GOUVÊA,agente_publico,arquivado,2007-01-31: a investigação sobre PAULO GOUVÊA em REP 118/2006 (CEDP-CD) foi arquivada.,REP 118/2006,PL,base do governo,FNT-000306,"Câmara dos Deputados, dados abertos: tramitações das representações (REP)",https://dadosabertos.camara.leg.br/api/v2/proposicoes/{id}/tramitacoes
2007-01-31,ATR-000285,PEDRO HENRY,agente_publico,arquivado,2007-01-31: a investigação sobre PEDRO HENRY em REP 119/2006 (CEDP-CD) foi arquivada.,REP 119/2006,PP,base do governo,FNT-000306,"Câmara dos Deputados, dados abertos: tramitações das representações (REP)",https://dadosabertos.camara.leg.br/api/v2/proposicoes/{id}/tramitacoes
2007-01-31,ATR-000273,Raimundo Santos,agente_publico,arquivado,2007-01-31: a investigação sobre Raimundo Santos em REP 120/2006 (CEDP-CD) foi arquivada.,REP 120/2006,PL,base do governo,FNT-000306,"Câmara dos Deputados, dados abertos: tramitações das representações (REP)",https://dadosabertos.camara.leg.br/api/v2/proposicoes/{id}/tramitacoes
2007-01-31,ATR-000095,REGINALDO GERMANO,agente_publico,arquivado,2007-01-31: a investigação sobre REGINALDO GERMANO em REP 121/2006 (CEDP-CD) foi arquivada.,REP 121/2006,PP,base do governo,FNT-000306,"Câmara dos Deputados, dados abertos: tramitações das representações (REP)",https://dadosabertos.camara.leg.br/api/v2/proposicoes/{id}/tramitacoes
2007-01-31,ATR-000360,REINALDO BETÃO,agente_publico,arquivado,2007-01-31: a investigação sobre REINALDO BETÃO em REP 122/2006 (CEDP-CD) foi arquivada.,REP 122/2006,PL,base do governo,FNT-000306,"Câmara dos Deputados, dados abertos: tramitações das representações (REP)",https://dadosabertos.camara.leg.br/api/v2/proposicoes/{id}/tramitacoes
2007-01-31,ATR-000129,REINALDO GRIPP,agente_publico,arquivado,2007-01-31: a investigação sobre REINALDO GRIPP em REP 123/2006 (CEDP-CD) foi arquivada.,REP 123/2006,PL,base do governo,FNT-000306,"Câmara dos Deputados, dados abertos: tramitações das representações (REP)",https://dadosabertos.camara.leg.br/api/v2/proposicoes/{id}/tramitacoes
2007-01-31,ATR-000223,RICARDO RIQUE,agente_publico,arquivado,2007-01-31: a investigação sobre RICARDO RIQUE em REP 124/2006 (CEDP-CD) foi arquivada.,REP 124/2006,PL,base do governo,FNT-000306,"Câmara dos Deputados, dados abertos: tramitações das representações (REP)",https://dadosabertos.camara.leg.br/api/v2/proposicoes/{id}/tramitacoes
2007-01-31,ATR-000067,RICARTE DE FREITAS,agente_publico,arquivado,2007-01-31: a investigação sobre RICARTE DE FREITAS em REP 125/2006 (CEDP-CD) foi arquivada.,REP 125/2006,PTB,base do governo,FNT-000306,"Câmara dos Deputados, dados abertos: tramitações das representações (REP)",https://dadosabertos.camara.leg.br/api/v2/proposicoes/{id}/tramitacoes
2007-01-31,ATR-000386,VANDERLEI ASSIS,agente_publico,arquivado,2007-01-31: a investigação sobre VANDERLEI ASSIS em REP 127/2006 (CEDP-CD) foi arquivada.,REP 127/2006,PP,base do governo,FNT-000306,"Câmara dos Deputados, dados abertos: tramitações das representações (REP)",https://dadosabertos.camara.leg.br/api/v2/proposicoes/{id}/tramitacoes
2007-01-31,ATR-000113,WELLINGTON FAGUNDES,agente_publico,arquivado,2007-01-31: a investigação sobre WELLINGTON FAGUNDES em REP 130/2006 (CEDP-CD) foi arquivada.,REP 130/2006,PL,base do governo,FNT-000306,"Câmara dos Deputados, dados abertos: tramitações das representações (REP)",https://dadosabertos.camara.leg.br/api/v2/proposicoes/{id}/tramitacoes
2007-01-31,ATR-000242,Wellington Roberto,agente_publico,arquivado,2007-01-31: a investigação sobre Wellington Roberto em REP 131/2006 (CEDP-CD) foi arquivada.,REP 131/2006,PL,base do governo,FNT-000306,"Câmara dos Deputados, dados abertos: tramitações das representações (REP)",https://dadosabertos.camara.leg.br/api/v2/proposicoes/{id}/tramitacoes
2007-01-31,ATR-000457,ADELOR VIEIRA,agente_publico,arquivado,2007-01-31: a investigação sobre ADELOR VIEIRA em REP 63/2006 (CEDP-CD) foi arquivada.,REP 63/2006,MDB,base do governo,FNT-000306,"Câmara dos Deputados, dados abertos: tramitações das representações (REP)",https://dadosabertos.camara.leg.br/api/v2/proposicoes/{id}/tramitacoes
2007-01-31,ATR-000433,AGNALDO MUNIZ,agente_publico,arquivado,2007-01-31: a investigação sobre AGNALDO MUNIZ em REP 64/2006 (CEDP-CD) foi arquivada.,REP 64/2006,PP,base do governo,FNT-000306,"Câmara dos Deputados, dados abertos: tramitações das representações (REP)",https://dadosabertos.camara.leg.br/api/v2/proposicoes/{id}/tramitacoes
2007-01-31,ATR-000207,ALCESTE ALMEIDA,agente_publico,arquivado,2007-01-31: a investigação sobre ALCESTE ALMEIDA em REP 65/2006 (CEDP-CD) foi arquivada.,REP 65/2006,PTB,base do governo,FNT-000306,"Câmara dos Deputados, dados abertos: tramitações das representações (REP)",https://dadosabertos.camara.leg.br/api/v2/proposicoes/{id}/tramitacoes
2007-01-31,ATR-000320,ALMIR MOURA,agente_publico,arquivado,2007-01-31: a investigação sobre ALMIR MOURA em REP 68/2006 (CEDP-CD) foi arquivada.,REP 68/2006,DEM,oposição,FNT-000306,"Câmara dos Deputados, dados abertos: tramitações das representações (REP)",https://dadosabertos.camara.leg.br/api/v2/proposicoes/{id}/tramitacoes
2007-01-31,ATR-000364,AMAURI GASQUES,agente_publico,arquivado,2007-01-31: a investigação sobre AMAURI GASQUES em REP 69/2006 (CEDP-CD) foi arquivada.,REP 69/2006,PL,base do governo,FNT-000306,"Câmara dos Deputados, dados abertos: tramitações das representações (REP)",https://dadosabertos.camara.leg.br/api/v2/proposicoes/{id}/tramitacoes
2007-01-31,ATR-000422,DR. BENEDITO DIAS,agente_publico,arquivado,2007-01-31: a investigação sobre DR. BENEDITO DIAS em REP 70/2006 (CEDP-CD) foi arquivada.,REP 70/2006,PP,base do governo,FNT-000306,"Câmara dos Deputados, dados abertos: tramitações das representações (REP)",https://dadosabertos.camara.leg.br/api/v2/proposicoes/{id}/tramitacoes
2007-01-31,ATR-000160,CARLOS NADER,agente_publico,arquivado,2007-01-31: a investigação sobre CARLOS NADER em REP 74/2006 (CEDP-CD) foi arquivada.,REP 74/2006,PL,base do governo,FNT-000306,"Câmara dos Deputados, dados abertos: tramitações das representações (REP)",https://dadosabertos.camara.leg.br/api/v2/proposicoes/{id}/tramitacoes
2007-01-31,ATR-000544,CLEONÂNCIO FONSECA,agente_publico,arquivado,2007-01-31: a investigação sobre CLEONÂNCIO FONSECA em REP 77/2006 (CEDP-CD) foi arquivada.,REP 77/2006,PP,base do governo,FNT-000306,"Câmara dos Deputados, dados abertos: tramitações das representações (REP)",https://dadosabertos.camara.leg.br/api/v2/proposicoes/{id}/tramitacoes
2007-01-31,ATR-000572,CLEUBER CARNEIRO,agente_publico,arquivado,2007-01-31: a investigação sobre CLEUBER CARNEIRO em REP 78/2006 (CEDP-CD) foi arquivada.,REP 78/2006,PTB,base do governo,FNT-000306,"Câmara dos Deputados, dados abertos: tramitações das representações (REP)",https://dadosabertos.camara.leg.br/api/v2/proposicoes/{id}/tramitacoes
2007-01-31,ATR-000181,CORONEL ALVES,agente_publico,arquivado,2007-01-31: a investigação sobre CORONEL ALVES em REP 80/2006 (CEDP-CD) foi arquivada.,REP 80/2006,PL,base do governo,FNT-000306,"Câmara dos Deputados, dados abertos: tramitações das representações (REP)",https://dadosabertos.camara.leg.br/api/v2/proposicoes/{id}/tramitacoes
2007-01-31,ATR-000106,EDIR OLIVEIRA,agente_publico,arquivado,2007-01-31: a investigação sobre EDIR OLIVEIRA em REP 81/2006 (CEDP-CD) foi arquivada.,REP 81/2006,PTB,base do governo,FNT-000306,"Câmara dos Deputados, dados abertos: tramitações das representações (REP)",https://dadosabertos.camara.leg.br/api/v2/proposicoes/{id}/tramitacoes
2007-01-31,ATR-000423,EDUARDO SEABRA,agente_publico,arquivado,2007-01-31: a investigação sobre EDUARDO SEABRA em REP 83/2006 (CEDP-CD) foi arquivada.,REP 83/2006,PTB,base do governo,FNT-000306,"Câmara dos Deputados, dados abertos: tramitações das representações (REP)",https://dadosabertos.camara.leg.br/api/v2/proposicoes/{id}/tramitacoes
2007-01-31,ATR-000327,ELAINE COSTA,agente_publico,arquivado,2007-01-31: a investigação sobre ELAINE COSTA em REP 84/2006 (CEDP-CD) foi arquivada.,REP 84/2006,PTB,base do governo,FNT-000306,"Câmara dos Deputados, dados abertos: tramitações das representações (REP)",https://dadosabertos.camara.leg.br/api/v2/proposicoes/{id}/tramitacoes
2007-01-31,ATR-000476,ENIVALDO RIBEIRO,agente_publico,arquivado,2007-01-31: a investigação sobre ENIVALDO RIBEIRO em REP 85/2006 (CEDP-CD) foi arquivada.,REP 85/2006,PP,base do governo,FNT-000306,"Câmara dos Deputados, dados abertos: tramitações das representações (REP)",https://dadosabertos.camara.leg.br/api/v2/proposicoes/{id}/tramitacoes
2007-01-31,ATR-000667,FERNANDO GONÇALVES,agente_publico,arquivado,2007-01-31: a investigação sobre FERNANDO GONÇALVES em REP 87/2006 (CEDP-CD) foi arquivada.,REP 87/2006,PTB,base do governo,FNT-000306,"Câmara dos Deputados, dados abertos: tramitações das representações (REP)",https://dadosabertos.camara.leg.br/api/v2/proposicoes/{id}/tramitacoes
2007-01-31,ATR-000375,ILDEU ARAUJO,agente_publico,arquivado,2007-01-31: a investigação sobre ILDEU ARAUJO em REP 89/2006 (CEDP-CD) foi arquivada.,REP 89/2006,PP,base do governo,FNT-000306,"Câmara dos Deputados, dados abertos: tramitações das representações (REP)",https://dadosabertos.camara.leg.br/api/v2/proposicoes/{id}/tramitacoes
2007-01-31,ATR-000384,PROFESSOR IRAPUAN TEIXEIRA,agente_publico,arquivado,2007-01-31: a investigação sobre PROFESSOR IRAPUAN TEIXEIRA em REP 90/2006 (CEDP-CD) foi arquivada.,REP 90/2006,PP,base do governo,FNT-000306,"Câmara dos Deputados, dados abertos: tramitações das representações (REP)",https://dadosabertos.camara.leg.br/api/v2/proposicoes/{id}/tramitacoes
2007-01-31,ATR-000305,ISAÍAS SILVESTRE,agente_publico,arquivado,2007-01-31: a investigação sobre ISAÍAS SILVESTRE em REP 92/2006 (CEDP-CD) foi arquivada.,REP 92/2006,PSB,base do governo,FNT-000306,"Câmara dos Deputados, dados abertos: tramitações das representações (REP)",https://dadosabertos.camara.leg.br/api/v2/proposicoes/{id}/tramitacoes
2007-01-31,ATR-000042,JOÃO GRANDÃO,agente_publico,arquivado,2007-01-31: a investigação sobre JOÃO GRANDÃO em REP 96/2006 (CEDP-CD) foi arquivada.,REP 96/2006,PT,base do governo,FNT-000306,"Câmara dos Deputados, dados abertos: tramitações das representações (REP)",https://dadosabertos.camara.leg.br/api/v2/proposicoes/{id}/tramitacoes
2007-01-31,ATR-000287,JOÃO MAGALHÃES,agente_publico,arquivado,2007-01-31: a investigação sobre JOÃO MAGALHÃES em REP 97/2006 (CEDP-CD) foi arquivada.,REP 97/2006,MDB,base do governo,FNT-000306,"Câmara dos Deputados, dados abertos: tramitações das representações (REP)",https://dadosabertos.camara.leg.br/api/v2/proposicoes/{id}/tramitacoes
2007-01-31,ATR-000567,JONIVAL LUCAS JUNIOR,agente_publico,arquivado,2007-01-31: a investigação sobre JONIVAL LUCAS JUNIOR em REP 99/2006 (CEDP-CD) foi arquivada.,REP 99/2006,PTB,base do governo,FNT-000306,"Câmara dos Deputados, dados abertos: tramitações das representações (REP)",https://dadosabertos.camara.leg.br/api/v2/proposicoes/{id}/tramitacoes
2007-03-26,ATR-000247,RAUL JUNGMANN,agente_publico,representado,2007-03-26: RAUL JUNGMANN passou a ser representado em REP 2/2007 (CEDP-CD) por quebra de decoro parlamentar.,REP 2/2007,CIDADANIA,oposição,FNT-000306,"Câmara dos Deputados, dados abertos: tramitações das representações (REP)",https://dadosabertos.camara.leg.br/api/v2/proposicoes/{id}/tramitacoes
2007-03-26,ATR-000272,PAULO ROCHA,agente_publico,representado,2007-03-26: PAULO ROCHA passou a ser representado em REP 3/2007 (CEDP-CD) por quebra de decoro parlamentar.,REP 3/2007,PT,base do governo,FNT-000306,"Câmara dos Deputados, dados abertos: tramitações das representações (REP)",https://dadosabertos.camara.leg.br/api/v2/proposicoes/{id}/tramitacoes
2007-03-26,ATR-000090,VALDEMAR COSTA NETO,agente_publico,representado,2007-03-26: VALDEMAR COSTA NETO passou a ser representado em REP 4/2007 (CEDP-CD) por quebra de decoro parlamentar.,REP 4/2007,PL,base do governo,FNT-000306,"Câmara dos Deputados, dados abertos: tramitações das representações (REP)",https://dadosabertos.camara.leg.br/api/v2/proposicoes/{id}/tramitacoes
2007-03-26,ATR-000287,JOÃO MAGALHÃES,agente_publico,representado,2007-03-26: JOÃO MAGALHÃES passou a ser representado em REP 5/2007 (CEDP-CD) por quebra de decoro parlamentar.,REP 5/2007,MDB,base do governo,FNT-000306,"Câmara dos Deputados, dados abertos: tramitações das representações (REP)",https://dadosabertos.camara.leg.br/api/v2/proposicoes/{id}/tramitacoes
2007-05-10,ATR-000090,VALDEMAR COSTA NETO,agente_publico,arquivado,2007-05-10: a investigação sobre VALDEMAR COSTA NETO em REP 4/2007 (CEDP-CD) foi arquivada.,REP 4/2007,PL,base do governo,FNT-000306,"Câmara dos Deputados, dados abertos: tramitações das representações (REP)",https://dadosabertos.camara.leg.br/api/v2/proposicoes/{id}/tramitacoes
2007-05-16,ATR-000272,PAULO ROCHA,agente_publico,arquivado,2007-05-16: a investigação sobre PAULO ROCHA em REP 3/2007 (CEDP-CD) foi arquivada.,REP 3/2007,PT,base do governo,FNT-000306,"Câmara dos Deputados, dados abertos: tramitações das representações (REP)",https://dadosabertos.camara.leg.br/api/v2/proposicoes/{id}/tramitacoes
2007-05-17,ATR-000247,RAUL JUNGMANN,agente_publico,arquivado,2007-05-17: a investigação sobre RAUL JUNGMANN em REP 2/2007 (CEDP-CD) foi arquivada.,REP 2/2007,CIDADANIA,oposição,FNT-000306,"Câmara dos Deputados, dados abertos: tramitações das representações (REP)",https://dadosabertos.camara.leg.br/api/v2/proposicoes/{id}/tramitacoes
2007-05-24,ATR-000287,JOÃO MAGALHÃES,agente_publico,arquivado,2007-05-24: a investigação sobre JOÃO MAGALHÃES em REP 5/2007 (CEDP-CD) foi arquivada.,REP 5/2007,MDB,base do governo,FNT-000306,"Câmara dos Deputados, dados abertos: tramitações das representações (REP)",https://dadosabertos.camara.leg.br/api/v2/proposicoes/{id}/tramitacoes
2007-06-04,ATR-002257,Renan Calheiros,agente_publico,representado,2007-06-04: Renan Calheiros passou a ser representado em REP 1/2007 (CEDP-SF) por quebra de decoro parlamentar.,REP 1/2007,MDB,base do governo,FNT-000307,"Senado Federal, dados abertos: processos do Conselho de Ética (REP, DEN, PCE)",https://legis.senado.leg.br/dadosabertos/processo/{id}
2007-06-28,ATR-000621,MÁRIO DE OLIVEIRA,agente_publico,representado,2007-06-28: MÁRIO DE OLIVEIRA passou a ser representado em REP 12/2007 (CEDP-CD) por quebra de decoro parlamentar.,REP 12/2007,PSC,base do governo,FNT-000306,"Câmara dos Deputados, dados abertos: tramitações das representações (REP)",https://dadosabertos.camara.leg.br/api/v2/proposicoes/{id}/tramitacoes
2007-08-07,ATR-000218,OLAVO CALHEIROS,agente_publico,representado,2007-08-07: OLAVO CALHEIROS passou a ser representado em REP 13/2007 (CEDP-CD) por quebra de decoro parlamentar.,REP 13/2007,MDB,base do governo,FNT-000306,"Câmara dos Deputados, dados abertos: tramitações das representações (REP)",https://dadosabertos.camara.leg.br/api/v2/proposicoes/{id}/tramitacoes
2007-08-07,ATR-000570,Paulo Magalhães,agente_publico,representado,2007-08-07: Paulo Magalhães passou a ser representado em REP 14/2007 (CEDP-CD) por quebra de decoro parlamentar.,REP 14/2007,DEM,oposição,FNT-000306,"Câmara dos Deputados, dados abertos: tramitações das representações (REP)",https://dadosabertos.camara.leg.br/api/v2/proposicoes/{id}/tramitacoes
2007-08-16,ATR-002257,Renan Calheiros,agente_publico,representado,2007-08-16: Renan Calheiros passou a ser representado em REP 2/2007 (CEDP-SF) por quebra de decoro parlamentar.,REP 2/2007,MDB,base do governo,FNT-000307,"Senado Federal, dados abertos: processos do Conselho de Ética (REP, DEN, PCE)",https://legis.senado.leg.br/dadosabertos/processo/{id}
2007-08-16,ATR-000823,ARNALDO VIANNA,agente_publico,contas_julgadas_irregulares,2007-08-16: transitou em julgado o julgamento das contas de ARNALDO VIANNA como irregulares em 006.797/2004-7 (TCU).,006.797/2004-7,PDT,base do governo,FNT-000309,"TCU, certidões: responsáveis com contas julgadas irregulares (lista pública)",https://certidoes.apps.tcu.gov.br/api/publico/responsaveis-contas-irregulares/exportar-para-csv?paginaAtual=1&tamanhoPagina=50000
2007-09-04,ATR-002257,Renan Calheiros,agente_publico,representado,2007-09-04: Renan Calheiros passou a ser representado em REP 3/2007 (CEDP-SF) por quebra de decoro parlamentar.,REP 3/2007,MDB,base do governo,FNT-000307,"Senado Federal, dados abertos: processos do Conselho de Ética (REP, DEN, PCE)",https://legis.senado.leg.br/dadosabertos/processo/{id}
2007-09-12,ATR-002257,Renan Calheiros,agente_publico,representacao_improcedente,2007-09-12: a representação contra Renan Calheiros em REP 1/2007 (CEDP-SF) foi julgada improcedente ou o parecer pela perda do mandato foi rejeitado pelo plenário.,REP 1/2007,MDB,base do governo,FNT-000308,"Senado Federal, dados abertos: Projetos de Resolução do Senado gerados por representações",https://legis.senado.leg.br/dadosabertos/processo/{id}
2007-09-27,ATR-002257,Renan Calheiros,agente_publico,representado,2007-09-27: Renan Calheiros passou a ser representado em REP 4/2007 (CEDP-SF) por quebra de decoro parlamentar.,REP 4/2007,MDB,base do governo,FNT-000307,"Senado Federal, dados abertos: processos do Conselho de Ética (REP, DEN, PCE)",https://legis.senado.leg.br/dadosabertos/processo/{id}
2007-09-27,ATR-000565,GERALDO SIMÕES,agente_publico,contas_julgadas_irregulares,2007-09-27: transitou em julgado o julgamento das contas de GERALDO SIMÕES como irregulares em 016.952/2001-5 (TCU).,016.952/2001-5,PT,base do governo,FNT-000309,"TCU, certidões: responsáveis com contas julgadas irregulares (lista pública)",https://certidoes.apps.tcu.gov.br/api/publico/responsaveis-contas-irregulares/exportar-para-csv?paginaAtual=1&tamanhoPagina=50000
2007-10-02,ATR-000093,JORGE PINHEIRO,agente_publico,arquivado,2007-10-02: a investigação sobre JORGE PINHEIRO em REP 100/2006 (CEDP-CD) foi arquivada.,REP 100/2006,PL,base do governo,FNT-000306,"Câmara dos Deputados, dados abertos: tramitações das representações (REP)",https://dadosabertos.camara.leg.br/api/v2/proposicoes/{id}/tramitacoes
2007-10-02,ATR-000328,JOSÉ DIVINO,agente_publico,arquivado,2007-10-02: a investigação sobre JOSÉ DIVINO em REP 101/2006 (CEDP-CD) foi arquivada.,REP 101/2006,REPUBLICANOS,base do governo,FNT-000306,"Câmara dos Deputados, dados abertos: tramitações das representações (REP)",https://dadosabertos.camara.leg.br/api/v2/proposicoes/{id}/tramitacoes
2007-10-02,ATR-000427,JOSUÉ BENGTSON,agente_publico,arquivado,2007-10-02: a investigação sobre JOSUÉ BENGTSON em REP 103/2006 (CEDP-CD) foi arquivada.,REP 103/2006,PTB,base do governo,FNT-000306,"Câmara dos Deputados, dados abertos: tramitações das representações (REP)",https://dadosabertos.camara.leg.br/api/v2/proposicoes/{id}/tramitacoes
2007-10-02,ATR-000673,Laura Carneiro,agente_publico,arquivado,2007-10-02: a investigação sobre Laura Carneiro em REP 105/2006 (CEDP-CD) foi arquivada.,REP 105/2006,DEM,oposição,FNT-000306,"Câmara dos Deputados, dados abertos: tramitações das representações (REP)",https://dadosabertos.camara.leg.br/api/v2/proposicoes/{id}/tramitacoes
2007-10-02,ATR-000653,LINO ROSSI,agente_publico,arquivado,2007-10-02: a investigação sobre LINO ROSSI em REP 106/2006 (CEDP-CD) foi arquivada.,REP 106/2006,PP,base do governo,FNT-000306,"Câmara dos Deputados, dados abertos: tramitações das representações (REP)",https://dadosabertos.camara.leg.br/api/v2/proposicoes/{id}/tramitacoes
2007-10-02,ATR-000515,MARCONDES GADELHA,agente_publico,arquivado,2007-10-02: a investigação sobre MARCONDES GADELHA em REP 108/2006 (CEDP-CD) foi arquivada.,REP 108/2006,PSB,base do governo,FNT-000306,"Câmara dos Deputados, dados abertos: tramitações das representações (REP)",https://dadosabertos.camara.leg.br/api/v2/proposicoes/{id}/tramitacoes
2007-10-02,ATR-000383,MARCOS ABRAMO,agente_publico,arquivado,2007-10-02: a investigação sobre MARCOS ABRAMO em REP 109/2006 (CEDP-CD) foi arquivada.,REP 109/2006,PP,base do governo,FNT-000306,"Câmara dos Deputados, dados abertos: tramitações das representações (REP)",https://dadosabertos.camara.leg.br/api/v2/proposicoes/{id}/tramitacoes
2007-10-02,ATR-000522,MARCOS DE JESUS,agente_publico,arquivado,2007-10-02: a investigação sobre MARCOS DE JESUS em REP 110/2006 (CEDP-CD) foi arquivada.,REP 110/2006,DEM,oposição,FNT-000306,"Câmara dos Deputados, dados abertos: tramitações das representações (REP)",https://dadosabertos.camara.leg.br/api/v2/proposicoes/{id}/tramitacoes
2007-10-02,ATR-000205,MAURÍCIO RABELO,agente_publico,arquivado,2007-10-02: a investigação sobre MAURÍCIO RABELO em REP 111/2006 (CEDP-CD) foi arquivada.,REP 111/2006,PL,base do governo,FNT-000306,"Câmara dos Deputados, dados abertos: tramitações das representações (REP)",https://dadosabertos.camara.leg.br/api/v2/proposicoes/{id}/tramitacoes
2007-10-02,ATR-000626,OSMÂNIO PEREIRA,agente_publico,arquivado,2007-10-02: a investigação sobre OSMÂNIO PEREIRA em REP 114/2006 (CEDP-CD) foi arquivada.,REP 114/2006,PTB,base do governo,FNT-000306,"Câmara dos Deputados, dados abertos: tramitações das representações (REP)",https://dadosabertos.camara.leg.br/api/v2/proposicoes/{id}/tramitacoes
2007-10-02,ATR-000221,PAULO FEIJÓ,agente_publico,arquivado,2007-10-02: a investigação sobre PAULO FEIJÓ em REP 117/2006 (CEDP-CD) foi arquivada.,REP 117/2006,PSDB,oposição,FNT-000306,"Câmara dos Deputados, dados abertos: tramitações das representações (REP)",https://dadosabertos.camara.leg.br/api/v2/proposicoes/{id}/tramitacoes
2007-10-02,ATR-000010,ROBÉRIO NUNES,agente_publico,arquivado,2007-10-02: a investigação sobre ROBÉRIO NUNES em REP 126/2006 (CEDP-CD) foi arquivada.,REP 126/2006,DEM,oposição,FNT-000306,"Câmara dos Deputados, dados abertos: tramitações das representações (REP)",https://dadosabertos.camara.leg.br/api/v2/proposicoes/{id}/tramitacoes
2007-10-02,ATR-000363,VIEIRA REIS,agente_publico,arquivado,2007-10-02: a investigação sobre VIEIRA REIS em REP 128/2006 (CEDP-CD) foi arquivada.,REP 128/2006,REPUBLICANOS,base do governo,FNT-000306,"Câmara dos Deputados, dados abertos: tramitações das representações (REP)",https://dadosabertos.camara.leg.br/api/v2/proposicoes/{id}/tramitacoes
2007-10-02,ATR-000615,WANDERVAL SANTOS,agente_publico,arquivado,2007-10-02: a investigação sobre WANDERVAL SANTOS em REP 129/2006 (CEDP-CD) foi arquivada.,REP 129/2006,PL,base do governo,FNT-000306,"Câmara dos Deputados, dados abertos: tramitações das representações (REP)",https://dadosabertos.camara.leg.br/api/v2/proposicoes/{id}/tramitacoes
2007-10-02,ATR-000500,ALMEIDA DE JESUS,agente_publico,arquivado,2007-10-02: a investigação sobre ALMEIDA DE JESUS em REP 66/2006 (CEDP-CD) foi arquivada.,REP 66/2006,PL,base do governo,FNT-000306,"Câmara dos Deputados, dados abertos: tramitações das representações (REP)",https://dadosabertos.camara.leg.br/api/v2/proposicoes/{id}/tramitacoes
2007-10-02,ATR-000602,ALMERINDA DE CARVALHO,agente_publico,arquivado,2007-10-02: a investigação sobre ALMERINDA DE CARVALHO em REP 67/2006 (CEDP-CD) foi arquivada.,REP 67/2006,MDB,base do governo,FNT-000306,"Câmara dos Deputados, dados abertos: tramitações das representações (REP)",https://dadosabertos.camara.leg.br/api/v2/proposicoes/{id}/tramitacoes
2007-10-02,ATR-000239,BENJAMIN MARANHÃO,agente_publico,arquivado,2007-10-02: a investigação sobre BENJAMIN MARANHÃO em REP 71/2006 (CEDP-CD) foi arquivada.,REP 71/2006,MDB,base do governo,FNT-000306,"Câmara dos Deputados, dados abertos: tramitações das representações (REP)",https://dadosabertos.camara.leg.br/api/v2/proposicoes/{id}/tramitacoes
2007-10-02,ATR-000571,CABO JÚLIO,agente_publico,arquivado,2007-10-02: a investigação sobre CABO JÚLIO em REP 72/2006 (CEDP-CD) foi arquivada.,REP 72/2006,MDB,base do governo,FNT-000306,"Câmara dos Deputados, dados abertos: tramitações das representações (REP)",https://dadosabertos.camara.leg.br/api/v2/proposicoes/{id}/tramitacoes
2007-10-02,ATR-000511,CARLOS DUNGA,agente_publico,arquivado,2007-10-02: a investigação sobre CARLOS DUNGA em REP 73/2006 (CEDP-CD) foi arquivada.,REP 73/2006,PTB,base do governo,FNT-000306,"Câmara dos Deputados, dados abertos: tramitações das representações (REP)",https://dadosabertos.camara.leg.br/api/v2/proposicoes/{id}/tramitacoes
2007-10-02,ATR-000652,CELCITA PINHEIRO,agente_publico,arquivado,2007-10-02: a investigação sobre CELCITA PINHEIRO em REP 75/2006 (CEDP-CD) foi arquivada.,REP 75/2006,DEM,oposição,FNT-000306,"Câmara dos Deputados, dados abertos: tramitações das representações (REP)",https://dadosabertos.camara.leg.br/api/v2/proposicoes/{id}/tramitacoes
2007-10-02,ATR-000337,CÉSAR BANDEIRA,agente_publico,arquivado,2007-10-02: a investigação sobre CÉSAR BANDEIRA em REP 76/2006 (CEDP-CD) foi arquivada.,REP 76/2006,DEM,oposição,FNT-000306,"Câmara dos Deputados, dados abertos: tramitações das representações (REP)",https://dadosabertos.camara.leg.br/api/v2/proposicoes/{id}/tramitacoes
2007-10-02,ATR-000371,EDNA MACEDO,agente_publico,arquivado,2007-10-02: a investigação sobre EDNA MACEDO em REP 82/2006 (CEDP-CD) foi arquivada.,REP 82/2006,PTB,base do governo,FNT-000306,"Câmara dos Deputados, dados abertos: tramitações das representações (REP)",https://dadosabertos.camara.leg.br/api/v2/proposicoes/{id}/tramitacoes
2007-10-02,ATR-000464,ÉRICO RIBEIRO,agente_publico,arquivado,2007-10-02: a investigação sobre ÉRICO RIBEIRO em REP 86/2006 (CEDP-CD) foi arquivada.,REP 86/2006,PP,base do governo,FNT-000306,"Câmara dos Deputados, dados abertos: tramitações das representações (REP)",https://dadosabertos.camara.leg.br/api/v2/proposicoes/{id}/tramitacoes
2007-10-02,ATR-000252,HELENO SILVA,agente_publico,arquivado,2007-10-02: a investigação sobre HELENO SILVA em REP 88/2006 (CEDP-CD) foi arquivada.,REP 88/2006,PL,base do governo,FNT-000306,"Câmara dos Deputados, dados abertos: tramitações das representações (REP)",https://dadosabertos.camara.leg.br/api/v2/proposicoes/{id}/tramitacoes
2007-10-02,ATR-000049,IRIS SIMÕES,agente_publico,arquivado,2007-10-02: a investigação sobre IRIS SIMÕES em REP 91/2006 (CEDP-CD) foi arquivada.,REP 91/2006,PTB,base do governo,FNT-000306,"Câmara dos Deputados, dados abertos: tramitações das representações (REP)",https://dadosabertos.camara.leg.br/api/v2/proposicoes/{id}/tramitacoes
2007-10-02,ATR-000365,JOÃO BATISTA,agente_publico,arquivado,2007-10-02: a investigação sobre JOÃO BATISTA em REP 93/2006 (CEDP-CD) foi arquivada.,REP 93/2006,PP,base do governo,FNT-000306,"Câmara dos Deputados, dados abertos: tramitações das representações (REP)",https://dadosabertos.camara.leg.br/api/v2/proposicoes/{id}/tramitacoes
2007-10-02,ATR-000562,JOÃO CALDAS,agente_publico,arquivado,2007-10-02: a investigação sobre JOÃO CALDAS em REP 94/2006 (CEDP-CD) foi arquivada.,REP 94/2006,PL,base do governo,FNT-000306,"Câmara dos Deputados, dados abertos: tramitações das representações (REP)",https://dadosabertos.camara.leg.br/api/v2/proposicoes/{id}/tramitacoes
2007-10-02,ATR-000199,JOÃO CORREIA,agente_publico,arquivado,2007-10-02: a investigação sobre JOÃO CORREIA em REP 95/2006 (CEDP-CD) foi arquivada.,REP 95/2006,MDB,base do governo,FNT-000306,"Câmara dos Deputados, dados abertos: tramitações das representações (REP)",https://dadosabertos.camara.leg.br/api/v2/proposicoes/{id}/tramitacoes
2007-10-02,ATR-000323,JOÃO MENDES DE JESUS,agente_publico,arquivado,2007-10-02: a investigação sobre JOÃO MENDES DE JESUS em REP 98/2006 (CEDP-CD) foi arquivada.,REP 98/2006,PSB,base do governo,FNT-000306,"Câmara dos Deputados, dados abertos: tramitações das representações (REP)",https://dadosabertos.camara.leg.br/api/v2/proposicoes/{id}/tramitacoes
2007-10-23,ATR-002257,Renan Calheiros,agente_publico,representado,2007-10-23: Renan Calheiros passou a ser representado em REP 5/2007 (CEDP-SF) por quebra de decoro parlamentar.,REP 5/2007,MDB,base do governo,FNT-000307,"Senado Federal, dados abertos: processos do Conselho de Ética (REP, DEN, PCE)",https://legis.senado.leg.br/dadosabertos/processo/{id}
2007-11-12,ATR-000642,JOSÉ DIRCEU,agente_publico,reu,2007-11-12: JOSÉ DIRCEU passou a réu em AP 470 (STF).,AP 470,PT,base do governo,FNT-000233,"STF, AP 470: página de acompanhamento processual (abas Partes e Andamentos)",https://portal.stf.jus.br/processos/detalhe.asp?incidente=11541
2007-11-12,ATR-000075,JOSÉ GENOÍNO,agente_publico,reu,2007-11-12: JOSÉ GENOÍNO passou a réu em AP 470 (STF).,AP 470,PT,base do governo,FNT-000233,"STF, AP 470: página de acompanhamento processual (abas Partes e Andamentos)",https://portal.stf.jus.br/processos/detalhe.asp?incidente=11541
2007-11-12,ATR-002791,DELÚBIO SOARES DE CASTRO,agente_privado,reu,2007-11-12: DELÚBIO SOARES DE CASTRO passou a réu em AP 470 (STF).,AP 470,,,FNT-000233,"STF, AP 470: página de acompanhamento processual (abas Partes e Andamentos)",https://portal.stf.jus.br/processos/detalhe.asp?incidente=11541
2007-11-12,ATR-002792,SÍLVIO JOSÉ PEREIRA,agente_privado,reu,2007-11-12: SÍLVIO JOSÉ PEREIRA passou a réu em AP 470 (STF).,AP 470,,,FNT-000233,"STF, AP 470: página de acompanhamento processual (abas Partes e Andamentos)",https://portal.stf.jus.br/processos/detalhe.asp?incidente=11541
2007-11-12,ATR-002793,MARCOS VALÉRIO FERNANDES DE SOUZA,agente_privado,reu,2007-11-12: MARCOS VALÉRIO FERNANDES DE SOUZA passou a réu em AP 470 (STF).,AP 470,,,FNT-000233,"STF, AP 470: página de acompanhamento processual (abas Partes e Andamentos)",https://portal.stf.jus.br/processos/detalhe.asp?incidente=11541
2007-11-12,ATR-002794,RAMON HOLLERBACH CARDOSO,agente_privado,reu,2007-11-12: RAMON HOLLERBACH CARDOSO passou a réu em AP 470 (STF).,AP 470,,,FNT-000233,"STF, AP 470: página de acompanhamento processual (abas Partes e Andamentos)",https://portal.stf.jus.br/processos/detalhe.asp?incidente=11541
2007-11-12,ATR-002795,CRISTIANO DE MELLO PAZ,agente_privado,reu,2007-11-12: CRISTIANO DE MELLO PAZ passou a réu em AP 470 (STF).,AP 470,,,FNT-000233,"STF, AP 470: página de acompanhamento processual (abas Partes e Andamentos)",https://portal.stf.jus.br/processos/detalhe.asp?incidente=11541
2007-11-12,ATR-002796,ROGÉRIO LANZA TOLENTINO,agente_privado,reu,2007-11-12: ROGÉRIO LANZA TOLENTINO passou a réu em AP 470 (STF).,AP 470,,,FNT-000233,"STF, AP 470: página de acompanhamento processual (abas Partes e Andamentos)",https://portal.stf.jus.br/processos/detalhe.asp?incidente=11541
2007-11-12,ATR-002797,SIMONE REIS LOBO DE VASCONCELOS,agente_privado,reu,2007-11-12: SIMONE REIS LOBO DE VASCONCELOS passou a réu em AP 470 (STF).,AP 470,,,FNT-000233,"STF, AP 470: página de acompanhamento processual (abas Partes e Andamentos)",https://portal.stf.jus.br/processos/detalhe.asp?incidente=11541
2007-11-12,ATR-002798,GEIZA DIAS DOS SANTOS,agente_privado,reu,2007-11-12: GEIZA DIAS DOS SANTOS passou a réu em AP 470 (STF).,AP 470,,,FNT-000233,"STF, AP 470: página de acompanhamento processual (abas Partes e Andamentos)",https://portal.stf.jus.br/processos/detalhe.asp?incidente=11541
2007-11-12,ATR-002799,KÁTIA RABELLO,agente_privado,reu,2007-11-12: KÁTIA RABELLO passou a réu em AP 470 (STF).,AP 470,,,FNT-000233,"STF, AP 470: página de acompanhamento processual (abas Partes e Andamentos)",https://portal.stf.jus.br/processos/detalhe.asp?incidente=11541
2007-11-12,ATR-002800,JOSE ROBERTO SALGADO,agente_privado,reu,2007-11-12: JOSE ROBERTO SALGADO passou a réu em AP 470 (STF).,AP 470,,,FNT-000233,"STF, AP 470: página de acompanhamento processual (abas Partes e Andamentos)",https://portal.stf.jus.br/processos/detalhe.asp?incidente=11541
2007-11-12,ATR-002801,VINÍCIUS SAMARANE,agente_privado,reu,2007-11-12: VINÍCIUS SAMARANE passou a réu em AP 470 (STF).,AP 470,,,FNT-000233,"STF, AP 470: página de acompanhamento processual (abas Partes e Andamentos)",https://portal.stf.jus.br/processos/detalhe.asp?incidente=11541
2007-11-12,ATR-002802,AYANNA TENÓRIO TÔRRES DE JESUS,agente_privado,reu,2007-11-12: AYANNA TENÓRIO TÔRRES DE JESUS passou a réu em AP 470 (STF).,AP 470,,,FNT-000233,"STF, AP 470: página de acompanhamento processual (abas Partes e Andamentos)",https://portal.stf.jus.br/processos/detalhe.asp?incidente=11541
2007-11-12,ATR-000072,JOÃO PAULO CUNHA,agente_publico,reu,2007-11-12: JOÃO PAULO CUNHA passou a réu em AP 470 (STF).,AP 470,PT,base do governo,FNT-000233,"STF, AP 470: página de acompanhamento processual (abas Partes e Andamentos)",https://portal.stf.jus.br/processos/detalhe.asp?incidente=11541
2007-11-12,ATR-002803,LUIZ GUSHIKEN,agente_privado,reu,2007-11-12: LUIZ GUSHIKEN passou a réu em AP 470 (STF).,AP 470,,,FNT-000233,"STF, AP 470: página de acompanhamento processual (abas Partes e Andamentos)",https://portal.stf.jus.br/processos/detalhe.asp?incidente=11541
2007-11-12,ATR-000488,PEDRO CORRÊA,agente_publico,reu,2007-11-12: PEDRO CORRÊA passou a réu em AP 470 (STF).,AP 470,PP,base do governo,FNT-000233,"STF, AP 470: página de acompanhamento processual (abas Partes e Andamentos)",https://portal.stf.jus.br/processos/detalhe.asp?incidente=11541
2007-11-12,ATR-000143,JOSÉ JANENE,agente_publico,reu,2007-11-12: JOSÉ JANENE passou a réu em AP 470 (STF).,AP 470,PP,base do governo,FNT-000233,"STF, AP 470: página de acompanhamento processual (abas Partes e Andamentos)",https://portal.stf.jus.br/processos/detalhe.asp?incidente=11541
2007-11-12,ATR-002804,JOÃO CLÁUDIO DE CARVALHO GENU,agente_privado,reu,2007-11-12: JOÃO CLÁUDIO DE CARVALHO GENU passou a réu em AP 470 (STF).,AP 470,,,FNT-000233,"STF, AP 470: página de acompanhamento processual (abas Partes e Andamentos)",https://portal.stf.jus.br/processos/detalhe.asp?incidente=11541
2007-11-12,ATR-002805,ENIVALDO QUADRADO,agente_privado,reu,2007-11-12: ENIVALDO QUADRADO passou a réu em AP 470 (STF).,AP 470,,,FNT-000233,"STF, AP 470: página de acompanhamento processual (abas Partes e Andamentos)",https://portal.stf.jus.br/processos/detalhe.asp?incidente=11541
2007-11-12,ATR-002806,BRENO FISCHBERG,agente_privado,reu,2007-11-12: BRENO FISCHBERG passou a réu em AP 470 (STF).,AP 470,,,FNT-000233,"STF, AP 470: página de acompanhamento processual (abas Partes e Andamentos)",https://portal.stf.jus.br/processos/detalhe.asp?incidente=11541
2007-11-12,ATR-002807,CARLOS ALBERTO QUAGLIA,agente_privado,reu,2007-11-12: CARLOS ALBERTO QUAGLIA passou a réu em AP 470 (STF).,AP 470,,,FNT-000233,"STF, AP 470: página de acompanhamento processual (abas Partes e Andamentos)",https://portal.stf.jus.br/processos/detalhe.asp?incidente=11541
2007-11-12,ATR-000090,VALDEMAR COSTA NETO,agente_publico,reu,2007-11-12: VALDEMAR COSTA NETO passou a réu em AP 470 (STF).,AP 470,PL,base do governo,FNT-000233,"STF, AP 470: página de acompanhamento processual (abas Partes e Andamentos)",https://portal.stf.jus.br/processos/detalhe.asp?incidente=11541
2007-11-12,ATR-002808,JACINTO DE SOUZA LAMAS,agente_privado,reu,2007-11-12: JACINTO DE SOUZA LAMAS passou a réu em AP 470 (STF).,AP 470,,,FNT-000233,"STF, AP 470: página de acompanhamento processual (abas Partes e Andamentos)",https://portal.stf.jus.br/processos/detalhe.asp?incidente=11541
2007-11-12,ATR-002809,ANTÔNIO DE PÁDUA DE SOUZA LAMAS,agente_privado,reu,2007-11-12: ANTÔNIO DE PÁDUA DE SOUZA LAMAS passou a réu em AP 470 (STF).,AP 470,,,FNT-000233,"STF, AP 470: página de acompanhamento processual (abas Partes e Andamentos)",https://portal.stf.jus.br/processos/detalhe.asp?incidente=11541
2007-11-12,ATR-000603,CARLOS RODRIGUES,agente_publico,reu,2007-11-12: CARLOS RODRIGUES passou a réu em AP 470 (STF).,AP 470,PL,sem classificação,FNT-000233,"STF, AP 470: página de acompanhamento processual (abas Partes e Andamentos)",https://portal.stf.jus.br/processos/detalhe.asp?incidente=11541
2007-11-12,ATR-000027,ROBERTO JEFFERSON,agente_publico,reu,2007-11-12: ROBERTO JEFFERSON passou a réu em AP 470 (STF).,AP 470,PTB,base do governo,FNT-000233,"STF, AP 470: página de acompanhamento processual (abas Partes e Andamentos)",https://portal.stf.jus.br/processos/detalhe.asp?incidente=11541
2007-11-12,ATR-002810,EMERSON ELOY PALMIERI,agente_privado,reu,2007-11-12: EMERSON ELOY PALMIERI passou a réu em AP 470 (STF).,AP 470,,,FNT-000233,"STF, AP 470: página de acompanhamento processual (abas Partes e Andamentos)",https://portal.stf.jus.br/processos/detalhe.asp?incidente=11541
2007-11-12,ATR-000581,ROMEU QUEIROZ,agente_publico,reu,2007-11-12: ROMEU QUEIROZ passou a réu em AP 470 (STF).,AP 470,PTB,base do governo,FNT-000233,"STF, AP 470: página de acompanhamento processual (abas Partes e Andamentos)",https://portal.stf.jus.br/processos/detalhe.asp?incidente=11541
2007-11-12,ATR-000142,JOSÉ BORBA,agente_publico,reu,2007-11-12: JOSÉ BORBA passou a réu em AP 470 (STF).,AP 470,MDB,base do governo,FNT-000233,"STF, AP 470: página de acompanhamento processual (abas Partes e Andamentos)",https://portal.stf.jus.br/processos/detalhe.asp?incidente=11541
2007-11-12,ATR-000272,PAULO ROCHA,agente_publico,reu,2007-11-12: PAULO ROCHA passou a réu em AP 470 (STF).,AP 470,PT,base do governo,FNT-000233,"STF, AP 470: página de acompanhamento processual (abas Partes e Andamentos)",https://portal.stf.jus.br/processos/detalhe.asp?incidente=11541
2007-11-12,ATR-002811,ANITA LEOCÁDIA PEREIRA DA COSTA,agente_privado,reu,2007-11-12: ANITA LEOCÁDIA PEREIRA DA COSTA passou a réu em AP 470 (STF).,AP 470,,,FNT-000233,"STF, AP 470: página de acompanhamento processual (abas Partes e Andamentos)",https://portal.stf.jus.br/processos/detalhe.asp?incidente=11541
2007-11-12,ATR-000649,PROFESSOR LUIZINHO,agente_publico,reu,2007-11-12: PROFESSOR LUIZINHO passou a réu em AP 470 (STF).,AP 470,PT,base do governo,FNT-000233,"STF, AP 470: página de acompanhamento processual (abas Partes e Andamentos)",https://portal.stf.jus.br/processos/detalhe.asp?incidente=11541
2007-11-12,ATR-000094,JOÃO MAGNO,agente_publico,reu,2007-11-12: JOÃO MAGNO passou a réu em AP 470 (STF).,AP 470,PT,base do governo,FNT-000233,"STF, AP 470: página de acompanhamento processual (abas Partes e Andamentos)",https://portal.stf.jus.br/processos/detalhe.asp?incidente=11541
2007-11-12,ATR-000299,ANDERSON ADAUTO,agente_publico,reu,2007-11-12: ANDERSON ADAUTO passou a réu em AP 470 (STF).,AP 470,PL,sem classificação,FNT-000233,"STF, AP 470: página de acompanhamento processual (abas Partes e Andamentos)",https://portal.stf.jus.br/processos/detalhe.asp?incidente=11541
2007-11-12,ATR-002812,JOSÉ LUIZ ALVES,agente_privado,reu,2007-11-12: JOSÉ LUIZ ALVES passou a réu em AP 470 (STF).,AP 470,,,FNT-000233,"STF, AP 470: página de acompanhamento processual (abas Partes e Andamentos)",https://portal.stf.jus.br/processos/detalhe.asp?incidente=11541
2007-11-12,ATR-002813,JOSÉ EDUARDO CAVALCANTI DE MENDONÇA (DUDA MENDONÇA),agente_privado,reu,2007-11-12: JOSÉ EDUARDO CAVALCANTI DE MENDONÇA (DUDA MENDONÇA) passou a réu em AP 470 (STF).,AP 470,,,FNT-000233,"STF, AP 470: página de acompanhamento processual (abas Partes e Andamentos)",https://portal.stf.jus.br/processos/detalhe.asp?incidente=11541
2007-11-12,ATR-002814,ZILMAR FERNANDES SILVEIRA,agente_privado,reu,2007-11-12: ZILMAR FERNANDES SILVEIRA passou a réu em AP 470 (STF).,AP 470,,,FNT-000233,"STF, AP 470: página de acompanhamento processual (abas Partes e Andamentos)",https://portal.stf.jus.br/processos/detalhe.asp?incidente=11541
2007-11-12,ATR-002815,HENRIQUE PIZZOLATO,agente_privado,reu,2007-11-12: HENRIQUE PIZZOLATO passou a réu em AP 470 (STF).,AP 470,,,FNT-000233,"STF, AP 470: página de acompanhamento processual (abas Partes e Andamentos)",https://portal.stf.jus.br/processos/detalhe.asp?incidente=11541
2007-11-12,ATR-000285,PEDRO HENRY,agente_publico,reu,2007-11-12: PEDRO HENRY passou a réu em AP 470 (STF).,AP 470,PP,base do governo,FNT-000233,"STF, AP 470: página de acompanhamento processual (abas Partes e Andamentos)",https://portal.stf.jus.br/processos/detalhe.asp?incidente=11541
2007-11-14,ATR-002257,Renan Calheiros,agente_publico,arquivado,2007-11-14: a investigação sobre Renan Calheiros em REP 2/2007 (CEDP-SF) foi arquivada.,REP 2/2007,MDB,base do governo,FNT-000307,"Senado Federal, dados abertos: processos do Conselho de Ética (REP, DEN, PCE)",https://legis.senado.leg.br/dadosabertos/processo/{id}
2007-11-20,ATR-000408,B. SÁ,agente_publico,arquivado,2007-11-20: a investigação sobre B. SÁ em REP 132/2006 (CEDP-CD) foi arquivada.,REP 132/2006,PSB,base do governo,FNT-000306,"Câmara dos Deputados, dados abertos: tramitações das representações (REP)",https://dadosabertos.camara.leg.br/api/v2/proposicoes/{id}/tramitacoes
2007-11-20,ATR-000513,DOMICIANO CABRAL,agente_publico,arquivado,2007-11-20: a investigação sobre DOMICIANO CABRAL em REP 133/2006 (CEDP-CD) foi arquivada.,REP 133/2006,PSDB,oposição,FNT-000306,"Câmara dos Deputados, dados abertos: tramitações das representações (REP)",https://dadosabertos.camara.leg.br/api/v2/proposicoes/{id}/tramitacoes
2007-11-21,ATR-000218,OLAVO CALHEIROS,agente_publico,arquivado,2007-11-21: a investigação sobre OLAVO CALHEIROS em REP 13/2007 (CEDP-CD) foi arquivada.,REP 13/2007,MDB,base do governo,FNT-000306,"Câmara dos Deputados, dados abertos: tramitações das representações (REP)",https://dadosabertos.camara.leg.br/api/v2/proposicoes/{id}/tramitacoes
2007-11-22,ATR-000570,Paulo Magalhães,agente_publico,arquivado,2007-11-22: a investigação sobre Paulo Magalhães em REP 14/2007 (CEDP-CD) foi arquivada.,REP 14/2007,DEM,oposição,FNT-000306,"Câmara dos Deputados, dados abertos: tramitações das representações (REP)",https://dadosabertos.camara.leg.br/api/v2/proposicoes/{id}/tramitacoes
2007-12-04,ATR-002257,Renan Calheiros,agente_publico,representacao_improcedente,2007-12-04: a representação contra Renan Calheiros em REP 3/2007 (CEDP-SF) foi julgada improcedente ou o parecer pela perda do mandato foi rejeitado pelo plenário.,REP 3/2007,MDB,base do governo,FNT-000308,"Senado Federal, dados abertos: Projetos de Resolução do Senado gerados por representações",https://legis.senado.leg.br/dadosabertos/processo/{id}
2007-12-10,ATR-002257,Renan Calheiros,agente_publico,arquivado,2007-12-10: a investigação sobre Renan Calheiros em REP 4/2007 (CEDP-SF) foi arquivada.,REP 4/2007,MDB,base do governo,FNT-000307,"Senado Federal, dados abertos: processos do Conselho de Ética (REP, DEN, PCE)",https://legis.senado.leg.br/dadosabertos/processo/{id}
2008-05-27,ATR-000949,Paulinho da Força,agente_publico,representado,2008-05-27: Paulinho da Força passou a ser representado em REP 31/2008 (CEDP-CD) por quebra de decoro parlamentar.,REP 31/2008,PDT,base do governo,FNT-000306,"Câmara dos Deputados, dados abertos: tramitações das representações (REP)",https://dadosabertos.camara.leg.br/api/v2/proposicoes/{id}/tramitacoes
2008-06-12,ATR-000840,CLODOVIL HERNANDES,agente_publico,absolvido,2008-06-12: CLODOVIL HERNANDES foi absolvido em AP 439 (STF).,AP 439,PL,base do governo,FNT-000046,"STF, Corte Aberta: decisões em ações penais e inquéritos, 08/01/2003 a 23/09/2026 (exportação do painel)",https://transparencia.stf.jus.br/extensions/decisoes/decisoes.html
2008-07-03,ATR-000434,NILTON CAPIXABA,agente_publico,arquivado,2008-07-03: a investigação sobre NILTON CAPIXABA em REP 113/2006 (CEDP-CD) foi arquivada.,REP 113/2006,PTB,base do governo,FNT-000306,"Câmara dos Deputados, dados abertos: tramitações das representações (REP)",https://dadosabertos.camara.leg.br/api/v2/proposicoes/{id}/tramitacoes
2008-07-15,ATR-000621,MÁRIO DE OLIVEIRA,agente_publico,arquivado,2008-07-15: a investigação sobre MÁRIO DE OLIVEIRA em REP 12/2007 (CEDP-CD) foi arquivada.,REP 12/2007,PSC,base do governo,FNT-000306,"Câmara dos Deputados, dados abertos: tramitações das representações (REP)",https://dadosabertos.camara.leg.br/api/v2/proposicoes/{id}/tramitacoes
2008-08-02,ATR-001072,RAIMUNDÃO,agente_publico,contas_julgadas_irregulares,2008-08-02: transitou em julgado o julgamento das contas de RAIMUNDÃO como irregulares em 020.895/2006-4 (TCU).,020.895/2006-4,,,FNT-000309,"TCU, certidões: responsáveis com contas julgadas irregulares (lista pública)",https://certidoes.apps.tcu.gov.br/api/publico/responsaveis-contas-irregulares/exportar-para-csv?paginaAtual=1&tamanhoPagina=50000
2008-08-07,ATR-000835,CASSIO TANIGUCHI,agente_publico,absolvido,2008-08-07: CASSIO TANIGUCHI foi absolvido em AP 430 (STF).,AP 430,DEM,oposição,FNT-000046,"STF, Corte Aberta: decisões em ações penais e inquéritos, 08/01/2003 a 23/09/2026 (exportação do painel)",https://transparencia.stf.jus.br/extensions/decisoes/decisoes.html
2008-11-25,ATR-000545,JERÔNIMO REIS,agente_publico,contas_julgadas_irregulares,2008-11-25: transitou em julgado o julgamento das contas de JERÔNIMO REIS como irregulares em 008.591/2007-6 (TCU).,008.591/2007-6,DEM,oposição,FNT-000309,"TCU, certidões: responsáveis com contas julgadas irregulares (lista pública)",https://certidoes.apps.tcu.gov.br/api/publico/responsaveis-contas-irregulares/exportar-para-csv?paginaAtual=1&tamanhoPagina=50000
2008-12-16,ATR-002148,Geraldo Mesquita Júnior,agente_publico,arquivado,2008-12-16: a investigação sobre Geraldo Mesquita Júnior em DEN 5/2005 (CEDP-SF) foi arquivada.,DEN 5/2005,MDB,base do governo,FNT-000307,"Senado Federal, dados abertos: processos do Conselho de Ética (REP, DEN, PCE)",https://legis.senado.leg.br/dadosabertos/processo/{id}
2008-12-16,ATR-002188,João Alberto Souza,agente_publico,arquivado,2008-12-16: a investigação sobre João Alberto Souza em DEN 5/2005 (CEDP-SF) foi arquivada.,DEN 5/2005,MDB,base do governo,FNT-000307,"Senado Federal, dados abertos: processos do Conselho de Ética (REP, DEN, PCE)",https://legis.senado.leg.br/dadosabertos/processo/{id}
2009-02-18,ATR-000973,SÉRGIO MORAES,agente_publico,absolvido,2009-02-18: SÉRGIO MORAES foi absolvido em AP 447 (STF).,AP 447,PTB,base do governo,FNT-000046,"STF, Corte Aberta: decisões em ações penais e inquéritos, 08/01/2003 a 23/09/2026 (exportação do painel)",https://transparencia.stf.jus.br/extensions/decisoes/decisoes.html
2009-02-19,ATR-000949,Paulinho da Força,agente_publico,arquivado,2009-02-19: a investigação sobre Paulinho da Força em REP 31/2008 (CEDP-CD) foi arquivada.,REP 31/2008,PDT,base do governo,FNT-000306,"Câmara dos Deputados, dados abertos: tramitações das representações (REP)",https://dadosabertos.camara.leg.br/api/v2/proposicoes/{id}/tramitacoes
2009-03-31,ATR-000574,EDMAR MOREIRA,agente_publico,representado,2009-03-31: EDMAR MOREIRA passou a ser representado em REP 39/2009 (CEDP-CD) por quebra de decoro parlamentar.,REP 39/2009,DEM,oposição,FNT-000306,"Câmara dos Deputados, dados abertos: tramitações das representações (REP)",https://dadosabertos.camara.leg.br/api/v2/proposicoes/{id}/tramitacoes
2009-05-25,ATR-000840,CLODOVIL HERNANDES,agente_publico,punibilidade_extinta,2009-05-25: foi declarada extinta a punibilidade de CLODOVIL HERNANDES em AP 463 (STF).,AP 463,PL,base do governo,FNT-000046,"STF, Corte Aberta: decisões em ações penais e inquéritos, 08/01/2003 a 23/09/2026 (exportação do painel)",https://transparencia.stf.jus.br/extensions/decisoes/decisoes.html
2009-06-25,ATR-000914,LINDOMAR GARÇON,agente_publico,absolvido,2009-06-25: LINDOMAR GARÇON foi absolvido em AP 462 (STF).,AP 462,PV,base do governo,FNT-000046,"STF, Corte Aberta: decisões em ações penais e inquéritos, 08/01/2003 a 23/09/2026 (exportação do painel)",https://transparencia.stf.jus.br/extensions/decisoes/decisoes.html
2009-06-30,ATR-002185,José Sarney,agente_publico,representado,2009-06-30: José Sarney passou a ser representado em PCE 2/2009 (CEDP-SF) por quebra de decoro parlamentar.,PCE 2/2009,MDB,base do governo,FNT-000307,"Senado Federal, dados abertos: processos do Conselho de Ética (REP, DEN, PCE)",https://legis.senado.leg.br/dadosabertos/processo/{id}
2009-07-13,ATR-002185,José Sarney,agente_publico,representado,2009-07-13: José Sarney passou a ser representado em PCE 4/2009 (CEDP-SF) por quebra de decoro parlamentar.,PCE 4/2009,MDB,base do governo,FNT-000307,"Senado Federal, dados abertos: processos do Conselho de Ética (REP, DEN, PCE)",https://legis.senado.leg.br/dadosabertos/processo/{id}
2009-07-15,ATR-002185,José Sarney,agente_publico,representado,2009-07-15: José Sarney passou a ser representado em PCE 5/2009 (CEDP-SF) por quebra de decoro parlamentar.,PCE 5/2009,MDB,base do governo,FNT-000307,"Senado Federal, dados abertos: processos do Conselho de Ética (REP, DEN, PCE)",https://legis.senado.leg.br/dadosabertos/processo/{id}
2009-07-24,ATR-002185,José Sarney,agente_publico,representado,2009-07-24: José Sarney passou a ser representado em PCE 6/2009 (CEDP-SF) por quebra de decoro parlamentar.,PCE 6/2009,MDB,base do governo,FNT-000307,"Senado Federal, dados abertos: processos do Conselho de Ética (REP, DEN, PCE)",https://legis.senado.leg.br/dadosabertos/processo/{id}
2009-07-29,ATR-002185,José Sarney,agente_publico,representado,2009-07-29: José Sarney passou a ser representado em PCE 7/2009 (CEDP-SF) por quebra de decoro parlamentar.,PCE 7/2009,MDB,base do governo,FNT-000307,"Senado Federal, dados abertos: processos do Conselho de Ética (REP, DEN, PCE)",https://legis.senado.leg.br/dadosabertos/processo/{id}
2009-07-29,ATR-002185,José Sarney,agente_publico,representado,2009-07-29: José Sarney passou a ser representado em PCE 9/2009 (CEDP-SF) por quebra de decoro parlamentar.,PCE 9/2009,MDB,base do governo,FNT-000307,"Senado Federal, dados abertos: processos do Conselho de Ética (REP, DEN, PCE)",https://legis.senado.leg.br/dadosabertos/processo/{id}
2009-07-30,ATR-002185,José Sarney,agente_publico,representado,2009-07-30: José Sarney passou a ser representado em PCE 10/2009 (CEDP-SF) por quebra de decoro parlamentar.,PCE 10/2009,MDB,base do governo,FNT-000307,"Senado Federal, dados abertos: processos do Conselho de Ética (REP, DEN, PCE)",https://legis.senado.leg.br/dadosabertos/processo/{id}
2009-07-30,ATR-002185,José Sarney,agente_publico,representado,2009-07-30: José Sarney passou a ser representado em PCE 11/2009 (CEDP-SF) por quebra de decoro parlamentar.,PCE 11/2009,MDB,base do governo,FNT-000307,"Senado Federal, dados abertos: processos do Conselho de Ética (REP, DEN, PCE)",https://legis.senado.leg.br/dadosabertos/processo/{id}
2009-07-30,ATR-002185,José Sarney,agente_publico,representado,2009-07-30: José Sarney passou a ser representado em PCE 12/2009 (CEDP-SF) por quebra de decoro parlamentar.,PCE 12/2009,MDB,base do governo,FNT-000307,"Senado Federal, dados abertos: processos do Conselho de Ética (REP, DEN, PCE)",https://legis.senado.leg.br/dadosabertos/processo/{id}
2009-08-04,ATR-002185,José Sarney,agente_publico,representado,2009-08-04: José Sarney passou a ser representado em PCE 13/2009 (CEDP-SF) por quebra de decoro parlamentar.,PCE 13/2009,MDB,base do governo,FNT-000307,"Senado Federal, dados abertos: processos do Conselho de Ética (REP, DEN, PCE)",https://legis.senado.leg.br/dadosabertos/processo/{id}
2009-08-04,ATR-002257,Renan Calheiros,agente_publico,representado,2009-08-04: Renan Calheiros passou a ser representado em PCE 14/2009 (CEDP-SF) por quebra de decoro parlamentar.,PCE 14/2009,MDB,base do governo,FNT-000307,"Senado Federal, dados abertos: processos do Conselho de Ética (REP, DEN, PCE)",https://legis.senado.leg.br/dadosabertos/processo/{id}
2009-08-05,ATR-000729,VALMIR PRASCIDELLI,agente_publico,contas_julgadas_irregulares,2009-08-05: transitou em julgado o julgamento das contas de VALMIR PRASCIDELLI como irregulares em 019.170/2006-4 (TCU).,019.170/2006-4,,,FNT-000309,"TCU, certidões: responsáveis com contas julgadas irregulares (lista pública)",https://certidoes.apps.tcu.gov.br/api/publico/responsaveis-contas-irregulares/exportar-para-csv?paginaAtual=1&tamanhoPagina=50000
2009-08-06,ATR-002103,Arthur Virgílio,agente_publico,representado,2009-08-06: Arthur Virgílio passou a ser representado em PCE 15/2009 (CEDP-SF) por quebra de decoro parlamentar.,PCE 15/2009,PSDB,sem orientação dominante,FNT-000307,"Senado Federal, dados abertos: processos do Conselho de Ética (REP, DEN, PCE)",https://legis.senado.leg.br/dadosabertos/processo/{id}
2009-08-19,ATR-000574,EDMAR MOREIRA,agente_publico,arquivado,2009-08-19: a investigação sobre EDMAR MOREIRA em REP 39/2009 (CEDP-CD) foi arquivada.,REP 39/2009,DEM,oposição,FNT-000306,"Câmara dos Deputados, dados abertos: tramitações das representações (REP)",https://dadosabertos.camara.leg.br/api/v2/proposicoes/{id}/tramitacoes
2009-09-10,ATR-002310,Cícero Lucena,agente_publico,representado,2009-09-10: Cícero Lucena passou a ser representado em PCE 16/2009 (CEDP-SF) por quebra de decoro parlamentar.,PCE 16/2009,PSDB,sem orientação dominante,FNT-000307,"Senado Federal, dados abertos: processos do Conselho de Ética (REP, DEN, PCE)",https://legis.senado.leg.br/dadosabertos/processo/{id}
2009-10-29,ATR-001436,CARLOS ANDRADE,agente_publico,contas_julgadas_irregulares,2009-10-29: transitou em julgado o julgamento das contas de CARLOS ANDRADE como irregulares em 016.141/2005-0 (TCU).,016.141/2005-0,,,FNT-000309,"TCU, certidões: responsáveis com contas julgadas irregulares (lista pública)",https://certidoes.apps.tcu.gov.br/api/publico/responsaveis-contas-irregulares/exportar-para-csv?paginaAtual=1&tamanhoPagina=50000
2009-11-11,ATR-000545,JERÔNIMO REIS,agente_publico,contas_julgadas_irregulares,2009-11-11: transitou em julgado o julgamento das contas de JERÔNIMO REIS como irregulares em 014.719/2008-8 (TCU).,014.719/2008-8,DEM,oposição,FNT-000309,"TCU, certidões: responsáveis com contas julgadas irregulares (lista pública)",https://certidoes.apps.tcu.gov.br/api/publico/responsaveis-contas-irregulares/exportar-para-csv?paginaAtual=1&tamanhoPagina=50000
2009-12-08,ATR-001024,ZÉ VIEIRA,agente_publico,contas_julgadas_irregulares,2009-12-08: transitou em julgado o julgamento das contas de ZÉ VIEIRA como irregulares em 006.553/2006-8 (TCU).,006.553/2006-8,PL,base do governo,FNT-000309,"TCU, certidões: responsáveis com contas julgadas irregulares (lista pública)",https://certidoes.apps.tcu.gov.br/api/publico/responsaveis-contas-irregulares/exportar-para-csv?paginaAtual=1&tamanhoPagina=50000
2010-02-25,ATR-001024,ZÉ VIEIRA,agente_publico,contas_julgadas_irregulares,2010-02-25: transitou em julgado o julgamento das contas de ZÉ VIEIRA como irregulares em 020.503/2004-0 (TCU).,020.503/2004-0,PL,base do governo,FNT-000309,"TCU, certidões: responsáveis com contas julgadas irregulares (lista pública)",https://certidoes.apps.tcu.gov.br/api/publico/responsaveis-contas-irregulares/exportar-para-csv?paginaAtual=1&tamanhoPagina=50000
2010-03-11,ATR-000455,Giacobo,agente_publico,absolvido,2010-03-11: Giacobo foi absolvido em AP 433 (STF).,AP 433,PL,base do governo,FNT-000046,"STF, Corte Aberta: decisões em ações penais e inquéritos, 08/01/2003 a 23/09/2026 (exportação do painel)",https://transparencia.stf.jus.br/extensions/decisoes/decisoes.html
2010-03-11,ATR-000789,ALCENI GUERRA,agente_publico,absolvido,2010-03-11: ALCENI GUERRA foi absolvido em AP 433 (STF).,AP 433,DEM,base do governo,FNT-000046,"STF, Corte Aberta: decisões em ações penais e inquéritos, 08/01/2003 a 23/09/2026 (exportação do painel)",https://transparencia.stf.jus.br/extensions/decisoes/decisoes.html
2010-04-08,ATR-001024,ZÉ VIEIRA,agente_publico,contas_julgadas_irregulares,2010-04-08: transitou em julgado o julgamento das contas de ZÉ VIEIRA como irregulares em 010.397/2006-8 (TCU).,010.397/2006-8,PL,base do governo,FNT-000309,"TCU, certidões: responsáveis com contas julgadas irregulares (lista pública)",https://certidoes.apps.tcu.gov.br/api/publico/responsaveis-contas-irregulares/exportar-para-csv?paginaAtual=1&tamanhoPagina=50000
2010-05-13,ATR-000406,ZÉ GERARDO,agente_publico,condenado_tribunal_superior,2010-05-13: ZÉ GERARDO foi condenado por tribunal superior em AP 409 (STF) (assunto no STF: DIREITO PENAL | CRIMES PREVISTOS NA LEGISLAÇÃO EXTRAVAGANTE | CRIMES DE RESPONSABILIDADE (o julgamento também tratou de prescrição ou extinção da punibili).,AP 409,MDB,base do governo,FNT-000046,"STF, Corte Aberta: decisões em ações penais e inquéritos, 08/01/2003 a 23/09/2026 (exportação do painel)",https://transparencia.stf.jus.br/extensions/decisoes/decisoes.html
2010-05-20,ATR-000835,CASSIO TANIGUCHI,agente_publico,condenado_tribunal_superior,2010-05-20: CASSIO TANIGUCHI foi condenado por tribunal superior em AP 503 (STF) (assunto no STF: DIREITO PROCESSUAL PENAL | JURISDIÇÃO E COMPETÊNCIA | COMPETÊNCIA POR PRERROGATIVA DE FUNÇÃO).,AP 503,DEM,base do governo,FNT-000046,"STF, Corte Aberta: decisões em ações penais e inquéritos, 08/01/2003 a 23/09/2026 (exportação do painel)",https://transparencia.stf.jus.br/extensions/decisoes/decisoes.html
2010-05-22,ATR-000339,ELISEU MOURA,agente_publico,contas_julgadas_irregulares,2010-05-22: transitou em julgado o julgamento das contas de ELISEU MOURA como irregulares em 020.597/2004-6 (TCU).,020.597/2004-6,PP,base do governo,FNT-000309,"TCU, certidões: responsáveis com contas julgadas irregulares (lista pública)",https://certidoes.apps.tcu.gov.br/api/publico/responsaveis-contas-irregulares/exportar-para-csv?paginaAtual=1&tamanhoPagina=50000
2010-06-01,ATR-000339,ELISEU MOURA,agente_publico,contas_julgadas_irregulares,2010-06-01: transitou em julgado o julgamento das contas de ELISEU MOURA como irregulares em 020.631/2004-0 (TCU).,020.631/2004-0,PP,base do governo,FNT-000309,"TCU, certidões: responsáveis com contas julgadas irregulares (lista pública)",https://certidoes.apps.tcu.gov.br/api/publico/responsaveis-contas-irregulares/exportar-para-csv?paginaAtual=1&tamanhoPagina=50000
2010-06-25,ATR-002128,Efraim Morais,agente_publico,representado,2010-06-25: Efraim Morais passou a ser representado em PCE 1/2010 (CEDP-SF) por quebra de decoro parlamentar.,PCE 1/2010,DEM,base do governo,FNT-000307,"Senado Federal, dados abertos: processos do Conselho de Ética (REP, DEN, PCE)",https://legis.senado.leg.br/dadosabertos/processo/{id}
2010-09-17,ATR-001024,ZÉ VIEIRA,agente_publico,contas_julgadas_irregulares,2010-09-17: transitou em julgado o julgamento das contas de ZÉ VIEIRA como irregulares em 017.356/2005-9 (TCU).,017.356/2005-9,PL,base do governo,FNT-000309,"TCU, certidões: responsáveis com contas julgadas irregulares (lista pública)",https://certidoes.apps.tcu.gov.br/api/publico/responsaveis-contas-irregulares/exportar-para-csv?paginaAtual=1&tamanhoPagina=50000
2010-09-27,ATR-000393,TATICO,agente_publico,condenado_tribunal_superior,"2010-09-27: TATICO foi condenado por tribunal superior em AP 516 (STF) (apropriação indébita previdenciária (art. 168-A, CP) e sonegação de contribuição previdenciária (art. 337-A, CP)).",AP 516,PTB,base do governo,FNT-000046,"STF, Corte Aberta: decisões em ações penais e inquéritos, 08/01/2003 a 23/09/2026 (exportação do painel)",https://transparencia.stf.jus.br/extensions/decisoes/decisoes.html
2010-10-26,ATR-000545,JERÔNIMO REIS,agente_publico,contas_julgadas_irregulares,2010-10-26: transitou em julgado o julgamento das contas de JERÔNIMO REIS como irregulares em 013.888/2002-7 (TCU).,013.888/2002-7,DEM,base do governo,FNT-000309,"TCU, certidões: responsáveis com contas julgadas irregulares (lista pública)",https://certidoes.apps.tcu.gov.br/api/publico/responsaveis-contas-irregulares/exportar-para-csv?paginaAtual=1&tamanhoPagina=50000
2010-10-28,ATR-000760,NATAN DONADON,agente_publico,condenado_tribunal_superior,2010-10-28: NATAN DONADON foi condenado por tribunal superior em AP 396 (STF) (assunto no STF: DIREITO PENAL | CRIMES PRATICADOS POR FUNCIONÁRIOS PÚBLICOS CONTRA A ADMINISTRAÇÃO EM GERAL | PECULATO).,AP 396,MDB,base do governo,FNT-000046,"STF, Corte Aberta: decisões em ações penais e inquéritos, 08/01/2003 a 23/09/2026 (exportação do painel)",https://transparencia.stf.jus.br/extensions/decisoes/decisoes.html
2010-12-10,ATR-002328,Jorge Afonso Argello,agente_publico,representado,2010-12-10: Jorge Afonso Argello passou a ser representado em PCE 2/2010 (CEDP-SF) por quebra de decoro parlamentar.,PCE 2/2010,PTB,base do governo,FNT-000307,"Senado Federal, dados abertos: processos do Conselho de Ética (REP, DEN, PCE)",https://legis.senado.leg.br/dadosabertos/processo/{id}
2010-12-16,ATR-000683,JACKSON BARRETO,agente_publico,absolvido,2010-12-16: JACKSON BARRETO foi absolvido em AP 372 (STF).,AP 372,MDB,base do governo,FNT-000046,"STF, Corte Aberta: decisões em ações penais e inquéritos, 08/01/2003 a 23/09/2026 (exportação do painel)",https://transparencia.stf.jus.br/extensions/decisoes/decisoes.html
2010-12-20,ATR-002328,Jorge Afonso Argello,agente_publico,representado,2010-12-20: Jorge Afonso Argello passou a ser representado em PCE 3/2010 (CEDP-SF) por quebra de decoro parlamentar.,PCE 3/2010,PTB,base do governo,FNT-000307,"Senado Federal, dados abertos: processos do Conselho de Ética (REP, DEN, PCE)",https://legis.senado.leg.br/dadosabertos/processo/{id}
2011-01-04,ATR-000402,PINHEIRO LANDIM,agente_publico,contas_julgadas_irregulares,2011-01-04: transitou em julgado o julgamento das contas de PINHEIRO LANDIM como irregulares em 000.211/2005-6 (TCU).,000.211/2005-6,PSL,base do governo,FNT-000309,"TCU, certidões: responsáveis com contas julgadas irregulares (lista pública)",https://certidoes.apps.tcu.gov.br/api/publico/responsaveis-contas-irregulares/exportar-para-csv?paginaAtual=1&tamanhoPagina=50000
2011-01-20,ATR-001024,ZÉ VIEIRA,agente_publico,contas_julgadas_irregulares,2011-01-20: transitou em julgado o julgamento das contas de ZÉ VIEIRA como irregulares em 014.091/2005-8 (TCU).,014.091/2005-8,PL,base do governo,FNT-000309,"TCU, certidões: responsáveis com contas julgadas irregulares (lista pública)",https://certidoes.apps.tcu.gov.br/api/publico/responsaveis-contas-irregulares/exportar-para-csv?paginaAtual=1&tamanhoPagina=50000
2011-01-29,ATR-001024,ZÉ VIEIRA,agente_publico,contas_julgadas_irregulares,2011-01-29: transitou em julgado o julgamento das contas de ZÉ VIEIRA como irregulares em 006.550/2006-6 (TCU).,006.550/2006-6,PL,base do governo,FNT-000309,"TCU, certidões: responsáveis com contas julgadas irregulares (lista pública)",https://certidoes.apps.tcu.gov.br/api/publico/responsaveis-contas-irregulares/exportar-para-csv?paginaAtual=1&tamanhoPagina=50000
2011-03-16,ATR-000710,JAQUELINE RORIZ,agente_publico,representado,2011-03-16: JAQUELINE RORIZ passou a ser representado em REP 1/2011 (CEDP-CD) por quebra de decoro parlamentar.,REP 1/2011,MOBILIZA,base do governo,FNT-000306,"Câmara dos Deputados, dados abertos: tramitações das representações (REP)",https://dadosabertos.camara.leg.br/api/v2/proposicoes/{id}/tramitacoes
2011-03-19,ATR-000563,IVAN PAIXÃO,agente_publico,contas_julgadas_irregulares,2011-03-19: transitou em julgado o julgamento das contas de IVAN PAIXÃO como irregulares em 012.707/2004-5 (TCU).,012.707/2004-5,CIDADANIA,oposição,FNT-000309,"TCU, certidões: responsáveis com contas julgadas irregulares (lista pública)",https://certidoes.apps.tcu.gov.br/api/publico/responsaveis-contas-irregulares/exportar-para-csv?paginaAtual=1&tamanhoPagina=50000
2011-04-23,ATR-000005,JOSEPH BANDEIRA,agente_publico,contas_julgadas_irregulares,2011-04-23: transitou em julgado o julgamento das contas de JOSEPH BANDEIRA como irregulares em 001.916/2009-8 (TCU).,001.916/2009-8,PT,base do governo,FNT-000309,"TCU, certidões: responsáveis com contas julgadas irregulares (lista pública)",https://certidoes.apps.tcu.gov.br/api/publico/responsaveis-contas-irregulares/exportar-para-csv?paginaAtual=1&tamanhoPagina=50000
2011-06-02,ATR-002344,Mário Couto,agente_publico,representado,2011-06-02: Mário Couto passou a ser representado em PCE 1/2011 (CEDP-SF) por quebra de decoro parlamentar.,PCE 1/2011,PSDB,oposição,FNT-000307,"Senado Federal, dados abertos: processos do Conselho de Ética (REP, DEN, PCE)",https://legis.senado.leg.br/dadosabertos/processo/{id}
2011-06-09,ATR-000671,JAIR BOLSONARO,agente_publico,representado,2011-06-09: JAIR BOLSONARO passou a ser representado em REP 6/2011 (CEDP-CD) por quebra de decoro parlamentar.,REP 6/2011,PP,base do governo,FNT-000306,"Câmara dos Deputados, dados abertos: tramitações das representações (REP)",https://dadosabertos.camara.leg.br/api/v2/proposicoes/{id}/tramitacoes
2011-06-29,ATR-000005,JOSEPH BANDEIRA,agente_publico,contas_julgadas_irregulares,2011-06-29: transitou em julgado o julgamento das contas de JOSEPH BANDEIRA como irregulares em 002.670/2009-0 (TCU).,002.670/2009-0,PT,base do governo,FNT-000309,"TCU, certidões: responsáveis com contas julgadas irregulares (lista pública)",https://certidoes.apps.tcu.gov.br/api/publico/responsaveis-contas-irregulares/exportar-para-csv?paginaAtual=1&tamanhoPagina=50000
2011-07-06,ATR-002344,Mário Couto,agente_publico,representado,2011-07-06: Mário Couto passou a ser representado em PCE 2/2011 (CEDP-SF) por quebra de decoro parlamentar.,PCE 2/2011,PSDB,oposição,FNT-000307,"Senado Federal, dados abertos: processos do Conselho de Ética (REP, DEN, PCE)",https://legis.senado.leg.br/dadosabertos/processo/{id}
2011-07-11,ATR-001324,ALFREDO NASCIMENTO,agente_publico,representado,2011-07-11: ALFREDO NASCIMENTO passou a ser representado em PCE 3/2011 (CEDP-SF) por quebra de decoro parlamentar.,PCE 3/2011,PL,base do governo,FNT-000307,"Senado Federal, dados abertos: processos do Conselho de Ética (REP, DEN, PCE)",https://legis.senado.leg.br/dadosabertos/processo/{id}
2011-07-22,ATR-001044,CHARLES COZZOLINO,agente_publico,contas_julgadas_irregulares,2011-07-22: transitou em julgado o julgamento das contas de CHARLES COZZOLINO como irregulares em 011.780/2002-4 (TCU).,011.780/2002-4,PTB,base do governo,FNT-000309,"TCU, certidões: responsáveis com contas julgadas irregulares (lista pública)",https://certidoes.apps.tcu.gov.br/api/publico/responsaveis-contas-irregulares/exportar-para-csv?paginaAtual=1&tamanhoPagina=50000
2011-08-03,ATR-000090,VALDEMAR COSTA NETO,agente_publico,representado,2011-08-03: VALDEMAR COSTA NETO passou a ser representado em REP 7/2011 (CEDP-CD) por quebra de decoro parlamentar.,REP 7/2011,PL,base do governo,FNT-000306,"Câmara dos Deputados, dados abertos: tramitações das representações (REP)",https://dadosabertos.camara.leg.br/api/v2/proposicoes/{id}/tramitacoes
2011-08-30,ATR-000710,JAQUELINE RORIZ,agente_publico,representacao_improcedente,2011-08-30: a representação contra JAQUELINE RORIZ em REP 1/2011 (CEDP-CD) foi julgada improcedente ou o parecer pela perda do mandato foi rejeitado pelo plenário.,REP 1/2011,MOBILIZA,base do governo,FNT-000306,"Câmara dos Deputados, dados abertos: tramitações das representações (REP)",https://dadosabertos.camara.leg.br/api/v2/proposicoes/{id}/tramitacoes
2011-09-08,ATR-000350,ASDRUBAL BENTES,agente_publico,condenado_tribunal_superior,2011-09-08: ASDRUBAL BENTES foi condenado por tribunal superior em AP 481 (STF) (assunto no STF: DIREITO PENAL | CRIMES PREVISTOS NA LEGISLAÇÃO EXTRAVAGANTE | CRIMES ELEITORAIS | CAPTAÇÃO ILÍCITA DE VOTOS OU CORRUPÇÃO ELEITORAL).,AP 481,MDB,base do governo,FNT-000046,"STF, Corte Aberta: decisões em ações penais e inquéritos, 08/01/2003 a 23/09/2026 (exportação do painel)",https://transparencia.stf.jus.br/extensions/decisoes/decisoes.html
2011-10-05,ATR-000759,ANTENOR NASPOLINI,agente_publico,contas_julgadas_irregulares,2011-10-05: transitou em julgado o julgamento das contas de ANTENOR NASPOLINI como irregulares em 019.454/2002-4 (TCU).,019.454/2002-4,PSDB,oposição,FNT-000309,"TCU, certidões: responsáveis com contas julgadas irregulares (lista pública)",https://certidoes.apps.tcu.gov.br/api/publico/responsaveis-contas-irregulares/exportar-para-csv?paginaAtual=1&tamanhoPagina=50000
2011-10-19,ATR-000671,JAIR BOLSONARO,agente_publico,arquivado,2011-10-19: a investigação sobre JAIR BOLSONARO em REP 6/2011 (CEDP-CD) foi arquivada.,REP 6/2011,PP,base do governo,FNT-000306,"Câmara dos Deputados, dados abertos: tramitações das representações (REP)",https://dadosabertos.camara.leg.br/api/v2/proposicoes/{id}/tramitacoes
2011-11-24,ATR-000090,VALDEMAR COSTA NETO,agente_publico,arquivado,2011-11-24: a investigação sobre VALDEMAR COSTA NETO em REP 7/2011 (CEDP-CD) foi arquivada.,REP 7/2011,PL,base do governo,FNT-000306,"Câmara dos Deputados, dados abertos: tramitações das representações (REP)",https://dadosabertos.camara.leg.br/api/v2/proposicoes/{id}/tramitacoes
2012-03-08,ATR-000973,SÉRGIO MORAES,agente_publico,absolvido,2012-03-08: SÉRGIO MORAES foi absolvido em AP 416 (STF).,AP 416,PTB,base do governo,FNT-000046,"STF, Corte Aberta: decisões em ações penais e inquéritos, 08/01/2003 a 23/09/2026 (exportação do painel)",https://transparencia.stf.jus.br/extensions/decisoes/decisoes.html
2012-03-26,ATR-002718,FRANCISCO FLAMARION PORTELA,agente_publico,contas_julgadas_irregulares,2012-03-26: transitou em julgado o julgamento das contas de FRANCISCO FLAMARION PORTELA como irregulares em 018.238/2008-4 (TCU).,018.238/2008-4,PSL,base do governo,FNT-000309,"TCU, certidões: responsáveis com contas julgadas irregulares (lista pública)",https://certidoes.apps.tcu.gov.br/api/publico/responsaveis-contas-irregulares/exportar-para-csv?paginaAtual=1&tamanhoPagina=50000
2012-04-10,ATR-002119,Demóstenes Torres,agente_publico,representado,2012-04-10: Demóstenes Torres passou a ser representado em REP 1/2012 (CEDP-SF) por quebra de decoro parlamentar.,REP 1/2012,DEM,oposição,FNT-000307,"Senado Federal, dados abertos: processos do Conselho de Ética (REP, DEN, PCE)",https://legis.senado.leg.br/dadosabertos/processo/{id}
2012-04-10,ATR-000373,ENÉAS,agente_publico,contas_julgadas_irregulares,2012-04-10: transitou em julgado o julgamento das contas de ENÉAS como irregulares em 027.804/2010-0 (TCU).,027.804/2010-0,PL,base do governo,FNT-000309,"TCU, certidões: responsáveis com contas julgadas irregulares (lista pública)",https://certidoes.apps.tcu.gov.br/api/publico/responsaveis-contas-irregulares/exportar-para-csv?paginaAtual=1&tamanhoPagina=50000
2012-04-18,ATR-000889,João Carlos Bacelar,agente_publico,representado,2012-04-18: João Carlos Bacelar passou a ser representado em REP 11/2012 (CEDP-CD) por quebra de decoro parlamentar.,REP 11/2012,PL,base do governo,FNT-000306,"Câmara dos Deputados, dados abertos: tramitações das representações (REP)",https://dadosabertos.camara.leg.br/api/v2/proposicoes/{id}/tramitacoes
2012-04-18,ATR-001155,DELEGADO PROTÓGENES,agente_publico,representado,2012-04-18: DELEGADO PROTÓGENES passou a ser representado em REP 12/2012 (CEDP-CD) por quebra de decoro parlamentar.,REP 12/2012,PCDOB,base do governo,FNT-000306,"Câmara dos Deputados, dados abertos: tramitações das representações (REP)",https://dadosabertos.camara.leg.br/api/v2/proposicoes/{id}/tramitacoes
2012-05-08,ATR-000759,ANTENOR NASPOLINI,agente_publico,contas_julgadas_irregulares,2012-05-08: transitou em julgado o julgamento das contas de ANTENOR NASPOLINI como irregulares em 014.649/2006-5 (TCU).,014.649/2006-5,PSDB,sem orientação dominante,FNT-000309,"TCU, certidões: responsáveis com contas julgadas irregulares (lista pública)",https://certidoes.apps.tcu.gov.br/api/publico/responsaveis-contas-irregulares/exportar-para-csv?paginaAtual=1&tamanhoPagina=50000
2012-06-28,ATR-000889,João Carlos Bacelar,agente_publico,representado,2012-06-28: João Carlos Bacelar passou a ser representado em REP 13/2012 (CEDP-CD) por quebra de decoro parlamentar.,REP 13/2012,PL,base do governo,FNT-000306,"Câmara dos Deputados, dados abertos: tramitações das representações (REP)",https://dadosabertos.camara.leg.br/api/v2/proposicoes/{id}/tramitacoes
2012-06-28,ATR-000584,MARCOS MEDRADO,agente_publico,representado,2012-06-28: MARCOS MEDRADO passou a ser representado em REP 14/2012 (CEDP-CD) por quebra de decoro parlamentar.,REP 14/2012,PDT,base do governo,FNT-000306,"Câmara dos Deputados, dados abertos: tramitações das representações (REP)",https://dadosabertos.camara.leg.br/api/v2/proposicoes/{id}/tramitacoes
2012-07-11,ATR-002119,Demóstenes Torres,agente_publico,mandato_cassado,2012-07-11: o mandato de Demóstenes Torres foi cassado em REP 1/2012 (CEDP-SF).,REP 1/2012,DEM,oposição,FNT-000308,"Senado Federal, dados abertos: Projetos de Resolução do Senado gerados por representações",https://legis.senado.leg.br/dadosabertos/processo/{id}
2012-08-16,ATR-000563,IVAN PAIXÃO,agente_publico,contas_julgadas_irregulares,2012-08-16: transitou em julgado o julgamento das contas de IVAN PAIXÃO como irregulares em 005.013/2002-8 (TCU).,005.013/2002-8,CIDADANIA,sem orientação dominante,FNT-000309,"TCU, certidões: responsáveis com contas julgadas irregulares (lista pública)",https://certidoes.apps.tcu.gov.br/api/publico/responsaveis-contas-irregulares/exportar-para-csv?paginaAtual=1&tamanhoPagina=50000
2012-09-12,ATR-000188,WLADIMIR COSTA,agente_publico,absolvido,2012-09-12: WLADIMIR COSTA foi absolvido em AP 474 (STF).,AP 474,MDB,base do governo,FNT-000046,"STF, Corte Aberta: decisões em ações penais e inquéritos, 08/01/2003 a 23/09/2026 (exportação do painel)",https://transparencia.stf.jus.br/extensions/decisoes/decisoes.html
2012-10-23,ATR-000642,JOSÉ DIRCEU,agente_publico,condenado_tribunal_superior,2012-10-23: JOSÉ DIRCEU foi condenado por tribunal superior em AP 470 (STF) (formação de quadrilha (art. 288 do Código Penal)).,AP 470,PT,base do governo,FNT-000234,"STF, AP 470: andamento de 23/10/2012 (Decisão de Julgamento, Tribunal Pleno, formação de quadrilha)",https://portal.stf.jus.br/processos/detalhe.asp?incidente=11541
2012-10-23,ATR-002791,DELÚBIO SOARES DE CASTRO,agente_privado,condenado_tribunal_superior,2012-10-23: DELÚBIO SOARES DE CASTRO foi condenado por tribunal superior em AP 470 (STF) (formação de quadrilha (art. 288 do Código Penal)).,AP 470,,,FNT-000234,"STF, AP 470: andamento de 23/10/2012 (Decisão de Julgamento, Tribunal Pleno, formação de quadrilha)",https://portal.stf.jus.br/processos/detalhe.asp?incidente=11541
2012-10-23,ATR-000075,JOSÉ GENOÍNO,agente_publico,condenado_tribunal_superior,2012-10-23: JOSÉ GENOÍNO foi condenado por tribunal superior em AP 470 (STF) (formação de quadrilha (art. 288 do Código Penal)).,AP 470,PT,base do governo,FNT-000234,"STF, AP 470: andamento de 23/10/2012 (Decisão de Julgamento, Tribunal Pleno, formação de quadrilha)",https://portal.stf.jus.br/processos/detalhe.asp?incidente=11541
2012-10-23,ATR-002794,RAMON HOLLERBACH CARDOSO,agente_privado,condenado_tribunal_superior,2012-10-23: RAMON HOLLERBACH CARDOSO foi condenado por tribunal superior em AP 470 (STF) (formação de quadrilha (art. 288 do Código Penal)).,AP 470,,,FNT-000234,"STF, AP 470: andamento de 23/10/2012 (Decisão de Julgamento, Tribunal Pleno, formação de quadrilha)",https://portal.stf.jus.br/processos/detalhe.asp?incidente=11541
2012-10-23,ATR-002795,CRISTIANO DE MELLO PAZ,agente_privado,condenado_tribunal_superior,2012-10-23: CRISTIANO DE MELLO PAZ foi condenado por tribunal superior em AP 470 (STF) (formação de quadrilha (art. 288 do Código Penal)).,AP 470,,,FNT-000234,"STF, AP 470: andamento de 23/10/2012 (Decisão de Julgamento, Tribunal Pleno, formação de quadrilha)",https://portal.stf.jus.br/processos/detalhe.asp?incidente=11541
2012-10-23,ATR-002796,ROGÉRIO LANZA TOLENTINO,agente_privado,condenado_tribunal_superior,2012-10-23: ROGÉRIO LANZA TOLENTINO foi condenado por tribunal superior em AP 470 (STF) (formação de quadrilha (art. 288 do Código Penal)).,AP 470,,,FNT-000234,"STF, AP 470: andamento de 23/10/2012 (Decisão de Julgamento, Tribunal Pleno, formação de quadrilha)",https://portal.stf.jus.br/processos/detalhe.asp?incidente=11541
2012-10-23,ATR-002797,SIMONE REIS LOBO DE VASCONCELOS,agente_privado,condenado_tribunal_superior,2012-10-23: SIMONE REIS LOBO DE VASCONCELOS foi condenado por tribunal superior em AP 470 (STF) (formação de quadrilha (art. 288 do Código Penal)).,AP 470,,,FNT-000234,"STF, AP 470: andamento de 23/10/2012 (Decisão de Julgamento, Tribunal Pleno, formação de quadrilha)",https://portal.stf.jus.br/processos/detalhe.asp?incidente=11541
2012-10-24,ATR-001155,DELEGADO PROTÓGENES,agente_publico,arquivado,2012-10-24: a investigação sobre DELEGADO PROTÓGENES em REP 12/2012 (CEDP-CD) foi arquivada.,REP 12/2012,PCDOB,base do governo,FNT-000306,"Câmara dos Deputados, dados abertos: tramitações das representações (REP)",https://dadosabertos.camara.leg.br/api/v2/proposicoes/{id}/tramitacoes
2012-11-12,ATR-000642,JOSÉ DIRCEU,agente_publico,condenado_tribunal_superior,2012-11-12: JOSÉ DIRCEU foi condenado por tribunal superior em AP 470 (STF) (corrupção ativa (pena de 7 anos e 11 meses e 260 dias-multa fixada nesta sessão)).,AP 470,PT,base do governo,FNT-000236,"STF, Notícias: AP 470: STF fixa penas do núcleo político e inicia análise de dosimetria quanto ao núcleo financeiro",https://noticias.stf.jus.br/postsnoticias/ap-470-stf-fixa-penas-do-nucleo-politico-e-inicia-analise-de-dosimetria-quanto-ao-nucleo-financeiro/
2012-11-12,ATR-000075,JOSÉ GENOÍNO,agente_publico,condenado_tribunal_superior,2012-11-12: JOSÉ GENOÍNO foi condenado por tribunal superior em AP 470 (STF) (corrupção ativa (pena de 4 anos e 8 meses e 180 dias-multa fixada nesta sessão)).,AP 470,PT,base do governo,FNT-000236,"STF, Notícias: AP 470: STF fixa penas do núcleo político e inicia análise de dosimetria quanto ao núcleo financeiro",https://noticias.stf.jus.br/postsnoticias/ap-470-stf-fixa-penas-do-nucleo-politico-e-inicia-analise-de-dosimetria-quanto-ao-nucleo-financeiro/
2012-11-12,ATR-002791,DELÚBIO SOARES DE CASTRO,agente_privado,condenado_tribunal_superior,2012-11-12: DELÚBIO SOARES DE CASTRO foi condenado por tribunal superior em AP 470 (STF) (corrupção ativa (pena de 6 anos e 8 meses e 250 dias-multa fixada nesta sessão)).,AP 470,,,FNT-000236,"STF, Notícias: AP 470: STF fixa penas do núcleo político e inicia análise de dosimetria quanto ao núcleo financeiro",https://noticias.stf.jus.br/postsnoticias/ap-470-stf-fixa-penas-do-nucleo-politico-e-inicia-analise-de-dosimetria-quanto-ao-nucleo-financeiro/
2012-11-12,ATR-002799,KÁTIA RABELLO,agente_privado,condenado_tribunal_superior,2012-11-12: KÁTIA RABELLO foi condenado por tribunal superior em AP 470 (STF) (formação de quadrilha (pena de 2 anos e 3 meses fixada nesta sessão)).,AP 470,,,FNT-000236,"STF, Notícias: AP 470: STF fixa penas do núcleo político e inicia análise de dosimetria quanto ao núcleo financeiro",https://noticias.stf.jus.br/postsnoticias/ap-470-stf-fixa-penas-do-nucleo-politico-e-inicia-analise-de-dosimetria-quanto-ao-nucleo-financeiro/
2012-11-12,ATR-002799,KÁTIA RABELLO,agente_privado,condenado_tribunal_superior,2012-11-12: KÁTIA RABELLO foi condenado por tribunal superior em AP 470 (STF) (lavagem de dinheiro (pena de 5 anos e 10 meses e 166 dias-multa fixada nesta sessão)).,AP 470,,,FNT-000236,"STF, Notícias: AP 470: STF fixa penas do núcleo político e inicia análise de dosimetria quanto ao núcleo financeiro",https://noticias.stf.jus.br/postsnoticias/ap-470-stf-fixa-penas-do-nucleo-politico-e-inicia-analise-de-dosimetria-quanto-ao-nucleo-financeiro/
2012-11-12,ATR-002799,KÁTIA RABELLO,agente_privado,condenado_tribunal_superior,2012-11-12: KÁTIA RABELLO foi condenado por tribunal superior em AP 470 (STF) (gestão fraudulenta de instituição financeira (pena de 4 anos e 120 dias-multa fixada nesta sessão)).,AP 470,,,FNT-000236,"STF, Notícias: AP 470: STF fixa penas do núcleo político e inicia análise de dosimetria quanto ao núcleo financeiro",https://noticias.stf.jus.br/postsnoticias/ap-470-stf-fixa-penas-do-nucleo-politico-e-inicia-analise-de-dosimetria-quanto-ao-nucleo-financeiro/
2012-11-12,ATR-002799,KÁTIA RABELLO,agente_privado,condenado_tribunal_superior,2012-11-12: KÁTIA RABELLO foi condenado por tribunal superior em AP 470 (STF) (evasão de divisas (pena de 4 anos e 7 meses e 100 dias-multa fixada nesta sessão)).,AP 470,,,FNT-000236,"STF, Notícias: AP 470: STF fixa penas do núcleo político e inicia análise de dosimetria quanto ao núcleo financeiro",https://noticias.stf.jus.br/postsnoticias/ap-470-stf-fixa-penas-do-nucleo-politico-e-inicia-analise-de-dosimetria-quanto-ao-nucleo-financeiro/
2012-11-20,ATR-000264,GERVÁSIO OLIVEIRA,agente_publico,contas_julgadas_irregulares,2012-11-20: transitou em julgado o julgamento das contas de GERVÁSIO OLIVEIRA como irregulares em 007.011/2010-5 (TCU).,007.011/2010-5,MDB,base do governo,FNT-000309,"TCU, certidões: responsáveis com contas julgadas irregulares (lista pública)",https://certidoes.apps.tcu.gov.br/api/publico/responsaveis-contas-irregulares/exportar-para-csv?paginaAtual=1&tamanhoPagina=50000
2012-11-21,ATR-002796,ROGÉRIO LANZA TOLENTINO,agente_privado,condenado_tribunal_superior,2012-11-21: ROGÉRIO LANZA TOLENTINO foi condenado por tribunal superior em AP 470 (STF) (lavagem de dinheiro (pena de 3 anos 8 meses e 10 dias fixada por maioria)).,AP 470,,,FNT-000237,"STF, Notícias: Concluída dosimetria das penas de Rogério Tolentino e Vinícius Samarane na AP 470",https://noticias.stf.jus.br/postsnoticias/concluida-dosimetria-das-penas-de-rogerio-tolentino-e-vinicius-samarane-na-ap-470/
2012-11-21,ATR-002801,VINÍCIUS SAMARANE,agente_privado,condenado_tribunal_superior,2012-11-21: VINÍCIUS SAMARANE foi condenado por tribunal superior em AP 470 (STF) (lavagem de dinheiro (pena de 5 anos 3 meses e 10 dias e 130 dias-multa fixada nesta sessão)).,AP 470,,,FNT-000237,"STF, Notícias: Concluída dosimetria das penas de Rogério Tolentino e Vinícius Samarane na AP 470",https://noticias.stf.jus.br/postsnoticias/concluida-dosimetria-das-penas-de-rogerio-tolentino-e-vinicius-samarane-na-ap-470/
2012-11-21,ATR-002801,VINÍCIUS SAMARANE,agente_privado,condenado_tribunal_superior,2012-11-21: VINÍCIUS SAMARANE foi condenado por tribunal superior em AP 470 (STF) (gestão fraudulenta (pena de 3 anos e 6 meses e 100 dias-multa fixada nesta sessão)).,AP 470,,,FNT-000237,"STF, Notícias: Concluída dosimetria das penas de Rogério Tolentino e Vinícius Samarane na AP 470",https://noticias.stf.jus.br/postsnoticias/concluida-dosimetria-das-penas-de-rogerio-tolentino-e-vinicius-samarane-na-ap-470/
2012-11-29,ATR-000006,SILVIO COSTA,agente_publico,prescrito,2012-11-29: foi reconhecida a prescrição em relação a SILVIO COSTA em AP 615 (STF).,AP 615,PTB,base do governo,FNT-000325,"STF, AP 615: decisão monocrática publicada no DJe em 2012-12-03 (peça do portal)",https://portal.stf.jus.br/processos/downloadPeca.asp?id=113938234&ext=.pdf
2012-12-13,ATR-000409,CIRO NOGUEIRA,agente_publico,representado,2012-12-13: CIRO NOGUEIRA passou a ser representado em PCE 1/2012 (CEDP-SF) por quebra de decoro parlamentar.,PCE 1/2012,PP,base do governo,FNT-000307,"Senado Federal, dados abertos: processos do Conselho de Ética (REP, DEN, PCE)",https://legis.senado.leg.br/dadosabertos/processo/{id}
2012-12-15,ATR-000178,DR. RODOLFO PEREIRA,agente_publico,contas_julgadas_irregulares,2012-12-15: transitou em julgado o julgamento das contas de DR. RODOLFO PEREIRA como irregulares em 008.133/2009-7 (TCU).,008.133/2009-7,PDT,base do governo,FNT-000309,"TCU, certidões: responsáveis com contas julgadas irregulares (lista pública)",https://certidoes.apps.tcu.gov.br/api/publico/responsaveis-contas-irregulares/exportar-para-csv?paginaAtual=1&tamanhoPagina=50000
2012-12-17,ATR-000854,ELIENE LIMA,agente_publico,prescrito,2012-12-17: foi reconhecida a prescrição em relação a ELIENE LIMA em AP 545 (STF).,AP 545,PSD,base do governo,FNT-000317,"STF, AP 545: decisão monocrática publicada no DJe em 2012-12-19 (peça do portal)",https://portal.stf.jus.br/processos/downloadPeca.asp?id=116478450&ext=.pdf
2012-12-19,ATR-000394,CARLOS ALBERTO LERÉIA,agente_publico,representado,2012-12-19: CARLOS ALBERTO LERÉIA passou a ser representado em REP 17/2012 (CEDP-CD) por quebra de decoro parlamentar.,REP 17/2012,PSDB,sem orientação dominante,FNT-000306,"Câmara dos Deputados, dados abertos: tramitações das representações (REP)",https://dadosabertos.camara.leg.br/api/v2/proposicoes/{id}/tramitacoes
2012-12-21,ATR-000889,João Carlos Bacelar,agente_publico,arquivado,2012-12-21: a investigação sobre João Carlos Bacelar em REP 13/2012 (CEDP-CD) foi arquivada.,REP 13/2012,PL,base do governo,FNT-000306,"Câmara dos Deputados, dados abertos: tramitações das representações (REP)",https://dadosabertos.camara.leg.br/api/v2/proposicoes/{id}/tramitacoes
2012-12-21,ATR-000584,MARCOS MEDRADO,agente_publico,arquivado,2012-12-21: a investigação sobre MARCOS MEDRADO em REP 14/2012 (CEDP-CD) foi arquivada.,REP 14/2012,PDT,base do governo,FNT-000306,"Câmara dos Deputados, dados abertos: tramitações das representações (REP)",https://dadosabertos.camara.leg.br/api/v2/proposicoes/{id}/tramitacoes
2013-01-15,ATR-000199,JOÃO CORREIA,agente_publico,contas_julgadas_irregulares,2013-01-15: transitou em julgado o julgamento das contas de JOÃO CORREIA como irregulares em 028.432/2010-0 (TCU).,028.432/2010-0,MDB,base do governo,FNT-000309,"TCU, certidões: responsáveis com contas julgadas irregulares (lista pública)",https://certidoes.apps.tcu.gov.br/api/publico/responsaveis-contas-irregulares/exportar-para-csv?paginaAtual=1&tamanhoPagina=50000
2013-02-15,ATR-002718,FRANCISCO FLAMARION PORTELA,agente_publico,contas_julgadas_irregulares,2013-02-15: transitou em julgado o julgamento das contas de FRANCISCO FLAMARION PORTELA como irregulares em 018.861/2008-5 (TCU).,018.861/2008-5,PSL,base do governo,FNT-000309,"TCU, certidões: responsáveis com contas julgadas irregulares (lista pública)",https://certidoes.apps.tcu.gov.br/api/publico/responsaveis-contas-irregulares/exportar-para-csv?paginaAtual=1&tamanhoPagina=50000
2013-02-15,ATR-001518,ILDON MARQUES,agente_publico,contas_julgadas_irregulares,2013-02-15: transitou em julgado o julgamento das contas de ILDON MARQUES como irregulares em 011.627/2002-1 (TCU).,011.627/2002-1,MDB,base do governo,FNT-000309,"TCU, certidões: responsáveis com contas julgadas irregulares (lista pública)",https://certidoes.apps.tcu.gov.br/api/publico/responsaveis-contas-irregulares/exportar-para-csv?paginaAtual=1&tamanhoPagina=50000
2013-03-05,ATR-000199,JOÃO CORREIA,agente_publico,contas_julgadas_irregulares,2013-03-05: transitou em julgado o julgamento das contas de JOÃO CORREIA como irregulares em 029.662/2009-8 (TCU).,029.662/2009-8,MDB,base do governo,FNT-000309,"TCU, certidões: responsáveis com contas julgadas irregulares (lista pública)",https://certidoes.apps.tcu.gov.br/api/publico/responsaveis-contas-irregulares/exportar-para-csv?paginaAtual=1&tamanhoPagina=50000
2013-03-05,ATR-001159,Valmir Assunção,agente_publico,prescrito,2013-03-05: foi reconhecida a prescrição em relação a Valmir Assunção em AP 624 (STF).,AP 624,PT,base do governo,FNT-000326,"STF, AP 624: decisão monocrática publicada no DJe em 2013-03-07 (peça do portal)",https://portal.stf.jus.br/processos/downloadPeca.asp?id=127180086&ext=.pdf
2013-04-09,ATR-001225,FERNANDO TORRES,agente_publico,punibilidade_extinta,2013-04-09: foi declarada extinta a punibilidade de FERNANDO TORRES em AP 690 (STF).,AP 690,PSD,base do governo,FNT-000331,"STF, AP 690: decisão monocrática publicada no DJe em 2013-04-11 (peça do portal)",https://portal.stf.jus.br/processos/downloadPeca.asp?id=133172433&ext=.pdf
2013-04-11,ATR-000368,DEVANIR RIBEIRO,agente_publico,representado,2013-04-11: DEVANIR RIBEIRO passou a ser representado em REP 18/2013 (CEDP-CD) por quebra de decoro parlamentar.,REP 18/2013,PT,base do governo,FNT-000306,"Câmara dos Deputados, dados abertos: tramitações das representações (REP)",https://dadosabertos.camara.leg.br/api/v2/proposicoes/{id}/tramitacoes
2013-04-11,ATR-000817,EUDES XAVIER,agente_publico,representado,2013-04-11: EUDES XAVIER passou a ser representado em REP 19/2013 (CEDP-CD) por quebra de decoro parlamentar.,REP 19/2013,PT,base do governo,FNT-000306,"Câmara dos Deputados, dados abertos: tramitações das representações (REP)",https://dadosabertos.camara.leg.br/api/v2/proposicoes/{id}/tramitacoes
2013-04-19,ATR-001198,ESPERIDIÃO AMIN,agente_publico,prescrito,2013-04-19: foi reconhecida a prescrição em relação a ESPERIDIÃO AMIN em AP 699 (STF).,AP 699,PP,base do governo,FNT-000333,"STF, AP 699: decisão monocrática publicada no DJe em 2013-04-23 (peça do portal)",https://portal.stf.jus.br/processos/downloadPeca.asp?id=135371353&ext=.pdf
2013-05-01,ATR-000373,ENÉAS,agente_publico,contas_julgadas_irregulares,2013-05-01: transitou em julgado o julgamento das contas de ENÉAS como irregulares em 020.013/2010-8 (TCU).,020.013/2010-8,PL,base do governo,FNT-000309,"TCU, certidões: responsáveis com contas julgadas irregulares (lista pública)",https://certidoes.apps.tcu.gov.br/api/publico/responsaveis-contas-irregulares/exportar-para-csv?paginaAtual=1&tamanhoPagina=50000
2013-05-15,ATR-000199,JOÃO CORREIA,agente_publico,contas_julgadas_irregulares,2013-05-15: transitou em julgado o julgamento das contas de JOÃO CORREIA como irregulares em 005.000/2004-6 (TCU).,005.000/2004-6,MDB,base do governo,FNT-000309,"TCU, certidões: responsáveis com contas julgadas irregulares (lista pública)",https://certidoes.apps.tcu.gov.br/api/publico/responsaveis-contas-irregulares/exportar-para-csv?paginaAtual=1&tamanhoPagina=50000
2013-07-06,ATR-000373,ENÉAS,agente_publico,contas_julgadas_irregulares,2013-07-06: transitou em julgado o julgamento das contas de ENÉAS como irregulares em 018.470/2009-0 (TCU).,018.470/2009-0,PL,base do governo,FNT-000309,"TCU, certidões: responsáveis com contas julgadas irregulares (lista pública)",https://certidoes.apps.tcu.gov.br/api/publico/responsaveis-contas-irregulares/exportar-para-csv?paginaAtual=1&tamanhoPagina=50000
2013-07-27,ATR-000372,ELIMAR MÁXIMO DAMASCENO,agente_publico,contas_julgadas_irregulares,2013-07-27: transitou em julgado o julgamento das contas de ELIMAR MÁXIMO DAMASCENO como irregulares em 018.470/2009-0 (TCU).,018.470/2009-0,PL,base do governo,FNT-000309,"TCU, certidões: responsáveis com contas julgadas irregulares (lista pública)",https://certidoes.apps.tcu.gov.br/api/publico/responsaveis-contas-irregulares/exportar-para-csv?paginaAtual=1&tamanhoPagina=50000
2013-08-03,ATR-000158,ULDURICO PINTO,agente_publico,contas_julgadas_irregulares,2013-08-03: transitou em julgado o julgamento das contas de ULDURICO PINTO como irregulares em 006.663/2002-7 (TCU).,006.663/2002-7,PHS,base do governo,FNT-000309,"TCU, certidões: responsáveis com contas julgadas irregulares (lista pública)",https://certidoes.apps.tcu.gov.br/api/publico/responsaveis-contas-irregulares/exportar-para-csv?paginaAtual=1&tamanhoPagina=50000
2013-08-08,ATR-002406,Ivo Cassol,agente_publico,condenado_tribunal_superior,"2013-08-08: Ivo Cassol foi condenado por tribunal superior em AP 565 (STF) (fraude à licitação (art. 90, Lei 8.666/1993)).",AP 565,PP,base do governo,FNT-000046,"STF, Corte Aberta: decisões em ações penais e inquéritos, 08/01/2003 a 23/09/2026 (exportação do painel)",https://transparencia.stf.jus.br/extensions/decisoes/decisoes.html
2013-08-29,ATR-000188,WLADIMIR COSTA,agente_publico,prescrito,2013-08-29: foi reconhecida a prescrição em relação a WLADIMIR COSTA em AP 415 (STF).,AP 415,MDB,base do governo,FNT-000314,"STF, AP 415: decisão monocrática publicada no DJe em 2013-09-02 (peça do portal)",https://portal.stf.jus.br/processos/downloadPeca.asp?id=166278201&ext=.pdf
2013-09-02,ATR-000760,NATAN DONADON,agente_publico,representado,2013-09-02: NATAN DONADON passou a ser representado em REP 22/2013 (CEDP-CD) por quebra de decoro parlamentar.,REP 22/2013,MDB,base do governo,FNT-000306,"Câmara dos Deputados, dados abertos: tramitações das representações (REP)",https://dadosabertos.camara.leg.br/api/v2/proposicoes/{id}/tramitacoes
2013-09-11,ATR-000394,CARLOS ALBERTO LERÉIA,agente_publico,sancao_disciplinar,2013-09-11: foi aprovada sanção disciplinar contra CARLOS ALBERTO LERÉIA em REP 17/2012 (CEDP-CD) (suspensão de mandato ou censura aprovada).,REP 17/2012,PSDB,sem orientação dominante,FNT-000306,"Câmara dos Deputados, dados abertos: tramitações das representações (REP)",https://dadosabertos.camara.leg.br/api/v2/proposicoes/{id}/tramitacoes
2013-09-17,ATR-000943,NEUDO CAMPOS,agente_publico,contas_julgadas_irregulares,2013-09-17: transitou em julgado o julgamento das contas de NEUDO CAMPOS como irregulares em 025.503/2007-7 (TCU).,025.503/2007-7,PP,base do governo,FNT-000309,"TCU, certidões: responsáveis com contas julgadas irregulares (lista pública)",https://certidoes.apps.tcu.gov.br/api/publico/responsaveis-contas-irregulares/exportar-para-csv?paginaAtual=1&tamanhoPagina=50000
2013-09-19,ATR-000746,Antônia Lúcia,agente_publico,prescrito,2013-09-19: foi reconhecida a prescrição em relação a Antônia Lúcia em AP 673 (STF).,AP 673,PSC,base do governo,FNT-000329,"STF, AP 673: decisão monocrática publicada no DJe em 2013-09-24 (peça do portal)",https://portal.stf.jus.br/processos/downloadPeca.asp?id=171699154&ext=.pdf
2013-09-24,ATR-000671,JAIR BOLSONARO,agente_publico,representado,2013-09-24: JAIR BOLSONARO passou a ser representado em REP 23/2013 (CEDP-CD) por quebra de decoro parlamentar.,REP 23/2013,PP,base do governo,FNT-000306,"Câmara dos Deputados, dados abertos: tramitações das representações (REP)",https://dadosabertos.camara.leg.br/api/v2/proposicoes/{id}/tramitacoes
2013-09-30,ATR-002447,Randolfe Rodrigues,agente_publico,representado,2013-09-30: Randolfe Rodrigues passou a ser representado em PCE 3/2013 (CEDP-SF) por quebra de decoro parlamentar.,PCE 3/2013,PSOL,sem orientação dominante,FNT-000307,"Senado Federal, dados abertos: processos do Conselho de Ética (REP, DEN, PCE)",https://legis.senado.leg.br/dadosabertos/processo/{id}
2013-09-30,ATR-002320,Fernando Collor,agente_publico,punibilidade_extinta,2013-09-30: foi declarada extinta a punibilidade de Fernando Collor em AP 451 (STF).,AP 451,PTB,base do governo,FNT-000315,"STF, AP 451: decisão monocrática publicada no DJe em 2013-10-03 (peça do portal)",https://portal.stf.jus.br/processos/downloadPeca.asp?id=173945413&ext=.pdf
2013-09-30,ATR-000894,ABELARDO CAMARINHA,agente_publico,prescrito,2013-09-30: foi reconhecida a prescrição em relação a ABELARDO CAMARINHA em AP 642 (STF).,AP 642,PSB,base do governo,FNT-000327,"STF, AP 642: decisão monocrática publicada no DJe em 2013-10-03 (peça do portal)",https://portal.stf.jus.br/processos/downloadPeca.asp?id=173972400&ext=.pdf
2013-10-01,ATR-000565,GERALDO SIMÕES,agente_publico,prescrito,2013-10-01: foi reconhecida a prescrição em relação a GERALDO SIMÕES em AP 593 (STF).,AP 593,PT,base do governo,FNT-000322,"STF, AP 593: decisão monocrática publicada no DJe em 2013-10-03 (peça do portal)",https://portal.stf.jus.br/processos/downloadPeca.asp?id=174003988&ext=.pdf
2013-10-03,ATR-001199,OZIEL OLIVEIRA,agente_publico,absolvido,2013-10-03: OZIEL OLIVEIRA foi absolvido em AP 609 (STF).,AP 609,PDT,base do governo,FNT-000046,"STF, Corte Aberta: decisões em ações penais e inquéritos, 08/01/2003 a 23/09/2026 (exportação do painel)",https://transparencia.stf.jus.br/extensions/decisoes/decisoes.html
2013-10-09,ATR-000817,EUDES XAVIER,agente_publico,arquivado,2013-10-09: a investigação sobre EUDES XAVIER em REP 19/2013 (CEDP-CD) foi arquivada.,REP 19/2013,PT,base do governo,FNT-000306,"Câmara dos Deputados, dados abertos: tramitações das representações (REP)",https://dadosabertos.camara.leg.br/api/v2/proposicoes/{id}/tramitacoes
2013-10-10,ATR-000001,JAIRO ATAIDE,agente_publico,condenado_tribunal_superior,2013-10-10: JAIRO ATAIDE foi condenado por tribunal superior em AP 432 (STF) (assunto no STF: DIREITO PENAL | CRIMES PREVISTOS NA LEGISLAÇÃO EXTRAVAGANTE | CRIMES DE RESPONSABILIDADE (o julgamento também tratou de prescrição ou extinção da punibili).,AP 432,DEM,oposição,FNT-000046,"STF, Corte Aberta: decisões em ações penais e inquéritos, 08/01/2003 a 23/09/2026 (exportação do painel)",https://transparencia.stf.jus.br/extensions/decisoes/decisoes.html
2013-10-17,ATR-000368,DEVANIR RIBEIRO,agente_publico,arquivado,2013-10-17: a investigação sobre DEVANIR RIBEIRO em REP 18/2013 (CEDP-CD) foi arquivada.,REP 18/2013,PT,base do governo,FNT-000306,"Câmara dos Deputados, dados abertos: tramitações das representações (REP)",https://dadosabertos.camara.leg.br/api/v2/proposicoes/{id}/tramitacoes
2013-10-24,ATR-001129,ALEXANDRE ROSO,agente_publico,absolvido,2013-10-24: ALEXANDRE ROSO foi absolvido em AP 633 (STF).,AP 633,PSB,base do governo,FNT-000046,"STF, Corte Aberta: decisões em ações penais e inquéritos, 08/01/2003 a 23/09/2026 (exportação do painel)",https://transparencia.stf.jus.br/extensions/decisoes/decisoes.html
2013-11-02,ATR-000879,HOMERO PEREIRA,agente_publico,contas_julgadas_irregulares,2013-11-02: transitou em julgado o julgamento das contas de HOMERO PEREIRA como irregulares em 012.829/2005-6 (TCU).,012.829/2005-6,PSD,base do governo,FNT-000309,"TCU, certidões: responsáveis com contas julgadas irregulares (lista pública)",https://certidoes.apps.tcu.gov.br/api/publico/responsaveis-contas-irregulares/exportar-para-csv?paginaAtual=1&tamanhoPagina=50000
2013-11-07,ATR-000270,José Priante,agente_publico,absolvido,2013-11-07: José Priante foi absolvido em AP 596 (STF).,AP 596,MDB,base do governo,FNT-000046,"STF, Corte Aberta: decisões em ações penais e inquéritos, 08/01/2003 a 23/09/2026 (exportação do painel)",https://transparencia.stf.jus.br/extensions/decisoes/decisoes.html
2013-12-09,ATR-000001,JAIRO ATAIDE,agente_publico,prescrito,2013-12-09: foi reconhecida a prescrição em relação a JAIRO ATAIDE em AP 467 (STF).,AP 467,DEM,oposição,FNT-000316,"STF, AP 467: decisão monocrática publicada no DJe em 2013-12-11 (peça do portal)",https://portal.stf.jus.br/processos/downloadPeca.asp?id=189869518&ext=.pdf
2013-12-09,ATR-001259,WEVERTON ROCHA,agente_publico,prescrito,2013-12-09: foi reconhecida a prescrição em relação a WEVERTON ROCHA em AP 675 (STF).,AP 675,PDT,base do governo,FNT-000330,"STF, AP 675: decisão monocrática publicada no DJe em 2013-12-11 (peça do portal)",https://portal.stf.jus.br/processos/downloadPeca.asp?id=189869508&ext=.pdf
2013-12-11,ATR-002718,FRANCISCO FLAMARION PORTELA,agente_publico,contas_julgadas_irregulares,2013-12-11: transitou em julgado o julgamento das contas de FRANCISCO FLAMARION PORTELA como irregulares em 002.688/2012-3 (TCU).,002.688/2012-3,PSL,base do governo,FNT-000309,"TCU, certidões: responsáveis com contas julgadas irregulares (lista pública)",https://certidoes.apps.tcu.gov.br/api/publico/responsaveis-contas-irregulares/exportar-para-csv?paginaAtual=1&tamanhoPagina=50000
2014-02-05,ATR-001217,PAULO CESAR QUARTIERO,agente_publico,prescrito,2014-02-05: foi reconhecida a prescrição em relação a PAULO CESAR QUARTIERO em AP 597 (STF).,AP 597,DEM,sem orientação dominante,FNT-000323,"STF, AP 597: decisão monocrática publicada no DJe em 2014-02-10 (peça do portal)",https://portal.stf.jus.br/processos/downloadPeca.asp?id=199527020&ext=.pdf
2014-02-06,ATR-000522,MARCOS DE JESUS,agente_publico,contas_julgadas_irregulares,2014-02-06: transitou em julgado o julgamento das contas de MARCOS DE JESUS como irregulares em 007.946/2011-2 (TCU).,007.946/2011-2,DEM,sem orientação dominante,FNT-000309,"TCU, certidões: responsáveis com contas julgadas irregulares (lista pública)",https://certidoes.apps.tcu.gov.br/api/publico/responsaveis-contas-irregulares/exportar-para-csv?paginaAtual=1&tamanhoPagina=50000
2014-02-06,ATR-000674,Lindbergh Farias,agente_publico,absolvido,2014-02-06: Lindbergh Farias foi absolvido em AP 679 (STF).,AP 679,PT,base do governo,FNT-000046,"STF, Corte Aberta: decisões em ações penais e inquéritos, 08/01/2003 a 23/09/2026 (exportação do painel)",https://transparencia.stf.jus.br/extensions/decisoes/decisoes.html
2014-02-12,ATR-000760,NATAN DONADON,agente_publico,mandato_cassado,2014-02-12: o mandato de NATAN DONADON foi cassado em REP 22/2013 (CEDP-CD).,REP 22/2013,MDB,base do governo,FNT-000306,"Câmara dos Deputados, dados abertos: tramitações das representações (REP)",https://dadosabertos.camara.leg.br/api/v2/proposicoes/{id}/tramitacoes
2014-02-13,ATR-000671,JAIR BOLSONARO,agente_publico,arquivado,2014-02-13: a investigação sobre JAIR BOLSONARO em REP 23/2013 (CEDP-CD) foi arquivada.,REP 23/2013,PP,base do governo,FNT-000306,"Câmara dos Deputados, dados abertos: tramitações das representações (REP)",https://dadosabertos.camara.leg.br/api/v2/proposicoes/{id}/tramitacoes
2014-02-24,ATR-000973,SÉRGIO MORAES,agente_publico,prescrito,2014-02-24: foi reconhecida a prescrição em relação a SÉRGIO MORAES em AP 448 (STF).,AP 448,PTB,base do governo,FNT-000046,"STF, Corte Aberta: decisões em ações penais e inquéritos, 08/01/2003 a 23/09/2026 (exportação do painel)",https://transparencia.stf.jus.br/extensions/decisoes/decisoes.html
2014-02-27,ATR-002791,DELÚBIO SOARES DE CASTRO,agente_privado,absolvido,2014-02-27: DELÚBIO SOARES DE CASTRO foi absolvido em AP 470 (STF).,AP 470,,,FNT-000235,"STF, AP 470 EI (embargos infringentes): acórdão de 27/02/2014, julgamento conjunto dos embargos sobre quadrilha",https://jurisprudencia.stf.jus.br/pages/search/sjur273411/false
2014-02-27,ATR-000642,JOSÉ DIRCEU,agente_publico,absolvido,2014-02-27: JOSÉ DIRCEU foi absolvido em AP 470 (STF).,AP 470,PT,base do governo,FNT-000235,"STF, AP 470 EI (embargos infringentes): acórdão de 27/02/2014, julgamento conjunto dos embargos sobre quadrilha",https://jurisprudencia.stf.jus.br/pages/search/sjur273411/false
2014-02-27,ATR-000075,JOSÉ GENOÍNO,agente_publico,absolvido,2014-02-27: JOSÉ GENOÍNO foi absolvido em AP 470 (STF).,AP 470,PT,base do governo,FNT-000235,"STF, AP 470 EI (embargos infringentes): acórdão de 27/02/2014, julgamento conjunto dos embargos sobre quadrilha",https://jurisprudencia.stf.jus.br/pages/search/sjur273411/false
2014-02-27,ATR-002800,JOSE ROBERTO SALGADO,agente_privado,absolvido,2014-02-27: JOSE ROBERTO SALGADO foi absolvido em AP 470 (STF).,AP 470,,,FNT-000235,"STF, AP 470 EI (embargos infringentes): acórdão de 27/02/2014, julgamento conjunto dos embargos sobre quadrilha",https://jurisprudencia.stf.jus.br/pages/search/sjur273411/false
2014-02-27,ATR-002799,KÁTIA RABELLO,agente_privado,absolvido,2014-02-27: KÁTIA RABELLO foi absolvido em AP 470 (STF).,AP 470,,,FNT-000235,"STF, AP 470 EI (embargos infringentes): acórdão de 27/02/2014, julgamento conjunto dos embargos sobre quadrilha",https://jurisprudencia.stf.jus.br/pages/search/sjur273411/false
2014-02-27,ATR-002793,MARCOS VALÉRIO FERNANDES DE SOUZA,agente_privado,absolvido,2014-02-27: MARCOS VALÉRIO FERNANDES DE SOUZA foi absolvido em AP 470 (STF).,AP 470,,,FNT-000235,"STF, AP 470 EI (embargos infringentes): acórdão de 27/02/2014, julgamento conjunto dos embargos sobre quadrilha",https://jurisprudencia.stf.jus.br/pages/search/sjur273411/false
2014-02-27,ATR-002794,RAMON HOLLERBACH CARDOSO,agente_privado,absolvido,2014-02-27: RAMON HOLLERBACH CARDOSO foi absolvido em AP 470 (STF).,AP 470,,,FNT-000235,"STF, AP 470 EI (embargos infringentes): acórdão de 27/02/2014, julgamento conjunto dos embargos sobre quadrilha",https://jurisprudencia.stf.jus.br/pages/search/sjur273411/false
2014-02-27,ATR-002795,CRISTIANO DE MELLO PAZ,agente_privado,absolvido,2014-02-27: CRISTIANO DE MELLO PAZ foi absolvido em AP 470 (STF).,AP 470,,,FNT-000235,"STF, AP 470 EI (embargos infringentes): acórdão de 27/02/2014, julgamento conjunto dos embargos sobre quadrilha",https://jurisprudencia.stf.jus.br/pages/search/sjur273411/false
2014-02-28,ATR-002193,João Ribeiro,agente_publico,punibilidade_extinta,2014-02-28: foi declarada extinta a punibilidade de João Ribeiro em AP 696 (STF).,AP 696,PL,base do governo,FNT-000332,"STF, AP 696: decisão monocrática publicada no DJe em 2014-03-06 (peça do portal)",https://portal.stf.jus.br/processos/downloadPeca.asp?id=203935668&ext=.pdf
2014-03-11,ATR-001146,ROMÁRIO,agente_publico,punibilidade_extinta,2014-03-11: foi declarada extinta a punibilidade de ROMÁRIO em AP 854 (STF).,AP 854,PSB,sem orientação dominante,FNT-000335,"STF, AP 854: decisão monocrática publicada no DJe em 2014-03-13 (peça do portal)",https://portal.stf.jus.br/processos/downloadPeca.asp?id=205841398&ext=.pdf
2014-03-19,ATR-002257,Renan Calheiros,agente_publico,representado,2014-03-19: Renan Calheiros passou a ser representado em PCE 1/2014 (CEDP-SF) por quebra de decoro parlamentar.,PCE 1/2014,MDB,base do governo,FNT-000307,"Senado Federal, dados abertos: processos do Conselho de Ética (REP, DEN, PCE)",https://legis.senado.leg.br/dadosabertos/processo/{id}
2014-03-19,ATR-002265,Romero Jucá,agente_publico,representado,2014-03-19: Romero Jucá passou a ser representado em PCE 1/2014 (CEDP-SF) por quebra de decoro parlamentar.,PCE 1/2014,MDB,base do governo,FNT-000307,"Senado Federal, dados abertos: processos do Conselho de Ética (REP, DEN, PCE)",https://legis.senado.leg.br/dadosabertos/processo/{id}
2014-03-21,ATR-000894,ABELARDO CAMARINHA,agente_publico,absolvido,2014-03-21: ABELARDO CAMARINHA foi absolvido em AP 541 (STF).,AP 541,PSB,sem orientação dominante,FNT-000046,"STF, Corte Aberta: decisões em ações penais e inquéritos, 08/01/2003 a 23/09/2026 (exportação do painel)",https://transparencia.stf.jus.br/extensions/decisoes/decisoes.html
2014-04-01,ATR-000339,ELISEU MOURA,agente_publico,contas_julgadas_irregulares,2014-04-01: transitou em julgado o julgamento das contas de ELISEU MOURA como irregulares em 020.532/2004-1 (TCU).,020.532/2004-1,PP,base do governo,FNT-000309,"TCU, certidões: responsáveis com contas julgadas irregulares (lista pública)",https://certidoes.apps.tcu.gov.br/api/publico/responsaveis-contas-irregulares/exportar-para-csv?paginaAtual=1&tamanhoPagina=50000
2014-04-07,ATR-000809,ANDRE VARGAS,agente_publico,representado,2014-04-07: ANDRE VARGAS passou a ser representado em REP 25/2014 (CEDP-CD) por quebra de decoro parlamentar.,REP 25/2014,PT,base do governo,FNT-000306,"Câmara dos Deputados, dados abertos: tramitações das representações (REP)",https://dadosabertos.camara.leg.br/api/v2/proposicoes/{id}/tramitacoes
2014-04-11,ATR-002326,Jayme Campos,agente_publico,absolvido,2014-04-11: Jayme Campos foi absolvido em AP 460 (STF).,AP 460,DEM,sem orientação dominante,FNT-000046,"STF, Corte Aberta: decisões em ações penais e inquéritos, 08/01/2003 a 23/09/2026 (exportação do painel)",https://transparencia.stf.jus.br/extensions/decisoes/decisoes.html
2014-04-15,ATR-001538,EURICELIA CARDOSO,agente_publico,contas_julgadas_irregulares,2014-04-15: transitou em julgado o julgamento das contas de EURICELIA CARDOSO como irregulares em 002.961/2010-5 (TCU).,002.961/2010-5,,,FNT-000309,"TCU, certidões: responsáveis com contas julgadas irregulares (lista pública)",https://certidoes.apps.tcu.gov.br/api/publico/responsaveis-contas-irregulares/exportar-para-csv?paginaAtual=1&tamanhoPagina=50000
2014-04-24,ATR-002320,Fernando Collor,agente_publico,absolvido,2014-04-24: Fernando Collor foi absolvido em AP 465 (STF).,AP 465,PTB,base do governo,FNT-000046,"STF, Corte Aberta: decisões em ações penais e inquéritos, 08/01/2003 a 23/09/2026 (exportação do painel)",https://transparencia.stf.jus.br/extensions/decisoes/decisoes.html
2014-04-24,ATR-002452,Roberto Requião,agente_publico,prescrito,2014-04-24: foi reconhecida a prescrição em relação a Roberto Requião em AP 584 (STF).,AP 584,MDB,base do governo,FNT-000321,"STF, AP 584: decisão monocrática publicada no DJe em 2014-04-28 (peça do portal)",https://portal.stf.jus.br/processos/downloadPeca.asp?id=217186046&ext=.pdf
2014-05-07,ATR-001097,LUIZ ARGÔLO,agente_publico,representado,2014-05-07: LUIZ ARGÔLO passou a ser representado em REP 26/2014 (CEDP-CD) por quebra de decoro parlamentar.,REP 26/2014,SOLIDARIEDADE,sem orientação dominante,FNT-000306,"Câmara dos Deputados, dados abertos: tramitações das representações (REP)",https://dadosabertos.camara.leg.br/api/v2/proposicoes/{id}/tramitacoes
2014-05-08,ATR-000806,ALINE CORRÊA,agente_publico,absolvido,2014-05-08: ALINE CORRÊA foi absolvido em AP 689 (STF).,AP 689,PP,base do governo,FNT-000046,"STF, Corte Aberta: decisões em ações penais e inquéritos, 08/01/2003 a 23/09/2026 (exportação do painel)",https://transparencia.stf.jus.br/extensions/decisoes/decisoes.html
2014-05-14,ATR-001097,LUIZ ARGÔLO,agente_publico,representado,2014-05-14: LUIZ ARGÔLO passou a ser representado em REP 27/2014 (CEDP-CD) por quebra de decoro parlamentar.,REP 27/2014,SOLIDARIEDADE,sem orientação dominante,FNT-000306,"Câmara dos Deputados, dados abertos: tramitações das representações (REP)",https://dadosabertos.camara.leg.br/api/v2/proposicoes/{id}/tramitacoes
2014-05-15,ATR-000248,JOÃO LYRA,agente_publico,prescrito,2014-05-15: foi reconhecida a prescrição em relação a JOÃO LYRA em AP 868 (STF).,AP 868,PSD,base do governo,FNT-000336,"STF, AP 868: decisão monocrática publicada no DJe em 2014-05-19 (peça do portal)",https://portal.stf.jus.br/processos/downloadPeca.asp?id=222186348&ext=.pdf
2014-05-22,ATR-001150,Pr. Marco Feliciano,agente_publico,absolvido,2014-05-22: Pr. Marco Feliciano foi absolvido em AP 612 (STF).,AP 612,PSC,base do governo,FNT-000046,"STF, Corte Aberta: decisões em ações penais e inquéritos, 08/01/2003 a 23/09/2026 (exportação do painel)",https://transparencia.stf.jus.br/extensions/decisoes/decisoes.html
2014-05-31,ATR-002718,FRANCISCO FLAMARION PORTELA,agente_publico,contas_julgadas_irregulares,2014-05-31: transitou em julgado o julgamento das contas de FRANCISCO FLAMARION PORTELA como irregulares em 031.251/2010-2 (TCU).,031.251/2010-2,PSL,sem classificação,FNT-000309,"TCU, certidões: responsáveis com contas julgadas irregulares (lista pública)",https://certidoes.apps.tcu.gov.br/api/publico/responsaveis-contas-irregulares/exportar-para-csv?paginaAtual=1&tamanhoPagina=50000
2014-06-16,ATR-001075,JÚLIO CAMPOS,agente_publico,punibilidade_extinta,2014-06-16: foi declarada extinta a punibilidade de JÚLIO CAMPOS em AP 582 (STF).,AP 582,DEM,sem orientação dominante,FNT-000320,"STF, AP 582: decisão monocrática publicada no DJe em 2014-06-18 (peça do portal)",https://portal.stf.jus.br/processos/downloadPeca.asp?id=237513957&ext=.pdf
2014-07-02,ATR-000823,ARNALDO VIANNA,agente_publico,contas_julgadas_irregulares,2014-07-02: transitou em julgado o julgamento das contas de ARNALDO VIANNA como irregulares em 029.412/2011-0 (TCU).,029.412/2011-0,PDT,base do governo,FNT-000309,"TCU, certidões: responsáveis com contas julgadas irregulares (lista pública)",https://certidoes.apps.tcu.gov.br/api/publico/responsaveis-contas-irregulares/exportar-para-csv?paginaAtual=1&tamanhoPagina=50000
2014-08-26,ATR-001029,RODRIGO BETHLEM,agente_publico,representado,2014-08-26: RODRIGO BETHLEM passou a ser representado em REP 32/2014 (CEDP-CD) por quebra de decoro parlamentar.,REP 32/2014,MDB,base do governo,FNT-000306,"Câmara dos Deputados, dados abertos: tramitações das representações (REP)",https://dadosabertos.camara.leg.br/api/v2/proposicoes/{id}/tramitacoes
2014-08-26,ATR-001099,JOÃO PAULO LIMA,agente_publico,absolvido,2014-08-26: JOÃO PAULO LIMA foi absolvido em AP 559 (STF).,AP 559,PT,base do governo,FNT-000046,"STF, Corte Aberta: decisões em ações penais e inquéritos, 08/01/2003 a 23/09/2026 (exportação do painel)",https://transparencia.stf.jus.br/extensions/decisoes/decisoes.html
2014-08-26,ATR-000326,EDUARDO CUNHA,agente_publico,absolvido,2014-08-26: EDUARDO CUNHA foi absolvido em AP 858 (STF).,AP 858,MDB,base do governo,FNT-000046,"STF, Corte Aberta: decisões em ações penais e inquéritos, 08/01/2003 a 23/09/2026 (exportação do painel)",https://transparencia.stf.jus.br/extensions/decisoes/decisoes.html
2014-09-02,ATR-000233,MORAES SOUZA,agente_publico,contas_julgadas_irregulares,2014-09-02: transitou em julgado o julgamento das contas de MORAES SOUZA como irregulares em 010.637/2003-1 (TCU).,010.637/2003-1,MDB,base do governo,FNT-000309,"TCU, certidões: responsáveis com contas julgadas irregulares (lista pública)",https://certidoes.apps.tcu.gov.br/api/publico/responsaveis-contas-irregulares/exportar-para-csv?paginaAtual=1&tamanhoPagina=50000
2014-09-23,ATR-000762,ADEMIR CAMILO,agente_publico,prescrito,2014-09-23: foi reconhecida a prescrição em relação a ADEMIR CAMILO em AP 404 (STF).,AP 404,PROS,base do governo,FNT-000046,"STF, Corte Aberta: decisões em ações penais e inquéritos, 08/01/2003 a 23/09/2026 (exportação do painel)",https://transparencia.stf.jus.br/extensions/decisoes/decisoes.html
2014-09-30,ATR-000725,BERNARDO SANTANA DE VASCONCELLOS,agente_publico,absolvido,2014-09-30: BERNARDO SANTANA DE VASCONCELLOS foi absolvido em AP 611 (STF).,AP 611,PL,base do governo,FNT-000046,"STF, Corte Aberta: decisões em ações penais e inquéritos, 08/01/2003 a 23/09/2026 (exportação do painel)",https://transparencia.stf.jus.br/extensions/decisoes/decisoes.html
2014-10-07,ATR-000839,Cleber Verde,agente_publico,absolvido,2014-10-07: Cleber Verde foi absolvido em AP 497 (STF).,AP 497,REPUBLICANOS,base do governo,FNT-000046,"STF, Corte Aberta: decisões em ações penais e inquéritos, 08/01/2003 a 23/09/2026 (exportação do painel)",https://transparencia.stf.jus.br/extensions/decisoes/decisoes.html
2014-10-16,ATR-001064,Afonso Florence,agente_publico,representado,2014-10-16: Afonso Florence passou a ser representado em REP 33/2014 (CEDP-CD) por quebra de decoro parlamentar.,REP 33/2014,PT,base do governo,FNT-000306,"Câmara dos Deputados, dados abertos: tramitações das representações (REP)",https://dadosabertos.camara.leg.br/api/v2/proposicoes/{id}/tramitacoes
2014-10-16,ATR-000718,RUI COSTA,agente_publico,representado,2014-10-16: RUI COSTA passou a ser representado em REP 34/2014 (CEDP-CD) por quebra de decoro parlamentar.,REP 34/2014,PT,base do governo,FNT-000306,"Câmara dos Deputados, dados abertos: tramitações das representações (REP)",https://dadosabertos.camara.leg.br/api/v2/proposicoes/{id}/tramitacoes
2014-10-16,ATR-000569,NELSON PELLEGRINO,agente_publico,representado,2014-10-16: NELSON PELLEGRINO passou a ser representado em REP 35/2014 (CEDP-CD) por quebra de decoro parlamentar.,REP 35/2014,PT,base do governo,FNT-000306,"Câmara dos Deputados, dados abertos: tramitações das representações (REP)",https://dadosabertos.camara.leg.br/api/v2/proposicoes/{id}/tramitacoes
2014-10-22,ATR-002424,Luiz Henrique,agente_publico,prescrito,2014-10-22: foi reconhecida a prescrição em relação a Luiz Henrique em AP 557 (STF).,AP 557,MDB,base do governo,FNT-000318,"STF, AP 557: decisão monocrática publicada no DJe em 2014-10-24 (peça do portal)",https://portal.stf.jus.br/processos/downloadPeca.asp?id=270950527&ext=.pdf
2014-10-25,ATR-000943,NEUDO CAMPOS,agente_publico,contas_julgadas_irregulares,2014-10-25: transitou em julgado o julgamento das contas de NEUDO CAMPOS como irregulares em 017.123/2010-0 (TCU).,017.123/2010-0,PP,base do governo,FNT-000309,"TCU, certidões: responsáveis com contas julgadas irregulares (lista pública)",https://certidoes.apps.tcu.gov.br/api/publico/responsaveis-contas-irregulares/exportar-para-csv?paginaAtual=1&tamanhoPagina=50000
2014-11-10,ATR-002424,Luiz Henrique,agente_publico,prescrito,2014-11-10: foi reconhecida a prescrição em relação a Luiz Henrique em AP 650 (STF).,AP 650,MDB,base do governo,FNT-000319,"STF, AP 650: decisão monocrática publicada no DJe em 2014-11-12 (peça do portal)",https://portal.stf.jus.br/processos/downloadPeca.asp?id=278113709&ext=.pdf
2014-11-11,ATR-001086,MARCO TEBALDI,agente_publico,condenado_tribunal_superior,2014-11-11: MARCO TEBALDI foi condenado por tribunal superior em AP 556 (STF) (assunto no STF: DIREITO PENAL | CRIMES PREVISTOS NA LEGISLAÇÃO EXTRAVAGANTE | CRIMES DE RESPONSABILIDADE (o julgamento também tratou de prescrição ou extinção da punibili).,AP 556,PSDB,sem orientação dominante,FNT-000046,"STF, Corte Aberta: decisões em ações penais e inquéritos, 08/01/2003 a 23/09/2026 (exportação do painel)",https://transparencia.stf.jus.br/extensions/decisoes/decisoes.html
2014-11-18,ATR-000001,JAIRO ATAIDE,agente_publico,absolvido,2014-11-18: JAIRO ATAIDE foi absolvido em AP 450 (STF).,AP 450,DEM,sem orientação dominante,FNT-000046,"STF, Corte Aberta: decisões em ações penais e inquéritos, 08/01/2003 a 23/09/2026 (exportação do painel)",https://transparencia.stf.jus.br/extensions/decisoes/decisoes.html
2014-11-18,ATR-001159,Valmir Assunção,agente_publico,absolvido,2014-11-18: Valmir Assunção foi absolvido em AP 619 (STF).,AP 619,PT,base do governo,FNT-000046,"STF, Corte Aberta: decisões em ações penais e inquéritos, 08/01/2003 a 23/09/2026 (exportação do painel)",https://transparencia.stf.jus.br/extensions/decisoes/decisoes.html
2014-11-18,ATR-001259,WEVERTON ROCHA,agente_publico,absolvido,2014-11-18: WEVERTON ROCHA foi absolvido em AP 678 (STF).,AP 678,PDT,base do governo,FNT-000046,"STF, Corte Aberta: decisões em ações penais e inquéritos, 08/01/2003 a 23/09/2026 (exportação do painel)",https://transparencia.stf.jus.br/extensions/decisoes/decisoes.html
2014-12-02,ATR-000377,Jefferson Campos,agente_publico,absolvido,2014-12-02: Jefferson Campos foi absolvido em AP 521 (STF).,AP 521,PSD,base do governo,FNT-000046,"STF, Corte Aberta: decisões em ações penais e inquéritos, 08/01/2003 a 23/09/2026 (exportação do painel)",https://transparencia.stf.jus.br/extensions/decisoes/decisoes.html
2014-12-09,ATR-000062,FERNANDO MARRONI,agente_publico,absolvido,2014-12-09: FERNANDO MARRONI foi absolvido em AP 523 (STF).,AP 523,PT,base do governo,FNT-000046,"STF, Corte Aberta: decisões em ações penais e inquéritos, 08/01/2003 a 23/09/2026 (exportação do painel)",https://transparencia.stf.jus.br/extensions/decisoes/decisoes.html
2014-12-10,ATR-000809,ANDRE VARGAS,agente_publico,mandato_cassado,2014-12-10: o mandato de ANDRE VARGAS foi cassado em REP 25/2014 (CEDP-CD).,REP 25/2014,PT,base do governo,FNT-000306,"Câmara dos Deputados, dados abertos: tramitações das representações (REP)",https://dadosabertos.camara.leg.br/api/v2/proposicoes/{id}/tramitacoes
2014-12-11,ATR-000671,JAIR BOLSONARO,agente_publico,representado,2014-12-11: JAIR BOLSONARO passou a ser representado em REP 36/2014 (CEDP-CD) por quebra de decoro parlamentar.,REP 36/2014,PP,base do governo,FNT-000306,"Câmara dos Deputados, dados abertos: tramitações das representações (REP)",https://dadosabertos.camara.leg.br/api/v2/proposicoes/{id}/tramitacoes
2014-12-11,ATR-000991,WANDENKOLK GONÇALVES,agente_publico,contas_julgadas_irregulares,2014-12-11: transitou em julgado o julgamento das contas de WANDENKOLK GONÇALVES como irregulares em 032.766/2008-6 (TCU).,032.766/2008-6,PSDB,sem orientação dominante,FNT-000309,"TCU, certidões: responsáveis com contas julgadas irregulares (lista pública)",https://certidoes.apps.tcu.gov.br/api/publico/responsaveis-contas-irregulares/exportar-para-csv?paginaAtual=1&tamanhoPagina=50000
2014-12-16,ATR-000346,ANÍBAL GOMES,agente_publico,absolvido,2014-12-16: ANÍBAL GOMES foi absolvido em AP 347 (STF).,AP 347,MDB,base do governo,FNT-000046,"STF, Corte Aberta: decisões em ações penais e inquéritos, 08/01/2003 a 23/09/2026 (exportação do painel)",https://transparencia.stf.jus.br/extensions/decisoes/decisoes.html
2014-12-20,ATR-000753,CARLOS WILSON,agente_publico,contas_julgadas_irregulares,2014-12-20: transitou em julgado o julgamento das contas de CARLOS WILSON como irregulares em 020.472/2004-1 (TCU).,020.472/2004-1,PT,base do governo,FNT-000309,"TCU, certidões: responsáveis com contas julgadas irregulares (lista pública)",https://certidoes.apps.tcu.gov.br/api/publico/responsaveis-contas-irregulares/exportar-para-csv?paginaAtual=1&tamanhoPagina=50000
2014-12-21,ATR-002257,Renan Calheiros,agente_publico,arquivado,2014-12-21: a investigação sobre Renan Calheiros em REP 5/2007 (CEDP-SF) foi arquivada.,REP 5/2007,MDB,base do governo,FNT-000307,"Senado Federal, dados abertos: processos do Conselho de Ética (REP, DEN, PCE)",https://legis.senado.leg.br/dadosabertos/processo/{id}
2015-01-28,ATR-000395,ARNON BEZERRA,agente_publico,contas_julgadas_irregulares,2015-01-28: transitou em julgado o julgamento das contas de ARNON BEZERRA como irregulares em 028.492/2013-7 (TCU).,028.492/2013-7,PTB,base do governo,FNT-000309,"TCU, certidões: responsáveis com contas julgadas irregulares (lista pública)",https://certidoes.apps.tcu.gov.br/api/publico/responsaveis-contas-irregulares/exportar-para-csv?paginaAtual=1&tamanhoPagina=50000
2015-01-31,ATR-001097,LUIZ ARGÔLO,agente_publico,arquivado,2015-01-31: a investigação sobre LUIZ ARGÔLO em REP 27/2014 (CEDP-CD) foi arquivada.,REP 27/2014,SOLIDARIEDADE,oposição,FNT-000306,"Câmara dos Deputados, dados abertos: tramitações das representações (REP)",https://dadosabertos.camara.leg.br/api/v2/proposicoes/{id}/tramitacoes
2015-02-11,ATR-001064,Afonso Florence,agente_publico,arquivado,2015-02-11: a investigação sobre Afonso Florence em REP 33/2014 (CEDP-CD) foi arquivada.,REP 33/2014,PT,base do governo,FNT-000306,"Câmara dos Deputados, dados abertos: tramitações das representações (REP)",https://dadosabertos.camara.leg.br/api/v2/proposicoes/{id}/tramitacoes
2015-02-20,ATR-000427,JOSUÉ BENGTSON,agente_publico,prescrito,2015-02-20: foi reconhecida a prescrição em relação a JOSUÉ BENGTSON em AP 702 (STF).,AP 702,PTB,base do governo,FNT-000334,"STF, AP 702: decisão monocrática publicada no DJe em 2015-02-24 (peça do portal)",https://portal.stf.jus.br/processos/downloadPeca.asp?id=302867141&ext=.pdf
2015-03-18,ATR-000889,João Carlos Bacelar,agente_publico,arquivado,2015-03-18: a investigação sobre João Carlos Bacelar em REP 11/2012 (CEDP-CD) foi arquivada.,REP 11/2012,PL,base do governo,FNT-000306,"Câmara dos Deputados, dados abertos: tramitações das representações (REP)",https://dadosabertos.camara.leg.br/api/v2/proposicoes/{id}/tramitacoes
2015-03-18,ATR-001029,RODRIGO BETHLEM,agente_publico,arquivado,2015-03-18: a investigação sobre RODRIGO BETHLEM em REP 32/2014 (CEDP-CD) foi arquivada.,REP 32/2014,MDB,base do governo,FNT-000306,"Câmara dos Deputados, dados abertos: tramitações das representações (REP)",https://dadosabertos.camara.leg.br/api/v2/proposicoes/{id}/tramitacoes
2015-03-18,ATR-000718,RUI COSTA,agente_publico,arquivado,2015-03-18: a investigação sobre RUI COSTA em REP 34/2014 (CEDP-CD) foi arquivada.,REP 34/2014,PT,base do governo,FNT-000306,"Câmara dos Deputados, dados abertos: tramitações das representações (REP)",https://dadosabertos.camara.leg.br/api/v2/proposicoes/{id}/tramitacoes
2015-03-18,ATR-000569,NELSON PELLEGRINO,agente_publico,arquivado,2015-03-18: a investigação sobre NELSON PELLEGRINO em REP 35/2014 (CEDP-CD) foi arquivada.,REP 35/2014,PT,base do governo,FNT-000306,"Câmara dos Deputados, dados abertos: tramitações das representações (REP)",https://dadosabertos.camara.leg.br/api/v2/proposicoes/{id}/tramitacoes
2015-03-18,ATR-000671,JAIR BOLSONARO,agente_publico,arquivado,2015-03-18: a investigação sobre JAIR BOLSONARO em REP 36/2014 (CEDP-CD) foi arquivada.,REP 36/2014,PP,base do governo,FNT-000306,"Câmara dos Deputados, dados abertos: tramitações das representações (REP)",https://dadosabertos.camara.leg.br/api/v2/proposicoes/{id}/tramitacoes
2015-03-18,ATR-000339,ELISEU MOURA,agente_publico,contas_julgadas_irregulares,2015-03-18: transitou em julgado o julgamento das contas de ELISEU MOURA como irregulares em 020.638/2004-0 (TCU).,020.638/2004-0,PP,base do governo,FNT-000309,"TCU, certidões: responsáveis com contas julgadas irregulares (lista pública)",https://certidoes.apps.tcu.gov.br/api/publico/responsaveis-contas-irregulares/exportar-para-csv?paginaAtual=1&tamanhoPagina=50000
2015-04-15,ATR-000339,ELISEU MOURA,agente_publico,contas_julgadas_irregulares,2015-04-15: transitou em julgado o julgamento das contas de ELISEU MOURA como irregulares em 020.609/2004-9 (TCU).,020.609/2004-9,PP,base do governo,FNT-000309,"TCU, certidões: responsáveis com contas julgadas irregulares (lista pública)",https://certidoes.apps.tcu.gov.br/api/publico/responsaveis-contas-irregulares/exportar-para-csv?paginaAtual=1&tamanhoPagina=50000
2015-04-22,ATR-002820,ALBERTO YOUSSEF,agente_privado,condenado_1a_instancia,2015-04-22: ALBERTO YOUSSEF foi condenado em primeira instância em 5026212-82.2014.4.04.7000 (JFPR) (lavagem de dinheiro).,5026212-82.2014.4.04.7000,,,FNT-000260,"JFPR (portal do TRF4), Notícias: Operação Lava Jato: julgada ação penal por crimes de lavagem de desvios na Rnest",https://www.trf4.jus.br/trf4/controlador.php?acao=noticia_visualizar&id_noticia=17907
2015-04-22,ATR-002823,LEONARDO MEIRELLES,agente_privado,condenado_1a_instancia,2015-04-22: LEONARDO MEIRELLES foi condenado em primeira instância em 5026212-82.2014.4.04.7000 (JFPR) (lavagem de dinheiro).,5026212-82.2014.4.04.7000,,,FNT-000260,"JFPR (portal do TRF4), Notícias: Operação Lava Jato: julgada ação penal por crimes de lavagem de desvios na Rnest",https://www.trf4.jus.br/trf4/controlador.php?acao=noticia_visualizar&id_noticia=17907
2015-04-22,ATR-002824,LEANDRO MEIRELLES,agente_privado,condenado_1a_instancia,2015-04-22: LEANDRO MEIRELLES foi condenado em primeira instância em 5026212-82.2014.4.04.7000 (JFPR) (lavagem de dinheiro).,5026212-82.2014.4.04.7000,,,FNT-000260,"JFPR (portal do TRF4), Notícias: Operação Lava Jato: julgada ação penal por crimes de lavagem de desvios na Rnest",https://www.trf4.jus.br/trf4/controlador.php?acao=noticia_visualizar&id_noticia=17907
2015-04-22,ATR-002825,PEDRO ARGESE JÚNIOR,agente_privado,condenado_1a_instancia,2015-04-22: PEDRO ARGESE JÚNIOR foi condenado em primeira instância em 5026212-82.2014.4.04.7000 (JFPR) (lavagem de dinheiro).,5026212-82.2014.4.04.7000,,,FNT-000260,"JFPR (portal do TRF4), Notícias: Operação Lava Jato: julgada ação penal por crimes de lavagem de desvios na Rnest",https://www.trf4.jus.br/trf4/controlador.php?acao=noticia_visualizar&id_noticia=17907
2015-04-22,ATR-002826,ESDRA DE ARANTES FERREIRA,agente_privado,condenado_1a_instancia,2015-04-22: ESDRA DE ARANTES FERREIRA foi condenado em primeira instância em 5026212-82.2014.4.04.7000 (JFPR) (lavagem de dinheiro).,5026212-82.2014.4.04.7000,,,FNT-000260,"JFPR (portal do TRF4), Notícias: Operação Lava Jato: julgada ação penal por crimes de lavagem de desvios na Rnest",https://www.trf4.jus.br/trf4/controlador.php?acao=noticia_visualizar&id_noticia=17907
2015-04-22,ATR-002829,PAULO ROBERTO COSTA,agente_publico,condenado_1a_instancia,2015-04-22: PAULO ROBERTO COSTA foi condenado em primeira instância em 5026212-82.2014.4.04.7000 (JFPR) (lavagem de dinheiro e pertinência à organização criminosa).,5026212-82.2014.4.04.7000,,,FNT-000260,"JFPR (portal do TRF4), Notícias: Operação Lava Jato: julgada ação penal por crimes de lavagem de desvios na Rnest",https://www.trf4.jus.br/trf4/controlador.php?acao=noticia_visualizar&id_noticia=17907
2015-04-22,ATR-002821,MÁRCIO ANDRADE BONILHO,agente_privado,condenado_1a_instancia,2015-04-22: MÁRCIO ANDRADE BONILHO foi condenado em primeira instância em 5026212-82.2014.4.04.7000 (JFPR) (lavagem de dinheiro e pertinência à organização criminosa).,5026212-82.2014.4.04.7000,,,FNT-000260,"JFPR (portal do TRF4), Notícias: Operação Lava Jato: julgada ação penal por crimes de lavagem de desvios na Rnest",https://www.trf4.jus.br/trf4/controlador.php?acao=noticia_visualizar&id_noticia=17907
2015-04-22,ATR-002822,WALDOMIRO DE OLIVEIRA,agente_privado,condenado_1a_instancia,2015-04-22: WALDOMIRO DE OLIVEIRA foi condenado em primeira instância em 5026212-82.2014.4.04.7000 (JFPR) (lavagem de dinheiro e pertinência à organização criminosa).,5026212-82.2014.4.04.7000,,,FNT-000260,"JFPR (portal do TRF4), Notícias: Operação Lava Jato: julgada ação penal por crimes de lavagem de desvios na Rnest",https://www.trf4.jus.br/trf4/controlador.php?acao=noticia_visualizar&id_noticia=17907
2015-04-22,ATR-002827,MURILO TENA BARROS,agente_privado,absolvido,2015-04-22: MURILO TENA BARROS foi absolvido em 5026212-82.2014.4.04.7000 (JFPR).,5026212-82.2014.4.04.7000,,,FNT-000260,"JFPR (portal do TRF4), Notícias: Operação Lava Jato: julgada ação penal por crimes de lavagem de desvios na Rnest",https://www.trf4.jus.br/trf4/controlador.php?acao=noticia_visualizar&id_noticia=17907
2015-04-22,ATR-002828,ANTÔNIO ALMEIDA SILVA,agente_privado,absolvido,2015-04-22: ANTÔNIO ALMEIDA SILVA foi absolvido em 5026212-82.2014.4.04.7000 (JFPR).,5026212-82.2014.4.04.7000,,,FNT-000260,"JFPR (portal do TRF4), Notícias: Operação Lava Jato: julgada ação penal por crimes de lavagem de desvios na Rnest",https://www.trf4.jus.br/trf4/controlador.php?acao=noticia_visualizar&id_noticia=17907
2015-04-28,ATR-000949,Paulinho da Força,agente_publico,absolvido,2015-04-28: Paulinho da Força foi absolvido em AP 421 (STF).,AP 421,SOLIDARIEDADE,oposição,FNT-000046,"STF, Corte Aberta: decisões em ações penais e inquéritos, 08/01/2003 a 23/09/2026 (exportação do painel)",https://transparencia.stf.jus.br/extensions/decisoes/decisoes.html
2015-05-05,ATR-002285,Valdir Raupp,agente_publico,absolvido,2015-05-05: Valdir Raupp foi absolvido em AP 554 (STF).,AP 554,MDB,base do governo,FNT-000046,"STF, Corte Aberta: decisões em ações penais e inquéritos, 08/01/2003 a 23/09/2026 (exportação do painel)",https://transparencia.stf.jus.br/extensions/decisoes/decisoes.html
2015-05-07,ATR-000187,JADER BARBALHO,agente_publico,prescrito,2015-05-07: foi reconhecida a prescrição em relação a JADER BARBALHO em AP 901 (STF).,AP 901,MDB,base do governo,FNT-000046,"STF, Corte Aberta: decisões em ações penais e inquéritos, 08/01/2003 a 23/09/2026 (exportação do painel)",https://transparencia.stf.jus.br/extensions/decisoes/decisoes.html
2015-05-18,ATR-001432,Lucio Mosquini,agente_publico,absolvido,2015-05-18: Lucio Mosquini foi absolvido em AP 903 (STF).,AP 903,MDB,base do governo,FNT-000046,"STF, Corte Aberta: decisões em ações penais e inquéritos, 08/01/2003 a 23/09/2026 (exportação do painel)",https://transparencia.stf.jus.br/extensions/decisoes/decisoes.html
2015-05-25,ATR-002424,Luiz Henrique,agente_publico,punibilidade_extinta,2015-05-25: foi declarada extinta a punibilidade de Luiz Henrique em AP 558 (STF).,AP 558,MDB,base do governo,FNT-000046,"STF, Corte Aberta: decisões em ações penais e inquéritos, 08/01/2003 a 23/09/2026 (exportação do painel)",https://transparencia.stf.jus.br/extensions/decisoes/decisoes.html
2015-06-06,ATR-000339,ELISEU MOURA,agente_publico,contas_julgadas_irregulares,2015-06-06: transitou em julgado o julgamento das contas de ELISEU MOURA como irregulares em 020.524/2004-0 (TCU).,020.524/2004-0,PP,base do governo,FNT-000309,"TCU, certidões: responsáveis com contas julgadas irregulares (lista pública)",https://certidoes.apps.tcu.gov.br/api/publico/responsaveis-contas-irregulares/exportar-para-csv?paginaAtual=1&tamanhoPagina=50000
2015-06-09,ATR-000339,ELISEU MOURA,agente_publico,contas_julgadas_irregulares,2015-06-09: transitou em julgado o julgamento das contas de ELISEU MOURA como irregulares em 020.590/2004-5 (TCU).,020.590/2004-5,PP,base do governo,FNT-000309,"TCU, certidões: responsáveis com contas julgadas irregulares (lista pública)",https://certidoes.apps.tcu.gov.br/api/publico/responsaveis-contas-irregulares/exportar-para-csv?paginaAtual=1&tamanhoPagina=50000
2015-07-11,ATR-000197,MIGUEL DE SOUZA,agente_publico,contas_julgadas_irregulares,2015-07-11: transitou em julgado o julgamento das contas de MIGUEL DE SOUZA como irregulares em 003.187/2004-4 (TCU).,003.187/2004-4,PL,base do governo,FNT-000309,"TCU, certidões: responsáveis com contas julgadas irregulares (lista pública)",https://certidoes.apps.tcu.gov.br/api/publico/responsaveis-contas-irregulares/exportar-para-csv?paginaAtual=1&tamanhoPagina=50000
2015-08-04,ATR-002452,Roberto Requião,agente_publico,prescrito,2015-08-04: foi reconhecida a prescrição em relação a Roberto Requião em AP 607 (STF).,AP 607,MDB,base do governo,FNT-000324,"STF, AP 607: decisão monocrática publicada no DJe em 2015-08-06 (peça do portal)",https://portal.stf.jus.br/processos/downloadPeca.asp?id=307366999&ext=.pdf
2015-08-18,ATR-000187,JADER BARBALHO,agente_publico,prescrito,2015-08-18: foi reconhecida a prescrição em relação a JADER BARBALHO em AP 498 (STF).,AP 498,MDB,base do governo,FNT-000046,"STF, Corte Aberta: decisões em ações penais e inquéritos, 08/01/2003 a 23/09/2026 (exportação do painel)",https://transparencia.stf.jus.br/extensions/decisoes/decisoes.html
2015-08-25,ATR-001086,MARCO TEBALDI,agente_publico,absolvido,2015-08-25: MARCO TEBALDI foi absolvido em AP 560 (STF).,AP 560,PSDB,oposição,FNT-000046,"STF, Corte Aberta: decisões em ações penais e inquéritos, 08/01/2003 a 23/09/2026 (exportação do painel)",https://transparencia.stf.jus.br/extensions/decisoes/decisoes.html
2015-09-02,ATR-000187,JADER BARBALHO,agente_publico,prescrito,2015-09-02: foi reconhecida a prescrição em relação a JADER BARBALHO em AP 374 (STF).,AP 374,MDB,base do governo,FNT-000046,"STF, Corte Aberta: decisões em ações penais e inquéritos, 08/01/2003 a 23/09/2026 (exportação do painel)",https://transparencia.stf.jus.br/extensions/decisoes/decisoes.html
2015-09-02,ATR-000187,JADER BARBALHO,agente_publico,prescrito,2015-09-02: foi reconhecida a prescrição em relação a JADER BARBALHO em AP 397 (STF).,AP 397,MDB,base do governo,FNT-000046,"STF, Corte Aberta: decisões em ações penais e inquéritos, 08/01/2003 a 23/09/2026 (exportação do painel)",https://transparencia.stf.jus.br/extensions/decisoes/decisoes.html
2015-09-02,ATR-000187,JADER BARBALHO,agente_publico,prescrito,2015-09-02: foi reconhecida a prescrição em relação a JADER BARBALHO em AP 653 (STF).,AP 653,MDB,base do governo,FNT-000046,"STF, Corte Aberta: decisões em ações penais e inquéritos, 08/01/2003 a 23/09/2026 (exportação do painel)",https://transparencia.stf.jus.br/extensions/decisoes/decisoes.html
2015-09-02,ATR-002431,Marta Suplicy,agente_publico,prescrito,2015-09-02: foi reconhecida a prescrição em relação a Marta Suplicy em AP 648 (STF).,AP 648,PT,base do governo,FNT-000328,"STF, AP 648: decisão monocrática publicada no DJe em 2015-09-04 (peça do portal)",https://portal.stf.jus.br/processos/downloadPeca.asp?id=307652156&ext=.pdf
2015-09-29,ATR-000545,JERÔNIMO REIS,agente_publico,contas_julgadas_irregulares,2015-09-29: transitou em julgado o julgamento das contas de JERÔNIMO REIS como irregulares em 013.184/2011-3 (TCU).,013.184/2011-3,DEM,oposição,FNT-000309,"TCU, certidões: responsáveis com contas julgadas irregulares (lista pública)",https://certidoes.apps.tcu.gov.br/api/publico/responsaveis-contas-irregulares/exportar-para-csv?paginaAtual=1&tamanhoPagina=50000
2015-09-29,ATR-001091,Arthur Lira,agente_publico,absolvido,2015-09-29: Arthur Lira foi absolvido em AP 869 (STF).,AP 869,PP,base do governo,FNT-000046,"STF, Corte Aberta: decisões em ações penais e inquéritos, 08/01/2003 a 23/09/2026 (exportação do painel)",https://transparencia.stf.jus.br/extensions/decisoes/decisoes.html
2015-10-06,ATR-001086,MARCO TEBALDI,agente_publico,absolvido,2015-10-06: MARCO TEBALDI foi absolvido em AP 555 (STF).,AP 555,PSDB,oposição,FNT-000046,"STF, Corte Aberta: decisões em ações penais e inquéritos, 08/01/2003 a 23/09/2026 (exportação do painel)",https://transparencia.stf.jus.br/extensions/decisoes/decisoes.html
2015-10-13,ATR-001655,José Medeiros,agente_publico,representado,2015-10-13: José Medeiros passou a ser representado em PCE 1/2015 (CEDP-SF) por quebra de decoro parlamentar.,PCE 1/2015,CIDADANIA,oposição,FNT-000307,"Senado Federal, dados abertos: processos do Conselho de Ética (REP, DEN, PCE)",https://legis.senado.leg.br/dadosabertos/processo/{id}
2015-10-20,ATR-000264,GERVÁSIO OLIVEIRA,agente_publico,contas_julgadas_irregulares,2015-10-20: transitou em julgado o julgamento das contas de GERVÁSIO OLIVEIRA como irregulares em 022.790/2010-1 (TCU).,022.790/2010-1,MDB,base do governo,FNT-000309,"TCU, certidões: responsáveis com contas julgadas irregulares (lista pública)",https://certidoes.apps.tcu.gov.br/api/publico/responsaveis-contas-irregulares/exportar-para-csv?paginaAtual=1&tamanhoPagina=50000
2015-10-28,ATR-000326,EDUARDO CUNHA,agente_publico,representado,2015-10-28: EDUARDO CUNHA passou a ser representado em REP 1/2015 (CEDP-CD) por quebra de decoro parlamentar.,REP 1/2015,MDB,base do governo,FNT-000306,"Câmara dos Deputados, dados abertos: tramitações das representações (REP)",https://dadosabertos.camara.leg.br/api/v2/proposicoes/{id}/tramitacoes
2015-10-28,ATR-000098,Alberto Fraga,agente_publico,representado,2015-10-28: Alberto Fraga passou a ser representado em REP 2/2015 (CEDP-CD) por quebra de decoro parlamentar.,REP 2/2015,DEM,oposição,FNT-000306,"Câmara dos Deputados, dados abertos: tramitações das representações (REP)",https://dadosabertos.camara.leg.br/api/v2/proposicoes/{id}/tramitacoes
2015-10-28,ATR-000155,ROBERTO FREIRE,agente_publico,representado,2015-10-28: ROBERTO FREIRE passou a ser representado em REP 3/2015 (CEDP-CD) por quebra de decoro parlamentar.,REP 3/2015,CIDADANIA,oposição,FNT-000306,"Câmara dos Deputados, dados abertos: tramitações das representações (REP)",https://dadosabertos.camara.leg.br/api/v2/proposicoes/{id}/tramitacoes
2015-11-06,ATR-000324,Chico Alencar,agente_publico,representado,2015-11-06: Chico Alencar passou a ser representado em REP 4/2015 (CEDP-CD) por quebra de decoro parlamentar.,REP 4/2015,PSOL,oposição,FNT-000306,"Câmara dos Deputados, dados abertos: tramitações das representações (REP)",https://dadosabertos.camara.leg.br/api/v2/proposicoes/{id}/tramitacoes
2015-11-06,ATR-002718,FRANCISCO FLAMARION PORTELA,agente_publico,contas_julgadas_irregulares,2015-11-06: transitou em julgado o julgamento das contas de FRANCISCO FLAMARION PORTELA como irregulares em 020.029/2009-0 (TCU).,020.029/2009-0,PSL,base do governo,FNT-000309,"TCU, certidões: responsáveis com contas julgadas irregulares (lista pública)",https://certidoes.apps.tcu.gov.br/api/publico/responsaveis-contas-irregulares/exportar-para-csv?paginaAtual=1&tamanhoPagina=50000
2015-11-17,ATR-000960,ROBERTO BRITTO,agente_publico,absolvido,2015-11-17: ROBERTO BRITTO foi absolvido em AP 512 (STF).,AP 512,PP,base do governo,FNT-000046,"STF, Corte Aberta: decisões em ações penais e inquéritos, 08/01/2003 a 23/09/2026 (exportação do painel)",https://transparencia.stf.jus.br/extensions/decisoes/decisoes.html
2015-11-19,ATR-000111,ROGÉRIO SILVA,agente_publico,contas_julgadas_irregulares,2015-11-19: transitou em julgado o julgamento das contas de ROGÉRIO SILVA como irregulares em 024.895/2013-0 (TCU).,024.895/2013-0,PP,base do governo,FNT-000309,"TCU, certidões: responsáveis com contas julgadas irregulares (lista pública)",https://certidoes.apps.tcu.gov.br/api/publico/responsaveis-contas-irregulares/exportar-para-csv?paginaAtual=1&tamanhoPagina=50000
2015-11-27,ATR-001221,JEAN WYLLYS,agente_publico,representado,2015-11-27: JEAN WYLLYS passou a ser representado em REP 5/2015 (CEDP-CD) por quebra de decoro parlamentar.,REP 5/2015,PSOL,oposição,FNT-000306,"Câmara dos Deputados, dados abertos: tramitações das representações (REP)",https://dadosabertos.camara.leg.br/api/v2/proposicoes/{id}/tramitacoes
2015-12-01,ATR-002118,Delcídio do Amaral,agente_publico,representado,2015-12-01: Delcídio do Amaral passou a ser representado em PCE 2/2015 (CEDP-SF) por quebra de decoro parlamentar.,PCE 2/2015,PT,base do governo,FNT-000307,"Senado Federal, dados abertos: processos do Conselho de Ética (REP, DEN, PCE)",https://legis.senado.leg.br/dadosabertos/processo/{id}
2015-12-15,ATR-002118,Delcídio do Amaral,agente_publico,representado,2015-12-15: Delcídio do Amaral passou a ser representado em REP 1/2015 (CEDP-SF) por quebra de decoro parlamentar.,REP 1/2015,PT,base do governo,FNT-000307,"Senado Federal, dados abertos: processos do Conselho de Ética (REP, DEN, PCE)",https://legis.senado.leg.br/dadosabertos/processo/{id}
2015-12-29,ATR-000823,ARNALDO VIANNA,agente_publico,contas_julgadas_irregulares,2015-12-29: transitou em julgado o julgamento das contas de ARNALDO VIANNA como irregulares em 031.799/2012-4 (TCU).,031.799/2012-4,PDT,base do governo,FNT-000309,"TCU, certidões: responsáveis com contas julgadas irregulares (lista pública)",https://certidoes.apps.tcu.gov.br/api/publico/responsaveis-contas-irregulares/exportar-para-csv?paginaAtual=1&tamanhoPagina=50000
2015-12-29,ATR-000498,PAULO MARINHO,agente_publico,contas_julgadas_irregulares,2015-12-29: transitou em julgado o julgamento das contas de PAULO MARINHO como irregulares em 031.368/2010-7 (TCU).,031.368/2010-7,PL,sem classificação,FNT-000309,"TCU, certidões: responsáveis com contas julgadas irregulares (lista pública)",https://certidoes.apps.tcu.gov.br/api/publico/responsaveis-contas-irregulares/exportar-para-csv?paginaAtual=1&tamanhoPagina=50000
2015-12-30,ATR-000856,ERNANDES AMORIM,agente_publico,contas_julgadas_irregulares,2015-12-30: transitou em julgado o julgamento das contas de ERNANDES AMORIM como irregulares em 025.113/2012-7 (TCU).,025.113/2012-7,PTB,base do governo,FNT-000309,"TCU, certidões: responsáveis com contas julgadas irregulares (lista pública)",https://certidoes.apps.tcu.gov.br/api/publico/responsaveis-contas-irregulares/exportar-para-csv?paginaAtual=1&tamanhoPagina=50000
2016-01-06,ATR-002718,FRANCISCO FLAMARION PORTELA,agente_publico,contas_julgadas_irregulares,2016-01-06: transitou em julgado o julgamento das contas de FRANCISCO FLAMARION PORTELA como irregulares em 014.548/2011-9 (TCU).,014.548/2011-9,PSL,base do governo,FNT-000309,"TCU, certidões: responsáveis com contas julgadas irregulares (lista pública)",https://certidoes.apps.tcu.gov.br/api/publico/responsaveis-contas-irregulares/exportar-para-csv?paginaAtual=1&tamanhoPagina=50000
2016-01-29,ATR-000496,JOÃO CASTELO,agente_publico,prescrito,2016-01-29: foi reconhecida a prescrição em relação a JOÃO CASTELO em AP 959 (STF).,AP 959,PSDB,oposição,FNT-000046,"STF, Corte Aberta: decisões em ações penais e inquéritos, 08/01/2003 a 23/09/2026 (exportação do painel)",https://transparencia.stf.jus.br/extensions/decisoes/decisoes.html
2016-02-03,ATR-000231,PASTOR PEDRO RIBEIRO,agente_publico,contas_julgadas_irregulares,2016-02-03: transitou em julgado o julgamento das contas de PASTOR PEDRO RIBEIRO como irregulares em 028.492/2013-7 (TCU).,028.492/2013-7,PL,base do governo,FNT-000309,"TCU, certidões: responsáveis com contas julgadas irregulares (lista pública)",https://certidoes.apps.tcu.gov.br/api/publico/responsaveis-contas-irregulares/exportar-para-csv?paginaAtual=1&tamanhoPagina=50000
2016-02-16,ATR-002521,Telmário Mota,agente_publico,absolvido,2016-02-16: Telmário Mota foi absolvido em AP 932 (STF).,AP 932,PDT,base do governo,FNT-000046,"STF, Corte Aberta: decisões em ações penais e inquéritos, 08/01/2003 a 23/09/2026 (exportação do painel)",https://transparencia.stf.jus.br/extensions/decisoes/decisoes.html
2016-02-23,ATR-001259,WEVERTON ROCHA,agente_publico,absolvido,2016-02-23: WEVERTON ROCHA foi absolvido em AP 700 (STF).,AP 700,PDT,base do governo,FNT-000046,"STF, Corte Aberta: decisões em ações penais e inquéritos, 08/01/2003 a 23/09/2026 (exportação do painel)",https://transparencia.stf.jus.br/extensions/decisoes/decisoes.html
2016-02-24,ATR-000324,Chico Alencar,agente_publico,arquivado,2016-02-24: a investigação sobre Chico Alencar em REP 4/2015 (CEDP-CD) foi arquivada.,REP 4/2015,PSOL,base do governo,FNT-000306,"Câmara dos Deputados, dados abertos: tramitações das representações (REP)",https://dadosabertos.camara.leg.br/api/v2/proposicoes/{id}/tramitacoes
2016-02-25,ATR-000098,Alberto Fraga,agente_publico,arquivado,2016-02-25: a investigação sobre Alberto Fraga em REP 2/2015 (CEDP-CD) foi arquivada.,REP 2/2015,DEM,oposição,FNT-000306,"Câmara dos Deputados, dados abertos: tramitações das representações (REP)",https://dadosabertos.camara.leg.br/api/v2/proposicoes/{id}/tramitacoes
2016-03-22,ATR-000722,Gleisi Hoffmann,agente_publico,representado,2016-03-22: Gleisi Hoffmann passou a ser representado em PCE 1/2016 (CEDP-SF) por quebra de decoro parlamentar.,PCE 1/2016,PT,base do governo,FNT-000307,"Senado Federal, dados abertos: processos do Conselho de Ética (REP, DEN, PCE)",https://legis.senado.leg.br/dadosabertos/processo/{id}
2016-04-05,ATR-001146,ROMÁRIO,agente_publico,representado,2016-04-05: ROMÁRIO passou a ser representado em PCE 2/2016 (CEDP-SF) por quebra de decoro parlamentar.,PCE 2/2016,PSB,oposição,FNT-000307,"Senado Federal, dados abertos: processos do Conselho de Ética (REP, DEN, PCE)",https://legis.senado.leg.br/dadosabertos/processo/{id}
2016-04-05,ATR-001146,ROMÁRIO,agente_publico,representado,2016-04-05: ROMÁRIO passou a ser representado em PCE 3/2016 (CEDP-SF) por quebra de decoro parlamentar.,PCE 3/2016,PSB,oposição,FNT-000307,"Senado Federal, dados abertos: processos do Conselho de Ética (REP, DEN, PCE)",https://legis.senado.leg.br/dadosabertos/processo/{id}
2016-04-06,ATR-000545,JERÔNIMO REIS,agente_publico,contas_julgadas_irregulares,2016-04-06: transitou em julgado o julgamento das contas de JERÔNIMO REIS como irregulares em 025.097/2009-2 (TCU).,025.097/2009-2,DEM,oposição,FNT-000309,"TCU, certidões: responsáveis com contas julgadas irregulares (lista pública)",https://certidoes.apps.tcu.gov.br/api/publico/responsaveis-contas-irregulares/exportar-para-csv?paginaAtual=1&tamanhoPagina=50000
2016-04-12,ATR-000844,DÉCIO LIMA,agente_publico,absolvido,2016-04-12: DÉCIO LIMA foi absolvido em AP 898 (STF).,AP 898,PT,base do governo,FNT-000046,"STF, Corte Aberta: decisões em ações penais e inquéritos, 08/01/2003 a 23/09/2026 (exportação do painel)",https://transparencia.stf.jus.br/extensions/decisoes/decisoes.html
2016-04-13,ATR-001221,JEAN WYLLYS,agente_publico,arquivado,2016-04-13: a investigação sobre JEAN WYLLYS em REP 5/2015 (CEDP-CD) foi arquivada.,REP 5/2015,PSOL,base do governo,FNT-000306,"Câmara dos Deputados, dados abertos: tramitações das representações (REP)",https://dadosabertos.camara.leg.br/api/v2/proposicoes/{id}/tramitacoes
2016-05-10,ATR-002118,Delcídio do Amaral,agente_publico,mandato_cassado,2016-05-10: o mandato de Delcídio do Amaral foi cassado em REP 1/2015 (CEDP-SF).,REP 1/2015,PT,base do governo,FNT-000308,"Senado Federal, dados abertos: Projetos de Resolução do Senado gerados por representações",https://legis.senado.leg.br/dadosabertos/processo/{id}
2016-05-11,ATR-000671,JAIR BOLSONARO,agente_publico,representado,2016-05-11: JAIR BOLSONARO passou a ser representado em REP 7/2016 (CEDP-CD) por quebra de decoro parlamentar.,REP 7/2016,PSC,base do governo,FNT-000306,"Câmara dos Deputados, dados abertos: tramitações das representações (REP)",https://dadosabertos.camara.leg.br/api/v2/proposicoes/{id}/tramitacoes
2016-05-17,ATR-001473,ROBERTO GÓES,agente_publico,condenado_tribunal_superior,2016-05-17: ROBERTO GÓES foi condenado por tribunal superior em AP 916 (STF) (assunto no STF: DIREITO PENAL | CRIMES PRATICADOS POR FUNCIONÁRIOS PÚBLICOS CONTRA A ADMINISTRAÇÃO EM GERAL | PECULATO).,AP 916,PDT,oposição,FNT-000046,"STF, Corte Aberta: decisões em ações penais e inquéritos, 08/01/2003 a 23/09/2026 (exportação do painel)",https://transparencia.stf.jus.br/extensions/decisoes/decisoes.html
2016-05-21,ATR-000823,ARNALDO VIANNA,agente_publico,contas_julgadas_irregulares,2016-05-21: transitou em julgado o julgamento das contas de ARNALDO VIANNA como irregulares em 006.522/2013-0 (TCU).,006.522/2013-0,PDT,oposição,FNT-000309,"TCU, certidões: responsáveis com contas julgadas irregulares (lista pública)",https://certidoes.apps.tcu.gov.br/api/publico/responsaveis-contas-irregulares/exportar-para-csv?paginaAtual=1&tamanhoPagina=50000
2016-05-24,ATR-002265,Romero Jucá,agente_publico,representado,2016-05-24: Romero Jucá passou a ser representado em PCE 5/2016 (CEDP-SF) por quebra de decoro parlamentar.,PCE 5/2016,MDB,base do governo,FNT-000307,"Senado Federal, dados abertos: processos do Conselho de Ética (REP, DEN, PCE)",https://legis.senado.leg.br/dadosabertos/processo/{id}
2016-05-24,ATR-002265,Romero Jucá,agente_publico,representado,2016-05-24: Romero Jucá passou a ser representado em PCE 6/2016 (CEDP-SF) por quebra de decoro parlamentar.,PCE 6/2016,MDB,base do governo,FNT-000307,"Senado Federal, dados abertos: processos do Conselho de Ética (REP, DEN, PCE)",https://legis.senado.leg.br/dadosabertos/processo/{id}
2016-06-07,ATR-002265,Romero Jucá,agente_publico,representado,2016-06-07: Romero Jucá passou a ser representado em PCE 7/2016 (CEDP-SF) por quebra de decoro parlamentar.,PCE 7/2016,MDB,base do governo,FNT-000307,"Senado Federal, dados abertos: processos do Conselho de Ética (REP, DEN, PCE)",https://legis.senado.leg.br/dadosabertos/processo/{id}
2016-06-07,ATR-000842,Dagoberto Nogueira,agente_publico,absolvido,2016-06-07: Dagoberto Nogueira foi absolvido em AP 917 (STF).,AP 917,PDT,oposição,FNT-000046,"STF, Corte Aberta: decisões em ações penais e inquéritos, 08/01/2003 a 23/09/2026 (exportação do painel)",https://transparencia.stf.jus.br/extensions/decisoes/decisoes.html
2016-06-22,ATR-000579,MARIA LÚCIA CARDOSO,agente_publico,contas_julgadas_irregulares,2016-06-22: transitou em julgado o julgamento das contas de MARIA LÚCIA CARDOSO como irregulares em 026.108/2013-5 (TCU).,026.108/2013-5,MDB,base do governo,FNT-000309,"TCU, certidões: responsáveis com contas julgadas irregulares (lista pública)",https://certidoes.apps.tcu.gov.br/api/publico/responsaveis-contas-irregulares/exportar-para-csv?paginaAtual=1&tamanhoPagina=50000
2016-06-22,ATR-000943,NEUDO CAMPOS,agente_publico,contas_julgadas_irregulares,2016-06-22: transitou em julgado o julgamento das contas de NEUDO CAMPOS como irregulares em 017.061/2005-2 (TCU).,017.061/2005-2,PP,base do governo,FNT-000309,"TCU, certidões: responsáveis com contas julgadas irregulares (lista pública)",https://certidoes.apps.tcu.gov.br/api/publico/responsaveis-contas-irregulares/exportar-para-csv?paginaAtual=1&tamanhoPagina=50000
2016-06-30,ATR-000823,ARNALDO VIANNA,agente_publico,contas_julgadas_irregulares,2016-06-30: transitou em julgado o julgamento das contas de ARNALDO VIANNA como irregulares em 006.967/2010-8 (TCU).,006.967/2010-8,PDT,oposição,FNT-000309,"TCU, certidões: responsáveis com contas julgadas irregulares (lista pública)",https://certidoes.apps.tcu.gov.br/api/publico/responsaveis-contas-irregulares/exportar-para-csv?paginaAtual=1&tamanhoPagina=50000
2016-07-01,ATR-000579,MARIA LÚCIA CARDOSO,agente_publico,contas_julgadas_irregulares,2016-07-01: transitou em julgado o julgamento das contas de MARIA LÚCIA CARDOSO como irregulares em 033.631/2013-1 (TCU).,033.631/2013-1,MDB,base do governo,FNT-000309,"TCU, certidões: responsáveis com contas julgadas irregulares (lista pública)",https://certidoes.apps.tcu.gov.br/api/publico/responsaveis-contas-irregulares/exportar-para-csv?paginaAtual=1&tamanhoPagina=50000
2016-07-06,ATR-002718,FRANCISCO FLAMARION PORTELA,agente_publico,contas_julgadas_irregulares,2016-07-06: transitou em julgado o julgamento das contas de FRANCISCO FLAMARION PORTELA como irregulares em 017.170/2010-9 (TCU).,017.170/2010-9,PSL,base do governo,FNT-000309,"TCU, certidões: responsáveis com contas julgadas irregulares (lista pública)",https://certidoes.apps.tcu.gov.br/api/publico/responsaveis-contas-irregulares/exportar-para-csv?paginaAtual=1&tamanhoPagina=50000
2016-07-07,ATR-001221,JEAN WYLLYS,agente_publico,representado,2016-07-07: JEAN WYLLYS passou a ser representado em REP 8/2016 (CEDP-CD) por quebra de decoro parlamentar.,REP 8/2016,PSOL,oposição,FNT-000306,"Câmara dos Deputados, dados abertos: tramitações das representações (REP)",https://dadosabertos.camara.leg.br/api/v2/proposicoes/{id}/tramitacoes
2016-07-08,ATR-000579,MARIA LÚCIA CARDOSO,agente_publico,contas_julgadas_irregulares,2016-07-08: transitou em julgado o julgamento das contas de MARIA LÚCIA CARDOSO como irregulares em 026.171/2013-9 (TCU).,026.171/2013-9,MDB,base do governo,FNT-000309,"TCU, certidões: responsáveis com contas julgadas irregulares (lista pública)",https://certidoes.apps.tcu.gov.br/api/publico/responsaveis-contas-irregulares/exportar-para-csv?paginaAtual=1&tamanhoPagina=50000
2016-07-13,ATR-000579,MARIA LÚCIA CARDOSO,agente_publico,contas_julgadas_irregulares,2016-07-13: transitou em julgado o julgamento das contas de MARIA LÚCIA CARDOSO como irregulares em 026.287/2013-7 (TCU).,026.287/2013-7,MDB,base do governo,FNT-000309,"TCU, certidões: responsáveis com contas julgadas irregulares (lista pública)",https://certidoes.apps.tcu.gov.br/api/publico/responsaveis-contas-irregulares/exportar-para-csv?paginaAtual=1&tamanhoPagina=50000
2016-07-13,ATR-000579,MARIA LÚCIA CARDOSO,agente_publico,contas_julgadas_irregulares,2016-07-13: transitou em julgado o julgamento das contas de MARIA LÚCIA CARDOSO como irregulares em 026.058/2013-8 (TCU).,026.058/2013-8,MDB,base do governo,FNT-000309,"TCU, certidões: responsáveis com contas julgadas irregulares (lista pública)",https://certidoes.apps.tcu.gov.br/api/publico/responsaveis-contas-irregulares/exportar-para-csv?paginaAtual=1&tamanhoPagina=50000
2016-07-21,ATR-000909,LAERTE BESSA,agente_publico,representado,2016-07-21: LAERTE BESSA passou a ser representado em REP 10/2016 (CEDP-CD) por quebra de decoro parlamentar.,REP 10/2016,PL,base do governo,FNT-000306,"Câmara dos Deputados, dados abertos: tramitações das representações (REP)",https://dadosabertos.camara.leg.br/api/v2/proposicoes/{id}/tramitacoes
2016-07-21,ATR-000188,WLADIMIR COSTA,agente_publico,representado,2016-07-21: WLADIMIR COSTA passou a ser representado em REP 9/2016 (CEDP-CD) por quebra de decoro parlamentar.,REP 9/2016,SOLIDARIEDADE,base do governo,FNT-000306,"Câmara dos Deputados, dados abertos: tramitações das representações (REP)",https://dadosabertos.camara.leg.br/api/v2/proposicoes/{id}/tramitacoes
2016-08-04,ATR-000943,NEUDO CAMPOS,agente_publico,contas_julgadas_irregulares,2016-08-04: transitou em julgado o julgamento das contas de NEUDO CAMPOS como irregulares em 031.251/2010-2 (TCU).,031.251/2010-2,PP,base do governo,FNT-000309,"TCU, certidões: responsáveis com contas julgadas irregulares (lista pública)",https://certidoes.apps.tcu.gov.br/api/publico/responsaveis-contas-irregulares/exportar-para-csv?paginaAtual=1&tamanhoPagina=50000
2016-08-09,ATR-001259,WEVERTON ROCHA,agente_publico,absolvido,2016-08-09: WEVERTON ROCHA foi absolvido em AP 683 (STF).,AP 683,PDT,oposição,FNT-000046,"STF, Corte Aberta: decisões em ações penais e inquéritos, 08/01/2003 a 23/09/2026 (exportação do painel)",https://transparencia.stf.jus.br/extensions/decisoes/decisoes.html
2016-08-15,ATR-000155,ROBERTO FREIRE,agente_publico,arquivado,2016-08-15: a investigação sobre ROBERTO FREIRE em REP 3/2015 (CEDP-CD) foi arquivada.,REP 3/2015,CIDADANIA,base do governo,FNT-000306,"Câmara dos Deputados, dados abertos: tramitações das representações (REP)",https://dadosabertos.camara.leg.br/api/v2/proposicoes/{id}/tramitacoes
2016-08-26,ATR-000185,ANTONIO NOGUEIRA,agente_publico,contas_julgadas_irregulares,2016-08-26: transitou em julgado o julgamento das contas de ANTONIO NOGUEIRA como irregulares em 031.648/2015-0 (TCU).,031.648/2015-0,PT,oposição,FNT-000309,"TCU, certidões: responsáveis com contas julgadas irregulares (lista pública)",https://certidoes.apps.tcu.gov.br/api/publico/responsaveis-contas-irregulares/exportar-para-csv?paginaAtual=1&tamanhoPagina=50000
2016-08-30,ATR-000722,Gleisi Hoffmann,agente_publico,representado,2016-08-30: Gleisi Hoffmann passou a ser representado em PCE 9/2016 (CEDP-SF) por quebra de decoro parlamentar.,PCE 9/2016,PT,oposição,FNT-000307,"Senado Federal, dados abertos: processos do Conselho de Ética (REP, DEN, PCE)",https://legis.senado.leg.br/dadosabertos/processo/{id}
2016-08-30,ATR-001188,PROFESSORA DORINHA SEABRA REZENDE,agente_publico,condenado_tribunal_superior,2016-08-30: PROFESSORA DORINHA SEABRA REZENDE foi condenado por tribunal superior em AP 946 (STF) (assunto no STF: DIREITO PENAL | CRIMES PREVISTOS NA LEGISLAÇÃO EXTRAVAGANTE | CRIMES DA LEI DE LICITAÇÕES (o julgamento também tratou de prescrição ou extinção da punibil).,AP 946,DEM,base do governo,FNT-000046,"STF, Corte Aberta: decisões em ações penais e inquéritos, 08/01/2003 a 23/09/2026 (exportação do painel)",https://transparencia.stf.jus.br/extensions/decisoes/decisoes.html
2016-09-06,ATR-000427,JOSUÉ BENGTSON,agente_publico,prescrito,2016-09-06: foi reconhecida a prescrição em relação a JOSUÉ BENGTSON em AP 695 (STF).,AP 695,PTB,base do governo,FNT-000046,"STF, Corte Aberta: decisões em ações penais e inquéritos, 08/01/2003 a 23/09/2026 (exportação do painel)",https://transparencia.stf.jus.br/extensions/decisoes/decisoes.html
2016-09-12,ATR-000326,EDUARDO CUNHA,agente_publico,mandato_cassado,2016-09-12: o mandato de EDUARDO CUNHA foi cassado em REP 1/2015 (CEDP-CD).,REP 1/2015,MDB,base do governo,FNT-000306,"Câmara dos Deputados, dados abertos: tramitações das representações (REP)",https://dadosabertos.camara.leg.br/api/v2/proposicoes/{id}/tramitacoes
2016-09-14,ATR-001221,JEAN WYLLYS,agente_publico,representado,2016-09-14: JEAN WYLLYS passou a ser representado em REP 11/2016 (CEDP-CD) por quebra de decoro parlamentar.,REP 11/2016,PSOL,oposição,FNT-000306,"Câmara dos Deputados, dados abertos: tramitações das representações (REP)",https://dadosabertos.camara.leg.br/api/v2/proposicoes/{id}/tramitacoes
2016-09-15,ATR-000579,MARIA LÚCIA CARDOSO,agente_publico,contas_julgadas_irregulares,2016-09-15: transitou em julgado o julgamento das contas de MARIA LÚCIA CARDOSO como irregulares em 016.119/2009-2 (TCU).,016.119/2009-2,MDB,base do governo,FNT-000309,"TCU, certidões: responsáveis com contas julgadas irregulares (lista pública)",https://certidoes.apps.tcu.gov.br/api/publico/responsaveis-contas-irregulares/exportar-para-csv?paginaAtual=1&tamanhoPagina=50000
2016-09-16,ATR-000185,ANTONIO NOGUEIRA,agente_publico,contas_julgadas_irregulares,2016-09-16: transitou em julgado o julgamento das contas de ANTONIO NOGUEIRA como irregulares em 035.228/2015-6 (TCU).,035.228/2015-6,PT,oposição,FNT-000309,"TCU, certidões: responsáveis com contas julgadas irregulares (lista pública)",https://certidoes.apps.tcu.gov.br/api/publico/responsaveis-contas-irregulares/exportar-para-csv?paginaAtual=1&tamanhoPagina=50000
2016-09-24,ATR-001481,GILBERTO COUTINHO,agente_publico,contas_julgadas_irregulares,2016-09-24: transitou em julgado o julgamento das contas de GILBERTO COUTINHO como irregulares em 020.528/2014-0 (TCU).,020.528/2014-0,PT,oposição,FNT-000309,"TCU, certidões: responsáveis com contas julgadas irregulares (lista pública)",https://certidoes.apps.tcu.gov.br/api/publico/responsaveis-contas-irregulares/exportar-para-csv?paginaAtual=1&tamanhoPagina=50000
2016-09-27,ATR-000579,MARIA LÚCIA CARDOSO,agente_publico,contas_julgadas_irregulares,2016-09-27: transitou em julgado o julgamento das contas de MARIA LÚCIA CARDOSO como irregulares em 026.181/2013-4 (TCU).,026.181/2013-4,MDB,base do governo,FNT-000309,"TCU, certidões: responsáveis com contas julgadas irregulares (lista pública)",https://certidoes.apps.tcu.gov.br/api/publico/responsaveis-contas-irregulares/exportar-para-csv?paginaAtual=1&tamanhoPagina=50000
2016-09-27,ATR-000579,MARIA LÚCIA CARDOSO,agente_publico,contas_julgadas_irregulares,2016-09-27: transitou em julgado o julgamento das contas de MARIA LÚCIA CARDOSO como irregulares em 032.344/2013-9 (TCU).,032.344/2013-9,MDB,base do governo,FNT-000309,"TCU, certidões: responsáveis com contas julgadas irregulares (lista pública)",https://certidoes.apps.tcu.gov.br/api/publico/responsaveis-contas-irregulares/exportar-para-csv?paginaAtual=1&tamanhoPagina=50000
2016-10-12,ATR-000579,MARIA LÚCIA CARDOSO,agente_publico,contas_julgadas_irregulares,2016-10-12: transitou em julgado o julgamento das contas de MARIA LÚCIA CARDOSO como irregulares em 032.341/2013-0 (TCU).,032.341/2013-0,MDB,base do governo,FNT-000309,"TCU, certidões: responsáveis com contas julgadas irregulares (lista pública)",https://certidoes.apps.tcu.gov.br/api/publico/responsaveis-contas-irregulares/exportar-para-csv?paginaAtual=1&tamanhoPagina=50000
2016-10-15,ATR-000001,JAIRO ATAIDE,agente_publico,contas_julgadas_irregulares,2016-10-15: transitou em julgado o julgamento das contas de JAIRO ATAIDE como irregulares em 001.763/2013-0 (TCU).,001.763/2013-0,DEM,base do governo,FNT-000309,"TCU, certidões: responsáveis com contas julgadas irregulares (lista pública)",https://certidoes.apps.tcu.gov.br/api/publico/responsaveis-contas-irregulares/exportar-para-csv?paginaAtual=1&tamanhoPagina=50000
2016-10-19,ATR-000659,RONALDO CAIADO,agente_publico,representado,2016-10-19: RONALDO CAIADO passou a ser representado em PCE 10/2016 (CEDP-SF) por quebra de decoro parlamentar.,PCE 10/2016,DEM,base do governo,FNT-000307,"Senado Federal, dados abertos: processos do Conselho de Ética (REP, DEN, PCE)",https://legis.senado.leg.br/dadosabertos/processo/{id}
2016-10-22,ATR-000579,MARIA LÚCIA CARDOSO,agente_publico,contas_julgadas_irregulares,2016-10-22: transitou em julgado o julgamento das contas de MARIA LÚCIA CARDOSO como irregulares em 032.560/2013-3 (TCU).,032.560/2013-3,MDB,base do governo,FNT-000309,"TCU, certidões: responsáveis com contas julgadas irregulares (lista pública)",https://certidoes.apps.tcu.gov.br/api/publico/responsaveis-contas-irregulares/exportar-para-csv?paginaAtual=1&tamanhoPagina=50000
2016-10-27,ATR-002257,Renan Calheiros,agente_publico,representado,2016-10-27: Renan Calheiros passou a ser representado em PCE 11/2016 (CEDP-SF) por quebra de decoro parlamentar.,PCE 11/2016,MDB,base do governo,FNT-000307,"Senado Federal, dados abertos: processos do Conselho de Ética (REP, DEN, PCE)",https://legis.senado.leg.br/dadosabertos/processo/{id}
2016-11-01,ATR-002722,,agente_privado,contas_julgadas_irregulares,2016-11-01: transitou em julgado o julgamento das contas de pessoa não identificada (ATR-002722) como irregulares em 032.809/2010-7 (TCU).,032.809/2010-7,DC,sem classificação,FNT-000309,"TCU, certidões: responsáveis com contas julgadas irregulares (lista pública)",https://certidoes.apps.tcu.gov.br/api/publico/responsaveis-contas-irregulares/exportar-para-csv?paginaAtual=1&tamanhoPagina=50000
2016-11-08,ATR-000017,Fausto Pinato,agente_publico,absolvido,2016-11-08: Fausto Pinato foi absolvido em AP 908 (STF).,AP 908,PP,base do governo,FNT-000046,"STF, Corte Aberta: decisões em ações penais e inquéritos, 08/01/2003 a 23/09/2026 (exportação do painel)",https://transparencia.stf.jus.br/extensions/decisoes/decisoes.html
2016-11-11,ATR-000909,LAERTE BESSA,agente_publico,representado,2016-11-11: LAERTE BESSA passou a ser representado em REP 12/2016 (CEDP-CD) por quebra de decoro parlamentar.,REP 12/2016,PL,base do governo,FNT-000306,"Câmara dos Deputados, dados abertos: tramitações das representações (REP)",https://dadosabertos.camara.leg.br/api/v2/proposicoes/{id}/tramitacoes
2016-11-11,ATR-000579,MARIA LÚCIA CARDOSO,agente_publico,contas_julgadas_irregulares,2016-11-11: transitou em julgado o julgamento das contas de MARIA LÚCIA CARDOSO como irregulares em 025.575/2013-9 (TCU).,025.575/2013-9,MDB,base do governo,FNT-000309,"TCU, certidões: responsáveis com contas julgadas irregulares (lista pública)",https://certidoes.apps.tcu.gov.br/api/publico/responsaveis-contas-irregulares/exportar-para-csv?paginaAtual=1&tamanhoPagina=50000
2016-11-17,ATR-000857,EUGÊNIO RABELO,agente_publico,contas_julgadas_irregulares,2016-11-17: transitou em julgado o julgamento das contas de EUGÊNIO RABELO como irregulares em 037.623/2011-7 (TCU).,037.623/2011-7,PP,base do governo,FNT-000309,"TCU, certidões: responsáveis com contas julgadas irregulares (lista pública)",https://certidoes.apps.tcu.gov.br/api/publico/responsaveis-contas-irregulares/exportar-para-csv?paginaAtual=1&tamanhoPagina=50000
2016-12-06,ATR-000188,WLADIMIR COSTA,agente_publico,arquivado,2016-12-06: a investigação sobre WLADIMIR COSTA em REP 9/2016 (CEDP-CD) foi arquivada.,REP 9/2016,SOLIDARIEDADE,base do governo,FNT-000306,"Câmara dos Deputados, dados abertos: tramitações das representações (REP)",https://dadosabertos.camara.leg.br/api/v2/proposicoes/{id}/tramitacoes
2016-12-06,ATR-001655,José Medeiros,agente_publico,representado,2016-12-06: José Medeiros passou a ser representado em PCE 12/2016 (CEDP-SF) por quebra de decoro parlamentar.,PCE 12/2016,PSD,base do governo,FNT-000307,"Senado Federal, dados abertos: processos do Conselho de Ética (REP, DEN, PCE)",https://legis.senado.leg.br/dadosabertos/processo/{id}
2016-12-13,ATR-000037,BETO MANSUR,agente_publico,absolvido,2016-12-13: BETO MANSUR foi absolvido em AP 580 (STF).,AP 580,REPUBLICANOS,base do governo,FNT-000046,"STF, Corte Aberta: decisões em ações penais e inquéritos, 08/01/2003 a 23/09/2026 (exportação do painel)",https://transparencia.stf.jus.br/extensions/decisoes/decisoes.html
2016-12-13,ATR-001169,WASHINGTON REIS,agente_publico,condenado_tribunal_superior,2016-12-13: WASHINGTON REIS foi condenado por tribunal superior em AP 618 (STF) (assunto no STF: DIREITO PENAL | CRIMES PREVISTOS NA LEGISLAÇÃO EXTRAVAGANTE | CRIMES CONTRA O MEIO AMBIENTE E O PATRIMÔNIO GENÉTICO).,AP 618,MDB,base do governo,FNT-000046,"STF, Corte Aberta: decisões em ações penais e inquéritos, 08/01/2003 a 23/09/2026 (exportação do painel)",https://transparencia.stf.jus.br/extensions/decisoes/decisoes.html
2016-12-13,ATR-001386,Delegado Éder Mauro,agente_publico,absolvido,2016-12-13: Delegado Éder Mauro foi absolvido em AP 967 (STF).,AP 967,PSD,base do governo,FNT-000046,"STF, Corte Aberta: decisões em ações penais e inquéritos, 08/01/2003 a 23/09/2026 (exportação do painel)",https://transparencia.stf.jus.br/extensions/decisoes/decisoes.html
2016-12-22,ATR-000702,Eduardo Bolsonaro,agente_publico,representado,2016-12-22: Eduardo Bolsonaro passou a ser representado em REP 13/2016 (CEDP-CD) por quebra de decoro parlamentar.,REP 13/2016,PSC,base do governo,FNT-000306,"Câmara dos Deputados, dados abertos: tramitações das representações (REP)",https://dadosabertos.camara.leg.br/api/v2/proposicoes/{id}/tramitacoes
2016-12-22,ATR-000702,Eduardo Bolsonaro,agente_publico,representado,2016-12-22: Eduardo Bolsonaro passou a ser representado em REP 14/2016 (CEDP-CD) por quebra de decoro parlamentar.,REP 14/2016,PSC,base do governo,FNT-000306,"Câmara dos Deputados, dados abertos: tramitações das representações (REP)",https://dadosabertos.camara.leg.br/api/v2/proposicoes/{id}/tramitacoes
2016-12-22,ATR-001386,Delegado Éder Mauro,agente_publico,representado,2016-12-22: Delegado Éder Mauro passou a ser representado em REP 15/2016 (CEDP-CD) por quebra de decoro parlamentar.,REP 15/2016,PSD,base do governo,FNT-000306,"Câmara dos Deputados, dados abertos: tramitações das representações (REP)",https://dadosabertos.camara.leg.br/api/v2/proposicoes/{id}/tramitacoes
2017-02-09,ATR-001221,JEAN WYLLYS,agente_publico,arquivado,2017-02-09: a investigação sobre JEAN WYLLYS em REP 8/2016 (CEDP-CD) foi arquivada.,REP 8/2016,PSOL,oposição,FNT-000306,"Câmara dos Deputados, dados abertos: tramitações das representações (REP)",https://dadosabertos.camara.leg.br/api/v2/proposicoes/{id}/tramitacoes
2017-02-09,ATR-000909,LAERTE BESSA,agente_publico,arquivado,2017-02-09: a investigação sobre LAERTE BESSA em REP 10/2016 (CEDP-CD) foi arquivada.,REP 10/2016,PL,base do governo,FNT-000306,"Câmara dos Deputados, dados abertos: tramitações das representações (REP)",https://dadosabertos.camara.leg.br/api/v2/proposicoes/{id}/tramitacoes
2017-02-20,ATR-000671,JAIR BOLSONARO,agente_publico,arquivado,2017-02-20: a investigação sobre JAIR BOLSONARO em REP 7/2016 (CEDP-CD) foi arquivada.,REP 7/2016,PSC,base do governo,FNT-000306,"Câmara dos Deputados, dados abertos: tramitações das representações (REP)",https://dadosabertos.camara.leg.br/api/v2/proposicoes/{id}/tramitacoes
2017-03-08,ATR-000909,LAERTE BESSA,agente_publico,arquivado,2017-03-08: a investigação sobre LAERTE BESSA em REP 12/2016 (CEDP-CD) foi arquivada.,REP 12/2016,PL,base do governo,FNT-000306,"Câmara dos Deputados, dados abertos: tramitações das representações (REP)",https://dadosabertos.camara.leg.br/api/v2/proposicoes/{id}/tramitacoes
2017-03-10,ATR-000579,MARIA LÚCIA CARDOSO,agente_publico,contas_julgadas_irregulares,2017-03-10: transitou em julgado o julgamento das contas de MARIA LÚCIA CARDOSO como irregulares em 026.459/2013-2 (TCU).,026.459/2013-2,MDB,base do governo,FNT-000309,"TCU, certidões: responsáveis com contas julgadas irregulares (lista pública)",https://certidoes.apps.tcu.gov.br/api/publico/responsaveis-contas-irregulares/exportar-para-csv?paginaAtual=1&tamanhoPagina=50000
2017-03-17,ATR-000380,JOVINO CÂNDIDO,agente_publico,contas_julgadas_irregulares,2017-03-17: transitou em julgado o julgamento das contas de JOVINO CÂNDIDO como irregulares em 024.342/2015-7 (TCU).,024.342/2015-7,PV,base do governo,FNT-000309,"TCU, certidões: responsáveis com contas julgadas irregulares (lista pública)",https://certidoes.apps.tcu.gov.br/api/publico/responsaveis-contas-irregulares/exportar-para-csv?paginaAtual=1&tamanhoPagina=50000
2017-04-04,ATR-000857,EUGÊNIO RABELO,agente_publico,contas_julgadas_irregulares,2017-04-04: transitou em julgado o julgamento das contas de EUGÊNIO RABELO como irregulares em 013.284/2010-0 (TCU).,013.284/2010-0,PP,base do governo,FNT-000309,"TCU, certidões: responsáveis com contas julgadas irregulares (lista pública)",https://certidoes.apps.tcu.gov.br/api/publico/responsaveis-contas-irregulares/exportar-para-csv?paginaAtual=1&tamanhoPagina=50000
2017-04-05,ATR-001221,JEAN WYLLYS,agente_publico,sancao_disciplinar,2017-04-05: foi aprovada sanção disciplinar contra JEAN WYLLYS em REP 11/2016 (CEDP-CD) (suspensão de mandato ou censura aprovada).,REP 11/2016,PSOL,oposição,FNT-000306,"Câmara dos Deputados, dados abertos: tramitações das representações (REP)",https://dadosabertos.camara.leg.br/api/v2/proposicoes/{id}/tramitacoes
2017-04-26,ATR-002722,,agente_privado,contas_julgadas_irregulares,2017-04-26: transitou em julgado o julgamento das contas de pessoa não identificada (ATR-002722) como irregulares em 004.729/2011-0 (TCU).,004.729/2011-0,DC,sem classificação,FNT-000309,"TCU, certidões: responsáveis com contas julgadas irregulares (lista pública)",https://certidoes.apps.tcu.gov.br/api/publico/responsaveis-contas-irregulares/exportar-para-csv?paginaAtual=1&tamanhoPagina=50000
2017-05-02,ATR-000221,PAULO FEIJÓ,agente_publico,condenado_tribunal_superior,2017-05-02: PAULO FEIJÓ foi condenado por tribunal superior em AP 694 (STF) (assunto no STF: DIREITO PENAL | CRIMES PRATICADOS POR PARTICULAR CONTRA A ADMINISTRAÇÃO EM GERAL | CORRUPÇÃO ATIVA).,AP 694,PL,base do governo,FNT-000046,"STF, Corte Aberta: decisões em ações penais e inquéritos, 08/01/2003 a 23/09/2026 (exportação do painel)",https://transparencia.stf.jus.br/extensions/decisoes/decisoes.html
2017-05-02,ATR-002484,Dário Berger,agente_publico,absolvido,2017-05-02: Dário Berger foi absolvido em AP 943 (STF).,AP 943,MDB,base do governo,FNT-000046,"STF, Corte Aberta: decisões em ações penais e inquéritos, 08/01/2003 a 23/09/2026 (exportação do painel)",https://transparencia.stf.jus.br/extensions/decisoes/decisoes.html
2017-05-13,ATR-000339,ELISEU MOURA,agente_publico,contas_julgadas_irregulares,2017-05-13: transitou em julgado o julgamento das contas de ELISEU MOURA como irregulares em 020.585/2004-5 (TCU).,020.585/2004-5,PP,base do governo,FNT-000309,"TCU, certidões: responsáveis com contas julgadas irregulares (lista pública)",https://certidoes.apps.tcu.gov.br/api/publico/responsaveis-contas-irregulares/exportar-para-csv?paginaAtual=1&tamanhoPagina=50000
2017-05-18,ATR-000589,Aécio Neves,agente_publico,representado,2017-05-18: Aécio Neves passou a ser representado em PCE 1/2017 (CEDP-SF) por quebra de decoro parlamentar.,PCE 1/2017,PSDB,base do governo,FNT-000307,"Senado Federal, dados abertos: processos do Conselho de Ética (REP, DEN, PCE)",https://legis.senado.leg.br/dadosabertos/processo/{id}
2017-05-23,ATR-000756,PAULO MALUF,agente_publico,condenado_tribunal_superior,2017-05-23: PAULO MALUF foi condenado por tribunal superior em AP 863 (STF) (assunto no STF: DIREITO PENAL | CRIMES PREVISTOS NA LEGISLAÇÃO EXTRAVAGANTE | CRIMES CONTRA O SISTEMA FINANCEIRO NACIONAL (o julgamento também tratou de prescrição ou ext).,AP 863,PP,base do governo,FNT-000046,"STF, Corte Aberta: decisões em ações penais e inquéritos, 08/01/2003 a 23/09/2026 (exportação do painel)",https://transparencia.stf.jus.br/extensions/decisoes/decisoes.html
2017-05-25,ATR-000496,JOÃO CASTELO,agente_publico,punibilidade_extinta,2017-05-25: foi declarada extinta a punibilidade de JOÃO CASTELO em AP 939 (STF).,AP 939,PSDB,base do governo,FNT-000337,"STF, AP 939: decisão monocrática publicada no DJe em 2017-05-29 (peça do portal)",https://portal.stf.jus.br/processos/downloadPeca.asp?id=311894551&ext=.pdf
2017-05-27,ATR-000339,ELISEU MOURA,agente_publico,contas_julgadas_irregulares,2017-05-27: transitou em julgado o julgamento das contas de ELISEU MOURA como irregulares em 032.144/2013-0 (TCU).,032.144/2013-0,PP,base do governo,FNT-000309,"TCU, certidões: responsáveis com contas julgadas irregulares (lista pública)",https://certidoes.apps.tcu.gov.br/api/publico/responsaveis-contas-irregulares/exportar-para-csv?paginaAtual=1&tamanhoPagina=50000
2017-05-31,ATR-000963,RODRIGO ROCHA LOURES,agente_publico,representado,2017-05-31: RODRIGO ROCHA LOURES passou a ser representado em REP 16/2017 (CEDP-CD) por quebra de decoro parlamentar.,REP 16/2017,MDB,base do governo,FNT-000306,"Câmara dos Deputados, dados abertos: tramitações das representações (REP)",https://dadosabertos.camara.leg.br/api/v2/proposicoes/{id}/tramitacoes
2017-06-06,ATR-001321,Marx Beltrão,agente_publico,absolvido,2017-06-06: Marx Beltrão foi absolvido em AP 931 (STF).,AP 931,MDB,base do governo,FNT-000046,"STF, Corte Aberta: decisões em ações penais e inquéritos, 08/01/2003 a 23/09/2026 (exportação do painel)",https://transparencia.stf.jus.br/extensions/decisoes/decisoes.html
2017-06-13,ATR-001324,ALFREDO NASCIMENTO,agente_publico,absolvido,2017-06-13: ALFREDO NASCIMENTO foi absolvido em AP 960 (STF).,AP 960,PL,base do governo,FNT-000046,"STF, Corte Aberta: decisões em ações penais e inquéritos, 08/01/2003 a 23/09/2026 (exportação do painel)",https://transparencia.stf.jus.br/extensions/decisoes/decisoes.html
2017-06-20,ATR-001474,GIOVANI FELTES,agente_publico,absolvido,2017-06-20: GIOVANI FELTES foi absolvido em AP 921 (STF).,AP 921,MDB,base do governo,FNT-000046,"STF, Corte Aberta: decisões em ações penais e inquéritos, 08/01/2003 a 23/09/2026 (exportação do painel)",https://transparencia.stf.jus.br/extensions/decisoes/decisoes.html
2017-06-26,ATR-000963,RODRIGO ROCHA LOURES,agente_publico,arquivado,2017-06-26: a investigação sobre RODRIGO ROCHA LOURES em REP 16/2017 (CEDP-CD) foi arquivada.,REP 16/2017,MDB,base do governo,FNT-000306,"Câmara dos Deputados, dados abertos: tramitações das representações (REP)",https://dadosabertos.camara.leg.br/api/v2/proposicoes/{id}/tramitacoes
2017-07-12,ATR-002716,LUIZ INACIO LULA DA SILVA,agente_publico,condenado_1a_instancia,2017-07-12: LUIZ INACIO LULA DA SILVA foi condenado em primeira instância em 5046512-94.2016.4.04.7000 (JFPR) (corrupção passiva e lavagem de dinheiro).,5046512-94.2016.4.04.7000,PT,oposição,FNT-000245,"TRF4, Notícias: Operação Lava Jato: TRF4 confirma condenação do ex-presidente Luiz Inácio Lula da Silva",https://www.trf4.jus.br/trf4/controlador.php?acao=noticia_visualizar&id_noticia=13418
2017-07-12,ATR-000236,FÁTIMA BEZERRA,agente_publico,representado,2017-07-12: FÁTIMA BEZERRA passou a ser representado em DEN 1/2017 (CEDP-SF) por quebra de decoro parlamentar.,DEN 1/2017,PT,oposição,FNT-000307,"Senado Federal, dados abertos: processos do Conselho de Ética (REP, DEN, PCE)",https://legis.senado.leg.br/dadosabertos/processo/{id}
2017-07-12,ATR-000432,VANESSA GRAZZIOTIN,agente_publico,representado,2017-07-12: VANESSA GRAZZIOTIN passou a ser representado em DEN 1/2017 (CEDP-SF) por quebra de decoro parlamentar.,DEN 1/2017,PCDOB,oposição,FNT-000307,"Senado Federal, dados abertos: processos do Conselho de Ética (REP, DEN, PCE)",https://legis.senado.leg.br/dadosabertos/processo/{id}
2017-07-12,ATR-000722,Gleisi Hoffmann,agente_publico,representado,2017-07-12: Gleisi Hoffmann passou a ser representado em DEN 1/2017 (CEDP-SF) por quebra de decoro parlamentar.,DEN 1/2017,PT,oposição,FNT-000307,"Senado Federal, dados abertos: processos do Conselho de Ética (REP, DEN, PCE)",https://legis.senado.leg.br/dadosabertos/processo/{id}
2017-07-12,ATR-000792,Lídice da Mata,agente_publico,representado,2017-07-12: Lídice da Mata passou a ser representado em DEN 1/2017 (CEDP-SF) por quebra de decoro parlamentar.,DEN 1/2017,PSB,base do governo,FNT-000307,"Senado Federal, dados abertos: processos do Conselho de Ética (REP, DEN, PCE)",https://legis.senado.leg.br/dadosabertos/processo/{id}
2017-07-12,ATR-000811,ANGELA PORTELA,agente_publico,representado,2017-07-12: ANGELA PORTELA passou a ser representado em DEN 1/2017 (CEDP-SF) por quebra de decoro parlamentar.,DEN 1/2017,PDT,sem orientação dominante,FNT-000307,"Senado Federal, dados abertos: processos do Conselho de Ética (REP, DEN, PCE)",https://legis.senado.leg.br/dadosabertos/processo/{id}
2017-07-12,ATR-000943,NEUDO CAMPOS,agente_publico,contas_julgadas_irregulares,2017-07-12: transitou em julgado o julgamento das contas de NEUDO CAMPOS como irregulares em 017.170/2010-9 (TCU).,017.170/2010-9,PP,base do governo,FNT-000309,"TCU, certidões: responsáveis com contas julgadas irregulares (lista pública)",https://certidoes.apps.tcu.gov.br/api/publico/responsaveis-contas-irregulares/exportar-para-csv?paginaAtual=1&tamanhoPagina=50000
2017-08-08,ATR-001473,ROBERTO GÓES,agente_publico,absolvido,2017-08-08: ROBERTO GÓES foi absolvido em AP 924 (STF).,AP 924,PDT,sem orientação dominante,FNT-000046,"STF, Corte Aberta: decisões em ações penais e inquéritos, 08/01/2003 a 23/09/2026 (exportação do painel)",https://transparencia.stf.jus.br/extensions/decisoes/decisoes.html
2017-08-09,ATR-000236,FÁTIMA BEZERRA,agente_publico,arquivado,2017-08-09: a investigação sobre FÁTIMA BEZERRA em DEN 1/2017 (CEDP-SF) foi arquivada.,DEN 1/2017,PT,oposição,FNT-000307,"Senado Federal, dados abertos: processos do Conselho de Ética (REP, DEN, PCE)",https://legis.senado.leg.br/dadosabertos/processo/{id}
2017-08-09,ATR-000432,VANESSA GRAZZIOTIN,agente_publico,arquivado,2017-08-09: a investigação sobre VANESSA GRAZZIOTIN em DEN 1/2017 (CEDP-SF) foi arquivada.,DEN 1/2017,PCDOB,oposição,FNT-000307,"Senado Federal, dados abertos: processos do Conselho de Ética (REP, DEN, PCE)",https://legis.senado.leg.br/dadosabertos/processo/{id}
2017-08-09,ATR-000722,Gleisi Hoffmann,agente_publico,arquivado,2017-08-09: a investigação sobre Gleisi Hoffmann em DEN 1/2017 (CEDP-SF) foi arquivada.,DEN 1/2017,PT,oposição,FNT-000307,"Senado Federal, dados abertos: processos do Conselho de Ética (REP, DEN, PCE)",https://legis.senado.leg.br/dadosabertos/processo/{id}
2017-08-09,ATR-000792,Lídice da Mata,agente_publico,arquivado,2017-08-09: a investigação sobre Lídice da Mata em DEN 1/2017 (CEDP-SF) foi arquivada.,DEN 1/2017,PSB,base do governo,FNT-000307,"Senado Federal, dados abertos: processos do Conselho de Ética (REP, DEN, PCE)",https://legis.senado.leg.br/dadosabertos/processo/{id}
2017-08-09,ATR-000811,ANGELA PORTELA,agente_publico,arquivado,2017-08-09: a investigação sobre ANGELA PORTELA em DEN 1/2017 (CEDP-SF) foi arquivada.,DEN 1/2017,PDT,sem orientação dominante,FNT-000307,"Senado Federal, dados abertos: processos do Conselho de Ética (REP, DEN, PCE)",https://legis.senado.leg.br/dadosabertos/processo/{id}
2017-08-09,ATR-000674,Lindbergh Farias,agente_publico,representado,2017-08-09: Lindbergh Farias passou a ser representado em PCE 3/2017 (CEDP-SF) por quebra de decoro parlamentar.,PCE 3/2017,PT,oposição,FNT-000307,"Senado Federal, dados abertos: processos do Conselho de Ética (REP, DEN, PCE)",https://legis.senado.leg.br/dadosabertos/processo/{id}
2017-08-10,ATR-000674,Lindbergh Farias,agente_publico,representado,2017-08-10: Lindbergh Farias passou a ser representado em DEN 2/2017 (CEDP-SF) por quebra de decoro parlamentar.,DEN 2/2017,PT,oposição,FNT-000307,"Senado Federal, dados abertos: processos do Conselho de Ética (REP, DEN, PCE)",https://legis.senado.leg.br/dadosabertos/processo/{id}
2017-08-18,ATR-002469,Zeze Perrella,agente_publico,representado,2017-08-18: Zeze Perrella passou a ser representado em PCE 4/2017 (CEDP-SF) por quebra de decoro parlamentar.,PCE 4/2017,MDB,base do governo,FNT-000307,"Senado Federal, dados abertos: processos do Conselho de Ética (REP, DEN, PCE)",https://legis.senado.leg.br/dadosabertos/processo/{id}
2017-08-21,ATR-002484,Dário Berger,agente_publico,denuncia_rejeitada,2017-08-21: a denúncia contra Dário Berger em AP 1011 (STF) foi rejeitada.,AP 1011,MDB,base do governo,FNT-000312,"STF, AP 1011: decisão monocrática publicada no DJe em 2017-08-23 (peça do portal)",https://portal.stf.jus.br/processos/downloadPeca.asp?id=312495372&ext=.pdf
2017-08-22,ATR-001196,EDUARDO AZEREDO,agente_publico,condenado_2a_instancia,"2017-08-22: EDUARDO AZEREDO foi condenado em segunda instância em 1.0024.14.237823-1 (TJMG) (peculato (art. 312 do Código Penal) e lavagem de dinheiro (art. 1º da Lei 9.613/1998), crimes imputados segundo o acórdão).",1.0024.14.237823-1,PSDB,base do governo,FNT-000239,"TJMG, 2ª Câmara Cível, Apelação Cível 1.0604.16.000505-3/001 (acórdão que relata a confirmação, em 22/08/2017, da condenação na ação penal 2378231-34.2014.8.13.0024 e nomeia o réu Eduardo Brandão Azeredo)",https://consulta-jurisprudencia.tjmg.jus.br/inteiro-teor?documentoId=10604160000505001-0&publicacaoData=2017-10-06
2017-08-23,ATR-002718,FRANCISCO FLAMARION PORTELA,agente_publico,contas_julgadas_irregulares,2017-08-23: transitou em julgado o julgamento das contas de FRANCISCO FLAMARION PORTELA como irregulares em 007.088/2009-5 (TCU).,007.088/2009-5,PSL,base do governo,FNT-000309,"TCU, certidões: responsáveis com contas julgadas irregulares (lista pública)",https://certidoes.apps.tcu.gov.br/api/publico/responsaveis-contas-irregulares/exportar-para-csv?paginaAtual=1&tamanhoPagina=50000
2017-08-23,ATR-000943,NEUDO CAMPOS,agente_publico,contas_julgadas_irregulares,2017-08-23: transitou em julgado o julgamento das contas de NEUDO CAMPOS como irregulares em 007.088/2009-5 (TCU).,007.088/2009-5,PP,base do governo,FNT-000309,"TCU, certidões: responsáveis com contas julgadas irregulares (lista pública)",https://certidoes.apps.tcu.gov.br/api/publico/responsaveis-contas-irregulares/exportar-para-csv?paginaAtual=1&tamanhoPagina=50000
2017-08-24,ATR-000188,WLADIMIR COSTA,agente_publico,representado,2017-08-24: WLADIMIR COSTA passou a ser representado em REP 17/2017 (CEDP-CD) por quebra de decoro parlamentar.,REP 17/2017,SOLIDARIEDADE,base do governo,FNT-000306,"Câmara dos Deputados, dados abertos: tramitações das representações (REP)",https://dadosabertos.camara.leg.br/api/v2/proposicoes/{id}/tramitacoes
2017-09-06,ATR-000702,Eduardo Bolsonaro,agente_publico,arquivado,2017-09-06: a investigação sobre Eduardo Bolsonaro em REP 13/2016 (CEDP-CD) foi arquivada.,REP 13/2016,PSC,base do governo,FNT-000306,"Câmara dos Deputados, dados abertos: tramitações das representações (REP)",https://dadosabertos.camara.leg.br/api/v2/proposicoes/{id}/tramitacoes
2017-09-06,ATR-000702,Eduardo Bolsonaro,agente_publico,arquivado,2017-09-06: a investigação sobre Eduardo Bolsonaro em REP 14/2016 (CEDP-CD) foi arquivada.,REP 14/2016,PSC,base do governo,FNT-000306,"Câmara dos Deputados, dados abertos: tramitações das representações (REP)",https://dadosabertos.camara.leg.br/api/v2/proposicoes/{id}/tramitacoes
2017-09-09,ATR-000579,MARIA LÚCIA CARDOSO,agente_publico,contas_julgadas_irregulares,2017-09-09: transitou em julgado o julgamento das contas de MARIA LÚCIA CARDOSO como irregulares em 026.107/2013-9 (TCU).,026.107/2013-9,MDB,base do governo,FNT-000309,"TCU, certidões: responsáveis com contas julgadas irregulares (lista pública)",https://certidoes.apps.tcu.gov.br/api/publico/responsaveis-contas-irregulares/exportar-para-csv?paginaAtual=1&tamanhoPagina=50000
2017-09-15,ATR-000188,WLADIMIR COSTA,agente_publico,representado,2017-09-15: WLADIMIR COSTA passou a ser representado em REP 18/2017 (CEDP-CD) por quebra de decoro parlamentar.,REP 18/2017,SOLIDARIEDADE,base do governo,FNT-000306,"Câmara dos Deputados, dados abertos: tramitações das representações (REP)",https://dadosabertos.camara.leg.br/api/v2/proposicoes/{id}/tramitacoes
2017-09-19,ATR-000972,SERGIO PETECÃO,agente_publico,absolvido,2017-09-19: SERGIO PETECÃO foi absolvido em AP 880 (STF).,AP 880,PSD,base do governo,FNT-000046,"STF, Corte Aberta: decisões em ações penais e inquéritos, 08/01/2003 a 23/09/2026 (exportação do painel)",https://transparencia.stf.jus.br/extensions/decisoes/decisoes.html
2017-09-28,ATR-000589,Aécio Neves,agente_publico,representado,2017-09-28: Aécio Neves passou a ser representado em PCE 5/2017 (CEDP-SF) por quebra de decoro parlamentar.,PCE 5/2017,PSDB,base do governo,FNT-000307,"Senado Federal, dados abertos: processos do Conselho de Ética (REP, DEN, PCE)",https://legis.senado.leg.br/dadosabertos/processo/{id}
2017-10-17,ATR-000239,BENJAMIN MARANHÃO,agente_publico,absolvido,2017-10-17: BENJAMIN MARANHÃO foi absolvido em AP 676 (STF).,AP 676,SOLIDARIEDADE,base do governo,FNT-000046,"STF, Corte Aberta: decisões em ações penais e inquéritos, 08/01/2003 a 23/09/2026 (exportação do painel)",https://transparencia.stf.jus.br/extensions/decisoes/decisoes.html
2017-10-19,ATR-000133,JOSÉ REINALDO,agente_publico,prescrito,2017-10-19: foi reconhecida a prescrição em relação a JOSÉ REINALDO em AP 988 (STF).,AP 988,PSB,base do governo,FNT-000342,"STF, AP 988: decisão monocrática publicada no DJe em 2017-10-23 (peça do portal)",https://portal.stf.jus.br/processos/downloadPeca.asp?id=313078885&ext=.pdf
2017-10-25,ATR-000579,MARIA LÚCIA CARDOSO,agente_publico,contas_julgadas_irregulares,2017-10-25: transitou em julgado o julgamento das contas de MARIA LÚCIA CARDOSO como irregulares em 030.876/2013-3 (TCU).,030.876/2013-3,MDB,base do governo,FNT-000309,"TCU, certidões: responsáveis com contas julgadas irregulares (lista pública)",https://certidoes.apps.tcu.gov.br/api/publico/responsaveis-contas-irregulares/exportar-para-csv?paginaAtual=1&tamanhoPagina=50000
2017-10-28,ATR-000014,LÚCIA BRAGA,agente_publico,contas_julgadas_irregulares,2017-10-28: transitou em julgado o julgamento das contas de LÚCIA BRAGA como irregulares em 025.408/2013-5 (TCU).,025.408/2013-5,MDB,base do governo,FNT-000309,"TCU, certidões: responsáveis com contas julgadas irregulares (lista pública)",https://certidoes.apps.tcu.gov.br/api/publico/responsaveis-contas-irregulares/exportar-para-csv?paginaAtual=1&tamanhoPagina=50000
2017-10-28,ATR-000579,MARIA LÚCIA CARDOSO,agente_publico,contas_julgadas_irregulares,2017-10-28: transitou em julgado o julgamento das contas de MARIA LÚCIA CARDOSO como irregulares em 031.049/2013-3 (TCU).,031.049/2013-3,MDB,base do governo,FNT-000309,"TCU, certidões: responsáveis com contas julgadas irregulares (lista pública)",https://certidoes.apps.tcu.gov.br/api/publico/responsaveis-contas-irregulares/exportar-para-csv?paginaAtual=1&tamanhoPagina=50000
2017-11-04,ATR-002718,FRANCISCO FLAMARION PORTELA,agente_publico,contas_julgadas_irregulares,2017-11-04: transitou em julgado o julgamento das contas de FRANCISCO FLAMARION PORTELA como irregulares em 004.835/2015-8 (TCU).,004.835/2015-8,PSL,base do governo,FNT-000309,"TCU, certidões: responsáveis com contas julgadas irregulares (lista pública)",https://certidoes.apps.tcu.gov.br/api/publico/responsaveis-contas-irregulares/exportar-para-csv?paginaAtual=1&tamanhoPagina=50000
2017-11-17,ATR-001146,ROMÁRIO,agente_publico,representado,2017-11-17: ROMÁRIO passou a ser representado em PCE 6/2017 (CEDP-SF) por quebra de decoro parlamentar.,PCE 6/2017,PODE,base do governo,FNT-000307,"Senado Federal, dados abertos: processos do Conselho de Ética (REP, DEN, PCE)",https://legis.senado.leg.br/dadosabertos/processo/{id}
2017-12-19,ATR-000943,NEUDO CAMPOS,agente_publico,contas_julgadas_irregulares,2017-12-19: transitou em julgado o julgamento das contas de NEUDO CAMPOS como irregulares em 005.105/2002-1 (TCU).,005.105/2002-1,PP,base do governo,FNT-000309,"TCU, certidões: responsáveis com contas julgadas irregulares (lista pública)",https://certidoes.apps.tcu.gov.br/api/publico/responsaveis-contas-irregulares/exportar-para-csv?paginaAtual=1&tamanhoPagina=50000
2017-12-27,ATR-000579,MARIA LÚCIA CARDOSO,agente_publico,contas_julgadas_irregulares,2017-12-27: transitou em julgado o julgamento das contas de MARIA LÚCIA CARDOSO como irregulares em 026.631/2013-0 (TCU).,026.631/2013-0,MDB,base do governo,FNT-000309,"TCU, certidões: responsáveis com contas julgadas irregulares (lista pública)",https://certidoes.apps.tcu.gov.br/api/publico/responsaveis-contas-irregulares/exportar-para-csv?paginaAtual=1&tamanhoPagina=50000
2018-01-02,ATR-000579,MARIA LÚCIA CARDOSO,agente_publico,contas_julgadas_irregulares,2018-01-02: transitou em julgado o julgamento das contas de MARIA LÚCIA CARDOSO como irregulares em 032.437/2013-7 (TCU).,032.437/2013-7,MDB,base do governo,FNT-000309,"TCU, certidões: responsáveis com contas julgadas irregulares (lista pública)",https://certidoes.apps.tcu.gov.br/api/publico/responsaveis-contas-irregulares/exportar-para-csv?paginaAtual=1&tamanhoPagina=50000
2018-01-19,ATR-000879,HOMERO PEREIRA,agente_publico,contas_julgadas_irregulares,2018-01-19: transitou em julgado o julgamento das contas de HOMERO PEREIRA como irregulares em 012.611/2006-9 (TCU).,012.611/2006-9,PSD,base do governo,FNT-000309,"TCU, certidões: responsáveis com contas julgadas irregulares (lista pública)",https://certidoes.apps.tcu.gov.br/api/publico/responsaveis-contas-irregulares/exportar-para-csv?paginaAtual=1&tamanhoPagina=50000
2018-01-24,ATR-002716,LUIZ INACIO LULA DA SILVA,agente_publico,condenado_2a_instancia,2018-01-24: LUIZ INACIO LULA DA SILVA foi condenado em segunda instância em 5046512-94.2016.4.04.7000 (JFPR) (corrupção passiva e lavagem de dinheiro).,5046512-94.2016.4.04.7000,PT,oposição,FNT-000245,"TRF4, Notícias: Operação Lava Jato: TRF4 confirma condenação do ex-presidente Luiz Inácio Lula da Silva",https://www.trf4.jus.br/trf4/controlador.php?acao=noticia_visualizar&id_noticia=13418
2018-02-08,ATR-000722,Gleisi Hoffmann,agente_publico,representado,2018-02-08: Gleisi Hoffmann passou a ser representado em PCE 1/2018 (CEDP-SF) por quebra de decoro parlamentar.,PCE 1/2018,PT,oposição,FNT-000307,"Senado Federal, dados abertos: processos do Conselho de Ética (REP, DEN, PCE)",https://legis.senado.leg.br/dadosabertos/processo/{id}
2018-02-08,ATR-000674,Lindbergh Farias,agente_publico,representado,2018-02-08: Lindbergh Farias passou a ser representado em PCE 2/2018 (CEDP-SF) por quebra de decoro parlamentar.,PCE 2/2018,PT,oposição,FNT-000307,"Senado Federal, dados abertos: processos do Conselho de Ética (REP, DEN, PCE)",https://legis.senado.leg.br/dadosabertos/processo/{id}
2018-02-14,ATR-000708,LUCIO VIEIRA LIMA,agente_publico,representado,2018-02-14: LUCIO VIEIRA LIMA passou a ser representado em REP 19/2018 (CEDP-CD) por quebra de decoro parlamentar.,REP 19/2018,MDB,base do governo,FNT-000306,"Câmara dos Deputados, dados abertos: tramitações das representações (REP)",https://dadosabertos.camara.leg.br/api/v2/proposicoes/{id}/tramitacoes
2018-02-16,ATR-000879,HOMERO PEREIRA,agente_publico,contas_julgadas_irregulares,2018-02-16: transitou em julgado o julgamento das contas de HOMERO PEREIRA como irregulares em 014.456/2008-5 (TCU).,014.456/2008-5,PSD,base do governo,FNT-000309,"TCU, certidões: responsáveis com contas julgadas irregulares (lista pública)",https://certidoes.apps.tcu.gov.br/api/publico/responsaveis-contas-irregulares/exportar-para-csv?paginaAtual=1&tamanhoPagina=50000
2018-02-20,ATR-002718,FRANCISCO FLAMARION PORTELA,agente_publico,contas_julgadas_irregulares,2018-02-20: transitou em julgado o julgamento das contas de FRANCISCO FLAMARION PORTELA como irregulares em 031.918/2015-8 (TCU).,031.918/2015-8,PSL,base do governo,FNT-000309,"TCU, certidões: responsáveis com contas julgadas irregulares (lista pública)",https://certidoes.apps.tcu.gov.br/api/publico/responsaveis-contas-irregulares/exportar-para-csv?paginaAtual=1&tamanhoPagina=50000
2018-02-21,ATR-000188,WLADIMIR COSTA,agente_publico,arquivado,2018-02-21: a investigação sobre WLADIMIR COSTA em REP 17/2017 (CEDP-CD) foi arquivada.,REP 17/2017,SOLIDARIEDADE,base do governo,FNT-000306,"Câmara dos Deputados, dados abertos: tramitações das representações (REP)",https://dadosabertos.camara.leg.br/api/v2/proposicoes/{id}/tramitacoes
2018-02-21,ATR-000188,WLADIMIR COSTA,agente_publico,arquivado,2018-02-21: a investigação sobre WLADIMIR COSTA em REP 18/2017 (CEDP-CD) foi arquivada.,REP 18/2017,SOLIDARIEDADE,base do governo,FNT-000306,"Câmara dos Deputados, dados abertos: tramitações das representações (REP)",https://dadosabertos.camara.leg.br/api/v2/proposicoes/{id}/tramitacoes
2018-02-21,ATR-000756,PAULO MALUF,agente_publico,representado,2018-02-21: PAULO MALUF passou a ser representado em REP 20/2018 (CEDP-CD) por quebra de decoro parlamentar.,REP 20/2018,PP,base do governo,FNT-000306,"Câmara dos Deputados, dados abertos: tramitações das representações (REP)",https://dadosabertos.camara.leg.br/api/v2/proposicoes/{id}/tramitacoes
2018-02-21,ATR-000092,CELSO JACOB,agente_publico,representado,2018-02-21: CELSO JACOB passou a ser representado em REP 21/2018 (CEDP-CD) por quebra de decoro parlamentar.,REP 21/2018,MDB,base do governo,FNT-000306,"Câmara dos Deputados, dados abertos: tramitações das representações (REP)",https://dadosabertos.camara.leg.br/api/v2/proposicoes/{id}/tramitacoes
2018-02-21,ATR-001121,JOÃO RODRIGUES,agente_publico,representado,2018-02-21: JOÃO RODRIGUES passou a ser representado em REP 22/2018 (CEDP-CD) por quebra de decoro parlamentar.,REP 22/2018,PSD,base do governo,FNT-000306,"Câmara dos Deputados, dados abertos: tramitações das representações (REP)",https://dadosabertos.camara.leg.br/api/v2/proposicoes/{id}/tramitacoes
2018-02-27,ATR-000434,NILTON CAPIXABA,agente_publico,condenado_tribunal_superior,2018-02-27: NILTON CAPIXABA foi condenado por tribunal superior em AP 644 (STF) (assunto no STF: DIREITO PENAL | CRIMES PRATICADOS POR FUNCIONÁRIOS PÚBLICOS CONTRA A ADMINISTRAÇÃO EM GERAL | CORRUPÇÃO PASSIVA).,AP 644,PTB,base do governo,FNT-000046,"STF, Corte Aberta: decisões em ações penais e inquéritos, 08/01/2003 a 23/09/2026 (exportação do painel)",https://transparencia.stf.jus.br/extensions/decisoes/decisoes.html
2018-02-27,ATR-002295,Acir Gurgacz,agente_publico,condenado_tribunal_superior,2018-02-27: Acir Gurgacz foi condenado por tribunal superior em AP 935 (STF) (assunto no STF: DIREITO PENAL | CRIMES PREVISTOS NA LEGISLAÇÃO EXTRAVAGANTE | CRIMES CONTRA O SISTEMA FINANCEIRO NACIONAL (o julgamento também tratou de prescrição ou ext).,AP 935,PDT,base do governo,FNT-000046,"STF, Corte Aberta: decisões em ações penais e inquéritos, 08/01/2003 a 23/09/2026 (exportação do painel)",https://transparencia.stf.jus.br/extensions/decisoes/decisoes.html
2018-02-27,ATR-000434,NILTON CAPIXABA,agente_publico,absolvido,2018-02-27: NILTON CAPIXABA foi absolvido em AP 958 (STF).,AP 958,PTB,base do governo,FNT-000046,"STF, Corte Aberta: decisões em ações penais e inquéritos, 08/01/2003 a 23/09/2026 (exportação do painel)",https://transparencia.stf.jus.br/extensions/decisoes/decisoes.html
2018-03-07,ATR-001518,ILDON MARQUES,agente_publico,contas_julgadas_irregulares,2018-03-07: transitou em julgado o julgamento das contas de ILDON MARQUES como irregulares em 036.528/2011-0 (TCU).,036.528/2011-0,PSB,sem orientação dominante,FNT-000309,"TCU, certidões: responsáveis com contas julgadas irregulares (lista pública)",https://certidoes.apps.tcu.gov.br/api/publico/responsaveis-contas-irregulares/exportar-para-csv?paginaAtual=1&tamanhoPagina=50000
2018-03-07,ATR-001374,Newton Cardoso Jr,agente_publico,punibilidade_extinta,2018-03-07: foi declarada extinta a punibilidade de Newton Cardoso Jr em AP 983 (STF).,AP 983,MDB,base do governo,FNT-000341,"STF, AP 983: decisão monocrática publicada no DJe em 2018-03-09 (peça do portal)",https://portal.stf.jus.br/processos/downloadPeca.asp?id=313862614&ext=.pdf
2018-03-09,ATR-000579,MARIA LÚCIA CARDOSO,agente_publico,contas_julgadas_irregulares,2018-03-09: transitou em julgado o julgamento das contas de MARIA LÚCIA CARDOSO como irregulares em 025.453/2013-0 (TCU).,025.453/2013-0,MDB,base do governo,FNT-000309,"TCU, certidões: responsáveis com contas julgadas irregulares (lista pública)",https://certidoes.apps.tcu.gov.br/api/publico/responsaveis-contas-irregulares/exportar-para-csv?paginaAtual=1&tamanhoPagina=50000
2018-03-13,ATR-000185,ANTONIO NOGUEIRA,agente_publico,contas_julgadas_irregulares,2018-03-13: transitou em julgado o julgamento das contas de ANTONIO NOGUEIRA como irregulares em 023.105/2016-0 (TCU).,023.105/2016-0,PT,oposição,FNT-000309,"TCU, certidões: responsáveis com contas julgadas irregulares (lista pública)",https://certidoes.apps.tcu.gov.br/api/publico/responsaveis-contas-irregulares/exportar-para-csv?paginaAtual=1&tamanhoPagina=50000
2018-03-14,ATR-001146,ROMÁRIO,agente_publico,representado,2018-03-14: ROMÁRIO passou a ser representado em PCE 4/2018 (CEDP-SF) por quebra de decoro parlamentar.,PCE 4/2018,PODE,base do governo,FNT-000307,"Senado Federal, dados abertos: processos do Conselho de Ética (REP, DEN, PCE)",https://legis.senado.leg.br/dadosabertos/processo/{id}
2018-03-20,ATR-000007,IZALCI,agente_publico,absolvido,2018-03-20: IZALCI foi absolvido em AP 883 (STF).,AP 883,PSDB,base do governo,FNT-000046,"STF, Corte Aberta: decisões em ações penais e inquéritos, 08/01/2003 a 23/09/2026 (exportação do painel)",https://transparencia.stf.jus.br/extensions/decisoes/decisoes.html
2018-03-21,ATR-001125,Erika Kokay,agente_publico,representado,2018-03-21: Erika Kokay passou a ser representado em REP 23/2018 (CEDP-CD) por quebra de decoro parlamentar.,REP 23/2018,PT,oposição,FNT-000306,"Câmara dos Deputados, dados abertos: tramitações das representações (REP)",https://dadosabertos.camara.leg.br/api/v2/proposicoes/{id}/tramitacoes
2018-03-21,ATR-000071,Ivan Valente,agente_publico,representado,2018-03-21: Ivan Valente passou a ser representado em REP 24/2018 (CEDP-CD) por quebra de decoro parlamentar.,REP 24/2018,PSOL,oposição,FNT-000306,"Câmara dos Deputados, dados abertos: tramitações das representações (REP)",https://dadosabertos.camara.leg.br/api/v2/proposicoes/{id}/tramitacoes
2018-03-21,ATR-001221,JEAN WYLLYS,agente_publico,representado,2018-03-21: JEAN WYLLYS passou a ser representado em REP 25/2018 (CEDP-CD) por quebra de decoro parlamentar.,REP 25/2018,PSOL,oposição,FNT-000306,"Câmara dos Deputados, dados abertos: tramitações das representações (REP)",https://dadosabertos.camara.leg.br/api/v2/proposicoes/{id}/tramitacoes
2018-03-21,ATR-000264,GERVÁSIO OLIVEIRA,agente_publico,contas_julgadas_irregulares,2018-03-21: transitou em julgado o julgamento das contas de GERVÁSIO OLIVEIRA como irregulares em 017.680/2012-3 (TCU).,017.680/2012-3,MDB,base do governo,FNT-000309,"TCU, certidões: responsáveis com contas julgadas irregulares (lista pública)",https://certidoes.apps.tcu.gov.br/api/publico/responsaveis-contas-irregulares/exportar-para-csv?paginaAtual=1&tamanhoPagina=50000
2018-03-27,ATR-000098,Alberto Fraga,agente_publico,representado,2018-03-27: Alberto Fraga passou a ser representado em REP 26/2018 (CEDP-CD) por quebra de decoro parlamentar.,REP 26/2018,DEM,base do governo,FNT-000306,"Câmara dos Deputados, dados abertos: tramitações das representações (REP)",https://dadosabertos.camara.leg.br/api/v2/proposicoes/{id}/tramitacoes
2018-04-03,ATR-000943,NEUDO CAMPOS,agente_publico,contas_julgadas_irregulares,2018-04-03: transitou em julgado o julgamento das contas de NEUDO CAMPOS como irregulares em 010.931/2003-4 (TCU).,010.931/2003-4,PP,base do governo,FNT-000309,"TCU, certidões: responsáveis com contas julgadas irregulares (lista pública)",https://certidoes.apps.tcu.gov.br/api/publico/responsaveis-contas-irregulares/exportar-para-csv?paginaAtual=1&tamanhoPagina=50000
2018-04-24,ATR-000722,Gleisi Hoffmann,agente_publico,representado,2018-04-24: Gleisi Hoffmann passou a ser representado em PCE 5/2018 (CEDP-SF) por quebra de decoro parlamentar.,PCE 5/2018,PT,oposição,FNT-000307,"Senado Federal, dados abertos: processos do Conselho de Ética (REP, DEN, PCE)",https://legis.senado.leg.br/dadosabertos/processo/{id}
2018-05-02,ATR-000722,Gleisi Hoffmann,agente_publico,representado,2018-05-02: Gleisi Hoffmann passou a ser representado em PCE 6/2018 (CEDP-SF) por quebra de decoro parlamentar.,PCE 6/2018,PT,oposição,FNT-000307,"Senado Federal, dados abertos: processos do Conselho de Ética (REP, DEN, PCE)",https://legis.senado.leg.br/dadosabertos/processo/{id}
2018-05-05,ATR-000498,PAULO MARINHO,agente_publico,contas_julgadas_irregulares,2018-05-05: transitou em julgado o julgamento das contas de PAULO MARINHO como irregulares em 014.442/2002-0 (TCU).,014.442/2002-0,PL,sem classificação,FNT-000309,"TCU, certidões: responsáveis com contas julgadas irregulares (lista pública)",https://certidoes.apps.tcu.gov.br/api/publico/responsaveis-contas-irregulares/exportar-para-csv?paginaAtual=1&tamanhoPagina=50000
2018-05-22,ATR-000756,PAULO MALUF,agente_publico,condenado_tribunal_superior,"2018-05-22: PAULO MALUF foi condenado por tribunal superior em AP 968 (STF) (falsidade ideológica para fins eleitorais (art. 350, Código Eleitoral)).",AP 968,PP,base do governo,FNT-000046,"STF, Corte Aberta: decisões em ações penais e inquéritos, 08/01/2003 a 23/09/2026 (exportação do painel)",https://transparencia.stf.jus.br/extensions/decisoes/decisoes.html
2018-05-24,ATR-001125,Erika Kokay,agente_publico,arquivado,2018-05-24: a investigação sobre Erika Kokay em REP 23/2018 (CEDP-CD) foi arquivada.,REP 23/2018,PT,oposição,FNT-000306,"Câmara dos Deputados, dados abertos: tramitações das representações (REP)",https://dadosabertos.camara.leg.br/api/v2/proposicoes/{id}/tramitacoes
2018-05-24,ATR-000071,Ivan Valente,agente_publico,arquivado,2018-05-24: a investigação sobre Ivan Valente em REP 24/2018 (CEDP-CD) foi arquivada.,REP 24/2018,PSOL,oposição,FNT-000306,"Câmara dos Deputados, dados abertos: tramitações das representações (REP)",https://dadosabertos.camara.leg.br/api/v2/proposicoes/{id}/tramitacoes
2018-05-25,ATR-002310,Cícero Lucena,agente_publico,contas_julgadas_irregulares,2018-05-25: transitou em julgado o julgamento das contas de Cícero Lucena como irregulares em 015.688/2007-6 (TCU).,015.688/2007-6,PSDB,base do governo,FNT-000309,"TCU, certidões: responsáveis com contas julgadas irregulares (lista pública)",https://certidoes.apps.tcu.gov.br/api/publico/responsaveis-contas-irregulares/exportar-para-csv?paginaAtual=1&tamanhoPagina=50000
2018-05-25,ATR-000565,GERALDO SIMÕES,agente_publico,contas_julgadas_irregulares,2018-05-25: transitou em julgado o julgamento das contas de GERALDO SIMÕES como irregulares em 015.560/2006-1 (TCU).,015.560/2006-1,PT,oposição,FNT-000309,"TCU, certidões: responsáveis com contas julgadas irregulares (lista pública)",https://certidoes.apps.tcu.gov.br/api/publico/responsaveis-contas-irregulares/exportar-para-csv?paginaAtual=1&tamanhoPagina=50000
2018-05-28,ATR-001221,JEAN WYLLYS,agente_publico,arquivado,2018-05-28: a investigação sobre JEAN WYLLYS em REP 25/2018 (CEDP-CD) foi arquivada.,REP 25/2018,PSOL,oposição,FNT-000306,"Câmara dos Deputados, dados abertos: tramitações das representações (REP)",https://dadosabertos.camara.leg.br/api/v2/proposicoes/{id}/tramitacoes
2018-05-29,ATR-000147,NELSON MEURER,agente_publico,condenado_tribunal_superior,"2018-05-29: NELSON MEURER foi condenado por tribunal superior em AP 996 (STF) (corrupção passiva (art. 317, § 1º, CP)).",AP 996,PP,base do governo,FNT-000046,"STF, Corte Aberta: decisões em ações penais e inquéritos, 08/01/2003 a 23/09/2026 (exportação do painel)",https://transparencia.stf.jus.br/extensions/decisoes/decisoes.html
2018-06-05,ATR-001416,CABO DACIOLO,agente_publico,punibilidade_extinta,2018-06-05: foi declarada extinta a punibilidade de CABO DACIOLO em AP 961 (STF).,AP 961,PATRIOTA,base do governo,FNT-000339,"STF, AP 961: decisão monocrática publicada no DJe em 2018-06-07 (peça do portal)",https://portal.stf.jus.br/processos/downloadPeca.asp?id=314532778&ext=.pdf
2018-06-06,ATR-000147,NELSON MEURER,agente_publico,representado,2018-06-06: NELSON MEURER passou a ser representado em REP 27/2018 (CEDP-CD) por quebra de decoro parlamentar.,REP 27/2018,PP,base do governo,FNT-000306,"Câmara dos Deputados, dados abertos: tramitações das representações (REP)",https://dadosabertos.camara.leg.br/api/v2/proposicoes/{id}/tramitacoes
2018-06-07,ATR-000909,LAERTE BESSA,agente_publico,representado,2018-06-07: LAERTE BESSA passou a ser representado em REP 28/2018 (CEDP-CD) por quebra de decoro parlamentar.,REP 28/2018,PL,base do governo,FNT-000306,"Câmara dos Deputados, dados abertos: tramitações das representações (REP)",https://dadosabertos.camara.leg.br/api/v2/proposicoes/{id}/tramitacoes
2018-06-12,ATR-000188,WLADIMIR COSTA,agente_publico,absolvido,2018-06-12: WLADIMIR COSTA foi absolvido em AP 528 (STF).,AP 528,SOLIDARIEDADE,base do governo,FNT-000046,"STF, Corte Aberta: decisões em ações penais e inquéritos, 08/01/2003 a 23/09/2026 (exportação do painel)",https://transparencia.stf.jus.br/extensions/decisoes/decisoes.html
2018-06-12,ATR-001316,CÉSAR MESSIAS,agente_publico,absolvido,2018-06-12: CÉSAR MESSIAS foi absolvido em AP 1006 (STF).,AP 1006,PSB,sem orientação dominante,FNT-000046,"STF, Corte Aberta: decisões em ações penais e inquéritos, 08/01/2003 a 23/09/2026 (exportação do painel)",https://transparencia.stf.jus.br/extensions/decisoes/decisoes.html
2018-06-19,ATR-000147,NELSON MEURER,agente_publico,representado,2018-06-19: NELSON MEURER passou a ser representado em REP 29/2018 (CEDP-CD) por quebra de decoro parlamentar.,REP 29/2018,PP,base do governo,FNT-000306,"Câmara dos Deputados, dados abertos: tramitações das representações (REP)",https://dadosabertos.camara.leg.br/api/v2/proposicoes/{id}/tramitacoes
2018-06-19,ATR-000722,Gleisi Hoffmann,agente_publico,absolvido,2018-06-19: Gleisi Hoffmann foi absolvido em AP 1003 (STF).,AP 1003,PT,oposição,FNT-000046,"STF, Corte Aberta: decisões em ações penais e inquéritos, 08/01/2003 a 23/09/2026 (exportação do painel)",https://transparencia.stf.jus.br/extensions/decisoes/decisoes.html
2018-06-20,ATR-001072,RAIMUNDÃO,agente_publico,contas_julgadas_irregulares,2018-06-20: transitou em julgado o julgamento das contas de RAIMUNDÃO como irregulares em 005.846/2014-5 (TCU).,005.846/2014-5,MDB,base do governo,FNT-000309,"TCU, certidões: responsáveis com contas julgadas irregulares (lista pública)",https://certidoes.apps.tcu.gov.br/api/publico/responsaveis-contas-irregulares/exportar-para-csv?paginaAtual=1&tamanhoPagina=50000
2018-07-03,ATR-000098,Alberto Fraga,agente_publico,arquivado,2018-07-03: a investigação sobre Alberto Fraga em REP 26/2018 (CEDP-CD) foi arquivada.,REP 26/2018,DEM,base do governo,FNT-000306,"Câmara dos Deputados, dados abertos: tramitações das representações (REP)",https://dadosabertos.camara.leg.br/api/v2/proposicoes/{id}/tramitacoes
2018-07-04,ATR-001024,ZÉ VIEIRA,agente_publico,contas_julgadas_irregulares,2018-07-04: transitou em julgado o julgamento das contas de ZÉ VIEIRA como irregulares em 014.951/2014-2 (TCU).,014.951/2014-2,PROS,base do governo,FNT-000309,"TCU, certidões: responsáveis com contas julgadas irregulares (lista pública)",https://certidoes.apps.tcu.gov.br/api/publico/responsaveis-contas-irregulares/exportar-para-csv?paginaAtual=1&tamanhoPagina=50000
2018-07-25,ATR-000559,PEDRO EUGÊNIO,agente_publico,contas_julgadas_irregulares,2018-07-25: transitou em julgado o julgamento das contas de PEDRO EUGÊNIO como irregulares em 012.968/2005-0 (TCU).,012.968/2005-0,PT,oposição,FNT-000309,"TCU, certidões: responsáveis com contas julgadas irregulares (lista pública)",https://certidoes.apps.tcu.gov.br/api/publico/responsaveis-contas-irregulares/exportar-para-csv?paginaAtual=1&tamanhoPagina=50000
2018-08-09,ATR-000471,Paulo Pimenta,agente_publico,representado,2018-08-09: Paulo Pimenta passou a ser representado em REP 30/2018 (CEDP-CD) por quebra de decoro parlamentar.,REP 30/2018,PT,oposição,FNT-000306,"Câmara dos Deputados, dados abertos: tramitações das representações (REP)",https://dadosabertos.camara.leg.br/api/v2/proposicoes/{id}/tramitacoes
2018-08-09,ATR-000919,Paulo Teixeira,agente_publico,representado,2018-08-09: Paulo Teixeira passou a ser representado em REP 30/2018 (CEDP-CD) por quebra de decoro parlamentar.,REP 30/2018,PT,oposição,FNT-000306,"Câmara dos Deputados, dados abertos: tramitações das representações (REP)",https://dadosabertos.camara.leg.br/api/v2/proposicoes/{id}/tramitacoes
2018-08-09,ATR-001501,WADIH DAMOUS,agente_publico,representado,2018-08-09: WADIH DAMOUS passou a ser representado em REP 30/2018 (CEDP-CD) por quebra de decoro parlamentar.,REP 30/2018,PT,oposição,FNT-000306,"Câmara dos Deputados, dados abertos: tramitações das representações (REP)",https://dadosabertos.camara.leg.br/api/v2/proposicoes/{id}/tramitacoes
2018-09-11,ATR-000566,GERSON GABRIELLI,agente_publico,contas_julgadas_irregulares,2018-09-11: transitou em julgado o julgamento das contas de GERSON GABRIELLI como irregulares em 014.972/2015-8 (TCU).,014.972/2015-8,DEM,base do governo,FNT-000309,"TCU, certidões: responsáveis com contas julgadas irregulares (lista pública)",https://certidoes.apps.tcu.gov.br/api/publico/responsaveis-contas-irregulares/exportar-para-csv?paginaAtual=1&tamanhoPagina=50000
2018-09-18,ATR-002257,Renan Calheiros,agente_publico,absolvido,2018-09-18: Renan Calheiros foi absolvido em AP 1018 (STF).,AP 1018,MDB,base do governo,FNT-000046,"STF, Corte Aberta: decisões em ações penais e inquéritos, 08/01/2003 a 23/09/2026 (exportação do painel)",https://transparencia.stf.jus.br/extensions/decisoes/decisoes.html
2018-09-20,ATR-000339,ELISEU MOURA,agente_publico,contas_julgadas_irregulares,2018-09-20: transitou em julgado o julgamento das contas de ELISEU MOURA como irregulares em 014.493/2016-0 (TCU).,014.493/2016-0,PP,base do governo,FNT-000309,"TCU, certidões: responsáveis com contas julgadas irregulares (lista pública)",https://certidoes.apps.tcu.gov.br/api/publico/responsaveis-contas-irregulares/exportar-para-csv?paginaAtual=1&tamanhoPagina=50000
2018-09-25,ATR-001374,Newton Cardoso Jr,agente_publico,absolvido,2018-09-25: Newton Cardoso Jr foi absolvido em AP 987 (STF).,AP 987,MDB,base do governo,FNT-000046,"STF, Corte Aberta: decisões em ações penais e inquéritos, 08/01/2003 a 23/09/2026 (exportação do painel)",https://transparencia.stf.jus.br/extensions/decisoes/decisoes.html
2018-10-07,ATR-002716,LUIZ INACIO LULA DA SILVA,agente_publico,candidatura_indeferida,2018-10-07: a candidatura de LUIZ INACIO LULA DA SILVA foi indeferida ou cassada pela Justiça Eleitoral em sequencial do candidato 280000625869 (TSE) (motivos no arquivo do TSE: Ficha limpa (LC 64/90); situação da candidatura no arquivo de candidatos: INAPTO (); resultado: #NULO#. Data = eleição (o arquivo não informa a).,sequencial do candidato 280000625869,PT,oposição,FNT-000310,"TSE, dados abertos: motivo_cassacao_2018.zip",https://dadosabertos.tse.jus.br/
2018-10-07,ATR-001218,GENECIAS NORONHA,agente_publico,candidatura_indeferida,2018-10-07: a candidatura de GENECIAS NORONHA foi indeferida ou cassada pela Justiça Eleitoral em sequencial do candidato 60000605031 (TSE) (motivos no arquivo do TSE: Abuso de poder (LC 64/90); situação da candidatura no arquivo de candidatos: INAPTO (); resultado: ELEITO POR QP. Data = eleição (o arquivo não).,sequencial do candidato 60000605031,SOLIDARIEDADE,base do governo,FNT-000310,"TSE, dados abertos: motivo_cassacao_2018.zip",https://dadosabertos.tse.jus.br/
2018-10-09,ATR-000570,Paulo Magalhães,agente_publico,absolvido,2018-10-09: Paulo Magalhães foi absolvido em AP 896 (STF).,AP 896,PSD,base do governo,FNT-000046,"STF, Corte Aberta: decisões em ações penais e inquéritos, 08/01/2003 a 23/09/2026 (exportação do painel)",https://transparencia.stf.jus.br/extensions/decisoes/decisoes.html
2018-10-09,ATR-000967,RÔMULO GOUVEIA,agente_publico,punibilidade_extinta,2018-10-09: foi declarada extinta a punibilidade de RÔMULO GOUVEIA em AP 952 (STF).,AP 952,PSD,base do governo,FNT-000338,"STF, AP 952: decisão monocrática publicada no DJe em 2018-10-11 (peça do portal)",https://portal.stf.jus.br/processos/downloadPeca.asp?id=15338828862&ext=.pdf
2018-10-16,ATR-001518,ILDON MARQUES,agente_publico,contas_julgadas_irregulares,2018-10-16: transitou em julgado o julgamento das contas de ILDON MARQUES como irregulares em 020.503/2003-1 (TCU).,020.503/2003-1,PSB,sem orientação dominante,FNT-000309,"TCU, certidões: responsáveis com contas julgadas irregulares (lista pública)",https://certidoes.apps.tcu.gov.br/api/publico/responsaveis-contas-irregulares/exportar-para-csv?paginaAtual=1&tamanhoPagina=50000
2018-11-12,ATR-000756,PAULO MALUF,agente_publico,arquivado,2018-11-12: a investigação sobre PAULO MALUF em REP 20/2018 (CEDP-CD) foi arquivada.,REP 20/2018,PP,base do governo,FNT-000306,"Câmara dos Deputados, dados abertos: tramitações das representações (REP)",https://dadosabertos.camara.leg.br/api/v2/proposicoes/{id}/tramitacoes
2018-11-12,ATR-002265,Romero Jucá,agente_publico,arquivado,2018-11-12: a investigação sobre Romero Jucá em PCE 7/2016 (CEDP-SF) foi arquivada.,PCE 7/2016,MDB,base do governo,FNT-000307,"Senado Federal, dados abertos: processos do Conselho de Ética (REP, DEN, PCE)",https://legis.senado.leg.br/dadosabertos/processo/{id}
2018-11-12,ATR-000659,RONALDO CAIADO,agente_publico,arquivado,2018-11-12: a investigação sobre RONALDO CAIADO em PCE 10/2016 (CEDP-SF) foi arquivada.,PCE 10/2016,DEM,base do governo,FNT-000307,"Senado Federal, dados abertos: processos do Conselho de Ética (REP, DEN, PCE)",https://legis.senado.leg.br/dadosabertos/processo/{id}
2018-11-12,ATR-002257,Renan Calheiros,agente_publico,arquivado,2018-11-12: a investigação sobre Renan Calheiros em PCE 11/2016 (CEDP-SF) foi arquivada.,PCE 11/2016,MDB,base do governo,FNT-000307,"Senado Federal, dados abertos: processos do Conselho de Ética (REP, DEN, PCE)",https://legis.senado.leg.br/dadosabertos/processo/{id}
2018-11-12,ATR-000589,Aécio Neves,agente_publico,arquivado,2018-11-12: a investigação sobre Aécio Neves em PCE 1/2017 (CEDP-SF) foi arquivada.,PCE 1/2017,PSDB,base do governo,FNT-000307,"Senado Federal, dados abertos: processos do Conselho de Ética (REP, DEN, PCE)",https://legis.senado.leg.br/dadosabertos/processo/{id}
2018-11-12,ATR-002469,Zeze Perrella,agente_publico,arquivado,2018-11-12: a investigação sobre Zeze Perrella em PCE 4/2017 (CEDP-SF) foi arquivada.,PCE 4/2017,MDB,base do governo,FNT-000307,"Senado Federal, dados abertos: processos do Conselho de Ética (REP, DEN, PCE)",https://legis.senado.leg.br/dadosabertos/processo/{id}
2018-11-12,ATR-000589,Aécio Neves,agente_publico,arquivado,2018-11-12: a investigação sobre Aécio Neves em PCE 5/2017 (CEDP-SF) foi arquivada.,PCE 5/2017,PSDB,base do governo,FNT-000307,"Senado Federal, dados abertos: processos do Conselho de Ética (REP, DEN, PCE)",https://legis.senado.leg.br/dadosabertos/processo/{id}
2018-11-12,ATR-000722,Gleisi Hoffmann,agente_publico,arquivado,2018-11-12: a investigação sobre Gleisi Hoffmann em PCE 1/2018 (CEDP-SF) foi arquivada.,PCE 1/2018,PT,oposição,FNT-000307,"Senado Federal, dados abertos: processos do Conselho de Ética (REP, DEN, PCE)",https://legis.senado.leg.br/dadosabertos/processo/{id}
2018-11-12,ATR-000674,Lindbergh Farias,agente_publico,arquivado,2018-11-12: a investigação sobre Lindbergh Farias em PCE 2/2018 (CEDP-SF) foi arquivada.,PCE 2/2018,PT,oposição,FNT-000307,"Senado Federal, dados abertos: processos do Conselho de Ética (REP, DEN, PCE)",https://legis.senado.leg.br/dadosabertos/processo/{id}
2018-11-12,ATR-001146,ROMÁRIO,agente_publico,arquivado,2018-11-12: a investigação sobre ROMÁRIO em PCE 4/2018 (CEDP-SF) foi arquivada.,PCE 4/2018,PODE,base do governo,FNT-000307,"Senado Federal, dados abertos: processos do Conselho de Ética (REP, DEN, PCE)",https://legis.senado.leg.br/dadosabertos/processo/{id}
2018-11-24,ATR-001538,EURICELIA CARDOSO,agente_publico,contas_julgadas_irregulares,2018-11-24: transitou em julgado o julgamento das contas de EURICELIA CARDOSO como irregulares em 010.372/2016-4 (TCU).,010.372/2016-4,PP,base do governo,FNT-000309,"TCU, certidões: responsáveis com contas julgadas irregulares (lista pública)",https://certidoes.apps.tcu.gov.br/api/publico/responsaveis-contas-irregulares/exportar-para-csv?paginaAtual=1&tamanhoPagina=50000
2018-11-24,ATR-001538,EURICELIA CARDOSO,agente_publico,contas_julgadas_irregulares,2018-11-24: transitou em julgado o julgamento das contas de EURICELIA CARDOSO como irregulares em 009.077/2016-2 (TCU).,009.077/2016-2,PP,base do governo,FNT-000309,"TCU, certidões: responsáveis com contas julgadas irregulares (lista pública)",https://certidoes.apps.tcu.gov.br/api/publico/responsaveis-contas-irregulares/exportar-para-csv?paginaAtual=1&tamanhoPagina=50000
2018-11-28,ATR-000014,LÚCIA BRAGA,agente_publico,contas_julgadas_irregulares,2018-11-28: transitou em julgado o julgamento das contas de LÚCIA BRAGA como irregulares em 025.046/2013-6 (TCU).,025.046/2013-6,MDB,base do governo,FNT-000309,"TCU, certidões: responsáveis com contas julgadas irregulares (lista pública)",https://certidoes.apps.tcu.gov.br/api/publico/responsaveis-contas-irregulares/exportar-para-csv?paginaAtual=1&tamanhoPagina=50000
2018-11-28,ATR-000584,MARCOS MEDRADO,agente_publico,contas_julgadas_irregulares,2018-11-28: transitou em julgado o julgamento das contas de MARCOS MEDRADO como irregulares em 025.393/2007-3 (TCU).,025.393/2007-3,PODE,base do governo,FNT-000309,"TCU, certidões: responsáveis com contas julgadas irregulares (lista pública)",https://certidoes.apps.tcu.gov.br/api/publico/responsaveis-contas-irregulares/exportar-para-csv?paginaAtual=1&tamanhoPagina=50000
2018-12-04,ATR-000498,PAULO MARINHO,agente_publico,contas_julgadas_irregulares,2018-12-04: transitou em julgado o julgamento das contas de PAULO MARINHO como irregulares em 011.222/1999-9 (TCU).,011.222/1999-9,PL,sem classificação,FNT-000309,"TCU, certidões: responsáveis com contas julgadas irregulares (lista pública)",https://certidoes.apps.tcu.gov.br/api/publico/responsaveis-contas-irregulares/exportar-para-csv?paginaAtual=1&tamanhoPagina=50000
2018-12-11,ATR-000147,NELSON MEURER,agente_publico,arquivado,2018-12-11: a investigação sobre NELSON MEURER em REP 27/2018 (CEDP-CD) foi arquivada.,REP 27/2018,PP,base do governo,FNT-000306,"Câmara dos Deputados, dados abertos: tramitações das representações (REP)",https://dadosabertos.camara.leg.br/api/v2/proposicoes/{id}/tramitacoes
2018-12-11,ATR-000147,NELSON MEURER,agente_publico,arquivado,2018-12-11: a investigação sobre NELSON MEURER em REP 29/2018 (CEDP-CD) foi arquivada.,REP 29/2018,PP,base do governo,FNT-000306,"Câmara dos Deputados, dados abertos: tramitações das representações (REP)",https://dadosabertos.camara.leg.br/api/v2/proposicoes/{id}/tramitacoes
2018-12-19,ATR-000722,Gleisi Hoffmann,agente_publico,arquivado,2018-12-19: a investigação sobre Gleisi Hoffmann em PCE 6/2018 (CEDP-SF) foi arquivada.,PCE 6/2018,PT,oposição,FNT-000307,"Senado Federal, dados abertos: processos do Conselho de Ética (REP, DEN, PCE)",https://legis.senado.leg.br/dadosabertos/processo/{id}
2018-12-26,ATR-000722,Gleisi Hoffmann,agente_publico,arquivado,2018-12-26: a investigação sobre Gleisi Hoffmann em PCE 5/2018 (CEDP-SF) foi arquivada.,PCE 5/2018,PT,oposição,FNT-000307,"Senado Federal, dados abertos: processos do Conselho de Ética (REP, DEN, PCE)",https://legis.senado.leg.br/dadosabertos/processo/{id}
2019-01-05,ATR-000367,CLÁUDIO MAGRÃO,agente_publico,contas_julgadas_irregulares,2019-01-05: transitou em julgado o julgamento das contas de CLÁUDIO MAGRÃO como irregulares em 005.307/2014-7 (TCU).,005.307/2014-7,CIDADANIA,base do governo,FNT-000309,"TCU, certidões: responsáveis com contas julgadas irregulares (lista pública)",https://certidoes.apps.tcu.gov.br/api/publico/responsaveis-contas-irregulares/exportar-para-csv?paginaAtual=1&tamanhoPagina=50000
2019-01-31,ATR-001386,Delegado Éder Mauro,agente_publico,arquivado,2019-01-31: a investigação sobre Delegado Éder Mauro em REP 15/2016 (CEDP-CD) foi arquivada.,REP 15/2016,PSD,base do governo,FNT-000306,"Câmara dos Deputados, dados abertos: tramitações das representações (REP)",https://dadosabertos.camara.leg.br/api/v2/proposicoes/{id}/tramitacoes
2019-01-31,ATR-000092,CELSO JACOB,agente_publico,arquivado,2019-01-31: a investigação sobre CELSO JACOB em REP 21/2018 (CEDP-CD) foi arquivada.,REP 21/2018,MDB,base do governo,FNT-000306,"Câmara dos Deputados, dados abertos: tramitações das representações (REP)",https://dadosabertos.camara.leg.br/api/v2/proposicoes/{id}/tramitacoes
2019-01-31,ATR-001121,JOÃO RODRIGUES,agente_publico,arquivado,2019-01-31: a investigação sobre JOÃO RODRIGUES em REP 22/2018 (CEDP-CD) foi arquivada.,REP 22/2018,PSD,base do governo,FNT-000306,"Câmara dos Deputados, dados abertos: tramitações das representações (REP)",https://dadosabertos.camara.leg.br/api/v2/proposicoes/{id}/tramitacoes
2019-01-31,ATR-000909,LAERTE BESSA,agente_publico,arquivado,2019-01-31: a investigação sobre LAERTE BESSA em REP 28/2018 (CEDP-CD) foi arquivada.,REP 28/2018,PL,base do governo,FNT-000306,"Câmara dos Deputados, dados abertos: tramitações das representações (REP)",https://dadosabertos.camara.leg.br/api/v2/proposicoes/{id}/tramitacoes
2019-01-31,ATR-000471,Paulo Pimenta,agente_publico,arquivado,2019-01-31: a investigação sobre Paulo Pimenta em REP 30/2018 (CEDP-CD) foi arquivada.,REP 30/2018,PT,oposição,FNT-000306,"Câmara dos Deputados, dados abertos: tramitações das representações (REP)",https://dadosabertos.camara.leg.br/api/v2/proposicoes/{id}/tramitacoes
2019-01-31,ATR-000919,Paulo Teixeira,agente_publico,arquivado,2019-01-31: a investigação sobre Paulo Teixeira em REP 30/2018 (CEDP-CD) foi arquivada.,REP 30/2018,PT,oposição,FNT-000306,"Câmara dos Deputados, dados abertos: tramitações das representações (REP)",https://dadosabertos.camara.leg.br/api/v2/proposicoes/{id}/tramitacoes
2019-01-31,ATR-001501,WADIH DAMOUS,agente_publico,arquivado,2019-01-31: a investigação sobre WADIH DAMOUS em REP 30/2018 (CEDP-CD) foi arquivada.,REP 30/2018,PT,oposição,FNT-000306,"Câmara dos Deputados, dados abertos: tramitações das representações (REP)",https://dadosabertos.camara.leg.br/api/v2/proposicoes/{id}/tramitacoes
2019-02,ATR-002716,LUIZ INACIO LULA DA SILVA,agente_publico,condenado_1a_instancia,2019-02: LUIZ INACIO LULA DA SILVA foi condenado em primeira instância em 5021365-32.2017.4.04.7000 (JFPR) (corrupção passiva e lavagem de dinheiro).,5021365-32.2017.4.04.7000,PT,oposição,FNT-000259,"TRF4, Notícias: TRF4 confirma condenação do ex-presidente Lula (ação do sítio de Atibaia)",https://www.trf4.jus.br/trf4/controlador.php?acao=noticia_visualizar&id_noticia=14914
2019-02-04,ATR-000674,Lindbergh Farias,agente_publico,arquivado,2019-02-04: a investigação sobre Lindbergh Farias em DEN 2/2017 (CEDP-SF) foi arquivada.,DEN 2/2017,PT,oposição,FNT-000307,"Senado Federal, dados abertos: processos do Conselho de Ética (REP, DEN, PCE)",https://legis.senado.leg.br/dadosabertos/processo/{id}
2019-02-07,ATR-000014,LÚCIA BRAGA,agente_publico,contas_julgadas_irregulares,2019-02-07: transitou em julgado o julgamento das contas de LÚCIA BRAGA como irregulares em 025.424/2013-0 (TCU).,025.424/2013-0,MDB,base do governo,FNT-000309,"TCU, certidões: responsáveis com contas julgadas irregulares (lista pública)",https://certidoes.apps.tcu.gov.br/api/publico/responsaveis-contas-irregulares/exportar-para-csv?paginaAtual=1&tamanhoPagina=50000
2019-02-07,ATR-000014,LÚCIA BRAGA,agente_publico,contas_julgadas_irregulares,2019-02-07: transitou em julgado o julgamento das contas de LÚCIA BRAGA como irregulares em 025.444/2013-1 (TCU).,025.444/2013-1,MDB,base do governo,FNT-000309,"TCU, certidões: responsáveis com contas julgadas irregulares (lista pública)",https://certidoes.apps.tcu.gov.br/api/publico/responsaveis-contas-irregulares/exportar-para-csv?paginaAtual=1&tamanhoPagina=50000
2019-02-13,ATR-001097,LUIZ ARGÔLO,agente_publico,arquivado,2019-02-13: a investigação sobre LUIZ ARGÔLO em REP 26/2014 (CEDP-CD) foi arquivada.,REP 26/2014,SOLIDARIEDADE,base do governo,FNT-000306,"Câmara dos Deputados, dados abertos: tramitações das representações (REP)",https://dadosabertos.camara.leg.br/api/v2/proposicoes/{id}/tramitacoes
2019-02-13,ATR-000708,LUCIO VIEIRA LIMA,agente_publico,arquivado,2019-02-13: a investigação sobre LUCIO VIEIRA LIMA em REP 19/2018 (CEDP-CD) foi arquivada.,REP 19/2018,MDB,base do governo,FNT-000306,"Câmara dos Deputados, dados abertos: tramitações das representações (REP)",https://dadosabertos.camara.leg.br/api/v2/proposicoes/{id}/tramitacoes
2019-02-26,ATR-000885,ALFREDO KAEFER,agente_publico,condenado_tribunal_superior,2019-02-26: ALFREDO KAEFER foi condenado por tribunal superior em AP 892 (STF) (assunto no STF: DIREITO PENAL | CRIMES PREVISTOS NA LEGISLAÇÃO EXTRAVAGANTE | CRIMES CONTRA O SISTEMA FINANCEIRO NACIONAL).,AP 892,PP,base do governo,FNT-000046,"STF, Corte Aberta: decisões em ações penais e inquéritos, 08/01/2003 a 23/09/2026 (exportação do painel)",https://transparencia.stf.jus.br/extensions/decisoes/decisoes.html
2019-03-08,ATR-000832,Carlos Bezerra,agente_publico,contas_julgadas_irregulares,2019-03-08: transitou em julgado o julgamento das contas de Carlos Bezerra como irregulares em 013.131/2005-0 (TCU).,013.131/2005-0,MDB,base do governo,FNT-000309,"TCU, certidões: responsáveis com contas julgadas irregulares (lista pública)",https://certidoes.apps.tcu.gov.br/api/publico/responsaveis-contas-irregulares/exportar-para-csv?paginaAtual=1&tamanhoPagina=50000
2019-03-13,ATR-000347,ANTONIO BALHMANN,agente_publico,contas_julgadas_irregulares,2019-03-13: transitou em julgado o julgamento das contas de ANTONIO BALHMANN como irregulares em 045.677/2012-3 (TCU).,045.677/2012-3,PDT,oposição,FNT-000309,"TCU, certidões: responsáveis com contas julgadas irregulares (lista pública)",https://certidoes.apps.tcu.gov.br/api/publico/responsaveis-contas-irregulares/exportar-para-csv?paginaAtual=1&tamanhoPagina=50000
2019-03-18,ATR-001146,ROMÁRIO,agente_publico,arquivado,2019-03-18: a investigação sobre ROMÁRIO em PCE 6/2017 (CEDP-SF) foi arquivada.,PCE 6/2017,PODE,base do governo,FNT-000307,"Senado Federal, dados abertos: processos do Conselho de Ética (REP, DEN, PCE)",https://legis.senado.leg.br/dadosabertos/processo/{id}
2019-04-01,ATR-001696,Coronel Tadeu,agente_publico,representado,2019-04-01: Coronel Tadeu passou a ser representado em REP 1/2019 (CEDP-CD) por quebra de decoro parlamentar.,REP 1/2019,PSL,base do governo,FNT-000306,"Câmara dos Deputados, dados abertos: tramitações das representações (REP)",https://dadosabertos.camara.leg.br/api/v2/proposicoes/{id}/tramitacoes
2019-04-23,ATR-002716,LUIZ INACIO LULA DA SILVA,agente_publico,condenado_tribunal_superior,2019-04-23: LUIZ INACIO LULA DA SILVA foi condenado por tribunal superior em 5046512-94.2016.4.04.7000 (JFPR) (corrupção passiva e lavagem de dinheiro).,5046512-94.2016.4.04.7000,PT,oposição,FNT-000246,"STJ, Notícias: Quinta Turma reduz pena do ex-presidente Lula para oito anos e dez meses",https://www.stj.jus.br/sites/portalp/Paginas/Comunicacao/Noticias/Quinta-Turma-reduz-pena-do-ex-presidente-Lula-para-oito-anos-e-dez-meses.aspx
2019-05-21,ATR-002582,Jorge Kajuru,agente_publico,representado,2019-05-21: Jorge Kajuru passou a ser representado em PCE 1/2019 (CEDP-SF) por quebra de decoro parlamentar.,PCE 1/2019,PSB,oposição,FNT-000307,"Senado Federal, dados abertos: processos do Conselho de Ética (REP, DEN, PCE)",https://legis.senado.leg.br/dadosabertos/processo/{id}
2019-05-28,ATR-000673,Laura Carneiro,agente_publico,absolvido,2019-05-28: Laura Carneiro foi absolvido em AP 1014 (STF).,AP 1014,DEM,base do governo,FNT-000046,"STF, Corte Aberta: decisões em ações penais e inquéritos, 08/01/2003 a 23/09/2026 (exportação do painel)",https://transparencia.stf.jus.br/extensions/decisoes/decisoes.html
2019-06-04,ATR-001188,PROFESSORA DORINHA SEABRA REZENDE,agente_publico,absolvido,2019-06-04: PROFESSORA DORINHA SEABRA REZENDE foi absolvido em AP 962 (STF).,AP 962,DEM,base do governo,FNT-000046,"STF, Corte Aberta: decisões em ações penais e inquéritos, 08/01/2003 a 23/09/2026 (exportação do painel)",https://transparencia.stf.jus.br/extensions/decisoes/decisoes.html
2019-06-07,ATR-002582,Jorge Kajuru,agente_publico,representado,2019-06-07: Jorge Kajuru passou a ser representado em PCE 2/2019 (CEDP-SF) por quebra de decoro parlamentar.,PCE 2/2019,PSB,oposição,FNT-000307,"Senado Federal, dados abertos: processos do Conselho de Ética (REP, DEN, PCE)",https://legis.senado.leg.br/dadosabertos/processo/{id}
2019-06-11,ATR-001473,ROBERTO GÓES,agente_publico,condenado_tribunal_superior,2019-06-11: ROBERTO GÓES foi condenado por tribunal superior em AP 984 (STF) (assunto no STF: DIREITO PENAL | CRIMES PREVISTOS NA LEGISLAÇÃO EXTRAVAGANTE | CRIMES DE RESPONSABILIDADE (o julgamento também tratou de prescrição ou extinção da punibili).,AP 984,PDT,oposição,FNT-000046,"STF, Corte Aberta: decisões em ações penais e inquéritos, 08/01/2003 a 23/09/2026 (exportação do painel)",https://transparencia.stf.jus.br/extensions/decisoes/decisoes.html
2019-06-18,ATR-001655,José Medeiros,agente_publico,representado,2019-06-18: José Medeiros passou a ser representado em REP 4/2019 (CEDP-CD) por quebra de decoro parlamentar.,REP 4/2019,PODE,base do governo,FNT-000306,"Câmara dos Deputados, dados abertos: tramitações das representações (REP)",https://dadosabertos.camara.leg.br/api/v2/proposicoes/{id}/tramitacoes
2019-06-28,ATR-000774,EDMILSON RODRIGUES,agente_publico,representado,2019-06-28: EDMILSON RODRIGUES passou a ser representado em REP 5/2019 (CEDP-CD) por quebra de decoro parlamentar.,REP 5/2019,PSOL,oposição,FNT-000306,"Câmara dos Deputados, dados abertos: tramitações das representações (REP)",https://dadosabertos.camara.leg.br/api/v2/proposicoes/{id}/tramitacoes
2019-06-28,ATR-001431,EXPEDITO NETTO,agente_publico,representado,2019-06-28: EXPEDITO NETTO passou a ser representado em REP 5/2019 (CEDP-CD) por quebra de decoro parlamentar.,REP 5/2019,PSD,base do governo,FNT-000306,"Câmara dos Deputados, dados abertos: tramitações das representações (REP)",https://dadosabertos.camara.leg.br/api/v2/proposicoes/{id}/tramitacoes
2019-07-02,ATR-000469,Maria do Rosário,agente_publico,representado,2019-07-02: Maria do Rosário passou a ser representado em REP 6/2019 (CEDP-CD) por quebra de decoro parlamentar.,REP 6/2019,PT,oposição,FNT-000306,"Câmara dos Deputados, dados abertos: tramitações das representações (REP)",https://dadosabertos.camara.leg.br/api/v2/proposicoes/{id}/tramitacoes
2019-07-18,ATR-000185,ANTONIO NOGUEIRA,agente_publico,contas_julgadas_irregulares,2019-07-18: transitou em julgado o julgamento das contas de ANTONIO NOGUEIRA como irregulares em 027.218/2018-0 (TCU).,027.218/2018-0,PT,oposição,FNT-000309,"TCU, certidões: responsáveis com contas julgadas irregulares (lista pública)",https://certidoes.apps.tcu.gov.br/api/publico/responsaveis-contas-irregulares/exportar-para-csv?paginaAtual=1&tamanhoPagina=50000
2019-07-30,ATR-001538,EURICELIA CARDOSO,agente_publico,contas_julgadas_irregulares,2019-07-30: transitou em julgado o julgamento das contas de EURICELIA CARDOSO como irregulares em 024.565/2016-4 (TCU).,024.565/2016-4,PP,base do governo,FNT-000309,"TCU, certidões: responsáveis com contas julgadas irregulares (lista pública)",https://certidoes.apps.tcu.gov.br/api/publico/responsaveis-contas-irregulares/exportar-para-csv?paginaAtual=1&tamanhoPagina=50000
2019-08-16,ATR-000894,ABELARDO CAMARINHA,agente_publico,contas_julgadas_irregulares,2019-08-16: transitou em julgado o julgamento das contas de ABELARDO CAMARINHA como irregulares em 020.018/2016-9 (TCU).,020.018/2016-9,PSB,oposição,FNT-000309,"TCU, certidões: responsáveis com contas julgadas irregulares (lista pública)",https://certidoes.apps.tcu.gov.br/api/publico/responsaveis-contas-irregulares/exportar-para-csv?paginaAtual=1&tamanhoPagina=50000
2019-09-03,ATR-001697,André Janones,agente_publico,representado,2019-09-03: André Janones passou a ser representado em REP 7/2019 (CEDP-CD) por quebra de decoro parlamentar.,REP 7/2019,AVANTE,base do governo,FNT-000306,"Câmara dos Deputados, dados abertos: tramitações das representações (REP)",https://dadosabertos.camara.leg.br/api/v2/proposicoes/{id}/tramitacoes
2019-09-04,ATR-000774,EDMILSON RODRIGUES,agente_publico,arquivado,2019-09-04: a investigação sobre EDMILSON RODRIGUES em REP 5/2019 (CEDP-CD) foi arquivada.,REP 5/2019,PSOL,oposição,FNT-000306,"Câmara dos Deputados, dados abertos: tramitações das representações (REP)",https://dadosabertos.camara.leg.br/api/v2/proposicoes/{id}/tramitacoes
2019-09-04,ATR-001431,EXPEDITO NETTO,agente_publico,arquivado,2019-09-04: a investigação sobre EXPEDITO NETTO em REP 5/2019 (CEDP-CD) foi arquivada.,REP 5/2019,PSD,base do governo,FNT-000306,"Câmara dos Deputados, dados abertos: tramitações das representações (REP)",https://dadosabertos.camara.leg.br/api/v2/proposicoes/{id}/tramitacoes
2019-09-10,ATR-001022,Glauber Braga,agente_publico,representado,2019-09-10: Glauber Braga passou a ser representado em REP 8/2019 (CEDP-CD) por quebra de decoro parlamentar.,REP 8/2019,PSOL,oposição,FNT-000306,"Câmara dos Deputados, dados abertos: tramitações das representações (REP)",https://dadosabertos.camara.leg.br/api/v2/proposicoes/{id}/tramitacoes
2019-09-17,ATR-001644,Carlos Jordy,agente_publico,representado,2019-09-17: Carlos Jordy passou a ser representado em REP 9/2019 (CEDP-CD) por quebra de decoro parlamentar.,REP 9/2019,PSL,base do governo,FNT-000306,"Câmara dos Deputados, dados abertos: tramitações das representações (REP)",https://dadosabertos.camara.leg.br/api/v2/proposicoes/{id}/tramitacoes
2019-09-17,ATR-000564,JORGE ALBERTO,agente_publico,contas_julgadas_irregulares,2019-09-17: transitou em julgado o julgamento das contas de JORGE ALBERTO como irregulares em 045.601/2012-7 (TCU).,045.601/2012-7,MDB,base do governo,FNT-000309,"TCU, certidões: responsáveis com contas julgadas irregulares (lista pública)",https://certidoes.apps.tcu.gov.br/api/publico/responsaveis-contas-irregulares/exportar-para-csv?paginaAtual=1&tamanhoPagina=50000
2019-09-24,ATR-002521,Telmário Mota,agente_publico,representado,2019-09-24: Telmário Mota passou a ser representado em PCE 3/2019 (CEDP-SF) por quebra de decoro parlamentar.,PCE 3/2019,PROS,base do governo,FNT-000307,"Senado Federal, dados abertos: processos do Conselho de Ética (REP, DEN, PCE)",https://legis.senado.leg.br/dadosabertos/processo/{id}
2019-09-26,ATR-002582,Jorge Kajuru,agente_publico,representado,2019-09-26: Jorge Kajuru passou a ser representado em PCE 4/2019 (CEDP-SF) por quebra de decoro parlamentar.,PCE 4/2019,CIDADANIA,base do governo,FNT-000307,"Senado Federal, dados abertos: processos do Conselho de Ética (REP, DEN, PCE)",https://legis.senado.leg.br/dadosabertos/processo/{id}
2019-10-02,ATR-002548,Cid Gomes,agente_publico,representado,2019-10-02: Cid Gomes passou a ser representado em PCE 5/2019 (CEDP-SF) por quebra de decoro parlamentar.,PCE 5/2019,PDT,oposição,FNT-000307,"Senado Federal, dados abertos: processos do Conselho de Ética (REP, DEN, PCE)",https://legis.senado.leg.br/dadosabertos/processo/{id}
2019-10-03,ATR-002718,FRANCISCO FLAMARION PORTELA,agente_publico,contas_julgadas_irregulares,2019-10-03: transitou em julgado o julgamento das contas de FRANCISCO FLAMARION PORTELA como irregulares em 035.832/2015-0 (TCU).,035.832/2015-0,PSL,base do governo,FNT-000309,"TCU, certidões: responsáveis com contas julgadas irregulares (lista pública)",https://certidoes.apps.tcu.gov.br/api/publico/responsaveis-contas-irregulares/exportar-para-csv?paginaAtual=1&tamanhoPagina=50000
2019-10-11,ATR-000014,LÚCIA BRAGA,agente_publico,contas_julgadas_irregulares,2019-10-11: transitou em julgado o julgamento das contas de LÚCIA BRAGA como irregulares em 025.413/2013-9 (TCU).,025.413/2013-9,MDB,base do governo,FNT-000309,"TCU, certidões: responsáveis com contas julgadas irregulares (lista pública)",https://certidoes.apps.tcu.gov.br/api/publico/responsaveis-contas-irregulares/exportar-para-csv?paginaAtual=1&tamanhoPagina=50000
2019-10-16,ATR-000760,NATAN DONADON,agente_publico,punibilidade_extinta,2019-10-16: foi declarada extinta a punibilidade de NATAN DONADON em AP 396 (STF).,AP 396,MDB,base do governo,FNT-000313,"STF, AP 396: decisão monocrática publicada no DJe em 2019-10-18 (peça do portal)",https://portal.stf.jus.br/processos/downloadPeca.asp?id=15341501774&ext=.pdf
2019-10-17,ATR-000014,LÚCIA BRAGA,agente_publico,contas_julgadas_irregulares,2019-10-17: transitou em julgado o julgamento das contas de LÚCIA BRAGA como irregulares em 025.142/2013-5 (TCU).,025.142/2013-5,MDB,base do governo,FNT-000309,"TCU, certidões: responsáveis com contas julgadas irregulares (lista pública)",https://certidoes.apps.tcu.gov.br/api/publico/responsaveis-contas-irregulares/exportar-para-csv?paginaAtual=1&tamanhoPagina=50000
2019-10-23,ATR-000014,LÚCIA BRAGA,agente_publico,contas_julgadas_irregulares,2019-10-23: transitou em julgado o julgamento das contas de LÚCIA BRAGA como irregulares em 025.140/2013-2 (TCU).,025.140/2013-2,MDB,base do governo,FNT-000309,"TCU, certidões: responsáveis com contas julgadas irregulares (lista pública)",https://certidoes.apps.tcu.gov.br/api/publico/responsaveis-contas-irregulares/exportar-para-csv?paginaAtual=1&tamanhoPagina=50000
2019-10-23,ATR-000014,LÚCIA BRAGA,agente_publico,contas_julgadas_irregulares,2019-10-23: transitou em julgado o julgamento das contas de LÚCIA BRAGA como irregulares em 025.182/2013-7 (TCU).,025.182/2013-7,MDB,base do governo,FNT-000309,"TCU, certidões: responsáveis com contas julgadas irregulares (lista pública)",https://certidoes.apps.tcu.gov.br/api/publico/responsaveis-contas-irregulares/exportar-para-csv?paginaAtual=1&tamanhoPagina=50000
2019-10-23,ATR-000014,LÚCIA BRAGA,agente_publico,contas_julgadas_irregulares,2019-10-23: transitou em julgado o julgamento das contas de LÚCIA BRAGA como irregulares em 025.165/2013-5 (TCU).,025.165/2013-5,MDB,base do governo,FNT-000309,"TCU, certidões: responsáveis com contas julgadas irregulares (lista pública)",https://certidoes.apps.tcu.gov.br/api/publico/responsaveis-contas-irregulares/exportar-para-csv?paginaAtual=1&tamanhoPagina=50000
2019-10-23,ATR-000708,LUCIO VIEIRA LIMA,agente_publico,condenado_tribunal_superior,"2019-10-23: LUCIO VIEIRA LIMA foi condenado por tribunal superior em AP 1030 (STF) (lavagem de dinheiro (Lei 9.613/1998, art. 1º, caput) e associação criminosa (art. 288, CP)).",AP 1030,MDB,base do governo,FNT-000046,"STF, Corte Aberta: decisões em ações penais e inquéritos, 08/01/2003 a 23/09/2026 (exportação do painel)",https://transparencia.stf.jus.br/extensions/decisoes/decisoes.html
2019-10-27,ATR-000014,LÚCIA BRAGA,agente_publico,contas_julgadas_irregulares,2019-10-27: transitou em julgado o julgamento das contas de LÚCIA BRAGA como irregulares em 025.407/2013-9 (TCU).,025.407/2013-9,MDB,base do governo,FNT-000309,"TCU, certidões: responsáveis com contas julgadas irregulares (lista pública)",https://certidoes.apps.tcu.gov.br/api/publico/responsaveis-contas-irregulares/exportar-para-csv?paginaAtual=1&tamanhoPagina=50000
2019-10-30,ATR-000014,LÚCIA BRAGA,agente_publico,contas_julgadas_irregulares,2019-10-30: transitou em julgado o julgamento das contas de LÚCIA BRAGA como irregulares em 025.423/2013-4 (TCU).,025.423/2013-4,MDB,base do governo,FNT-000309,"TCU, certidões: responsáveis com contas julgadas irregulares (lista pública)",https://certidoes.apps.tcu.gov.br/api/publico/responsaveis-contas-irregulares/exportar-para-csv?paginaAtual=1&tamanhoPagina=50000
2019-11-02,ATR-000014,LÚCIA BRAGA,agente_publico,contas_julgadas_irregulares,2019-11-02: transitou em julgado o julgamento das contas de LÚCIA BRAGA como irregulares em 025.156/2013-6 (TCU).,025.156/2013-6,MDB,base do governo,FNT-000309,"TCU, certidões: responsáveis com contas julgadas irregulares (lista pública)",https://certidoes.apps.tcu.gov.br/api/publico/responsaveis-contas-irregulares/exportar-para-csv?paginaAtual=1&tamanhoPagina=50000
2019-11-06,ATR-001696,Coronel Tadeu,agente_publico,arquivado,2019-11-06: a investigação sobre Coronel Tadeu em REP 1/2019 (CEDP-CD) foi arquivada.,REP 1/2019,PSL,base do governo,FNT-000306,"Câmara dos Deputados, dados abertos: tramitações das representações (REP)",https://dadosabertos.camara.leg.br/api/v2/proposicoes/{id}/tramitacoes
2019-11-06,ATR-000014,LÚCIA BRAGA,agente_publico,contas_julgadas_irregulares,2019-11-06: transitou em julgado o julgamento das contas de LÚCIA BRAGA como irregulares em 025.417/2013-4 (TCU).,025.417/2013-4,MDB,base do governo,FNT-000309,"TCU, certidões: responsáveis com contas julgadas irregulares (lista pública)",https://certidoes.apps.tcu.gov.br/api/publico/responsaveis-contas-irregulares/exportar-para-csv?paginaAtual=1&tamanhoPagina=50000
2019-11-06,ATR-000014,LÚCIA BRAGA,agente_publico,contas_julgadas_irregulares,2019-11-06: transitou em julgado o julgamento das contas de LÚCIA BRAGA como irregulares em 025.260/2013-8 (TCU).,025.260/2013-8,MDB,base do governo,FNT-000309,"TCU, certidões: responsáveis com contas julgadas irregulares (lista pública)",https://certidoes.apps.tcu.gov.br/api/publico/responsaveis-contas-irregulares/exportar-para-csv?paginaAtual=1&tamanhoPagina=50000
2019-11-07,ATR-001655,José Medeiros,agente_publico,arquivado,2019-11-07: a investigação sobre José Medeiros em REP 4/2019 (CEDP-CD) foi arquivada.,REP 4/2019,PODE,base do governo,FNT-000306,"Câmara dos Deputados, dados abertos: tramitações das representações (REP)",https://dadosabertos.camara.leg.br/api/v2/proposicoes/{id}/tramitacoes
2019-11-08,ATR-000014,LÚCIA BRAGA,agente_publico,contas_julgadas_irregulares,2019-11-08: transitou em julgado o julgamento das contas de LÚCIA BRAGA como irregulares em 025.259/2013-0 (TCU).,025.259/2013-0,MDB,base do governo,FNT-000309,"TCU, certidões: responsáveis com contas julgadas irregulares (lista pública)",https://certidoes.apps.tcu.gov.br/api/publico/responsaveis-contas-irregulares/exportar-para-csv?paginaAtual=1&tamanhoPagina=50000
2019-11-08,ATR-000014,LÚCIA BRAGA,agente_publico,contas_julgadas_irregulares,2019-11-08: transitou em julgado o julgamento das contas de LÚCIA BRAGA como irregulares em 025.411/2013-6 (TCU).,025.411/2013-6,MDB,base do governo,FNT-000309,"TCU, certidões: responsáveis com contas julgadas irregulares (lista pública)",https://certidoes.apps.tcu.gov.br/api/publico/responsaveis-contas-irregulares/exportar-para-csv?paginaAtual=1&tamanhoPagina=50000
2019-11-08,ATR-000014,LÚCIA BRAGA,agente_publico,contas_julgadas_irregulares,2019-11-08: transitou em julgado o julgamento das contas de LÚCIA BRAGA como irregulares em 025.445/2013-8 (TCU).,025.445/2013-8,MDB,base do governo,FNT-000309,"TCU, certidões: responsáveis com contas julgadas irregulares (lista pública)",https://certidoes.apps.tcu.gov.br/api/publico/responsaveis-contas-irregulares/exportar-para-csv?paginaAtual=1&tamanhoPagina=50000
2019-11-08,ATR-000014,LÚCIA BRAGA,agente_publico,contas_julgadas_irregulares,2019-11-08: transitou em julgado o julgamento das contas de LÚCIA BRAGA como irregulares em 025.218/2013-1 (TCU).,025.218/2013-1,MDB,base do governo,FNT-000309,"TCU, certidões: responsáveis com contas julgadas irregulares (lista pública)",https://certidoes.apps.tcu.gov.br/api/publico/responsaveis-contas-irregulares/exportar-para-csv?paginaAtual=1&tamanhoPagina=50000
2019-11-08,ATR-000014,LÚCIA BRAGA,agente_publico,contas_julgadas_irregulares,2019-11-08: transitou em julgado o julgamento das contas de LÚCIA BRAGA como irregulares em 025.161/2013-0 (TCU).,025.161/2013-0,MDB,base do governo,FNT-000309,"TCU, certidões: responsáveis com contas julgadas irregulares (lista pública)",https://certidoes.apps.tcu.gov.br/api/publico/responsaveis-contas-irregulares/exportar-para-csv?paginaAtual=1&tamanhoPagina=50000
2019-11-08,ATR-000014,LÚCIA BRAGA,agente_publico,contas_julgadas_irregulares,2019-11-08: transitou em julgado o julgamento das contas de LÚCIA BRAGA como irregulares em 025.262/2013-0 (TCU).,025.262/2013-0,MDB,base do governo,FNT-000309,"TCU, certidões: responsáveis com contas julgadas irregulares (lista pública)",https://certidoes.apps.tcu.gov.br/api/publico/responsaveis-contas-irregulares/exportar-para-csv?paginaAtual=1&tamanhoPagina=50000
2019-11-08,ATR-000014,LÚCIA BRAGA,agente_publico,contas_julgadas_irregulares,2019-11-08: transitou em julgado o julgamento das contas de LÚCIA BRAGA como irregulares em 025.416/2013-8 (TCU).,025.416/2013-8,MDB,base do governo,FNT-000309,"TCU, certidões: responsáveis com contas julgadas irregulares (lista pública)",https://certidoes.apps.tcu.gov.br/api/publico/responsaveis-contas-irregulares/exportar-para-csv?paginaAtual=1&tamanhoPagina=50000
2019-11-13,ATR-000941,NEILTON MULIM,agente_publico,contas_julgadas_irregulares,2019-11-13: transitou em julgado o julgamento das contas de NEILTON MULIM como irregulares em 002.530/2016-3 (TCU).,002.530/2016-3,PL,base do governo,FNT-000309,"TCU, certidões: responsáveis com contas julgadas irregulares (lista pública)",https://certidoes.apps.tcu.gov.br/api/publico/responsaveis-contas-irregulares/exportar-para-csv?paginaAtual=1&tamanhoPagina=50000
2019-11-19,ATR-000185,ANTONIO NOGUEIRA,agente_publico,contas_julgadas_irregulares,2019-11-19: transitou em julgado o julgamento das contas de ANTONIO NOGUEIRA como irregulares em 005.281/2013-0 (TCU).,005.281/2013-0,PT,oposição,FNT-000309,"TCU, certidões: responsáveis com contas julgadas irregulares (lista pública)",https://certidoes.apps.tcu.gov.br/api/publico/responsaveis-contas-irregulares/exportar-para-csv?paginaAtual=1&tamanhoPagina=50000
2019-11-20,ATR-000702,Eduardo Bolsonaro,agente_publico,representado,2019-11-20: Eduardo Bolsonaro passou a ser representado em REP 10/2019 (CEDP-CD) por quebra de decoro parlamentar.,REP 10/2019,PSL,base do governo,FNT-000306,"Câmara dos Deputados, dados abertos: tramitações das representações (REP)",https://dadosabertos.camara.leg.br/api/v2/proposicoes/{id}/tramitacoes
2019-11-20,ATR-000702,Eduardo Bolsonaro,agente_publico,representado,2019-11-20: Eduardo Bolsonaro passou a ser representado em REP 11/2019 (CEDP-CD) por quebra de decoro parlamentar.,REP 11/2019,PSL,base do governo,FNT-000306,"Câmara dos Deputados, dados abertos: tramitações das representações (REP)",https://dadosabertos.camara.leg.br/api/v2/proposicoes/{id}/tramitacoes
2019-11-20,ATR-000702,Eduardo Bolsonaro,agente_publico,representado,2019-11-20: Eduardo Bolsonaro passou a ser representado em REP 12/2019 (CEDP-CD) por quebra de decoro parlamentar.,REP 12/2019,PSL,base do governo,FNT-000306,"Câmara dos Deputados, dados abertos: tramitações das representações (REP)",https://dadosabertos.camara.leg.br/api/v2/proposicoes/{id}/tramitacoes
2019-11-26,ATR-001538,EURICELIA CARDOSO,agente_publico,contas_julgadas_irregulares,2019-11-26: transitou em julgado o julgamento das contas de EURICELIA CARDOSO como irregulares em 007.645/2015-5 (TCU).,007.645/2015-5,PP,base do governo,FNT-000309,"TCU, certidões: responsáveis com contas julgadas irregulares (lista pública)",https://certidoes.apps.tcu.gov.br/api/publico/responsaveis-contas-irregulares/exportar-para-csv?paginaAtual=1&tamanhoPagina=50000
2019-11-27,ATR-002716,LUIZ INACIO LULA DA SILVA,agente_publico,condenado_2a_instancia,2019-11-27: LUIZ INACIO LULA DA SILVA foi condenado em segunda instância em 5021365-32.2017.4.04.7000 (JFPR) (corrupção passiva e lavagem de dinheiro).,5021365-32.2017.4.04.7000,PT,oposição,FNT-000259,"TRF4, Notícias: TRF4 confirma condenação do ex-presidente Lula (ação do sítio de Atibaia)",https://www.trf4.jus.br/trf4/controlador.php?acao=noticia_visualizar&id_noticia=14914
2019-11-27,ATR-001689,Carla Zambelli,agente_publico,representado,2019-11-27: Carla Zambelli passou a ser representado em REP 13/2019 (CEDP-CD) por quebra de decoro parlamentar.,REP 13/2019,PSL,base do governo,FNT-000306,"Câmara dos Deputados, dados abertos: tramitações das representações (REP)",https://dadosabertos.camara.leg.br/api/v2/proposicoes/{id}/tramitacoes
2019-11-28,ATR-001598,Filipe Barros,agente_publico,representado,2019-11-28: Filipe Barros passou a ser representado em REP 14/2019 (CEDP-CD) por quebra de decoro parlamentar.,REP 14/2019,PSL,base do governo,FNT-000306,"Câmara dos Deputados, dados abertos: tramitações das representações (REP)",https://dadosabertos.camara.leg.br/api/v2/proposicoes/{id}/tramitacoes
2019-12-02,ATR-001696,Coronel Tadeu,agente_publico,representado,2019-12-02: Coronel Tadeu passou a ser representado em REP 15/2019 (CEDP-CD) por quebra de decoro parlamentar.,REP 15/2019,PSL,base do governo,FNT-000306,"Câmara dos Deputados, dados abertos: tramitações das representações (REP)",https://dadosabertos.camara.leg.br/api/v2/proposicoes/{id}/tramitacoes
2019-12-02,ATR-002521,Telmário Mota,agente_publico,arquivado,2019-12-02: a investigação sobre Telmário Mota em PCE 3/2019 (CEDP-SF) foi arquivada.,PCE 3/2019,PROS,base do governo,FNT-000307,"Senado Federal, dados abertos: processos do Conselho de Ética (REP, DEN, PCE)",https://legis.senado.leg.br/dadosabertos/processo/{id}
2019-12-06,ATR-001689,Carla Zambelli,agente_publico,representado,2019-12-06: Carla Zambelli passou a ser representado em REP 16/2019 (CEDP-CD) por quebra de decoro parlamentar.,REP 16/2019,PSL,base do governo,FNT-000306,"Câmara dos Deputados, dados abertos: tramitações das representações (REP)",https://dadosabertos.camara.leg.br/api/v2/proposicoes/{id}/tramitacoes
2019-12-06,ATR-001638,Daniel Silveira,agente_publico,representado,2019-12-06: Daniel Silveira passou a ser representado em REP 17/2019 (CEDP-CD) por quebra de decoro parlamentar.,REP 17/2019,PSL,base do governo,FNT-000306,"Câmara dos Deputados, dados abertos: tramitações das representações (REP)",https://dadosabertos.camara.leg.br/api/v2/proposicoes/{id}/tramitacoes
2019-12-06,ATR-001644,Carlos Jordy,agente_publico,representado,2019-12-06: Carlos Jordy passou a ser representado em REP 18/2019 (CEDP-CD) por quebra de decoro parlamentar.,REP 18/2019,PSL,base do governo,FNT-000306,"Câmara dos Deputados, dados abertos: tramitações das representações (REP)",https://dadosabertos.camara.leg.br/api/v2/proposicoes/{id}/tramitacoes
2019-12-06,ATR-001727,Alê Silva,agente_publico,representado,2019-12-06: Alê Silva passou a ser representado em REP 19/2019 (CEDP-CD) por quebra de decoro parlamentar.,REP 19/2019,PSL,base do governo,FNT-000306,"Câmara dos Deputados, dados abertos: tramitações das representações (REP)",https://dadosabertos.camara.leg.br/api/v2/proposicoes/{id}/tramitacoes
2019-12-06,ATR-001598,Filipe Barros,agente_publico,representado,2019-12-06: Filipe Barros passou a ser representado em REP 20/2019 (CEDP-CD) por quebra de decoro parlamentar.,REP 20/2019,PSL,base do governo,FNT-000306,"Câmara dos Deputados, dados abertos: tramitações das representações (REP)",https://dadosabertos.camara.leg.br/api/v2/proposicoes/{id}/tramitacoes
2019-12-06,ATR-001577,Bibo Nunes,agente_publico,representado,2019-12-06: Bibo Nunes passou a ser representado em REP 21/2019 (CEDP-CD) por quebra de decoro parlamentar.,REP 21/2019,PSL,base do governo,FNT-000306,"Câmara dos Deputados, dados abertos: tramitações das representações (REP)",https://dadosabertos.camara.leg.br/api/v2/proposicoes/{id}/tramitacoes
2019-12-10,ATR-001022,Glauber Braga,agente_publico,arquivado,2019-12-10: a investigação sobre Glauber Braga em REP 8/2019 (CEDP-CD) foi arquivada.,REP 8/2019,PSOL,oposição,FNT-000306,"Câmara dos Deputados, dados abertos: tramitações das representações (REP)",https://dadosabertos.camara.leg.br/api/v2/proposicoes/{id}/tramitacoes
2019-12-10,ATR-001644,Carlos Jordy,agente_publico,arquivado,2019-12-10: a investigação sobre Carlos Jordy em REP 9/2019 (CEDP-CD) foi arquivada.,REP 9/2019,PSL,base do governo,FNT-000306,"Câmara dos Deputados, dados abertos: tramitações das representações (REP)",https://dadosabertos.camara.leg.br/api/v2/proposicoes/{id}/tramitacoes
2019-12-28,ATR-000185,ANTONIO NOGUEIRA,agente_publico,contas_julgadas_irregulares,2019-12-28: transitou em julgado o julgamento das contas de ANTONIO NOGUEIRA como irregulares em 034.154/2018-3 (TCU).,034.154/2018-3,PT,oposição,FNT-000309,"TCU, certidões: responsáveis com contas julgadas irregulares (lista pública)",https://certidoes.apps.tcu.gov.br/api/publico/responsaveis-contas-irregulares/exportar-para-csv?paginaAtual=1&tamanhoPagina=50000
2020-01-03,ATR-000846,DJALMA BERGER,agente_publico,contas_julgadas_irregulares,2020-01-03: transitou em julgado o julgamento das contas de DJALMA BERGER como irregulares em 009.106/2015-4 (TCU).,009.106/2015-4,PSB,oposição,FNT-000309,"TCU, certidões: responsáveis com contas julgadas irregulares (lista pública)",https://certidoes.apps.tcu.gov.br/api/publico/responsaveis-contas-irregulares/exportar-para-csv?paginaAtual=1&tamanhoPagina=50000
2020-02-18,ATR-001392,ADALBERTO CAVALCANTI,agente_publico,absolvido,2020-02-18: ADALBERTO CAVALCANTI foi absolvido em AP 976 (STF).,AP 976,AVANTE,base do governo,FNT-000046,"STF, Corte Aberta: decisões em ações penais e inquéritos, 08/01/2003 a 23/09/2026 (exportação do painel)",https://transparencia.stf.jus.br/extensions/decisoes/decisoes.html
2020-02-19,ATR-002568,Flávio Bolsonaro,agente_publico,representado,2020-02-19: Flávio Bolsonaro passou a ser representado em PCE 1/2020 (CEDP-SF) por quebra de decoro parlamentar.,PCE 1/2020,PSL,base do governo,FNT-000307,"Senado Federal, dados abertos: processos do Conselho de Ética (REP, DEN, PCE)",https://legis.senado.leg.br/dadosabertos/processo/{id}
2020-03-07,ATR-000014,LÚCIA BRAGA,agente_publico,contas_julgadas_irregulares,2020-03-07: transitou em julgado o julgamento das contas de LÚCIA BRAGA como irregulares em 025.299/2013-1 (TCU).,025.299/2013-1,MDB,base do governo,FNT-000309,"TCU, certidões: responsáveis com contas julgadas irregulares (lista pública)",https://certidoes.apps.tcu.gov.br/api/publico/responsaveis-contas-irregulares/exportar-para-csv?paginaAtual=1&tamanhoPagina=50000
2020-03-25,ATR-000182,DAVI ALCOLUMBRE,agente_publico,representado,2020-03-25: DAVI ALCOLUMBRE passou a ser representado em PCE 2/2020 (CEDP-SF) por quebra de decoro parlamentar.,PCE 2/2020,DEM,base do governo,FNT-000307,"Senado Federal, dados abertos: processos do Conselho de Ética (REP, DEN, PCE)",https://legis.senado.leg.br/dadosabertos/processo/{id}
2020-06-05,ATR-000616,DR. EVILÁSIO,agente_publico,contas_julgadas_irregulares,2020-06-05: transitou em julgado o julgamento das contas de DR. EVILÁSIO como irregulares em 010.445/2016-1 (TCU).,010.445/2016-1,PSB,oposição,FNT-000309,"TCU, certidões: responsáveis com contas julgadas irregulares (lista pública)",https://certidoes.apps.tcu.gov.br/api/publico/responsaveis-contas-irregulares/exportar-para-csv?paginaAtual=1&tamanhoPagina=50000
2020-06-05,ATR-000758,WALTER BARELLI,agente_publico,contas_julgadas_irregulares,2020-06-05: transitou em julgado o julgamento das contas de WALTER BARELLI como irregulares em 013.541/2014-5 (TCU).,013.541/2014-5,PSDB,base do governo,FNT-000309,"TCU, certidões: responsáveis com contas julgadas irregulares (lista pública)",https://certidoes.apps.tcu.gov.br/api/publico/responsaveis-contas-irregulares/exportar-para-csv?paginaAtual=1&tamanhoPagina=50000
2020-06-08,ATR-000949,Paulinho da Força,agente_publico,condenado_tribunal_superior,2020-06-08: Paulinho da Força foi condenado por tribunal superior em AP 965 (STF) (assunto no STF: DIREITO PENAL | CRIMES PREVISTOS NA LEGISLAÇÃO EXTRAVAGANTE | CRIMES CONTRA O SISTEMA FINANCEIRO NACIONAL).,AP 965,SOLIDARIEDADE,base do governo,FNT-000046,"STF, Corte Aberta: decisões em ações penais e inquéritos, 08/01/2003 a 23/09/2026 (exportação do painel)",https://transparencia.stf.jus.br/extensions/decisoes/decisoes.html
2020-06-10,ATR-000346,ANÍBAL GOMES,agente_publico,condenado_tribunal_superior,"2020-06-10: ANÍBAL GOMES foi condenado por tribunal superior em AP 1002 (STF) (corrupção passiva (art. 317, § 1º, CP) e lavagem de dinheiro (Lei 9.613/1998, art. 1º, caput)).",AP 1002,DEM,base do governo,FNT-000046,"STF, Corte Aberta: decisões em ações penais e inquéritos, 08/01/2003 a 23/09/2026 (exportação do painel)",https://transparencia.stf.jus.br/extensions/decisoes/decisoes.html
2020-06-24,ATR-001270,ALEXANDRE TOLEDO,agente_publico,contas_julgadas_irregulares,2020-06-24: transitou em julgado o julgamento das contas de ALEXANDRE TOLEDO como irregulares em 016.177/2015-0 (TCU).,016.177/2015-0,PSB,oposição,FNT-000309,"TCU, certidões: responsáveis com contas julgadas irregulares (lista pública)",https://certidoes.apps.tcu.gov.br/api/publico/responsaveis-contas-irregulares/exportar-para-csv?paginaAtual=1&tamanhoPagina=50000
2020-07-23,ATR-000129,REINALDO GRIPP,agente_publico,contas_julgadas_irregulares,2020-07-23: transitou em julgado o julgamento das contas de REINALDO GRIPP como irregulares em 003.110/2018-4 (TCU).,003.110/2018-4,PL,base do governo,FNT-000309,"TCU, certidões: responsáveis com contas julgadas irregulares (lista pública)",https://certidoes.apps.tcu.gov.br/api/publico/responsaveis-contas-irregulares/exportar-para-csv?paginaAtual=1&tamanhoPagina=50000
2020-08-24,ATR-000448,Vander Loubet,agente_publico,absolvido,2020-08-24: Vander Loubet foi absolvido em AP 1019 (STF).,AP 1019,PT,oposição,FNT-000046,"STF, Corte Aberta: decisões em ações penais e inquéritos, 08/01/2003 a 23/09/2026 (exportação do painel)",https://transparencia.stf.jus.br/extensions/decisoes/decisoes.html
2020-09-03,ATR-002326,Jayme Campos,agente_publico,representado,2020-09-03: Jayme Campos passou a ser representado em PCE 3/2020 (CEDP-SF) por quebra de decoro parlamentar.,PCE 3/2020,DEM,base do governo,FNT-000307,"Senado Federal, dados abertos: processos do Conselho de Ética (REP, DEN, PCE)",https://legis.senado.leg.br/dadosabertos/processo/{id}
2020-09-25,ATR-002582,Jorge Kajuru,agente_publico,representado,2020-09-25: Jorge Kajuru passou a ser representado em PCE 4/2020 (CEDP-SF) por quebra de decoro parlamentar.,PCE 4/2020,CIDADANIA,base do governo,FNT-000307,"Senado Federal, dados abertos: processos do Conselho de Ética (REP, DEN, PCE)",https://legis.senado.leg.br/dadosabertos/processo/{id}
2020-09-25,ATR-002582,Jorge Kajuru,agente_publico,representado,2020-09-25: Jorge Kajuru passou a ser representado em PCE 5/2020 (CEDP-SF) por quebra de decoro parlamentar.,PCE 5/2020,CIDADANIA,base do governo,FNT-000307,"Senado Federal, dados abertos: processos do Conselho de Ética (REP, DEN, PCE)",https://legis.senado.leg.br/dadosabertos/processo/{id}
2020-09-25,ATR-002582,Jorge Kajuru,agente_publico,representado,2020-09-25: Jorge Kajuru passou a ser representado em PCE 6/2020 (CEDP-SF) por quebra de decoro parlamentar.,PCE 6/2020,CIDADANIA,base do governo,FNT-000307,"Senado Federal, dados abertos: processos do Conselho de Ética (REP, DEN, PCE)",https://legis.senado.leg.br/dadosabertos/processo/{id}
2020-09-29,ATR-000603,CARLOS RODRIGUES,agente_publico,contas_julgadas_irregulares,2020-09-29: transitou em julgado o julgamento das contas de CARLOS RODRIGUES como irregulares em 003.110/2018-4 (TCU).,003.110/2018-4,PL,sem classificação,FNT-000309,"TCU, certidões: responsáveis com contas julgadas irregulares (lista pública)",https://certidoes.apps.tcu.gov.br/api/publico/responsaveis-contas-irregulares/exportar-para-csv?paginaAtual=1&tamanhoPagina=50000
2020-10-01,ATR-000147,NELSON MEURER,agente_publico,punibilidade_extinta,2020-10-01: foi declarada extinta a punibilidade de NELSON MEURER em AP 996 (STF).,AP 996,PP,base do governo,FNT-000046,"STF, Corte Aberta: decisões em ações penais e inquéritos, 08/01/2003 a 23/09/2026 (exportação do painel)",https://transparencia.stf.jus.br/extensions/decisoes/decisoes.html
2020-10-14,ATR-000879,HOMERO PEREIRA,agente_publico,contas_julgadas_irregulares,2020-10-14: transitou em julgado o julgamento das contas de HOMERO PEREIRA como irregulares em 017.006/2007-7 (TCU).,017.006/2007-7,PSD,base do governo,FNT-000309,"TCU, certidões: responsáveis com contas julgadas irregulares (lista pública)",https://certidoes.apps.tcu.gov.br/api/publico/responsaveis-contas-irregulares/exportar-para-csv?paginaAtual=1&tamanhoPagina=50000
2020-10-16,ATR-002547,Chico Rodrigues,agente_publico,representado,2020-10-16: Chico Rodrigues passou a ser representado em PCE 7/2020 (CEDP-SF) por quebra de decoro parlamentar.,PCE 7/2020,DEM,base do governo,FNT-000307,"Senado Federal, dados abertos: processos do Conselho de Ética (REP, DEN, PCE)",https://legis.senado.leg.br/dadosabertos/processo/{id}
2020-10-28,ATR-000185,ANTONIO NOGUEIRA,agente_publico,contas_julgadas_irregulares,2020-10-28: transitou em julgado o julgamento das contas de ANTONIO NOGUEIRA como irregulares em 010.265/2019-8 (TCU).,010.265/2019-8,PT,oposição,FNT-000309,"TCU, certidões: responsáveis com contas julgadas irregulares (lista pública)",https://certidoes.apps.tcu.gov.br/api/publico/responsaveis-contas-irregulares/exportar-para-csv?paginaAtual=1&tamanhoPagina=50000
2020-11-11,ATR-002285,Valdir Raupp,agente_publico,condenado_tribunal_superior,"2020-11-11: Valdir Raupp foi condenado por tribunal superior em AP 1015 (STF) (corrupção passiva (art. 317, § 1º, CP) e lavagem de dinheiro (Lei 9.613/1998, art. 1º, caput)).",AP 1015,MDB,base do governo,FNT-000046,"STF, Corte Aberta: decisões em ações penais e inquéritos, 08/01/2003 a 23/09/2026 (exportação do painel)",https://transparencia.stf.jus.br/extensions/decisoes/decisoes.html
2020-12-08,ATR-000941,NEILTON MULIM,agente_publico,contas_julgadas_irregulares,2020-12-08: transitou em julgado o julgamento das contas de NEILTON MULIM como irregulares em 025.562/2018-5 (TCU).,025.562/2018-5,PL,base do governo,FNT-000309,"TCU, certidões: responsáveis com contas julgadas irregulares (lista pública)",https://certidoes.apps.tcu.gov.br/api/publico/responsaveis-contas-irregulares/exportar-para-csv?paginaAtual=1&tamanhoPagina=50000
2020-12-09,ATR-000185,ANTONIO NOGUEIRA,agente_publico,contas_julgadas_irregulares,2020-12-09: transitou em julgado o julgamento das contas de ANTONIO NOGUEIRA como irregulares em 010.328/2019-0 (TCU).,010.328/2019-0,PT,oposição,FNT-000309,"TCU, certidões: responsáveis com contas julgadas irregulares (lista pública)",https://certidoes.apps.tcu.gov.br/api/publico/responsaveis-contas-irregulares/exportar-para-csv?paginaAtual=1&tamanhoPagina=50000
2020-12-18,ATR-000941,NEILTON MULIM,agente_publico,contas_julgadas_irregulares,2020-12-18: transitou em julgado o julgamento das contas de NEILTON MULIM como irregulares em 036.538/2019-1 (TCU).,036.538/2019-1,PL,base do governo,FNT-000309,"TCU, certidões: responsáveis com contas julgadas irregulares (lista pública)",https://certidoes.apps.tcu.gov.br/api/publico/responsaveis-contas-irregulares/exportar-para-csv?paginaAtual=1&tamanhoPagina=50000
2020-12-29,ATR-000362,SANDRO MATOS,agente_publico,contas_julgadas_irregulares,2020-12-29: transitou em julgado o julgamento das contas de SANDRO MATOS como irregulares em 031.806/2018-0 (TCU).,031.806/2018-0,PL,base do governo,FNT-000309,"TCU, certidões: responsáveis com contas julgadas irregulares (lista pública)",https://certidoes.apps.tcu.gov.br/api/publico/responsaveis-contas-irregulares/exportar-para-csv?paginaAtual=1&tamanhoPagina=50000
2020-12-30,ATR-002568,Flávio Bolsonaro,agente_publico,representado,2020-12-30: Flávio Bolsonaro passou a ser representado em PCE 8/2020 (CEDP-SF) por quebra de decoro parlamentar.,PCE 8/2020,PSL,base do governo,FNT-000307,"Senado Federal, dados abertos: processos do Conselho de Ética (REP, DEN, PCE)",https://legis.senado.leg.br/dadosabertos/processo/{id}
2021-01-20,ATR-000339,ELISEU MOURA,agente_publico,contas_julgadas_irregulares,2021-01-20: transitou em julgado o julgamento das contas de ELISEU MOURA como irregulares em 004.867/2018-1 (TCU).,004.867/2018-1,PP,base do governo,FNT-000309,"TCU, certidões: responsáveis com contas julgadas irregulares (lista pública)",https://certidoes.apps.tcu.gov.br/api/publico/responsaveis-contas-irregulares/exportar-para-csv?paginaAtual=1&tamanhoPagina=50000
2021-02-17,ATR-001638,Daniel Silveira,agente_publico,representado,2021-02-17: Daniel Silveira passou a ser representado em REP 1/2021 (CEDP-CD) por quebra de decoro parlamentar.,REP 1/2021,PSL,base do governo,FNT-000306,"Câmara dos Deputados, dados abertos: tramitações das representações (REP)",https://dadosabertos.camara.leg.br/api/v2/proposicoes/{id}/tramitacoes
2021-02-19,ATR-001631,Flordelis,agente_publico,representado,2021-02-19: Flordelis passou a ser representado em REP 2/2021 (CEDP-CD) por quebra de decoro parlamentar.,REP 2/2021,PSD,base do governo,FNT-000306,"Câmara dos Deputados, dados abertos: tramitações das representações (REP)",https://dadosabertos.camara.leg.br/api/v2/proposicoes/{id}/tramitacoes
2021-02-25,ATR-001638,Daniel Silveira,agente_publico,representado,2021-02-25: Daniel Silveira passou a ser representado em REP 3/2021 (CEDP-CD) por quebra de decoro parlamentar.,REP 3/2021,PSL,base do governo,FNT-000306,"Câmara dos Deputados, dados abertos: tramitações das representações (REP)",https://dadosabertos.camara.leg.br/api/v2/proposicoes/{id}/tramitacoes
2021-02-25,ATR-001638,Daniel Silveira,agente_publico,representado,2021-02-25: Daniel Silveira passou a ser representado em REP 4/2021 (CEDP-CD) por quebra de decoro parlamentar.,REP 4/2021,PSL,base do governo,FNT-000306,"Câmara dos Deputados, dados abertos: tramitações das representações (REP)",https://dadosabertos.camara.leg.br/api/v2/proposicoes/{id}/tramitacoes
2021-02-25,ATR-001638,Daniel Silveira,agente_publico,representado,2021-02-25: Daniel Silveira passou a ser representado em REP 5/2021 (CEDP-CD) por quebra de decoro parlamentar.,REP 5/2021,PSL,base do governo,FNT-000306,"Câmara dos Deputados, dados abertos: tramitações das representações (REP)",https://dadosabertos.camara.leg.br/api/v2/proposicoes/{id}/tramitacoes
2021-02-25,ATR-001638,Daniel Silveira,agente_publico,representado,2021-02-25: Daniel Silveira passou a ser representado em REP 6/2021 (CEDP-CD) por quebra de decoro parlamentar.,REP 6/2021,PSL,base do governo,FNT-000306,"Câmara dos Deputados, dados abertos: tramitações das representações (REP)",https://dadosabertos.camara.leg.br/api/v2/proposicoes/{id}/tramitacoes
2021-02-25,ATR-001638,Daniel Silveira,agente_publico,representado,2021-02-25: Daniel Silveira passou a ser representado em REP 7/2021 (CEDP-CD) por quebra de decoro parlamentar.,REP 7/2021,PSL,base do governo,FNT-000306,"Câmara dos Deputados, dados abertos: tramitações das representações (REP)",https://dadosabertos.camara.leg.br/api/v2/proposicoes/{id}/tramitacoes
2021-02-25,ATR-001638,Daniel Silveira,agente_publico,representado,2021-02-25: Daniel Silveira passou a ser representado em REP 8/2021 (CEDP-CD) por quebra de decoro parlamentar.,REP 8/2021,PSL,base do governo,FNT-000306,"Câmara dos Deputados, dados abertos: tramitações das representações (REP)",https://dadosabertos.camara.leg.br/api/v2/proposicoes/{id}/tramitacoes
2021-02-25,ATR-001638,Daniel Silveira,agente_publico,representado,2021-02-25: Daniel Silveira passou a ser representado em REP 9/2021 (CEDP-CD) por quebra de decoro parlamentar.,REP 9/2021,PSL,base do governo,FNT-000306,"Câmara dos Deputados, dados abertos: tramitações das representações (REP)",https://dadosabertos.camara.leg.br/api/v2/proposicoes/{id}/tramitacoes
2021-03-08,ATR-002716,LUIZ INACIO LULA DA SILVA,agente_publico,condenacao_anulada,2021-03-08: a condenação de LUIZ INACIO LULA DA SILVA em 5046512-94.2016.4.04.7000 (JFPR) foi anulada.,5046512-94.2016.4.04.7000,PT,oposição,FNT-000247,"STF, Notícias: Fachin anula condenações de Lula e manda ações penais para Justiça Federal do DF",https://portal.stf.jus.br/noticias/verNoticiaDetalhe.asp?idConteudo=461870&ori=1
2021-03-08,ATR-002716,LUIZ INACIO LULA DA SILVA,agente_publico,condenacao_anulada,2021-03-08: a condenação de LUIZ INACIO LULA DA SILVA em 5021365-32.2017.4.04.7000 (JFPR) foi anulada.,5021365-32.2017.4.04.7000,PT,oposição,FNT-000247,"STF, Notícias: Fachin anula condenações de Lula e manda ações penais para Justiça Federal do DF",https://portal.stf.jus.br/noticias/verNoticiaDetalhe.asp?idConteudo=461870&ori=1
2021-03-11,ATR-002401,Humberto Costa,agente_publico,representado,2021-03-11: Humberto Costa passou a ser representado em PCE 1/2021 (CEDP-SF) por quebra de decoro parlamentar.,PCE 1/2021,PT,oposição,FNT-000307,"Senado Federal, dados abertos: processos do Conselho de Ética (REP, DEN, PCE)",https://legis.senado.leg.br/dadosabertos/processo/{id}
2021-03-23,ATR-002716,LUIZ INACIO LULA DA SILVA,agente_publico,processo_anulado,2021-03-23: o processo 5046512-94.2016.4.04.7000 (JFPR) foi anulado em relação a LUIZ INACIO LULA DA SILVA.,5046512-94.2016.4.04.7000,PT,oposição,FNT-000248,"STF, Notícias: 2ª Turma reconhece parcialidade de ex-juiz Sérgio Moro na condenação de Lula no caso Triplex",https://portal.stf.jus.br/noticias/verNoticiaDetalhe.asp?idConteudo=462854&ori=1
2021-03-23,ATR-000272,PAULO ROCHA,agente_publico,representado,2021-03-23: PAULO ROCHA passou a ser representado em PCE 2/2021 (CEDP-SF) por quebra de decoro parlamentar.,PCE 2/2021,PT,oposição,FNT-000307,"Senado Federal, dados abertos: processos do Conselho de Ética (REP, DEN, PCE)",https://legis.senado.leg.br/dadosabertos/processo/{id}
2021-03-25,ATR-002582,Jorge Kajuru,agente_publico,representado,2021-03-25: Jorge Kajuru passou a ser representado em PCE 3/2021 (CEDP-SF) por quebra de decoro parlamentar.,PCE 3/2021,CIDADANIA,base do governo,FNT-000307,"Senado Federal, dados abertos: processos do Conselho de Ética (REP, DEN, PCE)",https://legis.senado.leg.br/dadosabertos/processo/{id}
2021-03-31,ATR-000185,ANTONIO NOGUEIRA,agente_publico,contas_julgadas_irregulares,2021-03-31: transitou em julgado o julgamento das contas de ANTONIO NOGUEIRA como irregulares em 007.637/2015-2 (TCU).,007.637/2015-2,PT,oposição,FNT-000309,"TCU, certidões: responsáveis com contas julgadas irregulares (lista pública)",https://certidoes.apps.tcu.gov.br/api/publico/responsaveis-contas-irregulares/exportar-para-csv?paginaAtual=1&tamanhoPagina=50000
2021-04-07,ATR-000850,EDSON SANTOS,agente_publico,contas_julgadas_irregulares,2021-04-07: transitou em julgado o julgamento das contas de EDSON SANTOS como irregulares em 027.616/2010-0 (TCU).,027.616/2010-0,PT,oposição,FNT-000309,"TCU, certidões: responsáveis com contas julgadas irregulares (lista pública)",https://certidoes.apps.tcu.gov.br/api/publico/responsaveis-contas-irregulares/exportar-para-csv?paginaAtual=1&tamanhoPagina=50000
2021-04-12,ATR-002582,Jorge Kajuru,agente_publico,representado,2021-04-12: Jorge Kajuru passou a ser representado em PCE 4/2021 (CEDP-SF) por quebra de decoro parlamentar.,PCE 4/2021,CIDADANIA,base do governo,FNT-000307,"Senado Federal, dados abertos: processos do Conselho de Ética (REP, DEN, PCE)",https://legis.senado.leg.br/dadosabertos/processo/{id}
2021-04-14,ATR-000222,ALBÉRICO FILHO,agente_publico,contas_julgadas_irregulares,2021-04-14: transitou em julgado o julgamento das contas de ALBÉRICO FILHO como irregulares em 008.887/2015-2 (TCU).,008.887/2015-2,MDB,base do governo,FNT-000309,"TCU, certidões: responsáveis com contas julgadas irregulares (lista pública)",https://certidoes.apps.tcu.gov.br/api/publico/responsaveis-contas-irregulares/exportar-para-csv?paginaAtual=1&tamanhoPagina=50000
2021-05-18,ATR-000702,Eduardo Bolsonaro,agente_publico,arquivado,2021-05-18: a investigação sobre Eduardo Bolsonaro em REP 10/2019 (CEDP-CD) foi arquivada.,REP 10/2019,PSL,base do governo,FNT-000306,"Câmara dos Deputados, dados abertos: tramitações das representações (REP)",https://dadosabertos.camara.leg.br/api/v2/proposicoes/{id}/tramitacoes
2021-06-01,ATR-000264,GERVÁSIO OLIVEIRA,agente_publico,contas_julgadas_irregulares,2021-06-01: transitou em julgado o julgamento das contas de GERVÁSIO OLIVEIRA como irregulares em 018.791/2009-7 (TCU).,018.791/2009-7,MDB,base do governo,FNT-000309,"TCU, certidões: responsáveis com contas julgadas irregulares (lista pública)",https://certidoes.apps.tcu.gov.br/api/publico/responsaveis-contas-irregulares/exportar-para-csv?paginaAtual=1&tamanhoPagina=50000
2021-06-08,ATR-000064,LUIS CARLOS HEINZE,agente_publico,representado,2021-06-08: LUIS CARLOS HEINZE passou a ser representado em PCE 5/2021 (CEDP-SF) por quebra de decoro parlamentar.,PCE 5/2021,PP,base do governo,FNT-000307,"Senado Federal, dados abertos: processos do Conselho de Ética (REP, DEN, PCE)",https://legis.senado.leg.br/dadosabertos/processo/{id}
2021-06-16,ATR-000014,LÚCIA BRAGA,agente_publico,contas_julgadas_irregulares,2021-06-16: transitou em julgado o julgamento das contas de LÚCIA BRAGA como irregulares em 025.373/2013-7 (TCU).,025.373/2013-7,MDB,base do governo,FNT-000309,"TCU, certidões: responsáveis com contas julgadas irregulares (lista pública)",https://certidoes.apps.tcu.gov.br/api/publico/responsaveis-contas-irregulares/exportar-para-csv?paginaAtual=1&tamanhoPagina=50000
2021-06-24,ATR-001697,André Janones,agente_publico,arquivado,2021-06-24: a investigação sobre André Janones em REP 7/2019 (CEDP-CD) foi arquivada.,REP 7/2019,AVANTE,base do governo,FNT-000306,"Câmara dos Deputados, dados abertos: tramitações das representações (REP)",https://dadosabertos.camara.leg.br/api/v2/proposicoes/{id}/tramitacoes
2021-06-25,ATR-000339,ELISEU MOURA,agente_publico,contas_julgadas_irregulares,2021-06-25: transitou em julgado o julgamento das contas de ELISEU MOURA como irregulares em 010.306/2019-6 (TCU).,010.306/2019-6,PP,base do governo,FNT-000309,"TCU, certidões: responsáveis com contas julgadas irregulares (lista pública)",https://certidoes.apps.tcu.gov.br/api/publico/responsaveis-contas-irregulares/exportar-para-csv?paginaAtual=1&tamanhoPagina=50000
2021-07-02,ATR-001407,Diego Garcia,agente_publico,representado,2021-07-02: Diego Garcia passou a ser representado em REP 10/2021 (CEDP-CD) por quebra de decoro parlamentar.,REP 10/2021,PODE,base do governo,FNT-000306,"Câmara dos Deputados, dados abertos: tramitações das representações (REP)",https://dadosabertos.camara.leg.br/api/v2/proposicoes/{id}/tramitacoes
2021-07-02,ATR-000151,Ricardo Barros,agente_publico,representado,2021-07-02: Ricardo Barros passou a ser representado em REP 11/2021 (CEDP-CD) por quebra de decoro parlamentar.,REP 11/2021,PP,base do governo,FNT-000306,"Câmara dos Deputados, dados abertos: tramitações das representações (REP)",https://dadosabertos.camara.leg.br/api/v2/proposicoes/{id}/tramitacoes
2021-07-02,ATR-001570,Luis Miranda,agente_publico,representado,2021-07-02: Luis Miranda passou a ser representado em REP 12/2021 (CEDP-CD) por quebra de decoro parlamentar.,REP 12/2021,DEM,base do governo,FNT-000306,"Câmara dos Deputados, dados abertos: tramitações das representações (REP)",https://dadosabertos.camara.leg.br/api/v2/proposicoes/{id}/tramitacoes
2021-07-07,ATR-001638,Daniel Silveira,agente_publico,sancao_disciplinar,2021-07-07: foi aprovada sanção disciplinar contra Daniel Silveira em REP 1/2021 (CEDP-CD) (suspensão de mandato ou censura aprovada).,REP 1/2021,PSL,base do governo,FNT-000306,"Câmara dos Deputados, dados abertos: tramitações das representações (REP)",https://dadosabertos.camara.leg.br/api/v2/proposicoes/{id}/tramitacoes
2021-07-15,ATR-002257,Renan Calheiros,agente_publico,representado,2021-07-15: Renan Calheiros passou a ser representado em PCE 6/2021 (CEDP-SF) por quebra de decoro parlamentar.,PCE 6/2021,MDB,base do governo,FNT-000307,"Senado Federal, dados abertos: processos do Conselho de Ética (REP, DEN, PCE)",https://legis.senado.leg.br/dadosabertos/processo/{id}
2021-07-25,ATR-002638,Styvenson Valentim,agente_publico,representado,2021-07-25: Styvenson Valentim passou a ser representado em PCE 7/2021 (CEDP-SF) por quebra de decoro parlamentar.,PCE 7/2021,PODE,base do governo,FNT-000307,"Senado Federal, dados abertos: processos do Conselho de Ética (REP, DEN, PCE)",https://legis.senado.leg.br/dadosabertos/processo/{id}
2021-07-26,ATR-002638,Styvenson Valentim,agente_publico,representado,2021-07-26: Styvenson Valentim passou a ser representado em PCE 8/2021 (CEDP-SF) por quebra de decoro parlamentar.,PCE 8/2021,PODE,base do governo,FNT-000307,"Senado Federal, dados abertos: processos do Conselho de Ética (REP, DEN, PCE)",https://legis.senado.leg.br/dadosabertos/processo/{id}
2021-07-28,ATR-002447,Randolfe Rodrigues,agente_publico,representado,2021-07-28: Randolfe Rodrigues passou a ser representado em PCE 9/2021 (CEDP-SF) por quebra de decoro parlamentar.,PCE 9/2021,REDE,oposição,FNT-000307,"Senado Federal, dados abertos: processos do Conselho de Ética (REP, DEN, PCE)",https://legis.senado.leg.br/dadosabertos/processo/{id}
2021-08-03,ATR-000970,SEBASTIÃO BALA ROCHA,agente_publico,prescrito,2021-08-03: foi reconhecida a prescrição em relação a SEBASTIÃO BALA ROCHA em AP 508 (STF).,AP 508,SOLIDARIEDADE,base do governo,FNT-000046,"STF, Corte Aberta: decisões em ações penais e inquéritos, 08/01/2003 a 23/09/2026 (exportação do painel)",https://transparencia.stf.jus.br/extensions/decisoes/decisoes.html
2021-08-11,ATR-001631,Flordelis,agente_publico,arquivado,2021-08-11: a investigação sobre Flordelis em REP 2/2021 (CEDP-CD) foi arquivada.,REP 2/2021,PSD,base do governo,FNT-000306,"Câmara dos Deputados, dados abertos: tramitações das representações (REP)",https://dadosabertos.camara.leg.br/api/v2/proposicoes/{id}/tramitacoes
2021-08-18,ATR-001180,WALNEY ROCHA,agente_publico,contas_julgadas_irregulares,2021-08-18: transitou em julgado o julgamento das contas de WALNEY ROCHA como irregulares em 009.057/2017-0 (TCU).,009.057/2017-0,PATRIOTA,base do governo,FNT-000309,"TCU, certidões: responsáveis com contas julgadas irregulares (lista pública)",https://certidoes.apps.tcu.gov.br/api/publico/responsaveis-contas-irregulares/exportar-para-csv?paginaAtual=1&tamanhoPagina=50000
2021-08-25,ATR-002447,Randolfe Rodrigues,agente_publico,representado,2021-08-25: Randolfe Rodrigues passou a ser representado em PCE 10/2021 (CEDP-SF) por quebra de decoro parlamentar.,PCE 10/2021,REDE,oposição,FNT-000307,"Senado Federal, dados abertos: processos do Conselho de Ética (REP, DEN, PCE)",https://legis.senado.leg.br/dadosabertos/processo/{id}
2021-09-04,ATR-000014,LÚCIA BRAGA,agente_publico,contas_julgadas_irregulares,2021-09-04: transitou em julgado o julgamento das contas de LÚCIA BRAGA como irregulares em 025.410/2013-0 (TCU).,025.410/2013-0,MDB,base do governo,FNT-000309,"TCU, certidões: responsáveis com contas julgadas irregulares (lista pública)",https://certidoes.apps.tcu.gov.br/api/publico/responsaveis-contas-irregulares/exportar-para-csv?paginaAtual=1&tamanhoPagina=50000
2021-09-08,ATR-001696,Coronel Tadeu,agente_publico,arquivado,2021-09-08: a investigação sobre Coronel Tadeu em REP 15/2019 (CEDP-CD) foi arquivada.,REP 15/2019,PSL,base do governo,FNT-000306,"Câmara dos Deputados, dados abertos: tramitações das representações (REP)",https://dadosabertos.camara.leg.br/api/v2/proposicoes/{id}/tramitacoes
2021-09-09,ATR-001287,ILÁRIO MARQUES,agente_publico,contas_julgadas_irregulares,2021-09-09: transitou em julgado o julgamento das contas de ILÁRIO MARQUES como irregulares em 005.979/2015-3 (TCU).,005.979/2015-3,PT,oposição,FNT-000309,"TCU, certidões: responsáveis com contas julgadas irregulares (lista pública)",https://certidoes.apps.tcu.gov.br/api/publico/responsaveis-contas-irregulares/exportar-para-csv?paginaAtual=1&tamanhoPagina=50000
2021-09-23,ATR-000014,LÚCIA BRAGA,agente_publico,contas_julgadas_irregulares,2021-09-23: transitou em julgado o julgamento das contas de LÚCIA BRAGA como irregulares em 025.286/2013-7 (TCU).,025.286/2013-7,MDB,base do governo,FNT-000309,"TCU, certidões: responsáveis com contas julgadas irregulares (lista pública)",https://certidoes.apps.tcu.gov.br/api/publico/responsaveis-contas-irregulares/exportar-para-csv?paginaAtual=1&tamanhoPagina=50000
2021-09-29,ATR-001598,Filipe Barros,agente_publico,arquivado,2021-09-29: a investigação sobre Filipe Barros em REP 14/2019 (CEDP-CD) foi arquivada.,REP 14/2019,PSL,base do governo,FNT-000306,"Câmara dos Deputados, dados abertos: tramitações das representações (REP)",https://dadosabertos.camara.leg.br/api/v2/proposicoes/{id}/tramitacoes
2021-09-29,ATR-001727,Alê Silva,agente_publico,arquivado,2021-09-29: a investigação sobre Alê Silva em REP 19/2019 (CEDP-CD) foi arquivada.,REP 19/2019,PSL,base do governo,FNT-000306,"Câmara dos Deputados, dados abertos: tramitações das representações (REP)",https://dadosabertos.camara.leg.br/api/v2/proposicoes/{id}/tramitacoes
2021-09-29,ATR-001093,ANDRE MOURA,agente_publico,condenado_tribunal_superior,"2021-09-29: ANDRE MOURA foi condenado por tribunal superior em AP 973 (STF) (crimes de responsabilidade (Decreto-Lei 201/1967, art. 1º, I e II), c/c arts. 29 e 71 do Código Penal).",AP 973,PSC,base do governo,FNT-000046,"STF, Corte Aberta: decisões em ações penais e inquéritos, 08/01/2003 a 23/09/2026 (exportação do painel)",https://transparencia.stf.jus.br/extensions/decisoes/decisoes.html
2021-09-29,ATR-001093,ANDRE MOURA,agente_publico,condenado_tribunal_superior,"2021-09-29: ANDRE MOURA foi condenado por tribunal superior em AP 974 (STF) (crimes de responsabilidade (Decreto-Lei 201/1967, art. 1º, I e II), c/c arts. 29 e 71 do Código Penal).",AP 974,PSC,base do governo,FNT-000046,"STF, Corte Aberta: decisões em ações penais e inquéritos, 08/01/2003 a 23/09/2026 (exportação do painel)",https://transparencia.stf.jus.br/extensions/decisoes/decisoes.html
2021-09-30,ATR-001644,Carlos Jordy,agente_publico,arquivado,2021-09-30: a investigação sobre Carlos Jordy em REP 18/2019 (CEDP-CD) foi arquivada.,REP 18/2019,PSL,base do governo,FNT-000306,"Câmara dos Deputados, dados abertos: tramitações das representações (REP)",https://dadosabertos.camara.leg.br/api/v2/proposicoes/{id}/tramitacoes
2021-10-01,ATR-000387,Vicentinho,agente_publico,contas_julgadas_irregulares,2021-10-01: transitou em julgado o julgamento das contas de Vicentinho como irregulares em 002.028/2015-8 (TCU).,002.028/2015-8,PT,oposição,FNT-000309,"TCU, certidões: responsáveis com contas julgadas irregulares (lista pública)",https://certidoes.apps.tcu.gov.br/api/publico/responsaveis-contas-irregulares/exportar-para-csv?paginaAtual=1&tamanhoPagina=50000
2021-10-02,ATR-000339,ELISEU MOURA,agente_publico,contas_julgadas_irregulares,2021-10-02: transitou em julgado o julgamento das contas de ELISEU MOURA como irregulares em 034.285/2018-0 (TCU).,034.285/2018-0,PP,base do governo,FNT-000309,"TCU, certidões: responsáveis com contas julgadas irregulares (lista pública)",https://certidoes.apps.tcu.gov.br/api/publico/responsaveis-contas-irregulares/exportar-para-csv?paginaAtual=1&tamanhoPagina=50000
2021-10-09,ATR-000339,ELISEU MOURA,agente_publico,contas_julgadas_irregulares,2021-10-09: transitou em julgado o julgamento das contas de ELISEU MOURA como irregulares em 036.779/2018-0 (TCU).,036.779/2018-0,PP,base do governo,FNT-000309,"TCU, certidões: responsáveis com contas julgadas irregulares (lista pública)",https://certidoes.apps.tcu.gov.br/api/publico/responsaveis-contas-irregulares/exportar-para-csv?paginaAtual=1&tamanhoPagina=50000
2021-10-14,ATR-000702,Eduardo Bolsonaro,agente_publico,arquivado,2021-10-14: a investigação sobre Eduardo Bolsonaro em REP 12/2019 (CEDP-CD) foi arquivada.,REP 12/2019,PSL,base do governo,FNT-000306,"Câmara dos Deputados, dados abertos: tramitações das representações (REP)",https://dadosabertos.camara.leg.br/api/v2/proposicoes/{id}/tramitacoes
2021-10-14,ATR-000014,LÚCIA BRAGA,agente_publico,contas_julgadas_irregulares,2021-10-14: transitou em julgado o julgamento das contas de LÚCIA BRAGA como irregulares em 025.274/2013-9 (TCU).,025.274/2013-9,MDB,base do governo,FNT-000309,"TCU, certidões: responsáveis com contas julgadas irregulares (lista pública)",https://certidoes.apps.tcu.gov.br/api/publico/responsaveis-contas-irregulares/exportar-para-csv?paginaAtual=1&tamanhoPagina=50000
2021-10-14,ATR-000339,ELISEU MOURA,agente_publico,contas_julgadas_irregulares,2021-10-14: transitou em julgado o julgamento das contas de ELISEU MOURA como irregulares em 017.716/2016-0 (TCU).,017.716/2016-0,PP,base do governo,FNT-000309,"TCU, certidões: responsáveis com contas julgadas irregulares (lista pública)",https://certidoes.apps.tcu.gov.br/api/publico/responsaveis-contas-irregulares/exportar-para-csv?paginaAtual=1&tamanhoPagina=50000
2021-10-28,ATR-001689,Carla Zambelli,agente_publico,arquivado,2021-10-28: a investigação sobre Carla Zambelli em REP 16/2019 (CEDP-CD) foi arquivada.,REP 16/2019,PSL,base do governo,FNT-000306,"Câmara dos Deputados, dados abertos: tramitações das representações (REP)",https://dadosabertos.camara.leg.br/api/v2/proposicoes/{id}/tramitacoes
2021-10-29,ATR-000182,DAVI ALCOLUMBRE,agente_publico,representado,2021-10-29: DAVI ALCOLUMBRE passou a ser representado em PCE 12/2021 (CEDP-SF) por quebra de decoro parlamentar.,PCE 12/2021,DEM,base do governo,FNT-000307,"Senado Federal, dados abertos: processos do Conselho de Ética (REP, DEN, PCE)",https://legis.senado.leg.br/dadosabertos/processo/{id}
2021-11-04,ATR-001598,Filipe Barros,agente_publico,arquivado,2021-11-04: a investigação sobre Filipe Barros em REP 20/2019 (CEDP-CD) foi arquivada.,REP 20/2019,PSL,base do governo,FNT-000306,"Câmara dos Deputados, dados abertos: tramitações das representações (REP)",https://dadosabertos.camara.leg.br/api/v2/proposicoes/{id}/tramitacoes
2021-11-04,ATR-001577,Bibo Nunes,agente_publico,arquivado,2021-11-04: a investigação sobre Bibo Nunes em REP 21/2019 (CEDP-CD) foi arquivada.,REP 21/2019,PSL,base do governo,FNT-000306,"Câmara dos Deputados, dados abertos: tramitações das representações (REP)",https://dadosabertos.camara.leg.br/api/v2/proposicoes/{id}/tramitacoes
2021-11-04,ATR-000182,DAVI ALCOLUMBRE,agente_publico,representado,2021-11-04: DAVI ALCOLUMBRE passou a ser representado em PCE 13/2021 (CEDP-SF) por quebra de decoro parlamentar.,PCE 13/2021,DEM,base do governo,FNT-000307,"Senado Federal, dados abertos: processos do Conselho de Ética (REP, DEN, PCE)",https://legis.senado.leg.br/dadosabertos/processo/{id}
2021-11-04,ATR-000185,ANTONIO NOGUEIRA,agente_publico,contas_julgadas_irregulares,2021-11-04: transitou em julgado o julgamento das contas de ANTONIO NOGUEIRA como irregulares em 043.339/2018-2 (TCU).,043.339/2018-2,PT,oposição,FNT-000309,"TCU, certidões: responsáveis com contas julgadas irregulares (lista pública)",https://certidoes.apps.tcu.gov.br/api/publico/responsaveis-contas-irregulares/exportar-para-csv?paginaAtual=1&tamanhoPagina=50000
2021-11-06,ATR-000395,ARNON BEZERRA,agente_publico,contas_julgadas_irregulares,2021-11-06: transitou em julgado o julgamento das contas de ARNON BEZERRA como irregulares em 024.771/2016-3 (TCU).,024.771/2016-3,PTB,base do governo,FNT-000309,"TCU, certidões: responsáveis com contas julgadas irregulares (lista pública)",https://certidoes.apps.tcu.gov.br/api/publico/responsaveis-contas-irregulares/exportar-para-csv?paginaAtual=1&tamanhoPagina=50000
2021-11-09,ATR-000020,Fábio Henrique,agente_publico,contas_julgadas_irregulares,2021-11-09: transitou em julgado o julgamento das contas de Fábio Henrique como irregulares em 022.171/2016-9 (TCU).,022.171/2016-9,PDT,oposição,FNT-000309,"TCU, certidões: responsáveis com contas julgadas irregulares (lista pública)",https://certidoes.apps.tcu.gov.br/api/publico/responsaveis-contas-irregulares/exportar-para-csv?paginaAtual=1&tamanhoPagina=50000
2021-11-09,ATR-000879,HOMERO PEREIRA,agente_publico,contas_julgadas_irregulares,2021-11-09: transitou em julgado o julgamento das contas de HOMERO PEREIRA como irregulares em 007.146/2013-2 (TCU).,007.146/2013-2,PSD,base do governo,FNT-000309,"TCU, certidões: responsáveis com contas julgadas irregulares (lista pública)",https://certidoes.apps.tcu.gov.br/api/publico/responsaveis-contas-irregulares/exportar-para-csv?paginaAtual=1&tamanhoPagina=50000
2021-11-17,ATR-001407,Diego Garcia,agente_publico,arquivado,2021-11-17: a investigação sobre Diego Garcia em REP 10/2021 (CEDP-CD) foi arquivada.,REP 10/2021,PODE,base do governo,FNT-000306,"Câmara dos Deputados, dados abertos: tramitações das representações (REP)",https://dadosabertos.camara.leg.br/api/v2/proposicoes/{id}/tramitacoes
2021-11-24,ATR-000362,SANDRO MATOS,agente_publico,contas_julgadas_irregulares,2021-11-24: transitou em julgado o julgamento das contas de SANDRO MATOS como irregulares em 029.133/2019-0 (TCU).,029.133/2019-0,PL,base do governo,FNT-000309,"TCU, certidões: responsáveis com contas julgadas irregulares (lista pública)",https://certidoes.apps.tcu.gov.br/api/publico/responsaveis-contas-irregulares/exportar-para-csv?paginaAtual=1&tamanhoPagina=50000
2021-12-03,ATR-000014,LÚCIA BRAGA,agente_publico,contas_julgadas_irregulares,2021-12-03: transitou em julgado o julgamento das contas de LÚCIA BRAGA como irregulares em 025.257/2013-7 (TCU).,025.257/2013-7,MDB,base do governo,FNT-000309,"TCU, certidões: responsáveis com contas julgadas irregulares (lista pública)",https://certidoes.apps.tcu.gov.br/api/publico/responsaveis-contas-irregulares/exportar-para-csv?paginaAtual=1&tamanhoPagina=50000
2021-12-04,ATR-000469,Maria do Rosário,agente_publico,arquivado,2021-12-04: a investigação sobre Maria do Rosário em REP 6/2019 (CEDP-CD) foi arquivada.,REP 6/2019,PT,oposição,FNT-000306,"Câmara dos Deputados, dados abertos: tramitações das representações (REP)",https://dadosabertos.camara.leg.br/api/v2/proposicoes/{id}/tramitacoes
2021-12-04,ATR-001282,ERON BEZERRA,agente_publico,contas_julgadas_irregulares,2021-12-04: transitou em julgado o julgamento das contas de ERON BEZERRA como irregulares em 033.361/2019-3 (TCU).,033.361/2019-3,PCDOB,oposição,FNT-000309,"TCU, certidões: responsáveis com contas julgadas irregulares (lista pública)",https://certidoes.apps.tcu.gov.br/api/publico/responsaveis-contas-irregulares/exportar-para-csv?paginaAtual=1&tamanhoPagina=50000
2021-12-14,ATR-001570,Luis Miranda,agente_publico,arquivado,2021-12-14: a investigação sobre Luis Miranda em REP 12/2021 (CEDP-CD) foi arquivada.,REP 12/2021,DEM,base do governo,FNT-000306,"Câmara dos Deputados, dados abertos: tramitações das representações (REP)",https://dadosabertos.camara.leg.br/api/v2/proposicoes/{id}/tramitacoes
2021-12-24,ATR-001518,ILDON MARQUES,agente_publico,contas_julgadas_irregulares,2021-12-24: transitou em julgado o julgamento das contas de ILDON MARQUES como irregulares em 033.307/2013-0 (TCU).,033.307/2013-0,PSB,oposição,FNT-000309,"TCU, certidões: responsáveis com contas julgadas irregulares (lista pública)",https://certidoes.apps.tcu.gov.br/api/publico/responsaveis-contas-irregulares/exportar-para-csv?paginaAtual=1&tamanhoPagina=50000
2022-01-27,ATR-000753,CARLOS WILSON,agente_publico,contas_julgadas_irregulares,2022-01-27: transitou em julgado o julgamento das contas de CARLOS WILSON como irregulares em 011.395/2004-1 (TCU).,011.395/2004-1,PT,oposição,FNT-000309,"TCU, certidões: responsáveis com contas julgadas irregulares (lista pública)",https://certidoes.apps.tcu.gov.br/api/publico/responsaveis-contas-irregulares/exportar-para-csv?paginaAtual=1&tamanhoPagina=50000
2022-02-04,ATR-001689,Carla Zambelli,agente_publico,arquivado,2022-02-04: a investigação sobre Carla Zambelli em REP 13/2019 (CEDP-CD) foi arquivada.,REP 13/2019,PSL,base do governo,FNT-000306,"Câmara dos Deputados, dados abertos: tramitações das representações (REP)",https://dadosabertos.camara.leg.br/api/v2/proposicoes/{id}/tramitacoes
2022-02-15,ATR-000941,NEILTON MULIM,agente_publico,contas_julgadas_irregulares,2022-02-15: transitou em julgado o julgamento das contas de NEILTON MULIM como irregulares em 033.962/2019-7 (TCU).,033.962/2019-7,PL,base do governo,FNT-000309,"TCU, certidões: responsáveis com contas julgadas irregulares (lista pública)",https://certidoes.apps.tcu.gov.br/api/publico/responsaveis-contas-irregulares/exportar-para-csv?paginaAtual=1&tamanhoPagina=50000
2022-02-22,ATR-000151,Ricardo Barros,agente_publico,arquivado,2022-02-22: a investigação sobre Ricardo Barros em REP 11/2021 (CEDP-CD) foi arquivada.,REP 11/2021,PP,base do governo,FNT-000306,"Câmara dos Deputados, dados abertos: tramitações das representações (REP)",https://dadosabertos.camara.leg.br/api/v2/proposicoes/{id}/tramitacoes
2022-02-22,ATR-002447,Randolfe Rodrigues,agente_publico,representado,2022-02-22: Randolfe Rodrigues passou a ser representado em PCE 1/2022 (CEDP-SF) por quebra de decoro parlamentar.,PCE 1/2022,REDE,oposição,FNT-000307,"Senado Federal, dados abertos: processos do Conselho de Ética (REP, DEN, PCE)",https://legis.senado.leg.br/dadosabertos/processo/{id}
2022-03-03,ATR-002507,Omar Aziz,agente_publico,representado,2022-03-03: Omar Aziz passou a ser representado em PCE 2/2022 (CEDP-SF) por quebra de decoro parlamentar.,PCE 2/2022,PSD,base do governo,FNT-000307,"Senado Federal, dados abertos: processos do Conselho de Ética (REP, DEN, PCE)",https://legis.senado.leg.br/dadosabertos/processo/{id}
2022-03-11,ATR-000941,NEILTON MULIM,agente_publico,contas_julgadas_irregulares,2022-03-11: transitou em julgado o julgamento das contas de NEILTON MULIM como irregulares em 039.235/2019-0 (TCU).,039.235/2019-0,PL,base do governo,FNT-000309,"TCU, certidões: responsáveis com contas julgadas irregulares (lista pública)",https://certidoes.apps.tcu.gov.br/api/publico/responsaveis-contas-irregulares/exportar-para-csv?paginaAtual=1&tamanhoPagina=50000
2022-04-04,ATR-000848,EDIO LOPES,agente_publico,absolvido,2022-04-04: EDIO LOPES foi absolvido em AP 940 (STF).,AP 940,PL,base do governo,FNT-000046,"STF, Corte Aberta: decisões em ações penais e inquéritos, 08/01/2003 a 23/09/2026 (exportação do painel)",https://transparencia.stf.jus.br/extensions/decisoes/decisoes.html
2022-04-11,ATR-002447,Randolfe Rodrigues,agente_publico,representado,2022-04-11: Randolfe Rodrigues passou a ser representado em PCE 3/2022 (CEDP-SF) por quebra de decoro parlamentar.,PCE 3/2022,REDE,oposição,FNT-000307,"Senado Federal, dados abertos: processos do Conselho de Ética (REP, DEN, PCE)",https://legis.senado.leg.br/dadosabertos/processo/{id}
2022-04-12,ATR-000243,Wilson Santiago,agente_publico,representado,2022-04-12: Wilson Santiago passou a ser representado em REP 1/2022 (CEDP-CD) por quebra de decoro parlamentar.,REP 1/2022,REPUBLICANOS,base do governo,FNT-000306,"Câmara dos Deputados, dados abertos: tramitações das representações (REP)",https://dadosabertos.camara.leg.br/api/v2/proposicoes/{id}/tramitacoes
2022-04-12,ATR-000702,Eduardo Bolsonaro,agente_publico,representado,2022-04-12: Eduardo Bolsonaro passou a ser representado em REP 10/2022 (CEDP-CD) por quebra de decoro parlamentar.,REP 10/2022,PL,base do governo,FNT-000306,"Câmara dos Deputados, dados abertos: tramitações das representações (REP)",https://dadosabertos.camara.leg.br/api/v2/proposicoes/{id}/tramitacoes
2022-04-12,ATR-001644,Carlos Jordy,agente_publico,representado,2022-04-12: Carlos Jordy passou a ser representado em REP 11/2022 (CEDP-CD) por quebra de decoro parlamentar.,REP 11/2022,PL,base do governo,FNT-000306,"Câmara dos Deputados, dados abertos: tramitações das representações (REP)",https://dadosabertos.camara.leg.br/api/v2/proposicoes/{id}/tramitacoes
2022-04-12,ATR-001689,Carla Zambelli,agente_publico,representado,2022-04-12: Carla Zambelli passou a ser representado em REP 12/2022 (CEDP-CD) por quebra de decoro parlamentar.,REP 12/2022,PL,base do governo,FNT-000306,"Câmara dos Deputados, dados abertos: tramitações das representações (REP)",https://dadosabertos.camara.leg.br/api/v2/proposicoes/{id}/tramitacoes
2022-04-12,ATR-000672,Jandira Feghali,agente_publico,representado,2022-04-12: Jandira Feghali passou a ser representado em REP 13/2022 (CEDP-CD) por quebra de decoro parlamentar.,REP 13/2022,PCDOB,oposição,FNT-000306,"Câmara dos Deputados, dados abertos: tramitações das representações (REP)",https://dadosabertos.camara.leg.br/api/v2/proposicoes/{id}/tramitacoes
2022-04-12,ATR-001648,Talíria Petrone,agente_publico,representado,2022-04-12: Talíria Petrone passou a ser representado em REP 14/2022 (CEDP-CD) por quebra de decoro parlamentar.,REP 14/2022,PSOL,oposição,FNT-000306,"Câmara dos Deputados, dados abertos: tramitações das representações (REP)",https://dadosabertos.camara.leg.br/api/v2/proposicoes/{id}/tramitacoes
2022-04-12,ATR-001745,Josimar Maranhãozinho,agente_publico,representado,2022-04-12: Josimar Maranhãozinho passou a ser representado em REP 15/2022 (CEDP-CD) por quebra de decoro parlamentar.,REP 15/2022,PL,base do governo,FNT-000306,"Câmara dos Deputados, dados abertos: tramitações das representações (REP)",https://dadosabertos.camara.leg.br/api/v2/proposicoes/{id}/tramitacoes
2022-04-12,ATR-001730,Heitor Freire,agente_publico,representado,2022-04-12: Heitor Freire passou a ser representado em REP 16/2022 (CEDP-CD) por quebra de decoro parlamentar.,REP 16/2022,UNIÃO,base do governo,FNT-000306,"Câmara dos Deputados, dados abertos: tramitações das representações (REP)",https://dadosabertos.camara.leg.br/api/v2/proposicoes/{id}/tramitacoes
2022-04-12,ATR-001563,Bia Kicis,agente_publico,representado,2022-04-12: Bia Kicis passou a ser representado em REP 17/2022 (CEDP-CD) por quebra de decoro parlamentar.,REP 17/2022,PL,base do governo,FNT-000306,"Câmara dos Deputados, dados abertos: tramitações das representações (REP)",https://dadosabertos.camara.leg.br/api/v2/proposicoes/{id}/tramitacoes
2022-04-12,ATR-001718,Kim Kataguiri,agente_publico,representado,2022-04-12: Kim Kataguiri passou a ser representado em REP 18/2022 (CEDP-CD) por quebra de decoro parlamentar.,REP 18/2022,UNIÃO,base do governo,FNT-000306,"Câmara dos Deputados, dados abertos: tramitações das representações (REP)",https://dadosabertos.camara.leg.br/api/v2/proposicoes/{id}/tramitacoes
2022-04-12,ATR-001718,Kim Kataguiri,agente_publico,representado,2022-04-12: Kim Kataguiri passou a ser representado em REP 19/2022 (CEDP-CD) por quebra de decoro parlamentar.,REP 19/2022,UNIÃO,base do governo,FNT-000306,"Câmara dos Deputados, dados abertos: tramitações das representações (REP)",https://dadosabertos.camara.leg.br/api/v2/proposicoes/{id}/tramitacoes
2022-04-12,ATR-000702,Eduardo Bolsonaro,agente_publico,representado,2022-04-12: Eduardo Bolsonaro passou a ser representado em REP 2/2022 (CEDP-CD) por quebra de decoro parlamentar.,REP 2/2022,PL,base do governo,FNT-000306,"Câmara dos Deputados, dados abertos: tramitações das representações (REP)",https://dadosabertos.camara.leg.br/api/v2/proposicoes/{id}/tramitacoes
2022-04-12,ATR-000702,Eduardo Bolsonaro,agente_publico,representado,2022-04-12: Eduardo Bolsonaro passou a ser representado em REP 20/2022 (CEDP-CD) por quebra de decoro parlamentar.,REP 20/2022,PL,base do governo,FNT-000306,"Câmara dos Deputados, dados abertos: tramitações das representações (REP)",https://dadosabertos.camara.leg.br/api/v2/proposicoes/{id}/tramitacoes
2022-04-12,ATR-000702,Eduardo Bolsonaro,agente_publico,representado,2022-04-12: Eduardo Bolsonaro passou a ser representado em REP 21/2022 (CEDP-CD) por quebra de decoro parlamentar.,REP 21/2022,PL,base do governo,FNT-000306,"Câmara dos Deputados, dados abertos: tramitações das representações (REP)",https://dadosabertos.camara.leg.br/api/v2/proposicoes/{id}/tramitacoes
2022-04-12,ATR-000702,Eduardo Bolsonaro,agente_publico,representado,2022-04-12: Eduardo Bolsonaro passou a ser representado em REP 22/2022 (CEDP-CD) por quebra de decoro parlamentar.,REP 22/2022,PL,base do governo,FNT-000306,"Câmara dos Deputados, dados abertos: tramitações das representações (REP)",https://dadosabertos.camara.leg.br/api/v2/proposicoes/{id}/tramitacoes
2022-04-12,ATR-000688,Dra. Soraya Manato,agente_publico,representado,2022-04-12: Dra. Soraya Manato passou a ser representado em REP 3/2022 (CEDP-CD) por quebra de decoro parlamentar.,REP 3/2022,PTB,base do governo,FNT-000306,"Câmara dos Deputados, dados abertos: tramitações das representações (REP)",https://dadosabertos.camara.leg.br/api/v2/proposicoes/{id}/tramitacoes
2022-04-12,ATR-000702,Eduardo Bolsonaro,agente_publico,representado,2022-04-12: Eduardo Bolsonaro passou a ser representado em REP 4/2022 (CEDP-CD) por quebra de decoro parlamentar.,REP 4/2022,PL,base do governo,FNT-000306,"Câmara dos Deputados, dados abertos: tramitações das representações (REP)",https://dadosabertos.camara.leg.br/api/v2/proposicoes/{id}/tramitacoes
2022-04-12,ATR-001563,Bia Kicis,agente_publico,representado,2022-04-12: Bia Kicis passou a ser representado em REP 5/2022 (CEDP-CD) por quebra de decoro parlamentar.,REP 5/2022,PL,base do governo,FNT-000306,"Câmara dos Deputados, dados abertos: tramitações das representações (REP)",https://dadosabertos.camara.leg.br/api/v2/proposicoes/{id}/tramitacoes
2022-04-12,ATR-001563,Bia Kicis,agente_publico,representado,2022-04-12: Bia Kicis passou a ser representado em REP 6/2022 (CEDP-CD) por quebra de decoro parlamentar.,REP 6/2022,PL,base do governo,FNT-000306,"Câmara dos Deputados, dados abertos: tramitações das representações (REP)",https://dadosabertos.camara.leg.br/api/v2/proposicoes/{id}/tramitacoes
2022-04-12,ATR-001689,Carla Zambelli,agente_publico,representado,2022-04-12: Carla Zambelli passou a ser representado em REP 7/2022 (CEDP-CD) por quebra de decoro parlamentar.,REP 7/2022,PL,base do governo,FNT-000306,"Câmara dos Deputados, dados abertos: tramitações das representações (REP)",https://dadosabertos.camara.leg.br/api/v2/proposicoes/{id}/tramitacoes
2022-04-12,ATR-000702,Eduardo Bolsonaro,agente_publico,representado,2022-04-12: Eduardo Bolsonaro passou a ser representado em REP 8/2022 (CEDP-CD) por quebra de decoro parlamentar.,REP 8/2022,PL,base do governo,FNT-000306,"Câmara dos Deputados, dados abertos: tramitações das representações (REP)",https://dadosabertos.camara.leg.br/api/v2/proposicoes/{id}/tramitacoes
2022-04-12,ATR-001386,Delegado Éder Mauro,agente_publico,representado,2022-04-12: Delegado Éder Mauro passou a ser representado em REP 9/2022 (CEDP-CD) por quebra de decoro parlamentar.,REP 9/2022,PL,base do governo,FNT-000306,"Câmara dos Deputados, dados abertos: tramitações das representações (REP)",https://dadosabertos.camara.leg.br/api/v2/proposicoes/{id}/tramitacoes
2022-04-20,ATR-001638,Daniel Silveira,agente_publico,condenado_tribunal_superior,2022-04-20: Daniel Silveira foi condenado por tribunal superior em AP 1044 (STF) (assunto no STF: DIREITO PROCESSUAL PENAL | INVESTIGAÇÃO PENAL).,AP 1044,PTB,base do governo,FNT-000046,"STF, Corte Aberta: decisões em ações penais e inquéritos, 08/01/2003 a 23/09/2026 (exportação do painel)",https://transparencia.stf.jus.br/extensions/decisoes/decisoes.html
2022-04-22,ATR-000852,Eduardo da Fonte,agente_publico,absolvido,2022-04-22: Eduardo da Fonte foi absolvido em AP 1032 (STF).,AP 1032,PP,base do governo,FNT-000046,"STF, Corte Aberta: decisões em ações penais e inquéritos, 08/01/2003 a 23/09/2026 (exportação do painel)",https://transparencia.stf.jus.br/extensions/decisoes/decisoes.html
2022-05-19,ATR-001375,RODRIGO PACHECO,agente_publico,representado,2022-05-19: RODRIGO PACHECO passou a ser representado em PCE 4/2022 (CEDP-SF) por quebra de decoro parlamentar.,PCE 4/2022,PSD,base do governo,FNT-000307,"Senado Federal, dados abertos: processos do Conselho de Ética (REP, DEN, PCE)",https://legis.senado.leg.br/dadosabertos/processo/{id}
2022-05-25,ATR-001176,STEPAN NERCESSIAN,agente_publico,contas_julgadas_irregulares,2022-05-25: transitou em julgado o julgamento das contas de STEPAN NERCESSIAN como irregulares em 027.543/2018-8 (TCU).,027.543/2018-8,CIDADANIA,base do governo,FNT-000309,"TCU, certidões: responsáveis com contas julgadas irregulares (lista pública)",https://certidoes.apps.tcu.gov.br/api/publico/responsaveis-contas-irregulares/exportar-para-csv?paginaAtual=1&tamanhoPagina=50000
2022-06-01,ATR-000722,Gleisi Hoffmann,agente_publico,representado,2022-06-01: Gleisi Hoffmann passou a ser representado em REP 23/2022 (CEDP-CD) por quebra de decoro parlamentar.,REP 23/2022,PT,oposição,FNT-000306,"Câmara dos Deputados, dados abertos: tramitações das representações (REP)",https://dadosabertos.camara.leg.br/api/v2/proposicoes/{id}/tramitacoes
2022-06-01,ATR-001022,Glauber Braga,agente_publico,representado,2022-06-01: Glauber Braga passou a ser representado em REP 24/2022 (CEDP-CD) por quebra de decoro parlamentar.,REP 24/2022,PSOL,oposição,FNT-000306,"Câmara dos Deputados, dados abertos: tramitações das representações (REP)",https://dadosabertos.camara.leg.br/api/v2/proposicoes/{id}/tramitacoes
2022-06-02,ATR-001282,ERON BEZERRA,agente_publico,contas_julgadas_irregulares,2022-06-02: transitou em julgado o julgamento das contas de ERON BEZERRA como irregulares em 033.524/2019-0 (TCU).,033.524/2019-0,PCDOB,oposição,FNT-000309,"TCU, certidões: responsáveis com contas julgadas irregulares (lista pública)",https://certidoes.apps.tcu.gov.br/api/publico/responsaveis-contas-irregulares/exportar-para-csv?paginaAtual=1&tamanhoPagina=50000
2022-06-09,ATR-000014,LÚCIA BRAGA,agente_publico,contas_julgadas_irregulares,2022-06-09: transitou em julgado o julgamento das contas de LÚCIA BRAGA como irregulares em 025.414/2013-5 (TCU).,025.414/2013-5,MDB,base do governo,FNT-000309,"TCU, certidões: responsáveis com contas julgadas irregulares (lista pública)",https://certidoes.apps.tcu.gov.br/api/publico/responsaveis-contas-irregulares/exportar-para-csv?paginaAtual=1&tamanhoPagina=50000
2022-06-14,ATR-001091,Arthur Lira,agente_publico,representado,2022-06-14: Arthur Lira passou a ser representado em REP 25/2022 (CEDP-CD) por quebra de decoro parlamentar.,REP 25/2022,PP,base do governo,FNT-000306,"Câmara dos Deputados, dados abertos: tramitações das representações (REP)",https://dadosabertos.camara.leg.br/api/v2/proposicoes/{id}/tramitacoes
2022-06-25,ATR-000362,SANDRO MATOS,agente_publico,contas_julgadas_irregulares,2022-06-25: transitou em julgado o julgamento das contas de SANDRO MATOS como irregulares em 018.700/2019-5 (TCU).,018.700/2019-5,PL,base do governo,FNT-000309,"TCU, certidões: responsáveis com contas julgadas irregulares (lista pública)",https://certidoes.apps.tcu.gov.br/api/publico/responsaveis-contas-irregulares/exportar-para-csv?paginaAtual=1&tamanhoPagina=50000
2022-06-29,ATR-000688,Dra. Soraya Manato,agente_publico,arquivado,2022-06-29: a investigação sobre Dra. Soraya Manato em REP 3/2022 (CEDP-CD) foi arquivada.,REP 3/2022,PTB,base do governo,FNT-000306,"Câmara dos Deputados, dados abertos: tramitações das representações (REP)",https://dadosabertos.camara.leg.br/api/v2/proposicoes/{id}/tramitacoes
2022-07-11,ATR-000182,DAVI ALCOLUMBRE,agente_publico,representado,2022-07-11: DAVI ALCOLUMBRE passou a ser representado em PCE 5/2022 (CEDP-SF) por quebra de decoro parlamentar.,PCE 5/2022,UNIÃO,base do governo,FNT-000307,"Senado Federal, dados abertos: processos do Conselho de Ética (REP, DEN, PCE)",https://legis.senado.leg.br/dadosabertos/processo/{id}
2022-07-11,ATR-001375,RODRIGO PACHECO,agente_publico,representado,2022-07-11: RODRIGO PACHECO passou a ser representado em PCE 5/2022 (CEDP-SF) por quebra de decoro parlamentar.,PCE 5/2022,PSD,base do governo,FNT-000307,"Senado Federal, dados abertos: processos do Conselho de Ética (REP, DEN, PCE)",https://legis.senado.leg.br/dadosabertos/processo/{id}
2022-07-11,ATR-002600,Marcos do Val,agente_publico,representado,2022-07-11: Marcos do Val passou a ser representado em PCE 5/2022 (CEDP-SF) por quebra de decoro parlamentar.,PCE 5/2022,PODE,base do governo,FNT-000307,"Senado Federal, dados abertos: processos do Conselho de Ética (REP, DEN, PCE)",https://legis.senado.leg.br/dadosabertos/processo/{id}
2022-07-11,ATR-000182,DAVI ALCOLUMBRE,agente_publico,representado,2022-07-11: DAVI ALCOLUMBRE passou a ser representado em PCE 6/2022 (CEDP-SF) por quebra de decoro parlamentar.,PCE 6/2022,UNIÃO,base do governo,FNT-000307,"Senado Federal, dados abertos: processos do Conselho de Ética (REP, DEN, PCE)",https://legis.senado.leg.br/dadosabertos/processo/{id}
2022-07-11,ATR-001375,RODRIGO PACHECO,agente_publico,representado,2022-07-11: RODRIGO PACHECO passou a ser representado em PCE 6/2022 (CEDP-SF) por quebra de decoro parlamentar.,PCE 6/2022,PSD,base do governo,FNT-000307,"Senado Federal, dados abertos: processos do Conselho de Ética (REP, DEN, PCE)",https://legis.senado.leg.br/dadosabertos/processo/{id}
2022-07-11,ATR-002600,Marcos do Val,agente_publico,representado,2022-07-11: Marcos do Val passou a ser representado em PCE 6/2022 (CEDP-SF) por quebra de decoro parlamentar.,PCE 6/2022,PODE,base do governo,FNT-000307,"Senado Federal, dados abertos: processos do Conselho de Ética (REP, DEN, PCE)",https://legis.senado.leg.br/dadosabertos/processo/{id}
2022-08-01,ATR-000722,Gleisi Hoffmann,agente_publico,arquivado,2022-08-01: a investigação sobre Gleisi Hoffmann em REP 23/2022 (CEDP-CD) foi arquivada.,REP 23/2022,PT,oposição,FNT-000306,"Câmara dos Deputados, dados abertos: tramitações das representações (REP)",https://dadosabertos.camara.leg.br/api/v2/proposicoes/{id}/tramitacoes
2022-08-04,ATR-000339,ELISEU MOURA,agente_publico,contas_julgadas_irregulares,2022-08-04: transitou em julgado o julgamento das contas de ELISEU MOURA como irregulares em 032.444/2017-6 (TCU).,032.444/2017-6,PP,base do governo,FNT-000309,"TCU, certidões: responsáveis com contas julgadas irregulares (lista pública)",https://certidoes.apps.tcu.gov.br/api/publico/responsaveis-contas-irregulares/exportar-para-csv?paginaAtual=1&tamanhoPagina=50000
2022-08-08,ATR-001091,Arthur Lira,agente_publico,arquivado,2022-08-08: a investigação sobre Arthur Lira em REP 25/2022 (CEDP-CD) foi arquivada.,REP 25/2022,PP,base do governo,FNT-000306,"Câmara dos Deputados, dados abertos: tramitações das representações (REP)",https://dadosabertos.camara.leg.br/api/v2/proposicoes/{id}/tramitacoes
2022-08-10,ATR-001473,ROBERTO GÓES,agente_publico,prescrito,2022-08-10: foi reconhecida a prescrição em relação a ROBERTO GÓES em AP 916 (STF).,AP 916,PDT,oposição,FNT-000046,"STF, Corte Aberta: decisões em ações penais e inquéritos, 08/01/2003 a 23/09/2026 (exportação do painel)",https://transparencia.stf.jus.br/extensions/decisoes/decisoes.html
2022-08-31,ATR-000264,GERVÁSIO OLIVEIRA,agente_publico,contas_julgadas_irregulares,2022-08-31: transitou em julgado o julgamento das contas de GERVÁSIO OLIVEIRA como irregulares em 031.492/2015-0 (TCU).,031.492/2015-0,MDB,base do governo,FNT-000309,"TCU, certidões: responsáveis com contas julgadas irregulares (lista pública)",https://certidoes.apps.tcu.gov.br/api/publico/responsaveis-contas-irregulares/exportar-para-csv?paginaAtual=1&tamanhoPagina=50000
2022-09-24,ATR-000014,LÚCIA BRAGA,agente_publico,contas_julgadas_irregulares,2022-09-24: transitou em julgado o julgamento das contas de LÚCIA BRAGA como irregulares em 025.035/2013-4 (TCU).,025.035/2013-4,MDB,base do governo,FNT-000309,"TCU, certidões: responsáveis com contas julgadas irregulares (lista pública)",https://certidoes.apps.tcu.gov.br/api/publico/responsaveis-contas-irregulares/exportar-para-csv?paginaAtual=1&tamanhoPagina=50000
2022-09-30,ATR-001375,RODRIGO PACHECO,agente_publico,representado,2022-09-30: RODRIGO PACHECO passou a ser representado em PCE 7/2022 (CEDP-SF) por quebra de decoro parlamentar.,PCE 7/2022,PSD,base do governo,FNT-000307,"Senado Federal, dados abertos: processos do Conselho de Ética (REP, DEN, PCE)",https://legis.senado.leg.br/dadosabertos/processo/{id}
2022-10-02,ATR-001989,Deltan Dallagnol,agente_publico,candidatura_indeferida,2022-10-02: a candidatura de Deltan Dallagnol foi indeferida ou cassada pela Justiça Eleitoral em 06014077020226160000 (TSE) (motivos no arquivo do TSE: Ficha limpa (LC 64/90); situação da candidatura no arquivo de candidatos: INAPTO (); resultado: ELEITO POR QP. Data = eleição (o arquivo não in).,06014077020226160000,,,FNT-000311,"TSE, dados abertos: motivo_cassacao_2022.zip",https://dadosabertos.tse.jus.br/
2022-10-02,ATR-001689,Carla Zambelli,agente_publico,candidatura_indeferida,2022-10-02: a candidatura de Carla Zambelli foi indeferida ou cassada pela Justiça Eleitoral em 06013905520226260000 (TSE) (motivos no arquivo do TSE: Abuso de poder político; situação da candidatura no arquivo de candidatos: APTO (); resultado: ELEITO POR QP. Data = eleição (o arquivo não inf).,06013905520226260000,PL,base do governo,FNT-000311,"TSE, dados abertos: motivo_cassacao_2022.zip",https://dadosabertos.tse.jus.br/
2022-10-05,ATR-001648,Talíria Petrone,agente_publico,arquivado,2022-10-05: a investigação sobre Talíria Petrone em REP 14/2022 (CEDP-CD) foi arquivada.,REP 14/2022,PSOL,oposição,FNT-000306,"Câmara dos Deputados, dados abertos: tramitações das representações (REP)",https://dadosabertos.camara.leg.br/api/v2/proposicoes/{id}/tramitacoes
2022-10-20,ATR-001697,André Janones,agente_publico,representado,2022-10-20: André Janones passou a ser representado em REP 26/2022 (CEDP-CD) por quebra de decoro parlamentar.,REP 26/2022,AVANTE,base do governo,FNT-000306,"Câmara dos Deputados, dados abertos: tramitações das representações (REP)",https://dadosabertos.camara.leg.br/api/v2/proposicoes/{id}/tramitacoes
2022-10-21,ATR-001697,André Janones,agente_publico,representado,2022-10-21: André Janones passou a ser representado em REP 27/2022 (CEDP-CD) por quebra de decoro parlamentar.,REP 27/2022,AVANTE,base do governo,FNT-000306,"Câmara dos Deputados, dados abertos: tramitações das representações (REP)",https://dadosabertos.camara.leg.br/api/v2/proposicoes/{id}/tramitacoes
2022-11-15,ATR-001538,EURICELIA CARDOSO,agente_publico,contas_julgadas_irregulares,2022-11-15: transitou em julgado o julgamento das contas de EURICELIA CARDOSO como irregulares em 042.838/2021-5 (TCU).,042.838/2021-5,PP,base do governo,FNT-000309,"TCU, certidões: responsáveis com contas julgadas irregulares (lista pública)",https://certidoes.apps.tcu.gov.br/api/publico/responsaveis-contas-irregulares/exportar-para-csv?paginaAtual=1&tamanhoPagina=50000
2022-12-14,ATR-000702,Eduardo Bolsonaro,agente_publico,arquivado,2022-12-14: a investigação sobre Eduardo Bolsonaro em REP 10/2022 (CEDP-CD) foi arquivada.,REP 10/2022,PL,base do governo,FNT-000306,"Câmara dos Deputados, dados abertos: tramitações das representações (REP)",https://dadosabertos.camara.leg.br/api/v2/proposicoes/{id}/tramitacoes
2022-12-20,ATR-001644,Carlos Jordy,agente_publico,arquivado,2022-12-20: a investigação sobre Carlos Jordy em REP 11/2022 (CEDP-CD) foi arquivada.,REP 11/2022,PL,base do governo,FNT-000306,"Câmara dos Deputados, dados abertos: tramitações das representações (REP)",https://dadosabertos.camara.leg.br/api/v2/proposicoes/{id}/tramitacoes
2022-12-20,ATR-000672,Jandira Feghali,agente_publico,arquivado,2022-12-20: a investigação sobre Jandira Feghali em REP 13/2022 (CEDP-CD) foi arquivada.,REP 13/2022,PCDOB,oposição,FNT-000306,"Câmara dos Deputados, dados abertos: tramitações das representações (REP)",https://dadosabertos.camara.leg.br/api/v2/proposicoes/{id}/tramitacoes
2022-12-20,ATR-001730,Heitor Freire,agente_publico,arquivado,2022-12-20: a investigação sobre Heitor Freire em REP 16/2022 (CEDP-CD) foi arquivada.,REP 16/2022,UNIÃO,base do governo,FNT-000306,"Câmara dos Deputados, dados abertos: tramitações das representações (REP)",https://dadosabertos.camara.leg.br/api/v2/proposicoes/{id}/tramitacoes
2022-12-28,ATR-000339,ELISEU MOURA,agente_publico,contas_julgadas_irregulares,2022-12-28: transitou em julgado o julgamento das contas de ELISEU MOURA como irregulares em 017.315/2016-6 (TCU).,017.315/2016-6,PP,base do governo,FNT-000309,"TCU, certidões: responsáveis com contas julgadas irregulares (lista pública)",https://certidoes.apps.tcu.gov.br/api/publico/responsaveis-contas-irregulares/exportar-para-csv?paginaAtual=1&tamanhoPagina=50000
2023-01-16,ATR-002447,Randolfe Rodrigues,agente_publico,representado,2023-01-16: Randolfe Rodrigues passou a ser representado em PCE 1/2023 (CEDP-SF) por quebra de decoro parlamentar.,PCE 1/2023,REDE,base do governo,FNT-000307,"Senado Federal, dados abertos: processos do Conselho de Ética (REP, DEN, PCE)",https://legis.senado.leg.br/dadosabertos/processo/{id}
2023-01-24,ATR-001538,EURICELIA CARDOSO,agente_publico,contas_julgadas_irregulares,2023-01-24: transitou em julgado o julgamento das contas de EURICELIA CARDOSO como irregulares em 028.374/2020-7 (TCU).,028.374/2020-7,PP,base do governo,FNT-000309,"TCU, certidões: responsáveis com contas julgadas irregulares (lista pública)",https://certidoes.apps.tcu.gov.br/api/publico/responsaveis-contas-irregulares/exportar-para-csv?paginaAtual=1&tamanhoPagina=50000
2023-01-31,ATR-000470,ONYX LORENZONI,agente_publico,arquivado,2023-01-31: a investigação sobre ONYX LORENZONI em REP 57/2005 (CEDP-CD) foi arquivada.,REP 57/2005,PL,oposição,FNT-000306,"Câmara dos Deputados, dados abertos: tramitações das representações (REP)",https://dadosabertos.camara.leg.br/api/v2/proposicoes/{id}/tramitacoes
2023-01-31,ATR-000470,ONYX LORENZONI,agente_publico,arquivado,2023-01-31: a investigação sobre ONYX LORENZONI em REP 60/2006 (CEDP-CD) foi arquivada.,REP 60/2006,PL,oposição,FNT-000306,"Câmara dos Deputados, dados abertos: tramitações das representações (REP)",https://dadosabertos.camara.leg.br/api/v2/proposicoes/{id}/tramitacoes
2023-01-31,ATR-001638,Daniel Silveira,agente_publico,arquivado,2023-01-31: a investigação sobre Daniel Silveira em REP 17/2019 (CEDP-CD) foi arquivada.,REP 17/2019,PTB,sem classificação,FNT-000306,"Câmara dos Deputados, dados abertos: tramitações das representações (REP)",https://dadosabertos.camara.leg.br/api/v2/proposicoes/{id}/tramitacoes
2023-01-31,ATR-001638,Daniel Silveira,agente_publico,arquivado,2023-01-31: a investigação sobre Daniel Silveira em REP 3/2021 (CEDP-CD) foi arquivada.,REP 3/2021,PTB,sem classificação,FNT-000306,"Câmara dos Deputados, dados abertos: tramitações das representações (REP)",https://dadosabertos.camara.leg.br/api/v2/proposicoes/{id}/tramitacoes
2023-01-31,ATR-001638,Daniel Silveira,agente_publico,arquivado,2023-01-31: a investigação sobre Daniel Silveira em REP 4/2021 (CEDP-CD) foi arquivada.,REP 4/2021,PTB,sem classificação,FNT-000306,"Câmara dos Deputados, dados abertos: tramitações das representações (REP)",https://dadosabertos.camara.leg.br/api/v2/proposicoes/{id}/tramitacoes
2023-01-31,ATR-001638,Daniel Silveira,agente_publico,arquivado,2023-01-31: a investigação sobre Daniel Silveira em REP 5/2021 (CEDP-CD) foi arquivada.,REP 5/2021,PTB,sem classificação,FNT-000306,"Câmara dos Deputados, dados abertos: tramitações das representações (REP)",https://dadosabertos.camara.leg.br/api/v2/proposicoes/{id}/tramitacoes
2023-01-31,ATR-001638,Daniel Silveira,agente_publico,arquivado,2023-01-31: a investigação sobre Daniel Silveira em REP 6/2021 (CEDP-CD) foi arquivada.,REP 6/2021,PTB,sem classificação,FNT-000306,"Câmara dos Deputados, dados abertos: tramitações das representações (REP)",https://dadosabertos.camara.leg.br/api/v2/proposicoes/{id}/tramitacoes
2023-01-31,ATR-001638,Daniel Silveira,agente_publico,arquivado,2023-01-31: a investigação sobre Daniel Silveira em REP 7/2021 (CEDP-CD) foi arquivada.,REP 7/2021,PTB,sem classificação,FNT-000306,"Câmara dos Deputados, dados abertos: tramitações das representações (REP)",https://dadosabertos.camara.leg.br/api/v2/proposicoes/{id}/tramitacoes
2023-01-31,ATR-001638,Daniel Silveira,agente_publico,arquivado,2023-01-31: a investigação sobre Daniel Silveira em REP 8/2021 (CEDP-CD) foi arquivada.,REP 8/2021,PTB,sem classificação,FNT-000306,"Câmara dos Deputados, dados abertos: tramitações das representações (REP)",https://dadosabertos.camara.leg.br/api/v2/proposicoes/{id}/tramitacoes
2023-01-31,ATR-001638,Daniel Silveira,agente_publico,arquivado,2023-01-31: a investigação sobre Daniel Silveira em REP 9/2021 (CEDP-CD) foi arquivada.,REP 9/2021,PTB,sem classificação,FNT-000306,"Câmara dos Deputados, dados abertos: tramitações das representações (REP)",https://dadosabertos.camara.leg.br/api/v2/proposicoes/{id}/tramitacoes
2023-01-31,ATR-000243,Wilson Santiago,agente_publico,arquivado,2023-01-31: a investigação sobre Wilson Santiago em REP 1/2022 (CEDP-CD) foi arquivada.,REP 1/2022,REPUBLICANOS,base do governo,FNT-000306,"Câmara dos Deputados, dados abertos: tramitações das representações (REP)",https://dadosabertos.camara.leg.br/api/v2/proposicoes/{id}/tramitacoes
2023-01-31,ATR-001689,Carla Zambelli,agente_publico,arquivado,2023-01-31: a investigação sobre Carla Zambelli em REP 12/2022 (CEDP-CD) foi arquivada.,REP 12/2022,PL,oposição,FNT-000306,"Câmara dos Deputados, dados abertos: tramitações das representações (REP)",https://dadosabertos.camara.leg.br/api/v2/proposicoes/{id}/tramitacoes
2023-01-31,ATR-001745,Josimar Maranhãozinho,agente_publico,arquivado,2023-01-31: a investigação sobre Josimar Maranhãozinho em REP 15/2022 (CEDP-CD) foi arquivada.,REP 15/2022,PL,oposição,FNT-000306,"Câmara dos Deputados, dados abertos: tramitações das representações (REP)",https://dadosabertos.camara.leg.br/api/v2/proposicoes/{id}/tramitacoes
2023-01-31,ATR-001563,Bia Kicis,agente_publico,arquivado,2023-01-31: a investigação sobre Bia Kicis em REP 17/2022 (CEDP-CD) foi arquivada.,REP 17/2022,PL,oposição,FNT-000306,"Câmara dos Deputados, dados abertos: tramitações das representações (REP)",https://dadosabertos.camara.leg.br/api/v2/proposicoes/{id}/tramitacoes
2023-01-31,ATR-001718,Kim Kataguiri,agente_publico,arquivado,2023-01-31: a investigação sobre Kim Kataguiri em REP 18/2022 (CEDP-CD) foi arquivada.,REP 18/2022,UNIÃO,base do governo,FNT-000306,"Câmara dos Deputados, dados abertos: tramitações das representações (REP)",https://dadosabertos.camara.leg.br/api/v2/proposicoes/{id}/tramitacoes
2023-01-31,ATR-001718,Kim Kataguiri,agente_publico,arquivado,2023-01-31: a investigação sobre Kim Kataguiri em REP 19/2022 (CEDP-CD) foi arquivada.,REP 19/2022,UNIÃO,base do governo,FNT-000306,"Câmara dos Deputados, dados abertos: tramitações das representações (REP)",https://dadosabertos.camara.leg.br/api/v2/proposicoes/{id}/tramitacoes
2023-01-31,ATR-000702,Eduardo Bolsonaro,agente_publico,arquivado,2023-01-31: a investigação sobre Eduardo Bolsonaro em REP 2/2022 (CEDP-CD) foi arquivada.,REP 2/2022,PL,oposição,FNT-000306,"Câmara dos Deputados, dados abertos: tramitações das representações (REP)",https://dadosabertos.camara.leg.br/api/v2/proposicoes/{id}/tramitacoes
2023-01-31,ATR-000702,Eduardo Bolsonaro,agente_publico,arquivado,2023-01-31: a investigação sobre Eduardo Bolsonaro em REP 20/2022 (CEDP-CD) foi arquivada.,REP 20/2022,PL,oposição,FNT-000306,"Câmara dos Deputados, dados abertos: tramitações das representações (REP)",https://dadosabertos.camara.leg.br/api/v2/proposicoes/{id}/tramitacoes
2023-01-31,ATR-000702,Eduardo Bolsonaro,agente_publico,arquivado,2023-01-31: a investigação sobre Eduardo Bolsonaro em REP 21/2022 (CEDP-CD) foi arquivada.,REP 21/2022,PL,oposição,FNT-000306,"Câmara dos Deputados, dados abertos: tramitações das representações (REP)",https://dadosabertos.camara.leg.br/api/v2/proposicoes/{id}/tramitacoes
2023-01-31,ATR-000702,Eduardo Bolsonaro,agente_publico,arquivado,2023-01-31: a investigação sobre Eduardo Bolsonaro em REP 22/2022 (CEDP-CD) foi arquivada.,REP 22/2022,PL,oposição,FNT-000306,"Câmara dos Deputados, dados abertos: tramitações das representações (REP)",https://dadosabertos.camara.leg.br/api/v2/proposicoes/{id}/tramitacoes
2023-01-31,ATR-000702,Eduardo Bolsonaro,agente_publico,arquivado,2023-01-31: a investigação sobre Eduardo Bolsonaro em REP 4/2022 (CEDP-CD) foi arquivada.,REP 4/2022,PL,oposição,FNT-000306,"Câmara dos Deputados, dados abertos: tramitações das representações (REP)",https://dadosabertos.camara.leg.br/api/v2/proposicoes/{id}/tramitacoes
2023-01-31,ATR-001563,Bia Kicis,agente_publico,arquivado,2023-01-31: a investigação sobre Bia Kicis em REP 5/2022 (CEDP-CD) foi arquivada.,REP 5/2022,PL,oposição,FNT-000306,"Câmara dos Deputados, dados abertos: tramitações das representações (REP)",https://dadosabertos.camara.leg.br/api/v2/proposicoes/{id}/tramitacoes
2023-01-31,ATR-001563,Bia Kicis,agente_publico,arquivado,2023-01-31: a investigação sobre Bia Kicis em REP 6/2022 (CEDP-CD) foi arquivada.,REP 6/2022,PL,oposição,FNT-000306,"Câmara dos Deputados, dados abertos: tramitações das representações (REP)",https://dadosabertos.camara.leg.br/api/v2/proposicoes/{id}/tramitacoes
2023-01-31,ATR-001689,Carla Zambelli,agente_publico,arquivado,2023-01-31: a investigação sobre Carla Zambelli em REP 7/2022 (CEDP-CD) foi arquivada.,REP 7/2022,PL,oposição,FNT-000306,"Câmara dos Deputados, dados abertos: tramitações das representações (REP)",https://dadosabertos.camara.leg.br/api/v2/proposicoes/{id}/tramitacoes
2023-01-31,ATR-000702,Eduardo Bolsonaro,agente_publico,arquivado,2023-01-31: a investigação sobre Eduardo Bolsonaro em REP 8/2022 (CEDP-CD) foi arquivada.,REP 8/2022,PL,oposição,FNT-000306,"Câmara dos Deputados, dados abertos: tramitações das representações (REP)",https://dadosabertos.camara.leg.br/api/v2/proposicoes/{id}/tramitacoes
2023-01-31,ATR-001386,Delegado Éder Mauro,agente_publico,arquivado,2023-01-31: a investigação sobre Delegado Éder Mauro em REP 9/2022 (CEDP-CD) foi arquivada.,REP 9/2022,PL,oposição,FNT-000306,"Câmara dos Deputados, dados abertos: tramitações das representações (REP)",https://dadosabertos.camara.leg.br/api/v2/proposicoes/{id}/tramitacoes
2023-01-31,ATR-001022,Glauber Braga,agente_publico,arquivado,2023-01-31: a investigação sobre Glauber Braga em REP 24/2022 (CEDP-CD) foi arquivada.,REP 24/2022,PSOL,base do governo,FNT-000306,"Câmara dos Deputados, dados abertos: tramitações das representações (REP)",https://dadosabertos.camara.leg.br/api/v2/proposicoes/{id}/tramitacoes
2023-01-31,ATR-001697,André Janones,agente_publico,arquivado,2023-01-31: a investigação sobre André Janones em REP 26/2022 (CEDP-CD) foi arquivada.,REP 26/2022,AVANTE,sem classificação,FNT-000306,"Câmara dos Deputados, dados abertos: tramitações das representações (REP)",https://dadosabertos.camara.leg.br/api/v2/proposicoes/{id}/tramitacoes
2023-01-31,ATR-001697,André Janones,agente_publico,arquivado,2023-01-31: a investigação sobre André Janones em REP 27/2022 (CEDP-CD) foi arquivada.,REP 27/2022,AVANTE,sem classificação,FNT-000306,"Câmara dos Deputados, dados abertos: tramitações das representações (REP)",https://dadosabertos.camara.leg.br/api/v2/proposicoes/{id}/tramitacoes
2023-02-06,ATR-002447,Randolfe Rodrigues,agente_publico,representado,2023-02-06: Randolfe Rodrigues passou a ser representado em PCE 2/2023 (CEDP-SF) por quebra de decoro parlamentar.,PCE 2/2023,REDE,base do governo,FNT-000307,"Senado Federal, dados abertos: processos do Conselho de Ética (REP, DEN, PCE)",https://legis.senado.leg.br/dadosabertos/processo/{id}
2023-02-06,ATR-002600,Marcos do Val,agente_publico,representado,2023-02-06: Marcos do Val passou a ser representado em PCE 3/2023 (CEDP-SF) por quebra de decoro parlamentar.,PCE 3/2023,PODE,base do governo,FNT-000307,"Senado Federal, dados abertos: processos do Conselho de Ética (REP, DEN, PCE)",https://legis.senado.leg.br/dadosabertos/processo/{id}
2023-02-09,ATR-002660,Damares Alves,agente_publico,representado,2023-02-09: Damares Alves passou a ser representado em PCE 4/2023 (CEDP-SF) por quebra de decoro parlamentar.,PCE 4/2023,REPUBLICANOS,base do governo,FNT-000307,"Senado Federal, dados abertos: processos do Conselho de Ética (REP, DEN, PCE)",https://legis.senado.leg.br/dadosabertos/processo/{id}
2023-02-17,ATR-002447,Randolfe Rodrigues,agente_publico,representado,2023-02-17: Randolfe Rodrigues passou a ser representado em PCE 5/2023 (CEDP-SF) por quebra de decoro parlamentar.,PCE 5/2023,REDE,base do governo,FNT-000307,"Senado Federal, dados abertos: processos do Conselho de Ética (REP, DEN, PCE)",https://legis.senado.leg.br/dadosabertos/processo/{id}
2023-03-22,ATR-002568,Flávio Bolsonaro,agente_publico,representado,2023-03-22: Flávio Bolsonaro passou a ser representado em PCE 7/2023 (CEDP-SF) por quebra de decoro parlamentar.,PCE 7/2023,PL,oposição,FNT-000307,"Senado Federal, dados abertos: processos do Conselho de Ética (REP, DEN, PCE)",https://legis.senado.leg.br/dadosabertos/processo/{id}
2023-03-22,ATR-002600,Marcos do Val,agente_publico,representado,2023-03-22: Marcos do Val passou a ser representado em PCE 7/2023 (CEDP-SF) por quebra de decoro parlamentar.,PCE 7/2023,PODE,base do governo,FNT-000307,"Senado Federal, dados abertos: processos do Conselho de Ética (REP, DEN, PCE)",https://legis.senado.leg.br/dadosabertos/processo/{id}
2023-04-14,ATR-002600,Marcos do Val,agente_publico,representado,2023-04-14: Marcos do Val passou a ser representado em PCE 8/2023 (CEDP-SF) por quebra de decoro parlamentar.,PCE 8/2023,PODE,base do governo,FNT-000307,"Senado Federal, dados abertos: processos do Conselho de Ética (REP, DEN, PCE)",https://legis.senado.leg.br/dadosabertos/processo/{id}
2023-04-14,ATR-002547,Chico Rodrigues,agente_publico,representado,2023-04-14: Chico Rodrigues passou a ser representado em PCE 9/2023 (CEDP-SF) por quebra de decoro parlamentar.,PCE 9/2023,PSB,sem classificação,FNT-000307,"Senado Federal, dados abertos: processos do Conselho de Ética (REP, DEN, PCE)",https://legis.senado.leg.br/dadosabertos/processo/{id}
2023-05-03,ATR-000020,Fábio Henrique,agente_publico,contas_julgadas_irregulares,2023-05-03: transitou em julgado o julgamento das contas de Fábio Henrique como irregulares em 022.166/2016-5 (TCU).,022.166/2016-5,UNIÃO,base do governo,FNT-000309,"TCU, certidões: responsáveis com contas julgadas irregulares (lista pública)",https://certidoes.apps.tcu.gov.br/api/publico/responsaveis-contas-irregulares/exportar-para-csv?paginaAtual=1&tamanhoPagina=50000
2023-05-04,ATR-000941,NEILTON MULIM,agente_publico,contas_julgadas_irregulares,2023-05-04: transitou em julgado o julgamento das contas de NEILTON MULIM como irregulares em 028.318/2019-6 (TCU).,028.318/2019-6,PL,oposição,FNT-000309,"TCU, certidões: responsáveis com contas julgadas irregulares (lista pública)",https://certidoes.apps.tcu.gov.br/api/publico/responsaveis-contas-irregulares/exportar-para-csv?paginaAtual=1&tamanhoPagina=50000
2023-05-04,ATR-000431,Silas Câmara,agente_publico,punibilidade_extinta,2023-05-04: foi declarada extinta a punibilidade de Silas Câmara em AP 864 (STF).,AP 864,REPUBLICANOS,base do governo,FNT-000046,"STF, Corte Aberta: decisões em ações penais e inquéritos, 08/01/2003 a 23/09/2026 (exportação do painel)",https://transparencia.stf.jus.br/extensions/decisoes/decisoes.html
2023-05-23,ATR-001689,Carla Zambelli,agente_publico,representado,2023-05-23: Carla Zambelli passou a ser representado em REP 1/2023 (CEDP-CD) por quebra de decoro parlamentar.,REP 1/2023,PL,oposição,FNT-000306,"Câmara dos Deputados, dados abertos: tramitações das representações (REP)",https://dadosabertos.camara.leg.br/api/v2/proposicoes/{id}/tramitacoes
2023-05-23,ATR-000686,Márcio Jerry,agente_publico,representado,2023-05-23: Márcio Jerry passou a ser representado em REP 2/2023 (CEDP-CD) por quebra de decoro parlamentar.,REP 2/2023,PCDOB,base do governo,FNT-000306,"Câmara dos Deputados, dados abertos: tramitações das representações (REP)",https://dadosabertos.camara.leg.br/api/v2/proposicoes/{id}/tramitacoes
2023-05-23,ATR-001777,Nikolas Ferreira,agente_publico,representado,2023-05-23: Nikolas Ferreira passou a ser representado em REP 3/2023 (CEDP-CD) por quebra de decoro parlamentar.,REP 3/2023,PL,oposição,FNT-000306,"Câmara dos Deputados, dados abertos: tramitações das representações (REP)",https://dadosabertos.camara.leg.br/api/v2/proposicoes/{id}/tramitacoes
2023-05-23,ATR-001655,José Medeiros,agente_publico,representado,2023-05-23: José Medeiros passou a ser representado em REP 4/2023 (CEDP-CD) por quebra de decoro parlamentar.,REP 4/2023,PL,oposição,FNT-000306,"Câmara dos Deputados, dados abertos: tramitações das representações (REP)",https://dadosabertos.camara.leg.br/api/v2/proposicoes/{id}/tramitacoes
2023-05-24,ATR-002208,Magno Malta,agente_publico,representado,2023-05-24: Magno Malta passou a ser representado em PCE 10/2023 (CEDP-SF) por quebra de decoro parlamentar.,PCE 10/2023,PL,oposição,FNT-000307,"Senado Federal, dados abertos: processos do Conselho de Ética (REP, DEN, PCE)",https://legis.senado.leg.br/dadosabertos/processo/{id}
2023-05-24,ATR-002208,Magno Malta,agente_publico,representado,2023-05-24: Magno Malta passou a ser representado em PCE 11/2023 (CEDP-SF) por quebra de decoro parlamentar.,PCE 11/2023,PL,oposição,FNT-000307,"Senado Federal, dados abertos: processos do Conselho de Ética (REP, DEN, PCE)",https://legis.senado.leg.br/dadosabertos/processo/{id}
2023-05-29,ATR-001927,Juliana Cardoso,agente_publico,representado,2023-05-29: Juliana Cardoso passou a ser representado em REP 5/2023 (CEDP-CD) por quebra de decoro parlamentar.,REP 5/2023,PT,base do governo,FNT-000306,"Câmara dos Deputados, dados abertos: tramitações das representações (REP)",https://dadosabertos.camara.leg.br/api/v2/proposicoes/{id}/tramitacoes
2023-05-29,ATR-001648,Talíria Petrone,agente_publico,representado,2023-05-29: Talíria Petrone passou a ser representado em REP 6/2023 (CEDP-CD) por quebra de decoro parlamentar.,REP 6/2023,PSOL,base do governo,FNT-000306,"Câmara dos Deputados, dados abertos: tramitações das representações (REP)",https://dadosabertos.camara.leg.br/api/v2/proposicoes/{id}/tramitacoes
2023-05-29,ATR-000702,Eduardo Bolsonaro,agente_publico,representado,2023-05-29: Eduardo Bolsonaro passou a ser representado em REP 7/2023 (CEDP-CD) por quebra de decoro parlamentar.,REP 7/2023,PL,oposição,FNT-000306,"Câmara dos Deputados, dados abertos: tramitações das representações (REP)",https://dadosabertos.camara.leg.br/api/v2/proposicoes/{id}/tramitacoes
2023-05-31,ATR-001594,Fernanda Melchionna,agente_publico,representado,2023-05-31: Fernanda Melchionna passou a ser representado em REP 8/2023 (CEDP-CD) por quebra de decoro parlamentar.,REP 8/2023,PSOL,base do governo,FNT-000306,"Câmara dos Deputados, dados abertos: tramitações das representações (REP)",https://dadosabertos.camara.leg.br/api/v2/proposicoes/{id}/tramitacoes
2023-05-31,ATR-001648,Talíria Petrone,agente_publico,representado,2023-05-31: Talíria Petrone passou a ser representado em REP 8/2023 (CEDP-CD) por quebra de decoro parlamentar.,REP 8/2023,PSOL,base do governo,FNT-000306,"Câmara dos Deputados, dados abertos: tramitações das representações (REP)",https://dadosabertos.camara.leg.br/api/v2/proposicoes/{id}/tramitacoes
2023-05-31,ATR-001927,Juliana Cardoso,agente_publico,representado,2023-05-31: Juliana Cardoso passou a ser representado em REP 8/2023 (CEDP-CD) por quebra de decoro parlamentar.,REP 8/2023,PT,base do governo,FNT-000306,"Câmara dos Deputados, dados abertos: tramitações das representações (REP)",https://dadosabertos.camara.leg.br/api/v2/proposicoes/{id}/tramitacoes
2023-06-01,ATR-002320,Fernando Collor,agente_publico,condenado_tribunal_superior,"2023-06-01: Fernando Collor foi condenado por tribunal superior em AP 1025 (STF) (corrupção passiva (art. 317, caput, CP), lavagem de dinheiro (Lei 9.613/1998, art. 1º) e associação criminosa (art. 288, CP, com prescrição reconhecida)).",AP 1025,PTB,sem classificação,FNT-000046,"STF, Corte Aberta: decisões em ações penais e inquéritos, 08/01/2003 a 23/09/2026 (exportação do painel)",https://transparencia.stf.jus.br/extensions/decisoes/decisoes.html
2023-06-03,ATR-001975,Diego Coronel,agente_publico,contas_julgadas_irregulares,2023-06-03: transitou em julgado o julgamento das contas de Diego Coronel como irregulares em 028.684/2016-8 (TCU).,028.684/2016-8,PSD,base do governo,FNT-000309,"TCU, certidões: responsáveis com contas julgadas irregulares (lista pública)",https://certidoes.apps.tcu.gov.br/api/publico/responsaveis-contas-irregulares/exportar-para-csv?paginaAtual=1&tamanhoPagina=50000
2023-06-12,ATR-001594,Fernanda Melchionna,agente_publico,arquivado,2023-06-12: a investigação sobre Fernanda Melchionna em REP 8/2023 (CEDP-CD) foi arquivada.,REP 8/2023,PSOL,base do governo,FNT-000306,"Câmara dos Deputados, dados abertos: tramitações das representações (REP)",https://dadosabertos.camara.leg.br/api/v2/proposicoes/{id}/tramitacoes
2023-06-12,ATR-001648,Talíria Petrone,agente_publico,arquivado,2023-06-12: a investigação sobre Talíria Petrone em REP 8/2023 (CEDP-CD) foi arquivada.,REP 8/2023,PSOL,base do governo,FNT-000306,"Câmara dos Deputados, dados abertos: tramitações das representações (REP)",https://dadosabertos.camara.leg.br/api/v2/proposicoes/{id}/tramitacoes
2023-06-12,ATR-001927,Juliana Cardoso,agente_publico,arquivado,2023-06-12: a investigação sobre Juliana Cardoso em REP 8/2023 (CEDP-CD) foi arquivada.,REP 8/2023,PT,base do governo,FNT-000306,"Câmara dos Deputados, dados abertos: tramitações das representações (REP)",https://dadosabertos.camara.leg.br/api/v2/proposicoes/{id}/tramitacoes
2023-06-12,ATR-001717,Sâmia Bomfim,agente_publico,representado,2023-06-12: Sâmia Bomfim passou a ser representado em REP 10/2023 (CEDP-CD) por quebra de decoro parlamentar.,REP 10/2023,PSOL,base do governo,FNT-000306,"Câmara dos Deputados, dados abertos: tramitações das representações (REP)",https://dadosabertos.camara.leg.br/api/v2/proposicoes/{id}/tramitacoes
2023-06-12,ATR-001648,Talíria Petrone,agente_publico,representado,2023-06-12: Talíria Petrone passou a ser representado em REP 11/2023 (CEDP-CD) por quebra de decoro parlamentar.,REP 11/2023,PSOL,base do governo,FNT-000306,"Câmara dos Deputados, dados abertos: tramitações das representações (REP)",https://dadosabertos.camara.leg.br/api/v2/proposicoes/{id}/tramitacoes
2023-06-12,ATR-001125,Erika Kokay,agente_publico,representado,2023-06-12: Erika Kokay passou a ser representado em REP 12/2023 (CEDP-CD) por quebra de decoro parlamentar.,REP 12/2023,PT,base do governo,FNT-000306,"Câmara dos Deputados, dados abertos: tramitações das representações (REP)",https://dadosabertos.camara.leg.br/api/v2/proposicoes/{id}/tramitacoes
2023-06-12,ATR-001594,Fernanda Melchionna,agente_publico,representado,2023-06-12: Fernanda Melchionna passou a ser representado em REP 13/2023 (CEDP-CD) por quebra de decoro parlamentar.,REP 13/2023,PSOL,base do governo,FNT-000306,"Câmara dos Deputados, dados abertos: tramitações das representações (REP)",https://dadosabertos.camara.leg.br/api/v2/proposicoes/{id}/tramitacoes
2023-06-12,ATR-001927,Juliana Cardoso,agente_publico,representado,2023-06-12: Juliana Cardoso passou a ser representado em REP 14/2023 (CEDP-CD) por quebra de decoro parlamentar.,REP 14/2023,PT,base do governo,FNT-000306,"Câmara dos Deputados, dados abertos: tramitações das representações (REP)",https://dadosabertos.camara.leg.br/api/v2/proposicoes/{id}/tramitacoes
2023-06-12,ATR-001771,Célia Xakriabá,agente_publico,representado,2023-06-12: Célia Xakriabá passou a ser representado em REP 9/2023 (CEDP-CD) por quebra de decoro parlamentar.,REP 9/2023,PSOL,base do governo,FNT-000306,"Câmara dos Deputados, dados abertos: tramitações das representações (REP)",https://dadosabertos.camara.leg.br/api/v2/proposicoes/{id}/tramitacoes
2023-06-14,ATR-002548,Cid Gomes,agente_publico,representado,2023-06-14: Cid Gomes passou a ser representado em DEN 1/2023 (CEDP-SF) por quebra de decoro parlamentar.,DEN 1/2023,PDT,base do governo,FNT-000307,"Senado Federal, dados abertos: processos do Conselho de Ética (REP, DEN, PCE)",https://legis.senado.leg.br/dadosabertos/processo/{id}
2023-06-14,ATR-002582,Jorge Kajuru,agente_publico,representado,2023-06-14: Jorge Kajuru passou a ser representado em DEN 2/2023 (CEDP-SF) por quebra de decoro parlamentar.,DEN 2/2023,PSB,sem classificação,FNT-000307,"Senado Federal, dados abertos: processos do Conselho de Ética (REP, DEN, PCE)",https://legis.senado.leg.br/dadosabertos/processo/{id}
2023-06-14,ATR-002582,Jorge Kajuru,agente_publico,representado,2023-06-14: Jorge Kajuru passou a ser representado em DEN 3/2023 (CEDP-SF) por quebra de decoro parlamentar.,DEN 3/2023,PSB,sem classificação,FNT-000307,"Senado Federal, dados abertos: processos do Conselho de Ética (REP, DEN, PCE)",https://legis.senado.leg.br/dadosabertos/processo/{id}
2023-06-14,ATR-002638,Styvenson Valentim,agente_publico,representado,2023-06-14: Styvenson Valentim passou a ser representado em DEN 4/2023 (CEDP-SF) por quebra de decoro parlamentar.,DEN 4/2023,PODE,base do governo,FNT-000307,"Senado Federal, dados abertos: processos do Conselho de Ética (REP, DEN, PCE)",https://legis.senado.leg.br/dadosabertos/processo/{id}
2023-06-14,ATR-002447,Randolfe Rodrigues,agente_publico,representado,2023-06-14: Randolfe Rodrigues passou a ser representado em DEN 5/2023 (CEDP-SF) por quebra de decoro parlamentar.,DEN 5/2023,REDE,base do governo,FNT-000307,"Senado Federal, dados abertos: processos do Conselho de Ética (REP, DEN, PCE)",https://legis.senado.leg.br/dadosabertos/processo/{id}
2023-06-14,ATR-002547,Chico Rodrigues,agente_publico,representado,2023-06-14: Chico Rodrigues passou a ser representado em REP 1/2023 (CEDP-SF) por quebra de decoro parlamentar.,REP 1/2023,PSB,sem classificação,FNT-000307,"Senado Federal, dados abertos: processos do Conselho de Ética (REP, DEN, PCE)",https://legis.senado.leg.br/dadosabertos/processo/{id}
2023-06-14,ATR-000014,LÚCIA BRAGA,agente_publico,contas_julgadas_irregulares,2023-06-14: transitou em julgado o julgamento das contas de LÚCIA BRAGA como irregulares em 025.266/2013-6 (TCU).,025.266/2013-6,MDB,base do governo,FNT-000309,"TCU, certidões: responsáveis com contas julgadas irregulares (lista pública)",https://certidoes.apps.tcu.gov.br/api/publico/responsaveis-contas-irregulares/exportar-para-csv?paginaAtual=1&tamanhoPagina=50000
2023-06-16,ATR-002600,Marcos do Val,agente_publico,representado,2023-06-16: Marcos do Val passou a ser representado em PCE 12/2023 (CEDP-SF) por quebra de decoro parlamentar.,PCE 12/2023,PODE,base do governo,FNT-000307,"Senado Federal, dados abertos: processos do Conselho de Ética (REP, DEN, PCE)",https://legis.senado.leg.br/dadosabertos/processo/{id}
2023-06-19,ATR-002326,Jayme Campos,agente_publico,arquivado,2023-06-19: a investigação sobre Jayme Campos em PCE 3/2020 (CEDP-SF) foi arquivada.,PCE 3/2020,UNIÃO,base do governo,FNT-000307,"Senado Federal, dados abertos: processos do Conselho de Ética (REP, DEN, PCE)",https://legis.senado.leg.br/dadosabertos/processo/{id}
2023-06-19,ATR-000272,PAULO ROCHA,agente_publico,arquivado,2023-06-19: a investigação sobre PAULO ROCHA em PCE 2/2021 (CEDP-SF) foi arquivada.,PCE 2/2021,PT,base do governo,FNT-000307,"Senado Federal, dados abertos: processos do Conselho de Ética (REP, DEN, PCE)",https://legis.senado.leg.br/dadosabertos/processo/{id}
2023-06-19,ATR-002660,Damares Alves,agente_publico,arquivado,2023-06-19: a investigação sobre Damares Alves em PCE 4/2023 (CEDP-SF) foi arquivada.,PCE 4/2023,REPUBLICANOS,base do governo,FNT-000307,"Senado Federal, dados abertos: processos do Conselho de Ética (REP, DEN, PCE)",https://legis.senado.leg.br/dadosabertos/processo/{id}
2023-06-22,ATR-002600,Marcos do Val,agente_publico,representado,2023-06-22: Marcos do Val passou a ser representado em PCE 13/2023 (CEDP-SF) por quebra de decoro parlamentar.,PCE 13/2023,PODE,base do governo,FNT-000307,"Senado Federal, dados abertos: processos do Conselho de Ética (REP, DEN, PCE)",https://legis.senado.leg.br/dadosabertos/processo/{id}
2023-06-23,ATR-001314,ALAN RICK,agente_publico,representado,2023-06-23: ALAN RICK passou a ser representado em PCE 14/2023 (CEDP-SF) por quebra de decoro parlamentar.,PCE 14/2023,UNIÃO,base do governo,FNT-000307,"Senado Federal, dados abertos: processos do Conselho de Ética (REP, DEN, PCE)",https://legis.senado.leg.br/dadosabertos/processo/{id}
2023-07-12,ATR-001314,ALAN RICK,agente_publico,representado,2023-07-12: ALAN RICK passou a ser representado em PCE 15/2023 (CEDP-SF) por quebra de decoro parlamentar.,PCE 15/2023,UNIÃO,base do governo,FNT-000307,"Senado Federal, dados abertos: processos do Conselho de Ética (REP, DEN, PCE)",https://legis.senado.leg.br/dadosabertos/processo/{id}
2023-07-13,ATR-000226,DR. RIBAMAR ALVES,agente_publico,contas_julgadas_irregulares,2023-07-13: transitou em julgado o julgamento das contas de DR. RIBAMAR ALVES como irregulares em 000.666/2019-0 (TCU).,000.666/2019-0,PSB,sem classificação,FNT-000309,"TCU, certidões: responsáveis com contas julgadas irregulares (lista pública)",https://certidoes.apps.tcu.gov.br/api/publico/responsaveis-contas-irregulares/exportar-para-csv?paginaAtual=1&tamanhoPagina=50000
2023-07-18,ATR-001314,ALAN RICK,agente_publico,representado,2023-07-18: ALAN RICK passou a ser representado em PCE 16/2023 (CEDP-SF) por quebra de decoro parlamentar.,PCE 16/2023,UNIÃO,base do governo,FNT-000307,"Senado Federal, dados abertos: processos do Conselho de Ética (REP, DEN, PCE)",https://legis.senado.leg.br/dadosabertos/processo/{id}
2023-08-01,ATR-000185,ANTONIO NOGUEIRA,agente_publico,contas_julgadas_irregulares,2023-08-01: transitou em julgado o julgamento das contas de ANTONIO NOGUEIRA como irregulares em 017.055/2020-2 (TCU).,017.055/2020-2,PT,base do governo,FNT-000309,"TCU, certidões: responsáveis com contas julgadas irregulares (lista pública)",https://certidoes.apps.tcu.gov.br/api/publico/responsaveis-contas-irregulares/exportar-para-csv?paginaAtual=1&tamanhoPagina=50000
2023-08-07,ATR-001847,Julia Zanatta,agente_publico,representado,2023-08-07: Julia Zanatta passou a ser representado em REP 15/2023 (CEDP-CD) por quebra de decoro parlamentar.,REP 15/2023,PL,oposição,FNT-000306,"Câmara dos Deputados, dados abertos: tramitações das representações (REP)",https://dadosabertos.camara.leg.br/api/v2/proposicoes/{id}/tramitacoes
2023-08-07,ATR-001944,André Fernandes,agente_publico,representado,2023-08-07: André Fernandes passou a ser representado em REP 15/2023 (CEDP-CD) por quebra de decoro parlamentar.,REP 15/2023,PL,oposição,FNT-000306,"Câmara dos Deputados, dados abertos: tramitações das representações (REP)",https://dadosabertos.camara.leg.br/api/v2/proposicoes/{id}/tramitacoes
2023-08-07,ATR-001085,Marcon,agente_publico,representado,2023-08-07: Marcon passou a ser representado em REP 16/2023 (CEDP-CD) por quebra de decoro parlamentar.,REP 16/2023,PT,base do governo,FNT-000306,"Câmara dos Deputados, dados abertos: tramitações das representações (REP)",https://dadosabertos.camara.leg.br/api/v2/proposicoes/{id}/tramitacoes
2023-08-07,ATR-001022,Glauber Braga,agente_publico,representado,2023-08-07: Glauber Braga passou a ser representado em REP 17/2023 (CEDP-CD) por quebra de decoro parlamentar.,REP 17/2023,PSOL,base do governo,FNT-000306,"Câmara dos Deputados, dados abertos: tramitações das representações (REP)",https://dadosabertos.camara.leg.br/api/v2/proposicoes/{id}/tramitacoes
2023-08-07,ATR-001880,Abilio Brunini,agente_publico,representado,2023-08-07: Abilio Brunini passou a ser representado em REP 18/2023 (CEDP-CD) por quebra de decoro parlamentar.,REP 18/2023,PL,oposição,FNT-000306,"Câmara dos Deputados, dados abertos: tramitações das representações (REP)",https://dadosabertos.camara.leg.br/api/v2/proposicoes/{id}/tramitacoes
2023-08-07,ATR-001944,André Fernandes,agente_publico,representado,2023-08-07: André Fernandes passou a ser representado em REP 19/2023 (CEDP-CD) por quebra de decoro parlamentar.,REP 19/2023,PL,oposição,FNT-000306,"Câmara dos Deputados, dados abertos: tramitações das representações (REP)",https://dadosabertos.camara.leg.br/api/v2/proposicoes/{id}/tramitacoes
2023-08-07,ATR-001920,Ricardo Salles,agente_publico,representado,2023-08-07: Ricardo Salles passou a ser representado em REP 20/2023 (CEDP-CD) por quebra de decoro parlamentar.,REP 20/2023,PL,oposição,FNT-000306,"Câmara dos Deputados, dados abertos: tramitações das representações (REP)",https://dadosabertos.camara.leg.br/api/v2/proposicoes/{id}/tramitacoes
2023-08-07,ATR-001840,Zucco,agente_publico,representado,2023-08-07: Zucco passou a ser representado em REP 21/2023 (CEDP-CD) por quebra de decoro parlamentar.,REP 21/2023,REPUBLICANOS,base do governo,FNT-000306,"Câmara dos Deputados, dados abertos: tramitações das representações (REP)",https://dadosabertos.camara.leg.br/api/v2/proposicoes/{id}/tramitacoes
2023-08-07,ATR-001717,Sâmia Bomfim,agente_publico,representado,2023-08-07: Sâmia Bomfim passou a ser representado em REP 22/2023 (CEDP-CD) por quebra de decoro parlamentar.,REP 22/2023,PSOL,base do governo,FNT-000306,"Câmara dos Deputados, dados abertos: tramitações das representações (REP)",https://dadosabertos.camara.leg.br/api/v2/proposicoes/{id}/tramitacoes
2023-08-24,ATR-002600,Marcos do Val,agente_publico,representado,2023-08-24: Marcos do Val passou a ser representado em PCE 17/2023 (CEDP-SF) por quebra de decoro parlamentar.,PCE 17/2023,PODE,base do governo,FNT-000307,"Senado Federal, dados abertos: processos do Conselho de Ética (REP, DEN, PCE)",https://legis.senado.leg.br/dadosabertos/processo/{id}
2023-08-29,ATR-000274,SOCORRO GOMES,agente_publico,contas_julgadas_irregulares,2023-08-29: transitou em julgado o julgamento das contas de SOCORRO GOMES como irregulares em 033.384/2019-3 (TCU).,033.384/2019-3,PCDOB,base do governo,FNT-000309,"TCU, certidões: responsáveis com contas julgadas irregulares (lista pública)",https://certidoes.apps.tcu.gov.br/api/publico/responsaveis-contas-irregulares/exportar-para-csv?paginaAtual=1&tamanhoPagina=50000
2023-08-31,ATR-001093,ANDRE MOURA,agente_publico,punibilidade_extinta,2023-08-31: foi declarada extinta a punibilidade de ANDRE MOURA em AP 969 (STF).,AP 969,PSC,base do governo,FNT-000340,"STF, AP 969: decisão monocrática publicada no DJe em 2023-08-31 (peça do portal)",https://portal.stf.jus.br/processos/downloadPeca.asp?id=15360649155&ext=.pdf
2023-09-04,ATR-001847,Julia Zanatta,agente_publico,arquivado,2023-09-04: a investigação sobre Julia Zanatta em REP 15/2023 (CEDP-CD) foi arquivada.,REP 15/2023,PL,oposição,FNT-000306,"Câmara dos Deputados, dados abertos: tramitações das representações (REP)",https://dadosabertos.camara.leg.br/api/v2/proposicoes/{id}/tramitacoes
2023-09-04,ATR-001944,André Fernandes,agente_publico,arquivado,2023-09-04: a investigação sobre André Fernandes em REP 15/2023 (CEDP-CD) foi arquivada.,REP 15/2023,PL,oposição,FNT-000306,"Câmara dos Deputados, dados abertos: tramitações das representações (REP)",https://dadosabertos.camara.leg.br/api/v2/proposicoes/{id}/tramitacoes
2023-09-09,ATR-001287,ILÁRIO MARQUES,agente_publico,contas_julgadas_irregulares,2023-09-09: transitou em julgado o julgamento das contas de ILÁRIO MARQUES como irregulares em 040.781/2020-8 (TCU).,040.781/2020-8,PT,base do governo,FNT-000309,"TCU, certidões: responsáveis com contas julgadas irregulares (lista pública)",https://certidoes.apps.tcu.gov.br/api/publico/responsaveis-contas-irregulares/exportar-para-csv?paginaAtual=1&tamanhoPagina=50000
2023-09-13,ATR-001777,Nikolas Ferreira,agente_publico,arquivado,2023-09-13: a investigação sobre Nikolas Ferreira em REP 3/2023 (CEDP-CD) foi arquivada.,REP 3/2023,PL,oposição,FNT-000306,"Câmara dos Deputados, dados abertos: tramitações das representações (REP)",https://dadosabertos.camara.leg.br/api/v2/proposicoes/{id}/tramitacoes
2023-09-14,ATR-000185,ANTONIO NOGUEIRA,agente_publico,contas_julgadas_irregulares,2023-09-14: transitou em julgado o julgamento das contas de ANTONIO NOGUEIRA como irregulares em 033.548/2020-0 (TCU).,033.548/2020-0,PT,base do governo,FNT-000309,"TCU, certidões: responsáveis com contas julgadas irregulares (lista pública)",https://certidoes.apps.tcu.gov.br/api/publico/responsaveis-contas-irregulares/exportar-para-csv?paginaAtual=1&tamanhoPagina=50000
2023-09-14,ATR-001072,RAIMUNDÃO,agente_publico,contas_julgadas_irregulares,2023-09-14: transitou em julgado o julgamento das contas de RAIMUNDÃO como irregulares em 028.345/2017-7 (TCU).,028.345/2017-7,MDB,base do governo,FNT-000309,"TCU, certidões: responsáveis com contas julgadas irregulares (lista pública)",https://certidoes.apps.tcu.gov.br/api/publico/responsaveis-contas-irregulares/exportar-para-csv?paginaAtual=1&tamanhoPagina=50000
2023-09-22,ATR-001689,Carla Zambelli,agente_publico,arquivado,2023-09-22: a investigação sobre Carla Zambelli em REP 1/2023 (CEDP-CD) foi arquivada.,REP 1/2023,PL,oposição,FNT-000306,"Câmara dos Deputados, dados abertos: tramitações das representações (REP)",https://dadosabertos.camara.leg.br/api/v2/proposicoes/{id}/tramitacoes
2023-12-05,ATR-001655,José Medeiros,agente_publico,arquivado,2023-12-05: a investigação sobre José Medeiros em REP 4/2023 (CEDP-CD) foi arquivada.,REP 4/2023,PL,oposição,FNT-000306,"Câmara dos Deputados, dados abertos: tramitações das representações (REP)",https://dadosabertos.camara.leg.br/api/v2/proposicoes/{id}/tramitacoes
2023-12-05,ATR-001927,Juliana Cardoso,agente_publico,arquivado,2023-12-05: a investigação sobre Juliana Cardoso em REP 5/2023 (CEDP-CD) foi arquivada.,REP 5/2023,PT,base do governo,FNT-000306,"Câmara dos Deputados, dados abertos: tramitações das representações (REP)",https://dadosabertos.camara.leg.br/api/v2/proposicoes/{id}/tramitacoes
2023-12-06,ATR-001920,Ricardo Salles,agente_publico,representado,2023-12-06: Ricardo Salles passou a ser representado em REP 23/2023 (CEDP-CD) por quebra de decoro parlamentar.,REP 23/2023,PL,oposição,FNT-000306,"Câmara dos Deputados, dados abertos: tramitações das representações (REP)",https://dadosabertos.camara.leg.br/api/v2/proposicoes/{id}/tramitacoes
2023-12-06,ATR-001717,Sâmia Bomfim,agente_publico,representado,2023-12-06: Sâmia Bomfim passou a ser representado em REP 24/2023 (CEDP-CD) por quebra de decoro parlamentar.,REP 24/2023,PSOL,base do governo,FNT-000306,"Câmara dos Deputados, dados abertos: tramitações das representações (REP)",https://dadosabertos.camara.leg.br/api/v2/proposicoes/{id}/tramitacoes
2023-12-06,ATR-000672,Jandira Feghali,agente_publico,representado,2023-12-06: Jandira Feghali passou a ser representado em REP 25/2023 (CEDP-CD) por quebra de decoro parlamentar.,REP 25/2023,PCDOB,base do governo,FNT-000306,"Câmara dos Deputados, dados abertos: tramitações das representações (REP)",https://dadosabertos.camara.leg.br/api/v2/proposicoes/{id}/tramitacoes
2023-12-06,ATR-001656,General Girão,agente_publico,representado,2023-12-06: General Girão passou a ser representado em REP 26/2023 (CEDP-CD) por quebra de decoro parlamentar.,REP 26/2023,PL,oposição,FNT-000306,"Câmara dos Deputados, dados abertos: tramitações das representações (REP)",https://dadosabertos.camara.leg.br/api/v2/proposicoes/{id}/tramitacoes
2023-12-06,ATR-000674,Lindbergh Farias,agente_publico,representado,2023-12-06: Lindbergh Farias passou a ser representado em REP 27/2023 (CEDP-CD) por quebra de decoro parlamentar.,REP 27/2023,PT,base do governo,FNT-000306,"Câmara dos Deputados, dados abertos: tramitações das representações (REP)",https://dadosabertos.camara.leg.br/api/v2/proposicoes/{id}/tramitacoes
2023-12-06,ATR-001880,Abilio Brunini,agente_publico,representado,2023-12-06: Abilio Brunini passou a ser representado em REP 28/2023 (CEDP-CD) por quebra de decoro parlamentar.,REP 28/2023,PL,oposição,FNT-000306,"Câmara dos Deputados, dados abertos: tramitações das representações (REP)",https://dadosabertos.camara.leg.br/api/v2/proposicoes/{id}/tramitacoes
2023-12-06,ATR-001697,André Janones,agente_publico,representado,2023-12-06: André Janones passou a ser representado em REP 29/2023 (CEDP-CD) por quebra de decoro parlamentar.,REP 29/2023,AVANTE,sem classificação,FNT-000306,"Câmara dos Deputados, dados abertos: tramitações das representações (REP)",https://dadosabertos.camara.leg.br/api/v2/proposicoes/{id}/tramitacoes
2023-12-12,ATR-000702,Eduardo Bolsonaro,agente_publico,arquivado,2023-12-12: a investigação sobre Eduardo Bolsonaro em REP 7/2023 (CEDP-CD) foi arquivada.,REP 7/2023,PL,oposição,FNT-000306,"Câmara dos Deputados, dados abertos: tramitações das representações (REP)",https://dadosabertos.camara.leg.br/api/v2/proposicoes/{id}/tramitacoes
2023-12-13,ATR-001022,Glauber Braga,agente_publico,arquivado,2023-12-13: a investigação sobre Glauber Braga em REP 17/2023 (CEDP-CD) foi arquivada.,REP 17/2023,PSOL,base do governo,FNT-000306,"Câmara dos Deputados, dados abertos: tramitações das representações (REP)",https://dadosabertos.camara.leg.br/api/v2/proposicoes/{id}/tramitacoes
2023-12-14,ATR-001648,Talíria Petrone,agente_publico,arquivado,2023-12-14: a investigação sobre Talíria Petrone em REP 6/2023 (CEDP-CD) foi arquivada.,REP 6/2023,PSOL,base do governo,FNT-000306,"Câmara dos Deputados, dados abertos: tramitações das representações (REP)",https://dadosabertos.camara.leg.br/api/v2/proposicoes/{id}/tramitacoes
2023-12-14,ATR-001648,Talíria Petrone,agente_publico,arquivado,2023-12-14: a investigação sobre Talíria Petrone em REP 11/2023 (CEDP-CD) foi arquivada.,REP 11/2023,PSOL,base do governo,FNT-000306,"Câmara dos Deputados, dados abertos: tramitações das representações (REP)",https://dadosabertos.camara.leg.br/api/v2/proposicoes/{id}/tramitacoes
2023-12-14,ATR-001125,Erika Kokay,agente_publico,arquivado,2023-12-14: a investigação sobre Erika Kokay em REP 12/2023 (CEDP-CD) foi arquivada.,REP 12/2023,PT,base do governo,FNT-000306,"Câmara dos Deputados, dados abertos: tramitações das representações (REP)",https://dadosabertos.camara.leg.br/api/v2/proposicoes/{id}/tramitacoes
2023-12-14,ATR-000941,NEILTON MULIM,agente_publico,contas_julgadas_irregulares,2023-12-14: transitou em julgado o julgamento das contas de NEILTON MULIM como irregulares em 017.037/2020-4 (TCU).,017.037/2020-4,PL,oposição,FNT-000309,"TCU, certidões: responsáveis com contas julgadas irregulares (lista pública)",https://certidoes.apps.tcu.gov.br/api/publico/responsaveis-contas-irregulares/exportar-para-csv?paginaAtual=1&tamanhoPagina=50000
2024-02-06,ATR-000686,Márcio Jerry,agente_publico,arquivado,2024-02-06: a investigação sobre Márcio Jerry em REP 2/2023 (CEDP-CD) foi arquivada.,REP 2/2023,PCDOB,base do governo,FNT-000306,"Câmara dos Deputados, dados abertos: tramitações das representações (REP)",https://dadosabertos.camara.leg.br/api/v2/proposicoes/{id}/tramitacoes
2024-02-06,ATR-001594,Fernanda Melchionna,agente_publico,arquivado,2024-02-06: a investigação sobre Fernanda Melchionna em REP 13/2023 (CEDP-CD) foi arquivada.,REP 13/2023,PSOL,base do governo,FNT-000306,"Câmara dos Deputados, dados abertos: tramitações das representações (REP)",https://dadosabertos.camara.leg.br/api/v2/proposicoes/{id}/tramitacoes
2024-02-06,ATR-001085,Marcon,agente_publico,arquivado,2024-02-06: a investigação sobre Marcon em REP 16/2023 (CEDP-CD) foi arquivada.,REP 16/2023,PT,base do governo,FNT-000306,"Câmara dos Deputados, dados abertos: tramitações das representações (REP)",https://dadosabertos.camara.leg.br/api/v2/proposicoes/{id}/tramitacoes
2024-02-06,ATR-001880,Abilio Brunini,agente_publico,arquivado,2024-02-06: a investigação sobre Abilio Brunini em REP 18/2023 (CEDP-CD) foi arquivada.,REP 18/2023,PL,oposição,FNT-000306,"Câmara dos Deputados, dados abertos: tramitações das representações (REP)",https://dadosabertos.camara.leg.br/api/v2/proposicoes/{id}/tramitacoes
2024-02-06,ATR-001920,Ricardo Salles,agente_publico,arquivado,2024-02-06: a investigação sobre Ricardo Salles em REP 20/2023 (CEDP-CD) foi arquivada.,REP 20/2023,PL,oposição,FNT-000306,"Câmara dos Deputados, dados abertos: tramitações das representações (REP)",https://dadosabertos.camara.leg.br/api/v2/proposicoes/{id}/tramitacoes
2024-02-06,ATR-001840,Zucco,agente_publico,arquivado,2024-02-06: a investigação sobre Zucco em REP 21/2023 (CEDP-CD) foi arquivada.,REP 21/2023,PL,oposição,FNT-000306,"Câmara dos Deputados, dados abertos: tramitações das representações (REP)",https://dadosabertos.camara.leg.br/api/v2/proposicoes/{id}/tramitacoes
2024-02-20,ATR-001538,EURICELIA CARDOSO,agente_publico,contas_julgadas_irregulares,2024-02-20: transitou em julgado o julgamento das contas de EURICELIA CARDOSO como irregulares em 006.249/2022-1 (TCU).,006.249/2022-1,PP,base do governo,FNT-000309,"TCU, certidões: responsáveis com contas julgadas irregulares (lista pública)",https://certidoes.apps.tcu.gov.br/api/publico/responsaveis-contas-irregulares/exportar-para-csv?paginaAtual=1&tamanhoPagina=50000
2024-03-27,ATR-001022,Glauber Braga,agente_publico,representado,2024-03-27: Glauber Braga passou a ser representado em REP 1/2024 (CEDP-CD) por quebra de decoro parlamentar.,REP 1/2024,PSOL,base do governo,FNT-000306,"Câmara dos Deputados, dados abertos: tramitações das representações (REP)",https://dadosabertos.camara.leg.br/api/v2/proposicoes/{id}/tramitacoes
2024-03-27,ATR-001594,Fernanda Melchionna,agente_publico,representado,2024-03-27: Fernanda Melchionna passou a ser representado em REP 2/2024 (CEDP-CD) por quebra de decoro parlamentar.,REP 2/2024,PSOL,base do governo,FNT-000306,"Câmara dos Deputados, dados abertos: tramitações das representações (REP)",https://dadosabertos.camara.leg.br/api/v2/proposicoes/{id}/tramitacoes
2024-03-27,ATR-001936,Delegado da Cunha,agente_publico,representado,2024-03-27: Delegado da Cunha passou a ser representado em REP 3/2024 (CEDP-CD) por quebra de decoro parlamentar.,REP 3/2024,PP,base do governo,FNT-000306,"Câmara dos Deputados, dados abertos: tramitações das representações (REP)",https://dadosabertos.camara.leg.br/api/v2/proposicoes/{id}/tramitacoes
2024-03-27,ATR-001659,Chiquinho Brazão,agente_publico,representado,2024-03-27: Chiquinho Brazão passou a ser representado em REP 4/2024 (CEDP-CD) por quebra de decoro parlamentar.,REP 4/2024,UNIÃO,base do governo,FNT-000306,"Câmara dos Deputados, dados abertos: tramitações das representações (REP)",https://dadosabertos.camara.leg.br/api/v2/proposicoes/{id}/tramitacoes
2024-04-17,ATR-001717,Sâmia Bomfim,agente_publico,arquivado,2024-04-17: a investigação sobre Sâmia Bomfim em REP 24/2023 (CEDP-CD) foi arquivada.,REP 24/2023,PSOL,base do governo,FNT-000306,"Câmara dos Deputados, dados abertos: tramitações das representações (REP)",https://dadosabertos.camara.leg.br/api/v2/proposicoes/{id}/tramitacoes
2024-04-17,ATR-001656,General Girão,agente_publico,arquivado,2024-04-17: a investigação sobre General Girão em REP 26/2023 (CEDP-CD) foi arquivada.,REP 26/2023,PL,oposição,FNT-000306,"Câmara dos Deputados, dados abertos: tramitações das representações (REP)",https://dadosabertos.camara.leg.br/api/v2/proposicoes/{id}/tramitacoes
2024-04-22,ATR-001022,Glauber Braga,agente_publico,representado,2024-04-22: Glauber Braga passou a ser representado em REP 5/2024 (CEDP-CD) por quebra de decoro parlamentar.,REP 5/2024,PSOL,base do governo,FNT-000306,"Câmara dos Deputados, dados abertos: tramitações das representações (REP)",https://dadosabertos.camara.leg.br/api/v2/proposicoes/{id}/tramitacoes
2024-04-30,ATR-000226,DR. RIBAMAR ALVES,agente_publico,contas_julgadas_irregulares,2024-04-30: transitou em julgado o julgamento das contas de DR. RIBAMAR ALVES como irregulares em 025.899/2020-1 (TCU).,025.899/2020-1,PSB,base do governo,FNT-000309,"TCU, certidões: responsáveis com contas julgadas irregulares (lista pública)",https://certidoes.apps.tcu.gov.br/api/publico/responsaveis-contas-irregulares/exportar-para-csv?paginaAtual=1&tamanhoPagina=50000
2024-04-30,ATR-000226,DR. RIBAMAR ALVES,agente_publico,contas_julgadas_irregulares,2024-04-30: transitou em julgado o julgamento das contas de DR. RIBAMAR ALVES como irregulares em 042.768/2021-7 (TCU).,042.768/2021-7,PSB,base do governo,FNT-000309,"TCU, certidões: responsáveis com contas julgadas irregulares (lista pública)",https://certidoes.apps.tcu.gov.br/api/publico/responsaveis-contas-irregulares/exportar-para-csv?paginaAtual=1&tamanhoPagina=50000
2024-05-01,ATR-000362,SANDRO MATOS,agente_publico,contas_julgadas_irregulares,2024-05-01: transitou em julgado o julgamento das contas de SANDRO MATOS como irregulares em 028.340/2019-1 (TCU).,028.340/2019-1,PL,oposição,FNT-000309,"TCU, certidões: responsáveis com contas julgadas irregulares (lista pública)",https://certidoes.apps.tcu.gov.br/api/publico/responsaveis-contas-irregulares/exportar-para-csv?paginaAtual=1&tamanhoPagina=50000
2024-05-21,ATR-000941,NEILTON MULIM,agente_publico,contas_julgadas_irregulares,2024-05-21: transitou em julgado o julgamento das contas de NEILTON MULIM como irregulares em 039.261/2020-4 (TCU).,039.261/2020-4,PL,oposição,FNT-000309,"TCU, certidões: responsáveis com contas julgadas irregulares (lista pública)",https://certidoes.apps.tcu.gov.br/api/publico/responsaveis-contas-irregulares/exportar-para-csv?paginaAtual=1&tamanhoPagina=50000
2024-06-04,ATR-000674,Lindbergh Farias,agente_publico,arquivado,2024-06-04: a investigação sobre Lindbergh Farias em REP 27/2023 (CEDP-CD) foi arquivada.,REP 27/2023,PT,base do governo,FNT-000306,"Câmara dos Deputados, dados abertos: tramitações das representações (REP)",https://dadosabertos.camara.leg.br/api/v2/proposicoes/{id}/tramitacoes
2024-06-05,ATR-001697,André Janones,agente_publico,arquivado,2024-06-05: a investigação sobre André Janones em REP 29/2023 (CEDP-CD) foi arquivada.,REP 29/2023,AVANTE,sem classificação,FNT-000306,"Câmara dos Deputados, dados abertos: tramitações das representações (REP)",https://dadosabertos.camara.leg.br/api/v2/proposicoes/{id}/tramitacoes
2024-06-10,ATR-001880,Abilio Brunini,agente_publico,arquivado,2024-06-10: a investigação sobre Abilio Brunini em REP 28/2023 (CEDP-CD) foi arquivada.,REP 28/2023,PL,oposição,FNT-000306,"Câmara dos Deputados, dados abertos: tramitações das representações (REP)",https://dadosabertos.camara.leg.br/api/v2/proposicoes/{id}/tramitacoes
2024-06-12,ATR-001022,Glauber Braga,agente_publico,arquivado,2024-06-12: a investigação sobre Glauber Braga em REP 1/2024 (CEDP-CD) foi arquivada.,REP 1/2024,PSOL,base do governo,FNT-000306,"Câmara dos Deputados, dados abertos: tramitações das representações (REP)",https://dadosabertos.camara.leg.br/api/v2/proposicoes/{id}/tramitacoes
2024-06-19,ATR-001594,Fernanda Melchionna,agente_publico,arquivado,2024-06-19: a investigação sobre Fernanda Melchionna em REP 2/2024 (CEDP-CD) foi arquivada.,REP 2/2024,PSOL,base do governo,FNT-000306,"Câmara dos Deputados, dados abertos: tramitações das representações (REP)",https://dadosabertos.camara.leg.br/api/v2/proposicoes/{id}/tramitacoes
2024-06-27,ATR-002600,Marcos do Val,agente_publico,representado,2024-06-27: Marcos do Val passou a ser representado em PCE 1/2024 (CEDP-SF) por quebra de decoro parlamentar.,PCE 1/2024,PODE,base do governo,FNT-000307,"Senado Federal, dados abertos: processos do Conselho de Ética (REP, DEN, PCE)",https://legis.senado.leg.br/dadosabertos/processo/{id}
2024-07-08,ATR-001717,Sâmia Bomfim,agente_publico,arquivado,2024-07-08: a investigação sobre Sâmia Bomfim em REP 10/2023 (CEDP-CD) foi arquivada.,REP 10/2023,PSOL,base do governo,FNT-000306,"Câmara dos Deputados, dados abertos: tramitações das representações (REP)",https://dadosabertos.camara.leg.br/api/v2/proposicoes/{id}/tramitacoes
2024-07-08,ATR-001927,Juliana Cardoso,agente_publico,arquivado,2024-07-08: a investigação sobre Juliana Cardoso em REP 14/2023 (CEDP-CD) foi arquivada.,REP 14/2023,PT,base do governo,FNT-000306,"Câmara dos Deputados, dados abertos: tramitações das representações (REP)",https://dadosabertos.camara.leg.br/api/v2/proposicoes/{id}/tramitacoes
2024-07-08,ATR-001771,Célia Xakriabá,agente_publico,arquivado,2024-07-08: a investigação sobre Célia Xakriabá em REP 9/2023 (CEDP-CD) foi arquivada.,REP 9/2023,PSOL,base do governo,FNT-000306,"Câmara dos Deputados, dados abertos: tramitações das representações (REP)",https://dadosabertos.camara.leg.br/api/v2/proposicoes/{id}/tramitacoes
2024-07-08,ATR-001944,André Fernandes,agente_publico,arquivado,2024-07-08: a investigação sobre André Fernandes em REP 19/2023 (CEDP-CD) foi arquivada.,REP 19/2023,PL,oposição,FNT-000306,"Câmara dos Deputados, dados abertos: tramitações das representações (REP)",https://dadosabertos.camara.leg.br/api/v2/proposicoes/{id}/tramitacoes
2024-07-08,ATR-001717,Sâmia Bomfim,agente_publico,arquivado,2024-07-08: a investigação sobre Sâmia Bomfim em REP 22/2023 (CEDP-CD) foi arquivada.,REP 22/2023,PSOL,base do governo,FNT-000306,"Câmara dos Deputados, dados abertos: tramitações das representações (REP)",https://dadosabertos.camara.leg.br/api/v2/proposicoes/{id}/tramitacoes
2024-07-08,ATR-001920,Ricardo Salles,agente_publico,arquivado,2024-07-08: a investigação sobre Ricardo Salles em REP 23/2023 (CEDP-CD) foi arquivada.,REP 23/2023,PL,oposição,FNT-000306,"Câmara dos Deputados, dados abertos: tramitações das representações (REP)",https://dadosabertos.camara.leg.br/api/v2/proposicoes/{id}/tramitacoes
2024-07-08,ATR-000672,Jandira Feghali,agente_publico,arquivado,2024-07-08: a investigação sobre Jandira Feghali em REP 25/2023 (CEDP-CD) foi arquivada.,REP 25/2023,PCDOB,base do governo,FNT-000306,"Câmara dos Deputados, dados abertos: tramitações das representações (REP)",https://dadosabertos.camara.leg.br/api/v2/proposicoes/{id}/tramitacoes
2024-07-08,ATR-001936,Delegado da Cunha,agente_publico,arquivado,2024-07-08: a investigação sobre Delegado da Cunha em REP 3/2024 (CEDP-CD) foi arquivada.,REP 3/2024,PP,base do governo,FNT-000306,"Câmara dos Deputados, dados abertos: tramitações das representações (REP)",https://dadosabertos.camara.leg.br/api/v2/proposicoes/{id}/tramitacoes
2024-07-09,ATR-002582,Jorge Kajuru,agente_publico,arquivado,2024-07-09: a investigação sobre Jorge Kajuru em DEN 2/2023 (CEDP-SF) foi arquivada.,DEN 2/2023,PSB,base do governo,FNT-000307,"Senado Federal, dados abertos: processos do Conselho de Ética (REP, DEN, PCE)",https://legis.senado.leg.br/dadosabertos/processo/{id}
2024-07-09,ATR-002582,Jorge Kajuru,agente_publico,arquivado,2024-07-09: a investigação sobre Jorge Kajuru em DEN 3/2023 (CEDP-SF) foi arquivada.,DEN 3/2023,PSB,base do governo,FNT-000307,"Senado Federal, dados abertos: processos do Conselho de Ética (REP, DEN, PCE)",https://legis.senado.leg.br/dadosabertos/processo/{id}
2024-07-09,ATR-002638,Styvenson Valentim,agente_publico,arquivado,2024-07-09: a investigação sobre Styvenson Valentim em DEN 4/2023 (CEDP-SF) foi arquivada.,DEN 4/2023,PODE,base do governo,FNT-000307,"Senado Federal, dados abertos: processos do Conselho de Ética (REP, DEN, PCE)",https://legis.senado.leg.br/dadosabertos/processo/{id}
2024-07-09,ATR-002447,Randolfe Rodrigues,agente_publico,arquivado,2024-07-09: a investigação sobre Randolfe Rodrigues em DEN 5/2023 (CEDP-SF) foi arquivada.,DEN 5/2023,REDE,base do governo,FNT-000307,"Senado Federal, dados abertos: processos do Conselho de Ética (REP, DEN, PCE)",https://legis.senado.leg.br/dadosabertos/processo/{id}
2024-07-09,ATR-002582,Jorge Kajuru,agente_publico,representado,2024-07-09: Jorge Kajuru passou a ser representado em DEN 1/2024 (CEDP-SF) por quebra de decoro parlamentar.,DEN 1/2024,PSB,base do governo,FNT-000307,"Senado Federal, dados abertos: processos do Conselho de Ética (REP, DEN, PCE)",https://legis.senado.leg.br/dadosabertos/processo/{id}
2024-07-09,ATR-002638,Styvenson Valentim,agente_publico,representado,2024-07-09: Styvenson Valentim passou a ser representado em DEN 2/2024 (CEDP-SF) por quebra de decoro parlamentar.,DEN 2/2024,PODE,base do governo,FNT-000307,"Senado Federal, dados abertos: processos do Conselho de Ética (REP, DEN, PCE)",https://legis.senado.leg.br/dadosabertos/processo/{id}
2024-07-09,ATR-002447,Randolfe Rodrigues,agente_publico,representado,2024-07-09: Randolfe Rodrigues passou a ser representado em DEN 3/2024 (CEDP-SF) por quebra de decoro parlamentar.,DEN 3/2024,REDE,base do governo,FNT-000307,"Senado Federal, dados abertos: processos do Conselho de Ética (REP, DEN, PCE)",https://legis.senado.leg.br/dadosabertos/processo/{id}
2024-07-09,ATR-002447,Randolfe Rodrigues,agente_publico,representado,2024-07-09: Randolfe Rodrigues passou a ser representado em DEN 4/2024 (CEDP-SF) por quebra de decoro parlamentar.,DEN 4/2024,REDE,base do governo,FNT-000307,"Senado Federal, dados abertos: processos do Conselho de Ética (REP, DEN, PCE)",https://legis.senado.leg.br/dadosabertos/processo/{id}
2024-07-09,ATR-002600,Marcos do Val,agente_publico,representado,2024-07-09: Marcos do Val passou a ser representado em DEN 5/2024 (CEDP-SF) por quebra de decoro parlamentar.,DEN 5/2024,PODE,base do governo,FNT-000307,"Senado Federal, dados abertos: processos do Conselho de Ética (REP, DEN, PCE)",https://legis.senado.leg.br/dadosabertos/processo/{id}
2024-07-09,ATR-002568,Flávio Bolsonaro,agente_publico,representado,2024-07-09: Flávio Bolsonaro passou a ser representado em REP 1/2024 (CEDP-SF) por quebra de decoro parlamentar.,REP 1/2024,PL,oposição,FNT-000307,"Senado Federal, dados abertos: processos do Conselho de Ética (REP, DEN, PCE)",https://legis.senado.leg.br/dadosabertos/processo/{id}
2024-07-09,ATR-002600,Marcos do Val,agente_publico,representado,2024-07-09: Marcos do Val passou a ser representado em REP 2/2024 (CEDP-SF) por quebra de decoro parlamentar.,REP 2/2024,PODE,base do governo,FNT-000307,"Senado Federal, dados abertos: processos do Conselho de Ética (REP, DEN, PCE)",https://legis.senado.leg.br/dadosabertos/processo/{id}
2024-07-12,ATR-000182,DAVI ALCOLUMBRE,agente_publico,arquivado,2024-07-12: a investigação sobre DAVI ALCOLUMBRE em PCE 12/2021 (CEDP-SF) foi arquivada.,PCE 12/2021,UNIÃO,base do governo,FNT-000307,"Senado Federal, dados abertos: processos do Conselho de Ética (REP, DEN, PCE)",https://legis.senado.leg.br/dadosabertos/processo/{id}
2024-07-12,ATR-002507,Omar Aziz,agente_publico,arquivado,2024-07-12: a investigação sobre Omar Aziz em PCE 2/2022 (CEDP-SF) foi arquivada.,PCE 2/2022,PSD,base do governo,FNT-000307,"Senado Federal, dados abertos: processos do Conselho de Ética (REP, DEN, PCE)",https://legis.senado.leg.br/dadosabertos/processo/{id}
2024-07-12,ATR-000182,DAVI ALCOLUMBRE,agente_publico,arquivado,2024-07-12: a investigação sobre DAVI ALCOLUMBRE em PCE 5/2022 (CEDP-SF) foi arquivada.,PCE 5/2022,UNIÃO,base do governo,FNT-000307,"Senado Federal, dados abertos: processos do Conselho de Ética (REP, DEN, PCE)",https://legis.senado.leg.br/dadosabertos/processo/{id}
2024-07-12,ATR-001375,RODRIGO PACHECO,agente_publico,arquivado,2024-07-12: a investigação sobre RODRIGO PACHECO em PCE 5/2022 (CEDP-SF) foi arquivada.,PCE 5/2022,PSD,base do governo,FNT-000307,"Senado Federal, dados abertos: processos do Conselho de Ética (REP, DEN, PCE)",https://legis.senado.leg.br/dadosabertos/processo/{id}
2024-07-12,ATR-002600,Marcos do Val,agente_publico,arquivado,2024-07-12: a investigação sobre Marcos do Val em PCE 5/2022 (CEDP-SF) foi arquivada.,PCE 5/2022,PODE,base do governo,FNT-000307,"Senado Federal, dados abertos: processos do Conselho de Ética (REP, DEN, PCE)",https://legis.senado.leg.br/dadosabertos/processo/{id}
2024-07-12,ATR-000182,DAVI ALCOLUMBRE,agente_publico,arquivado,2024-07-12: a investigação sobre DAVI ALCOLUMBRE em PCE 6/2022 (CEDP-SF) foi arquivada.,PCE 6/2022,UNIÃO,base do governo,FNT-000307,"Senado Federal, dados abertos: processos do Conselho de Ética (REP, DEN, PCE)",https://legis.senado.leg.br/dadosabertos/processo/{id}
2024-07-12,ATR-001375,RODRIGO PACHECO,agente_publico,arquivado,2024-07-12: a investigação sobre RODRIGO PACHECO em PCE 6/2022 (CEDP-SF) foi arquivada.,PCE 6/2022,PSD,base do governo,FNT-000307,"Senado Federal, dados abertos: processos do Conselho de Ética (REP, DEN, PCE)",https://legis.senado.leg.br/dadosabertos/processo/{id}
2024-07-12,ATR-002600,Marcos do Val,agente_publico,arquivado,2024-07-12: a investigação sobre Marcos do Val em PCE 6/2022 (CEDP-SF) foi arquivada.,PCE 6/2022,PODE,base do governo,FNT-000307,"Senado Federal, dados abertos: processos do Conselho de Ética (REP, DEN, PCE)",https://legis.senado.leg.br/dadosabertos/processo/{id}
2024-07-12,ATR-001375,RODRIGO PACHECO,agente_publico,arquivado,2024-07-12: a investigação sobre RODRIGO PACHECO em PCE 7/2022 (CEDP-SF) foi arquivada.,PCE 7/2022,PSD,base do governo,FNT-000307,"Senado Federal, dados abertos: processos do Conselho de Ética (REP, DEN, PCE)",https://legis.senado.leg.br/dadosabertos/processo/{id}
2024-07-12,ATR-001314,ALAN RICK,agente_publico,arquivado,2024-07-12: a investigação sobre ALAN RICK em PCE 14/2023 (CEDP-SF) foi arquivada.,PCE 14/2023,UNIÃO,base do governo,FNT-000307,"Senado Federal, dados abertos: processos do Conselho de Ética (REP, DEN, PCE)",https://legis.senado.leg.br/dadosabertos/processo/{id}
2024-08-08,ATR-001118,ROGÉRIO CARVALHO,agente_publico,representado,2024-08-08: ROGÉRIO CARVALHO passou a ser representado em PCE 2/2024 (CEDP-SF) por quebra de decoro parlamentar.,PCE 2/2024,PT,base do governo,FNT-000307,"Senado Federal, dados abertos: processos do Conselho de Ética (REP, DEN, PCE)",https://legis.senado.leg.br/dadosabertos/processo/{id}
2024-08-08,ATR-002401,Humberto Costa,agente_publico,representado,2024-08-08: Humberto Costa passou a ser representado em PCE 2/2024 (CEDP-SF) por quebra de decoro parlamentar.,PCE 2/2024,PT,base do governo,FNT-000307,"Senado Federal, dados abertos: processos do Conselho de Ética (REP, DEN, PCE)",https://legis.senado.leg.br/dadosabertos/processo/{id}
2024-08-08,ATR-002701,Teresa Leitão,agente_publico,representado,2024-08-08: Teresa Leitão passou a ser representado em PCE 2/2024 (CEDP-SF) por quebra de decoro parlamentar.,PCE 2/2024,PT,base do governo,FNT-000307,"Senado Federal, dados abertos: processos do Conselho de Ética (REP, DEN, PCE)",https://legis.senado.leg.br/dadosabertos/processo/{id}
2024-09-04,ATR-002600,Marcos do Val,agente_publico,representado,2024-09-04: Marcos do Val passou a ser representado em PCE 3/2024 (CEDP-SF) por quebra de decoro parlamentar.,PCE 3/2024,PODE,base do governo,FNT-000307,"Senado Federal, dados abertos: processos do Conselho de Ética (REP, DEN, PCE)",https://legis.senado.leg.br/dadosabertos/processo/{id}
2024-09-06,ATR-000941,NEILTON MULIM,agente_publico,contas_julgadas_irregulares,2024-09-06: transitou em julgado o julgamento das contas de NEILTON MULIM como irregulares em 021.287/2020-1 (TCU).,021.287/2020-1,PL,oposição,FNT-000309,"TCU, certidões: responsáveis com contas julgadas irregulares (lista pública)",https://certidoes.apps.tcu.gov.br/api/publico/responsaveis-contas-irregulares/exportar-para-csv?paginaAtual=1&tamanhoPagina=50000
2024-11-22,ATR-000661,ALEXANDRE CARDOSO,agente_publico,contas_julgadas_irregulares,2024-11-22: transitou em julgado o julgamento das contas de ALEXANDRE CARDOSO como irregulares em 029.146/2019-4 (TCU).,029.146/2019-4,PSB,base do governo,FNT-000309,"TCU, certidões: responsáveis com contas julgadas irregulares (lista pública)",https://certidoes.apps.tcu.gov.br/api/publico/responsaveis-contas-irregulares/exportar-para-csv?paginaAtual=1&tamanhoPagina=50000
2024-12-07,ATR-000882,ILDERLEI CORDEIRO,agente_publico,contas_julgadas_irregulares,2024-12-07: transitou em julgado o julgamento das contas de ILDERLEI CORDEIRO como irregulares em 030.618/2022-3 (TCU).,030.618/2022-3,CIDADANIA,base do governo,FNT-000309,"TCU, certidões: responsáveis com contas julgadas irregulares (lista pública)",https://certidoes.apps.tcu.gov.br/api/publico/responsaveis-contas-irregulares/exportar-para-csv?paginaAtual=1&tamanhoPagina=50000
2024-12-09,ATR-002678,Jorge Seif,agente_publico,representado,2024-12-09: Jorge Seif passou a ser representado em PCE 4/2024 (CEDP-SF) por quebra de decoro parlamentar.,PCE 4/2024,PL,oposição,FNT-000307,"Senado Federal, dados abertos: processos do Conselho de Ética (REP, DEN, PCE)",https://legis.senado.leg.br/dadosabertos/processo/{id}
2024-12-13,ATR-000882,ILDERLEI CORDEIRO,agente_publico,contas_julgadas_irregulares,2024-12-13: transitou em julgado o julgamento das contas de ILDERLEI CORDEIRO como irregulares em 041.484/2021-5 (TCU).,041.484/2021-5,CIDADANIA,base do governo,FNT-000309,"TCU, certidões: responsáveis com contas julgadas irregulares (lista pública)",https://certidoes.apps.tcu.gov.br/api/publico/responsaveis-contas-irregulares/exportar-para-csv?paginaAtual=1&tamanhoPagina=50000
2025-03-07,ATR-000882,ILDERLEI CORDEIRO,agente_publico,contas_julgadas_irregulares,2025-03-07: transitou em julgado o julgamento das contas de ILDERLEI CORDEIRO como irregulares em 006.915/2023-0 (TCU).,006.915/2023-0,CIDADANIA,sem classificação,FNT-000309,"TCU, certidões: responsáveis com contas julgadas irregulares (lista pública)",https://certidoes.apps.tcu.gov.br/api/publico/responsaveis-contas-irregulares/exportar-para-csv?paginaAtual=1&tamanhoPagina=50000
2025-03-20,ATR-001285,PLÍNIO VALÉRIO,agente_publico,representado,2025-03-20: PLÍNIO VALÉRIO passou a ser representado em PCE 1/2025 (CEDP-SF) por quebra de decoro parlamentar.,PCE 1/2025,PSDB,sem classificação,FNT-000307,"Senado Federal, dados abertos: processos do Conselho de Ética (REP, DEN, PCE)",https://legis.senado.leg.br/dadosabertos/processo/{id}
2025-03-26,ATR-001285,PLÍNIO VALÉRIO,agente_publico,representado,2025-03-26: PLÍNIO VALÉRIO passou a ser representado em PCE 2/2025 (CEDP-SF) por quebra de decoro parlamentar.,PCE 2/2025,PSDB,sem classificação,FNT-000307,"Senado Federal, dados abertos: processos do Conselho de Ética (REP, DEN, PCE)",https://legis.senado.leg.br/dadosabertos/processo/{id}
2025-03-27,ATR-002383,Eduardo Braga,agente_publico,representado,2025-03-27: Eduardo Braga passou a ser representado em PCE 3/2025 (CEDP-SF) por quebra de decoro parlamentar.,PCE 3/2025,MDB,sem classificação,FNT-000307,"Senado Federal, dados abertos: processos do Conselho de Ética (REP, DEN, PCE)",https://legis.senado.leg.br/dadosabertos/processo/{id}
2025-04-01,ATR-000907,JUSMARI OLIVEIRA,agente_publico,contas_julgadas_irregulares,2025-04-01: transitou em julgado o julgamento das contas de JUSMARI OLIVEIRA como irregulares em 037.787/2019-5 (TCU).,037.787/2019-5,PL,oposição,FNT-000309,"TCU, certidões: responsáveis com contas julgadas irregulares (lista pública)",https://certidoes.apps.tcu.gov.br/api/publico/responsaveis-contas-irregulares/exportar-para-csv?paginaAtual=1&tamanhoPagina=50000
2025-04-09,ATR-000564,JORGE ALBERTO,agente_publico,contas_julgadas_irregulares,2025-04-09: transitou em julgado o julgamento das contas de JORGE ALBERTO como irregulares em 010.206/2015-9 (TCU).,010.206/2015-9,MDB,sem classificação,FNT-000309,"TCU, certidões: responsáveis com contas julgadas irregulares (lista pública)",https://certidoes.apps.tcu.gov.br/api/publico/responsaveis-contas-irregulares/exportar-para-csv?paginaAtual=1&tamanhoPagina=50000
2025-04-15,ATR-001072,RAIMUNDÃO,agente_publico,contas_julgadas_irregulares,2025-04-15: transitou em julgado o julgamento das contas de RAIMUNDÃO como irregulares em 005.924/2022-7 (TCU).,005.924/2022-7,MDB,sem classificação,FNT-000309,"TCU, certidões: responsáveis com contas julgadas irregulares (lista pública)",https://certidoes.apps.tcu.gov.br/api/publico/responsaveis-contas-irregulares/exportar-para-csv?paginaAtual=1&tamanhoPagina=50000
2025-04-17,ATR-000661,ALEXANDRE CARDOSO,agente_publico,contas_julgadas_irregulares,2025-04-17: transitou em julgado o julgamento das contas de ALEXANDRE CARDOSO como irregulares em 032.622/2016-3 (TCU).,032.622/2016-3,PSB,base do governo,FNT-000309,"TCU, certidões: responsáveis com contas julgadas irregulares (lista pública)",https://certidoes.apps.tcu.gov.br/api/publico/responsaveis-contas-irregulares/exportar-para-csv?paginaAtual=1&tamanhoPagina=50000
2025-04-30,ATR-001816,Gilvan da Federal,agente_publico,representado,2025-04-30: Gilvan da Federal passou a ser representado em REP 1/2025 (CEDP-CD) por quebra de decoro parlamentar.,REP 1/2025,PL,oposição,FNT-000306,"Câmara dos Deputados, dados abertos: tramitações das representações (REP)",https://dadosabertos.camara.leg.br/api/v2/proposicoes/{id}/tramitacoes
2025-05-23,ATR-000362,SANDRO MATOS,agente_publico,contas_julgadas_irregulares,2025-05-23: transitou em julgado o julgamento das contas de SANDRO MATOS como irregulares em 016.471/2021-0 (TCU).,016.471/2021-0,PL,oposição,FNT-000309,"TCU, certidões: responsáveis com contas julgadas irregulares (lista pública)",https://certidoes.apps.tcu.gov.br/api/publico/responsaveis-contas-irregulares/exportar-para-csv?paginaAtual=1&tamanhoPagina=50000
2025-05-28,ATR-001263,MARCOS ROGÉRIO,agente_publico,representado,2025-05-28: MARCOS ROGÉRIO passou a ser representado em PCE 4/2025 (CEDP-SF) por quebra de decoro parlamentar.,PCE 4/2025,PL,oposição,FNT-000307,"Senado Federal, dados abertos: processos do Conselho de Ética (REP, DEN, PCE)",https://legis.senado.leg.br/dadosabertos/processo/{id}
2025-05-28,ATR-001285,PLÍNIO VALÉRIO,agente_publico,representado,2025-05-28: PLÍNIO VALÉRIO passou a ser representado em PCE 4/2025 (CEDP-SF) por quebra de decoro parlamentar.,PCE 4/2025,PSDB,sem classificação,FNT-000307,"Senado Federal, dados abertos: processos do Conselho de Ética (REP, DEN, PCE)",https://legis.senado.leg.br/dadosabertos/processo/{id}
2025-05-29,ATR-001285,PLÍNIO VALÉRIO,agente_publico,representado,2025-05-29: PLÍNIO VALÉRIO passou a ser representado em PCE 5/2025 (CEDP-SF) por quebra de decoro parlamentar.,PCE 5/2025,PSDB,sem classificação,FNT-000307,"Senado Federal, dados abertos: processos do Conselho de Ética (REP, DEN, PCE)",https://legis.senado.leg.br/dadosabertos/processo/{id}
2025-05-29,ATR-001263,MARCOS ROGÉRIO,agente_publico,representado,2025-05-29: MARCOS ROGÉRIO passou a ser representado em PCE 6/2025 (CEDP-SF) por quebra de decoro parlamentar.,PCE 6/2025,PL,oposição,FNT-000307,"Senado Federal, dados abertos: processos do Conselho de Ética (REP, DEN, PCE)",https://legis.senado.leg.br/dadosabertos/processo/{id}
2025-06-14,ATR-000362,SANDRO MATOS,agente_publico,contas_julgadas_irregulares,2025-06-14: transitou em julgado o julgamento das contas de SANDRO MATOS como irregulares em 039.857/2023-9 (TCU).,039.857/2023-9,PL,oposição,FNT-000309,"TCU, certidões: responsáveis com contas julgadas irregulares (lista pública)",https://certidoes.apps.tcu.gov.br/api/publico/responsaveis-contas-irregulares/exportar-para-csv?paginaAtual=1&tamanhoPagina=50000
2025-06-18,ATR-001401,ZECA CAVALCANTI,agente_publico,contas_julgadas_irregulares,2025-06-18: transitou em julgado o julgamento das contas de ZECA CAVALCANTI como irregulares em 019.222/2015-7 (TCU).,019.222/2015-7,PTB,sem classificação,FNT-000309,"TCU, certidões: responsáveis com contas julgadas irregulares (lista pública)",https://certidoes.apps.tcu.gov.br/api/publico/responsaveis-contas-irregulares/exportar-para-csv?paginaAtual=1&tamanhoPagina=50000
2025-07-01,ATR-002033,Dr Flávio,agente_publico,contas_julgadas_irregulares,2025-07-01: transitou em julgado o julgamento das contas de Dr Flávio como irregulares em 004.030/2017-6 (TCU).,004.030/2017-6,PL,oposição,FNT-000309,"TCU, certidões: responsáveis com contas julgadas irregulares (lista pública)",https://certidoes.apps.tcu.gov.br/api/publico/responsaveis-contas-irregulares/exportar-para-csv?paginaAtual=1&tamanhoPagina=50000
2025-07-11,ATR-001697,André Janones,agente_publico,representado,2025-07-11: André Janones passou a ser representado em REP 3/2025 (CEDP-CD) por quebra de decoro parlamentar.,REP 3/2025,AVANTE,base do governo,FNT-000306,"Câmara dos Deputados, dados abertos: tramitações das representações (REP)",https://dadosabertos.camara.leg.br/api/v2/proposicoes/{id}/tramitacoes
2025-07-15,ATR-000252,HELENO SILVA,agente_publico,contas_julgadas_irregulares,2025-07-15: transitou em julgado o julgamento das contas de HELENO SILVA como irregulares em 042.853/2021-4 (TCU).,042.853/2021-4,REPUBLICANOS,sem classificação,FNT-000309,"TCU, certidões: responsáveis com contas julgadas irregulares (lista pública)",https://certidoes.apps.tcu.gov.br/api/publico/responsaveis-contas-irregulares/exportar-para-csv?paginaAtual=1&tamanhoPagina=50000
2025-07-23,ATR-001494,MARQUINHO MENDES,agente_publico,contas_julgadas_irregulares,2025-07-23: transitou em julgado o julgamento das contas de MARQUINHO MENDES como irregulares em 002.324/2020-2 (TCU).,002.324/2020-2,MDB,sem classificação,FNT-000309,"TCU, certidões: responsáveis com contas julgadas irregulares (lista pública)",https://certidoes.apps.tcu.gov.br/api/publico/responsaveis-contas-irregulares/exportar-para-csv?paginaAtual=1&tamanhoPagina=50000
2025-08-01,ATR-001401,ZECA CAVALCANTI,agente_publico,contas_julgadas_irregulares,2025-08-01: transitou em julgado o julgamento das contas de ZECA CAVALCANTI como irregulares em 018.567/2015-0 (TCU).,018.567/2015-0,PTB,sem classificação,FNT-000309,"TCU, certidões: responsáveis com contas julgadas irregulares (lista pública)",https://certidoes.apps.tcu.gov.br/api/publico/responsaveis-contas-irregulares/exportar-para-csv?paginaAtual=1&tamanhoPagina=50000
2025-08-08,ATR-000182,DAVI ALCOLUMBRE,agente_publico,representado,2025-08-08: DAVI ALCOLUMBRE passou a ser representado em PCE 7/2025 (CEDP-SF) por quebra de decoro parlamentar.,PCE 7/2025,UNIÃO,base do governo,FNT-000307,"Senado Federal, dados abertos: processos do Conselho de Ética (REP, DEN, PCE)",https://legis.senado.leg.br/dadosabertos/processo/{id}
2025-08-15,ATR-001816,Gilvan da Federal,agente_publico,representado,2025-08-15: Gilvan da Federal passou a ser representado em REP 10/2025 (CEDP-CD) por quebra de decoro parlamentar.,REP 10/2025,PL,oposição,FNT-000306,"Câmara dos Deputados, dados abertos: tramitações das representações (REP)",https://dadosabertos.camara.leg.br/api/v2/proposicoes/{id}/tramitacoes
2025-08-15,ATR-001386,Delegado Éder Mauro,agente_publico,representado,2025-08-15: Delegado Éder Mauro passou a ser representado em REP 11/2025 (CEDP-CD) por quebra de decoro parlamentar.,REP 11/2025,PL,oposição,FNT-000306,"Câmara dos Deputados, dados abertos: tramitações das representações (REP)",https://dadosabertos.camara.leg.br/api/v2/proposicoes/{id}/tramitacoes
2025-08-15,ATR-000674,Lindbergh Farias,agente_publico,representado,2025-08-15: Lindbergh Farias passou a ser representado em REP 12/2025 (CEDP-CD) por quebra de decoro parlamentar.,REP 12/2025,PT,base do governo,FNT-000306,"Câmara dos Deputados, dados abertos: tramitações das representações (REP)",https://dadosabertos.camara.leg.br/api/v2/proposicoes/{id}/tramitacoes
2025-08-15,ATR-001926,Guilherme Boulos,agente_publico,representado,2025-08-15: Guilherme Boulos passou a ser representado em REP 13/2025 (CEDP-CD) por quebra de decoro parlamentar.,REP 13/2025,PSOL,base do governo,FNT-000306,"Câmara dos Deputados, dados abertos: tramitações das representações (REP)",https://dadosabertos.camara.leg.br/api/v2/proposicoes/{id}/tramitacoes
2025-08-15,ATR-001697,André Janones,agente_publico,representado,2025-08-15: André Janones passou a ser representado em REP 14/2025 (CEDP-CD) por quebra de decoro parlamentar.,REP 14/2025,AVANTE,base do governo,FNT-000306,"Câmara dos Deputados, dados abertos: tramitações das representações (REP)",https://dadosabertos.camara.leg.br/api/v2/proposicoes/{id}/tramitacoes
2025-08-15,ATR-001697,André Janones,agente_publico,representado,2025-08-15: André Janones passou a ser representado em REP 15/2025 (CEDP-CD) por quebra de decoro parlamentar.,REP 15/2025,AVANTE,base do governo,FNT-000306,"Câmara dos Deputados, dados abertos: tramitações das representações (REP)",https://dadosabertos.camara.leg.br/api/v2/proposicoes/{id}/tramitacoes
2025-08-15,ATR-001816,Gilvan da Federal,agente_publico,representado,2025-08-15: Gilvan da Federal passou a ser representado em REP 16/2025 (CEDP-CD) por quebra de decoro parlamentar.,REP 16/2025,PL,oposição,FNT-000306,"Câmara dos Deputados, dados abertos: tramitações das representações (REP)",https://dadosabertos.camara.leg.br/api/v2/proposicoes/{id}/tramitacoes
2025-08-15,ATR-000702,Eduardo Bolsonaro,agente_publico,representado,2025-08-15: Eduardo Bolsonaro passou a ser representado em REP 17/2025 (CEDP-CD) por quebra de decoro parlamentar.,REP 17/2025,PL,oposição,FNT-000306,"Câmara dos Deputados, dados abertos: tramitações das representações (REP)",https://dadosabertos.camara.leg.br/api/v2/proposicoes/{id}/tramitacoes
2025-08-15,ATR-001655,José Medeiros,agente_publico,representado,2025-08-15: José Medeiros passou a ser representado em REP 18/2025 (CEDP-CD) por quebra de decoro parlamentar.,REP 18/2025,PL,oposição,FNT-000306,"Câmara dos Deputados, dados abertos: tramitações das representações (REP)",https://dadosabertos.camara.leg.br/api/v2/proposicoes/{id}/tramitacoes
2025-08-15,ATR-000702,Eduardo Bolsonaro,agente_publico,representado,2025-08-15: Eduardo Bolsonaro passou a ser representado em REP 19/2025 (CEDP-CD) por quebra de decoro parlamentar.,REP 19/2025,PL,oposição,FNT-000306,"Câmara dos Deputados, dados abertos: tramitações das representações (REP)",https://dadosabertos.camara.leg.br/api/v2/proposicoes/{id}/tramitacoes
2025-08-15,ATR-001576,Sargento Fahur,agente_publico,representado,2025-08-15: Sargento Fahur passou a ser representado em REP 20/2025 (CEDP-CD) por quebra de decoro parlamentar.,REP 20/2025,PSD,base do governo,FNT-000306,"Câmara dos Deputados, dados abertos: tramitações das representações (REP)",https://dadosabertos.camara.leg.br/api/v2/proposicoes/{id}/tramitacoes
2025-08-15,ATR-001718,Kim Kataguiri,agente_publico,representado,2025-08-15: Kim Kataguiri passou a ser representado em REP 21/2025 (CEDP-CD) por quebra de decoro parlamentar.,REP 21/2025,UNIÃO,base do governo,FNT-000306,"Câmara dos Deputados, dados abertos: tramitações das representações (REP)",https://dadosabertos.camara.leg.br/api/v2/proposicoes/{id}/tramitacoes
2025-08-15,ATR-000702,Eduardo Bolsonaro,agente_publico,representado,2025-08-15: Eduardo Bolsonaro passou a ser representado em REP 22/2025 (CEDP-CD) por quebra de decoro parlamentar.,REP 22/2025,PL,oposição,FNT-000306,"Câmara dos Deputados, dados abertos: tramitações das representações (REP)",https://dadosabertos.camara.leg.br/api/v2/proposicoes/{id}/tramitacoes
2025-08-15,ATR-001771,Célia Xakriabá,agente_publico,representado,2025-08-15: Célia Xakriabá passou a ser representado em REP 23/2025 (CEDP-CD) por quebra de decoro parlamentar.,REP 23/2025,PSOL,base do governo,FNT-000306,"Câmara dos Deputados, dados abertos: tramitações das representações (REP)",https://dadosabertos.camara.leg.br/api/v2/proposicoes/{id}/tramitacoes
2025-08-15,ATR-001697,André Janones,agente_publico,representado,2025-08-15: André Janones passou a ser representado em REP 4/2025 (CEDP-CD) por quebra de decoro parlamentar.,REP 4/2025,AVANTE,base do governo,FNT-000306,"Câmara dos Deputados, dados abertos: tramitações das representações (REP)",https://dadosabertos.camara.leg.br/api/v2/proposicoes/{id}/tramitacoes
2025-08-15,ATR-000702,Eduardo Bolsonaro,agente_publico,representado,2025-08-15: Eduardo Bolsonaro passou a ser representado em REP 5/2025 (CEDP-CD) por quebra de decoro parlamentar.,REP 5/2025,PL,oposição,FNT-000306,"Câmara dos Deputados, dados abertos: tramitações das representações (REP)",https://dadosabertos.camara.leg.br/api/v2/proposicoes/{id}/tramitacoes
2025-08-15,ATR-001855,Gustavo Gayer,agente_publico,representado,2025-08-15: Gustavo Gayer passou a ser representado em REP 6/2025 (CEDP-CD) por quebra de decoro parlamentar.,REP 6/2025,PL,oposição,FNT-000306,"Câmara dos Deputados, dados abertos: tramitações das representações (REP)",https://dadosabertos.camara.leg.br/api/v2/proposicoes/{id}/tramitacoes
2025-08-15,ATR-001697,André Janones,agente_publico,representado,2025-08-15: André Janones passou a ser representado em REP 7/2025 (CEDP-CD) por quebra de decoro parlamentar.,REP 7/2025,AVANTE,base do governo,FNT-000306,"Câmara dos Deputados, dados abertos: tramitações das representações (REP)",https://dadosabertos.camara.leg.br/api/v2/proposicoes/{id}/tramitacoes
2025-08-15,ATR-001697,André Janones,agente_publico,representado,2025-08-15: André Janones passou a ser representado em REP 8/2025 (CEDP-CD) por quebra de decoro parlamentar.,REP 8/2025,AVANTE,base do governo,FNT-000306,"Câmara dos Deputados, dados abertos: tramitações das representações (REP)",https://dadosabertos.camara.leg.br/api/v2/proposicoes/{id}/tramitacoes
2025-08-15,ATR-000674,Lindbergh Farias,agente_publico,representado,2025-08-15: Lindbergh Farias passou a ser representado em REP 9/2025 (CEDP-CD) por quebra de decoro parlamentar.,REP 9/2025,PT,base do governo,FNT-000306,"Câmara dos Deputados, dados abertos: tramitações das representações (REP)",https://dadosabertos.camara.leg.br/api/v2/proposicoes/{id}/tramitacoes
2025-09-04,ATR-000182,DAVI ALCOLUMBRE,agente_publico,representado,2025-09-04: DAVI ALCOLUMBRE passou a ser representado em PCE 8/2025 (CEDP-SF) por quebra de decoro parlamentar.,PCE 8/2025,UNIÃO,base do governo,FNT-000307,"Senado Federal, dados abertos: processos do Conselho de Ética (REP, DEN, PCE)",https://legis.senado.leg.br/dadosabertos/processo/{id}
2025-09-10,ATR-000226,DR. RIBAMAR ALVES,agente_publico,contas_julgadas_irregulares,2025-09-10: transitou em julgado o julgamento das contas de DR. RIBAMAR ALVES como irregulares em 015.069/2023-0 (TCU).,015.069/2023-0,PSB,base do governo,FNT-000309,"TCU, certidões: responsáveis com contas julgadas irregulares (lista pública)",https://certidoes.apps.tcu.gov.br/api/publico/responsaveis-contas-irregulares/exportar-para-csv?paginaAtual=1&tamanhoPagina=50000
2025-09-12,ATR-000226,DR. RIBAMAR ALVES,agente_publico,contas_julgadas_irregulares,2025-09-12: transitou em julgado o julgamento das contas de DR. RIBAMAR ALVES como irregulares em 007.292/2022-8 (TCU).,007.292/2022-8,PSB,base do governo,FNT-000309,"TCU, certidões: responsáveis com contas julgadas irregulares (lista pública)",https://certidoes.apps.tcu.gov.br/api/publico/responsaveis-contas-irregulares/exportar-para-csv?paginaAtual=1&tamanhoPagina=50000
2025-09-15,ATR-002678,Jorge Seif,agente_publico,representado,2025-09-15: Jorge Seif passou a ser representado em PCE 9/2025 (CEDP-SF) por quebra de decoro parlamentar.,PCE 9/2025,PL,oposição,FNT-000307,"Senado Federal, dados abertos: processos do Conselho de Ética (REP, DEN, PCE)",https://legis.senado.leg.br/dadosabertos/processo/{id}
2025-09-18,ATR-000222,ALBÉRICO FILHO,agente_publico,contas_julgadas_irregulares,2025-09-18: transitou em julgado o julgamento das contas de ALBÉRICO FILHO como irregulares em 021.101/2020-5 (TCU).,021.101/2020-5,MDB,sem classificação,FNT-000309,"TCU, certidões: responsáveis com contas julgadas irregulares (lista pública)",https://certidoes.apps.tcu.gov.br/api/publico/responsaveis-contas-irregulares/exportar-para-csv?paginaAtual=1&tamanhoPagina=50000
2025-09-23,ATR-001835,Marcos Pollon,agente_publico,representado,2025-09-23: Marcos Pollon passou a ser representado em REP 24/2025 (CEDP-CD) por quebra de decoro parlamentar.,REP 24/2025,PL,oposição,FNT-000306,"Câmara dos Deputados, dados abertos: tramitações das representações (REP)",https://dadosabertos.camara.leg.br/api/v2/proposicoes/{id}/tramitacoes
2025-09-23,ATR-001041,Marcel van Hattem,agente_publico,representado,2025-09-23: Marcel van Hattem passou a ser representado em REP 25/2025 (CEDP-CD) por quebra de decoro parlamentar.,REP 25/2025,NOVO,oposição,FNT-000306,"Câmara dos Deputados, dados abertos: tramitações das representações (REP)",https://dadosabertos.camara.leg.br/api/v2/proposicoes/{id}/tramitacoes
2025-09-23,ATR-001835,Marcos Pollon,agente_publico,representado,2025-09-23: Marcos Pollon passou a ser representado em REP 26/2025 (CEDP-CD) por quebra de decoro parlamentar.,REP 26/2025,PL,oposição,FNT-000306,"Câmara dos Deputados, dados abertos: tramitações das representações (REP)",https://dadosabertos.camara.leg.br/api/v2/proposicoes/{id}/tramitacoes
2025-09-23,ATR-001846,Zé Trovão,agente_publico,representado,2025-09-23: Zé Trovão passou a ser representado em REP 27/2025 (CEDP-CD) por quebra de decoro parlamentar.,REP 27/2025,PL,oposição,FNT-000306,"Câmara dos Deputados, dados abertos: tramitações das representações (REP)",https://dadosabertos.camara.leg.br/api/v2/proposicoes/{id}/tramitacoes
2025-09-25,ATR-000226,DR. RIBAMAR ALVES,agente_publico,contas_julgadas_irregulares,2025-09-25: transitou em julgado o julgamento das contas de DR. RIBAMAR ALVES como irregulares em 038.368/2021-8 (TCU).,038.368/2021-8,PSB,base do governo,FNT-000309,"TCU, certidões: responsáveis com contas julgadas irregulares (lista pública)",https://certidoes.apps.tcu.gov.br/api/publico/responsaveis-contas-irregulares/exportar-para-csv?paginaAtual=1&tamanhoPagina=50000
2025-10-08,ATR-001697,André Janones,agente_publico,arquivado,2025-10-08: a investigação sobre André Janones em REP 4/2025 (CEDP-CD) foi arquivada.,REP 4/2025,AVANTE,base do governo,FNT-000306,"Câmara dos Deputados, dados abertos: tramitações das representações (REP)",https://dadosabertos.camara.leg.br/api/v2/proposicoes/{id}/tramitacoes
2025-10-08,ATR-001855,Gustavo Gayer,agente_publico,arquivado,2025-10-08: a investigação sobre Gustavo Gayer em REP 6/2025 (CEDP-CD) foi arquivada.,REP 6/2025,PL,oposição,FNT-000306,"Câmara dos Deputados, dados abertos: tramitações das representações (REP)",https://dadosabertos.camara.leg.br/api/v2/proposicoes/{id}/tramitacoes
2025-10-09,ATR-001535,PROF. GEDEÃO AMORIM,agente_publico,contas_julgadas_irregulares,2025-10-09: transitou em julgado o julgamento das contas de PROF. GEDEÃO AMORIM como irregulares em 011.492/2015-5 (TCU).,011.492/2015-5,MDB,sem classificação,FNT-000309,"TCU, certidões: responsáveis com contas julgadas irregulares (lista pública)",https://certidoes.apps.tcu.gov.br/api/publico/responsaveis-contas-irregulares/exportar-para-csv?paginaAtual=1&tamanhoPagina=50000
2025-10-22,ATR-000702,Eduardo Bolsonaro,agente_publico,arquivado,2025-10-22: a investigação sobre Eduardo Bolsonaro em REP 22/2025 (CEDP-CD) foi arquivada.,REP 22/2025,PL,oposição,FNT-000306,"Câmara dos Deputados, dados abertos: tramitações das representações (REP)",https://dadosabertos.camara.leg.br/api/v2/proposicoes/{id}/tramitacoes
2025-11-12,ATR-000222,ALBÉRICO FILHO,agente_publico,contas_julgadas_irregulares,2025-11-12: transitou em julgado o julgamento das contas de ALBÉRICO FILHO como irregulares em 017.266/2024-6 (TCU).,017.266/2024-6,MDB,sem classificação,FNT-000309,"TCU, certidões: responsáveis com contas julgadas irregulares (lista pública)",https://certidoes.apps.tcu.gov.br/api/publico/responsaveis-contas-irregulares/exportar-para-csv?paginaAtual=1&tamanhoPagina=50000
2025-11-14,ATR-000252,HELENO SILVA,agente_publico,contas_julgadas_irregulares,2025-11-14: transitou em julgado o julgamento das contas de HELENO SILVA como irregulares em 047.759/2020-8 (TCU).,047.759/2020-8,REPUBLICANOS,sem classificação,FNT-000309,"TCU, certidões: responsáveis com contas julgadas irregulares (lista pública)",https://certidoes.apps.tcu.gov.br/api/publico/responsaveis-contas-irregulares/exportar-para-csv?paginaAtual=1&tamanhoPagina=50000
2025-11-25,ATR-001816,Gilvan da Federal,agente_publico,arquivado,2025-11-25: a investigação sobre Gilvan da Federal em REP 10/2025 (CEDP-CD) foi arquivada.,REP 10/2025,PL,oposição,FNT-000306,"Câmara dos Deputados, dados abertos: tramitações das representações (REP)",https://dadosabertos.camara.leg.br/api/v2/proposicoes/{id}/tramitacoes
2025-11-25,ATR-001386,Delegado Éder Mauro,agente_publico,arquivado,2025-11-25: a investigação sobre Delegado Éder Mauro em REP 11/2025 (CEDP-CD) foi arquivada.,REP 11/2025,PL,oposição,FNT-000306,"Câmara dos Deputados, dados abertos: tramitações das representações (REP)",https://dadosabertos.camara.leg.br/api/v2/proposicoes/{id}/tramitacoes
2025-11-25,ATR-001576,Sargento Fahur,agente_publico,arquivado,2025-11-25: a investigação sobre Sargento Fahur em REP 20/2025 (CEDP-CD) foi arquivada.,REP 20/2025,PSD,base do governo,FNT-000306,"Câmara dos Deputados, dados abertos: tramitações das representações (REP)",https://dadosabertos.camara.leg.br/api/v2/proposicoes/{id}/tramitacoes
2025-11-25,ATR-001718,Kim Kataguiri,agente_publico,arquivado,2025-11-25: a investigação sobre Kim Kataguiri em REP 21/2025 (CEDP-CD) foi arquivada.,REP 21/2025,UNIÃO,base do governo,FNT-000306,"Câmara dos Deputados, dados abertos: tramitações das representações (REP)",https://dadosabertos.camara.leg.br/api/v2/proposicoes/{id}/tramitacoes
2025-11-25,ATR-001771,Célia Xakriabá,agente_publico,arquivado,2025-11-25: a investigação sobre Célia Xakriabá em REP 23/2025 (CEDP-CD) foi arquivada.,REP 23/2025,PSOL,base do governo,FNT-000306,"Câmara dos Deputados, dados abertos: tramitações das representações (REP)",https://dadosabertos.camara.leg.br/api/v2/proposicoes/{id}/tramitacoes
2025-11-26,ATR-001697,André Janones,agente_publico,arquivado,2025-11-26: a investigação sobre André Janones em REP 14/2025 (CEDP-CD) foi arquivada.,REP 14/2025,AVANTE,base do governo,FNT-000306,"Câmara dos Deputados, dados abertos: tramitações das representações (REP)",https://dadosabertos.camara.leg.br/api/v2/proposicoes/{id}/tramitacoes
2025-11-26,ATR-001655,José Medeiros,agente_publico,arquivado,2025-11-26: a investigação sobre José Medeiros em REP 18/2025 (CEDP-CD) foi arquivada.,REP 18/2025,PL,oposição,FNT-000306,"Câmara dos Deputados, dados abertos: tramitações das representações (REP)",https://dadosabertos.camara.leg.br/api/v2/proposicoes/{id}/tramitacoes
2025-12-03,ATR-000674,Lindbergh Farias,agente_publico,arquivado,2025-12-03: a investigação sobre Lindbergh Farias em REP 12/2025 (CEDP-CD) foi arquivada.,REP 12/2025,PT,base do governo,FNT-000306,"Câmara dos Deputados, dados abertos: tramitações das representações (REP)",https://dadosabertos.camara.leg.br/api/v2/proposicoes/{id}/tramitacoes
2025-12-03,ATR-001926,Guilherme Boulos,agente_publico,arquivado,2025-12-03: a investigação sobre Guilherme Boulos em REP 13/2025 (CEDP-CD) foi arquivada.,REP 13/2025,PSOL,base do governo,FNT-000306,"Câmara dos Deputados, dados abertos: tramitações das representações (REP)",https://dadosabertos.camara.leg.br/api/v2/proposicoes/{id}/tramitacoes
2025-12-09,ATR-000226,DR. RIBAMAR ALVES,agente_publico,contas_julgadas_irregulares,2025-12-09: transitou em julgado o julgamento das contas de DR. RIBAMAR ALVES como irregulares em 008.371/2021-0 (TCU).,008.371/2021-0,PSB,base do governo,FNT-000309,"TCU, certidões: responsáveis com contas julgadas irregulares (lista pública)",https://certidoes.apps.tcu.gov.br/api/publico/responsaveis-contas-irregulares/exportar-para-csv?paginaAtual=1&tamanhoPagina=50000
2026-01-07,ATR-002600,Marcos do Val,agente_publico,representado,2026-01-07: Marcos do Val passou a ser representado em PCE 1/2026 (CEDP-SF) por quebra de decoro parlamentar.,PCE 1/2026,PODE,sem classificação,FNT-000307,"Senado Federal, dados abertos: processos do Conselho de Ética (REP, DEN, PCE)",https://legis.senado.leg.br/dadosabertos/processo/{id}
2026-01-20,ATR-000882,ILDERLEI CORDEIRO,agente_publico,contas_julgadas_irregulares,2026-01-20: transitou em julgado o julgamento das contas de ILDERLEI CORDEIRO como irregulares em 006.937/2023-3 (TCU).,006.937/2023-3,CIDADANIA,sem classificação,FNT-000309,"TCU, certidões: responsáveis com contas julgadas irregulares (lista pública)",https://certidoes.apps.tcu.gov.br/api/publico/responsaveis-contas-irregulares/exportar-para-csv?paginaAtual=1&tamanhoPagina=50000
2026-02-04,ATR-000674,Lindbergh Farias,agente_publico,arquivado,2026-02-04: a investigação sobre Lindbergh Farias em REP 9/2025 (CEDP-CD) foi arquivada.,REP 9/2025,PT,base do governo,FNT-000306,"Câmara dos Deputados, dados abertos: tramitações das representações (REP)",https://dadosabertos.camara.leg.br/api/v2/proposicoes/{id}/tramitacoes
2026-03-04,ATR-002816,,agente_privado,investigado,2026-03-04: pessoa não identificada (ATR-002816) passou a investigado em Pet 15556 (STF).,Pet 15556,,,FNT-000256,"STF, Pet 15556: andamento de 04/03/2026 (decisão monocrática; prisão preventiva de investigados)",https://portal.stf.jus.br/processos/detalhe.asp?incidente=7514886
2026-03-04,ATR-002817,,agente_privado,investigado,2026-03-04: pessoa não identificada (ATR-002817) passou a investigado em Pet 15556 (STF).,Pet 15556,,,FNT-000256,"STF, Pet 15556: andamento de 04/03/2026 (decisão monocrática; prisão preventiva de investigados)",https://portal.stf.jus.br/processos/detalhe.asp?incidente=7514886
2026-03-04,ATR-002818,,agente_privado,investigado,2026-03-04: pessoa não identificada (ATR-002818) passou a investigado em Pet 15556 (STF).,Pet 15556,,,FNT-000256,"STF, Pet 15556: andamento de 04/03/2026 (decisão monocrática; prisão preventiva de investigados)",https://portal.stf.jus.br/processos/detalhe.asp?incidente=7514886
2026-03-04,ATR-002819,,agente_privado,investigado,2026-03-04: pessoa não identificada (ATR-002819) passou a investigado em Pet 15556 (STF).,Pet 15556,,,FNT-000256,"STF, Pet 15556: andamento de 04/03/2026 (decisão monocrática; prisão preventiva de investigados)",https://portal.stf.jus.br/processos/detalhe.asp?incidente=7514886
2026-03-09,ATR-000182,DAVI ALCOLUMBRE,agente_publico,representado,2026-03-09: DAVI ALCOLUMBRE passou a ser representado em PCE 2/2026 (CEDP-SF) por quebra de decoro parlamentar.,PCE 2/2026,UNIÃO,base do governo,FNT-000307,"Senado Federal, dados abertos: processos do Conselho de Ética (REP, DEN, PCE)",https://legis.senado.leg.br/dadosabertos/processo/{id}
2026-03-21,ATR-001026,ELIZEU AGUIAR,agente_publico,contas_julgadas_irregulares,2026-03-21: transitou em julgado o julgamento das contas de ELIZEU AGUIAR como irregulares em 006.099/2022-0 (TCU).,006.099/2022-0,PTB,sem classificação,FNT-000309,"TCU, certidões: responsáveis com contas julgadas irregulares (lista pública)",https://certidoes.apps.tcu.gov.br/api/publico/responsaveis-contas-irregulares/exportar-para-csv?paginaAtual=1&tamanhoPagina=50000
2026-03-30,ATR-002571,Giordano,agente_publico,representado,2026-03-30: Giordano passou a ser representado em PCE 3/2026 (CEDP-SF) por quebra de decoro parlamentar.,PCE 3/2026,PODE,sem classificação,FNT-000307,"Senado Federal, dados abertos: processos do Conselho de Ética (REP, DEN, PCE)",https://legis.senado.leg.br/dadosabertos/processo/{id}
2026-03-30,ATR-002571,Giordano,agente_publico,representado,2026-03-30: Giordano passou a ser representado em PCE 4/2026 (CEDP-SF) por quebra de decoro parlamentar.,PCE 4/2026,PODE,sem classificação,FNT-000307,"Senado Federal, dados abertos: processos do Conselho de Ética (REP, DEN, PCE)",https://legis.senado.leg.br/dadosabertos/processo/{id}
2026-04-01,ATR-002637,Soraya Thronicke,agente_publico,representado,2026-04-01: Soraya Thronicke passou a ser representado em PCE 5/2026 (CEDP-SF) por quebra de decoro parlamentar.,PCE 5/2026,PODE,sem classificação,FNT-000307,"Senado Federal, dados abertos: processos do Conselho de Ética (REP, DEN, PCE)",https://legis.senado.leg.br/dadosabertos/processo/{id}
2026-04-09,ATR-000020,Fábio Henrique,agente_publico,contas_julgadas_irregulares,2026-04-09: transitou em julgado o julgamento das contas de Fábio Henrique como irregulares em 006.479/2024-3 (TCU).,006.479/2024-3,UNIÃO,base do governo,FNT-000309,"TCU, certidões: responsáveis com contas julgadas irregulares (lista pública)",https://certidoes.apps.tcu.gov.br/api/publico/responsaveis-contas-irregulares/exportar-para-csv?paginaAtual=1&tamanhoPagina=50000
2026-04-11,ATR-001494,MARQUINHO MENDES,agente_publico,contas_julgadas_irregulares,2026-04-11: transitou em julgado o julgamento das contas de MARQUINHO MENDES como irregulares em 020.033/2021-4 (TCU).,020.033/2021-4,MDB,sem classificação,FNT-000309,"TCU, certidões: responsáveis com contas julgadas irregulares (lista pública)",https://certidoes.apps.tcu.gov.br/api/publico/responsaveis-contas-irregulares/exportar-para-csv?paginaAtual=1&tamanhoPagina=50000
2026-04-16,ATR-000674,Lindbergh Farias,agente_publico,representado,2026-04-16: Lindbergh Farias passou a ser representado em REP 1/2026 (CEDP-CD) por quebra de decoro parlamentar.,REP 1/2026,PT,base do governo,FNT-000306,"Câmara dos Deputados, dados abertos: tramitações das representações (REP)",https://dadosabertos.camara.leg.br/api/v2/proposicoes/{id}/tramitacoes
2026-04-16,ATR-001941,Delegado Paulo Bilynskyj,agente_publico,representado,2026-04-16: Delegado Paulo Bilynskyj passou a ser representado em REP 2/2026 (CEDP-CD) por quebra de decoro parlamentar.,REP 2/2026,PL,oposição,FNT-000306,"Câmara dos Deputados, dados abertos: tramitações das representações (REP)",https://dadosabertos.camara.leg.br/api/v2/proposicoes/{id}/tramitacoes
2026-04-16,ATR-000071,Ivan Valente,agente_publico,representado,2026-04-16: Ivan Valente passou a ser representado em REP 3/2026 (CEDP-CD) por quebra de decoro parlamentar.,REP 3/2026,PSOL,base do governo,FNT-000306,"Câmara dos Deputados, dados abertos: tramitações das representações (REP)",https://dadosabertos.camara.leg.br/api/v2/proposicoes/{id}/tramitacoes
2026-04-16,ATR-000324,Chico Alencar,agente_publico,representado,2026-04-16: Chico Alencar passou a ser representado em REP 3/2026 (CEDP-CD) por quebra de decoro parlamentar.,REP 3/2026,PSOL,base do governo,FNT-000306,"Câmara dos Deputados, dados abertos: tramitações das representações (REP)",https://dadosabertos.camara.leg.br/api/v2/proposicoes/{id}/tramitacoes
2026-04-16,ATR-000644,Luiza Erundina,agente_publico,representado,2026-04-16: Luiza Erundina passou a ser representado em REP 3/2026 (CEDP-CD) por quebra de decoro parlamentar.,REP 3/2026,PSOL,base do governo,FNT-000306,"Câmara dos Deputados, dados abertos: tramitações das representações (REP)",https://dadosabertos.camara.leg.br/api/v2/proposicoes/{id}/tramitacoes
2026-04-16,ATR-000674,Lindbergh Farias,agente_publico,representado,2026-04-16: Lindbergh Farias passou a ser representado em REP 3/2026 (CEDP-CD) por quebra de decoro parlamentar.,REP 3/2026,PT,base do governo,FNT-000306,"Câmara dos Deputados, dados abertos: tramitações das representações (REP)",https://dadosabertos.camara.leg.br/api/v2/proposicoes/{id}/tramitacoes
2026-04-16,ATR-001022,Glauber Braga,agente_publico,representado,2026-04-16: Glauber Braga passou a ser representado em REP 3/2026 (CEDP-CD) por quebra de decoro parlamentar.,REP 3/2026,PSOL,base do governo,FNT-000306,"Câmara dos Deputados, dados abertos: tramitações das representações (REP)",https://dadosabertos.camara.leg.br/api/v2/proposicoes/{id}/tramitacoes
2026-04-16,ATR-001594,Fernanda Melchionna,agente_publico,representado,2026-04-16: Fernanda Melchionna passou a ser representado em REP 3/2026 (CEDP-CD) por quebra de decoro parlamentar.,REP 3/2026,PSOL,base do governo,FNT-000306,"Câmara dos Deputados, dados abertos: tramitações das representações (REP)",https://dadosabertos.camara.leg.br/api/v2/proposicoes/{id}/tramitacoes
2026-04-16,ATR-001648,Talíria Petrone,agente_publico,representado,2026-04-16: Talíria Petrone passou a ser representado em REP 3/2026 (CEDP-CD) por quebra de decoro parlamentar.,REP 3/2026,PSOL,base do governo,FNT-000306,"Câmara dos Deputados, dados abertos: tramitações das representações (REP)",https://dadosabertos.camara.leg.br/api/v2/proposicoes/{id}/tramitacoes
2026-04-16,ATR-001717,Sâmia Bomfim,agente_publico,representado,2026-04-16: Sâmia Bomfim passou a ser representado em REP 3/2026 (CEDP-CD) por quebra de decoro parlamentar.,REP 3/2026,PSOL,base do governo,FNT-000306,"Câmara dos Deputados, dados abertos: tramitações das representações (REP)",https://dadosabertos.camara.leg.br/api/v2/proposicoes/{id}/tramitacoes
2026-04-16,ATR-001771,Célia Xakriabá,agente_publico,representado,2026-04-16: Célia Xakriabá passou a ser representado em REP 3/2026 (CEDP-CD) por quebra de decoro parlamentar.,REP 3/2026,PSOL,base do governo,FNT-000306,"Câmara dos Deputados, dados abertos: tramitações das representações (REP)",https://dadosabertos.camara.leg.br/api/v2/proposicoes/{id}/tramitacoes
2026-04-16,ATR-001885,Tarcísio Motta,agente_publico,representado,2026-04-16: Tarcísio Motta passou a ser representado em REP 3/2026 (CEDP-CD) por quebra de decoro parlamentar.,REP 3/2026,PSOL,base do governo,FNT-000306,"Câmara dos Deputados, dados abertos: tramitações das representações (REP)",https://dadosabertos.camara.leg.br/api/v2/proposicoes/{id}/tramitacoes
2026-04-16,ATR-001902,Pastor Henrique Vieira,agente_publico,representado,2026-04-16: Pastor Henrique Vieira passou a ser representado em REP 3/2026 (CEDP-CD) por quebra de decoro parlamentar.,REP 3/2026,PSOL,base do governo,FNT-000306,"Câmara dos Deputados, dados abertos: tramitações das representações (REP)",https://dadosabertos.camara.leg.br/api/v2/proposicoes/{id}/tramitacoes
2026-04-16,ATR-001932,Erika Hilton,agente_publico,representado,2026-04-16: Erika Hilton passou a ser representado em REP 3/2026 (CEDP-CD) por quebra de decoro parlamentar.,REP 3/2026,PSOL,base do governo,FNT-000306,"Câmara dos Deputados, dados abertos: tramitações das representações (REP)",https://dadosabertos.camara.leg.br/api/v2/proposicoes/{id}/tramitacoes
2026-04-16,ATR-002004,Professora Luciene Cavalcante,agente_publico,representado,2026-04-16: Professora Luciene Cavalcante passou a ser representado em REP 3/2026 (CEDP-CD) por quebra de decoro parlamentar.,REP 3/2026,PSOL,base do governo,FNT-000306,"Câmara dos Deputados, dados abertos: tramitações das representações (REP)",https://dadosabertos.camara.leg.br/api/v2/proposicoes/{id}/tramitacoes
2026-04-16,ATR-001663,Rogério Correia,agente_publico,representado,2026-04-16: Rogério Correia passou a ser representado em REP 4/2026 (CEDP-CD) por quebra de decoro parlamentar.,REP 4/2026,PT,base do governo,FNT-000306,"Câmara dos Deputados, dados abertos: tramitações das representações (REP)",https://dadosabertos.camara.leg.br/api/v2/proposicoes/{id}/tramitacoes
2026-04-16,ATR-001663,Rogério Correia,agente_publico,representado,2026-04-16: Rogério Correia passou a ser representado em REP 5/2026 (CEDP-CD) por quebra de decoro parlamentar.,REP 5/2026,PT,base do governo,FNT-000306,"Câmara dos Deputados, dados abertos: tramitações das representações (REP)",https://dadosabertos.camara.leg.br/api/v2/proposicoes/{id}/tramitacoes
2026-04-16,ATR-001663,Rogério Correia,agente_publico,representado,2026-04-16: Rogério Correia passou a ser representado em REP 6/2026 (CEDP-CD) por quebra de decoro parlamentar.,REP 6/2026,PT,base do governo,FNT-000306,"Câmara dos Deputados, dados abertos: tramitações das representações (REP)",https://dadosabertos.camara.leg.br/api/v2/proposicoes/{id}/tramitacoes
2026-04-16,ATR-001932,Erika Hilton,agente_publico,representado,2026-04-16: Erika Hilton passou a ser representado em REP 7/2026 (CEDP-CD) por quebra de decoro parlamentar.,REP 7/2026,PSOL,base do governo,FNT-000306,"Câmara dos Deputados, dados abertos: tramitações das representações (REP)",https://dadosabertos.camara.leg.br/api/v2/proposicoes/{id}/tramitacoes
2026-04-16,ATR-001932,Erika Hilton,agente_publico,representado,2026-04-16: Erika Hilton passou a ser representado em REP 8/2026 (CEDP-CD) por quebra de decoro parlamentar.,REP 8/2026,PSOL,base do governo,FNT-000306,"Câmara dos Deputados, dados abertos: tramitações das representações (REP)",https://dadosabertos.camara.leg.br/api/v2/proposicoes/{id}/tramitacoes
2026-04-16,ATR-000674,Lindbergh Farias,agente_publico,representado,2026-04-16: Lindbergh Farias passou a ser representado em REP 9/2026 (CEDP-CD) por quebra de decoro parlamentar.,REP 9/2026,PT,base do governo,FNT-000306,"Câmara dos Deputados, dados abertos: tramitações das representações (REP)",https://dadosabertos.camara.leg.br/api/v2/proposicoes/{id}/tramitacoes
2026-04-29,ATR-001863,Alfredo Gaspar,agente_publico,representado,2026-04-29: Alfredo Gaspar passou a ser representado em REP 10/2026 (CEDP-CD) por quebra de decoro parlamentar.,REP 10/2026,PL,oposição,FNT-000306,"Câmara dos Deputados, dados abertos: tramitações das representações (REP)",https://dadosabertos.camara.leg.br/api/v2/proposicoes/{id}/tramitacoes
2026-05-05,ATR-001835,Marcos Pollon,agente_publico,sancao_disciplinar,2026-05-05: foi aprovada sanção disciplinar contra Marcos Pollon em REP 24/2025 (CEDP-CD) (suspensão de mandato ou censura aprovada).,REP 24/2025,PL,oposição,FNT-000306,"Câmara dos Deputados, dados abertos: tramitações das representações (REP)",https://dadosabertos.camara.leg.br/api/v2/proposicoes/{id}/tramitacoes
2026-05-13,ATR-002568,Flávio Bolsonaro,agente_publico,representado,2026-05-13: Flávio Bolsonaro passou a ser representado em PCE 6/2026 (CEDP-SF) por quebra de decoro parlamentar.,PCE 6/2026,PL,oposição,FNT-000307,"Senado Federal, dados abertos: processos do Conselho de Ética (REP, DEN, PCE)",https://legis.senado.leg.br/dadosabertos/processo/{id}
2026-05-14,ATR-002568,Flávio Bolsonaro,agente_publico,representado,2026-05-14: Flávio Bolsonaro passou a ser representado em PCE 7/2026 (CEDP-SF) por quebra de decoro parlamentar.,PCE 7/2026,PL,oposição,FNT-000307,"Senado Federal, dados abertos: processos do Conselho de Ética (REP, DEN, PCE)",https://legis.senado.leg.br/dadosabertos/processo/{id}
2026-05-14,ATR-000409,CIRO NOGUEIRA,agente_publico,representado,2026-05-14: CIRO NOGUEIRA passou a ser representado em PCE 8/2026 (CEDP-SF) por quebra de decoro parlamentar.,PCE 8/2026,PP,base do governo,FNT-000307,"Senado Federal, dados abertos: processos do Conselho de Ética (REP, DEN, PCE)",https://legis.senado.leg.br/dadosabertos/processo/{id}
2026-06-03,ATR-000182,DAVI ALCOLUMBRE,agente_publico,representado,2026-06-03: DAVI ALCOLUMBRE passou a ser representado em PCE 9/2026 (CEDP-SF) por quebra de decoro parlamentar.,PCE 9/2026,UNIÃO,base do governo,FNT-000307,"Senado Federal, dados abertos: processos do Conselho de Ética (REP, DEN, PCE)",https://legis.senado.leg.br/dadosabertos/processo/{id}
2026-06-17,ATR-000409,CIRO NOGUEIRA,agente_publico,representado,2026-06-17: CIRO NOGUEIRA passou a ser representado em PCE 10/2026 (CEDP-SF) por quebra de decoro parlamentar.,PCE 10/2026,PP,base do governo,FNT-000307,"Senado Federal, dados abertos: processos do Conselho de Ética (REP, DEN, PCE)",https://legis.senado.leg.br/dadosabertos/processo/{id}
2026-08-03,ATR-002568,Flávio Bolsonaro,agente_publico,representado,2026-08-03: Flávio Bolsonaro passou a ser representado em PCE 11/2026 (CEDP-SF) por quebra de decoro parlamentar.,PCE 11/2026,PL,oposição,FNT-000307,"Senado Federal, dados abertos: processos do Conselho de Ética (REP, DEN, PCE)",https://legis.senado.leg.br/dadosabertos/processo/{id}
2026-08-03,ATR-002581,Jaques Wagner,agente_publico,representado,2026-08-03: Jaques Wagner passou a ser representado em PCE 12/2026 (CEDP-SF) por quebra de decoro parlamentar.,PCE 12/2026,PT,base do governo,FNT-000307,"Senado Federal, dados abertos: processos do Conselho de Ética (REP, DEN, PCE)",https://legis.senado.leg.br/dadosabertos/processo/{id}
2026-08-10,ATR-000409,CIRO NOGUEIRA,agente_publico,representado,2026-08-10: CIRO NOGUEIRA passou a ser representado em PCE 13/2026 (CEDP-SF) por quebra de decoro parlamentar.,PCE 13/2026,PP,base do governo,FNT-000307,"Senado Federal, dados abertos: processos do Conselho de Ética (REP, DEN, PCE)",https://legis.senado.leg.br/dadosabertos/processo/{id}
2026-09-02,ATR-002568,Flávio Bolsonaro,agente_publico,representado,2026-09-02: Flávio Bolsonaro passou a ser representado em PCE 14/2026 (CEDP-SF) por quebra de decoro parlamentar.,PCE 14/2026,PL,oposição,FNT-000307,"Senado Federal, dados abertos: processos do Conselho de Ética (REP, DEN, PCE)",https://legis.senado.leg.br/dadosabertos/processo/{id}
2026-09-04,ATR-000182,DAVI ALCOLUMBRE,agente_publico,representado,2026-09-04: DAVI ALCOLUMBRE passou a ser representado em PCE 15/2026 (CEDP-SF) por quebra de decoro parlamentar.,PCE 15/2026,UNIÃO,base do governo,FNT-000307,"Senado Federal, dados abertos: processos do Conselho de Ética (REP, DEN, PCE)",https://legis.senado.leg.br/dadosabertos/processo/{id}
2026-09-04,ATR-000182,DAVI ALCOLUMBRE,agente_publico,representado,2026-09-04: DAVI ALCOLUMBRE passou a ser representado em PCE 16/2026 (CEDP-SF) por quebra de decoro parlamentar.,PCE 16/2026,UNIÃO,base do governo,FNT-000307,"Senado Federal, dados abertos: processos do Conselho de Ética (REP, DEN, PCE)",https://legis.senado.leg.br/dadosabertos/processo/{id}
2026-09-04,ATR-000182,DAVI ALCOLUMBRE,agente_publico,representado,2026-09-04: DAVI ALCOLUMBRE passou a ser representado em PCE 17/2026 (CEDP-SF) por quebra de decoro parlamentar.,PCE 17/2026,UNIÃO,base do governo,FNT-000307,"Senado Federal, dados abertos: processos do Conselho de Ética (REP, DEN, PCE)",https://legis.senado.leg.br/dadosabertos/processo/{id}
2026-09-10,ATR-000182,DAVI ALCOLUMBRE,agente_publico,representado,2026-09-10: DAVI ALCOLUMBRE passou a ser representado em PCE 18/2026 (CEDP-SF) por quebra de decoro parlamentar.,PCE 18/2026,UNIÃO,base do governo,FNT-000307,"Senado Federal, dados abertos: processos do Conselho de Ética (REP, DEN, PCE)",https://legis.senado.leg.br/dadosabertos/processo/{id}
2026-09-10,ATR-000182,DAVI ALCOLUMBRE,agente_publico,representado,2026-09-10: DAVI ALCOLUMBRE passou a ser representado em PCE 19/2026 (CEDP-SF) por quebra de decoro parlamentar.,PCE 19/2026,UNIÃO,base do governo,FNT-000307,"Senado Federal, dados abertos: processos do Conselho de Ética (REP, DEN, PCE)",https://legis.senado.leg.br/dadosabertos/processo/{id}
2026-09-10,ATR-000182,DAVI ALCOLUMBRE,agente_publico,representado,2026-09-10: DAVI ALCOLUMBRE passou a ser representado em PCE 20/2026 (CEDP-SF) por quebra de decoro parlamentar.,PCE 20/2026,UNIÃO,base do governo,FNT-000307,"Senado Federal, dados abertos: processos do Conselho de Ética (REP, DEN, PCE)",https://legis.senado.leg.br/dadosabertos/processo/{id}
