tabela,chave_externa,id
atores,camara:3151,ATR-000001
atores,camara:3155,ATR-000002
atores,camara:4927,ATR-000003
atores,camara:4928,ATR-000004
atores,senado:4767,ATR-000004
atores,camara:4929,ATR-000005
atores,camara:4930,ATR-000006
atores,senado:4768,ATR-000006
atores,camara:4931,ATR-000007
atores,senado:4770,ATR-000007
atores,camara:62881,ATR-000008
atores,camara:62926,ATR-000009
atores,camara:64224,ATR-000010
atores,camara:64960,ATR-000011
atores,camara:65511,ATR-000012
atores,camara:65551,ATR-000013
atores,camara:65987,ATR-000014
atores,camara:66179,ATR-000015
atores,camara:66385,ATR-000016
atores,camara:66828,ATR-000017
atores,camara:67138,ATR-000018
atores,camara:67312,ATR-000019
atores,camara:68720,ATR-000020
atores,camara:68731,ATR-000021
atores,camara:69871,ATR-000022
atores,camara:71921,ATR-000023
atores,camara:72442,ATR-000024
atores,camara:72912,ATR-000025
atores,camara:73416,ATR-000026
atores,camara:73420,ATR-000027
atores,camara:73421,ATR-000028
atores,camara:73424,ATR-000029
atores,camara:73427,ATR-000030
atores,camara:73428,ATR-000031
atores,camara:73430,ATR-000032
atores,senado:846,ATR-000032
atores,camara:73431,ATR-000033
atores,camara:73433,ATR-000034
atores,camara:73434,ATR-000035
atores,camara:73435,ATR-000036
atores,camara:73437,ATR-000037
atores,camara:73441,ATR-000038
atores,camara:73442,ATR-000039
atores,camara:73445,ATR-000040
atores,camara:73447,ATR-000041
atores,camara:73454,ATR-000042
atores,camara:73455,ATR-000043
atores,camara:73456,ATR-000044
atores,senado:1176,ATR-000044
atores,camara:73457,ATR-000045
atores,camara:73458,ATR-000046
atores,camara:73459,ATR-000047
atores,camara:73460,ATR-000048
atores,camara:73461,ATR-000049
atores,camara:73462,ATR-000050
atores,camara:73463,ATR-000051
atores,camara:73464,ATR-000052
atores,camara:73466,ATR-000053
atores,camara:73469,ATR-000054
atores,camara:73471,ATR-000055
atores,camara:73472,ATR-000056
atores,camara:73473,ATR-000057
atores,camara:73474,ATR-000058
atores,camara:73477,ATR-000059
atores,camara:73478,ATR-000060
atores,camara:73480,ATR-000061
atores,camara:73481,ATR-000062
atores,camara:73482,ATR-000063
atores,camara:73483,ATR-000064
atores,senado:1186,ATR-000064
atores,camara:73485,ATR-000065
atores,camara:73486,ATR-000066
atores,camara:73490,ATR-000067
atores,camara:73492,ATR-000068
atores,camara:73499,ATR-000069
atores,camara:73507,ATR-000070
atores,senado:2331,ATR-000070
atores,camara:73531,ATR-000071
atores,camara:73534,ATR-000072
atores,camara:73535,ATR-000073
atores,camara:73536,ATR-000074
atores,senado:878,ATR-000074
atores,camara:73540,ATR-000075
atores,camara:73542,ATR-000076
atores,camara:73545,ATR-000077
atores,camara:73546,ATR-000078
atores,camara:73548,ATR-000079
atores,camara:73552,ATR-000080
atores,camara:73553,ATR-000081
atores,camara:73555,ATR-000082
atores,camara:73556,ATR-000083
atores,camara:73557,ATR-000084
atores,camara:73558,ATR-000085
atores,camara:73559,ATR-000086
atores,camara:73560,ATR-000087
atores,camara:73561,ATR-000088
atores,camara:73564,ATR-000089
atores,camara:73565,ATR-000090
atores,camara:73566,ATR-000091
atores,camara:73568,ATR-000092
atores,camara:73569,ATR-000093
atores,camara:73572,ATR-000094
atores,camara:73574,ATR-000095
atores,camara:73575,ATR-000096
atores,camara:73577,ATR-000097
atores,camara:73579,ATR-000098
atores,camara:73582,ATR-000099
atores,camara:73584,ATR-000100
atores,camara:73586,ATR-000101
atores,camara:73588,ATR-000102
atores,camara:73592,ATR-000103
atores,senado:1249,ATR-000103
atores,camara:73594,ATR-000104
atores,camara:73595,ATR-000105
atores,camara:73599,ATR-000106
atores,camara:73603,ATR-000107
atores,camara:73604,ATR-000108
atores,camara:73612,ATR-000109
atores,camara:73645,ATR-000110
atores,camara:73651,ATR-000111
atores,camara:73652,ATR-000112
atores,camara:73653,ATR-000113
atores,senado:1173,ATR-000113
atores,camara:73654,ATR-000114
atores,camara:73655,ATR-000115
atores,camara:73658,ATR-000116
atores,camara:73660,ATR-000117
atores,camara:73663,ATR-000118
atores,camara:73666,ATR-000119
atores,camara:73672,ATR-000120
atores,camara:73673,ATR-000121
atores,camara:73674,ATR-000122
atores,camara:73676,ATR-000123
atores,camara:73677,ATR-000124
atores,camara:73682,ATR-000125
atores,camara:73683,ATR-000126
atores,camara:73684,ATR-000127
atores,camara:73692,ATR-000128
atores,camara:73693,ATR-000129
atores,camara:73696,ATR-000130
atores,camara:73701,ATR-000131
atores,camara:73704,ATR-000132
atores,camara:73714,ATR-000133
atores,camara:73716,ATR-000134
atores,senado:53,ATR-000134
atores,camara:73718,ATR-000135
atores,camara:73720,ATR-000136
atores,camara:73761,ATR-000137
atores,camara:73764,ATR-000138
atores,camara:73765,ATR-000139
atores,camara:73768,ATR-000140
atores,camara:73772,ATR-000141
atores,camara:73775,ATR-000142
atores,camara:73776,ATR-000143
atores,camara:73777,ATR-000144
atores,camara:73778,ATR-000145
atores,camara:73780,ATR-000146
atores,camara:73781,ATR-000147
atores,camara:73782,ATR-000148
atores,camara:73784,ATR-000149
atores,camara:73786,ATR-000150
atores,camara:73788,ATR-000151
atores,camara:73793,ATR-000152
atores,camara:73794,ATR-000153
atores,camara:73801,ATR-000154
atores,camara:73805,ATR-000155
atores,senado:71,ATR-000155
atores,camara:73806,ATR-000156
atores,senado:3359,ATR-000156
atores,camara:73808,ATR-000157
atores,camara:73809,ATR-000158
atores,camara:73817,ATR-000159
atores,camara:73825,ATR-000160
atores,camara:73827,ATR-000161
atores,camara:73831,ATR-000162
atores,camara:73873,ATR-000163
atores,camara:73874,ATR-000164
atores,camara:73875,ATR-000165
atores,camara:73882,ATR-000166
atores,senado:3741,ATR-000166
atores,camara:73883,ATR-000167
atores,camara:73885,ATR-000168
atores,camara:73886,ATR-000169
atores,camara:73889,ATR-000170
atores,camara:73891,ATR-000171
atores,camara:73892,ATR-000172
atores,camara:73893,ATR-000173
atores,camara:73901,ATR-000174
atores,camara:73904,ATR-000175
atores,camara:73907,ATR-000176
atores,camara:73909,ATR-000177
atores,camara:73920,ATR-000178
atores,camara:73921,ATR-000179
atores,camara:73922,ATR-000180
atores,camara:73923,ATR-000181
atores,camara:73924,ATR-000182
atores,senado:3830,ATR-000182
atores,camara:73925,ATR-000183
atores,camara:73926,ATR-000184
atores,camara:73927,ATR-000185
atores,camara:73928,ATR-000186
atores,camara:73929,ATR-000187
atores,senado:35,ATR-000187
atores,camara:73930,ATR-000188
atores,camara:73931,ATR-000189
atores,camara:73932,ATR-000190
atores,camara:73933,ATR-000191
atores,senado:3806,ATR-000191
atores,camara:73934,ATR-000192
atores,camara:73935,ATR-000193
atores,camara:73936,ATR-000194
atores,camara:73937,ATR-000195
atores,camara:73938,ATR-000196
atores,camara:73939,ATR-000197
atores,camara:73940,ATR-000198
atores,camara:73941,ATR-000199
atores,camara:73942,ATR-000200
atores,camara:73943,ATR-000201
atores,camara:73944,ATR-000202
atores,camara:73945,ATR-000203
atores,senado:3777,ATR-000203
atores,camara:73946,ATR-000204
atores,camara:73947,ATR-000205
atores,camara:73948,ATR-000206
atores,camara:73979,ATR-000207
atores,camara:73981,ATR-000208
atores,camara:73982,ATR-000209
atores,camara:73984,ATR-000210
atores,camara:73987,ATR-000211
atores,camara:73991,ATR-000212
atores,camara:73992,ATR-000213
atores,camara:73993,ATR-000214
atores,camara:73994,ATR-000215
atores,camara:73998,ATR-000216
atores,camara:74000,ATR-000217
atores,camara:74005,ATR-000218
atores,camara:74010,ATR-000219
atores,camara:74016,ATR-000220
atores,camara:74017,ATR-000221
atores,camara:74018,ATR-000222
atores,camara:74023,ATR-000223
atores,camara:74024,ATR-000224
atores,camara:74026,ATR-000225
atores,senado:3881,ATR-000225
atores,camara:74027,ATR-000226
atores,camara:74028,ATR-000227
atores,camara:74029,ATR-000228
atores,camara:74030,ATR-000229
atores,camara:74031,ATR-000230
atores,camara:74032,ATR-000231
atores,camara:74033,ATR-000232
atores,camara:74034,ATR-000233
atores,camara:74035,ATR-000234
atores,camara:74036,ATR-000235
atores,camara:74037,ATR-000236
atores,senado:3713,ATR-000236
atores,camara:74038,ATR-000237
atores,camara:74039,ATR-000238
atores,camara:74040,ATR-000239
atores,camara:74041,ATR-000240
atores,camara:74042,ATR-000241
atores,camara:74043,ATR-000242
atores,camara:74044,ATR-000243
atores,senado:3811,ATR-000243
atores,camara:74045,ATR-000244
atores,camara:74046,ATR-000245
atores,camara:74047,ATR-000246
atores,camara:74048,ATR-000247
atores,camara:74049,ATR-000248
atores,camara:74050,ATR-000249
atores,camara:74051,ATR-000250
atores,camara:74052,ATR-000251
atores,camara:74053,ATR-000252
atores,camara:74054,ATR-000253
atores,camara:74055,ATR-000254
atores,camara:74056,ATR-000255
atores,camara:74057,ATR-000256
atores,camara:74058,ATR-000257
atores,camara:74059,ATR-000258
atores,camara:74060,ATR-000259
atores,camara:74061,ATR-000260
atores,camara:74062,ATR-000261
atores,camara:74063,ATR-000262
atores,camara:74065,ATR-000263
atores,camara:74066,ATR-000264
atores,camara:74070,ATR-000265
atores,camara:74072,ATR-000266
atores,camara:74075,ATR-000267
atores,camara:74076,ATR-000268
atores,camara:74077,ATR-000269
atores,camara:74079,ATR-000270
atores,camara:74080,ATR-000271
atores,senado:380,ATR-000271
atores,camara:74082,ATR-000272
atores,senado:374,ATR-000272
atores,camara:74084,ATR-000273
atores,camara:74085,ATR-000274
atores,camara:74087,ATR-000275
atores,camara:74090,ATR-000276
atores,camara:74094,ATR-000277
atores,camara:74095,ATR-000278
atores,camara:74097,ATR-000279
atores,senado:475,ATR-000279
atores,camara:74099,ATR-000280
atores,camara:74102,ATR-000281
atores,camara:74103,ATR-000282
atores,camara:74106,ATR-000283
atores,camara:74108,ATR-000284
atores,camara:74111,ATR-000285
atores,camara:74119,ATR-000286
atores,camara:74120,ATR-000287
atores,camara:74124,ATR-000288
atores,camara:74131,ATR-000289
atores,camara:74133,ATR-000290
atores,camara:74137,ATR-000291
atores,camara:74139,ATR-000292
atores,camara:74140,ATR-000293
atores,camara:74141,ATR-000294
atores,camara:74142,ATR-000295
atores,camara:74143,ATR-000296
atores,camara:74144,ATR-000297
atores,camara:74145,ATR-000298
atores,camara:74146,ATR-000299
atores,camara:74147,ATR-000300
atores,camara:74148,ATR-000301
atores,camara:74149,ATR-000302
atores,camara:74150,ATR-000303
atores,camara:74151,ATR-000304
atores,camara:74152,ATR-000305
atores,camara:74153,ATR-000306
atores,camara:74154,ATR-000307
atores,camara:74155,ATR-000308
atores,camara:74156,ATR-000309
atores,camara:74157,ATR-000310
atores,camara:74158,ATR-000311
atores,camara:74159,ATR-000312
atores,camara:74160,ATR-000313
atores,camara:74161,ATR-000314
atores,camara:74162,ATR-000315
atores,camara:74163,ATR-000316
atores,camara:74164,ATR-000317
atores,camara:74165,ATR-000318
atores,camara:74166,ATR-000319
atores,senado:3868,ATR-000319
atores,camara:74167,ATR-000320
atores,camara:74168,ATR-000321
atores,camara:74169,ATR-000322
atores,camara:74170,ATR-000323
atores,camara:74171,ATR-000324
atores,camara:74172,ATR-000325
atores,camara:74173,ATR-000326
atores,camara:74174,ATR-000327
atores,camara:74175,ATR-000328
atores,camara:74176,ATR-000329
atores,camara:74177,ATR-000330
atores,camara:74181,ATR-000331
atores,camara:74184,ATR-000332
atores,camara:74187,ATR-000333
atores,camara:74189,ATR-000334
atores,camara:74191,ATR-000335
atores,camara:74194,ATR-000336
atores,camara:74195,ATR-000337
atores,camara:74197,ATR-000338
atores,camara:74198,ATR-000339
atores,camara:74200,ATR-000340
atores,camara:74207,ATR-000341
atores,camara:74208,ATR-000342
atores,camara:74209,ATR-000343
atores,senado:677,ATR-000343
atores,camara:74210,ATR-000344
atores,camara:74211,ATR-000345
atores,camara:74212,ATR-000346
atores,camara:74213,ATR-000347
atores,camara:74216,ATR-000348
atores,camara:74218,ATR-000349
atores,senado:604,ATR-000349
atores,camara:74222,ATR-000350
atores,camara:74225,ATR-000351
atores,camara:74230,ATR-000352
atores,camara:74235,ATR-000353
atores,camara:74238,ATR-000354
atores,camara:74240,ATR-000355
atores,camara:74252,ATR-000356
atores,camara:74253,ATR-000357
atores,camara:74254,ATR-000358
atores,camara:74255,ATR-000359
atores,camara:74256,ATR-000360
atores,camara:74257,ATR-000361
atores,camara:74258,ATR-000362
atores,camara:74259,ATR-000363
atores,camara:74260,ATR-000364
atores,camara:74261,ATR-000365
atores,camara:74262,ATR-000366
atores,camara:74263,ATR-000367
atores,camara:74264,ATR-000368
atores,camara:74265,ATR-000369
atores,camara:74266,ATR-000370
atores,camara:74267,ATR-000371
atores,camara:74268,ATR-000372
atores,camara:74269,ATR-000373
atores,camara:74270,ATR-000374
atores,camara:74271,ATR-000375
atores,camara:74272,ATR-000376
atores,camara:74273,ATR-000377
atores,camara:74274,ATR-000378
atores,camara:74275,ATR-000379
atores,camara:74276,ATR-000380
atores,camara:74277,ATR-000381
atores,camara:74278,ATR-000382
atores,camara:74279,ATR-000383
atores,camara:74280,ATR-000384
atores,camara:74281,ATR-000385
atores,camara:74282,ATR-000386
atores,camara:74283,ATR-000387
atores,senado:1098,ATR-000387
atores,camara:74284,ATR-000388
atores,camara:74285,ATR-000389
atores,camara:74286,ATR-000390
atores,camara:74287,ATR-000391
atores,camara:74288,ATR-000392
atores,camara:74289,ATR-000393
atores,camara:74290,ATR-000394
atores,camara:74291,ATR-000395
atores,camara:74294,ATR-000396
atores,camara:74295,ATR-000397
atores,senado:613,ATR-000397
atores,camara:74297,ATR-000398
atores,camara:74298,ATR-000399
atores,senado:615,ATR-000399
atores,camara:74299,ATR-000400
atores,camara:74300,ATR-000401
atores,camara:74304,ATR-000402
atores,camara:74305,ATR-000403
atores,camara:74306,ATR-000404
atores,camara:74308,ATR-000405
atores,camara:74309,ATR-000406
atores,camara:74310,ATR-000407
atores,senado:946,ATR-000407
atores,camara:74312,ATR-000408
atores,camara:74313,ATR-000409
atores,senado:739,ATR-000409
atores,camara:74317,ATR-000410
atores,camara:74318,ATR-000411
atores,camara:74319,ATR-000412
atores,camara:74321,ATR-000413
atores,camara:74324,ATR-000414
atores,camara:74325,ATR-000415
atores,camara:74327,ATR-000416
atores,camara:74328,ATR-000417
atores,camara:74329,ATR-000418
atores,camara:74337,ATR-000419
atores,camara:74341,ATR-000420
atores,camara:74342,ATR-000421
atores,camara:74343,ATR-000422
atores,camara:74344,ATR-000423
atores,camara:74345,ATR-000424
atores,camara:74346,ATR-000425
atores,camara:74349,ATR-000426
atores,camara:74351,ATR-000427
atores,camara:74352,ATR-000428
atores,camara:74354,ATR-000429
atores,camara:74355,ATR-000430
atores,senado:553,ATR-000430
atores,camara:74356,ATR-000431
atores,camara:74357,ATR-000432
atores,senado:558,ATR-000432
atores,camara:74358,ATR-000433
atores,camara:74359,ATR-000434
atores,camara:74360,ATR-000435
atores,camara:74363,ATR-000436
atores,senado:285,ATR-000436
atores,camara:74365,ATR-000437
atores,senado:288,ATR-000437
atores,camara:74366,ATR-000438
atores,camara:74367,ATR-000439
atores,camara:74368,ATR-000440
atores,camara:74369,ATR-000441
atores,camara:74370,ATR-000442
atores,camara:74371,ATR-000443
atores,camara:74372,ATR-000444
atores,camara:74373,ATR-000445
atores,camara:74374,ATR-000446
atores,camara:74375,ATR-000447
atores,camara:74376,ATR-000448
atores,camara:74377,ATR-000449
atores,camara:74378,ATR-000450
atores,camara:74379,ATR-000451
atores,camara:74380,ATR-000452
atores,camara:74381,ATR-000453
atores,camara:74382,ATR-000454
atores,camara:74383,ATR-000455
atores,camara:74385,ATR-000456
atores,camara:74386,ATR-000457
atores,camara:74387,ATR-000458
atores,camara:74388,ATR-000459
atores,camara:74389,ATR-000460
atores,camara:74390,ATR-000461
atores,camara:74391,ATR-000462
atores,camara:74392,ATR-000463
atores,camara:74393,ATR-000464
atores,camara:74394,ATR-000465
atores,camara:74395,ATR-000466
atores,camara:74396,ATR-000467
atores,camara:74397,ATR-000468
atores,camara:74398,ATR-000469
atores,camara:74399,ATR-000470
atores,camara:74400,ATR-000471
atores,camara:74401,ATR-000472
atores,camara:74402,ATR-000473
atores,camara:74403,ATR-000474
atores,camara:74405,ATR-000475
atores,camara:74408,ATR-000476
atores,camara:74414,ATR-000477
atores,camara:74416,ATR-000478
atores,camara:74417,ATR-000479
atores,camara:74419,ATR-000480
atores,camara:74421,ATR-000481
atores,camara:74423,ATR-000482
atores,camara:74425,ATR-000483
atores,camara:74426,ATR-000484
atores,camara:74427,ATR-000485
atores,camara:74428,ATR-000486
atores,camara:74430,ATR-000487
atores,camara:74431,ATR-000488
atores,camara:74433,ATR-000489
atores,camara:74434,ATR-000490
atores,camara:74435,ATR-000491
atores,senado:735,ATR-000491
atores,camara:74436,ATR-000492
atores,camara:74439,ATR-000493
atores,camara:74441,ATR-000494
atores,camara:74444,ATR-000495
atores,senado:918,ATR-000495
atores,camara:74445,ATR-000496
atores,camara:74447,ATR-000497
atores,camara:74448,ATR-000498
atores,camara:74449,ATR-000499
atores,senado:674,ATR-000499
atores,camara:74451,ATR-000500
atores,camara:74452,ATR-000501
atores,camara:74454,ATR-000502
atores,senado:612,ATR-000502
atores,camara:74455,ATR-000503
atores,camara:74456,ATR-000504
atores,camara:74457,ATR-000505
atores,camara:74459,ATR-000506
atores,camara:74460,ATR-000507
atores,senado:742,ATR-000507
atores,camara:74461,ATR-000508
atores,camara:74463,ATR-000509
atores,camara:74464,ATR-000510
atores,camara:74466,ATR-000511
atores,senado:704,ATR-000511
atores,camara:74467,ATR-000512
atores,camara:74468,ATR-000513
atores,camara:74469,ATR-000514
atores,camara:74470,ATR-000515
atores,senado:710,ATR-000515
atores,camara:74471,ATR-000516
atores,camara:74472,ATR-000517
atores,senado:715,ATR-000517
atores,camara:74473,ATR-000518
atores,camara:74474,ATR-000519
atores,camara:74477,ATR-000520
atores,senado:724,ATR-000520
atores,camara:74478,ATR-000521
atores,camara:74479,ATR-000522
atores,camara:74480,ATR-000523
atores,camara:74481,ATR-000524
atores,camara:74482,ATR-000525
atores,camara:74483,ATR-000526
atores,camara:74484,ATR-000527
atores,camara:74485,ATR-000528
atores,camara:74486,ATR-000529
atores,camara:74487,ATR-000530
atores,camara:74488,ATR-000531
atores,camara:74489,ATR-000532
atores,camara:74490,ATR-000533
atores,camara:74491,ATR-000534
atores,camara:74492,ATR-000535
atores,camara:74493,ATR-000536
atores,camara:74494,ATR-000537
atores,camara:74495,ATR-000538
atores,camara:74496,ATR-000539
atores,camara:74497,ATR-000540
atores,camara:74517,ATR-000541
atores,senado:3823,ATR-000541
atores,camara:74520,ATR-000542
atores,camara:74521,ATR-000543
atores,camara:74527,ATR-000544
atores,camara:74528,ATR-000545
atores,camara:74533,ATR-000546
atores,camara:74534,ATR-000547
atores,camara:74535,ATR-000548
atores,camara:74537,ATR-000549
atores,camara:74538,ATR-000550
atores,camara:74542,ATR-000551
atores,camara:74544,ATR-000552
atores,camara:74547,ATR-000553
atores,camara:74549,ATR-000554
atores,camara:74550,ATR-000555
atores,camara:74552,ATR-000556
atores,camara:74553,ATR-000557
atores,camara:74554,ATR-000558
atores,camara:74556,ATR-000559
atores,camara:74557,ATR-000560
atores,camara:74558,ATR-000561
atores,camara:74559,ATR-000562
atores,camara:74562,ATR-000563
atores,camara:74563,ATR-000564
atores,camara:74566,ATR-000565
atores,camara:74567,ATR-000566
atores,camara:74568,ATR-000567
atores,camara:74570,ATR-000568
atores,camara:74571,ATR-000569
atores,camara:74574,ATR-000570
atores,camara:74577,ATR-000571
atores,camara:74578,ATR-000572
atores,camara:74579,ATR-000573
atores,camara:74580,ATR-000574
atores,camara:74581,ATR-000575
atores,camara:74584,ATR-000576
atores,camara:74585,ATR-000577
atores,camara:74586,ATR-000578
atores,camara:74587,ATR-000579
atores,camara:74590,ATR-000580
atores,camara:74591,ATR-000581
atores,camara:74592,ATR-000582
atores,camara:74593,ATR-000583
atores,camara:74634,ATR-000584
atores,camara:74635,ATR-000585
atores,camara:74637,ATR-000586
atores,camara:74640,ATR-000587
atores,camara:74641,ATR-000588
atores,camara:74646,ATR-000589
atores,senado:391,ATR-000589
atores,camara:74648,ATR-000590
atores,camara:74650,ATR-000591
atores,camara:74651,ATR-000592
atores,camara:74654,ATR-000593
atores,camara:74655,ATR-000594
atores,camara:74657,ATR-000595
atores,senado:394,ATR-000595
atores,camara:74658,ATR-000596
atores,camara:74660,ATR-000597
atores,camara:74662,ATR-000598
atores,camara:74663,ATR-000599
atores,camara:74665,ATR-000600
atores,camara:74671,ATR-000601
atores,camara:74675,ATR-000602
atores,camara:74676,ATR-000603
atores,camara:74680,ATR-000604
atores,camara:74683,ATR-000605
atores,camara:74686,ATR-000606
atores,camara:74688,ATR-000607
atores,camara:74690,ATR-000608
atores,camara:74692,ATR-000609
atores,camara:74693,ATR-000610
atores,camara:74696,ATR-000611
atores,camara:74699,ATR-000612
atores,camara:74700,ATR-000613
atores,camara:74701,ATR-000614
atores,camara:74702,ATR-000615
atores,camara:74705,ATR-000616
atores,camara:74741,ATR-000617
atores,camara:74742,ATR-000618
atores,senado:415,ATR-000618
atores,camara:74744,ATR-000619
atores,camara:74745,ATR-000620
atores,camara:74747,ATR-000621
atores,camara:74749,ATR-000622
atores,camara:74750,ATR-000623
atores,camara:74751,ATR-000624
atores,camara:74752,ATR-000625
atores,camara:74753,ATR-000626
atores,camara:74754,ATR-000627
atores,camara:74756,ATR-000628
atores,camara:74758,ATR-000629
atores,camara:74759,ATR-000630
atores,camara:74762,ATR-000631
atores,camara:74763,ATR-000632
atores,camara:74765,ATR-000633
atores,camara:74768,ATR-000634
atores,camara:74771,ATR-000635
atores,camara:74776,ATR-000636
atores,camara:74777,ATR-000637
atores,camara:74778,ATR-000638
atores,camara:74779,ATR-000639
atores,camara:74780,ATR-000640
atores,camara:74781,ATR-000641
atores,camara:74782,ATR-000642
atores,camara:74783,ATR-000643
atores,camara:74784,ATR-000644
atores,camara:74786,ATR-000645
atores,camara:74787,ATR-000646
atores,camara:74790,ATR-000647
atores,camara:74791,ATR-000648
atores,camara:74792,ATR-000649
atores,camara:74793,ATR-000650
atores,camara:74797,ATR-000651
atores,camara:74799,ATR-000652
atores,camara:74800,ATR-000653
atores,camara:74801,ATR-000654
atores,camara:74802,ATR-000655
atores,camara:74806,ATR-000656
atores,camara:74810,ATR-000657
atores,camara:74812,ATR-000658
atores,senado:453,ATR-000658
atores,camara:74813,ATR-000659
atores,senado:456,ATR-000659
atores,camara:74828,ATR-000660
atores,camara:74829,ATR-000661
atores,camara:74830,ATR-000662
atores,camara:74833,ATR-000663
atores,senado:751,ATR-000663
atores,camara:74835,ATR-000664
atores,camara:74838,ATR-000665
atores,camara:74841,ATR-000666
atores,camara:74842,ATR-000667
atores,camara:74843,ATR-000668
atores,camara:74844,ATR-000669
atores,senado:765,ATR-000669
atores,camara:74846,ATR-000670
atores,camara:74847,ATR-000671
atores,camara:74848,ATR-000672
atores,camara:74856,ATR-000673
atores,camara:74858,ATR-000674
atores,senado:3695,ATR-000674
atores,camara:74860,ATR-000675
atores,camara:74862,ATR-000676
atores,camara:74863,ATR-000677
atores,camara:75431,ATR-000678
atores,camara:76287,ATR-000679
atores,camara:76420,ATR-000680
atores,camara:76874,ATR-000681
atores,camara:77003,ATR-000682
atores,camara:77701,ATR-000683
atores,camara:80815,ATR-000684
atores,camara:80920,ATR-000685
atores,camara:81055,ATR-000686
atores,camara:81232,ATR-000687
atores,camara:81297,ATR-000688
atores,camara:81366,ATR-000689
atores,camara:81512,ATR-000690
atores,camara:86634,ATR-000691
atores,camara:88256,ATR-000692
atores,camara:88950,ATR-000693
atores,camara:89282,ATR-000694
atores,senado:5236,ATR-000694
atores,camara:89536,ATR-000695
atores,camara:90201,ATR-000696
atores,camara:90842,ATR-000697
atores,camara:91208,ATR-000698
atores,camara:91228,ATR-000699
atores,senado:5914,ATR-000699
atores,camara:92102,ATR-000700
atores,camara:92172,ATR-000701
atores,camara:92346,ATR-000702
atores,camara:92355,ATR-000703
atores,camara:92699,ATR-000704
atores,camara:92776,ATR-000705
atores,camara:93083,ATR-000706
atores,camara:93472,ATR-000707
atores,camara:94931,ATR-000708
atores,camara:97707,ATR-000709
atores,senado:740,ATR-000709
atores,camara:97822,ATR-000710
atores,camara:98057,ATR-000711
atores,camara:98148,ATR-000712
atores,camara:98615,ATR-000713
atores,camara:99654,ATR-000714
atores,camara:100689,ATR-000715
atores,camara:101309,ATR-000716
atores,senado:5837,ATR-000716
atores,camara:103758,ATR-000717
atores,camara:104254,ATR-000718
atores,camara:104552,ATR-000719
atores,camara:105112,ATR-000720
atores,camara:105534,ATR-000721
atores,camara:107283,ATR-000722
atores,senado:5006,ATR-000722
atores,camara:107970,ATR-000723
atores,camara:108338,ATR-000724
atores,camara:109152,ATR-000725
atores,camara:109372,ATR-000726
atores,camara:109429,ATR-000727
atores,camara:112437,ATR-000728
atores,camara:113247,ATR-000729
atores,camara:114586,ATR-000730
atores,camara:114941,ATR-000731
atores,camara:115200,ATR-000732
atores,camara:115746,ATR-000733
atores,camara:115899,ATR-000734
atores,camara:116379,ATR-000735
atores,camara:116663,ATR-000736
atores,camara:118384,ATR-000737
atores,camara:118594,ATR-000738
atores,camara:121759,ATR-000739
atores,camara:121948,ATR-000740
atores,camara:122158,ATR-000741
atores,camara:122195,ATR-000742
atores,camara:122466,ATR-000743
atores,camara:122974,ATR-000744
atores,camara:123086,ATR-000745
atores,camara:123756,ATR-000746
atores,camara:124411,ATR-000747
atores,camara:128760,ATR-000748
atores,camara:129037,ATR-000749
atores,camara:129617,ATR-000750
atores,camara:129618,ATR-000751
atores,camara:131711,ATR-000752
atores,camara:131873,ATR-000753
atores,camara:131943,ATR-000754
atores,senado:4545,ATR-000754
atores,camara:131966,ATR-000755
atores,camara:132056,ATR-000756
atores,camara:132504,ATR-000757
atores,camara:133370,ATR-000758
atores,camara:133371,ATR-000759
atores,camara:133372,ATR-000760
atores,camara:133373,ATR-000761
atores,camara:133374,ATR-000762
atores,camara:133375,ATR-000763
atores,camara:133376,ATR-000764
atores,camara:133377,ATR-000765
atores,camara:133439,ATR-000766
atores,camara:133440,ATR-000767
atores,camara:133658,ATR-000768
atores,camara:133810,ATR-000769
atores,camara:133853,ATR-000770
atores,camara:133968,ATR-000771
atores,camara:134115,ATR-000772
atores,camara:134116,ATR-000773
atores,camara:134812,ATR-000774
atores,camara:134893,ATR-000775
atores,camara:135054,ATR-000776
atores,camara:135476,ATR-000777
atores,camara:136226,ATR-000778
atores,camara:136377,ATR-000779
atores,camara:136811,ATR-000780
atores,camara:137070,ATR-000781
atores,camara:137116,ATR-000782
atores,camara:137578,ATR-000783
atores,camara:137759,ATR-000784
atores,camara:137853,ATR-000785
atores,camara:137983,ATR-000786
atores,camara:138286,ATR-000787
atores,camara:138512,ATR-000788
atores,camara:139133,ATR-000789
atores,camara:139187,ATR-000790
atores,camara:139212,ATR-000791
atores,camara:139285,ATR-000792
atores,senado:4575,ATR-000792
atores,camara:139311,ATR-000793
atores,camara:140241,ATR-000794
atores,camara:141057,ATR-000795
atores,camara:141331,ATR-000796
atores,camara:141334,ATR-000797
atores,camara:141335,ATR-000798
atores,senado:4639,ATR-000798
atores,camara:141336,ATR-000799
atores,camara:141337,ATR-000800
atores,camara:141344,ATR-000801
atores,camara:141371,ATR-000802
atores,camara:141372,ATR-000803
atores,senado:1091,ATR-000803
atores,camara:141373,ATR-000804
atores,camara:141374,ATR-000805
atores,senado:4610,ATR-000805
atores,camara:141375,ATR-000806
atores,camara:141376,ATR-000807
atores,camara:141377,ATR-000808
atores,camara:141378,ATR-000809
atores,camara:141379,ATR-000810
atores,camara:141380,ATR-000811
atores,senado:4697,ATR-000811
atores,camara:141381,ATR-000812
atores,camara:141382,ATR-000813
atores,camara:141383,ATR-000814
atores,camara:141384,ATR-000815
atores,camara:141385,ATR-000816
atores,camara:141386,ATR-000817
atores,camara:141387,ATR-000818
atores,camara:141388,ATR-000819
atores,camara:141389,ATR-000820
atores,camara:141390,ATR-000821
atores,camara:141391,ATR-000822
atores,camara:141392,ATR-000823
atores,camara:141393,ATR-000824
atores,camara:141394,ATR-000825
atores,camara:141395,ATR-000826
atores,camara:141396,ATR-000827
atores,camara:141397,ATR-000828
atores,camara:141398,ATR-000829
atores,camara:141399,ATR-000830
atores,camara:141400,ATR-000831
atores,camara:141401,ATR-000832
atores,camara:141402,ATR-000833
atores,camara:141403,ATR-000834
atores,camara:141404,ATR-000835
atores,camara:141405,ATR-000836
atores,camara:141406,ATR-000837
atores,camara:141407,ATR-000838
atores,camara:141408,ATR-000839
atores,camara:141409,ATR-000840
atores,camara:141410,ATR-000841
atores,camara:141411,ATR-000842
atores,camara:141412,ATR-000843
atores,camara:141413,ATR-000844
atores,camara:141414,ATR-000845
atores,camara:141415,ATR-000846
atores,camara:141416,ATR-000847
atores,camara:141417,ATR-000848
atores,camara:141418,ATR-000849
atores,camara:141419,ATR-000850
atores,camara:141420,ATR-000851
atores,senado:4721,ATR-000851
atores,camara:141421,ATR-000852
atores,camara:141422,ATR-000853
atores,senado:4642,ATR-000853
atores,camara:141423,ATR-000854
atores,camara:141424,ATR-000855
atores,camara:141425,ATR-000856
atores,camara:141426,ATR-000857
atores,camara:141427,ATR-000858
atores,camara:141428,ATR-000859
atores,camara:141429,ATR-000860
atores,camara:141430,ATR-000861
atores,camara:141431,ATR-000862
atores,camara:141432,ATR-000863
atores,camara:141433,ATR-000864
atores,camara:141434,ATR-000865
atores,camara:141435,ATR-000866
atores,camara:141436,ATR-000867
atores,senado:4605,ATR-000867
atores,camara:141437,ATR-000868
atores,camara:141438,ATR-000869
atores,camara:141439,ATR-000870
atores,camara:141440,ATR-000871
atores,camara:141441,ATR-000872
atores,camara:141442,ATR-000873
atores,camara:141443,ATR-000874
atores,camara:141444,ATR-000875
atores,camara:141445,ATR-000876
atores,camara:141446,ATR-000877
atores,senado:4558,ATR-000877
atores,camara:141447,ATR-000878
atores,camara:141448,ATR-000879
atores,camara:141449,ATR-000880
atores,camara:141450,ATR-000881
atores,camara:141451,ATR-000882
atores,camara:141452,ATR-000883
atores,camara:141453,ATR-000884
atores,senado:1042,ATR-000884
atores,camara:141454,ATR-000885
atores,camara:141455,ATR-000886
atores,camara:141456,ATR-000887
atores,camara:141457,ATR-000888
atores,camara:141458,ATR-000889
atores,camara:141459,ATR-000890
atores,camara:141460,ATR-000891
atores,camara:141461,ATR-000892
atores,camara:141462,ATR-000893
atores,camara:141463,ATR-000894
atores,camara:141464,ATR-000895
atores,camara:141465,ATR-000896
atores,senado:4606,ATR-000896
atores,camara:141466,ATR-000897
atores,camara:141467,ATR-000898
atores,camara:141468,ATR-000899
atores,camara:141469,ATR-000900
atores,camara:141470,ATR-000901
atores,camara:141471,ATR-000902
atores,camara:141472,ATR-000903
atores,camara:141473,ATR-000904
atores,camara:141474,ATR-000905
atores,camara:141475,ATR-000906
atores,camara:141476,ATR-000907
atores,camara:141477,ATR-000908
atores,camara:141478,ATR-000909
atores,camara:141479,ATR-000910
atores,camara:141480,ATR-000911
atores,camara:141481,ATR-000912
atores,camara:141482,ATR-000913
atores,camara:141483,ATR-000914
atores,camara:141484,ATR-000915
atores,camara:141485,ATR-000916
atores,camara:141486,ATR-000917
atores,camara:141487,ATR-000918
atores,camara:141488,ATR-000919
atores,camara:141489,ATR-000920
atores,camara:141490,ATR-000921
atores,camara:141491,ATR-000922
atores,camara:141492,ATR-000923
atores,camara:141493,ATR-000924
atores,camara:141494,ATR-000925
atores,camara:141495,ATR-000926
atores,camara:141496,ATR-000927
atores,camara:141497,ATR-000928
atores,camara:141498,ATR-000929
atores,camara:141499,ATR-000930
atores,camara:141500,ATR-000931
atores,camara:141501,ATR-000932
atores,camara:141502,ATR-000933
atores,camara:141503,ATR-000934
atores,camara:141504,ATR-000935
atores,camara:141505,ATR-000936
atores,camara:141506,ATR-000937
atores,camara:141507,ATR-000938
atores,camara:141508,ATR-000939
atores,camara:141509,ATR-000940
atores,camara:141510,ATR-000941
atores,camara:141511,ATR-000942
atores,camara:141512,ATR-000943
atores,camara:141513,ATR-000944
atores,camara:141514,ATR-000945
atores,camara:141515,ATR-000946
atores,camara:141516,ATR-000947
atores,camara:141517,ATR-000948
atores,camara:141518,ATR-000949
atores,camara:141519,ATR-000950
atores,camara:141520,ATR-000951
atores,camara:141521,ATR-000952
atores,camara:141522,ATR-000953
atores,camara:141523,ATR-000954
atores,camara:141524,ATR-000955
atores,camara:141525,ATR-000956
atores,camara:141526,ATR-000957
atores,camara:141527,ATR-000958
atores,camara:141528,ATR-000959
atores,camara:141529,ATR-000960
atores,camara:141530,ATR-000961
atores,camara:141531,ATR-000962
atores,camara:141532,ATR-000963
atores,camara:141533,ATR-000964
atores,senado:4593,ATR-000964
atores,camara:141534,ATR-000965
atores,camara:141535,ATR-000966
atores,senado:4694,ATR-000966
atores,camara:141536,ATR-000967
atores,camara:141537,ATR-000968
atores,camara:141538,ATR-000969
atores,camara:141539,ATR-000970
atores,camara:141540,ATR-000971
atores,camara:141541,ATR-000972
atores,senado:4560,ATR-000972
atores,camara:141542,ATR-000973
atores,camara:141543,ATR-000974
atores,camara:141545,ATR-000975
atores,camara:141546,ATR-000976
atores,camara:141547,ATR-000977
atores,camara:141548,ATR-000978
atores,camara:141549,ATR-000979
atores,camara:141550,ATR-000980
atores,camara:141551,ATR-000981
atores,camara:141552,ATR-000982
atores,camara:141553,ATR-000983
atores,camara:141554,ATR-000984
atores,senado:4763,ATR-000984
atores,camara:141555,ATR-000985
atores,camara:141556,ATR-000986
atores,senado:4645,ATR-000986
atores,camara:141557,ATR-000987
atores,camara:141558,ATR-000988
atores,camara:141559,ATR-000989
atores,camara:141560,ATR-000990
atores,camara:141561,ATR-000991
atores,camara:141562,ATR-000992
atores,camara:141563,ATR-000993
atores,camara:141870,ATR-000994
atores,camara:143084,ATR-000995
atores,camara:143253,ATR-000996
atores,camara:143254,ATR-000997
atores,camara:143632,ATR-000998
atores,camara:143942,ATR-000999
atores,camara:144523,ATR-001000
atores,camara:145895,ATR-001001
atores,camara:146307,ATR-001002
atores,camara:146308,ATR-001003
atores,camara:146613,ATR-001004
atores,camara:146788,ATR-001005
atores,camara:146829,ATR-001006
atores,camara:146949,ATR-001007
atores,camara:147653,ATR-001008
atores,camara:147975,ATR-001009
atores,camara:148134,ATR-001010
atores,camara:148295,ATR-001011
atores,camara:149293,ATR-001012
atores,camara:149327,ATR-001013
atores,camara:150418,ATR-001014
atores,camara:150634,ATR-001015
atores,camara:150635,ATR-001016
atores,camara:150876,ATR-001017
atores,camara:151208,ATR-001018
atores,senado:4811,ATR-001018
atores,camara:151214,ATR-001019
atores,camara:151249,ATR-001020
atores,camara:151965,ATR-001021
atores,camara:152605,ATR-001022
atores,camara:152606,ATR-001023
atores,camara:152607,ATR-001024
atores,camara:152608,ATR-001025
atores,camara:152609,ATR-001026
atores,camara:152610,ATR-001027
atores,camara:152611,ATR-001028
atores,camara:152865,ATR-001029
atores,camara:153384,ATR-001030
atores,camara:153423,ATR-001031
atores,camara:154178,ATR-001032
atores,camara:154417,ATR-001033
atores,camara:154700,ATR-001034
atores,camara:154734,ATR-001035
atores,camara:154739,ATR-001036
atores,camara:154919,ATR-001037
atores,camara:154996,ATR-001038
atores,camara:154997,ATR-001039
atores,camara:155920,ATR-001040
atores,camara:156190,ATR-001041
atores,camara:156634,ATR-001042
atores,senado:4979,ATR-001042
atores,camara:157130,ATR-001043
atores,camara:157225,ATR-001044
atores,camara:158328,ATR-001045
atores,camara:159058,ATR-001046
atores,camara:159237,ATR-001047
atores,camara:159238,ATR-001048
atores,camara:159257,ATR-001049
atores,camara:159258,ATR-001050
atores,camara:159259,ATR-001051
atores,camara:159260,ATR-001052
atores,camara:159261,ATR-001053
atores,camara:159262,ATR-001054
atores,camara:159263,ATR-001055
atores,camara:159264,ATR-001056
atores,camara:159265,ATR-001057
atores,camara:160161,ATR-001058
atores,camara:160317,ATR-001059
atores,camara:160318,ATR-001060
atores,camara:160365,ATR-001061
atores,camara:160396,ATR-001062
atores,camara:160426,ATR-001063
atores,camara:160508,ATR-001064
atores,camara:160509,ATR-001065
atores,senado:5350,ATR-001065
atores,camara:160510,ATR-001066
atores,camara:160511,ATR-001067
atores,camara:160512,ATR-001068
atores,camara:160513,ATR-001069
atores,camara:160514,ATR-001070
atores,camara:160515,ATR-001071
atores,camara:160516,ATR-001072
atores,camara:160517,ATR-001073
atores,camara:160518,ATR-001074
atores,camara:160519,ATR-001075
atores,camara:160520,ATR-001076
atores,camara:160527,ATR-001077
atores,camara:160528,ATR-001078
atores,camara:160529,ATR-001079
atores,camara:160530,ATR-001080
atores,camara:160531,ATR-001081
atores,camara:160532,ATR-001082
atores,camara:160533,ATR-001083
atores,camara:160534,ATR-001084
atores,camara:160535,ATR-001085
atores,camara:160536,ATR-001086
atores,camara:160537,ATR-001087
atores,camara:160538,ATR-001088
atores,camara:160539,ATR-001089
atores,camara:160540,ATR-001090
atores,camara:160541,ATR-001091
atores,camara:160542,ATR-001092
atores,camara:160543,ATR-001093
atores,camara:160544,ATR-001094
atores,camara:160545,ATR-001095
atores,camara:160546,ATR-001096
atores,camara:160547,ATR-001097
atores,camara:160548,ATR-001098
atores,camara:160549,ATR-001099
atores,camara:160550,ATR-001100
atores,camara:160551,ATR-001101
atores,camara:160552,ATR-001102
atores,camara:160553,ATR-001103
atores,camara:160554,ATR-001104
atores,camara:160555,ATR-001105
atores,camara:160556,ATR-001106
atores,camara:160557,ATR-001107
atores,camara:160558,ATR-001108
atores,camara:160559,ATR-001109
atores,camara:160560,ATR-001110
atores,camara:160561,ATR-001111
atores,camara:160562,ATR-001112
atores,camara:160563,ATR-001113
atores,camara:160564,ATR-001114
atores,senado:5281,ATR-001114
atores,camara:160565,ATR-001115
atores,senado:5376,ATR-001115
atores,camara:160566,ATR-001116
atores,camara:160567,ATR-001117
atores,camara:160568,ATR-001118
atores,senado:5352,ATR-001118
atores,camara:160569,ATR-001119
atores,camara:160570,ATR-001120
atores,camara:160571,ATR-001121
atores,camara:160572,ATR-001122
atores,camara:160573,ATR-001123
atores,camara:160574,ATR-001124
atores,camara:160575,ATR-001125
atores,camara:160576,ATR-001126
atores,camara:160577,ATR-001127
atores,camara:160578,ATR-001128
atores,camara:160579,ATR-001129
atores,camara:160580,ATR-001130
atores,camara:160581,ATR-001131
atores,camara:160582,ATR-001132
atores,camara:160584,ATR-001133
atores,camara:160585,ATR-001134
atores,camara:160586,ATR-001135
atores,camara:160587,ATR-001136
atores,camara:160588,ATR-001137
atores,camara:160589,ATR-001138
atores,camara:160590,ATR-001139
atores,camara:160591,ATR-001140
atores,camara:160592,ATR-001141
atores,camara:160593,ATR-001142
atores,camara:160594,ATR-001143
atores,camara:160595,ATR-001144
atores,camara:160596,ATR-001145
atores,camara:160597,ATR-001146
atores,senado:5322,ATR-001146
atores,camara:160598,ATR-001147
atores,camara:160599,ATR-001148
atores,camara:160600,ATR-001149
atores,camara:160601,ATR-001150
atores,camara:160602,ATR-001151
atores,camara:160603,ATR-001152
atores,camara:160604,ATR-001153
atores,camara:160605,ATR-001154
atores,camara:160606,ATR-001155
atores,camara:160607,ATR-001156
atores,camara:160608,ATR-001157
atores,camara:160609,ATR-001158
atores,camara:160610,ATR-001159
atores,camara:160611,ATR-001160
atores,camara:160612,ATR-001161
atores,camara:160613,ATR-001162
atores,senado:3532,ATR-001162
atores,camara:160614,ATR-001163
atores,camara:160615,ATR-001164
atores,camara:160616,ATR-001165
atores,camara:160617,ATR-001166
atores,camara:160618,ATR-001167
atores,camara:160619,ATR-001168
atores,camara:160620,ATR-001169
atores,camara:160621,ATR-001170
atores,camara:160622,ATR-001171
atores,camara:160623,ATR-001172
atores,senado:5207,ATR-001172
atores,camara:160624,ATR-001173
atores,camara:160625,ATR-001174
atores,camara:160626,ATR-001175
atores,senado:3433,ATR-001175
atores,camara:160627,ATR-001176
atores,camara:160628,ATR-001177
atores,camara:160629,ATR-001178
atores,camara:160630,ATR-001179
atores,camara:160631,ATR-001180
atores,camara:160632,ATR-001181
atores,camara:160633,ATR-001182
atores,camara:160634,ATR-001183
atores,camara:160635,ATR-001184
atores,camara:160636,ATR-001185
atores,camara:160637,ATR-001186
atores,camara:160638,ATR-001187
atores,camara:160639,ATR-001188
atores,camara:160640,ATR-001189
atores,camara:160641,ATR-001190
atores,camara:160642,ATR-001191
atores,camara:160643,ATR-001192
atores,camara:160644,ATR-001193
atores,camara:160645,ATR-001194
atores,camara:160646,ATR-001195
atores,camara:160647,ATR-001196
atores,senado:3400,ATR-001196
atores,camara:160648,ATR-001197
atores,camara:160649,ATR-001198
atores,senado:22,ATR-001198
atores,camara:160650,ATR-001199
atores,camara:160651,ATR-001200
atores,camara:160652,ATR-001201
atores,camara:160653,ATR-001202
atores,camara:160654,ATR-001203
atores,senado:5257,ATR-001203
atores,camara:160655,ATR-001204
atores,camara:160656,ATR-001205
atores,camara:160657,ATR-001206
atores,camara:160658,ATR-001207
atores,camara:160659,ATR-001208
atores,camara:160660,ATR-001209
atores,camara:160661,ATR-001210
atores,camara:160662,ATR-001211
atores,camara:160663,ATR-001212
atores,camara:160664,ATR-001213
atores,camara:160665,ATR-001214
atores,camara:160666,ATR-001215
atores,camara:160667,ATR-001216
atores,camara:160668,ATR-001217
atores,camara:160669,ATR-001218
atores,camara:160670,ATR-001219
atores,camara:160671,ATR-001220
atores,camara:160672,ATR-001221
atores,camara:160673,ATR-001222
atores,camara:160674,ATR-001223
atores,camara:160675,ATR-001224
atores,camara:160676,ATR-001225
atores,camara:160677,ATR-001226
atores,camara:160678,ATR-001227
atores,camara:160679,ATR-001228
atores,camara:160680,ATR-001229
atores,camara:160758,ATR-001230
atores,camara:160974,ATR-001231
atores,camara:160976,ATR-001232
atores,camara:161440,ATR-001233
atores,camara:161550,ATR-001234
atores,camara:161903,ATR-001235
atores,camara:161904,ATR-001236
atores,camara:161905,ATR-001237
atores,camara:161906,ATR-001238
atores,senado:947,ATR-001238
atores,camara:161907,ATR-001239
atores,camara:161962,ATR-001240
atores,camara:162067,ATR-001241
atores,camara:162174,ATR-001242
atores,camara:162175,ATR-001243
atores,camara:162332,ATR-001244
atores,camara:162490,ATR-001245
atores,camara:163321,ATR-001246
atores,camara:163322,ATR-001247
atores,camara:163831,ATR-001248
atores,camara:164359,ATR-001249
atores,camara:164360,ATR-001250
atores,camara:164361,ATR-001251
atores,camara:165429,ATR-001252
atores,camara:165470,ATR-001253
atores,camara:165583,ATR-001254
atores,camara:165675,ATR-001255
atores,camara:166401,ATR-001256
atores,camara:166402,ATR-001257
atores,camara:166727,ATR-001258
atores,camara:167493,ATR-001259
atores,camara:167614,ATR-001260
atores,camara:167617,ATR-001261
atores,camara:167707,ATR-001262
atores,camara:167722,ATR-001263
atores,senado:5422,ATR-001263
atores,camara:168034,ATR-001264
atores,camara:168175,ATR-001265
atores,camara:168253,ATR-001266
atores,camara:168447,ATR-001267
atores,camara:169553,ATR-001268
atores,camara:169711,ATR-001269
atores,camara:169712,ATR-001270
atores,camara:169868,ATR-001271
atores,camara:170489,ATR-001272
atores,camara:170673,ATR-001273
atores,camara:171139,ATR-001274
atores,camara:171617,ATR-001275
atores,camara:171618,ATR-001276
atores,camara:171619,ATR-001277
atores,camara:171620,ATR-001278
atores,camara:171621,ATR-001279
atores,camara:171622,ATR-001280
atores,camara:171623,ATR-001281
atores,camara:171782,ATR-001282
atores,camara:171786,ATR-001283
atores,camara:172029,ATR-001284
atores,camara:172711,ATR-001285
atores,senado:5502,ATR-001285
atores,camara:172945,ATR-001286
atores,camara:173262,ATR-001287
atores,camara:173269,ATR-001288
atores,camara:173802,ATR-001289
atores,camara:174314,ATR-001290
atores,camara:174854,ATR-001291
atores,camara:174861,ATR-001292
atores,senado:1025,ATR-001292
atores,camara:175212,ATR-001293
atores,camara:175737,ATR-001294
atores,camara:175765,ATR-001295
atores,camara:176120,ATR-001296
atores,camara:176794,ATR-001297
atores,camara:177118,ATR-001298
atores,camara:177282,ATR-001299
atores,camara:178387,ATR-001300
atores,camara:178802,ATR-001301
atores,camara:178821,ATR-001302
atores,camara:178825,ATR-001303
atores,camara:178826,ATR-001304
atores,senado:5666,ATR-001304
atores,camara:178827,ATR-001305
atores,camara:178828,ATR-001306
atores,camara:178829,ATR-001307
atores,camara:178830,ATR-001308
atores,camara:178831,ATR-001309
atores,camara:178832,ATR-001310
atores,camara:178833,ATR-001311
atores,camara:178834,ATR-001312
atores,senado:5554,ATR-001312
atores,camara:178835,ATR-001313
atores,camara:178836,ATR-001314
atores,senado:5672,ATR-001314
atores,camara:178837,ATR-001315
atores,camara:178838,ATR-001316
atores,camara:178839,ATR-001317
atores,camara:178840,ATR-001318
atores,camara:178841,ATR-001319
atores,camara:178842,ATR-001320
atores,camara:178843,ATR-001321
atores,camara:178844,ATR-001322
atores,camara:178845,ATR-001323
atores,camara:178846,ATR-001324
atores,senado:4527,ATR-001324
atores,camara:178847,ATR-001325
atores,camara:178848,ATR-001326
atores,camara:178849,ATR-001327
atores,camara:178850,ATR-001328
atores,camara:178851,ATR-001329
atores,camara:178852,ATR-001330
atores,camara:178853,ATR-001331
atores,camara:178854,ATR-001332
atores,camara:178855,ATR-001333
atores,camara:178856,ATR-001334
atores,camara:178857,ATR-001335
atores,camara:178858,ATR-001336
atores,camara:178859,ATR-001337
atores,camara:178860,ATR-001338
atores,camara:178861,ATR-001339
atores,camara:178862,ATR-001340
atores,camara:178863,ATR-001341
atores,camara:178864,ATR-001342
atores,camara:178865,ATR-001343
atores,camara:178866,ATR-001344
atores,camara:178867,ATR-001345
atores,camara:178868,ATR-001346
atores,camara:178869,ATR-001347
atores,camara:178870,ATR-001348
atores,camara:178871,ATR-001349
atores,camara:178872,ATR-001350
atores,camara:178873,ATR-001351
atores,camara:178874,ATR-001352
atores,camara:178875,ATR-001353
atores,camara:178876,ATR-001354
atores,camara:178877,ATR-001355
atores,camara:178878,ATR-001356
atores,camara:178879,ATR-001357
atores,camara:178880,ATR-001358
atores,camara:178881,ATR-001359
atores,camara:178882,ATR-001360
atores,camara:178883,ATR-001361
atores,senado:5718,ATR-001361
atores,camara:178884,ATR-001362
atores,camara:178885,ATR-001363
atores,camara:178886,ATR-001364
atores,camara:178887,ATR-001365
atores,camara:178888,ATR-001366
atores,camara:178889,ATR-001367
atores,camara:178890,ATR-001368
atores,camara:178891,ATR-001369
atores,camara:178892,ATR-001370
atores,camara:178893,ATR-001371
atores,camara:178894,ATR-001372
atores,camara:178895,ATR-001373
atores,camara:178896,ATR-001374
atores,camara:178897,ATR-001375
atores,senado:5732,ATR-001375
atores,camara:178898,ATR-001376
atores,camara:178899,ATR-001377
atores,camara:178900,ATR-001378
atores,camara:178901,ATR-001379
atores,senado:5736,ATR-001379
atores,camara:178902,ATR-001380
atores,camara:178903,ATR-001381
atores,camara:178904,ATR-001382
atores,camara:178905,ATR-001383
atores,senado:5740,ATR-001383
atores,camara:178906,ATR-001384
atores,camara:178907,ATR-001385
atores,camara:178908,ATR-001386
atores,camara:178909,ATR-001387
atores,camara:178910,ATR-001388
atores,camara:178911,ATR-001389
atores,camara:178912,ATR-001390
atores,camara:178913,ATR-001391
atores,senado:5748,ATR-001391
atores,camara:178914,ATR-001392
atores,camara:178915,ATR-001393
atores,camara:178916,ATR-001394
atores,camara:178917,ATR-001395
atores,camara:178918,ATR-001396
atores,camara:178919,ATR-001397
atores,camara:178920,ATR-001398
atores,camara:178921,ATR-001399
atores,camara:178922,ATR-001400
atores,camara:178923,ATR-001401
atores,camara:178924,ATR-001402
atores,camara:178925,ATR-001403
atores,camara:178926,ATR-001404
atores,camara:178927,ATR-001405
atores,camara:178928,ATR-001406
atores,camara:178929,ATR-001407
atores,camara:178930,ATR-001408
atores,camara:178931,ATR-001409
atores,camara:178932,ATR-001410
atores,camara:178933,ATR-001411
atores,senado:5048,ATR-001411
atores,camara:178934,ATR-001412
atores,camara:178935,ATR-001413
atores,camara:178936,ATR-001414
atores,camara:178937,ATR-001415
atores,camara:178938,ATR-001416
atores,camara:178939,ATR-001417
atores,camara:178940,ATR-001418
atores,camara:178941,ATR-001419
atores,camara:178942,ATR-001420
atores,camara:178943,ATR-001421
atores,camara:178944,ATR-001422
atores,camara:178945,ATR-001423
atores,camara:178946,ATR-001424
atores,camara:178947,ATR-001425
atores,camara:178948,ATR-001426
atores,camara:178949,ATR-001427
atores,senado:5783,ATR-001427
atores,camara:178950,ATR-001428
atores,camara:178951,ATR-001429
atores,camara:178952,ATR-001430
atores,camara:178953,ATR-001431
atores,camara:178954,ATR-001432
atores,camara:178955,ATR-001433
atores,camara:178956,ATR-001434
atores,camara:178957,ATR-001435
atores,camara:178958,ATR-001436
atores,camara:178959,ATR-001437
atores,camara:178960,ATR-001438
atores,camara:178961,ATR-001439
atores,camara:178962,ATR-001440
atores,camara:178963,ATR-001441
atores,camara:178964,ATR-001442
atores,camara:178965,ATR-001443
atores,camara:178966,ATR-001444
atores,camara:178967,ATR-001445
atores,camara:178968,ATR-001446
atores,camara:178969,ATR-001447
atores,camara:178970,ATR-001448
atores,camara:178971,ATR-001449
atores,camara:178972,ATR-001450
atores,camara:178973,ATR-001451
atores,camara:178974,ATR-001452
atores,camara:178975,ATR-001453
atores,camara:178976,ATR-001454
atores,camara:178977,ATR-001455
atores,camara:178978,ATR-001456
atores,camara:178979,ATR-001457
atores,camara:178980,ATR-001458
atores,camara:178981,ATR-001459
atores,camara:178982,ATR-001460
atores,camara:178983,ATR-001461
atores,camara:178984,ATR-001462
atores,camara:178985,ATR-001463
atores,camara:178986,ATR-001464
atores,camara:178987,ATR-001465
atores,camara:178988,ATR-001466
atores,camara:178989,ATR-001467
atores,camara:178990,ATR-001468
atores,camara:178991,ATR-001469
atores,camara:178992,ATR-001470
atores,camara:178993,ATR-001471
atores,camara:178994,ATR-001472
atores,camara:178995,ATR-001473
atores,camara:178996,ATR-001474
atores,camara:178997,ATR-001475
atores,camara:178998,ATR-001476
atores,camara:178999,ATR-001477
atores,camara:179000,ATR-001478
atores,camara:179001,ATR-001479
atores,camara:179379,ATR-001480
atores,camara:179380,ATR-001481
atores,camara:179381,ATR-001482
atores,camara:179382,ATR-001483
atores,camara:179383,ATR-001484
atores,camara:179384,ATR-001485
atores,camara:179385,ATR-001486
atores,camara:179386,ATR-001487
atores,camara:179387,ATR-001488
atores,senado:3583,ATR-001488
atores,camara:179587,ATR-001489
atores,camara:179880,ATR-001490
atores,camara:180018,ATR-001491
atores,camara:180214,ATR-001492
atores,camara:180545,ATR-001493
atores,camara:181315,ATR-001494
atores,camara:181316,ATR-001495
atores,camara:182146,ATR-001496
atores,camara:185500,ATR-001497
atores,camara:186775,ATR-001498
atores,camara:187008,ATR-001499
atores,camara:188097,ATR-001500
atores,camara:189593,ATR-001501
atores,camara:190149,ATR-001502
atores,camara:191684,ATR-001503
atores,camara:191923,ATR-001504
atores,camara:191945,ATR-001505
atores,camara:192120,ATR-001506
atores,camara:193066,ATR-001507
atores,camara:193069,ATR-001508
atores,camara:193165,ATR-001509
atores,camara:193726,ATR-001510
atores,camara:193982,ATR-001511
atores,camara:194258,ATR-001512
atores,camara:194259,ATR-001513
atores,camara:194260,ATR-001514
atores,camara:194261,ATR-001515
atores,camara:194262,ATR-001516
atores,camara:194340,ATR-001517
atores,camara:194592,ATR-001518
atores,senado:3578,ATR-001518
atores,camara:195143,ATR-001519
atores,senado:6366,ATR-001519
atores,camara:195278,ATR-001520
atores,camara:195581,ATR-001521
atores,camara:195826,ATR-001522
atores,camara:195866,ATR-001523
atores,camara:195997,ATR-001524
atores,camara:196357,ATR-001525
atores,camara:196358,ATR-001526
atores,camara:196359,ATR-001527
atores,camara:196378,ATR-001528
atores,camara:197438,ATR-001529
atores,camara:198197,ATR-001530
atores,camara:198198,ATR-001531
atores,camara:198783,ATR-001532
atores,camara:198963,ATR-001533
atores,camara:199809,ATR-001534
atores,camara:200153,ATR-001535
atores,camara:201357,ATR-001536
atores,camara:202063,ATR-001537
atores,camara:202915,ATR-001538
atores,camara:204011,ATR-001539
atores,camara:204351,ATR-001540
atores,camara:204352,ATR-001541
atores,camara:204353,ATR-001542
atores,camara:204354,ATR-001543
atores,camara:204355,ATR-001544
atores,camara:204356,ATR-001545
atores,camara:204357,ATR-001546
atores,camara:204358,ATR-001547
atores,camara:204359,ATR-001548
atores,camara:204360,ATR-001549
atores,camara:204361,ATR-001550
atores,camara:204362,ATR-001551
atores,camara:204363,ATR-001552
atores,camara:204364,ATR-001553
atores,camara:204365,ATR-001554
atores,camara:204366,ATR-001555
atores,camara:204367,ATR-001556
atores,camara:204368,ATR-001557
atores,camara:204369,ATR-001558
atores,camara:204370,ATR-001559
atores,camara:204371,ATR-001560
atores,camara:204372,ATR-001561
atores,camara:204373,ATR-001562
atores,camara:204374,ATR-001563
atores,camara:204375,ATR-001564
atores,camara:204376,ATR-001565
atores,camara:204377,ATR-001566
atores,camara:204378,ATR-001567
atores,camara:204379,ATR-001568
atores,camara:204380,ATR-001569
atores,camara:204381,ATR-001570
atores,camara:204382,ATR-001571
atores,camara:204383,ATR-001572
atores,camara:204384,ATR-001573
atores,camara:204385,ATR-001574
atores,camara:204386,ATR-001575
atores,camara:204387,ATR-001576
atores,camara:204388,ATR-001577
atores,camara:204389,ATR-001578
atores,camara:204390,ATR-001579
atores,camara:204391,ATR-001580
atores,camara:204392,ATR-001581
atores,camara:204393,ATR-001582
atores,camara:204394,ATR-001583
atores,camara:204395,ATR-001584
atores,camara:204396,ATR-001585
atores,camara:204397,ATR-001586
atores,camara:204398,ATR-001587
atores,camara:204399,ATR-001588
atores,camara:204400,ATR-001589
atores,camara:204403,ATR-001590
atores,camara:204404,ATR-001591
atores,camara:204405,ATR-001592
atores,senado:6112,ATR-001592
atores,camara:204406,ATR-001593
atores,camara:204407,ATR-001594
atores,camara:204408,ATR-001595
atores,camara:204409,ATR-001596
atores,camara:204410,ATR-001597
atores,camara:204411,ATR-001598
atores,camara:204412,ATR-001599
atores,camara:204413,ATR-001600
atores,camara:204414,ATR-001601
atores,camara:204415,ATR-001602
atores,camara:204416,ATR-001603
atores,camara:204418,ATR-001604
atores,camara:204419,ATR-001605
atores,camara:204420,ATR-001606
atores,camara:204421,ATR-001607
atores,camara:204422,ATR-001608
atores,camara:204423,ATR-001609
atores,camara:204425,ATR-001610
atores,camara:204426,ATR-001611
atores,camara:204427,ATR-001612
atores,camara:204428,ATR-001613
atores,camara:204429,ATR-001614
atores,camara:204430,ATR-001615
atores,camara:204431,ATR-001616
atores,camara:204432,ATR-001617
atores,camara:204433,ATR-001618
atores,camara:204434,ATR-001619
atores,camara:204435,ATR-001620
atores,camara:204436,ATR-001621
atores,camara:204437,ATR-001622
atores,camara:204438,ATR-001623
atores,camara:204439,ATR-001624
atores,camara:204440,ATR-001625
atores,camara:204441,ATR-001626
atores,camara:204442,ATR-001627
atores,camara:204444,ATR-001628
atores,camara:204445,ATR-001629
atores,camara:204446,ATR-001630
atores,camara:204447,ATR-001631
atores,camara:204448,ATR-001632
atores,camara:204449,ATR-001633
atores,camara:204450,ATR-001634
atores,camara:204451,ATR-001635
atores,camara:204452,ATR-001636
atores,camara:204453,ATR-001637
atores,camara:204454,ATR-001638
atores,camara:204455,ATR-001639
atores,camara:204456,ATR-001640
atores,camara:204457,ATR-001641
atores,camara:204458,ATR-001642
atores,camara:204459,ATR-001643
atores,camara:204460,ATR-001644
atores,camara:204461,ATR-001645
atores,camara:204462,ATR-001646
atores,camara:204463,ATR-001647
atores,camara:204464,ATR-001648
atores,camara:204465,ATR-001649
atores,camara:204466,ATR-001650
atores,camara:204467,ATR-001651
atores,camara:204468,ATR-001652
atores,camara:204469,ATR-001653
atores,camara:204471,ATR-001654
atores,camara:204472,ATR-001655
atores,senado:5112,ATR-001655
atores,camara:204473,ATR-001656
atores,camara:204474,ATR-001657
atores,camara:204475,ATR-001658
atores,camara:204476,ATR-001659
atores,camara:204477,ATR-001660
atores,camara:204478,ATR-001661
atores,camara:204479,ATR-001662
atores,camara:204480,ATR-001663
atores,camara:204481,ATR-001664
atores,camara:204482,ATR-001665
atores,camara:204483,ATR-001666
atores,camara:204484,ATR-001667
atores,camara:204485,ATR-001668
atores,camara:204486,ATR-001669
atores,camara:204487,ATR-001670
atores,camara:204488,ATR-001671
atores,camara:204489,ATR-001672
atores,camara:204490,ATR-001673
atores,camara:204491,ATR-001674
atores,camara:204492,ATR-001675
atores,camara:204494,ATR-001676
atores,camara:204495,ATR-001677
atores,camara:204496,ATR-001678
atores,camara:204497,ATR-001679
atores,camara:204498,ATR-001680
atores,camara:204499,ATR-001681
atores,camara:204500,ATR-001682
atores,camara:204501,ATR-001683
atores,camara:204502,ATR-001684
atores,camara:204503,ATR-001685
atores,camara:204504,ATR-001686
atores,camara:204505,ATR-001687
atores,camara:204506,ATR-001688
atores,camara:204507,ATR-001689
atores,camara:204508,ATR-001690
atores,camara:204509,ATR-001691
atores,camara:204510,ATR-001692
atores,camara:204511,ATR-001693
atores,camara:204512,ATR-001694
atores,camara:204513,ATR-001695
atores,camara:204514,ATR-001696
atores,camara:204515,ATR-001697
atores,camara:204516,ATR-001698
atores,camara:204517,ATR-001699
atores,camara:204518,ATR-001700
atores,camara:204519,ATR-001701
atores,camara:204520,ATR-001702
atores,camara:204521,ATR-001703
atores,camara:204522,ATR-001704
atores,camara:204523,ATR-001705
atores,camara:204524,ATR-001706
atores,camara:204525,ATR-001707
atores,camara:204526,ATR-001708
atores,camara:204527,ATR-001709
atores,camara:204528,ATR-001710
atores,camara:204529,ATR-001711
atores,camara:204530,ATR-001712
atores,camara:204531,ATR-001713
atores,camara:204532,ATR-001714
atores,camara:204533,ATR-001715
atores,camara:204534,ATR-001716
atores,camara:204535,ATR-001717
atores,camara:204536,ATR-001718
atores,camara:204537,ATR-001719
atores,camara:204538,ATR-001720
atores,camara:204539,ATR-001721
atores,camara:204540,ATR-001722
atores,camara:204541,ATR-001723
atores,camara:204542,ATR-001724
atores,camara:204543,ATR-001725
atores,camara:204544,ATR-001726
atores,camara:204545,ATR-001727
atores,camara:204546,ATR-001728
atores,camara:204547,ATR-001729
atores,camara:204548,ATR-001730
atores,camara:204549,ATR-001731
atores,camara:204550,ATR-001732
atores,camara:204551,ATR-001733
atores,camara:204552,ATR-001734
atores,camara:204553,ATR-001735
atores,camara:204554,ATR-001736
atores,camara:204555,ATR-001737
atores,camara:204556,ATR-001738
atores,camara:204557,ATR-001739
atores,camara:204558,ATR-001740
atores,camara:204559,ATR-001741
atores,camara:204560,ATR-001742
atores,camara:204561,ATR-001743
atores,camara:204562,ATR-001744
atores,camara:204563,ATR-001745
atores,camara:204564,ATR-001746
atores,camara:204565,ATR-001747
atores,camara:204566,ATR-001748
atores,camara:204567,ATR-001749
atores,camara:204569,ATR-001750
atores,camara:204570,ATR-001751
atores,camara:204571,ATR-001752
atores,camara:204572,ATR-001753
atores,camara:204573,ATR-001754
atores,camara:204574,ATR-001755
atores,camara:204575,ATR-001756
atores,camara:204576,ATR-001757
atores,camara:204651,ATR-001758
atores,camara:204760,ATR-001759
atores,camara:205234,ATR-001760
atores,camara:205297,ATR-001761
atores,camara:205298,ATR-001762
atores,camara:205302,ATR-001763
atores,camara:205303,ATR-001764
atores,camara:205476,ATR-001765
atores,camara:205535,ATR-001766
atores,camara:205548,ATR-001767
atores,camara:205550,ATR-001768
atores,camara:205863,ATR-001769
atores,camara:205865,ATR-001770
atores,camara:206018,ATR-001771
atores,camara:206231,ATR-001772
atores,camara:207176,ATR-001773
atores,camara:207309,ATR-001774
atores,camara:208297,ATR-001775
atores,camara:209189,ATR-001776
atores,camara:209787,ATR-001777
atores,camara:210989,ATR-001778
atores,camara:211498,ATR-001779
atores,camara:211649,ATR-001780
atores,camara:211866,ATR-001781
atores,camara:212504,ATR-001782
atores,camara:212625,ATR-001783
atores,camara:212749,ATR-001784
atores,camara:213274,ATR-001785
atores,camara:213679,ATR-001786
atores,camara:213762,ATR-001787
atores,camara:213854,ATR-001788
atores,camara:213856,ATR-001789
atores,camara:214445,ATR-001790
atores,camara:214477,ATR-001791
atores,camara:214694,ATR-001792
atores,camara:214865,ATR-001793
atores,camara:215042,ATR-001794
atores,camara:215043,ATR-001795
atores,camara:215044,ATR-001796
atores,camara:215045,ATR-001797
atores,camara:215361,ATR-001798
atores,camara:216198,ATR-001799
atores,camara:216313,ATR-001800
atores,camara:216544,ATR-001801
atores,camara:216545,ATR-001802
atores,camara:217036,ATR-001803
atores,camara:217330,ATR-001804
atores,camara:217480,ATR-001805
atores,camara:218086,ATR-001806
atores,camara:218245,ATR-001807
atores,camara:218741,ATR-001808
atores,camara:218879,ATR-001809
atores,camara:219568,ATR-001810
atores,camara:219585,ATR-001811
atores,camara:219592,ATR-001812
atores,camara:219599,ATR-001813
atores,camara:219920,ATR-001814
atores,camara:220008,ATR-001815
atores,camara:220526,ATR-001816
atores,camara:220527,ATR-001817
atores,camara:220528,ATR-001818
atores,camara:220529,ATR-001819
atores,camara:220530,ATR-001820
atores,camara:220531,ATR-001821
atores,camara:220532,ATR-001822
atores,camara:220533,ATR-001823
atores,camara:220534,ATR-001824
atores,camara:220536,ATR-001825
atores,camara:220537,ATR-001826
atores,camara:220538,ATR-001827
atores,camara:220539,ATR-001828
atores,camara:220540,ATR-001829
atores,camara:220542,ATR-001830
atores,camara:220543,ATR-001831
atores,camara:220544,ATR-001832
atores,camara:220545,ATR-001833
atores,camara:220546,ATR-001834
atores,senado:5986,ATR-001834
atores,camara:220547,ATR-001835
atores,camara:220548,ATR-001836
atores,camara:220549,ATR-001837
atores,camara:220550,ATR-001838
atores,camara:220551,ATR-001839
atores,camara:220552,ATR-001840
atores,camara:220553,ATR-001841
atores,camara:220554,ATR-001842
atores,camara:220555,ATR-001843
atores,camara:220556,ATR-001844
atores,camara:220557,ATR-001845
atores,camara:220558,ATR-001846
atores,camara:220559,ATR-001847
atores,camara:220560,ATR-001848
atores,camara:220561,ATR-001849
atores,camara:220563,ATR-001850
atores,camara:220564,ATR-001851
atores,camara:220565,ATR-001852
atores,camara:220566,ATR-001853
atores,camara:220567,ATR-001854
atores,camara:220568,ATR-001855
atores,camara:220569,ATR-001856
atores,camara:220570,ATR-001857
atores,camara:220571,ATR-001858
atores,camara:220572,ATR-001859
atores,camara:220573,ATR-001860
atores,camara:220574,ATR-001861
atores,camara:220575,ATR-001862
atores,camara:220576,ATR-001863
atores,camara:220577,ATR-001864
atores,camara:220578,ATR-001865
atores,camara:220579,ATR-001866
atores,camara:220580,ATR-001867
atores,camara:220581,ATR-001868
atores,camara:220582,ATR-001869
atores,camara:220583,ATR-001870
atores,camara:220584,ATR-001871
atores,camara:220585,ATR-001872
atores,camara:220586,ATR-001873
atores,camara:220587,ATR-001874
atores,camara:220588,ATR-001875
atores,camara:220589,ATR-001876
atores,senado:5902,ATR-001876
atores,camara:220590,ATR-001877
atores,camara:220591,ATR-001878
atores,camara:220592,ATR-001879
atores,camara:220593,ATR-001880
atores,camara:220594,ATR-001881
atores,camara:220595,ATR-001882
atores,camara:220596,ATR-001883
atores,camara:220597,ATR-001884
atores,camara:220598,ATR-001885
atores,camara:220599,ATR-001886
atores,senado:3366,ATR-001886
atores,camara:220600,ATR-001887
atores,camara:220601,ATR-001888
atores,camara:220602,ATR-001889
atores,camara:220603,ATR-001890
atores,camara:220604,ATR-001891
atores,camara:220605,ATR-001892
atores,camara:220606,ATR-001893
atores,camara:220607,ATR-001894
atores,camara:220608,ATR-001895
atores,camara:220609,ATR-001896
atores,camara:220610,ATR-001897
atores,camara:220611,ATR-001898
atores,camara:220612,ATR-001899
atores,camara:220613,ATR-001900
atores,camara:220614,ATR-001901
atores,camara:220615,ATR-001902
atores,camara:220616,ATR-001903
atores,camara:220617,ATR-001904
atores,camara:220618,ATR-001905
atores,camara:220619,ATR-001906
atores,camara:220620,ATR-001907
atores,camara:220621,ATR-001908
atores,camara:220622,ATR-001909
atores,camara:220623,ATR-001910
atores,camara:220624,ATR-001911
atores,camara:220625,ATR-001912
atores,camara:220626,ATR-001913
atores,camara:220627,ATR-001914
atores,camara:220628,ATR-001915
atores,camara:220629,ATR-001916
atores,camara:220630,ATR-001917
atores,camara:220631,ATR-001918
atores,camara:220632,ATR-001919
atores,camara:220633,ATR-001920
atores,camara:220634,ATR-001921
atores,camara:220635,ATR-001922
atores,camara:220636,ATR-001923
atores,camara:220637,ATR-001924
atores,camara:220638,ATR-001925
atores,senado:5150,ATR-001925
atores,camara:220639,ATR-001926
atores,camara:220640,ATR-001927
atores,camara:220641,ATR-001928
atores,camara:220642,ATR-001929
atores,camara:220643,ATR-001930
atores,camara:220644,ATR-001931
atores,camara:220645,ATR-001932
atores,camara:220646,ATR-001933
atores,camara:220647,ATR-001934
atores,camara:220648,ATR-001935
atores,camara:220649,ATR-001936
atores,camara:220650,ATR-001937
atores,camara:220651,ATR-001938
atores,camara:220652,ATR-001939
atores,camara:220653,ATR-001940
atores,camara:220654,ATR-001941
atores,camara:220655,ATR-001942
atores,camara:220656,ATR-001943
atores,camara:220657,ATR-001944
atores,camara:220658,ATR-001945
atores,camara:220659,ATR-001946
atores,camara:220660,ATR-001947
atores,camara:220661,ATR-001948
atores,camara:220662,ATR-001949
atores,camara:220663,ATR-001950
atores,camara:220664,ATR-001951
atores,camara:220665,ATR-001952
atores,camara:220666,ATR-001953
atores,camara:220667,ATR-001954
atores,camara:220668,ATR-001955
atores,camara:220669,ATR-001956
atores,camara:220670,ATR-001957
atores,camara:220671,ATR-001958
atores,camara:220672,ATR-001959
atores,camara:220673,ATR-001960
atores,camara:220674,ATR-001961
atores,camara:220675,ATR-001962
atores,camara:220676,ATR-001963
atores,camara:220677,ATR-001964
atores,camara:220681,ATR-001965
atores,camara:220682,ATR-001966
atores,camara:220683,ATR-001967
atores,camara:220684,ATR-001968
atores,camara:220685,ATR-001969
atores,camara:220686,ATR-001970
atores,camara:220687,ATR-001971
atores,camara:220688,ATR-001972
atores,camara:220689,ATR-001973
atores,camara:220690,ATR-001974
atores,camara:220691,ATR-001975
atores,camara:220692,ATR-001976
atores,camara:220693,ATR-001977
atores,camara:220694,ATR-001978
atores,camara:220695,ATR-001979
atores,camara:220696,ATR-001980
atores,camara:220697,ATR-001981
atores,camara:220698,ATR-001982
atores,camara:220699,ATR-001983
atores,camara:220700,ATR-001984
atores,camara:220701,ATR-001985
atores,camara:220702,ATR-001986
atores,camara:220703,ATR-001987
atores,camara:220704,ATR-001988
atores,camara:220705,ATR-001989
atores,camara:220706,ATR-001990
atores,camara:220707,ATR-001991
atores,camara:220708,ATR-001992
atores,camara:220712,ATR-001993
atores,camara:220713,ATR-001994
atores,camara:220714,ATR-001995
atores,camara:220715,ATR-001996
atores,camara:221147,ATR-001997
atores,camara:221148,ATR-001998
atores,camara:221149,ATR-001999
atores,camara:221157,ATR-002000
atores,camara:221183,ATR-002001
atores,camara:221328,ATR-002002
atores,camara:221329,ATR-002003
atores,camara:221338,ATR-002004
atores,camara:221339,ATR-002005
atores,camara:221378,ATR-002006
atores,senado:6018,ATR-002006
atores,camara:222142,ATR-002007
atores,camara:222429,ATR-002008
atores,camara:222565,ATR-002009
atores,camara:223128,ATR-002010
atores,camara:223398,ATR-002011
atores,camara:224117,ATR-002012
atores,camara:224333,ATR-002013
atores,camara:225386,ATR-002014
atores,camara:225727,ATR-002015
atores,camara:225730,ATR-002016
atores,camara:225846,ATR-002017
atores,camara:226075,ATR-002018
atores,camara:226179,ATR-002019
atores,camara:226410,ATR-002020
atores,camara:226553,ATR-002021
atores,camara:226708,ATR-002022
atores,camara:226837,ATR-002023
atores,camara:227275,ATR-002024
atores,camara:227310,ATR-002025
atores,camara:227323,ATR-002026
atores,camara:227324,ATR-002027
atores,camara:227370,ATR-002028
atores,camara:227401,ATR-002029
atores,camara:227433,ATR-002030
atores,camara:227660,ATR-002031
atores,camara:227800,ATR-002032
atores,camara:227991,ATR-002033
atores,camara:228042,ATR-002034
atores,camara:228272,ATR-002035
atores,camara:228616,ATR-002036
atores,camara:228797,ATR-002037
atores,camara:228837,ATR-002038
atores,camara:228941,ATR-002039
atores,camara:229069,ATR-002040
atores,camara:229082,ATR-002041
atores,camara:229106,ATR-002042
atores,camara:229112,ATR-002043
atores,camara:229225,ATR-002044
atores,camara:229259,ATR-002045
atores,camara:229333,ATR-002046
atores,camara:229432,ATR-002047
atores,camara:229585,ATR-002048
atores,camara:229939,ATR-002049
atores,camara:230088,ATR-002050
atores,camara:230177,ATR-002051
atores,camara:230762,ATR-002052
atores,camara:230764,ATR-002053
atores,camara:230765,ATR-002054
atores,camara:230767,ATR-002055
atores,camara:230768,ATR-002056
atores,camara:230957,ATR-002057
atores,camara:231911,ATR-002058
atores,camara:233218,ATR-002059
atores,camara:233592,ATR-002060
atores,camara:233594,ATR-002061
atores,camara:233598,ATR-002062
atores,camara:234253,ATR-002063
atores,camara:234310,ATR-002064
atores,camara:234388,ATR-002065
atores,camara:234406,ATR-002066
atores,senado:5531,ATR-002066
atores,camara:234673,ATR-002067
atores,camara:234788,ATR-002068
atores,camara:234840,ATR-002069
atores,camara:235088,ATR-002070
atores,camara:235620,ATR-002071
atores,camara:235712,ATR-002072
atores,camara:235776,ATR-002073
atores,camara:235800,ATR-002074
atores,camara:235869,ATR-002075
atores,camara:236284,ATR-002076
atores,camara:236375,ATR-002077
atores,camara:236423,ATR-002078
atores,camara:236518,ATR-002079
atores,senado:4865,ATR-002080
atores,senado:3591,ATR-002081
atores,senado:3622,ATR-002082
atores,senado:1052,ATR-002083
atores,senado:1053,ATR-002084
atores,senado:3573,ATR-002085
atores,senado:4967,ATR-002086
atores,senado:3651,ATR-002087
atores,senado:845,ATR-002088
atores,senado:945,ATR-002089
atores,senado:3363,ATR-002090
atores,senado:4851,ATR-002091
atores,senado:1048,ATR-002092
atores,senado:1002,ATR-002093
atores,senado:118,ATR-002094
atores,senado:4,ATR-002095
atores,senado:3,ATR-002096
atores,senado:3625,ATR-002097
atores,senado:3533,ATR-002098
atores,senado:4516,ATR-002099
atores,senado:4907,ATR-002100
atores,senado:1163,ATR-002101
atores,senado:1097,ATR-002102
atores,senado:551,ATR-002103
atores,senado:3620,ATR-002104
atores,senado:3432,ATR-002105
atores,senado:3642,ATR-002106
atores,senado:1054,ATR-002107
atores,senado:3594,ATR-002108
atores,senado:3584,ATR-002109
atores,senado:1044,ATR-002110
atores,senado:1100,ATR-002111
atores,senado:611,ATR-002112
atores,senado:3601,ATR-002113
atores,senado:3398,ATR-002114
atores,senado:3395,ATR-002115
atores,senado:3637,ATR-002116
atores,senado:3598,ATR-002117
atores,senado:3360,ATR-002118
atores,senado:3399,ATR-002119
atores,senado:120,ATR-002120
atores,senado:3412,ATR-002121
atores,senado:176,ATR-002122
atores,senado:16,ATR-002123
atores,senado:3596,ATR-002124
atores,senado:3630,ATR-002125
atores,senado:1024,ATR-002126
atores,senado:17,ATR-002127
atores,senado:707,ATR-002128
atores,senado:1088,ATR-002129
atores,senado:3640,ATR-002130
atores,senado:3616,ATR-002131
atores,senado:3600,ATR-002132
atores,senado:3552,ATR-002133
atores,senado:1055,ATR-002134
atores,senado:4905,ATR-002135
atores,senado:23,ATR-002136
atores,senado:3632,ATR-002137
atores,senado:345,ATR-002138
atores,senado:3619,ATR-002139
atores,senado:3535,ATR-002140
atores,senado:3574,ATR-002141
atores,senado:4863,ATR-002142
atores,senado:3615,ATR-002143
atores,senado:1101,ATR-002144
atores,senado:3371,ATR-002145
atores,senado:87,ATR-002146
atores,senado:4522,ATR-002147
atores,senado:3392,ATR-002148
atores,senado:28,ATR-002149
atores,senado:3626,ATR-002150
atores,senado:944,ATR-002151
atores,senado:29,ATR-002152
atores,senado:30,ATR-002153
atores,senado:3635,ATR-002154
atores,senado:3585,ATR-002155
atores,senado:923,ATR-002156
atores,senado:1087,ATR-002157
atores,senado:4939,ATR-002158
atores,senado:3572,ATR-002159
atores,senado:1179,ATR-002160
atores,senado:3373,ATR-002161
atores,senado:3641,ATR-002162
atores,senado:36,ATR-002163
atores,senado:4792,ATR-002164
atores,senado:3589,ATR-002165
atores,senado:38,ATR-002166
atores,senado:948,ATR-002167
atores,senado:3636,ATR-002168
atores,senado:4885,ATR-002169
atores,senado:40,ATR-002170
atores,senado:951,ATR-002171
atores,senado:3595,ATR-002172
atores,senado:2332,ATR-002173
atores,senado:3624,ATR-002174
atores,senado:3649,ATR-002175
atores,senado:922,ATR-002176
atores,senado:4973,ATR-002177
atores,senado:1093,ATR-002178
atores,senado:3361,ATR-002179
atores,senado:4547,ATR-002180
atores,senado:4843,ATR-002181
atores,senado:3603,ATR-002182
atores,senado:4947,ATR-002183
atores,senado:3608,ATR-002184
atores,senado:47,ATR-002185
atores,senado:3613,ATR-002186
atores,senado:3590,ATR-002187
atores,senado:950,ATR-002188
atores,senado:3588,ATR-002189
atores,senado:1051,ATR-002190
atores,senado:3394,ATR-002191
atores,senado:3593,ATR-002192
atores,senado:916,ATR-002193
atores,senado:3652,ATR-002194
atores,senado:1089,ATR-002195
atores,senado:3650,ATR-002196
atores,senado:949,ATR-002197
atores,senado:3374,ATR-002198
atores,senado:3579,ATR-002199
atores,senado:3643,ATR-002200
atores,senado:943,ATR-002201
atores,senado:3581,ATR-002202
atores,senado:3582,ATR-002203
atores,senado:1022,ATR-002204
atores,senado:1043,ATR-002205
atores,senado:3647,ATR-002206
atores,senado:643,ATR-002207
atores,senado:631,ATR-002208
atores,senado:302,ATR-002209
atores,senado:4951,ATR-002210
atores,senado:86,ATR-002211
atores,senado:105,ATR-002212
atores,senado:1084,ATR-002213
atores,senado:3586,ATR-002214
atores,senado:1146,ATR-002215
atores,senado:1046,ATR-002216
atores,senado:1023,ATR-002217
atores,senado:59,ATR-002218
atores,senado:4875,ATR-002219
atores,senado:3633,ATR-002220
atores,senado:670,ATR-002221
atores,senado:3606,ATR-002222
atores,senado:4899,ATR-002223
atores,senado:3621,ATR-002224
atores,senado:952,ATR-002225
atores,senado:3638,ATR-002226
atores,senado:1094,ATR-002227
atores,senado:3364,ATR-002228
atores,senado:4931,ATR-002229
atores,senado:3534,ATR-002230
atores,senado:3599,ATR-002231
atores,senado:3644,ATR-002232
atores,senado:63,ATR-002233
atores,senado:3648,ATR-002234
atores,senado:3575,ATR-002235
atores,senado:3607,ATR-002236
atores,senado:1090,ATR-002237
atores,senado:3609,ATR-002238
atores,senado:1083,ATR-002239
atores,senado:4889,ATR-002240
atores,senado:3628,ATR-002241
atores,senado:66,ATR-002242
atores,senado:3393,ATR-002243
atores,senado:3397,ATR-002244
atores,senado:3605,ATR-002245
atores,senado:4549,ATR-002246
atores,senado:1095,ATR-002247
atores,senado:942,ATR-002248
atores,senado:1169,ATR-002249
atores,senado:825,ATR-002250
atores,senado:924,ATR-002251
atores,senado:68,ATR-002252
atores,senado:69,ATR-002253
atores,senado:139,ATR-002254
atores,senado:3639,ATR-002255
atores,senado:3580,ATR-002256
atores,senado:70,ATR-002257
atores,senado:1049,ATR-002258
atores,senado:1086,ATR-002259
atores,senado:3631,ATR-002260
atores,senado:3587,ATR-002261
atores,senado:1026,ATR-002262
atores,senado:1045,ATR-002263
atores,senado:1085,ATR-002264
atores,senado:73,ATR-002265
atores,senado:74,ATR-002266
atores,senado:3646,ATR-002267
atores,senado:4847,ATR-002268
atores,senado:3623,ATR-002269
atores,senado:3617,ATR-002270
atores,senado:1092,ATR-002271
atores,senado:3645,ATR-002272
atores,senado:3362,ATR-002273
atores,senado:1143,ATR-002274
atores,senado:3592,ATR-002275
atores,senado:3365,ATR-002276
atores,senado:3375,ATR-002277
atores,senado:3396,ATR-002278
atores,senado:1330,ATR-002279
atores,senado:78,ATR-002280
atores,senado:1047,ATR-002281
atores,senado:982,ATR-002282
atores,senado:4949,ATR-002283
atores,senado:3618,ATR-002284
atores,senado:3372,ATR-002285
atores,senado:3092,ATR-002286
atores,senado:1050,ATR-002287
atores,senado:4845,ATR-002288
atores,senado:3629,ATR-002289
atores,senado:1096,ATR-002290
atores,senado:1099,ATR-002291
atores,senado:3627,ATR-002292
atores,senado:3597,ATR-002293
atores,senado:3604,ATR-002294
atores,senado:4981,ATR-002295
atores,senado:4815,ATR-002296
atores,senado:4881,ATR-002297
atores,senado:4853,ATR-002298
atores,senado:4869,ATR-002299
atores,senado:4837,ATR-002300
atores,senado:4897,ATR-002301
atores,senado:4891,ATR-002302
atores,senado:4965,ATR-002303
atores,senado:4983,ATR-002304
atores,senado:4841,ATR-002305
atores,senado:4963,ATR-002306
atores,senado:13,ATR-002307
atores,senado:4895,ATR-002308
atores,senado:4877,ATR-002309
atores,senado:4529,ATR-002310
atores,senado:4901,ATR-002311
atores,senado:4953,ATR-002312
atores,senado:4855,ATR-002313
atores,senado:4941,ATR-002314
atores,senado:4971,ATR-002315
atores,senado:20,ATR-002316
atores,senado:4871,ATR-002317
atores,senado:4780,ATR-002318
atores,senado:1189,ATR-002319
atores,senado:4525,ATR-002320
atores,senado:4935,ATR-002321
atores,senado:4553,ATR-002322
atores,senado:4917,ATR-002323
atores,senado:4937,ATR-002324
atores,senado:4955,ATR-002325
atores,senado:4531,ATR-002326
atores,senado:4533,ATR-002327
atores,senado:4776,ATR-002328
atores,senado:4919,ATR-002329
atores,senado:4929,ATR-002330
atores,senado:4975,ATR-002331
atores,senado:4883,ATR-002332
atores,senado:4537,ATR-002333
atores,senado:4923,ATR-002334
atores,senado:4774,ATR-002335
atores,senado:4784,ATR-002336
atores,senado:4541,ATR-002337
atores,senado:4788,ATR-002338
atores,senado:4535,ATR-002339
atores,senado:4778,ATR-002340
atores,senado:4943,ATR-002341
atores,senado:4925,ATR-002342
atores,senado:527,ATR-002343
atores,senado:4539,ATR-002344
atores,senado:4961,ATR-002345
atores,senado:1210,ATR-002346
atores,senado:4879,ATR-002347
atores,senado:4927,ATR-002348
atores,senado:1206,ATR-002349
atores,senado:4551,ATR-002350
atores,senado:4543,ATR-002351
atores,senado:4893,ATR-002352
atores,senado:4985,ATR-002353
atores,senado:4849,ATR-002354
atores,senado:5014,ATR-002355
atores,senado:4957,ATR-002356
atores,senado:4959,ATR-002357
atores,senado:4790,ATR-002358
atores,senado:4786,ATR-002359
atores,senado:4772,ATR-002360
atores,senado:5154,ATR-002361
atores,senado:5170,ATR-002362
atores,senado:5140,ATR-002363
atores,senado:5042,ATR-002364
atores,senado:4988,ATR-002365
atores,senado:5046,ATR-002366
atores,senado:5134,ATR-002367
atores,senado:5032,ATR-002368
atores,senado:5168,ATR-002369
atores,senado:5028,ATR-002370
atores,senado:5164,ATR-002371
atores,senado:5138,ATR-002372
atores,senado:111,ATR-002373
atores,senado:5136,ATR-002374
atores,senado:5108,ATR-002375
atores,senado:5044,ATR-002376
atores,senado:1757,ATR-002377
atores,senado:5197,ATR-002378
atores,senado:5132,ATR-002379
atores,senado:5199,ATR-002380
atores,senado:5178,ATR-002381
atores,senado:5160,ATR-002382
atores,senado:4994,ATR-002383
atores,senado:5146,ATR-002384
atores,senado:4969,ATR-002385
atores,senado:5148,ATR-002386
atores,senado:5064,ATR-002387
atores,senado:5126,ATR-002388
atores,senado:5026,ATR-002389
atores,senado:2632,ATR-002390
atores,senado:4873,ATR-002391
atores,senado:3634,ATR-002392
atores,senado:5054,ATR-002393
atores,senado:5416,ATR-002394
atores,senado:5034,ATR-002395
atores,senado:5162,ATR-002396
atores,senado:5024,ATR-002397
atores,senado:5088,ATR-002398
atores,senado:5128,ATR-002399
atores,senado:5030,ATR-002400
atores,senado:5008,ATR-002401
atores,senado:5100,ATR-002402
atores,senado:5076,ATR-002403
atores,senado:1754,ATR-002404
atores,senado:5418,ATR-002405
atores,senado:5004,ATR-002406
atores,senado:5022,ATR-002407
atores,senado:4990,ATR-002408
atores,senado:5078,ATR-002409
atores,senado:5090,ATR-002410
atores,senado:5849,ATR-002411
atores,senado:5120,ATR-002412
atores,senado:43,ATR-002413
atores,senado:5180,ATR-002414
atores,senado:5036,ATR-002415
atores,senado:5186,ATR-002416
atores,senado:5166,ATR-002417
atores,senado:5066,ATR-002418
atores,senado:5158,ATR-002419
atores,senado:5156,ATR-002420
atores,senado:5040,ATR-002421
atores,senado:5092,ATR-002422
atores,senado:5104,ATR-002423
atores,senado:5002,ATR-002424
atores,senado:5058,ATR-002425
atores,senado:5124,ATR-002426
atores,senado:5190,ATR-002427
atores,senado:5174,ATR-002428
atores,senado:4998,ATR-002429
atores,senado:5142,ATR-002430
atores,senado:5000,ATR-002431
atores,senado:5086,ATR-002432
atores,senado:5094,ATR-002433
atores,senado:5176,ATR-002434
atores,senado:64,ATR-002435
atores,senado:5060,ATR-002436
atores,senado:5080,ATR-002437
atores,senado:5018,ATR-002438
atores,senado:5122,ATR-002439
atores,senado:5020,ATR-002440
atores,senado:5152,ATR-002441
atores,senado:5114,ATR-002442
atores,senado:5116,ATR-002443
atores,senado:5050,ATR-002444
atores,senado:5010,ATR-002445
atores,senado:2207,ATR-002446
atores,senado:5012,ATR-002447
atores,senado:5072,ATR-002448
atores,senado:5182,ATR-002449
atores,senado:635,ATR-002450
atores,senado:5052,ATR-002451
atores,senado:72,ATR-002452
atores,senado:5098,ATR-002453
atores,senado:5110,ATR-002454
atores,senado:5074,ATR-002455
atores,senado:5038,ATR-002456
atores,senado:5172,ATR-002457
atores,senado:5056,ATR-002458
atores,senado:624,ATR-002459
atores,senado:5106,ATR-002460
atores,senado:438,ATR-002461
atores,senado:5068,ATR-002462
atores,senado:5420,ATR-002463
atores,senado:5130,ATR-002464
atores,senado:5084,ATR-002465
atores,senado:5082,ATR-002466
atores,senado:5016,ATR-002467
atores,senado:5096,ATR-002468
atores,senado:5144,ATR-002469
atores,senado:5118,ATR-002470
atores,senado:5184,ATR-002471
atores,senado:5573,ATR-002472
atores,senado:5625,ATR-002473
atores,senado:5607,ATR-002474
atores,senado:5529,ATR-002475
atores,senado:5633,ATR-002476
atores,senado:5631,ATR-002477
atores,senado:5559,ATR-002478
atores,senado:5603,ATR-002479
atores,senado:5593,ATR-002480
atores,senado:5623,ATR-002481
atores,senado:5637,ATR-002482
atores,senado:5565,ATR-002483
atores,senado:5537,ATR-002484
atores,senado:5587,ATR-002485
atores,senado:5605,ATR-002486
atores,senado:5581,ATR-002487
atores,senado:5540,ATR-002488
atores,senado:5577,ATR-002489
atores,senado:5615,ATR-002490
atores,senado:5639,ATR-002491
atores,senado:5627,ATR-002492
atores,senado:5609,ATR-002493
atores,senado:5569,ATR-002494
atores,senado:5579,ATR-002495
atores,senado:90,ATR-002496
atores,senado:5613,ATR-002497
atores,senado:5533,ATR-002498
atores,senado:5567,ATR-002499
atores,senado:5585,ATR-002500
atores,senado:151,ATR-002501
atores,senado:5557,ATR-002502
atores,senado:5591,ATR-002503
atores,senado:5575,ATR-002504
atores,senado:5571,ATR-002505
atores,senado:5595,ATR-002506
atores,senado:5525,ATR-002507
atores,senado:5523,ATR-002508
atores,senado:5599,ATR-002509
atores,senado:5617,ATR-002510
atores,senado:336,ATR-002511
atores,senado:5589,ATR-002512
atores,senado:5561,ATR-002513
atores,senado:5635,ATR-002514
atores,senado:5601,ATR-002515
atores,senado:5621,ATR-002516
atores,senado:5583,ATR-002517
atores,senado:5611,ATR-002518
atores,senado:5563,ATR-002519
atores,senado:5527,ATR-002520
atores,senado:5535,ATR-002521
atores,senado:5629,ATR-002522
atores,senado:5619,ATR-002523
atores,senado:375,ATR-002524
atores,senado:791,ATR-002525
atores,senado:5918,ATR-002526
atores,senado:6026,ATR-002527
atores,senado:5923,ATR-002528
atores,senado:5982,ATR-002529
atores,senado:5962,ATR-002530
atores,senado:5989,ATR-002531
atores,senado:5950,ATR-002532
atores,senado:5969,ATR-002533
atores,senado:5967,ATR-002534
atores,senado:6001,ATR-002535
atores,senado:5896,ATR-002536
atores,senado:5952,ATR-002537
atores,senado:6011,ATR-002538
atores,senado:5932,ATR-002539
atores,senado:6013,ATR-002540
atores,senado:6295,ATR-002541
atores,senado:6020,ATR-002542
atores,senado:5936,ATR-002543
atores,senado:5990,ATR-002544
atores,senado:5991,ATR-002545
atores,senado:6000,ATR-002546
atores,senado:470,ATR-002547
atores,senado:5973,ATR-002548
atores,senado:6017,ATR-002549
atores,senado:5933,ATR-002550
atores,senado:5963,ATR-002551
atores,senado:5960,ATR-002552
atores,senado:5998,ATR-002553
atores,senado:5992,ATR-002554
atores,senado:5987,ATR-002555
atores,senado:6012,ATR-002556
atores,senado:5996,ATR-002557
atores,senado:5975,ATR-002558
atores,senado:6021,ATR-002559
atores,senado:5906,ATR-002560
atores,senado:6016,ATR-002561
atores,senado:5976,ATR-002562
atores,senado:5898,ATR-002563
atores,senado:5953,ATR-002564
atores,senado:5980,ATR-002565
atores,senado:5917,ATR-002566
atores,senado:5920,ATR-002567
atores,senado:5894,ATR-002568
atores,senado:196,ATR-002569
atores,senado:5900,ATR-002570
atores,senado:6008,ATR-002571
atores,senado:5999,ATR-002572
atores,senado:5907,ATR-002573
atores,senado:5385,ATR-002574
atores,senado:6015,ATR-002575
atores,senado:6007,ATR-002576
atores,senado:6010,ATR-002577
atores,senado:5978,ATR-002578
atores,senado:5931,ATR-002579
atores,senado:5912,ATR-002580
atores,senado:581,ATR-002581
atores,senado:5895,ATR-002582
atores,senado:5993,ATR-002583
atores,senado:5983,ATR-002584
atores,senado:5910,ATR-002585
atores,senado:6305,ATR-002586
atores,senado:5972,ATR-002587
atores,senado:5929,ATR-002588
atores,senado:5965,ATR-002589
atores,senado:5977,ATR-002590
atores,senado:5979,ATR-002591
atores,senado:5903,ATR-002592
atores,senado:5926,ATR-002593
atores,senado:6014,ATR-002594
atores,senado:5968,ATR-002595
atores,senado:5904,ATR-002596
atores,senado:5981,ATR-002597
atores,senado:5915,ATR-002598
atores,senado:6287,ATR-002599
atores,senado:5942,ATR-002600
atores,senado:6304,ATR-002601
atores,senado:5909,ATR-002602
atores,senado:6019,ATR-002603
atores,senado:5994,ATR-002604
atores,senado:5908,ATR-002605
atores,senado:6002,ATR-002606
atores,senado:6027,ATR-002607
atores,senado:5935,ATR-002608
atores,senado:5897,ATR-002609
atores,senado:5997,ATR-002610
atores,senado:5985,ATR-002611
atores,senado:6006,ATR-002612
atores,senado:6024,ATR-002613
atores,senado:5924,ATR-002614
atores,senado:5925,ATR-002615
atores,senado:5966,ATR-002616
atores,senado:6022,ATR-002617
atores,senado:5928,ATR-002618
atores,senado:5927,ATR-002619
atores,senado:5901,ATR-002620
atores,senado:5921,ATR-002621
atores,senado:6023,ATR-002622
atores,senado:5922,ATR-002623
atores,senado:5971,ATR-002624
atores,senado:5984,ATR-002625
atores,senado:5913,ATR-002626
atores,senado:5934,ATR-002627
atores,senado:6025,ATR-002628
atores,senado:5892,ATR-002629
atores,senado:5905,ATR-002630
atores,senado:5945,ATR-002631
atores,senado:5944,ATR-002632
atores,senado:5911,ATR-002633
atores,senado:5974,ATR-002634
atores,senado:5916,ATR-002635
atores,senado:6005,ATR-002636
atores,senado:5988,ATR-002637
atores,senado:5959,ATR-002638
atores,senado:5893,ATR-002639
atores,senado:5995,ATR-002640
atores,senado:6004,ATR-002641
atores,senado:5899,ATR-002642
atores,senado:5919,ATR-002643
atores,senado:5411,ATR-002644
atores,senado:6382,ATR-002645
atores,senado:6346,ATR-002646
atores,senado:6360,ATR-002647
atores,senado:6379,ATR-002648
atores,senado:6358,ATR-002649
atores,senado:6373,ATR-002650
atores,senado:6009,ATR-002651
atores,senado:6350,ATR-002652
atores,senado:6347,ATR-002653
atores,senado:6372,ATR-002654
atores,senado:6336,ATR-002655
atores,senado:6334,ATR-002656
atores,senado:6337,ATR-002657
atores,senado:6380,ATR-002658
atores,senado:6344,ATR-002659
atores,senado:6335,ATR-002660
atores,senado:6377,ATR-002661
atores,senado:5793,ATR-002662
atores,senado:6367,ATR-002663
atores,senado:6384,ATR-002664
atores,senado:6345,ATR-002665
atores,senado:6374,ATR-002666
atores,senado:6368,ATR-002667
atores,senado:6343,ATR-002668
atores,senado:6341,ATR-002669
atores,senado:6381,ATR-002670
atores,senado:6349,ATR-002671
atores,senado:6357,ATR-002672
atores,senado:6375,ATR-002673
atores,senado:6356,ATR-002674
atores,senado:6340,ATR-002675
atores,senado:6351,ATR-002676
atores,senado:6383,ATR-002677
atores,senado:6342,ATR-002678
atores,senado:6364,ATR-002679
atores,senado:6378,ATR-002680
atores,senado:6369,ATR-002681
atores,senado:6365,ATR-002682
atores,senado:6359,ATR-002683
atores,senado:6370,ATR-002684
atores,senado:6352,ATR-002685
atores,senado:6354,ATR-002686
atores,senado:6388,ATR-002687
atores,senado:6362,ATR-002688
atores,senado:6353,ATR-002689
atores,senado:6333,ATR-002690
atores,senado:6385,ATR-002691
atores,senado:5386,ATR-002692
atores,senado:6387,ATR-002693
atores,senado:6371,ATR-002694
atores,senado:6363,ATR-002695
atores,senado:6331,ATR-002696
atores,senado:6386,ATR-002697
atores,senado:6355,ATR-002698
atores,senado:6332,ATR-002699
atores,senado:6348,ATR-002700
atores,senado:6338,ATR-002701
atores,senado:6361,ATR-002702
atores,senado:5070,ATR-002703
buscas,src.coleta.senado|2026-09-24|senadores da legislatura 52,BSC-000001
buscas,src.coleta.senado|2026-09-24|senadores da legislatura 53,BSC-000002
buscas,src.coleta.senado|2026-09-24|senadores da legislatura 54,BSC-000003
buscas,src.coleta.senado|2026-09-24|senadores da legislatura 55,BSC-000004
buscas,src.coleta.senado|2026-09-24|senadores da legislatura 56,BSC-000005
buscas,src.coleta.senado|2026-09-24|senadores da legislatura 57,BSC-000006
buscas,src.coleta.senado|2026-09-24|filiações de 739 senadores,BSC-000007
buscas,src.coleta.camara|2026-09-24|legislaturas,BSC-000008
buscas,src.coleta.camara|2026-09-24|deputados da legislatura 52,BSC-000009
buscas,src.coleta.camara|2026-09-24|deputados da legislatura 53,BSC-000010
buscas,src.coleta.camara|2026-09-24|deputados da legislatura 54,BSC-000011
buscas,src.coleta.camara|2026-09-24|deputados da legislatura 55,BSC-000012
buscas,src.coleta.camara|2026-09-24|deputados da legislatura 56,BSC-000013
buscas,src.coleta.camara|2026-09-24|deputados da legislatura 57,BSC-000014
buscas,src.coleta.camara|2026-09-24|histórico de 2079 deputados das legislaturas 52 a 57,BSC-000015
buscas,src.coleta.camara|2026-09-24|67 partidos citados,BSC-000016
buscas,"src.coleta.tse_partidos|2026-09-24|partidos registrados; fusões, incorporações e mudanças de nome ou sigla desde a Lei 9.096/1995; números de legenda reutilizados",BSC-000017
buscas,src.coleta.reguas|2026-09-24|arquivo vdem_v16.RData,BSC-000018
buscas,src.coleta.reguas|2026-09-24|arquivo Country_and_Territory_Ratings_and_Statuses_FIW_1973-2024.xlsx,BSC-000019
buscas,src.coleta.reguas|2026-09-24|arquivo All_data_FIW_2013-2024.xlsx,BSC-000020
cargos,camara:3151:53,CRG-000001
cargos,camara:3151:54,CRG-000002
cargos,camara:3155:53,CRG-000003
cargos,camara:4927:53,CRG-000004
cargos,camara:4928:53,CRG-000005
cargos,camara:4929:53,CRG-000006
cargos,camara:4929:54,CRG-000007
cargos,camara:4930:53,CRG-000008
cargos,camara:4930:54,CRG-000009
cargos,camara:4930:55,CRG-000010
cargos,camara:4931:53,CRG-000011
cargos,camara:4931:54,CRG-000012
cargos,camara:4931:55,CRG-000013
cargos,camara:62881:54,CRG-000014
cargos,camara:62881:55,CRG-000015
cargos,camara:62881:56,CRG-000016
cargos,camara:62881:57,CRG-000017
cargos,camara:62926:52,CRG-000018
cargos,camara:64224:52,CRG-000019
cargos,camara:64960:52,CRG-000020
cargos,camara:64960:53,CRG-000021
cargos,camara:64960:55,CRG-000022
cargos,camara:65511:52,CRG-000023
cargos,camara:65551:52,CRG-000024
cargos,camara:65987:52,CRG-000025
cargos,camara:66179:55,CRG-000026
cargos,camara:66179:56,CRG-000027
cargos,camara:66385:57,CRG-000028
cargos,camara:66828:55,CRG-000029
cargos,camara:66828:56,CRG-000030
cargos,camara:66828:57,CRG-000031
cargos,camara:67138:54,CRG-000032
cargos,camara:67138:55,CRG-000033
cargos,camara:67138:56,CRG-000034
cargos,camara:67312:55,CRG-000035
cargos,camara:68720:56,CRG-000036
cargos,camara:68720:57,CRG-000037
cargos,camara:68731:54,CRG-000038
cargos,camara:69871:55,CRG-000039
cargos,camara:69871:56,CRG-000040
cargos,camara:69871:57,CRG-000041
cargos,camara:71921:53,CRG-000042
cargos,camara:72442:55,CRG-000043
cargos,camara:72442:56,CRG-000044
cargos,camara:72442:57,CRG-000045
cargos,camara:72912:55,CRG-000046
cargos,camara:73416:52,CRG-000047
cargos,camara:73416:53,CRG-000048
cargos,camara:73416:54,CRG-000049
cargos,camara:73420:52,CRG-000050
cargos,camara:73421:52,CRG-000051
cargos,camara:73424:52,CRG-000052
cargos,camara:73424:53,CRG-000053
cargos,camara:73424:54,CRG-000054
cargos,camara:73424:55,CRG-000055
cargos,camara:73424:56,CRG-000056
cargos,camara:73427:52,CRG-000057
cargos,camara:73428:52,CRG-000058
cargos,camara:73428:53,CRG-000059
cargos,camara:73428:54,CRG-000060
cargos,camara:73430:52,CRG-000061
cargos,camara:73431:52,CRG-000062
cargos,camara:73431:53,CRG-000063
cargos,camara:73433:52,CRG-000064
cargos,camara:73433:53,CRG-000065
cargos,camara:73433:54,CRG-000066
cargos,camara:73433:55,CRG-000067
cargos,camara:73433:56,CRG-000068
cargos,camara:73433:57,CRG-000069
cargos,camara:73434:52,CRG-000070
cargos,camara:73434:53,CRG-000071
cargos,camara:73434:54,CRG-000072
cargos,camara:73434:55,CRG-000073
cargos,camara:73434:56,CRG-000074
cargos,camara:73435:52,CRG-000075
cargos,camara:73437:53,CRG-000076
cargos,camara:73437:54,CRG-000077
cargos,camara:73437:55,CRG-000078
cargos,camara:73441:52,CRG-000079
cargos,camara:73441:53,CRG-000080
cargos,camara:73441:55,CRG-000081
cargos,camara:73441:56,CRG-000082
cargos,camara:73441:57,CRG-000083
cargos,camara:73442:52,CRG-000084
cargos,camara:73445:52,CRG-000085
cargos,camara:73447:54,CRG-000086
cargos,camara:73447:55,CRG-000087
cargos,camara:73454:52,CRG-000088
cargos,camara:73455:52,CRG-000089
cargos,camara:73456:52,CRG-000090
cargos,camara:73456:53,CRG-000091
cargos,camara:73457:52,CRG-000092
cargos,camara:73457:53,CRG-000093
cargos,camara:73458:52,CRG-000094
cargos,camara:73458:53,CRG-000095
cargos,camara:73458:54,CRG-000096
cargos,camara:73458:55,CRG-000097
cargos,camara:73459:52,CRG-000098
cargos,camara:73459:53,CRG-000099
cargos,camara:73459:54,CRG-000100
cargos,camara:73460:52,CRG-000101
cargos,camara:73460:53,CRG-000102
cargos,camara:73460:56,CRG-000103
cargos,camara:73461:52,CRG-000104
cargos,camara:73461:53,CRG-000105
cargos,camara:73462:52,CRG-000106
cargos,camara:73463:52,CRG-000107
cargos,camara:73463:53,CRG-000108
cargos,camara:73463:54,CRG-000109
cargos,camara:73463:55,CRG-000110
cargos,camara:73463:56,CRG-000111
cargos,camara:73464:52,CRG-000112
cargos,camara:73464:54,CRG-000113
cargos,camara:73466:54,CRG-000114
cargos,camara:73466:55,CRG-000115
cargos,camara:73466:56,CRG-000116
cargos,camara:73469:52,CRG-000117
cargos,camara:73469:53,CRG-000118
cargos,camara:73471:52,CRG-000119
cargos,camara:73471:53,CRG-000120
cargos,camara:73472:52,CRG-000121
cargos,camara:73472:53,CRG-000122
cargos,camara:73473:52,CRG-000123
cargos,camara:73474:52,CRG-000124
cargos,camara:73474:54,CRG-000125
cargos,camara:73477:52,CRG-000126
cargos,camara:73478:52,CRG-000127
cargos,camara:73478:53,CRG-000128
cargos,camara:73478:54,CRG-000129
cargos,camara:73480:52,CRG-000130
cargos,camara:73480:53,CRG-000131
cargos,camara:73481:53,CRG-000132
cargos,camara:73481:54,CRG-000133
cargos,camara:73481:55,CRG-000134
cargos,camara:73482:52,CRG-000135
cargos,camara:73482:53,CRG-000136
cargos,camara:73482:54,CRG-000137
cargos,camara:73482:55,CRG-000138
cargos,camara:73482:56,CRG-000139
cargos,camara:73483:52,CRG-000140
cargos,camara:73483:53,CRG-000141
cargos,camara:73483:54,CRG-000142
cargos,camara:73483:55,CRG-000143
cargos,camara:73485:52,CRG-000144
cargos,camara:73486:52,CRG-000145
cargos,camara:73486:53,CRG-000146
cargos,camara:73486:55,CRG-000147
cargos,camara:73486:56,CRG-000148
cargos,camara:73486:57,CRG-000149
cargos,camara:73490:52,CRG-000150
cargos,camara:73490:53,CRG-000151
cargos,camara:73492:52,CRG-000152
cargos,camara:73492:53,CRG-000153
cargos,camara:73499:52,CRG-000154
cargos,camara:73507:52,CRG-000155
cargos,camara:73507:53,CRG-000156
cargos,camara:73507:54,CRG-000157
cargos,camara:73531:52,CRG-000158
cargos,camara:73531:53,CRG-000159
cargos,camara:73531:54,CRG-000160
cargos,camara:73531:55,CRG-000161
cargos,camara:73531:56,CRG-000162
cargos,camara:73531:57,CRG-000163
cargos,camara:73534:52,CRG-000164
cargos,camara:73534:53,CRG-000165
cargos,camara:73534:54,CRG-000166
cargos,camara:73535:52,CRG-000167
cargos,camara:73535:53,CRG-000168
cargos,camara:73535:54,CRG-000169
cargos,camara:73535:55,CRG-000170
cargos,camara:73536:53,CRG-000171
cargos,camara:73536:54,CRG-000172
cargos,camara:73540:53,CRG-000173
cargos,camara:73540:54,CRG-000174
cargos,camara:73542:52,CRG-000175
cargos,camara:73542:53,CRG-000176
cargos,camara:73545:52,CRG-000177
cargos,camara:73546:52,CRG-000178
cargos,camara:73548:52,CRG-000179
cargos,camara:73552:52,CRG-000180
cargos,camara:73552:53,CRG-000181
cargos,camara:73553:52,CRG-000182
cargos,camara:73553:53,CRG-000183
cargos,camara:73553:54,CRG-000184
cargos,camara:73553:55,CRG-000185
cargos,camara:73555:52,CRG-000186
cargos,camara:73555:53,CRG-000187
cargos,camara:73556:53,CRG-000188
cargos,camara:73557:52,CRG-000189
cargos,camara:73557:53,CRG-000190
cargos,camara:73558:52,CRG-000191
cargos,camara:73558:53,CRG-000192
cargos,camara:73559:52,CRG-000193
cargos,camara:73559:54,CRG-000194
cargos,camara:73560:52,CRG-000195
cargos,camara:73560:53,CRG-000196
cargos,camara:73560:54,CRG-000197
cargos,camara:73560:55,CRG-000198
cargos,camara:73561:52,CRG-000199
cargos,camara:73561:53,CRG-000200
cargos,camara:73564:52,CRG-000201
cargos,camara:73564:53,CRG-000202
cargos,camara:73565:52,CRG-000203
cargos,camara:73565:53,CRG-000204
cargos,camara:73565:54,CRG-000205
cargos,camara:73566:52,CRG-000206
cargos,camara:73568:54,CRG-000207
cargos,camara:73568:55,CRG-000208
cargos,camara:73569:52,CRG-000209
cargos,camara:73569:54,CRG-000210
cargos,camara:73572:52,CRG-000211
cargos,camara:73574:52,CRG-000212
cargos,camara:73575:52,CRG-000213
cargos,camara:73577:52,CRG-000214
cargos,camara:73577:53,CRG-000215
cargos,camara:73579:52,CRG-000216
cargos,camara:73579:53,CRG-000217
cargos,camara:73579:55,CRG-000218
cargos,camara:73579:57,CRG-000219
cargos,camara:73582:52,CRG-000220
cargos,camara:73584:52,CRG-000221
cargos,camara:73584:53,CRG-000222
cargos,camara:73584:54,CRG-000223
cargos,camara:73584:55,CRG-000224
cargos,camara:73586:52,CRG-000225
cargos,camara:73586:53,CRG-000226
cargos,camara:73586:54,CRG-000227
cargos,camara:73586:55,CRG-000228
cargos,camara:73586:56,CRG-000229
cargos,camara:73588:52,CRG-000230
cargos,camara:73588:53,CRG-000231
cargos,camara:73588:54,CRG-000232
cargos,camara:73588:55,CRG-000233
cargos,camara:73592:52,CRG-000234
cargos,camara:73594:53,CRG-000235
cargos,camara:73594:54,CRG-000236
cargos,camara:73595:52,CRG-000237
cargos,camara:73599:52,CRG-000238
cargos,camara:73599:53,CRG-000239
cargos,camara:73603:52,CRG-000240
cargos,camara:73604:56,CRG-000241
cargos,camara:73604:57,CRG-000242
cargos,camara:73612:52,CRG-000243
cargos,camara:73612:53,CRG-000244
cargos,camara:73645:52,CRG-000245
cargos,camara:73651:52,CRG-000246
cargos,camara:73651:53,CRG-000247
cargos,camara:73652:52,CRG-000248
cargos,camara:73653:52,CRG-000249
cargos,camara:73653:53,CRG-000250
cargos,camara:73653:54,CRG-000251
cargos,camara:73654:52,CRG-000252
cargos,camara:73655:53,CRG-000253
cargos,camara:73655:54,CRG-000254
cargos,camara:73655:55,CRG-000255
cargos,camara:73658:53,CRG-000256
cargos,camara:73660:52,CRG-000257
cargos,camara:73660:53,CRG-000258
cargos,camara:73663:52,CRG-000259
cargos,camara:73666:52,CRG-000260
cargos,camara:73666:53,CRG-000261
cargos,camara:73666:54,CRG-000262
cargos,camara:73666:55,CRG-000263
cargos,camara:73672:52,CRG-000264
cargos,camara:73673:53,CRG-000265
cargos,camara:73674:52,CRG-000266
cargos,camara:73674:53,CRG-000267
cargos,camara:73674:54,CRG-000268
cargos,camara:73674:55,CRG-000269
cargos,camara:73674:56,CRG-000270
cargos,camara:73676:52,CRG-000271
cargos,camara:73676:53,CRG-000272
cargos,camara:73676:54,CRG-000273
cargos,camara:73677:52,CRG-000274
cargos,camara:73677:54,CRG-000275
cargos,camara:73682:52,CRG-000276
cargos,camara:73682:53,CRG-000277
cargos,camara:73682:54,CRG-000278
cargos,camara:73683:52,CRG-000279
cargos,camara:73684:52,CRG-000280
cargos,camara:73684:53,CRG-000281
cargos,camara:73692:52,CRG-000282
cargos,camara:73692:53,CRG-000283
cargos,camara:73692:54,CRG-000284
cargos,camara:73692:55,CRG-000285
cargos,camara:73692:56,CRG-000286
cargos,camara:73692:57,CRG-000287
cargos,camara:73693:52,CRG-000288
cargos,camara:73696:53,CRG-000289
cargos,camara:73696:56,CRG-000290
cargos,camara:73701:54,CRG-000291
cargos,camara:73701:55,CRG-000292
cargos,camara:73701:56,CRG-000293
cargos,camara:73701:57,CRG-000294
cargos,camara:73704:52,CRG-000295
cargos,camara:73714:55,CRG-000296
cargos,camara:73716:54,CRG-000297
cargos,camara:73718:52,CRG-000298
cargos,camara:73718:53,CRG-000299
cargos,camara:73720:55,CRG-000300
cargos,camara:73761:52,CRG-000301
cargos,camara:73761:53,CRG-000302
cargos,camara:73764:52,CRG-000303
cargos,camara:73764:53,CRG-000304
cargos,camara:73764:54,CRG-000305
cargos,camara:73765:52,CRG-000306
cargos,camara:73765:53,CRG-000307
cargos,camara:73765:54,CRG-000308
cargos,camara:73768:52,CRG-000309
cargos,camara:73768:53,CRG-000310
cargos,camara:73768:54,CRG-000311
cargos,camara:73768:55,CRG-000312
cargos,camara:73768:57,CRG-000313
cargos,camara:73772:52,CRG-000314
cargos,camara:73772:53,CRG-000315
cargos,camara:73772:54,CRG-000316
cargos,camara:73772:55,CRG-000317
cargos,camara:73772:56,CRG-000318
cargos,camara:73775:52,CRG-000319
cargos,camara:73776:52,CRG-000320
cargos,camara:73777:53,CRG-000321
cargos,camara:73777:54,CRG-000322
cargos,camara:73778:52,CRG-000323
cargos,camara:73778:53,CRG-000324
cargos,camara:73778:54,CRG-000325
cargos,camara:73778:55,CRG-000326
cargos,camara:73778:57,CRG-000327
cargos,camara:73780:52,CRG-000328
cargos,camara:73780:53,CRG-000329
cargos,camara:73781:52,CRG-000330
cargos,camara:73781:53,CRG-000331
cargos,camara:73781:54,CRG-000332
cargos,camara:73781:55,CRG-000333
cargos,camara:73782:52,CRG-000334
cargos,camara:73782:53,CRG-000335
cargos,camara:73782:54,CRG-000336
cargos,camara:73784:52,CRG-000337
cargos,camara:73786:52,CRG-000338
cargos,camara:73786:53,CRG-000339
cargos,camara:73786:54,CRG-000340
cargos,camara:73786:55,CRG-000341
cargos,camara:73788:52,CRG-000342
cargos,camara:73788:53,CRG-000343
cargos,camara:73788:55,CRG-000344
cargos,camara:73788:56,CRG-000345
cargos,camara:73788:57,CRG-000346
cargos,camara:73793:52,CRG-000347
cargos,camara:73793:53,CRG-000348
cargos,camara:73793:54,CRG-000349
cargos,camara:73793:55,CRG-000350
cargos,camara:73794:52,CRG-000351
cargos,camara:73801:52,CRG-000352
cargos,camara:73801:53,CRG-000353
cargos,camara:73801:56,CRG-000354
cargos,camara:73801:57,CRG-000355
cargos,camara:73805:52,CRG-000356
cargos,camara:73805:54,CRG-000357
cargos,camara:73805:55,CRG-000358
cargos,camara:73806:57,CRG-000359
cargos,camara:73808:53,CRG-000360
cargos,camara:73808:54,CRG-000361
cargos,camara:73808:55,CRG-000362
cargos,camara:73808:56,CRG-000363
cargos,camara:73808:57,CRG-000364
cargos,camara:73809:53,CRG-000365
cargos,camara:73817:52,CRG-000366
cargos,camara:73817:53,CRG-000367
cargos,camara:73825:52,CRG-000368
cargos,camara:73827:52,CRG-000369
cargos,camara:73831:55,CRG-000370
cargos,camara:73873:52,CRG-000371
cargos,camara:73873:53,CRG-000372
cargos,camara:73874:52,CRG-000373
cargos,camara:73874:53,CRG-000374
cargos,camara:73874:54,CRG-000375
cargos,camara:73875:53,CRG-000376
cargos,camara:73875:54,CRG-000377
cargos,camara:73882:52,CRG-000378
cargos,camara:73882:53,CRG-000379
cargos,camara:73883:53,CRG-000380
cargos,camara:73883:54,CRG-000381
cargos,camara:73885:52,CRG-000382
cargos,camara:73886:52,CRG-000383
cargos,camara:73886:53,CRG-000384
cargos,camara:73889:52,CRG-000385
cargos,camara:73891:52,CRG-000386
cargos,camara:73891:53,CRG-000387
cargos,camara:73891:54,CRG-000388
cargos,camara:73891:55,CRG-000389
cargos,camara:73891:56,CRG-000390
cargos,camara:73892:52,CRG-000391
cargos,camara:73892:53,CRG-000392
cargos,camara:73892:54,CRG-000393
cargos,camara:73893:52,CRG-000394
cargos,camara:73893:53,CRG-000395
cargos,camara:73893:54,CRG-000396
cargos,camara:73901:52,CRG-000397
cargos,camara:73904:52,CRG-000398
cargos,camara:73904:53,CRG-000399
cargos,camara:73904:54,CRG-000400
cargos,camara:73907:52,CRG-000401
cargos,camara:73907:53,CRG-000402
cargos,camara:73909:52,CRG-000403
cargos,camara:73909:53,CRG-000404
cargos,camara:73920:52,CRG-000405
cargos,camara:73921:52,CRG-000406
cargos,camara:73921:53,CRG-000407
cargos,camara:73922:52,CRG-000408
cargos,camara:73923:52,CRG-000409
cargos,camara:73924:52,CRG-000410
cargos,camara:73924:53,CRG-000411
cargos,camara:73924:54,CRG-000412
cargos,camara:73925:52,CRG-000413
cargos,camara:73926:52,CRG-000414
cargos,camara:73926:53,CRG-000415
cargos,camara:73926:54,CRG-000416
cargos,camara:73926:55,CRG-000417
cargos,camara:73927:52,CRG-000418
cargos,camara:73928:52,CRG-000419
cargos,camara:73928:53,CRG-000420
cargos,camara:73929:52,CRG-000421
cargos,camara:73929:53,CRG-000422
cargos,camara:73930:52,CRG-000423
cargos,camara:73930:53,CRG-000424
cargos,camara:73930:54,CRG-000425
cargos,camara:73930:55,CRG-000426
cargos,camara:73931:52,CRG-000427
cargos,camara:73931:53,CRG-000428
cargos,camara:73931:54,CRG-000429
cargos,camara:73931:55,CRG-000430
cargos,camara:73932:52,CRG-000431
cargos,camara:73933:52,CRG-000432
cargos,camara:73933:53,CRG-000433
cargos,camara:73933:54,CRG-000434
cargos,camara:73934:52,CRG-000435
cargos,camara:73934:53,CRG-000436
cargos,camara:73934:54,CRG-000437
cargos,camara:73934:55,CRG-000438
cargos,camara:73935:52,CRG-000439
cargos,camara:73935:54,CRG-000440
cargos,camara:73936:52,CRG-000441
cargos,camara:73936:53,CRG-000442
cargos,camara:73937:52,CRG-000443
cargos,camara:73937:53,CRG-000444
cargos,camara:73937:54,CRG-000445
cargos,camara:73938:52,CRG-000446
cargos,camara:73938:53,CRG-000447
cargos,camara:73939:52,CRG-000448
cargos,camara:73940:52,CRG-000449
cargos,camara:73940:53,CRG-000450
cargos,camara:73940:54,CRG-000451
cargos,camara:73941:52,CRG-000452
cargos,camara:73942:52,CRG-000453
cargos,camara:73943:52,CRG-000454
cargos,camara:73943:53,CRG-000455
cargos,camara:73943:54,CRG-000456
cargos,camara:73943:56,CRG-000457
cargos,camara:73944:52,CRG-000458
cargos,camara:73945:52,CRG-000459
cargos,camara:73945:53,CRG-000460
cargos,camara:73945:54,CRG-000461
cargos,camara:73946:52,CRG-000462
cargos,camara:73947:52,CRG-000463
cargos,camara:73948:52,CRG-000464
cargos,camara:73948:54,CRG-000465
cargos,camara:73979:52,CRG-000466
cargos,camara:73981:52,CRG-000467
cargos,camara:73981:53,CRG-000468
cargos,camara:73982:52,CRG-000469
cargos,camara:73982:53,CRG-000470
cargos,camara:73982:54,CRG-000471
cargos,camara:73984:52,CRG-000472
cargos,camara:73987:53,CRG-000473
cargos,camara:73991:52,CRG-000474
cargos,camara:73992:52,CRG-000475
cargos,camara:73992:55,CRG-000476
cargos,camara:73993:52,CRG-000477
cargos,camara:73993:53,CRG-000478
cargos,camara:73994:52,CRG-000479
cargos,camara:73994:53,CRG-000480
cargos,camara:73998:53,CRG-000481
cargos,camara:74000:52,CRG-000482
cargos,camara:74000:53,CRG-000483
cargos,camara:74005:52,CRG-000484
cargos,camara:74005:53,CRG-000485
cargos,camara:74010:52,CRG-000486
cargos,camara:74010:53,CRG-000487
cargos,camara:74010:54,CRG-000488
cargos,camara:74010:55,CRG-000489
cargos,camara:74010:56,CRG-000490
cargos,camara:74016:52,CRG-000491
cargos,camara:74016:53,CRG-000492
cargos,camara:74016:54,CRG-000493
cargos,camara:74017:52,CRG-000494
cargos,camara:74017:54,CRG-000495
cargos,camara:74017:55,CRG-000496
cargos,camara:74018:52,CRG-000497
cargos,camara:74018:53,CRG-000498
cargos,camara:74023:52,CRG-000499
cargos,camara:74024:53,CRG-000500
cargos,camara:74026:52,CRG-000501
cargos,camara:74026:53,CRG-000502
cargos,camara:74027:52,CRG-000503
cargos,camara:74027:53,CRG-000504
cargos,camara:74027:54,CRG-000505
cargos,camara:74028:52,CRG-000506
cargos,camara:74029:52,CRG-000507
cargos,camara:74030:52,CRG-000508
cargos,camara:74031:52,CRG-000509
cargos,camara:74032:52,CRG-000510
cargos,camara:74032:53,CRG-000511
cargos,camara:74033:52,CRG-000512
cargos,camara:74034:52,CRG-000513
cargos,camara:74035:52,CRG-000514
cargos,camara:74036:52,CRG-000515
cargos,camara:74037:52,CRG-000516
cargos,camara:74037:53,CRG-000517
cargos,camara:74037:54,CRG-000518
cargos,camara:74038:52,CRG-000519
cargos,camara:74038:53,CRG-000520
cargos,camara:74039:52,CRG-000521
cargos,camara:74039:53,CRG-000522
cargos,camara:74039:54,CRG-000523
cargos,camara:74040:52,CRG-000524
cargos,camara:74040:54,CRG-000525
cargos,camara:74040:55,CRG-000526
cargos,camara:74041:52,CRG-000527
cargos,camara:74041:53,CRG-000528
cargos,camara:74041:54,CRG-000529
cargos,camara:74041:55,CRG-000530
cargos,camara:74041:57,CRG-000531
cargos,camara:74042:52,CRG-000532
cargos,camara:74042:53,CRG-000533
cargos,camara:74043:52,CRG-000534
cargos,camara:74043:53,CRG-000535
cargos,camara:74043:54,CRG-000536
cargos,camara:74043:55,CRG-000537
cargos,camara:74043:56,CRG-000538
cargos,camara:74043:57,CRG-000539
cargos,camara:74044:52,CRG-000540
cargos,camara:74044:53,CRG-000541
cargos,camara:74044:56,CRG-000542
cargos,camara:74044:57,CRG-000543
cargos,camara:74045:52,CRG-000544
cargos,camara:74045:53,CRG-000545
cargos,camara:74045:54,CRG-000546
cargos,camara:74046:52,CRG-000547
cargos,camara:74047:52,CRG-000548
cargos,camara:74047:53,CRG-000549
cargos,camara:74047:54,CRG-000550
cargos,camara:74048:52,CRG-000551
cargos,camara:74048:53,CRG-000552
cargos,camara:74048:55,CRG-000553
cargos,camara:74049:52,CRG-000554
cargos,camara:74049:54,CRG-000555
cargos,camara:74050:52,CRG-000556
cargos,camara:74050:53,CRG-000557
cargos,camara:74050:54,CRG-000558
cargos,camara:74050:55,CRG-000559
cargos,camara:74051:52,CRG-000560
cargos,camara:74052:52,CRG-000561
cargos,camara:74052:55,CRG-000562
cargos,camara:74052:56,CRG-000563
cargos,camara:74052:57,CRG-000564
cargos,camara:74053:52,CRG-000565
cargos,camara:74053:54,CRG-000566
cargos,camara:74054:52,CRG-000567
cargos,camara:74055:52,CRG-000568
cargos,camara:74055:53,CRG-000569
cargos,camara:74056:52,CRG-000570
cargos,camara:74056:53,CRG-000571
cargos,camara:74056:54,CRG-000572
cargos,camara:74056:55,CRG-000573
cargos,camara:74057:52,CRG-000574
cargos,camara:74057:53,CRG-000575
cargos,camara:74057:54,CRG-000576
cargos,camara:74057:55,CRG-000577
cargos,camara:74057:56,CRG-000578
cargos,camara:74057:57,CRG-000579
cargos,camara:74058:52,CRG-000580
cargos,camara:74058:53,CRG-000581
cargos,camara:74058:54,CRG-000582
cargos,camara:74059:52,CRG-000583
cargos,camara:74059:53,CRG-000584
cargos,camara:74060:52,CRG-000585
cargos,camara:74060:53,CRG-000586
cargos,camara:74060:54,CRG-000587
cargos,camara:74060:55,CRG-000588
cargos,camara:74060:56,CRG-000589
cargos,camara:74060:57,CRG-000590
cargos,camara:74061:52,CRG-000591
cargos,camara:74061:53,CRG-000592
cargos,camara:74062:52,CRG-000593
cargos,camara:74062:53,CRG-000594
cargos,camara:74062:54,CRG-000595
cargos,camara:74063:52,CRG-000596
cargos,camara:74063:53,CRG-000597
cargos,camara:74065:53,CRG-000598
cargos,camara:74065:54,CRG-000599
cargos,camara:74065:55,CRG-000600
cargos,camara:74065:57,CRG-000601
cargos,camara:74066:52,CRG-000602
cargos,camara:74070:52,CRG-000603
cargos,camara:74072:52,CRG-000604
cargos,camara:74075:53,CRG-000605
cargos,camara:74075:54,CRG-000606
cargos,camara:74075:55,CRG-000607
cargos,camara:74075:56,CRG-000608
cargos,camara:74075:57,CRG-000609
cargos,camara:74076:53,CRG-000610
cargos,camara:74077:53,CRG-000611
cargos,camara:74077:54,CRG-000612
cargos,camara:74077:55,CRG-000613
cargos,camara:74079:52,CRG-000614
cargos,camara:74079:54,CRG-000615
cargos,camara:74079:55,CRG-000616
cargos,camara:74079:56,CRG-000617
cargos,camara:74079:57,CRG-000618
cargos,camara:74080:52,CRG-000619
cargos,camara:74080:53,CRG-000620
cargos,camara:74082:52,CRG-000621
cargos,camara:74082:53,CRG-000622
cargos,camara:74084:52,CRG-000623
cargos,camara:74084:57,CRG-000624
cargos,camara:74085:52,CRG-000625
cargos,camara:74087:52,CRG-000626
cargos,camara:74087:53,CRG-000627
cargos,camara:74090:52,CRG-000628
cargos,camara:74090:53,CRG-000629
cargos,camara:74090:54,CRG-000630
cargos,camara:74090:55,CRG-000631
cargos,camara:74090:56,CRG-000632
cargos,camara:74090:57,CRG-000633
cargos,camara:74094:54,CRG-000634
cargos,camara:74095:52,CRG-000635
cargos,camara:74095:54,CRG-000636
cargos,camara:74095:55,CRG-000637
cargos,camara:74095:57,CRG-000638
cargos,camara:74097:52,CRG-000639
cargos,camara:74099:53,CRG-000640
cargos,camara:74102:53,CRG-000641
cargos,camara:74103:52,CRG-000642
cargos,camara:74103:53,CRG-000643
cargos,camara:74103:54,CRG-000644
cargos,camara:74103:55,CRG-000645
cargos,camara:74106:54,CRG-000646
cargos,camara:74108:52,CRG-000647
cargos,camara:74108:53,CRG-000648
cargos,camara:74108:54,CRG-000649
cargos,camara:74111:52,CRG-000650
cargos,camara:74111:53,CRG-000651
cargos,camara:74111:54,CRG-000652
cargos,camara:74119:53,CRG-000653
cargos,camara:74119:54,CRG-000654
cargos,camara:74120:52,CRG-000655
cargos,camara:74120:53,CRG-000656
cargos,camara:74120:54,CRG-000657
cargos,camara:74124:53,CRG-000658
cargos,camara:74124:54,CRG-000659
cargos,camara:74124:55,CRG-000660
cargos,camara:74131:52,CRG-000661
cargos,camara:74133:52,CRG-000662
cargos,camara:74133:53,CRG-000663
cargos,camara:74133:54,CRG-000664
cargos,camara:74137:52,CRG-000665
cargos,camara:74139:52,CRG-000666
cargos,camara:74139:53,CRG-000667
cargos,camara:74140:52,CRG-000668
cargos,camara:74140:53,CRG-000669
cargos,camara:74140:54,CRG-000670
cargos,camara:74140:55,CRG-000671
cargos,camara:74140:57,CRG-000672
cargos,camara:74141:52,CRG-000673
cargos,camara:74141:54,CRG-000674
cargos,camara:74141:55,CRG-000675
cargos,camara:74141:56,CRG-000676
cargos,camara:74141:57,CRG-000677
cargos,camara:74142:52,CRG-000678
cargos,camara:74142:53,CRG-000679
cargos,camara:74143:52,CRG-000680
cargos,camara:74143:53,CRG-000681
cargos,camara:74143:54,CRG-000682
cargos,camara:74144:52,CRG-000683
cargos,camara:74145:52,CRG-000684
cargos,camara:74145:53,CRG-000685
cargos,camara:74145:54,CRG-000686
cargos,camara:74146:52,CRG-000687
cargos,camara:74147:52,CRG-000688
cargos,camara:74148:52,CRG-000689
cargos,camara:74148:53,CRG-000690
cargos,camara:74149:52,CRG-000691
cargos,camara:74150:52,CRG-000692
cargos,camara:74150:53,CRG-000693
cargos,camara:74151:52,CRG-000694
cargos,camara:74151:53,CRG-000695
cargos,camara:74151:54,CRG-000696
cargos,camara:74152:52,CRG-000697
cargos,camara:74152:54,CRG-000698
cargos,camara:74153:52,CRG-000699
cargos,camara:74154:52,CRG-000700
cargos,camara:74155:52,CRG-000701
cargos,camara:74156:52,CRG-000702
cargos,camara:74156:53,CRG-000703
cargos,camara:74156:54,CRG-000704
cargos,camara:74156:55,CRG-000705
cargos,camara:74156:56,CRG-000706
cargos,camara:74156:57,CRG-000707
cargos,camara:74157:52,CRG-000708
cargos,camara:74158:52,CRG-000709
cargos,camara:74158:53,CRG-000710
cargos,camara:74158:54,CRG-000711
cargos,camara:74158:55,CRG-000712
cargos,camara:74158:56,CRG-000713
cargos,camara:74158:57,CRG-000714
cargos,camara:74159:52,CRG-000715
cargos,camara:74159:53,CRG-000716
cargos,camara:74159:54,CRG-000717
cargos,camara:74159:55,CRG-000718
cargos,camara:74159:56,CRG-000719
cargos,camara:74159:57,CRG-000720
cargos,camara:74160:52,CRG-000721
cargos,camara:74160:55,CRG-000722
cargos,camara:74160:56,CRG-000723
cargos,camara:74160:57,CRG-000724
cargos,camara:74161:52,CRG-000725
cargos,camara:74161:53,CRG-000726
cargos,camara:74161:54,CRG-000727
cargos,camara:74161:55,CRG-000728
cargos,camara:74161:56,CRG-000729
cargos,camara:74161:57,CRG-000730
cargos,camara:74162:52,CRG-000731
cargos,camara:74162:53,CRG-000732
cargos,camara:74162:54,CRG-000733
cargos,camara:74163:52,CRG-000734
cargos,camara:74163:53,CRG-000735
cargos,camara:74163:54,CRG-000736
cargos,camara:74163:55,CRG-000737
cargos,camara:74164:52,CRG-000738
cargos,camara:74165:52,CRG-000739
cargos,camara:74165:53,CRG-000740
cargos,camara:74165:56,CRG-000741
cargos,camara:74166:52,CRG-000742
cargos,camara:74167:52,CRG-000743
cargos,camara:74168:52,CRG-000744
cargos,camara:74169:52,CRG-000745
cargos,camara:74169:53,CRG-000746
cargos,camara:74170:52,CRG-000747
cargos,camara:74171:52,CRG-000748
cargos,camara:74171:53,CRG-000749
cargos,camara:74171:54,CRG-000750
cargos,camara:74171:55,CRG-000751
cargos,camara:74171:57,CRG-000752
cargos,camara:74172:52,CRG-000753
cargos,camara:74172:53,CRG-000754
cargos,camara:74172:54,CRG-000755
cargos,camara:74172:55,CRG-000756
cargos,camara:74173:52,CRG-000757
cargos,camara:74173:53,CRG-000758
cargos,camara:74173:54,CRG-000759
cargos,camara:74173:55,CRG-000760
cargos,camara:74174:52,CRG-000761
cargos,camara:74175:52,CRG-000762
cargos,camara:74176:52,CRG-000763
cargos,camara:74177:52,CRG-000764
cargos,camara:74177:53,CRG-000765
cargos,camara:74177:54,CRG-000766
cargos,camara:74177:55,CRG-000767
cargos,camara:74181:52,CRG-000768
cargos,camara:74184:52,CRG-000769
cargos,camara:74187:52,CRG-000770
cargos,camara:74189:53,CRG-000771
cargos,camara:74189:55,CRG-000772
cargos,camara:74191:52,CRG-000773
cargos,camara:74191:53,CRG-000774
cargos,camara:74191:54,CRG-000775
cargos,camara:74194:52,CRG-000776
cargos,camara:74195:52,CRG-000777
cargos,camara:74197:53,CRG-000778
cargos,camara:74197:54,CRG-000779
cargos,camara:74198:52,CRG-000780
cargos,camara:74198:53,CRG-000781
cargos,camara:74200:52,CRG-000782
cargos,camara:74200:53,CRG-000783
cargos,camara:74200:54,CRG-000784
cargos,camara:74200:56,CRG-000785
cargos,camara:74207:52,CRG-000786
cargos,camara:74207:53,CRG-000787
cargos,camara:74207:54,CRG-000788
cargos,camara:74208:52,CRG-000789
cargos,camara:74209:53,CRG-000790
cargos,camara:74210:52,CRG-000791
cargos,camara:74210:53,CRG-000792
cargos,camara:74210:54,CRG-000793
cargos,camara:74210:55,CRG-000794
cargos,camara:74211:52,CRG-000795
cargos,camara:74211:53,CRG-000796
cargos,camara:74212:52,CRG-000797
cargos,camara:74212:53,CRG-000798
cargos,camara:74212:54,CRG-000799
cargos,camara:74212:55,CRG-000800
cargos,camara:74212:56,CRG-000801
cargos,camara:74213:54,CRG-000802
cargos,camara:74213:55,CRG-000803
cargos,camara:74216:52,CRG-000804
cargos,camara:74216:53,CRG-000805
cargos,camara:74216:54,CRG-000806
cargos,camara:74216:55,CRG-000807
cargos,camara:74218:52,CRG-000808
cargos,camara:74218:53,CRG-000809
cargos,camara:74222:52,CRG-000810
cargos,camara:74222:53,CRG-000811
cargos,camara:74222:54,CRG-000812
cargos,camara:74225:52,CRG-000813
cargos,camara:74230:52,CRG-000814
cargos,camara:74230:53,CRG-000815
cargos,camara:74230:54,CRG-000816
cargos,camara:74230:55,CRG-000817
cargos,camara:74235:52,CRG-000818
cargos,camara:74235:54,CRG-000819
cargos,camara:74235:55,CRG-000820
cargos,camara:74238:52,CRG-000821
cargos,camara:74238:53,CRG-000822
cargos,camara:74238:54,CRG-000823
cargos,camara:74240:52,CRG-000824
cargos,camara:74252:52,CRG-000825
cargos,camara:74253:52,CRG-000826
cargos,camara:74253:54,CRG-000827
cargos,camara:74253:55,CRG-000828
cargos,camara:74253:56,CRG-000829
cargos,camara:74253:57,CRG-000830
cargos,camara:74254:52,CRG-000831
cargos,camara:74254:53,CRG-000832
cargos,camara:74254:54,CRG-000833
cargos,camara:74254:55,CRG-000834
cargos,camara:74254:56,CRG-000835
cargos,camara:74255:52,CRG-000836
cargos,camara:74256:52,CRG-000837
cargos,camara:74257:52,CRG-000838
cargos,camara:74257:53,CRG-000839
cargos,camara:74258:52,CRG-000840
cargos,camara:74258:53,CRG-000841
cargos,camara:74259:52,CRG-000842
cargos,camara:74260:52,CRG-000843
cargos,camara:74261:52,CRG-000844
cargos,camara:74262:52,CRG-000845
cargos,camara:74262:53,CRG-000846
cargos,camara:74262:54,CRG-000847
cargos,camara:74262:55,CRG-000848
cargos,camara:74262:56,CRG-000849
cargos,camara:74262:57,CRG-000850
cargos,camara:74263:52,CRG-000851
cargos,camara:74263:53,CRG-000852
cargos,camara:74264:52,CRG-000853
cargos,camara:74264:53,CRG-000854
cargos,camara:74264:54,CRG-000855
cargos,camara:74265:52,CRG-000856
cargos,camara:74265:53,CRG-000857
cargos,camara:74265:54,CRG-000858
cargos,camara:74266:52,CRG-000859
cargos,camara:74267:52,CRG-000860
cargos,camara:74268:52,CRG-000861
cargos,camara:74269:52,CRG-000862
cargos,camara:74269:53,CRG-000863
cargos,camara:74270:52,CRG-000864
cargos,camara:74270:55,CRG-000865
cargos,camara:74270:56,CRG-000866
cargos,camara:74270:57,CRG-000867
cargos,camara:74271:52,CRG-000868
cargos,camara:74272:52,CRG-000869
cargos,camara:74272:53,CRG-000870
cargos,camara:74273:52,CRG-000871
cargos,camara:74273:53,CRG-000872
cargos,camara:74273:54,CRG-000873
cargos,camara:74273:55,CRG-000874
cargos,camara:74273:56,CRG-000875
cargos,camara:74273:57,CRG-000876
cargos,camara:74274:52,CRG-000877
cargos,camara:74274:53,CRG-000878
cargos,camara:74275:52,CRG-000879
cargos,camara:74275:53,CRG-000880
cargos,camara:74275:54,CRG-000881
cargos,camara:74275:55,CRG-000882
cargos,camara:74276:52,CRG-000883
cargos,camara:74277:52,CRG-000884
cargos,camara:74277:53,CRG-000885
cargos,camara:74277:55,CRG-000886
cargos,camara:74278:52,CRG-000887
cargos,camara:74278:53,CRG-000888
cargos,camara:74278:55,CRG-000889
cargos,camara:74279:52,CRG-000890
cargos,camara:74280:52,CRG-000891
cargos,camara:74281:52,CRG-000892
cargos,camara:74282:52,CRG-000893
cargos,camara:74283:52,CRG-000894
cargos,camara:74283:53,CRG-000895
cargos,camara:74283:54,CRG-000896
cargos,camara:74283:55,CRG-000897
cargos,camara:74283:56,CRG-000898
cargos,camara:74283:57,CRG-000899
cargos,camara:74284:52,CRG-000900
cargos,camara:74284:53,CRG-000901
cargos,camara:74284:54,CRG-000902
cargos,camara:74285:52,CRG-000903
cargos,camara:74285:53,CRG-000904
cargos,camara:74286:52,CRG-000905
cargos,camara:74286:53,CRG-000906
cargos,camara:74287:52,CRG-000907
cargos,camara:74288:52,CRG-000908
cargos,camara:74289:52,CRG-000909
cargos,camara:74289:53,CRG-000910
cargos,camara:74290:52,CRG-000911
cargos,camara:74290:53,CRG-000912
cargos,camara:74290:54,CRG-000913
cargos,camara:74291:52,CRG-000914
cargos,camara:74291:53,CRG-000915
cargos,camara:74291:54,CRG-000916
cargos,camara:74291:55,CRG-000917
cargos,camara:74294:52,CRG-000918
cargos,camara:74295:52,CRG-000919
cargos,camara:74295:55,CRG-000920
cargos,camara:74295:57,CRG-000921
cargos,camara:74297:52,CRG-000922
cargos,camara:74297:53,CRG-000923
cargos,camara:74297:54,CRG-000924
cargos,camara:74298:52,CRG-000925
cargos,camara:74298:53,CRG-000926
cargos,camara:74299:52,CRG-000927
cargos,camara:74299:55,CRG-000928
cargos,camara:74299:56,CRG-000929
cargos,camara:74299:57,CRG-000930
cargos,camara:74300:52,CRG-000931
cargos,camara:74300:53,CRG-000932
cargos,camara:74304:52,CRG-000933
cargos,camara:74305:52,CRG-000934
cargos,camara:74305:56,CRG-000935
cargos,camara:74306:52,CRG-000936
cargos,camara:74308:52,CRG-000937
cargos,camara:74308:53,CRG-000938
cargos,camara:74308:54,CRG-000939
cargos,camara:74308:55,CRG-000940
cargos,camara:74309:52,CRG-000941
cargos,camara:74309:53,CRG-000942
cargos,camara:74310:53,CRG-000943
cargos,camara:74312:52,CRG-000944
cargos,camara:74312:53,CRG-000945
cargos,camara:74313:52,CRG-000946
cargos,camara:74313:53,CRG-000947
cargos,camara:74317:52,CRG-000948
cargos,camara:74317:53,CRG-000949
cargos,camara:74317:54,CRG-000950
cargos,camara:74317:55,CRG-000951
cargos,camara:74317:56,CRG-000952
cargos,camara:74317:57,CRG-000953
cargos,camara:74318:52,CRG-000954
cargos,camara:74318:53,CRG-000955
cargos,camara:74319:52,CRG-000956
cargos,camara:74319:53,CRG-000957
cargos,camara:74319:54,CRG-000958
cargos,camara:74319:55,CRG-000959
cargos,camara:74319:56,CRG-000960
cargos,camara:74321:52,CRG-000961
cargos,camara:74321:53,CRG-000962
cargos,camara:74321:54,CRG-000963
cargos,camara:74324:52,CRG-000964
cargos,camara:74324:53,CRG-000965
cargos,camara:74324:54,CRG-000966
cargos,camara:74325:52,CRG-000967
cargos,camara:74327:52,CRG-000968
cargos,camara:74328:52,CRG-000969
cargos,camara:74329:52,CRG-000970
cargos,camara:74337:52,CRG-000971
cargos,camara:74337:53,CRG-000972
cargos,camara:74341:52,CRG-000973
cargos,camara:74341:53,CRG-000974
cargos,camara:74342:52,CRG-000975
cargos,camara:74343:52,CRG-000976
cargos,camara:74344:52,CRG-000977
cargos,camara:74345:52,CRG-000978
cargos,camara:74345:53,CRG-000979
cargos,camara:74345:54,CRG-000980
cargos,camara:74346:52,CRG-000981
cargos,camara:74346:53,CRG-000982
cargos,camara:74349:52,CRG-000983
cargos,camara:74351:52,CRG-000984
cargos,camara:74351:54,CRG-000985
cargos,camara:74351:55,CRG-000986
cargos,camara:74352:52,CRG-000987
cargos,camara:74352:53,CRG-000988
cargos,camara:74352:54,CRG-000989
cargos,camara:74352:55,CRG-000990
cargos,camara:74352:56,CRG-000991
cargos,camara:74354:52,CRG-000992
cargos,camara:74354:53,CRG-000993
cargos,camara:74354:54,CRG-000994
cargos,camara:74355:52,CRG-000995
cargos,camara:74356:52,CRG-000996
cargos,camara:74356:53,CRG-000997
cargos,camara:74356:54,CRG-000998
cargos,camara:74356:55,CRG-000999
cargos,camara:74356:56,CRG-001000
cargos,camara:74356:57,CRG-001001
cargos,camara:74357:52,CRG-001002
cargos,camara:74357:53,CRG-001003
cargos,camara:74358:52,CRG-001004
cargos,camara:74358:53,CRG-001005
cargos,camara:74358:55,CRG-001006
cargos,camara:74359:52,CRG-001007
cargos,camara:74359:54,CRG-001008
cargos,camara:74359:55,CRG-001009
cargos,camara:74360:52,CRG-001010
cargos,camara:74363:54,CRG-001011
cargos,camara:74365:52,CRG-001012
cargos,camara:74365:53,CRG-001013
cargos,camara:74366:52,CRG-001014
cargos,camara:74366:53,CRG-001015
cargos,camara:74366:54,CRG-001016
cargos,camara:74366:55,CRG-001017
cargos,camara:74366:56,CRG-001018
cargos,camara:74367:52,CRG-001019
cargos,camara:74367:53,CRG-001020
cargos,camara:74367:54,CRG-001021
cargos,camara:74368:52,CRG-001022
cargos,camara:74368:53,CRG-001023
cargos,camara:74368:54,CRG-001024
cargos,camara:74369:52,CRG-001025
cargos,camara:74370:52,CRG-001026
cargos,camara:74370:53,CRG-001027
cargos,camara:74371:52,CRG-001028
cargos,camara:74371:53,CRG-001029
cargos,camara:74371:54,CRG-001030
cargos,camara:74371:55,CRG-001031
cargos,camara:74371:56,CRG-001032
cargos,camara:74371:57,CRG-001033
cargos,camara:74372:52,CRG-001034
cargos,camara:74372:53,CRG-001035
cargos,camara:74372:54,CRG-001036
cargos,camara:74372:55,CRG-001037
cargos,camara:74373:52,CRG-001038
cargos,camara:74373:53,CRG-001039
cargos,camara:74373:54,CRG-001040
cargos,camara:74374:52,CRG-001041
cargos,camara:74374:53,CRG-001042
cargos,camara:74374:54,CRG-001043
cargos,camara:74374:55,CRG-001044
cargos,camara:74374:56,CRG-001045
cargos,camara:74374:57,CRG-001046
cargos,camara:74375:52,CRG-001047
cargos,camara:74376:52,CRG-001048
cargos,camara:74376:53,CRG-001049
cargos,camara:74376:54,CRG-001050
cargos,camara:74376:55,CRG-001051
cargos,camara:74376:56,CRG-001052
cargos,camara:74376:57,CRG-001053
cargos,camara:74377:52,CRG-001054
cargos,camara:74377:53,CRG-001055
cargos,camara:74377:54,CRG-001056
cargos,camara:74378:52,CRG-001057
cargos,camara:74378:53,CRG-001058
cargos,camara:74378:54,CRG-001059
cargos,camara:74378:55,CRG-001060
cargos,camara:74379:52,CRG-001061
cargos,camara:74379:53,CRG-001062
cargos,camara:74379:54,CRG-001063
cargos,camara:74380:52,CRG-001064
cargos,camara:74381:52,CRG-001065
cargos,camara:74382:52,CRG-001066
cargos,camara:74382:53,CRG-001067
cargos,camara:74382:54,CRG-001068
cargos,camara:74383:52,CRG-001069
cargos,camara:74383:53,CRG-001070
cargos,camara:74383:54,CRG-001071
cargos,camara:74383:55,CRG-001072
cargos,camara:74383:56,CRG-001073
cargos,camara:74383:57,CRG-001074
cargos,camara:74385:52,CRG-001075
cargos,camara:74385:53,CRG-001076
cargos,camara:74385:54,CRG-001077
cargos,camara:74385:55,CRG-001078
cargos,camara:74386:52,CRG-001079
cargos,camara:74387:52,CRG-001080
cargos,camara:74388:52,CRG-001081
cargos,camara:74388:53,CRG-001082
cargos,camara:74388:54,CRG-001083
cargos,camara:74388:55,CRG-001084
cargos,camara:74389:52,CRG-001085
cargos,camara:74390:52,CRG-001086
cargos,camara:74391:52,CRG-001087
cargos,camara:74391:53,CRG-001088
cargos,camara:74392:52,CRG-001089
cargos,camara:74392:53,CRG-001090
cargos,camara:74392:54,CRG-001091
cargos,camara:74392:55,CRG-001092
cargos,camara:74393:52,CRG-001093
cargos,camara:74394:52,CRG-001094
cargos,camara:74395:52,CRG-001095
cargos,camara:74395:53,CRG-001096
cargos,camara:74395:54,CRG-001097
cargos,camara:74395:55,CRG-001098
cargos,camara:74396:52,CRG-001099
cargos,camara:74397:52,CRG-001100
cargos,camara:74397:53,CRG-001101
cargos,camara:74398:52,CRG-001102
cargos,camara:74398:53,CRG-001103
cargos,camara:74398:54,CRG-001104
cargos,camara:74398:55,CRG-001105
cargos,camara:74398:56,CRG-001106
cargos,camara:74398:57,CRG-001107
cargos,camara:74399:52,CRG-001108
cargos,camara:74399:53,CRG-001109
cargos,camara:74399:54,CRG-001110
cargos,camara:74399:55,CRG-001111
cargos,camara:74399:56,CRG-001112
cargos,camara:74400:52,CRG-001113
cargos,camara:74400:53,CRG-001114
cargos,camara:74400:54,CRG-001115
cargos,camara:74400:55,CRG-001116
cargos,camara:74400:56,CRG-001117
cargos,camara:74400:57,CRG-001118
cargos,camara:74401:52,CRG-001119
cargos,camara:74402:52,CRG-001120
cargos,camara:74403:52,CRG-001121
cargos,camara:74405:52,CRG-001122
cargos,camara:74405:53,CRG-001123
cargos,camara:74405:54,CRG-001124
cargos,camara:74408:52,CRG-001125
cargos,camara:74414:53,CRG-001126
cargos,camara:74416:52,CRG-001127
cargos,camara:74417:52,CRG-001128
cargos,camara:74417:53,CRG-001129
cargos,camara:74417:54,CRG-001130
cargos,camara:74419:52,CRG-001131
cargos,camara:74419:53,CRG-001132
cargos,camara:74419:54,CRG-001133
cargos,camara:74419:55,CRG-001134
cargos,camara:74419:56,CRG-001135
cargos,camara:74421:52,CRG-001136
cargos,camara:74421:53,CRG-001137
cargos,camara:74421:54,CRG-001138
cargos,camara:74423:52,CRG-001139
cargos,camara:74423:53,CRG-001140
cargos,camara:74423:54,CRG-001141
cargos,camara:74425:52,CRG-001142
cargos,camara:74425:53,CRG-001143
cargos,camara:74426:52,CRG-001144
cargos,camara:74426:53,CRG-001145
cargos,camara:74427:52,CRG-001146
cargos,camara:74428:54,CRG-001147
cargos,camara:74428:55,CRG-001148
cargos,camara:74428:57,CRG-001149
cargos,camara:74430:52,CRG-001150
cargos,camara:74430:54,CRG-001151
cargos,camara:74431:52,CRG-001152
cargos,camara:74433:52,CRG-001153
cargos,camara:74433:53,CRG-001154
cargos,camara:74434:52,CRG-001155
cargos,camara:74435:54,CRG-001156
cargos,camara:74436:52,CRG-001157
cargos,camara:74439:53,CRG-001158
cargos,camara:74439:54,CRG-001159
cargos,camara:74439:55,CRG-001160
cargos,camara:74439:56,CRG-001161
cargos,camara:74441:53,CRG-001162
cargos,camara:74444:52,CRG-001163
cargos,camara:74445:52,CRG-001164
cargos,camara:74445:55,CRG-001165
cargos,camara:74447:52,CRG-001166
cargos,camara:74447:53,CRG-001167
cargos,camara:74447:54,CRG-001168
cargos,camara:74448:52,CRG-001169
cargos,camara:74449:52,CRG-001170
cargos,camara:74449:53,CRG-001171
cargos,camara:74449:54,CRG-001172
cargos,camara:74449:55,CRG-001173
cargos,camara:74451:52,CRG-001174
cargos,camara:74452:52,CRG-001175
cargos,camara:74454:52,CRG-001176
cargos,camara:74454:53,CRG-001177
cargos,camara:74454:57,CRG-001178
cargos,camara:74455:52,CRG-001179
cargos,camara:74455:53,CRG-001180
cargos,camara:74456:52,CRG-001181
cargos,camara:74456:53,CRG-001182
cargos,camara:74456:54,CRG-001183
cargos,camara:74457:52,CRG-001184
cargos,camara:74457:55,CRG-001185
cargos,camara:74459:52,CRG-001186
cargos,camara:74459:53,CRG-001187
cargos,camara:74459:54,CRG-001188
cargos,camara:74459:55,CRG-001189
cargos,camara:74459:56,CRG-001190
cargos,camara:74460:52,CRG-001191
cargos,camara:74460:53,CRG-001192
cargos,camara:74460:54,CRG-001193
cargos,camara:74460:55,CRG-001194
cargos,camara:74461:53,CRG-001195
cargos,camara:74463:52,CRG-001196
cargos,camara:74464:52,CRG-001197
cargos,camara:74466:52,CRG-001198
cargos,camara:74467:52,CRG-001199
cargos,camara:74467:53,CRG-001200
cargos,camara:74467:54,CRG-001201
cargos,camara:74467:55,CRG-001202
cargos,camara:74467:56,CRG-001203
cargos,camara:74467:57,CRG-001204
cargos,camara:74468:52,CRG-001205
cargos,camara:74469:52,CRG-001206
cargos,camara:74470:52,CRG-001207
cargos,camara:74470:53,CRG-001208
cargos,camara:74470:55,CRG-001209
cargos,camara:74471:52,CRG-001210
cargos,camara:74471:53,CRG-001211
cargos,camara:74471:54,CRG-001212
cargos,camara:74471:55,CRG-001213
cargos,camara:74471:56,CRG-001214
cargos,camara:74472:52,CRG-001215
cargos,camara:74472:53,CRG-001216
cargos,camara:74473:52,CRG-001217
cargos,camara:74474:52,CRG-001218
cargos,camara:74474:53,CRG-001219
cargos,camara:74474:54,CRG-001220
cargos,camara:74474:55,CRG-001221
cargos,camara:74477:52,CRG-001222
cargos,camara:74478:55,CRG-001223
cargos,camara:74478:56,CRG-001224
cargos,camara:74478:57,CRG-001225
cargos,camara:74479:52,CRG-001226
cargos,camara:74480:52,CRG-001227
cargos,camara:74481:52,CRG-001228
cargos,camara:74481:53,CRG-001229
cargos,camara:74482:52,CRG-001230
cargos,camara:74483:52,CRG-001231
cargos,camara:74484:52,CRG-001232
cargos,camara:74485:52,CRG-001233
cargos,camara:74486:52,CRG-001234
cargos,camara:74487:52,CRG-001235
cargos,camara:74487:53,CRG-001236
cargos,camara:74488:52,CRG-001237
cargos,camara:74489:52,CRG-001238
cargos,camara:74490:52,CRG-001239
cargos,camara:74490:53,CRG-001240
cargos,camara:74491:52,CRG-001241
cargos,camara:74491:53,CRG-001242
cargos,camara:74491:54,CRG-001243
cargos,camara:74492:52,CRG-001244
cargos,camara:74493:52,CRG-001245
cargos,camara:74494:52,CRG-001246
cargos,camara:74495:52,CRG-001247
cargos,camara:74496:52,CRG-001248
cargos,camara:74497:52,CRG-001249
cargos,camara:74517:52,CRG-001250
cargos,camara:74517:53,CRG-001251
cargos,camara:74520:52,CRG-001252
cargos,camara:74521:52,CRG-001253
cargos,camara:74527:52,CRG-001254
cargos,camara:74528:53,CRG-001255
cargos,camara:74533:52,CRG-001256
cargos,camara:74533:53,CRG-001257
cargos,camara:74533:54,CRG-001258
cargos,camara:74534:52,CRG-001259
cargos,camara:74535:55,CRG-001260
cargos,camara:74537:52,CRG-001261
cargos,camara:74537:53,CRG-001262
cargos,camara:74537:54,CRG-001263
cargos,camara:74537:55,CRG-001264
cargos,camara:74537:56,CRG-001265
cargos,camara:74537:57,CRG-001266
cargos,camara:74538:52,CRG-001267
cargos,camara:74542:52,CRG-001268
cargos,camara:74542:53,CRG-001269
cargos,camara:74544:52,CRG-001270
cargos,camara:74544:53,CRG-001271
cargos,camara:74547:52,CRG-001272
cargos,camara:74547:53,CRG-001273
cargos,camara:74549:52,CRG-001274
cargos,camara:74549:53,CRG-001275
cargos,camara:74550:52,CRG-001276
cargos,camara:74550:53,CRG-001277
cargos,camara:74550:54,CRG-001278
cargos,camara:74550:57,CRG-001279
cargos,camara:74552:52,CRG-001280
cargos,camara:74552:53,CRG-001281
cargos,camara:74553:52,CRG-001282
cargos,camara:74553:53,CRG-001283
cargos,camara:74553:55,CRG-001284
cargos,camara:74554:52,CRG-001285
cargos,camara:74554:53,CRG-001286
cargos,camara:74554:54,CRG-001287
cargos,camara:74554:55,CRG-001288
cargos,camara:74554:56,CRG-001289
cargos,camara:74554:57,CRG-001290
cargos,camara:74556:53,CRG-001291
cargos,camara:74556:54,CRG-001292
cargos,camara:74557:52,CRG-001293
cargos,camara:74558:52,CRG-001294
cargos,camara:74558:53,CRG-001295
cargos,camara:74558:54,CRG-001296
cargos,camara:74558:55,CRG-001297
cargos,camara:74559:52,CRG-001298
cargos,camara:74559:54,CRG-001299
cargos,camara:74562:52,CRG-001300
cargos,camara:74563:52,CRG-001301
cargos,camara:74563:53,CRG-001302
cargos,camara:74566:53,CRG-001303
cargos,camara:74566:54,CRG-001304
cargos,camara:74567:52,CRG-001305
cargos,camara:74568:52,CRG-001306
cargos,camara:74570:52,CRG-001307
cargos,camara:74570:53,CRG-001308
cargos,camara:74570:54,CRG-001309
cargos,camara:74570:55,CRG-001310
cargos,camara:74571:52,CRG-001311
cargos,camara:74571:53,CRG-001312
cargos,camara:74571:54,CRG-001313
cargos,camara:74571:55,CRG-001314
cargos,camara:74571:56,CRG-001315
cargos,camara:74574:52,CRG-001316
cargos,camara:74574:53,CRG-001317
cargos,camara:74574:54,CRG-001318
cargos,camara:74574:55,CRG-001319
cargos,camara:74574:56,CRG-001320
cargos,camara:74574:57,CRG-001321
cargos,camara:74577:52,CRG-001322
cargos,camara:74578:52,CRG-001323
cargos,camara:74578:53,CRG-001324
cargos,camara:74579:52,CRG-001325
cargos,camara:74579:53,CRG-001326
cargos,camara:74580:52,CRG-001327
cargos,camara:74580:53,CRG-001328
cargos,camara:74580:54,CRG-001329
cargos,camara:74581:52,CRG-001330
cargos,camara:74581:53,CRG-001331
cargos,camara:74581:54,CRG-001332
cargos,camara:74581:57,CRG-001333
cargos,camara:74584:52,CRG-001334
cargos,camara:74585:52,CRG-001335
cargos,camara:74585:53,CRG-001336
cargos,camara:74585:54,CRG-001337
cargos,camara:74585:55,CRG-001338
cargos,camara:74585:56,CRG-001339
cargos,camara:74585:57,CRG-001340
cargos,camara:74586:52,CRG-001341
cargos,camara:74586:53,CRG-001342
cargos,camara:74587:52,CRG-001343
cargos,camara:74587:53,CRG-001344
cargos,camara:74590:52,CRG-001345
cargos,camara:74590:53,CRG-001346
cargos,camara:74591:52,CRG-001347
cargos,camara:74591:53,CRG-001348
cargos,camara:74592:52,CRG-001349
cargos,camara:74593:52,CRG-001350
cargos,camara:74593:53,CRG-001351
cargos,camara:74634:53,CRG-001352
cargos,camara:74634:54,CRG-001353
cargos,camara:74634:55,CRG-001354
cargos,camara:74635:52,CRG-001355
cargos,camara:74635:53,CRG-001356
cargos,camara:74635:54,CRG-001357
cargos,camara:74637:52,CRG-001358
cargos,camara:74640:52,CRG-001359
cargos,camara:74641:52,CRG-001360
cargos,camara:74641:53,CRG-001361
cargos,camara:74646:56,CRG-001362
cargos,camara:74646:57,CRG-001363
cargos,camara:74648:52,CRG-001364
cargos,camara:74648:53,CRG-001365
cargos,camara:74648:54,CRG-001366
cargos,camara:74650:52,CRG-001367
cargos,camara:74650:53,CRG-001368
cargos,camara:74650:54,CRG-001369
cargos,camara:74650:55,CRG-001370
cargos,camara:74651:52,CRG-001371
cargos,camara:74651:53,CRG-001372
cargos,camara:74651:54,CRG-001373
cargos,camara:74651:55,CRG-001374
cargos,camara:74654:52,CRG-001375
cargos,camara:74655:52,CRG-001376
cargos,camara:74655:53,CRG-001377
cargos,camara:74655:54,CRG-001378
cargos,camara:74655:55,CRG-001379
cargos,camara:74655:56,CRG-001380
cargos,camara:74655:57,CRG-001381
cargos,camara:74657:52,CRG-001382
cargos,camara:74658:52,CRG-001383
cargos,camara:74658:53,CRG-001384
cargos,camara:74660:52,CRG-001385
cargos,camara:74662:53,CRG-001386
cargos,camara:74662:54,CRG-001387
cargos,camara:74662:55,CRG-001388
cargos,camara:74663:52,CRG-001389
cargos,camara:74665:52,CRG-001390
cargos,camara:74665:53,CRG-001391
cargos,camara:74665:54,CRG-001392
cargos,camara:74665:55,CRG-001393
cargos,camara:74671:52,CRG-001394
cargos,camara:74675:52,CRG-001395
cargos,camara:74676:52,CRG-001396
cargos,camara:74680:52,CRG-001397
cargos,camara:74683:52,CRG-001398
cargos,camara:74686:52,CRG-001399
cargos,camara:74686:53,CRG-001400
cargos,camara:74686:54,CRG-001401
cargos,camara:74688:52,CRG-001402
cargos,camara:74688:53,CRG-001403
cargos,camara:74688:54,CRG-001404
cargos,camara:74688:55,CRG-001405
cargos,camara:74690:52,CRG-001406
cargos,camara:74692:52,CRG-001407
cargos,camara:74693:52,CRG-001408
cargos,camara:74693:53,CRG-001409
cargos,camara:74693:54,CRG-001410
cargos,camara:74693:55,CRG-001411
cargos,camara:74693:56,CRG-001412
cargos,camara:74696:54,CRG-001413
cargos,camara:74696:57,CRG-001414
cargos,camara:74699:52,CRG-001415
cargos,camara:74700:52,CRG-001416
cargos,camara:74701:53,CRG-001417
cargos,camara:74702:52,CRG-001418
cargos,camara:74705:52,CRG-001419
cargos,camara:74741:52,CRG-001420
cargos,camara:74741:53,CRG-001421
cargos,camara:74742:52,CRG-001422
cargos,camara:74742:53,CRG-001423
cargos,camara:74742:54,CRG-001424
cargos,camara:74744:52,CRG-001425
cargos,camara:74744:53,CRG-001426
cargos,camara:74744:54,CRG-001427
cargos,camara:74745:53,CRG-001428
cargos,camara:74745:54,CRG-001429
cargos,camara:74747:53,CRG-001430
cargos,camara:74747:54,CRG-001431
cargos,camara:74749:52,CRG-001432
cargos,camara:74749:53,CRG-001433
cargos,camara:74749:54,CRG-001434
cargos,camara:74749:55,CRG-001435
cargos,camara:74749:56,CRG-001436
cargos,camara:74750:54,CRG-001437
cargos,camara:74751:54,CRG-001438
cargos,camara:74751:55,CRG-001439
cargos,camara:74752:52,CRG-001440
cargos,camara:74752:55,CRG-001441
cargos,camara:74753:52,CRG-001442
cargos,camara:74754:52,CRG-001443
cargos,camara:74754:53,CRG-001444
cargos,camara:74756:52,CRG-001445
cargos,camara:74758:52,CRG-001446
cargos,camara:74759:52,CRG-001447
cargos,camara:74762:52,CRG-001448
cargos,camara:74762:53,CRG-001449
cargos,camara:74762:54,CRG-001450
cargos,camara:74762:55,CRG-001451
cargos,camara:74763:52,CRG-001452
cargos,camara:74765:52,CRG-001453
cargos,camara:74765:53,CRG-001454
cargos,camara:74765:54,CRG-001455
cargos,camara:74765:55,CRG-001456
cargos,camara:74768:52,CRG-001457
cargos,camara:74771:52,CRG-001458
cargos,camara:74776:52,CRG-001459
cargos,camara:74777:53,CRG-001460
cargos,camara:74778:52,CRG-001461
cargos,camara:74779:52,CRG-001462
cargos,camara:74780:52,CRG-001463
cargos,camara:74780:53,CRG-001464
cargos,camara:74780:54,CRG-001465
cargos,camara:74781:52,CRG-001466
cargos,camara:74781:53,CRG-001467
cargos,camara:74782:52,CRG-001468
cargos,camara:74783:52,CRG-001469
cargos,camara:74783:53,CRG-001470
cargos,camara:74783:54,CRG-001471
cargos,camara:74784:52,CRG-001472
cargos,camara:74784:53,CRG-001473
cargos,camara:74784:54,CRG-001474
cargos,camara:74784:55,CRG-001475
cargos,camara:74784:56,CRG-001476
cargos,camara:74784:57,CRG-001477
cargos,camara:74786:52,CRG-001478
cargos,camara:74787:52,CRG-001479
cargos,camara:74787:53,CRG-001480
cargos,camara:74787:54,CRG-001481
cargos,camara:74787:55,CRG-001482
cargos,camara:74790:52,CRG-001483
cargos,camara:74791:52,CRG-001484
cargos,camara:74792:52,CRG-001485
cargos,camara:74793:52,CRG-001486
cargos,camara:74793:53,CRG-001487
cargos,camara:74793:54,CRG-001488
cargos,camara:74797:52,CRG-001489
cargos,camara:74799:52,CRG-001490
cargos,camara:74799:53,CRG-001491
cargos,camara:74800:52,CRG-001492
cargos,camara:74801:52,CRG-001493
cargos,camara:74802:53,CRG-001494
cargos,camara:74802:54,CRG-001495
cargos,camara:74806:52,CRG-001496
cargos,camara:74806:53,CRG-001497
cargos,camara:74806:56,CRG-001498
cargos,camara:74810:52,CRG-001499
cargos,camara:74810:53,CRG-001500
cargos,camara:74812:52,CRG-001501
cargos,camara:74812:53,CRG-001502
cargos,camara:74812:54,CRG-001503
cargos,camara:74812:55,CRG-001504
cargos,camara:74813:52,CRG-001505
cargos,camara:74813:53,CRG-001506
cargos,camara:74813:54,CRG-001507
cargos,camara:74828:52,CRG-001508
cargos,camara:74829:52,CRG-001509
cargos,camara:74829:53,CRG-001510
cargos,camara:74829:54,CRG-001511
cargos,camara:74830:52,CRG-001512
cargos,camara:74830:53,CRG-001513
cargos,camara:74830:54,CRG-001514
cargos,camara:74833:52,CRG-001515
cargos,camara:74833:53,CRG-001516
cargos,camara:74833:54,CRG-001517
cargos,camara:74833:55,CRG-001518
cargos,camara:74835:52,CRG-001519
cargos,camara:74835:53,CRG-001520
cargos,camara:74838:52,CRG-001521
cargos,camara:74838:53,CRG-001522
cargos,camara:74838:54,CRG-001523
cargos,camara:74841:52,CRG-001524
cargos,camara:74841:53,CRG-001525
cargos,camara:74842:52,CRG-001526
cargos,camara:74842:53,CRG-001527
cargos,camara:74843:52,CRG-001528
cargos,camara:74843:53,CRG-001529
cargos,camara:74843:54,CRG-001530
cargos,camara:74844:52,CRG-001531
cargos,camara:74846:52,CRG-001532
cargos,camara:74847:52,CRG-001533
cargos,camara:74847:53,CRG-001534
cargos,camara:74847:54,CRG-001535
cargos,camara:74847:55,CRG-001536
cargos,camara:74848:52,CRG-001537
cargos,camara:74848:54,CRG-001538
cargos,camara:74848:55,CRG-001539
cargos,camara:74848:56,CRG-001540
cargos,camara:74848:57,CRG-001541
cargos,camara:74856:52,CRG-001542
cargos,camara:74856:54,CRG-001543
cargos,camara:74856:55,CRG-001544
cargos,camara:74856:56,CRG-001545
cargos,camara:74856:57,CRG-001546
cargos,camara:74858:52,CRG-001547
cargos,camara:74858:57,CRG-001548
cargos,camara:74860:52,CRG-001549
cargos,camara:74862:52,CRG-001550
cargos,camara:74862:53,CRG-001551
cargos,camara:74862:54,CRG-001552
cargos,camara:74862:55,CRG-001553
cargos,camara:74863:52,CRG-001554
cargos,camara:75431:54,CRG-001555
cargos,camara:75431:56,CRG-001556
cargos,camara:76287:54,CRG-001557
cargos,camara:76287:55,CRG-001558
cargos,camara:76420:54,CRG-001559
cargos,camara:76874:56,CRG-001560
cargos,camara:77003:57,CRG-001561
cargos,camara:77701:52,CRG-001562
cargos,camara:77701:53,CRG-001563
cargos,camara:80815:57,CRG-001564
cargos,camara:80920:54,CRG-001565
cargos,camara:80920:55,CRG-001566
cargos,camara:81055:56,CRG-001567
cargos,camara:81055:57,CRG-001568
cargos,camara:81232:54,CRG-001569
cargos,camara:81232:55,CRG-001570
cargos,camara:81297:56,CRG-001571
cargos,camara:81366:55,CRG-001572
cargos,camara:81512:53,CRG-001573
cargos,camara:86634:53,CRG-001574
cargos,camara:88256:57,CRG-001575
cargos,camara:88950:54,CRG-001576
cargos,camara:88950:55,CRG-001577
cargos,camara:89282:54,CRG-001578
cargos,camara:89536:57,CRG-001579
cargos,camara:90201:56,CRG-001580
cargos,camara:90842:56,CRG-001581
cargos,camara:91208:55,CRG-001582
cargos,camara:91228:57,CRG-001583
cargos,camara:92102:56,CRG-001584
cargos,camara:92102:57,CRG-001585
cargos,camara:92172:56,CRG-001586
cargos,camara:92346:55,CRG-001587
cargos,camara:92346:56,CRG-001588
cargos,camara:92346:57,CRG-001589
cargos,camara:92355:54,CRG-001590
cargos,camara:92355:55,CRG-001591
cargos,camara:92699:55,CRG-001592
cargos,camara:92699:56,CRG-001593
cargos,camara:92699:57,CRG-001594
cargos,camara:92776:54,CRG-001595
cargos,camara:92776:55,CRG-001596
cargos,camara:92776:56,CRG-001597
cargos,camara:92776:57,CRG-001598
cargos,camara:93083:55,CRG-001599
cargos,camara:93083:56,CRG-001600
cargos,camara:93472:53,CRG-001601
cargos,camara:93472:55,CRG-001602
cargos,camara:94931:54,CRG-001603
cargos,camara:94931:55,CRG-001604
cargos,camara:97707:55,CRG-001605
cargos,camara:97822:54,CRG-001606
cargos,camara:98057:56,CRG-001607
cargos,camara:98057:57,CRG-001608
cargos,camara:98148:57,CRG-001609
cargos,camara:98615:57,CRG-001610
cargos,camara:99654:53,CRG-001611
cargos,camara:99654:54,CRG-001612
cargos,camara:99654:55,CRG-001613
cargos,camara:100689:57,CRG-001614
cargos,camara:101309:55,CRG-001615
cargos,camara:103758:57,CRG-001616
cargos,camara:104254:54,CRG-001617
cargos,camara:104552:57,CRG-001618
cargos,camara:105112:55,CRG-001619
cargos,camara:105534:56,CRG-001620
cargos,camara:107283:56,CRG-001621
cargos,camara:107283:57,CRG-001622
cargos,camara:107970:57,CRG-001623
cargos,camara:108338:56,CRG-001624
cargos,camara:109152:54,CRG-001625
cargos,camara:109372:54,CRG-001626
cargos,camara:109429:56,CRG-001627
cargos,camara:109429:57,CRG-001628
cargos,camara:112437:55,CRG-001629
cargos,camara:112437:56,CRG-001630
cargos,camara:113247:55,CRG-001631
cargos,camara:114586:54,CRG-001632
cargos,camara:114941:55,CRG-001633
cargos,camara:115200:57,CRG-001634
cargos,camara:115746:56,CRG-001635
cargos,camara:115899:53,CRG-001636
cargos,camara:116379:56,CRG-001637
cargos,camara:116379:57,CRG-001638
cargos,camara:116663:54,CRG-001639
cargos,camara:118384:54,CRG-001640
cargos,camara:118594:55,CRG-001641
cargos,camara:118594:56,CRG-001642
cargos,camara:121759:54,CRG-001643
cargos,camara:121948:56,CRG-001644
cargos,camara:121948:57,CRG-001645
cargos,camara:122158:54,CRG-001646
cargos,camara:122158:55,CRG-001647
cargos,camara:122158:56,CRG-001648
cargos,camara:122158:57,CRG-001649
cargos,camara:122195:54,CRG-001650
cargos,camara:122195:56,CRG-001651
cargos,camara:122195:57,CRG-001652
cargos,camara:122466:55,CRG-001653
cargos,camara:122466:56,CRG-001654
cargos,camara:122974:56,CRG-001655
cargos,camara:122974:57,CRG-001656
cargos,camara:123086:57,CRG-001657
cargos,camara:123756:54,CRG-001658
cargos,camara:123756:56,CRG-001659
cargos,camara:123756:57,CRG-001660
cargos,camara:124411:55,CRG-001661
cargos,camara:128760:54,CRG-001662
cargos,camara:128760:56,CRG-001663
cargos,camara:128760:57,CRG-001664
cargos,camara:129037:54,CRG-001665
cargos,camara:129037:55,CRG-001666
cargos,camara:129617:52,CRG-001667
cargos,camara:129618:52,CRG-001668
cargos,camara:129618:53,CRG-001669
cargos,camara:129618:54,CRG-001670
cargos,camara:129618:55,CRG-001671
cargos,camara:129618:56,CRG-001672
cargos,camara:129618:57,CRG-001673
cargos,camara:131711:53,CRG-001674
cargos,camara:131873:53,CRG-001675
cargos,camara:131943:55,CRG-001676
cargos,camara:131966:55,CRG-001677
cargos,camara:132056:53,CRG-001678
cargos,camara:132056:54,CRG-001679
cargos,camara:132056:55,CRG-001680
cargos,camara:132504:55,CRG-001681
cargos,camara:132504:56,CRG-001682
cargos,camara:132504:57,CRG-001683
cargos,camara:133370:52,CRG-001684
cargos,camara:133371:52,CRG-001685
cargos,camara:133372:52,CRG-001686
cargos,camara:133372:53,CRG-001687
cargos,camara:133372:54,CRG-001688
cargos,camara:133373:52,CRG-001689
cargos,camara:133373:53,CRG-001690
cargos,camara:133373:54,CRG-001691
cargos,camara:133373:55,CRG-001692
cargos,camara:133373:56,CRG-001693
cargos,camara:133374:52,CRG-001694
cargos,camara:133374:53,CRG-001695
cargos,camara:133374:54,CRG-001696
cargos,camara:133374:55,CRG-001697
cargos,camara:133375:52,CRG-001698
cargos,camara:133375:53,CRG-001699
cargos,camara:133376:52,CRG-001700
cargos,camara:133377:52,CRG-001701
cargos,camara:133439:52,CRG-001702
cargos,camara:133439:54,CRG-001703
cargos,camara:133439:55,CRG-001704
cargos,camara:133439:56,CRG-001705
cargos,camara:133439:57,CRG-001706
cargos,camara:133440:52,CRG-001707
cargos,camara:133658:52,CRG-001708
cargos,camara:133810:56,CRG-001709
cargos,camara:133810:57,CRG-001710
cargos,camara:133853:53,CRG-001711
cargos,camara:133968:56,CRG-001712
cargos,camara:134115:52,CRG-001713
cargos,camara:134116:52,CRG-001714
cargos,camara:134812:55,CRG-001715
cargos,camara:134812:56,CRG-001716
cargos,camara:134893:52,CRG-001717
cargos,camara:135054:56,CRG-001718
cargos,camara:135476:52,CRG-001719
cargos,camara:136226:52,CRG-001720
cargos,camara:136377:52,CRG-001721
cargos,camara:136811:52,CRG-001722
cargos,camara:136811:53,CRG-001723
cargos,camara:136811:54,CRG-001724
cargos,camara:136811:55,CRG-001725
cargos,camara:136811:56,CRG-001726
cargos,camara:136811:57,CRG-001727
cargos,camara:137070:55,CRG-001728
cargos,camara:137070:56,CRG-001729
cargos,camara:137070:57,CRG-001730
cargos,camara:137116:52,CRG-001731
cargos,camara:137578:52,CRG-001732
cargos,camara:137759:52,CRG-001733
cargos,camara:137853:54,CRG-001734
cargos,camara:137853:55,CRG-001735
cargos,camara:137983:52,CRG-001736
cargos,camara:137983:54,CRG-001737
cargos,camara:138286:57,CRG-001738
cargos,camara:138512:52,CRG-001739
cargos,camara:139133:53,CRG-001740
cargos,camara:139187:53,CRG-001741
cargos,camara:139212:53,CRG-001742
cargos,camara:139285:53,CRG-001743
cargos,camara:139285:56,CRG-001744
cargos,camara:139285:57,CRG-001745
cargos,camara:139311:53,CRG-001746
cargos,camara:139311:54,CRG-001747
cargos,camara:140241:52,CRG-001748
cargos,camara:141057:52,CRG-001749
cargos,camara:141057:53,CRG-001750
cargos,camara:141331:52,CRG-001751
cargos,camara:141334:52,CRG-001752
cargos,camara:141335:52,CRG-001753
cargos,camara:141335:53,CRG-001754
cargos,camara:141335:54,CRG-001755
cargos,camara:141335:55,CRG-001756
cargos,camara:141335:56,CRG-001757
cargos,camara:141336:52,CRG-001758
cargos,camara:141336:53,CRG-001759
cargos,camara:141337:52,CRG-001760
cargos,camara:141344:52,CRG-001761
cargos,camara:141344:53,CRG-001762
cargos,camara:141371:53,CRG-001763
cargos,camara:141371:54,CRG-001764
cargos,camara:141372:53,CRG-001765
cargos,camara:141372:54,CRG-001766
cargos,camara:141372:55,CRG-001767
cargos,camara:141372:56,CRG-001768
cargos,camara:141373:53,CRG-001769
cargos,camara:141374:52,CRG-001770
cargos,camara:141374:53,CRG-001771
cargos,camara:141374:54,CRG-001772
cargos,camara:141375:53,CRG-001773
cargos,camara:141375:54,CRG-001774
cargos,camara:141376:53,CRG-001775
cargos,camara:141377:53,CRG-001776
cargos,camara:141377:54,CRG-001777
cargos,camara:141378:53,CRG-001778
cargos,camara:141378:54,CRG-001779
cargos,camara:141379:53,CRG-001780
cargos,camara:141379:54,CRG-001781
cargos,camara:141379:55,CRG-001782
cargos,camara:141379:56,CRG-001783
cargos,camara:141380:53,CRG-001784
cargos,camara:141381:53,CRG-001785
cargos,camara:141381:54,CRG-001786
cargos,camara:141382:53,CRG-001787
cargos,camara:141383:53,CRG-001788
cargos,camara:141383:54,CRG-001789
cargos,camara:141383:55,CRG-001790
cargos,camara:141384:53,CRG-001791
cargos,camara:141384:54,CRG-001792
cargos,camara:141384:55,CRG-001793
cargos,camara:141385:53,CRG-001794
cargos,camara:141385:54,CRG-001795
cargos,camara:141385:55,CRG-001796
cargos,camara:141386:53,CRG-001797
cargos,camara:141386:54,CRG-001798
cargos,camara:141387:53,CRG-001799
cargos,camara:141387:54,CRG-001800
cargos,camara:141388:53,CRG-001801
cargos,camara:141389:53,CRG-001802
cargos,camara:141389:55,CRG-001803
cargos,camara:141390:53,CRG-001804
cargos,camara:141390:54,CRG-001805
cargos,camara:141391:53,CRG-001806
cargos,camara:141391:54,CRG-001807
cargos,camara:141391:55,CRG-001808
cargos,camara:141391:56,CRG-001809
cargos,camara:141391:57,CRG-001810
cargos,camara:141392:53,CRG-001811
cargos,camara:141393:53,CRG-001812
cargos,camara:141393:54,CRG-001813
cargos,camara:141394:53,CRG-001814
cargos,camara:141394:54,CRG-001815
cargos,camara:141394:55,CRG-001816
cargos,camara:141395:53,CRG-001817
cargos,camara:141395:54,CRG-001818
cargos,camara:141396:53,CRG-001819
cargos,camara:141396:54,CRG-001820
cargos,camara:141397:53,CRG-001821
cargos,camara:141398:53,CRG-001822
cargos,camara:141398:54,CRG-001823
cargos,camara:141398:55,CRG-001824
cargos,camara:141398:56,CRG-001825
cargos,camara:141398:57,CRG-001826
cargos,camara:141399:53,CRG-001827
cargos,camara:141399:54,CRG-001828
cargos,camara:141400:53,CRG-001829
cargos,camara:141400:54,CRG-001830
cargos,camara:141401:53,CRG-001831
cargos,camara:141401:54,CRG-001832
cargos,camara:141401:55,CRG-001833
cargos,camara:141401:56,CRG-001834
cargos,camara:141401:57,CRG-001835
cargos,camara:141402:53,CRG-001836
cargos,camara:141402:54,CRG-001837
cargos,camara:141403:53,CRG-001838
cargos,camara:141403:54,CRG-001839
cargos,camara:141404:53,CRG-001840
cargos,camara:141405:53,CRG-001841
cargos,camara:141405:54,CRG-001842
cargos,camara:141405:55,CRG-001843
cargos,camara:141405:56,CRG-001844
cargos,camara:141406:53,CRG-001845
cargos,camara:141407:53,CRG-001846
cargos,camara:141408:53,CRG-001847
cargos,camara:141408:54,CRG-001848
cargos,camara:141408:55,CRG-001849
cargos,camara:141408:56,CRG-001850
cargos,camara:141408:57,CRG-001851
cargos,camara:141409:53,CRG-001852
cargos,camara:141410:53,CRG-001853
cargos,camara:141411:53,CRG-001854
cargos,camara:141411:55,CRG-001855
cargos,camara:141411:56,CRG-001856
cargos,camara:141411:57,CRG-001857
cargos,camara:141412:53,CRG-001858
cargos,camara:141412:54,CRG-001859
cargos,camara:141412:55,CRG-001860
cargos,camara:141413:53,CRG-001861
cargos,camara:141413:54,CRG-001862
cargos,camara:141413:55,CRG-001863
cargos,camara:141414:53,CRG-001864
cargos,camara:141415:53,CRG-001865
cargos,camara:141416:53,CRG-001866
cargos,camara:141416:54,CRG-001867
cargos,camara:141417:53,CRG-001868
cargos,camara:141417:54,CRG-001869
cargos,camara:141417:55,CRG-001870
cargos,camara:141417:56,CRG-001871
cargos,camara:141418:53,CRG-001872
cargos,camara:141418:54,CRG-001873
cargos,camara:141419:53,CRG-001874
cargos,camara:141419:54,CRG-001875
cargos,camara:141420:53,CRG-001876
cargos,camara:141421:53,CRG-001877
cargos,camara:141421:54,CRG-001878
cargos,camara:141421:55,CRG-001879
cargos,camara:141421:56,CRG-001880
cargos,camara:141421:57,CRG-001881
cargos,camara:141422:53,CRG-001882
cargos,camara:141422:54,CRG-001883
cargos,camara:141422:55,CRG-001884
cargos,camara:141422:56,CRG-001885
cargos,camara:141423:53,CRG-001886
cargos,camara:141423:54,CRG-001887
cargos,camara:141424:53,CRG-001888
cargos,camara:141425:53,CRG-001889
cargos,camara:141426:53,CRG-001890
cargos,camara:141427:53,CRG-001891
cargos,camara:141427:54,CRG-001892
cargos,camara:141427:55,CRG-001893
cargos,camara:141427:56,CRG-001894
cargos,camara:141427:57,CRG-001895
cargos,camara:141428:53,CRG-001896
cargos,camara:141428:54,CRG-001897
cargos,camara:141428:55,CRG-001898
cargos,camara:141428:56,CRG-001899
cargos,camara:141429:53,CRG-001900
cargos,camara:141429:54,CRG-001901
cargos,camara:141429:55,CRG-001902
cargos,camara:141430:53,CRG-001903
cargos,camara:141430:54,CRG-001904
cargos,camara:141430:55,CRG-001905
cargos,camara:141431:53,CRG-001906
cargos,camara:141431:54,CRG-001907
cargos,camara:141431:55,CRG-001908
cargos,camara:141431:56,CRG-001909
cargos,camara:141431:57,CRG-001910
cargos,camara:141432:53,CRG-001911
cargos,camara:141433:53,CRG-001912
cargos,camara:141433:54,CRG-001913
cargos,camara:141434:53,CRG-001914
cargos,camara:141434:54,CRG-001915
cargos,camara:141434:55,CRG-001916
cargos,camara:141434:56,CRG-001917
cargos,camara:141435:53,CRG-001918
cargos,camara:141435:54,CRG-001919
cargos,camara:141436:53,CRG-001920
cargos,camara:141437:53,CRG-001921
cargos,camara:141438:53,CRG-001922
cargos,camara:141438:54,CRG-001923
cargos,camara:141439:53,CRG-001924
cargos,camara:141439:54,CRG-001925
cargos,camara:141439:55,CRG-001926
cargos,camara:141439:56,CRG-001927
cargos,camara:141440:53,CRG-001928
cargos,camara:141440:54,CRG-001929
cargos,camara:141440:55,CRG-001930
cargos,camara:141440:56,CRG-001931
cargos,camara:141441:53,CRG-001932
cargos,camara:141441:54,CRG-001933
cargos,camara:141441:55,CRG-001934
cargos,camara:141442:53,CRG-001935
cargos,camara:141443:53,CRG-001936
cargos,camara:141444:53,CRG-001937
cargos,camara:141445:53,CRG-001938
cargos,camara:141445:54,CRG-001939
cargos,camara:141445:55,CRG-001940
cargos,camara:141446:53,CRG-001941
cargos,camara:141446:54,CRG-001942
cargos,camara:141447:53,CRG-001943
cargos,camara:141447:54,CRG-001944
cargos,camara:141448:53,CRG-001945
cargos,camara:141448:54,CRG-001946
cargos,camara:141449:53,CRG-001947
cargos,camara:141450:53,CRG-001948
cargos,camara:141450:54,CRG-001949
cargos,camara:141450:55,CRG-001950
cargos,camara:141450:56,CRG-001951
cargos,camara:141450:57,CRG-001952
cargos,camara:141451:53,CRG-001953
cargos,camara:141452:53,CRG-001954
cargos,camara:141453:53,CRG-001955
cargos,camara:141453:54,CRG-001956
cargos,camara:141454:53,CRG-001957
cargos,camara:141454:54,CRG-001958
cargos,camara:141454:55,CRG-001959
cargos,camara:141455:53,CRG-001960
cargos,camara:141455:54,CRG-001961
cargos,camara:141456:53,CRG-001962
cargos,camara:141456:54,CRG-001963
cargos,camara:141456:57,CRG-001964
cargos,camara:141457:53,CRG-001965
cargos,camara:141457:54,CRG-001966
cargos,camara:141458:53,CRG-001967
cargos,camara:141458:54,CRG-001968
cargos,camara:141458:55,CRG-001969
cargos,camara:141458:56,CRG-001970
cargos,camara:141458:57,CRG-001971
cargos,camara:141459:53,CRG-001972
cargos,camara:141459:54,CRG-001973
cargos,camara:141459:56,CRG-001974
cargos,camara:141459:57,CRG-001975
cargos,camara:141460:53,CRG-001976
cargos,camara:141461:53,CRG-001977
cargos,camara:141461:54,CRG-001978
cargos,camara:141462:53,CRG-001979
cargos,camara:141462:54,CRG-001980
cargos,camara:141463:53,CRG-001981
cargos,camara:141463:54,CRG-001982
cargos,camara:141464:53,CRG-001983
cargos,camara:141464:54,CRG-001984
cargos,camara:141464:55,CRG-001985
cargos,camara:141464:56,CRG-001986
cargos,camara:141464:57,CRG-001987
cargos,camara:141465:53,CRG-001988
cargos,camara:141465:54,CRG-001989
cargos,camara:141466:53,CRG-001990
cargos,camara:141467:53,CRG-001991
cargos,camara:141467:54,CRG-001992
cargos,camara:141468:53,CRG-001993
cargos,camara:141469:53,CRG-001994
cargos,camara:141470:53,CRG-001995
cargos,camara:141470:54,CRG-001996
cargos,camara:141470:55,CRG-001997
cargos,camara:141470:56,CRG-001998
cargos,camara:141470:57,CRG-001999
cargos,camara:141471:53,CRG-002000
cargos,camara:141472:53,CRG-002001
cargos,camara:141472:54,CRG-002002
cargos,camara:141472:55,CRG-002003
cargos,camara:141473:53,CRG-002004
cargos,camara:141473:54,CRG-002005
cargos,camara:141474:53,CRG-002006
cargos,camara:141474:55,CRG-002007
cargos,camara:141475:53,CRG-002008
cargos,camara:141476:53,CRG-002009
cargos,camara:141477:53,CRG-002010
cargos,camara:141478:53,CRG-002011
cargos,camara:141478:55,CRG-002012
cargos,camara:141478:56,CRG-002013
cargos,camara:141479:53,CRG-002014
cargos,camara:141479:54,CRG-002015
cargos,camara:141480:53,CRG-002016
cargos,camara:141480:54,CRG-002017
cargos,camara:141480:55,CRG-002018
cargos,camara:141480:56,CRG-002019
cargos,camara:141480:57,CRG-002020
cargos,camara:141481:53,CRG-002021
cargos,camara:141482:53,CRG-002022
cargos,camara:141482:54,CRG-002023
cargos,camara:141482:55,CRG-002024
cargos,camara:141483:53,CRG-002025
cargos,camara:141483:54,CRG-002026
cargos,camara:141483:55,CRG-002027
cargos,camara:141484:53,CRG-002028
cargos,camara:141484:54,CRG-002029
cargos,camara:141484:55,CRG-002030
cargos,camara:141485:53,CRG-002031
cargos,camara:141485:54,CRG-002032
cargos,camara:141485:55,CRG-002033
cargos,camara:141485:57,CRG-002034
cargos,camara:141486:53,CRG-002035
cargos,camara:141486:54,CRG-002036
cargos,camara:141487:53,CRG-002037
cargos,camara:141487:54,CRG-002038
cargos,camara:141487:55,CRG-002039
cargos,camara:141487:57,CRG-002040
cargos,camara:141488:53,CRG-002041
cargos,camara:141488:54,CRG-002042
cargos,camara:141488:55,CRG-002043
cargos,camara:141488:56,CRG-002044
cargos,camara:141488:57,CRG-002045
cargos,camara:141489:53,CRG-002046
cargos,camara:141490:53,CRG-002047
cargos,camara:141490:54,CRG-002048
cargos,camara:141490:55,CRG-002049
cargos,camara:141490:56,CRG-002050
cargos,camara:141491:53,CRG-002051
cargos,camara:141492:53,CRG-002052
cargos,camara:141492:54,CRG-002053
cargos,camara:141493:53,CRG-002054
cargos,camara:141493:54,CRG-002055
cargos,camara:141494:53,CRG-002056
cargos,camara:141495:53,CRG-002057
cargos,camara:141496:53,CRG-002058
cargos,camara:141496:54,CRG-002059
cargos,camara:141497:53,CRG-002060
cargos,camara:141497:54,CRG-002061
cargos,camara:141498:53,CRG-002062
cargos,camara:141498:54,CRG-002063
cargos,camara:141499:53,CRG-002064
cargos,camara:141500:53,CRG-002065
cargos,camara:141500:54,CRG-002066
cargos,camara:141500:55,CRG-002067
cargos,camara:141501:53,CRG-002068
cargos,camara:141502:53,CRG-002069
cargos,camara:141502:54,CRG-002070
cargos,camara:141503:53,CRG-002071
cargos,camara:141503:54,CRG-002072
cargos,camara:141503:55,CRG-002073
cargos,camara:141504:53,CRG-002074
cargos,camara:141505:53,CRG-002075
cargos,camara:141506:53,CRG-002076
cargos,camara:141506:54,CRG-002077
cargos,camara:141507:53,CRG-002078
cargos,camara:141507:54,CRG-002079
cargos,camara:141507:55,CRG-002080
cargos,camara:141508:53,CRG-002081
cargos,camara:141508:54,CRG-002082
cargos,camara:141508:56,CRG-002083
cargos,camara:141509:53,CRG-002084
cargos,camara:141509:54,CRG-002085
cargos,camara:141509:55,CRG-002086
cargos,camara:141510:53,CRG-002087
cargos,camara:141510:54,CRG-002088
cargos,camara:141511:53,CRG-002089
cargos,camara:141512:53,CRG-002090
cargos,camara:141513:53,CRG-002091
cargos,camara:141513:54,CRG-002092
cargos,camara:141513:55,CRG-002093
cargos,camara:141513:56,CRG-002094
cargos,camara:141514:53,CRG-002095
cargos,camara:141514:54,CRG-002096
cargos,camara:141515:53,CRG-002097
cargos,camara:141515:54,CRG-002098
cargos,camara:141515:55,CRG-002099
cargos,camara:141515:56,CRG-002100
cargos,camara:141516:53,CRG-002101
cargos,camara:141516:54,CRG-002102
cargos,camara:141516:55,CRG-002103
cargos,camara:141516:56,CRG-002104
cargos,camara:141516:57,CRG-002105
cargos,camara:141517:53,CRG-002106
cargos,camara:141517:54,CRG-002107
cargos,camara:141517:55,CRG-002108
cargos,camara:141518:53,CRG-002109
cargos,camara:141518:54,CRG-002110
cargos,camara:141518:55,CRG-002111
cargos,camara:141518:56,CRG-002112
cargos,camara:141518:57,CRG-002113
cargos,camara:141519:53,CRG-002114
cargos,camara:141519:54,CRG-002115
cargos,camara:141520:53,CRG-002116
cargos,camara:141521:53,CRG-002117
cargos,camara:141522:53,CRG-002118
cargos,camara:141522:54,CRG-002119
cargos,camara:141522:55,CRG-002120
cargos,camara:141523:53,CRG-002121
cargos,camara:141523:54,CRG-002122
cargos,camara:141523:56,CRG-002123
cargos,camara:141524:53,CRG-002124
cargos,camara:141525:53,CRG-002125
cargos,camara:141525:54,CRG-002126
cargos,camara:141526:53,CRG-002127
cargos,camara:141527:53,CRG-002128
cargos,camara:141527:54,CRG-002129
cargos,camara:141527:55,CRG-002130
cargos,camara:141528:53,CRG-002131
cargos,camara:141529:53,CRG-002132
cargos,camara:141529:54,CRG-002133
cargos,camara:141529:55,CRG-002134
cargos,camara:141530:53,CRG-002135
cargos,camara:141531:53,CRG-002136
cargos,camara:141531:54,CRG-002137
cargos,camara:141531:55,CRG-002138
cargos,camara:141531:56,CRG-002139
cargos,camara:141531:57,CRG-002140
cargos,camara:141532:53,CRG-002141
cargos,camara:141532:55,CRG-002142
cargos,camara:141533:53,CRG-002143
cargos,camara:141533:57,CRG-002144
cargos,camara:141534:53,CRG-002145
cargos,camara:141535:53,CRG-002146
cargos,camara:141535:54,CRG-002147
cargos,camara:141535:55,CRG-002148
cargos,camara:141536:53,CRG-002149
cargos,camara:141536:55,CRG-002150
cargos,camara:141537:53,CRG-002151
cargos,camara:141537:54,CRG-002152
cargos,camara:141538:53,CRG-002153
cargos,camara:141539:53,CRG-002154
cargos,camara:141539:54,CRG-002155
cargos,camara:141540:53,CRG-002156
cargos,camara:141541:53,CRG-002157
cargos,camara:141542:53,CRG-002158
cargos,camara:141542:54,CRG-002159
cargos,camara:141542:55,CRG-002160
cargos,camara:141543:53,CRG-002161
cargos,camara:141543:54,CRG-002162
cargos,camara:141545:53,CRG-002163
cargos,camara:141546:53,CRG-002164
cargos,camara:141547:53,CRG-002165
cargos,camara:141547:54,CRG-002166
cargos,camara:141548:53,CRG-002167
cargos,camara:141548:54,CRG-002168
cargos,camara:141549:53,CRG-002169
cargos,camara:141550:53,CRG-002170
cargos,camara:141551:53,CRG-002171
cargos,camara:141551:54,CRG-002172
cargos,camara:141552:53,CRG-002173
cargos,camara:141552:54,CRG-002174
cargos,camara:141552:55,CRG-002175
cargos,camara:141552:56,CRG-002176
cargos,camara:141552:57,CRG-002177
cargos,camara:141553:53,CRG-002178
cargos,camara:141553:54,CRG-002179
cargos,camara:141553:55,CRG-002180
cargos,camara:141553:56,CRG-002181
cargos,camara:141554:53,CRG-002182
cargos,camara:141555:53,CRG-002183
cargos,camara:141555:55,CRG-002184
cargos,camara:141555:56,CRG-002185
cargos,camara:141555:57,CRG-002186
cargos,camara:141556:53,CRG-002187
cargos,camara:141557:53,CRG-002188
cargos,camara:141557:54,CRG-002189
cargos,camara:141558:53,CRG-002190
cargos,camara:141558:54,CRG-002191
cargos,camara:141558:55,CRG-002192
cargos,camara:141559:53,CRG-002193
cargos,camara:141560:53,CRG-002194
cargos,camara:141560:54,CRG-002195
cargos,camara:141560:55,CRG-002196
cargos,camara:141561:53,CRG-002197
cargos,camara:141561:54,CRG-002198
cargos,camara:141562:53,CRG-002199
cargos,camara:141562:54,CRG-002200
cargos,camara:141562:55,CRG-002201
cargos,camara:141563:53,CRG-002202
cargos,camara:141563:55,CRG-002203
cargos,camara:141870:53,CRG-002204
cargos,camara:141870:54,CRG-002205
cargos,camara:143084:56,CRG-002206
cargos,camara:143084:57,CRG-002207
cargos,camara:143253:53,CRG-002208
cargos,camara:143254:53,CRG-002209
cargos,camara:143632:54,CRG-002210
cargos,camara:143632:55,CRG-002211
cargos,camara:143632:56,CRG-002212
cargos,camara:143632:57,CRG-002213
cargos,camara:143942:57,CRG-002214
cargos,camara:144523:55,CRG-002215
cargos,camara:145895:54,CRG-002216
cargos,camara:146307:53,CRG-002217
cargos,camara:146307:54,CRG-002218
cargos,camara:146307:56,CRG-002219
cargos,camara:146308:53,CRG-002220
cargos,camara:146613:53,CRG-002221
cargos,camara:146613:54,CRG-002222
cargos,camara:146788:55,CRG-002223
cargos,camara:146788:56,CRG-002224
cargos,camara:146829:55,CRG-002225
cargos,camara:146949:54,CRG-002226
cargos,camara:146949:55,CRG-002227
cargos,camara:147653:53,CRG-002228
cargos,camara:147975:53,CRG-002229
cargos,camara:147975:54,CRG-002230
cargos,camara:148134:53,CRG-002231
cargos,camara:148134:54,CRG-002232
cargos,camara:148134:55,CRG-002233
cargos,camara:148295:53,CRG-002234
cargos,camara:149293:53,CRG-002235
cargos,camara:149327:53,CRG-002236
cargos,camara:149327:54,CRG-002237
cargos,camara:150418:53,CRG-002238
cargos,camara:150418:54,CRG-002239
cargos,camara:150418:55,CRG-002240
cargos,camara:150418:56,CRG-002241
cargos,camara:150418:57,CRG-002242
cargos,camara:150634:53,CRG-002243
cargos,camara:150634:54,CRG-002244
cargos,camara:150635:53,CRG-002245
cargos,camara:150876:53,CRG-002246
cargos,camara:150876:54,CRG-002247
cargos,camara:151208:53,CRG-002248
cargos,camara:151208:54,CRG-002249
cargos,camara:151208:55,CRG-002250
cargos,camara:151208:56,CRG-002251
cargos,camara:151214:53,CRG-002252
cargos,camara:151249:53,CRG-002253
cargos,camara:151965:53,CRG-002254
cargos,camara:151965:55,CRG-002255
cargos,camara:151965:56,CRG-002256
cargos,camara:152605:53,CRG-002257
cargos,camara:152605:54,CRG-002258
cargos,camara:152605:55,CRG-002259
cargos,camara:152605:56,CRG-002260
cargos,camara:152605:57,CRG-002261
cargos,camara:152606:53,CRG-002262
cargos,camara:152607:53,CRG-002263
cargos,camara:152607:54,CRG-002264
cargos,camara:152608:53,CRG-002265
cargos,camara:152609:53,CRG-002266
cargos,camara:152610:53,CRG-002267
cargos,camara:152610:55,CRG-002268
cargos,camara:152610:56,CRG-002269
cargos,camara:152611:53,CRG-002270
cargos,camara:152865:53,CRG-002271
cargos,camara:152865:54,CRG-002272
cargos,camara:153384:53,CRG-002273
cargos,camara:153423:57,CRG-002274
cargos,camara:154178:53,CRG-002275
cargos,camara:154178:56,CRG-002276
cargos,camara:154178:57,CRG-002277
cargos,camara:154417:53,CRG-002278
cargos,camara:154700:57,CRG-002279
cargos,camara:154734:53,CRG-002280
cargos,camara:154739:53,CRG-002281
cargos,camara:154919:53,CRG-002282
cargos,camara:154919:54,CRG-002283
cargos,camara:154919:56,CRG-002284
cargos,camara:154996:53,CRG-002285
cargos,camara:154997:53,CRG-002286
cargos,camara:154997:54,CRG-002287
cargos,camara:155920:53,CRG-002288
cargos,camara:156190:56,CRG-002289
cargos,camara:156190:57,CRG-002290
cargos,camara:156634:53,CRG-002291
cargos,camara:157130:56,CRG-002292
cargos,camara:157130:57,CRG-002293
cargos,camara:157225:53,CRG-002294
cargos,camara:158328:53,CRG-002295
cargos,camara:159058:53,CRG-002296
cargos,camara:159237:54,CRG-002297
cargos,camara:159237:55,CRG-002298
cargos,camara:159237:56,CRG-002299
cargos,camara:159238:54,CRG-002300
cargos,camara:159238:55,CRG-002301
cargos,camara:159238:56,CRG-002302
cargos,camara:159257:53,CRG-002303
cargos,camara:159258:53,CRG-002304
cargos,camara:159258:54,CRG-002305
cargos,camara:159259:53,CRG-002306
cargos,camara:159260:53,CRG-002307
cargos,camara:159261:53,CRG-002308
cargos,camara:159262:53,CRG-002309
cargos,camara:159263:53,CRG-002310
cargos,camara:159264:53,CRG-002311
cargos,camara:159265:53,CRG-002312
cargos,camara:160161:57,CRG-002313
cargos,camara:160317:53,CRG-002314
cargos,camara:160318:53,CRG-002315
cargos,camara:160365:53,CRG-002316
cargos,camara:160396:53,CRG-002317
cargos,camara:160396:54,CRG-002318
cargos,camara:160426:53,CRG-002319
cargos,camara:160426:55,CRG-002320
cargos,camara:160508:54,CRG-002321
cargos,camara:160508:55,CRG-002322
cargos,camara:160508:56,CRG-002323
cargos,camara:160508:57,CRG-002324
cargos,camara:160509:54,CRG-002325
cargos,camara:160509:55,CRG-002326
cargos,camara:160510:54,CRG-002327
cargos,camara:160510:55,CRG-002328
cargos,camara:160510:56,CRG-002329
cargos,camara:160510:57,CRG-002330
cargos,camara:160511:54,CRG-002331
cargos,camara:160511:55,CRG-002332
cargos,camara:160511:56,CRG-002333
cargos,camara:160512:54,CRG-002334
cargos,camara:160512:55,CRG-002335
cargos,camara:160512:56,CRG-002336
cargos,camara:160512:57,CRG-002337
cargos,camara:160513:54,CRG-002338
cargos,camara:160514:54,CRG-002339
cargos,camara:160515:54,CRG-002340
cargos,camara:160515:55,CRG-002341
cargos,camara:160516:54,CRG-002342
cargos,camara:160517:54,CRG-002343
cargos,camara:160517:55,CRG-002344
cargos,camara:160517:56,CRG-002345
cargos,camara:160517:57,CRG-002346
cargos,camara:160518:54,CRG-002347
cargos,camara:160518:55,CRG-002348
cargos,camara:160518:56,CRG-002349
cargos,camara:160518:57,CRG-002350
cargos,camara:160519:54,CRG-002351
cargos,camara:160520:53,CRG-002352
cargos,camara:160527:54,CRG-002353
cargos,camara:160527:55,CRG-002354
cargos,camara:160527:56,CRG-002355
cargos,camara:160527:57,CRG-002356
cargos,camara:160528:54,CRG-002357
cargos,camara:160528:55,CRG-002358
cargos,camara:160528:56,CRG-002359
cargos,camara:160529:54,CRG-002360
cargos,camara:160530:54,CRG-002361
cargos,camara:160530:55,CRG-002362
cargos,camara:160531:54,CRG-002363
cargos,camara:160531:55,CRG-002364
cargos,camara:160531:56,CRG-002365
cargos,camara:160531:57,CRG-002366
cargos,camara:160532:54,CRG-002367
cargos,camara:160532:55,CRG-002368
cargos,camara:160532:56,CRG-002369
cargos,camara:160533:54,CRG-002370
cargos,camara:160534:54,CRG-002371
cargos,camara:160534:56,CRG-002372
cargos,camara:160535:54,CRG-002373
cargos,camara:160535:55,CRG-002374
cargos,camara:160535:56,CRG-002375
cargos,camara:160535:57,CRG-002376
cargos,camara:160536:54,CRG-002377
cargos,camara:160536:55,CRG-002378
cargos,camara:160536:56,CRG-002379
cargos,camara:160537:54,CRG-002380
cargos,camara:160538:54,CRG-002381
cargos,camara:160538:55,CRG-002382
cargos,camara:160538:56,CRG-002383
cargos,camara:160538:57,CRG-002384
cargos,camara:160539:54,CRG-002385
cargos,camara:160540:54,CRG-002386
cargos,camara:160541:54,CRG-002387
cargos,camara:160541:55,CRG-002388
cargos,camara:160541:56,CRG-002389
cargos,camara:160541:57,CRG-002390
cargos,camara:160542:54,CRG-002391
cargos,camara:160542:56,CRG-002392
cargos,camara:160543:54,CRG-002393
cargos,camara:160543:55,CRG-002394
cargos,camara:160544:54,CRG-002395
cargos,camara:160544:55,CRG-002396
cargos,camara:160545:54,CRG-002397
cargos,camara:160545:55,CRG-002398
cargos,camara:160545:56,CRG-002399
cargos,camara:160545:57,CRG-002400
cargos,camara:160546:54,CRG-002401
cargos,camara:160547:54,CRG-002402
cargos,camara:160547:55,CRG-002403
cargos,camara:160548:54,CRG-002404
cargos,camara:160548:57,CRG-002405
cargos,camara:160549:54,CRG-002406
cargos,camara:160550:54,CRG-002407
cargos,camara:160551:54,CRG-002408
cargos,camara:160551:55,CRG-002409
cargos,camara:160552:54,CRG-002410
cargos,camara:160552:55,CRG-002411
cargos,camara:160552:56,CRG-002412
cargos,camara:160552:57,CRG-002413
cargos,camara:160553:54,CRG-002414
cargos,camara:160553:55,CRG-002415
cargos,camara:160553:56,CRG-002416
cargos,camara:160553:57,CRG-002417
cargos,camara:160554:54,CRG-002418
cargos,camara:160555:54,CRG-002419
cargos,camara:160556:54,CRG-002420
cargos,camara:160556:55,CRG-002421
cargos,camara:160556:56,CRG-002422
cargos,camara:160556:57,CRG-002423
cargos,camara:160557:54,CRG-002424
cargos,camara:160558:54,CRG-002425
cargos,camara:160558:55,CRG-002426
cargos,camara:160558:56,CRG-002427
cargos,camara:160558:57,CRG-002428
cargos,camara:160559:54,CRG-002429
cargos,camara:160559:55,CRG-002430
cargos,camara:160559:56,CRG-002431
cargos,camara:160559:57,CRG-002432
cargos,camara:160560:54,CRG-002433
cargos,camara:160561:54,CRG-002434
cargos,camara:160561:55,CRG-002435
cargos,camara:160561:56,CRG-002436
cargos,camara:160561:57,CRG-002437
cargos,camara:160562:54,CRG-002438
cargos,camara:160563:54,CRG-002439
cargos,camara:160564:54,CRG-002440
cargos,camara:160565:54,CRG-002441
cargos,camara:160565:55,CRG-002442
cargos,camara:160566:54,CRG-002443
cargos,camara:160566:55,CRG-002444
cargos,camara:160567:52,CRG-002445
cargos,camara:160567:54,CRG-002446
cargos,camara:160567:55,CRG-002447
cargos,camara:160568:54,CRG-002448
cargos,camara:160569:54,CRG-002449
cargos,camara:160569:55,CRG-002450
cargos,camara:160569:56,CRG-002451
cargos,camara:160569:57,CRG-002452
cargos,camara:160570:54,CRG-002453
cargos,camara:160570:55,CRG-002454
cargos,camara:160570:56,CRG-002455
cargos,camara:160571:54,CRG-002456
cargos,camara:160571:55,CRG-002457
cargos,camara:160572:54,CRG-002458
cargos,camara:160572:55,CRG-002459
cargos,camara:160573:54,CRG-002460
cargos,camara:160573:55,CRG-002461
cargos,camara:160574:54,CRG-002462
cargos,camara:160575:54,CRG-002463
cargos,camara:160575:55,CRG-002464
cargos,camara:160575:56,CRG-002465
cargos,camara:160575:57,CRG-002466
cargos,camara:160576:54,CRG-002467
cargos,camara:160576:55,CRG-002468
cargos,camara:160577:54,CRG-002469
cargos,camara:160578:54,CRG-002470
cargos,camara:160578:55,CRG-002471
cargos,camara:160579:54,CRG-002472
cargos,camara:160580:54,CRG-002473
cargos,camara:160581:54,CRG-002474
cargos,camara:160581:55,CRG-002475
cargos,camara:160582:54,CRG-002476
cargos,camara:160582:55,CRG-002477
cargos,camara:160584:54,CRG-002478
cargos,camara:160585:54,CRG-002479
cargos,camara:160586:54,CRG-002480
cargos,camara:160587:54,CRG-002481
cargos,camara:160587:55,CRG-002482
cargos,camara:160587:56,CRG-002483
cargos,camara:160588:54,CRG-002484
cargos,camara:160588:55,CRG-002485
cargos,camara:160588:56,CRG-002486
cargos,camara:160588:57,CRG-002487
cargos,camara:160589:54,CRG-002488
cargos,camara:160589:55,CRG-002489
cargos,camara:160589:56,CRG-002490
cargos,camara:160590:54,CRG-002491
cargos,camara:160591:54,CRG-002492
cargos,camara:160591:55,CRG-002493
cargos,camara:160591:56,CRG-002494
cargos,camara:160591:57,CRG-002495
cargos,camara:160592:54,CRG-002496
cargos,camara:160592:55,CRG-002497
cargos,camara:160592:56,CRG-002498
cargos,camara:160592:57,CRG-002499
cargos,camara:160593:54,CRG-002500
cargos,camara:160594:54,CRG-002501
cargos,camara:160595:54,CRG-002502
cargos,camara:160596:54,CRG-002503
cargos,camara:160596:55,CRG-002504
cargos,camara:160597:54,CRG-002505
cargos,camara:160598:54,CRG-002506
cargos,camara:160598:55,CRG-002507
cargos,camara:160598:56,CRG-002508
cargos,camara:160598:57,CRG-002509
cargos,camara:160599:54,CRG-002510
cargos,camara:160599:55,CRG-002511
cargos,camara:160599:56,CRG-002512
cargos,camara:160599:57,CRG-002513
cargos,camara:160600:54,CRG-002514
cargos,camara:160600:55,CRG-002515
cargos,camara:160600:56,CRG-002516
cargos,camara:160600:57,CRG-002517
cargos,camara:160601:54,CRG-002518
cargos,camara:160601:55,CRG-002519
cargos,camara:160601:56,CRG-002520
cargos,camara:160601:57,CRG-002521
cargos,camara:160602:54,CRG-002522
cargos,camara:160602:55,CRG-002523
cargos,camara:160603:54,CRG-002524
cargos,camara:160604:54,CRG-002525
cargos,camara:160604:55,CRG-002526
cargos,camara:160604:56,CRG-002527
cargos,camara:160604:57,CRG-002528
cargos,camara:160605:54,CRG-002529
cargos,camara:160606:54,CRG-002530
cargos,camara:160607:54,CRG-002531
cargos,camara:160607:55,CRG-002532
cargos,camara:160608:54,CRG-002533
cargos,camara:160609:54,CRG-002534
cargos,camara:160609:55,CRG-002535
cargos,camara:160610:54,CRG-002536
cargos,camara:160610:55,CRG-002537
cargos,camara:160610:56,CRG-002538
cargos,camara:160610:57,CRG-002539
cargos,camara:160611:54,CRG-002540
cargos,camara:160611:55,CRG-002541
cargos,camara:160612:54,CRG-002542
cargos,camara:160612:55,CRG-002543
cargos,camara:160613:54,CRG-002544
cargos,camara:160613:55,CRG-002545
cargos,camara:160614:54,CRG-002546
cargos,camara:160615:54,CRG-002547
cargos,camara:160616:54,CRG-002548
cargos,camara:160617:54,CRG-002549
cargos,camara:160617:55,CRG-002550
cargos,camara:160618:54,CRG-002551
cargos,camara:160619:54,CRG-002552
cargos,camara:160619:55,CRG-002553
cargos,camara:160619:56,CRG-002554
cargos,camara:160620:54,CRG-002555
cargos,camara:160620:55,CRG-002556
cargos,camara:160621:54,CRG-002557
cargos,camara:160621:55,CRG-002558
cargos,camara:160621:56,CRG-002559
cargos,camara:160621:57,CRG-002560
cargos,camara:160622:54,CRG-002561
cargos,camara:160622:55,CRG-002562
cargos,camara:160623:54,CRG-002563
cargos,camara:160624:54,CRG-002564
cargos,camara:160625:54,CRG-002565
cargos,camara:160626:54,CRG-002566
cargos,camara:160627:54,CRG-002567
cargos,camara:160628:54,CRG-002568
cargos,camara:160628:55,CRG-002569
cargos,camara:160629:54,CRG-002570
cargos,camara:160629:57,CRG-002571
cargos,camara:160630:54,CRG-002572
cargos,camara:160630:55,CRG-002573
cargos,camara:160631:54,CRG-002574
cargos,camara:160631:55,CRG-002575
cargos,camara:160632:54,CRG-002576
cargos,camara:160632:55,CRG-002577
cargos,camara:160632:56,CRG-002578
cargos,camara:160632:57,CRG-002579
cargos,camara:160633:54,CRG-002580
cargos,camara:160633:55,CRG-002581
cargos,camara:160634:54,CRG-002582
cargos,camara:160635:54,CRG-002583
cargos,camara:160635:56,CRG-002584
cargos,camara:160635:57,CRG-002585
cargos,camara:160636:54,CRG-002586
cargos,camara:160636:55,CRG-002587
cargos,camara:160637:54,CRG-002588
cargos,camara:160637:55,CRG-002589
cargos,camara:160638:54,CRG-002590
cargos,camara:160639:54,CRG-002591
cargos,camara:160639:55,CRG-002592
cargos,camara:160639:56,CRG-002593
cargos,camara:160640:54,CRG-002594
cargos,camara:160640:55,CRG-002595
cargos,camara:160640:56,CRG-002596
cargos,camara:160640:57,CRG-002597
cargos,camara:160641:54,CRG-002598
cargos,camara:160641:55,CRG-002599
cargos,camara:160641:56,CRG-002600
cargos,camara:160641:57,CRG-002601
cargos,camara:160642:54,CRG-002602
cargos,camara:160642:55,CRG-002603
cargos,camara:160642:56,CRG-002604
cargos,camara:160642:57,CRG-002605
cargos,camara:160643:54,CRG-002606
cargos,camara:160643:55,CRG-002607
cargos,camara:160644:54,CRG-002608
cargos,camara:160645:54,CRG-002609
cargos,camara:160645:56,CRG-002610
cargos,camara:160646:54,CRG-002611
cargos,camara:160646:55,CRG-002612
cargos,camara:160647:54,CRG-002613
cargos,camara:160648:54,CRG-002614
cargos,camara:160648:55,CRG-002615
cargos,camara:160649:54,CRG-002616
cargos,camara:160649:55,CRG-002617
cargos,camara:160650:54,CRG-002618
cargos,camara:160651:54,CRG-002619
cargos,camara:160651:55,CRG-002620
cargos,camara:160651:56,CRG-002621
cargos,camara:160652:54,CRG-002622
cargos,camara:160652:55,CRG-002623
cargos,camara:160653:54,CRG-002624
cargos,camara:160653:55,CRG-002625
cargos,camara:160653:56,CRG-002626
cargos,camara:160654:54,CRG-002627
cargos,camara:160654:55,CRG-002628
cargos,camara:160655:54,CRG-002629
cargos,camara:160655:55,CRG-002630
cargos,camara:160655:56,CRG-002631
cargos,camara:160656:54,CRG-002632
cargos,camara:160657:54,CRG-002633
cargos,camara:160658:54,CRG-002634
cargos,camara:160659:54,CRG-002635
cargos,camara:160659:55,CRG-002636
cargos,camara:160660:54,CRG-002637
cargos,camara:160660:55,CRG-002638
cargos,camara:160661:54,CRG-002639
cargos,camara:160662:54,CRG-002640
cargos,camara:160663:54,CRG-002641
cargos,camara:160663:55,CRG-002642
cargos,camara:160664:54,CRG-002643
cargos,camara:160665:54,CRG-002644
cargos,camara:160665:55,CRG-002645
cargos,camara:160665:56,CRG-002646
cargos,camara:160665:57,CRG-002647
cargos,camara:160666:54,CRG-002648
cargos,camara:160666:55,CRG-002649
cargos,camara:160666:56,CRG-002650
cargos,camara:160666:57,CRG-002651
cargos,camara:160667:54,CRG-002652
cargos,camara:160667:55,CRG-002653
cargos,camara:160667:56,CRG-002654
cargos,camara:160668:54,CRG-002655
cargos,camara:160669:54,CRG-002656
cargos,camara:160669:55,CRG-002657
cargos,camara:160669:56,CRG-002658
cargos,camara:160670:54,CRG-002659
cargos,camara:160671:54,CRG-002660
cargos,camara:160672:54,CRG-002661
cargos,camara:160672:55,CRG-002662
cargos,camara:160672:56,CRG-002663
cargos,camara:160673:54,CRG-002664
cargos,camara:160673:55,CRG-002665
cargos,camara:160673:56,CRG-002666
cargos,camara:160673:57,CRG-002667
cargos,camara:160674:54,CRG-002668
cargos,camara:160674:55,CRG-002669
cargos,camara:160674:56,CRG-002670
cargos,camara:160674:57,CRG-002671
cargos,camara:160675:54,CRG-002672
cargos,camara:160676:54,CRG-002673
cargos,camara:160676:55,CRG-002674
cargos,camara:160677:54,CRG-002675
cargos,camara:160677:55,CRG-002676
cargos,camara:160678:54,CRG-002677
cargos,camara:160679:54,CRG-002678
cargos,camara:160680:54,CRG-002679
cargos,camara:160758:54,CRG-002680
cargos,camara:160758:55,CRG-002681
cargos,camara:160758:56,CRG-002682
cargos,camara:160758:57,CRG-002683
cargos,camara:160974:54,CRG-002684
cargos,camara:160976:54,CRG-002685
cargos,camara:160976:55,CRG-002686
cargos,camara:160976:56,CRG-002687
cargos,camara:160976:57,CRG-002688
cargos,camara:161440:57,CRG-002689
cargos,camara:161550:56,CRG-002690
cargos,camara:161550:57,CRG-002691
cargos,camara:161903:54,CRG-002692
cargos,camara:161904:54,CRG-002693
cargos,camara:161905:54,CRG-002694
cargos,camara:161906:54,CRG-002695
cargos,camara:161907:54,CRG-002696
cargos,camara:161962:54,CRG-002697
cargos,camara:162067:57,CRG-002698
cargos,camara:162174:54,CRG-002699
cargos,camara:162174:55,CRG-002700
cargos,camara:162175:54,CRG-002701
cargos,camara:162332:54,CRG-002702
cargos,camara:162332:55,CRG-002703
cargos,camara:162332:56,CRG-002704
cargos,camara:162332:57,CRG-002705
cargos,camara:162490:54,CRG-002706
cargos,camara:163321:54,CRG-002707
cargos,camara:163321:55,CRG-002708
cargos,camara:163321:57,CRG-002709
cargos,camara:163322:54,CRG-002710
cargos,camara:163831:54,CRG-002711
cargos,camara:163831:55,CRG-002712
cargos,camara:164359:54,CRG-002713
cargos,camara:164359:55,CRG-002714
cargos,camara:164359:56,CRG-002715
cargos,camara:164360:54,CRG-002716
cargos,camara:164360:55,CRG-002717
cargos,camara:164360:56,CRG-002718
cargos,camara:164360:57,CRG-002719
cargos,camara:164361:54,CRG-002720
cargos,camara:165429:54,CRG-002721
cargos,camara:165470:57,CRG-002722
cargos,camara:165583:54,CRG-002723
cargos,camara:165675:54,CRG-002724
cargos,camara:166401:54,CRG-002725
cargos,camara:166401:55,CRG-002726
cargos,camara:166402:54,CRG-002727
cargos,camara:166402:55,CRG-002728
cargos,camara:166402:56,CRG-002729
cargos,camara:166402:57,CRG-002730
cargos,camara:166727:54,CRG-002731
cargos,camara:167493:54,CRG-002732
cargos,camara:167493:55,CRG-002733
cargos,camara:167614:54,CRG-002734
cargos,camara:167614:55,CRG-002735
cargos,camara:167614:56,CRG-002736
cargos,camara:167617:54,CRG-002737
cargos,camara:167707:54,CRG-002738
cargos,camara:167722:54,CRG-002739
cargos,camara:167722:55,CRG-002740
cargos,camara:168034:54,CRG-002741
cargos,camara:168175:54,CRG-002742
cargos,camara:168175:56,CRG-002743
cargos,camara:168253:54,CRG-002744
cargos,camara:168447:54,CRG-002745
cargos,camara:169553:54,CRG-002746
cargos,camara:169711:54,CRG-002747
cargos,camara:169712:54,CRG-002748
cargos,camara:169868:54,CRG-002749
cargos,camara:170489:54,CRG-002750
cargos,camara:170673:54,CRG-002751
cargos,camara:170673:55,CRG-002752
cargos,camara:171139:57,CRG-002753
cargos,camara:171617:54,CRG-002754
cargos,camara:171617:55,CRG-002755
cargos,camara:171617:56,CRG-002756
cargos,camara:171617:57,CRG-002757
cargos,camara:171618:54,CRG-002758
cargos,camara:171619:54,CRG-002759
cargos,camara:171619:55,CRG-002760
cargos,camara:171619:56,CRG-002761
cargos,camara:171620:54,CRG-002762
cargos,camara:171620:55,CRG-002763
cargos,camara:171621:54,CRG-002764
cargos,camara:171622:54,CRG-002765
cargos,camara:171623:54,CRG-002766
cargos,camara:171623:55,CRG-002767
cargos,camara:171623:56,CRG-002768
cargos,camara:171623:57,CRG-002769
cargos,camara:171782:54,CRG-002770
cargos,camara:171782:55,CRG-002771
cargos,camara:171786:57,CRG-002772
cargos,camara:172029:54,CRG-002773
cargos,camara:172711:54,CRG-002774
cargos,camara:172945:54,CRG-002775
cargos,camara:173262:54,CRG-002776
cargos,camara:173269:54,CRG-002777
cargos,camara:173802:54,CRG-002778
cargos,camara:174314:54,CRG-002779
cargos,camara:174854:54,CRG-002780
cargos,camara:174861:54,CRG-002781
cargos,camara:175212:54,CRG-002782
cargos,camara:175737:54,CRG-002783
cargos,camara:175765:57,CRG-002784
cargos,camara:176120:54,CRG-002785
cargos,camara:176794:54,CRG-002786
cargos,camara:177118:54,CRG-002787
cargos,camara:177282:54,CRG-002788
cargos,camara:177282:55,CRG-002789
cargos,camara:177282:56,CRG-002790
cargos,camara:178387:54,CRG-002791
cargos,camara:178802:54,CRG-002792
cargos,camara:178802:55,CRG-002793
cargos,camara:178821:54,CRG-002794
cargos,camara:178825:55,CRG-002795
cargos,camara:178825:56,CRG-002796
cargos,camara:178826:55,CRG-002797
cargos,camara:178827:54,CRG-002798
cargos,camara:178827:55,CRG-002799
cargos,camara:178828:55,CRG-002800
cargos,camara:178829:55,CRG-002801
cargos,camara:178829:56,CRG-002802
cargos,camara:178829:57,CRG-002803
cargos,camara:178830:54,CRG-002804
cargos,camara:178830:55,CRG-002805
cargos,camara:178830:56,CRG-002806
cargos,camara:178831:55,CRG-002807
cargos,camara:178831:56,CRG-002808
cargos,camara:178831:57,CRG-002809
cargos,camara:178832:55,CRG-002810
cargos,camara:178832:56,CRG-002811
cargos,camara:178832:57,CRG-002812
cargos,camara:178833:55,CRG-002813
cargos,camara:178833:56,CRG-002814
cargos,camara:178834:54,CRG-002815
cargos,camara:178834:55,CRG-002816
cargos,camara:178835:54,CRG-002817
cargos,camara:178835:55,CRG-002818
cargos,camara:178835:56,CRG-002819
cargos,camara:178835:57,CRG-002820
cargos,camara:178836:55,CRG-002821
cargos,camara:178836:56,CRG-002822
cargos,camara:178837:55,CRG-002823
cargos,camara:178838:55,CRG-002824
cargos,camara:178839:55,CRG-002825
cargos,camara:178839:56,CRG-002826
cargos,camara:178840:55,CRG-002827
cargos,camara:178841:55,CRG-002828
cargos,camara:178842:55,CRG-002829
cargos,camara:178842:56,CRG-002830
cargos,camara:178843:55,CRG-002831
cargos,camara:178843:56,CRG-002832
cargos,camara:178843:57,CRG-002833
cargos,camara:178844:55,CRG-002834
cargos,camara:178844:56,CRG-002835
cargos,camara:178845:55,CRG-002836
cargos,camara:178846:55,CRG-002837
cargos,camara:178847:55,CRG-002838
cargos,camara:178848:55,CRG-002839
cargos,camara:178849:55,CRG-002840
cargos,camara:178850:55,CRG-002841
cargos,camara:178851:55,CRG-002842
cargos,camara:178852:55,CRG-002843
cargos,camara:178853:55,CRG-002844
cargos,camara:178853:56,CRG-002845
cargos,camara:178854:55,CRG-002846
cargos,camara:178854:56,CRG-002847
cargos,camara:178854:57,CRG-002848
cargos,camara:178855:55,CRG-002849
cargos,camara:178856:55,CRG-002850
cargos,camara:178857:55,CRG-002851
cargos,camara:178857:56,CRG-002852
cargos,camara:178857:57,CRG-002853
cargos,camara:178858:55,CRG-002854
cargos,camara:178858:56,CRG-002855
cargos,camara:178858:57,CRG-002856
cargos,camara:178859:55,CRG-002857
cargos,camara:178860:55,CRG-002858
cargos,camara:178860:56,CRG-002859
cargos,camara:178860:57,CRG-002860
cargos,camara:178861:55,CRG-002861
cargos,camara:178861:56,CRG-002862
cargos,camara:178862:55,CRG-002863
cargos,camara:178862:56,CRG-002864
cargos,camara:178863:55,CRG-002865
cargos,camara:178863:56,CRG-002866
cargos,camara:178864:55,CRG-002867
cargos,camara:178865:55,CRG-002868
cargos,camara:178866:55,CRG-002869
cargos,camara:178866:56,CRG-002870
cargos,camara:178866:57,CRG-002871
cargos,camara:178867:55,CRG-002872
cargos,camara:178868:55,CRG-002873
cargos,camara:178868:56,CRG-002874
cargos,camara:178869:55,CRG-002875
cargos,camara:178870:55,CRG-002876
cargos,camara:178871:55,CRG-002877
cargos,camara:178871:56,CRG-002878
cargos,camara:178871:57,CRG-002879
cargos,camara:178872:55,CRG-002880
cargos,camara:178873:55,CRG-002881
cargos,camara:178873:56,CRG-002882
cargos,camara:178873:57,CRG-002883
cargos,camara:178874:55,CRG-002884
cargos,camara:178874:56,CRG-002885
cargos,camara:178875:55,CRG-002886
cargos,camara:178876:55,CRG-002887
cargos,camara:178876:56,CRG-002888
cargos,camara:178876:57,CRG-002889
cargos,camara:178877:55,CRG-002890
cargos,camara:178878:55,CRG-002891
cargos,camara:178879:55,CRG-002892
cargos,camara:178879:56,CRG-002893
cargos,camara:178880:55,CRG-002894
cargos,camara:178881:55,CRG-002895
cargos,camara:178881:56,CRG-002896
cargos,camara:178881:57,CRG-002897
cargos,camara:178882:55,CRG-002898
cargos,camara:178882:56,CRG-002899
cargos,camara:178882:57,CRG-002900
cargos,camara:178883:55,CRG-002901
cargos,camara:178884:55,CRG-002902
cargos,camara:178884:56,CRG-002903
cargos,camara:178884:57,CRG-002904
cargos,camara:178885:55,CRG-002905
cargos,camara:178886:55,CRG-002906
cargos,camara:178886:56,CRG-002907
cargos,camara:178886:57,CRG-002908
cargos,camara:178887:55,CRG-002909
cargos,camara:178887:56,CRG-002910
cargos,camara:178887:57,CRG-002911
cargos,camara:178888:55,CRG-002912
cargos,camara:178888:56,CRG-002913
cargos,camara:178889:55,CRG-002914
cargos,camara:178889:56,CRG-002915
cargos,camara:178890:55,CRG-002916
cargos,camara:178891:55,CRG-002917
cargos,camara:178892:55,CRG-002918
cargos,camara:178893:55,CRG-002919
cargos,camara:178894:55,CRG-002920
cargos,camara:178895:55,CRG-002921
cargos,camara:178895:56,CRG-002922
cargos,camara:178895:57,CRG-002923
cargos,camara:178896:55,CRG-002924
cargos,camara:178896:56,CRG-002925
cargos,camara:178896:57,CRG-002926
cargos,camara:178897:55,CRG-002927
cargos,camara:178898:55,CRG-002928
cargos,camara:178899:55,CRG-002929
cargos,camara:178900:55,CRG-002930
cargos,camara:178901:55,CRG-002931
cargos,camara:178901:56,CRG-002932
cargos,camara:178902:55,CRG-002933
cargos,camara:178903:55,CRG-002934
cargos,camara:178904:55,CRG-002935
cargos,camara:178905:55,CRG-002936
cargos,camara:178905:57,CRG-002937
cargos,camara:178906:55,CRG-002938
cargos,camara:178907:55,CRG-002939
cargos,camara:178908:55,CRG-002940
cargos,camara:178908:56,CRG-002941
cargos,camara:178908:57,CRG-002942
cargos,camara:178909:55,CRG-002943
cargos,camara:178909:56,CRG-002944
cargos,camara:178909:57,CRG-002945
cargos,camara:178910:55,CRG-002946
cargos,camara:178910:56,CRG-002947
cargos,camara:178910:57,CRG-002948
cargos,camara:178911:55,CRG-002949
cargos,camara:178912:55,CRG-002950
cargos,camara:178912:56,CRG-002951
cargos,camara:178913:55,CRG-002952
cargos,camara:178914:55,CRG-002953
cargos,camara:178915:55,CRG-002954
cargos,camara:178916:55,CRG-002955
cargos,camara:178916:56,CRG-002956
cargos,camara:178917:55,CRG-002957
cargos,camara:178918:55,CRG-002958
cargos,camara:178919:55,CRG-002959
cargos,camara:178920:55,CRG-002960
cargos,camara:178920:56,CRG-002961
cargos,camara:178921:55,CRG-002962
cargos,camara:178921:56,CRG-002963
cargos,camara:178922:55,CRG-002964
cargos,camara:178922:56,CRG-002965
cargos,camara:178923:55,CRG-002966
cargos,camara:178923:56,CRG-002967
cargos,camara:178924:55,CRG-002968
cargos,camara:178924:56,CRG-002969
cargos,camara:178925:55,CRG-002970
cargos,camara:178925:56,CRG-002971
cargos,camara:178925:57,CRG-002972
cargos,camara:178926:55,CRG-002973
cargos,camara:178927:55,CRG-002974
cargos,camara:178927:56,CRG-002975
cargos,camara:178927:57,CRG-002976
cargos,camara:178928:55,CRG-002977
cargos,camara:178928:56,CRG-002978
cargos,camara:178929:55,CRG-002979
cargos,camara:178929:56,CRG-002980
cargos,camara:178929:57,CRG-002981
cargos,camara:178930:55,CRG-002982
cargos,camara:178930:56,CRG-002983
cargos,camara:178931:55,CRG-002984
cargos,camara:178931:56,CRG-002985
cargos,camara:178931:57,CRG-002986
cargos,camara:178932:55,CRG-002987
cargos,camara:178933:55,CRG-002988
cargos,camara:178933:56,CRG-002989
cargos,camara:178933:57,CRG-002990
cargos,camara:178934:55,CRG-002991
cargos,camara:178934:56,CRG-002992
cargos,camara:178934:57,CRG-002993
cargos,camara:178935:55,CRG-002994
cargos,camara:178935:56,CRG-002995
cargos,camara:178936:55,CRG-002996
cargos,camara:178937:55,CRG-002997
cargos,camara:178937:56,CRG-002998
cargos,camara:178937:57,CRG-002999
cargos,camara:178938:55,CRG-003000
cargos,camara:178939:55,CRG-003001
cargos,camara:178939:56,CRG-003002
cargos,camara:178940:55,CRG-003003
cargos,camara:178941:55,CRG-003004
cargos,camara:178942:55,CRG-003005
cargos,camara:178943:55,CRG-003006
cargos,camara:178943:56,CRG-003007
cargos,camara:178943:57,CRG-003008
cargos,camara:178944:55,CRG-003009
cargos,camara:178945:55,CRG-003010
cargos,camara:178945:56,CRG-003011
cargos,camara:178945:57,CRG-003012
cargos,camara:178946:55,CRG-003013
cargos,camara:178946:56,CRG-003014
cargos,camara:178946:57,CRG-003015
cargos,camara:178947:55,CRG-003016
cargos,camara:178947:56,CRG-003017
cargos,camara:178947:57,CRG-003018
cargos,camara:178948:55,CRG-003019
cargos,camara:178948:56,CRG-003020
cargos,camara:178949:55,CRG-003021
cargos,camara:178950:55,CRG-003022
cargos,camara:178951:55,CRG-003023
cargos,camara:178951:56,CRG-003024
cargos,camara:178952:55,CRG-003025
cargos,camara:178952:56,CRG-003026
cargos,camara:178953:55,CRG-003027
cargos,camara:178953:56,CRG-003028
cargos,camara:178954:55,CRG-003029
cargos,camara:178954:56,CRG-003030
cargos,camara:178954:57,CRG-003031
cargos,camara:178955:55,CRG-003032
cargos,camara:178956:55,CRG-003033
cargos,camara:178956:56,CRG-003034
cargos,camara:178957:55,CRG-003035
cargos,camara:178958:55,CRG-003036
cargos,camara:178959:55,CRG-003037
cargos,camara:178959:56,CRG-003038
cargos,camara:178960:55,CRG-003039
cargos,camara:178961:55,CRG-003040
cargos,camara:178961:56,CRG-003041
cargos,camara:178962:55,CRG-003042
cargos,camara:178962:56,CRG-003043
cargos,camara:178962:57,CRG-003044
cargos,camara:178963:55,CRG-003045
cargos,camara:178963:56,CRG-003046
cargos,camara:178963:57,CRG-003047
cargos,camara:178964:55,CRG-003048
cargos,camara:178964:56,CRG-003049
cargos,camara:178964:57,CRG-003050
cargos,camara:178965:55,CRG-003051
cargos,camara:178966:55,CRG-003052
cargos,camara:178966:56,CRG-003053
cargos,camara:178966:57,CRG-003054
cargos,camara:178967:55,CRG-003055
cargos,camara:178968:55,CRG-003056
cargos,camara:178969:55,CRG-003057
cargos,camara:178969:56,CRG-003058
cargos,camara:178970:55,CRG-003059
cargos,camara:178970:56,CRG-003060
cargos,camara:178970:57,CRG-003061
cargos,camara:178971:55,CRG-003062
cargos,camara:178972:55,CRG-003063
cargos,camara:178972:56,CRG-003064
cargos,camara:178972:57,CRG-003065
cargos,camara:178973:55,CRG-003066
cargos,camara:178974:55,CRG-003067
cargos,camara:178975:55,CRG-003068
cargos,camara:178975:56,CRG-003069
cargos,camara:178975:57,CRG-003070
cargos,camara:178976:55,CRG-003071
cargos,camara:178977:55,CRG-003072
cargos,camara:178977:56,CRG-003073
cargos,camara:178978:55,CRG-003074
cargos,camara:178979:55,CRG-003075
cargos,camara:178980:55,CRG-003076
cargos,camara:178981:55,CRG-003077
cargos,camara:178981:56,CRG-003078
cargos,camara:178982:55,CRG-003079
cargos,camara:178982:56,CRG-003080
cargos,camara:178983:55,CRG-003081
cargos,camara:178983:56,CRG-003082
cargos,camara:178983:57,CRG-003083
cargos,camara:178984:55,CRG-003084
cargos,camara:178984:56,CRG-003085
cargos,camara:178985:55,CRG-003086
cargos,camara:178985:56,CRG-003087
cargos,camara:178985:57,CRG-003088
cargos,camara:178986:55,CRG-003089
cargos,camara:178986:56,CRG-003090
cargos,camara:178986:57,CRG-003091
cargos,camara:178987:55,CRG-003092
cargos,camara:178987:56,CRG-003093
cargos,camara:178987:57,CRG-003094
cargos,camara:178988:55,CRG-003095
cargos,camara:178989:55,CRG-003096
cargos,camara:178989:56,CRG-003097
cargos,camara:178989:57,CRG-003098
cargos,camara:178990:55,CRG-003099
cargos,camara:178990:56,CRG-003100
cargos,camara:178991:55,CRG-003101
cargos,camara:178992:55,CRG-003102
cargos,camara:178992:56,CRG-003103
cargos,camara:178992:57,CRG-003104
cargos,camara:178993:55,CRG-003105
cargos,camara:178993:56,CRG-003106
cargos,camara:178993:57,CRG-003107
cargos,camara:178994:55,CRG-003108
cargos,camara:178994:56,CRG-003109
cargos,camara:178995:55,CRG-003110
cargos,camara:178996:55,CRG-003111
cargos,camara:178996:56,CRG-003112
cargos,camara:178997:55,CRG-003113
cargos,camara:178997:56,CRG-003114
cargos,camara:178997:57,CRG-003115
cargos,camara:178998:55,CRG-003116
cargos,camara:178999:55,CRG-003117
cargos,camara:179000:55,CRG-003118
cargos,camara:179000:56,CRG-003119
cargos,camara:179000:57,CRG-003120
cargos,camara:179001:55,CRG-003121
cargos,camara:179001:56,CRG-003122
cargos,camara:179001:57,CRG-003123
cargos,camara:179379:54,CRG-003124
cargos,camara:179380:54,CRG-003125
cargos,camara:179381:54,CRG-003126
cargos,camara:179382:54,CRG-003127
cargos,camara:179383:54,CRG-003128
cargos,camara:179384:54,CRG-003129
cargos,camara:179385:54,CRG-003130
cargos,camara:179386:54,CRG-003131
cargos,camara:179387:54,CRG-003132
cargos,camara:179587:56,CRG-003133
cargos,camara:179880:54,CRG-003134
cargos,camara:180018:56,CRG-003135
cargos,camara:180214:57,CRG-003136
cargos,camara:180545:55,CRG-003137
cargos,camara:181315:55,CRG-003138
cargos,camara:181316:55,CRG-003139
cargos,camara:182146:56,CRG-003140
cargos,camara:182146:57,CRG-003141
cargos,camara:185500:55,CRG-003142
cargos,camara:186775:55,CRG-003143
cargos,camara:187008:55,CRG-003144
cargos,camara:188097:55,CRG-003145
cargos,camara:188097:56,CRG-003146
cargos,camara:188097:57,CRG-003147
cargos,camara:189593:55,CRG-003148
cargos,camara:190149:55,CRG-003149
cargos,camara:191684:55,CRG-003150
cargos,camara:191923:55,CRG-003151
cargos,camara:191923:56,CRG-003152
cargos,camara:191923:57,CRG-003153
cargos,camara:191945:55,CRG-003154
cargos,camara:191945:56,CRG-003155
cargos,camara:192120:55,CRG-003156
cargos,camara:193066:55,CRG-003157
cargos,camara:193069:55,CRG-003158
cargos,camara:193165:55,CRG-003159
cargos,camara:193726:55,CRG-003160
cargos,camara:193726:56,CRG-003161
cargos,camara:193982:55,CRG-003162
cargos,camara:194258:55,CRG-003163
cargos,camara:194259:55,CRG-003164
cargos,camara:194260:55,CRG-003165
cargos,camara:194260:56,CRG-003166
cargos,camara:194260:57,CRG-003167
cargos,camara:194261:55,CRG-003168
cargos,camara:194262:55,CRG-003169
cargos,camara:194340:55,CRG-003170
cargos,camara:194592:55,CRG-003171
cargos,camara:195143:55,CRG-003172
cargos,camara:195278:55,CRG-003173
cargos,camara:195581:55,CRG-003174
cargos,camara:195826:55,CRG-003175
cargos,camara:195866:55,CRG-003176
cargos,camara:195866:56,CRG-003177
cargos,camara:195997:55,CRG-003178
cargos,camara:196357:55,CRG-003179
cargos,camara:196358:55,CRG-003180
cargos,camara:196358:56,CRG-003181
cargos,camara:196359:55,CRG-003182
cargos,camara:196378:55,CRG-003183
cargos,camara:197438:56,CRG-003184
cargos,camara:198197:56,CRG-003185
cargos,camara:198197:57,CRG-003186
cargos,camara:198198:55,CRG-003187
cargos,camara:198783:56,CRG-003188
cargos,camara:198783:57,CRG-003189
cargos,camara:198963:55,CRG-003190
cargos,camara:199809:55,CRG-003191
cargos,camara:200153:55,CRG-003192
cargos,camara:201357:55,CRG-003193
cargos,camara:202063:55,CRG-003194
cargos,camara:202915:55,CRG-003195
cargos,camara:204011:55,CRG-003196
cargos,camara:204011:56,CRG-003197
cargos,camara:204351:56,CRG-003198
cargos,camara:204351:57,CRG-003199
cargos,camara:204352:56,CRG-003200
cargos,camara:204353:56,CRG-003201
cargos,camara:204353:57,CRG-003202
cargos,camara:204354:56,CRG-003203
cargos,camara:204355:56,CRG-003204
cargos,camara:204355:57,CRG-003205
cargos,camara:204356:56,CRG-003206
cargos,camara:204356:57,CRG-003207
cargos,camara:204357:56,CRG-003208
cargos,camara:204358:56,CRG-003209
cargos,camara:204358:57,CRG-003210
cargos,camara:204359:56,CRG-003211
cargos,camara:204360:56,CRG-003212
cargos,camara:204360:57,CRG-003213
cargos,camara:204361:56,CRG-003214
cargos,camara:204361:57,CRG-003215
cargos,camara:204362:56,CRG-003216
cargos,camara:204362:57,CRG-003217
cargos,camara:204363:56,CRG-003218
cargos,camara:204364:56,CRG-003219
cargos,camara:204364:57,CRG-003220
cargos,camara:204365:56,CRG-003221
cargos,camara:204365:57,CRG-003222
cargos,camara:204366:56,CRG-003223
cargos,camara:204367:56,CRG-003224
cargos,camara:204367:57,CRG-003225
cargos,camara:204368:56,CRG-003226
cargos,camara:204368:57,CRG-003227
cargos,camara:204369:56,CRG-003228
cargos,camara:204369:57,CRG-003229
cargos,camara:204370:56,CRG-003230
cargos,camara:204371:56,CRG-003231
cargos,camara:204372:56,CRG-003232
cargos,camara:204372:57,CRG-003233
cargos,camara:204373:56,CRG-003234
cargos,camara:204374:56,CRG-003235
cargos,camara:204374:57,CRG-003236
cargos,camara:204375:56,CRG-003237
cargos,camara:204376:56,CRG-003238
cargos,camara:204376:57,CRG-003239
cargos,camara:204377:56,CRG-003240
cargos,camara:204378:56,CRG-003241
cargos,camara:204378:57,CRG-003242
cargos,camara:204379:56,CRG-003243
cargos,camara:204379:57,CRG-003244
cargos,camara:204380:56,CRG-003245
cargos,camara:204381:56,CRG-003246
cargos,camara:204382:56,CRG-003247
cargos,camara:204383:56,CRG-003248
cargos,camara:204384:56,CRG-003249
cargos,camara:204385:56,CRG-003250
cargos,camara:204386:56,CRG-003251
cargos,camara:204387:56,CRG-003252
cargos,camara:204387:57,CRG-003253
cargos,camara:204388:56,CRG-003254
cargos,camara:204388:57,CRG-003255
cargos,camara:204389:56,CRG-003256
cargos,camara:204390:56,CRG-003257
cargos,camara:204390:57,CRG-003258
cargos,camara:204391:56,CRG-003259
cargos,camara:204391:57,CRG-003260
cargos,camara:204392:56,CRG-003261
cargos,camara:204393:56,CRG-003262
cargos,camara:204394:56,CRG-003263
cargos,camara:204394:57,CRG-003264
cargos,camara:204395:56,CRG-003265
cargos,camara:204395:57,CRG-003266
cargos,camara:204396:56,CRG-003267
cargos,camara:204396:57,CRG-003268
cargos,camara:204397:56,CRG-003269
cargos,camara:204398:56,CRG-003270
cargos,camara:204398:57,CRG-003271
cargos,camara:204399:56,CRG-003272
cargos,camara:204400:56,CRG-003273
cargos,camara:204403:56,CRG-003274
cargos,camara:204403:57,CRG-003275
cargos,camara:204404:56,CRG-003276
cargos,camara:204404:57,CRG-003277
cargos,camara:204405:56,CRG-003278
cargos,camara:204406:56,CRG-003279
cargos,camara:204406:57,CRG-003280
cargos,camara:204407:56,CRG-003281
cargos,camara:204407:57,CRG-003282
cargos,camara:204408:56,CRG-003283
cargos,camara:204408:57,CRG-003284
cargos,camara:204409:56,CRG-003285
cargos,camara:204409:57,CRG-003286
cargos,camara:204410:56,CRG-003287
cargos,camara:204410:57,CRG-003288
cargos,camara:204411:56,CRG-003289
cargos,camara:204411:57,CRG-003290
cargos,camara:204412:56,CRG-003291
cargos,camara:204412:57,CRG-003292
cargos,camara:204413:56,CRG-003293
cargos,camara:204414:56,CRG-003294
cargos,camara:204415:56,CRG-003295
cargos,camara:204416:56,CRG-003296
cargos,camara:204416:57,CRG-003297
cargos,camara:204418:56,CRG-003298
cargos,camara:204419:56,CRG-003299
cargos,camara:204419:57,CRG-003300
cargos,camara:204420:56,CRG-003301
cargos,camara:204421:56,CRG-003302
cargos,camara:204422:56,CRG-003303
cargos,camara:204422:57,CRG-003304
cargos,camara:204423:56,CRG-003305
cargos,camara:204423:57,CRG-003306
cargos,camara:204425:56,CRG-003307
cargos,camara:204425:57,CRG-003308
cargos,camara:204426:56,CRG-003309
cargos,camara:204426:57,CRG-003310
cargos,camara:204427:56,CRG-003311
cargos,camara:204427:57,CRG-003312
cargos,camara:204428:56,CRG-003313
cargos,camara:204429:56,CRG-003314
cargos,camara:204430:56,CRG-003315
cargos,camara:204430:57,CRG-003316
cargos,camara:204431:56,CRG-003317
cargos,camara:204431:57,CRG-003318
cargos,camara:204432:56,CRG-003319
cargos,camara:204433:56,CRG-003320
cargos,camara:204433:57,CRG-003321
cargos,camara:204434:56,CRG-003322
cargos,camara:204435:56,CRG-003323
cargos,camara:204436:56,CRG-003324
cargos,camara:204436:57,CRG-003325
cargos,camara:204437:56,CRG-003326
cargos,camara:204438:56,CRG-003327
cargos,camara:204439:56,CRG-003328
cargos,camara:204440:56,CRG-003329
cargos,camara:204441:56,CRG-003330
cargos,camara:204441:57,CRG-003331
cargos,camara:204442:56,CRG-003332
cargos,camara:204444:56,CRG-003333
cargos,camara:204444:57,CRG-003334
cargos,camara:204445:56,CRG-003335
cargos,camara:204445:57,CRG-003336
cargos,camara:204446:56,CRG-003337
cargos,camara:204447:56,CRG-003338
cargos,camara:204448:56,CRG-003339
cargos,camara:204448:57,CRG-003340
cargos,camara:204449:56,CRG-003341
cargos,camara:204449:57,CRG-003342
cargos,camara:204450:56,CRG-003343
cargos,camara:204450:57,CRG-003344
cargos,camara:204451:56,CRG-003345
cargos,camara:204452:56,CRG-003346
cargos,camara:204453:56,CRG-003347
cargos,camara:204453:57,CRG-003348
cargos,camara:204454:56,CRG-003349
cargos,camara:204455:56,CRG-003350
cargos,camara:204455:57,CRG-003351
cargos,camara:204456:56,CRG-003352
cargos,camara:204456:57,CRG-003353
cargos,camara:204457:56,CRG-003354
cargos,camara:204457:57,CRG-003355
cargos,camara:204458:56,CRG-003356
cargos,camara:204459:56,CRG-003357
cargos,camara:204459:57,CRG-003358
cargos,camara:204460:56,CRG-003359
cargos,camara:204460:57,CRG-003360
cargos,camara:204461:56,CRG-003361
cargos,camara:204462:56,CRG-003362
cargos,camara:204462:57,CRG-003363
cargos,camara:204463:56,CRG-003364
cargos,camara:204464:56,CRG-003365
cargos,camara:204464:57,CRG-003366
cargos,camara:204465:56,CRG-003367
cargos,camara:204466:56,CRG-003368
cargos,camara:204467:56,CRG-003369
cargos,camara:204468:56,CRG-003370
cargos,camara:204469:56,CRG-003371
cargos,camara:204471:56,CRG-003372
cargos,camara:204472:56,CRG-003373
cargos,camara:204472:57,CRG-003374
cargos,camara:204473:56,CRG-003375
cargos,camara:204473:57,CRG-003376
cargos,camara:204474:56,CRG-003377
cargos,camara:204474:57,CRG-003378
cargos,camara:204475:56,CRG-003379
cargos,camara:204476:56,CRG-003380
cargos,camara:204476:57,CRG-003381
cargos,camara:204477:56,CRG-003382
cargos,camara:204478:56,CRG-003383
cargos,camara:204479:56,CRG-003384
cargos,camara:204479:57,CRG-003385
cargos,camara:204480:56,CRG-003386
cargos,camara:204480:57,CRG-003387
cargos,camara:204481:56,CRG-003388
cargos,camara:204481:57,CRG-003389
cargos,camara:204482:56,CRG-003390
cargos,camara:204482:57,CRG-003391
cargos,camara:204483:56,CRG-003392
cargos,camara:204484:56,CRG-003393
cargos,camara:204485:56,CRG-003394
cargos,camara:204485:57,CRG-003395
cargos,camara:204486:56,CRG-003396
cargos,camara:204486:57,CRG-003397
cargos,camara:204487:56,CRG-003398
cargos,camara:204488:56,CRG-003399
cargos,camara:204488:57,CRG-003400
cargos,camara:204489:56,CRG-003401
cargos,camara:204489:57,CRG-003402
cargos,camara:204490:56,CRG-003403
cargos,camara:204491:56,CRG-003404
cargos,camara:204491:57,CRG-003405
cargos,camara:204492:56,CRG-003406
cargos,camara:204492:57,CRG-003407
cargos,camara:204494:56,CRG-003408
cargos,camara:204494:57,CRG-003409
cargos,camara:204495:56,CRG-003410
cargos,camara:204495:57,CRG-003411
cargos,camara:204496:56,CRG-003412
cargos,camara:204496:57,CRG-003413
cargos,camara:204497:56,CRG-003414
cargos,camara:204497:57,CRG-003415
cargos,camara:204498:56,CRG-003416
cargos,camara:204498:57,CRG-003417
cargos,camara:204499:56,CRG-003418
cargos,camara:204500:56,CRG-003419
cargos,camara:204501:56,CRG-003420
cargos,camara:204501:57,CRG-003421
cargos,camara:204502:56,CRG-003422
cargos,camara:204503:56,CRG-003423
cargos,camara:204503:57,CRG-003424
cargos,camara:204504:56,CRG-003425
cargos,camara:204504:57,CRG-003426
cargos,camara:204505:56,CRG-003427
cargos,camara:204506:56,CRG-003428
cargos,camara:204506:57,CRG-003429
cargos,camara:204507:56,CRG-003430
cargos,camara:204507:57,CRG-003431
cargos,camara:204508:56,CRG-003432
cargos,camara:204508:57,CRG-003433
cargos,camara:204509:56,CRG-003434
cargos,camara:204510:56,CRG-003435
cargos,camara:204511:56,CRG-003436
cargos,camara:204511:57,CRG-003437
cargos,camara:204512:56,CRG-003438
cargos,camara:204512:57,CRG-003439
cargos,camara:204513:56,CRG-003440
cargos,camara:204514:56,CRG-003441
cargos,camara:204514:57,CRG-003442
cargos,camara:204515:56,CRG-003443
cargos,camara:204515:57,CRG-003444
cargos,camara:204516:56,CRG-003445
cargos,camara:204517:56,CRG-003446
cargos,camara:204517:57,CRG-003447
cargos,camara:204518:56,CRG-003448
cargos,camara:204518:57,CRG-003449
cargos,camara:204519:56,CRG-003450
cargos,camara:204520:56,CRG-003451
cargos,camara:204520:57,CRG-003452
cargos,camara:204521:56,CRG-003453
cargos,camara:204522:56,CRG-003454
cargos,camara:204522:57,CRG-003455
cargos,camara:204523:56,CRG-003456
cargos,camara:204524:56,CRG-003457
cargos,camara:204524:57,CRG-003458
cargos,camara:204525:56,CRG-003459
cargos,camara:204525:57,CRG-003460
cargos,camara:204526:56,CRG-003461
cargos,camara:204526:57,CRG-003462
cargos,camara:204527:56,CRG-003463
cargos,camara:204528:56,CRG-003464
cargos,camara:204528:57,CRG-003465
cargos,camara:204529:56,CRG-003466
cargos,camara:204530:56,CRG-003467
cargos,camara:204531:56,CRG-003468
cargos,camara:204531:57,CRG-003469
cargos,camara:204532:56,CRG-003470
cargos,camara:204533:56,CRG-003471
cargos,camara:204533:57,CRG-003472
cargos,camara:204534:56,CRG-003473
cargos,camara:204534:57,CRG-003474
cargos,camara:204535:56,CRG-003475
cargos,camara:204535:57,CRG-003476
cargos,camara:204536:56,CRG-003477
cargos,camara:204536:57,CRG-003478
cargos,camara:204537:56,CRG-003479
cargos,camara:204537:57,CRG-003480
cargos,camara:204538:56,CRG-003481
cargos,camara:204539:56,CRG-003482
cargos,camara:204539:57,CRG-003483
cargos,camara:204540:56,CRG-003484
cargos,camara:204540:57,CRG-003485
cargos,camara:204541:56,CRG-003486
cargos,camara:204541:57,CRG-003487
cargos,camara:204542:56,CRG-003488
cargos,camara:204543:56,CRG-003489
cargos,camara:204544:56,CRG-003490
cargos,camara:204545:56,CRG-003491
cargos,camara:204546:56,CRG-003492
cargos,camara:204547:56,CRG-003493
cargos,camara:204548:56,CRG-003494
cargos,camara:204548:57,CRG-003495
cargos,camara:204549:56,CRG-003496
cargos,camara:204549:57,CRG-003497
cargos,camara:204550:56,CRG-003498
cargos,camara:204550:57,CRG-003499
cargos,camara:204551:56,CRG-003500
cargos,camara:204552:56,CRG-003501
cargos,camara:204553:56,CRG-003502
cargos,camara:204553:57,CRG-003503
cargos,camara:204554:56,CRG-003504
cargos,camara:204555:56,CRG-003505
cargos,camara:204556:56,CRG-003506
cargos,camara:204557:56,CRG-003507
cargos,camara:204557:57,CRG-003508
cargos,camara:204558:56,CRG-003509
cargos,camara:204558:57,CRG-003510
cargos,camara:204559:56,CRG-003511
cargos,camara:204559:57,CRG-003512
cargos,camara:204560:56,CRG-003513
cargos,camara:204560:57,CRG-003514
cargos,camara:204561:56,CRG-003515
cargos,camara:204562:56,CRG-003516
cargos,camara:204563:56,CRG-003517
cargos,camara:204563:57,CRG-003518
cargos,camara:204564:56,CRG-003519
cargos,camara:204565:56,CRG-003520
cargos,camara:204566:56,CRG-003521
cargos,camara:204566:57,CRG-003522
cargos,camara:204567:56,CRG-003523
cargos,camara:204567:57,CRG-003524
cargos,camara:204569:56,CRG-003525
cargos,camara:204570:56,CRG-003526
cargos,camara:204570:57,CRG-003527
cargos,camara:204571:56,CRG-003528
cargos,camara:204571:57,CRG-003529
cargos,camara:204572:56,CRG-003530
cargos,camara:204572:57,CRG-003531
cargos,camara:204573:56,CRG-003532
cargos,camara:204573:57,CRG-003533
cargos,camara:204574:56,CRG-003534
cargos,camara:204574:57,CRG-003535
cargos,camara:204575:56,CRG-003536
cargos,camara:204576:56,CRG-003537
cargos,camara:204651:55,CRG-003538
cargos,camara:204760:55,CRG-003539
cargos,camara:205234:55,CRG-003540
cargos,camara:205297:55,CRG-003541
cargos,camara:205298:55,CRG-003542
cargos,camara:205302:55,CRG-003543
cargos,camara:205303:55,CRG-003544
cargos,camara:205476:56,CRG-003545
cargos,camara:205476:57,CRG-003546
cargos,camara:205535:56,CRG-003547
cargos,camara:205548:56,CRG-003548
cargos,camara:205550:56,CRG-003549
cargos,camara:205550:57,CRG-003550
cargos,camara:205863:56,CRG-003551
cargos,camara:205865:56,CRG-003552
cargos,camara:205865:57,CRG-003553
cargos,camara:206018:57,CRG-003554
cargos,camara:206231:56,CRG-003555
cargos,camara:207176:56,CRG-003556
cargos,camara:207309:56,CRG-003557
cargos,camara:208297:57,CRG-003558
cargos,camara:209189:56,CRG-003559
cargos,camara:209189:57,CRG-003560
cargos,camara:209787:57,CRG-003561
cargos,camara:210989:57,CRG-003562
cargos,camara:211498:56,CRG-003563
cargos,camara:211649:56,CRG-003564
cargos,camara:211866:56,CRG-003565
cargos,camara:211866:57,CRG-003566
cargos,camara:212504:56,CRG-003567
cargos,camara:212625:56,CRG-003568
cargos,camara:212625:57,CRG-003569
cargos,camara:212749:56,CRG-003570
cargos,camara:213274:56,CRG-003571
cargos,camara:213274:57,CRG-003572
cargos,camara:213679:56,CRG-003573
cargos,camara:213762:56,CRG-003574
cargos,camara:213762:57,CRG-003575
cargos,camara:213854:56,CRG-003576
cargos,camara:213856:56,CRG-003577
cargos,camara:214445:56,CRG-003578
cargos,camara:214477:56,CRG-003579
cargos,camara:214694:56,CRG-003580
cargos,camara:214694:57,CRG-003581
cargos,camara:214865:56,CRG-003582
cargos,camara:215042:56,CRG-003583
cargos,camara:215043:56,CRG-003584
cargos,camara:215043:57,CRG-003585
cargos,camara:215044:56,CRG-003586
cargos,camara:215045:56,CRG-003587
cargos,camara:215361:56,CRG-003588
cargos,camara:216198:56,CRG-003589
cargos,camara:216313:56,CRG-003590
cargos,camara:216544:56,CRG-003591
cargos,camara:216545:56,CRG-003592
cargos,camara:217036:56,CRG-003593
cargos,camara:217330:56,CRG-003594
cargos,camara:217480:56,CRG-003595
cargos,camara:217480:57,CRG-003596
cargos,camara:218086:56,CRG-003597
cargos,camara:218086:57,CRG-003598
cargos,camara:218245:56,CRG-003599
cargos,camara:218741:56,CRG-003600
cargos,camara:218879:56,CRG-003601
cargos,camara:219568:56,CRG-003602
cargos,camara:219585:56,CRG-003603
cargos,camara:219585:57,CRG-003604
cargos,camara:219592:56,CRG-003605
cargos,camara:219599:56,CRG-003606
cargos,camara:219920:56,CRG-003607
cargos,camara:220008:56,CRG-003608
cargos,camara:220008:57,CRG-003609
cargos,camara:220526:57,CRG-003610
cargos,camara:220527:57,CRG-003611
cargos,camara:220528:57,CRG-003612
cargos,camara:220529:57,CRG-003613
cargos,camara:220530:57,CRG-003614
cargos,camara:220531:57,CRG-003615
cargos,camara:220532:57,CRG-003616
cargos,camara:220533:57,CRG-003617
cargos,camara:220534:57,CRG-003618
cargos,camara:220536:57,CRG-003619
cargos,camara:220537:57,CRG-003620
cargos,camara:220538:57,CRG-003621
cargos,camara:220539:57,CRG-003622
cargos,camara:220540:57,CRG-003623
cargos,camara:220542:57,CRG-003624
cargos,camara:220543:57,CRG-003625
cargos,camara:220544:57,CRG-003626
cargos,camara:220545:57,CRG-003627
cargos,camara:220546:57,CRG-003628
cargos,camara:220547:57,CRG-003629
cargos,camara:220548:57,CRG-003630
cargos,camara:220549:57,CRG-003631
cargos,camara:220550:57,CRG-003632
cargos,camara:220551:57,CRG-003633
cargos,camara:220552:57,CRG-003634
cargos,camara:220553:57,CRG-003635
cargos,camara:220554:57,CRG-003636
cargos,camara:220555:57,CRG-003637
cargos,camara:220556:57,CRG-003638
cargos,camara:220557:57,CRG-003639
cargos,camara:220558:57,CRG-003640
cargos,camara:220559:57,CRG-003641
cargos,camara:220560:57,CRG-003642
cargos,camara:220561:57,CRG-003643
cargos,camara:220563:57,CRG-003644
cargos,camara:220564:57,CRG-003645
cargos,camara:220565:57,CRG-003646
cargos,camara:220566:57,CRG-003647
cargos,camara:220567:57,CRG-003648
cargos,camara:220568:57,CRG-003649
cargos,camara:220569:57,CRG-003650
cargos,camara:220570:57,CRG-003651
cargos,camara:220571:57,CRG-003652
cargos,camara:220572:57,CRG-003653
cargos,camara:220573:57,CRG-003654
cargos,camara:220574:57,CRG-003655
cargos,camara:220575:57,CRG-003656
cargos,camara:220576:57,CRG-003657
cargos,camara:220577:57,CRG-003658
cargos,camara:220578:57,CRG-003659
cargos,camara:220579:57,CRG-003660
cargos,camara:220580:57,CRG-003661
cargos,camara:220581:57,CRG-003662
cargos,camara:220582:57,CRG-003663
cargos,camara:220583:57,CRG-003664
cargos,camara:220584:57,CRG-003665
cargos,camara:220585:57,CRG-003666
cargos,camara:220586:57,CRG-003667
cargos,camara:220587:57,CRG-003668
cargos,camara:220588:57,CRG-003669
cargos,camara:220589:57,CRG-003670
cargos,camara:220590:57,CRG-003671
cargos,camara:220591:57,CRG-003672
cargos,camara:220592:57,CRG-003673
cargos,camara:220593:57,CRG-003674
cargos,camara:220594:57,CRG-003675
cargos,camara:220595:57,CRG-003676
cargos,camara:220596:57,CRG-003677
cargos,camara:220597:57,CRG-003678
cargos,camara:220598:57,CRG-003679
cargos,camara:220599:57,CRG-003680
cargos,camara:220600:57,CRG-003681
cargos,camara:220601:57,CRG-003682
cargos,camara:220602:57,CRG-003683
cargos,camara:220603:57,CRG-003684
cargos,camara:220604:57,CRG-003685
cargos,camara:220605:57,CRG-003686
cargos,camara:220606:57,CRG-003687
cargos,camara:220607:57,CRG-003688
cargos,camara:220608:57,CRG-003689
cargos,camara:220609:57,CRG-003690
cargos,camara:220610:57,CRG-003691
cargos,camara:220611:57,CRG-003692
cargos,camara:220612:57,CRG-003693
cargos,camara:220613:57,CRG-003694
cargos,camara:220614:57,CRG-003695
cargos,camara:220615:57,CRG-003696
cargos,camara:220616:57,CRG-003697
cargos,camara:220617:57,CRG-003698
cargos,camara:220618:57,CRG-003699
cargos,camara:220619:57,CRG-003700
cargos,camara:220620:57,CRG-003701
cargos,camara:220621:57,CRG-003702
cargos,camara:220622:57,CRG-003703
cargos,camara:220623:57,CRG-003704
cargos,camara:220624:57,CRG-003705
cargos,camara:220625:57,CRG-003706
cargos,camara:220626:57,CRG-003707
cargos,camara:220627:57,CRG-003708
cargos,camara:220628:57,CRG-003709
cargos,camara:220629:57,CRG-003710
cargos,camara:220630:57,CRG-003711
cargos,camara:220631:57,CRG-003712
cargos,camara:220632:57,CRG-003713
cargos,camara:220633:57,CRG-003714
cargos,camara:220634:57,CRG-003715
cargos,camara:220635:57,CRG-003716
cargos,camara:220636:57,CRG-003717
cargos,camara:220637:57,CRG-003718
cargos,camara:220638:57,CRG-003719
cargos,camara:220639:57,CRG-003720
cargos,camara:220640:57,CRG-003721
cargos,camara:220641:57,CRG-003722
cargos,camara:220642:57,CRG-003723
cargos,camara:220643:57,CRG-003724
cargos,camara:220644:57,CRG-003725
cargos,camara:220645:57,CRG-003726
cargos,camara:220646:57,CRG-003727
cargos,camara:220647:57,CRG-003728
cargos,camara:220648:57,CRG-003729
cargos,camara:220649:57,CRG-003730
cargos,camara:220650:57,CRG-003731
cargos,camara:220651:57,CRG-003732
cargos,camara:220652:57,CRG-003733
cargos,camara:220653:57,CRG-003734
cargos,camara:220654:57,CRG-003735
cargos,camara:220655:57,CRG-003736
cargos,camara:220656:57,CRG-003737
cargos,camara:220657:57,CRG-003738
cargos,camara:220658:57,CRG-003739
cargos,camara:220659:57,CRG-003740
cargos,camara:220660:57,CRG-003741
cargos,camara:220661:57,CRG-003742
cargos,camara:220662:57,CRG-003743
cargos,camara:220663:57,CRG-003744
cargos,camara:220664:57,CRG-003745
cargos,camara:220665:57,CRG-003746
cargos,camara:220666:57,CRG-003747
cargos,camara:220667:57,CRG-003748
cargos,camara:220668:57,CRG-003749
cargos,camara:220669:57,CRG-003750
cargos,camara:220670:57,CRG-003751
cargos,camara:220671:57,CRG-003752
cargos,camara:220672:57,CRG-003753
cargos,camara:220673:57,CRG-003754
cargos,camara:220674:57,CRG-003755
cargos,camara:220675:57,CRG-003756
cargos,camara:220676:57,CRG-003757
cargos,camara:220677:57,CRG-003758
cargos,camara:220681:57,CRG-003759
cargos,camara:220682:57,CRG-003760
cargos,camara:220683:57,CRG-003761
cargos,camara:220684:57,CRG-003762
cargos,camara:220685:57,CRG-003763
cargos,camara:220686:57,CRG-003764
cargos,camara:220687:57,CRG-003765
cargos,camara:220688:57,CRG-003766
cargos,camara:220689:57,CRG-003767
cargos,camara:220690:57,CRG-003768
cargos,camara:220691:57,CRG-003769
cargos,camara:220692:57,CRG-003770
cargos,camara:220693:57,CRG-003771
cargos,camara:220694:57,CRG-003772
cargos,camara:220695:57,CRG-003773
cargos,camara:220696:57,CRG-003774
cargos,camara:220697:57,CRG-003775
cargos,camara:220698:57,CRG-003776
cargos,camara:220699:57,CRG-003777
cargos,camara:220700:57,CRG-003778
cargos,camara:220701:57,CRG-003779
cargos,camara:220702:57,CRG-003780
cargos,camara:220703:57,CRG-003781
cargos,camara:220704:57,CRG-003782
cargos,camara:220705:57,CRG-003783
cargos,camara:220706:57,CRG-003784
cargos,camara:220707:57,CRG-003785
cargos,camara:220708:57,CRG-003786
cargos,camara:220712:57,CRG-003787
cargos,camara:220713:57,CRG-003788
cargos,camara:220714:57,CRG-003789
cargos,camara:220715:57,CRG-003790
cargos,camara:221147:56,CRG-003791
cargos,camara:221148:56,CRG-003792
cargos,camara:221148:57,CRG-003793
cargos,camara:221149:56,CRG-003794
cargos,camara:221157:56,CRG-003795
cargos,camara:221183:56,CRG-003796
cargos,camara:221328:57,CRG-003797
cargos,camara:221329:57,CRG-003798
cargos,camara:221338:57,CRG-003799
cargos,camara:221339:57,CRG-003800
cargos,camara:221378:57,CRG-003801
cargos,camara:222142:57,CRG-003802
cargos,camara:222429:57,CRG-003803
cargos,camara:222565:57,CRG-003804
cargos,camara:223128:57,CRG-003805
cargos,camara:223398:57,CRG-003806
cargos,camara:224117:57,CRG-003807
cargos,camara:224333:57,CRG-003808
cargos,camara:225386:57,CRG-003809
cargos,camara:225727:57,CRG-003810
cargos,camara:225730:57,CRG-003811
cargos,camara:225846:57,CRG-003812
cargos,camara:226075:57,CRG-003813
cargos,camara:226179:57,CRG-003814
cargos,camara:226410:57,CRG-003815
cargos,camara:226553:57,CRG-003816
cargos,camara:226708:57,CRG-003817
cargos,camara:226837:57,CRG-003818
cargos,camara:227275:57,CRG-003819
cargos,camara:227310:57,CRG-003820
cargos,camara:227323:57,CRG-003821
cargos,camara:227324:57,CRG-003822
cargos,camara:227370:57,CRG-003823
cargos,camara:227401:57,CRG-003824
cargos,camara:227433:57,CRG-003825
cargos,camara:227660:57,CRG-003826
cargos,camara:227800:57,CRG-003827
cargos,camara:227991:57,CRG-003828
cargos,camara:228042:57,CRG-003829
cargos,camara:228272:57,CRG-003830
cargos,camara:228616:57,CRG-003831
cargos,camara:228797:57,CRG-003832
cargos,camara:228837:57,CRG-003833
cargos,camara:228941:57,CRG-003834
cargos,camara:229069:57,CRG-003835
cargos,camara:229082:57,CRG-003836
cargos,camara:229106:57,CRG-003837
cargos,camara:229112:57,CRG-003838
cargos,camara:229225:57,CRG-003839
cargos,camara:229259:57,CRG-003840
cargos,camara:229333:57,CRG-003841
cargos,camara:229432:57,CRG-003842
cargos,camara:229585:57,CRG-003843
cargos,camara:229939:57,CRG-003844
cargos,camara:230088:57,CRG-003845
cargos,camara:230177:57,CRG-003846
cargos,camara:230762:57,CRG-003847
cargos,camara:230764:57,CRG-003848
cargos,camara:230765:57,CRG-003849
cargos,camara:230767:57,CRG-003850
cargos,camara:230768:57,CRG-003851
cargos,camara:230957:57,CRG-003852
cargos,camara:231911:57,CRG-003853
cargos,camara:233218:57,CRG-003854
cargos,camara:233592:57,CRG-003855
cargos,camara:233594:57,CRG-003856
cargos,camara:233598:57,CRG-003857
cargos,camara:234253:57,CRG-003858
cargos,camara:234310:57,CRG-003859
cargos,camara:234388:57,CRG-003860
cargos,camara:234406:57,CRG-003861
cargos,camara:234673:57,CRG-003862
cargos,camara:234788:57,CRG-003863
cargos,camara:234840:57,CRG-003864
cargos,camara:235088:57,CRG-003865
cargos,camara:235620:57,CRG-003866
cargos,camara:235712:57,CRG-003867
cargos,camara:235776:57,CRG-003868
cargos,camara:235800:57,CRG-003869
cargos,camara:235869:57,CRG-003870
cargos,camara:236284:57,CRG-003871
cargos,camara:236375:57,CRG-003872
cargos,camara:236423:57,CRG-003873
cargos,camara:236518:57,CRG-003874
cargos,senado:4865:246,CRG-003875
cargos,senado:3591:302,CRG-003876
cargos,senado:3622:246,CRG-003877
cargos,senado:1052:172,CRG-003878
cargos,senado:1091:168,CRG-003879
cargos,senado:1053:188,CRG-003880
cargos,senado:3573:294,CRG-003881
cargos,senado:946:173,CRG-003882
cargos,senado:4967:320,CRG-003883
cargos,senado:3651:320,CRG-003884
cargos,senado:3651:569,CRG-003885
cargos,senado:3433:318,CRG-003886
cargos,senado:845:319,CRG-003887
cargos,senado:945:179,CRG-003888
cargos,senado:945:368,CRG-003889
cargos,senado:945:514,CRG-003890
cargos,senado:1025:185,CRG-003891
cargos,senado:3363:270,CRG-003892
cargos,senado:4851:289,CRG-003893
cargos,senado:1048:186,CRG-003894
cargos,senado:1002:187,CRG-003895
cargos,senado:118:293,CRG-003896
cargos,senado:4:293,CRG-003897
cargos,senado:3:317,CRG-003898
cargos,senado:3:474,CRG-003899
cargos,senado:3625:249,CRG-003900
cargos,senado:3533:253,CRG-003901
cargos,senado:4516:254,CRG-003902
cargos,senado:4907:272,CRG-003903
cargos,senado:1163:164,CRG-003904
cargos,senado:1097:175,CRG-003905
cargos,senado:551:289,CRG-003906
cargos,senado:3620:245,CRG-003907
cargos,senado:3432:312,CRG-003908
cargos,senado:3642:315,CRG-003909
cargos,senado:1054:180,CRG-003910
cargos,senado:3594:307,CRG-003911
cargos,senado:3584:252,CRG-003912
cargos,senado:1044:163,CRG-003913
cargos,senado:1100:187,CRG-003914
cargos,senado:611:295,CRG-003915
cargos,senado:611:512,CRG-003916
cargos,senado:3601:313,CRG-003917
cargos,senado:3398:244,CRG-003918
cargos,senado:3398:452,CRG-003919
cargos,senado:3395:294,CRG-003920
cargos,senado:3637:304,CRG-003921
cargos,senado:3598:311,CRG-003922
cargos,senado:3360:254,CRG-003923
cargos,senado:3360:447,CRG-003924
cargos,senado:3399:248,CRG-003925
cargos,senado:3399:472,CRG-003926
cargos,senado:120:294,CRG-003927
cargos,senado:3412:271,CRG-003928
cargos,senado:176:313,CRG-003929
cargos,senado:16:296,CRG-003930
cargos,senado:16:445,CRG-003931
cargos,senado:3596:308,CRG-003932
cargos,senado:3400:251,CRG-003933
cargos,senado:3630:297,CRG-003934
cargos,senado:1024:183,CRG-003935
cargos,senado:17:167,CRG-003936
cargos,senado:17:370,CRG-003937
cargos,senado:707:285,CRG-003938
cargos,senado:1088:169,CRG-003939
cargos,senado:3640:306,CRG-003940
cargos,senado:3616:290,CRG-003941
cargos,senado:3600:312,CRG-003942
cargos,senado:3552:244,CRG-003943
cargos,senado:1055:180,CRG-003944
cargos,senado:4905:271,CRG-003945
cargos,senado:23:188,CRG-003946
cargos,senado:3632:285,CRG-003947
cargos,senado:345:304,CRG-003948
cargos,senado:345:540,CRG-003949
cargos,senado:3619:245,CRG-003950
cargos,senado:3535:286,CRG-003951
cargos,senado:3574:247,CRG-003952
cargos,senado:4863:295,CRG-003953
cargos,senado:3615:289,CRG-003954
cargos,senado:1101:182,CRG-003955
cargos,senado:3371:309,CRG-003956
cargos,senado:87:307,CRG-003957
cargos,senado:87:476,CRG-003958
cargos,senado:4522:344,CRG-003959
cargos,senado:4522:464,CRG-003960
cargos,senado:3392:286,CRG-003961
cargos,senado:28:269,CRG-003962
cargos,senado:3626:255,CRG-003963
cargos,senado:944:178,CRG-003964
cargos,senado:29:178,CRG-003965
cargos,senado:30:344,CRG-003966
cargos,senado:30:464,CRG-003967
cargos,senado:3635:303,CRG-003968
cargos,senado:3585:299,CRG-003969
cargos,senado:923:176,CRG-003970
cargos,senado:1087:169,CRG-003971
cargos,senado:740:301,CRG-003972
cargos,senado:4939:314,CRG-003973
cargos,senado:3572:293,CRG-003974
cargos,senado:1179:252,CRG-003975
cargos,senado:3373:315,CRG-003976
cargos,senado:3578:250,CRG-003977
cargos,senado:3641:309,CRG-003978
cargos,senado:36:290,CRG-003979
cargos,senado:4792:290,CRG-003980
cargos,senado:3589:301,CRG-003981
cargos,senado:38:255,CRG-003982
cargos,senado:948:175,CRG-003983
cargos,senado:3636:303,CRG-003984
cargos,senado:4885:255,CRG-003985
cargos,senado:4885:506,CRG-003986
cargos,senado:40:308,CRG-003987
cargos,senado:40:481,CRG-003988
cargos,senado:951:168,CRG-003989
cargos,senado:3595:308,CRG-003990
cargos,senado:2332:166,CRG-003991
cargos,senado:3624:248,CRG-003992
cargos,senado:3649:319,CRG-003993
cargos,senado:922:166,CRG-003994
cargos,senado:4973:322,CRG-003995
cargos,senado:1093:186,CRG-003996
cargos,senado:3361:272,CRG-003997
cargos,senado:3361:513,CRG-003998
cargos,senado:4547:270,CRG-003999
cargos,senado:4843:287,CRG-004000
cargos,senado:3603:314,CRG-004001
cargos,senado:4947:309,CRG-004002
cargos,senado:3608:292,CRG-004003
cargos,senado:47:184,CRG-004004
cargos,senado:47:365,CRG-004005
cargos,senado:3613:287,CRG-004006
cargos,senado:3590:301,CRG-004007
cargos,senado:950:164,CRG-004008
cargos,senado:950:438,CRG-004009
cargos,senado:3588:300,CRG-004010
cargos,senado:1051:172,CRG-004011
cargos,senado:3394:292,CRG-004012
cargos,senado:3394:490,CRG-004013
cargos,senado:3593:307,CRG-004014
cargos,senado:3593:481,CRG-004015
cargos,senado:916:322,CRG-004016
cargos,senado:916:468,CRG-004017
cargos,senado:3652:288,CRG-004018
cargos,senado:1089:178,CRG-004019
cargos,senado:3650:319,CRG-004020
cargos,senado:949:181,CRG-004021
cargos,senado:53:321,CRG-004022
cargos,senado:3374:316,CRG-004023
cargos,senado:3579:296,CRG-004024
cargos,senado:3579:445,CRG-004025
cargos,senado:3643:315,CRG-004026
cargos,senado:943:182,CRG-004027
cargos,senado:3581:251,CRG-004028
cargos,senado:3582:251,CRG-004029
cargos,senado:947:165,CRG-004030
cargos,senado:1022:170,CRG-004031
cargos,senado:1043:187,CRG-004032
cargos,senado:3647:321,CRG-004033
cargos,senado:643:249,CRG-004034
cargos,senado:643:459,CRG-004035
cargos,senado:631:247,CRG-004036
cargos,senado:631:483,CRG-004037
cargos,senado:631:600,CRG-004038
cargos,senado:302:124,CRG-004039
cargos,senado:4951:310,CRG-004040
cargos,senado:4951:453,CRG-004041
cargos,senado:3366:306,CRG-004042
cargos,senado:3366:480,CRG-004043
cargos,senado:86:299,CRG-004044
cargos,senado:105:269,CRG-004045
cargos,senado:1084:173,CRG-004046
cargos,senado:3586:299,CRG-004047
cargos,senado:1146:176,CRG-004048
cargos,senado:1046:189,CRG-004049
cargos,senado:1023:177,CRG-004050
cargos,senado:1023:367,CRG-004051
cargos,senado:1023:517,CRG-004052
cargos,senado:59:253,CRG-004053
cargos,senado:4875:249,CRG-004054
cargos,senado:3633:285,CRG-004055
cargos,senado:670:250,CRG-004056
cargos,senado:670:438,CRG-004057
cargos,senado:3606:318,CRG-004058
cargos,senado:4899:270,CRG-004059
cargos,senado:3621:244,CRG-004060
cargos,senado:952:186,CRG-004061
cargos,senado:952:369,CRG-004062
cargos,senado:3638:304,CRG-004063
cargos,senado:1094:185,CRG-004064
cargos,senado:3364:302,CRG-004065
cargos,senado:4931:306,CRG-004066
cargos,senado:3534:286,CRG-004067
cargos,senado:3599:312,CRG-004068
cargos,senado:3644:316,CRG-004069
cargos,senado:63:189,CRG-004070
cargos,senado:63:564,CRG-004071
cargos,senado:3648:322,CRG-004072
cargos,senado:3575:247,CRG-004073
cargos,senado:3607:318,CRG-004074
cargos,senado:1090:184,CRG-004075
cargos,senado:1090:365,CRG-004076
cargos,senado:3609:292,CRG-004077
cargos,senado:1083:179,CRG-004078
cargos,senado:4889:254,CRG-004079
cargos,senado:3628:298,CRG-004080
cargos,senado:66:303,CRG-004081
cargos,senado:3393:291,CRG-004082
cargos,senado:3397:245,CRG-004083
cargos,senado:3605:317,CRG-004084
cargos,senado:4549:305,CRG-004085
cargos,senado:1095:185,CRG-004086
cargos,senado:942:172,CRG-004087
cargos,senado:1169:246,CRG-004088
cargos,senado:825:314,CRG-004089
cargos,senado:825:449,CRG-004090
cargos,senado:825:523,CRG-004091
cargos,senado:924:162,CRG-004092
cargos,senado:68:169,CRG-004093
cargos,senado:68:371,CRG-004094
cargos,senado:69:297,CRG-004095
cargos,senado:139:170,CRG-004096
cargos,senado:3639:305,CRG-004097
cargos,senado:3580:296,CRG-004098
cargos,senado:70:287,CRG-004099
cargos,senado:70:469,CRG-004100
cargos,senado:70:527,CRG-004101
cargos,senado:1049:177,CRG-004102
cargos,senado:1086:164,CRG-004103
cargos,senado:3631:272,CRG-004104
cargos,senado:3587:300,CRG-004105
cargos,senado:1026:163,CRG-004106
cargos,senado:1045:189,CRG-004107
cargos,senado:1085:162,CRG-004108
cargos,senado:73:311,CRG-004109
cargos,senado:73:460,CRG-004110
cargos,senado:74:320,CRG-004111
cargos,senado:3359:250,CRG-004112
cargos,senado:3646:321,CRG-004113
cargos,senado:4847:344,CRG-004114
cargos,senado:4847:464,CRG-004115
cargos,senado:3623:248,CRG-004116
cargos,senado:3617:291,CRG-004117
cargos,senado:1092:168,CRG-004118
cargos,senado:3645:316,CRG-004119
cargos,senado:735:300,CRG-004120
cargos,senado:3362:298,CRG-004121
cargos,senado:1143:176,CRG-004122
cargos,senado:3592:302,CRG-004123
cargos,senado:3532:253,CRG-004124
cargos,senado:3365:305,CRG-004125
cargos,senado:3375:313,CRG-004126
cargos,senado:3396:295,CRG-004127
cargos,senado:3396:512,CRG-004128
cargos,senado:1330:188,CRG-004129
cargos,senado:78:288,CRG-004130
cargos,senado:1047:183,CRG-004131
cargos,senado:982:180,CRG-004132
cargos,senado:982:366,CRG-004133
cargos,senado:4949:310,CRG-004134
cargos,senado:4949:453,CRG-004135
cargos,senado:3618:291,CRG-004136
cargos,senado:3372:310,CRG-004137
cargos,senado:3372:453,CRG-004138
cargos,senado:3092:170,CRG-004139
cargos,senado:1050:182,CRG-004140
cargos,senado:4845:288,CRG-004141
cargos,senado:3629:297,CRG-004142
cargos,senado:1096:175,CRG-004143
cargos,senado:1098:167,CRG-004144
cargos,senado:1099:167,CRG-004145
cargos,senado:3627:298,CRG-004146
cargos,senado:3583:252,CRG-004147
cargos,senado:3597:311,CRG-004148
cargos,senado:3597:460,CRG-004149
cargos,senado:3604:317,CRG-004150
cargos,senado:1042:124,CRG-004151
cargos,senado:4981:434,CRG-004152
cargos,senado:4981:515,CRG-004153
cargos,senado:4815:345,CRG-004154
cargos,senado:4881:348,CRG-004155
cargos,senado:4527:364,CRG-004156
cargos,senado:4853:364,CRG-004157
cargos,senado:4869:362,CRG-004158
cargos,senado:4837:366,CRG-004159
cargos,senado:4897:347,CRG-004160
cargos,senado:4891:360,CRG-004161
cargos,senado:4965:370,CRG-004162
cargos,senado:4983:434,CRG-004163
cargos,senado:4841:366,CRG-004164
cargos,senado:704:346,CRG-004165
cargos,senado:4963:370,CRG-004166
cargos,senado:13:361,CRG-004167
cargos,senado:4895:347,CRG-004168
cargos,senado:4877:358,CRG-004169
cargos,senado:4529:346,CRG-004170
cargos,senado:4901:359,CRG-004171
cargos,senado:4953:349,CRG-004172
cargos,senado:4855:354,CRG-004173
cargos,senado:394:347,CRG-004174
cargos,senado:4941:371,CRG-004175
cargos,senado:4971:367,CRG-004176
cargos,senado:20:348,CRG-004177
cargos,senado:4871:362,CRG-004178
cargos,senado:4780:345,CRG-004179
cargos,senado:1189:349,CRG-004180
cargos,senado:4525:345,CRG-004181
cargos,senado:4525:511,CRG-004182
cargos,senado:765:350,CRG-004183
cargos,senado:4935:363,CRG-004184
cargos,senado:4553:351,CRG-004185
cargos,senado:4917:368,CRG-004186
cargos,senado:613:351,CRG-004187
cargos,senado:4937:363,CRG-004188
cargos,senado:4955:349,CRG-004189
cargos,senado:4545:352,CRG-004190
cargos,senado:4545:526,CRG-004191
cargos,senado:4531:353,CRG-004192
cargos,senado:4531:553,CRG-004193
cargos,senado:4533:356,CRG-004194
cargos,senado:4776:356,CRG-004195
cargos,senado:4919:352,CRG-004196
cargos,senado:4929:350,CRG-004197
cargos,senado:4975:354,CRG-004198
cargos,senado:4883:348,CRG-004199
cargos,senado:4537:354,CRG-004200
cargos,senado:4923:355,CRG-004201
cargos,senado:4774:364,CRG-004202
cargos,senado:4774:619,CRG-004203
cargos,senado:4784:346,CRG-004204
cargos,senado:4541:355,CRG-004205
cargos,senado:1249:357,CRG-004206
cargos,senado:1249:518,CRG-004207
cargos,senado:4788:357,CRG-004208
cargos,senado:4535:358,CRG-004209
cargos,senado:4778:356,CRG-004210
cargos,senado:4943:371,CRG-004211
cargos,senado:4925:355,CRG-004212
cargos,senado:527:360,CRG-004213
cargos,senado:4539:359,CRG-004214
cargos,senado:4961:361,CRG-004215
cargos,senado:1210:353,CRG-004216
cargos,senado:4879:358,CRG-004217
cargos,senado:4927:350,CRG-004218
cargos,senado:1206:361,CRG-004219
cargos,senado:4551:351,CRG-004220
cargos,senado:3868:362,CRG-004221
cargos,senado:71:352,CRG-004222
cargos,senado:4543:363,CRG-004223
cargos,senado:4893:360,CRG-004224
cargos,senado:4985:434,CRG-004225
cargos,senado:4849:365,CRG-004226
cargos,senado:5014:359,CRG-004227
cargos,senado:4957:369,CRG-004228
cargos,senado:4959:369,CRG-004229
cargos,senado:4790:357,CRG-004230
cargos,senado:4786:367,CRG-004231
cargos,senado:4786:517,CRG-004232
cargos,senado:4772:368,CRG-004233
cargos,senado:5154:487,CRG-004234
cargos,senado:5170:451,CRG-004235
cargos,senado:5140:485,CRG-004236
cargos,senado:846:485,CRG-004237
cargos,senado:5042:437,CRG-004238
cargos,senado:4988:462,CRG-004239
cargos,senado:5046:475,CRG-004240
cargos,senado:5150:471,CRG-004241
cargos,senado:5134:465,CRG-004242
cargos,senado:5032:457,CRG-004243
cargos,senado:5168:440,CRG-004244
cargos,senado:5028:442,CRG-004245
cargos,senado:715:443,CRG-004246
cargos,senado:5164:468,CRG-004247
cargos,senado:5138:466,CRG-004248
cargos,senado:391:435,CRG-004249
cargos,senado:3823:457,CRG-004250
cargos,senado:111:456,CRG-004251
cargos,senado:5136:466,CRG-004252
cargos,senado:5108:456,CRG-004253
cargos,senado:739:458,CRG-004254
cargos,senado:739:524,CRG-004255
cargos,senado:3881:438,CRG-004256
cargos,senado:5044:475,CRG-004257
cargos,senado:1757:489,CRG-004258
cargos,senado:5197:489,CRG-004259
cargos,senado:5132:465,CRG-004260
cargos,senado:5199:489,CRG-004261
cargos,senado:5178:443,CRG-004262
cargos,senado:5160:482,CRG-004263
cargos,senado:4721:478,CRG-004264
cargos,senado:4994:473,CRG-004265
cargos,senado:4994:521,CRG-004266
cargos,senado:4767:480,CRG-004267
cargos,senado:5146:441,CRG-004268
cargos,senado:4969:474,CRG-004269
cargos,senado:5148:435,CRG-004270
cargos,senado:5064:436,CRG-004271
cargos,senado:5126:483,CRG-004272
cargos,senado:612:450,CRG-004273
cargos,senado:5026:442,CRG-004274
cargos,senado:2632:491,CRG-004275
cargos,senado:4873:472,CRG-004276
cargos,senado:3634:487,CRG-004277
cargos,senado:553:437,CRG-004278
cargos,senado:5054:467,CRG-004279
cargos,senado:5416:491,CRG-004280
cargos,senado:5034:469,CRG-004281
cargos,senado:5162:482,CRG-004282
cargos,senado:5024:484,CRG-004283
cargos,senado:5088:449,CRG-004284
cargos,senado:5128:446,CRG-004285
cargos,senado:5030:457,CRG-004286
cargos,senado:5006:439,CRG-004287
cargos,senado:5008:448,CRG-004288
cargos,senado:5008:525,CRG-004289
cargos,senado:5100:470,CRG-004290
cargos,senado:5076:459,CRG-004291
cargos,senado:1754:441,CRG-004292
cargos,senado:5418:490,CRG-004293
cargos,senado:5004:477,CRG-004294
cargos,senado:35:491,CRG-004295
cargos,senado:35:528,CRG-004296
cargos,senado:5022:476,CRG-004297
cargos,senado:724:448,CRG-004298
cargos,senado:4990:484,CRG-004299
cargos,senado:5078:486,CRG-004300
cargos,senado:5090:462,CRG-004301
cargos,senado:5849:458,CRG-004302
cargos,senado:5849:496,CRG-004303
cargos,senado:5849:607,CRG-004304
cargos,senado:5120:455,CRG-004305
cargos,senado:43:474,CRG-004306
cargos,senado:5112:463,CRG-004307
cargos,senado:615:444,CRG-004308
cargos,senado:5180:443,CRG-004309
cargos,senado:5036:469,CRG-004310
cargos,senado:5186:458,CRG-004311
cargos,senado:5166:451,CRG-004312
cargos,senado:5066:461,CRG-004313
cargos,senado:5158:478,CRG-004314
cargos,senado:5156:478,CRG-004315
cargos,senado:3695:436,CRG-004316
cargos,senado:5040:473,CRG-004317
cargos,senado:5092:444,CRG-004318
cargos,senado:5104:470,CRG-004319
cargos,senado:5002:465,CRG-004320
cargos,senado:5058:467,CRG-004321
cargos,senado:4575:461,CRG-004322
cargos,senado:710:479,CRG-004323
cargos,senado:5124:446,CRG-004324
cargos,senado:5190:459,CRG-004325
cargos,senado:5174:448,CRG-004326
cargos,senado:4998:482,CRG-004327
cargos,senado:5142:485,CRG-004328
cargos,senado:5000:471,CRG-004329
cargos,senado:5086:450,CRG-004330
cargos,senado:5094:462,CRG-004331
cargos,senado:5176:461,CRG-004332
cargos,senado:380:487,CRG-004333
cargos,senado:288:484,CRG-004334
cargos,senado:64:477,CRG-004335
cargos,senado:5060:436,CRG-004336
cargos,senado:5080:486,CRG-004337
cargos,senado:918:468,CRG-004338
cargos,senado:5018:445,CRG-004339
cargos,senado:5122:483,CRG-004340
cargos,senado:3741:466,CRG-004341
cargos,senado:5020:476,CRG-004342
cargos,senado:5152:471,CRG-004343
cargos,senado:5114:463,CRG-004344
cargos,senado:5116:447,CRG-004345
cargos,senado:5050:439,CRG-004346
cargos,senado:5010:463,CRG-004347
cargos,senado:2207:440,CRG-004348
cargos,senado:5012:475,CRG-004349
cargos,senado:5012:522,CRG-004350
cargos,senado:5072:477,CRG-004351
cargos,senado:5182:488,CRG-004352
cargos,senado:635:455,CRG-004353
cargos,senado:5052:454,CRG-004354
cargos,senado:72:467,CRG-004355
cargos,senado:5098:452,CRG-004356
cargos,senado:4593:470,CRG-004357
cargos,senado:5110:456,CRG-004358
cargos,senado:5074:460,CRG-004359
cargos,senado:5038:473,CRG-004360
cargos,senado:5038:521,CRG-004361
cargos,senado:5172:479,CRG-004362
cargos,senado:5048:439,CRG-004363
cargos,senado:5056:454,CRG-004364
cargos,senado:5056:554,CRG-004365
cargos,senado:624:444,CRG-004366
cargos,senado:4560:442,CRG-004367
cargos,senado:4560:520,CRG-004368
cargos,senado:5106:455,CRG-004369
cargos,senado:438:435,CRG-004370
cargos,senado:5068:480,CRG-004371
cargos,senado:5420:490,CRG-004372
cargos,senado:5130:481,CRG-004373
cargos,senado:558:437,CRG-004374
cargos,senado:5084:449,CRG-004375
cargos,senado:4763:451,CRG-004376
cargos,senado:4645:440,CRG-004377
cargos,senado:5082:450,CRG-004378
cargos,senado:1176:446,CRG-004379
cargos,senado:604:454,CRG-004380
cargos,senado:5016:488,CRG-004381
cargos,senado:5016:607,CRG-004382
cargos,senado:5096:452,CRG-004383
cargos,senado:3811:479,CRG-004384
cargos,senado:5144:441,CRG-004385
cargos,senado:5118:447,CRG-004386
cargos,senado:5184:488,CRG-004387
cargos,senado:4697:486,CRG-004388
cargos,senado:5573:492,CRG-004389
cargos,senado:5625:497,CRG-004390
cargos,senado:4610:495,CRG-004391
cargos,senado:5607:496,CRG-004392
cargos,senado:5529:495,CRG-004393
cargos,senado:5633:516,CRG-004394
cargos,senado:5631:499,CRG-004395
cargos,senado:5559:500,CRG-004396
cargos,senado:5603:519,CRG-004397
cargos,senado:5593:494,CRG-004398
cargos,senado:5623:497,CRG-004399
cargos,senado:3830:501,CRG-004400
cargos,senado:3830:618,CRG-004401
cargos,senado:5637:518,CRG-004402
cargos,senado:5565:493,CRG-004403
cargos,senado:5537:499,CRG-004404
cargos,senado:5587:504,CRG-004405
cargos,senado:5605:519,CRG-004406
cargos,senado:5531:496,CRG-004407
cargos,senado:5581:502,CRG-004408
cargos,senado:5540:519,CRG-004409
cargos,senado:5577:512,CRG-004410
cargos,senado:3713:510,CRG-004411
cargos,senado:5615:515,CRG-004412
cargos,senado:4558:500,CRG-004413
cargos,senado:5639:518,CRG-004414
cargos,senado:5627:510,CRG-004415
cargos,senado:5609:514,CRG-004416
cargos,senado:5569:501,CRG-004417
cargos,senado:5569:618,CRG-004418
cargos,senado:878:516,CRG-004419
cargos,senado:5579:502,CRG-004420
cargos,senado:90:516,CRG-004421
cargos,senado:5613:509,CRG-004422
cargos,senado:415:495,CRG-004423
cargos,senado:5533:497,CRG-004424
cargos,senado:5567:493,CRG-004425
cargos,senado:5585:504,CRG-004426
cargos,senado:151:503,CRG-004427
cargos,senado:5557:500,CRG-004428
cargos,senado:5591:506,CRG-004429
cargos,senado:5575:492,CRG-004430
cargos,senado:5571:501,CRG-004431
cargos,senado:5595:494,CRG-004432
cargos,senado:5281:513,CRG-004433
cargos,senado:5525:493,CRG-004434
cargos,senado:5525:619,CRG-004435
cargos,senado:5523:492,CRG-004436
cargos,senado:5523:622,CRG-004437
cargos,senado:5599:507,CRG-004438
cargos,senado:5617:515,CRG-004439
cargos,senado:5617:610,CRG-004440
cargos,senado:336:499,CRG-004441
cargos,senado:5589:505,CRG-004442
cargos,senado:374:507,CRG-004443
cargos,senado:4606:505,CRG-004444
cargos,senado:5236:502,CRG-004445
cargos,senado:5561:511,CRG-004446
cargos,senado:5635:517,CRG-004447
cargos,senado:677:505,CRG-004448
cargos,senado:5322:509,CRG-004449
cargos,senado:5322:620,CRG-004450
cargos,senado:456:504,CRG-004451
cargos,senado:5601:513,CRG-004452
cargos,senado:2331:503,CRG-004453
cargos,senado:5621:498,CRG-004454
cargos,senado:5583:503,CRG-004455
cargos,senado:5611:514,CRG-004456
cargos,senado:5563:511,CRG-004457
cargos,senado:5527:494,CRG-004458
cargos,senado:5535:498,CRG-004459
cargos,senado:5629:510,CRG-004460
cargos,senado:5619:498,CRG-004461
cargos,senado:375:507,CRG-004462
cargos,senado:791:509,CRG-004463
cargos,senado:1173:506,CRG-004464
cargos,senado:1173:621,CRG-004465
cargos,senado:5918:526,CRG-004466
cargos,senado:6026:578,CRG-004467
cargos,senado:5923:522,CRG-004468
cargos,senado:5982:559,CRG-004469
cargos,senado:5962:550,CRG-004470
cargos,senado:5989:562,CRG-004471
cargos,senado:5950:548,CRG-004472
cargos,senado:5969:552,CRG-004473
cargos,senado:5967:554,CRG-004474
cargos,senado:6001:566,CRG-004475
cargos,senado:751:545,CRG-004476
cargos,senado:5554:555,CRG-004477
cargos,senado:4979:542,CRG-004478
cargos,senado:5896:533,CRG-004479
cargos,senado:5952:548,CRG-004480
cargos,senado:6011:571,CRG-004481
cargos,senado:5932:544,CRG-004482
cargos,senado:6013:573,CRG-004483
cargos,senado:6295:582,CRG-004484
cargos,senado:6295:592,CRG-004485
cargos,senado:6020:575,CRG-004486
cargos,senado:5936:545,CRG-004487
cargos,senado:5990:563,CRG-004488
cargos,senado:5991:563,CRG-004489
cargos,senado:6000:528,CRG-004490
cargos,senado:470:577,CRG-004491
cargos,senado:5973:556,CRG-004492
cargos,senado:6017:523,CRG-004493
cargos,senado:5933:544,CRG-004494
cargos,senado:475:575,CRG-004495
cargos,senado:5963:550,CRG-004496
cargos,senado:5960:553,CRG-004497
cargos,senado:5998:565,CRG-004498
cargos,senado:5992:563,CRG-004499
cargos,senado:5987:561,CRG-004500
cargos,senado:5837:554,CRG-004501
cargos,senado:6012:572,CRG-004502
cargos,senado:5996:565,CRG-004503
cargos,senado:5975:557,CRG-004504
cargos,senado:6021:576,CRG-004505
cargos,senado:5906:537,CRG-004506
cargos,senado:6016:574,CRG-004507
cargos,senado:5976:557,CRG-004508
cargos,senado:3777:568,CRG-004509
cargos,senado:5902:536,CRG-004510
cargos,senado:5898:524,CRG-004511
cargos,senado:5718:542,CRG-004512
cargos,senado:22:572,CRG-004513
cargos,senado:5953:548,CRG-004514
cargos,senado:5740:553,CRG-004515
cargos,senado:5980:559,CRG-004516
cargos,senado:5917:526,CRG-004517
cargos,senado:5920:540,CRG-004518
cargos,senado:5894:532,CRG-004519
cargos,senado:196:572,CRG-004520
cargos,senado:5900:524,CRG-004521
cargos,senado:6008:570,CRG-004522
cargos,senado:5999:528,CRG-004523
cargos,senado:5907:537,CRG-004524
cargos,senado:5385:567,CRG-004525
cargos,senado:6015:574,CRG-004526
cargos,senado:6007:569,CRG-004527
cargos,senado:6010:571,CRG-004528
cargos,senado:5978:558,CRG-004529
cargos,senado:4770:552,CRG-004530
cargos,senado:5931:573,CRG-004531
cargos,senado:5912:538,CRG-004532
cargos,senado:581:555,CRG-004533
cargos,senado:5895:533,CRG-004534
cargos,senado:5993:579,CRG-004535
cargos,senado:5350:571,CRG-004536
cargos,senado:5983:560,CRG-004537
cargos,senado:5910:539,CRG-004538
cargos,senado:6305:592,CRG-004539
cargos,senado:5972:556,CRG-004540
cargos,senado:5929:544,CRG-004541
cargos,senado:5965:551,CRG-004542
cargos,senado:5977:558,CRG-004543
cargos,senado:5979:558,CRG-004544
cargos,senado:5903:532,CRG-004545
cargos,senado:5926:543,CRG-004546
cargos,senado:6014:555,CRG-004547
cargos,senado:1186:574,CRG-004548
cargos,senado:5968:552,CRG-004549
cargos,senado:5904:536,CRG-004550
cargos,senado:5981:559,CRG-004551
cargos,senado:5666:570,CRG-004552
cargos,senado:5376:569,CRG-004553
cargos,senado:742:539,CRG-004554
cargos,senado:5915:525,CRG-004555
cargos,senado:285:536,CRG-004556
cargos,senado:5422:576,CRG-004557
cargos,senado:6287:567,CRG-004558
cargos,senado:5942:547,CRG-004559
cargos,senado:6304:592,CRG-004560
cargos,senado:5909:520,CRG-004561
cargos,senado:6019:575,CRG-004562
cargos,senado:5994:579,CRG-004563
cargos,senado:5908:520,CRG-004564
cargos,senado:6002:566,CRG-004565
cargos,senado:6027:578,CRG-004566
cargos,senado:5935:521,CRG-004567
cargos,senado:5897:533,CRG-004568
cargos,senado:5997:565,CRG-004569
cargos,senado:5985:560,CRG-004570
cargos,senado:6006:568,CRG-004571
cargos,senado:6024:577,CRG-004572
cargos,senado:5924:541,CRG-004573
cargos,senado:5925:522,CRG-004574
cargos,senado:5966:551,CRG-004575
cargos,senado:6022:576,CRG-004576
cargos,senado:5928:543,CRG-004577
cargos,senado:5927:543,CRG-004578
cargos,senado:5901:532,CRG-004579
cargos,senado:5921:541,CRG-004580
cargos,senado:6023:577,CRG-004581
cargos,senado:453:538,CRG-004582
cargos,senado:674:542,CRG-004583
cargos,senado:5922:541,CRG-004584
cargos,senado:5502:573,CRG-004585
cargos,senado:5971:556,CRG-004586
cargos,senado:5984:560,CRG-004587
cargos,senado:5913:527,CRG-004588
cargos,senado:6018:523,CRG-004589
cargos,senado:5934:545,CRG-004590
cargos,senado:5257:562,CRG-004591
cargos,senado:6025:578,CRG-004592
cargos,senado:5892:529,CRG-004593
cargos,senado:5986:561,CRG-004594
cargos,senado:5905:537,CRG-004595
cargos,senado:5732:562,CRG-004596
cargos,senado:5352:579,CRG-004597
cargos,senado:5945:547,CRG-004598
cargos,senado:5944:547,CRG-004599
cargos,senado:5911:539,CRG-004600
cargos,senado:5974:557,CRG-004601
cargos,senado:5916:527,CRG-004602
cargos,senado:6005:568,CRG-004603
cargos,senado:5988:561,CRG-004604
cargos,senado:5959:550,CRG-004605
cargos,senado:5893:529,CRG-004606
cargos,senado:5995:564,CRG-004607
cargos,senado:6004:567,CRG-004608
cargos,senado:5899:538,CRG-004609
cargos,senado:5748:564,CRG-004610
cargos,senado:5919:540,CRG-004611
cargos,senado:5914:525,CRG-004612
cargos,senado:5411:529,CRG-004613
cargos,senado:5783:551,CRG-004614
cargos,senado:3806:566,CRG-004615
cargos,senado:6382:613,CRG-004616
cargos,senado:6346:597,CRG-004617
cargos,senado:5672:596,CRG-004618
cargos,senado:6360:603,CRG-004619
cargos,senado:6379:611,CRG-004620
cargos,senado:6358:602,CRG-004621
cargos,senado:6373:620,CRG-004622
cargos,senado:6366:605,CRG-004623
cargos,senado:6009:617,CRG-004624
cargos,senado:6350:598,CRG-004625
cargos,senado:4639:604,CRG-004626
cargos,senado:6347:618,CRG-004627
cargos,senado:6372:620,CRG-004628
cargos,senado:6336:598,CRG-004629
cargos,senado:6334:619,CRG-004630
cargos,senado:6337:603,CRG-004631
cargos,senado:6380:612,CRG-004632
cargos,senado:6344:596,CRG-004633
cargos,senado:6335:599,CRG-004634
cargos,senado:6377:610,CRG-004635
cargos,senado:5793:611,CRG-004636
cargos,senado:4642:605,CRG-004637
cargos,senado:6367:605,CRG-004638
cargos,senado:6384:614,CRG-004639
cargos,senado:6345:597,CRG-004640
cargos,senado:6374:616,CRG-004641
cargos,senado:4605:602,CRG-004642
cargos,senado:6368:606,CRG-004643
cargos,senado:6343:596,CRG-004644
cargos,senado:6341:612,CRG-004645
cargos,senado:6381:613,CRG-004646
cargos,senado:6349:622,CRG-004647
cargos,senado:6357:601,CRG-004648
cargos,senado:6375:616,CRG-004649
cargos,senado:6356:601,CRG-004650
cargos,senado:6340:610,CRG-004651
cargos,senado:6351:598,CRG-004652
cargos,senado:6383:614,CRG-004653
cargos,senado:6342:613,CRG-004654
cargos,senado:6364:604,CRG-004655
cargos,senado:6378:611,CRG-004656
cargos,senado:6369:607,CRG-004657
cargos,senado:4811:614,CRG-004658
cargos,senado:6365:604,CRG-004659
cargos,senado:6112:612,CRG-004660
cargos,senado:6359:602,CRG-004661
cargos,senado:6370:608,CRG-004662
cargos,senado:6352:599,CRG-004663
cargos,senado:6354:600,CRG-004664
cargos,senado:6388:615,CRG-004665
cargos,senado:6362:621,CRG-004666
cargos,senado:6353:599,CRG-004667
cargos,senado:6333:595,CRG-004668
cargos,senado:6385:617,CRG-004669
cargos,senado:5386:615,CRG-004670
cargos,senado:6387:615,CRG-004671
cargos,senado:5207:597,CRG-004672
cargos,senado:6371:608,CRG-004673
cargos,senado:4694:616,CRG-004674
cargos,senado:6363:621,CRG-004675
cargos,senado:6331:608,CRG-004676
cargos,senado:4768:606,CRG-004677
cargos,senado:6386:617,CRG-004678
cargos,senado:6355:600,CRG-004679
cargos,senado:6332:595,CRG-004680
cargos,senado:6348:622,CRG-004681
cargos,senado:6338:606,CRG-004682
cargos,senado:5736:595,CRG-004683
cargos,senado:6361:603,CRG-004684
cargos,senado:5070:601,CRG-004685
denominacoes_partido,partido_tse:PPR|ate:1995-11-16:PPR:,DNP-000001
denominacoes_partido,partido_tse:PP|ate:1995-11-16:PP:,DNP-000002
denominacoes_partido,partido_tse:PPB|PP:PPB:1995-11-16,DNP-000003
denominacoes_partido,partido_tse:PPB|PP:PP:2003-05-29,DNP-000004
denominacoes_partido,partido_tse:PPB|PP:PP:2018-09-11,DNP-000005
denominacoes_partido,partido_tse:PSN|PHS|ate:2019-09-19:PSN:,DNP-000006
denominacoes_partido,partido_tse:PSN|PHS|ate:2019-09-19:PSN:1998-02-19,DNP-000007
denominacoes_partido,partido_tse:PSN|PHS|ate:2019-09-19:PHS:2000-05-30,DNP-000008
denominacoes_partido,partido_tse:PRN|PTC|AGIR:PRN:1990-02-22,DNP-000009
denominacoes_partido,partido_tse:PRN|PTC|AGIR:PTC:2001-04-24,DNP-000010
denominacoes_partido,partido_tse:PRN|PTC|AGIR:AGIR:2022-03-31,DNP-000011
denominacoes_partido,partido_tse:PTB|ate:2023-11-09:PTB:,DNP-000012
denominacoes_partido,partido_tse:PSD|ate:2003-02-20:PSD:,DNP-000013
denominacoes_partido,partido_tse:PL|ate:2006-12-19:PL:,DNP-000014
denominacoes_partido,partido_tse:PGT|ate:2003-04-01:PGT:,DNP-000015
denominacoes_partido,partido_tse:PST|ate:2003-04-01:PST:,DNP-000016
denominacoes_partido,partido_tse:PRONA|ate:2006-12-19:PRONA:,DNP-000017
denominacoes_partido,partido_tse:PR|PL:PR:2006-12-19,DNP-000018
denominacoes_partido,partido_tse:PR|PL:PL:2019-02-09,DNP-000019
denominacoes_partido,partido_tse:PAN|ate:2007-03-15:PAN:,DNP-000020
denominacoes_partido,partido_tse:PFL|DEM|ate:2022-02-08:PFL:,DNP-000021
denominacoes_partido,partido_tse:PFL|DEM|ate:2022-02-08:DEM:2007-06-12,DNP-000022
denominacoes_partido,partido_tse:PMR|PRB|REPUBLICANOS:PMR:2005-08-25,DNP-000023
denominacoes_partido,partido_tse:PMR|PRB|REPUBLICANOS:PRB:2009-09-21,DNP-000024
denominacoes_partido,partido_tse:PMR|PRB|REPUBLICANOS:REPUBLICANOS:2019-08-15,DNP-000025
denominacoes_partido,partido_tse:PTN|PODE:PTN:1997-10-02,DNP-000026
denominacoes_partido,partido_tse:PTN|PODE:PODE:2017-05-16,DNP-000027
denominacoes_partido,partido_tse:PTDOB|AVANTE:PTDOB:1994-10-11,DNP-000028
denominacoes_partido,partido_tse:PTDOB|AVANTE:AVANTE:2017-09-12,DNP-000029
denominacoes_partido,partido_tse:PEN|PATRI|PATRIOTA|ate:2023-11-09:PEN:,DNP-000030
denominacoes_partido,partido_tse:PEN|PATRI|PATRIOTA|ate:2023-11-09:PATRI:2018-04-26,DNP-000031
denominacoes_partido,partido_tse:PEN|PATRI|PATRIOTA|ate:2023-11-09:PATRIOTA:2019-03-28,DNP-000032
denominacoes_partido,partido_tse:PMDB|MDB:PMDB:1981-06-30,DNP-000033
denominacoes_partido,partido_tse:PMDB|MDB:MDB:2018-05-15,DNP-000034
denominacoes_partido,partido_tse:PSDC|DC:PSDC:1997-08-05,DNP-000035
denominacoes_partido,partido_tse:PSDC|DC:DC:2018-05-17,DNP-000036
denominacoes_partido,partido_tse:SD|SOLIDARIEDADE:SD:2013-09-24,DNP-000037
denominacoes_partido,partido_tse:SD|SOLIDARIEDADE:SOLIDARIEDADE:2018-06-28,DNP-000038
denominacoes_partido,partido_tse:PRP|ate:2019-03-28:PRP:,DNP-000039
denominacoes_partido,partido_tse:PCDOB:PCDOB:1988-06-23,DNP-000040
denominacoes_partido,partido_tse:PPL|ate:2019-05-28:PPL:,DNP-000041
denominacoes_partido,partido_tse:PPS|CIDADANIA:PPS:1992-03-19,DNP-000042
denominacoes_partido,partido_tse:PPS|CIDADANIA:CIDADANIA:2019-09-19,DNP-000043
denominacoes_partido,partido_tse:PSL|ate:2022-02-08:PSL:,DNP-000044
denominacoes_partido,partido_tse:UNIÃO:UNIÃO:2022-02-08,DNP-000045
denominacoes_partido,partido_tse:PROS|ate:2023-02-14:PROS:,DNP-000046
denominacoes_partido,partido_tse:PSC|ate:2023-06-15:PSC:,DNP-000047
denominacoes_partido,partido_tse:PRD:PRD:2023-11-09,DNP-000048
denominacoes_partido,partido_tse:PMN|MOBILIZA:PMN:1990-10-25,DNP-000049
denominacoes_partido,partido_tse:PMN|MOBILIZA:MOBILIZA:2023-12-05,DNP-000050
denominacoes_partido,partido_tse:PMB|DEMOCRATA:PMB:2015-09-29,DNP-000051
denominacoes_partido,partido_tse:PMB|DEMOCRATA:DEMOCRATA:2025-12-02,DNP-000052
denominacoes_partido,partido_tse:PDT:PDT:1981-11-10,DNP-000053
denominacoes_partido,partido_tse:PT:PT:1982-02-11,DNP-000054
denominacoes_partido,partido_tse:PSB:PSB:1988-07-01,DNP-000055
denominacoes_partido,partido_tse:PSDB:PSDB:1989-08-24,DNP-000056
denominacoes_partido,partido_tse:PV:PV:1993-09-30,DNP-000057
denominacoes_partido,partido_tse:PSTU:PSTU:1995-12-19,DNP-000058
denominacoes_partido,partido_tse:PCB:PCB:1996-05-09,DNP-000059
denominacoes_partido,partido_tse:PRTB:PRTB:1997-02-18,DNP-000060
denominacoes_partido,partido_tse:PCO:PCO:1997-09-30,DNP-000061
denominacoes_partido,partido_tse:PSOL:PSOL:2005-09-15,DNP-000062
denominacoes_partido,partido_tse:PSD:PSD:2011-09-27,DNP-000063
denominacoes_partido,partido_tse:NOVO:NOVO:2015-09-15,DNP-000064
denominacoes_partido,partido_tse:REDE:REDE:2015-09-22,DNP-000065
denominacoes_partido,partido_tse:UP:UP:2019-12-10,DNP-000066
denominacoes_partido,partido_tse:MISSÃO:MISSÃO:2025-11-04,DNP-000067
filiacoes,camara:3151:53:PFL:2007-02-02,FIL-000001
filiacoes,camara:3151:53:DEM:2007-04-23,FIL-000002
filiacoes,camara:3151:54:DEM:2011-02-03,FIL-000003
filiacoes,camara:3155:53:PFL:2007-02-05,FIL-000004
filiacoes,camara:3155:53:DEM:2007-04-23,FIL-000005
filiacoes,camara:4927:53:PFL:2007-02-02,FIL-000006
filiacoes,camara:4927:53:DEM:2007-04-23,FIL-000007
filiacoes,camara:4928:53:PSB:2007-02-05,FIL-000008
filiacoes,camara:4928:53:PRB:2009-10-08,FIL-000009
filiacoes,camara:4929:53:PT:2007-02-05,FIL-000010
filiacoes,camara:4929:54:PT:2011-03-16,FIL-000011
filiacoes,camara:4929:54:PSB:2015-01-28,FIL-000012
filiacoes,camara:4930:53:PMN:2007-02-13,FIL-000013
filiacoes,camara:4930:53:PTB:2009-11-03,FIL-000014
filiacoes,camara:4930:54:PTB:2011-02-01,FIL-000015
filiacoes,camara:4930:54:PSC:2013-10-08,FIL-000016
filiacoes,camara:4930:55:PSC:2015-02-01,FIL-000017
filiacoes,camara:4930:55:PTDOB:2015-12-08,FIL-000018
filiacoes,camara:4930:55:AVANTE:2017-09-25,FIL-000019
filiacoes,camara:4931:53:PFL:2007-03-01,FIL-000020
filiacoes,camara:4931:53:DEM:2007-04-23,FIL-000021
filiacoes,camara:4931:53:PSDB:2008-04-29,FIL-000022
filiacoes,camara:4931:54:PR:2011-02-01,FIL-000023
filiacoes,camara:4931:54:PSDB:2012-10-16,FIL-000024
filiacoes,camara:4931:55:PSDB:2015-02-01,FIL-000025
filiacoes,camara:62881:54:PMDB:2011-02-01,FIL-000026
filiacoes,camara:62881:55:PMDB:2015-02-01,FIL-000027
filiacoes,camara:62881:55:PSB:2015-09-24,FIL-000028
filiacoes,camara:62881:55:DEM:2017-12-11,FIL-000029
filiacoes,camara:62881:55:PSDB:2018-04-11,FIL-000030
filiacoes,camara:62881:56:PSDB:2020-06-17,FIL-000031
filiacoes,camara:62881:56:UNIÃO:2022-04-11,FIL-000032
filiacoes,camara:62881:57:UNIÃO:2023-02-01,FIL-000033
filiacoes,camara:62881:57:PP:2026-04-07,FIL-000034
filiacoes,camara:62926:52:PTB:2003-02-01,FIL-000035
filiacoes,camara:64224:52:PFL:2003-02-01,FIL-000036
filiacoes,camara:64960:52:PMDB:2003-01-31,FIL-000037
filiacoes,camara:64960:52:PPS:2003-09-17,FIL-000038
filiacoes,camara:64960:52:PSB:2005-10-06,FIL-000039
filiacoes,camara:64960:53:PSB:2007-02-01,FIL-000040
filiacoes,camara:64960:55:PSB:2015-02-01,FIL-000041
filiacoes,camara:64960:55:PMDB:2018-04-11,FIL-000042
filiacoes,camara:64960:55:MDB:2018-05-21,FIL-000043
filiacoes,camara:65511:52:PSB:2003-02-01,FIL-000044
filiacoes,camara:65551:52:PDT:2003-02-01,FIL-000045
filiacoes,camara:65551:52:PP:2003-09-11,FIL-000046
filiacoes,camara:65551:52:PDT:2005-10-10,FIL-000047
filiacoes,camara:65987:52:PTB:2003-01-29,FIL-000048
filiacoes,camara:65987:52:PMN:2003-02-01,FIL-000049
filiacoes,camara:65987:52:PT:2003-10-15,FIL-000050
filiacoes,camara:65987:52:PMDB:2005-02-13,FIL-000051
filiacoes,camara:65987:52:PMDB:2005-02-28,FIL-000052
filiacoes,camara:66179:55:DEM:2017-01-01,FIL-000053
filiacoes,camara:66179:56:DEM:2019-02-01,FIL-000054
filiacoes,camara:66179:56:UNIÃO:2022-02-23,FIL-000055
filiacoes,camara:66179:56:PP:2022-03-30,FIL-000056
filiacoes,camara:66385:57:PP:2023-02-01,FIL-000057
filiacoes,camara:66828:55:PRB:2015-02-01,FIL-000058
filiacoes,camara:66828:55:PP:2016-03-17,FIL-000059
filiacoes,camara:66828:56:PP:2019-02-01,FIL-000060
filiacoes,camara:66828:57:PP:2023-02-01,FIL-000061
filiacoes,camara:66828:57:UNIÃO:2026-04-29,FIL-000062
filiacoes,camara:67138:54:PP:2011-01-24,FIL-000063
filiacoes,camara:67138:55:PP:2015-02-01,FIL-000064
filiacoes,camara:67138:56:PP:2019-02-01,FIL-000065
filiacoes,camara:67312:55:PSC:2015-02-01,FIL-000066
filiacoes,camara:68720:56:PDT:2019-02-01,FIL-000067
filiacoes,camara:68720:56:UNIÃO:2022-04-04,FIL-000068
filiacoes,camara:68720:57:UNIÃO:2023-02-01,FIL-000069
filiacoes,camara:68731:54:PR:2011-02-01,FIL-000070
filiacoes,camara:68731:54:SDD:2013-10-02,FIL-000071
filiacoes,camara:68731:54:SD:2014-04-24,FIL-000072
filiacoes,camara:69871:55:PTN:2015-02-01,FIL-000073
filiacoes,camara:69871:55:PODE:2017-05-19,FIL-000074
filiacoes,camara:69871:56:PODE:2019-02-01,FIL-000075
filiacoes,camara:69871:56:PV:2022-04-05,FIL-000076
filiacoes,camara:69871:57:PV:2023-02-01,FIL-000077
filiacoes,camara:71921:53:PT:2011-01-03,FIL-000078
filiacoes,camara:72442:55:PSB:2015-02-01,FIL-000079
filiacoes,camara:72442:56:PSB:2019-02-01,FIL-000080
filiacoes,camara:72442:57:PSB:2023-02-01,FIL-000081
filiacoes,camara:72912:55:PMDB:2015-02-01,FIL-000082
filiacoes,camara:72912:55:PT:2018-03-13,FIL-000083
filiacoes,camara:73416:52:PSB:2003-01-31,FIL-000084
filiacoes,camara:73416:52:PMDB:2003-08-25,FIL-000085
filiacoes,camara:73416:53:PMDB:2007-02-01,FIL-000086
filiacoes,camara:73416:54:PMDB:2011-02-09,FIL-000087
filiacoes,camara:73420:52:PTB:2003-02-01,FIL-000088
filiacoes,camara:73421:52:PSDB:2003-02-01,FIL-000089
filiacoes,camara:73424:52:PPB:2003-02-01,FIL-000090
filiacoes,camara:73424:52:PP:2003-06-02,FIL-000091
filiacoes,camara:73424:53:PP:2007-02-01,FIL-000092
filiacoes,camara:73424:54:PP:2011-02-01,FIL-000093
filiacoes,camara:73424:55:PP:2015-02-01,FIL-000094
filiacoes,camara:73424:56:PP:2021-08-16,FIL-000095
filiacoes,camara:73427:52:PSDB:2003-02-01,FIL-000096
filiacoes,camara:73428:52:PCDOB:2003-02-01,FIL-000097
filiacoes,camara:73428:53:PCDOB:2007-02-01,FIL-000098
filiacoes,camara:73428:54:PCDOB:2011-02-01,FIL-000099
filiacoes,camara:73430:52:PSDB:2003-02-01,FIL-000100
filiacoes,camara:73431:52:PSDB:2003-02-01,FIL-000101
filiacoes,camara:73431:53:PSDB:2007-02-01,FIL-000102
filiacoes,camara:73433:52:PT:2003-02-01,FIL-000103
filiacoes,camara:73433:53:PT:2007-02-01,FIL-000104
filiacoes,camara:73433:54:PT:2011-02-01,FIL-000105
filiacoes,camara:73433:55:PT:2015-02-01,FIL-000106
filiacoes,camara:73433:56:PT:2019-02-01,FIL-000107
filiacoes,camara:73433:57:PT:2023-02-01,FIL-000108
filiacoes,camara:73434:52:PTB:2003-02-01,FIL-000109
filiacoes,camara:73434:53:PTB:2007-02-01,FIL-000110
filiacoes,camara:73434:54:PTB:2011-02-01,FIL-000111
filiacoes,camara:73434:55:PTB:2015-02-01,FIL-000112
filiacoes,camara:73434:55:PP:2018-04-03,FIL-000113
filiacoes,camara:73434:56:PP:2022-04-19,FIL-000114
filiacoes,camara:73435:52:PTB:2005-01-01,FIL-000115
filiacoes,camara:73437:53:PP:2007-02-01,FIL-000116
filiacoes,camara:73437:54:PP:2011-02-01,FIL-000117
filiacoes,camara:73437:54:PRB:2013-10-05,FIL-000118
filiacoes,camara:73437:55:PRB:2015-02-01,FIL-000119
filiacoes,camara:73437:55:PMDB:2018-04-09,FIL-000120
filiacoes,camara:73437:55:MDB:2018-05-21,FIL-000121
filiacoes,camara:73441:52:PPB:2003-02-01,FIL-000122
filiacoes,camara:73441:52:PP:2003-06-02,FIL-000123
filiacoes,camara:73441:53:PP:2007-02-01,FIL-000124
filiacoes,camara:73441:55:PRB:2015-02-01,FIL-000125
filiacoes,camara:73441:56:PRB:2019-02-01,FIL-000126
filiacoes,camara:73441:56:REPUBLICANOS:2019-08-16,FIL-000127
filiacoes,camara:73441:57:REPUBLICANOS:2023-02-01,FIL-000128
filiacoes,camara:73442:52:PFL:2003-02-01,FIL-000129
filiacoes,camara:73445:52:PPB:2003-02-01,FIL-000130
filiacoes,camara:73445:52:PP:2003-06-02,FIL-000131
filiacoes,camara:73445:52:PMDB:2005-09-19,FIL-000132
filiacoes,camara:73447:54:PMDB:2011-02-01,FIL-000133
filiacoes,camara:73447:55:PMDB:2015-02-01,FIL-000134
filiacoes,camara:73447:55:MDB:2018-05-21,FIL-000135
filiacoes,camara:73454:52:PT:2003-02-01,FIL-000136
filiacoes,camara:73455:52:PP:2003-06-02,FIL-000137
filiacoes,camara:73456:52:PMDB:2003-02-01,FIL-000138
filiacoes,camara:73456:53:PMDB:2007-02-01,FIL-000139
filiacoes,camara:73457:52:PTB:2003-10-04,FIL-000140
filiacoes,camara:73457:52:PMDB:2003-10-21,FIL-000141
filiacoes,camara:73457:52:PTB:2005-02-14,FIL-000142
filiacoes,camara:73457:52:PPS:2005-10-31,FIL-000143
filiacoes,camara:73457:53:PPS:2007-02-06,FIL-000144
filiacoes,camara:73457:53:PR:2007-03-23,FIL-000145
filiacoes,camara:73458:52:PTB:2003-01-31,FIL-000146
filiacoes,camara:73458:53:PTB:2007-02-01,FIL-000147
filiacoes,camara:73458:54:PTB:2011-02-01,FIL-000148
filiacoes,camara:73458:55:PTB:2015-02-01,FIL-000149
filiacoes,camara:73459:52:PT:2003-02-01,FIL-000150
filiacoes,camara:73459:53:PT:2007-02-01,FIL-000151
filiacoes,camara:73459:54:PT:2011-02-01,FIL-000152
filiacoes,camara:73460:52:PMDB:2003-02-01,FIL-000153
filiacoes,camara:73460:52:PSDB:2005-02-10,FIL-000154
filiacoes,camara:73460:53:PSDB:2007-02-01,FIL-000155
filiacoes,camara:73460:56:PDT:2019-02-01,FIL-000156
filiacoes,camara:73461:52:PTB:2003-02-01,FIL-000157
filiacoes,camara:73461:53:PTB:2009-12-22,FIL-000158
filiacoes,camara:73461:53:PR:2010-02-23,FIL-000159
filiacoes,camara:73462:52:PTB:2003-02-01,FIL-000160
filiacoes,camara:73463:52:PMDB:2003-02-01,FIL-000161
filiacoes,camara:73463:53:PMDB:2007-02-01,FIL-000162
filiacoes,camara:73463:54:PMDB:2011-02-01,FIL-000163
filiacoes,camara:73463:55:PMDB:2015-02-01,FIL-000164
filiacoes,camara:73463:55:PP:2018-04-11,FIL-000165
filiacoes,camara:73463:56:PP:2021-09-17,FIL-000166
filiacoes,camara:73464:52:PL:2003-02-01,FIL-000167
filiacoes,camara:73464:52:PR:2007-01-25,FIL-000168
filiacoes,camara:73464:54:PRB:2013-01-01,FIL-000169
filiacoes,camara:73466:54:PPS:2011-02-01,FIL-000170
filiacoes,camara:73466:55:PPS:2015-02-01,FIL-000171
filiacoes,camara:73466:56:PPS:2019-02-01,FIL-000172
filiacoes,camara:73466:56:CIDADANIA:2019-04-05,FIL-000173
filiacoes,camara:73469:52:PT:2003-02-01,FIL-000174
filiacoes,camara:73469:53:PT:2007-02-01,FIL-000175
filiacoes,camara:73471:52:PDT:2003-02-01,FIL-000176
filiacoes,camara:73471:52:PPS:2003-08-21,FIL-000177
filiacoes,camara:73471:53:PPS:2007-02-01,FIL-000178
filiacoes,camara:73472:52:PFL:2003-02-01,FIL-000179
filiacoes,camara:73472:53:PFL:2007-02-01,FIL-000180
filiacoes,camara:73472:53:DEM:2007-04-23,FIL-000181
filiacoes,camara:73472:53:PSDB:2007-08-21,FIL-000182
filiacoes,camara:73473:52:PPB:2003-02-01,FIL-000183
filiacoes,camara:73473:52:PP:2003-06-02,FIL-000184
filiacoes,camara:73474:52:PT:2003-02-01,FIL-000185
filiacoes,camara:73474:54:PT:2011-02-01,FIL-000186
filiacoes,camara:73477:52:PDT:2003-02-01,FIL-000187
filiacoes,camara:73478:52:PSB:2003-02-01,FIL-000188
filiacoes,camara:73478:53:PSB:2007-02-01,FIL-000189
filiacoes,camara:73478:54:PSB:2011-02-01,FIL-000190
filiacoes,camara:73480:52:PMDB:2003-02-01,FIL-000191
filiacoes,camara:73480:53:PMDB:2007-02-08,FIL-000192
filiacoes,camara:73481:53:PT:2009-01-01,FIL-000193
filiacoes,camara:73481:54:PT:2011-02-02,FIL-000194
filiacoes,camara:73481:55:PT:2015-02-02,FIL-000195
filiacoes,camara:73482:52:PT:2003-02-01,FIL-000196
filiacoes,camara:73482:53:PT:2007-02-01,FIL-000197
filiacoes,camara:73482:54:PT:2011-02-01,FIL-000198
filiacoes,camara:73482:55:PT:2015-02-01,FIL-000199
filiacoes,camara:73482:56:PT:2019-02-01,FIL-000200
filiacoes,camara:73483:52:PPB:2003-02-01,FIL-000201
filiacoes,camara:73483:52:PP:2003-06-02,FIL-000202
filiacoes,camara:73483:53:PP:2007-02-01,FIL-000203
filiacoes,camara:73483:54:PP:2011-02-01,FIL-000204
filiacoes,camara:73483:55:PP:2015-02-01,FIL-000205
filiacoes,camara:73485:52:PL:2003-02-01,FIL-000206
filiacoes,camara:73485:52:PR:2007-01-25,FIL-000207
filiacoes,camara:73486:52:PDT:2003-02-01,FIL-000208
filiacoes,camara:73486:53:PDT:2007-02-01,FIL-000209
filiacoes,camara:73486:55:PDT:2015-02-01,FIL-000210
filiacoes,camara:73486:56:PDT:2019-02-01,FIL-000211
filiacoes,camara:73486:57:PDT:2023-02-01,FIL-000212
filiacoes,camara:73490:52:PTB:2003-01-31,FIL-000213
filiacoes,camara:73490:53:PTB:2010-06-10,FIL-000214
filiacoes,camara:73492:52:PT:2003-02-01,FIL-000215
filiacoes,camara:73492:53:PT:2008-02-20,FIL-000216
filiacoes,camara:73499:52:PPB:2003-02-01,FIL-000217
filiacoes,camara:73499:52:PP:2003-06-02,FIL-000218
filiacoes,camara:73507:52:PSDB:2003-02-01,FIL-000219
filiacoes,camara:73507:52:PMDB:2003-10-13,FIL-000220
filiacoes,camara:73507:53:PMDB:2007-02-01,FIL-000221
filiacoes,camara:73507:54:PMDB:2011-02-01,FIL-000222
filiacoes,camara:73531:52:PT:2003-02-01,FIL-000223
filiacoes,camara:73531:52:PSOL:2005-10-04,FIL-000224
filiacoes,camara:73531:53:PSOL:2007-02-01,FIL-000225
filiacoes,camara:73531:54:PSOL:2011-02-01,FIL-000226
filiacoes,camara:73531:55:PSOL:2015-02-01,FIL-000227
filiacoes,camara:73531:56:PSOL:2019-02-01,FIL-000228
filiacoes,camara:73531:57:PSOL:2023-02-01,FIL-000229
filiacoes,camara:73534:52:PT:2003-02-01,FIL-000230
filiacoes,camara:73534:53:PT:2007-02-01,FIL-000231
filiacoes,camara:73534:54:PT:2011-02-01,FIL-000232
filiacoes,camara:73535:52:PMDB:2005-01-02,FIL-000233
filiacoes,camara:73535:53:PFL:2007-02-01,FIL-000234
filiacoes,camara:73535:53:DEM:2007-04-23,FIL-000235
filiacoes,camara:73535:54:DEM:2011-02-01,FIL-000236
filiacoes,camara:73535:55:DEM:2015-02-01,FIL-000237
filiacoes,camara:73536:53:PSDB:2007-02-01,FIL-000238
filiacoes,camara:73536:54:PSDB:2011-02-01,FIL-000239
filiacoes,camara:73540:53:PT:2007-02-01,FIL-000240
filiacoes,camara:73540:54:PT:2013-01-01,FIL-000241
filiacoes,camara:73542:52:PMDB:2003-02-01,FIL-000242
filiacoes,camara:73542:52:PFL:2003-10-07,FIL-000243
filiacoes,camara:73542:53:PFL:2007-02-01,FIL-000244
filiacoes,camara:73542:53:DEM:2007-04-23,FIL-000245
filiacoes,camara:73545:52:PT:2003-02-01,FIL-000246
filiacoes,camara:73546:52:PFL:2003-02-01,FIL-000247
filiacoes,camara:73548:52:PMDB:2005-01-05,FIL-000248
filiacoes,camara:73552:52:PMDB:2003-02-01,FIL-000249
filiacoes,camara:73552:53:PMDB:2007-02-01,FIL-000250
filiacoes,camara:73553:52:PTB:2003-02-01,FIL-000251
filiacoes,camara:73553:53:PTB:2007-02-01,FIL-000252
filiacoes,camara:73553:54:PTB:2011-02-01,FIL-000253
filiacoes,camara:73553:55:PTB:2015-02-01,FIL-000254
filiacoes,camara:73555:52:PMDB:2003-02-01,FIL-000255
filiacoes,camara:73555:53:PMDB:2008-10-16,FIL-000256
filiacoes,camara:73556:53:PSC:2007-02-01,FIL-000257
filiacoes,camara:73557:52:PTB:2003-02-01,FIL-000258
filiacoes,camara:73557:53:PTB:2007-02-01,FIL-000259
filiacoes,camara:73558:52:PFL:2003-02-01,FIL-000260
filiacoes,camara:73558:53:DEM:2007-04-23,FIL-000261
filiacoes,camara:73559:52:PSDB:2003-02-01,FIL-000262
filiacoes,camara:73559:52:PTB:2003-08-07,FIL-000263
filiacoes,camara:73559:52:PSB:2005-09-28,FIL-000264
filiacoes,camara:73559:54:PDT:2011-02-01,FIL-000265
filiacoes,camara:73559:54:PROS:2013-10-02,FIL-000266
filiacoes,camara:73560:52:PSDB:2005-01-01,FIL-000267
filiacoes,camara:73560:53:PSDB:2007-02-01,FIL-000268
filiacoes,camara:73560:54:PSDB:2011-02-03,FIL-000269
filiacoes,camara:73560:55:PSDB:2015-02-01,FIL-000270
filiacoes,camara:73561:52:PT:2003-02-01,FIL-000271
filiacoes,camara:73561:53:PT:2011-01-01,FIL-000272
filiacoes,camara:73564:52:PPB:2003-02-01,FIL-000273
filiacoes,camara:73564:52:PP:2003-06-02,FIL-000274
filiacoes,camara:73564:53:PP:2007-02-01,FIL-000275
filiacoes,camara:73565:52:PL:2003-02-01,FIL-000276
filiacoes,camara:73565:53:PR:2007-01-25,FIL-000277
filiacoes,camara:73565:54:PR:2011-02-01,FIL-000278
filiacoes,camara:73566:52:PTB:2003-01-31,FIL-000279
filiacoes,camara:73568:54:PMDB:2013-02-26,FIL-000280
filiacoes,camara:73568:55:PMDB:2015-02-06,FIL-000281
filiacoes,camara:73568:55:MDB:2018-05-21,FIL-000282
filiacoes,camara:73569:52:PL:2003-01-31,FIL-000283
filiacoes,camara:73569:52:PR:2007-01-25,FIL-000284
filiacoes,camara:73569:54:PRB:2011-02-09,FIL-000285
filiacoes,camara:73572:52:PT:2003-02-01,FIL-000286
filiacoes,camara:73574:52:PFL:2003-02-01,FIL-000287
filiacoes,camara:73574:52:PP:2004-02-10,FIL-000288
filiacoes,camara:73575:52:PFL:2006-03-15,FIL-000289
filiacoes,camara:73577:52:PT:2003-02-01,FIL-000290
filiacoes,camara:73577:53:PT:2007-02-01,FIL-000291
filiacoes,camara:73579:52:PMDB:2003-02-01,FIL-000292
filiacoes,camara:73579:52:PTB:2003-11-05,FIL-000293
filiacoes,camara:73579:52:PFL:2005-07-11,FIL-000294
filiacoes,camara:73579:53:PFL:2007-02-01,FIL-000295
filiacoes,camara:73579:53:DEM:2007-04-23,FIL-000296
filiacoes,camara:73579:55:DEM:2015-02-01,FIL-000297
filiacoes,camara:73579:57:PL:2023-02-01,FIL-000298
filiacoes,camara:73582:52:PSDB:2003-02-01,FIL-000299
filiacoes,camara:73584:52:PSDB:2003-02-01,FIL-000300
filiacoes,camara:73584:53:PSDB:2007-02-01,FIL-000301
filiacoes,camara:73584:54:PSDB:2011-02-01,FIL-000302
filiacoes,camara:73584:55:PSDB:2015-02-03,FIL-000303
filiacoes,camara:73584:55:PV:2016-03-08,FIL-000304
filiacoes,camara:73586:52:PPS:2003-02-01,FIL-000305
filiacoes,camara:73586:52:PSB:2005-07-08,FIL-000306
filiacoes,camara:73586:53:PSB:2007-02-01,FIL-000307
filiacoes,camara:73586:54:PSB:2011-02-01,FIL-000308
filiacoes,camara:73586:55:PSB:2015-02-01,FIL-000309
filiacoes,camara:73586:56:PSB:2019-02-01,FIL-000310
filiacoes,camara:73586:56:PV:2022-04-01,FIL-000311
filiacoes,camara:73588:52:PMDB:2003-05-08,FIL-000312
filiacoes,camara:73588:53:PMDB:2007-02-01,FIL-000313
filiacoes,camara:73588:54:PMDB:2011-02-01,FIL-000314
filiacoes,camara:73588:55:PMDB:2016-04-28,FIL-000315
filiacoes,camara:73588:55:MDB:2018-05-21,FIL-000316
filiacoes,camara:73592:52:PFL:2003-02-01,FIL-000317
filiacoes,camara:73594:53:PFL:2007-02-01,FIL-000318
filiacoes,camara:73594:53:DEM:2007-04-23,FIL-000319
filiacoes,camara:73594:53:PR:2009-09-30,FIL-000320
filiacoes,camara:73594:54:PR:2013-03-08,FIL-000321
filiacoes,camara:73594:54:PEN:2013-03-11,FIL-000322
filiacoes,camara:73595:52:PFL:2005-04-26,FIL-000323
filiacoes,camara:73595:52:PV:2005-09-29,FIL-000324
filiacoes,camara:73599:52:PTB:2003-02-01,FIL-000325
filiacoes,camara:73599:53:PTB:2011-01-01,FIL-000326
filiacoes,camara:73603:52:PT:2003-02-01,FIL-000327
filiacoes,camara:73603:52:PSOL:2005-10-05,FIL-000328
filiacoes,camara:73604:56:PT:2019-02-01,FIL-000329
filiacoes,camara:73604:57:PT:2023-02-01,FIL-000330
filiacoes,camara:73612:52:PST:2003-03-12,FIL-000331
filiacoes,camara:73612:52:PSB:2003-03-19,FIL-000332
filiacoes,camara:73612:53:PMDB:2009-01-23,FIL-000333
filiacoes,camara:73645:52:PSDB:2003-02-01,FIL-000334
filiacoes,camara:73651:52:PPS:2003-01-31,FIL-000335
filiacoes,camara:73651:53:PP:2008-06-19,FIL-000336
filiacoes,camara:73652:52:PMDB:2004-01-20,FIL-000337
filiacoes,camara:73653:52:PL:2003-02-01,FIL-000338
filiacoes,camara:73653:52:PR:2007-01-25,FIL-000339
filiacoes,camara:73653:53:PR:2007-01-25,FIL-000340
filiacoes,camara:73653:54:PR:2011-02-01,FIL-000341
filiacoes,camara:73654:52:PCDOB:2003-02-01,FIL-000342
filiacoes,camara:73655:53:PPS:2007-02-01,FIL-000343
filiacoes,camara:73655:54:PPS:2011-02-04,FIL-000344
filiacoes,camara:73655:54:SDD:2013-10-01,FIL-000345
filiacoes,camara:73655:54:SD:2014-04-24,FIL-000346
filiacoes,camara:73655:55:SD:2015-02-01,FIL-000347
filiacoes,camara:73655:55:SOLIDARIEDADE:2018-12-17,FIL-000348
filiacoes,camara:73658:53:PR:2007-01-25,FIL-000349
filiacoes,camara:73660:52:PFL:2003-03-12,FIL-000350
filiacoes,camara:73660:53:PFL:2007-03-15,FIL-000351
filiacoes,camara:73660:53:DEM:2007-04-23,FIL-000352
filiacoes,camara:73663:52:PMDB:2003-02-01,FIL-000353
filiacoes,camara:73663:52:PSB:2003-10-14,FIL-000354
filiacoes,camara:73666:52:PSDB:2003-02-01,FIL-000355
filiacoes,camara:73666:52:PTB:2003-08-07,FIL-000356
filiacoes,camara:73666:53:PTB:2007-02-01,FIL-000357
filiacoes,camara:73666:54:PTB:2011-02-01,FIL-000358
filiacoes,camara:73666:55:PTB:2015-02-01,FIL-000359
filiacoes,camara:73672:52:PSDB:2004-04-23,FIL-000360
filiacoes,camara:73672:52:PP:2005-02-11,FIL-000361
filiacoes,camara:73673:53:PT:2007-02-01,FIL-000362
filiacoes,camara:73674:52:PPB:2003-02-01,FIL-000363
filiacoes,camara:73674:52:PP:2003-06-02,FIL-000364
filiacoes,camara:73674:53:PP:2007-02-01,FIL-000365
filiacoes,camara:73674:54:PP:2011-02-01,FIL-000366
filiacoes,camara:73674:55:PP:2015-02-01,FIL-000367
filiacoes,camara:73674:56:PP:2023-02-01,FIL-000368
filiacoes,camara:73676:52:PL:2003-01-30,FIL-000369
filiacoes,camara:73676:52:PR:2007-01-25,FIL-000370
filiacoes,camara:73676:53:PR:2007-01-25,FIL-000371
filiacoes,camara:73676:54:PR:2011-02-01,FIL-000372
filiacoes,camara:73676:54:PMDB:2011-11-03,FIL-000373
filiacoes,camara:73677:52:PFL:2003-02-01,FIL-000374
filiacoes,camara:73677:54:DEM:2011-02-01,FIL-000375
filiacoes,camara:73677:54:PSD:2011-10-26,FIL-000376
filiacoes,camara:73682:52:PDT:2006-12-15,FIL-000377
filiacoes,camara:73682:53:PDT:2007-02-01,FIL-000378
filiacoes,camara:73682:54:PDT:2011-02-01,FIL-000379
filiacoes,camara:73682:54:SDD:2013-10-01,FIL-000380
filiacoes,camara:73682:54:SD:2014-04-24,FIL-000381
filiacoes,camara:73683:52:PT:2003-02-01,FIL-000382
filiacoes,camara:73684:52:PT:2003-02-01,FIL-000383
filiacoes,camara:73684:53:PT:2011-01-01,FIL-000384
filiacoes,camara:73692:52:PMDB:2005-01-01,FIL-000385
filiacoes,camara:73692:53:PMDB:2007-02-01,FIL-000386
filiacoes,camara:73692:54:PMDB:2011-02-01,FIL-000387
filiacoes,camara:73692:55:PMDB:2015-02-01,FIL-000388
filiacoes,camara:73692:55:MDB:2018-05-21,FIL-000389
filiacoes,camara:73692:56:MDB:2019-02-01,FIL-000390
filiacoes,camara:73692:57:MDB:2023-02-01,FIL-000391
filiacoes,camara:73692:57:PL:2025-08-08,FIL-000392
filiacoes,camara:73693:52:PL:2005-09-12,FIL-000393
filiacoes,camara:73693:52:PR:2007-01-25,FIL-000394
filiacoes,camara:73696:53:PP:2007-02-01,FIL-000395
filiacoes,camara:73696:56:PP:2019-02-01,FIL-000396
filiacoes,camara:73701:54:PT:2011-02-01,FIL-000397
filiacoes,camara:73701:55:PT:2015-02-01,FIL-000398
filiacoes,camara:73701:56:PT:2019-02-01,FIL-000399
filiacoes,camara:73701:57:PT:2023-02-01,FIL-000400
filiacoes,camara:73704:52:PMDB:2003-12-05,FIL-000401
filiacoes,camara:73714:55:PSB:2015-02-01,FIL-000402
filiacoes,camara:73714:55:PSDB:2018-04-11,FIL-000403
filiacoes,camara:73716:54:PMDB:2013-02-02,FIL-000404
filiacoes,camara:73718:52:PT:2003-02-01,FIL-000405
filiacoes,camara:73718:53:PT:2011-01-06,FIL-000406
filiacoes,camara:73720:55:PSD:2015-02-01,FIL-000407
filiacoes,camara:73761:52:PTB:2003-02-01,FIL-000408
filiacoes,camara:73761:52:PMDB:2003-04-10,FIL-000409
filiacoes,camara:73761:53:PMDB:2007-02-01,FIL-000410
filiacoes,camara:73764:52:PFL:2003-02-01,FIL-000411
filiacoes,camara:73764:53:PFL:2007-02-01,FIL-000412
filiacoes,camara:73764:53:DEM:2007-04-23,FIL-000413
filiacoes,camara:73764:54:DEM:2011-02-01,FIL-000414
filiacoes,camara:73765:52:PSDB:2003-02-01,FIL-000415
filiacoes,camara:73765:53:PSDB:2007-02-01,FIL-000416
filiacoes,camara:73765:54:PSDB:2011-03-24,FIL-000417
filiacoes,camara:73768:52:PPB:2003-02-01,FIL-000418
filiacoes,camara:73768:52:PP:2003-06-02,FIL-000419
filiacoes,camara:73768:53:PP:2007-02-01,FIL-000420
filiacoes,camara:73768:54:PP:2011-02-01,FIL-000421
filiacoes,camara:73768:55:PP:2015-02-01,FIL-000422
filiacoes,camara:73768:57:PP:2023-02-01,FIL-000423
filiacoes,camara:73772:52:PMDB:2003-02-01,FIL-000424
filiacoes,camara:73772:53:PMDB:2007-02-01,FIL-000425
filiacoes,camara:73772:54:PMDB:2011-02-01,FIL-000426
filiacoes,camara:73772:55:PMDB:2015-02-01,FIL-000427
filiacoes,camara:73772:55:MDB:2018-05-21,FIL-000428
filiacoes,camara:73772:56:MDB:2019-02-01,FIL-000429
filiacoes,camara:73775:52:PMDB:2003-02-01,FIL-000430
filiacoes,camara:73776:52:PPB:2003-02-01,FIL-000431
filiacoes,camara:73776:52:PP:2003-06-02,FIL-000432
filiacoes,camara:73777:53:DEM:2007-04-23,FIL-000433
filiacoes,camara:73777:54:DEM:2013-06-12,FIL-000434
filiacoes,camara:73778:52:PSDB:2003-02-01,FIL-000435
filiacoes,camara:73778:53:PSDB:2007-02-01,FIL-000436
filiacoes,camara:73778:54:PSDB:2011-02-01,FIL-000437
filiacoes,camara:73778:55:PSDB:2015-02-01,FIL-000438
filiacoes,camara:73778:57:PODE:2023-02-01,FIL-000439
filiacoes,camara:73780:52:PMDB:2003-02-01,FIL-000440
filiacoes,camara:73780:53:PMDB:2007-02-01,FIL-000441
filiacoes,camara:73781:52:PPB:2003-02-01,FIL-000442
filiacoes,camara:73781:52:PP:2003-06-02,FIL-000443
filiacoes,camara:73781:53:PP:2007-02-01,FIL-000444
filiacoes,camara:73781:54:PP:2011-02-01,FIL-000445
filiacoes,camara:73781:55:PP:2015-02-01,FIL-000446
filiacoes,camara:73782:52:PSDB:2003-01-29,FIL-000447
filiacoes,camara:73782:52:PMDB:2003-01-31,FIL-000448
filiacoes,camara:73782:53:PMDB:2007-02-01,FIL-000449
filiacoes,camara:73782:54:PMDB:2011-02-10,FIL-000450
filiacoes,camara:73784:52:PT:2003-02-01,FIL-000451
filiacoes,camara:73786:52:PMDB:2005-10-17,FIL-000452
filiacoes,camara:73786:53:PMDB:2007-02-01,FIL-000453
filiacoes,camara:73786:54:PMDB:2011-02-01,FIL-000454
filiacoes,camara:73786:54:PSD:2011-10-26,FIL-000455
filiacoes,camara:73786:55:PSD:2016-03-15,FIL-000456
filiacoes,camara:73788:52:PPB:2003-02-01,FIL-000457
filiacoes,camara:73788:52:PP:2003-06-02,FIL-000458
filiacoes,camara:73788:53:PP:2007-02-01,FIL-000459
filiacoes,camara:73788:55:PP:2015-02-01,FIL-000460
filiacoes,camara:73788:56:PP:2019-02-01,FIL-000461
filiacoes,camara:73788:57:PP:2023-02-01,FIL-000462
filiacoes,camara:73793:52:PMDB:2003-02-01,FIL-000463
filiacoes,camara:73793:53:PMDB:2007-02-01,FIL-000464
filiacoes,camara:73793:54:PMDB:2011-02-01,FIL-000465
filiacoes,camara:73793:55:PMDB:2015-02-05,FIL-000466
filiacoes,camara:73793:55:MDB:2018-05-21,FIL-000467
filiacoes,camara:73794:52:PMDB:2003-03-10,FIL-000468
filiacoes,camara:73801:52:PCDOB:2003-02-01,FIL-000469
filiacoes,camara:73801:53:PCDOB:2007-02-01,FIL-000470
filiacoes,camara:73801:56:PCDOB:2019-02-01,FIL-000471
filiacoes,camara:73801:57:PCDOB:2023-02-01,FIL-000472
filiacoes,camara:73805:52:PPS:2003-02-01,FIL-000473
filiacoes,camara:73805:54:PPS:2011-02-01,FIL-000474
filiacoes,camara:73805:55:PPS:2015-03-19,FIL-000475
filiacoes,camara:73806:57:MDB:2023-02-01,FIL-000476
filiacoes,camara:73808:53:PDT:2007-02-01,FIL-000477
filiacoes,camara:73808:53:PMDB:2007-09-24,FIL-000478
filiacoes,camara:73808:53:PDT:2007-10-30,FIL-000479
filiacoes,camara:73808:53:PSC:2009-10-08,FIL-000480
filiacoes,camara:73808:54:PSC:2011-02-01,FIL-000481
filiacoes,camara:73808:54:PSD:2011-10-26,FIL-000482
filiacoes,camara:73808:55:PSD:2015-02-01,FIL-000483
filiacoes,camara:73808:56:PSD:2019-02-01,FIL-000484
filiacoes,camara:73808:57:PSD:2023-02-01,FIL-000485
filiacoes,camara:73809:53:PMN:2007-02-06,FIL-000486
filiacoes,camara:73809:53:PHS:2009-10-29,FIL-000487
filiacoes,camara:73817:52:PTB:2002-12-23,FIL-000488
filiacoes,camara:73817:52:PP:2005-05-05,FIL-000489
filiacoes,camara:73817:53:PP:2007-02-01,FIL-000490
filiacoes,camara:73825:52:PFL:2003-02-05,FIL-000491
filiacoes,camara:73825:52:PL:2004-08-03,FIL-000492
filiacoes,camara:73825:52:PR:2007-01-25,FIL-000493
filiacoes,camara:73827:52:PSDB:2005-12-15,FIL-000494
filiacoes,camara:73827:52:PDT:2006-01-25,FIL-000495
filiacoes,camara:73831:55:PDT:2016-01-18,FIL-000496
filiacoes,camara:73831:55:PSD:2016-03-16,FIL-000497
filiacoes,camara:73873:52:PMDB:2003-02-01,FIL-000498
filiacoes,camara:73873:53:PMDB:2007-02-01,FIL-000499
filiacoes,camara:73874:52:PPB:2003-02-01,FIL-000500
filiacoes,camara:73874:52:PP:2003-06-02,FIL-000501
filiacoes,camara:73874:53:PP:2007-02-01,FIL-000502
filiacoes,camara:73874:54:PP:2011-07-13,FIL-000503
filiacoes,camara:73875:53:DEM:2007-04-23,FIL-000504
filiacoes,camara:73875:53:PR:2009-10-13,FIL-000505
filiacoes,camara:73875:54:PR:2014-04-08,FIL-000506
filiacoes,camara:73875:54:PSD:2014-04-16,FIL-000507
filiacoes,camara:73882:52:PFL:2003-02-01,FIL-000508
filiacoes,camara:73882:52:PSDB:2005-06-21,FIL-000509
filiacoes,camara:73882:53:PSDB:2007-03-12,FIL-000510
filiacoes,camara:73883:53:PFL:2007-02-01,FIL-000511
filiacoes,camara:73883:53:DEM:2007-04-23,FIL-000512
filiacoes,camara:73883:54:DEM:2011-02-01,FIL-000513
filiacoes,camara:73883:54:PSD:2011-10-26,FIL-000514
filiacoes,camara:73883:54:PSB:2013-11-04,FIL-000515
filiacoes,camara:73885:52:PDT:2003-02-03,FIL-000516
filiacoes,camara:73885:52:PSDB:2003-07-23,FIL-000517
filiacoes,camara:73886:52:PT:2003-02-01,FIL-000518
filiacoes,camara:73886:53:PT:2007-02-01,FIL-000519
filiacoes,camara:73889:52:PPB:2003-02-01,FIL-000520
filiacoes,camara:73889:52:PP:2003-06-02,FIL-000521
filiacoes,camara:73891:52:PMDB:2003-02-01,FIL-000522
filiacoes,camara:73891:53:PMDB:2007-02-01,FIL-000523
filiacoes,camara:73891:54:PMDB:2011-02-01,FIL-000524
filiacoes,camara:73891:55:PMDB:2015-02-01,FIL-000525
filiacoes,camara:73891:55:MDB:2018-05-21,FIL-000526
filiacoes,camara:73891:56:MDB:2019-02-05,FIL-000527
filiacoes,camara:73892:52:PMDB:2003-02-01,FIL-000528
filiacoes,camara:73892:53:PMDB:2007-02-01,FIL-000529
filiacoes,camara:73892:54:PMDB:2011-08-23,FIL-000530
filiacoes,camara:73893:52:PDT:2003-02-01,FIL-000531
filiacoes,camara:73893:53:PDT:2007-02-01,FIL-000532
filiacoes,camara:73893:54:PDT:2011-02-01,FIL-000533
filiacoes,camara:73901:52:PDT:2007-01-03,FIL-000534
filiacoes,camara:73904:52:PMDB:2003-02-01,FIL-000535
filiacoes,camara:73904:53:PMDB:2007-02-01,FIL-000536
filiacoes,camara:73904:54:PMDB:2011-02-01,FIL-000537
filiacoes,camara:73907:52:PPS:2003-02-01,FIL-000538
filiacoes,camara:73907:53:PPS:2007-02-01,FIL-000539
filiacoes,camara:73909:52:PMDB:2002-12-16,FIL-000540
filiacoes,camara:73909:53:PMDB:2009-01-06,FIL-000541
filiacoes,camara:73920:52:PDT:2003-02-01,FIL-000542
filiacoes,camara:73921:52:PTB:2002-12-31,FIL-000543
filiacoes,camara:73921:53:PTB:2011-01-01,FIL-000544
filiacoes,camara:73922:52:PFL:2003-02-01,FIL-000545
filiacoes,camara:73922:52:PPB:2003-04-15,FIL-000546
filiacoes,camara:73922:52:PP:2003-06-02,FIL-000547
filiacoes,camara:73923:52:PL:2003-01-31,FIL-000548
filiacoes,camara:73923:52:PR:2007-01-25,FIL-000549
filiacoes,camara:73924:52:PDT:2003-02-01,FIL-000550
filiacoes,camara:73924:52:PFL:2005-02-14,FIL-000551
filiacoes,camara:73924:53:PFL:2007-02-01,FIL-000552
filiacoes,camara:73924:53:DEM:2007-04-23,FIL-000553
filiacoes,camara:73924:54:DEM:2011-02-01,FIL-000554
filiacoes,camara:73925:52:PT:2003-02-01,FIL-000555
filiacoes,camara:73926:52:PSB:2003-02-01,FIL-000556
filiacoes,camara:73926:53:PSB:2007-02-01,FIL-000557
filiacoes,camara:73926:54:PSB:2011-07-13,FIL-000558
filiacoes,camara:73926:55:PSB:2015-02-01,FIL-000559
filiacoes,camara:73927:52:PT:2003-01-28,FIL-000560
filiacoes,camara:73928:52:PMDB:2003-02-01,FIL-000561
filiacoes,camara:73928:53:PMDB:2010-11-30,FIL-000562
filiacoes,camara:73929:52:PMDB:2003-02-01,FIL-000563
filiacoes,camara:73929:53:PMDB:2007-02-01,FIL-000564
filiacoes,camara:73930:52:PMDB:2003-02-01,FIL-000565
filiacoes,camara:73930:53:PMDB:2007-02-01,FIL-000566
filiacoes,camara:73930:54:PMDB:2011-02-01,FIL-000567
filiacoes,camara:73930:54:SDD:2013-10-01,FIL-000568
filiacoes,camara:73930:54:SD:2014-04-24,FIL-000569
filiacoes,camara:73930:55:SD:2015-02-01,FIL-000570
filiacoes,camara:73930:55:SOLIDARIEDADE:2018-12-17,FIL-000571
filiacoes,camara:73931:52:PT:2003-02-01,FIL-000572
filiacoes,camara:73931:53:PT:2007-02-01,FIL-000573
filiacoes,camara:73931:54:PT:2011-02-01,FIL-000574
filiacoes,camara:73931:55:PT:2015-02-01,FIL-000575
filiacoes,camara:73932:52:PPB:2003-02-01,FIL-000576
filiacoes,camara:73932:52:PP:2003-06-02,FIL-000577
filiacoes,camara:73933:52:PTB:2003-01-23,FIL-000578
filiacoes,camara:73933:52:PSC:2003-09-09,FIL-000579
filiacoes,camara:73933:52:PMDB:2005-02-02,FIL-000580
filiacoes,camara:73933:52:PMDB:2005-03-01,FIL-000581
filiacoes,camara:73933:52:PSC:2005-03-30,FIL-000582
filiacoes,camara:73933:52:PMDB:2006-12-22,FIL-000583
filiacoes,camara:73933:53:PMDB:2006-12-22,FIL-000584
filiacoes,camara:73933:53:PSC:2009-08-25,FIL-000585
filiacoes,camara:73933:54:PSC:2011-02-01,FIL-000586
filiacoes,camara:73934:52:PL:2003-02-01,FIL-000587
filiacoes,camara:73934:52:PP:2004-05-19,FIL-000588
filiacoes,camara:73934:53:PP:2007-02-01,FIL-000589
filiacoes,camara:73934:53:PRB:2007-09-27,FIL-000590
filiacoes,camara:73934:53:PP:2007-10-09,FIL-000591
filiacoes,camara:73934:54:PP:2011-02-01,FIL-000592
filiacoes,camara:73934:54:PSD:2011-10-26,FIL-000593
filiacoes,camara:73934:55:PSD:2017-09-12,FIL-000594
filiacoes,camara:73934:55:PSDB:2017-10-31,FIL-000595
filiacoes,camara:73935:52:PL:2003-02-01,FIL-000596
filiacoes,camara:73935:52:PR:2007-01-25,FIL-000597
filiacoes,camara:73935:54:PR:2015-01-01,FIL-000598
filiacoes,camara:73936:52:PL:2003-02-01,FIL-000599
filiacoes,camara:73936:52:PPS:2003-02-01,FIL-000600
filiacoes,camara:73936:52:PMDB:2005-02-14,FIL-000601
filiacoes,camara:73936:52:PMDB:2005-02-28,FIL-000602
filiacoes,camara:73936:53:PMDB:2009-01-20,FIL-000603
filiacoes,camara:73937:52:PT:2003-02-01,FIL-000604
filiacoes,camara:73937:53:PT:2007-02-01,FIL-000605
filiacoes,camara:73937:54:PT:2013-01-01,FIL-000606
filiacoes,camara:73938:52:PT:2003-02-01,FIL-000607
filiacoes,camara:73938:53:PT:2007-02-01,FIL-000608
filiacoes,camara:73939:52:PL:2003-01-30,FIL-000609
filiacoes,camara:73939:52:PR:2007-01-25,FIL-000610
filiacoes,camara:73940:52:PT:2003-02-01,FIL-000611
filiacoes,camara:73940:53:PT:2007-02-01,FIL-000612
filiacoes,camara:73940:53:PV:2009-10-02,FIL-000613
filiacoes,camara:73940:54:PV:2011-02-01,FIL-000614
filiacoes,camara:73941:52:PMDB:2003-02-01,FIL-000615
filiacoes,camara:73942:52:PPS:2003-02-01,FIL-000616
filiacoes,camara:73942:52:PL:2005-02-15,FIL-000617
filiacoes,camara:73942:52:PR:2007-01-25,FIL-000618
filiacoes,camara:73943:52:PCDOB:2003-02-01,FIL-000619
filiacoes,camara:73943:53:PCDOB:2007-02-01,FIL-000620
filiacoes,camara:73943:54:PCDOB:2011-02-01,FIL-000621
filiacoes,camara:73943:56:PCDOB:2019-02-01,FIL-000622
filiacoes,camara:73944:52:PT:2003-02-01,FIL-000623
filiacoes,camara:73945:52:PSDB:2003-02-01,FIL-000624
filiacoes,camara:73945:53:PSDB:2007-02-01,FIL-000625
filiacoes,camara:73945:54:PSDB:2011-02-01,FIL-000626
filiacoes,camara:73945:54:SDD:2013-10-05,FIL-000627
filiacoes,camara:73945:54:SD:2014-04-24,FIL-000628
filiacoes,camara:73946:52:PTB:2003-01-30,FIL-000629
filiacoes,camara:73947:52:PTB:2003-01-29,FIL-000630
filiacoes,camara:73947:52:PL:2003-01-31,FIL-000631
filiacoes,camara:73947:52:PR:2007-01-25,FIL-000632
filiacoes,camara:73948:52:PSDB:2003-02-01,FIL-000633
filiacoes,camara:73948:54:PR:2013-03-07,FIL-000634
filiacoes,camara:73979:52:PL:2003-02-01,FIL-000635
filiacoes,camara:73979:52:PPS:2003-02-01,FIL-000636
filiacoes,camara:73979:52:PMDB:2003-03-24,FIL-000637
filiacoes,camara:73979:52:PTB:2005-02-14,FIL-000638
filiacoes,camara:73979:52:PMDB:2005-02-15,FIL-000639
filiacoes,camara:73979:52:PMDB:2005-02-28,FIL-000640
filiacoes,camara:73979:52:PTB:2005-10-03,FIL-000641
filiacoes,camara:73981:52:PFL:2003-02-01,FIL-000642
filiacoes,camara:73981:53:PFL:2007-02-01,FIL-000643
filiacoes,camara:73981:53:DEM:2007-04-23,FIL-000644
filiacoes,camara:73982:52:PFL:2003-02-01,FIL-000645
filiacoes,camara:73982:52:PL:2003-05-14,FIL-000646
filiacoes,camara:73982:52:PR:2007-01-25,FIL-000647
filiacoes,camara:73982:53:PR:2007-01-25,FIL-000648
filiacoes,camara:73982:54:PR:2011-02-01,FIL-000649
filiacoes,camara:73984:52:PDT:2003-01-31,FIL-000650
filiacoes,camara:73987:53:PSDB:2009-02-03,FIL-000651
filiacoes,camara:73987:53:PTC:2009-10-13,FIL-000652
filiacoes,camara:73991:52:PMDB:2005-01-18,FIL-000653
filiacoes,camara:73992:52:PSDB:2003-02-01,FIL-000654
filiacoes,camara:73992:55:PSDB:2017-01-01,FIL-000655
filiacoes,camara:73993:52:PSDB:2003-02-01,FIL-000656
filiacoes,camara:73993:53:PSDB:2007-02-01,FIL-000657
filiacoes,camara:73994:52:PPB:2003-02-01,FIL-000658
filiacoes,camara:73994:52:PSDB:2003-05-07,FIL-000659
filiacoes,camara:73994:53:PSDB:2007-02-01,FIL-000660
filiacoes,camara:73998:53:PSDB:2007-02-01,FIL-000661
filiacoes,camara:74000:52:PL:2003-01-31,FIL-000662
filiacoes,camara:74000:52:PR:2007-01-25,FIL-000663
filiacoes,camara:74000:53:PR:2007-01-25,FIL-000664
filiacoes,camara:74005:52:PMDB:2003-02-01,FIL-000665
filiacoes,camara:74005:53:PMDB:2007-02-01,FIL-000666
filiacoes,camara:74010:52:PMDB:2005-03-09,FIL-000667
filiacoes,camara:74010:53:PMDB:2007-02-01,FIL-000668
filiacoes,camara:74010:54:PMDB:2011-03-01,FIL-000669
filiacoes,camara:74010:55:PMDB:2015-02-01,FIL-000670
filiacoes,camara:74010:55:MDB:2018-05-21,FIL-000671
filiacoes,camara:74010:56:MDB:2020-10-01,FIL-000672
filiacoes,camara:74016:52:PFL:2003-02-01,FIL-000673
filiacoes,camara:74016:52:PSC:2003-09-10,FIL-000674
filiacoes,camara:74016:52:PMDB:2005-02-14,FIL-000675
filiacoes,camara:74016:52:PSC:2005-03-09,FIL-000676
filiacoes,camara:74016:53:PSC:2008-03-24,FIL-000677
filiacoes,camara:74016:54:PSC:2011-06-16,FIL-000678
filiacoes,camara:74017:52:PSDB:2003-02-01,FIL-000679
filiacoes,camara:74017:54:PR:2011-08-12,FIL-000680
filiacoes,camara:74017:55:PR:2015-02-01,FIL-000681
filiacoes,camara:74018:52:PMDB:2005-08-11,FIL-000682
filiacoes,camara:74018:53:PMDB:2009-05-22,FIL-000683
filiacoes,camara:74023:52:PSDB:2003-02-25,FIL-000684
filiacoes,camara:74023:52:PL:2003-08-05,FIL-000685
filiacoes,camara:74023:52:PR:2007-01-25,FIL-000686
filiacoes,camara:74024:53:PFL:2007-02-13,FIL-000687
filiacoes,camara:74024:53:DEM:2007-04-23,FIL-000688
filiacoes,camara:74026:52:PFL:2003-02-01,FIL-000689
filiacoes,camara:74026:53:PFL:2007-02-01,FIL-000690
filiacoes,camara:74026:53:DEM:2007-04-23,FIL-000691
filiacoes,camara:74027:52:PSB:2003-02-01,FIL-000692
filiacoes,camara:74027:53:PSB:2007-02-01,FIL-000693
filiacoes,camara:74027:54:PSB:2011-02-01,FIL-000694
filiacoes,camara:74028:52:PDT:2003-02-01,FIL-000695
filiacoes,camara:74028:52:PSB:2003-10-22,FIL-000696
filiacoes,camara:74029:52:PT:2003-02-01,FIL-000697
filiacoes,camara:74030:52:PSDB:2003-02-01,FIL-000698
filiacoes,camara:74031:52:PT:2003-02-01,FIL-000699
filiacoes,camara:74031:52:PSOL:2005-10-04,FIL-000700
filiacoes,camara:74032:52:PTB:2003-01-07,FIL-000701
filiacoes,camara:74032:52:PMDB:2003-08-21,FIL-000702
filiacoes,camara:74032:53:PMDB:2008-06-11,FIL-000703
filiacoes,camara:74032:53:PR:2009-10-02,FIL-000704
filiacoes,camara:74033:52:PT:2003-02-01,FIL-000705
filiacoes,camara:74034:52:PMDB:2003-02-01,FIL-000706
filiacoes,camara:74035:52:PCDOB:2003-02-01,FIL-000707
filiacoes,camara:74035:52:PDT:2003-10-08,FIL-000708
filiacoes,camara:74036:52:PMDB:2003-02-01,FIL-000709
filiacoes,camara:74036:52:PDT:2003-03-11,FIL-000710
filiacoes,camara:74037:52:PT:2003-02-01,FIL-000711
filiacoes,camara:74037:53:PT:2007-02-01,FIL-000712
filiacoes,camara:74037:54:PT:2011-02-01,FIL-000713
filiacoes,camara:74038:52:PPB:2003-02-01,FIL-000714
filiacoes,camara:74038:52:PP:2003-06-02,FIL-000715
filiacoes,camara:74038:53:PP:2007-02-01,FIL-000716
filiacoes,camara:74039:52:PMDB:2003-02-01,FIL-000717
filiacoes,camara:74039:52:PSB:2005-05-12,FIL-000718
filiacoes,camara:74039:53:PSB:2007-02-01,FIL-000719
filiacoes,camara:74039:54:PSB:2011-02-01,FIL-000720
filiacoes,camara:74040:52:PMDB:2003-02-01,FIL-000721
filiacoes,camara:74040:54:PMDB:2011-02-01,FIL-000722
filiacoes,camara:74040:54:SDD:2013-10-01,FIL-000723
filiacoes,camara:74040:54:SD:2014-04-24,FIL-000724
filiacoes,camara:74040:55:SD:2015-02-01,FIL-000725
filiacoes,camara:74040:55:PMDB:2018-04-10,FIL-000726
filiacoes,camara:74040:55:MDB:2018-05-21,FIL-000727
filiacoes,camara:74041:52:PT:2003-02-01,FIL-000728
filiacoes,camara:74041:53:PT:2007-02-01,FIL-000729
filiacoes,camara:74041:54:PT:2011-02-01,FIL-000730
filiacoes,camara:74041:55:PT:2015-02-01,FIL-000731
filiacoes,camara:74041:57:PT:2023-02-01,FIL-000732
filiacoes,camara:74042:52:PSDB:2003-02-01,FIL-000733
filiacoes,camara:74042:53:PSDB:2007-02-01,FIL-000734
filiacoes,camara:74043:52:PL:2003-01-31,FIL-000735
filiacoes,camara:74043:52:PR:2007-01-25,FIL-000736
filiacoes,camara:74043:53:PR:2007-01-25,FIL-000737
filiacoes,camara:74043:54:PR:2011-02-01,FIL-000738
filiacoes,camara:74043:55:PR:2015-02-01,FIL-000739
filiacoes,camara:74043:56:PR:2019-02-01,FIL-000740
filiacoes,camara:74043:56:PL:2019-05-22,FIL-000741
filiacoes,camara:74043:57:PL:2023-02-01,FIL-000742
filiacoes,camara:74043:57:PSD:2026-04-10,FIL-000743
filiacoes,camara:74044:52:PMDB:2003-02-01,FIL-000744
filiacoes,camara:74044:53:PMDB:2007-02-01,FIL-000745
filiacoes,camara:74044:56:PTB:2019-02-01,FIL-000746
filiacoes,camara:74044:56:REPUBLICANOS:2022-03-18,FIL-000747
filiacoes,camara:74044:57:REPUBLICANOS:2023-02-01,FIL-000748
filiacoes,camara:74045:52:PT:2003-02-01,FIL-000749
filiacoes,camara:74045:53:PT:2007-02-01,FIL-000750
filiacoes,camara:74045:54:PT:2011-02-01,FIL-000751
filiacoes,camara:74046:52:PSB:2003-02-01,FIL-000752
filiacoes,camara:74047:52:PT:2003-02-01,FIL-000753
filiacoes,camara:74047:53:PT:2007-02-01,FIL-000754
filiacoes,camara:74047:53:PDT:2007-11-20,FIL-000755
filiacoes,camara:74047:54:PDT:2011-02-14,FIL-000756
filiacoes,camara:74048:52:PMDB:2003-02-01,FIL-000757
filiacoes,camara:74048:52:PPS:2003-08-13,FIL-000758
filiacoes,camara:74048:53:PPS:2007-02-01,FIL-000759
filiacoes,camara:74048:55:PPS:2015-02-09,FIL-000760
filiacoes,camara:74049:52:PTB:2003-02-01,FIL-000761
filiacoes,camara:74049:54:PTB:2011-02-01,FIL-000762
filiacoes,camara:74049:54:PSD:2011-10-26,FIL-000763
filiacoes,camara:74050:52:PSB:2003-02-01,FIL-000764
filiacoes,camara:74050:52:PDT:2005-10-10,FIL-000765
filiacoes,camara:74050:52:PL:2007-01-15,FIL-000766
filiacoes,camara:74050:52:PR:2007-01-25,FIL-000767
filiacoes,camara:74050:53:PL:2007-01-15,FIL-000768
filiacoes,camara:74050:53:PR:2007-01-25,FIL-000769
filiacoes,camara:74050:54:PR:2011-02-01,FIL-000770
filiacoes,camara:74050:55:PR:2015-02-01,FIL-000771
filiacoes,camara:74051:52:PFL:2003-02-01,FIL-000772
filiacoes,camara:74051:52:PPS:2003-09-24,FIL-000773
filiacoes,camara:74052:52:PSDB:2003-02-01,FIL-000774
filiacoes,camara:74052:55:PROS:2016-07-12,FIL-000775
filiacoes,camara:74052:56:PR:2019-02-01,FIL-000776
filiacoes,camara:74052:56:PL:2019-05-22,FIL-000777
filiacoes,camara:74052:57:PL:2023-02-01,FIL-000778
filiacoes,camara:74053:52:PL:2003-02-01,FIL-000779
filiacoes,camara:74053:52:PR:2007-01-25,FIL-000780
filiacoes,camara:74053:54:PRB:2011-02-01,FIL-000781
filiacoes,camara:74054:52:PT:2003-02-01,FIL-000782
filiacoes,camara:74054:52:PDT:2005-02-10,FIL-000783
filiacoes,camara:74055:52:PFL:2003-02-01,FIL-000784
filiacoes,camara:74055:53:PFL:2007-02-01,FIL-000785
filiacoes,camara:74055:53:DEM:2007-04-23,FIL-000786
filiacoes,camara:74056:52:PFL:2003-02-01,FIL-000787
filiacoes,camara:74056:53:PFL:2007-02-01,FIL-000788
filiacoes,camara:74056:53:DEM:2007-04-23,FIL-000789
filiacoes,camara:74056:54:DEM:2011-02-01,FIL-000790
filiacoes,camara:74056:55:DEM:2023-02-01,FIL-000791
filiacoes,camara:74057:52:PCDOB:2003-02-01,FIL-000792
filiacoes,camara:74057:53:PCDOB:2007-02-01,FIL-000793
filiacoes,camara:74057:54:PCDOB:2011-02-01,FIL-000794
filiacoes,camara:74057:55:PCDOB:2015-02-01,FIL-000795
filiacoes,camara:74057:56:PCDOB:2019-02-01,FIL-000796
filiacoes,camara:74057:57:PCDOB:2023-02-01,FIL-000797
filiacoes,camara:74058:52:PFL:2003-02-01,FIL-000798
filiacoes,camara:74058:53:PFL:2007-02-01,FIL-000799
filiacoes,camara:74058:53:DEM:2007-04-23,FIL-000800
filiacoes,camara:74058:54:DEM:2011-02-01,FIL-000801
filiacoes,camara:74059:52:PT:2003-02-01,FIL-000802
filiacoes,camara:74059:53:PT:2007-02-01,FIL-000803
filiacoes,camara:74059:53:PV:2009-10-15,FIL-000804
filiacoes,camara:74060:52:PCDOB:2003-02-01,FIL-000805
filiacoes,camara:74060:53:PCDOB:2007-02-01,FIL-000806
filiacoes,camara:74060:54:PCDOB:2011-02-01,FIL-000807
filiacoes,camara:74060:55:PCDOB:2015-02-01,FIL-000808
filiacoes,camara:74060:56:PCDOB:2019-02-01,FIL-000809
filiacoes,camara:74060:57:PCDOB:2023-02-01,FIL-000810
filiacoes,camara:74061:52:PV:2003-02-01,FIL-000811
filiacoes,camara:74061:53:PV:2007-02-01,FIL-000812
filiacoes,camara:74062:52:PFL:2003-02-01,FIL-000813
filiacoes,camara:74062:53:PFL:2007-02-01,FIL-000814
filiacoes,camara:74062:53:DEM:2007-04-23,FIL-000815
filiacoes,camara:74062:54:DEM:2011-02-01,FIL-000816
filiacoes,camara:74063:52:PFL:2003-02-01,FIL-000817
filiacoes,camara:74063:53:PFL:2007-02-01,FIL-000818
filiacoes,camara:74063:53:DEM:2007-04-23,FIL-000819
filiacoes,camara:74065:53:PMDB:2007-02-01,FIL-000820
filiacoes,camara:74065:54:PMDB:2011-02-01,FIL-000821
filiacoes,camara:74065:55:MDB:2018-06-08,FIL-000822
filiacoes,camara:74065:57:REPUBLICANOS:2023-02-01,FIL-000823
filiacoes,camara:74066:52:PDT:2003-02-01,FIL-000824
filiacoes,camara:74066:52:PMDB:2005-02-15,FIL-000825
filiacoes,camara:74066:52:PMDB:2005-02-28,FIL-000826
filiacoes,camara:74070:52:PPB:2003-02-12,FIL-000827
filiacoes,camara:74070:52:PP:2003-06-02,FIL-000828
filiacoes,camara:74070:52:PSC:2003-09-24,FIL-000829
filiacoes,camara:74072:52:PSDB:2003-02-01,FIL-000830
filiacoes,camara:74075:53:PMDB:2007-02-01,FIL-000831
filiacoes,camara:74075:54:PMDB:2011-02-01,FIL-000832
filiacoes,camara:74075:55:PMDB:2015-02-01,FIL-000833
filiacoes,camara:74075:55:MDB:2018-05-21,FIL-000834
filiacoes,camara:74075:56:MDB:2019-02-01,FIL-000835
filiacoes,camara:74075:57:MDB:2023-02-01,FIL-000836
filiacoes,camara:74076:53:PP:2007-02-01,FIL-000837
filiacoes,camara:74077:53:PDT:2007-02-01,FIL-000838
filiacoes,camara:74077:54:PDT:2011-02-01,FIL-000839
filiacoes,camara:74077:55:PDT:2019-01-04,FIL-000840
filiacoes,camara:74079:52:PMDB:2003-02-01,FIL-000841
filiacoes,camara:74079:54:PMDB:2011-02-01,FIL-000842
filiacoes,camara:74079:55:PMDB:2015-02-01,FIL-000843
filiacoes,camara:74079:55:MDB:2018-05-21,FIL-000844
filiacoes,camara:74079:56:MDB:2019-02-01,FIL-000845
filiacoes,camara:74079:57:MDB:2023-02-01,FIL-000846
filiacoes,camara:74080:52:PSDB:2003-02-01,FIL-000847
filiacoes,camara:74080:53:PSDB:2011-01-06,FIL-000848
filiacoes,camara:74082:52:PT:2003-02-01,FIL-000849
filiacoes,camara:74082:53:PT:2007-02-01,FIL-000850
filiacoes,camara:74084:52:PL:2003-02-01,FIL-000851
filiacoes,camara:74084:52:PR:2007-01-25,FIL-000852
filiacoes,camara:74084:57:PSD:2023-02-01,FIL-000853
filiacoes,camara:74085:52:PCDOB:2005-10-17,FIL-000854
filiacoes,camara:74087:52:PFL:2003-02-01,FIL-000855
filiacoes,camara:74087:53:PFL:2007-02-01,FIL-000856
filiacoes,camara:74087:53:DEM:2007-04-23,FIL-000857
filiacoes,camara:74090:52:PPS:2003-01-31,FIL-000858
filiacoes,camara:74090:52:PMDB:2005-09-29,FIL-000859
filiacoes,camara:74090:53:PMDB:2007-02-01,FIL-000860
filiacoes,camara:74090:54:PMDB:2011-02-01,FIL-000861
filiacoes,camara:74090:54:PSD:2011-10-26,FIL-000862
filiacoes,camara:74090:55:PSD:2015-02-01,FIL-000863
filiacoes,camara:74090:55:PP:2018-04-11,FIL-000864
filiacoes,camara:74090:56:PP:2019-02-01,FIL-000865
filiacoes,camara:74090:56:PSD:2022-04-06,FIL-000866
filiacoes,camara:74090:57:PSD:2023-02-01,FIL-000867
filiacoes,camara:74094:54:PMN:2012-12-12,FIL-000868
filiacoes,camara:74094:54:PSD:2012-12-12,FIL-000869
filiacoes,camara:74095:52:PFL:2003-02-01,FIL-000870
filiacoes,camara:74095:54:DEM:2011-02-01,FIL-000871
filiacoes,camara:74095:55:DEM:2015-02-01,FIL-000872
filiacoes,camara:74095:57:UNIÃO:2023-02-01,FIL-000873
filiacoes,camara:74097:52:PMDB:2003-02-01,FIL-000874
filiacoes,camara:74099:53:PT:2010-07-08,FIL-000875
filiacoes,camara:74102:53:DEM:2007-04-23,FIL-000876
filiacoes,camara:74103:52:PSDB:2003-02-01,FIL-000877
filiacoes,camara:74103:52:PSB:2005-07-12,FIL-000878
filiacoes,camara:74103:53:PSB:2007-02-01,FIL-000879
filiacoes,camara:74103:54:PSB:2011-02-01,FIL-000880
filiacoes,camara:74103:54:PROS:2013-10-03,FIL-000881
filiacoes,camara:74103:55:PROS:2015-10-05,FIL-000882
filiacoes,camara:74103:55:PDT:2016-03-16,FIL-000883
filiacoes,camara:74106:54:PSB:2011-02-01,FIL-000884
filiacoes,camara:74106:54:PROS:2013-10-07,FIL-000885
filiacoes,camara:74108:52:PSDB:2003-02-01,FIL-000886
filiacoes,camara:74108:53:PSDB:2007-02-01,FIL-000887
filiacoes,camara:74108:54:PSDB:2011-02-01,FIL-000888
filiacoes,camara:74111:52:PPB:2003-02-01,FIL-000889
filiacoes,camara:74111:52:PP:2003-06-02,FIL-000890
filiacoes,camara:74111:53:PP:2007-02-01,FIL-000891
filiacoes,camara:74111:54:PP:2011-02-01,FIL-000892
filiacoes,camara:74119:53:PSDB:2007-02-01,FIL-000893
filiacoes,camara:74119:54:PSDB:2011-02-01,FIL-000894
filiacoes,camara:74120:52:PTB:2003-01-31,FIL-000895
filiacoes,camara:74120:52:PMDB:2003-10-14,FIL-000896
filiacoes,camara:74120:53:PMDB:2007-02-01,FIL-000897
filiacoes,camara:74120:54:PMDB:2011-02-01,FIL-000898
filiacoes,camara:74124:53:PMDB:2009-07-15,FIL-000899
filiacoes,camara:74124:54:PMDB:2011-02-01,FIL-000900
filiacoes,camara:74124:55:MDB:2019-01-01,FIL-000901
filiacoes,camara:74131:52:PFL:2003-02-04,FIL-000902
filiacoes,camara:74131:52:PL:2005-06-06,FIL-000903
filiacoes,camara:74131:52:PR:2007-01-25,FIL-000904
filiacoes,camara:74133:52:PT:2003-02-01,FIL-000905
filiacoes,camara:74133:53:PT:2007-02-01,FIL-000906
filiacoes,camara:74133:54:PT:2011-02-01,FIL-000907
filiacoes,camara:74137:52:PT:2003-02-01,FIL-000908
filiacoes,camara:74139:52:PT:2003-02-01,FIL-000909
filiacoes,camara:74139:53:PT:2007-02-01,FIL-000910
filiacoes,camara:74140:52:PFL:2003-02-01,FIL-000911
filiacoes,camara:74140:52:PL:2005-05-25,FIL-000912
filiacoes,camara:74140:52:PR:2007-01-25,FIL-000913
filiacoes,camara:74140:53:PR:2007-01-25,FIL-000914
filiacoes,camara:74140:53:PDT:2009-11-06,FIL-000915
filiacoes,camara:74140:54:PDT:2011-02-01,FIL-000916
filiacoes,camara:74140:54:PSD:2011-10-26,FIL-000917
filiacoes,camara:74140:55:PSD:2015-02-01,FIL-000918
filiacoes,camara:74140:55:PR:2016-03-10,FIL-000919
filiacoes,camara:74140:57:PDT:2022-03-31,FIL-000920
filiacoes,camara:74140:57:DC:2026-07-14,FIL-000921
filiacoes,camara:74141:52:PT:2003-02-01,FIL-000922
filiacoes,camara:74141:54:PT:2011-02-01,FIL-000923
filiacoes,camara:74141:55:PT:2015-02-01,FIL-000924
filiacoes,camara:74141:56:PT:2019-02-01,FIL-000925
filiacoes,camara:74141:57:PT:2023-02-01,FIL-000926
filiacoes,camara:74142:52:PFL:2003-02-01,FIL-000927
filiacoes,camara:74142:53:PFL:2007-02-01,FIL-000928
filiacoes,camara:74142:53:DEM:2007-04-23,FIL-000929
filiacoes,camara:74143:52:PFL:2003-02-01,FIL-000930
filiacoes,camara:74143:52:PL:2005-05-25,FIL-000931
filiacoes,camara:74143:52:PFL:2005-09-29,FIL-000932
filiacoes,camara:74143:53:PFL:2007-02-01,FIL-000933
filiacoes,camara:74143:53:PMDB:2007-02-08,FIL-000934
filiacoes,camara:74143:54:PMDB:2013-02-02,FIL-000935
filiacoes,camara:74144:52:PFL:2003-02-01,FIL-000936
filiacoes,camara:74145:52:PT:2003-02-01,FIL-000937
filiacoes,camara:74145:53:PT:2007-02-01,FIL-000938
filiacoes,camara:74145:54:PT:2011-02-01,FIL-000939
filiacoes,camara:74146:52:PL:2003-02-01,FIL-000940
filiacoes,camara:74147:52:PPS:2003-02-01,FIL-000941
filiacoes,camara:74148:52:PSB:2003-01-31,FIL-000942
filiacoes,camara:74148:52:PSC:2003-09-16,FIL-000943
filiacoes,camara:74148:52:PMDB:2005-02-02,FIL-000944
filiacoes,camara:74148:52:PTC:2006-01-10,FIL-000945
filiacoes,camara:74148:53:PTC:2007-02-01,FIL-000946
filiacoes,camara:74149:52:PT:2003-02-01,FIL-000947
filiacoes,camara:74150:52:PTB:2003-01-29,FIL-000948
filiacoes,camara:74150:52:PPS:2005-11-23,FIL-000949
filiacoes,camara:74150:53:PPS:2011-01-03,FIL-000950
filiacoes,camara:74151:52:PPS:2003-02-01,FIL-000951
filiacoes,camara:74151:53:PPS:2007-02-01,FIL-000952
filiacoes,camara:74151:54:PPS:2011-02-01,FIL-000953
filiacoes,camara:74151:54:PSD:2011-10-26,FIL-000954
filiacoes,camara:74152:52:PSB:2003-02-01,FIL-000955
filiacoes,camara:74152:54:PSB:2012-10-25,FIL-000956
filiacoes,camara:74153:52:PT:2003-02-01,FIL-000957
filiacoes,camara:74154:52:PL:2003-02-01,FIL-000958
filiacoes,camara:74154:52:PSB:2005-09-27,FIL-000959
filiacoes,camara:74155:52:PV:2003-02-01,FIL-000960
filiacoes,camara:74156:52:PT:2003-02-01,FIL-000961
filiacoes,camara:74156:53:PT:2007-02-01,FIL-000962
filiacoes,camara:74156:54:PT:2011-02-01,FIL-000963
filiacoes,camara:74156:55:PT:2015-02-01,FIL-000964
filiacoes,camara:74156:56:PT:2019-02-01,FIL-000965
filiacoes,camara:74156:57:PT:2023-02-01,FIL-000966
filiacoes,camara:74157:52:PMDB:2003-02-01,FIL-000967
filiacoes,camara:74158:52:PDT:2003-02-01,FIL-000968
filiacoes,camara:74158:53:PDT:2007-02-01,FIL-000969
filiacoes,camara:74158:54:PDT:2013-02-06,FIL-000970
filiacoes,camara:74158:55:PDT:2015-02-01,FIL-000971
filiacoes,camara:74158:56:PDT:2019-02-01,FIL-000972
filiacoes,camara:74158:57:PDT:2023-02-01,FIL-000973
filiacoes,camara:74159:52:PT:2003-02-01,FIL-000974
filiacoes,camara:74159:53:PT:2007-02-01,FIL-000975
filiacoes,camara:74159:54:PT:2011-02-01,FIL-000976
filiacoes,camara:74159:55:PT:2015-02-01,FIL-000977
filiacoes,camara:74159:56:PT:2019-02-01,FIL-000978
filiacoes,camara:74159:57:PT:2023-02-01,FIL-000979
filiacoes,camara:74160:52:PT:2003-02-01,FIL-000980
filiacoes,camara:74160:55:PT:2015-02-01,FIL-000981
filiacoes,camara:74160:56:PT:2019-02-01,FIL-000982
filiacoes,camara:74160:57:PT:2023-02-01,FIL-000983
filiacoes,camara:74161:52:PT:2003-02-01,FIL-000984
filiacoes,camara:74161:53:PT:2007-02-01,FIL-000985
filiacoes,camara:74161:54:PT:2011-02-01,FIL-000986
filiacoes,camara:74161:55:PT:2015-02-01,FIL-000987
filiacoes,camara:74161:56:PT:2019-02-01,FIL-000988
filiacoes,camara:74161:57:PT:2023-02-01,FIL-000989
filiacoes,camara:74162:52:PT:2003-02-04,FIL-000990
filiacoes,camara:74162:53:PT:2007-02-01,FIL-000991
filiacoes,camara:74162:54:PT:2011-02-01,FIL-000992
filiacoes,camara:74163:52:PDT:2003-02-01,FIL-000993
filiacoes,camara:74163:53:PDT:2007-02-01,FIL-000994
filiacoes,camara:74163:54:PDT:2011-02-01,FIL-000995
filiacoes,camara:74163:54:SDD:2013-10-02,FIL-000996
filiacoes,camara:74163:54:SD:2014-04-24,FIL-000997
filiacoes,camara:74163:55:SD:2015-02-01,FIL-000998
filiacoes,camara:74163:55:PSL:2018-03-29,FIL-000999
filiacoes,camara:74164:52:PMDB:2003-02-01,FIL-001000
filiacoes,camara:74165:52:PL:2003-02-01,FIL-001001
filiacoes,camara:74165:52:PR:2007-01-25,FIL-001002
filiacoes,camara:74165:53:PR:2007-01-25,FIL-001003
filiacoes,camara:74165:56:PSD:2021-01-01,FIL-001004
filiacoes,camara:74165:56:PP:2022-04-06,FIL-001005
filiacoes,camara:74166:52:PSB:2003-02-01,FIL-001006
filiacoes,camara:74167:52:PL:2003-02-01,FIL-001007
filiacoes,camara:74167:52:PMDB:2005-02-16,FIL-001008
filiacoes,camara:74167:52:PMDB:2005-06-21,FIL-001009
filiacoes,camara:74167:52:PFL:2005-10-06,FIL-001010
filiacoes,camara:74168:52:PMDB:2003-02-01,FIL-001011
filiacoes,camara:74169:52:PSB:2003-02-01,FIL-001012
filiacoes,camara:74169:52:PMDB:2003-08-27,FIL-001013
filiacoes,camara:74169:53:PMDB:2007-02-01,FIL-001014
filiacoes,camara:74170:52:PDT:2003-02-01,FIL-001015
filiacoes,camara:74170:52:PSL:2003-08-05,FIL-001016
filiacoes,camara:74170:52:PL:2005-02-15,FIL-001017
filiacoes,camara:74170:52:PSL:2005-02-18,FIL-001018
filiacoes,camara:74170:52:PSB:2005-09-02,FIL-001019
filiacoes,camara:74171:52:PT:2003-02-01,FIL-001020
filiacoes,camara:74171:52:PSOL:2005-10-27,FIL-001021
filiacoes,camara:74171:53:PSOL:2007-02-01,FIL-001022
filiacoes,camara:74171:54:PSOL:2011-02-01,FIL-001023
filiacoes,camara:74171:55:PSOL:2015-02-01,FIL-001024
filiacoes,camara:74171:57:PSOL:2023-02-01,FIL-001025
filiacoes,camara:74172:52:PV:2003-02-01,FIL-001026
filiacoes,camara:74172:52:PMDB:2005-02-02,FIL-001027
filiacoes,camara:74172:52:PSC:2005-10-05,FIL-001028
filiacoes,camara:74172:53:PSC:2007-02-01,FIL-001029
filiacoes,camara:74172:54:PSC:2011-03-01,FIL-001030
filiacoes,camara:74172:54:PTB:2013-10-07,FIL-001031
filiacoes,camara:74172:55:PTB:2015-02-01,FIL-001032
filiacoes,camara:74173:52:PPB:2003-02-01,FIL-001033
filiacoes,camara:74173:52:PP:2003-06-02,FIL-001034
filiacoes,camara:74173:52:PMDB:2003-08-25,FIL-001035
filiacoes,camara:74173:53:PMDB:2007-02-01,FIL-001036
filiacoes,camara:74173:54:PMDB:2011-02-01,FIL-001037
filiacoes,camara:74173:55:PMDB:2015-02-01,FIL-001038
filiacoes,camara:74173:55:MDB:2018-05-21,FIL-001039
filiacoes,camara:74174:52:PTB:2003-01-31,FIL-001040
filiacoes,camara:74175:52:PMDB:2002-11-28,FIL-001041
filiacoes,camara:74175:52:PMR:2005-10-13,FIL-001042
filiacoes,camara:74175:52:PRB:2006-04-28,FIL-001043
filiacoes,camara:74176:52:PSB:2003-02-01,FIL-001044
filiacoes,camara:74176:52:PMDB:2003-08-28,FIL-001045
filiacoes,camara:74176:52:PSB:2005-10-10,FIL-001046
filiacoes,camara:74177:52:PMDB:2003-02-01,FIL-001047
filiacoes,camara:74177:53:PMDB:2007-02-01,FIL-001048
filiacoes,camara:74177:54:PMDB:2011-02-01,FIL-001049
filiacoes,camara:74177:55:PMDB:2015-02-01,FIL-001050
filiacoes,camara:74177:55:MDB:2018-05-21,FIL-001051
filiacoes,camara:74181:52:PMDB:2005-02-23,FIL-001052
filiacoes,camara:74184:52:PPB:2003-02-01,FIL-001053
filiacoes,camara:74184:52:PP:2003-06-02,FIL-001054
filiacoes,camara:74184:52:PMDB:2005-02-16,FIL-001055
filiacoes,camara:74184:52:PP:2005-02-21,FIL-001056
filiacoes,camara:74187:52:PFL:2003-02-01,FIL-001057
filiacoes,camara:74187:52:PP:2004-02-11,FIL-001058
filiacoes,camara:74189:53:PSDB:2008-04-11,FIL-001059
filiacoes,camara:74189:55:PV:2018-08-01,FIL-001060
filiacoes,camara:74189:55:MDB:2018-08-02,FIL-001061
filiacoes,camara:74191:52:PMDB:2003-02-01,FIL-001062
filiacoes,camara:74191:53:PMDB:2007-02-01,FIL-001063
filiacoes,camara:74191:54:PMDB:2013-01-02,FIL-001064
filiacoes,camara:74194:52:PPB:2003-01-31,FIL-001065
filiacoes,camara:74194:52:PP:2003-06-02,FIL-001066
filiacoes,camara:74194:52:PTB:2005-02-14,FIL-001067
filiacoes,camara:74194:52:PSDB:2005-10-10,FIL-001068
filiacoes,camara:74195:52:PFL:2003-02-01,FIL-001069
filiacoes,camara:74197:53:PT:2007-02-01,FIL-001070
filiacoes,camara:74197:54:PT:2011-02-01,FIL-001071
filiacoes,camara:74197:54:SDD:2013-10-08,FIL-001072
filiacoes,camara:74197:54:SD:2014-04-24,FIL-001073
filiacoes,camara:74198:52:PPB:2003-05-29,FIL-001074
filiacoes,camara:74198:52:PP:2003-06-02,FIL-001075
filiacoes,camara:74198:53:PP:2009-10-07,FIL-001076
filiacoes,camara:74200:52:PMDB:2003-02-01,FIL-001077
filiacoes,camara:74200:53:PMDB:2007-02-01,FIL-001078
filiacoes,camara:74200:54:PMDB:2011-02-01,FIL-001079
filiacoes,camara:74200:56:PROS:2019-03-19,FIL-001080
filiacoes,camara:74207:52:PMDB:2003-02-01,FIL-001081
filiacoes,camara:74207:53:PMDB:2007-02-01,FIL-001082
filiacoes,camara:74207:54:PMDB:2011-02-01,FIL-001083
filiacoes,camara:74208:52:PL:2003-02-01,FIL-001084
filiacoes,camara:74208:52:PR:2007-01-25,FIL-001085
filiacoes,camara:74209:53:PSDB:2007-02-01,FIL-001086
filiacoes,camara:74210:52:PV:2003-01-31,FIL-001087
filiacoes,camara:74210:53:PV:2007-02-01,FIL-001088
filiacoes,camara:74210:54:PV:2011-02-01,FIL-001089
filiacoes,camara:74210:55:PV:2015-02-01,FIL-001090
filiacoes,camara:74211:52:PSDB:2003-02-01,FIL-001091
filiacoes,camara:74211:53:PSDB:2007-02-01,FIL-001092
filiacoes,camara:74212:52:PMDB:2003-02-01,FIL-001093
filiacoes,camara:74212:53:PMDB:2007-02-01,FIL-001094
filiacoes,camara:74212:54:PMDB:2011-02-01,FIL-001095
filiacoes,camara:74212:55:PMDB:2015-02-01,FIL-001096
filiacoes,camara:74212:55:DEM:2018-04-12,FIL-001097
filiacoes,camara:74212:56:DEM:2019-05-28,FIL-001098
filiacoes,camara:74212:56:UNIÃO:2022-02-23,FIL-001099
filiacoes,camara:74213:54:PSB:2011-02-01,FIL-001100
filiacoes,camara:74213:54:PROS:2013-10-04,FIL-001101
filiacoes,camara:74213:55:PROS:2015-02-01,FIL-001102
filiacoes,camara:74213:55:PDT:2016-04-05,FIL-001103
filiacoes,camara:74216:52:PSDB:2003-02-01,FIL-001104
filiacoes,camara:74216:53:PSDB:2007-02-01,FIL-001105
filiacoes,camara:74216:54:PSDB:2011-02-01,FIL-001106
filiacoes,camara:74216:55:PSDB:2015-02-01,FIL-001107
filiacoes,camara:74218:52:PT:2003-02-01,FIL-001108
filiacoes,camara:74218:53:PT:2007-02-01,FIL-001109
filiacoes,camara:74222:52:PMDB:2003-01-29,FIL-001110
filiacoes,camara:74222:53:PMDB:2007-02-01,FIL-001111
filiacoes,camara:74222:54:PMDB:2011-02-01,FIL-001112
filiacoes,camara:74225:52:PDT:2003-02-01,FIL-001113
filiacoes,camara:74230:52:PPS:2003-02-01,FIL-001114
filiacoes,camara:74230:52:PMDB:2007-01-30,FIL-001115
filiacoes,camara:74230:53:PMDB:2007-01-30,FIL-001116
filiacoes,camara:74230:54:PMDB:2013-01-03,FIL-001117
filiacoes,camara:74230:55:PMDB:2017-04-26,FIL-001118
filiacoes,camara:74230:55:MDB:2018-05-21,FIL-001119
filiacoes,camara:74235:52:PPB:2003-02-01,FIL-001120
filiacoes,camara:74235:52:PTB:2003-03-11,FIL-001121
filiacoes,camara:74235:54:PP:2015-01-01,FIL-001122
filiacoes,camara:74235:55:PP:2015-02-01,FIL-001123
filiacoes,camara:74238:52:PMDB:2003-02-01,FIL-001124
filiacoes,camara:74238:53:PMDB:2007-02-01,FIL-001125
filiacoes,camara:74238:54:PMDB:2011-02-01,FIL-001126
filiacoes,camara:74240:52:PPB:2003-05-07,FIL-001127
filiacoes,camara:74240:52:PP:2003-06-02,FIL-001128
filiacoes,camara:74240:52:PL:2003-10-01,FIL-001129
filiacoes,camara:74240:52:PP:2005-05-25,FIL-001130
filiacoes,camara:74252:52:PSDB:2003-01-31,FIL-001131
filiacoes,camara:74252:52:PPS:2004-12-10,FIL-001132
filiacoes,camara:74253:52:PPB:2003-02-01,FIL-001133
filiacoes,camara:74253:52:PP:2003-06-02,FIL-001134
filiacoes,camara:74253:54:PP:2011-02-01,FIL-001135
filiacoes,camara:74253:55:PP:2015-02-01,FIL-001136
filiacoes,camara:74253:56:PP:2021-06-15,FIL-001137
filiacoes,camara:74253:57:PP:2023-02-01,FIL-001138
filiacoes,camara:74254:52:PMDB:2003-02-01,FIL-001139
filiacoes,camara:74254:53:PMDB:2007-02-01,FIL-001140
filiacoes,camara:74254:54:PMDB:2011-02-01,FIL-001141
filiacoes,camara:74254:55:PMDB:2015-02-01,FIL-001142
filiacoes,camara:74254:55:MDB:2018-05-21,FIL-001143
filiacoes,camara:74254:56:MDB:2021-06-24,FIL-001144
filiacoes,camara:74255:52:PMDB:2003-02-01,FIL-001145
filiacoes,camara:74256:52:PSDC:2003-02-01,FIL-001146
filiacoes,camara:74256:52:PL:2003-02-01,FIL-001147
filiacoes,camara:74256:52:PR:2007-01-25,FIL-001148
filiacoes,camara:74257:52:PSC:2003-02-01,FIL-001149
filiacoes,camara:74257:52:PMDB:2005-02-12,FIL-001150
filiacoes,camara:74257:52:PRP:2005-07-13,FIL-001151
filiacoes,camara:74257:52:PDT:2005-10-18,FIL-001152
filiacoes,camara:74257:53:PDT:2011-01-03,FIL-001153
filiacoes,camara:74258:52:PTB:2003-01-29,FIL-001154
filiacoes,camara:74258:52:PSB:2003-01-31,FIL-001155
filiacoes,camara:74258:52:PMDB:2003-08-27,FIL-001156
filiacoes,camara:74258:52:PTB:2003-09-24,FIL-001157
filiacoes,camara:74258:52:PR:2007-01-30,FIL-001158
filiacoes,camara:74258:53:PR:2007-01-30,FIL-001159
filiacoes,camara:74259:52:PMDB:2002-11-28,FIL-001160
filiacoes,camara:74259:52:PMR:2005-10-13,FIL-001161
filiacoes,camara:74259:52:PRB:2006-04-28,FIL-001162
filiacoes,camara:74260:52:PRONA:2003-02-01,FIL-001163
filiacoes,camara:74260:52:PL:2003-12-18,FIL-001164
filiacoes,camara:74260:52:PR:2007-01-25,FIL-001165
filiacoes,camara:74261:52:PFL:2003-02-01,FIL-001166
filiacoes,camara:74261:52:PP:2005-09-28,FIL-001167
filiacoes,camara:74262:52:PSDB:2003-02-01,FIL-001168
filiacoes,camara:74262:53:PSDB:2007-02-01,FIL-001169
filiacoes,camara:74262:54:PSDB:2011-02-01,FIL-001170
filiacoes,camara:74262:55:PSDB:2015-02-01,FIL-001171
filiacoes,camara:74262:56:PSDB:2019-02-01,FIL-001172
filiacoes,camara:74262:57:PSDB:2023-02-01,FIL-001173
filiacoes,camara:74262:57:PSD:2024-03-12,FIL-001174
filiacoes,camara:74263:52:PPS:2003-02-01,FIL-001175
filiacoes,camara:74263:53:PPS:2007-02-05,FIL-001176
filiacoes,camara:74264:52:PT:2003-02-01,FIL-001177
filiacoes,camara:74264:53:PT:2007-02-01,FIL-001178
filiacoes,camara:74264:54:PT:2011-02-01,FIL-001179
filiacoes,camara:74265:52:PPS:2003-02-01,FIL-001180
filiacoes,camara:74265:53:PPS:2007-02-01,FIL-001181
filiacoes,camara:74265:54:PPS:2011-02-01,FIL-001182
filiacoes,camara:74266:52:PT:2003-02-01,FIL-001183
filiacoes,camara:74267:52:PTB:2003-02-01,FIL-001184
filiacoes,camara:74268:52:PRONA:2003-02-01,FIL-001185
filiacoes,camara:74268:52:PR:2007-01-25,FIL-001186
filiacoes,camara:74269:52:PRONA:2003-02-01,FIL-001187
filiacoes,camara:74269:52:PR:2007-01-25,FIL-001188
filiacoes,camara:74269:53:PR:2007-01-25,FIL-001189
filiacoes,camara:74270:52:PSB:2003-02-01,FIL-001190
filiacoes,camara:74270:52:PMDB:2003-08-25,FIL-001191
filiacoes,camara:74270:55:PSC:2015-02-01,FIL-001192
filiacoes,camara:74270:56:PSC:2019-02-01,FIL-001193
filiacoes,camara:74270:57:PSC:2023-02-01,FIL-001194
filiacoes,camara:74270:57:PSD:2023-05-24,FIL-001195
filiacoes,camara:74270:57:PODE:2026-04-29,FIL-001196
filiacoes,camara:74271:52:PRONA:2003-02-01,FIL-001197
filiacoes,camara:74271:52:PP:2003-12-09,FIL-001198
filiacoes,camara:74272:52:PCDOB:2003-02-01,FIL-001199
filiacoes,camara:74272:53:PCDOB:2011-01-04,FIL-001200
filiacoes,camara:74273:52:PSB:2003-02-01,FIL-001201
filiacoes,camara:74273:52:PMDB:2003-08-27,FIL-001202
filiacoes,camara:74273:52:PTB:2005-09-29,FIL-001203
filiacoes,camara:74273:53:PTB:2008-05-02,FIL-001204
filiacoes,camara:74273:53:PSB:2009-10-14,FIL-001205
filiacoes,camara:74273:54:PSB:2011-02-01,FIL-001206
filiacoes,camara:74273:54:PSD:2011-11-01,FIL-001207
filiacoes,camara:74273:55:PSD:2015-02-01,FIL-001208
filiacoes,camara:74273:55:PSB:2018-04-11,FIL-001209
filiacoes,camara:74273:56:PSB:2019-02-01,FIL-001210
filiacoes,camara:74273:56:PL:2022-03-24,FIL-001211
filiacoes,camara:74273:57:PL:2023-02-01,FIL-001212
filiacoes,camara:74274:52:PT:2003-02-01,FIL-001213
filiacoes,camara:74274:53:PT:2007-02-01,FIL-001214
filiacoes,camara:74275:52:PT:2003-02-01,FIL-001215
filiacoes,camara:74275:53:PT:2007-02-01,FIL-001216
filiacoes,camara:74275:54:PT:2011-02-01,FIL-001217
filiacoes,camara:74275:55:PT:2015-02-01,FIL-001218
filiacoes,camara:74276:52:PV:2003-02-01,FIL-001219
filiacoes,camara:74277:52:PSDB:2003-02-01,FIL-001220
filiacoes,camara:74277:53:PSDB:2007-02-01,FIL-001221
filiacoes,camara:74277:55:PSDB:2015-02-03,FIL-001222
filiacoes,camara:74278:52:PV:2003-02-01,FIL-001223
filiacoes,camara:74278:53:PV:2007-02-01,FIL-001224
filiacoes,camara:74278:55:PSL:2018-05-02,FIL-001225
filiacoes,camara:74278:55:PODE:2018-05-07,FIL-001226
filiacoes,camara:74279:52:PFL:2003-02-01,FIL-001227
filiacoes,camara:74279:52:PP:2005-10-06,FIL-001228
filiacoes,camara:74280:52:PRONA:2003-02-01,FIL-001229
filiacoes,camara:74280:52:PP:2003-12-09,FIL-001230
filiacoes,camara:74281:52:PT:2003-02-01,FIL-001231
filiacoes,camara:74282:52:PRONA:2003-02-01,FIL-001232
filiacoes,camara:74282:52:PP:2003-12-22,FIL-001233
filiacoes,camara:74283:52:PT:2003-02-01,FIL-001234
filiacoes,camara:74283:53:PT:2007-02-01,FIL-001235
filiacoes,camara:74283:54:PT:2011-02-01,FIL-001236
filiacoes,camara:74283:55:PT:2015-02-01,FIL-001237
filiacoes,camara:74283:56:PT:2019-02-01,FIL-001238
filiacoes,camara:74283:57:PT:2023-02-01,FIL-001239
filiacoes,camara:74284:52:PSDB:2003-02-01,FIL-001240
filiacoes,camara:74284:53:PSDB:2007-02-01,FIL-001241
filiacoes,camara:74284:54:PSDB:2011-02-02,FIL-001242
filiacoes,camara:74284:54:PSB:2013-10-08,FIL-001243
filiacoes,camara:74285:52:PT:2003-02-01,FIL-001244
filiacoes,camara:74285:53:PT:2007-02-01,FIL-001245
filiacoes,camara:74286:52:PSDB:2003-02-01,FIL-001246
filiacoes,camara:74286:53:PSDB:2007-02-01,FIL-001247
filiacoes,camara:74287:52:PFL:2003-02-01,FIL-001248
filiacoes,camara:74288:52:PT:2003-02-01,FIL-001249
filiacoes,camara:74288:52:PSOL:2005-10-03,FIL-001250
filiacoes,camara:74289:52:PTB:2003-01-29,FIL-001251
filiacoes,camara:74289:52:PL:2005-02-15,FIL-001252
filiacoes,camara:74289:52:PTB:2005-09-30,FIL-001253
filiacoes,camara:74289:53:PTB:2007-02-01,FIL-001254
filiacoes,camara:74290:52:PSDB:2003-02-01,FIL-001255
filiacoes,camara:74290:53:PSDB:2007-02-01,FIL-001256
filiacoes,camara:74290:54:PSDB:2011-02-01,FIL-001257
filiacoes,camara:74291:52:PSDB:2003-02-01,FIL-001258
filiacoes,camara:74291:52:PTB:2003-09-17,FIL-001259
filiacoes,camara:74291:53:PTB:2007-02-01,FIL-001260
filiacoes,camara:74291:54:PTB:2011-02-01,FIL-001261
filiacoes,camara:74291:55:PTB:2015-02-01,FIL-001262
filiacoes,camara:74294:52:PMDB:2003-02-25,FIL-001263
filiacoes,camara:74294:52:PSDB:2003-04-02,FIL-001264
filiacoes,camara:74295:52:PCDOB:2003-02-01,FIL-001265
filiacoes,camara:74295:55:PCDOB:2015-11-17,FIL-001266
filiacoes,camara:74295:57:PCDOB:2023-02-01,FIL-001267
filiacoes,camara:74297:52:PPB:2003-02-01,FIL-001268
filiacoes,camara:74297:52:PP:2003-06-02,FIL-001269
filiacoes,camara:74297:53:PP:2007-02-01,FIL-001270
filiacoes,camara:74297:54:PP:2011-02-01,FIL-001271
filiacoes,camara:74298:52:PT:2003-02-01,FIL-001272
filiacoes,camara:74298:53:PT:2007-02-01,FIL-001273
filiacoes,camara:74299:52:PPS:2003-02-01,FIL-001274
filiacoes,camara:74299:55:PROS:2015-02-01,FIL-001275
filiacoes,camara:74299:55:PDT:2016-03-16,FIL-001276
filiacoes,camara:74299:56:PDT:2019-02-01,FIL-001277
filiacoes,camara:74299:57:PDT:2023-02-01,FIL-001278
filiacoes,camara:74300:52:PMDB:2003-02-01,FIL-001279
filiacoes,camara:74300:52:PSDB:2005-10-11,FIL-001280
filiacoes,camara:74300:53:PSDB:2007-02-01,FIL-001281
filiacoes,camara:74300:53:PR:2007-03-12,FIL-001282
filiacoes,camara:74304:52:PSL:2003-01-30,FIL-001283
filiacoes,camara:74305:52:PFL:2003-02-01,FIL-001284
filiacoes,camara:74305:52:PL:2003-07-29,FIL-001285
filiacoes,camara:74305:56:PSDB:2019-02-01,FIL-001286
filiacoes,camara:74306:52:PSDB:2003-02-01,FIL-001287
filiacoes,camara:74306:52:PTB:2003-09-17,FIL-001288
filiacoes,camara:74308:52:PSDB:2003-02-01,FIL-001289
filiacoes,camara:74308:53:PSDB:2007-02-01,FIL-001290
filiacoes,camara:74308:53:PR:2007-03-12,FIL-001291
filiacoes,camara:74308:54:PR:2011-02-01,FIL-001292
filiacoes,camara:74308:54:PROS:2013-10-04,FIL-001293
filiacoes,camara:74308:55:PROS:2015-08-06,FIL-001294
filiacoes,camara:74308:55:PDT:2016-03-17,FIL-001295
filiacoes,camara:74308:55:PR:2018-04-06,FIL-001296
filiacoes,camara:74309:52:PMDB:2003-02-01,FIL-001297
filiacoes,camara:74309:53:PMDB:2007-02-01,FIL-001298
filiacoes,camara:74310:53:PMDB:2007-02-01,FIL-001299
filiacoes,camara:74312:52:PPS:2003-01-31,FIL-001300
filiacoes,camara:74312:52:PSB:2005-07-11,FIL-001301
filiacoes,camara:74312:53:PSB:2007-08-01,FIL-001302
filiacoes,camara:74313:52:PFL:2003-02-01,FIL-001303
filiacoes,camara:74313:52:PP:2004-02-13,FIL-001304
filiacoes,camara:74313:53:PP:2007-02-01,FIL-001305
filiacoes,camara:74317:52:PFL:2003-02-01,FIL-001306
filiacoes,camara:74317:53:PFL:2007-02-01,FIL-001307
filiacoes,camara:74317:53:DEM:2007-04-23,FIL-001308
filiacoes,camara:74317:54:DEM:2011-02-01,FIL-001309
filiacoes,camara:74317:54:PSD:2011-10-26,FIL-001310
filiacoes,camara:74317:55:PSD:2015-02-01,FIL-001311
filiacoes,camara:74317:56:PSD:2019-02-01,FIL-001312
filiacoes,camara:74317:57:PSD:2023-02-01,FIL-001313
filiacoes,camara:74318:52:PFL:2003-02-01,FIL-001314
filiacoes,camara:74318:53:PFL:2007-02-01,FIL-001315
filiacoes,camara:74318:53:DEM:2007-04-23,FIL-001316
filiacoes,camara:74319:52:PFL:2003-02-01,FIL-001317
filiacoes,camara:74319:52:PTB:2004-02-14,FIL-001318
filiacoes,camara:74319:53:PTB:2007-02-01,FIL-001319
filiacoes,camara:74319:54:PTB:2011-02-01,FIL-001320
filiacoes,camara:74319:55:PTB:2015-02-01,FIL-001321
filiacoes,camara:74319:56:PTB:2019-06-11,FIL-001322
filiacoes,camara:74319:56:UNIÃO:2022-04-25,FIL-001323
filiacoes,camara:74321:52:PFL:2003-02-01,FIL-001324
filiacoes,camara:74321:53:DEM:2007-04-23,FIL-001325
filiacoes,camara:74321:54:DEM:2011-02-01,FIL-001326
filiacoes,camara:74321:54:PP:2013-09-26,FIL-001327
filiacoes,camara:74324:52:PMDB:2003-02-01,FIL-001328
filiacoes,camara:74324:53:PMDB:2007-02-01,FIL-001329
filiacoes,camara:74324:54:PMDB:2011-02-01,FIL-001330
filiacoes,camara:74325:52:PTB:2003-02-01,FIL-001331
filiacoes,camara:74325:52:PSB:2005-10-19,FIL-001332
filiacoes,camara:74327:52:PFL:2003-02-01,FIL-001333
filiacoes,camara:74328:52:PFL:2003-02-01,FIL-001334
filiacoes,camara:74329:52:PL:2003-02-01,FIL-001335
filiacoes,camara:74329:52:PSB:2005-09-28,FIL-001336
filiacoes,camara:74337:52:PFL:2003-02-01,FIL-001337
filiacoes,camara:74337:52:PSC:2005-09-20,FIL-001338
filiacoes,camara:74337:53:PSC:2009-10-02,FIL-001339
filiacoes,camara:74341:52:PP:2003-06-02,FIL-001340
filiacoes,camara:74341:52:PL:2003-06-24,FIL-001341
filiacoes,camara:74341:52:PR:2007-01-25,FIL-001342
filiacoes,camara:74341:53:PR:2007-01-25,FIL-001343
filiacoes,camara:74342:52:PL:2004-12-31,FIL-001344
filiacoes,camara:74342:52:PR:2007-01-25,FIL-001345
filiacoes,camara:74343:52:PPB:2003-02-01,FIL-001346
filiacoes,camara:74343:52:PP:2003-06-02,FIL-001347
filiacoes,camara:74344:52:PTB:2003-02-01,FIL-001348
filiacoes,camara:74345:52:PSB:2006-01-26,FIL-001349
filiacoes,camara:74345:52:PCDOB:2006-02-14,FIL-001350
filiacoes,camara:74345:53:PCDOB:2007-02-01,FIL-001351
filiacoes,camara:74345:54:PCDOB:2011-02-01,FIL-001352
filiacoes,camara:74346:52:PMDB:2005-02-22,FIL-001353
filiacoes,camara:74346:53:PMDB:2007-02-01,FIL-001354
filiacoes,camara:74349:52:PT:2003-02-01,FIL-001355
filiacoes,camara:74349:52:PSOL:2005-10-04,FIL-001356
filiacoes,camara:74351:52:PTB:2003-02-01,FIL-001357
filiacoes,camara:74351:54:PTB:2011-02-01,FIL-001358
filiacoes,camara:74351:55:PTB:2015-02-01,FIL-001359
filiacoes,camara:74352:52:PSDB:2003-02-01,FIL-001360
filiacoes,camara:74352:53:PSDB:2007-02-01,FIL-001361
filiacoes,camara:74352:54:PSDB:2011-02-01,FIL-001362
filiacoes,camara:74352:55:PSDB:2015-02-01,FIL-001363
filiacoes,camara:74352:56:PSDB:2019-02-01,FIL-001364
filiacoes,camara:74354:52:PSDB:2003-02-01,FIL-001365
filiacoes,camara:74354:53:PSDB:2007-02-01,FIL-001366
filiacoes,camara:74354:54:PSDB:2011-02-01,FIL-001367
filiacoes,camara:74355:52:PPS:2003-01-31,FIL-001368
filiacoes,camara:74355:52:PP:2003-06-05,FIL-001369
filiacoes,camara:74356:52:PTB:2003-02-01,FIL-001370
filiacoes,camara:74356:53:PTB:2007-02-01,FIL-001371
filiacoes,camara:74356:53:PAN:2007-02-01,FIL-001372
filiacoes,camara:74356:53:PTB:2007-03-29,FIL-001373
filiacoes,camara:74356:53:PAN:2007-04-10,FIL-001374
filiacoes,camara:74356:53:PTB:2007-06-11,FIL-001375
filiacoes,camara:74356:53:PSC:2007-07-03,FIL-001376
filiacoes,camara:74356:54:PSC:2011-02-01,FIL-001377
filiacoes,camara:74356:54:PSD:2011-10-26,FIL-001378
filiacoes,camara:74356:55:PSD:2015-02-01,FIL-001379
filiacoes,camara:74356:55:PRB:2016-03-16,FIL-001380
filiacoes,camara:74356:56:PRB:2019-02-01,FIL-001381
filiacoes,camara:74356:56:REPUBLICANOS:2019-08-16,FIL-001382
filiacoes,camara:74356:57:REPUBLICANOS:2023-02-01,FIL-001383
filiacoes,camara:74357:52:PCDOB:2003-02-01,FIL-001384
filiacoes,camara:74357:53:PCDOB:2007-02-01,FIL-001385
filiacoes,camara:74358:52:PPS:2003-02-01,FIL-001386
filiacoes,camara:74358:52:PP:2005-02-11,FIL-001387
filiacoes,camara:74358:53:PP:2010-10-27,FIL-001388
filiacoes,camara:74358:53:PSC:2010-11-10,FIL-001389
filiacoes,camara:74358:55:PSC:2023-02-01,FIL-001390
filiacoes,camara:74359:52:PTB:2003-02-01,FIL-001391
filiacoes,camara:74359:54:PTB:2011-02-01,FIL-001392
filiacoes,camara:74359:55:PTB:2015-02-01,FIL-001393
filiacoes,camara:74360:52:PSDB:2003-02-01,FIL-001394
filiacoes,camara:74363:54:PSDB:2011-02-01,FIL-001395
filiacoes,camara:74365:52:PT:2003-02-01,FIL-001396
filiacoes,camara:74365:53:PT:2007-02-01,FIL-001397
filiacoes,camara:74366:52:PSDB:2003-02-01,FIL-001398
filiacoes,camara:74366:53:PSDB:2007-02-01,FIL-001399
filiacoes,camara:74366:54:PSDB:2011-02-01,FIL-001400
filiacoes,camara:74366:55:PSDB:2015-02-01,FIL-001401
filiacoes,camara:74366:55:PRB:2016-03-22,FIL-001402
filiacoes,camara:74366:56:PRB:2019-02-01,FIL-001403
filiacoes,camara:74366:56:REPUBLICANOS:2019-08-16,FIL-001404
filiacoes,camara:74367:52:PMDB:2003-02-01,FIL-001405
filiacoes,camara:74367:53:PMDB:2007-02-01,FIL-001406
filiacoes,camara:74367:54:PMDB:2011-02-01,FIL-001407
filiacoes,camara:74368:52:PPB:2003-02-01,FIL-001408
filiacoes,camara:74368:52:PP:2003-06-02,FIL-001409
filiacoes,camara:74368:52:PSDB:2005-11-17,FIL-001410
filiacoes,camara:74368:53:PSDB:2007-02-01,FIL-001411
filiacoes,camara:74368:54:PSDB:2011-02-01,FIL-001412
filiacoes,camara:74369:52:PT:2003-02-01,FIL-001413
filiacoes,camara:74370:52:PSDB:2003-02-01,FIL-001414
filiacoes,camara:74370:53:PSDB:2007-02-01,FIL-001415
filiacoes,camara:74371:52:PT:2003-02-01,FIL-001416
filiacoes,camara:74371:53:PT:2007-02-01,FIL-001417
filiacoes,camara:74371:54:PT:2011-02-01,FIL-001418
filiacoes,camara:74371:55:PT:2015-02-01,FIL-001419
filiacoes,camara:74371:56:PT:2019-02-01,FIL-001420
filiacoes,camara:74371:57:PT:2023-02-01,FIL-001421
filiacoes,camara:74372:52:PPB:2003-02-01,FIL-001422
filiacoes,camara:74372:52:PP:2003-06-02,FIL-001423
filiacoes,camara:74372:53:PP:2007-02-01,FIL-001424
filiacoes,camara:74372:54:PP:2011-02-01,FIL-001425
filiacoes,camara:74372:55:PP:2015-02-04,FIL-001426
filiacoes,camara:74373:52:PT:2003-02-01,FIL-001427
filiacoes,camara:74373:53:PT:2007-02-01,FIL-001428
filiacoes,camara:74373:54:PT:2011-02-01,FIL-001429
filiacoes,camara:74374:52:PPS:2003-02-01,FIL-001430
filiacoes,camara:74374:53:PPS:2007-02-01,FIL-001431
filiacoes,camara:74374:53:PMDB:2007-08-07,FIL-001432
filiacoes,camara:74374:54:PMDB:2011-02-01,FIL-001433
filiacoes,camara:74374:55:PMDB:2015-02-01,FIL-001434
filiacoes,camara:74374:55:PSDB:2016-03-28,FIL-001435
filiacoes,camara:74374:56:PSDB:2019-02-05,FIL-001436
filiacoes,camara:74374:57:PSDB:2023-02-01,FIL-001437
filiacoes,camara:74374:57:UNIÃO:2026-04-29,FIL-001438
filiacoes,camara:74375:52:PFL:2003-01-31,FIL-001439
filiacoes,camara:74376:52:PT:2003-02-01,FIL-001440
filiacoes,camara:74376:53:PT:2007-02-01,FIL-001441
filiacoes,camara:74376:54:PT:2011-02-01,FIL-001442
filiacoes,camara:74376:55:PT:2015-02-01,FIL-001443
filiacoes,camara:74376:56:PT:2019-02-01,FIL-001444
filiacoes,camara:74376:57:PT:2023-02-01,FIL-001445
filiacoes,camara:74377:52:PDT:2003-02-01,FIL-001446
filiacoes,camara:74377:52:PP:2004-02-03,FIL-001447
filiacoes,camara:74377:52:PSB:2005-02-14,FIL-001448
filiacoes,camara:74377:52:PMDB:2005-09-21,FIL-001449
filiacoes,camara:74377:53:PMDB:2008-10-25,FIL-001450
filiacoes,camara:74377:54:PMDB:2011-02-01,FIL-001451
filiacoes,camara:74378:52:PT:2003-02-01,FIL-001452
filiacoes,camara:74378:53:PT:2007-02-01,FIL-001453
filiacoes,camara:74378:54:PT:2011-02-01,FIL-001454
filiacoes,camara:74378:55:PT:2015-02-01,FIL-001455
filiacoes,camara:74378:55:PMB:2015-12-04,FIL-001456
filiacoes,camara:74378:55:PDT:2016-03-09,FIL-001457
filiacoes,camara:74379:52:PPS:2003-02-01,FIL-001458
filiacoes,camara:74379:53:PPS:2007-02-01,FIL-001459
filiacoes,camara:74379:54:PPS:2011-02-01,FIL-001460
filiacoes,camara:74380:52:PT:2003-02-01,FIL-001461
filiacoes,camara:74381:52:PT:2003-02-01,FIL-001462
filiacoes,camara:74382:52:PFL:2003-02-01,FIL-001463
filiacoes,camara:74382:53:PFL:2007-02-01,FIL-001464
filiacoes,camara:74382:53:DEM:2007-04-23,FIL-001465
filiacoes,camara:74382:54:DEM:2011-02-01,FIL-001466
filiacoes,camara:74382:54:PSD:2011-10-26,FIL-001467
filiacoes,camara:74383:52:PPS:2003-02-01,FIL-001468
filiacoes,camara:74383:52:PL:2003-06-17,FIL-001469
filiacoes,camara:74383:52:PR:2007-01-25,FIL-001470
filiacoes,camara:74383:53:PR:2007-01-25,FIL-001471
filiacoes,camara:74383:54:PR:2011-02-01,FIL-001472
filiacoes,camara:74383:55:PR:2015-02-01,FIL-001473
filiacoes,camara:74383:56:PR:2019-02-01,FIL-001474
filiacoes,camara:74383:56:PL:2019-05-22,FIL-001475
filiacoes,camara:74383:57:PL:2023-02-01,FIL-001476
filiacoes,camara:74383:57:PSD:2026-04-08,FIL-001477
filiacoes,camara:74385:52:PSB:2003-01-31,FIL-001478
filiacoes,camara:74385:52:PMDB:2003-08-25,FIL-001479
filiacoes,camara:74385:53:PMDB:2007-02-01,FIL-001480
filiacoes,camara:74385:53:PAN:2007-02-01,FIL-001481
filiacoes,camara:74385:53:PTB:2007-03-29,FIL-001482
filiacoes,camara:74385:53:PAN:2007-04-10,FIL-001483
filiacoes,camara:74385:53:PTB:2007-06-11,FIL-001484
filiacoes,camara:74385:53:PSC:2007-07-11,FIL-001485
filiacoes,camara:74385:54:PSC:2011-02-01,FIL-001486
filiacoes,camara:74385:55:PSC:2015-02-01,FIL-001487
filiacoes,camara:74386:52:PMDB:2003-02-01,FIL-001488
filiacoes,camara:74387:52:PPB:2003-02-01,FIL-001489
filiacoes,camara:74387:52:PP:2003-06-02,FIL-001490
filiacoes,camara:74387:52:PFL:2005-09-22,FIL-001491
filiacoes,camara:74388:52:PT:2003-02-01,FIL-001492
filiacoes,camara:74388:53:PT:2008-12-31,FIL-001493
filiacoes,camara:74388:54:PT:2011-02-01,FIL-001494
filiacoes,camara:74388:54:PSD:2011-11-09,FIL-001495
filiacoes,camara:74388:54:PP:2013-10-08,FIL-001496
filiacoes,camara:74388:55:PP:2015-02-01,FIL-001497
filiacoes,camara:74389:52:PT:2003-02-01,FIL-001498
filiacoes,camara:74390:52:PMDB:2003-02-01,FIL-001499
filiacoes,camara:74391:52:PT:2003-02-01,FIL-001500
filiacoes,camara:74391:53:PT:2007-02-01,FIL-001501
filiacoes,camara:74392:52:PPB:2003-02-01,FIL-001502
filiacoes,camara:74392:52:PP:2003-06-02,FIL-001503
filiacoes,camara:74392:53:PP:2007-02-01,FIL-001504
filiacoes,camara:74392:54:PP:2011-02-01,FIL-001505
filiacoes,camara:74392:55:PSB:2018-04-25,FIL-001506
filiacoes,camara:74393:52:PPB:2003-02-01,FIL-001507
filiacoes,camara:74393:52:PP:2003-06-02,FIL-001508
filiacoes,camara:74394:52:PPB:2003-02-01,FIL-001509
filiacoes,camara:74394:52:PP:2003-06-02,FIL-001510
filiacoes,camara:74395:52:PPB:2003-02-01,FIL-001511
filiacoes,camara:74395:52:PP:2003-06-02,FIL-001512
filiacoes,camara:74395:53:PP:2007-02-01,FIL-001513
filiacoes,camara:74395:54:PP:2011-02-01,FIL-001514
filiacoes,camara:74395:55:PP:2015-02-01,FIL-001515
filiacoes,camara:74396:52:PTB:2003-02-01,FIL-001516
filiacoes,camara:74397:52:PT:2003-02-01,FIL-001517
filiacoes,camara:74397:52:PSOL:2005-10-04,FIL-001518
filiacoes,camara:74397:53:PSOL:2007-02-01,FIL-001519
filiacoes,camara:74398:52:PT:2003-02-01,FIL-001520
filiacoes,camara:74398:53:PT:2007-02-01,FIL-001521
filiacoes,camara:74398:54:PT:2011-02-01,FIL-001522
filiacoes,camara:74398:55:PT:2015-02-01,FIL-001523
filiacoes,camara:74398:56:PT:2019-02-01,FIL-001524
filiacoes,camara:74398:57:PT:2023-02-01,FIL-001525
filiacoes,camara:74399:52:PFL:2003-02-01,FIL-001526
filiacoes,camara:74399:53:PFL:2007-02-01,FIL-001527
filiacoes,camara:74399:53:DEM:2007-04-23,FIL-001528
filiacoes,camara:74399:54:DEM:2011-02-01,FIL-001529
filiacoes,camara:74399:55:DEM:2015-02-01,FIL-001530
filiacoes,camara:74399:56:DEM:2019-02-01,FIL-001531
filiacoes,camara:74399:56:UNIÃO:2022-02-23,FIL-001532
filiacoes,camara:74399:56:PL:2022-04-05,FIL-001533
filiacoes,camara:74400:52:PT:2003-02-01,FIL-001534
filiacoes,camara:74400:53:PT:2007-02-01,FIL-001535
filiacoes,camara:74400:54:PT:2011-02-01,FIL-001536
filiacoes,camara:74400:55:PT:2015-02-01,FIL-001537
filiacoes,camara:74400:56:PT:2019-02-01,FIL-001538
filiacoes,camara:74400:57:PT:2023-02-01,FIL-001539
filiacoes,camara:74401:52:PMDB:2003-02-01,FIL-001540
filiacoes,camara:74402:52:PSC:2002-12-30,FIL-001541
filiacoes,camara:74402:52:PL:2003-01-30,FIL-001542
filiacoes,camara:74402:52:PTB:2003-01-31,FIL-001543
filiacoes,camara:74402:52:PMDB:2005-02-13,FIL-001544
filiacoes,camara:74402:52:PL:2005-02-15,FIL-001545
filiacoes,camara:74402:52:PTB:2006-02-14,FIL-001546
filiacoes,camara:74403:52:PT:2003-01-22,FIL-001547
filiacoes,camara:74405:52:PSDB:2003-02-01,FIL-001548
filiacoes,camara:74405:52:PTB:2006-11-23,FIL-001549
filiacoes,camara:74405:53:PTB:2006-11-23,FIL-001550
filiacoes,camara:74405:54:PTB:2012-02-06,FIL-001551
filiacoes,camara:74408:52:PPB:2003-02-01,FIL-001552
filiacoes,camara:74408:52:PP:2003-06-02,FIL-001553
filiacoes,camara:74414:53:PMDB:2007-02-01,FIL-001554
filiacoes,camara:74416:52:PSB:2003-02-01,FIL-001555
filiacoes,camara:74417:52:PT:2003-02-01,FIL-001556
filiacoes,camara:74417:53:PT:2007-02-01,FIL-001557
filiacoes,camara:74417:54:PT:2011-02-01,FIL-001558
filiacoes,camara:74419:52:PSB:2003-02-01,FIL-001559
filiacoes,camara:74419:53:PSB:2007-02-01,FIL-001560
filiacoes,camara:74419:54:PSB:2011-02-01,FIL-001561
filiacoes,camara:74419:55:PSB:2015-02-01,FIL-001562
filiacoes,camara:74419:56:PSB:2019-02-01,FIL-001563
filiacoes,camara:74421:52:PFL:2003-02-01,FIL-001564
filiacoes,camara:74421:52:PMDB:2005-02-10,FIL-001565
filiacoes,camara:74421:52:PL:2005-08-29,FIL-001566
filiacoes,camara:74421:52:PR:2007-01-25,FIL-001567
filiacoes,camara:74421:53:PR:2007-01-25,FIL-001568
filiacoes,camara:74421:54:PR:2011-02-01,FIL-001569
filiacoes,camara:74423:52:PMDB:2003-02-01,FIL-001570
filiacoes,camara:74423:52:PTB:2003-05-14,FIL-001571
filiacoes,camara:74423:53:PTB:2007-02-01,FIL-001572
filiacoes,camara:74423:54:PTB:2011-02-01,FIL-001573
filiacoes,camara:74425:52:PFL:2003-01-22,FIL-001574
filiacoes,camara:74425:53:PFL:2007-02-01,FIL-001575
filiacoes,camara:74425:53:DEM:2007-04-23,FIL-001576
filiacoes,camara:74426:52:PSDB:2003-02-01,FIL-001577
filiacoes,camara:74426:52:PTB:2003-05-14,FIL-001578
filiacoes,camara:74426:53:PTB:2007-02-01,FIL-001579
filiacoes,camara:74427:52:PSDB:2003-02-01,FIL-001580
filiacoes,camara:74427:52:PTB:2003-08-07,FIL-001581
filiacoes,camara:74427:52:PDT:2004-12-15,FIL-001582
filiacoes,camara:74428:54:DEM:2011-02-01,FIL-001583
filiacoes,camara:74428:55:DEM:2015-02-01,FIL-001584
filiacoes,camara:74428:57:UNIÃO:2023-02-01,FIL-001585
filiacoes,camara:74428:57:PL:2026-04-07,FIL-001586
filiacoes,camara:74430:52:PFL:2003-02-01,FIL-001587
filiacoes,camara:74430:54:DEM:2014-12-30,FIL-001588
filiacoes,camara:74431:52:PPB:2003-02-01,FIL-001589
filiacoes,camara:74431:52:PP:2003-06-02,FIL-001590
filiacoes,camara:74433:52:PSDB:2003-02-01,FIL-001591
filiacoes,camara:74433:52:PTB:2003-05-14,FIL-001592
filiacoes,camara:74433:52:PFL:2004-12-29,FIL-001593
filiacoes,camara:74433:53:PFL:2007-02-01,FIL-001594
filiacoes,camara:74433:53:DEM:2007-04-23,FIL-001595
filiacoes,camara:74434:52:PMDB:2005-12-12,FIL-001596
filiacoes,camara:74434:52:PFL:2006-01-16,FIL-001597
filiacoes,camara:74435:54:PSDB:2011-02-01,FIL-001598
filiacoes,camara:74436:52:PPB:2003-02-01,FIL-001599
filiacoes,camara:74436:52:PP:2003-06-02,FIL-001600
filiacoes,camara:74439:53:PDT:2007-02-01,FIL-001601
filiacoes,camara:74439:54:PDT:2011-02-01,FIL-001602
filiacoes,camara:74439:55:PDT:2015-02-01,FIL-001603
filiacoes,camara:74439:56:PDT:2019-02-01,FIL-001604
filiacoes,camara:74441:53:PTB:2007-03-11,FIL-001605
filiacoes,camara:74444:52:PSB:2003-01-31,FIL-001606
filiacoes,camara:74444:52:PSC:2003-09-16,FIL-001607
filiacoes,camara:74444:52:PMDB:2005-02-02,FIL-001608
filiacoes,camara:74444:52:PSC:2005-08-10,FIL-001609
filiacoes,camara:74445:52:PSDB:2003-02-01,FIL-001610
filiacoes,camara:74445:55:PSDB:2015-02-01,FIL-001611
filiacoes,camara:74447:52:PFL:2003-02-01,FIL-001612
filiacoes,camara:74447:53:PFL:2007-02-01,FIL-001613
filiacoes,camara:74447:53:DEM:2007-04-23,FIL-001614
filiacoes,camara:74447:54:DEM:2011-02-01,FIL-001615
filiacoes,camara:74447:54:PSD:2011-10-26,FIL-001616
filiacoes,camara:74448:52:PFL:2003-02-01,FIL-001617
filiacoes,camara:74448:52:PL:2003-07-29,FIL-001618
filiacoes,camara:74449:52:PTB:2003-01-14,FIL-001619
filiacoes,camara:74449:53:PTB:2007-02-01,FIL-001620
filiacoes,camara:74449:54:PTB:2011-02-01,FIL-001621
filiacoes,camara:74449:55:PTB:2015-02-01,FIL-001622
filiacoes,camara:74451:52:PL:2003-02-01,FIL-001623
filiacoes,camara:74451:52:PR:2007-01-25,FIL-001624
filiacoes,camara:74452:52:PSDB:2003-01-29,FIL-001625
filiacoes,camara:74454:52:PMDB:2003-02-01,FIL-001626
filiacoes,camara:74454:53:PMDB:2007-02-01,FIL-001627
filiacoes,camara:74454:57:MDB:2023-02-01,FIL-001628
filiacoes,camara:74455:52:PSDB:2003-02-01,FIL-001629
filiacoes,camara:74455:53:PSDB:2007-02-01,FIL-001630
filiacoes,camara:74455:53:PR:2007-03-12,FIL-001631
filiacoes,camara:74456:52:PSDB:2003-02-04,FIL-001632
filiacoes,camara:74456:53:PSDB:2007-02-01,FIL-001633
filiacoes,camara:74456:54:PSDB:2011-02-01,FIL-001634
filiacoes,camara:74456:54:PSD:2011-10-26,FIL-001635
filiacoes,camara:74457:52:PFL:2003-02-01,FIL-001636
filiacoes,camara:74457:55:DEM:2015-02-01,FIL-001637
filiacoes,camara:74459:52:PSDB:2003-01-29,FIL-001638
filiacoes,camara:74459:53:PSDB:2007-02-01,FIL-001639
filiacoes,camara:74459:53:PSB:2007-02-28,FIL-001640
filiacoes,camara:74459:54:PSB:2011-02-01,FIL-001641
filiacoes,camara:74459:55:PSB:2015-02-01,FIL-001642
filiacoes,camara:74459:56:PSB:2019-02-01,FIL-001643
filiacoes,camara:74459:56:PP:2019-11-20,FIL-001644
filiacoes,camara:74460:52:PMDB:2003-02-01,FIL-001645
filiacoes,camara:74460:53:PMDB:2007-02-01,FIL-001646
filiacoes,camara:74460:54:PMDB:2011-02-01,FIL-001647
filiacoes,camara:74460:55:PMDB:2015-02-01,FIL-001648
filiacoes,camara:74460:55:MDB:2018-05-21,FIL-001649
filiacoes,camara:74461:53:PMDB:2009-09-28,FIL-001650
filiacoes,camara:74463:52:PFL:2003-02-10,FIL-001651
filiacoes,camara:74463:52:PSB:2003-03-18,FIL-001652
filiacoes,camara:74464:52:PTB:2003-02-10,FIL-001653
filiacoes,camara:74464:52:PSB:2003-12-04,FIL-001654
filiacoes,camara:74466:52:PTB:2003-02-01,FIL-001655
filiacoes,camara:74467:52:PMDB:2004-06-30,FIL-001656
filiacoes,camara:74467:52:PP:2004-07-09,FIL-001657
filiacoes,camara:74467:53:PR:2007-01-25,FIL-001658
filiacoes,camara:74467:53:PDT:2007-06-28,FIL-001659
filiacoes,camara:74467:54:PDT:2011-02-01,FIL-001660
filiacoes,camara:74467:55:PDT:2015-02-01,FIL-001661
filiacoes,camara:74467:56:PDT:2019-02-01,FIL-001662
filiacoes,camara:74467:56:UNIÃO:2022-04-11,FIL-001663
filiacoes,camara:74467:57:UNIÃO:2023-02-01,FIL-001664
filiacoes,camara:74468:52:PSDB:2003-02-01,FIL-001665
filiacoes,camara:74469:52:PSDB:2003-02-27,FIL-001666
filiacoes,camara:74469:52:PL:2003-08-04,FIL-001667
filiacoes,camara:74469:52:PR:2007-01-25,FIL-001668
filiacoes,camara:74470:52:PFL:2003-02-26,FIL-001669
filiacoes,camara:74470:52:PTB:2003-07-24,FIL-001670
filiacoes,camara:74470:52:PSB:2005-10-10,FIL-001671
filiacoes,camara:74470:53:PSB:2007-02-01,FIL-001672
filiacoes,camara:74470:53:PSC:2009-10-14,FIL-001673
filiacoes,camara:74470:55:PSC:2015-12-01,FIL-001674
filiacoes,camara:74471:52:PFL:2003-02-01,FIL-001675
filiacoes,camara:74471:53:PFL:2007-02-01,FIL-001676
filiacoes,camara:74471:53:DEM:2007-04-23,FIL-001677
filiacoes,camara:74471:54:DEM:2014-03-06,FIL-001678
filiacoes,camara:74471:54:PSD:2014-03-13,FIL-001679
filiacoes,camara:74471:55:PSD:2015-02-01,FIL-001680
filiacoes,camara:74471:56:PSD:2019-02-01,FIL-001681
filiacoes,camara:74472:52:PMDB:2003-02-01,FIL-001682
filiacoes,camara:74472:52:PTB:2003-05-14,FIL-001683
filiacoes,camara:74472:53:PTB:2007-02-01,FIL-001684
filiacoes,camara:74473:52:PSDB:2005-09-21,FIL-001685
filiacoes,camara:74473:52:PFL:2005-12-21,FIL-001686
filiacoes,camara:74474:52:PMDB:2003-02-01,FIL-001687
filiacoes,camara:74474:53:PMDB:2007-02-01,FIL-001688
filiacoes,camara:74474:53:PSC:2007-10-05,FIL-001689
filiacoes,camara:74474:54:PSC:2011-02-01,FIL-001690
filiacoes,camara:74474:54:PCDOB:2013-10-08,FIL-001691
filiacoes,camara:74474:55:PCDOB:2015-02-04,FIL-001692
filiacoes,camara:74474:55:PDT:2016-05-11,FIL-001693
filiacoes,camara:74477:52:PFL:2003-02-01,FIL-001694
filiacoes,camara:74477:52:PTB:2003-05-14,FIL-001695
filiacoes,camara:74477:52:PFL:2005-09-30,FIL-001696
filiacoes,camara:74478:55:PSL:2017-07-13,FIL-001697
filiacoes,camara:74478:56:PSL:2019-02-01,FIL-001698
filiacoes,camara:74478:56:UNIÃO:2022-02-23,FIL-001699
filiacoes,camara:74478:57:UNIÃO:2023-02-01,FIL-001700
filiacoes,camara:74478:57:MDB:2026-04-07,FIL-001701
filiacoes,camara:74479:52:PL:2003-02-01,FIL-001702
filiacoes,camara:74479:52:PFL:2005-09-28,FIL-001703
filiacoes,camara:74480:52:PPB:2003-02-03,FIL-001704
filiacoes,camara:74480:52:PP:2003-06-02,FIL-001705
filiacoes,camara:74481:52:PT:2003-02-03,FIL-001706
filiacoes,camara:74481:53:PT:2011-01-03,FIL-001707
filiacoes,camara:74482:52:PT:2003-02-03,FIL-001708
filiacoes,camara:74483:52:PTB:2003-02-03,FIL-001709
filiacoes,camara:74484:52:PL:2003-02-03,FIL-001710
filiacoes,camara:74484:52:PSB:2005-09-27,FIL-001711
filiacoes,camara:74485:52:PT:2003-02-03,FIL-001712
filiacoes,camara:74486:52:PSB:2003-02-12,FIL-001713
filiacoes,camara:74487:52:PSB:2003-02-17,FIL-001714
filiacoes,camara:74487:53:PMN:2009-01-19,FIL-001715
filiacoes,camara:74488:52:PSDB:2003-04-10,FIL-001716
filiacoes,camara:74489:52:PSDB:2003-05-03,FIL-001717
filiacoes,camara:74489:52:PSB:2003-12-17,FIL-001718
filiacoes,camara:74489:52:PL:2004-12-23,FIL-001719
filiacoes,camara:74489:52:PSDB:2005-08-24,FIL-001720
filiacoes,camara:74490:52:PT:2003-05-20,FIL-001721
filiacoes,camara:74490:53:PT:2009-05-12,FIL-001722
filiacoes,camara:74491:52:PT:2003-07-27,FIL-001723
filiacoes,camara:74491:53:PT:2007-02-01,FIL-001724
filiacoes,camara:74491:54:PT:2011-02-03,FIL-001725
filiacoes,camara:74492:52:PT:2003-08-08,FIL-001726
filiacoes,camara:74493:52:PSB:2003-12-01,FIL-001727
filiacoes,camara:74493:52:PDT:2005-02-14,FIL-001728
filiacoes,camara:74494:52:PT:2004-01-23,FIL-001729
filiacoes,camara:74495:52:PSB:2004-01-23,FIL-001730
filiacoes,camara:74496:52:PT:2004-01-27,FIL-001731
filiacoes,camara:74497:52:PP:2003-06-02,FIL-001732
filiacoes,camara:74517:52:PTB:2003-02-01,FIL-001733
filiacoes,camara:74517:52:PPB:2003-04-07,FIL-001734
filiacoes,camara:74517:52:PP:2003-06-02,FIL-001735
filiacoes,camara:74517:53:PP:2007-02-01,FIL-001736
filiacoes,camara:74520:52:PFL:2003-02-01,FIL-001737
filiacoes,camara:74521:52:PTB:2004-03-02,FIL-001738
filiacoes,camara:74527:52:PPB:2003-02-01,FIL-001739
filiacoes,camara:74527:52:PP:2003-06-02,FIL-001740
filiacoes,camara:74528:53:PFL:2007-02-01,FIL-001741
filiacoes,camara:74528:53:DEM:2007-04-23,FIL-001742
filiacoes,camara:74533:52:PT:2007-01-01,FIL-001743
filiacoes,camara:74533:53:PT:2007-02-01,FIL-001744
filiacoes,camara:74533:54:PT:2011-02-02,FIL-001745
filiacoes,camara:74534:52:PFL:2003-02-01,FIL-001746
filiacoes,camara:74535:55:PTB:2015-02-01,FIL-001747
filiacoes,camara:74537:52:PFL:2003-01-29,FIL-001748
filiacoes,camara:74537:53:PFL:2007-02-01,FIL-001749
filiacoes,camara:74537:53:DEM:2007-04-23,FIL-001750
filiacoes,camara:74537:54:DEM:2011-02-01,FIL-001751
filiacoes,camara:74537:55:DEM:2015-02-01,FIL-001752
filiacoes,camara:74537:55:PP:2018-04-13,FIL-001753
filiacoes,camara:74537:56:PP:2019-02-01,FIL-001754
filiacoes,camara:74537:57:PP:2023-02-01,FIL-001755
filiacoes,camara:74538:52:PFL:2003-01-31,FIL-001756
filiacoes,camara:74542:52:PTB:2003-02-01,FIL-001757
filiacoes,camara:74542:52:PFL:2003-10-03,FIL-001758
filiacoes,camara:74542:53:PFL:2007-02-01,FIL-001759
filiacoes,camara:74542:53:DEM:2007-04-23,FIL-001760
filiacoes,camara:74544:52:PMDB:2003-02-01,FIL-001761
filiacoes,camara:74544:53:PMDB:2007-02-01,FIL-001762
filiacoes,camara:74547:52:PFL:2003-02-01,FIL-001763
filiacoes,camara:74547:53:DEM:2007-04-23,FIL-001764
filiacoes,camara:74547:53:PP:2009-08-21,FIL-001765
filiacoes,camara:74549:52:PSDB:2003-02-01,FIL-001766
filiacoes,camara:74549:53:PSDB:2007-02-01,FIL-001767
filiacoes,camara:74550:52:PL:2003-01-31,FIL-001768
filiacoes,camara:74550:52:PP:2005-09-28,FIL-001769
filiacoes,camara:74550:53:PP:2007-02-01,FIL-001770
filiacoes,camara:74550:54:PP:2011-02-01,FIL-001771
filiacoes,camara:74550:57:PP:2023-02-01,FIL-001772
filiacoes,camara:74552:52:PFL:2003-02-01,FIL-001773
filiacoes,camara:74552:53:PFL:2007-02-01,FIL-001774
filiacoes,camara:74552:53:DEM:2007-04-23,FIL-001775
filiacoes,camara:74553:52:PFL:2003-02-01,FIL-001776
filiacoes,camara:74553:53:PFL:2007-02-01,FIL-001777
filiacoes,camara:74553:53:DEM:2007-04-23,FIL-001778
filiacoes,camara:74553:55:DEM:2015-02-01,FIL-001779
filiacoes,camara:74554:52:PFL:2003-02-01,FIL-001780
filiacoes,camara:74554:53:PFL:2007-02-01,FIL-001781
filiacoes,camara:74554:53:PR:2007-03-05,FIL-001782
filiacoes,camara:74554:54:PR:2011-02-01,FIL-001783
filiacoes,camara:74554:55:PR:2015-02-01,FIL-001784
filiacoes,camara:74554:56:PR:2019-02-01,FIL-001785
filiacoes,camara:74554:56:PL:2019-05-22,FIL-001786
filiacoes,camara:74554:56:UNIÃO:2022-04-07,FIL-001787
filiacoes,camara:74554:57:UNIÃO:2023-02-01,FIL-001788
filiacoes,camara:74556:53:PT:2007-02-01,FIL-001789
filiacoes,camara:74556:54:PT:2011-02-01,FIL-001790
filiacoes,camara:74557:52:PPB:2003-01-29,FIL-001791
filiacoes,camara:74557:52:PP:2003-06-02,FIL-001792
filiacoes,camara:74558:52:PSB:2003-02-01,FIL-001793
filiacoes,camara:74558:53:PSB:2007-02-01,FIL-001794
filiacoes,camara:74558:54:PSB:2011-02-01,FIL-001795
filiacoes,camara:74558:54:PROS:2013-09-30,FIL-001796
filiacoes,camara:74558:55:PROS:2015-02-01,FIL-001797
filiacoes,camara:74558:55:PHS:2016-03-15,FIL-001798
filiacoes,camara:74558:55:AVANTE:2018-04-05,FIL-001799
filiacoes,camara:74559:52:PL:2003-02-01,FIL-001800
filiacoes,camara:74559:52:PR:2007-01-25,FIL-001801
filiacoes,camara:74559:54:PSDB:2012-06-18,FIL-001802
filiacoes,camara:74559:54:PEN:2012-07-18,FIL-001803
filiacoes,camara:74559:54:SDD:2013-12-11,FIL-001804
filiacoes,camara:74559:54:SD:2014-04-24,FIL-001805
filiacoes,camara:74562:52:PPS:2004-07-07,FIL-001806
filiacoes,camara:74563:52:PMDB:2003-02-01,FIL-001807
filiacoes,camara:74563:53:PMDB:2010-12-31,FIL-001808
filiacoes,camara:74566:53:PT:2007-02-01,FIL-001809
filiacoes,camara:74566:54:PT:2011-02-01,FIL-001810
filiacoes,camara:74567:52:PFL:2003-02-01,FIL-001811
filiacoes,camara:74568:52:PMDB:2003-02-01,FIL-001812
filiacoes,camara:74568:52:PTB:2003-07-31,FIL-001813
filiacoes,camara:74570:52:PSDB:2003-02-01,FIL-001814
filiacoes,camara:74570:53:PSDB:2007-02-01,FIL-001815
filiacoes,camara:74570:54:PSDB:2011-02-01,FIL-001816
filiacoes,camara:74570:55:PSDB:2015-02-01,FIL-001817
filiacoes,camara:74571:52:PT:2003-02-01,FIL-001818
filiacoes,camara:74571:53:PT:2007-02-01,FIL-001819
filiacoes,camara:74571:54:PT:2011-02-01,FIL-001820
filiacoes,camara:74571:55:PT:2015-02-01,FIL-001821
filiacoes,camara:74571:56:PT:2019-02-01,FIL-001822
filiacoes,camara:74574:52:PFL:2003-02-01,FIL-001823
filiacoes,camara:74574:53:PFL:2007-02-01,FIL-001824
filiacoes,camara:74574:53:DEM:2007-04-23,FIL-001825
filiacoes,camara:74574:54:DEM:2011-02-01,FIL-001826
filiacoes,camara:74574:54:PSD:2011-10-26,FIL-001827
filiacoes,camara:74574:55:PSD:2015-02-01,FIL-001828
filiacoes,camara:74574:56:PSD:2019-03-14,FIL-001829
filiacoes,camara:74574:57:PSD:2023-02-01,FIL-001830
filiacoes,camara:74577:52:PSB:2003-01-31,FIL-001831
filiacoes,camara:74577:52:PSC:2003-09-11,FIL-001832
filiacoes,camara:74577:52:PMDB:2005-01-31,FIL-001833
filiacoes,camara:74578:52:PFL:2003-02-04,FIL-001834
filiacoes,camara:74578:52:PTB:2005-02-11,FIL-001835
filiacoes,camara:74578:53:PTB:2011-01-04,FIL-001836
filiacoes,camara:74579:52:PSDB:2003-02-01,FIL-001837
filiacoes,camara:74579:53:PSDB:2007-02-01,FIL-001838
filiacoes,camara:74580:52:PL:2003-01-31,FIL-001839
filiacoes,camara:74580:52:PFL:2005-09-29,FIL-001840
filiacoes,camara:74580:53:PFL:2007-02-01,FIL-001841
filiacoes,camara:74580:53:DEM:2007-04-23,FIL-001842
filiacoes,camara:74580:53:PR:2009-08-20,FIL-001843
filiacoes,camara:74580:54:PR:2014-02-24,FIL-001844
filiacoes,camara:74580:54:PTB:2014-03-11,FIL-001845
filiacoes,camara:74581:52:PT:2003-02-01,FIL-001846
filiacoes,camara:74581:53:PT:2007-02-01,FIL-001847
filiacoes,camara:74581:54:PT:2011-02-01,FIL-001848
filiacoes,camara:74581:57:PT:2023-02-01,FIL-001849
filiacoes,camara:74584:52:PTB:2003-02-01,FIL-001850
filiacoes,camara:74585:52:PSL:2003-02-01,FIL-001851
filiacoes,camara:74585:52:PL:2003-02-01,FIL-001852
filiacoes,camara:74585:52:PR:2007-01-25,FIL-001853
filiacoes,camara:74585:53:PR:2007-01-25,FIL-001854
filiacoes,camara:74585:54:PR:2011-02-01,FIL-001855
filiacoes,camara:74585:55:PR:2015-02-01,FIL-001856
filiacoes,camara:74585:55:PRB:2016-03-17,FIL-001857
filiacoes,camara:74585:55:PR:2018-03-20,FIL-001858
filiacoes,camara:74585:56:PR:2019-02-01,FIL-001859
filiacoes,camara:74585:56:PL:2019-05-22,FIL-001860
filiacoes,camara:74585:57:PL:2023-02-01,FIL-001861
filiacoes,camara:74586:52:PT:2003-02-01,FIL-001862
filiacoes,camara:74586:53:PT:2007-02-01,FIL-001863
filiacoes,camara:74587:52:PMDB:2004-12-20,FIL-001864
filiacoes,camara:74587:53:PMDB:2007-02-01,FIL-001865
filiacoes,camara:74590:52:PSDB:2003-02-01,FIL-001866
filiacoes,camara:74590:53:PSDB:2007-02-01,FIL-001867
filiacoes,camara:74591:52:PTB:2003-02-01,FIL-001868
filiacoes,camara:74591:53:PTB:2011-01-04,FIL-001869
filiacoes,camara:74592:52:PTB:2003-01-31,FIL-001870
filiacoes,camara:74593:52:PT:2003-02-01,FIL-001871
filiacoes,camara:74593:53:PT:2007-02-01,FIL-001872
filiacoes,camara:74634:53:PDT:2007-02-01,FIL-001873
filiacoes,camara:74634:54:PDT:2011-02-01,FIL-001874
filiacoes,camara:74634:54:SDD:2013-10-01,FIL-001875
filiacoes,camara:74634:54:SD:2014-04-24,FIL-001876
filiacoes,camara:74634:55:SD:2017-06-22,FIL-001877
filiacoes,camara:74634:55:PODE:2017-07-05,FIL-001878
filiacoes,camara:74635:52:PPB:2003-02-01,FIL-001879
filiacoes,camara:74635:52:PP:2003-06-02,FIL-001880
filiacoes,camara:74635:53:PP:2007-02-01,FIL-001881
filiacoes,camara:74635:54:PP:2011-02-01,FIL-001882
filiacoes,camara:74637:52:PFL:2003-02-01,FIL-001883
filiacoes,camara:74637:52:PL:2003-09-25,FIL-001884
filiacoes,camara:74637:52:PMDB:2005-09-27,FIL-001885
filiacoes,camara:74640:52:PMDB:2006-08-15,FIL-001886
filiacoes,camara:74640:52:PSDB:2006-09-14,FIL-001887
filiacoes,camara:74641:52:PDT:2003-02-01,FIL-001888
filiacoes,camara:74641:53:PDT:2007-02-01,FIL-001889
filiacoes,camara:74641:53:PMDB:2009-10-07,FIL-001890
filiacoes,camara:74646:56:PSDB:2019-02-01,FIL-001891
filiacoes,camara:74646:57:PSDB:2023-02-01,FIL-001892
filiacoes,camara:74648:52:PFL:2003-02-01,FIL-001893
filiacoes,camara:74648:52:PL:2003-05-29,FIL-001894
filiacoes,camara:74648:52:PR:2007-01-25,FIL-001895
filiacoes,camara:74648:53:PR:2007-01-25,FIL-001896
filiacoes,camara:74648:54:PR:2011-02-01,FIL-001897
filiacoes,camara:74650:52:PSDB:2003-02-01,FIL-001898
filiacoes,camara:74650:53:PSDB:2007-02-01,FIL-001899
filiacoes,camara:74650:54:PSDB:2011-02-02,FIL-001900
filiacoes,camara:74650:55:PSDB:2015-02-01,FIL-001901
filiacoes,camara:74650:55:DEM:2018-04-10,FIL-001902
filiacoes,camara:74651:52:PFL:2003-02-01,FIL-001903
filiacoes,camara:74651:53:PFL:2007-02-01,FIL-001904
filiacoes,camara:74651:53:DEM:2007-04-23,FIL-001905
filiacoes,camara:74651:54:DEM:2011-02-01,FIL-001906
filiacoes,camara:74651:55:DEM:2015-02-01,FIL-001907
filiacoes,camara:74654:52:PSDB:2003-02-01,FIL-001908
filiacoes,camara:74655:52:PSDB:2003-02-01,FIL-001909
filiacoes,camara:74655:53:PSDB:2007-02-01,FIL-001910
filiacoes,camara:74655:54:PSDB:2011-02-01,FIL-001911
filiacoes,camara:74655:55:PSDB:2015-02-01,FIL-001912
filiacoes,camara:74655:56:PSDB:2019-02-01,FIL-001913
filiacoes,camara:74655:57:PSDB:2023-02-01,FIL-001914
filiacoes,camara:74657:52:PFL:2003-02-01,FIL-001915
filiacoes,camara:74658:52:PMDB:2003-02-01,FIL-001916
filiacoes,camara:74658:53:PMDB:2007-02-01,FIL-001917
filiacoes,camara:74660:52:PPB:2003-02-01,FIL-001918
filiacoes,camara:74660:52:PP:2003-06-02,FIL-001919
filiacoes,camara:74662:53:PPS:2007-02-01,FIL-001920
filiacoes,camara:74662:54:PPS:2012-12-18,FIL-001921
filiacoes,camara:74662:55:PPS:2017-04-11,FIL-001922
filiacoes,camara:74663:52:PPB:2003-02-04,FIL-001923
filiacoes,camara:74663:52:PP:2003-06-02,FIL-001924
filiacoes,camara:74665:52:PFL:2003-02-01,FIL-001925
filiacoes,camara:74665:52:PL:2003-02-01,FIL-001926
filiacoes,camara:74665:52:PR:2007-01-25,FIL-001927
filiacoes,camara:74665:53:PR:2007-01-25,FIL-001928
filiacoes,camara:74665:54:PR:2011-02-01,FIL-001929
filiacoes,camara:74665:54:PSD:2013-10-31,FIL-001930
filiacoes,camara:74665:55:PSD:2015-02-01,FIL-001931
filiacoes,camara:74665:55:PROS:2018-04-06,FIL-001932
filiacoes,camara:74671:52:PTB:2003-02-01,FIL-001933
filiacoes,camara:74675:52:PSB:2003-01-31,FIL-001934
filiacoes,camara:74675:52:PMDB:2003-08-25,FIL-001935
filiacoes,camara:74676:52:PL:2003-02-01,FIL-001936
filiacoes,camara:74680:52:PSDB:2003-02-01,FIL-001937
filiacoes,camara:74680:52:PP:2003-08-07,FIL-001938
filiacoes,camara:74680:52:PMDB:2005-02-02,FIL-001939
filiacoes,camara:74680:52:PSC:2005-10-05,FIL-001940
filiacoes,camara:74683:52:PFL:2003-02-01,FIL-001941
filiacoes,camara:74683:52:PSDB:2003-06-03,FIL-001942
filiacoes,camara:74686:52:PT:2003-02-01,FIL-001943
filiacoes,camara:74686:53:PT:2007-02-01,FIL-001944
filiacoes,camara:74686:54:PT:2011-02-01,FIL-001945
filiacoes,camara:74688:52:PT:2003-02-01,FIL-001946
filiacoes,camara:74688:53:PT:2007-02-01,FIL-001947
filiacoes,camara:74688:54:PT:2011-02-01,FIL-001948
filiacoes,camara:74688:55:PT:2015-02-01,FIL-001949
filiacoes,camara:74690:52:PSB:2003-03-11,FIL-001950
filiacoes,camara:74692:52:PSB:2003-02-01,FIL-001951
filiacoes,camara:74693:52:PFL:2003-02-01,FIL-001952
filiacoes,camara:74693:53:PFL:2007-02-01,FIL-001953
filiacoes,camara:74693:53:DEM:2007-04-23,FIL-001954
filiacoes,camara:74693:54:DEM:2011-02-01,FIL-001955
filiacoes,camara:74693:55:DEM:2015-02-01,FIL-001956
filiacoes,camara:74693:56:DEM:2019-02-01,FIL-001957
filiacoes,camara:74693:56:PSDB:2022-10-26,FIL-001958
filiacoes,camara:74696:54:PSDB:2011-02-09,FIL-001959
filiacoes,camara:74696:57:MDB:2023-02-01,FIL-001960
filiacoes,camara:74699:52:PT:2003-02-01,FIL-001961
filiacoes,camara:74700:52:PTB:2003-02-01,FIL-001962
filiacoes,camara:74701:53:PT:2007-02-01,FIL-001963
filiacoes,camara:74702:52:PL:2003-02-01,FIL-001964
filiacoes,camara:74702:52:PR:2007-01-25,FIL-001965
filiacoes,camara:74705:52:PSB:2003-02-01,FIL-001966
filiacoes,camara:74741:52:PFL:2003-02-01,FIL-001967
filiacoes,camara:74741:52:PL:2003-04-23,FIL-001968
filiacoes,camara:74741:52:PR:2007-01-25,FIL-001969
filiacoes,camara:74741:53:PR:2007-01-25,FIL-001970
filiacoes,camara:74742:52:PFL:2003-02-01,FIL-001971
filiacoes,camara:74742:53:PFL:2007-02-01,FIL-001972
filiacoes,camara:74742:53:DEM:2007-04-23,FIL-001973
filiacoes,camara:74742:54:DEM:2011-02-01,FIL-001974
filiacoes,camara:74744:52:PPB:2003-02-01,FIL-001975
filiacoes,camara:74744:52:PP:2003-06-02,FIL-001976
filiacoes,camara:74744:53:PP:2007-02-01,FIL-001977
filiacoes,camara:74744:54:PP:2011-02-01,FIL-001978
filiacoes,camara:74745:53:PMDB:2008-12-31,FIL-001979
filiacoes,camara:74745:54:PMDB:2012-11-05,FIL-001980
filiacoes,camara:74747:53:PSC:2007-02-01,FIL-001981
filiacoes,camara:74747:54:PSC:2011-02-01,FIL-001982
filiacoes,camara:74749:52:PMDB:2003-02-01,FIL-001983
filiacoes,camara:74749:53:PMDB:2007-02-01,FIL-001984
filiacoes,camara:74749:54:PMDB:2011-02-01,FIL-001985
filiacoes,camara:74749:55:PMDB:2015-02-01,FIL-001986
filiacoes,camara:74749:55:MDB:2018-05-21,FIL-001987
filiacoes,camara:74749:56:MDB:2019-02-01,FIL-001988
filiacoes,camara:74749:56:PP:2022-04-07,FIL-001989
filiacoes,camara:74750:54:PMDB:2011-02-01,FIL-001990
filiacoes,camara:74751:54:PT:2012-12-31,FIL-001991
filiacoes,camara:74751:55:PT:2015-02-06,FIL-001992
filiacoes,camara:74752:52:PPB:2003-02-01,FIL-001993
filiacoes,camara:74752:52:PP:2003-06-02,FIL-001994
filiacoes,camara:74752:55:PP:2015-02-01,FIL-001995
filiacoes,camara:74753:52:PSDB:2003-02-01,FIL-001996
filiacoes,camara:74753:52:PTB:2003-08-07,FIL-001997
filiacoes,camara:74753:52:PTB:2005-09-22,FIL-001998
filiacoes,camara:74754:52:PT:2003-02-01,FIL-001999
filiacoes,camara:74754:53:PT:2009-07-17,FIL-002000
filiacoes,camara:74756:52:PL:2003-02-01,FIL-002001
filiacoes,camara:74756:52:PTB:2003-02-27,FIL-002002
filiacoes,camara:74758:52:PFL:2003-02-01,FIL-002003
filiacoes,camara:74759:52:PPB:2003-02-03,FIL-002004
filiacoes,camara:74759:52:PP:2003-06-02,FIL-002005
filiacoes,camara:74762:52:PMDB:2003-02-01,FIL-002006
filiacoes,camara:74762:53:PMDB:2007-02-01,FIL-002007
filiacoes,camara:74762:54:PMDB:2011-02-01,FIL-002008
filiacoes,camara:74762:55:PMDB:2015-02-01,FIL-002009
filiacoes,camara:74762:55:MDB:2018-05-21,FIL-002010
filiacoes,camara:74763:52:PCDOB:2003-02-01,FIL-002011
filiacoes,camara:74763:52:PDT:2005-09-27,FIL-002012
filiacoes,camara:74765:52:PMDB:2003-02-01,FIL-002013
filiacoes,camara:74765:53:PMDB:2009-03-31,FIL-002014
filiacoes,camara:74765:54:PMDB:2013-03-16,FIL-002015
filiacoes,camara:74765:55:PMDB:2015-02-02,FIL-002016
filiacoes,camara:74765:55:MDB:2018-05-21,FIL-002017
filiacoes,camara:74768:52:PSDB:2003-02-01,FIL-002018
filiacoes,camara:74768:52:PV:2005-05-11,FIL-002019
filiacoes,camara:74771:52:PSDB:2003-02-01,FIL-002020
filiacoes,camara:74771:52:PP:2003-08-05,FIL-002021
filiacoes,camara:74776:52:PPB:2003-02-01,FIL-002022
filiacoes,camara:74776:52:PP:2003-06-02,FIL-002023
filiacoes,camara:74777:53:PMDB:2007-02-01,FIL-002024
filiacoes,camara:74777:53:PSDB:2009-10-27,FIL-002025
filiacoes,camara:74778:52:PFL:2003-02-01,FIL-002026
filiacoes,camara:74779:52:PDT:2003-01-29,FIL-002027
filiacoes,camara:74780:52:PT:2003-02-01,FIL-002028
filiacoes,camara:74780:53:PT:2011-01-05,FIL-002029
filiacoes,camara:74780:54:PT:2013-01-01,FIL-002030
filiacoes,camara:74781:52:PPS:2003-02-01,FIL-002031
filiacoes,camara:74781:52:PDT:2004-11-26,FIL-002032
filiacoes,camara:74781:53:PDT:2008-12-31,FIL-002033
filiacoes,camara:74782:52:PT:2003-02-01,FIL-002034
filiacoes,camara:74783:52:PSDB:2003-02-01,FIL-002035
filiacoes,camara:74783:53:PSDB:2007-02-01,FIL-002036
filiacoes,camara:74783:54:PSDB:2011-02-01,FIL-002037
filiacoes,camara:74784:52:PSB:2003-02-01,FIL-002038
filiacoes,camara:74784:53:PSB:2007-02-01,FIL-002039
filiacoes,camara:74784:54:PSB:2011-02-01,FIL-002040
filiacoes,camara:74784:55:PSB:2015-02-01,FIL-002041
filiacoes,camara:74784:55:PSOL:2016-03-15,FIL-002042
filiacoes,camara:74784:56:PSOL:2019-02-01,FIL-002043
filiacoes,camara:74784:57:PSOL:2023-02-01,FIL-002044
filiacoes,camara:74786:52:PL:2003-02-01,FIL-002045
filiacoes,camara:74786:52:PR:2007-01-25,FIL-002046
filiacoes,camara:74787:52:PL:2003-01-30,FIL-002047
filiacoes,camara:74787:52:PR:2007-01-25,FIL-002048
filiacoes,camara:74787:53:PR:2007-01-25,FIL-002049
filiacoes,camara:74787:54:PR:2011-02-01,FIL-002050
filiacoes,camara:74787:55:PR:2015-02-01,FIL-002051
filiacoes,camara:74790:52:PTB:2003-01-31,FIL-002052
filiacoes,camara:74791:52:PSDB:2003-02-04,FIL-002053
filiacoes,camara:74792:52:PT:2003-02-01,FIL-002054
filiacoes,camara:74793:52:PT:2003-02-01,FIL-002055
filiacoes,camara:74793:53:PT:2007-02-01,FIL-002056
filiacoes,camara:74793:54:PT:2011-02-01,FIL-002057
filiacoes,camara:74797:52:PSDB:2005-01-01,FIL-002058
filiacoes,camara:74799:52:PFL:2003-02-01,FIL-002059
filiacoes,camara:74799:53:DEM:2007-04-23,FIL-002060
filiacoes,camara:74800:52:PSDB:2004-07-06,FIL-002061
filiacoes,camara:74800:52:PSB:2004-07-09,FIL-002062
filiacoes,camara:74800:52:PP:2004-12-07,FIL-002063
filiacoes,camara:74800:52:PMDB:2005-02-14,FIL-002064
filiacoes,camara:74800:52:PP:2005-02-14,FIL-002065
filiacoes,camara:74801:52:PSDB:2003-02-01,FIL-002066
filiacoes,camara:74802:53:PT:2007-02-01,FIL-002067
filiacoes,camara:74802:54:PT:2011-02-01,FIL-002068
filiacoes,camara:74806:52:PMDB:2003-02-01,FIL-002069
filiacoes,camara:74806:53:PMDB:2007-02-01,FIL-002070
filiacoes,camara:74806:56:MDB:2020-05-21,FIL-002071
filiacoes,camara:74810:52:PMDB:2003-02-01,FIL-002072
filiacoes,camara:74810:53:PMDB:2007-02-01,FIL-002073
filiacoes,camara:74812:52:PMDB:2003-02-01,FIL-002074
filiacoes,camara:74812:53:PMDB:2007-02-01,FIL-002075
filiacoes,camara:74812:54:PMDB:2011-02-01,FIL-002076
filiacoes,camara:74812:55:PMDB:2015-02-01,FIL-002077
filiacoes,camara:74812:55:MDB:2018-05-21,FIL-002078
filiacoes,camara:74813:52:PFL:2003-02-01,FIL-002079
filiacoes,camara:74813:53:PFL:2007-02-01,FIL-002080
filiacoes,camara:74813:53:DEM:2007-04-23,FIL-002081
filiacoes,camara:74813:54:DEM:2011-02-01,FIL-002082
filiacoes,camara:74828:52:PFL:2005-01-01,FIL-002083
filiacoes,camara:74829:52:PSB:2003-02-01,FIL-002084
filiacoes,camara:74829:53:PSB:2007-02-01,FIL-002085
filiacoes,camara:74829:54:PSB:2011-02-01,FIL-002086
filiacoes,camara:74830:52:PSDB:2003-02-01,FIL-002087
filiacoes,camara:74830:52:PP:2003-08-05,FIL-002088
filiacoes,camara:74830:52:PMDB:2005-02-02,FIL-002089
filiacoes,camara:74830:53:PMDB:2007-02-01,FIL-002090
filiacoes,camara:74830:54:PMDB:2011-02-01,FIL-002091
filiacoes,camara:74833:52:PFL:2003-02-01,FIL-002092
filiacoes,camara:74833:53:PFL:2007-02-01,FIL-002093
filiacoes,camara:74833:53:DEM:2007-04-23,FIL-002094
filiacoes,camara:74833:54:DEM:2011-02-01,FIL-002095
filiacoes,camara:74833:54:PSD:2011-10-26,FIL-002096
filiacoes,camara:74833:55:PSD:2015-02-01,FIL-002097
filiacoes,camara:74833:55:PSC:2016-03-22,FIL-002098
filiacoes,camara:74833:55:PSD:2018-03-26,FIL-002099
filiacoes,camara:74835:52:PT:2003-02-01,FIL-002100
filiacoes,camara:74835:53:PT:2007-02-01,FIL-002101
filiacoes,camara:74838:52:PSB:2003-02-01,FIL-002102
filiacoes,camara:74838:52:PMDB:2003-08-25,FIL-002103
filiacoes,camara:74838:53:PMDB:2007-02-01,FIL-002104
filiacoes,camara:74838:54:PMDB:2011-02-01,FIL-002105
filiacoes,camara:74841:52:PT:2003-02-01,FIL-002106
filiacoes,camara:74841:52:PV:2005-02-01,FIL-002107
filiacoes,camara:74841:53:PV:2007-02-01,FIL-002108
filiacoes,camara:74842:52:PTB:2003-02-03,FIL-002109
filiacoes,camara:74842:53:PTB:2009-12-03,FIL-002110
filiacoes,camara:74843:52:PSB:2003-02-01,FIL-002111
filiacoes,camara:74843:52:PMDB:2003-09-08,FIL-002112
filiacoes,camara:74843:53:PMDB:2007-02-01,FIL-002113
filiacoes,camara:74843:54:PMDB:2013-01-03,FIL-002114
filiacoes,camara:74844:52:PPB:2003-02-01,FIL-002115
filiacoes,camara:74844:52:PP:2003-06-02,FIL-002116
filiacoes,camara:74846:52:PSDB:2003-02-18,FIL-002117
filiacoes,camara:74847:52:PTB:2003-01-09,FIL-002118
filiacoes,camara:74847:52:PFL:2005-01-27,FIL-002119
filiacoes,camara:74847:52:PP:2005-04-28,FIL-002120
filiacoes,camara:74847:53:PP:2007-02-01,FIL-002121
filiacoes,camara:74847:54:PP:2011-02-01,FIL-002122
filiacoes,camara:74847:55:PP:2015-02-01,FIL-002123
filiacoes,camara:74847:55:PSC:2016-03-09,FIL-002124
filiacoes,camara:74847:55:PSL:2018-03-27,FIL-002125
filiacoes,camara:74848:52:PCDOB:2003-02-01,FIL-002126
filiacoes,camara:74848:54:PCDOB:2011-02-01,FIL-002127
filiacoes,camara:74848:55:PCDOB:2015-02-01,FIL-002128
filiacoes,camara:74848:56:PCDOB:2019-02-01,FIL-002129
filiacoes,camara:74848:57:PCDOB:2023-02-01,FIL-002130
filiacoes,camara:74856:52:PFL:2003-02-01,FIL-002131
filiacoes,camara:74856:54:PTB:2014-04-15,FIL-002132
filiacoes,camara:74856:55:PTB:2015-02-12,FIL-002133
filiacoes,camara:74856:55:PMDB:2015-10-27,FIL-002134
filiacoes,camara:74856:55:DEM:2018-03-09,FIL-002135
filiacoes,camara:74856:56:DEM:2021-06-17,FIL-002136
filiacoes,camara:74856:56:UNIÃO:2022-02-23,FIL-002137
filiacoes,camara:74856:57:PSD:2023-02-01,FIL-002138
filiacoes,camara:74858:52:PT:2003-02-01,FIL-002139
filiacoes,camara:74858:57:PT:2023-02-01,FIL-002140
filiacoes,camara:74860:52:PSDB:2005-05-05,FIL-002141
filiacoes,camara:74862:52:PDT:2003-02-01,FIL-002142
filiacoes,camara:74862:52:PPS:2004-04-13,FIL-002143
filiacoes,camara:74862:52:PT:2005-02-14,FIL-002144
filiacoes,camara:74862:52:PDT:2005-09-28,FIL-002145
filiacoes,camara:74862:53:PDT:2007-02-01,FIL-002146
filiacoes,camara:74862:54:PDT:2011-02-01,FIL-002147
filiacoes,camara:74862:54:PROS:2013-10-08,FIL-002148
filiacoes,camara:74862:55:PROS:2015-02-01,FIL-002149
filiacoes,camara:74862:55:REDE:2015-09-23,FIL-002150
filiacoes,camara:74863:52:PMDB:2003-02-01,FIL-002151
filiacoes,camara:75431:54:PTB:2011-02-07,FIL-002152
filiacoes,camara:75431:56:PTB:2019-02-01,FIL-002153
filiacoes,camara:75431:56:PODE:2022-04-04,FIL-002154
filiacoes,camara:76287:54:PDT:2011-02-01,FIL-002155
filiacoes,camara:76287:55:PDT:2015-02-01,FIL-002156
filiacoes,camara:76287:55:PHS:2016-03-10,FIL-002157
filiacoes,camara:76287:55:PSD:2018-04-02,FIL-002158
filiacoes,camara:76420:54:PSDB:2011-02-01,FIL-002159
filiacoes,camara:76874:56:PSOL:2019-02-01,FIL-002160
filiacoes,camara:76874:56:PSB:2021-06-29,FIL-002161
filiacoes,camara:77003:57:PODE:2023-02-01,FIL-002162
filiacoes,camara:77701:52:PMN:2003-02-01,FIL-002163
filiacoes,camara:77701:52:PTB:2003-04-25,FIL-002164
filiacoes,camara:77701:53:PTB:2007-02-01,FIL-002165
filiacoes,camara:77701:53:PMDB:2007-05-02,FIL-002166
filiacoes,camara:80815:57:PDT:2023-02-01,FIL-002167
filiacoes,camara:80815:57:REPUBLICANOS:2026-04-29,FIL-002168
filiacoes,camara:80920:54:PV:2011-02-01,FIL-002169
filiacoes,camara:80920:55:PV:2015-05-21,FIL-002170
filiacoes,camara:81055:56:PCDOB:2019-02-01,FIL-002171
filiacoes,camara:81055:57:PCDOB:2023-02-01,FIL-002172
filiacoes,camara:81232:54:DEM:2011-02-01,FIL-002173
filiacoes,camara:81232:54:PSD:2011-10-26,FIL-002174
filiacoes,camara:81232:55:PSD:2015-02-01,FIL-002175
filiacoes,camara:81297:56:PSL:2019-02-01,FIL-002176
filiacoes,camara:81297:56:UNIÃO:2022-02-23,FIL-002177
filiacoes,camara:81297:56:PTB:2022-04-05,FIL-002178
filiacoes,camara:81366:55:PSB:2016-12-11,FIL-002179
filiacoes,camara:81366:55:PSC:2018-04-10,FIL-002180
filiacoes,camara:81512:53:PR:2007-01-25,FIL-002181
filiacoes,camara:86634:53:PCDOB:2011-01-06,FIL-002182
filiacoes,camara:88256:57:PV:2023-02-01,FIL-002183
filiacoes,camara:88950:54:DEM:2011-02-01,FIL-002184
filiacoes,camara:88950:55:DEM:2015-02-01,FIL-002185
filiacoes,camara:89282:54:PDT:2011-02-01,FIL-002186
filiacoes,camara:89536:57:REPUBLICANOS:2023-02-01,FIL-002187
filiacoes,camara:90201:56:PTB:2018-12-12,FIL-002188
filiacoes,camara:90201:56:PDT:2022-04-07,FIL-002189
filiacoes,camara:90842:56:PTB:2019-02-12,FIL-002190
filiacoes,camara:91208:55:PT:2017-01-23,FIL-002191
filiacoes,camara:91228:57:AVANTE:2023-02-01,FIL-002192
filiacoes,camara:92102:56:DEM:2019-02-01,FIL-002193
filiacoes,camara:92102:56:UNIÃO:2022-02-23,FIL-002194
filiacoes,camara:92102:57:UNIÃO:2023-02-01,FIL-002195
filiacoes,camara:92172:56:PSB:2021-01-01,FIL-002196
filiacoes,camara:92346:55:PSC:2015-02-01,FIL-002197
filiacoes,camara:92346:55:PSL:2018-03-27,FIL-002198
filiacoes,camara:92346:56:PSL:2019-02-01,FIL-002199
filiacoes,camara:92346:56:UNIÃO:2022-02-23,FIL-002200
filiacoes,camara:92346:56:PL:2022-03-22,FIL-002201
filiacoes,camara:92346:57:PL:2023-02-01,FIL-002202
filiacoes,camara:92355:54:PRB:2011-02-01,FIL-002203
filiacoes,camara:92355:55:PRB:2018-05-28,FIL-002204
filiacoes,camara:92699:55:PP:2015-02-04,FIL-002205
filiacoes,camara:92699:56:PP:2019-02-01,FIL-002206
filiacoes,camara:92699:57:PP:2023-02-01,FIL-002207
filiacoes,camara:92699:57:REPUBLICANOS:2025-03-26,FIL-002208
filiacoes,camara:92699:57:PSD:2025-12-01,FIL-002209
filiacoes,camara:92776:54:PSC:2011-02-24,FIL-002210
filiacoes,camara:92776:54:PSB:2013-10-09,FIL-002211
filiacoes,camara:92776:55:PSB:2015-02-01,FIL-002212
filiacoes,camara:92776:55:PSD:2016-03-17,FIL-002213
filiacoes,camara:92776:56:PSD:2019-02-01,FIL-002214
filiacoes,camara:92776:57:PSD:2023-02-01,FIL-002215
filiacoes,camara:93083:55:PP:2015-02-01,FIL-002216
filiacoes,camara:93083:56:PP:2019-02-01,FIL-002217
filiacoes,camara:93472:53:PTB:2009-11-30,FIL-002218
filiacoes,camara:93472:55:PTB:2015-02-01,FIL-002219
filiacoes,camara:94931:54:PMDB:2011-02-01,FIL-002220
filiacoes,camara:94931:55:PMDB:2015-02-01,FIL-002221
filiacoes,camara:94931:55:MDB:2018-05-21,FIL-002222
filiacoes,camara:97707:55:PSB:2015-02-01,FIL-002223
filiacoes,camara:97707:55:DEM:2018-03-08,FIL-002224
filiacoes,camara:97822:54:PMN:2011-02-01,FIL-002225
filiacoes,camara:98057:56:PRB:2019-02-01,FIL-002226
filiacoes,camara:98057:56:REPUBLICANOS:2019-08-16,FIL-002227
filiacoes,camara:98057:57:REPUBLICANOS:2023-02-01,FIL-002228
filiacoes,camara:98057:57:PL:2026-04-07,FIL-002229
filiacoes,camara:98148:57:MDB:2023-02-01,FIL-002230
filiacoes,camara:98615:57:PSD:2023-02-01,FIL-002231
filiacoes,camara:98615:57:PL:2026-04-07,FIL-002232
filiacoes,camara:99654:53:PSC:2009-10-01,FIL-002233
filiacoes,camara:99654:54:PSC:2011-02-01,FIL-002234
filiacoes,camara:99654:55:PSC:2015-02-01,FIL-002235
filiacoes,camara:99654:55:PEN:2016-03-22,FIL-002236
filiacoes,camara:99654:55:PATRI:2018-05-23,FIL-002237
filiacoes,camara:100689:57:REPUBLICANOS:2023-02-01,FIL-002238
filiacoes,camara:101309:55:PCDOB:2015-02-04,FIL-002239
filiacoes,camara:103758:57:PSD:2023-02-01,FIL-002240
filiacoes,camara:104254:54:PT:2011-02-01,FIL-002241
filiacoes,camara:104552:57:PP:2023-02-01,FIL-002242
filiacoes,camara:105112:55:PMDB:2015-02-01,FIL-002243
filiacoes,camara:105112:55:MDB:2018-05-21,FIL-002244
filiacoes,camara:105534:56:MDB:2022-07-05,FIL-002245
filiacoes,camara:105534:56:PSD:2022-07-06,FIL-002246
filiacoes,camara:107283:56:PT:2019-02-01,FIL-002247
filiacoes,camara:107283:57:PT:2023-02-01,FIL-002248
filiacoes,camara:107970:57:PP:2023-02-01,FIL-002249
filiacoes,camara:108338:56:PP:2019-02-01,FIL-002250
filiacoes,camara:109152:54:PR:2011-02-01,FIL-002251
filiacoes,camara:109372:54:PT:2012-03-14,FIL-002252
filiacoes,camara:109429:56:PTC:2019-02-01,FIL-002253
filiacoes,camara:109429:56:PRB:2019-02-27,FIL-002254
filiacoes,camara:109429:56:REPUBLICANOS:2019-08-16,FIL-002255
filiacoes,camara:109429:56:UNIÃO:2022-04-06,FIL-002256
filiacoes,camara:109429:57:UNIÃO:2023-02-01,FIL-002257
filiacoes,camara:112437:55:PMDB:2015-02-01,FIL-002258
filiacoes,camara:112437:55:MDB:2018-05-21,FIL-002259
filiacoes,camara:112437:56:MDB:2019-02-01,FIL-002260
filiacoes,camara:113247:55:PT:2015-02-01,FIL-002261
filiacoes,camara:114586:54:PTDOB:2011-02-01,FIL-002262
filiacoes,camara:114941:55:PMDB:2015-02-01,FIL-002263
filiacoes,camara:114941:55:PROS:2018-04-02,FIL-002264
filiacoes,camara:115200:57:REPUBLICANOS:2023-02-01,FIL-002265
filiacoes,camara:115746:56:PHS:2019-02-01,FIL-002266
filiacoes,camara:115746:56:PR:2019-02-25,FIL-002267
filiacoes,camara:115746:56:PL:2019-05-22,FIL-002268
filiacoes,camara:115899:53:PR:2007-01-25,FIL-002269
filiacoes,camara:116379:56:PSD:2019-02-01,FIL-002270
filiacoes,camara:116379:57:PSD:2023-02-01,FIL-002271
filiacoes,camara:116663:54:PV:2011-02-01,FIL-002272
filiacoes,camara:116663:54:PSB:2013-10-08,FIL-002273
filiacoes,camara:118384:54:PMN:2011-02-03,FIL-002274
filiacoes,camara:118594:55:PRB:2015-02-01,FIL-002275
filiacoes,camara:118594:56:PRB:2021-12-15,FIL-002276
filiacoes,camara:118594:56:REPUBLICANOS:2021-12-15,FIL-002277
filiacoes,camara:121759:54:PMDB:2011-02-01,FIL-002278
filiacoes,camara:121948:56:PP:2019-01-30,FIL-002279
filiacoes,camara:121948:57:PP:2023-02-01,FIL-002280
filiacoes,camara:122158:54:PMDB:2011-02-01,FIL-002281
filiacoes,camara:122158:55:PMDB:2015-02-01,FIL-002282
filiacoes,camara:122158:55:DEM:2018-04-11,FIL-002283
filiacoes,camara:122158:56:DEM:2019-02-01,FIL-002284
filiacoes,camara:122158:56:UNIÃO:2022-02-23,FIL-002285
filiacoes,camara:122158:56:PSD:2022-03-31,FIL-002286
filiacoes,camara:122158:57:PSD:2023-02-01,FIL-002287
filiacoes,camara:122195:54:PSC:2011-12-20,FIL-002288
filiacoes,camara:122195:56:PSC:2021-03-30,FIL-002289
filiacoes,camara:122195:57:PSC:2023-02-01,FIL-002290
filiacoes,camara:122195:57:PODE:2024-06-18,FIL-002291
filiacoes,camara:122466:55:PRB:2015-02-01,FIL-002292
filiacoes,camara:122466:56:REPUBLICANOS:2019-08-16,FIL-002293
filiacoes,camara:122974:56:PTB:2019-02-01,FIL-002294
filiacoes,camara:122974:56:UNIÃO:2022-04-06,FIL-002295
filiacoes,camara:122974:57:UNIÃO:2023-02-01,FIL-002296
filiacoes,camara:123086:57:PP:2023-02-01,FIL-002297
filiacoes,camara:123756:54:PSC:2011-02-01,FIL-002298
filiacoes,camara:123756:56:PR:2022-07-14,FIL-002299
filiacoes,camara:123756:56:PL:2022-07-14,FIL-002300
filiacoes,camara:123756:56:REPUBLICANOS:2022-07-19,FIL-002301
filiacoes,camara:123756:57:REPUBLICANOS:2023-02-01,FIL-002302
filiacoes,camara:123756:57:MDB:2026-04-10,FIL-002303
filiacoes,camara:124411:55:PMDB:2015-02-12,FIL-002304
filiacoes,camara:124411:55:MDB:2018-05-21,FIL-002305
filiacoes,camara:128760:54:PMDB:2012-06-05,FIL-002306
filiacoes,camara:128760:56:PP:2020-02-11,FIL-002307
filiacoes,camara:128760:56:PL:2020-02-13,FIL-002308
filiacoes,camara:128760:57:PL:2023-02-01,FIL-002309
filiacoes,camara:129037:54:PT:2011-02-01,FIL-002310
filiacoes,camara:129037:55:PT:2015-02-01,FIL-002311
filiacoes,camara:129617:52:PL:2004-06-17,FIL-002312
filiacoes,camara:129617:52:PR:2007-01-25,FIL-002313
filiacoes,camara:129618:52:PFL:2004-01-23,FIL-002314
filiacoes,camara:129618:52:PL:2004-06-23,FIL-002315
filiacoes,camara:129618:52:PMDB:2005-02-15,FIL-002316
filiacoes,camara:129618:52:PMDB:2005-02-28,FIL-002317
filiacoes,camara:129618:52:PL:2005-04-15,FIL-002318
filiacoes,camara:129618:52:PR:2007-01-25,FIL-002319
filiacoes,camara:129618:53:PR:2007-01-25,FIL-002320
filiacoes,camara:129618:54:PR:2011-02-01,FIL-002321
filiacoes,camara:129618:55:PR:2015-02-01,FIL-002322
filiacoes,camara:129618:56:PR:2020-12-21,FIL-002323
filiacoes,camara:129618:56:PL:2020-12-21,FIL-002324
filiacoes,camara:129618:57:PL:2023-02-01,FIL-002325
filiacoes,camara:129618:57:MDB:2026-01-22,FIL-002326
filiacoes,camara:131711:53:PSB:2011-01-18,FIL-002327
filiacoes,camara:131873:53:PT:2007-02-01,FIL-002328
filiacoes,camara:131943:55:PMDB:2015-02-01,FIL-002329
filiacoes,camara:131943:55:MDB:2018-05-21,FIL-002330
filiacoes,camara:131966:55:PMDB:2015-02-12,FIL-002331
filiacoes,camara:131966:55:MDB:2018-05-21,FIL-002332
filiacoes,camara:132056:53:PP:2007-02-01,FIL-002333
filiacoes,camara:132056:54:PP:2011-02-01,FIL-002334
filiacoes,camara:132056:55:PP:2015-02-01,FIL-002335
filiacoes,camara:132504:55:PT:2015-02-01,FIL-002336
filiacoes,camara:132504:56:PT:2019-02-01,FIL-002337
filiacoes,camara:132504:57:PT:2023-02-01,FIL-002338
filiacoes,camara:133370:52:PSDB:2005-01-01,FIL-002339
filiacoes,camara:133371:52:PSDB:2005-01-01,FIL-002340
filiacoes,camara:133372:52:PMDB:2004-12-31,FIL-002341
filiacoes,camara:133372:53:PMDB:2007-02-01,FIL-002342
filiacoes,camara:133372:54:PMDB:2011-02-01,FIL-002343
filiacoes,camara:133373:52:PT:2004-12-31,FIL-002344
filiacoes,camara:133373:53:PT:2007-02-01,FIL-002345
filiacoes,camara:133373:54:PT:2011-02-01,FIL-002346
filiacoes,camara:133373:55:PT:2015-02-01,FIL-002347
filiacoes,camara:133373:56:PT:2023-01-01,FIL-002348
filiacoes,camara:133374:52:PPS:2005-01-03,FIL-002349
filiacoes,camara:133374:52:PL:2005-02-15,FIL-002350
filiacoes,camara:133374:52:PDT:2005-10-04,FIL-002351
filiacoes,camara:133374:53:PDT:2007-02-01,FIL-002352
filiacoes,camara:133374:54:PDT:2011-02-01,FIL-002353
filiacoes,camara:133374:54:PSD:2011-10-26,FIL-002354
filiacoes,camara:133374:54:PROS:2013-10-02,FIL-002355
filiacoes,camara:133374:55:PROS:2015-02-02,FIL-002356
filiacoes,camara:133374:55:PTN:2016-03-09,FIL-002357
filiacoes,camara:133374:55:PODE:2017-05-19,FIL-002358
filiacoes,camara:133374:55:PMDB:2018-04-11,FIL-002359
filiacoes,camara:133374:55:MDB:2018-05-21,FIL-002360
filiacoes,camara:133375:52:PSB:2005-01-01,FIL-002361
filiacoes,camara:133375:52:PL:2005-02-14,FIL-002362
filiacoes,camara:133375:52:PSB:2005-09-20,FIL-002363
filiacoes,camara:133375:53:PSB:2011-01-01,FIL-002364
filiacoes,camara:133376:52:PDT:2004-12-31,FIL-002365
filiacoes,camara:133376:52:PTB:2005-01-12,FIL-002366
filiacoes,camara:133376:52:PMDB:2005-02-11,FIL-002367
filiacoes,camara:133377:52:PT:2004-12-21,FIL-002368
filiacoes,camara:133377:52:PDT:2005-09-15,FIL-002369
filiacoes,camara:133439:52:PDT:2005-01-01,FIL-002370
filiacoes,camara:133439:54:PDT:2011-02-01,FIL-002371
filiacoes,camara:133439:55:PDT:2015-02-01,FIL-002372
filiacoes,camara:133439:56:PDT:2019-02-01,FIL-002373
filiacoes,camara:133439:57:PDT:2023-02-01,FIL-002374
filiacoes,camara:133440:52:PSDB:2005-01-06,FIL-002375
filiacoes,camara:133440:52:PL:2005-05-25,FIL-002376
filiacoes,camara:133440:52:PSDB:2006-01-30,FIL-002377
filiacoes,camara:133658:52:PSDB:2005-01-21,FIL-002378
filiacoes,camara:133810:56:PTB:2019-02-01,FIL-002379
filiacoes,camara:133810:56:PL:2022-03-24,FIL-002380
filiacoes,camara:133810:57:PL:2023-02-01,FIL-002381
filiacoes,camara:133853:53:PMDB:2007-02-01,FIL-002382
filiacoes,camara:133968:56:PDT:2019-02-01,FIL-002383
filiacoes,camara:134115:52:PT:2005-02-10,FIL-002384
filiacoes,camara:134116:52:PMDB:2005-02-15,FIL-002385
filiacoes,camara:134812:55:PSOL:2015-02-01,FIL-002386
filiacoes,camara:134812:56:PSOL:2019-02-01,FIL-002387
filiacoes,camara:134893:52:PT:2005-03-22,FIL-002388
filiacoes,camara:135054:56:PR:2019-02-01,FIL-002389
filiacoes,camara:135054:56:PL:2019-05-22,FIL-002390
filiacoes,camara:135054:56:PP:2022-02-25,FIL-002391
filiacoes,camara:135476:52:PSDB:2005-05-02,FIL-002392
filiacoes,camara:135476:52:PSC:2005-08-18,FIL-002393
filiacoes,camara:136226:52:PMDB:2005-07-08,FIL-002394
filiacoes,camara:136377:52:PL:2005-08-01,FIL-002395
filiacoes,camara:136377:52:PPS:2005-10-19,FIL-002396
filiacoes,camara:136811:52:PP:2003-06-02,FIL-002397
filiacoes,camara:136811:53:PP:2007-02-01,FIL-002398
filiacoes,camara:136811:54:PP:2011-02-01,FIL-002399
filiacoes,camara:136811:55:PP:2015-02-01,FIL-002400
filiacoes,camara:136811:56:PP:2019-02-01,FIL-002401
filiacoes,camara:136811:57:PP:2023-02-01,FIL-002402
filiacoes,camara:137070:55:PSB:2015-02-01,FIL-002403
filiacoes,camara:137070:55:PR:2016-02-23,FIL-002404
filiacoes,camara:137070:56:PR:2019-02-01,FIL-002405
filiacoes,camara:137070:56:PL:2019-05-22,FIL-002406
filiacoes,camara:137070:56:PP:2022-03-23,FIL-002407
filiacoes,camara:137070:57:PP:2023-02-01,FIL-002408
filiacoes,camara:137070:57:PSDB:2026-03-06,FIL-002409
filiacoes,camara:137116:52:PMDB:2005-11-24,FIL-002410
filiacoes,camara:137578:52:PPS:2006-02-06,FIL-002411
filiacoes,camara:137578:52:PMDB:2006-02-08,FIL-002412
filiacoes,camara:137759:52:PMDB:2006-03-06,FIL-002413
filiacoes,camara:137853:54:PCDOB:2015-01-02,FIL-002414
filiacoes,camara:137853:55:PCDOB:2015-02-03,FIL-002415
filiacoes,camara:137983:52:PMDB:2006-04-03,FIL-002416
filiacoes,camara:137983:54:PMDB:2011-04-05,FIL-002417
filiacoes,camara:138286:57:PSD:2023-02-01,FIL-002418
filiacoes,camara:138512:52:PDT:2006-05-02,FIL-002419
filiacoes,camara:138512:52:PPS:2006-05-04,FIL-002420
filiacoes,camara:139133:53:PFL:2007-02-01,FIL-002421
filiacoes,camara:139133:53:DEM:2007-04-23,FIL-002422
filiacoes,camara:139187:53:PCDOB:2007-02-01,FIL-002423
filiacoes,camara:139212:53:PMDB:2007-02-01,FIL-002424
filiacoes,camara:139285:53:PSB:2007-02-01,FIL-002425
filiacoes,camara:139285:56:PSB:2019-02-01,FIL-002426
filiacoes,camara:139285:57:PSB:2023-02-01,FIL-002427
filiacoes,camara:139311:53:PMDB:2007-02-01,FIL-002428
filiacoes,camara:139311:54:PMDB:2013-01-01,FIL-002429
filiacoes,camara:140241:52:PSDB:2006-08-30,FIL-002430
filiacoes,camara:141057:52:PSDB:2006-12-19,FIL-002431
filiacoes,camara:141057:53:PSDB:2007-02-05,FIL-002432
filiacoes,camara:141331:52:PSB:2005-07-21,FIL-002433
filiacoes,camara:141334:52:PSB:2006-01-03,FIL-002434
filiacoes,camara:141335:52:PT:2007-01-01,FIL-002435
filiacoes,camara:141335:53:PT:2007-02-01,FIL-002436
filiacoes,camara:141335:54:PT:2011-02-01,FIL-002437
filiacoes,camara:141335:55:PT:2015-02-01,FIL-002438
filiacoes,camara:141335:56:PT:2019-02-01,FIL-002439
filiacoes,camara:141336:52:PSDB:2007-01-02,FIL-002440
filiacoes,camara:141336:52:PTB:2007-01-29,FIL-002441
filiacoes,camara:141336:53:PTB:2009-04-11,FIL-002442
filiacoes,camara:141337:52:PSDB:2007-01-05,FIL-002443
filiacoes,camara:141344:52:PSDB:2007-01-08,FIL-002444
filiacoes,camara:141344:53:PSDB:2007-02-01,FIL-002445
filiacoes,camara:141371:53:PR:2007-01-25,FIL-002446
filiacoes,camara:141371:54:PR:2011-02-01,FIL-002447
filiacoes,camara:141372:53:PR:2007-01-25,FIL-002448
filiacoes,camara:141372:54:PR:2011-02-01,FIL-002449
filiacoes,camara:141372:55:PR:2015-02-01,FIL-002450
filiacoes,camara:141372:56:PR:2021-01-01,FIL-002451
filiacoes,camara:141372:56:PL:2021-01-01,FIL-002452
filiacoes,camara:141372:56:PP:2022-03-31,FIL-002453
filiacoes,camara:141373:53:PSDB:2007-02-01,FIL-002454
filiacoes,camara:141374:52:PR:2005-01-01,FIL-002455
filiacoes,camara:141374:53:PPS:2007-02-01,FIL-002456
filiacoes,camara:141374:54:PPS:2011-02-01,FIL-002457
filiacoes,camara:141374:54:PSD:2011-10-26,FIL-002458
filiacoes,camara:141375:53:PP:2007-02-01,FIL-002459
filiacoes,camara:141375:54:PP:2011-02-01,FIL-002460
filiacoes,camara:141376:53:PMDB:2007-02-01,FIL-002461
filiacoes,camara:141377:53:PSB:2007-02-01,FIL-002462
filiacoes,camara:141377:54:PSB:2011-02-01,FIL-002463
filiacoes,camara:141378:53:PT:2007-02-01,FIL-002464
filiacoes,camara:141378:54:PT:2011-02-01,FIL-002465
filiacoes,camara:141379:53:PSDB:2007-02-01,FIL-002466
filiacoes,camara:141379:54:PSDB:2011-02-01,FIL-002467
filiacoes,camara:141379:55:PSDB:2019-01-03,FIL-002468
filiacoes,camara:141379:56:PSD:2023-01-05,FIL-002469
filiacoes,camara:141380:53:PTC:2007-02-01,FIL-002470
filiacoes,camara:141380:53:PT:2007-03-14,FIL-002471
filiacoes,camara:141381:53:PT:2007-02-01,FIL-002472
filiacoes,camara:141381:54:PT:2011-02-01,FIL-002473
filiacoes,camara:141382:53:PFL:2007-02-01,FIL-002474
filiacoes,camara:141382:53:PR:2007-03-05,FIL-002475
filiacoes,camara:141383:53:PMDB:2007-02-01,FIL-002476
filiacoes,camara:141383:53:PRB:2009-11-03,FIL-002477
filiacoes,camara:141383:54:PRB:2011-02-01,FIL-002478
filiacoes,camara:141383:55:PRB:2015-02-01,FIL-002479
filiacoes,camara:141384:53:PSB:2007-02-01,FIL-002480
filiacoes,camara:141384:54:PSB:2011-02-01,FIL-002481
filiacoes,camara:141384:55:PSB:2015-02-01,FIL-002482
filiacoes,camara:141385:53:PSDB:2007-02-01,FIL-002483
filiacoes,camara:141385:54:PSDB:2011-02-01,FIL-002484
filiacoes,camara:141385:55:PSDB:2015-02-01,FIL-002485
filiacoes,camara:141386:53:PT:2007-02-01,FIL-002486
filiacoes,camara:141386:54:PT:2011-02-01,FIL-002487
filiacoes,camara:141387:53:PMDB:2007-02-01,FIL-002488
filiacoes,camara:141387:54:PMDB:2011-02-01,FIL-002489
filiacoes,camara:141388:53:PT:2007-02-01,FIL-002490
filiacoes,camara:141389:53:PFL:2007-02-01,FIL-002491
filiacoes,camara:141389:53:DEM:2007-04-23,FIL-002492
filiacoes,camara:141389:55:PSD:2015-02-01,FIL-002493
filiacoes,camara:141390:53:PV:2007-02-01,FIL-002494
filiacoes,camara:141390:54:PV:2011-02-01,FIL-002495
filiacoes,camara:141391:53:PPS:2007-02-01,FIL-002496
filiacoes,camara:141391:54:PPS:2011-02-01,FIL-002497
filiacoes,camara:141391:55:PPS:2015-02-01,FIL-002498
filiacoes,camara:141391:56:PPS:2019-02-01,FIL-002499
filiacoes,camara:141391:56:CIDADANIA:2019-04-05,FIL-002500
filiacoes,camara:141391:57:CIDADANIA:2023-02-01,FIL-002501
filiacoes,camara:141392:53:PDT:2007-02-01,FIL-002502
filiacoes,camara:141393:53:PSDB:2007-02-01,FIL-002503
filiacoes,camara:141393:54:PSDB:2015-01-02,FIL-002504
filiacoes,camara:141394:53:PSDB:2007-02-01,FIL-002505
filiacoes,camara:141394:54:PSDB:2011-02-01,FIL-002506
filiacoes,camara:141394:55:PSDB:2015-02-01,FIL-002507
filiacoes,camara:141395:53:PMDB:2007-02-01,FIL-002508
filiacoes,camara:141395:54:PMDB:2011-02-02,FIL-002509
filiacoes,camara:141396:53:PT:2007-02-01,FIL-002510
filiacoes,camara:141396:54:PT:2011-02-01,FIL-002511
filiacoes,camara:141397:53:PMDB:2007-02-01,FIL-002512
filiacoes,camara:141397:53:PSC:2009-10-01,FIL-002513
filiacoes,camara:141398:53:PT:2007-02-01,FIL-002514
filiacoes,camara:141398:54:PT:2011-02-01,FIL-002515
filiacoes,camara:141398:55:PT:2015-02-01,FIL-002516
filiacoes,camara:141398:56:PT:2019-02-01,FIL-002517
filiacoes,camara:141398:57:PT:2023-02-01,FIL-002518
filiacoes,camara:141399:53:PDT:2007-02-01,FIL-002519
filiacoes,camara:141399:54:PDT:2011-03-23,FIL-002520
filiacoes,camara:141400:53:PDT:2007-02-01,FIL-002521
filiacoes,camara:141400:54:PDT:2011-02-01,FIL-002522
filiacoes,camara:141401:53:PMDB:2007-02-01,FIL-002523
filiacoes,camara:141401:54:PMDB:2011-02-01,FIL-002524
filiacoes,camara:141401:55:PMDB:2015-02-01,FIL-002525
filiacoes,camara:141401:55:MDB:2018-05-21,FIL-002526
filiacoes,camara:141401:56:MDB:2019-02-01,FIL-002527
filiacoes,camara:141401:57:MDB:2023-02-01,FIL-002528
filiacoes,camara:141402:53:PSDB:2007-02-01,FIL-002529
filiacoes,camara:141402:54:PSDB:2011-02-01,FIL-002530
filiacoes,camara:141403:53:PPS:2007-02-01,FIL-002531
filiacoes,camara:141403:53:PSC:2007-02-13,FIL-002532
filiacoes,camara:141403:54:PSC:2011-02-01,FIL-002533
filiacoes,camara:141404:53:PFL:2007-02-01,FIL-002534
filiacoes,camara:141404:53:DEM:2007-04-23,FIL-002535
filiacoes,camara:141405:53:PMDB:2007-02-01,FIL-002536
filiacoes,camara:141405:54:PMDB:2011-02-01,FIL-002537
filiacoes,camara:141405:55:PMDB:2015-02-01,FIL-002538
filiacoes,camara:141405:55:MDB:2018-05-21,FIL-002539
filiacoes,camara:141405:56:MDB:2019-02-01,FIL-002540
filiacoes,camara:141406:53:PSB:2007-02-01,FIL-002541
filiacoes,camara:141407:53:PV:2007-02-01,FIL-002542
filiacoes,camara:141408:53:PAN:2007-02-01,FIL-002543
filiacoes,camara:141408:53:PTB:2007-03-29,FIL-002544
filiacoes,camara:141408:53:PAN:2007-04-10,FIL-002545
filiacoes,camara:141408:53:PTB:2007-06-11,FIL-002546
filiacoes,camara:141408:53:PRB:2007-07-05,FIL-002547
filiacoes,camara:141408:54:PRB:2011-02-01,FIL-002548
filiacoes,camara:141408:55:PRB:2015-02-01,FIL-002549
filiacoes,camara:141408:56:PRB:2019-02-01,FIL-002550
filiacoes,camara:141408:56:REPUBLICANOS:2019-08-16,FIL-002551
filiacoes,camara:141408:57:REPUBLICANOS:2023-02-01,FIL-002552
filiacoes,camara:141408:57:MDB:2023-05-31,FIL-002553
filiacoes,camara:141409:53:PTC:2007-02-01,FIL-002554
filiacoes,camara:141409:53:PR:2007-09-25,FIL-002555
filiacoes,camara:141410:53:PFL:2007-02-01,FIL-002556
filiacoes,camara:141410:53:PMDB:2007-03-21,FIL-002557
filiacoes,camara:141411:53:PDT:2007-02-01,FIL-002558
filiacoes,camara:141411:55:PDT:2015-02-01,FIL-002559
filiacoes,camara:141411:56:PDT:2019-02-01,FIL-002560
filiacoes,camara:141411:56:PSDB:2022-04-06,FIL-002561
filiacoes,camara:141411:57:PSDB:2023-02-01,FIL-002562
filiacoes,camara:141411:57:PP:2026-04-10,FIL-002563
filiacoes,camara:141412:53:PDT:2007-02-01,FIL-002564
filiacoes,camara:141412:53:PSC:2007-09-21,FIL-002565
filiacoes,camara:141412:53:PDT:2007-10-31,FIL-002566
filiacoes,camara:141412:53:PR:2009-09-30,FIL-002567
filiacoes,camara:141412:54:PR:2011-02-02,FIL-002568
filiacoes,camara:141412:55:PR:2016-05-12,FIL-002569
filiacoes,camara:141413:53:PT:2007-02-01,FIL-002570
filiacoes,camara:141413:54:PT:2011-02-01,FIL-002571
filiacoes,camara:141413:55:PT:2015-02-01,FIL-002572
filiacoes,camara:141414:53:PDT:2007-02-05,FIL-002573
filiacoes,camara:141415:53:PSDB:2007-02-01,FIL-002574
filiacoes,camara:141415:53:PSB:2007-03-15,FIL-002575
filiacoes,camara:141416:53:PMDB:2007-02-01,FIL-002576
filiacoes,camara:141416:54:PMDB:2014-12-30,FIL-002577
filiacoes,camara:141417:53:PMDB:2007-02-01,FIL-002578
filiacoes,camara:141417:54:PMDB:2011-02-01,FIL-002579
filiacoes,camara:141417:55:PMDB:2015-02-01,FIL-002580
filiacoes,camara:141417:55:PR:2016-03-15,FIL-002581
filiacoes,camara:141417:56:PR:2019-02-01,FIL-002582
filiacoes,camara:141417:56:PL:2019-05-22,FIL-002583
filiacoes,camara:141418:53:PSDB:2007-02-01,FIL-002584
filiacoes,camara:141418:54:PSDB:2011-02-01,FIL-002585
filiacoes,camara:141419:53:PT:2007-02-01,FIL-002586
filiacoes,camara:141419:54:PT:2011-02-01,FIL-002587
filiacoes,camara:141420:53:PSC:2007-02-01,FIL-002588
filiacoes,camara:141421:53:PP:2007-02-01,FIL-002589
filiacoes,camara:141421:54:PP:2011-02-01,FIL-002590
filiacoes,camara:141421:55:PP:2015-02-01,FIL-002591
filiacoes,camara:141421:56:PP:2019-02-01,FIL-002592
filiacoes,camara:141421:57:PP:2023-02-01,FIL-002593
filiacoes,camara:141422:53:PFL:2007-02-01,FIL-002594
filiacoes,camara:141422:53:DEM:2007-04-23,FIL-002595
filiacoes,camara:141422:54:DEM:2011-02-01,FIL-002596
filiacoes,camara:141422:55:DEM:2015-02-01,FIL-002597
filiacoes,camara:141422:56:DEM:2019-02-01,FIL-002598
filiacoes,camara:141422:56:UNIÃO:2022-02-23,FIL-002599
filiacoes,camara:141423:53:PP:2007-02-01,FIL-002600
filiacoes,camara:141423:54:PP:2011-02-01,FIL-002601
filiacoes,camara:141423:54:PSD:2011-10-26,FIL-002602
filiacoes,camara:141424:53:PT:2007-02-01,FIL-002603
filiacoes,camara:141425:53:PTB:2007-02-01,FIL-002604
filiacoes,camara:141426:53:PP:2007-02-01,FIL-002605
filiacoes,camara:141427:53:PV:2007-02-01,FIL-002606
filiacoes,camara:141427:54:PV:2011-02-01,FIL-002607
filiacoes,camara:141427:55:PV:2015-02-01,FIL-002608
filiacoes,camara:141427:55:PMB:2015-11-25,FIL-002609
filiacoes,camara:141427:55:PMDB:2016-03-21,FIL-002610
filiacoes,camara:141427:55:MDB:2018-05-21,FIL-002611
filiacoes,camara:141427:56:MDB:2019-02-01,FIL-002612
filiacoes,camara:141427:57:MDB:2023-02-01,FIL-002613
filiacoes,camara:141428:53:PMN:2007-02-01,FIL-002614
filiacoes,camara:141428:54:PMN:2011-02-01,FIL-002615
filiacoes,camara:141428:54:PSD:2011-10-26,FIL-002616
filiacoes,camara:141428:55:PSD:2015-02-01,FIL-002617
filiacoes,camara:141428:56:PSD:2019-02-01,FIL-002618
filiacoes,camara:141428:56:PP:2022-04-13,FIL-002619
filiacoes,camara:141429:53:PFL:2007-02-01,FIL-002620
filiacoes,camara:141429:53:DEM:2007-04-23,FIL-002621
filiacoes,camara:141429:54:DEM:2011-02-01,FIL-002622
filiacoes,camara:141429:55:DEM:2015-02-01,FIL-002623
filiacoes,camara:141430:53:PHS:2007-02-01,FIL-002624
filiacoes,camara:141430:54:PHS:2011-02-01,FIL-002625
filiacoes,camara:141430:54:PSD:2011-10-26,FIL-002626
filiacoes,camara:141430:55:PSD:2015-02-01,FIL-002627
filiacoes,camara:141430:55:PROS:2016-03-21,FIL-002628
filiacoes,camara:141431:53:PSB:2007-02-01,FIL-002629
filiacoes,camara:141431:54:PSB:2011-02-01,FIL-002630
filiacoes,camara:141431:55:PSB:2015-02-01,FIL-002631
filiacoes,camara:141431:55:DEM:2018-04-12,FIL-002632
filiacoes,camara:141431:56:DEM:2019-02-01,FIL-002633
filiacoes,camara:141431:56:UNIÃO:2022-02-23,FIL-002634
filiacoes,camara:141431:57:UNIÃO:2023-02-01,FIL-002635
filiacoes,camara:141432:53:PT:2007-02-01,FIL-002636
filiacoes,camara:141433:53:PSC:2007-02-01,FIL-002637
filiacoes,camara:141433:54:PSC:2011-02-01,FIL-002638
filiacoes,camara:141434:53:PMDB:2007-02-01,FIL-002639
filiacoes,camara:141434:54:PMDB:2011-02-01,FIL-002640
filiacoes,camara:141434:55:PMDB:2015-02-01,FIL-002641
filiacoes,camara:141434:55:MDB:2018-05-21,FIL-002642
filiacoes,camara:141434:56:MDB:2019-02-01,FIL-002643
filiacoes,camara:141435:53:PMDB:2007-02-01,FIL-002644
filiacoes,camara:141435:53:PRB:2009-11-03,FIL-002645
filiacoes,camara:141435:54:PRB:2012-03-26,FIL-002646
filiacoes,camara:141436:53:PCDOB:2007-02-01,FIL-002647
filiacoes,camara:141437:53:PTB:2007-02-01,FIL-002648
filiacoes,camara:141438:53:PT:2007-02-01,FIL-002649
filiacoes,camara:141438:54:PT:2011-02-01,FIL-002650
filiacoes,camara:141439:53:PT:2007-02-01,FIL-002651
filiacoes,camara:141439:54:PT:2011-02-02,FIL-002652
filiacoes,camara:141439:55:PT:2015-02-01,FIL-002653
filiacoes,camara:141439:55:PDT:2018-03-27,FIL-002654
filiacoes,camara:141439:56:PDT:2019-02-01,FIL-002655
filiacoes,camara:141440:53:PCDOB:2007-02-01,FIL-002656
filiacoes,camara:141440:54:PCDOB:2011-02-01,FIL-002657
filiacoes,camara:141440:55:PCDOB:2015-02-01,FIL-002658
filiacoes,camara:141440:56:PCDOB:2021-02-01,FIL-002659
filiacoes,camara:141441:53:PP:2007-02-01,FIL-002660
filiacoes,camara:141441:53:PRB:2009-10-06,FIL-002661
filiacoes,camara:141441:54:PRB:2011-02-01,FIL-002662
filiacoes,camara:141441:55:PRB:2015-02-01,FIL-002663
filiacoes,camara:141441:55:PROS:2016-03-21,FIL-002664
filiacoes,camara:141441:55:PSB:2017-01-27,FIL-002665
filiacoes,camara:141441:55:PSC:2018-04-11,FIL-002666
filiacoes,camara:141442:53:PMDB:2007-02-01,FIL-002667
filiacoes,camara:141442:53:PR:2009-09-30,FIL-002668
filiacoes,camara:141443:53:PFL:2007-02-01,FIL-002669
filiacoes,camara:141443:53:DEM:2007-04-23,FIL-002670
filiacoes,camara:141444:53:PFL:2007-02-01,FIL-002671
filiacoes,camara:141445:53:PT:2007-02-01,FIL-002672
filiacoes,camara:141445:54:PT:2011-02-01,FIL-002673
filiacoes,camara:141445:55:PT:2015-02-01,FIL-002674
filiacoes,camara:141446:53:PP:2007-02-01,FIL-002675
filiacoes,camara:141446:54:PP:2011-02-01,FIL-002676
filiacoes,camara:141447:53:PFL:2007-02-01,FIL-002677
filiacoes,camara:141447:53:DEM:2007-04-23,FIL-002678
filiacoes,camara:141447:54:DEM:2011-02-01,FIL-002679
filiacoes,camara:141447:54:PSD:2011-10-26,FIL-002680
filiacoes,camara:141448:53:PPS:2007-02-01,FIL-002681
filiacoes,camara:141448:53:PR:2007-02-01,FIL-002682
filiacoes,camara:141448:54:PR:2011-02-01,FIL-002683
filiacoes,camara:141448:54:PSD:2011-10-26,FIL-002684
filiacoes,camara:141449:53:PDT:2007-02-01,FIL-002685
filiacoes,camara:141450:53:PSC:2007-02-01,FIL-002686
filiacoes,camara:141450:54:PSC:2011-02-01,FIL-002687
filiacoes,camara:141450:54:PROS:2013-10-02,FIL-002688
filiacoes,camara:141450:55:PROS:2015-02-01,FIL-002689
filiacoes,camara:141450:55:PSB:2016-03-21,FIL-002690
filiacoes,camara:141450:55:PSD:2018-04-10,FIL-002691
filiacoes,camara:141450:56:PSD:2019-02-01,FIL-002692
filiacoes,camara:141450:57:PSD:2023-02-01,FIL-002693
filiacoes,camara:141451:53:PPS:2007-02-01,FIL-002694
filiacoes,camara:141452:53:PRB:2007-02-01,FIL-002695
filiacoes,camara:141453:53:PMDB:2007-02-01,FIL-002696
filiacoes,camara:141453:54:PMDB:2011-02-01,FIL-002697
filiacoes,camara:141454:53:PSDB:2007-02-01,FIL-002698
filiacoes,camara:141454:54:PSDB:2011-02-01,FIL-002699
filiacoes,camara:141454:55:PSDB:2015-02-01,FIL-002700
filiacoes,camara:141454:55:PSL:2016-03-01,FIL-002701
filiacoes,camara:141454:55:PP:2018-04-11,FIL-002702
filiacoes,camara:141455:53:PT:2007-02-01,FIL-002703
filiacoes,camara:141455:54:PT:2011-02-01,FIL-002704
filiacoes,camara:141456:53:PT:2007-02-01,FIL-002705
filiacoes,camara:141456:54:PT:2011-02-01,FIL-002706
filiacoes,camara:141456:57:PT:2023-02-01,FIL-002707
filiacoes,camara:141457:53:PFL:2007-02-01,FIL-002708
filiacoes,camara:141457:53:DEM:2007-04-23,FIL-002709
filiacoes,camara:141457:54:DEM:2011-02-03,FIL-002710
filiacoes,camara:141458:53:PR:2007-01-25,FIL-002711
filiacoes,camara:141458:54:PR:2011-02-01,FIL-002712
filiacoes,camara:141458:55:PR:2015-02-01,FIL-002713
filiacoes,camara:141458:56:PR:2019-02-01,FIL-002714
filiacoes,camara:141458:56:PL:2019-05-22,FIL-002715
filiacoes,camara:141458:57:PL:2023-02-01,FIL-002716
filiacoes,camara:141459:53:PR:2007-01-25,FIL-002717
filiacoes,camara:141459:54:PR:2011-02-01,FIL-002718
filiacoes,camara:141459:56:PR:2019-02-01,FIL-002719
filiacoes,camara:141459:56:PL:2019-05-22,FIL-002720
filiacoes,camara:141459:57:PL:2023-02-01,FIL-002721
filiacoes,camara:141459:57:PP:2023-11-13,FIL-002722
filiacoes,camara:141460:53:PFL:2007-02-01,FIL-002723
filiacoes,camara:141460:53:DEM:2007-04-23,FIL-002724
filiacoes,camara:141461:53:PMDB:2007-02-01,FIL-002725
filiacoes,camara:141461:54:PMDB:2011-02-01,FIL-002726
filiacoes,camara:141462:53:PFL:2007-02-01,FIL-002727
filiacoes,camara:141462:53:DEM:2007-04-23,FIL-002728
filiacoes,camara:141462:54:DEM:2011-02-01,FIL-002729
filiacoes,camara:141463:53:PSB:2007-02-01,FIL-002730
filiacoes,camara:141463:54:PSB:2011-02-01,FIL-002731
filiacoes,camara:141464:53:PT:2007-02-01,FIL-002732
filiacoes,camara:141464:54:PT:2011-01-24,FIL-002733
filiacoes,camara:141464:55:PT:2015-02-01,FIL-002734
filiacoes,camara:141464:56:PT:2019-02-01,FIL-002735
filiacoes,camara:141464:57:PT:2023-02-01,FIL-002736
filiacoes,camara:141465:53:PSDB:2007-02-01,FIL-002737
filiacoes,camara:141465:54:PSDB:2011-02-01,FIL-002738
filiacoes,camara:141466:53:PV:2007-02-01,FIL-002739
filiacoes,camara:141467:53:PMN:2007-02-01,FIL-002740
filiacoes,camara:141467:54:PMN:2013-01-01,FIL-002741
filiacoes,camara:141468:53:PT:2007-01-29,FIL-002742
filiacoes,camara:141469:53:PHS:2007-02-01,FIL-002743
filiacoes,camara:141470:53:PT:2007-02-01,FIL-002744
filiacoes,camara:141470:54:PT:2011-02-01,FIL-002745
filiacoes,camara:141470:55:PT:2015-02-01,FIL-002746
filiacoes,camara:141470:56:PT:2019-02-01,FIL-002747
filiacoes,camara:141470:57:PT:2023-02-01,FIL-002748
filiacoes,camara:141471:53:PV:2007-02-01,FIL-002749
filiacoes,camara:141472:53:PSDB:2007-02-01,FIL-002750
filiacoes,camara:141472:54:PSDB:2011-02-01,FIL-002751
filiacoes,camara:141472:55:PSDB:2015-02-01,FIL-002752
filiacoes,camara:141473:53:PV:2007-02-01,FIL-002753
filiacoes,camara:141473:54:PV:2011-02-01,FIL-002754
filiacoes,camara:141473:54:PSD:2011-10-26,FIL-002755
filiacoes,camara:141474:53:PDT:2007-02-01,FIL-002756
filiacoes,camara:141474:55:PDT:2015-02-01,FIL-002757
filiacoes,camara:141475:53:PSC:2007-02-01,FIL-002758
filiacoes,camara:141475:53:PAN:2007-02-01,FIL-002759
filiacoes,camara:141475:53:PTB:2007-03-29,FIL-002760
filiacoes,camara:141475:53:PAN:2007-04-10,FIL-002761
filiacoes,camara:141475:53:PTB:2007-06-11,FIL-002762
filiacoes,camara:141475:53:PSC:2007-07-12,FIL-002763
filiacoes,camara:141476:53:PFL:2007-02-01,FIL-002764
filiacoes,camara:141476:53:PR:2007-04-02,FIL-002765
filiacoes,camara:141477:53:PT:2007-02-01,FIL-002766
filiacoes,camara:141477:53:PRTB:2007-10-05,FIL-002767
filiacoes,camara:141478:53:PMDB:2007-02-01,FIL-002768
filiacoes,camara:141478:53:PSC:2009-10-08,FIL-002769
filiacoes,camara:141478:55:PR:2015-02-01,FIL-002770
filiacoes,camara:141478:56:PR:2021-03-31,FIL-002771
filiacoes,camara:141478:56:PL:2021-03-31,FIL-002772
filiacoes,camara:141479:53:PSB:2007-01-31,FIL-002773
filiacoes,camara:141479:54:PSB:2011-02-01,FIL-002774
filiacoes,camara:141480:53:PP:2007-02-01,FIL-002775
filiacoes,camara:141480:54:PP:2011-02-01,FIL-002776
filiacoes,camara:141480:55:PP:2015-02-01,FIL-002777
filiacoes,camara:141480:56:PP:2022-07-07,FIL-002778
filiacoes,camara:141480:57:PP:2023-02-01,FIL-002779
filiacoes,camara:141481:53:PPS:2007-02-01,FIL-002780
filiacoes,camara:141482:53:PMDB:2007-02-01,FIL-002781
filiacoes,camara:141482:54:PMDB:2011-02-01,FIL-002782
filiacoes,camara:141482:55:PMDB:2015-02-01,FIL-002783
filiacoes,camara:141482:55:MDB:2018-05-21,FIL-002784
filiacoes,camara:141483:53:PV:2007-02-01,FIL-002785
filiacoes,camara:141483:53:PR:2007-03-19,FIL-002786
filiacoes,camara:141483:53:PV:2007-04-25,FIL-002787
filiacoes,camara:141483:54:PV:2011-02-01,FIL-002788
filiacoes,camara:141483:55:PMDB:2015-02-01,FIL-002789
filiacoes,camara:141483:55:PRB:2016-03-15,FIL-002790
filiacoes,camara:141484:53:PMDB:2007-02-01,FIL-002791
filiacoes,camara:141484:53:PR:2007-02-01,FIL-002792
filiacoes,camara:141484:54:PR:2011-02-01,FIL-002793
filiacoes,camara:141484:55:PR:2015-02-01,FIL-002794
filiacoes,camara:141485:53:PTB:2007-02-01,FIL-002795
filiacoes,camara:141485:54:PTB:2011-02-01,FIL-002796
filiacoes,camara:141485:55:PTB:2015-02-01,FIL-002797
filiacoes,camara:141485:57:UNIÃO:2023-01-31,FIL-002798
filiacoes,camara:141486:53:PFL:2007-02-01,FIL-002799
filiacoes,camara:141486:53:DEM:2007-04-23,FIL-002800
filiacoes,camara:141486:54:DEM:2011-02-02,FIL-002801
filiacoes,camara:141487:53:PP:2007-02-01,FIL-002802
filiacoes,camara:141487:54:PP:2011-02-01,FIL-002803
filiacoes,camara:141487:55:PP:2015-02-01,FIL-002804
filiacoes,camara:141487:57:PSD:2023-02-01,FIL-002805
filiacoes,camara:141487:57:UNIÃO:2026-04-08,FIL-002806
filiacoes,camara:141488:53:PT:2007-02-01,FIL-002807
filiacoes,camara:141488:54:PT:2011-02-01,FIL-002808
filiacoes,camara:141488:55:PT:2015-02-01,FIL-002809
filiacoes,camara:141488:56:PT:2019-02-01,FIL-002810
filiacoes,camara:141488:57:PT:2023-02-01,FIL-002811
filiacoes,camara:141489:53:PSDB:2007-02-01,FIL-002812
filiacoes,camara:141490:53:PSB:2007-02-01,FIL-002813
filiacoes,camara:141490:53:PMDB:2009-11-06,FIL-002814
filiacoes,camara:141490:54:PMDB:2011-02-01,FIL-002815
filiacoes,camara:141490:55:PMDB:2015-02-01,FIL-002816
filiacoes,camara:141490:55:MDB:2018-05-21,FIL-002817
filiacoes,camara:141490:56:PSC:2021-04-12,FIL-002818
filiacoes,camara:141491:53:PTB:2007-02-01,FIL-002819
filiacoes,camara:141491:53:PR:2009-10-01,FIL-002820
filiacoes,camara:141492:53:PCDOB:2007-02-01,FIL-002821
filiacoes,camara:141492:54:PCDOB:2011-02-01,FIL-002822
filiacoes,camara:141493:53:PSB:2007-02-01,FIL-002823
filiacoes,camara:141493:54:PSB:2014-12-24,FIL-002824
filiacoes,camara:141494:53:PMDB:2007-02-01,FIL-002825
filiacoes,camara:141495:53:PMDB:2007-02-01,FIL-002826
filiacoes,camara:141495:53:PSDB:2009-11-12,FIL-002827
filiacoes,camara:141496:53:PFL:2007-02-01,FIL-002828
filiacoes,camara:141496:53:DEM:2007-04-23,FIL-002829
filiacoes,camara:141496:54:DEM:2013-01-17,FIL-002830
filiacoes,camara:141496:54:PP:2013-08-29,FIL-002831
filiacoes,camara:141496:54:PROS:2013-10-03,FIL-002832
filiacoes,camara:141497:53:PSB:2007-02-01,FIL-002833
filiacoes,camara:141497:54:PSB:2011-02-01,FIL-002834
filiacoes,camara:141498:53:PSB:2007-02-01,FIL-002835
filiacoes,camara:141498:54:PSB:2011-02-03,FIL-002836
filiacoes,camara:141499:53:PSC:2007-02-01,FIL-002837
filiacoes,camara:141499:53:PAN:2007-02-01,FIL-002838
filiacoes,camara:141499:53:PTB:2007-03-29,FIL-002839
filiacoes,camara:141499:53:PAN:2007-04-10,FIL-002840
filiacoes,camara:141499:53:PRB:2007-07-04,FIL-002841
filiacoes,camara:141500:53:PFL:2007-02-01,FIL-002842
filiacoes,camara:141500:53:DEM:2007-04-23,FIL-002843
filiacoes,camara:141500:54:DEM:2011-02-01,FIL-002844
filiacoes,camara:141500:54:PSD:2011-10-26,FIL-002845
filiacoes,camara:141500:55:PSD:2015-02-01,FIL-002846
filiacoes,camara:141501:53:PT:2007-02-01,FIL-002847
filiacoes,camara:141502:53:PT:2007-02-01,FIL-002848
filiacoes,camara:141502:54:PT:2011-02-01,FIL-002849
filiacoes,camara:141503:53:PCDOB:2007-02-01,FIL-002850
filiacoes,camara:141503:54:PCDOB:2011-02-01,FIL-002851
filiacoes,camara:141503:55:PCDOB:2015-02-01,FIL-002852
filiacoes,camara:141504:53:PR:2007-01-25,FIL-002853
filiacoes,camara:141505:53:PPS:2007-02-01,FIL-002854
filiacoes,camara:141506:53:PR:2007-01-25,FIL-002855
filiacoes,camara:141506:54:PR:2011-02-01,FIL-002856
filiacoes,camara:141506:54:PROS:2013-10-07,FIL-002857
filiacoes,camara:141507:53:PMDB:2007-02-01,FIL-002858
filiacoes,camara:141507:54:PMDB:2011-02-01,FIL-002859
filiacoes,camara:141507:55:PMDB:2015-02-01,FIL-002860
filiacoes,camara:141507:55:MDB:2018-05-21,FIL-002861
filiacoes,camara:141508:53:PSB:2007-02-01,FIL-002862
filiacoes,camara:141508:54:PSB:2011-02-01,FIL-002863
filiacoes,camara:141508:56:PSB:2019-02-01,FIL-002864
filiacoes,camara:141509:53:PT:2007-02-01,FIL-002865
filiacoes,camara:141509:54:PT:2011-02-01,FIL-002866
filiacoes,camara:141509:55:PT:2015-02-01,FIL-002867
filiacoes,camara:141510:53:PPS:2007-02-01,FIL-002868
filiacoes,camara:141510:53:PR:2007-02-01,FIL-002869
filiacoes,camara:141510:54:PR:2011-02-01,FIL-002870
filiacoes,camara:141511:53:PR:2007-01-25,FIL-002871
filiacoes,camara:141512:53:PP:2007-02-01,FIL-002872
filiacoes,camara:141513:53:PR:2007-01-25,FIL-002873
filiacoes,camara:141513:54:PR:2011-02-01,FIL-002874
filiacoes,camara:141513:55:PR:2015-02-01,FIL-002875
filiacoes,camara:141513:55:DEM:2018-04-10,FIL-002876
filiacoes,camara:141513:56:DEM:2019-02-01,FIL-002877
filiacoes,camara:141513:56:UNIÃO:2022-02-23,FIL-002878
filiacoes,camara:141514:53:PCDOB:2007-02-01,FIL-002879
filiacoes,camara:141514:54:PCDOB:2011-02-01,FIL-002880
filiacoes,camara:141515:53:PSDB:2007-02-01,FIL-002881
filiacoes,camara:141515:54:PSDB:2011-02-01,FIL-002882
filiacoes,camara:141515:55:PSDB:2015-02-01,FIL-002883
filiacoes,camara:141515:56:PSDB:2021-01-01,FIL-002884
filiacoes,camara:141516:53:PSDB:2007-02-01,FIL-002885
filiacoes,camara:141516:54:PSDB:2011-02-01,FIL-002886
filiacoes,camara:141516:55:PSDB:2015-02-01,FIL-002887
filiacoes,camara:141516:56:PSDB:2019-02-01,FIL-002888
filiacoes,camara:141516:57:PSDB:2023-02-01,FIL-002889
filiacoes,camara:141517:53:PMDB:2007-02-01,FIL-002890
filiacoes,camara:141517:54:PMDB:2012-03-21,FIL-002891
filiacoes,camara:141517:54:PP:2013-10-03,FIL-002892
filiacoes,camara:141517:55:PP:2015-11-17,FIL-002893
filiacoes,camara:141518:53:PDT:2007-02-01,FIL-002894
filiacoes,camara:141518:54:PDT:2011-02-01,FIL-002895
filiacoes,camara:141518:54:SDD:2013-10-01,FIL-002896
filiacoes,camara:141518:54:SD:2014-04-24,FIL-002897
filiacoes,camara:141518:55:SD:2015-02-01,FIL-002898
filiacoes,camara:141518:55:SOLIDARIEDADE:2018-12-17,FIL-002899
filiacoes,camara:141518:56:SOLIDARIEDADE:2019-02-01,FIL-002900
filiacoes,camara:141518:57:SOLIDARIEDADE:2023-02-01,FIL-002901
filiacoes,camara:141519:53:PPS:2007-02-01,FIL-002902
filiacoes,camara:141519:53:PMDB:2007-03-09,FIL-002903
filiacoes,camara:141519:54:PMDB:2011-02-01,FIL-002904
filiacoes,camara:141520:53:PSDB:2007-02-01,FIL-002905
filiacoes,camara:141521:53:PTB:2007-02-01,FIL-002906
filiacoes,camara:141522:53:PTB:2007-01-17,FIL-002907
filiacoes,camara:141522:54:PTB:2011-02-01,FIL-002908
filiacoes,camara:141522:55:PTB:2016-12-22,FIL-002909
filiacoes,camara:141523:53:PMDB:2007-02-01,FIL-002910
filiacoes,camara:141523:54:PMDB:2011-02-01,FIL-002911
filiacoes,camara:141523:56:MDB:2019-02-01,FIL-002912
filiacoes,camara:141524:53:PMDB:2007-01-30,FIL-002913
filiacoes,camara:141525:53:PP:2007-02-01,FIL-002914
filiacoes,camara:141525:54:PP:2011-02-01,FIL-002915
filiacoes,camara:141526:53:PDT:2007-02-01,FIL-002916
filiacoes,camara:141527:53:PP:2007-02-01,FIL-002917
filiacoes,camara:141527:54:PP:2011-02-01,FIL-002918
filiacoes,camara:141527:55:PP:2015-02-01,FIL-002919
filiacoes,camara:141528:53:PSDB:2007-02-01,FIL-002920
filiacoes,camara:141529:53:PP:2007-02-01,FIL-002921
filiacoes,camara:141529:54:PP:2011-02-01,FIL-002922
filiacoes,camara:141529:55:PP:2015-02-01,FIL-002923
filiacoes,camara:141530:53:PFL:2007-02-01,FIL-002924
filiacoes,camara:141530:53:DEM:2007-04-23,FIL-002925
filiacoes,camara:141530:53:PP:2010-03-03,FIL-002926
filiacoes,camara:141531:53:PSDB:2007-02-01,FIL-002927
filiacoes,camara:141531:54:PSDB:2011-02-01,FIL-002928
filiacoes,camara:141531:55:PSDB:2015-02-01,FIL-002929
filiacoes,camara:141531:56:PSDB:2019-02-01,FIL-002930
filiacoes,camara:141531:56:UNIÃO:2022-04-06,FIL-002931
filiacoes,camara:141531:57:UNIÃO:2023-02-01,FIL-002932
filiacoes,camara:141532:53:PMDB:2007-02-01,FIL-002933
filiacoes,camara:141532:55:PMDB:2017-03-07,FIL-002934
filiacoes,camara:141532:55:MDB:2018-05-21,FIL-002935
filiacoes,camara:141533:53:PSB:2007-02-01,FIL-002936
filiacoes,camara:141533:57:PSB:2023-02-01,FIL-002937
filiacoes,camara:141534:53:PFL:2007-02-01,FIL-002938
filiacoes,camara:141534:53:DEM:2007-04-23,FIL-002939
filiacoes,camara:141535:53:PSB:2007-02-01,FIL-002940
filiacoes,camara:141535:53:PSDB:2009-05-13,FIL-002941
filiacoes,camara:141535:54:PSDB:2011-02-08,FIL-002942
filiacoes,camara:141535:55:PSDB:2015-02-01,FIL-002943
filiacoes,camara:141536:53:PSDB:2007-02-01,FIL-002944
filiacoes,camara:141536:55:PSD:2015-02-01,FIL-002945
filiacoes,camara:141537:53:PPS:2007-02-01,FIL-002946
filiacoes,camara:141537:54:PPS:2011-02-01,FIL-002947
filiacoes,camara:141537:54:PSD:2011-10-26,FIL-002948
filiacoes,camara:141538:53:PSDB:2007-02-01,FIL-002949
filiacoes,camara:141539:53:PDT:2007-02-01,FIL-002950
filiacoes,camara:141539:54:PDT:2011-02-01,FIL-002951
filiacoes,camara:141539:54:SDD:2013-10-01,FIL-002952
filiacoes,camara:141539:54:SD:2014-04-24,FIL-002953
filiacoes,camara:141540:53:PV:2007-02-01,FIL-002954
filiacoes,camara:141540:53:PP:2009-10-01,FIL-002955
filiacoes,camara:141541:53:PMN:2007-02-01,FIL-002956
filiacoes,camara:141542:53:PTB:2007-02-01,FIL-002957
filiacoes,camara:141542:54:PTB:2011-02-01,FIL-002958
filiacoes,camara:141542:55:PTB:2015-02-01,FIL-002959
filiacoes,camara:141543:53:PMDB:2007-02-01,FIL-002960
filiacoes,camara:141543:54:PMDB:2011-02-01,FIL-002961
filiacoes,camara:141545:53:PFL:2007-02-01,FIL-002962
filiacoes,camara:141545:53:DEM:2007-04-23,FIL-002963
filiacoes,camara:141546:53:PFL:2007-02-01,FIL-002964
filiacoes,camara:141546:53:DEM:2007-04-23,FIL-002965
filiacoes,camara:141547:53:PMDB:2007-02-01,FIL-002966
filiacoes,camara:141547:54:PMDB:2011-03-02,FIL-002967
filiacoes,camara:141548:53:PDT:2007-02-01,FIL-002968
filiacoes,camara:141548:54:PDT:2011-02-01,FIL-002969
filiacoes,camara:141549:53:PR:2007-01-25,FIL-002970
filiacoes,camara:141550:53:PV:2007-02-01,FIL-002971
filiacoes,camara:141551:53:PSDB:2007-02-01,FIL-002972
filiacoes,camara:141551:54:PSDB:2013-01-01,FIL-002973
filiacoes,camara:141551:54:PSD:2013-09-24,FIL-002974
filiacoes,camara:141552:53:PSB:2007-02-01,FIL-002975
filiacoes,camara:141552:54:PSB:2011-02-01,FIL-002976
filiacoes,camara:141552:54:PROS:2013-10-02,FIL-002977
filiacoes,camara:141552:55:PROS:2015-02-01,FIL-002978
filiacoes,camara:141552:55:PMB:2015-11-19,FIL-002979
filiacoes,camara:141552:55:PMDB:2016-03-11,FIL-002980
filiacoes,camara:141552:55:PSB:2017-06-27,FIL-002981
filiacoes,camara:141552:55:PMDB:2018-04-11,FIL-002982
filiacoes,camara:141552:55:MDB:2018-05-21,FIL-002983
filiacoes,camara:141552:56:MDB:2019-02-27,FIL-002984
filiacoes,camara:141552:57:MDB:2023-02-01,FIL-002985
filiacoes,camara:141553:53:PSDB:2007-02-01,FIL-002986
filiacoes,camara:141553:54:PSDB:2011-02-02,FIL-002987
filiacoes,camara:141553:55:PSDB:2015-02-01,FIL-002988
filiacoes,camara:141553:56:PSDB:2019-02-01,FIL-002989
filiacoes,camara:141554:53:PL:2007-01-15,FIL-002990
filiacoes,camara:141554:53:PR:2007-01-25,FIL-002991
filiacoes,camara:141555:53:PTDOB:2007-02-01,FIL-002992
filiacoes,camara:141555:55:PRB:2015-02-01,FIL-002993
filiacoes,camara:141555:56:PRB:2019-02-01,FIL-002994
filiacoes,camara:141555:56:REPUBLICANOS:2019-08-16,FIL-002995
filiacoes,camara:141555:57:REPUBLICANOS:2023-02-01,FIL-002996
filiacoes,camara:141555:57:PL:2026-03-25,FIL-002997
filiacoes,camara:141556:53:PMDB:2007-02-01,FIL-002998
filiacoes,camara:141557:53:PFL:2007-02-01,FIL-002999
filiacoes,camara:141557:53:DEM:2007-04-23,FIL-003000
filiacoes,camara:141557:54:DEM:2011-02-03,FIL-003001
filiacoes,camara:141558:53:PSB:2007-02-01,FIL-003002
filiacoes,camara:141558:53:PP:2007-02-02,FIL-003003
filiacoes,camara:141558:54:PP:2011-02-01,FIL-003004
filiacoes,camara:141558:55:PP:2015-02-01,FIL-003005
filiacoes,camara:141558:55:PTDOB:2017-08-09,FIL-003006
filiacoes,camara:141558:55:AVANTE:2017-09-25,FIL-003007
filiacoes,camara:141558:55:PSDB:2018-04-17,FIL-003008
filiacoes,camara:141559:53:PSDB:2007-02-01,FIL-003009
filiacoes,camara:141560:53:PFL:2007-02-01,FIL-003010
filiacoes,camara:141560:53:DEM:2007-04-23,FIL-003011
filiacoes,camara:141560:54:DEM:2011-02-15,FIL-003012
filiacoes,camara:141560:54:PSD:2011-10-26,FIL-003013
filiacoes,camara:141560:55:PSD:2015-02-02,FIL-003014
filiacoes,camara:141561:53:PSDB:2007-02-01,FIL-003015
filiacoes,camara:141561:54:PSDB:2011-02-01,FIL-003016
filiacoes,camara:141562:53:PMDB:2007-02-01,FIL-003017
filiacoes,camara:141562:54:PMDB:2011-02-01,FIL-003018
filiacoes,camara:141562:55:PMDB:2015-02-01,FIL-003019
filiacoes,camara:141562:55:MDB:2018-05-21,FIL-003020
filiacoes,camara:141563:53:PSDB:2007-02-01,FIL-003021
filiacoes,camara:141563:53:PPS:2009-11-03,FIL-003022
filiacoes,camara:141563:55:PV:2015-02-05,FIL-003023
filiacoes,camara:141563:55:PP:2016-03-17,FIL-003024
filiacoes,camara:141870:53:PP:2007-02-01,FIL-003025
filiacoes,camara:141870:54:PP:2011-02-01,FIL-003026
filiacoes,camara:143084:56:SOLIDARIEDADE:2019-02-01,FIL-003027
filiacoes,camara:143084:56:PODE:2022-04-04,FIL-003028
filiacoes,camara:143084:57:PODE:2023-02-01,FIL-003029
filiacoes,camara:143253:53:PV:2007-03-16,FIL-003030
filiacoes,camara:143254:53:PMDB:2007-03-19,FIL-003031
filiacoes,camara:143632:54:PSB:2011-02-01,FIL-003032
filiacoes,camara:143632:54:PROS:2013-10-08,FIL-003033
filiacoes,camara:143632:55:PROS:2015-02-01,FIL-003034
filiacoes,camara:143632:55:PMB:2015-11-18,FIL-003035
filiacoes,camara:143632:55:PSD:2016-03-02,FIL-003036
filiacoes,camara:143632:56:PSD:2019-02-01,FIL-003037
filiacoes,camara:143632:57:PSD:2023-02-01,FIL-003038
filiacoes,camara:143942:57:PSD:2023-02-01,FIL-003039
filiacoes,camara:144523:55:PMDB:2015-02-01,FIL-003040
filiacoes,camara:144523:55:MDB:2018-05-21,FIL-003041
filiacoes,camara:145895:54:PMDB:2012-03-26,FIL-003042
filiacoes,camara:146307:53:PSDB:2007-04-02,FIL-003043
filiacoes,camara:146307:54:PP:2011-02-02,FIL-003044
filiacoes,camara:146307:56:PP:2019-02-01,FIL-003045
filiacoes,camara:146308:53:PR:2007-01-25,FIL-003046
filiacoes,camara:146613:53:PMDB:2007-03-23,FIL-003047
filiacoes,camara:146613:54:PMDB:2013-02-07,FIL-003048
filiacoes,camara:146788:55:PHS:2015-02-01,FIL-003049
filiacoes,camara:146788:56:PHS:2019-02-01,FIL-003050
filiacoes,camara:146788:56:PP:2019-04-08,FIL-003051
filiacoes,camara:146829:55:PT:2015-02-01,FIL-003052
filiacoes,camara:146949:54:PTDOB:2011-02-01,FIL-003053
filiacoes,camara:146949:55:PTDOB:2016-10-05,FIL-003054
filiacoes,camara:146949:55:AVANTE:2017-09-25,FIL-003055
filiacoes,camara:147653:53:DEM:2007-04-23,FIL-003056
filiacoes,camara:147975:53:PTB:2007-09-11,FIL-003057
filiacoes,camara:147975:53:PR:2007-09-12,FIL-003058
filiacoes,camara:147975:54:PR:2011-02-01,FIL-003059
filiacoes,camara:147975:54:PSD:2011-10-26,FIL-003060
filiacoes,camara:147975:54:PR:2013-10-09,FIL-003061
filiacoes,camara:148134:53:PMDB:2007-09-28,FIL-003062
filiacoes,camara:148134:54:PMDB:2012-07-05,FIL-003063
filiacoes,camara:148134:55:PSC:2015-02-01,FIL-003064
filiacoes,camara:148134:55:PSL:2018-03-27,FIL-003065
filiacoes,camara:148295:53:DEM:2007-04-23,FIL-003066
filiacoes,camara:148295:53:PRB:2007-11-01,FIL-003067
filiacoes,camara:149293:53:PSDB:2008-03-12,FIL-003068
filiacoes,camara:149327:53:DEM:2007-04-23,FIL-003069
filiacoes,camara:149327:54:DEM:2012-07-02,FIL-003070
filiacoes,camara:149327:54:PROS:2013-10-02,FIL-003071
filiacoes,camara:150418:53:PR:2007-01-25,FIL-003072
filiacoes,camara:150418:53:PRB:2009-10-07,FIL-003073
filiacoes,camara:150418:54:PRB:2011-02-01,FIL-003074
filiacoes,camara:150418:55:PRB:2015-02-01,FIL-003075
filiacoes,camara:150418:56:PRB:2019-02-01,FIL-003076
filiacoes,camara:150418:56:REPUBLICANOS:2019-08-16,FIL-003077
filiacoes,camara:150418:57:REPUBLICANOS:2023-02-01,FIL-003078
filiacoes,camara:150634:53:PR:2007-01-25,FIL-003079
filiacoes,camara:150634:54:PRB:2011-02-10,FIL-003080
filiacoes,camara:150635:53:PMDB:2008-06-24,FIL-003081
filiacoes,camara:150876:53:PPS:2008-07-03,FIL-003082
filiacoes,camara:150876:54:PPS:2011-12-02,FIL-003083
filiacoes,camara:151208:53:PSDB:2008-08-06,FIL-003084
filiacoes,camara:151208:54:PR:2011-02-01,FIL-003085
filiacoes,camara:151208:54:SDD:2013-10-02,FIL-003086
filiacoes,camara:151208:54:SD:2014-04-24,FIL-003087
filiacoes,camara:151208:55:SD:2015-02-01,FIL-003088
filiacoes,camara:151208:55:PP:2018-04-10,FIL-003089
filiacoes,camara:151208:56:PP:2019-02-01,FIL-003090
filiacoes,camara:151214:53:PHS:2008-08-13,FIL-003091
filiacoes,camara:151249:53:PR:2007-01-25,FIL-003092
filiacoes,camara:151965:53:DEM:2007-04-23,FIL-003093
filiacoes,camara:151965:55:SD:2015-05-12,FIL-003094
filiacoes,camara:151965:55:PP:2016-03-18,FIL-003095
filiacoes,camara:151965:56:PP:2023-01-12,FIL-003096
filiacoes,camara:152605:53:PSB:2009-01-02,FIL-003097
filiacoes,camara:152605:54:PSB:2011-02-01,FIL-003098
filiacoes,camara:152605:55:PSB:2015-02-01,FIL-003099
filiacoes,camara:152605:55:PSOL:2015-09-23,FIL-003100
filiacoes,camara:152605:56:PSOL:2019-02-01,FIL-003101
filiacoes,camara:152605:57:PSOL:2023-02-01,FIL-003102
filiacoes,camara:152606:53:PSB:2008-12-31,FIL-003103
filiacoes,camara:152607:53:PSDB:2009-01-01,FIL-003104
filiacoes,camara:152607:53:PR:2009-05-05,FIL-003105
filiacoes,camara:152607:54:PR:2011-02-01,FIL-003106
filiacoes,camara:152607:54:PROS:2013-10-09,FIL-003107
filiacoes,camara:152608:53:PT:2007-11-23,FIL-003108
filiacoes,camara:152609:53:PTB:2009-01-01,FIL-003109
filiacoes,camara:152610:53:PTB:2008-12-29,FIL-003110
filiacoes,camara:152610:55:PRB:2015-02-01,FIL-003111
filiacoes,camara:152610:56:PRB:2019-02-01,FIL-003112
filiacoes,camara:152610:56:REPUBLICANOS:2019-08-16,FIL-003113
filiacoes,camara:152611:53:PTB:2009-01-01,FIL-003114
filiacoes,camara:152865:53:PMDB:2009-01-06,FIL-003115
filiacoes,camara:152865:54:PMDB:2011-02-01,FIL-003116
filiacoes,camara:153384:53:PT:2009-02-05,FIL-003117
filiacoes,camara:153423:57:MDB:2023-02-01,FIL-003118
filiacoes,camara:154178:53:DEM:2007-04-23,FIL-003119
filiacoes,camara:154178:56:PRB:2019-02-01,FIL-003120
filiacoes,camara:154178:56:REPUBLICANOS:2019-08-16,FIL-003121
filiacoes,camara:154178:57:REPUBLICANOS:2023-02-01,FIL-003122
filiacoes,camara:154417:53:PTC:2009-03-17,FIL-003123
filiacoes,camara:154700:57:PODE:2023-02-01,FIL-003124
filiacoes,camara:154734:53:PDT:2009-04-12,FIL-003125
filiacoes,camara:154739:53:PSDB:2009-04-13,FIL-003126
filiacoes,camara:154919:53:DEM:2007-04-23,FIL-003127
filiacoes,camara:154919:54:DEM:2011-02-03,FIL-003128
filiacoes,camara:154919:54:PSD:2011-10-26,FIL-003129
filiacoes,camara:154919:56:PSD:2022-04-20,FIL-003130
filiacoes,camara:154996:53:PDT:2009-04-30,FIL-003131
filiacoes,camara:154997:53:PT:2009-05-04,FIL-003132
filiacoes,camara:154997:54:PT:2011-02-02,FIL-003133
filiacoes,camara:155920:53:PSOL:2009-08-03,FIL-003134
filiacoes,camara:156190:56:NOVO:2019-02-01,FIL-003135
filiacoes,camara:156190:57:NOVO:2023-02-01,FIL-003136
filiacoes,camara:156634:53:PTB:2009-10-14,FIL-003137
filiacoes,camara:157130:56:PDT:2019-02-01,FIL-003138
filiacoes,camara:157130:56:REDE:2022-04-05,FIL-003139
filiacoes,camara:157130:57:REDE:2023-02-01,FIL-003140
filiacoes,camara:157130:57:PSD:2026-04-07,FIL-003141
filiacoes,camara:157225:53:PTB:2007-06-11,FIL-003142
filiacoes,camara:158328:53:PP:2008-06-18,FIL-003143
filiacoes,camara:159058:53:DEM:2007-04-23,FIL-003144
filiacoes,camara:159237:54:PT:2011-02-01,FIL-003145
filiacoes,camara:159237:55:PT:2015-02-01,FIL-003146
filiacoes,camara:159237:56:PT:2019-02-01,FIL-003147
filiacoes,camara:159238:54:PSDB:2011-02-01,FIL-003148
filiacoes,camara:159238:55:PSDB:2015-02-01,FIL-003149
filiacoes,camara:159238:56:PSDB:2019-08-29,FIL-003150
filiacoes,camara:159257:53:PSDB:2010-12-29,FIL-003151
filiacoes,camara:159258:53:PSB:2011-01-01,FIL-003152
filiacoes,camara:159258:54:PSB:2012-06-28,FIL-003153
filiacoes,camara:159259:53:PSDB:2011-01-01,FIL-003154
filiacoes,camara:159260:53:PSDB:2011-01-01,FIL-003155
filiacoes,camara:159261:53:PSDB:2010-12-31,FIL-003156
filiacoes,camara:159262:53:PSDB:2011-01-03,FIL-003157
filiacoes,camara:159263:53:PT:2011-01-04,FIL-003158
filiacoes,camara:159264:53:PMDB:2011-01-03,FIL-003159
filiacoes,camara:159265:53:PSDB:2011-01-06,FIL-003160
filiacoes,camara:160161:57:PP:2023-02-01,FIL-003161
filiacoes,camara:160161:57:PSDB:2025-08-08,FIL-003162
filiacoes,camara:160317:53:PMDB:2011-01-03,FIL-003163
filiacoes,camara:160318:53:DEM:2007-04-23,FIL-003164
filiacoes,camara:160365:53:PSDB:2011-01-06,FIL-003165
filiacoes,camara:160396:53:PPS:2011-01-05,FIL-003166
filiacoes,camara:160396:54:PHS:2011-02-01,FIL-003167
filiacoes,camara:160396:54:PSD:2013-10-16,FIL-003168
filiacoes,camara:160426:53:PMDB:2010-12-31,FIL-003169
filiacoes,camara:160426:55:PSD:2015-02-01,FIL-003170
filiacoes,camara:160508:54:PT:2011-02-01,FIL-003171
filiacoes,camara:160508:55:PT:2015-02-01,FIL-003172
filiacoes,camara:160508:56:PT:2019-02-01,FIL-003173
filiacoes,camara:160508:57:PT:2023-02-01,FIL-003174
filiacoes,camara:160509:54:PSDB:2011-02-01,FIL-003175
filiacoes,camara:160509:54:PR:2012-11-08,FIL-003176
filiacoes,camara:160509:55:PR:2015-02-01,FIL-003177
filiacoes,camara:160510:54:PTDOB:2011-02-01,FIL-003178
filiacoes,camara:160510:55:PTDOB:2015-02-01,FIL-003179
filiacoes,camara:160510:55:AVANTE:2017-09-25,FIL-003180
filiacoes,camara:160510:56:AVANTE:2019-02-01,FIL-003181
filiacoes,camara:160510:57:AVANTE:2023-02-01,FIL-003182
filiacoes,camara:160511:54:PT:2011-02-01,FIL-003183
filiacoes,camara:160511:55:PT:2015-02-01,FIL-003184
filiacoes,camara:160511:55:REDE:2015-09-30,FIL-003185
filiacoes,camara:160511:55:PSB:2018-03-05,FIL-003186
filiacoes,camara:160511:56:PSB:2019-02-01,FIL-003187
filiacoes,camara:160512:54:PRTB:2011-02-01,FIL-003188
filiacoes,camara:160512:54:SDD:2013-10-02,FIL-003189
filiacoes,camara:160512:54:SD:2014-04-24,FIL-003190
filiacoes,camara:160512:55:SD:2015-02-01,FIL-003191
filiacoes,camara:160512:55:SOLIDARIEDADE:2018-12-17,FIL-003192
filiacoes,camara:160512:56:SOLIDARIEDADE:2019-02-01,FIL-003193
filiacoes,camara:160512:57:SOLIDARIEDADE:2023-02-01,FIL-003194
filiacoes,camara:160513:54:PMDB:2011-02-01,FIL-003195
filiacoes,camara:160514:54:PSL:2011-02-01,FIL-003196
filiacoes,camara:160514:54:SDD:2013-10-04,FIL-003197
filiacoes,camara:160514:54:SD:2014-04-24,FIL-003198
filiacoes,camara:160515:54:PMDB:2011-02-01,FIL-003199
filiacoes,camara:160515:55:PMDB:2015-02-01,FIL-003200
filiacoes,camara:160515:55:MDB:2018-05-21,FIL-003201
filiacoes,camara:160516:54:PMDB:2011-02-01,FIL-003202
filiacoes,camara:160517:54:PSB:2011-02-01,FIL-003203
filiacoes,camara:160517:55:PSB:2015-02-01,FIL-003204
filiacoes,camara:160517:56:PSB:2019-02-01,FIL-003205
filiacoes,camara:160517:57:PSB:2023-02-01,FIL-003206
filiacoes,camara:160518:54:PT:2011-02-01,FIL-003207
filiacoes,camara:160518:55:PT:2015-02-01,FIL-003208
filiacoes,camara:160518:55:PMB:2015-11-18,FIL-003209
filiacoes,camara:160518:55:PROS:2017-08-15,FIL-003210
filiacoes,camara:160518:56:PROS:2019-02-01,FIL-003211
filiacoes,camara:160518:57:PROS:2023-02-01,FIL-003212
filiacoes,camara:160518:57:SOLIDARIEDADE:2023-03-23,FIL-003213
filiacoes,camara:160518:57:PSD:2026-05-15,FIL-003214
filiacoes,camara:160519:54:DEM:2011-02-01,FIL-003215
filiacoes,camara:160520:53:DEM:2007-04-23,FIL-003216
filiacoes,camara:160527:54:PP:2011-02-01,FIL-003217
filiacoes,camara:160527:55:PP:2015-02-01,FIL-003218
filiacoes,camara:160527:56:PP:2019-02-01,FIL-003219
filiacoes,camara:160527:57:PP:2023-02-01,FIL-003220
filiacoes,camara:160528:54:PSB:2011-02-01,FIL-003221
filiacoes,camara:160528:55:PSB:2015-02-01,FIL-003222
filiacoes,camara:160528:56:PSB:2019-02-01,FIL-003223
filiacoes,camara:160529:54:PV:2011-02-01,FIL-003224
filiacoes,camara:160530:54:PSDB:2011-02-01,FIL-003225
filiacoes,camara:160530:55:PSDB:2015-02-01,FIL-003226
filiacoes,camara:160531:54:PRB:2011-02-01,FIL-003227
filiacoes,camara:160531:55:PRB:2015-02-01,FIL-003228
filiacoes,camara:160531:56:PRB:2019-02-01,FIL-003229
filiacoes,camara:160531:56:REPUBLICANOS:2019-08-16,FIL-003230
filiacoes,camara:160531:57:REPUBLICANOS:2023-02-01,FIL-003231
filiacoes,camara:160532:54:DEM:2011-02-01,FIL-003232
filiacoes,camara:160532:55:DEM:2015-02-01,FIL-003233
filiacoes,camara:160532:56:DEM:2019-02-01,FIL-003234
filiacoes,camara:160532:56:UNIÃO:2022-02-23,FIL-003235
filiacoes,camara:160533:54:PR:2011-02-01,FIL-003236
filiacoes,camara:160533:54:PSD:2011-10-27,FIL-003237
filiacoes,camara:160533:54:PR:2013-08-07,FIL-003238
filiacoes,camara:160533:54:PROS:2013-10-09,FIL-003239
filiacoes,camara:160534:54:PSC:2011-02-01,FIL-003240
filiacoes,camara:160534:56:PR:2019-02-01,FIL-003241
filiacoes,camara:160534:56:PL:2019-05-22,FIL-003242
filiacoes,camara:160534:56:PSC:2020-07-22,FIL-003243
filiacoes,camara:160535:54:PT:2011-02-01,FIL-003244
filiacoes,camara:160535:55:PT:2015-02-01,FIL-003245
filiacoes,camara:160535:56:PT:2019-02-01,FIL-003246
filiacoes,camara:160535:57:PT:2023-02-01,FIL-003247
filiacoes,camara:160536:54:PSDB:2011-02-01,FIL-003248
filiacoes,camara:160536:55:PSDB:2015-02-01,FIL-003249
filiacoes,camara:160536:56:PSDB:2019-10-13,FIL-003250
filiacoes,camara:160537:54:PSB:2011-02-01,FIL-003251
filiacoes,camara:160537:54:PMDB:2011-06-08,FIL-003252
filiacoes,camara:160538:54:PT:2011-02-01,FIL-003253
filiacoes,camara:160538:55:PT:2015-02-01,FIL-003254
filiacoes,camara:160538:56:PT:2019-02-01,FIL-003255
filiacoes,camara:160538:57:PT:2023-02-01,FIL-003256
filiacoes,camara:160539:54:PR:2011-02-01,FIL-003257
filiacoes,camara:160540:54:PRB:2011-02-01,FIL-003258
filiacoes,camara:160541:54:PP:2011-02-01,FIL-003259
filiacoes,camara:160541:55:PP:2015-02-01,FIL-003260
filiacoes,camara:160541:56:PP:2019-02-01,FIL-003261
filiacoes,camara:160541:57:PP:2023-02-01,FIL-003262
filiacoes,camara:160542:54:PT:2011-02-01,FIL-003263
filiacoes,camara:160542:56:PT:2022-04-27,FIL-003264
filiacoes,camara:160543:54:PSC:2011-02-01,FIL-003265
filiacoes,camara:160543:55:PSC:2015-02-01,FIL-003266
filiacoes,camara:160544:54:DEM:2011-02-01,FIL-003267
filiacoes,camara:160544:54:PSD:2011-10-26,FIL-003268
filiacoes,camara:160544:55:PSD:2018-02-19,FIL-003269
filiacoes,camara:160544:55:PMDB:2018-04-11,FIL-003270
filiacoes,camara:160544:55:MDB:2018-05-21,FIL-003271
filiacoes,camara:160545:54:DEM:2011-02-01,FIL-003272
filiacoes,camara:160545:55:DEM:2015-02-01,FIL-003273
filiacoes,camara:160545:56:DEM:2019-02-01,FIL-003274
filiacoes,camara:160545:56:UNIÃO:2022-02-23,FIL-003275
filiacoes,camara:160545:57:UNIÃO:2023-02-01,FIL-003276
filiacoes,camara:160546:54:PMN:2011-02-01,FIL-003277
filiacoes,camara:160546:54:PSD:2011-10-26,FIL-003278
filiacoes,camara:160546:54:SDD:2013-10-01,FIL-003279
filiacoes,camara:160546:54:SD:2014-04-24,FIL-003280
filiacoes,camara:160547:54:PP:2011-02-01,FIL-003281
filiacoes,camara:160547:54:SDD:2013-10-04,FIL-003282
filiacoes,camara:160547:54:SD:2014-04-24,FIL-003283
filiacoes,camara:160547:55:SD:2016-04-18,FIL-003284
filiacoes,camara:160547:55:SOLIDARIEDADE:2018-12-17,FIL-003285
filiacoes,camara:160548:54:PSB:2011-02-01,FIL-003286
filiacoes,camara:160548:57:PSB:2023-02-01,FIL-003287
filiacoes,camara:160549:54:PT:2011-02-01,FIL-003288
filiacoes,camara:160550:54:PMDB:2011-02-01,FIL-003289
filiacoes,camara:160550:54:PSDB:2013-10-01,FIL-003290
filiacoes,camara:160551:54:PR:2011-02-01,FIL-003291
filiacoes,camara:160551:55:PR:2015-02-01,FIL-003292
filiacoes,camara:160552:54:PTB:2011-02-01,FIL-003293
filiacoes,camara:160552:54:PSD:2011-10-26,FIL-003294
filiacoes,camara:160552:55:PSD:2015-02-01,FIL-003295
filiacoes,camara:160552:56:PSD:2019-02-01,FIL-003296
filiacoes,camara:160552:57:PSD:2023-02-01,FIL-003297
filiacoes,camara:160553:54:PTB:2011-02-01,FIL-003298
filiacoes,camara:160553:55:PTB:2015-02-01,FIL-003299
filiacoes,camara:160553:55:PSD:2016-03-16,FIL-003300
filiacoes,camara:160553:56:PSD:2019-02-01,FIL-003301
filiacoes,camara:160553:57:PSD:2023-02-01,FIL-003302
filiacoes,camara:160554:54:PSDB:2011-02-01,FIL-003303
filiacoes,camara:160554:54:PEN:2012-11-05,FIL-003304
filiacoes,camara:160554:54:SDD:2013-10-07,FIL-003305
filiacoes,camara:160554:54:SD:2014-04-24,FIL-003306
filiacoes,camara:160555:54:PTDOB:2011-02-01,FIL-003307
filiacoes,camara:160556:54:PT:2011-02-01,FIL-003308
filiacoes,camara:160556:55:PT:2015-02-01,FIL-003309
filiacoes,camara:160556:56:PT:2019-02-01,FIL-003310
filiacoes,camara:160556:57:PT:2023-02-01,FIL-003311
filiacoes,camara:160557:54:PT:2011-02-01,FIL-003312
filiacoes,camara:160558:54:PR:2011-02-01,FIL-003313
filiacoes,camara:160558:55:PR:2015-02-01,FIL-003314
filiacoes,camara:160558:56:PR:2019-01-28,FIL-003315
filiacoes,camara:160558:56:PL:2019-05-22,FIL-003316
filiacoes,camara:160558:57:PL:2023-02-01,FIL-003317
filiacoes,camara:160559:54:PMDB:2011-02-01,FIL-003318
filiacoes,camara:160559:55:PMDB:2015-02-01,FIL-003319
filiacoes,camara:160559:55:MDB:2018-05-21,FIL-003320
filiacoes,camara:160559:56:MDB:2019-02-01,FIL-003321
filiacoes,camara:160559:57:MDB:2023-02-01,FIL-003322
filiacoes,camara:160560:54:PT:2011-02-01,FIL-003323
filiacoes,camara:160561:54:PP:2011-02-01,FIL-003324
filiacoes,camara:160561:55:PP:2015-02-01,FIL-003325
filiacoes,camara:160561:55:DEM:2016-03-18,FIL-003326
filiacoes,camara:160561:56:DEM:2022-04-20,FIL-003327
filiacoes,camara:160561:56:UNIÃO:2022-04-20,FIL-003328
filiacoes,camara:160561:57:PL:2023-02-01,FIL-003329
filiacoes,camara:160562:54:PR:2011-02-01,FIL-003330
filiacoes,camara:160562:54:PMDB:2011-10-25,FIL-003331
filiacoes,camara:160562:54:PR:2014-03-25,FIL-003332
filiacoes,camara:160563:54:DEM:2011-02-01,FIL-003333
filiacoes,camara:160563:54:PSD:2011-10-26,FIL-003334
filiacoes,camara:160564:54:PMDB:2011-02-01,FIL-003335
filiacoes,camara:160565:54:PSDB:2011-02-01,FIL-003336
filiacoes,camara:160565:55:PSDB:2015-02-01,FIL-003337
filiacoes,camara:160566:54:PSC:2011-02-01,FIL-003338
filiacoes,camara:160566:55:PSC:2016-03-16,FIL-003339
filiacoes,camara:160566:55:PSDB:2016-03-23,FIL-003340
filiacoes,camara:160567:52:PSDB:2002-12-16,FIL-003341
filiacoes,camara:160567:54:PSDB:2011-02-01,FIL-003342
filiacoes,camara:160567:55:PSDB:2015-02-01,FIL-003343
filiacoes,camara:160568:54:PT:2011-02-01,FIL-003344
filiacoes,camara:160569:54:PT:2011-02-01,FIL-003345
filiacoes,camara:160569:55:PT:2015-02-01,FIL-003346
filiacoes,camara:160569:56:PT:2019-02-01,FIL-003347
filiacoes,camara:160569:57:PT:2023-02-01,FIL-003348
filiacoes,camara:160570:54:PP:2011-02-01,FIL-003349
filiacoes,camara:160570:55:PP:2015-02-01,FIL-003350
filiacoes,camara:160570:56:PP:2019-02-01,FIL-003351
filiacoes,camara:160571:54:DEM:2011-02-01,FIL-003352
filiacoes,camara:160571:54:PSD:2011-10-26,FIL-003353
filiacoes,camara:160571:55:PSD:2015-02-01,FIL-003354
filiacoes,camara:160572:54:PTB:2011-02-01,FIL-003355
filiacoes,camara:160572:55:PTB:2015-02-01,FIL-003356
filiacoes,camara:160573:54:PMDB:2011-02-01,FIL-003357
filiacoes,camara:160573:55:PMDB:2015-02-01,FIL-003358
filiacoes,camara:160573:55:MDB:2018-05-21,FIL-003359
filiacoes,camara:160574:54:PCDOB:2011-02-01,FIL-003360
filiacoes,camara:160575:54:PT:2011-02-01,FIL-003361
filiacoes,camara:160575:55:PT:2015-02-01,FIL-003362
filiacoes,camara:160575:56:PT:2019-02-01,FIL-003363
filiacoes,camara:160575:57:PT:2023-02-01,FIL-003364
filiacoes,camara:160576:54:PPS:2011-02-01,FIL-003365
filiacoes,camara:160576:54:PSD:2011-10-26,FIL-003366
filiacoes,camara:160576:54:PRB:2013-10-07,FIL-003367
filiacoes,camara:160576:55:PRB:2015-02-01,FIL-003368
filiacoes,camara:160577:54:PMDB:2011-02-01,FIL-003369
filiacoes,camara:160578:54:PSC:2011-02-01,FIL-003370
filiacoes,camara:160578:55:PSC:2015-02-01,FIL-003371
filiacoes,camara:160578:55:PSD:2016-03-21,FIL-003372
filiacoes,camara:160579:54:PSB:2011-02-01,FIL-003373
filiacoes,camara:160580:54:PP:2011-02-01,FIL-003374
filiacoes,camara:160580:54:PROS:2013-10-09,FIL-003375
filiacoes,camara:160581:54:PCDOB:2011-02-01,FIL-003376
filiacoes,camara:160581:55:PCDOB:2017-01-01,FIL-003377
filiacoes,camara:160582:54:PMDB:2011-02-01,FIL-003378
filiacoes,camara:160582:55:PMDB:2015-04-09,FIL-003379
filiacoes,camara:160582:55:PP:2016-04-18,FIL-003380
filiacoes,camara:160584:54:PT:2011-03-02,FIL-003381
filiacoes,camara:160585:54:PSDB:2011-02-01,FIL-003382
filiacoes,camara:160586:54:PSDB:2011-02-01,FIL-003383
filiacoes,camara:160587:54:PMDB:2011-02-01,FIL-003384
filiacoes,camara:160587:55:PMDB:2017-12-15,FIL-003385
filiacoes,camara:160587:55:PSD:2018-01-31,FIL-003386
filiacoes,camara:160587:56:PSD:2019-02-01,FIL-003387
filiacoes,camara:160588:54:PR:2011-02-01,FIL-003388
filiacoes,camara:160588:54:PSD:2011-10-26,FIL-003389
filiacoes,camara:160588:55:PSD:2015-02-01,FIL-003390
filiacoes,camara:160588:56:PSD:2019-02-01,FIL-003391
filiacoes,camara:160588:57:PSD:2023-02-01,FIL-003392
filiacoes,camara:160589:54:PSDB:2011-02-01,FIL-003393
filiacoes,camara:160589:55:PSDB:2015-02-01,FIL-003394
filiacoes,camara:160589:56:PSDB:2019-02-01,FIL-003395
filiacoes,camara:160590:54:PSDB:2011-02-01,FIL-003396
filiacoes,camara:160590:54:PSD:2011-10-26,FIL-003397
filiacoes,camara:160590:54:PSDB:2013-10-31,FIL-003398
filiacoes,camara:160591:54:PRTB:2011-02-01,FIL-003399
filiacoes,camara:160591:54:PR:2011-09-30,FIL-003400
filiacoes,camara:160591:55:PR:2015-02-01,FIL-003401
filiacoes,camara:160591:56:PR:2019-02-01,FIL-003402
filiacoes,camara:160591:56:PL:2019-05-22,FIL-003403
filiacoes,camara:160591:57:PL:2023-02-01,FIL-003404
filiacoes,camara:160592:54:PT:2011-02-01,FIL-003405
filiacoes,camara:160592:55:PT:2015-02-01,FIL-003406
filiacoes,camara:160592:56:PT:2019-02-01,FIL-003407
filiacoes,camara:160592:57:PT:2023-02-01,FIL-003408
filiacoes,camara:160593:54:PV:2011-02-01,FIL-003409
filiacoes,camara:160594:54:PT:2011-02-01,FIL-003410
filiacoes,camara:160595:54:PSDB:2011-02-01,FIL-003411
filiacoes,camara:160596:54:DEM:2011-02-01,FIL-003412
filiacoes,camara:160596:54:PSD:2011-10-26,FIL-003413
filiacoes,camara:160596:55:PSD:2015-02-01,FIL-003414
filiacoes,camara:160596:55:PP:2018-04-10,FIL-003415
filiacoes,camara:160597:54:PSB:2011-02-01,FIL-003416
filiacoes,camara:160597:54:PSB:2013-10-02,FIL-003417
filiacoes,camara:160598:54:PDT:2011-02-01,FIL-003418
filiacoes,camara:160598:55:PDT:2015-02-01,FIL-003419
filiacoes,camara:160598:56:PDT:2019-02-01,FIL-003420
filiacoes,camara:160598:57:PDT:2023-02-01,FIL-003421
filiacoes,camara:160598:57:MDB:2026-04-29,FIL-003422
filiacoes,camara:160599:54:PP:2011-02-01,FIL-003423
filiacoes,camara:160599:55:PP:2015-02-01,FIL-003424
filiacoes,camara:160599:56:PP:2019-02-01,FIL-003425
filiacoes,camara:160599:57:PP:2023-02-01,FIL-003426
filiacoes,camara:160600:54:PMDB:2011-02-01,FIL-003427
filiacoes,camara:160600:54:SDD:2013-10-04,FIL-003428
filiacoes,camara:160600:54:SD:2014-04-24,FIL-003429
filiacoes,camara:160600:55:SD:2015-02-01,FIL-003430
filiacoes,camara:160600:55:PPS:2016-03-17,FIL-003431
filiacoes,camara:160600:55:DEM:2018-04-10,FIL-003432
filiacoes,camara:160600:56:DEM:2019-02-01,FIL-003433
filiacoes,camara:160600:56:UNIÃO:2022-02-23,FIL-003434
filiacoes,camara:160600:57:UNIÃO:2023-02-01,FIL-003435
filiacoes,camara:160601:54:PSC:2011-02-01,FIL-003436
filiacoes,camara:160601:55:PSC:2015-02-01,FIL-003437
filiacoes,camara:160601:55:PODE:2018-03-14,FIL-003438
filiacoes,camara:160601:56:PODE:2019-02-01,FIL-003439
filiacoes,camara:160601:56:REPUBLICANOS:2020-04-30,FIL-003440
filiacoes,camara:160601:56:PL:2021-08-27,FIL-003441
filiacoes,camara:160601:57:PL:2023-02-01,FIL-003442
filiacoes,camara:160602:54:PPS:2011-02-01,FIL-003443
filiacoes,camara:160602:55:PPS:2015-02-01,FIL-003444
filiacoes,camara:160603:54:PT:2011-02-01,FIL-003445
filiacoes,camara:160604:54:PT:2011-02-01,FIL-003446
filiacoes,camara:160604:55:PT:2015-02-01,FIL-003447
filiacoes,camara:160604:56:PT:2019-02-01,FIL-003448
filiacoes,camara:160604:57:PT:2023-02-01,FIL-003449
filiacoes,camara:160605:54:PP:2011-02-01,FIL-003450
filiacoes,camara:160606:54:PCDOB:2011-02-01,FIL-003451
filiacoes,camara:160607:54:PSB:2011-02-01,FIL-003452
filiacoes,camara:160607:55:PSB:2015-02-01,FIL-003453
filiacoes,camara:160608:54:PMDB:2011-02-01,FIL-003454
filiacoes,camara:160609:54:PMN:2011-02-01,FIL-003455
filiacoes,camara:160609:54:PSD:2011-10-26,FIL-003456
filiacoes,camara:160609:55:PSD:2023-02-01,FIL-003457
filiacoes,camara:160610:54:PT:2011-02-01,FIL-003458
filiacoes,camara:160610:55:PT:2015-02-01,FIL-003459
filiacoes,camara:160610:56:PT:2019-02-01,FIL-003460
filiacoes,camara:160610:57:PT:2023-02-01,FIL-003461
filiacoes,camara:160611:54:PP:2011-02-01,FIL-003462
filiacoes,camara:160611:55:PP:2015-02-01,FIL-003463
filiacoes,camara:160612:54:PDT:2011-02-01,FIL-003464
filiacoes,camara:160612:54:PSD:2011-10-26,FIL-003465
filiacoes,camara:160612:55:PSD:2015-02-01,FIL-003466
filiacoes,camara:160612:55:PMDB:2016-03-21,FIL-003467
filiacoes,camara:160612:55:PODE:2017-09-05,FIL-003468
filiacoes,camara:160612:55:DEM:2018-03-20,FIL-003469
filiacoes,camara:160613:54:PT:2011-02-01,FIL-003470
filiacoes,camara:160613:55:PT:2015-02-01,FIL-003471
filiacoes,camara:160614:54:PV:2011-02-01,FIL-003472
filiacoes,camara:160615:54:PSDB:2011-02-01,FIL-003473
filiacoes,camara:160616:54:PTC:2011-02-01,FIL-003474
filiacoes,camara:160617:54:PMDB:2011-02-01,FIL-003475
filiacoes,camara:160617:54:PSD:2011-10-26,FIL-003476
filiacoes,camara:160617:55:PSD:2015-02-01,FIL-003477
filiacoes,camara:160618:54:PCDOB:2011-02-01,FIL-003478
filiacoes,camara:160618:54:PSD:2011-10-26,FIL-003479
filiacoes,camara:160619:54:DEM:2011-02-01,FIL-003480
filiacoes,camara:160619:54:PSD:2011-10-26,FIL-003481
filiacoes,camara:160619:55:PSD:2015-02-01,FIL-003482
filiacoes,camara:160619:56:PSD:2019-02-01,FIL-003483
filiacoes,camara:160620:54:PMDB:2011-02-01,FIL-003484
filiacoes,camara:160620:55:PMDB:2015-02-01,FIL-003485
filiacoes,camara:160620:55:MDB:2018-05-21,FIL-003486
filiacoes,camara:160621:54:PPS:2011-02-01,FIL-003487
filiacoes,camara:160621:55:PPS:2015-02-01,FIL-003488
filiacoes,camara:160621:55:PSD:2016-03-30,FIL-003489
filiacoes,camara:160621:56:PSD:2019-02-01,FIL-003490
filiacoes,camara:160621:57:PSD:2023-02-01,FIL-003491
filiacoes,camara:160622:54:PT:2011-02-01,FIL-003492
filiacoes,camara:160622:55:PT:2015-02-01,FIL-003493
filiacoes,camara:160623:54:PMDB:2011-02-01,FIL-003494
filiacoes,camara:160624:54:PTB:2011-02-01,FIL-003495
filiacoes,camara:160625:54:PR:2011-02-01,FIL-003496
filiacoes,camara:160626:54:PMDB:2011-02-01,FIL-003497
filiacoes,camara:160626:54:PPS:2011-11-08,FIL-003498
filiacoes,camara:160626:54:PMDB:2013-10-01,FIL-003499
filiacoes,camara:160627:54:PPS:2011-02-01,FIL-003500
filiacoes,camara:160628:54:PCDOB:2011-02-01,FIL-003501
filiacoes,camara:160628:55:PCDOB:2015-02-01,FIL-003502
filiacoes,camara:160629:54:PSDB:2011-02-01,FIL-003503
filiacoes,camara:160629:57:PSC:2023-02-01,FIL-003504
filiacoes,camara:160629:57:PODE:2023-08-22,FIL-003505
filiacoes,camara:160630:54:PT:2011-02-01,FIL-003506
filiacoes,camara:160630:55:PT:2015-02-01,FIL-003507
filiacoes,camara:160631:54:PTB:2011-02-01,FIL-003508
filiacoes,camara:160631:55:PTB:2015-02-09,FIL-003509
filiacoes,camara:160631:55:PEN:2016-04-01,FIL-003510
filiacoes,camara:160631:55:PATRI:2018-05-23,FIL-003511
filiacoes,camara:160632:54:PDT:2011-02-01,FIL-003512
filiacoes,camara:160632:54:SDD:2013-10-04,FIL-003513
filiacoes,camara:160632:54:SD:2014-04-24,FIL-003514
filiacoes,camara:160632:55:SD:2015-02-01,FIL-003515
filiacoes,camara:160632:55:SOLIDARIEDADE:2018-12-17,FIL-003516
filiacoes,camara:160632:56:SOLIDARIEDADE:2019-02-01,FIL-003517
filiacoes,camara:160632:57:SOLIDARIEDADE:2023-02-01,FIL-003518
filiacoes,camara:160632:57:UNIÃO:2026-04-01,FIL-003519
filiacoes,camara:160633:54:DEM:2011-02-01,FIL-003520
filiacoes,camara:160633:55:DEM:2015-02-01,FIL-003521
filiacoes,camara:160634:54:PRP:2011-02-01,FIL-003522
filiacoes,camara:160635:54:PSDB:2011-02-01,FIL-003523
filiacoes,camara:160635:56:PSDB:2019-02-01,FIL-003524
filiacoes,camara:160635:56:PSC:2022-04-20,FIL-003525
filiacoes,camara:160635:57:PSC:2023-02-01,FIL-003526
filiacoes,camara:160635:57:PODE:2023-08-22,FIL-003527
filiacoes,camara:160636:54:PMDB:2011-02-01,FIL-003528
filiacoes,camara:160636:54:PTB:2013-10-08,FIL-003529
filiacoes,camara:160636:55:PTB:2015-02-01,FIL-003530
filiacoes,camara:160637:54:PR:2011-02-01,FIL-003531
filiacoes,camara:160637:54:PROS:2013-10-02,FIL-003532
filiacoes,camara:160637:55:PROS:2015-02-01,FIL-003533
filiacoes,camara:160637:55:PODE:2018-04-06,FIL-003534
filiacoes,camara:160638:54:PDT:2011-02-01,FIL-003535
filiacoes,camara:160639:54:DEM:2011-02-01,FIL-003536
filiacoes,camara:160639:55:DEM:2015-02-01,FIL-003537
filiacoes,camara:160639:56:DEM:2019-02-01,FIL-003538
filiacoes,camara:160639:56:UNIÃO:2022-02-23,FIL-003539
filiacoes,camara:160640:54:PTB:2011-02-01,FIL-003540
filiacoes,camara:160640:55:PTB:2015-02-01,FIL-003541
filiacoes,camara:160640:55:PROS:2016-03-02,FIL-003542
filiacoes,camara:160640:56:PROS:2019-02-01,FIL-003543
filiacoes,camara:160640:56:PL:2022-03-28,FIL-003544
filiacoes,camara:160640:57:PL:2023-02-01,FIL-003545
filiacoes,camara:160641:54:PT:2011-02-01,FIL-003546
filiacoes,camara:160641:55:PT:2015-02-01,FIL-003547
filiacoes,camara:160641:55:PCDOB:2016-03-22,FIL-003548
filiacoes,camara:160641:56:PCDOB:2019-02-01,FIL-003549
filiacoes,camara:160641:57:PCDOB:2023-02-01,FIL-003550
filiacoes,camara:160642:54:PSB:2011-02-01,FIL-003551
filiacoes,camara:160642:55:PSB:2015-02-01,FIL-003552
filiacoes,camara:160642:55:PHS:2016-03-16,FIL-003553
filiacoes,camara:160642:55:PEN:2018-04-05,FIL-003554
filiacoes,camara:160642:55:PATRI:2018-05-23,FIL-003555
filiacoes,camara:160642:56:PATRI:2019-02-01,FIL-003556
filiacoes,camara:160642:56:PATRIOTA:2019-06-03,FIL-003557
filiacoes,camara:160642:56:PL:2022-03-30,FIL-003558
filiacoes,camara:160642:57:PL:2023-02-01,FIL-003559
filiacoes,camara:160642:57:PSDB:2026-04-10,FIL-003560
filiacoes,camara:160643:54:PDT:2011-02-01,FIL-003561
filiacoes,camara:160643:54:PROS:2013-10-02,FIL-003562
filiacoes,camara:160643:55:PROS:2015-02-01,FIL-003563
filiacoes,camara:160643:55:PHS:2016-03-10,FIL-003564
filiacoes,camara:160643:55:SD:2018-04-04,FIL-003565
filiacoes,camara:160643:55:SOLIDARIEDADE:2018-12-17,FIL-003566
filiacoes,camara:160644:54:PT:2011-02-01,FIL-003567
filiacoes,camara:160645:54:PSDB:2011-02-01,FIL-003568
filiacoes,camara:160645:56:PSDB:2019-02-01,FIL-003569
filiacoes,camara:160646:54:PSDB:2011-02-01,FIL-003570
filiacoes,camara:160646:54:PEN:2012-07-17,FIL-003571
filiacoes,camara:160646:54:SDD:2013-10-03,FIL-003572
filiacoes,camara:160646:54:SD:2014-04-24,FIL-003573
filiacoes,camara:160646:55:SD:2015-02-01,FIL-003574
filiacoes,camara:160646:55:PSL:2018-03-27,FIL-003575
filiacoes,camara:160647:54:PSDB:2011-02-01,FIL-003576
filiacoes,camara:160648:54:PMDB:2011-02-01,FIL-003577
filiacoes,camara:160648:55:MDB:2018-04-26,FIL-003578
filiacoes,camara:160649:54:PP:2011-02-01,FIL-003579
filiacoes,camara:160649:55:PP:2015-02-01,FIL-003580
filiacoes,camara:160650:54:PDT:2011-02-01,FIL-003581
filiacoes,camara:160651:54:PMDB:2011-02-01,FIL-003582
filiacoes,camara:160651:55:PMDB:2015-02-01,FIL-003583
filiacoes,camara:160651:55:MDB:2018-05-21,FIL-003584
filiacoes,camara:160651:56:MDB:2019-02-01,FIL-003585
filiacoes,camara:160652:54:PP:2011-02-01,FIL-003586
filiacoes,camara:160652:55:PP:2016-05-12,FIL-003587
filiacoes,camara:160653:54:PV:2011-02-01,FIL-003588
filiacoes,camara:160653:55:PV:2015-02-01,FIL-003589
filiacoes,camara:160653:55:PODE:2018-03-26,FIL-003590
filiacoes,camara:160653:56:PODE:2019-02-01,FIL-003591
filiacoes,camara:160653:56:REPUBLICANOS:2022-03-30,FIL-003592
filiacoes,camara:160654:54:PP:2011-02-01,FIL-003593
filiacoes,camara:160654:55:PP:2015-02-01,FIL-003594
filiacoes,camara:160655:54:PV:2011-02-01,FIL-003595
filiacoes,camara:160655:54:PSD:2011-10-27,FIL-003596
filiacoes,camara:160655:55:PSD:2015-02-01,FIL-003597
filiacoes,camara:160655:55:PP:2016-03-18,FIL-003598
filiacoes,camara:160655:56:PP:2019-02-01,FIL-003599
filiacoes,camara:160655:56:REPUBLICANOS:2022-03-11,FIL-003600
filiacoes,camara:160656:54:PP:2011-02-01,FIL-003601
filiacoes,camara:160656:54:PSD:2011-10-26,FIL-003602
filiacoes,camara:160656:54:PP:2013-10-03,FIL-003603
filiacoes,camara:160657:54:PT:2011-02-01,FIL-003604
filiacoes,camara:160658:54:PT:2011-02-01,FIL-003605
filiacoes,camara:160659:54:PSB:2011-02-01,FIL-003606
filiacoes,camara:160659:55:PSB:2015-02-01,FIL-003607
filiacoes,camara:160660:54:PSC:2011-02-01,FIL-003608
filiacoes,camara:160660:54:PSD:2011-10-26,FIL-003609
filiacoes,camara:160660:54:DEM:2013-10-01,FIL-003610
filiacoes,camara:160660:55:DEM:2015-02-03,FIL-003611
filiacoes,camara:160661:54:PTB:2011-02-01,FIL-003612
filiacoes,camara:160661:54:PROS:2013-10-08,FIL-003613
filiacoes,camara:160662:54:PSDB:2011-02-01,FIL-003614
filiacoes,camara:160663:54:PSB:2011-02-01,FIL-003615
filiacoes,camara:160663:55:PSB:2015-02-01,FIL-003616
filiacoes,camara:160664:54:PSDB:2011-02-01,FIL-003617
filiacoes,camara:160665:54:DEM:2011-02-01,FIL-003618
filiacoes,camara:160665:54:SDD:2013-10-01,FIL-003619
filiacoes,camara:160665:54:SD:2014-04-24,FIL-003620
filiacoes,camara:160665:55:SD:2015-02-04,FIL-003621
filiacoes,camara:160665:55:SOLIDARIEDADE:2018-12-17,FIL-003622
filiacoes,camara:160665:56:SOLIDARIEDADE:2019-02-01,FIL-003623
filiacoes,camara:160665:56:REPUBLICANOS:2022-03-24,FIL-003624
filiacoes,camara:160665:57:REPUBLICANOS:2023-02-01,FIL-003625
filiacoes,camara:160666:54:PDT:2011-02-01,FIL-003626
filiacoes,camara:160666:55:PDT:2015-02-01,FIL-003627
filiacoes,camara:160666:56:PDT:2019-02-01,FIL-003628
filiacoes,camara:160666:57:PDT:2023-02-01,FIL-003629
filiacoes,camara:160667:54:PV:2011-02-01,FIL-003630
filiacoes,camara:160667:54:PSD:2011-10-26,FIL-003631
filiacoes,camara:160667:54:PP:2013-08-06,FIL-003632
filiacoes,camara:160667:55:PP:2015-02-01,FIL-003633
filiacoes,camara:160667:56:PP:2019-02-01,FIL-003634
filiacoes,camara:160668:54:DEM:2011-02-01,FIL-003635
filiacoes,camara:160669:54:PMDB:2011-02-01,FIL-003636
filiacoes,camara:160669:54:SDD:2013-10-02,FIL-003637
filiacoes,camara:160669:54:SD:2014-04-24,FIL-003638
filiacoes,camara:160669:55:SD:2015-02-01,FIL-003639
filiacoes,camara:160669:55:SOLIDARIEDADE:2018-12-17,FIL-003640
filiacoes,camara:160669:56:SOLIDARIEDADE:2019-02-01,FIL-003641
filiacoes,camara:160669:56:PL:2022-04-06,FIL-003642
filiacoes,camara:160670:54:PT:2011-02-01,FIL-003643
filiacoes,camara:160671:54:PT:2011-02-01,FIL-003644
filiacoes,camara:160672:54:PSOL:2011-02-01,FIL-003645
filiacoes,camara:160672:55:PSOL:2015-02-01,FIL-003646
filiacoes,camara:160672:56:PSOL:2019-01-28,FIL-003647
filiacoes,camara:160673:54:PDT:2011-02-01,FIL-003648
filiacoes,camara:160673:55:PDT:2015-02-01,FIL-003649
filiacoes,camara:160673:55:PR:2016-07-12,FIL-003650
filiacoes,camara:160673:56:PR:2019-02-01,FIL-003651
filiacoes,camara:160673:56:PL:2019-05-22,FIL-003652
filiacoes,camara:160673:57:PL:2023-02-01,FIL-003653
filiacoes,camara:160674:54:PMDB:2011-02-01,FIL-003654
filiacoes,camara:160674:55:PMDB:2015-02-01,FIL-003655
filiacoes,camara:160674:55:PRB:2018-04-06,FIL-003656
filiacoes,camara:160674:56:PRB:2019-02-01,FIL-003657
filiacoes,camara:160674:56:REPUBLICANOS:2019-08-16,FIL-003658
filiacoes,camara:160674:57:REPUBLICANOS:2023-02-01,FIL-003659
filiacoes,camara:160675:54:PRP:2011-02-01,FIL-003660
filiacoes,camara:160676:54:DEM:2011-02-01,FIL-003661
filiacoes,camara:160676:54:PSD:2011-10-26,FIL-003662
filiacoes,camara:160676:55:PSD:2015-02-03,FIL-003663
filiacoes,camara:160677:54:PR:2011-02-01,FIL-003664
filiacoes,camara:160677:55:PR:2015-02-01,FIL-003665
filiacoes,camara:160677:55:DEM:2016-03-18,FIL-003666
filiacoes,camara:160678:54:PT:2011-02-01,FIL-003667
filiacoes,camara:160679:54:PT:2011-02-01,FIL-003668
filiacoes,camara:160680:54:PSB:2011-02-01,FIL-003669
filiacoes,camara:160758:54:PSDB:2011-02-01,FIL-003670
filiacoes,camara:160758:55:PSDB:2015-02-01,FIL-003671
filiacoes,camara:160758:56:PSDB:2019-02-01,FIL-003672
filiacoes,camara:160758:56:PL:2022-04-01,FIL-003673
filiacoes,camara:160758:57:PL:2023-02-01,FIL-003674
filiacoes,camara:160974:54:DEM:2011-02-01,FIL-003675
filiacoes,camara:160974:54:PSD:2011-10-26,FIL-003676
filiacoes,camara:160976:54:PR:2011-02-01,FIL-003677
filiacoes,camara:160976:55:PR:2015-02-01,FIL-003678
filiacoes,camara:160976:56:PR:2019-02-01,FIL-003679
filiacoes,camara:160976:56:PL:2019-05-22,FIL-003680
filiacoes,camara:160976:57:PL:2023-02-01,FIL-003681
filiacoes,camara:160976:57:PSD:2025-11-13,FIL-003682
filiacoes,camara:161440:57:MDB:2023-01-19,FIL-003683
filiacoes,camara:161550:56:PSB:2019-02-01,FIL-003684
filiacoes,camara:161550:56:PL:2022-04-01,FIL-003685
filiacoes,camara:161550:57:PL:2023-02-01,FIL-003686
filiacoes,camara:161903:54:PP:2011-02-02,FIL-003687
filiacoes,camara:161903:54:PSD:2011-10-26,FIL-003688
filiacoes,camara:161904:54:PSDB:2011-02-02,FIL-003689
filiacoes,camara:161904:54:PROS:2013-10-02,FIL-003690
filiacoes,camara:161905:54:PSDB:2011-02-02,FIL-003691
filiacoes,camara:161906:54:PMDB:2011-02-03,FIL-003692
filiacoes,camara:161907:54:PRB:2011-02-02,FIL-003693
filiacoes,camara:161962:54:PSB:2011-02-04,FIL-003694
filiacoes,camara:162067:57:PT:2023-02-01,FIL-003695
filiacoes,camara:162174:54:PT:2011-02-04,FIL-003696
filiacoes,camara:162174:55:PT:2023-02-01,FIL-003697
filiacoes,camara:162175:54:PT:2011-02-03,FIL-003698
filiacoes,camara:162332:54:PSDB:2011-02-04,FIL-003699
filiacoes,camara:162332:54:PR:2013-10-07,FIL-003700
filiacoes,camara:162332:55:PR:2015-02-01,FIL-003701
filiacoes,camara:162332:56:PR:2019-02-01,FIL-003702
filiacoes,camara:162332:56:PL:2019-05-22,FIL-003703
filiacoes,camara:162332:56:PSD:2022-03-24,FIL-003704
filiacoes,camara:162332:57:PSD:2023-02-01,FIL-003705
filiacoes,camara:162490:54:PSDB:2011-02-09,FIL-003706
filiacoes,camara:163321:54:PTB:2011-02-15,FIL-003707
filiacoes,camara:163321:55:PTB:2015-02-01,FIL-003708
filiacoes,camara:163321:57:REPUBLICANOS:2023-02-01,FIL-003709
filiacoes,camara:163322:54:PRB:2011-02-15,FIL-003710
filiacoes,camara:163322:54:PP:2013-09-30,FIL-003711
filiacoes,camara:163831:54:PMDB:2011-02-18,FIL-003712
filiacoes,camara:163831:55:PMDB:2015-02-01,FIL-003713
filiacoes,camara:163831:55:MDB:2018-05-21,FIL-003714
filiacoes,camara:164359:54:PSDB:2011-03-01,FIL-003715
filiacoes,camara:164359:55:PSDB:2015-02-01,FIL-003716
filiacoes,camara:164359:55:PR:2016-03-15,FIL-003717
filiacoes,camara:164359:55:PSL:2018-03-26,FIL-003718
filiacoes,camara:164359:56:PSL:2019-02-01,FIL-003719
filiacoes,camara:164359:56:UNIÃO:2022-02-23,FIL-003720
filiacoes,camara:164360:54:PPS:2011-03-01,FIL-003721
filiacoes,camara:164360:55:PPS:2015-02-01,FIL-003722
filiacoes,camara:164360:56:PPS:2019-02-01,FIL-003723
filiacoes,camara:164360:56:CIDADANIA:2019-04-05,FIL-003724
filiacoes,camara:164360:57:CIDADANIA:2023-02-01,FIL-003725
filiacoes,camara:164361:54:PT:2011-03-02,FIL-003726
filiacoes,camara:165429:54:PMDB:2011-03-02,FIL-003727
filiacoes,camara:165470:57:UNIÃO:2023-02-01,FIL-003728
filiacoes,camara:165470:57:PL:2026-04-01,FIL-003729
filiacoes,camara:165583:54:PSDB:2011-05-02,FIL-003730
filiacoes,camara:165675:54:PSL:2011-05-11,FIL-003731
filiacoes,camara:165675:54:PSD:2011-10-26,FIL-003732
filiacoes,camara:166401:54:PSDB:2011-07-13,FIL-003733
filiacoes,camara:166401:55:PSDB:2015-02-01,FIL-003734
filiacoes,camara:166402:54:PTB:2011-07-12,FIL-003735
filiacoes,camara:166402:54:PR:2013-09-25,FIL-003736
filiacoes,camara:166402:55:PR:2015-02-01,FIL-003737
filiacoes,camara:166402:56:PR:2019-02-01,FIL-003738
filiacoes,camara:166402:56:PL:2019-05-22,FIL-003739
filiacoes,camara:166402:57:PL:2023-02-01,FIL-003740
filiacoes,camara:166402:57:PATRIOTA:2023-09-26,FIL-003741
filiacoes,camara:166402:57:PRD:2024-02-07,FIL-003742
filiacoes,camara:166402:57:PL:2026-03-06,FIL-003743
filiacoes,camara:166727:54:PSB:2011-08-01,FIL-003744
filiacoes,camara:167493:54:PDT:2011-10-04,FIL-003745
filiacoes,camara:167493:55:PDT:2015-02-01,FIL-003746
filiacoes,camara:167614:54:PSB:2011-10-20,FIL-003747
filiacoes,camara:167614:55:PSB:2016-05-12,FIL-003748
filiacoes,camara:167614:56:PSB:2023-01-02,FIL-003749
filiacoes,camara:167617:54:PT:2011-10-31,FIL-003750
filiacoes,camara:167707:54:DEM:2011-11-08,FIL-003751
filiacoes,camara:167707:54:PMDB:2011-11-08,FIL-003752
filiacoes,camara:167722:54:PDT:2011-11-17,FIL-003753
filiacoes,camara:167722:55:PDT:2015-02-01,FIL-003754
filiacoes,camara:167722:55:DEM:2016-03-17,FIL-003755
filiacoes,camara:168034:54:PDT:2011-12-05,FIL-003756
filiacoes,camara:168034:54:PSB:2011-12-07,FIL-003757
filiacoes,camara:168175:54:PPS:2011-12-19,FIL-003758
filiacoes,camara:168175:54:SDD:2013-10-02,FIL-003759
filiacoes,camara:168175:54:SD:2014-04-24,FIL-003760
filiacoes,camara:168175:56:SOLIDARIEDADE:2019-02-25,FIL-003761
filiacoes,camara:168253:54:PP:2012-01-05,FIL-003762
filiacoes,camara:168447:54:PMDB:2012-02-07,FIL-003763
filiacoes,camara:169553:54:PMDB:2012-05-31,FIL-003764
filiacoes,camara:169711:54:PSDB:2012-06-12,FIL-003765
filiacoes,camara:169712:54:PSDB:2012-06-06,FIL-003766
filiacoes,camara:169712:54:PSB:2013-10-02,FIL-003767
filiacoes,camara:169868:54:PRP:2012-07-02,FIL-003768
filiacoes,camara:170489:54:PDT:2012-05-03,FIL-003769
filiacoes,camara:170673:54:PSC:2012-08-07,FIL-003770
filiacoes,camara:170673:55:PSC:2016-05-16,FIL-003771
filiacoes,camara:170673:55:PSD:2016-05-18,FIL-003772
filiacoes,camara:171139:57:SOLIDARIEDADE:2023-02-01,FIL-003773
filiacoes,camara:171617:54:PT:2013-01-01,FIL-003774
filiacoes,camara:171617:55:PT:2015-02-01,FIL-003775
filiacoes,camara:171617:56:PT:2019-02-01,FIL-003776
filiacoes,camara:171617:57:PT:2023-02-01,FIL-003777
filiacoes,camara:171618:54:DEM:2012-12-31,FIL-003778
filiacoes,camara:171619:54:PT:2013-01-01,FIL-003779
filiacoes,camara:171619:55:PT:2015-02-01,FIL-003780
filiacoes,camara:171619:56:PT:2019-02-01,FIL-003781
filiacoes,camara:171620:54:PP:2013-01-01,FIL-003782
filiacoes,camara:171620:55:PP:2016-12-31,FIL-003783
filiacoes,camara:171621:54:PV:2013-01-01,FIL-003784
filiacoes,camara:171622:54:PR:2012-12-31,FIL-003785
filiacoes,camara:171623:54:PMDB:2013-01-01,FIL-003786
filiacoes,camara:171623:55:PMDB:2015-02-01,FIL-003787
filiacoes,camara:171623:55:MDB:2018-05-21,FIL-003788
filiacoes,camara:171623:56:MDB:2019-02-01,FIL-003789
filiacoes,camara:171623:56:PSD:2022-04-04,FIL-003790
filiacoes,camara:171623:57:PSD:2023-02-01,FIL-003791
filiacoes,camara:171782:54:PCDOB:2013-01-04,FIL-003792
filiacoes,camara:171782:55:PCDOB:2018-10-16,FIL-003793
filiacoes,camara:171786:57:PT:2023-02-01,FIL-003794
filiacoes,camara:172029:54:PT:2013-01-01,FIL-003795
filiacoes,camara:172711:54:DEM:2013-01-25,FIL-003796
filiacoes,camara:172711:54:PSDB:2013-03-07,FIL-003797
filiacoes,camara:172945:54:PSC:2013-03-07,FIL-003798
filiacoes,camara:173262:54:PT:2013-04-05,FIL-003799
filiacoes,camara:173269:54:PMDB:2013-04-10,FIL-003800
filiacoes,camara:173802:54:PR:2013-05-07,FIL-003801
filiacoes,camara:174314:54:DEM:2013-06-13,FIL-003802
filiacoes,camara:174314:54:PSD:2013-06-18,FIL-003803
filiacoes,camara:174854:54:PV:2014-12-18,FIL-003804
filiacoes,camara:174861:54:PMDB:2013-08-29,FIL-003805
filiacoes,camara:175212:54:PT:2013-10-04,FIL-003806
filiacoes,camara:175737:54:PT:2013-09-16,FIL-003807
filiacoes,camara:175765:57:PSD:2023-02-01,FIL-003808
filiacoes,camara:175765:57:PODE:2026-04-29,FIL-003809
filiacoes,camara:176120:54:PCDOB:2014-02-17,FIL-003810
filiacoes,camara:176794:54:PT:2014-04-01,FIL-003811
filiacoes,camara:177118:54:PSDC:2014-04-16,FIL-003812
filiacoes,camara:177282:54:PV:2014-05-08,FIL-003813
filiacoes,camara:177282:54:PDT:2014-05-08,FIL-003814
filiacoes,camara:177282:55:PDT:2015-02-01,FIL-003815
filiacoes,camara:177282:56:PDT:2019-02-01,FIL-003816
filiacoes,camara:177282:56:PSD:2022-04-01,FIL-003817
filiacoes,camara:178387:54:PT:2014-08-18,FIL-003818
filiacoes,camara:178802:54:PSDC:2014-04-10,FIL-003819
filiacoes,camara:178802:55:PSDC:2015-02-01,FIL-003820
filiacoes,camara:178802:55:PMB:2015-11-24,FIL-003821
filiacoes,camara:178802:55:PTN:2016-02-03,FIL-003822
filiacoes,camara:178802:55:PODE:2017-05-19,FIL-003823
filiacoes,camara:178802:55:PR:2018-04-05,FIL-003824
filiacoes,camara:178821:54:PSB:2011-08-01,FIL-003825
filiacoes,camara:178825:55:PT:2015-02-01,FIL-003826
filiacoes,camara:178825:56:PT:2020-11-05,FIL-003827
filiacoes,camara:178826:55:PDT:2015-02-01,FIL-003828
filiacoes,camara:178826:55:PMB:2015-11-25,FIL-003829
filiacoes,camara:178826:55:SD:2016-03-16,FIL-003830
filiacoes,camara:178826:55:PSL:2018-04-04,FIL-003831
filiacoes,camara:178827:54:PTB:2014-12-30,FIL-003832
filiacoes,camara:178827:55:PSDB:2015-02-01,FIL-003833
filiacoes,camara:178828:55:PV:2015-02-01,FIL-003834
filiacoes,camara:178829:55:PR:2015-02-01,FIL-003835
filiacoes,camara:178829:56:PR:2019-02-01,FIL-003836
filiacoes,camara:178829:56:PL:2019-05-22,FIL-003837
filiacoes,camara:178829:57:PL:2023-02-01,FIL-003838
filiacoes,camara:178830:54:PV:2015-01-01,FIL-003839
filiacoes,camara:178830:55:PV:2015-02-01,FIL-003840
filiacoes,camara:178830:55:PMB:2015-11-27,FIL-003841
filiacoes,camara:178830:55:PTN:2016-03-16,FIL-003842
filiacoes,camara:178830:55:PODE:2017-05-19,FIL-003843
filiacoes,camara:178830:56:PODE:2020-03-03,FIL-003844
filiacoes,camara:178831:55:PRB:2015-02-01,FIL-003845
filiacoes,camara:178831:55:PP:2016-02-24,FIL-003846
filiacoes,camara:178831:56:PP:2019-02-01,FIL-003847
filiacoes,camara:178831:57:PP:2023-02-01,FIL-003848
filiacoes,camara:178832:55:PV:2015-02-01,FIL-003849
filiacoes,camara:178832:56:PV:2019-02-01,FIL-003850
filiacoes,camara:178832:56:PSD:2022-03-18,FIL-003851
filiacoes,camara:178832:57:PSD:2023-02-01,FIL-003852
filiacoes,camara:178833:55:PSD:2015-02-01,FIL-003853
filiacoes,camara:178833:55:PMDB:2016-03-21,FIL-003854
filiacoes,camara:178833:55:PSD:2018-04-10,FIL-003855
filiacoes,camara:178833:56:PSD:2019-02-01,FIL-003856
filiacoes,camara:178834:54:PSB:2015-01-05,FIL-003857
filiacoes,camara:178834:55:PSB:2015-02-01,FIL-003858
filiacoes,camara:178835:54:PDT:2015-01-01,FIL-003859
filiacoes,camara:178835:55:PDT:2015-02-01,FIL-003860
filiacoes,camara:178835:56:PDT:2019-02-01,FIL-003861
filiacoes,camara:178835:57:PDT:2023-02-01,FIL-003862
filiacoes,camara:178836:55:PRB:2015-02-01,FIL-003863
filiacoes,camara:178836:55:DEM:2017-08-01,FIL-003864
filiacoes,camara:178836:56:DEM:2019-02-01,FIL-003865
filiacoes,camara:178836:56:UNIÃO:2022-02-23,FIL-003866
filiacoes,camara:178837:55:PT:2015-02-01,FIL-003867
filiacoes,camara:178838:55:PSB:2015-02-01,FIL-003868
filiacoes,camara:178839:55:PMDB:2015-02-01,FIL-003869
filiacoes,camara:178839:55:MDB:2018-05-21,FIL-003870
filiacoes,camara:178839:56:MDB:2019-02-01,FIL-003871
filiacoes,camara:178840:55:PSDB:2015-02-01,FIL-003872
filiacoes,camara:178841:55:PRTB:2015-02-01,FIL-003873
filiacoes,camara:178841:55:PSD:2015-10-07,FIL-003874
filiacoes,camara:178841:55:PMDB:2016-03-21,FIL-003875
filiacoes,camara:178841:55:PODE:2017-08-14,FIL-003876
filiacoes,camara:178841:55:PHS:2018-03-13,FIL-003877
filiacoes,camara:178842:55:SD:2015-02-01,FIL-003878
filiacoes,camara:178842:55:PSB:2015-10-21,FIL-003879
filiacoes,camara:178842:56:PSB:2019-02-01,FIL-003880
filiacoes,camara:178843:55:PMDB:2015-02-01,FIL-003881
filiacoes,camara:178843:55:PSD:2018-04-12,FIL-003882
filiacoes,camara:178843:56:PSD:2019-02-01,FIL-003883
filiacoes,camara:178843:56:PP:2022-04-05,FIL-003884
filiacoes,camara:178843:57:PP:2023-02-01,FIL-003885
filiacoes,camara:178843:57:UNIÃO:2026-04-29,FIL-003886
filiacoes,camara:178844:55:PSDB:2015-02-01,FIL-003887
filiacoes,camara:178844:56:PSDB:2021-01-01,FIL-003888
filiacoes,camara:178845:55:PDT:2015-02-01,FIL-003889
filiacoes,camara:178846:55:PR:2015-02-01,FIL-003890
filiacoes,camara:178847:55:PSDB:2015-02-01,FIL-003891
filiacoes,camara:178848:55:PP:2015-02-01,FIL-003892
filiacoes,camara:178848:55:PSDB:2018-05-08,FIL-003893
filiacoes,camara:178849:55:PPS:2015-02-01,FIL-003894
filiacoes,camara:178849:55:PDT:2016-03-21,FIL-003895
filiacoes,camara:178850:55:PMDB:2015-02-01,FIL-003896
filiacoes,camara:178850:55:MDB:2018-05-21,FIL-003897
filiacoes,camara:178851:55:PTB:2015-02-01,FIL-003898
filiacoes,camara:178851:55:PTN:2016-03-01,FIL-003899
filiacoes,camara:178851:55:PODE:2017-05-19,FIL-003900
filiacoes,camara:178852:55:PSC:2015-02-01,FIL-003901
filiacoes,camara:178852:55:PSD:2016-03-29,FIL-003902
filiacoes,camara:178853:55:PT:2015-02-01,FIL-003903
filiacoes,camara:178853:56:PT:2023-02-01,FIL-003904
filiacoes,camara:178854:55:DEM:2015-02-01,FIL-003905
filiacoes,camara:178854:56:DEM:2019-02-01,FIL-003906
filiacoes,camara:178854:56:UNIÃO:2022-02-23,FIL-003907
filiacoes,camara:178854:57:UNIÃO:2023-02-01,FIL-003908
filiacoes,camara:178855:55:PSC:2015-02-01,FIL-003909
filiacoes,camara:178856:55:PSDB:2015-02-01,FIL-003910
filiacoes,camara:178857:55:PT:2015-02-01,FIL-003911
filiacoes,camara:178857:56:PT:2019-02-01,FIL-003912
filiacoes,camara:178857:57:PT:2023-02-01,FIL-003913
filiacoes,camara:178858:55:PP:2015-02-01,FIL-003914
filiacoes,camara:178858:56:PP:2019-02-01,FIL-003915
filiacoes,camara:178858:57:PP:2023-02-01,FIL-003916
filiacoes,camara:178858:57:PSB:2026-04-08,FIL-003917
filiacoes,camara:178859:55:PT:2015-02-01,FIL-003918
filiacoes,camara:178860:55:DEM:2015-02-01,FIL-003919
filiacoes,camara:178860:56:DEM:2019-02-01,FIL-003920
filiacoes,camara:178860:56:UNIÃO:2022-02-23,FIL-003921
filiacoes,camara:178860:57:UNIÃO:2023-02-01,FIL-003922
filiacoes,camara:178861:55:PP:2015-02-01,FIL-003923
filiacoes,camara:178861:56:PP:2019-02-01,FIL-003924
filiacoes,camara:178862:55:PRB:2015-02-01,FIL-003925
filiacoes,camara:178862:56:PRB:2021-03-01,FIL-003926
filiacoes,camara:178862:56:REPUBLICANOS:2021-03-01,FIL-003927
filiacoes,camara:178863:55:PTC:2015-02-01,FIL-003928
filiacoes,camara:178863:55:PV:2016-03-14,FIL-003929
filiacoes,camara:178863:55:PPL:2018-04-11,FIL-003930
filiacoes,camara:178863:56:PPL:2019-02-01,FIL-003931
filiacoes,camara:178863:56:PROS:2019-04-15,FIL-003932
filiacoes,camara:178863:56:MDB:2022-04-05,FIL-003933
filiacoes,camara:178864:55:PHS:2015-02-01,FIL-003934
filiacoes,camara:178864:55:PP:2016-03-29,FIL-003935
filiacoes,camara:178864:55:PODE:2018-04-09,FIL-003936
filiacoes,camara:178865:55:PR:2015-02-01,FIL-003937
filiacoes,camara:178865:55:AVANTE:2018-03-27,FIL-003938
filiacoes,camara:178866:55:PT:2015-02-01,FIL-003939
filiacoes,camara:178866:56:PT:2019-02-01,FIL-003940
filiacoes,camara:178866:57:PT:2023-02-01,FIL-003941
filiacoes,camara:178866:57:REDE:2026-04-07,FIL-003942
filiacoes,camara:178867:55:PSL:2015-02-01,FIL-003943
filiacoes,camara:178867:55:PMB:2015-11-24,FIL-003944
filiacoes,camara:178867:55:PSL:2015-12-04,FIL-003945
filiacoes,camara:178867:55:PP:2016-03-16,FIL-003946
filiacoes,camara:178868:55:PT:2015-02-01,FIL-003947
filiacoes,camara:178868:55:PROS:2016-03-10,FIL-003948
filiacoes,camara:178868:55:PSB:2017-05-24,FIL-003949
filiacoes,camara:178868:56:PSB:2021-04-13,FIL-003950
filiacoes,camara:178869:55:PMDB:2015-02-01,FIL-003951
filiacoes,camara:178869:55:PROS:2018-04-06,FIL-003952
filiacoes,camara:178870:55:PMDB:2015-02-01,FIL-003953
filiacoes,camara:178870:55:PP:2016-03-18,FIL-003954
filiacoes,camara:178871:55:PV:2015-02-01,FIL-003955
filiacoes,camara:178871:55:PP:2018-04-10,FIL-003956
filiacoes,camara:178871:56:PP:2019-02-01,FIL-003957
filiacoes,camara:178871:57:PP:2023-02-01,FIL-003958
filiacoes,camara:178871:57:REPUBLICANOS:2026-04-29,FIL-003959
filiacoes,camara:178872:55:PT:2015-02-01,FIL-003960
filiacoes,camara:178872:55:PCDOB:2018-03-27,FIL-003961
filiacoes,camara:178873:55:PT:2015-02-01,FIL-003962
filiacoes,camara:178873:56:PT:2019-02-01,FIL-003963
filiacoes,camara:178873:57:PT:2023-02-01,FIL-003964
filiacoes,camara:178874:55:PDT:2015-02-01,FIL-003965
filiacoes,camara:178874:56:PDT:2019-02-01,FIL-003966
filiacoes,camara:178875:55:PSDB:2015-02-01,FIL-003967
filiacoes,camara:178875:55:PTN:2016-03-17,FIL-003968
filiacoes,camara:178875:55:PODE:2017-05-19,FIL-003969
filiacoes,camara:178875:55:PP:2018-04-12,FIL-003970
filiacoes,camara:178876:55:PSDB:2015-02-01,FIL-003971
filiacoes,camara:178876:56:PSDB:2019-02-01,FIL-003972
filiacoes,camara:178876:56:MDB:2022-04-04,FIL-003973
filiacoes,camara:178876:57:MDB:2023-02-01,FIL-003974
filiacoes,camara:178877:55:PSDB:2015-02-01,FIL-003975
filiacoes,camara:178878:55:PSDB:2015-02-01,FIL-003976
filiacoes,camara:178879:55:SD:2015-02-01,FIL-003977
filiacoes,camara:178879:55:SOLIDARIEDADE:2018-12-17,FIL-003978
filiacoes,camara:178879:56:SOLIDARIEDADE:2019-02-01,FIL-003979
filiacoes,camara:178880:55:PPS:2015-02-01,FIL-003980
filiacoes,camara:178881:55:PSDC:2015-02-01,FIL-003981
filiacoes,camara:178881:55:PMB:2015-11-24,FIL-003982
filiacoes,camara:178881:55:PTN:2016-02-03,FIL-003983
filiacoes,camara:178881:55:PODE:2017-05-19,FIL-003984
filiacoes,camara:178881:56:PODE:2019-02-01,FIL-003985
filiacoes,camara:178881:56:PSC:2019-09-04,FIL-003986
filiacoes,camara:178881:56:REPUBLICANOS:2023-01-10,FIL-003987
filiacoes,camara:178881:57:PSC:2023-02-01,FIL-003988
filiacoes,camara:178881:57:REPUBLICANOS:2023-02-02,FIL-003989
filiacoes,camara:178882:55:PEN:2015-02-01,FIL-003990
filiacoes,camara:178882:55:PP:2016-03-17,FIL-003991
filiacoes,camara:178882:56:PP:2019-02-01,FIL-003992
filiacoes,camara:178882:57:PP:2023-02-01,FIL-003993
filiacoes,camara:178883:55:PPS:2015-02-01,FIL-003994
filiacoes,camara:178883:55:REDE:2015-10-05,FIL-003995
filiacoes,camara:178883:55:PPS:2016-04-04,FIL-003996
filiacoes,camara:178884:55:PMDB:2015-02-01,FIL-003997
filiacoes,camara:178884:55:MDB:2018-05-21,FIL-003998
filiacoes,camara:178884:56:MDB:2019-02-01,FIL-003999
filiacoes,camara:178884:57:MDB:2023-02-01,FIL-004000
filiacoes,camara:178885:55:PEN:2015-02-01,FIL-004001
filiacoes,camara:178885:55:PATRI:2018-05-23,FIL-004002
filiacoes,camara:178886:55:PRP:2015-02-01,FIL-004003
filiacoes,camara:178886:55:PMB:2015-11-23,FIL-004004
filiacoes,camara:178886:55:DEM:2016-03-09,FIL-004005
filiacoes,camara:178886:56:DEM:2019-02-01,FIL-004006
filiacoes,camara:178886:56:UNIÃO:2022-02-23,FIL-004007
filiacoes,camara:178886:57:UNIÃO:2023-02-01,FIL-004008
filiacoes,camara:178886:57:PSDB:2026-04-01,FIL-004009
filiacoes,camara:178887:55:PCDOB:2015-02-01,FIL-004010
filiacoes,camara:178887:56:PCDOB:2019-02-01,FIL-004011
filiacoes,camara:178887:56:PT:2022-03-31,FIL-004012
filiacoes,camara:178887:57:PT:2023-02-01,FIL-004013
filiacoes,camara:178888:55:PV:2015-02-01,FIL-004014
filiacoes,camara:178888:55:PMB:2015-11-18,FIL-004015
filiacoes,camara:178888:55:PSD:2016-03-01,FIL-004016
filiacoes,camara:178888:55:PMDB:2018-04-10,FIL-004017
filiacoes,camara:178888:55:MDB:2018-05-21,FIL-004018
filiacoes,camara:178888:56:MDB:2022-03-30,FIL-004019
filiacoes,camara:178889:55:PT:2015-02-01,FIL-004020
filiacoes,camara:178889:56:PT:2019-02-01,FIL-004021
filiacoes,camara:178890:55:PT:2015-02-01,FIL-004022
filiacoes,camara:178891:55:PSDB:2015-02-01,FIL-004023
filiacoes,camara:178892:55:PMN:2015-02-01,FIL-004024
filiacoes,camara:178892:55:PMB:2015-11-27,FIL-004025
filiacoes,camara:178892:55:PSL:2016-03-10,FIL-004026
filiacoes,camara:178892:55:PODE:2018-03-23,FIL-004027
filiacoes,camara:178893:55:PTN:2015-02-01,FIL-004028
filiacoes,camara:178893:55:PR:2016-03-15,FIL-004029
filiacoes,camara:178894:55:PMDB:2015-02-01,FIL-004030
filiacoes,camara:178894:55:SD:2016-03-09,FIL-004031
filiacoes,camara:178894:55:PODE:2018-04-02,FIL-004032
filiacoes,camara:178895:55:DEM:2015-02-01,FIL-004033
filiacoes,camara:178895:55:PSD:2018-04-03,FIL-004034
filiacoes,camara:178895:56:PSD:2019-02-01,FIL-004035
filiacoes,camara:178895:57:PSD:2023-02-01,FIL-004036
filiacoes,camara:178896:55:PMDB:2015-02-01,FIL-004037
filiacoes,camara:178896:55:MDB:2018-05-21,FIL-004038
filiacoes,camara:178896:56:MDB:2019-02-01,FIL-004039
filiacoes,camara:178896:57:MDB:2023-02-01,FIL-004040
filiacoes,camara:178897:55:PMDB:2015-02-01,FIL-004041
filiacoes,camara:178897:55:DEM:2018-03-26,FIL-004042
filiacoes,camara:178898:55:PSB:2015-02-01,FIL-004043
filiacoes,camara:178898:55:PR:2018-04-04,FIL-004044
filiacoes,camara:178899:55:PSDB:2015-02-01,FIL-004045
filiacoes,camara:178900:55:PMDB:2015-02-01,FIL-004046
filiacoes,camara:178900:55:MDB:2018-05-21,FIL-004047
filiacoes,camara:178901:55:PSB:2015-02-01,FIL-004048
filiacoes,camara:178901:55:DEM:2018-02-06,FIL-004049
filiacoes,camara:178901:56:DEM:2019-02-01,FIL-004050
filiacoes,camara:178901:56:UNIÃO:2022-02-23,FIL-004051
filiacoes,camara:178901:56:PP:2022-03-31,FIL-004052
filiacoes,camara:178902:55:PT:2015-02-01,FIL-004053
filiacoes,camara:178903:55:PSB:2015-02-01,FIL-004054
filiacoes,camara:178903:55:PRB:2018-03-13,FIL-004055
filiacoes,camara:178904:55:PP:2015-02-01,FIL-004056
filiacoes,camara:178905:55:PSB:2015-02-01,FIL-004057
filiacoes,camara:178905:55:DEM:2018-02-06,FIL-004058
filiacoes,camara:178905:57:UNIÃO:2023-02-01,FIL-004059
filiacoes,camara:178906:55:PROS:2015-02-01,FIL-004060
filiacoes,camara:178906:55:PP:2016-03-17,FIL-004061
filiacoes,camara:178907:55:PSD:2015-02-01,FIL-004062
filiacoes,camara:178907:55:PTN:2016-03-11,FIL-004063
filiacoes,camara:178907:55:PODE:2017-05-19,FIL-004064
filiacoes,camara:178908:55:PSD:2015-02-01,FIL-004065
filiacoes,camara:178908:56:PSD:2019-02-01,FIL-004066
filiacoes,camara:178908:56:PL:2022-03-17,FIL-004067
filiacoes,camara:178908:57:PL:2023-02-01,FIL-004068
filiacoes,camara:178909:55:DEM:2015-02-01,FIL-004069
filiacoes,camara:178909:56:DEM:2019-02-01,FIL-004070
filiacoes,camara:178909:56:UNIÃO:2022-02-23,FIL-004071
filiacoes,camara:178909:57:UNIÃO:2023-02-01,FIL-004072
filiacoes,camara:178910:55:PSD:2015-02-01,FIL-004073
filiacoes,camara:178910:56:PSD:2019-02-01,FIL-004074
filiacoes,camara:178910:56:PL:2022-03-30,FIL-004075
filiacoes,camara:178910:57:PL:2023-02-01,FIL-004076
filiacoes,camara:178911:55:PMDB:2015-02-01,FIL-004077
filiacoes,camara:178911:55:MDB:2018-05-21,FIL-004078
filiacoes,camara:178912:55:PSDB:2015-02-01,FIL-004079
filiacoes,camara:178912:56:PSDB:2019-02-01,FIL-004080
filiacoes,camara:178913:55:PMDB:2015-02-01,FIL-004081
filiacoes,camara:178913:55:PSB:2018-04-16,FIL-004082
filiacoes,camara:178914:55:PTB:2015-02-01,FIL-004083
filiacoes,camara:178914:55:PMB:2015-12-16,FIL-004084
filiacoes,camara:178914:55:PTDOB:2016-03-10,FIL-004085
filiacoes,camara:178914:55:PTB:2016-03-16,FIL-004086
filiacoes,camara:178914:55:PTDOB:2017-09-25,FIL-004087
filiacoes,camara:178914:55:AVANTE:2017-09-25,FIL-004088
filiacoes,camara:178915:55:PSDB:2015-02-01,FIL-004089
filiacoes,camara:178916:55:PSDB:2015-02-01,FIL-004090
filiacoes,camara:178916:55:PPS:2018-04-03,FIL-004091
filiacoes,camara:178916:56:PPS:2019-02-01,FIL-004092
filiacoes,camara:178916:56:CIDADANIA:2019-04-05,FIL-004093
filiacoes,camara:178917:55:PSB:2015-02-01,FIL-004094
filiacoes,camara:178917:55:PROS:2018-03-19,FIL-004095
filiacoes,camara:178918:55:PHS:2015-02-01,FIL-004096
filiacoes,camara:178918:55:PMDB:2016-03-18,FIL-004097
filiacoes,camara:178918:55:SD:2018-04-10,FIL-004098
filiacoes,camara:178918:55:SOLIDARIEDADE:2018-12-17,FIL-004099
filiacoes,camara:178919:55:PSB:2015-02-01,FIL-004100
filiacoes,camara:178919:55:PP:2018-03-22,FIL-004101
filiacoes,camara:178920:55:PTB:2015-02-01,FIL-004102
filiacoes,camara:178920:55:PMB:2015-12-09,FIL-004103
filiacoes,camara:178920:55:PTN:2016-02-23,FIL-004104
filiacoes,camara:178920:55:PODE:2017-05-19,FIL-004105
filiacoes,camara:178920:56:PODE:2019-02-01,FIL-004106
filiacoes,camara:178921:55:PR:2015-02-01,FIL-004107
filiacoes,camara:178921:56:PR:2019-02-01,FIL-004108
filiacoes,camara:178921:56:PL:2019-05-22,FIL-004109
filiacoes,camara:178921:56:AVANTE:2020-10-06,FIL-004110
filiacoes,camara:178922:55:PSB:2015-02-01,FIL-004111
filiacoes,camara:178922:56:PSB:2019-02-01,FIL-004112
filiacoes,camara:178923:55:PTB:2015-02-01,FIL-004113
filiacoes,camara:178923:56:PTB:2023-01-06,FIL-004114
filiacoes,camara:178924:55:PTB:2015-02-01,FIL-004115
filiacoes,camara:178924:55:PR:2018-04-04,FIL-004116
filiacoes,camara:178924:56:PR:2019-02-01,FIL-004117
filiacoes,camara:178924:56:PL:2019-05-22,FIL-004118
filiacoes,camara:178924:56:PSD:2022-03-22,FIL-004119
filiacoes,camara:178925:55:PT:2015-02-01,FIL-004120
filiacoes,camara:178925:56:PT:2019-02-01,FIL-004121
filiacoes,camara:178925:57:PT:2023-01-26,FIL-004122
filiacoes,camara:178926:55:PSB:2015-02-01,FIL-004123
filiacoes,camara:178927:55:PCDOB:2015-02-01,FIL-004124
filiacoes,camara:178927:55:REDE:2015-09-30,FIL-004125
filiacoes,camara:178927:55:PSB:2018-03-06,FIL-004126
filiacoes,camara:178927:56:PSB:2019-02-01,FIL-004127
filiacoes,camara:178927:56:PV:2022-04-06,FIL-004128
filiacoes,camara:178927:57:PV:2023-02-01,FIL-004129
filiacoes,camara:178928:55:PTN:2015-02-01,FIL-004130
filiacoes,camara:178928:55:PR:2016-03-15,FIL-004131
filiacoes,camara:178928:56:PR:2019-02-01,FIL-004132
filiacoes,camara:178928:56:PL:2019-05-22,FIL-004133
filiacoes,camara:178928:56:PP:2022-03-29,FIL-004134
filiacoes,camara:178929:55:PHS:2015-02-01,FIL-004135
filiacoes,camara:178929:55:PODE:2018-03-26,FIL-004136
filiacoes,camara:178929:56:PODE:2019-02-01,FIL-004137
filiacoes,camara:178929:56:REPUBLICANOS:2022-03-03,FIL-004138
filiacoes,camara:178929:57:REPUBLICANOS:2023-02-01,FIL-004139
filiacoes,camara:178929:57:UNIÃO:2026-04-29,FIL-004140
filiacoes,camara:178930:55:PSD:2015-02-01,FIL-004141
filiacoes,camara:178930:56:PSD:2019-02-04,FIL-004142
filiacoes,camara:178930:56:PATRIOTA:2020-04-24,FIL-004143
filiacoes,camara:178930:56:PP:2022-03-22,FIL-004144
filiacoes,camara:178931:55:PSB:2015-02-01,FIL-004145
filiacoes,camara:178931:56:PSB:2019-02-01,FIL-004146
filiacoes,camara:178931:57:PSB:2023-02-01,FIL-004147
filiacoes,camara:178932:55:PP:2015-02-01,FIL-004148
filiacoes,camara:178933:55:PMDB:2015-02-01,FIL-004149
filiacoes,camara:178933:55:MDB:2018-05-21,FIL-004150
filiacoes,camara:178933:56:MDB:2019-02-01,FIL-004151
filiacoes,camara:178933:57:MDB:2023-02-01,FIL-004152
filiacoes,camara:178934:55:PT:2015-02-01,FIL-004153
filiacoes,camara:178934:55:PMB:2015-11-18,FIL-004154
filiacoes,camara:178934:55:PROS:2016-03-10,FIL-004155
filiacoes,camara:178934:56:PROS:2019-02-01,FIL-004156
filiacoes,camara:178934:56:PP:2023-01-10,FIL-004157
filiacoes,camara:178934:57:PROS:2023-02-01,FIL-004158
filiacoes,camara:178934:57:PP:2023-02-01,FIL-004159
filiacoes,camara:178935:55:PSDB:2015-02-01,FIL-004160
filiacoes,camara:178935:56:PSDB:2021-04-16,FIL-004161
filiacoes,camara:178936:55:PRP:2015-02-01,FIL-004162
filiacoes,camara:178936:55:PMB:2015-11-25,FIL-004163
filiacoes,camara:178936:55:PR:2016-03-10,FIL-004164
filiacoes,camara:178937:55:PR:2015-02-01,FIL-004165
filiacoes,camara:178937:55:PMDB:2016-03-18,FIL-004166
filiacoes,camara:178937:55:PR:2018-03-20,FIL-004167
filiacoes,camara:178937:56:PR:2019-02-01,FIL-004168
filiacoes,camara:178937:56:PL:2019-05-22,FIL-004169
filiacoes,camara:178937:57:PL:2023-02-01,FIL-004170
filiacoes,camara:178938:55:PSOL:2015-02-01,FIL-004171
filiacoes,camara:178938:55:PTDOB:2016-03-21,FIL-004172
filiacoes,camara:178938:55:AVANTE:2017-09-25,FIL-004173
filiacoes,camara:178938:55:PEN:2018-04-13,FIL-004174
filiacoes,camara:178938:55:PATRI:2018-05-23,FIL-004175
filiacoes,camara:178939:55:PR:2015-02-01,FIL-004176
filiacoes,camara:178939:55:PRB:2016-12-08,FIL-004177
filiacoes,camara:178939:55:PROS:2018-04-05,FIL-004178
filiacoes,camara:178939:56:PROS:2019-02-01,FIL-004179
filiacoes,camara:178939:56:UNIÃO:2022-04-07,FIL-004180
filiacoes,camara:178940:55:PR:2015-02-01,FIL-004181
filiacoes,camara:178941:55:SD:2015-02-01,FIL-004182
filiacoes,camara:178941:55:PMB:2015-11-19,FIL-004183
filiacoes,camara:178941:55:PTN:2016-03-09,FIL-004184
filiacoes,camara:178941:55:PODE:2017-05-19,FIL-004185
filiacoes,camara:178942:55:PMDB:2015-02-01,FIL-004186
filiacoes,camara:178942:55:MDB:2018-05-21,FIL-004187
filiacoes,camara:178943:55:PR:2015-02-01,FIL-004188
filiacoes,camara:178943:55:DEM:2016-03-18,FIL-004189
filiacoes,camara:178943:56:DEM:2021-01-01,FIL-004190
filiacoes,camara:178943:56:UNIÃO:2022-02-23,FIL-004191
filiacoes,camara:178943:57:UNIÃO:2023-02-01,FIL-004192
filiacoes,camara:178943:57:PSDB:2026-04-08,FIL-004193
filiacoes,camara:178944:55:PRB:2015-02-01,FIL-004194
filiacoes,camara:178944:55:DEM:2018-04-04,FIL-004195
filiacoes,camara:178945:55:PRB:2015-02-01,FIL-004196
filiacoes,camara:178945:56:PRB:2019-02-01,FIL-004197
filiacoes,camara:178945:56:REPUBLICANOS:2019-08-16,FIL-004198
filiacoes,camara:178945:57:REPUBLICANOS:2023-02-01,FIL-004199
filiacoes,camara:178946:55:PMDB:2015-02-01,FIL-004200
filiacoes,camara:178946:55:PR:2018-04-06,FIL-004201
filiacoes,camara:178946:56:PR:2019-02-01,FIL-004202
filiacoes,camara:178946:56:PL:2019-05-22,FIL-004203
filiacoes,camara:178946:57:PL:2023-02-01,FIL-004204
filiacoes,camara:178947:55:PSD:2015-02-01,FIL-004205
filiacoes,camara:178947:55:DEM:2016-03-22,FIL-004206
filiacoes,camara:178947:56:DEM:2019-02-01,FIL-004207
filiacoes,camara:178947:56:UNIÃO:2022-02-23,FIL-004208
filiacoes,camara:178947:56:PL:2022-03-18,FIL-004209
filiacoes,camara:178947:57:PL:2023-02-01,FIL-004210
filiacoes,camara:178948:55:PP:2015-02-01,FIL-004211
filiacoes,camara:178948:56:PP:2019-02-01,FIL-004212
filiacoes,camara:178949:55:PR:2015-02-01,FIL-004213
filiacoes,camara:178949:55:PHS:2018-04-02,FIL-004214
filiacoes,camara:178950:55:PMN:2015-02-01,FIL-004215
filiacoes,camara:178950:55:PTN:2016-02-24,FIL-004216
filiacoes,camara:178950:55:PODE:2017-05-19,FIL-004217
filiacoes,camara:178951:55:PROS:2015-02-01,FIL-004218
filiacoes,camara:178951:55:PSB:2015-12-09,FIL-004219
filiacoes,camara:178951:56:PSB:2019-02-01,FIL-004220
filiacoes,camara:178952:55:PMDB:2015-02-01,FIL-004221
filiacoes,camara:178952:55:MDB:2018-05-21,FIL-004222
filiacoes,camara:178952:56:MDB:2019-02-01,FIL-004223
filiacoes,camara:178953:55:SD:2015-02-01,FIL-004224
filiacoes,camara:178953:55:PSD:2016-03-15,FIL-004225
filiacoes,camara:178953:56:PSD:2019-02-01,FIL-004226
filiacoes,camara:178954:55:PMDB:2015-02-01,FIL-004227
filiacoes,camara:178954:55:MDB:2018-05-21,FIL-004228
filiacoes,camara:178954:56:MDB:2019-02-01,FIL-004229
filiacoes,camara:178954:57:MDB:2023-02-01,FIL-004230
filiacoes,camara:178954:57:PL:2026-04-01,FIL-004231
filiacoes,camara:178955:55:PR:2015-02-01,FIL-004232
filiacoes,camara:178956:55:PSDB:2015-02-01,FIL-004233
filiacoes,camara:178956:56:PSDB:2019-02-01,FIL-004234
filiacoes,camara:178956:56:REPUBLICANOS:2022-04-13,FIL-004235
filiacoes,camara:178957:55:PDT:2015-02-01,FIL-004236
filiacoes,camara:178957:55:PMB:2015-12-11,FIL-004237
filiacoes,camara:178957:55:DEM:2016-03-10,FIL-004238
filiacoes,camara:178958:55:PHS:2015-02-01,FIL-004239
filiacoes,camara:178959:55:PMN:2015-02-01,FIL-004240
filiacoes,camara:178959:55:PMB:2015-11-26,FIL-004241
filiacoes,camara:178959:55:PP:2016-03-18,FIL-004242
filiacoes,camara:178959:56:PP:2019-02-01,FIL-004243
filiacoes,camara:178960:55:PR:2015-02-01,FIL-004244
filiacoes,camara:178961:55:PSDB:2015-02-01,FIL-004245
filiacoes,camara:178961:56:PSDB:2019-02-01,FIL-004246
filiacoes,camara:178962:55:PRB:2015-02-01,FIL-004247
filiacoes,camara:178962:56:PRB:2019-02-01,FIL-004248
filiacoes,camara:178962:56:REPUBLICANOS:2019-08-16,FIL-004249
filiacoes,camara:178962:57:REPUBLICANOS:2023-02-01,FIL-004250
filiacoes,camara:178963:55:PP:2015-02-01,FIL-004251
filiacoes,camara:178963:56:PP:2019-02-01,FIL-004252
filiacoes,camara:178963:57:PP:2023-02-01,FIL-004253
filiacoes,camara:178964:55:PSB:2015-02-01,FIL-004254
filiacoes,camara:178964:56:PSB:2019-02-01,FIL-004255
filiacoes,camara:178964:57:PSB:2023-02-01,FIL-004256
filiacoes,camara:178964:57:PSD:2026-04-01,FIL-004257
filiacoes,camara:178965:55:PCDOB:2015-02-01,FIL-004258
filiacoes,camara:178965:55:REDE:2015-10-01,FIL-004259
filiacoes,camara:178966:55:PSDB:2015-02-01,FIL-004260
filiacoes,camara:178966:56:PSDB:2019-02-01,FIL-004261
filiacoes,camara:178966:57:PSDB:2023-02-01,FIL-004262
filiacoes,camara:178966:57:REPUBLICANOS:2026-04-29,FIL-004263
filiacoes,camara:178967:55:PSD:2015-02-01,FIL-004264
filiacoes,camara:178967:55:DEM:2018-03-12,FIL-004265
filiacoes,camara:178968:55:PTB:2015-02-01,FIL-004266
filiacoes,camara:178968:55:PR:2016-03-18,FIL-004267
filiacoes,camara:178969:55:PSD:2015-02-01,FIL-004268
filiacoes,camara:178969:56:PSD:2019-02-01,FIL-004269
filiacoes,camara:178970:55:PT:2015-02-01,FIL-004270
filiacoes,camara:178970:56:PT:2019-02-01,FIL-004271
filiacoes,camara:178970:57:PT:2023-02-01,FIL-004272
filiacoes,camara:178971:55:PRB:2015-02-01,FIL-004273
filiacoes,camara:178972:55:PPS:2015-02-01,FIL-004274
filiacoes,camara:178972:56:PPS:2019-02-01,FIL-004275
filiacoes,camara:178972:56:CIDADANIA:2019-04-05,FIL-004276
filiacoes,camara:178972:57:CIDADANIA:2023-02-01,FIL-004277
filiacoes,camara:178973:55:PT:2015-02-01,FIL-004278
filiacoes,camara:178974:55:PT:2015-02-01,FIL-004279
filiacoes,camara:178975:55:PMDB:2015-02-01,FIL-004280
filiacoes,camara:178975:55:MDB:2018-05-21,FIL-004281
filiacoes,camara:178975:56:MDB:2019-02-01,FIL-004282
filiacoes,camara:178975:57:MDB:2023-02-01,FIL-004283
filiacoes,camara:178976:55:PSDB:2015-02-01,FIL-004284
filiacoes,camara:178977:55:PSDB:2015-02-01,FIL-004285
filiacoes,camara:178977:56:PSDB:2019-02-01,FIL-004286
filiacoes,camara:178978:55:PSB:2015-02-01,FIL-004287
filiacoes,camara:178978:55:PSC:2018-03-21,FIL-004288
filiacoes,camara:178979:55:PSDB:2015-02-01,FIL-004289
filiacoes,camara:178980:55:PSD:2015-02-01,FIL-004290
filiacoes,camara:178981:55:PSD:2015-02-01,FIL-004291
filiacoes,camara:178981:55:PMDB:2018-04-11,FIL-004292
filiacoes,camara:178981:55:MDB:2018-05-21,FIL-004293
filiacoes,camara:178981:56:MDB:2019-02-01,FIL-004294
filiacoes,camara:178981:56:REPUBLICANOS:2022-03-30,FIL-004295
filiacoes,camara:178982:55:PSB:2015-02-01,FIL-004296
filiacoes,camara:178982:56:PSB:2019-12-17,FIL-004297
filiacoes,camara:178982:56:PSDB:2019-12-17,FIL-004298
filiacoes,camara:178983:55:PR:2015-02-01,FIL-004299
filiacoes,camara:178983:56:PR:2019-02-01,FIL-004300
filiacoes,camara:178983:56:PL:2019-05-22,FIL-004301
filiacoes,camara:178983:57:PL:2023-02-01,FIL-004302
filiacoes,camara:178984:55:PSDB:2015-02-01,FIL-004303
filiacoes,camara:178984:56:PSDB:2019-08-13,FIL-004304
filiacoes,camara:178985:55:PR:2015-02-01,FIL-004305
filiacoes,camara:178985:56:PR:2019-02-01,FIL-004306
filiacoes,camara:178985:56:PL:2019-05-22,FIL-004307
filiacoes,camara:178985:57:PL:2023-02-01,FIL-004308
filiacoes,camara:178986:55:PT:2015-02-01,FIL-004309
filiacoes,camara:178986:56:PT:2019-02-01,FIL-004310
filiacoes,camara:178986:57:PT:2023-02-01,FIL-004311
filiacoes,camara:178987:55:PCDOB:2015-02-01,FIL-004312
filiacoes,camara:178987:56:PCDOB:2019-02-01,FIL-004313
filiacoes,camara:178987:57:PCDOB:2023-02-01,FIL-004314
filiacoes,camara:178988:55:PSDB:2015-02-01,FIL-004315
filiacoes,camara:178989:55:PTN:2015-02-01,FIL-004316
filiacoes,camara:178989:55:PODE:2017-05-19,FIL-004317
filiacoes,camara:178989:56:PODE:2019-02-01,FIL-004318
filiacoes,camara:178989:57:PODE:2023-02-01,FIL-004319
filiacoes,camara:178990:55:PSDB:2015-02-01,FIL-004320
filiacoes,camara:178990:56:PSDB:2019-02-01,FIL-004321
filiacoes,camara:178991:55:PRB:2015-02-01,FIL-004322
filiacoes,camara:178992:55:PSDB:2015-02-01,FIL-004323
filiacoes,camara:178992:56:PSDB:2019-02-01,FIL-004324
filiacoes,camara:178992:57:PSDB:2023-02-01,FIL-004325
filiacoes,camara:178992:57:PSD:2026-03-16,FIL-004326
filiacoes,camara:178993:55:PMDB:2015-02-01,FIL-004327
filiacoes,camara:178993:55:PMB:2015-11-24,FIL-004328
filiacoes,camara:178993:55:PTN:2016-03-09,FIL-004329
filiacoes,camara:178993:55:PODE:2017-05-19,FIL-004330
filiacoes,camara:178993:55:DEM:2018-04-06,FIL-004331
filiacoes,camara:178993:56:DEM:2019-02-01,FIL-004332
filiacoes,camara:178993:56:UNIÃO:2022-02-23,FIL-004333
filiacoes,camara:178993:56:REPUBLICANOS:2022-02-25,FIL-004334
filiacoes,camara:178993:56:UNIÃO:2022-04-05,FIL-004335
filiacoes,camara:178993:57:UNIÃO:2023-02-01,FIL-004336
filiacoes,camara:178994:55:PMDB:2015-02-01,FIL-004337
filiacoes,camara:178994:55:MDB:2018-05-21,FIL-004338
filiacoes,camara:178994:56:MDB:2019-02-01,FIL-004339
filiacoes,camara:178995:55:PDT:2015-02-01,FIL-004340
filiacoes,camara:178996:55:PMDB:2015-02-01,FIL-004341
filiacoes,camara:178996:55:MDB:2018-05-21,FIL-004342
filiacoes,camara:178996:56:MDB:2019-02-01,FIL-004343
filiacoes,camara:178997:55:PPS:2015-02-01,FIL-004344
filiacoes,camara:178997:55:PMDB:2016-03-21,FIL-004345
filiacoes,camara:178997:55:MDB:2018-05-21,FIL-004346
filiacoes,camara:178997:56:MDB:2019-02-01,FIL-004347
filiacoes,camara:178997:56:UNIÃO:2022-04-19,FIL-004348
filiacoes,camara:178997:57:UNIÃO:2023-02-01,FIL-004349
filiacoes,camara:178998:55:PSC:2015-02-01,FIL-004350
filiacoes,camara:178998:55:PSD:2016-03-21,FIL-004351
filiacoes,camara:178999:55:PTC:2015-02-01,FIL-004352
filiacoes,camara:178999:55:PMB:2015-11-24,FIL-004353
filiacoes,camara:178999:55:PR:2016-03-15,FIL-004354
filiacoes,camara:179000:55:PRP:2015-02-01,FIL-004355
filiacoes,camara:179000:55:PMB:2015-11-25,FIL-004356
filiacoes,camara:179000:55:PR:2016-03-10,FIL-004357
filiacoes,camara:179000:55:PSL:2018-03-27,FIL-004358
filiacoes,camara:179000:56:PSL:2019-02-01,FIL-004359
filiacoes,camara:179000:56:UNIÃO:2022-02-23,FIL-004360
filiacoes,camara:179000:56:PL:2022-03-16,FIL-004361
filiacoes,camara:179000:57:PL:2023-02-01,FIL-004362
filiacoes,camara:179001:55:PMDB:2015-02-01,FIL-004363
filiacoes,camara:179001:55:MDB:2018-05-21,FIL-004364
filiacoes,camara:179001:56:MDB:2019-02-01,FIL-004365
filiacoes,camara:179001:57:MDB:2023-02-01,FIL-004366
filiacoes,camara:179379:54:PV:2014-12-22,FIL-004367
filiacoes,camara:179380:54:PT:2014-12-31,FIL-004368
filiacoes,camara:179381:54:PT:2014-12-31,FIL-004369
filiacoes,camara:179382:54:PDT:2015-01-01,FIL-004370
filiacoes,camara:179383:54:PMDB:2015-01-01,FIL-004371
filiacoes,camara:179384:54:PT:2015-01-01,FIL-004372
filiacoes,camara:179385:54:PMDB:2015-01-01,FIL-004373
filiacoes,camara:179386:54:PSB:2015-01-02,FIL-004374
filiacoes,camara:179387:54:PMDB:2015-01-02,FIL-004375
filiacoes,camara:179587:56:PSL:2019-02-01,FIL-004376
filiacoes,camara:179587:56:UNIÃO:2022-02-23,FIL-004377
filiacoes,camara:179587:56:PL:2022-03-30,FIL-004378
filiacoes,camara:179880:54:PSL:2015-01-16,FIL-004379
filiacoes,camara:180018:56:PODE:2023-01-01,FIL-004380
filiacoes,camara:180214:57:UNIÃO:2023-02-01,FIL-004381
filiacoes,camara:180545:55:DEM:2015-02-03,FIL-004382
filiacoes,camara:181315:55:PMDB:2015-02-05,FIL-004383
filiacoes,camara:181315:55:MDB:2018-05-21,FIL-004384
filiacoes,camara:181316:55:SD:2015-02-03,FIL-004385
filiacoes,camara:181316:55:PSDB:2015-10-07,FIL-004386
filiacoes,camara:181316:55:PSB:2018-04-05,FIL-004387
filiacoes,camara:182146:56:PV:2022-03-30,FIL-004388
filiacoes,camara:182146:57:PATRIOTA:2023-02-01,FIL-004389
filiacoes,camara:182146:57:SOLIDARIEDADE:2023-12-21,FIL-004390
filiacoes,camara:185500:55:PDT:2015-02-26,FIL-004391
filiacoes,camara:186775:55:PTDOB:2015-03-09,FIL-004392
filiacoes,camara:186775:55:PMB:2015-11-18,FIL-004393
filiacoes,camara:186775:55:PTDOB:2015-12-09,FIL-004394
filiacoes,camara:186775:55:PP:2016-03-22,FIL-004395
filiacoes,camara:187008:55:PR:2015-03-10,FIL-004396
filiacoes,camara:187008:55:PODE:2017-06-29,FIL-004397
filiacoes,camara:188097:55:PT:2015-03-23,FIL-004398
filiacoes,camara:188097:56:PT:2019-03-28,FIL-004399
filiacoes,camara:188097:57:PT:2023-01-26,FIL-004400
filiacoes,camara:189593:55:PT:2015-05-19,FIL-004401
filiacoes,camara:190149:55:PSB:2015-07-03,FIL-004402
filiacoes,camara:191684:55:PDT:2015-04-09,FIL-004403
filiacoes,camara:191923:55:PDT:2015-10-05,FIL-004404
filiacoes,camara:191923:56:PDT:2019-02-01,FIL-004405
filiacoes,camara:191923:56:PT:2022-03-31,FIL-004406
filiacoes,camara:191923:57:PT:2023-02-01,FIL-004407
filiacoes,camara:191945:55:PMDB:2015-10-07,FIL-004408
filiacoes,camara:191945:55:DEM:2018-03-14,FIL-004409
filiacoes,camara:191945:56:DEM:2021-08-31,FIL-004410
filiacoes,camara:191945:56:UNIÃO:2022-02-23,FIL-004411
filiacoes,camara:192120:55:PCDOB:2015-10-27,FIL-004412
filiacoes,camara:193066:55:PMDB:2015-12-10,FIL-004413
filiacoes,camara:193066:55:MDB:2018-05-21,FIL-004414
filiacoes,camara:193069:55:PSD:2015-12-15,FIL-004415
filiacoes,camara:193165:55:PSL:2015-12-15,FIL-004416
filiacoes,camara:193165:55:PMDB:2016-02-16,FIL-004417
filiacoes,camara:193165:55:MDB:2018-05-21,FIL-004418
filiacoes,camara:193726:55:PSC:2016-03-17,FIL-004419
filiacoes,camara:193726:55:PSDB:2016-03-29,FIL-004420
filiacoes,camara:193726:56:PSC:2019-01-30,FIL-004421
filiacoes,camara:193726:56:PL:2022-04-01,FIL-004422
filiacoes,camara:193982:55:DEM:2016-04-18,FIL-004423
filiacoes,camara:193982:55:PMB:2016-06-08,FIL-004424
filiacoes,camara:193982:55:PRB:2017-02-21,FIL-004425
filiacoes,camara:194258:55:PSB:2016-05-12,FIL-004426
filiacoes,camara:194259:55:PSDB:2016-05-12,FIL-004427
filiacoes,camara:194260:55:PRP:2016-05-12,FIL-004428
filiacoes,camara:194260:55:PTB:2018-07-13,FIL-004429
filiacoes,camara:194260:56:PTB:2019-02-01,FIL-004430
filiacoes,camara:194260:56:REPUBLICANOS:2022-03-10,FIL-004431
filiacoes,camara:194260:57:REPUBLICANOS:2023-02-01,FIL-004432
filiacoes,camara:194260:57:UNIÃO:2026-07-14,FIL-004433
filiacoes,camara:194261:55:PR:2016-05-12,FIL-004434
filiacoes,camara:194261:55:PODE:2017-10-06,FIL-004435
filiacoes,camara:194262:55:PMDB:2016-05-12,FIL-004436
filiacoes,camara:194262:55:MDB:2018-05-21,FIL-004437
filiacoes,camara:194340:55:PRTB:2016-05-23,FIL-004438
filiacoes,camara:194592:55:PMN:2016-06-20,FIL-004439
filiacoes,camara:194592:55:PSB:2016-06-21,FIL-004440
filiacoes,camara:195143:55:PMDB:2016-08-01,FIL-004441
filiacoes,camara:195143:55:PROS:2018-03-13,FIL-004442
filiacoes,camara:195278:55:PCDOB:2016-08-15,FIL-004443
filiacoes,camara:195581:55:PRB:2016-10-03,FIL-004444
filiacoes,camara:195826:55:PR:2017-01-01,FIL-004445
filiacoes,camara:195866:55:PSDC:2016-12-31,FIL-004446
filiacoes,camara:195866:55:DEM:2017-01-30,FIL-004447
filiacoes,camara:195866:55:PROS:2017-09-04,FIL-004448
filiacoes,camara:195866:56:PROS:2019-02-01,FIL-004449
filiacoes,camara:195866:56:UNIÃO:2022-05-03,FIL-004450
filiacoes,camara:195997:55:PPS:2016-11-23,FIL-004451
filiacoes,camara:196357:55:PR:2017-01-01,FIL-004452
filiacoes,camara:196357:55:PRB:2017-01-18,FIL-004453
filiacoes,camara:196358:55:PSDC:2017-01-01,FIL-004454
filiacoes,camara:196358:55:PTN:2017-01-03,FIL-004455
filiacoes,camara:196358:55:PODE:2017-05-19,FIL-004456
filiacoes,camara:196358:56:PSL:2019-02-01,FIL-004457
filiacoes,camara:196358:56:UNIÃO:2022-02-23,FIL-004458
filiacoes,camara:196358:56:PP:2022-04-12,FIL-004459
filiacoes,camara:196359:55:PSDB:2017-01-02,FIL-004460
filiacoes,camara:196378:55:PSDB:2016-12-31,FIL-004461
filiacoes,camara:197438:56:AVANTE:2019-02-01,FIL-004462
filiacoes,camara:198197:56:AVANTE:2019-02-01,FIL-004463
filiacoes,camara:198197:57:AVANTE:2023-02-01,FIL-004464
filiacoes,camara:198197:57:PL:2026-04-29,FIL-004465
filiacoes,camara:198198:55:PPS:2017-04-25,FIL-004466
filiacoes,camara:198783:56:PTB:2019-02-01,FIL-004467
filiacoes,camara:198783:56:MDB:2022-04-04,FIL-004468
filiacoes,camara:198783:57:MDB:2023-02-01,FIL-004469
filiacoes,camara:198783:57:PSD:2026-03-25,FIL-004470
filiacoes,camara:198963:55:PROS:2017-07-06,FIL-004471
filiacoes,camara:198963:55:PMDB:2017-07-26,FIL-004472
filiacoes,camara:198963:55:MDB:2018-05-21,FIL-004473
filiacoes,camara:199809:55:PDT:2017-10-30,FIL-004474
filiacoes,camara:199809:55:PSC:2017-11-07,FIL-004475
filiacoes,camara:200153:55:PMDB:2017-12-21,FIL-004476
filiacoes,camara:200153:55:MDB:2018-05-21,FIL-004477
filiacoes,camara:201357:55:PSD:2019-01-02,FIL-004478
filiacoes,camara:202063:55:SD:2018-04-26,FIL-004479
filiacoes,camara:202063:55:SOLIDARIEDADE:2018-12-17,FIL-004480
filiacoes,camara:202915:55:PP:2018-06-15,FIL-004481
filiacoes,camara:204011:55:PSB:2018-08-13,FIL-004482
filiacoes,camara:204011:55:PODE:2018-08-14,FIL-004483
filiacoes,camara:204011:56:PODE:2023-01-01,FIL-004484
filiacoes,camara:204351:56:PSL:2019-02-01,FIL-004485
filiacoes,camara:204351:56:UNIÃO:2022-02-23,FIL-004486
filiacoes,camara:204351:56:PP:2022-03-29,FIL-004487
filiacoes,camara:204351:57:PP:2023-02-01,FIL-004488
filiacoes,camara:204352:56:PSB:2019-02-01,FIL-004489
filiacoes,camara:204353:56:PRB:2019-02-01,FIL-004490
filiacoes,camara:204353:56:REPUBLICANOS:2019-08-16,FIL-004491
filiacoes,camara:204353:57:REPUBLICANOS:2023-02-01,FIL-004492
filiacoes,camara:204353:57:UNIÃO:2026-04-10,FIL-004493
filiacoes,camara:204354:56:PR:2019-02-01,FIL-004494
filiacoes,camara:204354:56:PL:2019-05-22,FIL-004495
filiacoes,camara:204355:56:PPS:2019-02-01,FIL-004496
filiacoes,camara:204355:56:CIDADANIA:2019-04-05,FIL-004497
filiacoes,camara:204355:56:PP:2022-03-21,FIL-004498
filiacoes,camara:204355:57:PP:2023-02-01,FIL-004499
filiacoes,camara:204356:56:PRB:2019-02-01,FIL-004500
filiacoes,camara:204356:56:REPUBLICANOS:2019-08-16,FIL-004501
filiacoes,camara:204356:57:REPUBLICANOS:2023-02-01,FIL-004502
filiacoes,camara:204356:57:PP:2026-03-25,FIL-004503
filiacoes,camara:204357:56:PSDB:2019-02-01,FIL-004504
filiacoes,camara:204357:56:UNIÃO:2022-05-23,FIL-004505
filiacoes,camara:204358:56:PSDB:2019-02-01,FIL-004506
filiacoes,camara:204358:57:PSDB:2023-02-01,FIL-004507
filiacoes,camara:204358:57:REPUBLICANOS:2026-04-10,FIL-004508
filiacoes,camara:204359:56:PODE:2019-02-01,FIL-004509
filiacoes,camara:204360:56:PDT:2019-02-01,FIL-004510
filiacoes,camara:204360:56:PL:2022-04-01,FIL-004511
filiacoes,camara:204360:57:PL:2023-02-01,FIL-004512
filiacoes,camara:204360:57:PP:2024-07-04,FIL-004513
filiacoes,camara:204361:56:MDB:2019-02-01,FIL-004514
filiacoes,camara:204361:57:MDB:2023-02-01,FIL-004515
filiacoes,camara:204362:56:PSD:2019-02-01,FIL-004516
filiacoes,camara:204362:57:PSD:2023-02-01,FIL-004517
filiacoes,camara:204362:57:PL:2024-06-12,FIL-004518
filiacoes,camara:204363:56:PSC:2019-02-01,FIL-004519
filiacoes,camara:204364:56:SOLIDARIEDADE:2019-02-01,FIL-004520
filiacoes,camara:204364:56:PL:2022-04-13,FIL-004521
filiacoes,camara:204364:57:PL:2023-02-01,FIL-004522
filiacoes,camara:204364:57:REPUBLICANOS:2026-04-10,FIL-004523
filiacoes,camara:204365:56:NOVO:2019-02-01,FIL-004524
filiacoes,camara:204365:57:NOVO:2023-02-01,FIL-004525
filiacoes,camara:204366:56:PSB:2019-02-01,FIL-004526
filiacoes,camara:204366:56:PODE:2021-11-09,FIL-004527
filiacoes,camara:204367:56:PSL:2019-02-01,FIL-004528
filiacoes,camara:204367:56:UNIÃO:2022-02-23,FIL-004529
filiacoes,camara:204367:56:PL:2022-03-10,FIL-004530
filiacoes,camara:204367:57:PL:2023-02-01,FIL-004531
filiacoes,camara:204368:56:PSL:2019-02-01,FIL-004532
filiacoes,camara:204368:56:UNIÃO:2022-02-23,FIL-004533
filiacoes,camara:204368:57:UNIÃO:2023-02-01,FIL-004534
filiacoes,camara:204369:56:PSL:2019-02-01,FIL-004535
filiacoes,camara:204369:56:UNIÃO:2022-02-23,FIL-004536
filiacoes,camara:204369:56:PL:2022-03-22,FIL-004537
filiacoes,camara:204369:57:PL:2023-02-01,FIL-004538
filiacoes,camara:204370:56:PT:2019-02-01,FIL-004539
filiacoes,camara:204371:56:PSB:2019-02-01,FIL-004540
filiacoes,camara:204371:56:PSL:2021-12-16,FIL-004541
filiacoes,camara:204371:56:UNIÃO:2022-02-23,FIL-004542
filiacoes,camara:204372:56:PRB:2019-02-01,FIL-004543
filiacoes,camara:204372:56:REPUBLICANOS:2019-08-16,FIL-004544
filiacoes,camara:204372:57:REPUBLICANOS:2023-02-01,FIL-004545
filiacoes,camara:204373:56:PRB:2019-02-01,FIL-004546
filiacoes,camara:204373:56:REPUBLICANOS:2019-08-16,FIL-004547
filiacoes,camara:204373:56:PSD:2022-03-30,FIL-004548
filiacoes,camara:204374:56:PRP:2019-02-01,FIL-004549
filiacoes,camara:204374:56:PSL:2019-02-04,FIL-004550
filiacoes,camara:204374:56:UNIÃO:2022-02-23,FIL-004551
filiacoes,camara:204374:56:PL:2022-03-30,FIL-004552
filiacoes,camara:204374:57:PL:2023-02-01,FIL-004553
filiacoes,camara:204375:56:AVANTE:2019-02-01,FIL-004554
filiacoes,camara:204375:56:PP:2022-04-18,FIL-004555
filiacoes,camara:204376:56:PSL:2019-02-01,FIL-004556
filiacoes,camara:204376:56:UNIÃO:2022-02-23,FIL-004557
filiacoes,camara:204376:56:PL:2022-03-22,FIL-004558
filiacoes,camara:204376:57:PL:2023-02-01,FIL-004559
filiacoes,camara:204376:57:PP:2025-06-30,FIL-004560
filiacoes,camara:204377:56:PPS:2019-02-01,FIL-004561
filiacoes,camara:204377:56:CIDADANIA:2019-04-05,FIL-004562
filiacoes,camara:204378:56:PSL:2019-02-01,FIL-004563
filiacoes,camara:204378:56:UNIÃO:2022-02-23,FIL-004564
filiacoes,camara:204378:56:PL:2022-03-15,FIL-004565
filiacoes,camara:204378:57:PL:2023-02-01,FIL-004566
filiacoes,camara:204379:56:PROS:2019-02-01,FIL-004567
filiacoes,camara:204379:56:MDB:2022-04-11,FIL-004568
filiacoes,camara:204379:57:MDB:2023-02-01,FIL-004569
filiacoes,camara:204380:56:PP:2019-02-01,FIL-004570
filiacoes,camara:204381:56:DEM:2019-02-01,FIL-004571
filiacoes,camara:204381:56:UNIÃO:2022-02-23,FIL-004572
filiacoes,camara:204381:56:REPUBLICANOS:2022-03-08,FIL-004573
filiacoes,camara:204382:56:PSL:2019-02-01,FIL-004574
filiacoes,camara:204382:56:UNIÃO:2022-02-23,FIL-004575
filiacoes,camara:204382:56:PL:2022-03-18,FIL-004576
filiacoes,camara:204383:56:PV:2019-02-01,FIL-004577
filiacoes,camara:204383:56:PSB:2022-04-22,FIL-004578
filiacoes,camara:204384:56:PSD:2019-02-01,FIL-004579
filiacoes,camara:204384:56:UNIÃO:2022-04-11,FIL-004580
filiacoes,camara:204385:56:PSC:2019-02-01,FIL-004581
filiacoes,camara:204385:56:PL:2020-07-01,FIL-004582
filiacoes,camara:204386:56:DEM:2019-02-01,FIL-004583
filiacoes,camara:204386:56:UNIÃO:2022-02-23,FIL-004584
filiacoes,camara:204386:56:MDB:2022-04-06,FIL-004585
filiacoes,camara:204387:56:PSD:2019-02-01,FIL-004586
filiacoes,camara:204387:57:PSD:2023-02-01,FIL-004587
filiacoes,camara:204387:57:PL:2026-03-06,FIL-004588
filiacoes,camara:204388:56:PSL:2019-02-01,FIL-004589
filiacoes,camara:204388:56:UNIÃO:2022-02-23,FIL-004590
filiacoes,camara:204388:56:PL:2022-02-25,FIL-004591
filiacoes,camara:204388:57:PL:2023-02-01,FIL-004592
filiacoes,camara:204389:56:PSB:2019-02-01,FIL-004593
filiacoes,camara:204390:56:PP:2019-02-01,FIL-004594
filiacoes,camara:204390:56:PL:2022-04-06,FIL-004595
filiacoes,camara:204390:57:PL:2023-02-01,FIL-004596
filiacoes,camara:204390:57:PSDB:2026-04-01,FIL-004597
filiacoes,camara:204391:56:PODE:2019-02-01,FIL-004598
filiacoes,camara:204391:56:PP:2022-04-11,FIL-004599
filiacoes,camara:204391:57:PP:2023-02-01,FIL-004600
filiacoes,camara:204391:57:UNIÃO:2024-08-22,FIL-004601
filiacoes,camara:204392:56:PSD:2019-02-01,FIL-004602
filiacoes,camara:204393:56:PT:2019-02-01,FIL-004603
filiacoes,camara:204394:56:PSB:2019-02-01,FIL-004604
filiacoes,camara:204394:57:PSB:2023-02-01,FIL-004605
filiacoes,camara:204394:57:PCDOB:2026-04-08,FIL-004606
filiacoes,camara:204395:56:DEM:2019-02-01,FIL-004607
filiacoes,camara:204395:56:UNIÃO:2022-02-23,FIL-004608
filiacoes,camara:204395:56:PP:2022-03-21,FIL-004609
filiacoes,camara:204395:57:PP:2023-02-01,FIL-004610
filiacoes,camara:204395:57:REPUBLICANOS:2025-11-04,FIL-004611
filiacoes,camara:204396:56:PSD:2019-01-16,FIL-004612
filiacoes,camara:204396:56:PL:2022-04-01,FIL-004613
filiacoes,camara:204396:57:PL:2023-02-01,FIL-004614
filiacoes,camara:204396:57:PP:2025-04-24,FIL-004615
filiacoes,camara:204396:57:PL:2026-04-29,FIL-004616
filiacoes,camara:204397:56:PROS:2019-02-01,FIL-004617
filiacoes,camara:204398:56:PSL:2019-02-01,FIL-004618
filiacoes,camara:204398:56:UNIÃO:2022-02-23,FIL-004619
filiacoes,camara:204398:57:UNIÃO:2023-02-01,FIL-004620
filiacoes,camara:204398:57:PODE:2026-04-08,FIL-004621
filiacoes,camara:204399:56:PP:2019-02-01,FIL-004622
filiacoes,camara:204400:56:PSL:2019-02-01,FIL-004623
filiacoes,camara:204400:56:UNIÃO:2022-02-23,FIL-004624
filiacoes,camara:204400:56:PROS:2022-04-11,FIL-004625
filiacoes,camara:204403:56:PDT:2019-02-01,FIL-004626
filiacoes,camara:204403:56:PL:2022-03-24,FIL-004627
filiacoes,camara:204403:57:PL:2023-02-01,FIL-004628
filiacoes,camara:204404:56:PSDB:2019-02-01,FIL-004629
filiacoes,camara:204404:57:PSDB:2023-02-01,FIL-004630
filiacoes,camara:204404:57:PSD:2026-04-08,FIL-004631
filiacoes,camara:204405:56:PSB:2019-02-01,FIL-004632
filiacoes,camara:204405:56:REPUBLICANOS:2022-03-29,FIL-004633
filiacoes,camara:204406:56:PP:2019-02-01,FIL-004634
filiacoes,camara:204406:57:PP:2023-02-01,FIL-004635
filiacoes,camara:204407:56:PSOL:2019-02-01,FIL-004636
filiacoes,camara:204407:57:PSOL:2023-02-01,FIL-004637
filiacoes,camara:204408:56:SOLIDARIEDADE:2019-02-01,FIL-004638
filiacoes,camara:204408:56:REPUBLICANOS:2022-03-23,FIL-004639
filiacoes,camara:204408:57:REPUBLICANOS:2023-02-01,FIL-004640
filiacoes,camara:204408:57:PP:2026-04-10,FIL-004641
filiacoes,camara:204409:56:PSDB:2019-02-01,FIL-004642
filiacoes,camara:204409:57:PSDB:2023-02-01,FIL-004643
filiacoes,camara:204410:56:PTB:2019-02-01,FIL-004644
filiacoes,camara:204410:56:PSD:2022-03-21,FIL-004645
filiacoes,camara:204410:57:PSD:2023-02-01,FIL-004646
filiacoes,camara:204410:57:UNIÃO:2026-04-29,FIL-004647
filiacoes,camara:204411:56:PSL:2019-02-01,FIL-004648
filiacoes,camara:204411:56:UNIÃO:2022-02-23,FIL-004649
filiacoes,camara:204411:56:PL:2022-04-01,FIL-004650
filiacoes,camara:204411:57:PL:2023-02-01,FIL-004651
filiacoes,camara:204412:56:DEM:2019-02-01,FIL-004652
filiacoes,camara:204412:56:UNIÃO:2022-02-23,FIL-004653
filiacoes,camara:204412:57:UNIÃO:2023-02-01,FIL-004654
filiacoes,camara:204412:57:MDB:2026-04-29,FIL-004655
filiacoes,camara:204413:56:PRP:2019-02-01,FIL-004656
filiacoes,camara:204413:56:PATRI:2019-05-29,FIL-004657
filiacoes,camara:204413:56:PATRIOTA:2019-06-03,FIL-004658
filiacoes,camara:204414:56:PRB:2019-02-01,FIL-004659
filiacoes,camara:204414:56:REPUBLICANOS:2019-08-16,FIL-004660
filiacoes,camara:204415:56:PSL:2019-02-01,FIL-004661
filiacoes,camara:204415:56:UNIÃO:2022-02-23,FIL-004662
filiacoes,camara:204415:56:PSD:2022-03-31,FIL-004663
filiacoes,camara:204416:56:PSL:2019-02-01,FIL-004664
filiacoes,camara:204416:56:UNIÃO:2022-02-23,FIL-004665
filiacoes,camara:204416:56:PL:2022-03-11,FIL-004666
filiacoes,camara:204416:57:PL:2023-02-01,FIL-004667
filiacoes,camara:204418:56:PRB:2019-02-01,FIL-004668
filiacoes,camara:204418:56:REPUBLICANOS:2019-08-16,FIL-004669
filiacoes,camara:204418:56:SOLIDARIEDADE:2022-03-24,FIL-004670
filiacoes,camara:204419:56:PSC:2019-02-01,FIL-004671
filiacoes,camara:204419:57:PSC:2023-02-01,FIL-004672
filiacoes,camara:204419:57:PODE:2023-08-22,FIL-004673
filiacoes,camara:204420:56:PSL:2019-02-01,FIL-004674
filiacoes,camara:204420:56:UNIÃO:2022-02-23,FIL-004675
filiacoes,camara:204421:56:PSDB:2019-02-01,FIL-004676
filiacoes,camara:204421:56:REPUBLICANOS:2022-03-24,FIL-004677
filiacoes,camara:204422:56:PRB:2019-02-01,FIL-004678
filiacoes,camara:204422:56:REPUBLICANOS:2019-08-16,FIL-004679
filiacoes,camara:204422:57:REPUBLICANOS:2023-02-01,FIL-004680
filiacoes,camara:204423:56:PSC:2019-02-01,FIL-004681
filiacoes,camara:204423:56:PL:2022-04-11,FIL-004682
filiacoes,camara:204423:57:PL:2023-02-01,FIL-004683
filiacoes,camara:204425:56:PRB:2019-02-01,FIL-004684
filiacoes,camara:204425:56:REPUBLICANOS:2019-08-16,FIL-004685
filiacoes,camara:204425:57:REPUBLICANOS:2023-02-01,FIL-004686
filiacoes,camara:204426:56:PT:2019-02-01,FIL-004687
filiacoes,camara:204426:57:PT:2023-02-01,FIL-004688
filiacoes,camara:204427:56:PHS:2019-02-01,FIL-004689
filiacoes,camara:204427:56:PR:2019-02-25,FIL-004690
filiacoes,camara:204427:56:PL:2019-05-22,FIL-004691
filiacoes,camara:204427:57:PL:2023-02-01,FIL-004692
filiacoes,camara:204427:57:PRD:2026-04-01,FIL-004693
filiacoes,camara:204428:56:PT:2019-02-01,FIL-004694
filiacoes,camara:204428:56:SOLIDARIEDADE:2022-05-23,FIL-004695
filiacoes,camara:204429:56:PSB:2019-02-01,FIL-004696
filiacoes,camara:204430:56:PP:2019-02-01,FIL-004697
filiacoes,camara:204430:57:PP:2023-02-01,FIL-004698
filiacoes,camara:204431:56:MDB:2019-02-01,FIL-004699
filiacoes,camara:204431:56:PSD:2022-04-06,FIL-004700
filiacoes,camara:204431:57:PSD:2023-02-01,FIL-004701
filiacoes,camara:204431:57:MDB:2026-04-08,FIL-004702
filiacoes,camara:204432:56:PTC:2019-02-01,FIL-004703
filiacoes,camara:204432:56:SOLIDARIEDADE:2019-02-26,FIL-004704
filiacoes,camara:204432:56:PL:2021-09-24,FIL-004705
filiacoes,camara:204432:56:REPUBLICANOS:2022-03-17,FIL-004706
filiacoes,camara:204433:56:PPS:2019-02-01,FIL-004707
filiacoes,camara:204433:56:CIDADANIA:2019-04-05,FIL-004708
filiacoes,camara:204433:56:PSD:2022-03-01,FIL-004709
filiacoes,camara:204433:57:PSD:2023-02-01,FIL-004710
filiacoes,camara:204434:56:SOLIDARIEDADE:2019-02-01,FIL-004711
filiacoes,camara:204434:56:PROS:2022-04-13,FIL-004712
filiacoes,camara:204435:56:PDT:2019-02-01,FIL-004713
filiacoes,camara:204436:56:MDB:2019-02-01,FIL-004714
filiacoes,camara:204436:57:MDB:2023-02-01,FIL-004715
filiacoes,camara:204437:56:PRB:2019-02-01,FIL-004716
filiacoes,camara:204437:56:REPUBLICANOS:2019-08-16,FIL-004717
filiacoes,camara:204437:56:MDB:2022-04-05,FIL-004718
filiacoes,camara:204438:56:PR:2019-02-01,FIL-004719
filiacoes,camara:204438:56:PL:2019-05-22,FIL-004720
filiacoes,camara:204438:56:PV:2022-04-26,FIL-004721
filiacoes,camara:204439:56:SOLIDARIEDADE:2019-02-01,FIL-004722
filiacoes,camara:204439:56:REPUBLICANOS:2022-03-29,FIL-004723
filiacoes,camara:204440:56:PP:2019-02-01,FIL-004724
filiacoes,camara:204441:56:PSC:2019-02-01,FIL-004725
filiacoes,camara:204441:56:MDB:2022-04-05,FIL-004726
filiacoes,camara:204441:57:MDB:2023-02-01,FIL-004727
filiacoes,camara:204441:57:PSD:2026-04-07,FIL-004728
filiacoes,camara:204442:56:PSL:2019-01-08,FIL-004729
filiacoes,camara:204442:56:UNIÃO:2022-02-23,FIL-004730
filiacoes,camara:204442:56:PL:2022-04-12,FIL-004731
filiacoes,camara:204444:56:PSL:2019-02-01,FIL-004732
filiacoes,camara:204444:56:UNIÃO:2022-02-23,FIL-004733
filiacoes,camara:204444:56:PL:2022-04-07,FIL-004734
filiacoes,camara:204444:57:PL:2023-02-01,FIL-004735
filiacoes,camara:204445:56:PT:2023-02-01,FIL-004736
filiacoes,camara:204445:57:PT:2023-02-01,FIL-004737
filiacoes,camara:204446:56:PSL:2019-02-01,FIL-004738
filiacoes,camara:204446:56:UNIÃO:2022-02-23,FIL-004739
filiacoes,camara:204446:56:PATRIOTA:2022-04-19,FIL-004740
filiacoes,camara:204447:56:PSD:2019-02-01,FIL-004741
filiacoes,camara:204448:56:DC:2019-02-01,FIL-004742
filiacoes,camara:204448:56:PL:2019-08-21,FIL-004743
filiacoes,camara:204448:56:PP:2022-03-30,FIL-004744
filiacoes,camara:204448:57:PP:2023-02-01,FIL-004745
filiacoes,camara:204449:56:PSL:2019-02-01,FIL-004746
filiacoes,camara:204449:56:UNIÃO:2022-02-23,FIL-004747
filiacoes,camara:204449:56:PL:2022-03-16,FIL-004748
filiacoes,camara:204449:57:PL:2023-02-01,FIL-004749
filiacoes,camara:204449:57:PODE:2026-04-10,FIL-004750
filiacoes,camara:204450:56:PP:2019-02-01,FIL-004751
filiacoes,camara:204450:57:PP:2023-02-01,FIL-004752
filiacoes,camara:204451:56:PSL:2019-02-01,FIL-004753
filiacoes,camara:204451:56:UNIÃO:2022-02-23,FIL-004754
filiacoes,camara:204452:56:PSL:2019-02-01,FIL-004755
filiacoes,camara:204452:56:UNIÃO:2022-02-23,FIL-004756
filiacoes,camara:204452:56:PL:2022-03-23,FIL-004757
filiacoes,camara:204453:56:PT:2019-02-01,FIL-004758
filiacoes,camara:204453:57:PT:2023-02-01,FIL-004759
filiacoes,camara:204454:56:PSL:2019-02-01,FIL-004760
filiacoes,camara:204454:56:UNIÃO:2022-02-23,FIL-004761
filiacoes,camara:204454:56:PTB:2022-03-31,FIL-004762
filiacoes,camara:204455:56:PSL:2019-02-01,FIL-004763
filiacoes,camara:204455:56:UNIÃO:2022-02-23,FIL-004764
filiacoes,camara:204455:56:PL:2022-03-10,FIL-004765
filiacoes,camara:204455:57:PL:2023-02-01,FIL-004766
filiacoes,camara:204455:57:NOVO:2025-04-24,FIL-004767
filiacoes,camara:204456:56:MDB:2019-02-01,FIL-004768
filiacoes,camara:204456:57:MDB:2023-02-01,FIL-004769
filiacoes,camara:204457:56:DEM:2019-02-01,FIL-004770
filiacoes,camara:204457:56:UNIÃO:2022-02-23,FIL-004771
filiacoes,camara:204457:57:UNIÃO:2023-02-01,FIL-004772
filiacoes,camara:204457:57:PSDB:2026-04-08,FIL-004773
filiacoes,camara:204458:56:PSL:2019-02-01,FIL-004774
filiacoes,camara:204458:56:UNIÃO:2022-02-23,FIL-004775
filiacoes,camara:204458:56:PL:2022-03-17,FIL-004776
filiacoes,camara:204459:56:MDB:2019-02-01,FIL-004777
filiacoes,camara:204459:56:UNIÃO:2022-04-06,FIL-004778
filiacoes,camara:204459:57:UNIÃO:2023-02-01,FIL-004779
filiacoes,camara:204459:57:REPUBLICANOS:2026-04-10,FIL-004780
filiacoes,camara:204460:56:PSL:2019-02-01,FIL-004781
filiacoes,camara:204460:56:UNIÃO:2022-02-23,FIL-004782
filiacoes,camara:204460:56:PL:2022-03-15,FIL-004783
filiacoes,camara:204460:57:PL:2023-02-01,FIL-004784
filiacoes,camara:204461:56:NOVO:2019-02-01,FIL-004785
filiacoes,camara:204462:56:PSL:2019-02-01,FIL-004786
filiacoes,camara:204462:56:UNIÃO:2022-02-23,FIL-004787
filiacoes,camara:204462:56:PL:2022-03-18,FIL-004788
filiacoes,camara:204462:57:PL:2023-02-01,FIL-004789
filiacoes,camara:204463:56:PRP:2019-02-01,FIL-004790
filiacoes,camara:204463:56:PSD:2019-03-01,FIL-004791
filiacoes,camara:204464:56:PSOL:2019-02-01,FIL-004792
filiacoes,camara:204464:57:PSOL:2023-02-01,FIL-004793
filiacoes,camara:204465:56:PSD:2019-02-01,FIL-004794
filiacoes,camara:204466:56:PSDB:2019-02-01,FIL-004795
filiacoes,camara:204466:56:PSD:2022-04-06,FIL-004796
filiacoes,camara:204467:56:PT:2019-02-01,FIL-004797
filiacoes,camara:204468:56:REDE:2019-02-01,FIL-004798
filiacoes,camara:204469:56:PRB:2019-02-01,FIL-004799
filiacoes,camara:204469:56:REPUBLICANOS:2019-08-16,FIL-004800
filiacoes,camara:204471:56:PSDB:2019-02-01,FIL-004801
filiacoes,camara:204471:56:MDB:2022-03-31,FIL-004802
filiacoes,camara:204472:56:PODE:2019-02-01,FIL-004803
filiacoes,camara:204472:56:PL:2022-03-17,FIL-004804
filiacoes,camara:204472:57:PL:2023-02-01,FIL-004805
filiacoes,camara:204473:56:PSL:2019-02-01,FIL-004806
filiacoes,camara:204473:56:UNIÃO:2022-02-23,FIL-004807
filiacoes,camara:204473:56:PL:2022-03-23,FIL-004808
filiacoes,camara:204473:57:PL:2023-02-01,FIL-004809
filiacoes,camara:204474:56:MDB:2019-02-01,FIL-004810
filiacoes,camara:204474:57:MDB:2023-02-01,FIL-004811
filiacoes,camara:204474:57:REPUBLICANOS:2026-03-25,FIL-004812
filiacoes,camara:204475:56:SOLIDARIEDADE:2019-02-01,FIL-004813
filiacoes,camara:204476:56:AVANTE:2019-02-01,FIL-004814
filiacoes,camara:204476:56:UNIÃO:2022-04-11,FIL-004815
filiacoes,camara:204476:57:UNIÃO:2023-02-01,FIL-004816
filiacoes,camara:204477:56:PSL:2019-02-01,FIL-004817
filiacoes,camara:204477:56:UNIÃO:2022-02-23,FIL-004818
filiacoes,camara:204477:56:PP:2022-04-05,FIL-004819
filiacoes,camara:204478:56:MDB:2019-02-01,FIL-004820
filiacoes,camara:204478:56:UNIÃO:2022-04-18,FIL-004821
filiacoes,camara:204479:56:PSL:2019-02-01,FIL-004822
filiacoes,camara:204479:56:UNIÃO:2022-02-23,FIL-004823
filiacoes,camara:204479:57:UNIÃO:2023-02-01,FIL-004824
filiacoes,camara:204479:57:PL:2026-03-06,FIL-004825
filiacoes,camara:204480:56:PT:2019-02-01,FIL-004826
filiacoes,camara:204480:57:PT:2023-02-01,FIL-004827
filiacoes,camara:204481:56:PR:2019-02-01,FIL-004828
filiacoes,camara:204481:56:PL:2019-05-22,FIL-004829
filiacoes,camara:204481:57:PL:2023-02-01,FIL-004830
filiacoes,camara:204482:56:PSC:2019-02-01,FIL-004831
filiacoes,camara:204482:57:PSC:2023-02-01,FIL-004832
filiacoes,camara:204482:57:REPUBLICANOS:2023-02-02,FIL-004833
filiacoes,camara:204483:56:PSB:2019-02-01,FIL-004834
filiacoes,camara:204484:56:PSL:2019-02-01,FIL-004835
filiacoes,camara:204484:56:UNIÃO:2022-02-23,FIL-004836
filiacoes,camara:204485:56:PR:2019-02-01,FIL-004837
filiacoes,camara:204485:56:PL:2019-05-22,FIL-004838
filiacoes,camara:204485:57:PL:2023-02-01,FIL-004839
filiacoes,camara:204486:56:PDT:2019-02-01,FIL-004840
filiacoes,camara:204486:57:PDT:2023-02-01,FIL-004841
filiacoes,camara:204486:57:UNIÃO:2026-04-10,FIL-004842
filiacoes,camara:204487:56:PROS:2019-02-01,FIL-004843
filiacoes,camara:204487:56:UNIÃO:2022-04-20,FIL-004844
filiacoes,camara:204488:56:PV:2019-02-01,FIL-004845
filiacoes,camara:204488:56:PSD:2022-03-21,FIL-004846
filiacoes,camara:204488:57:PSD:2023-02-01,FIL-004847
filiacoes,camara:204489:56:PDT:2019-02-01,FIL-004848
filiacoes,camara:204489:57:PDT:2023-02-01,FIL-004849
filiacoes,camara:204489:57:PSB:2026-04-08,FIL-004850
filiacoes,camara:204490:56:PSL:2019-02-01,FIL-004851
filiacoes,camara:204490:56:UNIÃO:2022-02-23,FIL-004852
filiacoes,camara:204490:56:PP:2022-04-06,FIL-004853
filiacoes,camara:204491:56:PRB:2019-02-01,FIL-004854
filiacoes,camara:204491:56:REPUBLICANOS:2019-08-16,FIL-004855
filiacoes,camara:204491:57:REPUBLICANOS:2023-02-01,FIL-004856
filiacoes,camara:204492:56:PT:2019-02-01,FIL-004857
filiacoes,camara:204492:57:PT:2023-02-01,FIL-004858
filiacoes,camara:204494:56:PATRI:2019-02-01,FIL-004859
filiacoes,camara:204494:56:PATRIOTA:2019-06-03,FIL-004860
filiacoes,camara:204494:57:PATRIOTA:2023-02-01,FIL-004861
filiacoes,camara:204494:57:PRD:2024-02-07,FIL-004862
filiacoes,camara:204495:56:PT:2019-02-01,FIL-004863
filiacoes,camara:204495:57:PT:2023-02-01,FIL-004864
filiacoes,camara:204496:56:PSDB:2019-02-01,FIL-004865
filiacoes,camara:204496:56:PSL:2021-09-22,FIL-004866
filiacoes,camara:204496:56:UNIÃO:2022-02-23,FIL-004867
filiacoes,camara:204496:57:UNIÃO:2023-02-01,FIL-004868
filiacoes,camara:204496:57:PDT:2026-04-17,FIL-004869
filiacoes,camara:204497:56:PSD:2019-02-01,FIL-004870
filiacoes,camara:204497:57:PSD:2023-02-01,FIL-004871
filiacoes,camara:204498:56:DEM:2019-02-01,FIL-004872
filiacoes,camara:204498:56:UNIÃO:2022-02-23,FIL-004873
filiacoes,camara:204498:56:MDB:2022-04-01,FIL-004874
filiacoes,camara:204498:57:MDB:2023-02-01,FIL-004875
filiacoes,camara:204498:57:PODE:2026-04-07,FIL-004876
filiacoes,camara:204499:56:PSB:2019-02-01,FIL-004877
filiacoes,camara:204500:56:PTB:2019-02-01,FIL-004878
filiacoes,camara:204500:56:PSD:2022-03-30,FIL-004879
filiacoes,camara:204501:56:PT:2019-02-01,FIL-004880
filiacoes,camara:204501:57:PT:2023-02-01,FIL-004881
filiacoes,camara:204502:56:PSL:2019-02-01,FIL-004882
filiacoes,camara:204502:56:UNIÃO:2022-02-23,FIL-004883
filiacoes,camara:204503:56:PT:2019-02-01,FIL-004884
filiacoes,camara:204503:57:PT:2023-02-01,FIL-004885
filiacoes,camara:204504:56:PSD:2019-02-01,FIL-004886
filiacoes,camara:204504:57:PSD:2023-02-01,FIL-004887
filiacoes,camara:204504:57:PL:2026-03-25,FIL-004888
filiacoes,camara:204505:56:PRB:2019-02-01,FIL-004889
filiacoes,camara:204505:56:REPUBLICANOS:2019-08-16,FIL-004890
filiacoes,camara:204506:56:PRB:2019-02-01,FIL-004891
filiacoes,camara:204506:56:REPUBLICANOS:2019-08-16,FIL-004892
filiacoes,camara:204506:57:REPUBLICANOS:2023-02-01,FIL-004893
filiacoes,camara:204507:56:PSL:2019-02-01,FIL-004894
filiacoes,camara:204507:56:UNIÃO:2022-02-23,FIL-004895
filiacoes,camara:204507:56:PL:2022-03-17,FIL-004896
filiacoes,camara:204507:57:PL:2023-02-01,FIL-004897
filiacoes,camara:204508:56:PODE:2019-02-01,FIL-004898
filiacoes,camara:204508:57:PODE:2023-02-01,FIL-004899
filiacoes,camara:204508:57:PSD:2024-09-12,FIL-004900
filiacoes,camara:204508:57:UNIÃO:2026-04-29,FIL-004901
filiacoes,camara:204509:56:PSOL:2019-02-01,FIL-004902
filiacoes,camara:204510:56:PHS:2019-02-01,FIL-004903
filiacoes,camara:204510:56:PP:2019-03-13,FIL-004904
filiacoes,camara:204511:56:DEM:2019-02-01,FIL-004905
filiacoes,camara:204511:56:UNIÃO:2022-02-23,FIL-004906
filiacoes,camara:204511:57:UNIÃO:2023-02-01,FIL-004907
filiacoes,camara:204511:57:PODE:2026-04-08,FIL-004908
filiacoes,camara:204512:56:PSL:2019-02-01,FIL-004909
filiacoes,camara:204512:56:UNIÃO:2022-02-23,FIL-004910
filiacoes,camara:204512:57:UNIÃO:2023-02-01,FIL-004911
filiacoes,camara:204513:56:PSL:2019-02-01,FIL-004912
filiacoes,camara:204513:56:UNIÃO:2022-02-23,FIL-004913
filiacoes,camara:204513:56:PSC:2022-04-25,FIL-004914
filiacoes,camara:204514:56:PSL:2019-02-01,FIL-004915
filiacoes,camara:204514:56:UNIÃO:2022-02-23,FIL-004916
filiacoes,camara:204514:56:PL:2022-03-22,FIL-004917
filiacoes,camara:204514:57:PL:2023-02-01,FIL-004918
filiacoes,camara:204515:56:AVANTE:2019-02-01,FIL-004919
filiacoes,camara:204515:57:AVANTE:2023-02-01,FIL-004920
filiacoes,camara:204515:57:REDE:2026-04-01,FIL-004921
filiacoes,camara:204516:56:NOVO:2019-02-01,FIL-004922
filiacoes,camara:204517:56:PMN:2019-02-01,FIL-004923
filiacoes,camara:204517:56:PR:2019-03-28,FIL-004924
filiacoes,camara:204517:56:PL:2019-05-22,FIL-004925
filiacoes,camara:204517:57:PL:2023-02-01,FIL-004926
filiacoes,camara:204518:56:PATRI:2018-12-12,FIL-004927
filiacoes,camara:204518:56:PATRIOTA:2019-06-03,FIL-004928
filiacoes,camara:204518:57:PATRIOTA:2023-02-01,FIL-004929
filiacoes,camara:204518:57:PRD:2024-02-07,FIL-004930
filiacoes,camara:204518:57:PL:2026-05-15,FIL-004931
filiacoes,camara:204519:56:NOVO:2019-02-01,FIL-004932
filiacoes,camara:204520:56:PSL:2019-02-01,FIL-004933
filiacoes,camara:204520:56:UNIÃO:2022-02-23,FIL-004934
filiacoes,camara:204520:56:PL:2022-03-17,FIL-004935
filiacoes,camara:204520:57:PL:2023-02-01,FIL-004936
filiacoes,camara:204521:56:PSL:2019-02-01,FIL-004937
filiacoes,camara:204521:56:UNIÃO:2022-02-23,FIL-004938
filiacoes,camara:204522:56:PSD:2019-02-01,FIL-004939
filiacoes,camara:204522:57:PSD:2023-02-01,FIL-004940
filiacoes,camara:204523:56:NOVO:2019-02-01,FIL-004941
filiacoes,camara:204524:56:PP:2019-02-01,FIL-004942
filiacoes,camara:204524:57:PP:2023-02-01,FIL-004943
filiacoes,camara:204525:56:PSB:2019-02-01,FIL-004944
filiacoes,camara:204525:56:PL:2022-04-04,FIL-004945
filiacoes,camara:204525:57:PL:2023-02-01,FIL-004946
filiacoes,camara:204526:56:PSL:2019-02-01,FIL-004947
filiacoes,camara:204526:56:UNIÃO:2022-02-23,FIL-004948
filiacoes,camara:204526:56:PL:2022-03-15,FIL-004949
filiacoes,camara:204526:57:PL:2023-02-01,FIL-004950
filiacoes,camara:204527:56:DEM:2019-02-01,FIL-004951
filiacoes,camara:204527:56:UNIÃO:2022-02-23,FIL-004952
filiacoes,camara:204528:56:NOVO:2019-02-01,FIL-004953
filiacoes,camara:204528:57:NOVO:2023-02-01,FIL-004954
filiacoes,camara:204529:56:PR:2019-02-01,FIL-004955
filiacoes,camara:204529:56:PL:2019-05-22,FIL-004956
filiacoes,camara:204530:56:PSB:2019-02-01,FIL-004957
filiacoes,camara:204531:56:PP:2019-01-29,FIL-004958
filiacoes,camara:204531:56:PL:2022-03-29,FIL-004959
filiacoes,camara:204531:57:PL:2023-01-30,FIL-004960
filiacoes,camara:204531:57:PP:2025-11-10,FIL-004961
filiacoes,camara:204532:56:NOVO:2019-02-01,FIL-004962
filiacoes,camara:204533:56:PDT:2019-02-01,FIL-004963
filiacoes,camara:204533:57:PDT:2023-02-01,FIL-004964
filiacoes,camara:204533:57:PSB:2026-04-10,FIL-004965
filiacoes,camara:204534:56:PDT:2019-02-01,FIL-004966
filiacoes,camara:204534:56:PSB:2021-09-28,FIL-004967
filiacoes,camara:204534:57:PSB:2023-02-01,FIL-004968
filiacoes,camara:204535:56:PSOL:2019-02-01,FIL-004969
filiacoes,camara:204535:57:PSOL:2023-02-01,FIL-004970
filiacoes,camara:204536:56:DEM:2019-02-01,FIL-004971
filiacoes,camara:204536:56:UNIÃO:2022-02-23,FIL-004972
filiacoes,camara:204536:57:UNIÃO:2023-02-01,FIL-004973
filiacoes,camara:204536:57:MISSÃO:2026-03-09,FIL-004974
filiacoes,camara:204537:56:PV:2019-02-01,FIL-004975
filiacoes,camara:204537:56:MDB:2022-04-06,FIL-004976
filiacoes,camara:204537:57:MDB:2023-02-01,FIL-004977
filiacoes,camara:204538:56:PTB:2019-02-01,FIL-004978
filiacoes,camara:204539:56:MDB:2019-02-01,FIL-004979
filiacoes,camara:204539:57:MDB:2023-02-01,FIL-004980
filiacoes,camara:204540:56:PRB:2019-02-01,FIL-004981
filiacoes,camara:204540:56:REPUBLICANOS:2019-08-16,FIL-004982
filiacoes,camara:204540:57:REPUBLICANOS:2023-02-01,FIL-004983
filiacoes,camara:204541:56:PDT:2019-02-01,FIL-004984
filiacoes,camara:204541:57:PDT:2023-02-01,FIL-004985
filiacoes,camara:204541:57:PV:2026-04-08,FIL-004986
filiacoes,camara:204542:56:PSB:2019-02-01,FIL-004987
filiacoes,camara:204543:56:PSB:2019-02-01,FIL-004988
filiacoes,camara:204544:56:PSL:2019-02-01,FIL-004989
filiacoes,camara:204544:56:PSDB:2019-08-21,FIL-004990
filiacoes,camara:204544:56:PROS:2022-10-27,FIL-004991
filiacoes,camara:204545:56:PSL:2019-02-01,FIL-004992
filiacoes,camara:204545:56:UNIÃO:2022-02-23,FIL-004993
filiacoes,camara:204545:56:REPUBLICANOS:2022-02-25,FIL-004994
filiacoes,camara:204546:56:PSL:2019-02-01,FIL-004995
filiacoes,camara:204546:56:UNIÃO:2022-02-23,FIL-004996
filiacoes,camara:204546:56:PSDB:2022-03-15,FIL-004997
filiacoes,camara:204547:56:PSL:2019-02-01,FIL-004998
filiacoes,camara:204547:56:UNIÃO:2022-02-23,FIL-004999
filiacoes,camara:204547:56:PL:2022-03-15,FIL-005000
filiacoes,camara:204547:56:REPUBLICANOS:2022-03-31,FIL-005001
filiacoes,camara:204548:56:PSL:2019-02-01,FIL-005002
filiacoes,camara:204548:56:UNIÃO:2022-02-23,FIL-005003
filiacoes,camara:204548:57:UNIÃO:2023-02-01,FIL-005004
filiacoes,camara:204549:56:PP:2019-02-01,FIL-005005
filiacoes,camara:204549:57:PP:2023-02-01,FIL-005006
filiacoes,camara:204550:56:PATRI:2019-02-01,FIL-005007
filiacoes,camara:204550:56:PR:2019-02-27,FIL-005008
filiacoes,camara:204550:56:PL:2019-05-22,FIL-005009
filiacoes,camara:204550:57:PL:2023-02-01,FIL-005010
filiacoes,camara:204550:57:PSB:2025-01-31,FIL-005011
filiacoes,camara:204551:56:SOLIDARIEDADE:2019-02-01,FIL-005012
filiacoes,camara:204552:56:PMN:2019-02-01,FIL-005013
filiacoes,camara:204552:56:PODE:2019-12-10,FIL-005014
filiacoes,camara:204553:56:AVANTE:2019-02-01,FIL-005015
filiacoes,camara:204553:57:AVANTE:2023-02-01,FIL-005016
filiacoes,camara:204554:56:PHS:2019-02-01,FIL-005017
filiacoes,camara:204554:56:PR:2019-02-26,FIL-005018
filiacoes,camara:204554:56:PL:2019-05-22,FIL-005019
filiacoes,camara:204554:56:PSC:2022-04-19,FIL-005020
filiacoes,camara:204555:56:PT:2019-02-01,FIL-005021
filiacoes,camara:204556:56:PR:2019-02-01,FIL-005022
filiacoes,camara:204556:56:PL:2019-05-22,FIL-005023
filiacoes,camara:204556:56:PSD:2022-02-25,FIL-005024
filiacoes,camara:204557:56:PSD:2019-02-01,FIL-005025
filiacoes,camara:204557:57:PSD:2023-02-01,FIL-005026
filiacoes,camara:204558:56:PSB:2019-02-01,FIL-005027
filiacoes,camara:204558:56:REPUBLICANOS:2022-03-31,FIL-005028
filiacoes,camara:204558:57:REPUBLICANOS:2023-02-01,FIL-005029
filiacoes,camara:204559:56:PT:2019-02-01,FIL-005030
filiacoes,camara:204559:57:PT:2023-02-01,FIL-005031
filiacoes,camara:204560:56:PSDB:2019-02-01,FIL-005032
filiacoes,camara:204560:57:PSDB:2023-02-01,FIL-005033
filiacoes,camara:204561:56:PSB:2019-02-01,FIL-005034
filiacoes,camara:204562:56:PSD:2019-02-01,FIL-005035
filiacoes,camara:204563:56:PR:2019-02-01,FIL-005036
filiacoes,camara:204563:56:PL:2019-05-22,FIL-005037
filiacoes,camara:204563:57:PL:2023-02-01,FIL-005038
filiacoes,camara:204564:56:PHS:2019-02-01,FIL-005039
filiacoes,camara:204564:56:DEM:2019-08-27,FIL-005040
filiacoes,camara:204564:56:UNIÃO:2022-02-23,FIL-005041
filiacoes,camara:204565:56:PSL:2019-02-01,FIL-005042
filiacoes,camara:204565:56:UNIÃO:2022-02-23,FIL-005043
filiacoes,camara:204566:56:PATRI:2019-02-01,FIL-005044
filiacoes,camara:204566:56:PATRIOTA:2019-06-03,FIL-005045
filiacoes,camara:204566:57:PATRIOTA:2023-02-01,FIL-005046
filiacoes,camara:204566:57:PRD:2024-02-07,FIL-005047
filiacoes,camara:204567:56:PRP:2019-02-01,FIL-005048
filiacoes,camara:204567:56:PR:2019-03-11,FIL-005049
filiacoes,camara:204567:56:PL:2019-05-22,FIL-005050
filiacoes,camara:204567:56:PODE:2022-04-06,FIL-005051
filiacoes,camara:204567:57:PODE:2023-02-01,FIL-005052
filiacoes,camara:204567:57:PSD:2026-03-25,FIL-005053
filiacoes,camara:204569:56:PSL:2019-02-01,FIL-005054
filiacoes,camara:204569:56:UNIÃO:2022-02-23,FIL-005055
filiacoes,camara:204570:56:PMN:2019-02-01,FIL-005056
filiacoes,camara:204570:56:PL:2019-07-08,FIL-005057
filiacoes,camara:204570:57:PL:2023-02-01,FIL-005058
filiacoes,camara:204571:56:PDT:2019-02-01,FIL-005059
filiacoes,camara:204571:56:REPUBLICANOS:2022-03-23,FIL-005060
filiacoes,camara:204571:57:REPUBLICANOS:2023-02-01,FIL-005061
filiacoes,camara:204572:56:PRB:2019-02-01,FIL-005062
filiacoes,camara:204572:56:REPUBLICANOS:2019-08-16,FIL-005063
filiacoes,camara:204572:56:PL:2022-03-15,FIL-005064
filiacoes,camara:204572:57:PL:2023-02-01,FIL-005065
filiacoes,camara:204573:56:PSD:2019-02-01,FIL-005066
filiacoes,camara:204573:57:PSD:2023-02-01,FIL-005067
filiacoes,camara:204574:56:PR:2019-02-01,FIL-005068
filiacoes,camara:204574:56:PL:2019-05-22,FIL-005069
filiacoes,camara:204574:57:PL:2023-02-01,FIL-005070
filiacoes,camara:204574:57:MDB:2026-04-10,FIL-005071
filiacoes,camara:204575:56:PDT:2019-02-01,FIL-005072
filiacoes,camara:204575:56:REPUBLICANOS:2021-03-22,FIL-005073
filiacoes,camara:204576:56:PRB:2019-02-01,FIL-005074
filiacoes,camara:204576:56:REPUBLICANOS:2019-08-16,FIL-005075
filiacoes,camara:204576:56:PL:2022-04-04,FIL-005076
filiacoes,camara:204651:55:PT:2018-10-16,FIL-005077
filiacoes,camara:204760:55:PDT:2018-11-06,FIL-005078
filiacoes,camara:205234:55:PODE:2018-12-18,FIL-005079
filiacoes,camara:205234:55:PHS:2018-12-21,FIL-005080
filiacoes,camara:205297:55:PSD:2019-01-01,FIL-005081
filiacoes,camara:205298:55:PHS:2019-01-02,FIL-005082
filiacoes,camara:205302:55:PRB:2019-01-02,FIL-005083
filiacoes,camara:205303:55:MDB:2019-01-02,FIL-005084
filiacoes,camara:205476:56:PSD:2019-02-01,FIL-005085
filiacoes,camara:205476:57:PSD:2023-02-01,FIL-005086
filiacoes,camara:205535:56:PL:2019-05-22,FIL-005087
filiacoes,camara:205535:56:PODE:2020-03-04,FIL-005088
filiacoes,camara:205535:56:PL:2022-12-21,FIL-005089
filiacoes,camara:205548:56:PSOL:2019-01-29,FIL-005090
filiacoes,camara:205548:56:PDT:2022-04-04,FIL-005091
filiacoes,camara:205550:56:PRB:2019-01-29,FIL-005092
filiacoes,camara:205550:56:REPUBLICANOS:2019-08-16,FIL-005093
filiacoes,camara:205550:57:REPUBLICANOS:2023-02-01,FIL-005094
filiacoes,camara:205863:56:PSL:2019-02-04,FIL-005095
filiacoes,camara:205863:56:UNIÃO:2022-02-23,FIL-005096
filiacoes,camara:205863:56:REPUBLICANOS:2022-03-23,FIL-005097
filiacoes,camara:205865:56:PSD:2019-02-04,FIL-005098
filiacoes,camara:205865:57:PSD:2023-02-01,FIL-005099
filiacoes,camara:205865:57:PL:2026-04-01,FIL-005100
filiacoes,camara:206018:57:PSOL:2023-02-01,FIL-005101
filiacoes,camara:206231:56:PSB:2019-02-05,FIL-005102
filiacoes,camara:207176:56:PSDB:2019-02-06,FIL-005103
filiacoes,camara:207309:56:PSL:2019-02-07,FIL-005104
filiacoes,camara:207309:56:UNIÃO:2022-02-23,FIL-005105
filiacoes,camara:208297:57:PSC:2023-02-01,FIL-005106
filiacoes,camara:208297:57:PODE:2025-02-26,FIL-005107
filiacoes,camara:208297:57:REPUBLICANOS:2025-03-11,FIL-005108
filiacoes,camara:209189:56:PT:2019-03-13,FIL-005109
filiacoes,camara:209189:57:PT:2023-02-01,FIL-005110
filiacoes,camara:209787:57:PL:2023-02-01,FIL-005111
filiacoes,camara:210989:57:AVANTE:2023-02-01,FIL-005112
filiacoes,camara:210989:57:REPUBLICANOS:2026-04-10,FIL-005113
filiacoes,camara:211498:56:PSD:2023-01-01,FIL-005114
filiacoes,camara:211649:56:PSL:2019-08-07,FIL-005115
filiacoes,camara:211649:56:UNIÃO:2022-02-23,FIL-005116
filiacoes,camara:211866:56:CIDADANIA:2019-05-04,FIL-005117
filiacoes,camara:211866:57:PSC:2023-02-01,FIL-005118
filiacoes,camara:211866:57:PODE:2025-02-26,FIL-005119
filiacoes,camara:212504:56:AVANTE:2019-11-08,FIL-005120
filiacoes,camara:212625:56:AVANTE:2019-12-02,FIL-005121
filiacoes,camara:212625:56:REPUBLICANOS:2019-12-16,FIL-005122
filiacoes,camara:212625:57:PODE:2023-02-01,FIL-005123
filiacoes,camara:212749:56:PL:2019-05-04,FIL-005124
filiacoes,camara:213274:56:PSB:2020-02-12,FIL-005125
filiacoes,camara:213274:56:PSD:2022-04-06,FIL-005126
filiacoes,camara:213274:57:PSD:2023-02-01,FIL-005127
filiacoes,camara:213679:56:PROS:2020-05-29,FIL-005128
filiacoes,camara:213762:56:PROS:2020-06-17,FIL-005129
filiacoes,camara:213762:56:UNIÃO:2022-04-11,FIL-005130
filiacoes,camara:213762:57:UNIÃO:2023-02-01,FIL-005131
filiacoes,camara:213762:57:PL:2026-04-29,FIL-005132
filiacoes,camara:213854:56:PROS:2020-07-01,FIL-005133
filiacoes,camara:213854:56:UNIÃO:2022-06-14,FIL-005134
filiacoes,camara:213856:56:PROS:2020-07-01,FIL-005135
filiacoes,camara:213856:56:REPUBLICANOS:2020-07-02,FIL-005136
filiacoes,camara:214445:56:PP:2020-09-02,FIL-005137
filiacoes,camara:214477:56:MDB:2020-09-09,FIL-005138
filiacoes,camara:214477:56:PSD:2022-04-27,FIL-005139
filiacoes,camara:214694:56:PL:2019-05-22,FIL-005140
filiacoes,camara:214694:57:PL:2023-02-01,FIL-005141
filiacoes,camara:214694:57:REPUBLICANOS:2024-06-21,FIL-005142
filiacoes,camara:214865:56:CIDADANIA:2022-07-13,FIL-005143
filiacoes,camara:215042:56:PATRI:2021-01-01,FIL-005144
filiacoes,camara:215042:56:PATRIOTA:2021-01-01,FIL-005145
filiacoes,camara:215042:56:PSC:2021-01-06,FIL-005146
filiacoes,camara:215042:56:PDT:2022-04-18,FIL-005147
filiacoes,camara:215043:56:PHS:2021-01-01,FIL-005148
filiacoes,camara:215043:56:PODE:2021-01-01,FIL-005149
filiacoes,camara:215043:56:PSD:2022-04-06,FIL-005150
filiacoes,camara:215043:57:PSD:2023-02-01,FIL-005151
filiacoes,camara:215043:57:UNIÃO:2026-04-29,FIL-005152
filiacoes,camara:215044:56:PSOL:2021-01-01,FIL-005153
filiacoes,camara:215045:56:PSD:2021-01-01,FIL-005154
filiacoes,camara:215045:56:PP:2022-04-05,FIL-005155
filiacoes,camara:215361:56:PT:2021-02-01,FIL-005156
filiacoes,camara:216198:56:PSDB:2021-03-31,FIL-005157
filiacoes,camara:216313:56:PSDB:2021-04-13,FIL-005158
filiacoes,camara:216544:56:PSD:2021-05-04,FIL-005159
filiacoes,camara:216545:56:PDT:2021-05-05,FIL-005160
filiacoes,camara:217036:56:PRB:2021-06-18,FIL-005161
filiacoes,camara:217036:56:REPUBLICANOS:2021-06-18,FIL-005162
filiacoes,camara:217330:56:PSC:2021-07-26,FIL-005163
filiacoes,camara:217480:56:PSD:2021-08-12,FIL-005164
filiacoes,camara:217480:57:PSD:2023-02-01,FIL-005165
filiacoes,camara:218086:56:PRB:2021-11-09,FIL-005166
filiacoes,camara:218086:56:REPUBLICANOS:2021-11-09,FIL-005167
filiacoes,camara:218086:57:REPUBLICANOS:2023-02-01,FIL-005168
filiacoes,camara:218245:56:PR:2021-12-01,FIL-005169
filiacoes,camara:218245:56:PL:2021-12-01,FIL-005170
filiacoes,camara:218741:56:PSDB:2022-02-21,FIL-005171
filiacoes,camara:218741:56:PSD:2022-02-23,FIL-005172
filiacoes,camara:218879:56:PROS:2022-03-15,FIL-005173
filiacoes,camara:218879:56:UNIÃO:2022-04-13,FIL-005174
filiacoes,camara:219568:56:PSB:2022-06-07,FIL-005175
filiacoes,camara:219585:56:PP:2022-06-08,FIL-005176
filiacoes,camara:219585:57:PP:2023-02-01,FIL-005177
filiacoes,camara:219592:56:DEM:2022-06-08,FIL-005178
filiacoes,camara:219592:56:UNIÃO:2022-06-08,FIL-005179
filiacoes,camara:219592:56:PSC:2022-06-15,FIL-005180
filiacoes,camara:219599:56:PODE:2022-06-09,FIL-005181
filiacoes,camara:219920:56:PSB:2023-01-02,FIL-005182
filiacoes,camara:220008:56:PP:2022-07-15,FIL-005183
filiacoes,camara:220008:57:PP:2023-02-01,FIL-005184
filiacoes,camara:220526:57:PL:2023-02-01,FIL-005185
filiacoes,camara:220527:57:PT:2023-02-01,FIL-005186
filiacoes,camara:220528:57:PODE:2023-01-25,FIL-005187
filiacoes,camara:220528:57:PSB:2026-05-15,FIL-005188
filiacoes,camara:220529:57:PODE:2023-02-01,FIL-005189
filiacoes,camara:220530:57:REPUBLICANOS:2023-02-01,FIL-005190
filiacoes,camara:220530:57:UNIÃO:2026-04-07,FIL-005191
filiacoes,camara:220531:57:REPUBLICANOS:2023-02-01,FIL-005192
filiacoes,camara:220532:57:MDB:2023-02-01,FIL-005193
filiacoes,camara:220533:57:PV:2023-02-01,FIL-005194
filiacoes,camara:220534:57:REPUBLICANOS:2023-02-01,FIL-005195
filiacoes,camara:220536:57:PSD:2023-02-01,FIL-005196
filiacoes,camara:220536:57:UNIÃO:2026-04-08,FIL-005197
filiacoes,camara:220537:57:MDB:2023-02-01,FIL-005198
filiacoes,camara:220537:57:PSD:2026-04-07,FIL-005199
filiacoes,camara:220538:57:REPUBLICANOS:2023-02-01,FIL-005200
filiacoes,camara:220539:57:REPUBLICANOS:2023-02-01,FIL-005201
filiacoes,camara:220539:57:UNIÃO:2026-04-10,FIL-005202
filiacoes,camara:220540:57:MDB:2023-02-01,FIL-005203
filiacoes,camara:220540:57:PODE:2026-04-17,FIL-005204
filiacoes,camara:220542:57:REPUBLICANOS:2023-02-01,FIL-005205
filiacoes,camara:220542:57:MDB:2024-04-16,FIL-005206
filiacoes,camara:220543:57:REPUBLICANOS:2023-02-01,FIL-005207
filiacoes,camara:220544:57:REPUBLICANOS:2023-02-01,FIL-005208
filiacoes,camara:220544:57:PSDB:2026-04-29,FIL-005209
filiacoes,camara:220545:57:PL:2023-02-01,FIL-005210
filiacoes,camara:220546:57:PL:2023-02-01,FIL-005211
filiacoes,camara:220547:57:PL:2023-02-01,FIL-005212
filiacoes,camara:220548:57:PT:2023-02-01,FIL-005213
filiacoes,camara:220549:57:CIDADANIA:2023-02-01,FIL-005214
filiacoes,camara:220549:57:PP:2026-04-29,FIL-005215
filiacoes,camara:220550:57:PODE:2023-02-01,FIL-005216
filiacoes,camara:220550:57:PL:2025-12-15,FIL-005217
filiacoes,camara:220551:57:REPUBLICANOS:2023-02-01,FIL-005218
filiacoes,camara:220552:57:REPUBLICANOS:2023-02-01,FIL-005219
filiacoes,camara:220552:57:PL:2024-02-06,FIL-005220
filiacoes,camara:220553:57:PT:2023-02-01,FIL-005221
filiacoes,camara:220554:57:PT:2023-02-01,FIL-005222
filiacoes,camara:220555:57:PCDOB:2023-02-01,FIL-005223
filiacoes,camara:220556:57:PT:2023-02-01,FIL-005224
filiacoes,camara:220557:57:PL:2023-02-01,FIL-005225
filiacoes,camara:220558:57:PL:2023-02-01,FIL-005226
filiacoes,camara:220559:57:PL:2023-02-01,FIL-005227
filiacoes,camara:220560:57:PP:2023-02-01,FIL-005228
filiacoes,camara:220560:57:REPUBLICANOS:2026-04-08,FIL-005229
filiacoes,camara:220561:57:PSD:2023-02-01,FIL-005230
filiacoes,camara:220563:57:PL:2023-02-01,FIL-005231
filiacoes,camara:220563:57:REPUBLICANOS:2026-04-08,FIL-005232
filiacoes,camara:220564:57:UNIÃO:2023-02-01,FIL-005233
filiacoes,camara:220565:57:PT:2023-02-01,FIL-005234
filiacoes,camara:220566:57:PSDB:2023-02-01,FIL-005235
filiacoes,camara:220566:57:REPUBLICANOS:2026-04-07,FIL-005236
filiacoes,camara:220567:57:REPUBLICANOS:2023-02-01,FIL-005237
filiacoes,camara:220567:57:PSDB:2026-03-25,FIL-005238
filiacoes,camara:220568:57:PL:2023-02-01,FIL-005239
filiacoes,camara:220569:57:UNIÃO:2023-02-01,FIL-005240
filiacoes,camara:220570:57:PSD:2023-02-01,FIL-005241
filiacoes,camara:220571:57:PL:2023-02-01,FIL-005242
filiacoes,camara:220571:57:PSD:2026-04-29,FIL-005243
filiacoes,camara:220572:57:MDB:2023-02-01,FIL-005244
filiacoes,camara:220572:57:REPUBLICANOS:2026-04-10,FIL-005245
filiacoes,camara:220573:57:PDT:2023-02-01,FIL-005246
filiacoes,camara:220574:57:PL:2023-02-01,FIL-005247
filiacoes,camara:220575:57:PL:2023-02-01,FIL-005248
filiacoes,camara:220576:57:UNIÃO:2023-02-01,FIL-005249
filiacoes,camara:220576:57:PL:2026-04-29,FIL-005250
filiacoes,camara:220577:57:MDB:2023-02-01,FIL-005251
filiacoes,camara:220578:57:PDT:2023-02-01,FIL-005252
filiacoes,camara:220579:57:PL:2023-02-01,FIL-005253
filiacoes,camara:220580:57:PDT:2023-02-01,FIL-005254
filiacoes,camara:220581:57:PV:2023-02-01,FIL-005255
filiacoes,camara:220581:57:PSD:2025-05-07,FIL-005256
filiacoes,camara:220582:57:PP:2023-02-01,FIL-005257
filiacoes,camara:220583:57:PP:2023-02-01,FIL-005258
filiacoes,camara:220584:57:REPUBLICANOS:2023-02-01,FIL-005259
filiacoes,camara:220585:57:PP:2023-02-01,FIL-005260
filiacoes,camara:220585:57:PSD:2026-04-08,FIL-005261
filiacoes,camara:220586:57:MDB:2023-02-01,FIL-005262
filiacoes,camara:220587:57:PP:2023-02-01,FIL-005263
filiacoes,camara:220588:57:REPUBLICANOS:2023-02-01,FIL-005264
filiacoes,camara:220589:57:UNIÃO:2023-02-01,FIL-005265
filiacoes,camara:220589:57:SOLIDARIEDADE:2026-04-01,FIL-005266
filiacoes,camara:220590:57:UNIÃO:2023-02-01,FIL-005267
filiacoes,camara:220591:57:UNIÃO:2023-02-01,FIL-005268
filiacoes,camara:220592:57:PP:2023-02-01,FIL-005269
filiacoes,camara:220593:57:PL:2023-02-01,FIL-005270
filiacoes,camara:220594:57:UNIÃO:2023-02-01,FIL-005271
filiacoes,camara:220594:57:PL:2026-03-25,FIL-005272
filiacoes,camara:220595:57:PL:2023-02-01,FIL-005273
filiacoes,camara:220596:57:PL:2023-02-01,FIL-005274
filiacoes,camara:220597:57:MDB:2023-02-01,FIL-005275
filiacoes,camara:220597:57:REPUBLICANOS:2024-04-16,FIL-005276
filiacoes,camara:220597:57:UNIÃO:2026-04-10,FIL-005277
filiacoes,camara:220598:57:PSOL:2023-02-01,FIL-005278
filiacoes,camara:220599:57:REPUBLICANOS:2023-02-01,FIL-005279
filiacoes,camara:220600:57:UNIÃO:2023-02-01,FIL-005280
filiacoes,camara:220601:57:PT:2023-02-01,FIL-005281
filiacoes,camara:220602:57:PT:2023-02-01,FIL-005282
filiacoes,camara:220603:57:UNIÃO:2023-02-01,FIL-005283
filiacoes,camara:220603:57:PL:2026-04-01,FIL-005284
filiacoes,camara:220604:57:PDT:2023-02-01,FIL-005285
filiacoes,camara:220605:57:PSB:2023-02-01,FIL-005286
filiacoes,camara:220605:57:PV:2026-04-07,FIL-005287
filiacoes,camara:220606:57:PT:2023-02-01,FIL-005288
filiacoes,camara:220607:57:PROS:2023-02-01,FIL-005289
filiacoes,camara:220607:57:SOLIDARIEDADE:2023-03-23,FIL-005290
filiacoes,camara:220607:57:PDT:2023-04-26,FIL-005291
filiacoes,camara:220607:57:UNIÃO:2026-05-15,FIL-005292
filiacoes,camara:220608:57:UNIÃO:2023-02-01,FIL-005293
filiacoes,camara:220608:57:PODE:2026-04-08,FIL-005294
filiacoes,camara:220609:57:UNIÃO:2023-02-01,FIL-005295
filiacoes,camara:220610:57:UNIÃO:2023-02-01,FIL-005296
filiacoes,camara:220610:57:PL:2026-04-01,FIL-005297
filiacoes,camara:220611:57:PL:2023-02-01,FIL-005298
filiacoes,camara:220612:57:PTB:2023-02-01,FIL-005299
filiacoes,camara:220612:57:PP:2023-02-01,FIL-005300
filiacoes,camara:220613:57:PL:2023-02-01,FIL-005301
filiacoes,camara:220614:57:PSD:2023-02-01,FIL-005302
filiacoes,camara:220615:57:PSOL:2023-02-01,FIL-005303
filiacoes,camara:220616:57:PL:2023-02-01,FIL-005304
filiacoes,camara:220616:57:REPUBLICANOS:2024-03-27,FIL-005305
filiacoes,camara:220616:57:PSDB:2025-12-15,FIL-005306
filiacoes,camara:220617:57:UNIÃO:2023-02-01,FIL-005307
filiacoes,camara:220617:57:PSDB:2026-04-17,FIL-005308
filiacoes,camara:220618:57:PODE:2023-02-01,FIL-005309
filiacoes,camara:220619:57:PL:2023-02-01,FIL-005310
filiacoes,camara:220620:57:PL:2023-02-01,FIL-005311
filiacoes,camara:220621:57:PL:2023-02-01,FIL-005312
filiacoes,camara:220622:57:PODE:2023-02-01,FIL-005313
filiacoes,camara:220623:57:PDT:2023-02-01,FIL-005314
filiacoes,camara:220623:57:PSOL:2026-04-10,FIL-005315
filiacoes,camara:220624:57:PL:2023-02-01,FIL-005316
filiacoes,camara:220624:57:PP:2025-06-18,FIL-005317
filiacoes,camara:220625:57:AVANTE:2023-02-01,FIL-005318
filiacoes,camara:220625:57:PL:2026-05-15,FIL-005319
filiacoes,camara:220626:57:UNIÃO:2023-02-01,FIL-005320
filiacoes,camara:220627:57:UNIÃO:2023-02-01,FIL-005321
filiacoes,camara:220628:57:PL:2023-02-01,FIL-005322
filiacoes,camara:220629:57:PT:2023-02-01,FIL-005323
filiacoes,camara:220630:57:PATRIOTA:2023-02-01,FIL-005324
filiacoes,camara:220630:57:PRD:2024-02-07,FIL-005325
filiacoes,camara:220630:57:PP:2026-04-10,FIL-005326
filiacoes,camara:220631:57:PL:2023-02-01,FIL-005327
filiacoes,camara:220631:57:REPUBLICANOS:2023-12-20,FIL-005328
filiacoes,camara:220631:57:UNIÃO:2026-04-08,FIL-005329
filiacoes,camara:220632:57:PT:2023-02-01,FIL-005330
filiacoes,camara:220633:57:PL:2023-02-01,FIL-005331
filiacoes,camara:220633:57:NOVO:2024-08-19,FIL-005332
filiacoes,camara:220634:57:SOLIDARIEDADE:2023-02-01,FIL-005333
filiacoes,camara:220634:57:PSB:2023-05-17,FIL-005334
filiacoes,camara:220635:57:PODE:2023-02-01,FIL-005335
filiacoes,camara:220636:57:PT:2023-02-01,FIL-005336
filiacoes,camara:220637:57:REDE:2023-02-01,FIL-005337
filiacoes,camara:220638:57:PL:2023-02-01,FIL-005338
filiacoes,camara:220638:57:PODE:2026-05-15,FIL-005339
filiacoes,camara:220639:57:PSOL:2023-02-01,FIL-005340
filiacoes,camara:220640:57:PT:2023-02-01,FIL-005341
filiacoes,camara:220641:57:PODE:2023-02-01,FIL-005342
filiacoes,camara:220642:57:PP:2023-02-01,FIL-005343
filiacoes,camara:220642:57:PODE:2026-04-07,FIL-005344
filiacoes,camara:220643:57:PSOL:2023-02-01,FIL-005345
filiacoes,camara:220644:57:UNIÃO:2023-02-01,FIL-005346
filiacoes,camara:220644:57:PL:2026-04-01,FIL-005347
filiacoes,camara:220645:57:PSOL:2023-02-01,FIL-005348
filiacoes,camara:220646:57:UNIÃO:2023-02-01,FIL-005349
filiacoes,camara:220646:57:PODE:2026-03-25,FIL-005350
filiacoes,camara:220647:57:PP:2023-02-01,FIL-005351
filiacoes,camara:220648:57:UNIÃO:2023-02-01,FIL-005352
filiacoes,camara:220648:57:PODE:2026-04-29,FIL-005353
filiacoes,camara:220649:57:PP:2023-02-01,FIL-005354
filiacoes,camara:220649:57:UNIÃO:2026-04-29,FIL-005355
filiacoes,camara:220650:57:PSDB:2023-02-01,FIL-005356
filiacoes,camara:220650:57:PSD:2026-05-15,FIL-005357
filiacoes,camara:220651:57:MDB:2023-02-01,FIL-005358
filiacoes,camara:220651:57:PP:2026-04-08,FIL-005359
filiacoes,camara:220652:57:MDB:2023-02-01,FIL-005360
filiacoes,camara:220652:57:PODE:2026-03-25,FIL-005361
filiacoes,camara:220653:57:MDB:2023-02-01,FIL-005362
filiacoes,camara:220654:57:PL:2023-02-01,FIL-005363
filiacoes,camara:220655:57:PL:2023-02-01,FIL-005364
filiacoes,camara:220656:57:UNIÃO:2023-02-01,FIL-005365
filiacoes,camara:220656:57:PSD:2026-04-07,FIL-005366
filiacoes,camara:220657:57:PL:2023-02-01,FIL-005367
filiacoes,camara:220658:57:PSD:2023-02-01,FIL-005368
filiacoes,camara:220659:57:UNIÃO:2023-01-19,FIL-005369
filiacoes,camara:220660:57:PL:2023-01-31,FIL-005370
filiacoes,camara:220660:57:MDB:2023-12-13,FIL-005371
filiacoes,camara:220661:57:PL:2023-02-01,FIL-005372
filiacoes,camara:220662:57:PSB:2023-02-01,FIL-005373
filiacoes,camara:220663:57:PSB:2023-02-01,FIL-005374
filiacoes,camara:220664:57:PSB:2023-02-01,FIL-005375
filiacoes,camara:220664:57:PSD:2026-04-01,FIL-005376
filiacoes,camara:220665:57:PP:2023-02-01,FIL-005377
filiacoes,camara:220666:57:PL:2023-02-01,FIL-005378
filiacoes,camara:220667:57:PSB:2023-02-01,FIL-005379
filiacoes,camara:220668:57:SOLIDARIEDADE:2023-02-01,FIL-005380
filiacoes,camara:220668:57:PSB:2026-04-08,FIL-005381
filiacoes,camara:220669:57:PP:2023-02-01,FIL-005382
filiacoes,camara:220670:57:MDB:2023-02-01,FIL-005383
filiacoes,camara:220671:57:PT:2023-02-01,FIL-005384
filiacoes,camara:220672:57:MDB:2023-02-01,FIL-005385
filiacoes,camara:220672:57:UNIÃO:2026-04-10,FIL-005386
filiacoes,camara:220673:57:PL:2023-02-01,FIL-005387
filiacoes,camara:220674:57:MDB:2023-02-01,FIL-005388
filiacoes,camara:220674:57:PODE:2026-04-10,FIL-005389
filiacoes,camara:220675:57:MDB:2023-02-01,FIL-005390
filiacoes,camara:220676:57:MDB:2023-02-01,FIL-005391
filiacoes,camara:220676:57:PSB:2026-04-08,FIL-005392
filiacoes,camara:220677:57:MDB:2023-02-01,FIL-005393
filiacoes,camara:220681:57:PODE:2023-02-01,FIL-005394
filiacoes,camara:220682:57:PT:2023-02-01,FIL-005395
filiacoes,camara:220683:57:PSDB:2023-02-01,FIL-005396
filiacoes,camara:220684:57:PP:2023-02-01,FIL-005397
filiacoes,camara:220685:57:PSD:2023-02-01,FIL-005398
filiacoes,camara:220685:57:UNIÃO:2026-04-08,FIL-005399
filiacoes,camara:220686:57:PSB:2023-02-01,FIL-005400
filiacoes,camara:220686:57:AVANTE:2026-04-08,FIL-005401
filiacoes,camara:220687:57:PDT:2023-02-01,FIL-005402
filiacoes,camara:220687:57:SOLIDARIEDADE:2026-04-17,FIL-005403
filiacoes,camara:220688:57:PT:2023-02-01,FIL-005404
filiacoes,camara:220689:57:PL:2023-02-01,FIL-005405
filiacoes,camara:220690:57:PL:2023-02-01,FIL-005406
filiacoes,camara:220691:57:PSD:2023-02-01,FIL-005407
filiacoes,camara:220691:57:REPUBLICANOS:2026-03-25,FIL-005408
filiacoes,camara:220692:57:UNIÃO:2023-02-01,FIL-005409
filiacoes,camara:220693:57:PL:2023-02-01,FIL-005410
filiacoes,camara:220694:57:MDB:2023-02-01,FIL-005411
filiacoes,camara:220695:57:REPUBLICANOS:2023-02-01,FIL-005412
filiacoes,camara:220696:57:PT:2023-02-01,FIL-005413
filiacoes,camara:220697:57:PV:2023-02-01,FIL-005414
filiacoes,camara:220697:57:REPUBLICANOS:2024-04-16,FIL-005415
filiacoes,camara:220698:57:PSD:2023-02-01,FIL-005416
filiacoes,camara:220699:57:PSD:2023-02-01,FIL-005417
filiacoes,camara:220699:57:MDB:2026-04-01,FIL-005418
filiacoes,camara:220700:57:PT:2023-02-01,FIL-005419
filiacoes,camara:220701:57:UNIÃO:2023-02-01,FIL-005420
filiacoes,camara:220702:57:UNIÃO:2023-02-01,FIL-005421
filiacoes,camara:220703:57:PP:2023-02-01,FIL-005422
filiacoes,camara:220703:57:AVANTE:2025-04-09,FIL-005423
filiacoes,camara:220704:57:PT:2023-02-01,FIL-005424
filiacoes,camara:220705:57:PODE:2023-02-01,FIL-005425
filiacoes,camara:220706:57:UNIÃO:2023-02-01,FIL-005426
filiacoes,camara:220706:57:PL:2026-03-25,FIL-005427
filiacoes,camara:220706:57:REPUBLICANOS:2026-04-01,FIL-005428
filiacoes,camara:220706:57:PP:2026-04-10,FIL-005429
filiacoes,camara:220707:57:PP:2023-02-01,FIL-005430
filiacoes,camara:220708:57:PSD:2023-02-01,FIL-005431
filiacoes,camara:220712:57:UNIÃO:2023-02-01,FIL-005432
filiacoes,camara:220713:57:UNIÃO:2023-02-01,FIL-005433
filiacoes,camara:220713:57:MDB:2026-03-06,FIL-005434
filiacoes,camara:220714:57:REPUBLICANOS:2023-02-01,FIL-005435
filiacoes,camara:220714:57:MDB:2026-04-01,FIL-005436
filiacoes,camara:220715:57:CIDADANIA:2023-02-01,FIL-005437
filiacoes,camara:220715:57:REPUBLICANOS:2026-04-10,FIL-005438
filiacoes,camara:221147:56:MDB:2023-01-01,FIL-005439
filiacoes,camara:221148:56:PT:2023-01-01,FIL-005440
filiacoes,camara:221148:57:PT:2023-02-01,FIL-005441
filiacoes,camara:221149:56:PT:2023-01-01,FIL-005442
filiacoes,camara:221157:56:UNIÃO:2023-01-02,FIL-005443
filiacoes,camara:221183:56:PCDOB:2023-01-06,FIL-005444
filiacoes,camara:221328:57:PL:2023-02-01,FIL-005445
filiacoes,camara:221329:57:UNIÃO:2023-02-01,FIL-005446
filiacoes,camara:221329:57:PSDB:2026-04-10,FIL-005447
filiacoes,camara:221338:57:PSOL:2023-02-01,FIL-005448
filiacoes,camara:221339:57:UNIÃO:2023-02-01,FIL-005449
filiacoes,camara:221378:57:PT:2023-02-01,FIL-005450
filiacoes,camara:222142:57:PP:2023-02-01,FIL-005451
filiacoes,camara:222429:57:REPUBLICANOS:2023-02-01,FIL-005452
filiacoes,camara:222565:57:UNIÃO:2023-02-01,FIL-005453
filiacoes,camara:223128:57:PSD:2023-02-01,FIL-005454
filiacoes,camara:223398:57:MDB:2023-02-01,FIL-005455
filiacoes,camara:224117:57:REPUBLICANOS:2023-02-01,FIL-005456
filiacoes,camara:224117:57:UNIÃO:2026-04-08,FIL-005457
filiacoes,camara:224333:57:PT:2023-02-01,FIL-005458
filiacoes,camara:225386:57:PSD:2023-02-01,FIL-005459
filiacoes,camara:225727:57:MDB:2023-02-01,FIL-005460
filiacoes,camara:225730:57:PDT:2023-02-01,FIL-005461
filiacoes,camara:225730:57:PODE:2025-03-26,FIL-005462
filiacoes,camara:225846:57:PL:2023-02-01,FIL-005463
filiacoes,camara:226075:57:PL:2023-02-01,FIL-005464
filiacoes,camara:226179:57:UNIÃO:2023-02-01,FIL-005465
filiacoes,camara:226410:57:MDB:2023-02-01,FIL-005466
filiacoes,camara:226553:57:PSD:2023-02-01,FIL-005467
filiacoes,camara:226708:57:PP:2023-02-01,FIL-005468
filiacoes,camara:226837:57:PSD:2023-02-01,FIL-005469
filiacoes,camara:227275:57:PSC:2023-02-01,FIL-005470
filiacoes,camara:227275:57:PODE:2023-11-30,FIL-005471
filiacoes,camara:227275:57:REPUBLICANOS:2023-12-01,FIL-005472
filiacoes,camara:227310:57:PL:2023-02-01,FIL-005473
filiacoes,camara:227323:57:PL:2023-02-01,FIL-005474
filiacoes,camara:227324:57:PL:2023-02-01,FIL-005475
filiacoes,camara:227370:57:PATRIOTA:2023-02-01,FIL-005476
filiacoes,camara:227370:57:PRD:2024-02-07,FIL-005477
filiacoes,camara:227401:57:UNIÃO:2023-02-01,FIL-005478
filiacoes,camara:227433:57:UNIÃO:2023-02-01,FIL-005479
filiacoes,camara:227660:57:PSD:2023-02-01,FIL-005480
filiacoes,camara:227800:57:PSC:2023-02-01,FIL-005481
filiacoes,camara:227800:57:PODE:2024-02-22,FIL-005482
filiacoes,camara:227800:57:REPUBLICANOS:2024-03-12,FIL-005483
filiacoes,camara:227991:57:PL:2023-02-01,FIL-005484
filiacoes,camara:228042:57:PSD:2023-02-01,FIL-005485
filiacoes,camara:228272:57:PDT:2023-02-01,FIL-005486
filiacoes,camara:228616:57:PP:2023-02-01,FIL-005487
filiacoes,camara:228797:57:PP:2023-02-01,FIL-005488
filiacoes,camara:228837:57:MDB:2023-02-01,FIL-005489
filiacoes,camara:228941:57:PODE:2023-02-01,FIL-005490
filiacoes,camara:229069:57:PP:2023-02-01,FIL-005491
filiacoes,camara:229082:57:PDT:2023-02-01,FIL-005492
filiacoes,camara:229106:57:PT:2023-02-01,FIL-005493
filiacoes,camara:229112:57:PL:2023-02-01,FIL-005494
filiacoes,camara:229225:57:PP:2023-02-01,FIL-005495
filiacoes,camara:229259:57:PT:2023-02-01,FIL-005496
filiacoes,camara:229333:57:PL:2023-02-01,FIL-005497
filiacoes,camara:229432:57:MDB:2023-02-01,FIL-005498
filiacoes,camara:229585:57:PT:2023-02-01,FIL-005499
filiacoes,camara:229939:57:UNIÃO:2023-02-01,FIL-005500
filiacoes,camara:230088:57:PL:2023-02-01,FIL-005501
filiacoes,camara:230177:57:PL:2023-02-01,FIL-005502
filiacoes,camara:230762:57:UNIÃO:2023-02-01,FIL-005503
filiacoes,camara:230764:57:UNIÃO:2023-02-01,FIL-005504
filiacoes,camara:230765:57:PCDOB:2023-02-01,FIL-005505
filiacoes,camara:230767:57:PL:2023-02-01,FIL-005506
filiacoes,camara:230768:57:PP:2023-02-01,FIL-005507
filiacoes,camara:230957:57:MDB:2023-02-01,FIL-005508
filiacoes,camara:231911:57:PT:2023-02-01,FIL-005509
filiacoes,camara:233218:57:MDB:2023-02-01,FIL-005510
filiacoes,camara:233592:57:PSOL:2023-02-01,FIL-005511
filiacoes,camara:233592:57:PT:2026-04-10,FIL-005512
filiacoes,camara:233594:57:PODE:2023-02-01,FIL-005513
filiacoes,camara:233598:57:PSC:2023-02-01,FIL-005514
filiacoes,camara:233598:57:PODE:2025-08-01,FIL-005515
filiacoes,camara:234253:57:REDE:2023-02-01,FIL-005516
filiacoes,camara:234310:57:REDE:2023-02-01,FIL-005517
filiacoes,camara:234388:57:PATRIOTA:2023-02-01,FIL-005518
filiacoes,camara:234388:57:PRD:2025-10-30,FIL-005519
filiacoes,camara:234406:57:PP:2023-02-01,FIL-005520
filiacoes,camara:234673:57:UNIÃO:2023-02-01,FIL-005521
filiacoes,camara:234673:57:REPUBLICANOS:2026-02-10,FIL-005522
filiacoes,camara:234673:57:SOLIDARIEDADE:2026-03-25,FIL-005523
filiacoes,camara:234788:57:REDE:2023-02-01,FIL-005524
filiacoes,camara:234840:57:REDE:2023-02-01,FIL-005525
filiacoes,camara:235088:57:PATRIOTA:2023-02-01,FIL-005526
filiacoes,camara:235088:57:PRD:2026-02-05,FIL-005527
filiacoes,camara:235088:57:SOLIDARIEDADE:2026-04-08,FIL-005528
filiacoes,camara:235620:57:PSC:2023-02-01,FIL-005529
filiacoes,camara:235620:57:PODE:2026-03-25,FIL-005530
filiacoes,camara:235620:57:REPUBLICANOS:2026-04-01,FIL-005531
filiacoes,camara:235712:57:AVANTE:2023-02-01,FIL-005532
filiacoes,camara:235776:57:PP:2023-02-01,FIL-005533
filiacoes,camara:235800:57:PP:2023-02-01,FIL-005534
filiacoes,camara:235869:57:REPUBLICANOS:2023-02-01,FIL-005535
filiacoes,camara:236284:57:PV:2023-02-01,FIL-005536
filiacoes,camara:236284:57:PSDB:2026-05-20,FIL-005537
filiacoes,camara:236375:57:PL:2023-02-01,FIL-005538
filiacoes,camara:236375:57:PSDB:2026-05-28,FIL-005539
filiacoes,camara:236423:57:REPUBLICANOS:2023-02-01,FIL-005540
filiacoes,camara:236518:57:UNIÃO:2023-02-01,FIL-005541
filiacoes,senado:3:PSB:1995-10-25,FIL-005542
filiacoes,senado:4:PFL:2003-02-01,FIL-005543
filiacoes,senado:13:MDB:1995-02-01,FIL-005544
filiacoes,senado:16:MDB:2007-10-10,FIL-005545
filiacoes,senado:16:DEM:2007-08-02,FIL-005546
filiacoes,senado:16:PFL:1995-02-01,FIL-005547
filiacoes,senado:17:PT:1991-02-01,FIL-005548
filiacoes,senado:20:PTB:2007-02-01,FIL-005549
filiacoes,senado:22:PP:2011-02-01,FIL-005550
filiacoes,senado:23:PTB:2001-05-23,FIL-005551
filiacoes,senado:28:MDB:2004-02-11,FIL-005552
filiacoes,senado:28:MDB:1995-02-01,FIL-005553
filiacoes,senado:29:PFL:2004-11-23,FIL-005554
filiacoes,senado:30:MDB:1995-02-01,FIL-005555
filiacoes,senado:35:MDB:1995-02-01,FIL-005556
filiacoes,senado:36:PDT:1999-01-28,FIL-005557
filiacoes,senado:38:DEM:2007-08-02,FIL-005558
filiacoes,senado:38:PFL:1995-02-01,FIL-005559
filiacoes,senado:40:DEM:2007-08-02,FIL-005560
filiacoes,senado:40:PFL:1995-02-01,FIL-005561
filiacoes,senado:43:PT:1995-02-01,FIL-005562
filiacoes,senado:47:MDB:1991-02-01,FIL-005563
filiacoes,senado:53:MDB:2006-12-20,FIL-005564
filiacoes,senado:53:PCDOB:2005-10-03,FIL-005565
filiacoes,senado:53:MDB:2003-10-08,FIL-005566
filiacoes,senado:53:PFL:2001-10-10,FIL-005567
filiacoes,senado:59:PV:2009-09-01,FIL-005568
filiacoes,senado:59:PT:1995-02-01,FIL-005569
filiacoes,senado:63:REPUBLICANOS:2020-09-28,FIL-005570
filiacoes,senado:63:MDB:1995-01-02,FIL-005571
filiacoes,senado:64:PP:2014-07-16,FIL-005572
filiacoes,senado:66:PDT:2001-09-24,FIL-005573
filiacoes,senado:68:MDB:1991-02-01,FIL-005574
filiacoes,senado:69:MDB:1995-02-01,FIL-005575
filiacoes,senado:70:MDB:1995-02-01,FIL-005576
filiacoes,senado:71:CIDADANIA:1995-02-01,FIL-005577
filiacoes,senado:72:MDB:1995-02-01,FIL-005578
filiacoes,senado:73:MDB:2003-05-14,FIL-005579
filiacoes,senado:73:PSDB:1999-01-28,FIL-005580
filiacoes,senado:74:PTB:2007-10-11,FIL-005581
filiacoes,senado:74:DEM:2007-08-02,FIL-005582
filiacoes,senado:74:PFL:1997-02-15,FIL-005583
filiacoes,senado:78:PSDB:1995-02-01,FIL-005584
filiacoes,senado:86:DEM:2007-08-02,FIL-005585
filiacoes,senado:86:PFL:2003-02-01,FIL-005586
filiacoes,senado:87:MDB:2003-02-01,FIL-005587
filiacoes,senado:90:PSDB:1995-02-01,FIL-005588
filiacoes,senado:105:PSDB:2004-04-06,FIL-005589
filiacoes,senado:111:PL:2011-01-27,FIL-005590
filiacoes,senado:118:DEM:2007-08-02,FIL-005591
filiacoes,senado:118:PFL:2001-05-31,FIL-005592
filiacoes,senado:120:PFL:1998-04-07,FIL-005593
filiacoes,senado:139:PSDB:2002-04-23,FIL-005594
filiacoes,senado:151:MDB:2002-10-29,FIL-005595
filiacoes,senado:176:PTB:2003-01-06,FIL-005596
filiacoes,senado:196:PFL:1998-11-03,FIL-005597
filiacoes,senado:285:PL:2025-08-22,FIL-005598
filiacoes,senado:285:UNIÃO:2022-04-12,FIL-005599
filiacoes,senado:285:PSL:2021-09-30,FIL-005600
filiacoes,senado:285:MDB:2019-01-01,FIL-005601
filiacoes,senado:285:PSDB:2011-02-01,FIL-005602
filiacoes,senado:285:CIDADANIA:1999-03-19,FIL-005603
filiacoes,senado:288:PT:1998-11-13,FIL-005604
filiacoes,senado:302:MDB:1999-02-01,FIL-005605
filiacoes,senado:336:DEM:2015-02-01,FIL-005606
filiacoes,senado:336:PFL:1999-02-01,FIL-005607
filiacoes,senado:345:PSB:2023-01-31,FIL-005608
filiacoes,senado:345:PODE:2020-08-31,FIL-005609
filiacoes,senado:345:REDE:2019-01-01,FIL-005610
filiacoes,senado:345:PSDB:2009-10-08,FIL-005611
filiacoes,senado:345:PT:2003-02-01,FIL-005612
filiacoes,senado:374:PT:1999-02-01,FIL-005613
filiacoes,senado:375:PT:1999-02-01,FIL-005614
filiacoes,senado:380:PSDB:1999-02-01,FIL-005615
filiacoes,senado:391:PSDB:1999-02-01,FIL-005616
filiacoes,senado:394:DEM:2007-08-02,FIL-005617
filiacoes,senado:394:PFL:1999-02-01,FIL-005618
filiacoes,senado:415:PSD:2023-01-09,FIL-005619
filiacoes,senado:415:DEM:2007-04-24,FIL-005620
filiacoes,senado:415:AVANTE:1999-02-01,FIL-005621
filiacoes,senado:438:PSB:2011-02-03,FIL-005622
filiacoes,senado:438:PT:1999-02-01,FIL-005623
filiacoes,senado:453:MDB:2018-05-21,FIL-005624
filiacoes,senado:453:MDB:1999-02-01,FIL-005625
filiacoes,senado:456:DEM:2007-04-24,FIL-005626
filiacoes,senado:456:PFL:1999-02-01,FIL-005627
filiacoes,senado:470:PSB:2023-01-31,FIL-005628
filiacoes,senado:470:UNIÃO:2022-04-12,FIL-005629
filiacoes,senado:470:DEM:2019-01-01,FIL-005630
filiacoes,senado:470:DEM:2007-04-24,FIL-005631
filiacoes,senado:470:AVANTE:1999-02-03,FIL-005632
filiacoes,senado:475:MDB:1999-02-01,FIL-005633
filiacoes,senado:527:PSDB:1999-02-01,FIL-005634
filiacoes,senado:551:PSDB:1999-02-01,FIL-005635
filiacoes,senado:553:PP:2003-06-06,FIL-005636
filiacoes,senado:553:PFL:2003-02-01,FIL-005637
filiacoes,senado:553:PFL:1999-02-01,FIL-005638
filiacoes,senado:558:PCDOB:1999-02-01,FIL-005639
filiacoes,senado:581:PT:1999-02-01,FIL-005640
filiacoes,senado:604:PT:1999-02-01,FIL-005641
filiacoes,senado:611:DEM:2021-11-02,FIL-005642
filiacoes,senado:611:PSD:2021-10-30,FIL-005643
filiacoes,senado:611:PSDB:1999-02-01,FIL-005644
filiacoes,senado:612:MDB:1999-02-01,FIL-005645
filiacoes,senado:613:PCDOB:1999-02-01,FIL-005646
filiacoes,senado:615:PT:1999-02-01,FIL-005647
filiacoes,senado:624:PSB:1999-02-01,FIL-005648
filiacoes,senado:631:PL:2007-02-01,FIL-005649
filiacoes,senado:631:PL:2003-02-01,FIL-005650
filiacoes,senado:635:PSDB:2016-03-01,FIL-005651
filiacoes,senado:635:MDB:2011-01-27,FIL-005652
filiacoes,senado:635:CIDADANIA:2001-06-22,FIL-005653
filiacoes,senado:643:PSB:2015-09-03,FIL-005654
filiacoes,senado:643:PSDB:1999-02-01,FIL-005655
filiacoes,senado:670:MDB:2004-12-16,FIL-005656
filiacoes,senado:670:PFL:1999-02-01,FIL-005657
filiacoes,senado:674:PTB:2007-02-01,FIL-005658
filiacoes,senado:674:PFL:2003-02-01,FIL-005659
filiacoes,senado:674:PSD:1999-02-01,FIL-005660
filiacoes,senado:677:PTB:2022-03-31,FIL-005661
filiacoes,senado:677:PSDB:2017-10-04,FIL-005662
filiacoes,senado:677:PSB:2015-02-01,FIL-005663
filiacoes,senado:677:PSDB:1999-02-01,FIL-005664
filiacoes,senado:704:PTB:2008-04-02,FIL-005665
filiacoes,senado:704:PTB:2001-02-15,FIL-005666
filiacoes,senado:707:DEM:2007-08-02,FIL-005667
filiacoes,senado:707:PFL:1999-02-01,FIL-005668
filiacoes,senado:710:PSC:2015-12-01,FIL-005669
filiacoes,senado:710:PSC:2009-10-15,FIL-005670
filiacoes,senado:710:PSB:2007-02-01,FIL-005671
filiacoes,senado:710:PTB:2003-07-25,FIL-005672
filiacoes,senado:710:PFL:2003-02-26,FIL-005673
filiacoes,senado:710:PFL:1999-02-01,FIL-005674
filiacoes,senado:715:PTB:2003-05-15,FIL-005675
filiacoes,senado:715:MDB:1999-02-01,FIL-005676
filiacoes,senado:724:PSB:2011-02-03,FIL-005677
filiacoes,senado:724:PTB:2003-05-15,FIL-005678
filiacoes,senado:724:PFL:1999-02-01,FIL-005679
filiacoes,senado:735:PSDB:2003-02-01,FIL-005680
filiacoes,senado:739:PP:2004-02-14,FIL-005681
filiacoes,senado:739:PFL:1999-02-01,FIL-005682
filiacoes,senado:740:DEM:2018-03-08,FIL-005683
filiacoes,senado:740:PSB:2015-02-01,FIL-005684
filiacoes,senado:740:DEM:2007-08-02,FIL-005685
filiacoes,senado:740:PFL:1999-02-01,FIL-005686
filiacoes,senado:742:MDB:2018-05-21,FIL-005687
filiacoes,senado:742:MDB:1999-02-01,FIL-005688
filiacoes,senado:751:PSD:2018-03-26,FIL-005689
filiacoes,senado:751:PSC:2016-03-22,FIL-005690
filiacoes,senado:751:PSD:2011-10-26,FIL-005691
filiacoes,senado:751:DEM:2007-04-24,FIL-005692
filiacoes,senado:751:PFL:1999-02-01,FIL-005693
filiacoes,senado:765:PP:2003-06-02,FIL-005694
filiacoes,senado:765:PPB:1999-02-01,FIL-005695
filiacoes,senado:791:PSB:2015-02-01,FIL-005696
filiacoes,senado:791:PDT:1999-02-01,FIL-005697
filiacoes,senado:825:PT:1999-02-01,FIL-005698
filiacoes,senado:845:PT:1999-02-01,FIL-005699
filiacoes,senado:846:PSDB:1999-02-01,FIL-005700
filiacoes,senado:878:PSDB:1999-02-01,FIL-005701
filiacoes,senado:916:PL:2007-02-01,FIL-005702
filiacoes,senado:916:PL:2005-03-31,FIL-005703
filiacoes,senado:916:PFL:1999-02-01,FIL-005704
filiacoes,senado:918:PSC:2011-02-03,FIL-005705
filiacoes,senado:918:MDB:2005-02-03,FIL-005706
filiacoes,senado:918:PSC:2003-09-16,FIL-005707
filiacoes,senado:918:PPB:1999-02-01,FIL-005708
filiacoes,senado:922:PFL:1999-02-01,FIL-005709
filiacoes,senado:923:REDE:2025-12-16,FIL-005710
filiacoes,senado:923:PSOL:2004-08-04,FIL-005711
filiacoes,senado:923:PT:1999-02-01,FIL-005712
filiacoes,senado:924:PFL:1999-02-01,FIL-005713
filiacoes,senado:942:PSB:2001-10-08,FIL-005714
filiacoes,senado:944:MDB:1999-02-01,FIL-005715
filiacoes,senado:945:PODE:2017-07-01,FIL-005716
filiacoes,senado:945:PV:2016-01-11,FIL-005717
filiacoes,senado:945:PSDB:2003-08-14,FIL-005718
filiacoes,senado:945:PDT:2001-09-26,FIL-005719
filiacoes,senado:946:MDB:1999-02-01,FIL-005720
filiacoes,senado:947:MDB:2011-02-03,FIL-005721
filiacoes,senado:947:MDB:2002-11-13,FIL-005722
filiacoes,senado:948:PFL:1999-02-01,FIL-005723
filiacoes,senado:949:PSDB:2005-09-30,FIL-005724
filiacoes,senado:949:PDT:2003-09-10,FIL-005725
filiacoes,senado:949:MDB:2001-03-21,FIL-005726
filiacoes,senado:950:MDB:1999-02-01,FIL-005727
filiacoes,senado:951:PL:2001-10-09,FIL-005728
filiacoes,senado:952:PTB:2005-02-14,FIL-005729
filiacoes,senado:952:CIDADANIA:2003-02-01,FIL-005730
filiacoes,senado:952:PFL:1999-02-23,FIL-005731
filiacoes,senado:982:PT:1999-02-01,FIL-005732
filiacoes,senado:1002:PSDB:1999-02-01,FIL-005733
filiacoes,senado:1022:PSDB:1999-02-01,FIL-005734
filiacoes,senado:1023:PP:2022-04-20,FIL-005735
filiacoes,senado:1023:UNIÃO:2022-04-12,FIL-005736
filiacoes,senado:1023:DEM:2007-08-02,FIL-005737
filiacoes,senado:1023:AVANTE:1999-02-01,FIL-005738
filiacoes,senado:1024:PSDB:2001-10-16,FIL-005739
filiacoes,senado:1025:MDB:1991-02-21,FIL-005740
filiacoes,senado:1026:PT:2002-05-16,FIL-005741
filiacoes,senado:1042:MDB:2003-02-25,FIL-005742
filiacoes,senado:1045:MDB:2001-11-14,FIL-005743
filiacoes,senado:1049:PFL:2003-02-25,FIL-005744
filiacoes,senado:1050:PTB:2005-09-30,FIL-005745
filiacoes,senado:1050:PP:2005-05-19,FIL-005746
filiacoes,senado:1050:MDB:2000-08-01,FIL-005747
filiacoes,senado:1051:PSDB:2005-08-31,FIL-005748
filiacoes,senado:1051:MDB:2003-10-02,FIL-005749
filiacoes,senado:1051:CIDADANIA:2003-02-01,FIL-005750
filiacoes,senado:1053:MDB:1999-08-03,FIL-005751
filiacoes,senado:1083:PSDB:2002-11-11,FIL-005752
filiacoes,senado:1085:PFL:2003-01-01,FIL-005753
filiacoes,senado:1086:MDB:2005-06-01,FIL-005754
filiacoes,senado:1089:MDB:2004-11-18,FIL-005755
filiacoes,senado:1090:MDB:2001-06-01,FIL-005756
filiacoes,senado:1091:PP:2022-03-31,FIL-005757
filiacoes,senado:1091:PL:2011-02-01,FIL-005758
filiacoes,senado:1091:PL:2003-01-01,FIL-005759
filiacoes,senado:1094:MDB:2004-01-26,FIL-005760
filiacoes,senado:1095:MDB:2003-02-10,FIL-005761
filiacoes,senado:1096:PPB:2002-02-25,FIL-005762
filiacoes,senado:1097:PPB:2002-02-28,FIL-005763
filiacoes,senado:1098:PT:2003-02-01,FIL-005764
filiacoes,senado:1163:MDB:2005-06-03,FIL-005765
filiacoes,senado:1169:PFL:1999-02-01,FIL-005766
filiacoes,senado:1173:PL:2011-02-01,FIL-005767
filiacoes,senado:1173:PL:1999-02-01,FIL-005768
filiacoes,senado:1176:MDB:1999-02-01,FIL-005769
filiacoes,senado:1179:MDB:2003-02-01,FIL-005770
filiacoes,senado:1186:PP:2003-06-02,FIL-005771
filiacoes,senado:1189:PSDB:2009-09-29,FIL-005772
filiacoes,senado:1189:PL:2007-02-01,FIL-005773
filiacoes,senado:1189:PSDB:2001-08-10,FIL-005774
filiacoes,senado:1206:DEM:2007-08-02,FIL-005775
filiacoes,senado:1206:PFL:1999-02-02,FIL-005776
filiacoes,senado:1210:PTB:2000-05-05,FIL-005777
filiacoes,senado:1249:PP:2020-03-26,FIL-005778
filiacoes,senado:1249:PDT:2018-03-22,FIL-005779
filiacoes,senado:1249:MDB:2013-10-08,FIL-005780
filiacoes,senado:1249:PSD:2011-10-19,FIL-005781
filiacoes,senado:1249:DEM:2007-08-02,FIL-005782
filiacoes,senado:1249:PFL:2000-04-04,FIL-005783
filiacoes,senado:1330:PTB:2002-08-07,FIL-005784
filiacoes,senado:1754:CIDADANIA:2011-01-27,FIL-005785
filiacoes,senado:1757:MDB:,FIL-005786
filiacoes,senado:2207:PSD:2018-04-04,FIL-005787
filiacoes,senado:2207:MDB:2011-02-03,FIL-005788
filiacoes,senado:2331:MDB:2021-01-12,FIL-005789
filiacoes,senado:2331:PODE:2018-04-07,FIL-005790
filiacoes,senado:2331:MDB:2003-10-14,FIL-005791
filiacoes,senado:2331:PSDB:2001-03-08,FIL-005792
filiacoes,senado:2332:PFL:2001-03-13,FIL-005793
filiacoes,senado:2632:MDB:2001-10-25,FIL-005794
filiacoes,senado:3359:MDB:2006-12-22,FIL-005795
filiacoes,senado:3359:PFL:2003-02-01,FIL-005796
filiacoes,senado:3360:PT:2003-02-01,FIL-005797
filiacoes,senado:3361:MDB:2003-02-01,FIL-005798
filiacoes,senado:3362:PT:2003-02-01,FIL-005799
filiacoes,senado:3363:PT:1999-02-01,FIL-005800
filiacoes,senado:3364:PSC:2009-10-01,FIL-005801
filiacoes,senado:3364:MDB:2003-02-01,FIL-005802
filiacoes,senado:3365:MDB:2003-02-01,FIL-005803
filiacoes,senado:3366:REPUBLICANOS:2006-04-04,FIL-005804
filiacoes,senado:3366:PMR:2005-10-04,FIL-005805
filiacoes,senado:3366:PL:2003-02-01,FIL-005806
filiacoes,senado:3371:PT:2003-02-01,FIL-005807
filiacoes,senado:3372:MDB:2003-02-01,FIL-005808
filiacoes,senado:3373:PT:2003-02-01,FIL-005809
filiacoes,senado:3374:PSDB:2003-02-01,FIL-005810
filiacoes,senado:3375:PTB:2003-02-01,FIL-005811
filiacoes,senado:3392:MDB:2006-03-13,FIL-005812
filiacoes,senado:3392:PSOL:2005-03-23,FIL-005813
filiacoes,senado:3392:PSB:2003-02-01,FIL-005814
filiacoes,senado:3393:PSDB:2005-09-01,FIL-005815
filiacoes,senado:3393:MDB:2003-05-07,FIL-005816
filiacoes,senado:3393:PTB:2003-02-01,FIL-005817
filiacoes,senado:3394:PSB:2003-02-01,FIL-005818
filiacoes,senado:3395:PL:2007-10-01,FIL-005819
filiacoes,senado:3395:DEM:2007-08-02,FIL-005820
filiacoes,senado:3395:PFL:2003-02-01,FIL-005821
filiacoes,senado:3396:PSDB:2003-02-01,FIL-005822
filiacoes,senado:3397:PDT:2007-10-02,FIL-005823
filiacoes,senado:3397:PSB:2005-09-29,FIL-005824
filiacoes,senado:3397:CIDADANIA:2003-02-01,FIL-005825
filiacoes,senado:3398:CIDADANIA:2016-02-22,FIL-005826
filiacoes,senado:3398:PDT:2005-10-05,FIL-005827
filiacoes,senado:3398:PT:2003-02-01,FIL-005828
filiacoes,senado:3399:DEM:2007-08-02,FIL-005829
filiacoes,senado:3399:PFL:2003-02-01,FIL-005830
filiacoes,senado:3400:PSDB:2003-02-01,FIL-005831
filiacoes,senado:3412:PTB:2003-02-01,FIL-005832
filiacoes,senado:3432:PT:2006-12-15,FIL-005833
filiacoes,senado:3432:PDT:1999-02-01,FIL-005834
filiacoes,senado:3433:MDB:2013-10-01,FIL-005835
filiacoes,senado:3433:CIDADANIA:2011-11-08,FIL-005836
filiacoes,senado:3433:MDB:2005-08-18,FIL-005837
filiacoes,senado:3433:PSDB:2004-12-21,FIL-005838
filiacoes,senado:3433:PDT:2003-02-01,FIL-005839
filiacoes,senado:3532:PT:2003-02-04,FIL-005840
filiacoes,senado:3552:PT:2003-02-05,FIL-005841
filiacoes,senado:3574:PL:2004-12-23,FIL-005842
filiacoes,senado:3578:PSB:2016-06-21,FIL-005843
filiacoes,senado:3578:PMN:2016-02-01,FIL-005844
filiacoes,senado:3578:MDB:2004-12-17,FIL-005845
filiacoes,senado:3579:MDB:2008-05-06,FIL-005846
filiacoes,senado:3579:DEM:2008-01-30,FIL-005847
filiacoes,senado:3580:MDB:2011-01-03,FIL-005848
filiacoes,senado:3583:MDB:2005-07-11,FIL-005849
filiacoes,senado:3593:PSDB:2010-07-15,FIL-005850
filiacoes,senado:3595:DEM:2010-07-15,FIL-005851
filiacoes,senado:3597:MDB:2005-03-23,FIL-005852
filiacoes,senado:3619:PDT:2009-07-22,FIL-005853
filiacoes,senado:3622:DEM:2007-08-02,FIL-005854
filiacoes,senado:3622:PFL:2007-01-03,FIL-005855
filiacoes,senado:3626:DEM:2008-02-26,FIL-005856
filiacoes,senado:3626:PFL:2005-08-10,FIL-005857
filiacoes,senado:3629:MDB:2006-11-21,FIL-005858
filiacoes,senado:3631:REPUBLICANOS:2006-08-01,FIL-005859
filiacoes,senado:3634:PSDB:2005-01-11,FIL-005860
filiacoes,senado:3637:PL:2011-01-03,FIL-005861
filiacoes,senado:3639:MDB:2006-12-20,FIL-005862
filiacoes,senado:3642:PT:2010-07-13,FIL-005863
filiacoes,senado:3643:PT:2011-01-03,FIL-005864
filiacoes,senado:3644:MDB:2007-01-03,FIL-005865
filiacoes,senado:3645:MDB:2010-08-05,FIL-005866
filiacoes,senado:3646:PT:2009-09-22,FIL-005867
filiacoes,senado:3648:PSB:2005-05-05,FIL-005868
filiacoes,senado:3651:DEM:2010-11-03,FIL-005869
filiacoes,senado:3652:PSDB:2003-11-20,FIL-005870
filiacoes,senado:3695:PT:2003-02-01,FIL-005871
filiacoes,senado:3713:PT:2003-02-01,FIL-005872
filiacoes,senado:3741:PSDB:2007-03-14,FIL-005873
filiacoes,senado:3741:PSDB:2005-06-22,FIL-005874
filiacoes,senado:3741:PFL:2003-02-01,FIL-005875
filiacoes,senado:3777:PL:2022-04-01,FIL-005876
filiacoes,senado:3777:MDB:2019-01-30,FIL-005877
filiacoes,senado:3777:SOLIDARIEDADE:2013-10-05,FIL-005878
filiacoes,senado:3777:PSDB:2003-02-01,FIL-005879
filiacoes,senado:3806:PODE:2023-05-31,FIL-005880
filiacoes,senado:3806:PL:2022-03-08,FIL-005881
filiacoes,senado:3806:PSC:2003-09-10,FIL-005882
filiacoes,senado:3806:PDT:2003-02-01,FIL-005883
filiacoes,senado:3811:REPUBLICANOS:2022-03-18,FIL-005884
filiacoes,senado:3811:PTB:2011-02-01,FIL-005885
filiacoes,senado:3811:MDB:2003-02-01,FIL-005886
filiacoes,senado:3823:PP:2003-06-02,FIL-005887
filiacoes,senado:3823:PPB:2003-04-08,FIL-005888
filiacoes,senado:3823:PTB:2003-02-01,FIL-005889
filiacoes,senado:3830:UNIÃO:2022-04-12,FIL-005890
filiacoes,senado:3830:DEM:2007-04-24,FIL-005891
filiacoes,senado:3830:AVANTE:2005-02-15,FIL-005892
filiacoes,senado:3830:PDT:2003-02-01,FIL-005893
filiacoes,senado:3868:PSB:2003-02-01,FIL-005894
filiacoes,senado:3881:DEM:2007-04-24,FIL-005895
filiacoes,senado:3881:PFL:2003-02-01,FIL-005896
filiacoes,senado:4516:PTB:2006-05-03,FIL-005897
filiacoes,senado:4522:MDB:2006-08-01,FIL-005898
filiacoes,senado:4525:PTB:2022-04-04,FIL-005899
filiacoes,senado:4525:PROS:2019-02-01,FIL-005900
filiacoes,senado:4525:PTC:2016-03-28,FIL-005901
filiacoes,senado:4525:PTB:2007-02-06,FIL-005902
filiacoes,senado:4525:PRTB:2007-02-01,FIL-005903
filiacoes,senado:4527:PL:2007-02-01,FIL-005904
filiacoes,senado:4529:PSDB:2007-02-01,FIL-005905
filiacoes,senado:4531:UNIÃO:2022-04-12,FIL-005906
filiacoes,senado:4531:DEM:2007-08-02,FIL-005907
filiacoes,senado:4531:AVANTE:2007-02-01,FIL-005908
filiacoes,senado:4533:MDB:2007-02-01,FIL-005909
filiacoes,senado:4535:PSDB:2007-02-01,FIL-005910
filiacoes,senado:4537:PDT:2007-01-01,FIL-005911
filiacoes,senado:4539:PSDB:2007-02-01,FIL-005912
filiacoes,senado:4541:PTB:2007-02-01,FIL-005913
filiacoes,senado:4543:DEM:2007-08-02,FIL-005914
filiacoes,senado:4543:PFL:2007-02-01,FIL-005915
filiacoes,senado:4545:MDB:2018-05-21,FIL-005916
filiacoes,senado:4545:MDB:2007-02-01,FIL-005917
filiacoes,senado:4547:PSOL:2007-01-03,FIL-005918
filiacoes,senado:4549:MDB:2007-01-03,FIL-005919
filiacoes,senado:4558:PP:2007-02-01,FIL-005920
filiacoes,senado:4560:PSD:2011-11-01,FIL-005921
filiacoes,senado:4560:PMN:2007-02-01,FIL-005922
filiacoes,senado:4575:PSB:2007-02-01,FIL-005923
filiacoes,senado:4593:PSB:2007-02-01,FIL-005924
filiacoes,senado:4605:PSB:2021-06-22,FIL-005925
filiacoes,senado:4605:PCDOB:2007-02-01,FIL-005926
filiacoes,senado:4606:PSDB:2007-02-01,FIL-005927
filiacoes,senado:4610:PSD:2011-10-26,FIL-005928
filiacoes,senado:4610:CIDADANIA:2007-02-01,FIL-005929
filiacoes,senado:4639:PT:2007-02-01,FIL-005930
filiacoes,senado:4642:PL:2026-03-30,FIL-005931
filiacoes,senado:4642:UNIÃO:2022-02-23,FIL-005932
filiacoes,senado:4642:DEM:2007-08-03,FIL-005933
filiacoes,senado:4642:PFL:2007-02-01,FIL-005934
filiacoes,senado:4645:MDB:2007-02-01,FIL-005935
filiacoes,senado:4694:PL:2021-11-30,FIL-005936
filiacoes,senado:4694:PSDB:2011-02-08,FIL-005937
filiacoes,senado:4694:PSDB:2009-05-14,FIL-005938
filiacoes,senado:4694:PSB:2007-02-01,FIL-005939
filiacoes,senado:4697:PDT:2017-04-17,FIL-005940
filiacoes,senado:4697:PT:2007-03-15,FIL-005941
filiacoes,senado:4697:PTC:2007-02-01,FIL-005942
filiacoes,senado:4721:PSDB:2017-02-01,FIL-005943
filiacoes,senado:4721:PSC:2007-02-01,FIL-005944
filiacoes,senado:4763:PL:2014-12-30,FIL-005945
filiacoes,senado:4763:SOLIDARIEDADE:2013-10-01,FIL-005946
filiacoes,senado:4763:PL:2011-01-27,FIL-005947
filiacoes,senado:4763:PSDB:2007-02-01,FIL-005948
filiacoes,senado:4767:REPUBLICANOS:2009-10-09,FIL-005949
filiacoes,senado:4767:PSB:2007-02-07,FIL-005950
filiacoes,senado:4768:AVANTE:2017-09-25,FIL-005951
filiacoes,senado:4768:PTDOB:2015-12-08,FIL-005952
filiacoes,senado:4768:PSC:2013-10-08,FIL-005953
filiacoes,senado:4768:PTB:2009-11-04,FIL-005954
filiacoes,senado:4768:PMN:2007-02-13,FIL-005955
filiacoes,senado:4770:PL:2024-03-27,FIL-005956
filiacoes,senado:4770:PSDB:2012-10-16,FIL-005957
filiacoes,senado:4770:PL:2011-02-01,FIL-005958
filiacoes,senado:4770:PSDB:2008-04-29,FIL-005959
filiacoes,senado:4770:DEM:2007-04-24,FIL-005960
filiacoes,senado:4770:PFL:2007-03-01,FIL-005961
filiacoes,senado:4772:PSDB:2007-04-03,FIL-005962
filiacoes,senado:4774:PT:2007-04-03,FIL-005963
filiacoes,senado:4776:PTB:2007-07-17,FIL-005964
filiacoes,senado:4780:REPUBLICANOS:2007-10-09,FIL-005965
filiacoes,senado:4780:PTB:2007-08-27,FIL-005966
filiacoes,senado:4786:DEM:2021-07-15,FIL-005967
filiacoes,senado:4786:PSC:2008-03-26,FIL-005968
filiacoes,senado:4788:PSL:2015-01-01,FIL-005969
filiacoes,senado:4788:PSD:2012-10-03,FIL-005970
filiacoes,senado:4788:DEM:2008-07-03,FIL-005971
filiacoes,senado:4792:PDT:2008-06-03,FIL-005972
filiacoes,senado:4811:PP:2018-04-10,FIL-005973
filiacoes,senado:4811:SOLIDARIEDADE:2013-10-02,FIL-005974
filiacoes,senado:4811:PL:2011-02-01,FIL-005975
filiacoes,senado:4811:PSDB:2008-08-12,FIL-005976
filiacoes,senado:4815:PTB:2008-09-15,FIL-005977
filiacoes,senado:4837:PT:2010-12-21,FIL-005978
filiacoes,senado:4847:MDB:2011-02-03,FIL-005979
filiacoes,senado:4869:PT:2011-01-03,FIL-005980
filiacoes,senado:4873:DEM:2011-02-03,FIL-005981
filiacoes,senado:4877:PSDB:2010-12-17,FIL-005982
filiacoes,senado:4885:DEM:2010-05-05,FIL-005983
filiacoes,senado:4891:PL:2011-06-28,FIL-005984
filiacoes,senado:4893:PSDB:2013-01-29,FIL-005985
filiacoes,senado:4895:MDB:2012-03-19,FIL-005986
filiacoes,senado:4895:PL:2011-01-12,FIL-005987
filiacoes,senado:4897:PSDB:2014-07-16,FIL-005988
filiacoes,senado:4927:PP:2014-12-17,FIL-005989
filiacoes,senado:4935:MDB:2011-01-05,FIL-005990
filiacoes,senado:4937:MDB:2011-12-08,FIL-005991
filiacoes,senado:4949:MDB:2011-02-03,FIL-005992
filiacoes,senado:4951:MDB:2011-02-03,FIL-005993
filiacoes,senado:4957:PTB:2012-12-12,FIL-005994
filiacoes,senado:4961:PSDB:2010-07-13,FIL-005995
filiacoes,senado:4969:PSB:2011-02-03,FIL-005996
filiacoes,senado:4979:PSD:2024-07-16,FIL-005997
filiacoes,senado:4979:PTB:2009-10-15,FIL-005998
filiacoes,senado:4981:PDT:2009-11-05,FIL-005999
filiacoes,senado:4983:PDT:2012-07-03,FIL-006000
filiacoes,senado:4988:PP:2011-01-27,FIL-006001
filiacoes,senado:4990:PT:2011-01-31,FIL-006002
filiacoes,senado:4994:MDB:2011-01-28,FIL-006003
filiacoes,senado:4998:PSOL:2011-01-31,FIL-006004
filiacoes,senado:5000:MDB:2015-09-25,FIL-006005
filiacoes,senado:5000:PT:2011-01-27,FIL-006006
filiacoes,senado:5002:MDB:2011-01-27,FIL-006007
filiacoes,senado:5004:PP:2011-01-28,FIL-006008
filiacoes,senado:5006:PT:2011-01-27,FIL-006009
filiacoes,senado:5008:PT:2011-01-27,FIL-006010
filiacoes,senado:5010:PDT:2011-01-27,FIL-006011
filiacoes,senado:5012:PT:2024-07-18,FIL-006012
filiacoes,senado:5012:REDE:2015-09-29,FIL-006013
filiacoes,senado:5012:PSOL:2011-01-28,FIL-006014
filiacoes,senado:5016:PT:2011-01-31,FIL-006015
filiacoes,senado:5018:PRTB:2017-12-18,FIL-006016
filiacoes,senado:5018:MDB:2010-02-03,FIL-006017
filiacoes,senado:5020:PV:2011-02-03,FIL-006018
filiacoes,senado:5022:PL:2011-02-03,FIL-006019
filiacoes,senado:5024:PSB:2011-02-03,FIL-006020
filiacoes,senado:5026:DEM:2011-02-03,FIL-006021
filiacoes,senado:5028:PSC:2011-02-03,FIL-006022
filiacoes,senado:5030:PP:2018-07-18,FIL-006023
filiacoes,senado:5030:PSDB:2011-02-03,FIL-006024
filiacoes,senado:5032:PP:2011-02-03,FIL-006025
filiacoes,senado:5034:MDB:2011-02-03,FIL-006026
filiacoes,senado:5036:MDB:2011-02-03,FIL-006027
filiacoes,senado:5038:MDB:2011-02-03,FIL-006028
filiacoes,senado:5040:MDB:2011-02-03,FIL-006029
filiacoes,senado:5042:PCDOB:2011-02-03,FIL-006030
filiacoes,senado:5044:PSOL:2011-02-03,FIL-006031
filiacoes,senado:5046:PSOL:2011-02-03,FIL-006032
filiacoes,senado:5048:MDB:2018-05-21,FIL-006033
filiacoes,senado:5048:MDB:2011-02-03,FIL-006034
filiacoes,senado:5050:PT:2011-02-03,FIL-006035
filiacoes,senado:5052:PP:2011-02-03,FIL-006036
filiacoes,senado:5054:MDB:2011-02-03,FIL-006037
filiacoes,senado:5056:REPUBLICANOS:2011-02-03,FIL-006038
filiacoes,senado:5058:MDB:2011-02-03,FIL-006039
filiacoes,senado:5060:PDT:2011-02-03,FIL-006040
filiacoes,senado:5064:PT:2011-02-03,FIL-006041
filiacoes,senado:5066:PT:2011-02-03,FIL-006042
filiacoes,senado:5068:REPUBLICANOS:2011-02-03,FIL-006043
filiacoes,senado:5070:PL:2022-03-28,FIL-006044
filiacoes,senado:5070:PSC:2020-09-14,FIL-006045
filiacoes,senado:5070:PROS:2019-08-17,FIL-006046
filiacoes,senado:5070:DEM:2018-04-05,FIL-006047
filiacoes,senado:5070:PP:2015-09-15,FIL-006048
filiacoes,senado:5070:DEM:2011-02-03,FIL-006049
filiacoes,senado:5072:PP:2011-02-03,FIL-006050
filiacoes,senado:5074:MDB:2011-02-03,FIL-006051
filiacoes,senado:5076:PTB:2011-02-03,FIL-006052
filiacoes,senado:5078:PT:2011-02-03,FIL-006053
filiacoes,senado:5080:PT:2011-02-03,FIL-006054
filiacoes,senado:5082:PT:2011-02-03,FIL-006055
filiacoes,senado:5084:PT:2011-02-03,FIL-006056
filiacoes,senado:5086:REPUBLICANOS:2011-02-03,FIL-006057
filiacoes,senado:5088:PT:2011-02-03,FIL-006058
filiacoes,senado:5090:PSDB:2011-02-03,FIL-006059
filiacoes,senado:5092:PCDOB:2011-02-03,FIL-006060
filiacoes,senado:5094:PP:2011-02-03,FIL-006061
filiacoes,senado:5096:PDT:2011-02-03,FIL-006062
filiacoes,senado:5098:REPUBLICANOS:2011-02-03,FIL-006063
filiacoes,senado:5100:PROS:2017-10-10,FIL-006064
filiacoes,senado:5100:MDB:2016-03-15,FIL-006065
filiacoes,senado:5100:PMB:2015-12-10,FIL-006066
filiacoes,senado:5100:PSD:2015-01-01,FIL-006067
filiacoes,senado:5100:PT:2011-02-03,FIL-006068
filiacoes,senado:5104:PCDOB:2011-02-03,FIL-006069
filiacoes,senado:5106:PDT:2011-02-03,FIL-006070
filiacoes,senado:5108:PL:2011-02-03,FIL-006071
filiacoes,senado:5110:PL:2011-02-03,FIL-006072
filiacoes,senado:5112:PODE:2017-08-22,FIL-006073
filiacoes,senado:5112:PSD:2016-03-28,FIL-006074
filiacoes,senado:5112:CIDADANIA:2011-02-03,FIL-006075
filiacoes,senado:5114:PV:2011-02-03,FIL-006076
filiacoes,senado:5116:REPUBLICANOS:2018-02-26,FIL-006077
filiacoes,senado:5116:PSC:2011-02-03,FIL-006078
filiacoes,senado:5118:PT:2011-02-03,FIL-006079
filiacoes,senado:5120:PSB:2011-02-03,FIL-006080
filiacoes,senado:5122:PL:2011-02-03,FIL-006081
filiacoes,senado:5124:MDB:2011-02-03,FIL-006082
filiacoes,senado:5126:PDT:2011-02-03,FIL-006083
filiacoes,senado:5128:DEM:2011-02-03,FIL-006084
filiacoes,senado:5130:PSDB:2011-02-03,FIL-006085
filiacoes,senado:5132:PSDB:2011-02-03,FIL-006086
filiacoes,senado:5134:DEM:2011-02-03,FIL-006087
filiacoes,senado:5136:DEM:2011-02-03,FIL-006088
filiacoes,senado:5138:MDB:2011-02-03,FIL-006089
filiacoes,senado:5140:MDB:2011-02-03,FIL-006090
filiacoes,senado:5142:DEM:2011-02-03,FIL-006091
filiacoes,senado:5144:MDB:2017-02-01,FIL-006092
filiacoes,senado:5144:PTB:2016-04-05,FIL-006093
filiacoes,senado:5144:PDT:2011-07-11,FIL-006094
filiacoes,senado:5144:PFL:1999-02-01,FIL-006095
filiacoes,senado:5146:PTB:2011-02-03,FIL-006096
filiacoes,senado:5148:DEM:2011-02-03,FIL-006097
filiacoes,senado:5150:PODE:2026-05-15,FIL-006098
filiacoes,senado:5150:PL:2011-02-03,FIL-006099
filiacoes,senado:5152:PT:2011-02-03,FIL-006100
filiacoes,senado:5154:CIDADANIA:2011-02-03,FIL-006101
filiacoes,senado:5156:PL:2011-02-03,FIL-006102
filiacoes,senado:5158:PDT:2014-07-24,FIL-006103
filiacoes,senado:5160:PSOL:2011-02-03,FIL-006104
filiacoes,senado:5162:PSOL:2011-02-03,FIL-006105
filiacoes,senado:5164:PSDB:2014-12-13,FIL-006106
filiacoes,senado:5164:PROS:2013-12-23,FIL-006107
filiacoes,senado:5164:PSDB:2011-02-03,FIL-006108
filiacoes,senado:5166:PPL:2012-10-17,FIL-006109
filiacoes,senado:5166:PSDB:2011-02-03,FIL-006110
filiacoes,senado:5168:PTB:2011-02-03,FIL-006111
filiacoes,senado:5170:PSDB:2011-02-03,FIL-006112
filiacoes,senado:5172:MDB:2011-02-03,FIL-006113
filiacoes,senado:5174:PT:2011-02-03,FIL-006114
filiacoes,senado:5176:PDT:2011-02-03,FIL-006115
filiacoes,senado:5178:PTB:2011-02-03,FIL-006116
filiacoes,senado:5180:PSB:2011-02-03,FIL-006117
filiacoes,senado:5182:PT:2011-02-03,FIL-006118
filiacoes,senado:5184:MDB:2011-02-03,FIL-006119
filiacoes,senado:5186:PRTB:2011-02-03,FIL-006120
filiacoes,senado:5190:PTB:2011-02-03,FIL-006121
filiacoes,senado:5197:PSDB:2011-11-08,FIL-006122
filiacoes,senado:5199:PSDB:2016-09-08,FIL-006123
filiacoes,senado:5207:MDB:2011-02-01,FIL-006124
filiacoes,senado:5236:UNIÃO:2022-03-30,FIL-006125
filiacoes,senado:5236:PODE:2019-09-16,FIL-006126
filiacoes,senado:5236:PDT:2011-02-01,FIL-006127
filiacoes,senado:5257:PP:2011-02-01,FIL-006128
filiacoes,senado:5281:MDB:2011-02-01,FIL-006129
filiacoes,senado:5322:PL:2021-04-08,FIL-006130
filiacoes,senado:5322:PODE:2017-07-04,FIL-006131
filiacoes,senado:5322:PSB:2013-10-02,FIL-006132
filiacoes,senado:5322:PSB:2011-02-01,FIL-006133
filiacoes,senado:5350:PL:2012-11-08,FIL-006134
filiacoes,senado:5350:PSDB:2011-02-01,FIL-006135
filiacoes,senado:5352:PT:2011-02-01,FIL-006136
filiacoes,senado:5376:PSD:2023-01-28,FIL-006137
filiacoes,senado:5376:PSDB:2011-02-01,FIL-006138
filiacoes,senado:5385:PSD:2011-10-26,FIL-006139
filiacoes,senado:5385:DEM:2011-02-01,FIL-006140
filiacoes,senado:5386:UNIÃO:2022-02-23,FIL-006141
filiacoes,senado:5386:DEM:2011-02-01,FIL-006142
filiacoes,senado:5411:PDT:2011-10-04,FIL-006143
filiacoes,senado:5422:PL:2022-01-26,FIL-006144
filiacoes,senado:5422:DEM:2016-03-17,FIL-006145
filiacoes,senado:5422:PDT:2011-11-17,FIL-006146
filiacoes,senado:5502:PSDB:2013-03-07,FIL-006147
filiacoes,senado:5502:DEM:2013-03-06,FIL-006148
filiacoes,senado:5523:PSD:2015-02-01,FIL-006149
filiacoes,senado:5525:PSD:2015-02-01,FIL-006150
filiacoes,senado:5527:MDB:2015-02-01,FIL-006151
filiacoes,senado:5529:PSD:2020-02-12,FIL-006152
filiacoes,senado:5529:PSDB:2015-02-01,FIL-006153
filiacoes,senado:5531:PP:2020-09-30,FIL-006154
filiacoes,senado:5531:PODE:2018-04-07,FIL-006155
filiacoes,senado:5531:MDB:2017-01-31,FIL-006156
filiacoes,senado:5531:PTB:2015-02-01,FIL-006157
filiacoes,senado:5533:PODE:2019-02-05,FIL-006158
filiacoes,senado:5533:PSD:2017-01-31,FIL-006159
filiacoes,senado:5533:PDT:2015-02-01,FIL-006160
filiacoes,senado:5535:PROS:2019-02-01,FIL-006161
filiacoes,senado:5535:PTB:2017-02-01,FIL-006162
filiacoes,senado:5535:PDT:2015-02-01,FIL-006163
filiacoes,senado:5537:PSB:2022-04-11,FIL-006164
filiacoes,senado:5537:MDB:2015-02-01,FIL-006165
filiacoes,senado:5540:MDB:2017-09-13,FIL-006166
filiacoes,senado:5540:PSB:2015-02-01,FIL-006167
filiacoes,senado:5554:PSB:2015-01-08,FIL-006168
filiacoes,senado:5557:PP:2015-09-11,FIL-006169
filiacoes,senado:5557:PSDB:2015-02-01,FIL-006170
filiacoes,senado:5559:PL:2023-01-02,FIL-006171
filiacoes,senado:5559:PSC:2015-02-01,FIL-006172
filiacoes,senado:5561:PROS:2019-04-03,FIL-006173
filiacoes,senado:5561:PTB:2015-02-01,FIL-006174
filiacoes,senado:5563:PTB:2015-02-01,FIL-006175
filiacoes,senado:5565:PL:2015-02-01,FIL-006176
filiacoes,senado:5567:PSD:2015-02-01,FIL-006177
filiacoes,senado:5569:UNIÃO:2022-10-03,FIL-006178
filiacoes,senado:5569:DEM:2015-02-01,FIL-006179
filiacoes,senado:5571:DEM:2015-02-01,FIL-006180
filiacoes,senado:5573:PDT:2015-02-01,FIL-006181
filiacoes,senado:5575:PT:2015-02-01,FIL-006182
filiacoes,senado:5577:PSDB:2015-02-01,FIL-006183
filiacoes,senado:5579:PDT:2015-02-01,FIL-006184
filiacoes,senado:5581:SOLIDARIEDADE:2015-02-01,FIL-006185
filiacoes,senado:5583:PSDB:2015-02-01,FIL-006186
filiacoes,senado:5585:PSC:2022-03-29,FIL-006187
filiacoes,senado:5585:MDB:2015-02-01,FIL-006188
filiacoes,senado:5587:MDB:2015-02-01,FIL-006189
filiacoes,senado:5589:CIDADANIA:2015-02-01,FIL-006190
filiacoes,senado:5591:PCB:2015-02-01,FIL-006191
filiacoes,senado:5593:MDB:2015-02-01,FIL-006192
filiacoes,senado:5595:PSB:2015-02-01,FIL-006193
filiacoes,senado:5599:PDT:2015-02-01,FIL-006194
filiacoes,senado:5601:MDB:2015-02-01,FIL-006195
filiacoes,senado:5603:PV:2015-02-01,FIL-006196
filiacoes,senado:5605:PSB:2015-02-01,FIL-006197
filiacoes,senado:5607:PTB:2015-02-01,FIL-006198
filiacoes,senado:5609:PSD:2015-02-01,FIL-006199
filiacoes,senado:5611:PSB:2015-02-01,FIL-006200
filiacoes,senado:5613:PCB:2015-02-01,FIL-006201
filiacoes,senado:5615:PDT:2015-02-01,FIL-006202
filiacoes,senado:5617:PDT:2015-02-01,FIL-006203
filiacoes,senado:5619:PTB:2017-01-31,FIL-006204
filiacoes,senado:5619:PDT:2015-02-01,FIL-006205
filiacoes,senado:5621:PV:2015-02-01,FIL-006206
filiacoes,senado:5623:PDT:2015-02-01,FIL-006207
filiacoes,senado:5625:PEN:2015-02-01,FIL-006208
filiacoes,senado:5627:PT:2015-02-01,FIL-006209
filiacoes,senado:5629:PCDOB:2023-01-26,FIL-006210
filiacoes,senado:5629:PT:2015-02-01,FIL-006211
filiacoes,senado:5631:PSD:2015-02-01,FIL-006212
filiacoes,senado:5633:REPUBLICANOS:2015-02-01,FIL-006213
filiacoes,senado:5635:DEM:2015-11-11,FIL-006214
filiacoes,senado:5635:PTB:2015-02-01,FIL-006215
filiacoes,senado:5637:PT:2015-02-01,FIL-006216
filiacoes,senado:5639:PP:2022-08-31,FIL-006217
filiacoes,senado:5639:AVANTE:2022-03-31,FIL-006218
filiacoes,senado:5639:PSL:2018-12-13,FIL-006219
filiacoes,senado:5639:DC:2018-05-18,FIL-006220
filiacoes,senado:5639:AVANTE:2018-02-01,FIL-006221
filiacoes,senado:5639:PSD:2015-02-01,FIL-006222
filiacoes,senado:5666:PSL:2018-04-04,FIL-006223
filiacoes,senado:5666:SOLIDARIEDADE:2016-03-16,FIL-006224
filiacoes,senado:5666:PMB:2015-11-25,FIL-006225
filiacoes,senado:5666:PDT:2015-02-01,FIL-006226
filiacoes,senado:5672:REPUBLICANOS:2025-11-12,FIL-006227
filiacoes,senado:5672:UNIÃO:2022-02-24,FIL-006228
filiacoes,senado:5672:DEM:2017-08-01,FIL-006229
filiacoes,senado:5672:REPUBLICANOS:2015-02-01,FIL-006230
filiacoes,senado:5718:PSD:2023-01-31,FIL-006231
filiacoes,senado:5718:CIDADANIA:2016-04-04,FIL-006232
filiacoes,senado:5718:REDE:2015-10-05,FIL-006233
filiacoes,senado:5718:CIDADANIA:2015-02-01,FIL-006234
filiacoes,senado:5732:PSB:2026-04-01,FIL-006235
filiacoes,senado:5732:PSD:2021-10-27,FIL-006236
filiacoes,senado:5732:DEM:2018-03-26,FIL-006237
filiacoes,senado:5732:MDB:2015-02-01,FIL-006238
filiacoes,senado:5736:PP:2022-03-31,FIL-006239
filiacoes,senado:5736:UNIÃO:2022-02-23,FIL-006240
filiacoes,senado:5736:DEM:2018-02-06,FIL-006241
filiacoes,senado:5736:PSB:2015-02-01,FIL-006242
filiacoes,senado:5740:UNIÃO:2022-04-06,FIL-006243
filiacoes,senado:5740:DEM:2018-02-06,FIL-006244
filiacoes,senado:5740:PSB:2015-02-01,FIL-006245
filiacoes,senado:5748:MDB:2021-01-12,FIL-006246
filiacoes,senado:5748:PSB:2018-04-16,FIL-006247
filiacoes,senado:5748:MDB:2015-02-01,FIL-006248
filiacoes,senado:5783:PSD:2022-12-20,FIL-006249
filiacoes,senado:5783:PROS:2019-02-01,FIL-006250
filiacoes,senado:5783:PHS:2018-04-02,FIL-006251
filiacoes,senado:5783:PL:2015-02-01,FIL-006252
filiacoes,senado:5793:PP:2016-03-18,FIL-006253
filiacoes,senado:5793:PMB:2015-11-26,FIL-006254
filiacoes,senado:5793:PMN:2015-02-01,FIL-006255
filiacoes,senado:5837:PCDOB:2015-02-04,FIL-006256
filiacoes,senado:5849:PODE:2018-04-08,FIL-006257
filiacoes,senado:5849:PROS:2015-02-01,FIL-006258
filiacoes,senado:5849:PRTB:2011-02-03,FIL-006259
filiacoes,senado:5892:UNIÃO:2022-07-06,FIL-006260
filiacoes,senado:5892:DEM:2018-10-07,FIL-006261
filiacoes,senado:5894:PL:2021-11-30,FIL-006262
filiacoes,senado:5894:PATRIOTA:2021-05-31,FIL-006263
filiacoes,senado:5894:PSL:2019-01-01,FIL-006264
filiacoes,senado:5895:PSB:2023-01-19,FIL-006265
filiacoes,senado:5895:PODE:2021-04-15,FIL-006266
filiacoes,senado:5895:CIDADANIA:2019-09-17,FIL-006267
filiacoes,senado:5895:PATRIOTA:2019-08-09,FIL-006268
filiacoes,senado:5895:PSB:2019-01-01,FIL-006269
filiacoes,senado:5898:PP:2021-07-28,FIL-006270
filiacoes,senado:5899:PSD:2020-03-04,FIL-006271
filiacoes,senado:5899:PP:2019-01-01,FIL-006272
filiacoes,senado:5902:SOLIDARIEDADE:2026-04-01,FIL-006273
filiacoes,senado:5902:UNIÃO:2022-05-31,FIL-006274
filiacoes,senado:5905:PODE:2023-06-14,FIL-006275
filiacoes,senado:5905:UNIÃO:2022-04-12,FIL-006276
filiacoes,senado:5905:PSDB:2019-01-01,FIL-006277
filiacoes,senado:5906:PSDB:2026-03-31,FIL-006278
filiacoes,senado:5906:PL:2024-12-29,FIL-006279
filiacoes,senado:5906:PSB:2022-05-24,FIL-006280
filiacoes,senado:5908:PSD:2022-07-06,FIL-006281
filiacoes,senado:5913:MDB:2022-06-01,FIL-006282
filiacoes,senado:5917:PSD:2026-04-02,FIL-006283
filiacoes,senado:5917:MDB:2018-10-07,FIL-006284
filiacoes,senado:5924:PSDB:2025-02-01,FIL-006285
filiacoes,senado:5924:PODE:2019-01-01,FIL-006286
filiacoes,senado:5926:PSD:2019-01-01,FIL-006287
filiacoes,senado:5927:PSD:2019-12-17,FIL-006288
filiacoes,senado:5929:PODE:2019-09-17,FIL-006289
filiacoes,senado:5929:PSL:2019-01-01,FIL-006290
filiacoes,senado:5936:PL:2020-12-28,FIL-006291
filiacoes,senado:5936:PSD:2020-11-02,FIL-006292
filiacoes,senado:5942:AVANTE:2026-03-31,FIL-006293
filiacoes,senado:5942:PODE:2023-09-22,FIL-006294
filiacoes,senado:5942:PSDB:2023-09-21,FIL-006295
filiacoes,senado:5942:PODE:2019-08-13,FIL-006296
filiacoes,senado:5942:CIDADANIA:2019-01-01,FIL-006297
filiacoes,senado:5953:PT:2021-12-14,FIL-006298
filiacoes,senado:5953:REDE:2019-01-01,FIL-006299
filiacoes,senado:5959:PODE:2026-03-31,FIL-006300
filiacoes,senado:5959:PSDB:2025-02-01,FIL-006301
filiacoes,senado:5959:PODE:2019-02-02,FIL-006302
filiacoes,senado:5959:REDE:2019-01-01,FIL-006303
filiacoes,senado:5967:REPUBLICANOS:2026-03-17,FIL-006304
filiacoes,senado:5967:PSD:2019-01-01,FIL-006305
filiacoes,senado:5971:PDT:2019-12-11,FIL-006306
filiacoes,senado:5972:PDT:2022-09-08,FIL-006307
filiacoes,senado:5973:PSB:2024-02-05,FIL-006308
filiacoes,senado:5973:PDT:2019-01-01,FIL-006309
filiacoes,senado:5974:PSDB:2026-08-10,FIL-006310
filiacoes,senado:5976:NOVO:2023-02-07,FIL-006311
filiacoes,senado:5976:PODE:2019-02-02,FIL-006312
filiacoes,senado:5976:PROS:2019-01-01,FIL-006313
filiacoes,senado:5979:PDT:2022-03-30,FIL-006314
filiacoes,senado:5979:CIDADANIA:2021-08-12,FIL-006315
filiacoes,senado:5979:PSB:2018-12-31,FIL-006316
filiacoes,senado:5982:MDB:2023-06-21,FIL-006317
filiacoes,senado:5982:PSDB:2022-03-21,FIL-006318
filiacoes,senado:5982:CIDADANIA:2019-01-01,FIL-006319
filiacoes,senado:5985:PSD:2019-01-01,FIL-006320
filiacoes,senado:5986:PL:2023-02-01,FIL-006321
filiacoes,senado:5988:PSB:2026-04-03,FIL-006322
filiacoes,senado:5988:PODE:2023-06-30,FIL-006323
filiacoes,senado:5988:UNIÃO:2022-04-12,FIL-006324
filiacoes,senado:5988:PSL:2019-01-01,FIL-006325
filiacoes,senado:5990:PSD:2026-04-01,FIL-006326
filiacoes,senado:5990:PODE:2023-02-01,FIL-006327
filiacoes,senado:5990:PL:2022-04-01,FIL-006328
filiacoes,senado:5990:MDB:2021-12-20,FIL-006329
filiacoes,senado:5990:PSD:2019-01-01,FIL-006330
filiacoes,senado:5991:PP:2024-07-17,FIL-006331
filiacoes,senado:5996:PP:2020-09-23,FIL-006332
filiacoes,senado:5997:PP:2019-01-01,FIL-006333
filiacoes,senado:5998:PP:2025-04-23,FIL-006334
filiacoes,senado:5998:PSD:2022-04-28,FIL-006335
filiacoes,senado:5998:PP:2019-01-01,FIL-006336
filiacoes,senado:6005:DEM:2019-01-01,FIL-006337
filiacoes,senado:6006:UNIÃO:2022-07-18,FIL-006338
filiacoes,senado:6008:PODE:2026-03-10,FIL-006339
filiacoes,senado:6008:MDB:2021-08-16,FIL-006340
filiacoes,senado:6008:PSL:2021-03-26,FIL-006341
filiacoes,senado:6009:PL:2022-03-27,FIL-006342
filiacoes,senado:6010:MDB:1980-09-24,FIL-006343
filiacoes,senado:6011:PL:2024-08-06,FIL-006344
filiacoes,senado:6015:PP:2024-04-10,FIL-006345
filiacoes,senado:6018:PT:2023-02-03,FIL-006346
filiacoes,senado:6019:MDB:2021-09-28,FIL-006347
filiacoes,senado:6021:PSD:2022-12-22,FIL-006348
filiacoes,senado:6021:PL:2022-07-07,FIL-006349
filiacoes,senado:6025:REPUBLICANOS:2026-03-11,FIL-006350
filiacoes,senado:6027:REPUBLICANOS:2019-01-01,FIL-006351
filiacoes,senado:6112:REPUBLICANOS:2022-03-29,FIL-006352
filiacoes,senado:6112:PSB:2019-02-01,FIL-006353
filiacoes,senado:6295:PSD:2020-04-10,FIL-006354
filiacoes,senado:6304:PP:2025-08-21,FIL-006355
filiacoes,senado:6304:PSD:2023-01-05,FIL-006356
filiacoes,senado:6304:PP:2022-06-07,FIL-006357
filiacoes,senado:6305:PSD:2025-10-01,FIL-006358
filiacoes,senado:6331:PL:2026-03-24,FIL-006359
filiacoes,senado:6331:UNIÃO:2022-10-02,FIL-006360
filiacoes,senado:6332:PL:2022-10-02,FIL-006361
filiacoes,senado:6333:PP:2022-10-02,FIL-006362
filiacoes,senado:6334:PT:2022-10-02,FIL-006363
filiacoes,senado:6335:REPUBLICANOS:2022-10-02,FIL-006364
filiacoes,senado:6336:PT:2022-10-02,FIL-006365
filiacoes,senado:6337:REPUBLICANOS:2023-01-31,FIL-006366
filiacoes,senado:6337:PSC:2022-10-02,FIL-006367
filiacoes,senado:6338:PT:2022-10-02,FIL-006368
filiacoes,senado:6340:PL:2022-10-02,FIL-006369
filiacoes,senado:6341:REPUBLICANOS:2022-10-02,FIL-006370
filiacoes,senado:6342:PL:2022-10-02,FIL-006371
filiacoes,senado:6343:UNIÃO:2022-10-02,FIL-006372
filiacoes,senado:6344:UNIÃO:2022-10-02,FIL-006373
filiacoes,senado:6345:MDB:2022-10-02,FIL-006374
filiacoes,senado:6346:PV:2022-10-02,FIL-006375
filiacoes,senado:6347:UNIÃO:2022-10-02,FIL-006376
filiacoes,senado:6348:PT:2022-10-02,FIL-006377
filiacoes,senado:6349:PSD:2022-10-02,FIL-006378
filiacoes,senado:6350:PT:2022-10-02,FIL-006379
filiacoes,senado:6351:PT:2022-10-02,FIL-006380
filiacoes,senado:6352:UNIÃO:2022-10-02,FIL-006381
filiacoes,senado:6353:REPUBLICANOS:2022-10-02,FIL-006382
filiacoes,senado:6354:PL:2022-10-02,FIL-006383
filiacoes,senado:6355:PTB:2022-10-02,FIL-006384
filiacoes,senado:6356:PL:2022-10-02,FIL-006385
filiacoes,senado:6357:PL:2022-10-02,FIL-006386
filiacoes,senado:6358:PSB:2026-03-04,FIL-006387
filiacoes,senado:6358:PDT:2024-04-24,FIL-006388
filiacoes,senado:6358:PSB:2023-02-02,FIL-006389
filiacoes,senado:6359:PSB:2026-08-05,FIL-006390
filiacoes,senado:6362:UNIÃO:2023-07-05,FIL-006391
filiacoes,senado:6363:PL:2024-06-12,FIL-006392
filiacoes,senado:6366:UNIÃO:2024-06-20,FIL-006393
filiacoes,senado:6369:PSD:2023-02-02,FIL-006394
filiacoes,senado:6372:PL:2025-12-16,FIL-006395
filiacoes,senado:6374:PL:2024-06-19,FIL-006396
filiacoes,senado:6381:PL:2026-05-05,FIL-006397
filiacoes,camara:64960:52:PMDB:2003-02-01,FIL-006398
filiacoes,camara:65987:52:PTB:2003-02-01,FIL-006399
filiacoes,camara:67138:54:PP:2011-02-01,FIL-006400
filiacoes,camara:73416:52:PSB:2003-02-01,FIL-006401
filiacoes,camara:73458:52:PTB:2003-02-01,FIL-006402
filiacoes,camara:73490:52:PTB:2003-02-01,FIL-006403
filiacoes,camara:73565:53:PR:2007-02-01,FIL-006404
filiacoes,camara:73566:52:PTB:2003-02-01,FIL-006405
filiacoes,camara:73569:52:PL:2003-02-01,FIL-006406
filiacoes,camara:73651:52:PPS:2003-02-01,FIL-006407
filiacoes,camara:73653:53:PR:2007-02-01,FIL-006408
filiacoes,camara:73658:53:PR:2007-02-01,FIL-006409
filiacoes,camara:73676:52:PL:2003-02-01,FIL-006410
filiacoes,camara:73676:53:PR:2007-02-01,FIL-006411
filiacoes,camara:73782:52:PMDB:2003-02-01,FIL-006412
filiacoes,camara:73817:52:PTB:2003-02-01,FIL-006413
filiacoes,camara:73909:52:PMDB:2003-02-01,FIL-006414
filiacoes,camara:73921:52:PTB:2003-02-01,FIL-006415
filiacoes,camara:73923:52:PL:2003-02-01,FIL-006416
filiacoes,camara:73927:52:PT:2003-02-01,FIL-006417
filiacoes,camara:73933:52:PTB:2003-02-01,FIL-006418
filiacoes,camara:73933:53:PMDB:2007-02-01,FIL-006419
filiacoes,camara:73939:52:PL:2003-02-01,FIL-006420
filiacoes,camara:73946:52:PTB:2003-02-01,FIL-006421
filiacoes,camara:73947:52:PL:2003-02-01,FIL-006422
filiacoes,camara:73982:53:PR:2007-02-01,FIL-006423
filiacoes,camara:73984:52:PDT:2003-02-03,FIL-006424
filiacoes,camara:74000:52:PL:2003-02-01,FIL-006425
filiacoes,camara:74000:53:PR:2007-02-01,FIL-006426
filiacoes,camara:74032:52:PTB:2003-02-01,FIL-006427
filiacoes,camara:74043:52:PL:2003-02-01,FIL-006428
filiacoes,camara:74043:53:PR:2007-02-01,FIL-006429
filiacoes,camara:74050:53:PR:2007-02-01,FIL-006430
filiacoes,camara:74090:52:PPS:2003-02-01,FIL-006431
filiacoes,camara:74120:52:PTB:2003-02-01,FIL-006432
filiacoes,camara:74140:53:PR:2007-02-01,FIL-006433
filiacoes,camara:74140:57:PDT:2023-02-01,FIL-006434
filiacoes,camara:74148:52:PSB:2003-02-01,FIL-006435
filiacoes,camara:74150:52:PTB:2003-02-01,FIL-006436
filiacoes,camara:74165:53:PR:2007-02-01,FIL-006437
filiacoes,camara:74174:52:PTB:2003-02-01,FIL-006438
filiacoes,camara:74175:52:PMDB:2003-02-01,FIL-006439
filiacoes,camara:74194:52:PPB:2003-02-01,FIL-006440
filiacoes,camara:74210:52:PV:2003-02-01,FIL-006441
filiacoes,camara:74222:52:PMDB:2003-02-01,FIL-006442
filiacoes,camara:74230:53:PMDB:2007-02-01,FIL-006443
filiacoes,camara:74252:52:PSDB:2003-02-01,FIL-006444
filiacoes,camara:74258:52:PSB:2003-02-01,FIL-006445
filiacoes,camara:74258:53:PR:2007-02-01,FIL-006446
filiacoes,camara:74259:52:PMDB:2003-02-01,FIL-006447
filiacoes,camara:74269:53:PR:2007-02-01,FIL-006448
filiacoes,camara:74289:52:PTB:2003-02-01,FIL-006449
filiacoes,camara:74304:52:PSL:2003-02-01,FIL-006450
filiacoes,camara:74312:52:PPS:2003-02-01,FIL-006451
filiacoes,camara:74341:53:PR:2010-08-26,FIL-006452
filiacoes,camara:74355:52:PPS:2003-02-01,FIL-006453
filiacoes,camara:74375:52:PFL:2003-02-01,FIL-006454
filiacoes,camara:74383:53:PR:2007-02-01,FIL-006455
filiacoes,camara:74385:52:PSB:2003-02-01,FIL-006456
filiacoes,camara:74402:52:PTB:2003-02-01,FIL-006457
filiacoes,camara:74403:52:PT:2003-02-01,FIL-006458
filiacoes,camara:74405:53:PTB:2007-02-01,FIL-006459
filiacoes,camara:74421:53:PR:2007-02-01,FIL-006460
filiacoes,camara:74425:52:PFL:2003-02-12,FIL-006461
filiacoes,camara:74444:52:PSB:2003-02-01,FIL-006462
filiacoes,camara:74449:52:PTB:2003-02-01,FIL-006463
filiacoes,camara:74452:52:PSDB:2003-02-01,FIL-006464
filiacoes,camara:74459:52:PSDB:2003-02-01,FIL-006465
filiacoes,camara:74467:53:PR:2007-02-01,FIL-006466
filiacoes,camara:74537:52:PFL:2003-02-01,FIL-006467
filiacoes,camara:74538:52:PFL:2003-02-01,FIL-006468
filiacoes,camara:74550:52:PL:2003-02-01,FIL-006469
filiacoes,camara:74557:52:PPB:2003-02-01,FIL-006470
filiacoes,camara:74577:52:PSB:2003-02-01,FIL-006471
filiacoes,camara:74580:52:PL:2003-02-01,FIL-006472
filiacoes,camara:74585:53:PR:2007-02-01,FIL-006473
filiacoes,camara:74592:52:PTB:2003-02-01,FIL-006474
filiacoes,camara:74648:53:PR:2007-02-01,FIL-006475
filiacoes,camara:74665:53:PR:2007-02-01,FIL-006476
filiacoes,camara:74675:52:PSB:2003-02-01,FIL-006477
filiacoes,camara:74741:53:PR:2007-02-01,FIL-006478
filiacoes,camara:74779:52:PDT:2003-02-01,FIL-006479
filiacoes,camara:74787:52:PL:2003-02-01,FIL-006480
filiacoes,camara:74787:53:PR:2007-02-01,FIL-006481
filiacoes,camara:74790:52:PTB:2003-02-01,FIL-006482
filiacoes,camara:74847:52:PTB:2003-02-01,FIL-006483
filiacoes,camara:81512:53:PR:2007-05-06,FIL-006484
filiacoes,camara:90201:56:PTB:2019-02-01,FIL-006485
filiacoes,camara:115899:53:PR:2011-01-04,FIL-006486
filiacoes,camara:121948:56:PP:2019-02-01,FIL-006487
filiacoes,camara:129618:53:PR:2007-02-01,FIL-006488
filiacoes,camara:141371:53:PR:2007-02-01,FIL-006489
filiacoes,camara:141372:53:PR:2007-02-01,FIL-006490
filiacoes,camara:141458:53:PR:2007-02-01,FIL-006491
filiacoes,camara:141459:53:PR:2007-02-01,FIL-006492
filiacoes,camara:141464:54:PT:2011-02-01,FIL-006493
filiacoes,camara:141468:53:PT:2007-02-01,FIL-006494
filiacoes,camara:141479:53:PSB:2007-02-01,FIL-006495
filiacoes,camara:141485:57:UNIÃO:2023-02-01,FIL-006496
filiacoes,camara:141504:53:PR:2007-02-01,FIL-006497
filiacoes,camara:141506:53:PR:2007-02-01,FIL-006498
filiacoes,camara:141511:53:PR:2007-02-01,FIL-006499
filiacoes,camara:141513:53:PR:2007-02-01,FIL-006500
filiacoes,camara:141522:53:PTB:2007-02-01,FIL-006501
filiacoes,camara:141524:53:PMDB:2007-02-01,FIL-006502
filiacoes,camara:141549:53:PR:2007-02-01,FIL-006503
filiacoes,camara:141554:53:PR:2007-02-01,FIL-006504
filiacoes,camara:146308:53:PR:2007-04-03,FIL-006505
filiacoes,camara:150418:53:PR:2008-06-09,FIL-006506
filiacoes,camara:150634:53:PR:2008-04-25,FIL-006507
filiacoes,camara:151249:53:PR:2008-08-21,FIL-006508
filiacoes,camara:160558:56:PR:2019-02-01,FIL-006509
filiacoes,camara:161440:57:MDB:2023-02-01,FIL-006510
filiacoes,camara:188097:57:PT:2023-02-01,FIL-006511
filiacoes,camara:193726:56:PSC:2019-02-01,FIL-006512
filiacoes,camara:204396:56:PSD:2019-02-01,FIL-006513
filiacoes,camara:204442:56:PSL:2019-02-01,FIL-006514
filiacoes,camara:204518:56:PATRI:2019-02-01,FIL-006515
filiacoes,camara:204531:56:PP:2019-02-01,FIL-006516
filiacoes,camara:204531:57:PL:2023-02-01,FIL-006517
filiacoes,camara:205548:56:PSOL:2019-02-01,FIL-006518
filiacoes,camara:205550:56:PRB:2019-02-01,FIL-006519
filiacoes,camara:220528:57:PODE:2023-02-01,FIL-006520
filiacoes,camara:220659:57:UNIÃO:2023-02-01,FIL-006521
filiacoes,camara:220660:57:PL:2023-02-01,FIL-006522
filiacoes,senado:3:PSB:1995-10-25:,FIL-006523
filiacoes,senado:4:PFL:2003-02-01:2007-07-20,FIL-006524
filiacoes,senado:13:MDB:1995-02-01:,FIL-006525
filiacoes,senado:16:MDB:2007-10-10:,FIL-006526
filiacoes,senado:16:DEM:2007-08-02:2007-10-09,FIL-006527
filiacoes,senado:16:PFL:1995-02-01:2007-08-01,FIL-006528
filiacoes,senado:17:PT:1991-02-01:,FIL-006529
filiacoes,senado:20:PTB:2007-02-01:,FIL-006530
filiacoes,senado:22:PP:2011-02-01:,FIL-006531
filiacoes,senado:23:PTB:2001-05-23:,FIL-006532
filiacoes,senado:28:MDB:2004-02-11:,FIL-006533
filiacoes,senado:28:MDB:1995-02-01:2003-09-14,FIL-006534
filiacoes,senado:29:PFL:2004-11-23:2007-08-01,FIL-006535
filiacoes,senado:30:MDB:1995-02-01:,FIL-006536
filiacoes,senado:35:MDB:1995-02-01:,FIL-006537
filiacoes,senado:36:PDT:1999-01-28:2008-05-23,FIL-006538
filiacoes,senado:38:DEM:2007-08-02:2008-02-20,FIL-006539
filiacoes,senado:38:PFL:1995-02-01:2007-08-01,FIL-006540
filiacoes,senado:40:DEM:2007-08-02:,FIL-006541
filiacoes,senado:40:PFL:1995-02-01:2007-08-01,FIL-006542
filiacoes,senado:43:PT:1995-02-01:,FIL-006543
filiacoes,senado:47:MDB:1991-02-01:,FIL-006544
filiacoes,senado:53:MDB:2006-12-20:,FIL-006545
filiacoes,senado:53:PCDOB:2005-10-03:2006-12-19,FIL-006546
filiacoes,senado:53:MDB:2003-10-08:2005-10-02,FIL-006547
filiacoes,senado:53:PFL:2001-10-10:2003-10-07,FIL-006548
filiacoes,senado:59:PV:2009-09-01:,FIL-006549
filiacoes,senado:59:PT:1995-02-01:2009-08-19,FIL-006550
filiacoes,senado:63:REPUBLICANOS:2020-09-28:,FIL-006551
filiacoes,senado:63:MDB:1995-01-02:2020-09-27,FIL-006552
filiacoes,senado:64:PP:2014-07-16:,FIL-006553
filiacoes,senado:66:PDT:2001-09-24:,FIL-006554
filiacoes,senado:68:MDB:1991-02-01:,FIL-006555
filiacoes,senado:69:MDB:1995-02-01:2006-11-17,FIL-006556
filiacoes,senado:70:MDB:1995-02-01:,FIL-006557
filiacoes,senado:71:CIDADANIA:1995-02-01:,FIL-006558
filiacoes,senado:72:MDB:1995-02-01:,FIL-006559
filiacoes,senado:73:MDB:2003-05-14:,FIL-006560
filiacoes,senado:73:PSDB:1999-01-28:2003-05-13,FIL-006561
filiacoes,senado:74:PTB:2007-10-11:,FIL-006562
filiacoes,senado:74:DEM:2007-08-02:2007-10-10,FIL-006563
filiacoes,senado:74:PFL:1997-02-15:2007-08-01,FIL-006564
filiacoes,senado:78:PSDB:1995-02-01:,FIL-006565
filiacoes,senado:86:DEM:2007-08-02:,FIL-006566
filiacoes,senado:86:PFL:2003-02-01:2007-08-01,FIL-006567
filiacoes,senado:87:MDB:2003-02-01:,FIL-006568
filiacoes,senado:90:PSDB:1995-02-01:,FIL-006569
filiacoes,senado:105:PSDB:2004-04-06:,FIL-006570
filiacoes,senado:111:PL:2011-01-27:,FIL-006571
filiacoes,senado:118:DEM:2007-08-02:,FIL-006572
filiacoes,senado:118:PFL:2001-05-31:2007-08-01,FIL-006573
filiacoes,senado:120:PFL:1998-04-07:2007-08-01,FIL-006574
filiacoes,senado:139:PSDB:2002-04-23:,FIL-006575
filiacoes,senado:151:MDB:2002-10-29:,FIL-006576
filiacoes,senado:176:PTB:2003-01-06:,FIL-006577
filiacoes,senado:196:PFL:1998-11-03:2007-08-01,FIL-006578
filiacoes,senado:285:PL:2025-08-22:,FIL-006579
filiacoes,senado:285:UNIÃO:2022-04-12:2025-08-21,FIL-006580
filiacoes,senado:285:PSL:2021-09-30:2022-04-11,FIL-006581
filiacoes,senado:285:MDB:2019-01-01:2021-09-29,FIL-006582
filiacoes,senado:285:PSDB:2011-02-01:2018-12-30,FIL-006583
filiacoes,senado:285:CIDADANIA:1999-03-19:2011-01-31,FIL-006584
filiacoes,senado:288:PT:1998-11-13:,FIL-006585
filiacoes,senado:302:MDB:1999-02-01:,FIL-006586
filiacoes,senado:336:DEM:2015-02-01:,FIL-006587
filiacoes,senado:336:PFL:1999-02-01:2007-08-01,FIL-006588
filiacoes,senado:345:PSB:2023-01-31:,FIL-006589
filiacoes,senado:345:PODE:2020-08-31:2023-01-30,FIL-006590
filiacoes,senado:345:REDE:2019-01-01:2020-08-29,FIL-006591
filiacoes,senado:345:PSDB:2009-10-08:2018-12-31,FIL-006592
filiacoes,senado:345:PT:2003-02-01:2009-09-10,FIL-006593
filiacoes,senado:374:PT:1999-02-01:,FIL-006594
filiacoes,senado:375:PT:1999-02-01:,FIL-006595
filiacoes,senado:380:PSDB:1999-02-01:,FIL-006596
filiacoes,senado:391:PSDB:1999-02-01:,FIL-006597
filiacoes,senado:394:DEM:2007-08-02:,FIL-006598
filiacoes,senado:394:PFL:1999-02-01:2007-08-01,FIL-006599
filiacoes,senado:415:PSD:2023-01-09:,FIL-006600
filiacoes,senado:415:DEM:2007-04-24:2023-01-08,FIL-006601
filiacoes,senado:415:AVANTE:1999-02-01:2007-04-23,FIL-006602
filiacoes,senado:438:PSB:2011-02-03:,FIL-006603
filiacoes,senado:438:PT:1999-02-01:2011-02-02,FIL-006604
filiacoes,senado:453:MDB:2018-05-21:,FIL-006605
filiacoes,senado:453:MDB:1999-02-01:2018-05-20,FIL-006606
filiacoes,senado:456:DEM:2007-04-24:,FIL-006607
filiacoes,senado:456:PFL:1999-02-01:2007-04-23,FIL-006608
filiacoes,senado:470:PSB:2023-01-31:,FIL-006609
filiacoes,senado:470:UNIÃO:2022-04-12:2023-01-30,FIL-006610
filiacoes,senado:470:DEM:2019-01-01:2022-04-11,FIL-006611
filiacoes,senado:470:DEM:2007-04-24:2011-01-31,FIL-006612
filiacoes,senado:470:AVANTE:1999-02-03:2007-04-23,FIL-006613
filiacoes,senado:475:MDB:1999-02-01:,FIL-006614
filiacoes,senado:527:PSDB:1999-02-01:,FIL-006615
filiacoes,senado:551:PSDB:1999-02-01:,FIL-006616
filiacoes,senado:553:PP:2003-06-06:2007-01-31,FIL-006617
filiacoes,senado:553:PFL:2003-02-01:2003-06-05,FIL-006618
filiacoes,senado:553:PFL:1999-02-01:2003-01-30,FIL-006619
filiacoes,senado:558:PCDOB:1999-02-01:,FIL-006620
filiacoes,senado:581:PT:1999-02-01:,FIL-006621
filiacoes,senado:604:PT:1999-02-01:2016-03-28,FIL-006622
filiacoes,senado:611:DEM:2021-11-02:,FIL-006623
filiacoes,senado:611:PSD:2021-10-30:2021-11-01,FIL-006624
filiacoes,senado:611:PSDB:1999-02-01:2021-10-29,FIL-006625
filiacoes,senado:612:MDB:1999-02-01:,FIL-006626
filiacoes,senado:613:PCDOB:1999-02-01:,FIL-006627
filiacoes,senado:615:PT:1999-02-01:,FIL-006628
filiacoes,senado:624:PSB:1999-02-01:,FIL-006629
filiacoes,senado:631:PL:2007-02-01:,FIL-006630
filiacoes,senado:631:PL:2003-02-01:2006-12-19,FIL-006631
filiacoes,senado:635:PSDB:2016-03-01:,FIL-006632
filiacoes,senado:635:MDB:2011-01-27:2016-02-03,FIL-006633
filiacoes,senado:635:CIDADANIA:2001-06-22:2011-01-26,FIL-006634
filiacoes,senado:643:PSB:2015-09-03:,FIL-006635
filiacoes,senado:643:PSDB:1999-02-01:2015-06-09,FIL-006636
filiacoes,senado:670:MDB:2004-12-16:,FIL-006637
filiacoes,senado:670:PFL:1999-02-01:2004-12-15,FIL-006638
filiacoes,senado:674:PTB:2007-02-01:,FIL-006639
filiacoes,senado:674:PFL:2003-02-01:2007-01-31,FIL-006640
filiacoes,senado:674:PSD:1999-02-01:2003-01-31,FIL-006641
filiacoes,senado:677:PTB:2022-03-31:,FIL-006642
filiacoes,senado:677:PSDB:2017-10-04:2022-03-30,FIL-006643
filiacoes,senado:677:PSB:2015-02-01:2017-09-28,FIL-006644
filiacoes,senado:677:PSDB:1999-02-01:2011-01-31,FIL-006645
filiacoes,senado:704:PTB:2008-04-02:,FIL-006646
filiacoes,senado:704:PTB:2001-02-15:2007-01-31,FIL-006647
filiacoes,senado:707:DEM:2007-08-02:,FIL-006648
filiacoes,senado:707:PFL:1999-02-01:2007-08-01,FIL-006649
filiacoes,senado:710:PSC:2015-12-01:,FIL-006650
filiacoes,senado:710:PSC:2009-10-15:2011-01-31,FIL-006651
filiacoes,senado:710:PSB:2007-02-01:2009-10-14,FIL-006652
filiacoes,senado:710:PTB:2003-07-25:2007-01-31,FIL-006653
filiacoes,senado:710:PFL:2003-02-26:2003-07-24,FIL-006654
filiacoes,senado:710:PFL:1999-02-01:2003-01-31,FIL-006655
filiacoes,senado:715:PTB:2003-05-15:,FIL-006656
filiacoes,senado:715:MDB:1999-02-01:2003-05-14,FIL-006657
filiacoes,senado:724:PSB:2011-02-03:,FIL-006658
filiacoes,senado:724:PTB:2003-05-15:2007-01-31,FIL-006659
filiacoes,senado:724:PFL:1999-02-01:2003-05-14,FIL-006660
filiacoes,senado:735:PSDB:2003-02-01:,FIL-006661
filiacoes,senado:739:PP:2004-02-14:,FIL-006662
filiacoes,senado:739:PFL:1999-02-01:2004-02-13,FIL-006663
filiacoes,senado:740:DEM:2018-03-08:,FIL-006664
filiacoes,senado:740:PSB:2015-02-01:2018-03-07,FIL-006665
filiacoes,senado:740:DEM:2007-08-02:2015-01-31,FIL-006666
filiacoes,senado:740:PFL:1999-02-01:2007-08-01,FIL-006667
filiacoes,senado:742:MDB:2018-05-21:,FIL-006668
filiacoes,senado:742:MDB:1999-02-01:2018-05-20,FIL-006669
filiacoes,senado:751:PSD:2018-03-26:,FIL-006670
filiacoes,senado:751:PSC:2016-03-22:2018-03-25,FIL-006671
filiacoes,senado:751:PSD:2011-10-26:2016-03-21,FIL-006672
filiacoes,senado:751:DEM:2007-04-24:2011-10-25,FIL-006673
filiacoes,senado:751:PFL:1999-02-01:2007-04-23,FIL-006674
filiacoes,senado:765:PP:2003-06-02:,FIL-006675
filiacoes,senado:765:PPB:1999-02-01:2003-04-02,FIL-006676
filiacoes,senado:791:PSB:2015-02-01:,FIL-006677
filiacoes,senado:791:PDT:1999-02-01:2015-01-31,FIL-006678
filiacoes,senado:825:PT:1999-02-01:,FIL-006679
filiacoes,senado:845:PT:1999-02-01:,FIL-006680
filiacoes,senado:846:PSDB:1999-02-01:,FIL-006681
filiacoes,senado:878:PSDB:1999-02-01:,FIL-006682
filiacoes,senado:916:PL:2007-02-01:,FIL-006683
filiacoes,senado:916:PL:2005-03-31:2006-12-19,FIL-006684
filiacoes,senado:916:PFL:1999-02-01:2005-03-28,FIL-006685
filiacoes,senado:918:PSC:2011-02-03:,FIL-006686
filiacoes,senado:918:MDB:2005-02-03:2007-01-31,FIL-006687
filiacoes,senado:918:PSC:2003-09-16:2005-02-02,FIL-006688
filiacoes,senado:918:PPB:1999-02-01:2003-04-02,FIL-006689
filiacoes,senado:922:PFL:1999-02-01:2007-08-01,FIL-006690
filiacoes,senado:923:REDE:2025-12-16:,FIL-006691
filiacoes,senado:923:PSOL:2004-08-04:2025-12-15,FIL-006692
filiacoes,senado:923:PT:1999-02-01:2004-01-21,FIL-006693
filiacoes,senado:924:PFL:1999-02-01:2007-08-01,FIL-006694
filiacoes,senado:942:PSB:2001-10-08:,FIL-006695
filiacoes,senado:944:MDB:1999-02-01:,FIL-006696
filiacoes,senado:945:PODE:2017-07-01:,FIL-006697
filiacoes,senado:945:PV:2016-01-11:2017-06-30,FIL-006698
filiacoes,senado:945:PSDB:2003-08-14:2016-01-07,FIL-006699
filiacoes,senado:945:PDT:2001-09-26:2003-08-13,FIL-006700
filiacoes,senado:946:MDB:1999-02-01:,FIL-006701
filiacoes,senado:947:MDB:2011-02-03:,FIL-006702
filiacoes,senado:947:MDB:2002-11-13:2011-01-31,FIL-006703
filiacoes,senado:948:PFL:1999-02-01:2007-08-01,FIL-006704
filiacoes,senado:949:PSDB:2005-09-30:,FIL-006705
filiacoes,senado:949:PDT:2003-09-10:2005-09-29,FIL-006706
filiacoes,senado:949:MDB:2001-03-21:2003-09-09,FIL-006707
filiacoes,senado:950:MDB:1999-02-01:,FIL-006708
filiacoes,senado:951:PL:2001-10-09:2006-12-19,FIL-006709
filiacoes,senado:952:PTB:2005-02-14:,FIL-006710
filiacoes,senado:952:CIDADANIA:2003-02-01:2005-02-13,FIL-006711
filiacoes,senado:952:PFL:1999-02-23:2003-01-31,FIL-006712
filiacoes,senado:982:PT:1999-02-01:,FIL-006713
filiacoes,senado:1002:PSDB:1999-02-01:,FIL-006714
filiacoes,senado:1022:PSDB:1999-02-01:,FIL-006715
filiacoes,senado:1023:PP:2022-04-20:,FIL-006716
filiacoes,senado:1023:UNIÃO:2022-04-12:2022-04-19,FIL-006717
filiacoes,senado:1023:DEM:2007-08-02:2022-04-11,FIL-006718
filiacoes,senado:1023:AVANTE:1999-02-01:2007-08-01,FIL-006719
filiacoes,senado:1024:PSDB:2001-10-16:,FIL-006720
filiacoes,senado:1025:MDB:1991-02-21:,FIL-006721
filiacoes,senado:1026:PT:2002-05-16:,FIL-006722
filiacoes,senado:1042:MDB:2003-02-25:,FIL-006723
filiacoes,senado:1045:MDB:2001-11-14:,FIL-006724
filiacoes,senado:1049:PFL:2003-02-25:2007-08-01,FIL-006725
filiacoes,senado:1050:PTB:2005-09-30:,FIL-006726
filiacoes,senado:1050:PP:2005-05-19:2005-09-29,FIL-006727
filiacoes,senado:1050:MDB:2000-08-01:2005-05-18,FIL-006728
filiacoes,senado:1051:PSDB:2005-08-31:,FIL-006729
filiacoes,senado:1051:MDB:2003-10-02:2005-08-30,FIL-006730
filiacoes,senado:1051:CIDADANIA:2003-02-01:2003-10-01,FIL-006731
filiacoes,senado:1053:MDB:1999-08-03:,FIL-006732
filiacoes,senado:1083:PSDB:2002-11-11:,FIL-006733
filiacoes,senado:1085:PFL:2003-01-01:2007-08-01,FIL-006734
filiacoes,senado:1086:MDB:2005-06-01:,FIL-006735
filiacoes,senado:1089:MDB:2004-11-18:,FIL-006736
filiacoes,senado:1090:MDB:2001-06-01:,FIL-006737
filiacoes,senado:1091:PP:2022-03-31:,FIL-006738
filiacoes,senado:1091:PL:2011-02-01:2022-03-31,FIL-006739
filiacoes,senado:1091:PL:2003-01-01:2006-12-19,FIL-006740
filiacoes,senado:1094:MDB:2004-01-26:,FIL-006741
filiacoes,senado:1095:MDB:2003-02-10:,FIL-006742
filiacoes,senado:1096:PPB:2002-02-25:2003-04-02,FIL-006743
filiacoes,senado:1097:PPB:2002-02-28:2003-04-02,FIL-006744
filiacoes,senado:1098:PT:2003-02-01:,FIL-006745
filiacoes,senado:1163:MDB:2005-06-03:,FIL-006746
filiacoes,senado:1169:PFL:1999-02-01:2007-08-01,FIL-006747
filiacoes,senado:1173:PL:2011-02-01:,FIL-006748
filiacoes,senado:1173:PL:1999-02-01:2006-12-19,FIL-006749
filiacoes,senado:1176:MDB:1999-02-01:,FIL-006750
filiacoes,senado:1179:MDB:2003-02-01:,FIL-006751
filiacoes,senado:1186:PP:2003-06-02:,FIL-006752
filiacoes,senado:1189:PSDB:2009-09-29:,FIL-006753
filiacoes,senado:1189:PL:2007-02-01:2009-09-23,FIL-006754
filiacoes,senado:1189:PSDB:2001-08-10:2007-01-31,FIL-006755
filiacoes,senado:1206:DEM:2007-08-02:,FIL-006756
filiacoes,senado:1206:PFL:1999-02-02:2007-08-01,FIL-006757
filiacoes,senado:1210:PTB:2000-05-05:,FIL-006758
filiacoes,senado:1249:PP:2020-03-26:,FIL-006759
filiacoes,senado:1249:PDT:2018-03-22:2020-03-10,FIL-006760
filiacoes,senado:1249:MDB:2013-10-08:2017-12-05,FIL-006761
filiacoes,senado:1249:PSD:2011-10-19:2013-10-07,FIL-006762
filiacoes,senado:1249:DEM:2007-08-02:2011-10-18,FIL-006763
filiacoes,senado:1249:PFL:2000-04-04:2007-08-01,FIL-006764
filiacoes,senado:1330:PTB:2002-08-07:,FIL-006765
filiacoes,senado:1754:CIDADANIA:2011-01-27:2011-07-02,FIL-006766
filiacoes,senado:1757:MDB:1980:,FIL-006767
filiacoes,senado:2207:PSD:2018-04-04:,FIL-006768
filiacoes,senado:2207:MDB:2011-02-03:2018-04-03,FIL-006769
filiacoes,senado:2331:MDB:2021-01-12:,FIL-006770
filiacoes,senado:2331:PODE:2018-04-07:2021-01-11,FIL-006771
filiacoes,senado:2331:MDB:2003-10-14:2018-04-06,FIL-006772
filiacoes,senado:2331:PSDB:2001-03-08:2003-10-13,FIL-006773
filiacoes,senado:2332:PFL:2001-03-13:2007-08-01,FIL-006774
filiacoes,senado:2632:MDB:2001-10-25:,FIL-006775
filiacoes,senado:3359:MDB:2006-12-22:,FIL-006776
filiacoes,senado:3359:PFL:2003-02-01:2006-12-21,FIL-006777
filiacoes,senado:3360:PT:2003-02-01:2016-03-28,FIL-006778
filiacoes,senado:3361:MDB:2003-02-01:,FIL-006779
filiacoes,senado:3362:PT:2003-02-01:,FIL-006780
filiacoes,senado:3363:PT:1999-02-01:,FIL-006781
filiacoes,senado:3364:PSC:2009-10-01:,FIL-006782
filiacoes,senado:3364:MDB:2003-02-01:2009-09-23,FIL-006783
filiacoes,senado:3365:MDB:2003-02-01:,FIL-006784
filiacoes,senado:3366:REPUBLICANOS:2006-04-04:,FIL-006785
filiacoes,senado:3366:PMR:2005-10-04:2006-04-03,FIL-006786
filiacoes,senado:3366:PL:2003-02-01:2005-09-28,FIL-006787
filiacoes,senado:3371:PT:2003-02-01:,FIL-006788
filiacoes,senado:3372:MDB:2003-02-01:,FIL-006789
filiacoes,senado:3373:PT:2003-02-01:,FIL-006790
filiacoes,senado:3374:PSDB:2003-02-01:,FIL-006791
filiacoes,senado:3375:PTB:2003-02-01:,FIL-006792
filiacoes,senado:3392:MDB:2006-03-13:,FIL-006793
filiacoes,senado:3392:PSOL:2005-03-23:2005-10-25,FIL-006794
filiacoes,senado:3392:PSB:2003-02-01:2005-02-14,FIL-006795
filiacoes,senado:3393:PSDB:2005-09-01:,FIL-006796
filiacoes,senado:3393:MDB:2003-05-07:2005-08-31,FIL-006797
filiacoes,senado:3393:PTB:2003-02-01:2003-05-06,FIL-006798
filiacoes,senado:3394:PSB:2003-02-01:,FIL-006799
filiacoes,senado:3395:PL:2007-10-01:,FIL-006800
filiacoes,senado:3395:DEM:2007-08-02:2007-09-30,FIL-006801
filiacoes,senado:3395:PFL:2003-02-01:2007-08-01,FIL-006802
filiacoes,senado:3396:PSDB:2003-02-01:,FIL-006803
filiacoes,senado:3397:PDT:2007-10-02:,FIL-006804
filiacoes,senado:3397:PSB:2005-09-29:2007-10-01,FIL-006805
filiacoes,senado:3397:CIDADANIA:2003-02-01:2005-06-20,FIL-006806
filiacoes,senado:3398:CIDADANIA:2016-02-22:,FIL-006807
filiacoes,senado:3398:PDT:2005-10-05:2016-02-21,FIL-006808
filiacoes,senado:3398:PT:2003-02-01:2005-09-12,FIL-006809
filiacoes,senado:3399:DEM:2007-08-02:2012-04-26,FIL-006810
filiacoes,senado:3399:PFL:2003-02-01:2007-08-01,FIL-006811
filiacoes,senado:3400:PSDB:2003-02-01:,FIL-006812
filiacoes,senado:3412:PTB:2003-02-01:,FIL-006813
filiacoes,senado:3432:PT:2006-12-15:2010-08-05,FIL-006814
filiacoes,senado:3432:PDT:1999-02-01:2006-12-14,FIL-006815
filiacoes,senado:3433:MDB:2013-10-01:,FIL-006816
filiacoes,senado:3433:CIDADANIA:2011-11-08:2013-09-10,FIL-006817
filiacoes,senado:3433:MDB:2005-08-18:2011-11-07,FIL-006818
filiacoes,senado:3433:PSDB:2004-12-21:2005-08-17,FIL-006819
filiacoes,senado:3433:PDT:2003-02-01:2004-12-20,FIL-006820
filiacoes,senado:3532:PT:2003-02-04:,FIL-006821
filiacoes,senado:3552:PT:2003-02-05:,FIL-006822
filiacoes,senado:3574:PL:2004-12-23:2006-12-19,FIL-006823
filiacoes,senado:3578:PSB:2016-06-21:,FIL-006824
filiacoes,senado:3578:PMN:2016-02-01:2016-06-20,FIL-006825
filiacoes,senado:3578:MDB:2004-12-17:2016-01-31,FIL-006826
filiacoes,senado:3579:MDB:2008-05-06:,FIL-006827
filiacoes,senado:3579:DEM:2008-01-30:2008-03-12,FIL-006828
filiacoes,senado:3580:MDB:2011-01-03:,FIL-006829
filiacoes,senado:3583:MDB:2005-07-11:,FIL-006830
filiacoes,senado:3593:PSDB:2010-07-15:,FIL-006831
filiacoes,senado:3595:DEM:2010-07-15:,FIL-006832
filiacoes,senado:3597:MDB:2005-03-23:,FIL-006833
filiacoes,senado:3619:PDT:2009-07-22:,FIL-006834
filiacoes,senado:3622:DEM:2007-08-02:,FIL-006835
filiacoes,senado:3622:PFL:2007-01-03:2007-08-01,FIL-006836
filiacoes,senado:3626:DEM:2008-02-26:,FIL-006837
filiacoes,senado:3626:PFL:2005-08-10:2007-08-01,FIL-006838
filiacoes,senado:3629:MDB:2006-11-21:,FIL-006839
filiacoes,senado:3631:REPUBLICANOS:2006-08-01:,FIL-006840
filiacoes,senado:3634:PSDB:2005-01-11:,FIL-006841
filiacoes,senado:3637:PL:2011-01-03:,FIL-006842
filiacoes,senado:3639:MDB:2006-12-20:,FIL-006843
filiacoes,senado:3642:PT:2010-07-13:,FIL-006844
filiacoes,senado:3643:PT:2011-01-03:,FIL-006845
filiacoes,senado:3644:MDB:2007-01-03:,FIL-006846
filiacoes,senado:3645:MDB:2010-08-05:,FIL-006847
filiacoes,senado:3646:PT:2009-09-22:,FIL-006848
filiacoes,senado:3648:PSB:2005-05-05:,FIL-006849
filiacoes,senado:3651:DEM:2010-11-03:,FIL-006850
filiacoes,senado:3652:PSDB:2003-11-20:,FIL-006851
filiacoes,senado:3695:PT:2003-02-01:,FIL-006852
filiacoes,senado:3713:PT:2003-02-01:,FIL-006853
filiacoes,senado:3741:PSDB:2007-03-14:,FIL-006854
filiacoes,senado:3741:PSDB:2005-06-22:2007-01-31,FIL-006855
filiacoes,senado:3741:PFL:2003-02-01:2005-06-15,FIL-006856
filiacoes,senado:3777:PL:2022-04-01:,FIL-006857
filiacoes,senado:3777:MDB:2019-01-30:2022-03-31,FIL-006858
filiacoes,senado:3777:SOLIDARIEDADE:2013-10-05:2019-01-29,FIL-006859
filiacoes,senado:3777:PSDB:2003-02-01:2013-10-04,FIL-006860
filiacoes,senado:3806:PODE:2023-05-31:,FIL-006861
filiacoes,senado:3806:PL:2022-03-08:2023-05-30,FIL-006862
filiacoes,senado:3806:PSC:2003-09-10:2022-03-07,FIL-006863
filiacoes,senado:3806:PDT:2003-02-01:2003-09-09,FIL-006864
filiacoes,senado:3811:REPUBLICANOS:2022-03-18:,FIL-006865
filiacoes,senado:3811:PTB:2011-02-01:2022-03-18,FIL-006866
filiacoes,senado:3811:MDB:2003-02-01:2011-01-31,FIL-006867
filiacoes,senado:3823:PP:2003-06-02:,FIL-006868
filiacoes,senado:3823:PPB:2003-04-08:2003-06-01,FIL-006869
filiacoes,senado:3823:PTB:2003-02-01:2003-04-07,FIL-006870
filiacoes,senado:3830:UNIÃO:2022-04-12:,FIL-006871
filiacoes,senado:3830:DEM:2007-04-24:2022-04-11,FIL-006872
filiacoes,senado:3830:AVANTE:2005-02-15:2007-04-23,FIL-006873
filiacoes,senado:3830:PDT:2003-02-01:2005-02-14,FIL-006874
filiacoes,senado:3868:PSB:2003-02-01:,FIL-006875
filiacoes,senado:3881:DEM:2007-04-24:,FIL-006876
filiacoes,senado:3881:PFL:2003-02-01:2007-04-23,FIL-006877
filiacoes,senado:4516:PTB:2006-05-03:,FIL-006878
filiacoes,senado:4522:MDB:2006-08-01:,FIL-006879
filiacoes,senado:4525:PTB:2022-04-04:,FIL-006880
filiacoes,senado:4525:PROS:2019-02-01:2022-04-01,FIL-006881
filiacoes,senado:4525:PTC:2016-03-28:2019-01-31,FIL-006882
filiacoes,senado:4525:PTB:2007-02-06:2016-03-27,FIL-006883
filiacoes,senado:4525:PRTB:2007-02-01:2007-02-05,FIL-006884
filiacoes,senado:4527:PL:2007-02-01:,FIL-006885
filiacoes,senado:4529:PSDB:2007-02-01:,FIL-006886
filiacoes,senado:4531:UNIÃO:2022-04-12:,FIL-006887
filiacoes,senado:4531:DEM:2007-08-02:2022-04-11,FIL-006888
filiacoes,senado:4531:AVANTE:2007-02-01:2007-08-01,FIL-006889
filiacoes,senado:4533:MDB:2007-02-01:,FIL-006890
filiacoes,senado:4535:PSDB:2007-02-01:,FIL-006891
filiacoes,senado:4537:PDT:2007-01-01:,FIL-006892
filiacoes,senado:4539:PSDB:2007-02-01:,FIL-006893
filiacoes,senado:4541:PTB:2007-02-01:,FIL-006894
filiacoes,senado:4543:DEM:2007-08-02:,FIL-006895
filiacoes,senado:4543:PFL:2007-02-01:2007-08-01,FIL-006896
filiacoes,senado:4545:MDB:2018-05-21:,FIL-006897
filiacoes,senado:4545:MDB:2007-02-01:2018-05-20,FIL-006898
filiacoes,senado:4547:PSOL:2007-01-03:,FIL-006899
filiacoes,senado:4549:MDB:2007-01-03:,FIL-006900
filiacoes,senado:4558:PP:2007-02-01:,FIL-006901
filiacoes,senado:4560:PSD:2011-11-01:,FIL-006902
filiacoes,senado:4560:PMN:2007-02-01:2011-10-31,FIL-006903
filiacoes,senado:4575:PSB:2007-02-01:,FIL-006904
filiacoes,senado:4593:PSB:2007-02-01:,FIL-006905
filiacoes,senado:4605:PSB:2021-06-22:,FIL-006906
filiacoes,senado:4605:PCDOB:2007-02-01:2021-06-21,FIL-006907
filiacoes,senado:4606:PSDB:2007-02-01:,FIL-006908
filiacoes,senado:4610:PSD:2011-10-26:,FIL-006909
filiacoes,senado:4610:CIDADANIA:2007-02-01:2011-10-25,FIL-006910
filiacoes,senado:4639:PT:2007-02-01:,FIL-006911
filiacoes,senado:4642:PL:2026-03-30:,FIL-006912
filiacoes,senado:4642:UNIÃO:2022-02-23:2026-03-29,FIL-006913
filiacoes,senado:4642:DEM:2007-08-03:2022-02-23,FIL-006914
filiacoes,senado:4642:PFL:2007-02-01:2007-04-23,FIL-006915
filiacoes,senado:4645:MDB:2007-02-01:,FIL-006916
filiacoes,senado:4694:PL:2021-11-30:,FIL-006917
filiacoes,senado:4694:PSDB:2011-02-08:2021-11-29,FIL-006918
filiacoes,senado:4694:PSDB:2009-05-14:2011-01-31,FIL-006919
filiacoes,senado:4694:PSB:2007-02-01:2009-05-13,FIL-006920
filiacoes,senado:4697:PDT:2017-04-17:,FIL-006921
filiacoes,senado:4697:PT:2007-03-15:2017-04-14,FIL-006922
filiacoes,senado:4697:PTC:2007-02-01:2007-03-14,FIL-006923
filiacoes,senado:4721:PSDB:2017-02-01:,FIL-006924
filiacoes,senado:4721:PSC:2007-02-01:2017-01-31,FIL-006925
filiacoes,senado:4763:PL:2014-12-30:,FIL-006926
filiacoes,senado:4763:SOLIDARIEDADE:2013-10-01:2014-12-29,FIL-006927
filiacoes,senado:4763:PL:2011-01-27:2013-09-30,FIL-006928
filiacoes,senado:4763:PSDB:2007-02-01:2011-01-25,FIL-006929
filiacoes,senado:4767:REPUBLICANOS:2009-10-09:,FIL-006930
filiacoes,senado:4767:PSB:2007-02-07:2009-10-08,FIL-006931
filiacoes,senado:4768:AVANTE:2017-09-25:,FIL-006932
filiacoes,senado:4768:PTDOB:2015-12-08:2017-09-24,FIL-006933
filiacoes,senado:4768:PSC:2013-10-08:2015-12-07,FIL-006934
filiacoes,senado:4768:PTB:2009-11-04:2013-10-07,FIL-006935
filiacoes,senado:4768:PMN:2007-02-13:2009-11-03,FIL-006936
filiacoes,senado:4770:PL:2024-03-27:,FIL-006937
filiacoes,senado:4770:PSDB:2012-10-16:2024-03-26,FIL-006938
filiacoes,senado:4770:PL:2011-02-01:2012-10-15,FIL-006939
filiacoes,senado:4770:PSDB:2008-04-29:2011-01-31,FIL-006940
filiacoes,senado:4770:DEM:2007-04-24:2008-04-28,FIL-006941
filiacoes,senado:4770:PFL:2007-03-01:2007-04-23,FIL-006942
filiacoes,senado:4772:PSDB:2007-04-03:,FIL-006943
filiacoes,senado:4774:PT:2007-04-03:,FIL-006944
filiacoes,senado:4776:PTB:2007-07-17:,FIL-006945
filiacoes,senado:4780:REPUBLICANOS:2007-10-09:,FIL-006946
filiacoes,senado:4780:PTB:2007-08-27:2007-10-08,FIL-006947
filiacoes,senado:4786:DEM:2021-07-15:,FIL-006948
filiacoes,senado:4786:PSC:2008-03-26:2021-07-01,FIL-006949
filiacoes,senado:4788:PSL:2015-01-01:,FIL-006950
filiacoes,senado:4788:PSD:2012-10-03:2014-12-31,FIL-006951
filiacoes,senado:4788:DEM:2008-07-03:2012-10-02,FIL-006952
filiacoes,senado:4792:PDT:2008-06-03:,FIL-006953
filiacoes,senado:4811:PP:2018-04-10:,FIL-006954
filiacoes,senado:4811:SOLIDARIEDADE:2013-10-02:2018-04-09,FIL-006955
filiacoes,senado:4811:PL:2011-02-01:2013-10-01,FIL-006956
filiacoes,senado:4811:PSDB:2008-08-12:2011-01-31,FIL-006957
filiacoes,senado:4815:PTB:2008-09-15:,FIL-006958
filiacoes,senado:4837:PT:2010-12-21:,FIL-006959
filiacoes,senado:4847:MDB:2011-02-03:,FIL-006960
filiacoes,senado:4869:PT:2011-01-03:,FIL-006961
filiacoes,senado:4873:DEM:2011-02-03:,FIL-006962
filiacoes,senado:4877:PSDB:2010-12-17:,FIL-006963
filiacoes,senado:4885:DEM:2010-05-05:,FIL-006964
filiacoes,senado:4891:PL:2011-06-28:,FIL-006965
filiacoes,senado:4893:PSDB:2013-01-29:,FIL-006966
filiacoes,senado:4895:MDB:2012-03-19:,FIL-006967
filiacoes,senado:4895:PL:2011-01-12:2012-02-10,FIL-006968
filiacoes,senado:4897:PSDB:2014-07-16:,FIL-006969
filiacoes,senado:4927:PP:2014-12-17:,FIL-006970
filiacoes,senado:4935:MDB:2011-01-05:,FIL-006971
filiacoes,senado:4937:MDB:2011-12-08:,FIL-006972
filiacoes,senado:4949:MDB:2011-02-03:,FIL-006973
filiacoes,senado:4951:MDB:2011-02-03:,FIL-006974
filiacoes,senado:4957:PTB:2012-12-12:,FIL-006975
filiacoes,senado:4961:PSDB:2010-07-13:,FIL-006976
filiacoes,senado:4969:PSB:2011-02-03:,FIL-006977
filiacoes,senado:4979:PSD:2024-07-16:,FIL-006978
filiacoes,senado:4979:PTB:2009-10-15:2023-11-09,FIL-006979
filiacoes,senado:4981:PDT:2009-11-05:,FIL-006980
filiacoes,senado:4983:PDT:2012-07-03:,FIL-006981
filiacoes,senado:4988:PP:2011-01-27:,FIL-006982
filiacoes,senado:4990:PT:2011-01-31:,FIL-006983
filiacoes,senado:4994:MDB:2011-01-28:,FIL-006984
filiacoes,senado:4998:PSOL:2011-01-31:,FIL-006985
filiacoes,senado:5000:MDB:2015-09-25:,FIL-006986
filiacoes,senado:5000:PT:2011-01-27:2015-05-05,FIL-006987
filiacoes,senado:5002:MDB:2011-01-27:,FIL-006988
filiacoes,senado:5004:PP:2011-01-28:,FIL-006989
filiacoes,senado:5006:PT:2011-01-27:,FIL-006990
filiacoes,senado:5008:PT:2011-01-27:,FIL-006991
filiacoes,senado:5010:PDT:2011-01-27:,FIL-006992
filiacoes,senado:5012:PT:2024-07-18:,FIL-006993
filiacoes,senado:5012:REDE:2015-09-29:2024-01-23,FIL-006994
filiacoes,senado:5012:PSOL:2011-01-28:2015-09-28,FIL-006995
filiacoes,senado:5016:PT:2011-01-31:,FIL-006996
filiacoes,senado:5018:PRTB:2017-12-18:,FIL-006997
filiacoes,senado:5018:MDB:2010-02-03:2017-12-17,FIL-006998
filiacoes,senado:5020:PV:2011-02-03:,FIL-006999
filiacoes,senado:5022:PL:2011-02-03:,FIL-007000
filiacoes,senado:5024:PSB:2011-02-03:,FIL-007001
filiacoes,senado:5026:DEM:2011-02-03:,FIL-007002
filiacoes,senado:5028:PSC:2011-02-03:,FIL-007003
filiacoes,senado:5030:PP:2018-07-18:,FIL-007004
filiacoes,senado:5030:PSDB:2011-02-03:2018-07-17,FIL-007005
filiacoes,senado:5032:PP:2011-02-03:,FIL-007006
filiacoes,senado:5034:MDB:2011-02-03:,FIL-007007
filiacoes,senado:5036:MDB:2011-02-03:,FIL-007008
filiacoes,senado:5038:MDB:2011-02-03:,FIL-007009
filiacoes,senado:5040:MDB:2011-02-03:,FIL-007010
filiacoes,senado:5042:PCDOB:2011-02-03:,FIL-007011
filiacoes,senado:5044:PSOL:2011-02-03:,FIL-007012
filiacoes,senado:5046:PSOL:2011-02-03:,FIL-007013
filiacoes,senado:5048:MDB:2018-05-21:,FIL-007014
filiacoes,senado:5048:MDB:2011-02-03:2018-05-20,FIL-007015
filiacoes,senado:5050:PT:2011-02-03:,FIL-007016
filiacoes,senado:5052:PP:2011-02-03:,FIL-007017
filiacoes,senado:5054:MDB:2011-02-03:,FIL-007018
filiacoes,senado:5056:REPUBLICANOS:2011-02-03:,FIL-007019
filiacoes,senado:5058:MDB:2011-02-03:,FIL-007020
filiacoes,senado:5060:PDT:2011-02-03:,FIL-007021
filiacoes,senado:5064:PT:2011-02-03:,FIL-007022
filiacoes,senado:5066:PT:2011-02-03:,FIL-007023
filiacoes,senado:5068:REPUBLICANOS:2011-02-03:,FIL-007024
filiacoes,senado:5070:PL:2022-03-28:,FIL-007025
filiacoes,senado:5070:PSC:2020-09-14:2022-03-27,FIL-007026
filiacoes,senado:5070:PROS:2019-08-17:2020-09-13,FIL-007027
filiacoes,senado:5070:DEM:2018-04-05:2019-08-16,FIL-007028
filiacoes,senado:5070:PP:2015-09-15:2018-04-04,FIL-007029
filiacoes,senado:5070:DEM:2011-02-03:2015-09-14,FIL-007030
filiacoes,senado:5072:PP:2011-02-03:,FIL-007031
filiacoes,senado:5074:MDB:2011-02-03:,FIL-007032
filiacoes,senado:5076:PTB:2011-02-03:,FIL-007033
filiacoes,senado:5078:PT:2011-02-03:,FIL-007034
filiacoes,senado:5080:PT:2011-02-03:,FIL-007035
filiacoes,senado:5082:PT:2011-02-03:,FIL-007036
filiacoes,senado:5084:PT:2011-02-03:,FIL-007037
filiacoes,senado:5086:REPUBLICANOS:2011-02-03:,FIL-007038
filiacoes,senado:5088:PT:2011-02-03:,FIL-007039
filiacoes,senado:5090:PSDB:2011-02-03:,FIL-007040
filiacoes,senado:5092:PCDOB:2011-02-03:,FIL-007041
filiacoes,senado:5094:PP:2011-02-03:,FIL-007042
filiacoes,senado:5096:PDT:2011-02-03:,FIL-007043
filiacoes,senado:5098:REPUBLICANOS:2011-02-03:,FIL-007044
filiacoes,senado:5100:PROS:2017-10-10:,FIL-007045
filiacoes,senado:5100:MDB:2016-03-15:2017-10-09,FIL-007046
filiacoes,senado:5100:PMB:2015-12-10:2016-03-14,FIL-007047
filiacoes,senado:5100:PSD:2015-01-01:2015-12-08,FIL-007048
filiacoes,senado:5100:PT:2011-02-03:2014-12-31,FIL-007049
filiacoes,senado:5104:PCDOB:2011-02-03:,FIL-007050
filiacoes,senado:5106:PDT:2011-02-03:,FIL-007051
filiacoes,senado:5108:PL:2011-02-03:,FIL-007052
filiacoes,senado:5110:PL:2011-02-03:,FIL-007053
filiacoes,senado:5112:PODE:2017-08-22:,FIL-007054
filiacoes,senado:5112:PSD:2016-03-28:2017-08-21,FIL-007055
filiacoes,senado:5112:CIDADANIA:2011-02-03:2016-03-15,FIL-007056
filiacoes,senado:5114:PV:2011-02-03:,FIL-007057
filiacoes,senado:5116:REPUBLICANOS:2018-02-26:,FIL-007058
filiacoes,senado:5116:PSC:2011-02-03:2018-02-25,FIL-007059
filiacoes,senado:5118:PT:2011-02-03:,FIL-007060
filiacoes,senado:5120:PSB:2011-02-03:,FIL-007061
filiacoes,senado:5122:PL:2011-02-03:,FIL-007062
filiacoes,senado:5124:MDB:2011-02-03:,FIL-007063
filiacoes,senado:5126:PDT:2011-02-03:,FIL-007064
filiacoes,senado:5128:DEM:2011-02-03:,FIL-007065
filiacoes,senado:5130:PSDB:2011-02-03:,FIL-007066
filiacoes,senado:5132:PSDB:2011-02-03:,FIL-007067
filiacoes,senado:5134:DEM:2011-02-03:,FIL-007068
filiacoes,senado:5136:DEM:2011-02-03:,FIL-007069
filiacoes,senado:5138:MDB:2011-02-03:,FIL-007070
filiacoes,senado:5140:MDB:2011-02-03:,FIL-007071
filiacoes,senado:5142:DEM:2011-02-03:,FIL-007072
filiacoes,senado:5144:MDB:2017-02-01:,FIL-007073
filiacoes,senado:5144:PTB:2016-04-05:2017-01-31,FIL-007074
filiacoes,senado:5144:PDT:2011-07-11:2016-03-27,FIL-007075
filiacoes,senado:5144:PFL:1999-02-01:2007-08-01,FIL-007076
filiacoes,senado:5146:PTB:2011-02-03:,FIL-007077
filiacoes,senado:5148:DEM:2011-02-03:,FIL-007078
filiacoes,senado:5150:PODE:2026-05-15:,FIL-007079
filiacoes,senado:5150:PL:2011-02-03:2026-05-15,FIL-007080
filiacoes,senado:5152:PT:2011-02-03:,FIL-007081
filiacoes,senado:5154:CIDADANIA:2011-02-03:,FIL-007082
filiacoes,senado:5156:PL:2011-02-03:,FIL-007083
filiacoes,senado:5158:PDT:2014-07-24:,FIL-007084
filiacoes,senado:5160:PSOL:2011-02-03:,FIL-007085
filiacoes,senado:5162:PSOL:2011-02-03:,FIL-007086
filiacoes,senado:5164:PSDB:2014-12-13:,FIL-007087
filiacoes,senado:5164:PROS:2013-12-23:2014-12-12,FIL-007088
filiacoes,senado:5164:PSDB:2011-02-03:2013-12-22,FIL-007089
filiacoes,senado:5166:PPL:2012-10-17:,FIL-007090
filiacoes,senado:5166:PSDB:2011-02-03:2012-10-16,FIL-007091
filiacoes,senado:5168:PTB:2011-02-03:,FIL-007092
filiacoes,senado:5170:PSDB:2011-02-03:,FIL-007093
filiacoes,senado:5172:MDB:2011-02-03:,FIL-007094
filiacoes,senado:5174:PT:2011-02-03:,FIL-007095
filiacoes,senado:5176:PDT:2011-02-03:,FIL-007096
filiacoes,senado:5178:PTB:2011-02-03:,FIL-007097
filiacoes,senado:5180:PSB:2011-02-03:,FIL-007098
filiacoes,senado:5182:PT:2011-02-03:,FIL-007099
filiacoes,senado:5184:MDB:2011-02-03:,FIL-007100
filiacoes,senado:5186:PRTB:2011-02-03:,FIL-007101
filiacoes,senado:5190:PTB:2011-02-03:,FIL-007102
filiacoes,senado:5197:PSDB:2011-11-08:,FIL-007103
filiacoes,senado:5199:PSDB:2016-09-08:,FIL-007104
filiacoes,senado:5207:MDB:2011-02-01:,FIL-007105
filiacoes,senado:5236:UNIÃO:2022-03-30:2022-08-09,FIL-007106
filiacoes,senado:5236:PODE:2019-09-16:2022-03-29,FIL-007107
filiacoes,senado:5236:PDT:2011-02-01:2016-02-17,FIL-007108
filiacoes,senado:5257:PP:2011-02-01:,FIL-007109
filiacoes,senado:5281:MDB:2011-02-01:,FIL-007110
filiacoes,senado:5322:PL:2021-04-08:2026-09-09,FIL-007111
filiacoes,senado:5322:PODE:2017-07-04:2021-04-07,FIL-007112
filiacoes,senado:5322:PSB:2013-10-02:2017-07-03,FIL-007113
filiacoes,senado:5322:PSB:2011-02-01:2013-08-19,FIL-007114
filiacoes,senado:5350:PL:2012-11-08:,FIL-007115
filiacoes,senado:5350:PSDB:2011-02-01:2012-11-07,FIL-007116
filiacoes,senado:5352:PT:2011-02-01:,FIL-007117
filiacoes,senado:5376:PSD:2023-01-28:,FIL-007118
filiacoes,senado:5376:PSDB:2011-02-01:2023-01-27,FIL-007119
filiacoes,senado:5385:PSD:2011-10-26:,FIL-007120
filiacoes,senado:5385:DEM:2011-02-01:2011-10-25,FIL-007121
filiacoes,senado:5386:UNIÃO:2022-02-23:,FIL-007122
filiacoes,senado:5386:DEM:2011-02-01:2022-02-23,FIL-007123
filiacoes,senado:5411:PDT:2011-10-04:,FIL-007124
filiacoes,senado:5422:PL:2022-01-26:,FIL-007125
filiacoes,senado:5422:DEM:2016-03-17:2022-01-25,FIL-007126
filiacoes,senado:5422:PDT:2011-11-17:2016-03-16,FIL-007127
filiacoes,senado:5502:PSDB:2013-03-07:,FIL-007128
filiacoes,senado:5502:DEM:2013-03-06:2013-03-06,FIL-007129
filiacoes,senado:5523:PSD:2015-02-01:,FIL-007130
filiacoes,senado:5525:PSD:2015-02-01:,FIL-007131
filiacoes,senado:5527:MDB:2015-02-01:,FIL-007132
filiacoes,senado:5529:PSD:2020-02-12:,FIL-007133
filiacoes,senado:5529:PSDB:2015-02-01:2020-02-11,FIL-007134
filiacoes,senado:5531:PP:2020-09-30:,FIL-007135
filiacoes,senado:5531:PODE:2018-04-07:2020-09-29,FIL-007136
filiacoes,senado:5531:MDB:2017-01-31:2018-04-06,FIL-007137
filiacoes,senado:5531:PTB:2015-02-01:2017-01-30,FIL-007138
filiacoes,senado:5533:PODE:2019-02-05:,FIL-007139
filiacoes,senado:5533:PSD:2017-01-31:2019-02-04,FIL-007140
filiacoes,senado:5533:PDT:2015-02-01:2017-01-30,FIL-007141
filiacoes,senado:5535:PROS:2019-02-01:,FIL-007142
filiacoes,senado:5535:PTB:2017-02-01:2019-01-31,FIL-007143
filiacoes,senado:5535:PDT:2015-02-01:2017-01-26,FIL-007144
filiacoes,senado:5537:PSB:2022-04-11:,FIL-007145
filiacoes,senado:5537:MDB:2015-02-01:2022-04-10,FIL-007146
filiacoes,senado:5540:MDB:2017-09-13:,FIL-007147
filiacoes,senado:5540:PSB:2015-02-01:2017-09-04,FIL-007148
filiacoes,senado:5554:PSB:2015-01-08:,FIL-007149
filiacoes,senado:5557:PP:2015-09-11:,FIL-007150
filiacoes,senado:5557:PSDB:2015-02-01:2015-09-10,FIL-007151
filiacoes,senado:5559:PL:2023-01-02:,FIL-007152
filiacoes,senado:5559:PSC:2015-02-01:2023-01-01,FIL-007153
filiacoes,senado:5561:PROS:2019-04-03:,FIL-007154
filiacoes,senado:5561:PTB:2015-02-01:2019-04-02,FIL-007155
filiacoes,senado:5563:PTB:2015-02-01:,FIL-007156
filiacoes,senado:5565:PL:2015-02-01:,FIL-007157
filiacoes,senado:5567:PSD:2015-02-01:,FIL-007158
filiacoes,senado:5569:UNIÃO:2022-10-03:,FIL-007159
filiacoes,senado:5569:DEM:2015-02-01:2022-10-02,FIL-007160
filiacoes,senado:5571:DEM:2015-02-01:,FIL-007161
filiacoes,senado:5573:PDT:2015-02-01:,FIL-007162
filiacoes,senado:5575:PT:2015-02-01:,FIL-007163
filiacoes,senado:5577:PSDB:2015-02-01:,FIL-007164
filiacoes,senado:5579:PDT:2015-02-01:,FIL-007165
filiacoes,senado:5581:SOLIDARIEDADE:2015-02-01:,FIL-007166
filiacoes,senado:5583:PSDB:2015-02-01:,FIL-007167
filiacoes,senado:5585:PSC:2022-03-29:,FIL-007168
filiacoes,senado:5585:MDB:2015-02-01:2022-03-28,FIL-007169
filiacoes,senado:5587:MDB:2015-02-01:,FIL-007170
filiacoes,senado:5589:CIDADANIA:2015-02-01:,FIL-007171
filiacoes,senado:5591:PCB:2015-02-01:,FIL-007172
filiacoes,senado:5593:MDB:2015-02-01:,FIL-007173
filiacoes,senado:5595:PSB:2015-02-01:,FIL-007174
filiacoes,senado:5599:PDT:2015-02-01:,FIL-007175
filiacoes,senado:5601:MDB:2015-02-01:,FIL-007176
filiacoes,senado:5603:PV:2015-02-01:,FIL-007177
filiacoes,senado:5605:PSB:2015-02-01:,FIL-007178
filiacoes,senado:5607:PTB:2015-02-01:,FIL-007179
filiacoes,senado:5609:PSD:2015-02-01:,FIL-007180
filiacoes,senado:5611:PSB:2015-02-01:,FIL-007181
filiacoes,senado:5613:PCB:2015-02-01:,FIL-007182
filiacoes,senado:5615:PDT:2015-02-01:,FIL-007183
filiacoes,senado:5617:PDT:2015-02-01:,FIL-007184
filiacoes,senado:5619:PTB:2017-01-31:,FIL-007185
filiacoes,senado:5619:PDT:2015-02-01:2017-01-26,FIL-007186
filiacoes,senado:5621:PV:2015-02-01:,FIL-007187
filiacoes,senado:5623:PDT:2015-02-01:,FIL-007188
filiacoes,senado:5625:PEN:2015-02-01:,FIL-007189
filiacoes,senado:5627:PT:2015-02-01:,FIL-007190
filiacoes,senado:5629:PCDOB:2023-01-26:,FIL-007191
filiacoes,senado:5629:PT:2015-02-01:2023-01-25,FIL-007192
filiacoes,senado:5631:PSD:2015-02-01:,FIL-007193
filiacoes,senado:5633:REPUBLICANOS:2015-02-01:,FIL-007194
filiacoes,senado:5635:DEM:2015-11-11:,FIL-007195
filiacoes,senado:5635:PTB:2015-02-01:2015-11-10,FIL-007196
filiacoes,senado:5637:PT:2015-02-01:,FIL-007197
filiacoes,senado:5639:PP:2022-08-31:,FIL-007198
filiacoes,senado:5639:AVANTE:2022-03-31:2022-08-30,FIL-007199
filiacoes,senado:5639:PSL:2018-12-13:2022-03-30,FIL-007200
filiacoes,senado:5639:DC:2018-05-18:2018-12-12,FIL-007201
filiacoes,senado:5639:AVANTE:2018-02-01:2018-05-17,FIL-007202
filiacoes,senado:5639:PSD:2015-02-01:2018-01-01,FIL-007203
filiacoes,senado:5666:PSL:2018-04-04:2021-03-19,FIL-007204
filiacoes,senado:5666:SOLIDARIEDADE:2016-03-16:2018-04-03,FIL-007205
filiacoes,senado:5666:PMB:2015-11-25:2016-02-29,FIL-007206
filiacoes,senado:5666:PDT:2015-02-01:2015-11-24,FIL-007207
filiacoes,senado:5672:REPUBLICANOS:2025-11-12:,FIL-007208
filiacoes,senado:5672:UNIÃO:2022-02-24:2025-11-10,FIL-007209
filiacoes,senado:5672:DEM:2017-08-01:2022-02-23,FIL-007210
filiacoes,senado:5672:REPUBLICANOS:2015-02-01:2017-07-31,FIL-007211
filiacoes,senado:5718:PSD:2023-01-31:,FIL-007212
filiacoes,senado:5718:CIDADANIA:2016-04-04:2023-01-30,FIL-007213
filiacoes,senado:5718:REDE:2015-10-05:2016-04-03,FIL-007214
filiacoes,senado:5718:CIDADANIA:2015-02-01:2015-10-04,FIL-007215
filiacoes,senado:5732:PSB:2026-04-01:,FIL-007216
filiacoes,senado:5732:PSD:2021-10-27:2026-03-31,FIL-007217
filiacoes,senado:5732:DEM:2018-03-26:2021-10-27,FIL-007218
filiacoes,senado:5732:MDB:2015-02-01:2018-03-25,FIL-007219
filiacoes,senado:5736:PP:2022-03-31:,FIL-007220
filiacoes,senado:5736:UNIÃO:2022-02-23:2022-03-31,FIL-007221
filiacoes,senado:5736:DEM:2018-02-06:2022-02-23,FIL-007222
filiacoes,senado:5736:PSB:2015-02-01:2017-11-19,FIL-007223
filiacoes,senado:5740:UNIÃO:2022-04-06:,FIL-007224
filiacoes,senado:5740:DEM:2018-02-06:2022-04-05,FIL-007225
filiacoes,senado:5740:PSB:2015-02-01:2017-11-07,FIL-007226
filiacoes,senado:5748:MDB:2021-01-12:,FIL-007227
filiacoes,senado:5748:PSB:2018-04-16:2021-01-11,FIL-007228
filiacoes,senado:5748:MDB:2015-02-01:2018-04-15,FIL-007229
filiacoes,senado:5783:PSD:2022-12-20:,FIL-007230
filiacoes,senado:5783:PROS:2019-02-01:2022-12-19,FIL-007231
filiacoes,senado:5783:PHS:2018-04-02:2019-01-31,FIL-007232
filiacoes,senado:5783:PL:2015-02-01:2018-04-01,FIL-007233
filiacoes,senado:5793:PP:2016-03-18:,FIL-007234
filiacoes,senado:5793:PMB:2015-11-26:2016-03-08,FIL-007235
filiacoes,senado:5793:PMN:2015-02-01:2015-11-25,FIL-007236
filiacoes,senado:5837:PCDOB:2015-02-04:,FIL-007237
filiacoes,senado:5849:PODE:2018-04-08:,FIL-007238
filiacoes,senado:5849:PROS:2015-02-01:2018-04-07,FIL-007239
filiacoes,senado:5849:PRTB:2011-02-03:2015-01-31,FIL-007240
filiacoes,senado:5892:UNIÃO:2022-07-06:,FIL-007241
filiacoes,senado:5892:DEM:2018-10-07:2022-07-05,FIL-007242
filiacoes,senado:5894:PL:2021-11-30:,FIL-007243
filiacoes,senado:5894:PATRIOTA:2021-05-31:2021-11-29,FIL-007244
filiacoes,senado:5894:PSL:2019-01-01:2019-11-19,FIL-007245
filiacoes,senado:5895:PSB:2023-01-19:,FIL-007246
filiacoes,senado:5895:PODE:2021-04-15:2023-01-18,FIL-007247
filiacoes,senado:5895:CIDADANIA:2019-09-17:2021-04-14,FIL-007248
filiacoes,senado:5895:PATRIOTA:2019-08-09:2019-09-16,FIL-007249
filiacoes,senado:5895:PSB:2019-01-01:2019-08-08,FIL-007250
filiacoes,senado:5898:PP:2021-07-28:,FIL-007251
filiacoes,senado:5899:PSD:2020-03-04:,FIL-007252
filiacoes,senado:5899:PP:2019-01-01:2020-03-03,FIL-007253
filiacoes,senado:5902:SOLIDARIEDADE:2026-04-01:,FIL-007254
filiacoes,senado:5902:UNIÃO:2022-05-31:2026-04-01,FIL-007255
filiacoes,senado:5905:PODE:2023-06-14:,FIL-007256
filiacoes,senado:5905:UNIÃO:2022-04-12:2023-06-13,FIL-007257
filiacoes,senado:5905:PSDB:2019-01-01:2022-04-11,FIL-007258
filiacoes,senado:5906:PSDB:2026-03-31:,FIL-007259
filiacoes,senado:5906:PL:2024-12-29:2026-03-30,FIL-007260
filiacoes,senado:5906:PSB:2022-05-24:2024-12-28,FIL-007261
filiacoes,senado:5908:PSD:2022-07-06:,FIL-007262
filiacoes,senado:5913:MDB:2022-06-01:,FIL-007263
filiacoes,senado:5917:PSD:2026-04-02:,FIL-007264
filiacoes,senado:5917:MDB:2018-10-07:2026-04-01,FIL-007265
filiacoes,senado:5924:PSDB:2025-02-01:,FIL-007266
filiacoes,senado:5924:PODE:2019-01-01:2025-01-31,FIL-007267
filiacoes,senado:5926:PSD:2019-01-01:,FIL-007268
filiacoes,senado:5927:PSD:2019-12-17:,FIL-007269
filiacoes,senado:5929:PODE:2019-09-17:,FIL-007270
filiacoes,senado:5929:PSL:2019-01-01:2019-09-16,FIL-007271
filiacoes,senado:5936:PL:2020-12-28:,FIL-007272
filiacoes,senado:5936:PSD:2020-11-02:2020-12-27,FIL-007273
filiacoes,senado:5942:AVANTE:2026-03-31:,FIL-007274
filiacoes,senado:5942:PODE:2023-09-22:2026-03-30,FIL-007275
filiacoes,senado:5942:PSDB:2023-09-21:2023-09-21,FIL-007276
filiacoes,senado:5942:PODE:2019-08-13:2023-09-20,FIL-007277
filiacoes,senado:5942:CIDADANIA:2019-01-01:2019-08-01,FIL-007278
filiacoes,senado:5953:PT:2021-12-14:,FIL-007279
filiacoes,senado:5953:REDE:2019-01-01:2021-12-13,FIL-007280
filiacoes,senado:5959:PODE:2026-03-31:,FIL-007281
filiacoes,senado:5959:PSDB:2025-02-01:2026-03-30,FIL-007282
filiacoes,senado:5959:PODE:2019-02-02:2025-01-31,FIL-007283
filiacoes,senado:5959:REDE:2019-01-01:2019-02-01,FIL-007284
filiacoes,senado:5967:REPUBLICANOS:2026-03-17:,FIL-007285
filiacoes,senado:5967:PSD:2019-01-01:2026-03-16,FIL-007286
filiacoes,senado:5971:PDT:2019-12-11:,FIL-007287
filiacoes,senado:5972:PDT:2022-09-08:,FIL-007288
filiacoes,senado:5973:PSB:2024-02-05:,FIL-007289
filiacoes,senado:5973:PDT:2019-01-01:2024-02-04,FIL-007290
filiacoes,senado:5974:PSDB:2026-08-10:,FIL-007291
filiacoes,senado:5976:NOVO:2023-02-07:,FIL-007292
filiacoes,senado:5976:PODE:2019-02-02:2023-02-06,FIL-007293
filiacoes,senado:5976:PROS:2019-01-01:2019-02-01,FIL-007294
filiacoes,senado:5979:PDT:2022-03-30:,FIL-007295
filiacoes,senado:5979:CIDADANIA:2021-08-12:2022-03-29,FIL-007296
filiacoes,senado:5979:PSB:2018-12-31:2021-08-04,FIL-007297
filiacoes,senado:5982:MDB:2023-06-21:,FIL-007298
filiacoes,senado:5982:PSDB:2022-03-21:2023-06-20,FIL-007299
filiacoes,senado:5982:CIDADANIA:2019-01-01:2022-03-20,FIL-007300
filiacoes,senado:5985:PSD:2019-01-01:,FIL-007301
filiacoes,senado:5986:PL:2023-02-01:,FIL-007302
filiacoes,senado:5988:PSB:2026-04-03:,FIL-007303
filiacoes,senado:5988:PODE:2023-06-30:2026-04-02,FIL-007304
filiacoes,senado:5988:UNIÃO:2022-04-12:2023-06-29,FIL-007305
filiacoes,senado:5988:PSL:2019-01-01:2022-04-11,FIL-007306
filiacoes,senado:5990:PSD:2026-04-01:,FIL-007307
filiacoes,senado:5990:PODE:2023-02-01:2026-03-31,FIL-007308
filiacoes,senado:5990:PL:2022-04-01:2023-01-31,FIL-007309
filiacoes,senado:5990:MDB:2021-12-20:2022-03-31,FIL-007310
filiacoes,senado:5990:PSD:2019-01-01:2021-12-19,FIL-007311
filiacoes,senado:5991:PP:2024-07-17:,FIL-007312
filiacoes,senado:5996:PP:2020-09-23:,FIL-007313
filiacoes,senado:5997:PP:2019-01-01:,FIL-007314
filiacoes,senado:5998:PP:2025-04-23:,FIL-007315
filiacoes,senado:5998:PSD:2022-04-28:2025-04-02,FIL-007316
filiacoes,senado:5998:PP:2019-01-01:2022-04-27,FIL-007317
filiacoes,senado:6005:DEM:2019-01-01:,FIL-007318
filiacoes,senado:6006:UNIÃO:2022-07-18:,FIL-007319
filiacoes,senado:6008:PODE:2026-03-10:,FIL-007320
filiacoes,senado:6008:MDB:2021-08-16:2025-12-15,FIL-007321
filiacoes,senado:6008:PSL:2021-03-26:2021-08-16,FIL-007322
filiacoes,senado:6009:PL:2022-03-27:,FIL-007323
filiacoes,senado:6010:MDB:1980-09-24:,FIL-007324
filiacoes,senado:6011:PL:2024-08-06:,FIL-007325
filiacoes,senado:6015:PP:2024-04-10:,FIL-007326
filiacoes,senado:6018:PT:2023-02-03:,FIL-007327
filiacoes,senado:6019:MDB:2021-09-28:,FIL-007328
filiacoes,senado:6021:PSD:2022-12-22:,FIL-007329
filiacoes,senado:6021:PL:2022-07-07:2022-12-21,FIL-007330
filiacoes,senado:6025:REPUBLICANOS:2026-03-11:,FIL-007331
filiacoes,senado:6027:REPUBLICANOS:2019-01-01:,FIL-007332
filiacoes,senado:6112:REPUBLICANOS:2022-03-29:,FIL-007333
filiacoes,senado:6112:PSB:2019-02-01:2022-03-29,FIL-007334
filiacoes,senado:6295:PSD:2020-04-10:,FIL-007335
filiacoes,senado:6304:PP:2025-08-21:,FIL-007336
filiacoes,senado:6304:PSD:2023-01-05:2025-08-17,FIL-007337
filiacoes,senado:6304:PP:2022-06-07:2023-01-04,FIL-007338
filiacoes,senado:6305:PSD:2025-10-01:,FIL-007339
filiacoes,senado:6331:PL:2026-03-24:,FIL-007340
filiacoes,senado:6331:UNIÃO:2022-10-02:2026-03-23,FIL-007341
filiacoes,senado:6332:PL:2022-10-02:,FIL-007342
filiacoes,senado:6333:PP:2022-10-02:,FIL-007343
filiacoes,senado:6334:PT:2022-10-02:,FIL-007344
filiacoes,senado:6335:REPUBLICANOS:2022-10-02:,FIL-007345
filiacoes,senado:6336:PT:2022-10-02:,FIL-007346
filiacoes,senado:6337:REPUBLICANOS:2023-01-31:,FIL-007347
filiacoes,senado:6337:PSC:2022-10-02:2023-01-30,FIL-007348
filiacoes,senado:6338:PT:2022-10-02:,FIL-007349
filiacoes,senado:6340:PL:2022-10-02:,FIL-007350
filiacoes,senado:6341:REPUBLICANOS:2022-10-02:,FIL-007351
filiacoes,senado:6342:PL:2022-10-02:,FIL-007352
filiacoes,senado:6343:UNIÃO:2022-10-02:,FIL-007353
filiacoes,senado:6344:UNIÃO:2022-10-02:,FIL-007354
filiacoes,senado:6345:MDB:2022-10-02:,FIL-007355
filiacoes,senado:6346:PV:2022-10-02:,FIL-007356
filiacoes,senado:6347:UNIÃO:2022-10-02:,FIL-007357
filiacoes,senado:6348:PT:2022-10-02:,FIL-007358
filiacoes,senado:6349:PSD:2022-10-02:,FIL-007359
filiacoes,senado:6350:PT:2022-10-02:,FIL-007360
filiacoes,senado:6351:PT:2022-10-02:,FIL-007361
filiacoes,senado:6352:UNIÃO:2022-10-02:,FIL-007362
filiacoes,senado:6353:REPUBLICANOS:2022-10-02:,FIL-007363
filiacoes,senado:6354:PL:2022-10-02:,FIL-007364
filiacoes,senado:6355:PTB:2022-10-02:,FIL-007365
filiacoes,senado:6356:PL:2022-10-02:,FIL-007366
filiacoes,senado:6357:PL:2022-10-02:,FIL-007367
filiacoes,senado:6358:PSB:2026-03-04:,FIL-007368
filiacoes,senado:6358:PDT:2024-04-24:2026-03-03,FIL-007369
filiacoes,senado:6358:PSB:2023-02-02:2024-04-23,FIL-007370
filiacoes,senado:6359:PSB:2026-08-05:,FIL-007371
filiacoes,senado:6362:UNIÃO:2023-07-05:,FIL-007372
filiacoes,senado:6363:PL:2024-06-12:,FIL-007373
filiacoes,senado:6366:UNIÃO:2024-06-20:,FIL-007374
filiacoes,senado:6369:PSD:2023-02-02:,FIL-007375
filiacoes,senado:6372:PL:2025-12-16:,FIL-007376
filiacoes,senado:6374:PL:2024-06-19:,FIL-007377
filiacoes,senado:6381:PL:2026-05-05:,FIL-007378
fontes,raw:data/raw/camara/2026-09-24/legislaturas.jsonl,FNT-000001
fontes,raw:data/raw/camara/2026-09-24/deputados_por_legislatura.jsonl,FNT-000002
fontes,raw:data/raw/camara/2026-09-24/historicos.jsonl,FNT-000003
fontes,raw:data/raw/camara/2026-09-24/partidos.jsonl,FNT-000004
fontes,raw:data/raw/senado/2026-09-24/senadores_por_legislatura.jsonl,FNT-000005
fontes,raw:data/raw/senado/2026-09-24/filiacoes.jsonl,FNT-000006
fontes,raw:data/raw/tse_partidos/2026-09-24/tabelas_partidos_registrados.json,FNT-000007
fontes,raw:data/raw/vdem/2026-09-24/vdem_v16.RData,FNT-000008
fontes,raw:data/raw/freedom_house/2026-09-24/Country_and_Territory_Ratings_and_Statuses_FIW_1973-2024.xlsx,FNT-000009
fontes,raw:data/raw/freedom_house/2026-09-24/All_data_FIW_2013-2024.xlsx,FNT-000010
instituicoes,casa:camara,INS-000001
instituicoes,casa:senado,INS-000002
instituicoes,partido:PFL,INS-000003
instituicoes,partido:DEM,INS-000004
instituicoes,partido:PSB,INS-000005
instituicoes,partido:PRB,INS-000006
instituicoes,partido:PT,INS-000007
instituicoes,partido:PMN,INS-000008
instituicoes,partido:PTB,INS-000009
instituicoes,partido:PSC,INS-000010
instituicoes,partido:PTDOB,INS-000011
instituicoes,partido:AVANTE,INS-000012
instituicoes,partido:PSDB,INS-000013
instituicoes,partido:PR,INS-000014
instituicoes,partido:PMDB,INS-000015
instituicoes,partido:UNIÃO,INS-000016
instituicoes,partido:PP,INS-000017
instituicoes,partido:PPS,INS-000018
instituicoes,partido:MDB,INS-000019
instituicoes,partido:PDT,INS-000020
instituicoes,partido:SDD,INS-000021
instituicoes,partido:SD,INS-000022
instituicoes,partido:PTN,INS-000023
instituicoes,partido:PODE,INS-000024
instituicoes,partido:PV,INS-000025
instituicoes,partido:PPB,INS-000026
instituicoes,partido:PCDOB,INS-000027
instituicoes,partido:REPUBLICANOS,INS-000028
instituicoes,partido:PL,INS-000029
instituicoes,partido:CIDADANIA,INS-000030
instituicoes,partido:PSOL,INS-000031
instituicoes,partido:PROS,INS-000032
instituicoes,partido:PEN,INS-000033
instituicoes,partido:PST,INS-000034
instituicoes,partido:SOLIDARIEDADE,INS-000035
instituicoes,partido:PSD,INS-000036
instituicoes,partido:PHS,INS-000037
instituicoes,partido:PTC,INS-000038
instituicoes,partido:DC,INS-000039
instituicoes,partido:PSL,INS-000040
instituicoes,partido:PMR,INS-000041
instituicoes,partido:PSDC,INS-000042
instituicoes,partido:PRP,INS-000043
instituicoes,partido:PRONA,INS-000044
instituicoes,partido:PAN,INS-000045
instituicoes,partido:PMB,INS-000046
instituicoes,partido:REDE,INS-000047
instituicoes,partido:PATRI,INS-000048
instituicoes,partido:PRTB,INS-000049
instituicoes,partido:NOVO,INS-000050
instituicoes,partido:PATRIOTA,INS-000051
instituicoes,partido:PRD,INS-000052
instituicoes,partido:PPL,INS-000053
instituicoes,partido:MISSÃO,INS-000054
instituicoes,partido:PCB,INS-000055
instituicoes,orgao:TSE,INS-000056
instituicoes,partido_tse:PPR|ate:1995-11-16,INS-000057
instituicoes,partido_tse:PP|ate:1995-11-16,INS-000058
instituicoes,partido_tse:PPB|PP,INS-000059
instituicoes,partido_tse:PSN|PHS|ate:2019-09-19,INS-000060
instituicoes,partido_tse:PRN|PTC|AGIR,INS-000061
instituicoes,partido_tse:PTB|ate:2023-11-09,INS-000062
instituicoes,partido_tse:PSD|ate:2003-02-20,INS-000063
instituicoes,partido_tse:PL|ate:2006-12-19,INS-000064
instituicoes,partido_tse:PGT|ate:2003-04-01,INS-000065
instituicoes,partido_tse:PST|ate:2003-04-01,INS-000066
instituicoes,partido_tse:PRONA|ate:2006-12-19,INS-000067
instituicoes,partido_tse:PR|PL,INS-000068
instituicoes,partido_tse:PAN|ate:2007-03-15,INS-000069
instituicoes,partido_tse:PFL|DEM|ate:2022-02-08,INS-000070
instituicoes,partido_tse:PMR|PRB|REPUBLICANOS,INS-000071
instituicoes,partido_tse:PTN|PODE,INS-000072
instituicoes,partido_tse:PTDOB|AVANTE,INS-000073
instituicoes,partido_tse:PEN|PATRI|PATRIOTA|ate:2023-11-09,INS-000074
instituicoes,partido_tse:PMDB|MDB,INS-000075
instituicoes,partido_tse:PSDC|DC,INS-000076
instituicoes,partido_tse:SD|SOLIDARIEDADE,INS-000077
instituicoes,partido_tse:PRP|ate:2019-03-28,INS-000078
instituicoes,partido_tse:PCDOB,INS-000079
instituicoes,partido_tse:PPL|ate:2019-05-28,INS-000080
instituicoes,partido_tse:PPS|CIDADANIA,INS-000081
instituicoes,partido_tse:PSL|ate:2022-02-08,INS-000082
instituicoes,partido_tse:UNIÃO,INS-000083
instituicoes,partido_tse:PROS|ate:2023-02-14,INS-000084
instituicoes,partido_tse:PSC|ate:2023-06-15,INS-000085
instituicoes,partido_tse:PRD,INS-000086
instituicoes,partido_tse:PMN|MOBILIZA,INS-000087
instituicoes,partido_tse:PMB|DEMOCRATA,INS-000088
instituicoes,partido_tse:PDT,INS-000089
instituicoes,partido_tse:PT,INS-000090
instituicoes,partido_tse:PSB,INS-000091
instituicoes,partido_tse:PSDB,INS-000092
instituicoes,partido_tse:PV,INS-000093
instituicoes,partido_tse:PSTU,INS-000094
instituicoes,partido_tse:PCB,INS-000095
instituicoes,partido_tse:PRTB,INS-000096
instituicoes,partido_tse:PCO,INS-000097
instituicoes,partido_tse:PSOL,INS-000098
instituicoes,partido_tse:PSD,INS-000099
instituicoes,partido_tse:NOVO,INS-000100
instituicoes,partido_tse:REDE,INS-000101
instituicoes,partido_tse:UP,INS-000102
instituicoes,partido_tse:MISSÃO,INS-000103
instituicoes,partido_sem_tse:SDD,INS-000104
relacoes,partido_tse:PPR|ate:1995-11-16>fundiu_se_em,REL-000001
relacoes,partido_tse:PP|ate:1995-11-16>fundiu_se_em,REL-000002
relacoes,partido_tse:PSN|PHS|ate:2019-09-19>incorporado_por,REL-000003
relacoes,partido_tse:PTB|ate:2023-11-09>fundiu_se_em,REL-000004
relacoes,partido_tse:PSD|ate:2003-02-20>incorporado_por,REL-000005
relacoes,partido_tse:PL|ate:2006-12-19>fundiu_se_em,REL-000006
relacoes,partido_tse:PGT|ate:2003-04-01>incorporado_por,REL-000007
relacoes,partido_tse:PST|ate:2003-04-01>incorporado_por,REL-000008
relacoes,partido_tse:PRONA|ate:2006-12-19>fundiu_se_em,REL-000009
relacoes,partido_tse:PAN|ate:2007-03-15>incorporado_por,REL-000010
relacoes,partido_tse:PFL|DEM|ate:2022-02-08>fundiu_se_em,REL-000011
relacoes,partido_tse:PEN|PATRI|PATRIOTA|ate:2023-11-09>fundiu_se_em,REL-000012
relacoes,partido_tse:PRP|ate:2019-03-28>incorporado_por,REL-000013
relacoes,partido_tse:PPL|ate:2019-05-28>incorporado_por,REL-000014
relacoes,partido_tse:PSL|ate:2022-02-08>fundiu_se_em,REL-000015
relacoes,partido_tse:PROS|ate:2023-02-14>incorporado_por,REL-000016
relacoes,partido_tse:PSC|ate:2023-06-15>incorporado_por,REL-000017
