data_acesso,arquivo,url_base,n_requisicoes,bytes,sha256
2026-09-25,data/raw/conselho_dh/2026-09-25/A_62_53.pdf,https://documents.un.org/api/symbol/access?s=A/62/53&l=en&t=pdf,1,395968,797c970b8bf0c22a8853d96fb8b2a208f9b12110008bfbed3f75ffdc54af0cf1
2026-09-25,data/raw/conselho_dh/2026-09-25/A_63_53.pdf,https://documents.un.org/api/symbol/access?s=A/63/53&l=en&t=pdf,1,965943,7b0894bd77da33b3aabd5d60c6e7b385193d91027a490b2ec551bf08a8b555f0
2026-09-25,data/raw/conselho_dh/2026-09-25/A_63_53_Add.1.pdf,https://documents.un.org/api/symbol/access?s=A/63/53/Add.1&l=en&t=pdf,1,227565,0ff1dd7346520e70745639b472879922e2fe650d1b7c7e391096590614757a59
2026-09-25,data/raw/conselho_dh/2026-09-25/A_64_53.pdf,https://documents.un.org/api/symbol/access?s=A/64/53&l=en&t=pdf,1,692579,bdab7dd0d0caee769195fe80104a3117a9ed48b74f26a816a80a3dd4097ada99
2026-09-25,data/raw/conselho_dh/2026-09-25/A_HRC_RES_12_1.pdf,https://documents.un.org/api/symbol/access?s=A/HRC/RES/12/1&l=en&t=pdf,1,22833,f6b062a329b2f5d95893db2e08edacd2ac6beb4d449da5c843298988ccf88787
2026-09-25,data/raw/conselho_dh/2026-09-25/A_HRC_RES_12_2.pdf,https://documents.un.org/api/symbol/access?s=A/HRC/RES/12/2&l=en&t=pdf,1,25658,180288df37b265fa555c685071a68268f53188e3e47a1e687f077e4f98bf5519
2026-09-25,data/raw/conselho_dh/2026-09-25/A_HRC_RES_12_3.pdf,https://documents.un.org/api/symbol/access?s=A/HRC/RES/12/3&l=en&t=pdf,1,25771,85fd7784c7e4b841926dd7f834d8bb085126fc6d1fea613828e9d5b01035fbf3
2026-09-25,data/raw/conselho_dh/2026-09-25/A_HRC_RES_12_4.pdf,https://documents.un.org/api/symbol/access?s=A/HRC/RES/12/4&l=en&t=pdf,1,25199,d7083d39ce05e3dd6149f04e5004ec141aa17291aefcbf0ca8129a8676bcfdc3
2026-09-25,data/raw/conselho_dh/2026-09-25/A_HRC_RES_12_5.pdf,https://documents.un.org/api/symbol/access?s=A/HRC/RES/12/5&l=en&t=pdf,1,21610,1b60c5ac5d6a4d1d14b7d2e4e044053d8494ff7470bdd0682cf5e10bc2d13334
2026-09-25,data/raw/conselho_dh/2026-09-25/A_HRC_RES_12_6.pdf,https://documents.un.org/api/symbol/access?s=A/HRC/RES/12/6&l=en&t=pdf,1,34690,7918ce596263a71f7c28b2900807bdc7228ec2286a5c241f5ac85bb5eb070761
2026-09-25,data/raw/conselho_dh/2026-09-25/A_HRC_RES_12_7.pdf,https://documents.un.org/api/symbol/access?s=A/HRC/RES/12/7&l=en&t=pdf,1,23050,2b1add1a240c87fad5243be0657e739ba7b719cc93b503677f723acaacb4301d
2026-09-25,data/raw/conselho_dh/2026-09-25/A_HRC_RES_12_8.pdf,https://documents.un.org/api/symbol/access?s=A/HRC/RES/12/8&l=en&t=pdf,1,28985,801d16f626a7f8e1ffc76a75ea6261fe808b0cb9cbd32abe85fdea77db857445
2026-09-25,data/raw/conselho_dh/2026-09-25/A_HRC_RES_12_9.pdf,https://documents.un.org/api/symbol/access?s=A/HRC/RES/12/9&l=en&t=pdf,1,31021,e689c67bb96bc17bd5e2ebeb3096b813e1ce2812ce84def31693ce6b03bbe7bc
2026-09-25,data/raw/conselho_dh/2026-09-25/A_HRC_RES_12_10.pdf,https://documents.un.org/api/symbol/access?s=A/HRC/RES/12/10&l=en&t=pdf,1,27204,c0a58b920100f03ea10b7742157a8bf17f8066f12dc7a86c4d6eaaa75954e7fc
2026-09-25,data/raw/conselho_dh/2026-09-25/A_HRC_RES_12_11.pdf,https://documents.un.org/api/symbol/access?s=A/HRC/RES/12/11&l=en&t=pdf,1,34900,e194a6c982d96f3d7bdc35b5ce39bdbe1921bbef0836aa64c556f8d714f7b783
2026-09-25,data/raw/conselho_dh/2026-09-25/A_HRC_RES_12_12.pdf,https://documents.un.org/api/symbol/access?s=A/HRC/RES/12/12&l=en&t=pdf,1,31025,5d572a0a2ffb5f0d01889bb7727d3a3aa9d087aace13f087c7068290956147f2
2026-09-25,data/raw/conselho_dh/2026-09-25/A_HRC_RES_12_13.pdf,https://documents.un.org/api/symbol/access?s=A/HRC/RES/12/13&l=en&t=pdf,1,25322,5c4dad858e01a8b63d2846c36c807571ee54497b3abcd8e43c11bb5a537b058c
2026-09-25,data/raw/conselho_dh/2026-09-25/A_HRC_RES_12_14.pdf,https://documents.un.org/api/symbol/access?s=A/HRC/RES/12/14&l=en&t=pdf,1,23448,50665e576d732de042932b16baf9e3b23ea80e082c833cdab8642e10a1926648
2026-09-25,data/raw/conselho_dh/2026-09-25/A_HRC_RES_12_15.pdf,https://documents.un.org/api/symbol/access?s=A/HRC/RES/12/15&l=en&t=pdf,1,28350,f08b4551a31564eb7755d2aa8bd08186510d81eca61abd9fcd30f1e2c54b6b2c
2026-09-25,data/raw/conselho_dh/2026-09-25/A_HRC_RES_12_16.pdf,https://documents.un.org/api/symbol/access?s=A/HRC/RES/12/16&l=en&t=pdf,1,42731,dea9c068da9a3e4fbca3634c08d3ca26f119654d9e2163fd384aa757bdf3a0e3
2026-09-25,data/raw/conselho_dh/2026-09-25/A_HRC_RES_12_17.pdf,https://documents.un.org/api/symbol/access?s=A/HRC/RES/12/17&l=en&t=pdf,1,34075,ff0e26e698d657d4788b76326c135da5a59195c48c7aeb0b9bf58026d1034e4b
2026-09-25,data/raw/conselho_dh/2026-09-25/A_HRC_RES_12_18.pdf,https://documents.un.org/api/symbol/access?s=A/HRC/RES/12/18&l=en&t=pdf,1,30420,034f94a75b1d30bfb1134d6a4d1d4f9804789bc67be083d1339538bfe458891b
2026-09-25,data/raw/conselho_dh/2026-09-25/A_HRC_RES_12_19.pdf,https://documents.un.org/api/symbol/access?s=A/HRC/RES/12/19&l=en&t=pdf,1,27660,4c94d7ea02cbf3a86b215fb469c0487fa4e69ff042cdfb6122fc7d2a1e011502
2026-09-25,data/raw/conselho_dh/2026-09-25/A_HRC_RES_12_20.pdf,https://documents.un.org/api/symbol/access?s=A/HRC/RES/12/20&l=en&t=pdf,1,25114,89706c8220a1ea562451279b6820c9467e2986cff48e02d9172a53e31d553125
2026-09-25,data/raw/conselho_dh/2026-09-25/A_HRC_RES_12_21.pdf,https://documents.un.org/api/symbol/access?s=A/HRC/RES/12/21&l=en&t=pdf,1,28935,0a0e0bec0e3c29e1d7eca83cb6101ccf7cf5a263f25a3cbc5027b814b3129ea0
2026-09-25,data/raw/conselho_dh/2026-09-25/A_HRC_RES_12_22.pdf,https://documents.un.org/api/symbol/access?s=A/HRC/RES/12/22&l=en&t=pdf,1,35413,8a3b3768f6424c1c6e0968b73782431fa84878f5fa186081a5b1459a454ef443
2026-09-25,data/raw/conselho_dh/2026-09-25/A_HRC_RES_12_23.pdf,https://documents.un.org/api/symbol/access?s=A/HRC/RES/12/23&l=en&t=pdf,1,30334,ae6db829339411aaf733c0a2c453e59703c2f8ee8a92a234342acbb96190718d
2026-09-25,data/raw/conselho_dh/2026-09-25/A_HRC_RES_12_24.pdf,https://documents.un.org/api/symbol/access?s=A/HRC/RES/12/24&l=en&t=pdf,1,31569,b88285dd15d24240c6a0896e068ce81ebfd3b3dc0a8a1622402024c11a422527
2026-09-25,data/raw/conselho_dh/2026-09-25/A_HRC_RES_12_25.pdf,https://documents.un.org/api/symbol/access?s=A/HRC/RES/12/25&l=en&t=pdf,1,37678,04606e3637e62f7060ecb89d67b0200249c7e0aee224fab9a96bdebe5d7938d8
2026-09-25,data/raw/conselho_dh/2026-09-25/A_HRC_RES_12_26.pdf,https://documents.un.org/api/symbol/access?s=A/HRC/RES/12/26&l=en&t=pdf,1,30176,15dc9134d1694440188f2cb9258927acd8558da8b92207868ba60e663e0ceb3a
2026-09-25,data/raw/conselho_dh/2026-09-25/A_HRC_RES_12_27.pdf,https://documents.un.org/api/symbol/access?s=A/HRC/RES/12/27&l=en&t=pdf,1,39149,325d3fb7f5c2c5ecfe89db99b8e7a0c8c4751ae27e5fcc6d18c3e61edcc58ea1
2026-09-25,data/raw/conselho_dh/2026-09-25/A_HRC_RES_12_28.pdf,https://documents.un.org/api/symbol/access?s=A/HRC/RES/12/28&l=en&t=pdf,1,27533,fe358d378be096900461abe232ac15ad965f224900205cdc156d7f1a4cc1c6c3
2026-09-25,data/raw/conselho_dh/2026-09-25/A_HRC_RES_13_1.pdf,https://documents.un.org/api/symbol/access?s=A/HRC/RES/13/1&l=en&t=pdf,1,40186,2bd015941a8fe6e07573387fe96cc5771a7cbe3e26ef313d15ff13bfe9db0779
2026-09-25,data/raw/conselho_dh/2026-09-25/A_HRC_RES_13_2.pdf,https://documents.un.org/api/symbol/access?s=A/HRC/RES/13/2&l=en&t=pdf,1,41274,01c256a1daf43e14604f6126f8a64c87a01ea36792b36f0f74d0561c97cead07
2026-09-25,data/raw/conselho_dh/2026-09-25/A_HRC_RES_13_3.pdf,https://documents.un.org/api/symbol/access?s=A/HRC/RES/13/3&l=en&t=pdf,1,33932,0586009e46056a10cf9c6fca69e4cf81757242b0e761c76581b073a89f0e783e
2026-09-25,data/raw/conselho_dh/2026-09-25/A_HRC_RES_13_4.pdf,https://documents.un.org/api/symbol/access?s=A/HRC/RES/13/4&l=en&t=pdf,1,65534,9d17f63cd5e37cfb905774b93a20081a800ceebe8e75b494d9d5a6120aa904c8
2026-09-25,data/raw/conselho_dh/2026-09-25/A_HRC_RES_13_5.pdf,https://documents.un.org/api/symbol/access?s=A/HRC/RES/13/5&l=en&t=pdf,1,37916,03d2d74ad44223f405378cb946542d87c1a1b0ce8afa753695a19afad98ee79c
2026-09-25,data/raw/conselho_dh/2026-09-25/A_HRC_RES_13_6.pdf,https://documents.un.org/api/symbol/access?s=A/HRC/RES/13/6&l=en&t=pdf,1,33604,8c616ddf9f886c9f9fb66f08e0eb3981c80bdbe6afcd90b4887c8f373aa39344
2026-09-25,data/raw/conselho_dh/2026-09-25/A_HRC_RES_13_7.pdf,https://documents.un.org/api/symbol/access?s=A/HRC/RES/13/7&l=en&t=pdf,1,46817,e8ea2980196aae41c01eb42c1d2af19e25ba307b9840e222a687a50b46e845b3
2026-09-25,data/raw/conselho_dh/2026-09-25/A_HRC_RES_13_8.pdf,https://documents.un.org/api/symbol/access?s=A/HRC/RES/13/8&l=en&t=pdf,1,38813,ea7d575af00303d459affa800013a7745644234edd3e585eb375835590d7c85d
2026-09-25,data/raw/conselho_dh/2026-09-25/A_HRC_RES_13_9.pdf,https://documents.un.org/api/symbol/access?s=A/HRC/RES/13/9&l=en&t=pdf,1,38120,191eb1944fd58f79a8231518943aaaac040f68021b49bffdb75befa65ccdbba5
2026-09-25,data/raw/conselho_dh/2026-09-25/A_HRC_RES_13_10.pdf,https://documents.un.org/api/symbol/access?s=A/HRC/RES/13/10&l=en&t=pdf,1,34724,363a7703e29eebcc327d5e951a97f15e5c01a89aa31f411a5dcc99df84b90fd2
2026-09-25,data/raw/conselho_dh/2026-09-25/A_HRC_RES_13_11.pdf,https://documents.un.org/api/symbol/access?s=A/HRC/RES/13/11&l=en&t=pdf,1,41061,108fc058327c66cf5c14fcbbe8a64d104a1f7c4faed4f7324274ab99a581ffb5
2026-09-25,data/raw/conselho_dh/2026-09-25/A_HRC_RES_13_12.pdf,https://documents.un.org/api/symbol/access?s=A/HRC/RES/13/12&l=en&t=pdf,1,36380,459f2771da8770386a5c5fdc77f10bc8e9745fc51c728700ac1ecf61f56e3baa
2026-09-25,data/raw/conselho_dh/2026-09-25/A_HRC_RES_13_13.pdf,https://documents.un.org/api/symbol/access?s=A/HRC/RES/13/13&l=en&t=pdf,1,35607,abac8dd307de10978d2c5d47cffe81816d08a5dfae2773f7bde48e17dd5fd0ca
2026-09-25,data/raw/conselho_dh/2026-09-25/A_HRC_RES_13_14.pdf,https://documents.un.org/api/symbol/access?s=A/HRC/RES/13/14&l=en&t=pdf,1,35950,89b070f33fae25aaa05a5e85d11befb08a36356dc03c540b602cfd74d9799335
2026-09-25,data/raw/conselho_dh/2026-09-25/A_HRC_RES_13_15.pdf,https://documents.un.org/api/symbol/access?s=A/HRC/RES/13/15&l=en&t=pdf,1,29961,e177fe593e0fbb393edf8900bc53e9c26ffcd86d58b2d5120119f64f0d385a23
2026-09-25,data/raw/conselho_dh/2026-09-25/A_HRC_RES_13_16.pdf,https://documents.un.org/api/symbol/access?s=A/HRC/RES/13/16&l=en&t=pdf,1,49321,90eeacce8ac1fe8f59a5db314843fb10412af752ce70cc2a81c54ae27658145f
2026-09-25,data/raw/conselho_dh/2026-09-25/A_HRC_RES_13_17.pdf,https://documents.un.org/api/symbol/access?s=A/HRC/RES/13/17&l=en&t=pdf,1,38665,185d22aeae5cccc203f6a8c8f646912d114d5c55ad18828a989c7f365a52e2b4
2026-09-25,data/raw/conselho_dh/2026-09-25/A_HRC_RES_13_18.pdf,https://documents.un.org/api/symbol/access?s=A/HRC/RES/13/18&l=en&t=pdf,1,28225,3b86c00abc112afc1ca94a64a3cdc6c732514d6a9cb060280877d2addcb4dabb
2026-09-25,data/raw/conselho_dh/2026-09-25/A_HRC_RES_13_19.pdf,https://documents.un.org/api/symbol/access?s=A/HRC/RES/13/19&l=en&t=pdf,1,39846,a50e929f9e13a31bd5a18a2bee2240f639d36092570d6e00d8370d7396742b0f
2026-09-25,data/raw/conselho_dh/2026-09-25/A_HRC_RES_13_20.pdf,https://documents.un.org/api/symbol/access?s=A/HRC/RES/13/20&l=en&t=pdf,1,61007,672d32c234e42a8d199f3f8a94eeb767ee18bd3f509ac6b1cb1de7649786d33d
2026-09-25,data/raw/conselho_dh/2026-09-25/A_HRC_RES_13_21.pdf,https://documents.un.org/api/symbol/access?s=A/HRC/RES/13/21&l=en&t=pdf,1,35355,7d656fea61daeeabf11e1b5bc5675b5db62af1502ba4fa2e821e68983eda27d8
2026-09-25,data/raw/conselho_dh/2026-09-25/A_HRC_RES_13_22.pdf,https://documents.un.org/api/symbol/access?s=A/HRC/RES/13/22&l=en&t=pdf,1,39083,8ac5b882328ecb30492b5bdee3afb2f56704db0eaa80a60846199d118c9628b0
2026-09-25,data/raw/conselho_dh/2026-09-25/A_HRC_RES_13_23.pdf,https://documents.un.org/api/symbol/access?s=A/HRC/RES/13/23&l=en&t=pdf,1,38882,d5be3bca97350a7ee9baa0a59c7b8c89a5af228b8a46e2e837942aa60ce992f6
2026-09-25,data/raw/conselho_dh/2026-09-25/A_HRC_RES_13_24.pdf,https://documents.un.org/api/symbol/access?s=A/HRC/RES/13/24&l=en&t=pdf,1,28239,4df1ba8de67da8a990a1ad6557c70ca6e12f54d459b36ae5e2c078519b41ced1
2026-09-25,data/raw/conselho_dh/2026-09-25/A_HRC_RES_13_25.pdf,https://documents.un.org/api/symbol/access?s=A/HRC/RES/13/25&l=en&t=pdf,1,45958,fdefbb80197ba7b6ea1ec377897d795bc01d32aaeace848843c8545bfb678508
2026-09-25,data/raw/conselho_dh/2026-09-25/A_HRC_RES_13_26.pdf,https://documents.un.org/api/symbol/access?s=A/HRC/RES/13/26&l=en&t=pdf,1,39135,be8f097776b38149d8f31ca61198620d9abe3ab08e560eac79f1bc539af77465
2026-09-25,data/raw/conselho_dh/2026-09-25/A_HRC_RES_13_27.pdf,https://documents.un.org/api/symbol/access?s=A/HRC/RES/13/27&l=en&t=pdf,1,44275,52df23b537127166d093e2620bda96d02fcd7318b0ec078618424fe16a150264
2026-09-25,data/raw/conselho_dh/2026-09-25/A_HRC_RES_14_1.pdf,https://documents.un.org/api/symbol/access?s=A/HRC/RES/14/1&l=en&t=pdf,1,32302,cb5609849de44bd705ef6c131a6ec4a36b25c96aa7c57d8a320cdc0680b3c110
2026-09-25,data/raw/conselho_dh/2026-09-25/A_HRC_RES_14_2.pdf,https://documents.un.org/api/symbol/access?s=A/HRC/RES/14/2&l=en&t=pdf,1,47540,5b5c67344280684fd0dfded59a7a0bbc8f3cff4d0d44a035abecc87e384dcc22
2026-09-25,data/raw/conselho_dh/2026-09-25/A_HRC_RES_14_3.pdf,https://documents.un.org/api/symbol/access?s=A/HRC/RES/14/3&l=en&t=pdf,1,41029,9fd5158366cf6e71a22ed057d0c49e444a73748b94d152f4c91f42b0d0e51286
2026-09-25,data/raw/conselho_dh/2026-09-25/A_HRC_RES_14_4.pdf,https://documents.un.org/api/symbol/access?s=A/HRC/RES/14/4&l=en&t=pdf,1,53351,f5ba8ff4efe80cad9eadb42690bf42d147174cfbf165d66e6b05425c4af72adf
2026-09-25,data/raw/conselho_dh/2026-09-25/A_HRC_RES_14_5.pdf,https://documents.un.org/api/symbol/access?s=A/HRC/RES/14/5&l=en&t=pdf,1,31901,7c4ea75d2d5b2816ec469f59270b305a9ebc36d775ef91921072df1ae75fa170
2026-09-25,data/raw/conselho_dh/2026-09-25/A_HRC_RES_14_6.pdf,https://documents.un.org/api/symbol/access?s=A/HRC/RES/14/6&l=en&t=pdf,1,44239,a325614db7985dee770ec517d801bb7bde9c364210236c86429c5bfe4dd3e371
2026-09-25,data/raw/conselho_dh/2026-09-25/A_HRC_RES_14_7.pdf,https://documents.un.org/api/symbol/access?s=A/HRC/RES/14/7&l=en&t=pdf,1,31633,7a89c7dc9a722930f79ac8df02b44cbb3e9f2053e162fd5ad8d5df3a65bbdceb
2026-09-25,data/raw/conselho_dh/2026-09-25/A_HRC_RES_14_8.pdf,https://documents.un.org/api/symbol/access?s=A/HRC/RES/14/8&l=en&t=pdf,1,30875,0bea0a2853333d572294fbbd723b07eabe72e0f0aa87d0b6f80d0d5bebcebaba
2026-09-25,data/raw/conselho_dh/2026-09-25/A_HRC_RES_14_9.pdf,https://documents.un.org/api/symbol/access?s=A/HRC/RES/14/9&l=en&t=pdf,1,35626,81c508357a4eebb8d5b689f0f5dccff43982593441b6657b4c64d9fcb662a13c
2026-09-25,data/raw/conselho_dh/2026-09-25/A_HRC_RES_14_10.pdf,https://documents.un.org/api/symbol/access?s=A/HRC/RES/14/10&l=en&t=pdf,1,38201,43f932fceec63a6e0c47c70932b25fe28521323dee73c0d9a5d1998c0a6eabbf
2026-09-25,data/raw/conselho_dh/2026-09-25/A_HRC_RES_14_11.pdf,https://documents.un.org/api/symbol/access?s=A/HRC/RES/14/11&l=en&t=pdf,1,36199,aa49ab5026dc961c4f365d48b4f57e150d5f494a5e9dd6378430c2f89df15c3a
2026-09-25,data/raw/conselho_dh/2026-09-25/A_HRC_RES_14_12.pdf,https://documents.un.org/api/symbol/access?s=A/HRC/RES/14/12&l=en&t=pdf,1,51245,b67f3aac374710ce99ea9701b18a46452d06d581e223d33fe3bedf473d6ebba7
2026-09-25,data/raw/conselho_dh/2026-09-25/A_HRC_RES_14_13.pdf,https://documents.un.org/api/symbol/access?s=A/HRC/RES/14/13&l=en&t=pdf,1,32809,1dd244b78398e0f607e9b5f00ca2a7338c20b926aae0becb7565ac0371173d39
2026-09-25,data/raw/conselho_dh/2026-09-25/A_HRC_RES_14_14.pdf,https://documents.un.org/api/symbol/access?s=A/HRC/RES/14/14&l=en&t=pdf,1,32249,bea002f42d8d81e4619980fa5d97a0d92f557ceb65981c6855e412847561c8da
2026-09-25,data/raw/conselho_dh/2026-09-25/A_HRC_RES_14_15.pdf,https://documents.un.org/api/symbol/access?s=A/HRC/RES/14/15&l=en&t=pdf,1,32136,d7b03884d6547603ecc40a78178cd61e357b40f4a4681182751adcf0f7eb3fd8
2026-09-25,data/raw/conselho_dh/2026-09-25/A_HRC_RES_14_16.pdf,https://documents.un.org/api/symbol/access?s=A/HRC/RES/14/16&l=en&t=pdf,1,41540,a5f058feffbf39bbd17d582017b46cbabd046078a7c8a763dc0d43fd8eb111eb
2026-09-25,data/raw/conselho_dh/2026-09-25/A_HRC_RES_15_1.pdf,https://documents.un.org/api/symbol/access?s=A/HRC/RES/15/1&l=en&t=pdf,1,30907,9f51ca54b214a5f7565ca54a3bb6f13a35b520eb3b575334b12d1e642c0122a1
2026-09-25,data/raw/conselho_dh/2026-09-25/A_HRC_RES_15_2.pdf,https://documents.un.org/api/symbol/access?s=A/HRC/RES/15/2&l=en&t=pdf,1,37376,4791e63782545cfd7cd06369b5a9ddcc8e4bc5e7f2ffac519dc41f37e8353d17
2026-09-25,data/raw/conselho_dh/2026-09-25/A_HRC_RES_15_3.pdf,https://documents.un.org/api/symbol/access?s=A/HRC/RES/15/3&l=en&t=pdf,1,41188,05d1d5aadab9bd03b17397b6fda9fce95284b4c32edf65e68f5351922d647dcc
2026-09-25,data/raw/conselho_dh/2026-09-25/A_HRC_RES_15_4.pdf,https://documents.un.org/api/symbol/access?s=A/HRC/RES/15/4&l=en&t=pdf,1,39654,41bd516fdd7dc2a2be4b0d0b8f1ce37edbd2cdfb2795911a2b839a47edf83c8b
2026-09-25,data/raw/conselho_dh/2026-09-25/A_HRC_RES_15_5.pdf,https://documents.un.org/api/symbol/access?s=A/HRC/RES/15/5&l=en&t=pdf,1,32604,0fbc59a3053c24dc668ca315619a2c29e7ded6d6bf0bc8f59c17866a3e13d7f7
2026-09-25,data/raw/conselho_dh/2026-09-25/A_HRC_RES_15_6.pdf,https://documents.un.org/api/symbol/access?s=A/HRC/RES/15/6&l=en&t=pdf,1,36122,7f10fc71d948d1933e4ef0e0e4143f8ce6052ee699122e04bdf58f624c3aac5c
2026-09-25,data/raw/conselho_dh/2026-09-25/A_HRC_RES_15_7.pdf,https://documents.un.org/api/symbol/access?s=A/HRC/RES/15/7&l=en&t=pdf,1,38328,dcea3bf17e67cf4094272a01fb96b1f40b1d3c973bad4e147dd998427b13e4c1
2026-09-25,data/raw/conselho_dh/2026-09-25/A_HRC_RES_15_8.pdf,https://documents.un.org/api/symbol/access?s=A/HRC/RES/15/8&l=en&t=pdf,1,35335,dfd858c9be03daf266b3965db93a2aefe7e6434457e82b31435bcf716fe3930a
2026-09-25,data/raw/conselho_dh/2026-09-25/A_HRC_RES_15_9.pdf,https://documents.un.org/api/symbol/access?s=A/HRC/RES/15/9&l=en&t=pdf,1,42397,d57c8c98afc86e4528801c5201a3e9a7ea4f6c3f7b36e826b500c49644710e9f
2026-09-25,data/raw/conselho_dh/2026-09-25/A_HRC_RES_15_10.pdf,https://documents.un.org/api/symbol/access?s=A/HRC/RES/15/10&l=en&t=pdf,1,31415,723648f57f5e7a88c55b87adfe9dff4e01fca146e6d66943acff962cc20e5ec4
2026-09-25,data/raw/conselho_dh/2026-09-25/A_HRC_RES_15_11.pdf,https://documents.un.org/api/symbol/access?s=A/HRC/RES/15/11&l=en&t=pdf,1,33284,772075606245fffe9a4a5b69121be5ec9b90edc48338d3cead666b999f5dbda1
2026-09-25,data/raw/conselho_dh/2026-09-25/A_HRC_RES_15_12.pdf,https://documents.un.org/api/symbol/access?s=A/HRC/RES/15/12&l=en&t=pdf,1,42526,9b1a46afe934d36b88714d4014fbaf32fc74d8763df8270443074b5831e3ac13
2026-09-25,data/raw/conselho_dh/2026-09-25/A_HRC_RES_15_13.pdf,https://documents.un.org/api/symbol/access?s=A/HRC/RES/15/13&l=en&t=pdf,1,43369,ae09ee1b596b5987eba4ccce7aa9fd672ab136cff2a2b96037b88aaf23824f38
2026-09-25,data/raw/conselho_dh/2026-09-25/A_HRC_RES_15_14.pdf,https://documents.un.org/api/symbol/access?s=A/HRC/RES/15/14&l=en&t=pdf,1,34836,cb05ecb1f0c1b7274603cf13b38e696b5da1cad22be41bbc757421c652e812c8
2026-09-25,data/raw/conselho_dh/2026-09-25/A_HRC_RES_15_15.pdf,https://documents.un.org/api/symbol/access?s=A/HRC/RES/15/15&l=en&t=pdf,1,33482,033a1ca76fe402aac6f0a595a10f3c45cb8f027a01abb91ccd33ae732a30ec62
2026-09-25,data/raw/conselho_dh/2026-09-25/A_HRC_RES_15_16.pdf,https://documents.un.org/api/symbol/access?s=A/HRC/RES/15/16&l=en&t=pdf,1,47418,4894b279424f443b9746fd3cf9635c65193b8054bc2ad4ba12ecfb4a45717418
2026-09-25,data/raw/conselho_dh/2026-09-25/A_HRC_RES_15_17.pdf,https://documents.un.org/api/symbol/access?s=A/HRC/RES/15/17&l=en&t=pdf,1,41561,bce9ad7bc96c19de499e9dea6d3d05af6e1ffe651a40eb7ed1c8521cf76c114d
2026-09-25,data/raw/conselho_dh/2026-09-25/A_HRC_RES_15_18.pdf,https://documents.un.org/api/symbol/access?s=A/HRC/RES/15/18&l=en&t=pdf,1,37585,7afa92ebf725ab6966bfefa5931df298783c9b324b05e1b07389fe98a00c44ba
2026-09-25,data/raw/conselho_dh/2026-09-25/A_HRC_RES_15_19.pdf,https://documents.un.org/api/symbol/access?s=A/HRC/RES/15/19&l=en&t=pdf,1,35209,f8e4175de51e22d42cb41a677972173c1c2dca0aacb1d24d80607d36d7dbdd0c
2026-09-25,data/raw/conselho_dh/2026-09-25/A_HRC_RES_15_20.pdf,https://documents.un.org/api/symbol/access?s=A/HRC/RES/15/20&l=en&t=pdf,1,47658,1f54ec4a1a031f9629fd9120d9c30dd1bbb2af00726a35945cc485444f334509
2026-09-25,data/raw/conselho_dh/2026-09-25/A_HRC_RES_15_21.pdf,https://documents.un.org/api/symbol/access?s=A/HRC/RES/15/21&l=en&t=pdf,1,40313,275863186dec9c34de34c1417606aec08083c88002164fa23697b52657c518e7
2026-09-25,data/raw/conselho_dh/2026-09-25/A_HRC_RES_15_22.pdf,https://documents.un.org/api/symbol/access?s=A/HRC/RES/15/22&l=en&t=pdf,1,57664,bd5e268897de754640afd10fe26cc855eb990e629fc50b412b7d06aee9536127
2026-09-25,data/raw/conselho_dh/2026-09-25/A_HRC_RES_15_23.pdf,https://documents.un.org/api/symbol/access?s=A/HRC/RES/15/23&l=en&t=pdf,1,46482,8bc3138c01604542d16ed72985a1aa7a7dc4edbddcf6356d56b890b83eaee42d
2026-09-25,data/raw/conselho_dh/2026-09-25/A_HRC_RES_15_24.pdf,https://documents.un.org/api/symbol/access?s=A/HRC/RES/15/24&l=en&t=pdf,1,41453,c290cf0b80b80825cf05a5fd6acc4f9a23bcf2ff88278c6097bf4add6a8476db
2026-09-25,data/raw/conselho_dh/2026-09-25/A_HRC_RES_15_25.pdf,https://documents.un.org/api/symbol/access?s=A/HRC/RES/15/25&l=en&t=pdf,1,37056,9c2e7b4e411e18262b048177652a90e39361bf54bd95d20f2f4d510da227249b
2026-09-25,data/raw/conselho_dh/2026-09-25/A_HRC_RES_15_26.pdf,https://documents.un.org/api/symbol/access?s=A/HRC/RES/15/26&l=en&t=pdf,1,33624,80670a7c47db062fba01b4823d509e8bacad54490bd0f62c6fc0b137dd018574
2026-09-25,data/raw/conselho_dh/2026-09-25/A_HRC_RES_15_27.pdf,https://documents.un.org/api/symbol/access?s=A/HRC/RES/15/27&l=en&t=pdf,1,34024,6c26198092ebf6ea47eb43939586fb329a6487c267e450026b9de927ee074d83
2026-09-25,data/raw/conselho_dh/2026-09-25/A_HRC_RES_15_28.pdf,https://documents.un.org/api/symbol/access?s=A/HRC/RES/15/28&l=en&t=pdf,1,39045,2980e34a59c032642f1d06604c74e4d1aa7f4e83450877c7451feecf34fb3b69
2026-09-25,data/raw/conselho_dh/2026-09-25/A_HRC_RES_16_1.pdf,https://documents.un.org/api/symbol/access?s=A/HRC/RES/16/1&l=en&t=pdf,1,51574,6550ce08c08f865a293b6f523b0942ec91182108657f2820ab7994dcd2df0781
2026-09-25,data/raw/conselho_dh/2026-09-25/A_HRC_RES_16_2.pdf,https://documents.un.org/api/symbol/access?s=A/HRC/RES/16/2&l=en&t=pdf,1,41504,8601e49b997028ef98d2fe2d8439a8caef85a270a55dab7bf2bb3155c3ea0fd0
2026-09-25,data/raw/conselho_dh/2026-09-25/A_HRC_RES_16_3.pdf,https://documents.un.org/api/symbol/access?s=A/HRC/RES/16/3&l=en&t=pdf,1,33455,88df5155e06887719ac35cbff78805d0ac3394f2c9ac398502df4987baf06008
2026-09-25,data/raw/conselho_dh/2026-09-25/A_HRC_RES_16_4.pdf,https://documents.un.org/api/symbol/access?s=A/HRC/RES/16/4&l=en&t=pdf,1,30624,cfdb7fdcd2d8ca2d9272d1e090332618cdc921882c19d4588065d7b99ff66a84
2026-09-25,data/raw/conselho_dh/2026-09-25/A_HRC_RES_16_5.pdf,https://documents.un.org/api/symbol/access?s=A/HRC/RES/16/5&l=en&t=pdf,1,33400,7d72616e2f5fee53e1663b7c78180b150b55ccf139ef8ec2646e1a776d39f801
2026-09-25,data/raw/conselho_dh/2026-09-25/A_HRC_RES_16_6.pdf,https://documents.un.org/api/symbol/access?s=A/HRC/RES/16/6&l=en&t=pdf,1,41658,3d5320da13e0cab33c2528332aa007965b9f41d587c3180924d47b9190c082bd
2026-09-25,data/raw/conselho_dh/2026-09-25/A_HRC_RES_16_7.pdf,https://documents.un.org/api/symbol/access?s=A/HRC/RES/16/7&l=en&t=pdf,1,35558,6fd1139d570ce3ac8d1d8bf8d7d58e49c81e309861775fd3d1c186b61a007022
2026-09-25,data/raw/conselho_dh/2026-09-25/A_HRC_RES_16_8.pdf,https://documents.un.org/api/symbol/access?s=A/HRC/RES/16/8&l=en&t=pdf,1,36765,a87f9cd5d804e92928535064db69659071bd2748e6a9a40bbce3c7eabb664458
2026-09-25,data/raw/conselho_dh/2026-09-25/A_HRC_RES_16_9.pdf,https://documents.un.org/api/symbol/access?s=A/HRC/RES/16/9&l=en&t=pdf,1,30698,4480e01ec8e95330ff50105db978268583af66198ac6ef9b8d91b460ad2af847
2026-09-25,data/raw/conselho_dh/2026-09-25/A_HRC_RES_16_10.pdf,https://documents.un.org/api/symbol/access?s=A/HRC/RES/16/10&l=en&t=pdf,1,39212,29b6cd6f9db3f9667c27dfd4bd739072281351a2f129d168cd9bff267b5fef5e
2026-09-25,data/raw/conselho_dh/2026-09-25/A_HRC_RES_16_11.pdf,https://documents.un.org/api/symbol/access?s=A/HRC/RES/16/11&l=en&t=pdf,1,37038,b2ea7f6fa6bc0094609587c6b1e2fe1283e99f3eb27c368063be701b5eba4f87
2026-09-25,data/raw/conselho_dh/2026-09-25/A_HRC_RES_16_12.pdf,https://documents.un.org/api/symbol/access?s=A/HRC/RES/16/12&l=en&t=pdf,1,55708,435ea4a3e067e3a30edaa6d5bd5294c8a1f0ed9ba576f93f75d2ef3c59f5e2da
2026-09-25,data/raw/conselho_dh/2026-09-25/A_HRC_RES_16_13.pdf,https://documents.un.org/api/symbol/access?s=A/HRC/RES/16/13&l=en&t=pdf,1,43516,25140bbc9e676568338fb8b9aff2e42677de7c41d8ebc89acb8986ce65f2e4a2
2026-09-25,data/raw/conselho_dh/2026-09-25/A_HRC_RES_16_14.pdf,https://documents.un.org/api/symbol/access?s=A/HRC/RES/16/14&l=en&t=pdf,1,37497,ce3c372ee95a452ad03017c90e390b0daffcbcf3044763096b010010bdf2b900
2026-09-25,data/raw/conselho_dh/2026-09-25/A_HRC_RES_16_15.pdf,https://documents.un.org/api/symbol/access?s=A/HRC/RES/16/15&l=en&t=pdf,1,41428,fcb4fe5181cb79b7c3e47e4cf36dcf2642f28203cde232b853ab5902138f9eac
2026-09-25,data/raw/conselho_dh/2026-09-25/A_HRC_RES_16_16.pdf,https://documents.un.org/api/symbol/access?s=A/HRC/RES/16/16&l=en&t=pdf,1,35596,25b7764a49329bae74ac5aa96a0218e7a15f5617cc422e154856106952ad60ba
2026-09-25,data/raw/conselho_dh/2026-09-25/A_HRC_RES_16_17.pdf,https://documents.un.org/api/symbol/access?s=A/HRC/RES/16/17&l=en&t=pdf,1,37265,21d36eaefad05690f8ea46443689a4ef48c8f8cd76dcdf0f83b0f9ac55b067cb
2026-09-25,data/raw/conselho_dh/2026-09-25/A_HRC_RES_16_18.pdf,https://documents.un.org/api/symbol/access?s=A/HRC/RES/16/18&l=en&t=pdf,1,39537,5dd7f3544f864011bc1dbf44029cb90514424c5ce4731b2e0160014973809945
2026-09-25,data/raw/conselho_dh/2026-09-25/A_HRC_RES_16_19.pdf,https://documents.un.org/api/symbol/access?s=A/HRC/RES/16/19&l=en&t=pdf,1,31569,d0d39c42492807a93d9f6564ae431b9ec8a96ac807cc0a16e3b5c06a086996e5
2026-09-25,data/raw/conselho_dh/2026-09-25/A_HRC_RES_16_20.pdf,https://documents.un.org/api/symbol/access?s=A/HRC/RES/16/20&l=en&t=pdf,1,46301,dad8db52a95ae4ceede2e7b1e449fc71c2ec8fef06ca7999e682e338ae194387
2026-09-25,data/raw/conselho_dh/2026-09-25/A_HRC_RES_16_21.pdf,https://documents.un.org/api/symbol/access?s=A/HRC/RES/16/21&l=en&t=pdf,1,63669,933e22c1d8a633d178f0f0928586da7fda38faae2cbdf51289bdf72f43464cad
2026-09-25,data/raw/conselho_dh/2026-09-25/A_HRC_RES_16_22.pdf,https://documents.un.org/api/symbol/access?s=A/HRC/RES/16/22&l=en&t=pdf,1,40446,426bb61fe779f01ab5e7acf37f1dfab9a1826de658d7bcfba1d753361bc67064
2026-09-25,data/raw/conselho_dh/2026-09-25/A_HRC_RES_16_23.pdf,https://documents.un.org/api/symbol/access?s=A/HRC/RES/16/23&l=en&t=pdf,1,51173,e8cc5116b193c80764871b1fa829df8356cb9d42c0bc7c091ca1ea52f014ea9a
2026-09-25,data/raw/conselho_dh/2026-09-25/A_HRC_RES_16_24.pdf,https://documents.un.org/api/symbol/access?s=A/HRC/RES/16/24&l=en&t=pdf,1,52853,529a7af2defd7e7a73a8fefd4ef60dd15ea2b54abc31cd4eff838ae755168648
2026-09-25,data/raw/conselho_dh/2026-09-25/A_HRC_RES_16_25.pdf,https://documents.un.org/api/symbol/access?s=A/HRC/RES/16/25&l=en&t=pdf,1,51168,b0ea55148e38d5678f54c2a4c41345713c4ecf1c0f23682c8431fe4167594867
2026-09-25,data/raw/conselho_dh/2026-09-25/A_HRC_RES_16_26.pdf,https://documents.un.org/api/symbol/access?s=A/HRC/RES/16/26&l=en&t=pdf,1,39462,5cc09d4774429e240579c13d7d11629e3880c01ed86c3841da36dbf3cacc435a
2026-09-25,data/raw/conselho_dh/2026-09-25/A_HRC_RES_16_27.pdf,https://documents.un.org/api/symbol/access?s=A/HRC/RES/16/27&l=en&t=pdf,1,70281,64698739cc06d4876fc287794b5df0ff4a37015348649051e6f5468dcbc00d5c
2026-09-25,data/raw/conselho_dh/2026-09-25/A_HRC_RES_16_28.pdf,https://documents.un.org/api/symbol/access?s=A/HRC/RES/16/28&l=en&t=pdf,1,57771,328830dd8b0a24f473aeb4b701758f7c906294751bdc140b6d1791d401a7d5eb
2026-09-25,data/raw/conselho_dh/2026-09-25/A_HRC_RES_16_29.pdf,https://documents.un.org/api/symbol/access?s=A/HRC/RES/16/29&l=en&t=pdf,1,41119,f04935151a8aaa8cd1ed5dc4fd5974591441eef0feb0627574b65b558ba79c8d
2026-09-25,data/raw/conselho_dh/2026-09-25/A_HRC_RES_16_30.pdf,https://documents.un.org/api/symbol/access?s=A/HRC/RES/16/30&l=en&t=pdf,1,33601,ed7130b5054efaa3e483286732db4fe7c17c2306c3d19d869eade39447cc2ff6
2026-09-25,data/raw/conselho_dh/2026-09-25/A_HRC_RES_16_31.pdf,https://documents.un.org/api/symbol/access?s=A/HRC/RES/16/31&l=en&t=pdf,1,46255,b9d688811d5ab41cd155ea84dd510651ee808729f25f621e61ff391a30998b14
2026-09-25,data/raw/conselho_dh/2026-09-25/A_HRC_RES_16_32.pdf,https://documents.un.org/api/symbol/access?s=A/HRC/RES/16/32&l=en&t=pdf,1,38858,e040eb59bc1a762c85ffee5ab5cf596b696fd6d8f74520c05a1f247418195ced
2026-09-25,data/raw/conselho_dh/2026-09-25/A_HRC_RES_16_33.pdf,https://documents.un.org/api/symbol/access?s=A/HRC/RES/16/33&l=en&t=pdf,1,30643,737615717816edb6567ac49278ceb02b14b7fc6728fd22cb2d43a002b61182ae
2026-09-25,data/raw/conselho_dh/2026-09-25/A_HRC_RES_16_34.pdf,https://documents.un.org/api/symbol/access?s=A/HRC/RES/16/34&l=en&t=pdf,1,29548,8adfdc6cfe9b9d49d3cc3c5a2a960909c3cf31d2b55777fb85081ec2626b80e3
2026-09-25,data/raw/conselho_dh/2026-09-25/A_HRC_RES_16_35.pdf,https://documents.un.org/api/symbol/access?s=A/HRC/RES/16/35&l=en&t=pdf,1,37560,a451a0f2f3d84f35a119c52cabab42b7409817ea46c25b6a7e91faa73360a1ad
2026-09-25,data/raw/conselho_dh/2026-09-25/A_HRC_RES_16_36.pdf,https://documents.un.org/api/symbol/access?s=A/HRC/RES/16/36&l=en&t=pdf,1,32660,5dabf02bd859f9e4bf8174a52e85c77abec80704f35ea7f75a5d6be9cb62c188
2026-09-25,data/raw/conselho_dh/2026-09-25/A_HRC_RES_17_1.pdf,https://documents.un.org/api/symbol/access?s=A/HRC/RES/17/1&l=en&t=pdf,1,47636,c08f0c8d9f3aa2520453e6230d14713df6aa1c6af471865d831401162d54049c
2026-09-25,data/raw/conselho_dh/2026-09-25/A_HRC_RES_17_2.pdf,https://documents.un.org/api/symbol/access?s=A/HRC/RES/17/2&l=en&t=pdf,1,42665,7fdf363e0616a1eece72886c10a82f84412d39a7e4086ca562539bfba66c933c
2026-09-25,data/raw/conselho_dh/2026-09-25/A_HRC_RES_17_3.pdf,https://documents.un.org/api/symbol/access?s=A/HRC/RES/17/3&l=en&t=pdf,1,46246,69137060153ca1c057f4255684243e6731351923ee8383a7ceb5106c953b5da6
2026-09-25,data/raw/conselho_dh/2026-09-25/A_HRC_RES_17_4.pdf,https://documents.un.org/api/symbol/access?s=A/HRC/RES/17/4&l=en&t=pdf,1,53622,3cce8ffb6b5457eea75737869f0844b9fdd721502f7409ce6fdc2b020077fbaa
2026-09-25,data/raw/conselho_dh/2026-09-25/A_HRC_RES_17_5.pdf,https://documents.un.org/api/symbol/access?s=A/HRC/RES/17/5&l=en&t=pdf,1,48267,559f98407b47446dfd61861de37081eb033b8242a156f559cfeb197999359417
2026-09-25,data/raw/conselho_dh/2026-09-25/A_HRC_RES_17_6.pdf,https://documents.un.org/api/symbol/access?s=A/HRC/RES/17/6&l=en&t=pdf,1,44463,4cf2b034c4833aa6211e480121227f5a165c62b6b239c5adeb5e10d3d63a9f08
2026-09-25,data/raw/conselho_dh/2026-09-25/A_HRC_RES_17_7.pdf,https://documents.un.org/api/symbol/access?s=A/HRC/RES/17/7&l=en&t=pdf,1,64779,ec06dfba48db09772b084f80ec9a84087ce7fb1d5eb391b9df8db87f524af77a
2026-09-25,data/raw/conselho_dh/2026-09-25/A_HRC_RES_17_8.pdf,https://documents.un.org/api/symbol/access?s=A/HRC/RES/17/8&l=en&t=pdf,1,38046,4ead9f1f37fce24311da57606feab3c53e99bcbcba0382523a1a191045dcdeaa
2026-09-25,data/raw/conselho_dh/2026-09-25/A_HRC_RES_17_9.pdf,https://documents.un.org/api/symbol/access?s=A/HRC/RES/17/9&l=en&t=pdf,1,48062,5611f8b766b4313a2a82ca83815b0d54c474510a117786f45050bab9e474634b
2026-09-25,data/raw/conselho_dh/2026-09-25/A_HRC_RES_17_10.pdf,https://documents.un.org/api/symbol/access?s=A/HRC/RES/17/10&l=en&t=pdf,1,143215,81ba53cb23eb746b585c65da58f0a525c219b8d13ffc88035cf9d57f6b104961
2026-09-25,data/raw/conselho_dh/2026-09-25/A_HRC_RES_17_11.pdf,https://documents.un.org/api/symbol/access?s=A/HRC/RES/17/11&l=en&t=pdf,1,66271,fa90e518eda65483d85fabac33730f5ccec1e373705215e8898ea79496514ae8
2026-09-25,data/raw/conselho_dh/2026-09-25/A_HRC_RES_17_12.pdf,https://documents.un.org/api/symbol/access?s=A/HRC/RES/17/12&l=en&t=pdf,1,43497,2b629540c167e3b8985e7c300b89ac2749ba7a5eed22ccb470d50f2d056da5ee
2026-09-25,data/raw/conselho_dh/2026-09-25/A_HRC_RES_17_13.pdf,https://documents.un.org/api/symbol/access?s=A/HRC/RES/17/13&l=en&t=pdf,1,44922,57e6220e04aae5fe66ddf3b54dda74ce2610993da1311c6e819dbe0f8d488578
2026-09-25,data/raw/conselho_dh/2026-09-25/A_HRC_RES_17_14.pdf,https://documents.un.org/api/symbol/access?s=A/HRC/RES/17/14&l=en&t=pdf,1,55919,dba64ee658f5a2263ab4f33319e906d836202ba900bbb0c8476fa7d3d828ac73
2026-09-25,data/raw/conselho_dh/2026-09-25/A_HRC_RES_17_15.pdf,https://documents.un.org/api/symbol/access?s=A/HRC/RES/17/15&l=en&t=pdf,1,45773,b80765fbe753867b06fef78c4a9a0210786de6247532955cbcb439ec3290ce6a
2026-09-25,data/raw/conselho_dh/2026-09-25/A_HRC_RES_17_16.pdf,https://documents.un.org/api/symbol/access?s=A/HRC/RES/17/16&l=en&t=pdf,1,44620,a87f8f21fc5eabf9d4a997660840a8649709f4da4b305982b23bddead054bbdc
2026-09-25,data/raw/conselho_dh/2026-09-25/A_HRC_RES_17_17.pdf,https://documents.un.org/api/symbol/access?s=A/HRC/RES/17/17&l=en&t=pdf,1,35702,248807bfb5358dc5b784bf9644d908f3891228724eaf63cef6b86c8157b23354
2026-09-25,data/raw/conselho_dh/2026-09-25/A_HRC_RES_17_18.pdf,https://documents.un.org/api/symbol/access?s=A/HRC/RES/17/18&l=en&t=pdf,1,76259,ffeb3de7a16c78e972f16b903090e90bc77214ecc0a9916a9c53802e52b7dbff
2026-09-25,data/raw/conselho_dh/2026-09-25/A_HRC_RES_17_19.pdf,https://documents.un.org/api/symbol/access?s=A/HRC/RES/17/19&l=en&t=pdf,1,40422,aef205bfa790a319f860a469496723ed33c0e16092166237396307bb0b6dc253
2026-09-25,data/raw/conselho_dh/2026-09-25/A_HRC_RES_17_20.pdf,https://documents.un.org/api/symbol/access?s=A/HRC/RES/17/20&l=en&t=pdf,1,61461,0da1168831396277e51f0bb13ac74d038c83ac4ff24501f44dbdbec7275613d0
2026-09-25,data/raw/conselho_dh/2026-09-25/A_HRC_RES_17_21.pdf,https://documents.un.org/api/symbol/access?s=A/HRC/RES/17/21&l=en&t=pdf,1,50602,cf429697db90a7af21cd316431088221e4b9e258aed6a76cb3791f34e5c5a7ce
2026-09-25,data/raw/conselho_dh/2026-09-25/A_HRC_RES_17_22.pdf,https://documents.un.org/api/symbol/access?s=A/HRC/RES/17/22&l=en&t=pdf,1,46814,f7750703bb22427a41d8b305d355c9f2fa89ca8a44c817491f18d21da6b6677c
2026-09-25,data/raw/conselho_dh/2026-09-25/A_HRC_RES_17_23.pdf,https://documents.un.org/api/symbol/access?s=A/HRC/RES/17/23&l=en&t=pdf,1,42173,b9c549f627b55c39e8cb4de8f24fb9ea05bd1ab3cc74c8dedca8d53292647656
2026-09-25,data/raw/conselho_dh/2026-09-25/A_HRC_RES_17_24.pdf,https://documents.un.org/api/symbol/access?s=A/HRC/RES/17/24&l=en&t=pdf,1,46881,a6765cc10f772e6382045bee2b211276fd4bc147b5c16c41f03ea3e50d80593b
2026-09-25,data/raw/conselho_dh/2026-09-25/A_HRC_RES_17_25.pdf,https://documents.un.org/api/symbol/access?s=A/HRC/RES/17/25&l=en&t=pdf,1,42705,6d4cd388da1df7904357a1998d8268ec9b7cdc964e67573dfa3b0a9367386384
2026-09-25,data/raw/conselho_dh/2026-09-25/A_HRC_RES_18_1.pdf,https://documents.un.org/api/symbol/access?s=A/HRC/RES/18/1&l=en&t=pdf,1,355521,3243322be8050a0f0dc9ca0de312627face6ac9ae53d188a07f77431367504be
2026-09-25,data/raw/conselho_dh/2026-09-25/A_HRC_RES_18_2.pdf,https://documents.un.org/api/symbol/access?s=A/HRC/RES/18/2&l=en&t=pdf,1,341084,d720d3d755ae10a81001b53abec0c4a2e1d6426d340b3a840d28f433b559f540
2026-09-25,data/raw/conselho_dh/2026-09-25/A_HRC_RES_18_3.pdf,https://documents.un.org/api/symbol/access?s=A/HRC/RES/18/3&l=en&t=pdf,1,48785,682bfcf655575f3d877f9ccfbd32c79821d02daaa087e57ade5429710b94343c
2026-09-25,data/raw/conselho_dh/2026-09-25/A_HRC_RES_18_4.pdf,https://documents.un.org/api/symbol/access?s=A/HRC/RES/18/4&l=en&t=pdf,1,65727,d23f5ee5b004518cf01665c14d62db4c8ed7e4c39d43dbdaf05aed9bafb318d6
2026-09-25,data/raw/conselho_dh/2026-09-25/A_HRC_RES_18_5.pdf,https://documents.un.org/api/symbol/access?s=A/HRC/RES/18/5&l=en&t=pdf,1,353091,f7a6da3e04016d0413a0dcd0941f201f1e66840ffbe3e4c3903959670b5667e2
2026-09-25,data/raw/conselho_dh/2026-09-25/A_HRC_RES_18_6.pdf,https://documents.un.org/api/symbol/access?s=A/HRC/RES/18/6&l=en&t=pdf,1,364256,62e0c2f0723f3921d2059d6e91e20978a9cb4a0b9f275b17161edbad90b526a9
2026-09-25,data/raw/conselho_dh/2026-09-25/A_HRC_RES_18_7.pdf,https://documents.un.org/api/symbol/access?s=A/HRC/RES/18/7&l=en&t=pdf,1,346432,70e253d7725967389ad224e775c92c71902760e12b53fc32765a688399635be3
2026-09-25,data/raw/conselho_dh/2026-09-25/A_HRC_RES_18_8.pdf,https://documents.un.org/api/symbol/access?s=A/HRC/RES/18/8&l=en&t=pdf,1,353174,17eb0ecb160e06fcc624a37851ff12e4f0c053d1d00bbd4a829e43c033b052bd
2026-09-25,data/raw/conselho_dh/2026-09-25/A_HRC_RES_18_9.pdf,https://documents.un.org/api/symbol/access?s=A/HRC/RES/18/9&l=en&t=pdf,1,46026,d65bb4936ddebda77f1290a14713bdbf1bd69a8e7b9bf25d3dfd73a84554c438
2026-09-25,data/raw/conselho_dh/2026-09-25/A_HRC_RES_18_10.pdf,https://documents.un.org/api/symbol/access?s=A/HRC/RES/18/10&l=en&t=pdf,1,340299,a587837e88d72ed00078e214a192881e84b3ea434eb98e39f0ebc4b9055719c3
2026-09-25,data/raw/conselho_dh/2026-09-25/A_HRC_RES_18_11.pdf,https://documents.un.org/api/symbol/access?s=A/HRC/RES/18/11&l=en&t=pdf,1,56924,d9155b466b110461e010e0fd866f87ef6cedbc6bcbdd57ea6e35747e93f5c94f
2026-09-25,data/raw/conselho_dh/2026-09-25/A_HRC_RES_18_12.pdf,https://documents.un.org/api/symbol/access?s=A/HRC/RES/18/12&l=en&t=pdf,1,360625,2fdbcfba907f6f5352b261e380a683673d842152877fc9d76d730b5ea5bb8945
2026-09-25,data/raw/conselho_dh/2026-09-25/A_HRC_RES_18_13.pdf,https://documents.un.org/api/symbol/access?s=A/HRC/RES/18/13&l=en&t=pdf,1,132950,f7523e2871f0df46e1d3add2c29c6dcc326bfbf673f668cfad129771727f504e
2026-09-25,data/raw/conselho_dh/2026-09-25/A_HRC_RES_18_14.pdf,https://documents.un.org/api/symbol/access?s=A/HRC/RES/18/14&l=en&t=pdf,1,50396,3c0f9af55d003aec01b037aa490940d75eb809423c87642a03fc8cd3e6c3f7b3
2026-09-25,data/raw/conselho_dh/2026-09-25/A_HRC_RES_18_15.pdf,https://documents.un.org/api/symbol/access?s=A/HRC/RES/18/15&l=en&t=pdf,1,344162,964f8600e8fd0862eb183d186ba917659b351eb2efe0ba186f02a9f730d16032
2026-09-25,data/raw/conselho_dh/2026-09-25/A_HRC_RES_18_16.pdf,https://documents.un.org/api/symbol/access?s=A/HRC/RES/18/16&l=en&t=pdf,1,51928,138507e2760b146fcb48058d997a62bbc7c66ab2ff5ac5353441c334dd1011f7
2026-09-25,data/raw/conselho_dh/2026-09-25/A_HRC_RES_18_17.pdf,https://documents.un.org/api/symbol/access?s=A/HRC/RES/18/17&l=en&t=pdf,1,333019,9e9302077809348550611a3d98f20385f473517f6fd6e0612108f0754787d3f4
2026-09-25,data/raw/conselho_dh/2026-09-25/A_HRC_RES_18_18.pdf,https://documents.un.org/api/symbol/access?s=A/HRC/RES/18/18&l=en&t=pdf,1,403172,0e45ebeefc3a820c526752458f7fd668a5a216bcd0e9a371047eb72f66c8986c
2026-09-25,data/raw/conselho_dh/2026-09-25/A_HRC_RES_18_19.pdf,https://documents.un.org/api/symbol/access?s=A/HRC/RES/18/19&l=en&t=pdf,1,332161,918b92c495ecef12991dfbc786b34c8c26baf364e01efd830b9e8481c926ade8
2026-09-25,data/raw/conselho_dh/2026-09-25/A_HRC_RES_18_20.pdf,https://documents.un.org/api/symbol/access?s=A/HRC/RES/18/20&l=en&t=pdf,1,69091,b2a4f1bb982486d5d1a1a089d4c156b420670833c2e4c1c1673e5f713700dbda
2026-09-25,data/raw/conselho_dh/2026-09-25/A_HRC_RES_18_21.pdf,https://documents.un.org/api/symbol/access?s=A/HRC/RES/18/21&l=en&t=pdf,1,348354,617d22b54044e15da1185d5192953242c98fb328402ab1a04567dbc3304293f0
2026-09-25,data/raw/conselho_dh/2026-09-25/A_HRC_RES_18_22.pdf,https://documents.un.org/api/symbol/access?s=A/HRC/RES/18/22&l=en&t=pdf,1,57713,e7cc3658ba536f4a5136c2453df546574faa95286fae281342c5a7a5ecb93ca5
2026-09-25,data/raw/conselho_dh/2026-09-25/A_HRC_RES_18_23.pdf,https://documents.un.org/api/symbol/access?s=A/HRC/RES/18/23&l=en&t=pdf,1,55981,590e0e08e706eb7ad0dbf08f37565a787cf173e4f962a884aa843dd393401ca8
2026-09-25,data/raw/conselho_dh/2026-09-25/A_HRC_RES_18_24.pdf,https://documents.un.org/api/symbol/access?s=A/HRC/RES/18/24&l=en&t=pdf,1,49014,7bf6ee96498759a7242b4a682826e5b2cfe05350560de7831c907370c3e4c193
2026-09-25,data/raw/conselho_dh/2026-09-25/A_HRC_RES_18_25.pdf,https://documents.un.org/api/symbol/access?s=A/HRC/RES/18/25&l=en&t=pdf,1,432993,083145a93c202150cfb99563d3c1a837c0c37c67d1d1034673809d897a60d874
2026-09-25,data/raw/conselho_dh/2026-09-25/A_HRC_RES_18_26.pdf,https://documents.un.org/api/symbol/access?s=A/HRC/RES/18/26&l=en&t=pdf,1,343937,40a37b7eac6fde105bb34bb96c56667d5e9ac09c341c547ba4c7d507bcb16772
2026-09-25,data/raw/conselho_dh/2026-09-25/A_HRC_RES_18_27.pdf,https://documents.un.org/api/symbol/access?s=A/HRC/RES/18/27&l=en&t=pdf,1,57588,cf4010bb68c9cf75c43c015f5be492998e3c8aecb5b7938184b22cf85c858a07
2026-09-25,data/raw/conselho_dh/2026-09-25/A_HRC_RES_18_28.pdf,https://documents.un.org/api/symbol/access?s=A/HRC/RES/18/28&l=en&t=pdf,1,335867,312f6dcb535beb20bdf979563017d979f762e39e71665990fe9b5f9b689098f5
2026-09-25,data/raw/conselho_dh/2026-09-25/A_HRC_RES_19_1.pdf,https://documents.un.org/api/symbol/access?s=A/HRC/RES/19/1&l=en&t=pdf,1,339973,1d82bb6f029a8ea0672641fd49f9ab0c2fa3ea2e3d2260ea71f958873eb3601d
2026-09-25,data/raw/conselho_dh/2026-09-25/A_HRC_RES_19_2.pdf,https://documents.un.org/api/symbol/access?s=A/HRC/RES/19/2&l=en&t=pdf,1,336612,acfa428eb401c43a8474e50036638baa92bbab2369f8103770cd14c92ff13106
2026-09-25,data/raw/conselho_dh/2026-09-25/A_HRC_RES_19_3.pdf,https://documents.un.org/api/symbol/access?s=A/HRC/RES/19/3&l=en&t=pdf,1,57449,a5d52b953cfef4618866232961b3d8f72cf80d1787dbc287008c81671a9f3b9a
2026-09-25,data/raw/conselho_dh/2026-09-25/A_HRC_RES_19_4.pdf,https://documents.un.org/api/symbol/access?s=A/HRC/RES/19/4&l=en&t=pdf,1,347882,fd468882789da95cf8154bba471acd112a3011377ea8bd546d6637b8c4237b85
2026-09-25,data/raw/conselho_dh/2026-09-25/A_HRC_RES_19_5.pdf,https://documents.un.org/api/symbol/access?s=A/HRC/RES/19/5&l=en&t=pdf,1,353024,e8b66977250d5899320469541a18456f81d5ae2c38a29c778151dd107f2170d2
2026-09-25,data/raw/conselho_dh/2026-09-25/A_HRC_RES_19_6.pdf,https://documents.un.org/api/symbol/access?s=A/HRC/RES/19/6&l=en&t=pdf,1,55905,a8a3a4731ca59d5c5abdc865f06ffac1fe556067b49dddcb13e0ab684290b8a4
2026-09-25,data/raw/conselho_dh/2026-09-25/A_HRC_RES_19_7.pdf,https://documents.un.org/api/symbol/access?s=A/HRC/RES/19/7&l=en&t=pdf,1,383635,6c97ac6c0574de96dd6b065cb4d1686efbfab8dd7a578a659b74da69a772028c
2026-09-25,data/raw/conselho_dh/2026-09-25/A_HRC_RES_19_8.pdf,https://documents.un.org/api/symbol/access?s=A/HRC/RES/19/8&l=en&t=pdf,1,347800,e90928b6baa59fc889e76bb47c1ad47312724a6d8f14458cfebe471941c3c8bb
2026-09-25,data/raw/conselho_dh/2026-09-25/A_HRC_RES_19_9.pdf,https://documents.un.org/api/symbol/access?s=A/HRC/RES/19/9&l=en&t=pdf,1,337609,8b0819f5e7e78a3892c7963a26f84acc52749d0d556f3e47e756d4142478d114
2026-09-25,data/raw/conselho_dh/2026-09-25/A_HRC_RES_19_10.pdf,https://documents.un.org/api/symbol/access?s=A/HRC/RES/19/10&l=en&t=pdf,1,76142,43465423ed69c1004076e842035ffe39c7b37e0c2189932e27606b7eeded7981
2026-09-25,data/raw/conselho_dh/2026-09-25/A_HRC_RES_19_11.pdf,https://documents.un.org/api/symbol/access?s=A/HRC/RES/19/11&l=en&t=pdf,1,63002,aaa3066fedb2e0d5dd5537bf05dec881564e66840c4059bb92e27947d4f265f3
2026-09-25,data/raw/conselho_dh/2026-09-25/A_HRC_RES_19_12.pdf,https://documents.un.org/api/symbol/access?s=A/HRC/RES/19/12&l=en&t=pdf,1,182562,924336faeeb82a210eb621eebb2b303c3570212cf66a5c71a4a532a610622260
2026-09-25,data/raw/conselho_dh/2026-09-25/A_HRC_RES_19_13.pdf,https://documents.un.org/api/symbol/access?s=A/HRC/RES/19/13&l=en&t=pdf,1,396548,43332866cbd601980cff217064ba1b452b0a955a5e8126ffa281f5963df9143d
2026-09-25,data/raw/conselho_dh/2026-09-25/A_HRC_RES_19_14.pdf,https://documents.un.org/api/symbol/access?s=A/HRC/RES/19/14&l=en&t=pdf,1,343677,e959b619e49c580f21de845321860211b5c3d8ee093903f19fbe19e3b6035763
2026-09-25,data/raw/conselho_dh/2026-09-25/A_HRC_RES_19_15.pdf,https://documents.un.org/api/symbol/access?s=A/HRC/RES/19/15&l=en&t=pdf,1,51721,e060697b38e294fa09d6201c53461612c78de9fc2c6da8535562501a6feb4049
2026-09-25,data/raw/conselho_dh/2026-09-25/A_HRC_RES_19_16.pdf,https://documents.un.org/api/symbol/access?s=A/HRC/RES/19/16&l=en&t=pdf,1,568098,55b14178608df5e5806cc0cd35b17043c0b5c12fea1964ffb14a96d6263c51c7
2026-09-25,data/raw/conselho_dh/2026-09-25/A_HRC_RES_19_17.pdf,https://documents.un.org/api/symbol/access?s=A/HRC/RES/19/17&l=en&t=pdf,1,569003,78050810ad351283f59ab5a997ee185bd16c3b3ec4c4b04b271b78449ec2d65a
2026-09-25,data/raw/conselho_dh/2026-09-25/A_HRC_RES_19_18.pdf,https://documents.un.org/api/symbol/access?s=A/HRC/RES/19/18&l=en&t=pdf,1,53697,ad2bd5d0d40917951ebeaa42a0bbb69cd8809ff1dfc1d16af115ee68afe466ee
2026-09-25,data/raw/conselho_dh/2026-09-25/A_HRC_RES_19_19.pdf,https://documents.un.org/api/symbol/access?s=A/HRC/RES/19/19&l=en&t=pdf,1,138557,9cb392d9a39227bc57405f12fecf271dc87a53e7ca736d7cbf7f856311b7e85a
2026-09-25,data/raw/conselho_dh/2026-09-25/A_HRC_RES_19_20.pdf,https://documents.un.org/api/symbol/access?s=A/HRC/RES/19/20&l=en&t=pdf,1,136594,7bfbb2a67cb9d71a99af62f01dbacfcd604847f2e2252c4e4d3811a9fd9b7bdf
2026-09-25,data/raw/conselho_dh/2026-09-25/A_HRC_RES_19_21.pdf,https://documents.un.org/api/symbol/access?s=A/HRC/RES/19/21&l=en&t=pdf,1,487836,56bb15ecf6e90007fea7f2c5a6f2755eadf7c906271f2fe480d19d54244982fc
2026-09-25,data/raw/conselho_dh/2026-09-25/A_HRC_RES_19_22.pdf,https://documents.un.org/api/symbol/access?s=A/HRC/RES/19/22&l=en&t=pdf,1,429538,8612e44645128665b218b41c39e45547b0cf36b0fcae188f594d9f8a030f750f
2026-09-25,data/raw/conselho_dh/2026-09-25/A_HRC_RES_19_23.pdf,https://documents.un.org/api/symbol/access?s=A/HRC/RES/19/23&l=en&t=pdf,1,59859,b7b7c74c6a2e6be5030eda23595e85c18d944fea297b0f8feaee4c83082c6437
2026-09-25,data/raw/conselho_dh/2026-09-25/A_HRC_RES_19_24.pdf,https://documents.un.org/api/symbol/access?s=A/HRC/RES/19/24&l=en&t=pdf,1,342070,b528c4abc7fa6ec0c7fb224fd9cf8376875b72f91a39670af909e740d7dc53cc
2026-09-25,data/raw/conselho_dh/2026-09-25/A_HRC_RES_19_25.pdf,https://documents.un.org/api/symbol/access?s=A/HRC/RES/19/25&l=en&t=pdf,1,58591,6cd79de6278a6bd014733b544b29c00e0aab2e740cce2b6d39c266ea690723d5
2026-09-25,data/raw/conselho_dh/2026-09-25/A_HRC_RES_19_26.pdf,https://documents.un.org/api/symbol/access?s=A/HRC/RES/19/26&l=en&t=pdf,1,50968,344fa5d6f491952f879af813b53a37629e695bd628aed1ae544d97bc6114b0b7
2026-09-25,data/raw/conselho_dh/2026-09-25/A_HRC_RES_19_27.pdf,https://documents.un.org/api/symbol/access?s=A/HRC/RES/19/27&l=en&t=pdf,1,41989,52dd19efd40188884e12859f14fc9d61386d94179aa85da4a7c13ed33d852d09
2026-09-25,data/raw/conselho_dh/2026-09-25/A_HRC_RES_19_28.pdf,https://documents.un.org/api/symbol/access?s=A/HRC/RES/19/28&l=en&t=pdf,1,343544,6752dd3aaa29d07d0582b68ab8dd517eb36a482e9b3b6fc6716551f8b8eb1a19
2026-09-25,data/raw/conselho_dh/2026-09-25/A_HRC_RES_19_29.pdf,https://documents.un.org/api/symbol/access?s=A/HRC/RES/19/29&l=en&t=pdf,1,51268,de8b0426c2d0f926414faacf0a0105164e42c3a958cd55ed238abb91628dc395
2026-09-25,data/raw/conselho_dh/2026-09-25/A_HRC_RES_19_30.pdf,https://documents.un.org/api/symbol/access?s=A/HRC/RES/19/30&l=en&t=pdf,1,36158,79d4e6cda01383937bce1d6a08d90af32917c7ec2217ad7c84bb994bf8983319
2026-09-25,data/raw/conselho_dh/2026-09-25/A_HRC_RES_19_31.pdf,https://documents.un.org/api/symbol/access?s=A/HRC/RES/19/31&l=en&t=pdf,1,339876,1f47051f3b607d3c3e3fe2022a2ca701e08cf359d2856692d42f9b5fab0806e2
2026-09-25,data/raw/conselho_dh/2026-09-25/A_HRC_RES_19_32.pdf,https://documents.un.org/api/symbol/access?s=A/HRC/RES/19/32&l=en&t=pdf,1,62024,46156bd0437e3d83975101072a1629eab4a9ed52d5606983257180b793624867
2026-09-25,data/raw/conselho_dh/2026-09-25/A_HRC_RES_19_33.pdf,https://documents.un.org/api/symbol/access?s=A/HRC/RES/19/33&l=en&t=pdf,1,75103,67c602d5f4734b99ccf92666a30ab12df0e95f62474df8251fed69d46e947602
2026-09-25,data/raw/conselho_dh/2026-09-25/A_HRC_RES_19_34.pdf,https://documents.un.org/api/symbol/access?s=A/HRC/RES/19/34&l=en&t=pdf,1,351175,1e8c1ccb0853b32c78271da155846a1e114910dbade9ede74851338d99892392
2026-09-25,data/raw/conselho_dh/2026-09-25/A_HRC_RES_19_35.pdf,https://documents.un.org/api/symbol/access?s=A/HRC/RES/19/35&l=en&t=pdf,1,341611,0e13410333302118ba0bdad042455beea7e984e5532276c3f7d20566374086b1
2026-09-25,data/raw/conselho_dh/2026-09-25/A_HRC_RES_19_36.pdf,https://documents.un.org/api/symbol/access?s=A/HRC/RES/19/36&l=en&t=pdf,1,370719,3964eb03927ee1d8ce11bfe587be53b0a1cd817d07c8a863535dc242a39026e8
2026-09-25,data/raw/conselho_dh/2026-09-25/A_HRC_RES_19_37.pdf,https://documents.un.org/api/symbol/access?s=A/HRC/RES/19/37&l=en&t=pdf,1,540892,434f5e2c8027bcf870586550406b7a982c9e4e5f760047a6c2b89ff33c3f15e4
2026-09-25,data/raw/conselho_dh/2026-09-25/A_HRC_RES_19_38.pdf,https://documents.un.org/api/symbol/access?s=A/HRC/RES/19/38&l=en&t=pdf,1,361551,173d3e64afba210836b7e2ff0d4848086332ca72347a8c884a7a61d2ab8b7b3a
2026-09-25,data/raw/conselho_dh/2026-09-25/A_HRC_RES_19_39.pdf,https://documents.un.org/api/symbol/access?s=A/HRC/RES/19/39&l=en&t=pdf,1,53201,44087f45e8aaf2466570e8474ddd8352119ec8bec4b0955588ed0e379fe7951e
2026-09-25,data/raw/conselho_dh/2026-09-25/A_HRC_RES_20_1.pdf,https://documents.un.org/api/symbol/access?s=A/HRC/RES/20/1&l=en&t=pdf,1,372482,99e69c2c4c41d75677af62f4e8ed72c799302ea31fb3c4302d3fa3a2303d09ec
2026-09-25,data/raw/conselho_dh/2026-09-25/A_HRC_RES_20_2.pdf,https://documents.un.org/api/symbol/access?s=A/HRC/RES/20/2&l=en&t=pdf,1,62873,fbe4c5730bc535c04fa82699a22a4574d4aef97e95c74a1afd5778813c5a0ba3
2026-09-25,data/raw/conselho_dh/2026-09-25/A_HRC_RES_20_3.pdf,https://documents.un.org/api/symbol/access?s=A/HRC/RES/20/3&l=en&t=pdf,1,357246,dac83a860b8a44f0c16e66ac3c1dab01241a52f0b1b1e9773a4a3747c66d8c04
2026-09-25,data/raw/conselho_dh/2026-09-25/A_HRC_RES_20_4.pdf,https://documents.un.org/api/symbol/access?s=A/HRC/RES/20/4&l=en&t=pdf,1,357012,beb8c1b757c4b6251710b72fe272b1dcbf1f231238b6857e2e8fb15555c8de09
2026-09-25,data/raw/conselho_dh/2026-09-25/A_HRC_RES_20_5.pdf,https://documents.un.org/api/symbol/access?s=A/HRC/RES/20/5&l=en&t=pdf,1,362124,9aa4aad03e7296db2917aba509fed8bc494c3d622bd97173322b1b6b5b2a00ca
2026-09-25,data/raw/conselho_dh/2026-09-25/A_HRC_RES_20_6.pdf,https://documents.un.org/api/symbol/access?s=A/HRC/RES/20/6&l=en&t=pdf,1,359338,88cb401ad8dbda7a85f7957c7d60d29233aa3528b31c9bb7ed932ef74ddb4500
2026-09-25,data/raw/conselho_dh/2026-09-25/A_HRC_RES_20_7.pdf,https://documents.un.org/api/symbol/access?s=A/HRC/RES/20/7&l=en&t=pdf,1,356299,1407cb120b038c123fb3c75d066ccf55bed392f66e41bc2e070522681c02cbf0
2026-09-25,data/raw/conselho_dh/2026-09-25/A_HRC_RES_20_8.pdf,https://documents.un.org/api/symbol/access?s=A/HRC/RES/20/8&l=en&t=pdf,1,345985,28fb52321822313a8d197143f505908d06cbef838290e13d046462b31892891b
2026-09-25,data/raw/conselho_dh/2026-09-25/A_HRC_RES_20_9.pdf,https://documents.un.org/api/symbol/access?s=A/HRC/RES/20/9&l=en&t=pdf,1,372037,a86e7a656e0677b37b974e62756fa475d9752fef1fdded592a65b4f2c060ea68
2026-09-25,data/raw/conselho_dh/2026-09-25/A_HRC_RES_20_10.pdf,https://documents.un.org/api/symbol/access?s=A/HRC/RES/20/10&l=en&t=pdf,1,376025,63685e9b810b7caca347c48099a39584c1005a792af016f4c6d7811d5f477c16
2026-09-25,data/raw/conselho_dh/2026-09-25/A_HRC_RES_20_11.pdf,https://documents.un.org/api/symbol/access?s=A/HRC/RES/20/11&l=en&t=pdf,1,355811,a183667876aa43d517a0c109b7dfd1d129d01dee01cde87b16474441276cc6e5
2026-09-25,data/raw/conselho_dh/2026-09-25/A_HRC_RES_20_12.pdf,https://documents.un.org/api/symbol/access?s=A/HRC/RES/20/12&l=en&t=pdf,1,362288,e581a63f065f2df72e6d289359dd11a2ab44602515faf33b4a4b961a8ec6ecd1
2026-09-25,data/raw/conselho_dh/2026-09-25/A_HRC_RES_20_13.pdf,https://documents.un.org/api/symbol/access?s=A/HRC/RES/20/13&l=en&t=pdf,1,122122,d9603d2479eedf814c86ca2fd90765e38c32921abe088615e93ebca6a767d91f
2026-09-25,data/raw/conselho_dh/2026-09-25/A_HRC_RES_20_14.pdf,https://documents.un.org/api/symbol/access?s=A/HRC/RES/20/14&l=en&t=pdf,1,363997,ecc102f73836af3bca8f1358a05d179b8b46f3b314bd45508671b6566c082469
2026-09-25,data/raw/conselho_dh/2026-09-25/A_HRC_RES_20_15.pdf,https://documents.un.org/api/symbol/access?s=A/HRC/RES/20/15&l=en&t=pdf,1,349871,1d1b138ebbbef2fb6a981c39ef16967f69565950cad0ebf347af1a3db742eb75
2026-09-25,data/raw/conselho_dh/2026-09-25/A_HRC_RES_20_16.pdf,https://documents.un.org/api/symbol/access?s=A/HRC/RES/20/16&l=en&t=pdf,1,353549,25a0725aa46861f2787c7e03dc167bfff1c3c9e4764148cbfa47031466c839fe
2026-09-25,data/raw/conselho_dh/2026-09-25/A_HRC_RES_20_17.pdf,https://documents.un.org/api/symbol/access?s=A/HRC/RES/20/17&l=en&t=pdf,1,31033,84482c7b5a12e61069f62bfff65e060d6b7a4af651a153abead1f1e102c0b2a7
2026-09-25,data/raw/conselho_dh/2026-09-25/A_HRC_RES_20_18.pdf,https://documents.un.org/api/symbol/access?s=A/HRC/RES/20/18&l=en&t=pdf,1,344443,8e5d0d07924fa600254ec06e895456ae2ecc67047582a9ad8c5ad4858f258ba1
2026-09-25,data/raw/conselho_dh/2026-09-25/A_HRC_RES_20_19.pdf,https://documents.un.org/api/symbol/access?s=A/HRC/RES/20/19&l=en&t=pdf,1,36781,a7ea74dcceeebe0ffb3ca79493b6d841490d08d9e911b881f9031098bf33203d
2026-09-25,data/raw/conselho_dh/2026-09-25/A_HRC_RES_20_20.pdf,https://documents.un.org/api/symbol/access?s=A/HRC/RES/20/20&l=en&t=pdf,1,410787,0141d25a9a59398567f2e12ca1f7ba23c4ce7addcf7de921da62674a22231af6
2026-09-25,data/raw/conselho_dh/2026-09-25/A_HRC_RES_20_21.pdf,https://documents.un.org/api/symbol/access?s=A/HRC/RES/20/21&l=en&t=pdf,1,153625,a66716e95999d01000eab255627c5608bb9697664c034995e69ad7f2b807c0ba
2026-09-25,data/raw/conselho_dh/2026-09-25/A_HRC_RES_20_22.pdf,https://documents.un.org/api/symbol/access?s=A/HRC/RES/20/22&l=en&t=pdf,1,136000,280c11b6d440b94ce83658866039447a36868c85c313280520594ac335f62cf8
2026-09-25,data/raw/conselho_dh/2026-09-25/A_HRC_RES_21_1.pdf,https://documents.un.org/api/symbol/access?s=A/HRC/RES/21/1&l=en&t=pdf,1,50475,53ce04fef4aa35d24287925fb04befb1aa9063d673edaec8d1817458f3b08f9f
2026-09-25,data/raw/conselho_dh/2026-09-25/A_HRC_RES_21_2.pdf,https://documents.un.org/api/symbol/access?s=A/HRC/RES/21/2&l=en&t=pdf,1,370813,dc862db2743793507585e6d98d54b468bd9e3dfc6fd543b84218a0952df770fa
2026-09-25,data/raw/conselho_dh/2026-09-25/A_HRC_RES_21_3.pdf,https://documents.un.org/api/symbol/access?s=A/HRC/RES/21/3&l=en&t=pdf,1,67393,9ba1e76619117ff6ff0bcc80ce016b5d62796d56c1eb7224e53857c5b7169890
2026-09-25,data/raw/conselho_dh/2026-09-25/A_HRC_RES_21_4.pdf,https://documents.un.org/api/symbol/access?s=A/HRC/RES/21/4&l=en&t=pdf,1,367941,71a50974e8ef5f3dfcbabc7da789d4b263f6263339377933e1358f8dcc5987e0
2026-09-25,data/raw/conselho_dh/2026-09-25/A_HRC_RES_21_5.pdf,https://documents.un.org/api/symbol/access?s=A/HRC/RES/21/5&l=en&t=pdf,1,358095,fa4beed0d79297021f0eb7faa2f556f505c064b6e46a14eca044f966bdf83e30
2026-09-25,data/raw/conselho_dh/2026-09-25/A_HRC_RES_21_6.pdf,https://documents.un.org/api/symbol/access?s=A/HRC/RES/21/6&l=en&t=pdf,1,356130,22c0a7066baa8d18332d58ef2f8724007f864552007a1f388f04bd39306b7f85
2026-09-25,data/raw/conselho_dh/2026-09-25/A_HRC_RES_21_7.pdf,https://documents.un.org/api/symbol/access?s=A/HRC/RES/21/7&l=en&t=pdf,1,363015,778ff83e50048a85b5142d08be02463e8f3e0939b7eb4b9254e25709ab6966b3
2026-09-25,data/raw/conselho_dh/2026-09-25/A_HRC_RES_21_8.pdf,https://documents.un.org/api/symbol/access?s=A/HRC/RES/21/8&l=en&t=pdf,1,79431,bff1ee37fc54c7b37f0c177bc701ce4f09521c420113b955e7537c2d84a4b10a
2026-09-25,data/raw/conselho_dh/2026-09-25/A_HRC_RES_21_9.pdf,https://documents.un.org/api/symbol/access?s=A/HRC/RES/21/9&l=en&t=pdf,1,374827,7040c733a0d1926a1617edee8854cbad953c0a39e8c564b7ebc2207f893d8607
2026-09-25,data/raw/conselho_dh/2026-09-25/A_HRC_RES_21_10.pdf,https://documents.un.org/api/symbol/access?s=A/HRC/RES/21/10&l=en&t=pdf,1,369395,e04741f497bac9fe0b38841ce38c2f7882cd859010d4ff13b2f9abbf5c7f834e
2026-09-25,data/raw/conselho_dh/2026-09-25/A_HRC_RES_21_11.pdf,https://documents.un.org/api/symbol/access?s=A/HRC/RES/21/11&l=en&t=pdf,1,351926,cb640c2109e8d4f18a87b9ee5267c716432d5945072f086deb0773dc1bd4394b
2026-09-25,data/raw/conselho_dh/2026-09-25/A_HRC_RES_21_12.pdf,https://documents.un.org/api/symbol/access?s=A/HRC/RES/21/12&l=en&t=pdf,1,73484,2716d2d9ab6a3aa64cc5b1df475e1ca68fcff0825cf9f42c4479a8d77f55905f
2026-09-25,data/raw/conselho_dh/2026-09-25/A_HRC_RES_21_13.pdf,https://documents.un.org/api/symbol/access?s=A/HRC/RES/21/13&l=en&t=pdf,1,64011,8c3dc5510756ce029cafccb7789502ef72f7772cfa4efc6665ccd7c492f712c6
2026-09-25,data/raw/conselho_dh/2026-09-25/A_HRC_RES_21_14.pdf,https://documents.un.org/api/symbol/access?s=A/HRC/RES/21/14&l=en&t=pdf,1,64492,15a52e4acee0cfbd2ff8a60ff6d0430b8546a09ed65f47215f196094996d9321
2026-09-25,data/raw/conselho_dh/2026-09-25/A_HRC_RES_21_15.pdf,https://documents.un.org/api/symbol/access?s=A/HRC/RES/21/15&l=en&t=pdf,1,386453,b73d47a4baf693aa333943c405215de46b9e10b9370515fbb42bd89a6b72a644
2026-09-25,data/raw/conselho_dh/2026-09-25/A_HRC_RES_21_16.pdf,https://documents.un.org/api/symbol/access?s=A/HRC/RES/21/16&l=en&t=pdf,1,350248,48871b065b2a6d0e833c6f615b6a49af828cfe52c415739cb60c865bfe16f073
2026-09-25,data/raw/conselho_dh/2026-09-25/A_HRC_RES_21_17.pdf,https://documents.un.org/api/symbol/access?s=A/HRC/RES/21/17&l=en&t=pdf,1,54218,e82f7e3952596b2b92642d05a60a03df32eec4350c75044fd2ab96f2a2550af4
2026-09-25,data/raw/conselho_dh/2026-09-25/A_HRC_RES_21_18.pdf,https://documents.un.org/api/symbol/access?s=A/HRC/RES/21/18&l=en&t=pdf,1,46118,d341a749e065089df07a4221cd00820d81e4273b23d5e9daadb1af7dcc97640a
2026-09-25,data/raw/conselho_dh/2026-09-25/A_HRC_RES_21_19.pdf,https://documents.un.org/api/symbol/access?s=A/HRC/RES/21/19&l=en&t=pdf,1,65247,92a9bf8ec9be3aea3573a167b32589379ba48bcbd888dcf7e698780a6ffb2d37
2026-09-25,data/raw/conselho_dh/2026-09-25/A_HRC_RES_21_20.pdf,https://documents.un.org/api/symbol/access?s=A/HRC/RES/21/20&l=en&t=pdf,1,62340,d4cf7e2619c5132ea5af9f52279943c9fe58ef0a6859fb57a091a0602fa6c224
2026-09-25,data/raw/conselho_dh/2026-09-25/A_HRC_RES_21_21.pdf,https://documents.un.org/api/symbol/access?s=A/HRC/RES/21/21&l=en&t=pdf,1,404883,27004fa873ce2a824f331c2c4646e3710cfbaea91d6c3645fcfc6652cfba61ac
2026-09-25,data/raw/conselho_dh/2026-09-25/A_HRC_RES_21_22.pdf,https://documents.un.org/api/symbol/access?s=A/HRC/RES/21/22&l=en&t=pdf,1,325373,f5070127f94b1a261fd3d3f60972dd8ff8ab8fea0568ad16008f5bba711d640b
2026-09-25,data/raw/conselho_dh/2026-09-25/A_HRC_RES_21_23.pdf,https://documents.un.org/api/symbol/access?s=A/HRC/RES/21/23&l=en&t=pdf,1,68797,4f5b7eedca0327a3402e458cb3bb8cd022fcfb0c3648a1038b22beb4a6d41266
2026-09-25,data/raw/conselho_dh/2026-09-25/A_HRC_RES_21_24.pdf,https://documents.un.org/api/symbol/access?s=A/HRC/RES/21/24&l=en&t=pdf,1,361941,ce837dab784d3ccf45d4349a993aad05f5760eb08d8c8b26cf0d5de47753280e
2026-09-25,data/raw/conselho_dh/2026-09-25/A_HRC_RES_21_25.pdf,https://documents.un.org/api/symbol/access?s=A/HRC/RES/21/25&l=en&t=pdf,1,391795,23b6416fa4634b4b1844808bb0508d7e95567a93a40183c99fd8118785fdbc8e
2026-09-25,data/raw/conselho_dh/2026-09-25/A_HRC_RES_21_26.pdf,https://documents.un.org/api/symbol/access?s=A/HRC/RES/21/26&l=en&t=pdf,1,132395,6e46f558ff06da593bb3639822497c1579e37df515be21a5ada569dae0fb44bc
2026-09-25,data/raw/conselho_dh/2026-09-25/A_HRC_RES_21_27.pdf,https://documents.un.org/api/symbol/access?s=A/HRC/RES/21/27&l=en&t=pdf,1,68260,93f6ee65a540d297fcf13f2f77ef1d159694d38e1defa0bf3c1c2458482cf36d
2026-09-25,data/raw/conselho_dh/2026-09-25/A_HRC_RES_21_28.pdf,https://documents.un.org/api/symbol/access?s=A/HRC/RES/21/28&l=en&t=pdf,1,345677,0b38d2cf162e7fa6d2a6f792ff5f5806481b66e314c3dc28e481bbcd5d0850d2
2026-09-25,data/raw/conselho_dh/2026-09-25/A_HRC_RES_21_29.pdf,https://documents.un.org/api/symbol/access?s=A/HRC/RES/21/29&l=en&t=pdf,1,62331,c4d0f1290f608ac8e0c4fb2d4f75462ef07ace89e2a944ad9c7b350470dcaecd
2026-09-25,data/raw/conselho_dh/2026-09-25/A_HRC_RES_21_30.pdf,https://documents.un.org/api/symbol/access?s=A/HRC/RES/21/30&l=en&t=pdf,1,64577,70bb6ebefdbd582d11ef24889942a070c6d21f798fd11d72b96b3f35811486d7
2026-09-25,data/raw/conselho_dh/2026-09-25/A_HRC_RES_21_31.pdf,https://documents.un.org/api/symbol/access?s=A/HRC/RES/21/31&l=en&t=pdf,1,363644,ce238feae734243ccf14463584932cb72eb8a1e76eb4717e6bccdacf9044af9e
2026-09-25,data/raw/conselho_dh/2026-09-25/A_HRC_RES_21_32.pdf,https://documents.un.org/api/symbol/access?s=A/HRC/RES/21/32&l=en&t=pdf,1,404904,79f8aa3c12fd630afacc9552c4144581b62df327bee58841aa6f33e935a306e0
2026-09-25,data/raw/conselho_dh/2026-09-25/A_HRC_RES_21_33.pdf,https://documents.un.org/api/symbol/access?s=A/HRC/RES/21/33&l=en&t=pdf,1,369973,d5023cbbdda3bb71017500e2ab4a638572824d9d3d396a261e34ca9b326c694b
2026-09-25,data/raw/conselho_dh/2026-09-25/A_HRC_RES_22_1.pdf,https://documents.un.org/api/symbol/access?s=A/HRC/RES/22/1&l=en&t=pdf,1,358188,d27a99bda16b19473e113455ab3e3504152b8e835058ffcd2df659630f5d125f
2026-09-25,data/raw/conselho_dh/2026-09-25/A_HRC_RES_22_2.pdf,https://documents.un.org/api/symbol/access?s=A/HRC/RES/22/2&l=en&t=pdf,1,360238,f490b4cd94c451bfbb33b2fa6cb396fc6dd38f5aea6b1bc27ad73f642715e4eb
2026-09-25,data/raw/conselho_dh/2026-09-25/A_HRC_RES_22_3.pdf,https://documents.un.org/api/symbol/access?s=A/HRC/RES/22/3&l=en&t=pdf,1,366291,dc669beb018e5ac788cc7e6d39880ee0fdc13643a521de5fadcbee1bc920a682
2026-09-25,data/raw/conselho_dh/2026-09-25/A_HRC_RES_22_4.pdf,https://documents.un.org/api/symbol/access?s=A/HRC/RES/22/4&l=en&t=pdf,1,79770,5bc1898571c581071fbd670bc625185f224c1162eb371dc61ee757919ae0df95
2026-09-25,data/raw/conselho_dh/2026-09-25/A_HRC_RES_22_5.pdf,https://documents.un.org/api/symbol/access?s=A/HRC/RES/22/5&l=en&t=pdf,1,356548,ff9dfdd08e7bca7aeb5bc99b239bacf767882512f5682c8c20932bc2a84cc53c
2026-09-25,data/raw/conselho_dh/2026-09-25/A_HRC_RES_22_6.pdf,https://documents.un.org/api/symbol/access?s=A/HRC/RES/22/6&l=en&t=pdf,1,371628,2ef5e28bf2f5333f8236d31b33bedbfd7c776bf8943058edbd5a0a91f3cc7cdf
2026-09-25,data/raw/conselho_dh/2026-09-25/A_HRC_RES_22_7.pdf,https://documents.un.org/api/symbol/access?s=A/HRC/RES/22/7&l=en&t=pdf,1,354907,8a8b64b2fd47f8c83d388b2ff0d68b9edb61ce14ff0e655b82a66d0d09a92c5d
2026-09-25,data/raw/conselho_dh/2026-09-25/A_HRC_RES_22_8.pdf,https://documents.un.org/api/symbol/access?s=A/HRC/RES/22/8&l=en&t=pdf,1,345560,823bb6422b5e70bd115c2ea894d973840154af31f246f5ff83b8f3fb21a88e53
2026-09-25,data/raw/conselho_dh/2026-09-25/A_HRC_RES_22_9.pdf,https://documents.un.org/api/symbol/access?s=A/HRC/RES/22/9&l=en&t=pdf,1,390540,226b878253ea44501ed56caadc538a2cc112f62f8211c7ed4fb4f1a851cf92c0
2026-09-25,data/raw/conselho_dh/2026-09-25/A_HRC_RES_22_10.pdf,https://documents.un.org/api/symbol/access?s=A/HRC/RES/22/10&l=en&t=pdf,1,362175,8139ff3bb4e470c9027de6438f1d8a75cfa2867979786d8e923577dd14a55bed
2026-09-25,data/raw/conselho_dh/2026-09-25/A_HRC_RES_22_11.pdf,https://documents.un.org/api/symbol/access?s=A/HRC/RES/22/11&l=en&t=pdf,1,346593,7793037bc69e00c6e2989d798301aff65c0801b41f8f58eef9ad9e27acba3cb9
2026-09-25,data/raw/conselho_dh/2026-09-25/A_HRC_RES_22_12.pdf,https://documents.un.org/api/symbol/access?s=A/HRC/RES/22/12&l=en&t=pdf,1,380489,29bfb0f3339520df0ee2b587b5052d3bcd048218081daf875ca543c53ec9016f
2026-09-25,data/raw/conselho_dh/2026-09-25/A_HRC_RES_22_13.pdf,https://documents.un.org/api/symbol/access?s=A/HRC/RES/22/13&l=en&t=pdf,1,434665,01ce0b263664e8667861796b4cadbbb4ebf248aecb1f1ce77ca8dfafd6b56366
2026-09-25,data/raw/conselho_dh/2026-09-25/A_HRC_RES_22_14.pdf,https://documents.un.org/api/symbol/access?s=A/HRC/RES/22/14&l=en&t=pdf,1,419420,5565e0d3e9596d3571d4f97ef59b52c1279f6262e9f9ee38fe3dc9dd72a850f8
2026-09-25,data/raw/conselho_dh/2026-09-25/A_HRC_RES_22_15.pdf,https://documents.un.org/api/symbol/access?s=A/HRC/RES/22/15&l=en&t=pdf,1,62812,0a14568be934e73855d0179285fe1ce92bb10c99d8ef47e578a1a1e2030f3e3f
2026-09-25,data/raw/conselho_dh/2026-09-25/A_HRC_RES_22_16.pdf,https://documents.un.org/api/symbol/access?s=A/HRC/RES/22/16&l=en&t=pdf,1,351597,919d0cd00ace78689c05f07446ef4419e265a2a52381d43279a42c038209c830
2026-09-25,data/raw/conselho_dh/2026-09-25/A_HRC_RES_22_17.pdf,https://documents.un.org/api/symbol/access?s=A/HRC/RES/22/17&l=en&t=pdf,1,358792,3d97238a3e30da4d775d27a63ed87386008e20a47a7c6e820ddf9e8e4746e46e
2026-09-25,data/raw/conselho_dh/2026-09-25/A_HRC_RES_22_18.pdf,https://documents.un.org/api/symbol/access?s=A/HRC/RES/22/18&l=en&t=pdf,1,35453,2d826cc587362550f9509e43f095f412e286f9d15cf961dd9ba0ecaec2fd3041
2026-09-25,data/raw/conselho_dh/2026-09-25/A_HRC_RES_22_19.pdf,https://documents.un.org/api/symbol/access?s=A/HRC/RES/22/19&l=en&t=pdf,1,77597,50a20d54873b453465dd53451eb5b457f89205fecadac4547ef3f662b5349a03
2026-09-25,data/raw/conselho_dh/2026-09-25/A_HRC_RES_22_20.pdf,https://documents.un.org/api/symbol/access?s=A/HRC/RES/22/20&l=en&t=pdf,1,346426,7382976dabc1fb2874a62cda3b4dd45474df5a936f40f0dc4bc618c2dd35c48a
2026-09-25,data/raw/conselho_dh/2026-09-25/A_HRC_RES_22_21.pdf,https://documents.un.org/api/symbol/access?s=A/HRC/RES/22/21&l=en&t=pdf,1,365686,b0c14e48dc15314d48cfc507a783162333de999cfe10c81a89542f331084b2b8
2026-09-25,data/raw/conselho_dh/2026-09-25/A_HRC_RES_22_22.pdf,https://documents.un.org/api/symbol/access?s=A/HRC/RES/22/22&l=en&t=pdf,1,84890,4e78894e62ea1636f96f853330a3c2dba4ace0e16f367bda9ac2394212425822
2026-09-25,data/raw/conselho_dh/2026-09-25/A_HRC_RES_22_23.pdf,https://documents.un.org/api/symbol/access?s=A/HRC/RES/22/23&l=en&t=pdf,1,411078,5a5435a42de33a662aaa6bdab02efd62ebdce7db445adea5d77c622b0f0bf135
2026-09-25,data/raw/conselho_dh/2026-09-25/A_HRC_RES_22_24.pdf,https://documents.un.org/api/symbol/access?s=A/HRC/RES/22/24&l=en&t=pdf,1,471048,cb6d6646bd76aea4f8569adc53bfd366e14387a4f08b5576909f23b0c40bfcaf
2026-09-25,data/raw/conselho_dh/2026-09-25/A_HRC_RES_22_25.pdf,https://documents.un.org/api/symbol/access?s=A/HRC/RES/22/25&l=en&t=pdf,1,348722,f6133623edb7c34ac70f0811d4bac656417c72ace6a7aeabe96f987ee7068f67
2026-09-25,data/raw/conselho_dh/2026-09-25/A_HRC_RES_22_26.pdf,https://documents.un.org/api/symbol/access?s=A/HRC/RES/22/26&l=en&t=pdf,1,366527,2936882583581c2eb81b7963d3b6aa66aa1c6e39df2e06cf18a67762bc288f1f
2026-09-25,data/raw/conselho_dh/2026-09-25/A_HRC_RES_22_27.pdf,https://documents.un.org/api/symbol/access?s=A/HRC/RES/22/27&l=en&t=pdf,1,353369,a9c9f39c066e237cc1ed49e60b4af9968902a1b1689fe082cc88f856fa4510dd
2026-09-25,data/raw/conselho_dh/2026-09-25/A_HRC_RES_22_28.pdf,https://documents.un.org/api/symbol/access?s=A/HRC/RES/22/28&l=en&t=pdf,1,368531,a2137fbce1bb3a9d60e32d14a7c860bfba8b3152c2a4ae8c2c11af175a4a1f08
2026-09-25,data/raw/conselho_dh/2026-09-25/A_HRC_RES_22_29.pdf,https://documents.un.org/api/symbol/access?s=A/HRC/RES/22/29&l=en&t=pdf,1,355580,f286f18f866422b222a2271b91df823564460412f8a926ba1cda26e6f4044f16
2026-09-25,data/raw/conselho_dh/2026-09-25/A_HRC_RES_22_30.pdf,https://documents.un.org/api/symbol/access?s=A/HRC/RES/22/30&l=en&t=pdf,1,349958,f59a0be48a94458a1452685d70708e8bfde5591146f3ee0e714d87da3de3b12c
2026-09-25,data/raw/conselho_dh/2026-09-25/A_HRC_RES_22_31.pdf,https://documents.un.org/api/symbol/access?s=A/HRC/RES/22/31&l=en&t=pdf,1,362618,90910bfb4cf909bf03399905f1fa5cf8113dd10dbddedabeb28e62221dcb9a6c
2026-09-25,data/raw/conselho_dh/2026-09-25/A_HRC_RES_22_32.pdf,https://documents.un.org/api/symbol/access?s=A/HRC/RES/22/32&l=en&t=pdf,1,421740,109cdbfeaf356ca96b95807f4050d83d1203fc3049db819b65459ed3b0933a20
2026-09-25,data/raw/conselho_dh/2026-09-25/A_HRC_RES_22_33.pdf,https://documents.un.org/api/symbol/access?s=A/HRC/RES/22/33&l=en&t=pdf,1,350207,3051a70a03c34b7902f9305a615f1a291bc244a615a89b6fc2c1344a21f462d9
2026-09-25,data/raw/conselho_dh/2026-09-25/A_HRC_RES_22_34.pdf,https://documents.un.org/api/symbol/access?s=A/HRC/RES/22/34&l=en&t=pdf,1,655066,cb1572d64622b9c1c560a06714323939b6c53af478aaf2254f77cb1dc18b2cbc
2026-09-25,data/raw/conselho_dh/2026-09-25/A_HRC_RES_23_1.pdf,https://documents.un.org/api/symbol/access?s=A/HRC/RES/23/1&l=en&t=pdf,1,38449,b2bf3ace4f0be1738ee191eaddf2026857248c0cec483ecf2bdf323ca6bb25d0
2026-09-25,data/raw/conselho_dh/2026-09-25/A_HRC_RES_23_2.pdf,https://documents.un.org/api/symbol/access?s=A/HRC/RES/23/2&l=en&t=pdf,1,42611,34624f14e4be393ba7a5a189740b3afcf831c373280f119dbaa489665475c282
2026-09-25,data/raw/conselho_dh/2026-09-25/A_HRC_RES_23_3.pdf,https://documents.un.org/api/symbol/access?s=A/HRC/RES/23/3&l=en&t=pdf,1,53065,852f29a6d13b8276f37dc9e8471201c4d5077bcd2d97900516ff1007bb8a87fb
2026-09-25,data/raw/conselho_dh/2026-09-25/A_HRC_RES_23_4.pdf,https://documents.un.org/api/symbol/access?s=A/HRC/RES/23/4&l=en&t=pdf,1,41648,c5e4be1cde1beec03c1798e60bcbdf891e531bebf17012d0519c7632f0d942ac
2026-09-25,data/raw/conselho_dh/2026-09-25/A_HRC_RES_23_5.pdf,https://documents.un.org/api/symbol/access?s=A/HRC/RES/23/5&l=en&t=pdf,1,54021,7b939a0ee6d5973eae50e126bc5ed6b8bc6f8e6967aaab7964e08f2ef050cc9c
2026-09-25,data/raw/conselho_dh/2026-09-25/A_HRC_RES_23_6.pdf,https://documents.un.org/api/symbol/access?s=A/HRC/RES/23/6&l=en&t=pdf,1,54091,466a923b4a049df55f0bdb16d8a72a18a1dac99a8d7e6b563bd13f2648cc70ec
2026-09-25,data/raw/conselho_dh/2026-09-25/A_HRC_RES_23_7.pdf,https://documents.un.org/api/symbol/access?s=A/HRC/RES/23/7&l=en&t=pdf,1,52368,41b982012f34c5e36c317c49fbbfbf2c20abb5ad092e0e313f2c1e7cb0387c44
2026-09-25,data/raw/conselho_dh/2026-09-25/A_HRC_RES_23_8.pdf,https://documents.un.org/api/symbol/access?s=A/HRC/RES/23/8&l=en&t=pdf,1,59309,a5aa6f6ddf5ee3e504c611748f855ab096c5f031fb23d648daac8ecf629a6a51
2026-09-25,data/raw/conselho_dh/2026-09-25/A_HRC_RES_23_9.pdf,https://documents.un.org/api/symbol/access?s=A/HRC/RES/23/9&l=en&t=pdf,1,38928,4bebf16715d5ce6da2ae82656ddaddde3ad524e3d4f8bd44104513ab013b1f24
2026-09-25,data/raw/conselho_dh/2026-09-25/A_HRC_RES_23_10.pdf,https://documents.un.org/api/symbol/access?s=A/HRC/RES/23/10&l=en&t=pdf,1,41141,a5ca60a80048f83b1f4604ef954bcc1ae799f0d7291b21c82f970e0e76f3f592
2026-09-25,data/raw/conselho_dh/2026-09-25/A_HRC_RES_23_11.pdf,https://documents.un.org/api/symbol/access?s=A/HRC/RES/23/11&l=en&t=pdf,1,59630,4c0cc2a9e1a2a84c7df358723a020d8fc818614d9be00af6bdc4d5f7843784aa
2026-09-25,data/raw/conselho_dh/2026-09-25/A_HRC_RES_23_12.pdf,https://documents.un.org/api/symbol/access?s=A/HRC/RES/23/12&l=en&t=pdf,1,53267,56c2afd514a2632cdb23045a91978a621708ee28ff9ed24c0b4453e7ced7cbaf
2026-09-25,data/raw/conselho_dh/2026-09-25/A_HRC_RES_23_13.pdf,https://documents.un.org/api/symbol/access?s=A/HRC/RES/23/13&l=en&t=pdf,1,35624,0272f74fc21907b256f2ac0fc28c29666c9b0696e952b6d0ed532a8d98d88142
2026-09-25,data/raw/conselho_dh/2026-09-25/A_HRC_RES_23_14.pdf,https://documents.un.org/api/symbol/access?s=A/HRC/RES/23/14&l=en&t=pdf,1,50184,7cf45ac8a5c28eb7353741c661867f20cf9a3f44b9f1b5a8251173f23dd29e78
2026-09-25,data/raw/conselho_dh/2026-09-25/A_HRC_RES_23_15.pdf,https://documents.un.org/api/symbol/access?s=A/HRC/RES/23/15&l=en&t=pdf,1,40014,0f2d1d73e4af00f8175e76ee83d89f5bba34adf8b62565ad63615f1ccfd758a9
2026-09-25,data/raw/conselho_dh/2026-09-25/A_HRC_RES_23_16.pdf,https://documents.un.org/api/symbol/access?s=A/HRC/RES/23/16&l=en&t=pdf,1,35897,610836d7efec99fbf6ec65f43cd14bf9ce88506608124adebffd89a3472e4c29
2026-09-25,data/raw/conselho_dh/2026-09-25/A_HRC_RES_23_17.pdf,https://documents.un.org/api/symbol/access?s=A/HRC/RES/23/17&l=en&t=pdf,1,53699,7a2fc50f8e8c76fd2a56b152b51d0f71c811b574976aa3532b4ffeecca8bfd06
2026-09-25,data/raw/conselho_dh/2026-09-25/A_HRC_RES_23_18.pdf,https://documents.un.org/api/symbol/access?s=A/HRC/RES/23/18&l=en&t=pdf,1,37179,dcd69f7ade514fcf410e6f8b2497f23558a3be3201d324294483933229d3f3a0
2026-09-25,data/raw/conselho_dh/2026-09-25/A_HRC_RES_23_19.pdf,https://documents.un.org/api/symbol/access?s=A/HRC/RES/23/19&l=en&t=pdf,1,36309,f8fce54cde085382b2b983009e415760d5b2327702b3abd2b8d4d7bc6f92e07e
2026-09-25,data/raw/conselho_dh/2026-09-25/A_HRC_RES_23_20.pdf,https://documents.un.org/api/symbol/access?s=A/HRC/RES/23/20&l=en&t=pdf,1,49115,8a75f229bad0bd82521ba32170267d0c3f3bc205c7ab94c253291e724f7ec59e
2026-09-25,data/raw/conselho_dh/2026-09-25/A_HRC_RES_23_21.pdf,https://documents.un.org/api/symbol/access?s=A/HRC/RES/23/21&l=en&t=pdf,1,47569,44363d9e4bc5ec78fddf6e71ca0e3f3b4a80c00405dac0e1c33bdaa117e210da
2026-09-25,data/raw/conselho_dh/2026-09-25/A_HRC_RES_23_22.pdf,https://documents.un.org/api/symbol/access?s=A/HRC/RES/23/22&l=en&t=pdf,1,39972,89bd4da94a89f3107f2fa2d3d16efc3d09c006dde7a0b9e5c3619e56235c6863
2026-09-25,data/raw/conselho_dh/2026-09-25/A_HRC_RES_23_23.pdf,https://documents.un.org/api/symbol/access?s=A/HRC/RES/23/23&l=en&t=pdf,1,37537,30d41db400531745e00c813b6234b9f6233003e0c7ff17b5bd4637d65251923a
2026-09-25,data/raw/conselho_dh/2026-09-25/A_HRC_RES_23_24.pdf,https://documents.un.org/api/symbol/access?s=A/HRC/RES/23/24&l=en&t=pdf,1,156610,6b3b0ba50752e2ccd631614a8691edbcbeef695a0b41b59c7fc7b2fcebcbd739
2026-09-25,data/raw/conselho_dh/2026-09-25/A_HRC_RES_23_25.pdf,https://documents.un.org/api/symbol/access?s=A/HRC/RES/23/25&l=en&t=pdf,1,58158,5990a1abc64007cbe9f7887dbd4db6a35419d1fe7108bbcd3301de3afc8f46cb
2026-09-25,data/raw/conselho_dh/2026-09-25/A_HRC_RES_23_26.pdf,https://documents.un.org/api/symbol/access?s=A/HRC/RES/23/26&l=en&t=pdf,1,66063,443e65bb31472ee10d6c4ac462d0b3a121e44130269b3ba9b976f71cbefd040c
2026-09-25,data/raw/conselho_dh/2026-09-25/A_HRC_RES_24_1.pdf,https://documents.un.org/api/symbol/access?s=A/HRC/RES/24/1&l=en&t=pdf,1,70108,f384a844ab7dc30333616a3c2f69d3ee095947292a53bc80ee30ae7d8d0ef819
2026-09-25,data/raw/conselho_dh/2026-09-25/A_HRC_RES_24_2.pdf,https://documents.un.org/api/symbol/access?s=A/HRC/RES/24/2&l=en&t=pdf,1,63686,192aaa15435ccc379a5917c786bca331c3b894a7327d678ad64a175b74a0649c
2026-09-25,data/raw/conselho_dh/2026-09-25/A_HRC_RES_24_3.pdf,https://documents.un.org/api/symbol/access?s=A/HRC/RES/24/3&l=en&t=pdf,1,357236,6a950fdb8b7ecc11e1130d94f64f65c5b14fda642310552d33e298f9ad94f3ea
2026-09-25,data/raw/conselho_dh/2026-09-25/A_HRC_RES_24_4.pdf,https://documents.un.org/api/symbol/access?s=A/HRC/RES/24/4&l=en&t=pdf,1,364333,edfff7148af0a761e4503ff466c4935d702e5f1c8d3ccb3bf2fe74893f6f751e
2026-09-25,data/raw/conselho_dh/2026-09-25/A_HRC_RES_24_5.pdf,https://documents.un.org/api/symbol/access?s=A/HRC/RES/24/5&l=en&t=pdf,1,351717,7cbed3a04d86e9f381c742f990eed736e932e9755325407ba4c9a55d02d4bf4e
2026-09-25,data/raw/conselho_dh/2026-09-25/A_HRC_RES_24_6.pdf,https://documents.un.org/api/symbol/access?s=A/HRC/RES/24/6&l=en&t=pdf,1,63638,acdc263bbe960dd9ae1ace861488e868719d4db59d3b77bc2941b962893b6c60
2026-09-25,data/raw/conselho_dh/2026-09-25/A_HRC_RES_24_7.pdf,https://documents.un.org/api/symbol/access?s=A/HRC/RES/24/7&l=en&t=pdf,1,69533,d6cdad59bf06ae08a20b4b2fb26ca89cd7e1e05be61233c24a17669627b991ed
2026-09-25,data/raw/conselho_dh/2026-09-25/A_HRC_RES_24_8.pdf,https://documents.un.org/api/symbol/access?s=A/HRC/RES/24/8&l=en&t=pdf,1,351998,2e8f0c8e51d57146a0a7061285beba08dc0b6c1b616b27adf9590e2fb477e938
2026-09-25,data/raw/conselho_dh/2026-09-25/A_HRC_RES_24_9.pdf,https://documents.un.org/api/symbol/access?s=A/HRC/RES/24/9&l=en&t=pdf,1,62973,2654c96847d94724eea93337126fece36bf5aea667bbeba3833e88ef09182000
2026-09-25,data/raw/conselho_dh/2026-09-25/A_HRC_RES_24_10.pdf,https://documents.un.org/api/symbol/access?s=A/HRC/RES/24/10&l=en&t=pdf,1,367417,824f676ea02c733959927a26967e6ce61175b4c49ee0ecc1c869e53529b77ed3
2026-09-25,data/raw/conselho_dh/2026-09-25/A_HRC_RES_24_11.pdf,https://documents.un.org/api/symbol/access?s=A/HRC/RES/24/11&l=en&t=pdf,1,408566,98442fd32dbd2ae077900b0e4b81407e97a26adb03663f453c6406260aeef116
2026-09-25,data/raw/conselho_dh/2026-09-25/A_HRC_RES_24_12.pdf,https://documents.un.org/api/symbol/access?s=A/HRC/RES/24/12&l=en&t=pdf,1,430431,3d86a3a4749ea44ea89915717afe7b5df05773a0b5156f41dd769a943d60ecc5
2026-09-25,data/raw/conselho_dh/2026-09-25/A_HRC_RES_24_13.pdf,https://documents.un.org/api/symbol/access?s=A/HRC/RES/24/13&l=en&t=pdf,1,367945,8422c91cddc465eac5c99f29cc7a143d4d451795265df0eaba276c48cf7940bd
2026-09-25,data/raw/conselho_dh/2026-09-25/A_HRC_RES_24_14.pdf,https://documents.un.org/api/symbol/access?s=A/HRC/RES/24/14&l=en&t=pdf,1,370466,ec3af38faddb9d3063aad03c15e4a06404c9f18d7e951533718b22b9332f722b
2026-09-25,data/raw/conselho_dh/2026-09-25/A_HRC_RES_24_15.pdf,https://documents.un.org/api/symbol/access?s=A/HRC/RES/24/15&l=en&t=pdf,1,68127,38241f7312d1e7ae087e3349cebf9c8483750e2f4294163275e380021b4224ef
2026-09-25,data/raw/conselho_dh/2026-09-25/A_HRC_RES_24_16.pdf,https://documents.un.org/api/symbol/access?s=A/HRC/RES/24/16&l=en&t=pdf,1,356699,1a9bcaff38bb02c37091c32624e12365bcbd09189d07ceecabccdf26fea7863f
2026-09-25,data/raw/conselho_dh/2026-09-25/A_HRC_RES_24_17.pdf,https://documents.un.org/api/symbol/access?s=A/HRC/RES/24/17&l=en&t=pdf,1,356787,b28d4b245ff843fb60789846ad61dd90e1525cfd73515bbcd170bc9dde6f9fab
2026-09-25,data/raw/conselho_dh/2026-09-25/A_HRC_RES_24_18.pdf,https://documents.un.org/api/symbol/access?s=A/HRC/RES/24/18&l=en&t=pdf,1,372375,d73066488c5b13d3fe6be125d909bb1a15bf2d85e83e53421c316b08c1feed72
2026-09-25,data/raw/conselho_dh/2026-09-25/A_HRC_RES_24_19.pdf,https://documents.un.org/api/symbol/access?s=A/HRC/RES/24/19&l=en&t=pdf,1,350541,bb5efc8a45f7f3e7862c3ddbe547a8d873a98f09f645f6581d2304c0177aa7c6
2026-09-25,data/raw/conselho_dh/2026-09-25/A_HRC_RES_24_20.pdf,https://documents.un.org/api/symbol/access?s=A/HRC/RES/24/20&l=en&t=pdf,1,71904,fd4c9d315d3b2fe3855f74282ac7eab26c9ada177c38920fda5e9bc287387c9e
2026-09-25,data/raw/conselho_dh/2026-09-25/A_HRC_RES_24_21.pdf,https://documents.un.org/api/symbol/access?s=A/HRC/RES/24/21&l=en&t=pdf,1,353803,7b1162e37f9d378b794d18accf07e9092a14a1914d8141cddb427a07f34cbf00
2026-09-25,data/raw/conselho_dh/2026-09-25/A_HRC_RES_24_22.pdf,https://documents.un.org/api/symbol/access?s=A/HRC/RES/24/22&l=en&t=pdf,1,407260,efef4cab763d474fedcdceb15cbc04d0c4d5221fe5b98cca703ee1cad18f7678
2026-09-25,data/raw/conselho_dh/2026-09-25/A_HRC_RES_24_23.pdf,https://documents.un.org/api/symbol/access?s=A/HRC/RES/24/23&l=en&t=pdf,1,350721,a31f00db2ac5847b6f3f255f53ca82b46a7aef49ffd55403f229b0e54b403d7a
2026-09-25,data/raw/conselho_dh/2026-09-25/A_HRC_RES_24_24.pdf,https://documents.un.org/api/symbol/access?s=A/HRC/RES/24/24&l=en&t=pdf,1,363886,1184994c517df62b94eb15ee6141f8c1823fbf36977f84153aa4161304dacbab
2026-09-25,data/raw/conselho_dh/2026-09-25/A_HRC_RES_24_25.pdf,https://documents.un.org/api/symbol/access?s=A/HRC/RES/24/25&l=en&t=pdf,1,353413,3803860c7034c39642ccfcd23ad2510befe0f41c6197d82494509605a7e1f8ca
2026-09-25,data/raw/conselho_dh/2026-09-25/A_HRC_RES_24_26.pdf,https://documents.un.org/api/symbol/access?s=A/HRC/RES/24/26&l=en&t=pdf,1,367092,9c70d95df3ef250bbc07f6b51ec492ea37d8d0075313ec78755fe44951347da5
2026-09-25,data/raw/conselho_dh/2026-09-25/A_HRC_RES_24_27.pdf,https://documents.un.org/api/symbol/access?s=A/HRC/RES/24/27&l=en&t=pdf,1,43448,09d5c8cafb0cf6fd5f29152df9caf1cf3170c94077d84e09cf7c10061b16ca78
2026-09-25,data/raw/conselho_dh/2026-09-25/A_HRC_RES_24_28.pdf,https://documents.un.org/api/symbol/access?s=A/HRC/RES/24/28&l=en&t=pdf,1,72935,c669b213c6631bc71ab84b449c1fc23ce55168dc93cab1c06172870e8d51b876
2026-09-25,data/raw/conselho_dh/2026-09-25/A_HRC_RES_24_29.pdf,https://documents.un.org/api/symbol/access?s=A/HRC/RES/24/29&l=en&t=pdf,1,368533,4c27d8f387a2f3d7b6d3a98aa33a9a1e0c525b8d275c68e7a11aff1bead17322
2026-09-25,data/raw/conselho_dh/2026-09-25/A_HRC_RES_24_30.pdf,https://documents.un.org/api/symbol/access?s=A/HRC/RES/24/30&l=en&t=pdf,1,83226,653cd39517bcd11f034fe3028c961ba5122c5e9712a686c276a71b97b503ebd6
2026-09-25,data/raw/conselho_dh/2026-09-25/A_HRC_RES_24_31.pdf,https://documents.un.org/api/symbol/access?s=A/HRC/RES/24/31&l=en&t=pdf,1,403841,3bb5c5882b11c30200b8a3767e8b0288d534b435ee668f5c54dd9c7a0fd6d7d5
2026-09-25,data/raw/conselho_dh/2026-09-25/A_HRC_RES_24_32.pdf,https://documents.un.org/api/symbol/access?s=A/HRC/RES/24/32&l=en&t=pdf,1,398769,0b00e46de8ba6f84faeefb176dc25d7830fa0c21ac5db4810f622dca0ecb1247
2026-09-25,data/raw/conselho_dh/2026-09-25/A_HRC_RES_24_33.pdf,https://documents.un.org/api/symbol/access?s=A/HRC/RES/24/33&l=en&t=pdf,1,64136,282fb5d494f2b5756a53cf02f79f2a1079cac859e506c2a45d34cd1a695bfb01
2026-09-25,data/raw/conselho_dh/2026-09-25/A_HRC_RES_24_34.pdf,https://documents.un.org/api/symbol/access?s=A/HRC/RES/24/34&l=en&t=pdf,1,573694,982a21161f1da7e18d638224a672f4b2bc9d304faf28d49ff225a282fa798503
2026-09-25,data/raw/conselho_dh/2026-09-25/A_HRC_RES_24_35.pdf,https://documents.un.org/api/symbol/access?s=A/HRC/RES/24/35&l=en&t=pdf,1,351715,6ccf31fe538d8538e1404b401dfde4dab24d9794875697e5538ea19df7bf085b
2026-09-25,data/raw/conselho_dh/2026-09-25/A_HRC_RES_25_1.pdf,https://documents.un.org/api/symbol/access?s=A/HRC/RES/25/1&l=en&t=pdf,1,50898,9d84914682e94798741961f135017895e811bfdda03e6773b79cb1c5d9f84077
2026-09-25,data/raw/conselho_dh/2026-09-25/A_HRC_RES_25_2.pdf,https://documents.un.org/api/symbol/access?s=A/HRC/RES/25/2&l=en&t=pdf,1,31744,b382d6e3eb9f537691f48cf69395f8bfe29f91ecad41b80c7a86b4df7502504c
2026-09-25,data/raw/conselho_dh/2026-09-25/A_HRC_RES_25_3.pdf,https://documents.un.org/api/symbol/access?s=A/HRC/RES/25/3&l=en&t=pdf,1,45781,38b944c5098fbf09d073f6f3a4fbc5c80f5812d884aa47614df87ce6d15c67ef
2026-09-25,data/raw/conselho_dh/2026-09-25/A_HRC_RES_25_4.pdf,https://documents.un.org/api/symbol/access?s=A/HRC/RES/25/4&l=en&t=pdf,1,40190,b7211a84a636f6eb6f845642709a4028df87dba150d83ce959712b7fc70ae869
2026-09-25,data/raw/conselho_dh/2026-09-25/A_HRC_RES_25_5.pdf,https://documents.un.org/api/symbol/access?s=A/HRC/RES/25/5&l=en&t=pdf,1,45504,339d84ee4192d160c547b19657a0a55a0ac0a00954388bc3e18fbefd11e77a17
2026-09-25,data/raw/conselho_dh/2026-09-25/A_HRC_RES_25_6.pdf,https://documents.un.org/api/symbol/access?s=A/HRC/RES/25/6&l=en&t=pdf,1,74012,4d71254f99321e3987bcde835c7020dc2ec4fdab55fea0e7e21420658cb9589b
2026-09-25,data/raw/conselho_dh/2026-09-25/A_HRC_RES_25_7.pdf,https://documents.un.org/api/symbol/access?s=A/HRC/RES/25/7&l=en&t=pdf,1,45349,d6c71d58e0ed57da1c6b9e699de9b499fa2f61c53911a39a2a101ebe4b22cb9f
2026-09-25,data/raw/conselho_dh/2026-09-25/A_HRC_RES_25_8.pdf,https://documents.un.org/api/symbol/access?s=A/HRC/RES/25/8&l=en&t=pdf,1,39191,b248fb05d059b6da0ab1467e07b68d8863726a50cb2c31b79e6141ee009b7008
2026-09-25,data/raw/conselho_dh/2026-09-25/A_HRC_RES_25_9.pdf,https://documents.un.org/api/symbol/access?s=A/HRC/RES/25/9&l=en&t=pdf,1,67107,70507522a1276168229f927fd296534de0ad97ae7e39e9bfc8b60bcd59f8955c
2026-09-25,data/raw/conselho_dh/2026-09-25/A_HRC_RES_25_10.pdf,https://documents.un.org/api/symbol/access?s=A/HRC/RES/25/10&l=en&t=pdf,1,41310,93f3b799c4fcdf518c1a214c47d649ede3e6622cc41bc31933a20a8eccb8e691
2026-09-25,data/raw/conselho_dh/2026-09-25/A_HRC_RES_25_11.pdf,https://documents.un.org/api/symbol/access?s=A/HRC/RES/25/11&l=en&t=pdf,1,41672,0e3ceec714a4b83b40716d872afbcef7317541596ebc6d51d24d0b2e704113b9
2026-09-25,data/raw/conselho_dh/2026-09-25/A_HRC_RES_25_12.pdf,https://documents.un.org/api/symbol/access?s=A/HRC/RES/25/12&l=en&t=pdf,1,47637,7f5d78dc52c669eab7ff3a99bc1fceef06fe8ebbbdaa7b1f969f1761e952bcab
2026-09-25,data/raw/conselho_dh/2026-09-25/A_HRC_RES_25_13.pdf,https://documents.un.org/api/symbol/access?s=A/HRC/RES/25/13&l=en&t=pdf,1,40364,b326ebd2bb4ad651d51ac8c97066a29df190652b85081d4248f5d36342e78462
2026-09-25,data/raw/conselho_dh/2026-09-25/A_HRC_RES_25_14.pdf,https://documents.un.org/api/symbol/access?s=A/HRC/RES/25/14&l=en&t=pdf,1,73381,a058900d930b0a57780631bd32e0d93c71e7dd330cc184928e89144c611e67f2
2026-09-25,data/raw/conselho_dh/2026-09-25/A_HRC_RES_25_15.pdf,https://documents.un.org/api/symbol/access?s=A/HRC/RES/25/15&l=en&t=pdf,1,58123,954febb3843700496ff97560dab15eb715d4a5c3a5efa4618a829c4775f8fe4f
2026-09-25,data/raw/conselho_dh/2026-09-25/A_HRC_RES_25_16.pdf,https://documents.un.org/api/symbol/access?s=A/HRC/RES/25/16&l=en&t=pdf,1,46449,14eed3de22c526ee4abb8f93db96a4718b1e451cf53394a3b807a923b0c7d06a
2026-09-25,data/raw/conselho_dh/2026-09-25/A_HRC_RES_25_17.pdf,https://documents.un.org/api/symbol/access?s=A/HRC/RES/25/17&l=en&t=pdf,1,41275,9687c0911db21914b05263466afd7cc33d44834fbcce4b3da095a4c057771002
2026-09-25,data/raw/conselho_dh/2026-09-25/A_HRC_RES_25_18.pdf,https://documents.un.org/api/symbol/access?s=A/HRC/RES/25/18&l=en&t=pdf,1,37518,4242c2d10afe95760d70a492d3bc57eff43c1cf2f1bfe6bb9bcad2763c24cd23
2026-09-25,data/raw/conselho_dh/2026-09-25/A_HRC_RES_25_19.pdf,https://documents.un.org/api/symbol/access?s=A/HRC/RES/25/19&l=en&t=pdf,1,39011,74cdf45a332c2088df4aeec7e71ffae00430c6371f4837f9d2c4e6925a19b8f7
2026-09-25,data/raw/conselho_dh/2026-09-25/A_HRC_RES_25_20.pdf,https://documents.un.org/api/symbol/access?s=A/HRC/RES/25/20&l=en&t=pdf,1,55784,dcdd46a25766ca665a374d0dccacf974277b75653a6e538b24a6eeebb229eeae
2026-09-25,data/raw/conselho_dh/2026-09-25/A_HRC_RES_25_21.pdf,https://documents.un.org/api/symbol/access?s=A/HRC/RES/25/21&l=en&t=pdf,1,40274,04a12fb185652e6806411f923d8b81091493b2da1c2fa3ed4368da21b1a3d1c6
2026-09-25,data/raw/conselho_dh/2026-09-25/A_HRC_RES_25_22.pdf,https://documents.un.org/api/symbol/access?s=A/HRC/RES/25/22&l=en&t=pdf,1,38498,466b8373e85188064ba9390d81e5bc5a1969e89048307b0fb90733d24023a50b
2026-09-25,data/raw/conselho_dh/2026-09-25/A_HRC_RES_25_23.pdf,https://documents.un.org/api/symbol/access?s=A/HRC/RES/25/23&l=en&t=pdf,1,44127,9fd1d3ef087b57373f5b8cfc07affd8970834373f8ed3cac014dcf1194385a5e
2026-09-25,data/raw/conselho_dh/2026-09-25/A_HRC_RES_25_24.pdf,https://documents.un.org/api/symbol/access?s=A/HRC/RES/25/24&l=en&t=pdf,1,33320,203013824f2798d7fd9ec9202bb957beff2a4bb3bdc267e935182b4f94b4f76d
2026-09-25,data/raw/conselho_dh/2026-09-25/A_HRC_RES_25_25.pdf,https://documents.un.org/api/symbol/access?s=A/HRC/RES/25/25&l=en&t=pdf,1,55102,443352d52b91e4e7185b86ea9856827a8814f8a37898a9dd04927ee5fca376e0
2026-09-25,data/raw/conselho_dh/2026-09-25/A_HRC_RES_25_26.pdf,https://documents.un.org/api/symbol/access?s=A/HRC/RES/25/26&l=en&t=pdf,1,45589,6694bbb3aa858dad1f6c3b51c2dbb3798c57e6f012e7faf1ebaa433fbb309d47
2026-09-25,data/raw/conselho_dh/2026-09-25/A_HRC_RES_25_27.pdf,https://documents.un.org/api/symbol/access?s=A/HRC/RES/25/27&l=en&t=pdf,1,37455,a65dcadb39a9f11a65542a7a09c1dadff52f19d2ab0254c274645a679746fb18
2026-09-25,data/raw/conselho_dh/2026-09-25/A_HRC_RES_25_28.pdf,https://documents.un.org/api/symbol/access?s=A/HRC/RES/25/28&l=en&t=pdf,1,62554,17161f56f69e54abe2d7a345cd6112e2d86092660ab265a0771380b87a9e09f5
2026-09-25,data/raw/conselho_dh/2026-09-25/A_HRC_RES_25_29.pdf,https://documents.un.org/api/symbol/access?s=A/HRC/RES/25/29&l=en&t=pdf,1,64933,0cdfe213c14783d82f0289fee04202c70a0f190ce986c94c35b197e36b4f48c8
2026-09-25,data/raw/conselho_dh/2026-09-25/A_HRC_RES_25_30.pdf,https://documents.un.org/api/symbol/access?s=A/HRC/RES/25/30&l=en&t=pdf,1,31779,d593ddb6d738bcddba959410f74c5eba2bec10a870beb69e3f54bf6f177af5ee
2026-09-25,data/raw/conselho_dh/2026-09-25/A_HRC_RES_25_31.pdf,https://documents.un.org/api/symbol/access?s=A/HRC/RES/25/31&l=en&t=pdf,1,39873,07c3816019617f21521bf54ebec34af5e28ac1aed10844c5fab7e2c335328205
2026-09-25,data/raw/conselho_dh/2026-09-25/A_HRC_RES_25_32.pdf,https://documents.un.org/api/symbol/access?s=A/HRC/RES/25/32&l=en&t=pdf,1,31642,d0072975c4e01f1055096a15ec53cbb8bcdec4e73079064a8b27ad3eb65882e8
2026-09-25,data/raw/conselho_dh/2026-09-25/A_HRC_RES_25_33.pdf,https://documents.un.org/api/symbol/access?s=A/HRC/RES/25/33&l=en&t=pdf,1,31011,05782984bf145204d6bcc216abe9f5a51a26e489d10ce98314a8d5959526bfa0
2026-09-25,data/raw/conselho_dh/2026-09-25/A_HRC_RES_25_34.pdf,https://documents.un.org/api/symbol/access?s=A/HRC/RES/25/34&l=en&t=pdf,1,50044,ef93abd32f5f482ee73e1830e654f630d0324ac5f256573a4954c95f580b3d55
2026-09-25,data/raw/conselho_dh/2026-09-25/A_HRC_RES_25_35.pdf,https://documents.un.org/api/symbol/access?s=A/HRC/RES/25/35&l=en&t=pdf,1,48036,2fc34b48695b0687f7bae49a3aa63dbc36e7f219fc2db35c5ae318cf0a8de256
2026-09-25,data/raw/conselho_dh/2026-09-25/A_HRC_RES_25_36.pdf,https://documents.un.org/api/symbol/access?s=A/HRC/RES/25/36&l=en&t=pdf,1,35666,a173633c2feb93489c753fb708d2a7ab615ed213534908cc37ca5962a6aca478
2026-09-25,data/raw/conselho_dh/2026-09-25/A_HRC_RES_25_37.pdf,https://documents.un.org/api/symbol/access?s=A/HRC/RES/25/37&l=en&t=pdf,1,50578,0477c0d4ac367e71f3f58903ce8f53f7c567b4f41a9c4f197ba7e47b19f8a360
2026-09-25,data/raw/conselho_dh/2026-09-25/A_HRC_RES_25_38.pdf,https://documents.un.org/api/symbol/access?s=A/HRC/RES/25/38&l=en&t=pdf,1,53267,8f0134a80bf07457a09234e8396b3f8c437a6b9bc9f17d9b71787a17250d008b
2026-09-25,data/raw/conselho_dh/2026-09-25/A_HRC_RES_26_1.pdf,https://documents.un.org/api/symbol/access?s=A/HRC/RES/26/1&l=en&t=pdf,1,30357,15e5d4391d25a6ccb73cb245d92ab9b9d2e64e3a61191ad3b1fa2344bd2d90af
2026-09-25,data/raw/conselho_dh/2026-09-25/A_HRC_RES_26_2.pdf,https://documents.un.org/api/symbol/access?s=A/HRC/RES/26/2&l=en&t=pdf,1,38957,1cf682fa3425bb24d359601572659eca97dbccb5bb088ab1e1895a074a56e90c
2026-09-25,data/raw/conselho_dh/2026-09-25/A_HRC_RES_26_3.pdf,https://documents.un.org/api/symbol/access?s=A/HRC/RES/26/3&l=en&t=pdf,1,38161,8efd21c00769371679a56a46295428a1d76ef8bd2a1b3e30b34bcf9271dc4d19
2026-09-25,data/raw/conselho_dh/2026-09-25/A_HRC_RES_26_4.pdf,https://documents.un.org/api/symbol/access?s=A/HRC/RES/26/4&l=en&t=pdf,1,34438,af01c72d06d6122d7b1b812d12b55abaee2f225bfb88e5c49ec628df1c9f83b3
2026-09-25,data/raw/conselho_dh/2026-09-25/A_HRC_RES_26_5.pdf,https://documents.un.org/api/symbol/access?s=A/HRC/RES/26/5&l=en&t=pdf,1,49753,d28ae674ad02d956d35e154aa8c73bcffde59f5c725f771047b117053d71e2bb
2026-09-25,data/raw/conselho_dh/2026-09-25/A_HRC_RES_26_6.pdf,https://documents.un.org/api/symbol/access?s=A/HRC/RES/26/6&l=en&t=pdf,1,40367,6300f101fd972144593711067034ad5daa552977bd9d7373920f0c9bf61e6fb5
2026-09-25,data/raw/conselho_dh/2026-09-25/A_HRC_RES_26_7.pdf,https://documents.un.org/api/symbol/access?s=A/HRC/RES/26/7&l=en&t=pdf,1,32477,b139bd197b3ed1be40b881efe5195d62970afee1431496a501b7ab3ada30cf65
2026-09-25,data/raw/conselho_dh/2026-09-25/A_HRC_RES_26_8.pdf,https://documents.un.org/api/symbol/access?s=A/HRC/RES/26/8&l=en&t=pdf,1,47428,99e1eb90d1ce8bb30e560ff0e2915b5be1f4d56c00d17f607dd6c2ee55d05726
2026-09-25,data/raw/conselho_dh/2026-09-25/A_HRC_RES_26_9.pdf,https://documents.un.org/api/symbol/access?s=A/HRC/RES/26/9&l=en&t=pdf,1,38020,bd2b936cc91aa194f49bd4ebe831c6aed1ebab28d96b54d8a3173ab87e006f61
2026-09-25,data/raw/conselho_dh/2026-09-25/A_HRC_RES_26_10.pdf,https://documents.un.org/api/symbol/access?s=A/HRC/RES/26/10&l=en&t=pdf,1,33784,a8919612a4cfcc24a0d205c25dd2bcedd1afbbaa580457acea1de3d4255a1ee1
2026-09-25,data/raw/conselho_dh/2026-09-25/A_HRC_RES_26_11.pdf,https://documents.un.org/api/symbol/access?s=A/HRC/RES/26/11&l=en&t=pdf,1,34912,b6bd31d37e68864c227067c499f020838846f7b0374d96d5a143f04d996d4611
2026-09-25,data/raw/conselho_dh/2026-09-25/A_HRC_RES_26_12.pdf,https://documents.un.org/api/symbol/access?s=A/HRC/RES/26/12&l=en&t=pdf,1,42976,a5eaffc5d2f69f196d7c7f4d2b4f05c0f238a5a21ecf5954b17e54a00d5eb8d1
2026-09-25,data/raw/conselho_dh/2026-09-25/A_HRC_RES_26_13.pdf,https://documents.un.org/api/symbol/access?s=A/HRC/RES/26/13&l=en&t=pdf,1,38089,3afdfe7437b5f26b5b1176e03749a4b54159c8dca399fb12e7c576fbd2037a7b
2026-09-25,data/raw/conselho_dh/2026-09-25/A_HRC_RES_26_14.pdf,https://documents.un.org/api/symbol/access?s=A/HRC/RES/26/14&l=en&t=pdf,1,49302,8876fa53ff3f98ee006f9207b590d066b4082a694c6899a5dd597ca4bf86c205
2026-09-25,data/raw/conselho_dh/2026-09-25/A_HRC_RES_26_15.pdf,https://documents.un.org/api/symbol/access?s=A/HRC/RES/26/15&l=en&t=pdf,1,61131,9768d7c4c844619acc198a666aa0bf75d7b6b9596057d842f21c1085112ce258
2026-09-25,data/raw/conselho_dh/2026-09-25/A_HRC_RES_26_16.pdf,https://documents.un.org/api/symbol/access?s=A/HRC/RES/26/16&l=en&t=pdf,1,35230,ab9188be9d0f8738a4dd974618fc6e0f35c2b3d032196165f312c9bf65dae5c8
2026-09-25,data/raw/conselho_dh/2026-09-25/A_HRC_RES_26_17.pdf,https://documents.un.org/api/symbol/access?s=A/HRC/RES/26/17&l=en&t=pdf,1,40361,eab7d422bd9b809262beb40030ab3638b7bd3fced9b6e124325ba199f4b2eac0
2026-09-25,data/raw/conselho_dh/2026-09-25/A_HRC_RES_26_18.pdf,https://documents.un.org/api/symbol/access?s=A/HRC/RES/26/18&l=en&t=pdf,1,40231,e8adcf911c87de77446edcaa2b3a8a88c0ec1fc01f3532d5e7b9992a715a11a9
2026-09-25,data/raw/conselho_dh/2026-09-25/A_HRC_RES_26_19.pdf,https://documents.un.org/api/symbol/access?s=A/HRC/RES/26/19&l=en&t=pdf,1,36678,6ae50430e741d38deabff7bf0d9a8731313ead90505c56c5109a30287458d6b5
2026-09-25,data/raw/conselho_dh/2026-09-25/A_HRC_RES_26_20.pdf,https://documents.un.org/api/symbol/access?s=A/HRC/RES/26/20&l=en&t=pdf,1,38176,3d9d83aa46a492864acfbbbeda241534c928459740601f04ca297c8daa72f383
2026-09-25,data/raw/conselho_dh/2026-09-25/A_HRC_RES_26_21.pdf,https://documents.un.org/api/symbol/access?s=A/HRC/RES/26/21&l=en&t=pdf,1,50523,2608aad4b23033445a214075e477c9946e4cfba3a31dc6369f2ae8422d2ff94c
2026-09-25,data/raw/conselho_dh/2026-09-25/A_HRC_RES_26_22.pdf,https://documents.un.org/api/symbol/access?s=A/HRC/RES/26/22&l=en&t=pdf,1,45971,7f716e67e31a3290dcd6e17104dc79645d95360be2d7f913540c87bdd0de95d8
2026-09-25,data/raw/conselho_dh/2026-09-25/A_HRC_RES_26_23.pdf,https://documents.un.org/api/symbol/access?s=A/HRC/RES/26/23&l=en&t=pdf,1,49401,f636009ae6f3a4f0caadad87c7792f965815dc95003458718c5eec2802adcd37
2026-09-25,data/raw/conselho_dh/2026-09-25/A_HRC_RES_26_24.pdf,https://documents.un.org/api/symbol/access?s=A/HRC/RES/26/24&l=en&t=pdf,1,49759,62a5e71eff8cfad4a15a1c50e35352eec85e0b3e6b3dd4b55ef69818e1576503
2026-09-25,data/raw/conselho_dh/2026-09-25/A_HRC_RES_26_25.pdf,https://documents.un.org/api/symbol/access?s=A/HRC/RES/26/25&l=en&t=pdf,1,38738,a6793a396b355bd850cb8d42aec10f4a2142b7f130671f7f4b7ede076fec296b
2026-09-25,data/raw/conselho_dh/2026-09-25/A_HRC_RES_26_26.pdf,https://documents.un.org/api/symbol/access?s=A/HRC/RES/26/26&l=en&t=pdf,1,37706,7dc03efa017ba1ea4c6897f8e7a35cfdb121f8d7d2204a054b1a206f4f2debbb
2026-09-25,data/raw/conselho_dh/2026-09-25/A_HRC_RES_26_27.pdf,https://documents.un.org/api/symbol/access?s=A/HRC/RES/26/27&l=en&t=pdf,1,47175,20d9896c1a4db5c8a3e1a70f77e692e4ef31d7e77b4e152cb7ffac41d0283fbf
2026-09-25,data/raw/conselho_dh/2026-09-25/A_HRC_RES_26_28.pdf,https://documents.un.org/api/symbol/access?s=A/HRC/RES/26/28&l=en&t=pdf,1,39272,180b1ce1411f4080d4c0a29b358298aff52ffe3d795559afa6cdfca64d171618
2026-09-25,data/raw/conselho_dh/2026-09-25/A_HRC_RES_26_29.pdf,https://documents.un.org/api/symbol/access?s=A/HRC/RES/26/29&l=en&t=pdf,1,35160,53978d5e2ca180b8915bcba98055f3fc1e51a9d876fd24ec559f571c896aef5b
2026-09-25,data/raw/conselho_dh/2026-09-25/A_HRC_RES_26_30.pdf,https://documents.un.org/api/symbol/access?s=A/HRC/RES/26/30&l=en&t=pdf,1,41724,9d2739011fba6a4ffaf0bc01a04f5b06da1fd4f1922302ebddf4d075f47620b6
2026-09-25,data/raw/conselho_dh/2026-09-25/A_HRC_RES_26_31.pdf,https://documents.un.org/api/symbol/access?s=A/HRC/RES/26/31&l=en&t=pdf,1,37642,0f5f06a3285f312fbdfadf6ca065e94bd2bacea2c4f81bfb54e7c7f13a5d68de
2026-09-25,data/raw/conselho_dh/2026-09-25/A_HRC_RES_26_32.pdf,https://documents.un.org/api/symbol/access?s=A/HRC/RES/26/32&l=en&t=pdf,1,44660,22415f8230a2f59c598dd614ec40cbf05fea956fd5e3f0324803565336f1d90d
2026-09-25,data/raw/conselho_dh/2026-09-25/A_HRC_RES_27_1.pdf,https://documents.un.org/api/symbol/access?s=A/HRC/RES/27/1&l=en&t=pdf,1,54367,cd3c66d9e33375706ba823bd3ac0a051ff18595b957c22890ea507637ace4fc3
2026-09-25,data/raw/conselho_dh/2026-09-25/A_HRC_RES_27_2.pdf,https://documents.un.org/api/symbol/access?s=A/HRC/RES/27/2&l=en&t=pdf,1,135521,5ade4d03b2ebeea3cfd93fe7d29e5276de6498c6e2167a7337dbf6c56e6e7617
2026-09-25,data/raw/conselho_dh/2026-09-25/A_HRC_RES_27_3.pdf,https://documents.un.org/api/symbol/access?s=A/HRC/RES/27/3&l=en&t=pdf,1,56088,71724ae45ed2cb9e74938a42069c5d399a3be3555fb32c61e6db4e4bd93555fa
2026-09-25,data/raw/conselho_dh/2026-09-25/A_HRC_RES_27_4.pdf,https://documents.un.org/api/symbol/access?s=A/HRC/RES/27/4&l=en&t=pdf,1,45690,60b0819ce15749532663629e23e899ec91fd07d1ed5e14e194a0d60998659363
2026-09-25,data/raw/conselho_dh/2026-09-25/A_HRC_RES_27_5.pdf,https://documents.un.org/api/symbol/access?s=A/HRC/RES/27/5&l=en&t=pdf,1,57720,6be9577fa2b3e12f8d89ddfc7d196de7af315e7621810bd9c09ac66768263225
2026-09-25,data/raw/conselho_dh/2026-09-25/A_HRC_RES_27_6.pdf,https://documents.un.org/api/symbol/access?s=A/HRC/RES/27/6&l=en&t=pdf,1,116286,2b5d15b1def0644fe77be7eecb4a2766cb04a578ec2c46ffe4db9f1867517eeb
2026-09-25,data/raw/conselho_dh/2026-09-25/A_HRC_RES_27_7.pdf,https://documents.un.org/api/symbol/access?s=A/HRC/RES/27/7&l=en&t=pdf,1,144026,d1fc404ab8774d5f40b532e923999d2e9d88c3684cd2ac83707e2e793993c262
2026-09-25,data/raw/conselho_dh/2026-09-25/A_HRC_RES_27_8.pdf,https://documents.un.org/api/symbol/access?s=A/HRC/RES/27/8&l=en&t=pdf,1,54602,5a03eb63b0a871dfb31676625cf19f6e75285709df1bb88684bb5f4173eb9b8d
2026-09-25,data/raw/conselho_dh/2026-09-25/A_HRC_RES_27_9.pdf,https://documents.un.org/api/symbol/access?s=A/HRC/RES/27/9&l=en&t=pdf,1,122516,0acfd91da494a590cbe3465c7a6f60a0d4a071ccd64fe8a1c1da5acb0c6d64b4
2026-09-25,data/raw/conselho_dh/2026-09-25/A_HRC_RES_27_10.pdf,https://documents.un.org/api/symbol/access?s=A/HRC/RES/27/10&l=en&t=pdf,1,135356,8487d078876974b34e14b5e430ebb2bd49b15c4bac442b989a3d92a9b5b5710b
2026-09-25,data/raw/conselho_dh/2026-09-25/A_HRC_RES_27_11.pdf,https://documents.un.org/api/symbol/access?s=A/HRC/RES/27/11&l=en&t=pdf,1,52744,e5ab5789eebafac544f5266e086316df103eb227a730fc8fe4d20b1d3fdffd39
2026-09-25,data/raw/conselho_dh/2026-09-25/A_HRC_RES_27_12.pdf,https://documents.un.org/api/symbol/access?s=A/HRC/RES/27/12&l=en&t=pdf,1,117786,e57f7649c0f8c5cfa93cf67abce3f3854dcd98514fd16679049277a88d6ddf7b
2026-09-25,data/raw/conselho_dh/2026-09-25/A_HRC_RES_27_13.pdf,https://documents.un.org/api/symbol/access?s=A/HRC/RES/27/13&l=en&t=pdf,1,129940,da46d6786b0b951feb58a81a6889314613ae4ba42e804234369ce2627c211d44
2026-09-25,data/raw/conselho_dh/2026-09-25/A_HRC_RES_27_14.pdf,https://documents.un.org/api/symbol/access?s=A/HRC/RES/27/14&l=en&t=pdf,1,126445,ef80b1df3cf78a3fa042deff97aa83b804e32502e4e341cdaa4934b2377b7735
2026-09-25,data/raw/conselho_dh/2026-09-25/A_HRC_RES_27_15.pdf,https://documents.un.org/api/symbol/access?s=A/HRC/RES/27/15&l=en&t=pdf,1,121654,3b54f9d8cc0dc4ba56e37ff6b3e9d6662433335a87407b95a11df4d3550248e2
2026-09-25,data/raw/conselho_dh/2026-09-25/A_HRC_RES_27_16.pdf,https://documents.un.org/api/symbol/access?s=A/HRC/RES/27/16&l=en&t=pdf,1,191115,09129f800f1384b144e7f5abb76333b6733ced4763d8e34f2dab5176115bf182
2026-09-25,data/raw/conselho_dh/2026-09-25/A_HRC_RES_27_17.pdf,https://documents.un.org/api/symbol/access?s=A/HRC/RES/27/17&l=en&t=pdf,1,119293,808be7002b934535e6116a4372e18c5dd46d910216d797d18f5026868d57f9dd
2026-09-25,data/raw/conselho_dh/2026-09-25/A_HRC_RES_27_18.pdf,https://documents.un.org/api/symbol/access?s=A/HRC/RES/27/18&l=en&t=pdf,1,62251,77e6f6dbc9db6e405acfdba37eb75b87d8e2b9073dcc32d81ccb91627beb0dea
2026-09-25,data/raw/conselho_dh/2026-09-25/A_HRC_RES_27_19.pdf,https://documents.un.org/api/symbol/access?s=A/HRC/RES/27/19&l=en&t=pdf,1,133752,3687f663f6c98d2ae103cf1e8bc2ea06f7fa133f47d4721f8f982c06552c83dc
2026-09-25,data/raw/conselho_dh/2026-09-25/A_HRC_RES_27_20.pdf,https://documents.un.org/api/symbol/access?s=A/HRC/RES/27/20&l=en&t=pdf,1,127142,7c02908971d9f351ba9504468f82b061d3c3a141e587e4d627b7f4fa21eeac31
2026-09-25,data/raw/conselho_dh/2026-09-25/A_HRC_RES_27_21.pdf,https://documents.un.org/api/symbol/access?s=A/HRC/RES/27/21&l=en&t=pdf,1,145087,54788ec87206b7b6d17dd7a14dd53550887863e0c0edaeeb5e6894c39566dac0
2026-09-25,data/raw/conselho_dh/2026-09-25/A_HRC_RES_27_22.pdf,https://documents.un.org/api/symbol/access?s=A/HRC/RES/27/22&l=en&t=pdf,1,133499,b8c46c6af82b20e5c0923e60b861b47a388b358d7a18455f2db0f7531218402b
2026-09-25,data/raw/conselho_dh/2026-09-25/A_HRC_RES_27_23.pdf,https://documents.un.org/api/symbol/access?s=A/HRC/RES/27/23&l=en&t=pdf,1,49834,0995ce09ac0d7e5f731071676980fd957cd79b6ea8731cec5b047b944053d7e2
2026-09-25,data/raw/conselho_dh/2026-09-25/A_HRC_RES_27_24.pdf,https://documents.un.org/api/symbol/access?s=A/HRC/RES/27/24&l=en&t=pdf,1,56545,bb04a56be76432f0eb3e59fac3cc285578e19e6c60041edf53acca2164994ace
2026-09-25,data/raw/conselho_dh/2026-09-25/A_HRC_RES_27_25.pdf,https://documents.un.org/api/symbol/access?s=A/HRC/RES/27/25&l=en&t=pdf,1,117460,6417eb5a1a7a878298f754454446a98c6d26cd6221eac6c50808fed9c4406a4e
2026-09-25,data/raw/conselho_dh/2026-09-25/A_HRC_RES_27_26.pdf,https://documents.un.org/api/symbol/access?s=A/HRC/RES/27/26&l=en&t=pdf,1,119452,57a7a2946dd873a993d5fc91a576fe65cfa820e6226e66d83194d4d0aecce25b
2026-09-25,data/raw/conselho_dh/2026-09-25/A_HRC_RES_27_27.pdf,https://documents.un.org/api/symbol/access?s=A/HRC/RES/27/27&l=en&t=pdf,1,185022,3331d978da2aec135d1db8e6f6aa91413426acaa74cc96e384e3b125d324d835
2026-09-25,data/raw/conselho_dh/2026-09-25/A_HRC_RES_27_28.pdf,https://documents.un.org/api/symbol/access?s=A/HRC/RES/27/28&l=en&t=pdf,1,127854,38894d3c6c3a95bd5e3ba25a33a79d624eebe32b9258f6f873f3585e0c21923c
2026-09-25,data/raw/conselho_dh/2026-09-25/A_HRC_RES_27_29.pdf,https://documents.un.org/api/symbol/access?s=A/HRC/RES/27/29&l=en&t=pdf,1,125391,d7e545180c7738afb38e637a17752b472763f5a84a61d5d17c7d553bfef77e68
2026-09-25,data/raw/conselho_dh/2026-09-25/A_HRC_RES_27_30.pdf,https://documents.un.org/api/symbol/access?s=A/HRC/RES/27/30&l=en&t=pdf,1,128145,6d3184ea7d8036b87cd611c521c31e80759761a140c31e52dd1e76f29c1394e9
2026-09-25,data/raw/conselho_dh/2026-09-25/A_HRC_RES_27_31.pdf,https://documents.un.org/api/symbol/access?s=A/HRC/RES/27/31&l=en&t=pdf,1,127117,a2981f4a85e4236f73b63d8b743fef112402bd4f23e8b2d410893177cecbfd45
2026-09-25,data/raw/conselho_dh/2026-09-25/A_HRC_RES_27_32.pdf,https://documents.un.org/api/symbol/access?s=A/HRC/RES/27/32&l=en&t=pdf,1,120330,99a7051b3c4ea7e207fdbac1d29b71262e8444764b850954d7ff78175d12163f
2026-09-25,data/raw/conselho_dh/2026-09-25/A_HRC_RES_28_1.pdf,https://documents.un.org/api/symbol/access?s=A/HRC/RES/28/1&l=en&t=pdf,1,130864,3e9c629ea1e2047ae6ca5d15bd172963d995d2c4712e5e6d4463c323a50ed451
2026-09-25,data/raw/conselho_dh/2026-09-25/A_HRC_RES_28_2.pdf,https://documents.un.org/api/symbol/access?s=A/HRC/RES/28/2&l=en&t=pdf,1,134258,f3a6547c14f41c44f8b5a981733c5063e242f8664deb71540af40dce698ca7d0
2026-09-25,data/raw/conselho_dh/2026-09-25/A_HRC_RES_28_3.pdf,https://documents.un.org/api/symbol/access?s=A/HRC/RES/28/3&l=en&t=pdf,1,118753,8bd2d18350ba06af9c74682ed9c66dbc6ec6cd67d1ffb479baddc726bb2815bc
2026-09-25,data/raw/conselho_dh/2026-09-25/A_HRC_RES_28_4.pdf,https://documents.un.org/api/symbol/access?s=A/HRC/RES/28/4&l=en&t=pdf,1,133648,be5bcb2691f89ba75c50a11a07bdaf1a98bdb4ae4ca50f18f476249a0296b982
2026-09-25,data/raw/conselho_dh/2026-09-25/A_HRC_RES_28_5.pdf,https://documents.un.org/api/symbol/access?s=A/HRC/RES/28/5&l=en&t=pdf,1,154849,a94237c5ebabae882a2a4b12c436ebf8f8163b372207f72b2b734cf54b69b87f
2026-09-25,data/raw/conselho_dh/2026-09-25/A_HRC_RES_28_6.pdf,https://documents.un.org/api/symbol/access?s=A/HRC/RES/28/6&l=en&t=pdf,1,124230,76246dce820df0e8c8af9c660557ec542fb668c22b05d3cfb2bcbdea9b7c4b29
2026-09-25,data/raw/conselho_dh/2026-09-25/A_HRC_RES_28_7.pdf,https://documents.un.org/api/symbol/access?s=A/HRC/RES/28/7&l=en&t=pdf,1,118444,eb4e4f6060c7af3797e5aff7e51323919fbf76b4c67267312559cb01044672bf
2026-09-25,data/raw/conselho_dh/2026-09-25/A_HRC_RES_28_8.pdf,https://documents.un.org/api/symbol/access?s=A/HRC/RES/28/8&l=en&t=pdf,1,146706,0dadea0c410e72875e0cc0491677cfb4a22db090a985d91d8d6be45a94ce7278
2026-09-25,data/raw/conselho_dh/2026-09-25/A_HRC_RES_28_9.pdf,https://documents.un.org/api/symbol/access?s=A/HRC/RES/28/9&l=en&t=pdf,1,51289,647a2f8fe89bb327eb988c2b9d6c42df532083f298ea862c1322915f684b9a65
2026-09-25,data/raw/conselho_dh/2026-09-25/A_HRC_RES_28_10.pdf,https://documents.un.org/api/symbol/access?s=A/HRC/RES/28/10&l=en&t=pdf,1,163411,5078cd65c10b3b56d91db1917de5663bd7a8b3dc4b188a5607f3def63c7ee96c
2026-09-25,data/raw/conselho_dh/2026-09-25/A_HRC_RES_28_11.pdf,https://documents.un.org/api/symbol/access?s=A/HRC/RES/28/11&l=en&t=pdf,1,126410,fd79fcada25d1ed0444851ff372a66a908cb79251e1c50e4b8c41d604cd8616a
2026-09-25,data/raw/conselho_dh/2026-09-25/A_HRC_RES_28_12.pdf,https://documents.un.org/api/symbol/access?s=A/HRC/RES/28/12&l=en&t=pdf,1,124653,abb117a45ff3a24c022242861d0e9f5f786d27228ab0076a656840488b94d975
2026-09-25,data/raw/conselho_dh/2026-09-25/A_HRC_RES_28_13.pdf,https://documents.un.org/api/symbol/access?s=A/HRC/RES/28/13&l=en&t=pdf,1,125076,fd4a8bd26700c552e969d68749f627be860dc634da4a6dcee47601235eff7579
2026-09-25,data/raw/conselho_dh/2026-09-25/A_HRC_RES_28_14.pdf,https://documents.un.org/api/symbol/access?s=A/HRC/RES/28/14&l=en&t=pdf,1,127684,e717a2885acaedccbe9d4aeda601f687575a74b1755eae9dd91cbf64463185f9
2026-09-25,data/raw/conselho_dh/2026-09-25/A_HRC_RES_28_15.pdf,https://documents.un.org/api/symbol/access?s=A/HRC/RES/28/15&l=en&t=pdf,1,56109,63f96e934729ad1b18d1634c3d0b0cfb62207b1196c27a4600c288e4af372970
2026-09-25,data/raw/conselho_dh/2026-09-25/A_HRC_RES_28_16.pdf,https://documents.un.org/api/symbol/access?s=A/HRC/RES/28/16&l=en&t=pdf,1,131180,bdd139246cccf12dd78e57370ce12f6cb48a8a93c3bb5dcda22c1b9f902a4e67
2026-09-25,data/raw/conselho_dh/2026-09-25/A_HRC_RES_28_17.pdf,https://documents.un.org/api/symbol/access?s=A/HRC/RES/28/17&l=en&t=pdf,1,130251,7cb248d2a8f8e7441cae97ad839b62d548848095e51b8c413c79514df6983fb7
2026-09-25,data/raw/conselho_dh/2026-09-25/A_HRC_RES_28_18.pdf,https://documents.un.org/api/symbol/access?s=A/HRC/RES/28/18&l=en&t=pdf,1,130249,00bbb0dabc20871f441f7263958c00240a52c6402522acb55866fa6bb40421da
2026-09-25,data/raw/conselho_dh/2026-09-25/A_HRC_RES_28_19.pdf,https://documents.un.org/api/symbol/access?s=A/HRC/RES/28/19&l=en&t=pdf,1,174130,6004533f545a50cd9a69420abe1a4c022e952d6782284d75a1e85ad87835bac2
2026-09-25,data/raw/conselho_dh/2026-09-25/A_HRC_RES_28_20.pdf,https://documents.un.org/api/symbol/access?s=A/HRC/RES/28/20&l=en&t=pdf,1,246254,67bcc584b1671f5013beefbbd9a9d63bbf30f19ccdfe9db07f66439431b88817
2026-09-25,data/raw/conselho_dh/2026-09-25/A_HRC_RES_28_21.pdf,https://documents.un.org/api/symbol/access?s=A/HRC/RES/28/21&l=en&t=pdf,1,173777,71174024b61645c0cb3f36d91e671697138161ab6cf5cb8d22c1020d29fd8ce0
2026-09-25,data/raw/conselho_dh/2026-09-25/A_HRC_RES_28_22.pdf,https://documents.un.org/api/symbol/access?s=A/HRC/RES/28/22&l=en&t=pdf,1,256467,406cf118622d6185034c19fb7a2de4015406dbf799457fb64e23e6c686594a3a
2026-09-25,data/raw/conselho_dh/2026-09-25/A_HRC_RES_28_23.pdf,https://documents.un.org/api/symbol/access?s=A/HRC/RES/28/23&l=en&t=pdf,1,188271,cb5a7078ef119f515dc7625cafa3143d85ce2324e6a721654a931e2bed183651
2026-09-25,data/raw/conselho_dh/2026-09-25/A_HRC_RES_28_24.pdf,https://documents.un.org/api/symbol/access?s=A/HRC/RES/28/24&l=en&t=pdf,1,126468,0524385da1dcc7429f7a580cb7d324b29cfdfadf66d57e3ab46414c3dd7ee79b
2026-09-25,data/raw/conselho_dh/2026-09-25/A_HRC_RES_28_25.pdf,https://documents.un.org/api/symbol/access?s=A/HRC/RES/28/25&l=en&t=pdf,1,125406,8e47bd7f990dbf625ef8d974c106d698ac415ab9e42ba3cb36b2353eb427dc67
2026-09-25,data/raw/conselho_dh/2026-09-25/A_HRC_RES_28_26.pdf,https://documents.un.org/api/symbol/access?s=A/HRC/RES/28/26&l=en&t=pdf,1,153096,4cd9f520add9b4a06d32218c4ce225be4a219bddea8f04d3b4a2c1801b9d238a
2026-09-25,data/raw/conselho_dh/2026-09-25/A_HRC_RES_28_27.pdf,https://documents.un.org/api/symbol/access?s=A/HRC/RES/28/27&l=en&t=pdf,1,152534,9f4b21b553e9b47cbc780b533f0789123df3a69a8a7994db96295a125b61a91d
2026-09-25,data/raw/conselho_dh/2026-09-25/A_HRC_RES_28_28.pdf,https://documents.un.org/api/symbol/access?s=A/HRC/RES/28/28&l=en&t=pdf,1,125899,c685dd41053d8677b2b02305d227d29ebaa18c6123400b57a68ee7883e3dbb43
2026-09-25,data/raw/conselho_dh/2026-09-25/A_HRC_RES_28_29.pdf,https://documents.un.org/api/symbol/access?s=A/HRC/RES/28/29&l=en&t=pdf,1,135771,e08aa3692adf5f044f310fdf1635c5da07b8fd081e884003cf82c4291486e0fb
2026-09-25,data/raw/conselho_dh/2026-09-25/A_HRC_RES_28_30.pdf,https://documents.un.org/api/symbol/access?s=A/HRC/RES/28/30&l=en&t=pdf,1,135249,d4680e15793ba23e19ff9616254f8281692624ca7aafc172e8bfb41c87bebc64
2026-09-25,data/raw/conselho_dh/2026-09-25/A_HRC_RES_28_31.pdf,https://documents.un.org/api/symbol/access?s=A/HRC/RES/28/31&l=en&t=pdf,1,124021,0af15fffa78980d39b99c6dfc4110fe35099820bf93785a514363143b41e26bc
2026-09-25,data/raw/conselho_dh/2026-09-25/A_HRC_RES_28_32.pdf,https://documents.un.org/api/symbol/access?s=A/HRC/RES/28/32&l=en&t=pdf,1,46526,02bd12c9ac69ce3a3002e57148d92f194187fb85586c47aa0508d27115ab646d
2026-09-25,data/raw/conselho_dh/2026-09-25/A_HRC_RES_28_33.pdf,https://documents.un.org/api/symbol/access?s=A/HRC/RES/28/33&l=en&t=pdf,1,121928,2cac48ea51373f5ecfade2c000c90ddc836e2e33511b1ed087f5e2defba19c20
2026-09-25,data/raw/conselho_dh/2026-09-25/A_HRC_RES_28_34.pdf,https://documents.un.org/api/symbol/access?s=A/HRC/RES/28/34&l=en&t=pdf,1,141594,51153263ee73b8e60afc70a47e031675adf0f658063cb8fcf68e8fa1555f576e
2026-09-25,data/raw/conselho_dh/2026-09-25/A_HRC_RES_29_1.pdf,https://documents.un.org/api/symbol/access?s=A/HRC/RES/29/1&l=en&t=pdf,1,118464,690c82061b9fc4b9fd8b843e60d356f9fb8c620c7d1202d75ff1e01fe696aeb9
2026-09-25,data/raw/conselho_dh/2026-09-25/A_HRC_RES_29_2.pdf,https://documents.un.org/api/symbol/access?s=A/HRC/RES/29/2&l=en&t=pdf,1,64685,6a50124b0ddd63f0cf886f8f48a5c7f9d72746be8027451cedefadaa5cfbf4bd
2026-09-25,data/raw/conselho_dh/2026-09-25/A_HRC_RES_29_3.pdf,https://documents.un.org/api/symbol/access?s=A/HRC/RES/29/3&l=en&t=pdf,1,129641,a0dce6a15eb497653374c8cdb9918c8705f9797452803fab51eee61dbfc3c374
2026-09-25,data/raw/conselho_dh/2026-09-25/A_HRC_RES_29_4.pdf,https://documents.un.org/api/symbol/access?s=A/HRC/RES/29/4&l=en&t=pdf,1,132697,479c90061f900ffa3bc236cdad306424ba6599a2512bfb16f0b46ccd4de8bf07
2026-09-25,data/raw/conselho_dh/2026-09-25/A_HRC_RES_29_5.pdf,https://documents.un.org/api/symbol/access?s=A/HRC/RES/29/5&l=en&t=pdf,1,48288,d93ba6ef0b7faf8880af4114d18f6d16d1282bbd10fcc469c4be12156f972c17
2026-09-25,data/raw/conselho_dh/2026-09-25/A_HRC_RES_29_6.pdf,https://documents.un.org/api/symbol/access?s=A/HRC/RES/29/6&l=en&t=pdf,1,134030,6d2a73bd232665be97b5b029648a3a007b226277dd1711a1bb626401b3ec24bd
2026-09-25,data/raw/conselho_dh/2026-09-25/A_HRC_RES_29_7.pdf,https://documents.un.org/api/symbol/access?s=A/HRC/RES/29/7&l=en&t=pdf,1,130397,41c0ee2f6a8b89149d62f68a2777ef6f8c12224831730f522330d38c0ec34fe0
2026-09-25,data/raw/conselho_dh/2026-09-25/A_HRC_RES_29_8.pdf,https://documents.un.org/api/symbol/access?s=A/HRC/RES/29/8&l=en&t=pdf,1,143989,8e70cdfedba560fe1f6e11e57262cd9f650c8e13929d7c8b417c2f3396b0c2f8
2026-09-25,data/raw/conselho_dh/2026-09-25/A_HRC_RES_29_9.pdf,https://documents.un.org/api/symbol/access?s=A/HRC/RES/29/9&l=en&t=pdf,1,59581,660da478ab57ddb270f0c5cf1b68fd3493f3e232ecbcde3c85dd986064046a54
2026-09-25,data/raw/conselho_dh/2026-09-25/A_HRC_RES_29_10.pdf,https://documents.un.org/api/symbol/access?s=A/HRC/RES/29/10&l=en&t=pdf,1,119988,e56b399eddbbab6a9418bce3d29ff7da57ef0b73904fbb381fabb539b512b722
2026-09-25,data/raw/conselho_dh/2026-09-25/A_HRC_RES_29_11.pdf,https://documents.un.org/api/symbol/access?s=A/HRC/RES/29/11&l=en&t=pdf,1,52595,c830f459cb48a24da44f408d07a7499c4b4e0ab378956eaa1a498cab6a9df8d1
2026-09-25,data/raw/conselho_dh/2026-09-25/A_HRC_RES_29_12.pdf,https://documents.un.org/api/symbol/access?s=A/HRC/RES/29/12&l=en&t=pdf,1,122739,0f11677232ffb5c87ea5ec245ce0c396ea805a9d8235dff845ea6f6eb43568e8
2026-09-25,data/raw/conselho_dh/2026-09-25/A_HRC_RES_29_13.pdf,https://documents.un.org/api/symbol/access?s=A/HRC/RES/29/13&l=en&t=pdf,1,140044,deb109228ffc3b4e17666e8a76b7a593d341960a6692e74994fc682f4ccda43a
2026-09-25,data/raw/conselho_dh/2026-09-25/A_HRC_RES_29_14.pdf,https://documents.un.org/api/symbol/access?s=A/HRC/RES/29/14&l=en&t=pdf,1,148406,51fd712600728962763619b39c8a8a5ceffc49576fd10412d95f70b90526a875
2026-09-25,data/raw/conselho_dh/2026-09-25/A_HRC_RES_29_15.pdf,https://documents.un.org/api/symbol/access?s=A/HRC/RES/29/15&l=en&t=pdf,1,122905,e4347743c4e4ee7a3624cd02aafa9d7fcdc2383cbcbee679641aeff6772e14b9
2026-09-25,data/raw/conselho_dh/2026-09-25/A_HRC_RES_29_16.pdf,https://documents.un.org/api/symbol/access?s=A/HRC/RES/29/16&l=en&t=pdf,1,130098,5e75e80876252bc86f308306975fad2d5985894d73eca60dee3c8e8b8ae37fea
2026-09-25,data/raw/conselho_dh/2026-09-25/A_HRC_RES_29_17.pdf,https://documents.un.org/api/symbol/access?s=A/HRC/RES/29/17&l=en&t=pdf,1,123382,59e6be77399a6a139398d3eb1565796321df6636a6487966223d2f213f587a40
2026-09-25,data/raw/conselho_dh/2026-09-25/A_HRC_RES_29_18.pdf,https://documents.un.org/api/symbol/access?s=A/HRC/RES/29/18&l=en&t=pdf,1,133511,966757097d7de749937de5ac32411cb201e26b7e8a93c0f2074cfe9cb8afe97f
2026-09-25,data/raw/conselho_dh/2026-09-25/A_HRC_RES_29_19.pdf,https://documents.un.org/api/symbol/access?s=A/HRC/RES/29/19&l=en&t=pdf,1,120917,bce7d8a316f903f966f64408259c5627e018a1af021e1d9878808fc5f34eafd5
2026-09-25,data/raw/conselho_dh/2026-09-25/A_HRC_RES_29_20.pdf,https://documents.un.org/api/symbol/access?s=A/HRC/RES/29/20&l=en&t=pdf,1,121012,c8cd419a68ddf9a73960d8a487ce9144edc7301c8d6d61af2cab095704c4e5e8
2026-09-25,data/raw/conselho_dh/2026-09-25/A_HRC_RES_29_21.pdf,https://documents.un.org/api/symbol/access?s=A/HRC/RES/29/21&l=en&t=pdf,1,116804,e376fc1c8a9da5c9aa6ce09978fd2d261552d26db079bcacfd126ad2a0099872
2026-09-25,data/raw/conselho_dh/2026-09-25/A_HRC_RES_29_22.pdf,https://documents.un.org/api/symbol/access?s=A/HRC/RES/29/22&l=en&t=pdf,1,144985,40b95c01a16966809a640ed5e81cae462fe30e888982e3e756455253c2e54d31
2026-09-25,data/raw/conselho_dh/2026-09-25/A_HRC_RES_29_23.pdf,https://documents.un.org/api/symbol/access?s=A/HRC/RES/29/23&l=en&t=pdf,1,117282,345705907b07040c3fc0a4ada0cc5dd8278ab2ebe79a8372889ba3cd44894a83
2026-09-25,data/raw/conselho_dh/2026-09-25/A_HRC_RES_29_24.pdf,https://documents.un.org/api/symbol/access?s=A/HRC/RES/29/24&l=en&t=pdf,1,231845,d2181259a0fced63cc3a0d578125f0a139ab49a4cb68ff167805a586afb0db1b
2026-09-25,data/raw/conselho_dh/2026-09-25/A_HRC_RES_29_25.pdf,https://documents.un.org/api/symbol/access?s=A/HRC/RES/29/25&l=en&t=pdf,1,126263,88558c318a6142fe445c55ce5334bf28ed332e10b895e44f4f248addc492fcff
2026-09-25,data/raw/conselho_dh/2026-09-25/A_HRC_RES_30_1.pdf,https://documents.un.org/api/symbol/access?s=A/HRC/RES/30/1&l=en&t=pdf,1,137246,838154e075d163f9657de33bf3acd19dc350f093cef2efb101bb51433d36f944
2026-09-25,data/raw/conselho_dh/2026-09-25/A_HRC_RES_30_2.pdf,https://documents.un.org/api/symbol/access?s=A/HRC/RES/30/2&l=en&t=pdf,1,144384,d3fff66c2520911a3a09d0808111115698697c74f3a96b9de17bc3d9b3497276
2026-09-25,data/raw/conselho_dh/2026-09-25/A_HRC_RES_30_3.pdf,https://documents.un.org/api/symbol/access?s=A/HRC/RES/30/3&l=en&t=pdf,1,121482,03df6179199ceada812f268ad055783bcad41c0727bffc8d1923550c0ac5dd86
2026-09-25,data/raw/conselho_dh/2026-09-25/A_HRC_RES_30_4.pdf,https://documents.un.org/api/symbol/access?s=A/HRC/RES/30/4&l=en&t=pdf,1,125441,51919dbe697eb2c95f30e6d628c9cd05519461924d5101c4a813c42adcca950c
2026-09-25,data/raw/conselho_dh/2026-09-25/A_HRC_RES_30_5.pdf,https://documents.un.org/api/symbol/access?s=A/HRC/RES/30/5&l=en&t=pdf,1,128606,5e0c32cc632a48809690a80fdf6e812b5d1dd70360a064160c4a7d4f2baf8244
2026-09-25,data/raw/conselho_dh/2026-09-25/A_HRC_RES_30_6.pdf,https://documents.un.org/api/symbol/access?s=A/HRC/RES/30/6&l=en&t=pdf,1,136054,a334aa827b118ddeab8c70a0b8eb1fdbf5c6e4526f1627cda3013c1f327ece66
2026-09-25,data/raw/conselho_dh/2026-09-25/A_HRC_RES_30_7.pdf,https://documents.un.org/api/symbol/access?s=A/HRC/RES/30/7&l=en&t=pdf,1,144170,777869a3dd65362ec87502ddcd15d8c6f850619b03b33c9a1e0ccbe28cc40535
2026-09-25,data/raw/conselho_dh/2026-09-25/A_HRC_RES_30_8.pdf,https://documents.un.org/api/symbol/access?s=A/HRC/RES/30/8&l=en&t=pdf,1,115212,8fce3995c8feaf4debd5dc39b1b269be08c24b30e1add7ed2394227f59a0849a
2026-09-25,data/raw/conselho_dh/2026-09-25/A_HRC_RES_30_9.pdf,https://documents.un.org/api/symbol/access?s=A/HRC/RES/30/9&l=en&t=pdf,1,57436,9f9235c2041664d741eafe89e776fb48d79d56ec34c8d00b98313a946d03b864
2026-09-25,data/raw/conselho_dh/2026-09-25/A_HRC_RES_30_10.pdf,https://documents.un.org/api/symbol/access?s=A/HRC/RES/30/10&l=en&t=pdf,1,138963,a63a5de67c7506e7ac7a9aef580a9038c9aa975a74a2232a819f272821b62c56
2026-09-25,data/raw/conselho_dh/2026-09-25/A_HRC_RES_30_11.pdf,https://documents.un.org/api/symbol/access?s=A/HRC/RES/30/11&l=en&t=pdf,1,47176,efae97696945f48fcee8dc7283897638bdb4ca62942d8a1658d6746a64f76904
2026-09-25,data/raw/conselho_dh/2026-09-25/A_HRC_RES_30_12.pdf,https://documents.un.org/api/symbol/access?s=A/HRC/RES/30/12&l=en&t=pdf,1,117506,9471efec165214f3fc53a08af3346dbc4820622cbbbf5432be9ab656c621fea9
2026-09-25,data/raw/conselho_dh/2026-09-25/A_HRC_RES_30_13.pdf,https://documents.un.org/api/symbol/access?s=A/HRC/RES/30/13&l=en&t=pdf,1,122603,10532279ba5c5f8bb54f20200917539c1d1694632cfe266065ffdbee3549acac
2026-09-25,data/raw/conselho_dh/2026-09-25/A_HRC_RES_30_14.pdf,https://documents.un.org/api/symbol/access?s=A/HRC/RES/30/14&l=en&t=pdf,1,116212,fe57c48099a2cb6b2bc6a170f6d87c56368a80404715ebf1f14b96c88bbe8806
2026-09-25,data/raw/conselho_dh/2026-09-25/A_HRC_RES_30_15.pdf,https://documents.un.org/api/symbol/access?s=A/HRC/RES/30/15&l=en&t=pdf,1,138870,9d44e97fccde39873cb3b3440246da6e64d3a2f30ff71bb6035dc9a5464c0c6a
2026-09-25,data/raw/conselho_dh/2026-09-25/A_HRC_RES_30_16.pdf,https://documents.un.org/api/symbol/access?s=A/HRC/RES/30/16&l=en&t=pdf,1,124907,278b60683fc5f7c8be14d4669ac92007d0867bbb242bc72a887563f18070a056
2026-09-25,data/raw/conselho_dh/2026-09-25/A_HRC_RES_30_17.pdf,https://documents.un.org/api/symbol/access?s=A/HRC/RES/30/17&l=en&t=pdf,1,35705,e37dbe6868aa8aed3e8aab92c3547c3fd68bb9c49b81797b3e355384cc18d4d4
2026-09-25,data/raw/conselho_dh/2026-09-25/A_HRC_RES_30_18.pdf,https://documents.un.org/api/symbol/access?s=A/HRC/RES/30/18&l=en&t=pdf,1,168068,406389fc664102d8dd8b08cb5df4eed0e4b5345b43a1fb945ed55eca7f8144a7
2026-09-25,data/raw/conselho_dh/2026-09-25/A_HRC_RES_30_19.pdf,https://documents.un.org/api/symbol/access?s=A/HRC/RES/30/19&l=en&t=pdf,1,141094,4eadd9c047f964760cf7048cabd56355287a446c549b406fe93c69810838b66c
2026-09-25,data/raw/conselho_dh/2026-09-25/A_HRC_RES_30_20.pdf,https://documents.un.org/api/symbol/access?s=A/HRC/RES/30/20&l=en&t=pdf,1,137527,63f2b5d2334ad26f33f5eb45a9accc5e3ce935f3cee70714aaaf98c39b686bfa
2026-09-25,data/raw/conselho_dh/2026-09-25/A_HRC_RES_30_21.pdf,https://documents.un.org/api/symbol/access?s=A/HRC/RES/30/21&l=en&t=pdf,1,123950,5491c40978ec61bfb3b97a574a14b599c63e18ef5e809f511cc6cd6c0a850d96
2026-09-25,data/raw/conselho_dh/2026-09-25/A_HRC_RES_30_22.pdf,https://documents.un.org/api/symbol/access?s=A/HRC/RES/30/22&l=en&t=pdf,1,131836,7d7da0e208402dd7a301cda16ca310332d78dfb8883740d1901f73465b6ca77b
2026-09-25,data/raw/conselho_dh/2026-09-25/A_HRC_RES_30_23.pdf,https://documents.un.org/api/symbol/access?s=A/HRC/RES/30/23&l=en&t=pdf,1,137275,051c22c94409245fe2185acfa4c41a6a7a10f31ec8cfb7cc2e596e210744419f
2026-09-25,data/raw/conselho_dh/2026-09-25/A_HRC_RES_30_24.pdf,https://documents.un.org/api/symbol/access?s=A/HRC/RES/30/24&l=en&t=pdf,1,121938,7a4b6d91a40f347fd97241aa0fb0751ee42624a13bc2507fca3fd5d57f47b02f
2026-09-25,data/raw/conselho_dh/2026-09-25/A_HRC_RES_30_25.pdf,https://documents.un.org/api/symbol/access?s=A/HRC/RES/30/25&l=en&t=pdf,1,51450,67f1b1160b0f2daff4364023163e07629b7040ae53b58201c835f5e6d192d78a
2026-09-25,data/raw/conselho_dh/2026-09-25/A_HRC_RES_30_26.pdf,https://documents.un.org/api/symbol/access?s=A/HRC/RES/30/26&l=en&t=pdf,1,231236,9d60f84242e685fcaf837a889ef28567e95fb6ae7fb9cb4290766d694f24bb14
2026-09-25,data/raw/conselho_dh/2026-09-25/A_HRC_RES_30_27.pdf,https://documents.un.org/api/symbol/access?s=A/HRC/RES/30/27&l=en&t=pdf,1,124069,e726b210c8289e712eec57224d6a3baf6fd89d3fb3190c5b6cf634d83f7e5be0
2026-09-25,data/raw/conselho_dh/2026-09-25/A_HRC_RES_30_28.pdf,https://documents.un.org/api/symbol/access?s=A/HRC/RES/30/28&l=en&t=pdf,1,137930,2864c87c138829ac3fcad4b1870e14568de573dcb98bba9e10ce0c60746476a0
2026-09-25,data/raw/conselho_dh/2026-09-25/A_HRC_RES_30_29.pdf,https://documents.un.org/api/symbol/access?s=A/HRC/RES/30/29&l=en&t=pdf,1,141974,5b690b3e6353103a823e19a5a3385a66a0b7ce1394b48729937ae5ec537de17d
2026-09-25,data/raw/conselho_dh/2026-09-25/A_HRC_RES_31_1.pdf,https://documents.un.org/api/symbol/access?s=A/HRC/RES/31/1&l=en&t=pdf,1,124908,0a49dc5b9e7e52f910bb44184c721d152a969453c9d825446ce48f8fdf953878
2026-09-25,data/raw/conselho_dh/2026-09-25/A_HRC_RES_31_2.pdf,https://documents.un.org/api/symbol/access?s=A/HRC/RES/31/2&l=en&t=pdf,1,120984,8793cc09122237ca181efb83421c40e334b994cdc39aa3920acdc8122bd85b44
2026-09-25,data/raw/conselho_dh/2026-09-25/A_HRC_RES_31_3.pdf,https://documents.un.org/api/symbol/access?s=A/HRC/RES/31/3&l=en&t=pdf,1,112466,47160ca20a697483096ab7edf04f02f05056f4f20626e0946b7c2b51cffa8a9d
2026-09-25,data/raw/conselho_dh/2026-09-25/A_HRC_RES_31_4.pdf,https://documents.un.org/api/symbol/access?s=A/HRC/RES/31/4&l=en&t=pdf,1,124376,58cbe3d4c8803baba692595bc298e086c00011c955a0676d39775c314fc5c168
2026-09-25,data/raw/conselho_dh/2026-09-25/A_HRC_RES_31_5.pdf,https://documents.un.org/api/symbol/access?s=A/HRC/RES/31/5&l=en&t=pdf,1,58774,1fd18dc38fdc8d6f3ae20b0daa10b2cbf0c55eb3df55d91053920e6391ffdb06
2026-09-25,data/raw/conselho_dh/2026-09-25/A_HRC_RES_31_6.pdf,https://documents.un.org/api/symbol/access?s=A/HRC/RES/31/6&l=en&t=pdf,1,143394,22229bebc0dec6bcaa8d798ec372432b0379d0249fba9f134f8f62fce478323f
2026-09-25,data/raw/conselho_dh/2026-09-25/A_HRC_RES_31_7.pdf,https://documents.un.org/api/symbol/access?s=A/HRC/RES/31/7&l=en&t=pdf,1,146266,7fa92c928fdd098ea420bd2281c075d3a0e586aa26810a5b53cc55fac0c20200
2026-09-25,data/raw/conselho_dh/2026-09-25/A_HRC_RES_31_8.pdf,https://documents.un.org/api/symbol/access?s=A/HRC/RES/31/8&l=en&t=pdf,1,123936,837c953002f3184d05233f3989f335144e77f9a65ab5a3f346e19107a62dd817
2026-09-25,data/raw/conselho_dh/2026-09-25/A_HRC_RES_31_9.pdf,https://documents.un.org/api/symbol/access?s=A/HRC/RES/31/9&l=en&t=pdf,1,128775,99b8ee045844f5b6842cb7d846623947eb9d9e2a9e0c8531242eee294fbfdfbb
2026-09-25,data/raw/conselho_dh/2026-09-25/A_HRC_RES_31_10.pdf,https://documents.un.org/api/symbol/access?s=A/HRC/RES/31/10&l=en&t=pdf,1,160596,fec547c4d874ddd79a64d01e6de72a5d77ef65c370c769e103534d7380fb1c03
2026-09-25,data/raw/conselho_dh/2026-09-25/A_HRC_RES_31_11.pdf,https://documents.un.org/api/symbol/access?s=A/HRC/RES/31/11&l=en&t=pdf,1,143343,b8c717f7de1ac3ea604e0c739dc40ce8a3390b3e8fc7cc970530f678441524de
2026-09-25,data/raw/conselho_dh/2026-09-25/A_HRC_RES_31_12.pdf,https://documents.un.org/api/symbol/access?s=A/HRC/RES/31/12&l=en&t=pdf,1,50181,f61cbc7da8928bb17ffbd21d88aa77e589c61e28de019f8fa45919e7aeb3013f
2026-09-25,data/raw/conselho_dh/2026-09-25/A_HRC_RES_31_13.pdf,https://documents.un.org/api/symbol/access?s=A/HRC/RES/31/13&l=en&t=pdf,1,61706,810b54ae448df024ae6fad086a88055532862ba588764cd21d6d0647dbfb533a
2026-09-25,data/raw/conselho_dh/2026-09-25/A_HRC_RES_31_14.pdf,https://documents.un.org/api/symbol/access?s=A/HRC/RES/31/14&l=en&t=pdf,1,54558,4e9fad58f19e7eb0de65ef06fe7f01979d2d51e8b66d044383fa6c6fddf4c75a
2026-09-25,data/raw/conselho_dh/2026-09-25/A_HRC_RES_31_15.pdf,https://documents.un.org/api/symbol/access?s=A/HRC/RES/31/15&l=en&t=pdf,1,138228,caced30286131ac09b27bd8bb0acc15672c701a54ee3b78131964ea896969363
2026-09-25,data/raw/conselho_dh/2026-09-25/A_HRC_RES_31_16.pdf,https://documents.un.org/api/symbol/access?s=A/HRC/RES/31/16&l=en&t=pdf,1,131863,02c5d7c1f75b922d431a3c7a0af59b457f36b9922e5502bff41488a4121bc906
2026-09-25,data/raw/conselho_dh/2026-09-25/A_HRC_RES_31_17.pdf,https://documents.un.org/api/symbol/access?s=A/HRC/RES/31/17&l=en&t=pdf,1,146520,3ddb72057fe98bdd8f7578356972ffc55561858d605811f2b73d16e56083776f
2026-09-25,data/raw/conselho_dh/2026-09-25/A_HRC_RES_31_18.pdf,https://documents.un.org/api/symbol/access?s=A/HRC/RES/31/18&l=en&t=pdf,1,202987,5c89afe40623d61c0c04b715e86976fd28d8cdd4cddf866fe86764c4737a401e
2026-09-25,data/raw/conselho_dh/2026-09-25/A_HRC_RES_31_19.pdf,https://documents.un.org/api/symbol/access?s=A/HRC/RES/31/19&l=en&t=pdf,1,117991,e77daa5a03308c8ab2ebde3fd248c6e77ed3cf73489873b75335aca4f45773bf
2026-09-25,data/raw/conselho_dh/2026-09-25/A_HRC_RES_31_20.pdf,https://documents.un.org/api/symbol/access?s=A/HRC/RES/31/20&l=en&t=pdf,1,182456,1b2735298bc09eaa7d1a8847b020a034d45656875d60bbf3ed9758460a791a01
2026-09-25,data/raw/conselho_dh/2026-09-25/A_HRC_RES_31_21.pdf,https://documents.un.org/api/symbol/access?s=A/HRC/RES/31/21&l=en&t=pdf,1,125921,c337212469bb6440150d5f0ef421632f17af382ea63a2412047aa496a75e9ba8
2026-09-25,data/raw/conselho_dh/2026-09-25/A_HRC_RES_31_22.pdf,https://documents.un.org/api/symbol/access?s=A/HRC/RES/31/22&l=en&t=pdf,1,163755,f5222ca53ef5cc08a14a4c0d76e887d847a4d4810ea4ee464a982bad00f23d9f
2026-09-25,data/raw/conselho_dh/2026-09-25/A_HRC_RES_31_23.pdf,https://documents.un.org/api/symbol/access?s=A/HRC/RES/31/23&l=en&t=pdf,1,130222,53fdac39b35c9da38d8a5d46a221d9a0020232939f4c9ee4b002e81f2f6cfaaa
2026-09-25,data/raw/conselho_dh/2026-09-25/A_HRC_RES_31_24.pdf,https://documents.un.org/api/symbol/access?s=A/HRC/RES/31/24&l=en&t=pdf,1,55782,3e58cf16de03f7b16ff55b7ca6691346ae211186e227dc29825157969140ca84
2026-09-25,data/raw/conselho_dh/2026-09-25/A_HRC_RES_31_25.pdf,https://documents.un.org/api/symbol/access?s=A/HRC/RES/31/25&l=en&t=pdf,1,126221,e136550e7a806fccfdc821f953fd8a2153203fe92613350197e85e398a36eff8
2026-09-25,data/raw/conselho_dh/2026-09-25/A_HRC_RES_31_26.pdf,https://documents.un.org/api/symbol/access?s=A/HRC/RES/31/26&l=en&t=pdf,1,135034,1a32fb433edb37b8aa93ac40e72df4fc98f7eee9e43ca3023f12e269bbaef49e
2026-09-25,data/raw/conselho_dh/2026-09-25/A_HRC_RES_31_27.pdf,https://documents.un.org/api/symbol/access?s=A/HRC/RES/31/27&l=en&t=pdf,1,139622,f54f6c9de81bbe5d5f7da65d120c65de330e6a21773416d47730b88aabd2dfa9
2026-09-25,data/raw/conselho_dh/2026-09-25/A_HRC_RES_31_28.pdf,https://documents.un.org/api/symbol/access?s=A/HRC/RES/31/28&l=en&t=pdf,1,54404,b85c81b3d6a6d954fe47914a91e0b6d7530692e5ddf77e975cfb074ee6f85c00
2026-09-25,data/raw/conselho_dh/2026-09-25/A_HRC_RES_31_29.pdf,https://documents.un.org/api/symbol/access?s=A/HRC/RES/31/29&l=en&t=pdf,1,50815,6140dd244d1398ccfef4ad0d1c9c735f77e6314d8e1a16aab2f2bbb7659e7271
2026-09-25,data/raw/conselho_dh/2026-09-25/A_HRC_RES_31_30.pdf,https://documents.un.org/api/symbol/access?s=A/HRC/RES/31/30&l=en&t=pdf,1,183638,2fe8dd20d0c9d100f4f95d6c983af28a68a69a5ab3f06debaa90b0827b7c29b3
2026-09-25,data/raw/conselho_dh/2026-09-25/A_HRC_RES_31_31.pdf,https://documents.un.org/api/symbol/access?s=A/HRC/RES/31/31&l=en&t=pdf,1,130799,931dff454b0593e83b32e405f791db2117ba1f7c05e0eb554c329543682b85d8
2026-09-25,data/raw/conselho_dh/2026-09-25/A_HRC_RES_31_32.pdf,https://documents.un.org/api/symbol/access?s=A/HRC/RES/31/32&l=en&t=pdf,1,142685,896ee562e5fd08949caa57df05ae16e5736f3fcfcf47e1695d877063598d1adc
2026-09-25,data/raw/conselho_dh/2026-09-25/A_HRC_RES_31_33.pdf,https://documents.un.org/api/symbol/access?s=A/HRC/RES/31/33&l=en&t=pdf,1,122240,39e5e62cb8de317afb5c3824133c39e02a2f4fca611849007fee161f3b1e67c6
2026-09-25,data/raw/conselho_dh/2026-09-25/A_HRC_RES_31_34.pdf,https://documents.un.org/api/symbol/access?s=A/HRC/RES/31/34&l=en&t=pdf,1,156018,005dd941b1aec2b612b69c49599b5a6a26eb9c70a0eb8facc237afb9f1527a40
2026-09-25,data/raw/conselho_dh/2026-09-25/A_HRC_RES_31_35.pdf,https://documents.un.org/api/symbol/access?s=A/HRC/RES/31/35&l=en&t=pdf,1,131461,3d6e9972c6f8c62694d1bb316f64b07e7c77f68e5058edeebc93a857cf003e97
2026-09-25,data/raw/conselho_dh/2026-09-25/A_HRC_RES_31_36.pdf,https://documents.un.org/api/symbol/access?s=A/HRC/RES/31/36&l=en&t=pdf,1,157443,d143cc10740da6a9155410ba19c3db65ac447ad5253e1fa88d6df4820c76a4bb
2026-09-25,data/raw/conselho_dh/2026-09-25/A_HRC_RES_31_37.pdf,https://documents.un.org/api/symbol/access?s=A/HRC/RES/31/37&l=en&t=pdf,1,125370,fda1f0c4a1b134957e0c9498967c658db7a4977f8df0ac55640183a4f65c53d2
2026-09-25,data/raw/conselho_dh/2026-09-25/A_HRC_RES_32_1.pdf,https://documents.un.org/api/symbol/access?s=A/HRC/RES/32/1&l=en&t=pdf,1,116266,92c409d3bbeaf8c6c0401b2615267c1c50994f403e9059c134c943b7a5dc7be3
2026-09-25,data/raw/conselho_dh/2026-09-25/A_HRC_RES_32_2.pdf,https://documents.un.org/api/symbol/access?s=A/HRC/RES/32/2&l=en&t=pdf,1,121688,c2501b8470ab8f361d679f0f6eeb4ce885d2d241f5de32f5072697960531fac0
2026-09-25,data/raw/conselho_dh/2026-09-25/A_HRC_RES_32_3.pdf,https://documents.un.org/api/symbol/access?s=A/HRC/RES/32/3&l=en&t=pdf,1,65793,d6630ee3d70e30f751da98a230ce1081d2d7afd29be61fd1f4125af71774b3c4
2026-09-25,data/raw/conselho_dh/2026-09-25/A_HRC_RES_32_4.pdf,https://documents.un.org/api/symbol/access?s=A/HRC/RES/32/4&l=en&t=pdf,1,130536,9b6fe36a23b45310020ca28191c32a53c3702c1e1029778e4e1bbf000910525a
2026-09-25,data/raw/conselho_dh/2026-09-25/A_HRC_RES_32_5.pdf,https://documents.un.org/api/symbol/access?s=A/HRC/RES/32/5&l=en&t=pdf,1,129938,05bf5ebab675505ceab632864d69621a65756cfa09c5070a14789e299f301375
2026-09-25,data/raw/conselho_dh/2026-09-25/A_HRC_RES_32_6.pdf,https://documents.un.org/api/symbol/access?s=A/HRC/RES/32/6&l=en&t=pdf,1,131446,af5822fcf47e410df3aaea98547115d82a6a92551cb2d4a766c9dbdc74eca10c
2026-09-25,data/raw/conselho_dh/2026-09-25/A_HRC_RES_32_7.pdf,https://documents.un.org/api/symbol/access?s=A/HRC/RES/32/7&l=en&t=pdf,1,192809,762a2241f018de8c90f155c622be2e5bab393d5c1d92bdb347e51b964ef9a742
2026-09-25,data/raw/conselho_dh/2026-09-25/A_HRC_RES_32_8.pdf,https://documents.un.org/api/symbol/access?s=A/HRC/RES/32/8&l=en&t=pdf,1,39305,4822fe8696cc423be4ef37fefb918f2aba12fd7a542e9941d89a7f86f275179d
2026-09-25,data/raw/conselho_dh/2026-09-25/A_HRC_RES_32_9.pdf,https://documents.un.org/api/symbol/access?s=A/HRC/RES/32/9&l=en&t=pdf,1,126767,9aa938129b15ffd6b24fe9d240eb02c7f31134e3e83b456fa1dc6732cb63b764
2026-09-25,data/raw/conselho_dh/2026-09-25/A_HRC_RES_32_10.pdf,https://documents.un.org/api/symbol/access?s=A/HRC/RES/32/10&l=en&t=pdf,1,127224,435464055b9a3e47c73eccf58ebc64917c7e57ec0ebf86572f72856397dfb1ac
2026-09-25,data/raw/conselho_dh/2026-09-25/A_HRC_RES_32_11.pdf,https://documents.un.org/api/symbol/access?s=A/HRC/RES/32/11&l=en&t=pdf,1,70776,16d270468f8ebf60286c6470750b9139cae6cdb6870fd22afe8734e01e7efbbd
2026-09-25,data/raw/conselho_dh/2026-09-25/A_HRC_RES_32_12.pdf,https://documents.un.org/api/symbol/access?s=A/HRC/RES/32/12&l=en&t=pdf,1,118952,8b0628e91e83e7c3965d0e621428c7b590c416880a77cbb9294af5847a39a221
2026-09-25,data/raw/conselho_dh/2026-09-25/A_HRC_RES_32_13.pdf,https://documents.un.org/api/symbol/access?s=A/HRC/RES/32/13&l=en&t=pdf,1,125706,84a79e737420032f2fcd70a4c17d1c2804edcead6881687298d37e35be91d23e
2026-09-25,data/raw/conselho_dh/2026-09-25/A_HRC_RES_32_14.pdf,https://documents.un.org/api/symbol/access?s=A/HRC/RES/32/14&l=en&t=pdf,1,134411,9b2c4e08e4f80fbc4ea89e569a83b052c7badc646b6c2c2a2a5e564ede347ea9
2026-09-25,data/raw/conselho_dh/2026-09-25/A_HRC_RES_32_15.pdf,https://documents.un.org/api/symbol/access?s=A/HRC/RES/32/15&l=en&t=pdf,1,131616,551c111c850eaf06223282a55e3a36b619e96591036607ecd017b87a6496d345
2026-09-25,data/raw/conselho_dh/2026-09-25/A_HRC_RES_32_16.pdf,https://documents.un.org/api/symbol/access?s=A/HRC/RES/32/16&l=en&t=pdf,1,127701,7b405b194376fbf799085d155b0d7e68f7befa33d9883707cacad3c42ecae564
2026-09-25,data/raw/conselho_dh/2026-09-25/A_HRC_RES_32_17.pdf,https://documents.un.org/api/symbol/access?s=A/HRC/RES/32/17&l=en&t=pdf,1,118610,02e6fae32cd030b80aab6a961eb36ba84c1895ff659dd7bb8928cb851f9b1b8e
2026-09-25,data/raw/conselho_dh/2026-09-25/A_HRC_RES_32_18.pdf,https://documents.un.org/api/symbol/access?s=A/HRC/RES/32/18&l=en&t=pdf,1,117282,a06e47542208251831eed0c5f2856605280b92b5556f796ba10a69ea6c54a8c7
2026-09-25,data/raw/conselho_dh/2026-09-25/A_HRC_RES_32_19.pdf,https://documents.un.org/api/symbol/access?s=A/HRC/RES/32/19&l=en&t=pdf,1,154339,8c4a55a7d33e63bfe6167aa4649c1ce4a00870869990f1220dc993cbbaecacc5
2026-09-25,data/raw/conselho_dh/2026-09-25/A_HRC_RES_32_20.pdf,https://documents.un.org/api/symbol/access?s=A/HRC/RES/32/20&l=en&t=pdf,1,129816,310b70bb9ff0ec3a2a0f03f1c3764e8c9b35abc3d07fad03b631aa41bb700b62
2026-09-25,data/raw/conselho_dh/2026-09-25/A_HRC_RES_32_21.pdf,https://documents.un.org/api/symbol/access?s=A/HRC/RES/32/21&l=en&t=pdf,1,124455,21ff96b7676dcf9ce30ab13a1ace42d55e974555c5ffad4829255726ba240569
2026-09-25,data/raw/conselho_dh/2026-09-25/A_HRC_RES_32_22.pdf,https://documents.un.org/api/symbol/access?s=A/HRC/RES/32/22&l=en&t=pdf,1,129613,eab4193eae6ed969c896534f21931554112880b08c33d394e3a24da7be0056e6
2026-09-25,data/raw/conselho_dh/2026-09-25/A_HRC_RES_32_23.pdf,https://documents.un.org/api/symbol/access?s=A/HRC/RES/32/23&l=en&t=pdf,1,133545,d52429a14624bd1bf09e8580207f09fffefdb9c09fbbba0a7f3ad5c444878d2f
2026-09-25,data/raw/conselho_dh/2026-09-25/A_HRC_RES_32_24.pdf,https://documents.un.org/api/symbol/access?s=A/HRC/RES/32/24&l=en&t=pdf,1,138156,8933c3484182388485f5e10fe2516c17767f8e05a4375d044db42ea0a0ae1848
2026-09-25,data/raw/conselho_dh/2026-09-25/A_HRC_RES_32_25.pdf,https://documents.un.org/api/symbol/access?s=A/HRC/RES/32/25&l=en&t=pdf,1,141712,56a0b3c11cc9daade004e704273fa98cdc1cdf5fa6792f0a544c720551f2bc1c
2026-09-25,data/raw/conselho_dh/2026-09-25/A_HRC_RES_32_26.pdf,https://documents.un.org/api/symbol/access?s=A/HRC/RES/32/26&l=en&t=pdf,1,122182,03cd6dc9d6f5d25553bf7b71f22fbe1f3d390176f493753be32a54aff0684155
2026-09-25,data/raw/conselho_dh/2026-09-25/A_HRC_RES_32_27.pdf,https://documents.un.org/api/symbol/access?s=A/HRC/RES/32/27&l=en&t=pdf,1,116585,9f06c070ef91a50b52f77fb6c499e78434bc00eb7faac003998db4f992947026
2026-09-25,data/raw/conselho_dh/2026-09-25/A_HRC_RES_32_28.pdf,https://documents.un.org/api/symbol/access?s=A/HRC/RES/32/28&l=en&t=pdf,1,188071,717f461e62ff98726d24d1ed6895131b90496cd66a90ebd7615f538a96ff68cd
2026-09-25,data/raw/conselho_dh/2026-09-25/A_HRC_RES_32_29.pdf,https://documents.un.org/api/symbol/access?s=A/HRC/RES/32/29&l=en&t=pdf,1,113784,50bdf4fe7ff620e6ac6dd8324966879b4ce30c435147082b128fee2f37b86919
2026-09-25,data/raw/conselho_dh/2026-09-25/A_HRC_RES_32_30.pdf,https://documents.un.org/api/symbol/access?s=A/HRC/RES/32/30&l=en&t=pdf,1,188207,10b9656fcd4ec909ef5e831b35ec23c67f7368e9d022803740b292a13a4fe56b
2026-09-25,data/raw/conselho_dh/2026-09-25/A_HRC_RES_32_31.pdf,https://documents.un.org/api/symbol/access?s=A/HRC/RES/32/31&l=en&t=pdf,1,138531,f54fc58912fbb0fa93a26fb9987d9cbda2c72ffaa05467f3162ce320107206a6
2026-09-25,data/raw/conselho_dh/2026-09-25/A_HRC_RES_32_32.pdf,https://documents.un.org/api/symbol/access?s=A/HRC/RES/32/32&l=en&t=pdf,1,43353,3d9cc72d4e3f4d4305b74229d01f9b2f2b6679531dce7f9fa722758cccb5a850
2026-09-25,data/raw/conselho_dh/2026-09-25/A_HRC_RES_32_33.pdf,https://documents.un.org/api/symbol/access?s=A/HRC/RES/32/33&l=en&t=pdf,1,133171,a5945afad61669633292e84840430f216ea1d05799ca4444cfbd638d2787018e
2026-09-25,data/raw/conselho_dh/2026-09-25/A_HRC_RES_33_1.pdf,https://documents.un.org/api/symbol/access?s=A/HRC/RES/33/1&l=en&t=pdf,1,123187,4f577287a7fc61ffa439df95d1d207e9cbccf130a2d7cce1a97dcb31ab62580e
2026-09-25,data/raw/conselho_dh/2026-09-25/A_HRC_RES_33_2.pdf,https://documents.un.org/api/symbol/access?s=A/HRC/RES/33/2&l=en&t=pdf,1,135012,e4d4a0df709a83ea82c17713f5b6dad37aebb4ad7a45540e02b5ec8e4ea2338a
2026-09-25,data/raw/conselho_dh/2026-09-25/A_HRC_RES_33_3.pdf,https://documents.un.org/api/symbol/access?s=A/HRC/RES/33/3&l=en&t=pdf,1,139821,0ab54adead8a0b8c3a9a3aec6b16580e5afa57dbec4348aba44424b404452f1f
2026-09-25,data/raw/conselho_dh/2026-09-25/A_HRC_RES_33_4.pdf,https://documents.un.org/api/symbol/access?s=A/HRC/RES/33/4&l=en&t=pdf,1,135707,a321cce588e8811b7c743a352067eb54d48820c03575369cf370c2e862d2bfed
2026-09-25,data/raw/conselho_dh/2026-09-25/A_HRC_RES_33_5.pdf,https://documents.un.org/api/symbol/access?s=A/HRC/RES/33/5&l=en&t=pdf,1,123026,3af0401e21d510718817836e5dde2d1aec577b3a2d6aee75a8c6ac77cf97ea42
2026-09-25,data/raw/conselho_dh/2026-09-25/A_HRC_RES_33_6.pdf,https://documents.un.org/api/symbol/access?s=A/HRC/RES/33/6&l=en&t=pdf,1,120601,846a2718eead38a59ec2f65f6fedd65c77a0ef8080cf2badb9f6489e0ec69968
2026-09-25,data/raw/conselho_dh/2026-09-25/A_HRC_RES_33_7.pdf,https://documents.un.org/api/symbol/access?s=A/HRC/RES/33/7&l=en&t=pdf,1,125520,0bc8f1450029226bd884c982b7404b115cb1e958512eef6734a5b625b64210a5
2026-09-25,data/raw/conselho_dh/2026-09-25/A_HRC_RES_33_8.pdf,https://documents.un.org/api/symbol/access?s=A/HRC/RES/33/8&l=en&t=pdf,1,114034,961d27f882cb2e0cf57a490ec3f8087455760c0ca68303be712839e539ba661c
2026-09-25,data/raw/conselho_dh/2026-09-25/A_HRC_RES_33_9.pdf,https://documents.un.org/api/symbol/access?s=A/HRC/RES/33/9&l=en&t=pdf,1,114385,c950ad40e399b5df610b54966c15baf19075aeef6acf59459e2e24787bcba64d
2026-09-25,data/raw/conselho_dh/2026-09-25/A_HRC_RES_33_10.pdf,https://documents.un.org/api/symbol/access?s=A/HRC/RES/33/10&l=en&t=pdf,1,140785,b4baeee5de633e4c82d2881be9df91d881be3802ed35104a85356f62f7b81dc9
2026-09-25,data/raw/conselho_dh/2026-09-25/A_HRC_RES_33_11.pdf,https://documents.un.org/api/symbol/access?s=A/HRC/RES/33/11&l=en&t=pdf,1,122641,a9da501635d2b43f72471b4d954c2305741916619613cd4e4e2b3e34677a0276
2026-09-25,data/raw/conselho_dh/2026-09-25/A_HRC_RES_33_12.pdf,https://documents.un.org/api/symbol/access?s=A/HRC/RES/33/12&l=en&t=pdf,1,44984,25d5b768d326a24ce4be16119272f99710b46e03fad160c428c07112db49a56c
2026-09-25,data/raw/conselho_dh/2026-09-25/A_HRC_RES_33_13.pdf,https://documents.un.org/api/symbol/access?s=A/HRC/RES/33/13&l=en&t=pdf,1,122984,f9feca52f7cb23ae003dbf42125f6e0a63b32998a1978f23761571de85882bdc
2026-09-25,data/raw/conselho_dh/2026-09-25/A_HRC_RES_33_14.pdf,https://documents.un.org/api/symbol/access?s=A/HRC/RES/33/14&l=en&t=pdf,1,145614,e1ff6cd7f38f7ab8ba8d35ce542365506abad2a152b6a63724b9210358dd2e26
2026-09-25,data/raw/conselho_dh/2026-09-25/A_HRC_RES_33_15.pdf,https://documents.un.org/api/symbol/access?s=A/HRC/RES/33/15&l=en&t=pdf,1,65101,daa56bbbb64cc09ab96ba5bb22f368df2d40cbc24e52d29b942b79bd00ff1968
2026-09-25,data/raw/conselho_dh/2026-09-25/A_HRC_RES_33_16.pdf,https://documents.un.org/api/symbol/access?s=A/HRC/RES/33/16&l=en&t=pdf,1,98176,f557ca13212f313614247d7f3d133c1c59d6308c183e3394822b45bf9652a7d5
2026-09-25,data/raw/conselho_dh/2026-09-25/A_HRC_RES_33_17.pdf,https://documents.un.org/api/symbol/access?s=A/HRC/RES/33/17&l=en&t=pdf,1,136187,82a3cf7be6b71b9f6306943017e52bb7efe823dbd707145f7f83fb49268c69d7
2026-09-25,data/raw/conselho_dh/2026-09-25/A_HRC_RES_33_18.pdf,https://documents.un.org/api/symbol/access?s=A/HRC/RES/33/18&l=en&t=pdf,1,134171,04be24e21e71e0660de670a267812238cce1f41c51d9467d7215521a9f8a367d
2026-09-25,data/raw/conselho_dh/2026-09-25/A_HRC_RES_33_19.pdf,https://documents.un.org/api/symbol/access?s=A/HRC/RES/33/19&l=en&t=pdf,1,139188,d00f02e64202ed80c2b78f2d06f855e8c2908fbad2b2bb4c9859f7df9f8e3a26
2026-09-25,data/raw/conselho_dh/2026-09-25/A_HRC_RES_33_20.pdf,https://documents.un.org/api/symbol/access?s=A/HRC/RES/33/20&l=en&t=pdf,1,54752,11b088f250cab21d8e5481dc60a1e8158b33818bc99e6ad35bf4be944985a9b2
2026-09-25,data/raw/conselho_dh/2026-09-25/A_HRC_RES_33_21.pdf,https://documents.un.org/api/symbol/access?s=A/HRC/RES/33/21&l=en&t=pdf,1,142207,de7a164ac2b42e20f4159e0fc3e5701618eda6eac00561edb38e10b8ff53d308
2026-09-25,data/raw/conselho_dh/2026-09-25/A_HRC_RES_33_22.pdf,https://documents.un.org/api/symbol/access?s=A/HRC/RES/33/22&l=en&t=pdf,1,56897,fe227feff0a76d968d60ba8ebdea0226c723060939c938645463a32a16b6bba9
2026-09-25,data/raw/conselho_dh/2026-09-25/A_HRC_RES_33_23.pdf,https://documents.un.org/api/symbol/access?s=A/HRC/RES/33/23&l=en&t=pdf,1,148204,99cffa36f7799ef7424c370cc69743586d5c002b28a7ca2d0e8e3aca19176d6c
2026-09-25,data/raw/conselho_dh/2026-09-25/A_HRC_RES_33_24.pdf,https://documents.un.org/api/symbol/access?s=A/HRC/RES/33/24&l=en&t=pdf,1,136301,af9a9215428e97c498347fda6c3f7b02c6508264594beca32d8893097829e511
2026-09-25,data/raw/conselho_dh/2026-09-25/A_HRC_RES_33_25.pdf,https://documents.un.org/api/symbol/access?s=A/HRC/RES/33/25&l=en&t=pdf,1,164545,05304482c6b442b755c8d18dde6cd5ce8d4515a1bfb0bce96fcb1d7831a321ac
2026-09-25,data/raw/conselho_dh/2026-09-25/A_HRC_RES_33_26.pdf,https://documents.un.org/api/symbol/access?s=A/HRC/RES/33/26&l=en&t=pdf,1,130380,bec903457ebce2cde19157660b0db25b895f28b4a93023eb0f55437190b2b021
2026-09-25,data/raw/conselho_dh/2026-09-25/A_HRC_RES_33_27.pdf,https://documents.un.org/api/symbol/access?s=A/HRC/RES/33/27&l=en&t=pdf,1,136672,d212494c4e802528cc0aeae2ad77cfa4e35597af90ded03f8fb8139aeae0310c
2026-09-25,data/raw/conselho_dh/2026-09-25/A_HRC_RES_33_28.pdf,https://documents.un.org/api/symbol/access?s=A/HRC/RES/33/28&l=en&t=pdf,1,125961,cf45f5b37670e3faf73416cc423b64443ba568802ebfe3b5edde7b7715265bfe
2026-09-25,data/raw/conselho_dh/2026-09-25/A_HRC_RES_33_29.pdf,https://documents.un.org/api/symbol/access?s=A/HRC/RES/33/29&l=en&t=pdf,1,144971,8f06a3d810846d6db7401350ddfa57089cee124d7f3a4975cef7426422dae0b4
2026-09-25,data/raw/conselho_dh/2026-09-25/A_HRC_RES_33_30.pdf,https://documents.un.org/api/symbol/access?s=A/HRC/RES/33/30&l=en&t=pdf,1,123470,c6c06225e80be91f375051ba6cb0d332e2cdc18e87286f858de2991c6c610f07
2026-09-25,data/raw/conselho_dh/2026-09-25/A_HRC_RES_34_1.pdf,https://documents.un.org/api/symbol/access?s=A/HRC/RES/34/1&l=en&t=pdf,1,47425,771db0c335fe17ddb65f521b6f167d8aba69e0ef7d34084666dc8cd6aeecffb2
2026-09-25,data/raw/conselho_dh/2026-09-25/A_HRC_RES_34_2.pdf,https://documents.un.org/api/symbol/access?s=A/HRC/RES/34/2&l=en&t=pdf,1,119425,eb49b36117cdf062b2aa20c83933736ef67a8c3442e845d56eab904357ae0057
2026-09-25,data/raw/conselho_dh/2026-09-25/A_HRC_RES_34_3.pdf,https://documents.un.org/api/symbol/access?s=A/HRC/RES/34/3&l=en&t=pdf,1,137375,88dab890727449ce47079f725ea639f4ab31c8d90d44b2fd761f5e7ddb4322b8
2026-09-25,data/raw/conselho_dh/2026-09-25/A_HRC_RES_34_4.pdf,https://documents.un.org/api/symbol/access?s=A/HRC/RES/34/4&l=en&t=pdf,1,131569,441c557b50e2a45aa00066a6868433046685e81491398deeb0e7f90b4906c47b
2026-09-25,data/raw/conselho_dh/2026-09-25/A_HRC_RES_34_5.pdf,https://documents.un.org/api/symbol/access?s=A/HRC/RES/34/5&l=en&t=pdf,1,118833,ade8bb537cdac0348eee8e5285d66d9e9207f9726ed21dd7c27b974e1ca2d0c5
2026-09-25,data/raw/conselho_dh/2026-09-25/A_HRC_RES_34_6.pdf,https://documents.un.org/api/symbol/access?s=A/HRC/RES/34/6&l=en&t=pdf,1,114489,9bd3718fc48687c673ad5bdb189d0b56ebdc4e451db4e9f0440043b4bae7d8c5
2026-09-25,data/raw/conselho_dh/2026-09-25/A_HRC_RES_34_7.pdf,https://documents.un.org/api/symbol/access?s=A/HRC/RES/34/7&l=en&t=pdf,1,140327,6ad7f02aabd2c93e644cceda8e4c9f0dc03e6501251cbca66fee3c1e99643614
2026-09-25,data/raw/conselho_dh/2026-09-25/A_HRC_RES_34_8.pdf,https://documents.un.org/api/symbol/access?s=A/HRC/RES/34/8&l=en&t=pdf,1,142930,7b20ea34fd8b72aced501758bcee0de5984f5c4fe5a129d5088dc220eea7d81b
2026-09-25,data/raw/conselho_dh/2026-09-25/A_HRC_RES_34_9.pdf,https://documents.un.org/api/symbol/access?s=A/HRC/RES/34/9&l=en&t=pdf,1,117222,f9a2a322f13c161d3345a5d74b2c374bcc551ee405cb170b536be698651b5ec6
2026-09-25,data/raw/conselho_dh/2026-09-25/A_HRC_RES_34_10.pdf,https://documents.un.org/api/symbol/access?s=A/HRC/RES/34/10&l=en&t=pdf,1,133392,2a95d55b781f3c6dd4306fbf6fb0ca211821bfaa15dc6c36238bc4da7fc2aba9
2026-09-25,data/raw/conselho_dh/2026-09-25/A_HRC_RES_34_11.pdf,https://documents.un.org/api/symbol/access?s=A/HRC/RES/34/11&l=en&t=pdf,1,157980,aa0c071887ed5bd12c8c44863e6478570516bf898b48d3af359fedf009e22143
2026-09-25,data/raw/conselho_dh/2026-09-25/A_HRC_RES_34_12.pdf,https://documents.un.org/api/symbol/access?s=A/HRC/RES/34/12&l=en&t=pdf,1,165638,06bd5e51a5f9893e7d163ed6f66009ab881932090c8a33b536866ba949ae95af
2026-09-25,data/raw/conselho_dh/2026-09-25/A_HRC_RES_34_13.pdf,https://documents.un.org/api/symbol/access?s=A/HRC/RES/34/13&l=en&t=pdf,1,143778,ed47548f7cf1b45ab03850f22f151b4a0f9afcec3a260c47cb030dd61de67328
2026-09-25,data/raw/conselho_dh/2026-09-25/A_HRC_RES_34_14.pdf,https://documents.un.org/api/symbol/access?s=A/HRC/RES/34/14&l=en&t=pdf,1,192888,fcb30e383fe04577ded2fe3886c9bd6530f4b4c0357cdb00b52bcaa7f70eabf5
2026-09-25,data/raw/conselho_dh/2026-09-25/A_HRC_RES_34_15.pdf,https://documents.un.org/api/symbol/access?s=A/HRC/RES/34/15&l=en&t=pdf,1,133555,744d4e934450a0518dec4cf3f9dc1ed1e407e48091265cd530388edce86b4309
2026-09-25,data/raw/conselho_dh/2026-09-25/A_HRC_RES_34_16.pdf,https://documents.un.org/api/symbol/access?s=A/HRC/RES/34/16&l=en&t=pdf,1,164980,7c72a0dd3a02afc8d87ecb8ad39503c71b432ab5899edae9f0d91c0108b07ea2
2026-09-25,data/raw/conselho_dh/2026-09-25/A_HRC_RES_34_17.pdf,https://documents.un.org/api/symbol/access?s=A/HRC/RES/34/17&l=en&t=pdf,1,118422,1d91538f20d483429126e419f557f11eb8e3777aadb921c75d79d97c812c1403
2026-09-25,data/raw/conselho_dh/2026-09-25/A_HRC_RES_34_18.pdf,https://documents.un.org/api/symbol/access?s=A/HRC/RES/34/18&l=en&t=pdf,1,114442,d8526b954f872ef389acb8057e28d47669992330c226e951272aa1e34ee0d613
2026-09-25,data/raw/conselho_dh/2026-09-25/A_HRC_RES_34_19.pdf,https://documents.un.org/api/symbol/access?s=A/HRC/RES/34/19&l=en&t=pdf,1,122390,fea9a4325945eeae64cc850b427d12870e7e0efe638243ea354e473f8d05d109
2026-09-25,data/raw/conselho_dh/2026-09-25/A_HRC_RES_34_20.pdf,https://documents.un.org/api/symbol/access?s=A/HRC/RES/34/20&l=en&t=pdf,1,139153,96b45a5754a913b187178f669f04fd4e1030fd1a80185ac02f14ee3845b1a036
2026-09-25,data/raw/conselho_dh/2026-09-25/A_HRC_RES_34_21.pdf,https://documents.un.org/api/symbol/access?s=A/HRC/RES/34/21&l=en&t=pdf,1,118890,0a929bc63fcc81cf6c386f720d9448a6bea28c5658f0e99c85b0c6036248f9df
2026-09-25,data/raw/conselho_dh/2026-09-25/A_HRC_RES_34_22.pdf,https://documents.un.org/api/symbol/access?s=A/HRC/RES/34/22&l=en&t=pdf,1,145038,6a6379bd9da4b91cd43203ab117c50225b2d3709fc92028d5c2ca5e01cf14a98
2026-09-25,data/raw/conselho_dh/2026-09-25/A_HRC_RES_34_23.pdf,https://documents.un.org/api/symbol/access?s=A/HRC/RES/34/23&l=en&t=pdf,1,117261,da5448af6492da733aff291eede66c9fc7ff665725651f371ce07958eac5bd16
2026-09-25,data/raw/conselho_dh/2026-09-25/A_HRC_RES_34_24.pdf,https://documents.un.org/api/symbol/access?s=A/HRC/RES/34/24&l=en&t=pdf,1,211800,6db8b6111b1c499f1b8a27f4b8b1aa3fd3bb2229204f218f06f36caa08cd9f17
2026-09-25,data/raw/conselho_dh/2026-09-25/A_HRC_RES_34_25.pdf,https://documents.un.org/api/symbol/access?s=A/HRC/RES/34/25&l=en&t=pdf,1,145377,b5dc115de3dd13cdbc1289760b88e453217441345da311999644aaedc8cd966a
2026-09-25,data/raw/conselho_dh/2026-09-25/A_HRC_RES_34_26.pdf,https://documents.un.org/api/symbol/access?s=A/HRC/RES/34/26&l=en&t=pdf,1,155066,bea1aed17aedab1155cc31c3d300363ce6d33fefb6fcadf17dace96d66c391d9
2026-09-25,data/raw/conselho_dh/2026-09-25/A_HRC_RES_34_27.pdf,https://documents.un.org/api/symbol/access?s=A/HRC/RES/34/27&l=en&t=pdf,1,127925,8637c69c44e08a4f27d36834c60e491a6e1804cce1ca68b9b19df6acd597a8ab
2026-09-25,data/raw/conselho_dh/2026-09-25/A_HRC_RES_34_28.pdf,https://documents.un.org/api/symbol/access?s=A/HRC/RES/34/28&l=en&t=pdf,1,132138,bc961f50fa123d29cc618c9f17d5417090d651596a1a57f458d44a2af32525ec
2026-09-25,data/raw/conselho_dh/2026-09-25/A_HRC_RES_34_29.pdf,https://documents.un.org/api/symbol/access?s=A/HRC/RES/34/29&l=en&t=pdf,1,128333,4d6445330cfb09adf29ee1955e6e99b30748d798ab0963d59d8fb728a64c7287
2026-09-25,data/raw/conselho_dh/2026-09-25/A_HRC_RES_34_30.pdf,https://documents.un.org/api/symbol/access?s=A/HRC/RES/34/30&l=en&t=pdf,1,160154,e9ceb7a133ca299f95676830f96b9425b72918d2be3f2ad9d3781b6298d5094c
2026-09-25,data/raw/conselho_dh/2026-09-25/A_HRC_RES_34_31.pdf,https://documents.un.org/api/symbol/access?s=A/HRC/RES/34/31&l=en&t=pdf,1,159803,cb4a22bfaf06ffedcaef5542f4ca6168206d9f648a9a181c9aad202d53f104a7
2026-09-25,data/raw/conselho_dh/2026-09-25/A_HRC_RES_34_32.pdf,https://documents.un.org/api/symbol/access?s=A/HRC/RES/34/32&l=en&t=pdf,1,135854,21745ecb0ba55fabd8f151baaa154ec7aadb22413a625fee34aa6228e3d14fc4
2026-09-25,data/raw/conselho_dh/2026-09-25/A_HRC_RES_34_33.pdf,https://documents.un.org/api/symbol/access?s=A/HRC/RES/34/33&l=en&t=pdf,1,116948,2e61afa32dc045892f56724f64f829de0b58d21138dd654ef0b6ab65e8d40e91
2026-09-25,data/raw/conselho_dh/2026-09-25/A_HRC_RES_34_34.pdf,https://documents.un.org/api/symbol/access?s=A/HRC/RES/34/34&l=en&t=pdf,1,117429,07690c3a282063308cbd7674642aedd1e8f708267120025768c6efc1b844d9a9
2026-09-25,data/raw/conselho_dh/2026-09-25/A_HRC_RES_34_35.pdf,https://documents.un.org/api/symbol/access?s=A/HRC/RES/34/35&l=en&t=pdf,1,112183,14d27a7a91ffa6750a6db08c7f73f2aeef73837d60630fc478b5ddbf04249d9b
2026-09-25,data/raw/conselho_dh/2026-09-25/A_HRC_RES_34_36.pdf,https://documents.un.org/api/symbol/access?s=A/HRC/RES/34/36&l=en&t=pdf,1,116293,0d1261ae0de88454418c21698fa7610a6a020e11374472dfa0c1d942624248bc
2026-09-25,data/raw/conselho_dh/2026-09-25/A_HRC_RES_34_37.pdf,https://documents.un.org/api/symbol/access?s=A/HRC/RES/34/37&l=en&t=pdf,1,122665,93fcce45e3acb968aa81aad50c5d825756b44b6719b6fe4768b779cf71457d5e
2026-09-25,data/raw/conselho_dh/2026-09-25/A_HRC_RES_34_38.pdf,https://documents.un.org/api/symbol/access?s=A/HRC/RES/34/38&l=en&t=pdf,1,139936,3f70f9e27cd363c5abdbbfa71a9281fd0050a098fc440db34fb311bd2951cd98
2026-09-25,data/raw/conselho_dh/2026-09-25/A_HRC_RES_34_39.pdf,https://documents.un.org/api/symbol/access?s=A/HRC/RES/34/39&l=en&t=pdf,1,130955,73af7c6d158062da2ddf417d0dede4cd23155f348402c70b4ee267a1b4cbc937
2026-09-25,data/raw/conselho_dh/2026-09-25/A_HRC_RES_34_40.pdf,https://documents.un.org/api/symbol/access?s=A/HRC/RES/34/40&l=en&t=pdf,1,121949,e8dbc74979cb0b158fb9c057a119a60c2a6ea024a9f4c0b006f63848beef8f38
2026-09-25,data/raw/conselho_dh/2026-09-25/A_HRC_RES_34_41.pdf,https://documents.un.org/api/symbol/access?s=A/HRC/RES/34/41&l=en&t=pdf,1,170564,3111f4b6aa4deb4d45335b158122a866834191c686360e6f1c99331bc155d071
2026-09-25,data/raw/conselho_dh/2026-09-25/A_HRC_RES_35_1.pdf,https://documents.un.org/api/symbol/access?s=A/HRC/RES/35/1&l=en&t=pdf,1,155394,dfbe61e7236e45e761fafaa07c571b7934fd164398cc842b9a0890889fde5861
2026-09-25,data/raw/conselho_dh/2026-09-25/A_HRC_RES_35_2.pdf,https://documents.un.org/api/symbol/access?s=A/HRC/RES/35/2&l=en&t=pdf,1,175641,43ec47b57f650d145cc00eab26056d0a5530309279790bed8d1fdd7ddacddb80
2026-09-25,data/raw/conselho_dh/2026-09-25/A_HRC_RES_35_3.pdf,https://documents.un.org/api/symbol/access?s=A/HRC/RES/35/3&l=en&t=pdf,1,168969,abee9708fef5710c8a22e025558f86643ae868b4411ee638251a4bd8a7aceb29
2026-09-25,data/raw/conselho_dh/2026-09-25/A_HRC_RES_35_4.pdf,https://documents.un.org/api/symbol/access?s=A/HRC/RES/35/4&l=en&t=pdf,1,117369,6bc36dbe9ce8d79c79070bcee8d0913748f53a32481ca82f5f2a3cec033e292d
2026-09-25,data/raw/conselho_dh/2026-09-25/A_HRC_RES_35_5.pdf,https://documents.un.org/api/symbol/access?s=A/HRC/RES/35/5&l=en&t=pdf,1,117144,594e5d1af3a163690eb7c47b7c8ef97fbe0df3215c5d9743ec748102150c111c
2026-09-25,data/raw/conselho_dh/2026-09-25/A_HRC_RES_35_6.pdf,https://documents.un.org/api/symbol/access?s=A/HRC/RES/35/6&l=en&t=pdf,1,160627,e1371c9f7af5376bf50817b573831c58eb9f8c5ce22c56ec2c79e084cbc7e484
2026-09-25,data/raw/conselho_dh/2026-09-25/A_HRC_RES_35_7.pdf,https://documents.un.org/api/symbol/access?s=A/HRC/RES/35/7&l=en&t=pdf,1,170620,422e807359da77f06f2534c6b87670f13f3cb41f8d3f872a5467a8427e253fdf
2026-09-25,data/raw/conselho_dh/2026-09-25/A_HRC_RES_35_8.pdf,https://documents.un.org/api/symbol/access?s=A/HRC/RES/35/8&l=en&t=pdf,1,180487,549340ef1ba22a03a36dd1aa0e5a2f48bfc1da49d5fbfb2b641b02570c628f49
2026-09-25,data/raw/conselho_dh/2026-09-25/A_HRC_RES_35_9.pdf,https://documents.un.org/api/symbol/access?s=A/HRC/RES/35/9&l=en&t=pdf,1,125128,ad62c3453d092fdeb2aa9613c90f214a7c2312517d0086e67b0fe9cf512f426f
2026-09-25,data/raw/conselho_dh/2026-09-25/A_HRC_RES_35_10.pdf,https://documents.un.org/api/symbol/access?s=A/HRC/RES/35/10&l=en&t=pdf,1,149665,459ccf9db98db374bf03906f890680f818cfde4dd7adc77f7acb19c486da5453
2026-09-25,data/raw/conselho_dh/2026-09-25/A_HRC_RES_35_11.pdf,https://documents.un.org/api/symbol/access?s=A/HRC/RES/35/11&l=en&t=pdf,1,113765,ff206dbe504a4a30ea2c795702a99b68f1e345dc17e1acba0f83fae52e354789
2026-09-25,data/raw/conselho_dh/2026-09-25/A_HRC_RES_35_12.pdf,https://documents.un.org/api/symbol/access?s=A/HRC/RES/35/12&l=en&t=pdf,1,176305,d05a0b4afc6754481372684caa4dae0e42a838aec3b00eb221abb9367836c784
2026-09-25,data/raw/conselho_dh/2026-09-25/A_HRC_RES_35_13.pdf,https://documents.un.org/api/symbol/access?s=A/HRC/RES/35/13&l=en&t=pdf,1,143214,4161916bf16f648d4e8942cb7d638f7c72c0d23e205d89da3c767d139a4605d8
2026-09-25,data/raw/conselho_dh/2026-09-25/A_HRC_RES_35_14.pdf,https://documents.un.org/api/symbol/access?s=A/HRC/RES/35/14&l=en&t=pdf,1,125421,cce37202cca505d928c28a3a35c4d014902e9d65427e7596f920e6c50158170d
2026-09-25,data/raw/conselho_dh/2026-09-25/A_HRC_RES_35_15.pdf,https://documents.un.org/api/symbol/access?s=A/HRC/RES/35/15&l=en&t=pdf,1,304539,732cf339ffc6459bf05b7c78c01102a73c78e7aff1ba1258fcbd6ab90969abb8
2026-09-25,data/raw/conselho_dh/2026-09-25/A_HRC_RES_35_16.pdf,https://documents.un.org/api/symbol/access?s=A/HRC/RES/35/16&l=en&t=pdf,1,142955,a028a9dcd1bfe534712e0ea1999eb04481ef2cd3871599adb54d6013ca98e0e0
2026-09-25,data/raw/conselho_dh/2026-09-25/A_HRC_RES_35_17.pdf,https://documents.un.org/api/symbol/access?s=A/HRC/RES/35/17&l=en&t=pdf,1,149694,1f2138361b01d465559fbb140741f520aaa758df498f862c8d6d0390b2b1d241
2026-09-25,data/raw/conselho_dh/2026-09-25/A_HRC_RES_35_18.pdf,https://documents.un.org/api/symbol/access?s=A/HRC/RES/35/18&l=en&t=pdf,1,150682,82bac5401ec3eb47af22ad383c81d07af2fdd9054e2339bcd822d1fc437855ac
2026-09-25,data/raw/conselho_dh/2026-09-25/A_HRC_RES_35_19.pdf,https://documents.un.org/api/symbol/access?s=A/HRC/RES/35/19&l=en&t=pdf,1,121225,cea06783801859a300fff4395f844c99b2bc51e4391ec3d61b3a4222f0f16fe1
2026-09-25,data/raw/conselho_dh/2026-09-25/A_HRC_RES_35_20.pdf,https://documents.un.org/api/symbol/access?s=A/HRC/RES/35/20&l=en&t=pdf,1,189040,c5a072985717aef662e0fc74c2491689d34797a2c57d58c1ea4755da6f01d575
2026-09-25,data/raw/conselho_dh/2026-09-25/A_HRC_RES_35_21.pdf,https://documents.un.org/api/symbol/access?s=A/HRC/RES/35/21&l=en&t=pdf,1,123498,c94d733cdc1980cc8db22dd91c152f5e8af49fa8276e5a733e5f1a3cc57b934e
2026-09-25,data/raw/conselho_dh/2026-09-25/A_HRC_RES_35_22.pdf,https://documents.un.org/api/symbol/access?s=A/HRC/RES/35/22&l=en&t=pdf,1,168739,824be1e431b93050e250171552f9c6882e74c60820c90b47dab94dafc6a2227d
2026-09-25,data/raw/conselho_dh/2026-09-25/A_HRC_RES_35_23.pdf,https://documents.un.org/api/symbol/access?s=A/HRC/RES/35/23&l=en&t=pdf,1,146651,94adeabb25442494fe0290f58dc2665c85a5031ad65e4599ddf986dd957c85bd
2026-09-25,data/raw/conselho_dh/2026-09-25/A_HRC_RES_35_24.pdf,https://documents.un.org/api/symbol/access?s=A/HRC/RES/35/24&l=en&t=pdf,1,135169,a69499121a2c7c377fa7be4ef0dcf373ec1bfd7b8a7a1e1ef8c9e4b556d0c39d
2026-09-25,data/raw/conselho_dh/2026-09-25/A_HRC_RES_35_25.pdf,https://documents.un.org/api/symbol/access?s=A/HRC/RES/35/25&l=en&t=pdf,1,171177,1179c9608ef88c03f7c0698fa23c320fde0757453b81c497f5143bf629aab8db
2026-09-25,data/raw/conselho_dh/2026-09-25/A_HRC_RES_35_26.pdf,https://documents.un.org/api/symbol/access?s=A/HRC/RES/35/26&l=en&t=pdf,1,198827,85dea4f79f5e6a922154f6cef0f9e12ca3e7233202d6caa6b3010d2a8ed0df12
2026-09-25,data/raw/conselho_dh/2026-09-25/A_HRC_RES_35_27.pdf,https://documents.un.org/api/symbol/access?s=A/HRC/RES/35/27&l=en&t=pdf,1,127104,802cb4820f7805460f1f1a9464797c9a8117223779966f8982d48763eec8eab3
2026-09-25,data/raw/conselho_dh/2026-09-25/A_HRC_RES_35_28.pdf,https://documents.un.org/api/symbol/access?s=A/HRC/RES/35/28&l=en&t=pdf,1,120738,a106e6d9c9347fe641d3612c9d90bc04ef0f4cab7a46caf212e06dd16580ea2b
2026-09-25,data/raw/conselho_dh/2026-09-25/A_HRC_RES_35_29.pdf,https://documents.un.org/api/symbol/access?s=A/HRC/RES/35/29&l=en&t=pdf,1,119494,0075820864e742069ae897042f4fc3d4f0d7759fe69ee6bf85c15958db12be09
2026-09-25,data/raw/conselho_dh/2026-09-25/A_HRC_RES_35_30.pdf,https://documents.un.org/api/symbol/access?s=A/HRC/RES/35/30&l=en&t=pdf,1,124426,98979b553f07a7cbad94ce0f15ca6580c2052f9d7ccaf66477029a734d7586f5
2026-09-25,data/raw/conselho_dh/2026-09-25/A_HRC_RES_35_31.pdf,https://documents.un.org/api/symbol/access?s=A/HRC/RES/35/31&l=en&t=pdf,1,156073,29215e347bb673d91bfc7d082d43b4671d75409b34d77a8f22476091b98a4cc1
2026-09-25,data/raw/conselho_dh/2026-09-25/A_HRC_RES_35_32.pdf,https://documents.un.org/api/symbol/access?s=A/HRC/RES/35/32&l=en&t=pdf,1,129328,d14b7dab4a23495f262c4c709d1cfa0ba8c899d8d04160079f685cc65d3d74c2
2026-09-25,data/raw/conselho_dh/2026-09-25/A_HRC_RES_35_33.pdf,https://documents.un.org/api/symbol/access?s=A/HRC/RES/35/33&l=en&t=pdf,1,124863,a5549df953c0af55bd7e20badd2471aaa8fc1fff7b6cc4a2faf56224aa0d6429
2026-09-25,data/raw/conselho_dh/2026-09-25/A_HRC_RES_35_34.pdf,https://documents.un.org/api/symbol/access?s=A/HRC/RES/35/34&l=en&t=pdf,1,173996,ce59bce2b64ae67ca45027a3934d33dd47ae194a2719a816ace73fb568c9d513
2026-09-25,data/raw/conselho_dh/2026-09-25/A_HRC_RES_35_35.pdf,https://documents.un.org/api/symbol/access?s=A/HRC/RES/35/35&l=en&t=pdf,1,141717,86f8d1af00633453a6e0bf526ad3a169b8a4fd17cdae9c13104c54fbbc900fc0
2026-09-25,data/raw/conselho_dh/2026-09-25/A_HRC_RES_36_1.pdf,https://documents.un.org/api/symbol/access?s=A/HRC/RES/36/1&l=en&t=pdf,1,177987,97d992a88d9ac5873c11b6874148e0654f672ec1f55609c3870ad9747df6602d
2026-09-25,data/raw/conselho_dh/2026-09-25/A_HRC_RES_36_2.pdf,https://documents.un.org/api/symbol/access?s=A/HRC/RES/36/2&l=en&t=pdf,1,174638,39799a4bf618c73afb69fc4922ef7fc31ba5e5bad5c4019c1fb8f19c86f36d90
2026-09-25,data/raw/conselho_dh/2026-09-25/A_HRC_RES_36_3.pdf,https://documents.un.org/api/symbol/access?s=A/HRC/RES/36/3&l=en&t=pdf,1,171771,6d49c3375810323179bb580fd901ba0e3008915b37729ba0bb39e4272d68ced7
2026-09-25,data/raw/conselho_dh/2026-09-25/A_HRC_RES_36_4.pdf,https://documents.un.org/api/symbol/access?s=A/HRC/RES/36/4&l=en&t=pdf,1,162382,e3e15809cf2d943dd4fdfedc195da1a2654ee5866aebb6dcb777941b93b5fda3
2026-09-25,data/raw/conselho_dh/2026-09-25/A_HRC_RES_36_5.pdf,https://documents.un.org/api/symbol/access?s=A/HRC/RES/36/5&l=en&t=pdf,1,180165,63bbb2ddb959cd81ed61e80bdf8a992021adbca407bf32160daeaca92724f533
2026-09-25,data/raw/conselho_dh/2026-09-25/A_HRC_RES_36_6.pdf,https://documents.un.org/api/symbol/access?s=A/HRC/RES/36/6&l=en&t=pdf,1,166448,ab4b35568d181f51072d34f895fb60eaf230db4edd3c13635f05b99a73438566
2026-09-25,data/raw/conselho_dh/2026-09-25/A_HRC_RES_36_7.pdf,https://documents.un.org/api/symbol/access?s=A/HRC/RES/36/7&l=en&t=pdf,1,172876,0cb5511d8d94e69d36c9d8e36a8a8a7bfc62f922a1f391df4f849325275854e7
2026-09-25,data/raw/conselho_dh/2026-09-25/A_HRC_RES_36_8.pdf,https://documents.un.org/api/symbol/access?s=A/HRC/RES/36/8&l=en&t=pdf,1,157731,de4e6a48e956103388a38253477384a3076f75d43fa53c7e51e199ce8b1cc9a9
2026-09-25,data/raw/conselho_dh/2026-09-25/A_HRC_RES_36_9.pdf,https://documents.un.org/api/symbol/access?s=A/HRC/RES/36/9&l=en&t=pdf,1,183203,8f08be77b535869c3837c82b0ad5cdf5470a9a9e6add2f5e966d0331f0f8d3ca
2026-09-25,data/raw/conselho_dh/2026-09-25/A_HRC_RES_36_10.pdf,https://documents.un.org/api/symbol/access?s=A/HRC/RES/36/10&l=en&t=pdf,1,169374,bc2e93b5f8a2fe7ff3792e9d78579288650d6bb5039c7899804f5d5704cda09e
2026-09-25,data/raw/conselho_dh/2026-09-25/A_HRC_RES_36_11.pdf,https://documents.un.org/api/symbol/access?s=A/HRC/RES/36/11&l=en&t=pdf,1,152397,2f2d4bbcdf77e67cd1cb0c6eaaf8a7f1a65424ed5c92cb8c0872761782f834e0
2026-09-25,data/raw/conselho_dh/2026-09-25/A_HRC_RES_36_12.pdf,https://documents.un.org/api/symbol/access?s=A/HRC/RES/36/12&l=en&t=pdf,1,163513,9f7888fb64fd60e2ab954e1048341d3cedf6b5c1bf34f50f48b8148a634d17e6
2026-09-25,data/raw/conselho_dh/2026-09-25/A_HRC_RES_36_13.pdf,https://documents.un.org/api/symbol/access?s=A/HRC/RES/36/13&l=en&t=pdf,1,179510,88b8c12f749611e9b796dbffbc8efb701980385814da006298ad65b0ad8a31c7
2026-09-25,data/raw/conselho_dh/2026-09-25/A_HRC_RES_36_14.pdf,https://documents.un.org/api/symbol/access?s=A/HRC/RES/36/14&l=en&t=pdf,1,172341,34d8bae60929f56ba38029e79f90130aa00913f9e4b5caddf69090b82e799448
2026-09-25,data/raw/conselho_dh/2026-09-25/A_HRC_RES_36_15.pdf,https://documents.un.org/api/symbol/access?s=A/HRC/RES/36/15&l=en&t=pdf,1,50305,628acaf1d4cf1936c8be8c7c26fe6dd14f3b7ab6aa1be6a3a6b694e83b5db00d
2026-09-25,data/raw/conselho_dh/2026-09-25/A_HRC_RES_36_16.pdf,https://documents.un.org/api/symbol/access?s=A/HRC/RES/36/16&l=en&t=pdf,1,188584,ae809c117df022fce381440273946a91865f1b6bf0c92985fd44907a652b6709
2026-09-25,data/raw/conselho_dh/2026-09-25/A_HRC_RES_36_17.pdf,https://documents.un.org/api/symbol/access?s=A/HRC/RES/36/17&l=en&t=pdf,1,172656,b6f7ebae9ff492f66184424ca4888aa29f5ab885df48db965aa3534cbe473119
2026-09-25,data/raw/conselho_dh/2026-09-25/A_HRC_RES_36_18.pdf,https://documents.un.org/api/symbol/access?s=A/HRC/RES/36/18&l=en&t=pdf,1,151056,c8f12cdd16446607aaaf38b470061b28fc3eabf4f6c2f45bffd9a7c0d8833b98
2026-09-25,data/raw/conselho_dh/2026-09-25/A_HRC_RES_36_19.pdf,https://documents.un.org/api/symbol/access?s=A/HRC/RES/36/19&l=en&t=pdf,1,155882,3cce9fd543e50cb6c36c505162f4afb27d5c5911cb229a49460c072aca673124
2026-09-25,data/raw/conselho_dh/2026-09-25/A_HRC_RES_36_20.pdf,https://documents.un.org/api/symbol/access?s=A/HRC/RES/36/20&l=en&t=pdf,1,202906,aa235b291153f1e83ca1422d46776dfc476e70aec5563e35d922550f09eae585
2026-09-25,data/raw/conselho_dh/2026-09-25/A_HRC_RES_36_21.pdf,https://documents.un.org/api/symbol/access?s=A/HRC/RES/36/21&l=en&t=pdf,1,173183,ea9112501d58900c33c2c885fb4e2ab87edabaa9a8f19ff3f09205998c572588
2026-09-25,data/raw/conselho_dh/2026-09-25/A_HRC_RES_36_22.pdf,https://documents.un.org/api/symbol/access?s=A/HRC/RES/36/22&l=en&t=pdf,1,164587,e424b41fca9025372c00e4a311e71b1497f1f3083be8f1f21b46afc75124f347
2026-09-25,data/raw/conselho_dh/2026-09-25/A_HRC_RES_36_23.pdf,https://documents.un.org/api/symbol/access?s=A/HRC/RES/36/23&l=en&t=pdf,1,159618,e53c4c58e67297530b127a3fca8b5221024cfa47ba75cb8c45f6d3fb3bb2ac9c
2026-09-25,data/raw/conselho_dh/2026-09-25/A_HRC_RES_36_24.pdf,https://documents.un.org/api/symbol/access?s=A/HRC/RES/36/24&l=en&t=pdf,1,167825,d888b46c744850fd7e8ceed694c98dbecca3404ccd07bb4274ac4fd99a5c3857
2026-09-25,data/raw/conselho_dh/2026-09-25/A_HRC_RES_36_25.pdf,https://documents.un.org/api/symbol/access?s=A/HRC/RES/36/25&l=en&t=pdf,1,184162,526e4c8c4681273547b8709e0e5dac09d6076de62430fdaa37a84463fb12ae64
2026-09-25,data/raw/conselho_dh/2026-09-25/A_HRC_RES_36_26.pdf,https://documents.un.org/api/symbol/access?s=A/HRC/RES/36/26&l=en&t=pdf,1,160119,e9234bccf94f08f976ed8adf7ed67ad7340b1abc0f3da8a3f14baac1e4f88ad5
2026-09-25,data/raw/conselho_dh/2026-09-25/A_HRC_RES_36_27.pdf,https://documents.un.org/api/symbol/access?s=A/HRC/RES/36/27&l=en&t=pdf,1,181491,542866a9b5dcef115ac232e2c947a72c8e420e951b0bebdce63a6c72139f3942
2026-09-25,data/raw/conselho_dh/2026-09-25/A_HRC_RES_36_28.pdf,https://documents.un.org/api/symbol/access?s=A/HRC/RES/36/28&l=en&t=pdf,1,174279,d8ebc8dc0d755245001bf8c281bca314d4b8c21eb9a58362bcc017abadbc7b82
2026-09-25,data/raw/conselho_dh/2026-09-25/A_HRC_RES_36_29.pdf,https://documents.un.org/api/symbol/access?s=A/HRC/RES/36/29&l=en&t=pdf,1,168891,333e3dc1336a8a8f6e782c776c37cfc5fbc4e5b6d935e39969207b74a2448296
2026-09-25,data/raw/conselho_dh/2026-09-25/A_HRC_RES_36_30.pdf,https://documents.un.org/api/symbol/access?s=A/HRC/RES/36/30&l=en&t=pdf,1,180138,62948ac1cd2f6c8268b9d932f34f49d7027c121f7b7d283d692ac3072cf9a3d4
2026-09-25,data/raw/conselho_dh/2026-09-25/A_HRC_RES_36_31.pdf,https://documents.un.org/api/symbol/access?s=A/HRC/RES/36/31&l=en&t=pdf,1,176686,027fce9911aa808e46af37cc88f9388a11ce517e0c369a533c1018cc7784fa52
2026-09-25,data/raw/conselho_dh/2026-09-25/A_HRC_RES_36_32.pdf,https://documents.un.org/api/symbol/access?s=A/HRC/RES/36/32&l=en&t=pdf,1,181846,8ea93443088d0bf48404d7eea1a8cb12fe22fb2493a072d12442f8bcc589fd1e
2026-09-25,data/raw/conselho_dh/2026-09-25/A_HRC_RES_37_1.pdf,https://documents.un.org/api/symbol/access?s=A/HRC/RES/37/1&l=en&t=pdf,1,319351,7494bc03c82f255a3144b092196edbeae821279c4d31f8676ee111f59d121a67
2026-09-25,data/raw/conselho_dh/2026-09-25/A_HRC_RES_37_2.pdf,https://documents.un.org/api/symbol/access?s=A/HRC/RES/37/2&l=en&t=pdf,1,151350,24a3fb4a2039f682ada6a916fa154e8c4465db21fc091c1ffd161fcc7f5f18ba
2026-09-25,data/raw/conselho_dh/2026-09-25/A_HRC_RES_37_3.pdf,https://documents.un.org/api/symbol/access?s=A/HRC/RES/37/3&l=en&t=pdf,1,167538,bb8a0a96440fddf12649d416aa567a4dba94f74ebbcd9d7d83acc90601a0907b
2026-09-25,data/raw/conselho_dh/2026-09-25/A_HRC_RES_37_4.pdf,https://documents.un.org/api/symbol/access?s=A/HRC/RES/37/4&l=en&t=pdf,1,168832,7489bb6295eadbc2ea07b825f06dafd540bce83286f828262a844b6d64a11fa7
2026-09-25,data/raw/conselho_dh/2026-09-25/A_HRC_RES_37_5.pdf,https://documents.un.org/api/symbol/access?s=A/HRC/RES/37/5&l=en&t=pdf,1,161340,f2661667381e7a27ae65a1daad65a73987f5676d063a64ab93c8558a03f1d50f
2026-09-25,data/raw/conselho_dh/2026-09-25/A_HRC_RES_37_6.pdf,https://documents.un.org/api/symbol/access?s=A/HRC/RES/37/6&l=en&t=pdf,1,168884,19a2009b90fbc03f625a841caf5daadf3f108397519fbd0c7604fbf413984980
2026-09-25,data/raw/conselho_dh/2026-09-25/A_HRC_RES_37_7.pdf,https://documents.un.org/api/symbol/access?s=A/HRC/RES/37/7&l=en&t=pdf,1,164152,a642f7e9cc46dd37e3346f4120274ac19dea109d192cbd69db1a5facf2fe1b8c
2026-09-25,data/raw/conselho_dh/2026-09-25/A_HRC_RES_37_8.pdf,https://documents.un.org/api/symbol/access?s=A/HRC/RES/37/8&l=en&t=pdf,1,173191,7007459fc2e870a823352e0dbdd1d9942856ca4b957c50c555dbd564c9f2a916
2026-09-25,data/raw/conselho_dh/2026-09-25/A_HRC_RES_37_9.pdf,https://documents.un.org/api/symbol/access?s=A/HRC/RES/37/9&l=en&t=pdf,1,170178,6384ea24636bbdd6e4452cf6cb0aea4296441166e8802ce455a7a8d712d17a53
2026-09-25,data/raw/conselho_dh/2026-09-25/A_HRC_RES_37_10.pdf,https://documents.un.org/api/symbol/access?s=A/HRC/RES/37/10&l=en&t=pdf,1,198215,f75fbbc54abb6ddd0e567957efc93a2ae123d1279e0c2e3f81bf1251314e9979
2026-09-25,data/raw/conselho_dh/2026-09-25/A_HRC_RES_37_11.pdf,https://documents.un.org/api/symbol/access?s=A/HRC/RES/37/11&l=en&t=pdf,1,177676,db1d6e35507b803a2255c45d9ea0cb03a7a813a3e83eac21d28fe581a98a14bb
2026-09-25,data/raw/conselho_dh/2026-09-25/A_HRC_RES_37_12.pdf,https://documents.un.org/api/symbol/access?s=A/HRC/RES/37/12&l=en&t=pdf,1,159349,87807c0f9c406de03ce6dea64961608ace6483848ab74f1400e74ec55e556d2f
2026-09-25,data/raw/conselho_dh/2026-09-25/A_HRC_RES_37_13.pdf,https://documents.un.org/api/symbol/access?s=A/HRC/RES/37/13&l=en&t=pdf,1,174493,45253b0ff17e4f2af9baa350e8d6fb73d6faadf81a5963271e1ce0437b85bcfd
2026-09-25,data/raw/conselho_dh/2026-09-25/A_HRC_RES_37_14.pdf,https://documents.un.org/api/symbol/access?s=A/HRC/RES/37/14&l=en&t=pdf,1,174793,0cd47431e83a8e3c47b44db92d2a92f9e239839cb96a9ebdb6652efb7bfb5ea9
2026-09-25,data/raw/conselho_dh/2026-09-25/A_HRC_RES_37_15.pdf,https://documents.un.org/api/symbol/access?s=A/HRC/RES/37/15&l=en&t=pdf,1,154444,ddaf11eb8eab8b7a169f7c83b98dc8b5b0ae75b6ae7127d1f8de836c67e8714e
2026-09-25,data/raw/conselho_dh/2026-09-25/A_HRC_RES_37_16.pdf,https://documents.un.org/api/symbol/access?s=A/HRC/RES/37/16&l=en&t=pdf,1,251385,5fd06f9b927d826bcc591d605998c693c251770f698fbb047277abeaec4071e5
2026-09-25,data/raw/conselho_dh/2026-09-25/A_HRC_RES_37_17.pdf,https://documents.un.org/api/symbol/access?s=A/HRC/RES/37/17&l=en&t=pdf,1,168716,3abce7009d93468a1413590d283b712d77113a67c83711499763e407c67742ec
2026-09-25,data/raw/conselho_dh/2026-09-25/A_HRC_RES_37_18.pdf,https://documents.un.org/api/symbol/access?s=A/HRC/RES/37/18&l=en&t=pdf,1,178674,cc6ea6ac5ad9e16292615a924f4dba4cf17ab44f3315cea0f7d45e3696f83418
2026-09-25,data/raw/conselho_dh/2026-09-25/A_HRC_RES_37_19.pdf,https://documents.un.org/api/symbol/access?s=A/HRC/RES/37/19&l=en&t=pdf,1,162840,918c1ea871f83fcb04c33154ec0bd580ef66607c0e458f143ca522683b524846
2026-09-25,data/raw/conselho_dh/2026-09-25/A_HRC_RES_37_20.pdf,https://documents.un.org/api/symbol/access?s=A/HRC/RES/37/20&l=en&t=pdf,1,190347,045ae187957707a1279704b8288c3ee1944a7bea94e6eaf3fa77d7be8aa325c6
2026-09-25,data/raw/conselho_dh/2026-09-25/A_HRC_RES_37_21.pdf,https://documents.un.org/api/symbol/access?s=A/HRC/RES/37/21&l=en&t=pdf,1,185998,b0473a34cc44987b576be86c2c4337a9440b3462376c2a1f7fea36f1b4a26210
2026-09-25,data/raw/conselho_dh/2026-09-25/A_HRC_RES_37_22.pdf,https://documents.un.org/api/symbol/access?s=A/HRC/RES/37/22&l=en&t=pdf,1,182515,6074beebf2ecfb714315af18486ea6c3866947ef3f34b896c89146af6fa08731
2026-09-25,data/raw/conselho_dh/2026-09-25/A_HRC_RES_37_23.pdf,https://documents.un.org/api/symbol/access?s=A/HRC/RES/37/23&l=en&t=pdf,1,163029,7ab8ecaa5c1eddad2b4d8a25f1e6593a2a6170b929bf9a331dd93d94235968a1
2026-09-25,data/raw/conselho_dh/2026-09-25/A_HRC_RES_37_24.pdf,https://documents.un.org/api/symbol/access?s=A/HRC/RES/37/24&l=en&t=pdf,1,155863,7e6c9c915d9a4cd4c5e3f303739ba491647db038ccaaba46f6c385dfaa3d0811
2026-09-25,data/raw/conselho_dh/2026-09-25/A_HRC_RES_37_25.pdf,https://documents.un.org/api/symbol/access?s=A/HRC/RES/37/25&l=en&t=pdf,1,153821,3133cbeff99dbdfa7aa655b69d33d28b824e8c868347d4c011c79f0ba729c29e
2026-09-25,data/raw/conselho_dh/2026-09-25/A_HRC_RES_37_26.pdf,https://documents.un.org/api/symbol/access?s=A/HRC/RES/37/26&l=en&t=pdf,1,184719,f5b0f4a0d80b641ad2b6bcb58d32c977a7bb730b3216a62a7ca515f6ef2c331f
2026-09-25,data/raw/conselho_dh/2026-09-25/A_HRC_RES_37_27.pdf,https://documents.un.org/api/symbol/access?s=A/HRC/RES/37/27&l=en&t=pdf,1,176871,fa68a3e6bd16400c43233a7d9a96b20e39b8d2e1c5c08860d94c51670f5567ea
2026-09-25,data/raw/conselho_dh/2026-09-25/A_HRC_RES_37_28.pdf,https://documents.un.org/api/symbol/access?s=A/HRC/RES/37/28&l=en&t=pdf,1,290116,5ca75c04e56b7e67eaaf587ca04b6bda515947ed5d75960cb4b33956895e9dc9
2026-09-25,data/raw/conselho_dh/2026-09-25/A_HRC_RES_37_29.pdf,https://documents.un.org/api/symbol/access?s=A/HRC/RES/37/29&l=en&t=pdf,1,197504,cb7f55bd3057f37a0c36e3f7b5b1c5c2e64dfa3a278e3aa12d63fdb7167411c1
2026-09-25,data/raw/conselho_dh/2026-09-25/A_HRC_RES_37_30.pdf,https://documents.un.org/api/symbol/access?s=A/HRC/RES/37/30&l=en&t=pdf,1,155981,c6de01b66e39fdb5c22b845be252931942ee4a56b1c2fc01da8cbdef7cf82a25
2026-09-25,data/raw/conselho_dh/2026-09-25/A_HRC_RES_37_31.pdf,https://documents.un.org/api/symbol/access?s=A/HRC/RES/37/31&l=en&t=pdf,1,179359,edce08651853ff22b577c27fc678abf602ddfead8f1acf91137a1df7b955f63c
2026-09-25,data/raw/conselho_dh/2026-09-25/A_HRC_RES_37_32.pdf,https://documents.un.org/api/symbol/access?s=A/HRC/RES/37/32&l=en&t=pdf,1,203361,43afcd7b18814692e0d1a2a1e4813aa338024174dba9d4f31f79ecd987b56111
2026-09-25,data/raw/conselho_dh/2026-09-25/A_HRC_RES_37_33.pdf,https://documents.un.org/api/symbol/access?s=A/HRC/RES/37/33&l=en&t=pdf,1,169249,31e3068ab0d3636c8e82df18f984b161ee298bd91cd5a19299715f6728609d5b
2026-09-25,data/raw/conselho_dh/2026-09-25/A_HRC_RES_37_34.pdf,https://documents.un.org/api/symbol/access?s=A/HRC/RES/37/34&l=en&t=pdf,1,166836,981a64dd7bf98086b0178b5bc5a117b48c2369b4c918e6e9a0b1873fdf26af96
2026-09-25,data/raw/conselho_dh/2026-09-25/A_HRC_RES_37_35.pdf,https://documents.un.org/api/symbol/access?s=A/HRC/RES/37/35&l=en&t=pdf,1,190713,dce21e3f9da8ce79e3f899044ba63c816c4d1d8556faa404a933ed652c8f7a3e
2026-09-25,data/raw/conselho_dh/2026-09-25/A_HRC_RES_37_36.pdf,https://documents.un.org/api/symbol/access?s=A/HRC/RES/37/36&l=en&t=pdf,1,196052,1067cea623e94d3acb90b07324b73b20f30fb4c4f1eeeda9fa50e311fb7151bf
2026-09-25,data/raw/conselho_dh/2026-09-25/A_HRC_RES_37_37.pdf,https://documents.un.org/api/symbol/access?s=A/HRC/RES/37/37&l=en&t=pdf,1,171438,30323a2656ae018a17ddabbaaea42b72f0ef37db6e3c8bddfee80cf18615cd43
2026-09-25,data/raw/conselho_dh/2026-09-25/A_HRC_RES_37_38.pdf,https://documents.un.org/api/symbol/access?s=A/HRC/RES/37/38&l=en&t=pdf,1,173206,fbefa1940feeaeaa55d0f11e5daffcf7ec0586d2d4dc1122789536b2c2d8b997
2026-09-25,data/raw/conselho_dh/2026-09-25/A_HRC_RES_37_39.pdf,https://documents.un.org/api/symbol/access?s=A/HRC/RES/37/39&l=en&t=pdf,1,174074,ef77de4ce8345e51328db5fd08bdffd21037dda54ed6a9cc6c05a53341ad40c5
2026-09-25,data/raw/conselho_dh/2026-09-25/A_HRC_RES_37_40.pdf,https://documents.un.org/api/symbol/access?s=A/HRC/RES/37/40&l=en&t=pdf,1,158199,fbf6026842f861b0181ed0d4e48e29953f5affb93ab101b9cae990812ef85e36
2026-09-25,data/raw/conselho_dh/2026-09-25/A_HRC_RES_37_41.pdf,https://documents.un.org/api/symbol/access?s=A/HRC/RES/37/41&l=en&t=pdf,1,174816,ed2c854f9f9d0dc0e3acb71f62c6df0582861ec5ad79e3a82e3790d30ed1eaf9
2026-09-25,data/raw/conselho_dh/2026-09-25/A_HRC_RES_37_42.pdf,https://documents.un.org/api/symbol/access?s=A/HRC/RES/37/42&l=en&t=pdf,1,173439,3f76dbd5312e4037373dffef661330378b531a414220623b9205dc7ef6b1d8ab
2026-09-25,data/raw/conselho_dh/2026-09-25/A_HRC_RES_38_1.pdf,https://documents.un.org/api/symbol/access?s=A/HRC/RES/38/1&l=en&t=pdf,1,191254,d11d984ee17432ae49b40947aa59579dfbf6f2fcb52b60447cf470aebeed5880
2026-09-25,data/raw/conselho_dh/2026-09-25/A_HRC_RES_38_2.pdf,https://documents.un.org/api/symbol/access?s=A/HRC/RES/38/2&l=en&t=pdf,1,166151,e27d62d7a7c528617b732268498d2be9c94891340c1dd0a50a018db53fab2cad
2026-09-25,data/raw/conselho_dh/2026-09-25/A_HRC_RES_38_3.pdf,https://documents.un.org/api/symbol/access?s=A/HRC/RES/38/3&l=en&t=pdf,1,183082,2e6010378550cf671c28e311de891b18f6ec5a3775bf7485a8cf76c57414da9a
2026-09-25,data/raw/conselho_dh/2026-09-25/A_HRC_RES_38_4.pdf,https://documents.un.org/api/symbol/access?s=A/HRC/RES/38/4&l=en&t=pdf,1,251742,ffc8fdb908310745cc32233012ba638325487ba3e048dbd5470b6ef279780f47
2026-09-25,data/raw/conselho_dh/2026-09-25/A_HRC_RES_38_5.pdf,https://documents.un.org/api/symbol/access?s=A/HRC/RES/38/5&l=en&t=pdf,1,185775,0ba3fc1e8e12ddef0cdf2acf611425b47a9c3b0b7d5b167bc98be85db9f97447
2026-09-25,data/raw/conselho_dh/2026-09-25/A_HRC_RES_38_6.pdf,https://documents.un.org/api/symbol/access?s=A/HRC/RES/38/6&l=en&t=pdf,1,177466,8849016d2be5f6277021bac078170c2ec1334c8d6f590d86fa2f9167b5eb09a7
2026-09-25,data/raw/conselho_dh/2026-09-25/A_HRC_RES_38_7.pdf,https://documents.un.org/api/symbol/access?s=A/HRC/RES/38/7&l=en&t=pdf,1,177501,6cb7439c9623a8801cbdc75de2fb087fe474d7ccc365db481578d9cde7f1c787
2026-09-25,data/raw/conselho_dh/2026-09-25/A_HRC_RES_38_8.pdf,https://documents.un.org/api/symbol/access?s=A/HRC/RES/38/8&l=en&t=pdf,1,183197,6ad0e85d6012e5f5c6a1035c9629eaff10efdb80f0d9a007888ba11f1b2d036a
2026-09-25,data/raw/conselho_dh/2026-09-25/A_HRC_RES_38_9.pdf,https://documents.un.org/api/symbol/access?s=A/HRC/RES/38/9&l=en&t=pdf,1,171265,23950f5b9513291908c36d2e9d6279b5238d5e0f6a58caba5bbbbc87f4a7aa92
2026-09-25,data/raw/conselho_dh/2026-09-25/A_HRC_RES_38_10.pdf,https://documents.un.org/api/symbol/access?s=A/HRC/RES/38/10&l=en&t=pdf,1,157605,90c292408ffb7ea772e9d884d2fdd7a9c33ae7ed592c0c919c16914acfdef8ed
2026-09-25,data/raw/conselho_dh/2026-09-25/A_HRC_RES_38_11.pdf,https://documents.un.org/api/symbol/access?s=A/HRC/RES/38/11&l=en&t=pdf,1,175100,02e98cbbc251524d58b04f48ae672c0f9669d804f571d35eb44a58a78ccaa864
2026-09-25,data/raw/conselho_dh/2026-09-25/A_HRC_RES_38_12.pdf,https://documents.un.org/api/symbol/access?s=A/HRC/RES/38/12&l=en&t=pdf,1,177511,b717c433d6c6e2d3a32254f0a6757cf511e1f3257ebdbc8ef8174f735878df7f
2026-09-25,data/raw/conselho_dh/2026-09-25/A_HRC_RES_38_13.pdf,https://documents.un.org/api/symbol/access?s=A/HRC/RES/38/13&l=en&t=pdf,1,169968,98683fe9c90c4b7b293e31dc35382c507728677bac7e37dcf994f929b10be1d9
2026-09-25,data/raw/conselho_dh/2026-09-25/A_HRC_RES_38_14.pdf,https://documents.un.org/api/symbol/access?s=A/HRC/RES/38/14&l=en&t=pdf,1,166216,81b52e2bd61e325631a018c4c1fc8e061658b37f64b1a603ab1d560a837a6a01
2026-09-25,data/raw/conselho_dh/2026-09-25/A_HRC_RES_38_15.pdf,https://documents.un.org/api/symbol/access?s=A/HRC/RES/38/15&l=en&t=pdf,1,169737,49d9f495baef217d38e48b7dcfc941444546bd9d2340d2be11c1351a17af6ee8
2026-09-25,data/raw/conselho_dh/2026-09-25/A_HRC_RES_38_16.pdf,https://documents.un.org/api/symbol/access?s=A/HRC/RES/38/16&l=en&t=pdf,1,193692,d63577e8542ef09d2b636d1d6b7d4540eb941fcdf414bdeb8a8f6e296ba76faf
2026-09-25,data/raw/conselho_dh/2026-09-25/A_HRC_RES_38_17.pdf,https://documents.un.org/api/symbol/access?s=A/HRC/RES/38/17&l=en&t=pdf,1,156997,f6df1ef74c38d98bdb9402e0c8cd2c327af8eed7c632f0f5e3f35584e7f28e7e
2026-09-25,data/raw/conselho_dh/2026-09-25/A_HRC_RES_38_18.pdf,https://documents.un.org/api/symbol/access?s=A/HRC/RES/38/18&l=en&t=pdf,1,163685,87de3c257aeaf0a6a67c511acd065e7767e4d89c68f802bbb8695091e6a5498e
2026-09-25,data/raw/conselho_dh/2026-09-25/A_HRC_RES_38_19.pdf,https://documents.un.org/api/symbol/access?s=A/HRC/RES/38/19&l=en&t=pdf,1,162401,760d88189769553bfbb2e66ce44929685ea35f1c830bf6819bbe42c76b82cfb6
2026-09-25,data/raw/conselho_dh/2026-09-25/A_HRC_RES_38_20.pdf,https://documents.un.org/api/symbol/access?s=A/HRC/RES/38/20&l=en&t=pdf,1,162498,d46c3930927792018e749c4851db2b24990635acf4fb56122b65514d8f728bbb
2026-09-25,data/raw/conselho_dh/2026-09-25/A_HRC_RES_39_1.pdf,https://documents.un.org/api/symbol/access?s=A/HRC/RES/39/1&l=en&t=pdf,1,157527,07747aeaca6403527192694297f45f1b640b0d2c2f9bce6680ea920b2a911a81
2026-09-25,data/raw/conselho_dh/2026-09-25/A_HRC_RES_39_2.pdf,https://documents.un.org/api/symbol/access?s=A/HRC/RES/39/2&l=en&t=pdf,1,197003,ba08a36c7d80a0afd5ffea7f1bf928d90984537527cb8965c7ca7277025d797d
2026-09-25,data/raw/conselho_dh/2026-09-25/A_HRC_RES_39_3.pdf,https://documents.un.org/api/symbol/access?s=A/HRC/RES/39/3&l=en&t=pdf,1,161705,d8274f2eae5fd92ded4bb24d2bd2d299d82663a9ca3fbd87a6f71c4c64a1fd51
2026-09-25,data/raw/conselho_dh/2026-09-25/A_HRC_RES_39_4.pdf,https://documents.un.org/api/symbol/access?s=A/HRC/RES/39/4&l=en&t=pdf,1,183889,a8cacf11123c16bb117065690052d4950f7e02ad6efb54676334354c38340b9a
2026-09-25,data/raw/conselho_dh/2026-09-25/A_HRC_RES_39_5.pdf,https://documents.un.org/api/symbol/access?s=A/HRC/RES/39/5&l=en&t=pdf,1,171991,1d827a3a76a521fe0875266502590694f307a61f276d34533c631b9df523a5a6
2026-09-25,data/raw/conselho_dh/2026-09-25/A_HRC_RES_39_6.pdf,https://documents.un.org/api/symbol/access?s=A/HRC/RES/39/6&l=en&t=pdf,1,181615,6dac607a2ee2482b12be1a9d60018d589bbabe7f7c0310496b49bf6e72ffa62d
2026-09-25,data/raw/conselho_dh/2026-09-25/A_HRC_RES_39_7.pdf,https://documents.un.org/api/symbol/access?s=A/HRC/RES/39/7&l=en&t=pdf,1,155752,e0c893c4815ada7e0e3115e8b26bbba535601a04be066cd3417b688a8c1c66e7
2026-09-25,data/raw/conselho_dh/2026-09-25/A_HRC_RES_39_8.pdf,https://documents.un.org/api/symbol/access?s=A/HRC/RES/39/8&l=en&t=pdf,1,180347,701b5cae9a3a5ea8ee212487272a50eb3f1cb3013a6f4ca13bf4b9d1663d09a5
2026-09-25,data/raw/conselho_dh/2026-09-25/A_HRC_RES_39_9.pdf,https://documents.un.org/api/symbol/access?s=A/HRC/RES/39/9&l=en&t=pdf,1,183318,eb9a83f8427817cf651587d82d75076aacfd49ccfe129d96da860c0056523ebe
2026-09-25,data/raw/conselho_dh/2026-09-25/A_HRC_RES_39_10.pdf,https://documents.un.org/api/symbol/access?s=A/HRC/RES/39/10&l=en&t=pdf,1,193988,2ea9f9ae39a6e2cc8238a06945c6e96bccdba50bf0d10ac55560485bb8d0b1a0
2026-09-25,data/raw/conselho_dh/2026-09-25/A_HRC_RES_39_11.pdf,https://documents.un.org/api/symbol/access?s=A/HRC/RES/39/11&l=en&t=pdf,1,149854,6ef7dbca8ac9dfbc9aa8077f35766f6d8de0e17cf13689ae103877d5fbce1d08
2026-09-25,data/raw/conselho_dh/2026-09-25/A_HRC_RES_39_12.pdf,https://documents.un.org/api/symbol/access?s=A/HRC/RES/39/12&l=en&t=pdf,1,243102,c750f1c40dc59cd61c001a83dc8a8edb224ef39327b04ab3dfa2526d1fefa12f
2026-09-25,data/raw/conselho_dh/2026-09-25/A_HRC_RES_39_13.pdf,https://documents.un.org/api/symbol/access?s=A/HRC/RES/39/13&l=en&t=pdf,1,175286,76fa257223fc836f999f18f70f6e5beb7bf674090511926758555d9c037038a2
2026-09-25,data/raw/conselho_dh/2026-09-25/A_HRC_RES_39_14.pdf,https://documents.un.org/api/symbol/access?s=A/HRC/RES/39/14&l=en&t=pdf,1,181316,85bb8ecd93203d217db997c5a227317b9c9f59c7bf8f3156897faa3b4c7d3671
2026-09-25,data/raw/conselho_dh/2026-09-25/A_HRC_RES_39_15.pdf,https://documents.un.org/api/symbol/access?s=A/HRC/RES/39/15&l=en&t=pdf,1,201508,6bb0356130495f8cb5a05ddc100232f660a166a9ab21172bd62f55aa16790731
2026-09-25,data/raw/conselho_dh/2026-09-25/A_HRC_RES_39_16.pdf,https://documents.un.org/api/symbol/access?s=A/HRC/RES/39/16&l=en&t=pdf,1,173537,4870f3b91bed96666b249c9fa8113d1af723342c343a8ebc3cc9aaf221795ace
2026-09-25,data/raw/conselho_dh/2026-09-25/A_HRC_RES_39_17.pdf,https://documents.un.org/api/symbol/access?s=A/HRC/RES/39/17&l=en&t=pdf,1,183924,cf4dafcc805ced02ab1e75682694eb3a0bbe39259c8d69856e6935c046d6f7d4
2026-09-25,data/raw/conselho_dh/2026-09-25/A_HRC_RES_39_18.pdf,https://documents.un.org/api/symbol/access?s=A/HRC/RES/39/18&l=en&t=pdf,1,170522,76671604b1da02ff8cc9800e3e85b10a1e2c2efa579a5a20620d47b225dace83
2026-09-25,data/raw/conselho_dh/2026-09-25/A_HRC_RES_39_19.pdf,https://documents.un.org/api/symbol/access?s=A/HRC/RES/39/19&l=en&t=pdf,1,193684,650a029c72712bef4c3774467e2853a1f4f2f99674f3ea349f43d84414f3bfd3
2026-09-25,data/raw/conselho_dh/2026-09-25/A_HRC_RES_39_20.pdf,https://documents.un.org/api/symbol/access?s=A/HRC/RES/39/20&l=en&t=pdf,1,174270,573948ddfc76e5fa91c3a2f5f899f0bcb42ab7c2707f27bb156356136fbf1ddf
2026-09-25,data/raw/conselho_dh/2026-09-25/A_HRC_RES_39_21.pdf,https://documents.un.org/api/symbol/access?s=A/HRC/RES/39/21&l=en&t=pdf,1,164744,4aa7a6fc94b25aa9145bb9a01a2520ffd70301f3ef7cb4865e9717c9f5d4bc57
2026-09-25,data/raw/conselho_dh/2026-09-25/A_HRC_RES_39_22.pdf,https://documents.un.org/api/symbol/access?s=A/HRC/RES/39/22&l=en&t=pdf,1,163374,e37b26e22ac233b3a74a84da43a0194a84892e69660d253123a79e26eb868129
2026-09-25,data/raw/conselho_dh/2026-09-25/A_HRC_RES_39_23.pdf,https://documents.un.org/api/symbol/access?s=A/HRC/RES/39/23&l=en&t=pdf,1,184904,2c269d0e21e793131eeac035f0a5a257a691bea842fe2656fb21e2d239de7f03
2026-09-25,data/raw/conselho_dh/2026-09-25/A_HRC_RES_40_1.pdf,https://documents.un.org/api/symbol/access?s=A/HRC/RES/40/1&l=en&t=pdf,1,156299,0fa460a4e0d00e83cdfe87c63c7a34fc66ffc9ee23e1314039969721d98fe70d
2026-09-25,data/raw/conselho_dh/2026-09-25/A_HRC_RES_40_2.pdf,https://documents.un.org/api/symbol/access?s=A/HRC/RES/40/2&l=en&t=pdf,1,159520,825de1d2f48a4febe1253cf46d55002fcbf09ab2a064e0b3013fd67267449a92
2026-09-25,data/raw/conselho_dh/2026-09-25/A_HRC_RES_40_3.pdf,https://documents.un.org/api/symbol/access?s=A/HRC/RES/40/3&l=en&t=pdf,1,185991,156c3ec661491e221651317fef20770de1bd7505020d53a23f365e98df0b1715
2026-09-25,data/raw/conselho_dh/2026-09-25/A_HRC_RES_40_4.pdf,https://documents.un.org/api/symbol/access?s=A/HRC/RES/40/4&l=en&t=pdf,1,186082,b7597f53c7749dd3438908cd96108ae033a5372bf5bf3744dea3a237b1e12413
2026-09-25,data/raw/conselho_dh/2026-09-25/A_HRC_RES_40_5.pdf,https://documents.un.org/api/symbol/access?s=A/HRC/RES/40/5&l=en&t=pdf,1,157649,cab2f65466b69ccc212911871f796f5a25dcabdbada7c67de8df72fedbac1cdb
2026-09-25,data/raw/conselho_dh/2026-09-25/A_HRC_RES_40_6.pdf,https://documents.un.org/api/symbol/access?s=A/HRC/RES/40/6&l=en&t=pdf,1,158428,8e68b57d8337453af50af0f0dceb6dd089c2ea9a832881d9d3829a8198b06acb
2026-09-25,data/raw/conselho_dh/2026-09-25/A_HRC_RES_40_7.pdf,https://documents.un.org/api/symbol/access?s=A/HRC/RES/40/7&l=en&t=pdf,1,182850,4a34bb47011c2968ec46949fd09e084a1bc4b6ce81057eb2282ddcd98f8c425a
2026-09-25,data/raw/conselho_dh/2026-09-25/A_HRC_RES_40_8.pdf,https://documents.un.org/api/symbol/access?s=A/HRC/RES/40/8&l=en&t=pdf,1,170117,5d6c1456aef3c7e88d0068266fb7ed5641a41b2f0d077a1b7cc28f00038bc4a3
2026-09-25,data/raw/conselho_dh/2026-09-25/A_HRC_RES_40_9.pdf,https://documents.un.org/api/symbol/access?s=A/HRC/RES/40/9&l=en&t=pdf,1,159871,6b64a3b6101f6dcf733af7955b9f98e49d64d3b2d0e1bf39cf449a371eb3a93c
2026-09-25,data/raw/conselho_dh/2026-09-25/A_HRC_RES_40_10.pdf,https://documents.un.org/api/symbol/access?s=A/HRC/RES/40/10&l=en&t=pdf,1,169675,f230fe109eb7a3a94c6e6ed1c44642aa0f9da02b62c7037e9586c91f27af88a9
2026-09-25,data/raw/conselho_dh/2026-09-25/A_HRC_RES_40_11.pdf,https://documents.un.org/api/symbol/access?s=A/HRC/RES/40/11&l=en&t=pdf,1,191049,364fca0f922110c00ef36fe10b2486ee0e8a797750d1feeee4c6cf1221612575
2026-09-25,data/raw/conselho_dh/2026-09-25/A_HRC_RES_40_12.pdf,https://documents.un.org/api/symbol/access?s=A/HRC/RES/40/12&l=en&t=pdf,1,246479,0e648efce34df9aa7896764c6b94e9d148ce92096c26aad0d6b600a7b564f1f9
2026-09-25,data/raw/conselho_dh/2026-09-25/A_HRC_RES_40_13.pdf,https://documents.un.org/api/symbol/access?s=A/HRC/RES/40/13&l=en&t=pdf,1,170007,788e12da29bce6a59db919de85363ae74b8c487e65cd2167b7b8cdd69f3b299a
2026-09-25,data/raw/conselho_dh/2026-09-25/A_HRC_RES_40_14.pdf,https://documents.un.org/api/symbol/access?s=A/HRC/RES/40/14&l=en&t=pdf,1,189885,b553c06462843ea94116ee0f37b8094c4350f2faa9376e2d5d90c0c19b5018c3
2026-09-25,data/raw/conselho_dh/2026-09-25/A_HRC_RES_40_15.pdf,https://documents.un.org/api/symbol/access?s=A/HRC/RES/40/15&l=en&t=pdf,1,154434,ad3e3e967596237c7c7b7f8d2f53d3d9329c9b3d8f3bf9437eaabe12fdbc17fd
2026-09-25,data/raw/conselho_dh/2026-09-25/A_HRC_RES_40_16.pdf,https://documents.un.org/api/symbol/access?s=A/HRC/RES/40/16&l=en&t=pdf,1,153580,b2f5d0810703eda0bd1b50a31c202a28711038bbf5883a2becde2b14ae1a6968
2026-09-25,data/raw/conselho_dh/2026-09-25/A_HRC_RES_40_17.pdf,https://documents.un.org/api/symbol/access?s=A/HRC/RES/40/17&l=en&t=pdf,1,205733,3ade44d3476ac7f574513d5f82e4009b0a8c5992a0d172e3779b2c472a6a4f4f
2026-09-25,data/raw/conselho_dh/2026-09-25/A_HRC_RES_40_18.pdf,https://documents.un.org/api/symbol/access?s=A/HRC/RES/40/18&l=en&t=pdf,1,155122,49aed5006c69c5eb762aefa2c901b460f5752eb16988acec193049af9da5307c
2026-09-25,data/raw/conselho_dh/2026-09-25/A_HRC_RES_40_19.pdf,https://documents.un.org/api/symbol/access?s=A/HRC/RES/40/19&l=en&t=pdf,1,183331,c121f940d571bdf0abac01cf3b463fb24e7826c3a4043598c867c43dde8a5271
2026-09-25,data/raw/conselho_dh/2026-09-25/A_HRC_RES_40_20.pdf,https://documents.un.org/api/symbol/access?s=A/HRC/RES/40/20&l=en&t=pdf,1,283004,f38c083ef4189dabde14c1e2468a32b869e0d5223661c8398244d0976ff1bd11
2026-09-25,data/raw/conselho_dh/2026-09-25/A_HRC_RES_40_21.pdf,https://documents.un.org/api/symbol/access?s=A/HRC/RES/40/21&l=en&t=pdf,1,165628,1fd598ec7b25de70bc39d941816079527b3af05eaeb36d9e14e6c2d5d35355b0
2026-09-25,data/raw/conselho_dh/2026-09-25/A_HRC_RES_40_22.pdf,https://documents.un.org/api/symbol/access?s=A/HRC/RES/40/22&l=en&t=pdf,1,165047,2eb72cc20570a24d69d234db69c4727b7cd5411d9d6e7731d12f10f262832a6b
2026-09-25,data/raw/conselho_dh/2026-09-25/A_HRC_RES_40_23.pdf,https://documents.un.org/api/symbol/access?s=A/HRC/RES/40/23&l=en&t=pdf,1,189329,917d9ac6ce24039265147e1dd43e030b3f7407458d205c0d91e0a87f28376664
2026-09-25,data/raw/conselho_dh/2026-09-25/A_HRC_RES_40_24.pdf,https://documents.un.org/api/symbol/access?s=A/HRC/RES/40/24&l=en&t=pdf,1,195508,d87d16102a7a6f96737e29dbb1fa5249643af923d8d945ab8cc0d55ad9c8f739
2026-09-25,data/raw/conselho_dh/2026-09-25/A_HRC_RES_40_25.pdf,https://documents.un.org/api/symbol/access?s=A/HRC/RES/40/25&l=en&t=pdf,1,172713,f052c94a86d31f0626963124cf8bad7e3abc5e510338bd7c4483ba92e8c1584b
2026-09-25,data/raw/conselho_dh/2026-09-25/A_HRC_RES_40_26.pdf,https://documents.un.org/api/symbol/access?s=A/HRC/RES/40/26&l=en&t=pdf,1,184978,23ee27f45c16d2b59fe2561efd03f6c41b1ac5b4f7d6aabec2fd6831567a5709
2026-09-25,data/raw/conselho_dh/2026-09-25/A_HRC_RES_40_27.pdf,https://documents.un.org/api/symbol/access?s=A/HRC/RES/40/27&l=en&t=pdf,1,180564,1d5b98bda3f3acb237c0427dacd5baf4f00cf4614667976d37b2f508f10663f6
2026-09-25,data/raw/conselho_dh/2026-09-25/A_HRC_RES_40_28.pdf,https://documents.un.org/api/symbol/access?s=A/HRC/RES/40/28&l=en&t=pdf,1,158933,8e827f9e3371408e43be44804a0d7464278a1661cb122747e517f1945324f9dc
2026-09-25,data/raw/conselho_dh/2026-09-25/A_HRC_RES_40_29.pdf,https://documents.un.org/api/symbol/access?s=A/HRC/RES/40/29&l=en&t=pdf,1,331520,90236cb43464bfdc82a84f00a8548bd1d87add6545f47ad7ae6998599a0e95a1
2026-09-25,data/raw/conselho_dh/2026-09-25/A_HRC_RES_41_1.pdf,https://documents.un.org/api/symbol/access?s=A/HRC/RES/41/1&l=en&t=pdf,1,156617,e7066fe12dd344b2b41f89a2a32252a0bebc35d8db1b1f22693253561289fd67
2026-09-25,data/raw/conselho_dh/2026-09-25/A_HRC_RES_41_2.pdf,https://documents.un.org/api/symbol/access?s=A/HRC/RES/41/2&l=en&t=pdf,1,158105,118c0df3b9121a7e9ead73a6779087f1e147d73e968a877b5123ec11fcb7f9fd
2026-09-25,data/raw/conselho_dh/2026-09-25/A_HRC_RES_41_3.pdf,https://documents.un.org/api/symbol/access?s=A/HRC/RES/41/3&l=en&t=pdf,1,187026,fcd946c2a2a583aa701826dfd0867f25b50711b3778372e8ed044392beb93b1f
2026-09-25,data/raw/conselho_dh/2026-09-25/A_HRC_RES_41_4.pdf,https://documents.un.org/api/symbol/access?s=A/HRC/RES/41/4&l=en&t=pdf,1,158033,b593bcea7fc27b4844c10a84c5240b0d264641007edb715723ed5f395bf284fa
2026-09-25,data/raw/conselho_dh/2026-09-25/A_HRC_RES_41_5.pdf,https://documents.un.org/api/symbol/access?s=A/HRC/RES/41/5&l=en&t=pdf,1,166456,13ea124a4ba4dcabe2a45eb77c0eb88b412cf72da1f15d0f899da5546a90061f
2026-09-25,data/raw/conselho_dh/2026-09-25/A_HRC_RES_41_6.pdf,https://documents.un.org/api/symbol/access?s=A/HRC/RES/41/6&l=en&t=pdf,1,190410,c0a78c460caf49caee9d02e33049e91a848cd52264ec5b0ba1324f23a02ebd4d
2026-09-25,data/raw/conselho_dh/2026-09-25/A_HRC_RES_41_7.pdf,https://documents.un.org/api/symbol/access?s=A/HRC/RES/41/7&l=en&t=pdf,1,156197,92f56b2c9b5e581e1c5f1532ab2fb876119e8830827bcbfcebe2dcedf94dda73
2026-09-25,data/raw/conselho_dh/2026-09-25/A_HRC_RES_41_8.pdf,https://documents.un.org/api/symbol/access?s=A/HRC/RES/41/8&l=en&t=pdf,1,201489,adcab58ec1a33464e36a496ac98aa0e0a69586578be02446f6467be43ce47eae
2026-09-25,data/raw/conselho_dh/2026-09-25/A_HRC_RES_41_9.pdf,https://documents.un.org/api/symbol/access?s=A/HRC/RES/41/9&l=en&t=pdf,1,169868,20dbba8c45740d4a7121e61cde8c4f08a527346e7dd2b745b739a11ff8deb47e
2026-09-25,data/raw/conselho_dh/2026-09-25/A_HRC_RES_41_10.pdf,https://documents.un.org/api/symbol/access?s=A/HRC/RES/41/10&l=en&t=pdf,1,187681,008d2ca240426b252c15a907cbbbb3044c2d8752ab2e494f221084cf38a9d96c
2026-09-25,data/raw/conselho_dh/2026-09-25/A_HRC_RES_41_11.pdf,https://documents.un.org/api/symbol/access?s=A/HRC/RES/41/11&l=en&t=pdf,1,157936,cd1059ecf4018504a763ab99fe2cd6cabf5c0d3451dc707ea23956e70a852971
2026-09-25,data/raw/conselho_dh/2026-09-25/A_HRC_RES_41_12.pdf,https://documents.un.org/api/symbol/access?s=A/HRC/RES/41/12&l=en&t=pdf,1,153936,af833bcaa57c9387441dac4830034dbf3f8b402f9ce366bbd74972866d6c00b4
2026-09-25,data/raw/conselho_dh/2026-09-25/A_HRC_RES_41_13.pdf,https://documents.un.org/api/symbol/access?s=A/HRC/RES/41/13&l=en&t=pdf,1,170389,30eed0d4276973cf7c3c1c10db1e71f09895504dbc47f3cbd7f99c2c3359e8bb
2026-09-25,data/raw/conselho_dh/2026-09-25/A_HRC_RES_41_14.pdf,https://documents.un.org/api/symbol/access?s=A/HRC/RES/41/14&l=en&t=pdf,1,176845,d088b41a33f01707d7d1a4b45a0d6213acf777269ef81f9921f00be815381876
2026-09-25,data/raw/conselho_dh/2026-09-25/A_HRC_RES_41_15.pdf,https://documents.un.org/api/symbol/access?s=A/HRC/RES/41/15&l=en&t=pdf,1,195039,1121a2c1f21295086ac93261e768583d5203c33aabde5ea98d76aa7a09ffb6ab
2026-09-25,data/raw/conselho_dh/2026-09-25/A_HRC_RES_41_16.pdf,https://documents.un.org/api/symbol/access?s=A/HRC/RES/41/16&l=en&t=pdf,1,173001,06692c386017f90c70b6ebb7f2401521ed35b9f8e022b0bad75fa4e2b4bad29c
2026-09-25,data/raw/conselho_dh/2026-09-25/A_HRC_RES_41_17.pdf,https://documents.un.org/api/symbol/access?s=A/HRC/RES/41/17&l=en&t=pdf,1,193016,2bb8af1334bf3cb127a33c87d439fabf1f6e1147f4657d058d1c40ddcef97230
2026-09-25,data/raw/conselho_dh/2026-09-25/A_HRC_RES_41_18.pdf,https://documents.un.org/api/symbol/access?s=A/HRC/RES/41/18&l=en&t=pdf,1,157387,5c4fe62301201a9c88135d0d0470db4b85c2b7484af0722544a07ac968ee9c3c
2026-09-25,data/raw/conselho_dh/2026-09-25/A_HRC_RES_41_19.pdf,https://documents.un.org/api/symbol/access?s=A/HRC/RES/41/19&l=en&t=pdf,1,167976,bf5abeb9166044d2895103cb6254a39926e046aeb4adb7ed898b967a6f91a1a7
2026-09-25,data/raw/conselho_dh/2026-09-25/A_HRC_RES_41_20.pdf,https://documents.un.org/api/symbol/access?s=A/HRC/RES/41/20&l=en&t=pdf,1,160678,49d1d4f6610c871abb00cef81dfab14c999ea933071979258ddd917cd855c884
2026-09-25,data/raw/conselho_dh/2026-09-25/A_HRC_RES_41_21.pdf,https://documents.un.org/api/symbol/access?s=A/HRC/RES/41/21&l=en&t=pdf,1,253974,62c781fd83a317866fdcb634933e8554838ef8b479f15465960807c5acb45ef8
2026-09-25,data/raw/conselho_dh/2026-09-25/A_HRC_RES_41_22.pdf,https://documents.un.org/api/symbol/access?s=A/HRC/RES/41/22&l=en&t=pdf,1,165926,97fead67ea30cf8b7dd342c98c9d9295eb1a561881411d43d278676c89810dbc
2026-09-25,data/raw/conselho_dh/2026-09-25/A_HRC_RES_41_23.pdf,https://documents.un.org/api/symbol/access?s=A/HRC/RES/41/23&l=en&t=pdf,1,211256,dd69a83e86e3fb4487bc181e828d52fefaae411644ee5c54ff3fe53af8c37afd
2026-09-25,data/raw/conselho_dh/2026-09-25/A_HRC_RES_41_24.pdf,https://documents.un.org/api/symbol/access?s=A/HRC/RES/41/24&l=en&t=pdf,1,157780,578ab251103e731fb6bf7eb0417a6a31357bed5b79f569548cb168d6bb27b8d3
2026-09-25,data/raw/conselho_dh/2026-09-25/A_HRC_RES_41_25.pdf,https://documents.un.org/api/symbol/access?s=A/HRC/RES/41/25&l=en&t=pdf,1,156368,11e1f833c125f3cca61ea59f408edb8f7ec769088e5b2d2420384bea8d5e3f8c
2026-09-25,data/raw/conselho_dh/2026-09-25/A_HRC_RES_41_26.pdf,https://documents.un.org/api/symbol/access?s=A/HRC/RES/41/26&l=en&t=pdf,1,162760,bca16ca52412a41eb790c54901f9ac3d4af2dc06eec7b8572c0a6afb91bf0a46
2026-09-25,data/raw/conselho_dh/2026-09-25/A_HRC_RES_42_1.pdf,https://documents.un.org/api/symbol/access?s=A/HRC/RES/42/1&l=en&t=pdf,1,155890,6e52c663b1b4497ac3540f7b968eb9d8d1e666d8e24208403fb4f9fbb2761829
2026-09-25,data/raw/conselho_dh/2026-09-25/A_HRC_RES_42_2.pdf,https://documents.un.org/api/symbol/access?s=A/HRC/RES/42/2&l=en&t=pdf,1,178002,e05c4b50c53e4a339c279fde1eed6d3be512c3663f699ba51df4b1d1f5afae78
2026-09-25,data/raw/conselho_dh/2026-09-25/A_HRC_RES_42_3.pdf,https://documents.un.org/api/symbol/access?s=A/HRC/RES/42/3&l=en&t=pdf,1,192012,cf0d1a540cb0a622d1729f1c8ca39d7772cfef2364135145473950c0dcabb5ef
2026-09-25,data/raw/conselho_dh/2026-09-25/A_HRC_RES_42_4.pdf,https://documents.un.org/api/symbol/access?s=A/HRC/RES/42/4&l=en&t=pdf,1,167844,984f6294914862b66c847e81197040358484088090c437c43068fc1510eb36a3
2026-09-25,data/raw/conselho_dh/2026-09-25/A_HRC_RES_42_5.pdf,https://documents.un.org/api/symbol/access?s=A/HRC/RES/42/5&l=en&t=pdf,1,154526,ed345422d9ab40e4caca7d59b7c9392ef3d8d839d67b1e8143059a33e70a781a
2026-09-25,data/raw/conselho_dh/2026-09-25/A_HRC_RES_42_6.pdf,https://documents.un.org/api/symbol/access?s=A/HRC/RES/42/6&l=en&t=pdf,1,163724,c84a4d97d1dd614a4b8d9ee201fa99d2f4cd44e9a472d11248489040628060f9
2026-09-25,data/raw/conselho_dh/2026-09-25/A_HRC_RES_42_7.pdf,https://documents.un.org/api/symbol/access?s=A/HRC/RES/42/7&l=en&t=pdf,1,162265,e9b6def837db341d720c84496ca15a510ac1fff43ba05959202a94627e17343a
2026-09-25,data/raw/conselho_dh/2026-09-25/A_HRC_RES_42_8.pdf,https://documents.un.org/api/symbol/access?s=A/HRC/RES/42/8&l=en&t=pdf,1,181527,25906e87f02702b37f817813087befda5c65c6240755ef35a81bcaee2d292a36
2026-09-25,data/raw/conselho_dh/2026-09-25/A_HRC_RES_42_9.pdf,https://documents.un.org/api/symbol/access?s=A/HRC/RES/42/9&l=en&t=pdf,1,172598,c9ae9de390a8614162b3c9704d62b1814975e8eb80288b0250521a5c10757cd9
2026-09-25,data/raw/conselho_dh/2026-09-25/A_HRC_RES_42_10.pdf,https://documents.un.org/api/symbol/access?s=A/HRC/RES/42/10&l=en&t=pdf,1,166012,b263557d88a7cb99efd00b6e8a84770d215cb406cb7d8493b51cd4aa79af1a56
2026-09-25,data/raw/conselho_dh/2026-09-25/A_HRC_RES_42_11.pdf,https://documents.un.org/api/symbol/access?s=A/HRC/RES/42/11&l=en&t=pdf,1,180622,76686f6e7b68a8ab76a555db3766a93b5ef8f12d29dfc11c9f8c3a0b597843ba
2026-09-25,data/raw/conselho_dh/2026-09-25/A_HRC_RES_42_12.pdf,https://documents.un.org/api/symbol/access?s=A/HRC/RES/42/12&l=en&t=pdf,1,155507,2f61b826ff796ca6516c6442cda8d6027abe111dcb10835fb3629407d009abb8
2026-09-25,data/raw/conselho_dh/2026-09-25/A_HRC_RES_42_13.pdf,https://documents.un.org/api/symbol/access?s=A/HRC/RES/42/13&l=en&t=pdf,1,160758,c0e84e360c0ba6844675a9df5bcfa2dc7902f35c36fec32e8d56f1cae9435386
2026-09-25,data/raw/conselho_dh/2026-09-25/A_HRC_RES_42_14.pdf,https://documents.un.org/api/symbol/access?s=A/HRC/RES/42/14&l=en&t=pdf,1,151950,31d483d02cc1aa072854cbc66e148555f694cb42b01222656e68805ed8ff619d
2026-09-25,data/raw/conselho_dh/2026-09-25/A_HRC_RES_42_15.pdf,https://documents.un.org/api/symbol/access?s=A/HRC/RES/42/15&l=en&t=pdf,1,185914,27783e46e74392873e0ba3e7e2ee390ba498c3128c5fece65d35c6d4eeb80fbf
2026-09-25,data/raw/conselho_dh/2026-09-25/A_HRC_RES_42_16.pdf,https://documents.un.org/api/symbol/access?s=A/HRC/RES/42/16&l=en&t=pdf,1,160051,4e97af25ea7423620e38ff531ccf9bd7f2a0edf1f55ba2f495660948c60454b5
2026-09-25,data/raw/conselho_dh/2026-09-25/A_HRC_RES_42_17.pdf,https://documents.un.org/api/symbol/access?s=A/HRC/RES/42/17&l=en&t=pdf,1,177037,d7fd2d43de705560b7f027fc63835b86da128edb0b7fb32b7df3ec919408fe97
2026-09-25,data/raw/conselho_dh/2026-09-25/A_HRC_RES_42_18.pdf,https://documents.un.org/api/symbol/access?s=A/HRC/RES/42/18&l=en&t=pdf,1,178561,b1a99fab081d243b6371494a628477de92f1adea059af27d83ab7210f0333113
2026-09-25,data/raw/conselho_dh/2026-09-25/A_HRC_RES_42_19.pdf,https://documents.un.org/api/symbol/access?s=A/HRC/RES/42/19&l=en&t=pdf,1,183389,e38e9f00187b3e41aa797cadcfd27e8cccbfa2f620dd7e4d48b1a19f71a0b46c
2026-09-25,data/raw/conselho_dh/2026-09-25/A_HRC_RES_42_20.pdf,https://documents.un.org/api/symbol/access?s=A/HRC/RES/42/20&l=en&t=pdf,1,156734,de647b73063eeb23f299c2432251c362018d5e04fbd23aded809e06acab730ec
2026-09-25,data/raw/conselho_dh/2026-09-25/A_HRC_RES_42_21.pdf,https://documents.un.org/api/symbol/access?s=A/HRC/RES/42/21&l=en&t=pdf,1,163456,d8ab452d87ce2705e2e21b23a0c87ec463f4661e9f1b56639201208698af48ca
2026-09-25,data/raw/conselho_dh/2026-09-25/A_HRC_RES_42_22.pdf,https://documents.un.org/api/symbol/access?s=A/HRC/RES/42/22&l=en&t=pdf,1,164773,dc4bac6cdd9c3893739e6639aac35862c41e1d933bd70291f154dda1a5586e3f
2026-09-25,data/raw/conselho_dh/2026-09-25/A_HRC_RES_42_23.pdf,https://documents.un.org/api/symbol/access?s=A/HRC/RES/42/23&l=en&t=pdf,1,197016,4c1aca982dc6d871e63533a94f064a3b0b9ef7958ff9dee82f857ba85dfbe283
2026-09-25,data/raw/conselho_dh/2026-09-25/A_HRC_RES_42_24.pdf,https://documents.un.org/api/symbol/access?s=A/HRC/RES/42/24&l=en&t=pdf,1,172897,5edc97341976dc45b90adedf45b7f93e55bfbac8ff3835b60173ba55d3ee43c3
2026-09-25,data/raw/conselho_dh/2026-09-25/A_HRC_RES_42_25.pdf,https://documents.un.org/api/symbol/access?s=A/HRC/RES/42/25&l=en&t=pdf,1,187513,61e196efd07fd1d5540cdfc65e1c214452e5149717cbb2ab7ff39ea730d76050
2026-09-25,data/raw/conselho_dh/2026-09-25/A_HRC_RES_42_26.pdf,https://documents.un.org/api/symbol/access?s=A/HRC/RES/42/26&l=en&t=pdf,1,179953,1adcc9580e2c83a8cddf804de7625cbb5aa489dbcb6dfdfdf4f3478cce3ace35
2026-09-25,data/raw/conselho_dh/2026-09-25/A_HRC_RES_42_27.pdf,https://documents.un.org/api/symbol/access?s=A/HRC/RES/42/27&l=en&t=pdf,1,211813,eb1bc1ab12a6a4a8a3ddc661cf81bc778d866af6612396a1901d67ea347ca2de
2026-09-25,data/raw/conselho_dh/2026-09-25/A_HRC_RES_42_28.pdf,https://documents.un.org/api/symbol/access?s=A/HRC/RES/42/28&l=en&t=pdf,1,171121,302cdf6d8b81dfa802f631930b090f97ef1448d2f8572c3eb8eeb23259f74844
2026-09-25,data/raw/conselho_dh/2026-09-25/A_HRC_RES_42_29.pdf,https://documents.un.org/api/symbol/access?s=A/HRC/RES/42/29&l=en&t=pdf,1,168611,99e68634bb3c9f4e6e6801537a8e5e147da3be963dad69fcd3bd896689ca3fd6
2026-09-25,data/raw/conselho_dh/2026-09-25/A_HRC_RES_42_30.pdf,https://documents.un.org/api/symbol/access?s=A/HRC/RES/42/30&l=en&t=pdf,1,156455,6ac21cfbdcf972daa9fecc587915b21beecefefdb4da6f30a5370db9ddb16fd0
2026-09-25,data/raw/conselho_dh/2026-09-25/A_HRC_RES_42_31.pdf,https://documents.un.org/api/symbol/access?s=A/HRC/RES/42/31&l=en&t=pdf,1,165521,9fc47697c2d26bed24c8dfaccf27ae4d8d0933e89759142b168b8801ed273356
2026-09-25,data/raw/conselho_dh/2026-09-25/A_HRC_RES_42_32.pdf,https://documents.un.org/api/symbol/access?s=A/HRC/RES/42/32&l=en&t=pdf,1,175964,2e7f0706b6f66e47f3a7ed52fb778f293c3fa3e4eae281deac8144e3e1f3fef4
2026-09-25,data/raw/conselho_dh/2026-09-25/A_HRC_RES_42_33.pdf,https://documents.un.org/api/symbol/access?s=A/HRC/RES/42/33&l=en&t=pdf,1,192696,9345bfeadeba205d4f12cfeb7205b777baac7130360289a4a9b39e60c2f8f64a
2026-09-25,data/raw/conselho_dh/2026-09-25/A_HRC_RES_42_34.pdf,https://documents.un.org/api/symbol/access?s=A/HRC/RES/42/34&l=en&t=pdf,1,120383,7e40b54c58fbffd3c136f7ab53b3f8856b35786334f07429f582e876ab2814fe
2026-09-25,data/raw/conselho_dh/2026-09-25/A_HRC_RES_42_35.pdf,https://documents.un.org/api/symbol/access?s=A/HRC/RES/42/35&l=en&t=pdf,1,169489,ad610d4edf174f7bf444d67f4e22c0e6098f3d45cf1062c6f8337885db44429a
2026-09-25,data/raw/conselho_dh/2026-09-25/A_HRC_RES_42_36.pdf,https://documents.un.org/api/symbol/access?s=A/HRC/RES/42/36&l=en&t=pdf,1,197605,9701bdd7c7416471f9f1f4df00d9b481a50b3ce5e9e8e0e1882a66eaabfa4e2d
2026-09-25,data/raw/conselho_dh/2026-09-25/A_HRC_RES_42_37.pdf,https://documents.un.org/api/symbol/access?s=A/HRC/RES/42/37&l=en&t=pdf,1,184238,24f4d28397048899fe9e734acf63de7a15c02ded62743f5d1e9f406cdb93d094
2026-09-25,data/raw/conselho_dh/2026-09-25/A_HRC_RES_43_1.pdf,https://documents.un.org/api/symbol/access?s=A/HRC/RES/43/1&l=en&t=pdf,1,115888,5f355ac33fc870d4934176e52c3759b0d4b07a12a13d20863563fdc701a608d4
2026-09-25,data/raw/conselho_dh/2026-09-25/A_HRC_RES_43_2.pdf,https://documents.un.org/api/symbol/access?s=A/HRC/RES/43/2&l=en&t=pdf,1,118595,c52a03ba9c26ed4eb8008f7069dbd78b1a3e4a8381e91b1a6f41d23d22f2e747
2026-09-25,data/raw/conselho_dh/2026-09-25/A_HRC_RES_43_3.pdf,https://documents.un.org/api/symbol/access?s=A/HRC/RES/43/3&l=en&t=pdf,1,122739,e02304f5cfa2d7f7f35cea43c2d74fa408b64c420278a75c236edf9695ffd57d
2026-09-25,data/raw/conselho_dh/2026-09-25/A_HRC_RES_43_4.pdf,https://documents.un.org/api/symbol/access?s=A/HRC/RES/43/4&l=en&t=pdf,1,103980,b4a8d16b1ca6bae1f326529b881e94aa6c86f3e99daa329c6ba7188934706fd9
2026-09-25,data/raw/conselho_dh/2026-09-25/A_HRC_RES_43_5.pdf,https://documents.un.org/api/symbol/access?s=A/HRC/RES/43/5&l=en&t=pdf,1,128204,99b8f982550072770ea71535abce31f0ade6a81397db37d6e0d245c9305c4dc1
2026-09-25,data/raw/conselho_dh/2026-09-25/A_HRC_RES_43_6.pdf,https://documents.un.org/api/symbol/access?s=A/HRC/RES/43/6&l=en&t=pdf,1,107821,1a67dfc25af3336184056f522e318cbea23b069b35faea97c40cf05da56d411b
2026-09-25,data/raw/conselho_dh/2026-09-25/A_HRC_RES_43_7.pdf,https://documents.un.org/api/symbol/access?s=A/HRC/RES/43/7&l=en&t=pdf,1,137830,a23a2f407239052f7efed3506cc750d66abde9abe4a2814e3ccf98b75c5d90f8
2026-09-25,data/raw/conselho_dh/2026-09-25/A_HRC_RES_43_8.pdf,https://documents.un.org/api/symbol/access?s=A/HRC/RES/43/8&l=en&t=pdf,1,124951,b505cb916099f839a3ccb919b8ba212e1da5457c2dea07a88b3cf1d86a0afad1
2026-09-25,data/raw/conselho_dh/2026-09-25/A_HRC_RES_43_9.pdf,https://documents.un.org/api/symbol/access?s=A/HRC/RES/43/9&l=en&t=pdf,1,108089,01a316c0ef8bff91a6e6cb2a11bf6035e02c42dd21e74be76f6e1a98c72138b4
2026-09-25,data/raw/conselho_dh/2026-09-25/A_HRC_RES_43_10.pdf,https://documents.un.org/api/symbol/access?s=A/HRC/RES/43/10&l=en&t=pdf,1,112827,257e43ec902ecafcfc750998612976d8522d3c5fdb1798629677580fe1b5c977
2026-09-25,data/raw/conselho_dh/2026-09-25/A_HRC_RES_43_11.pdf,https://documents.un.org/api/symbol/access?s=A/HRC/RES/43/11&l=en&t=pdf,1,130084,ebe514c41a62525d9b1870435f05170b6e2bbb35eecf132e508d20cc47747805
2026-09-25,data/raw/conselho_dh/2026-09-25/A_HRC_RES_43_12.pdf,https://documents.un.org/api/symbol/access?s=A/HRC/RES/43/12&l=en&t=pdf,1,121136,d6289d9cc7717b650f3fa0172ef09c8af75421ee9d0887da24583ff33a5cf514
2026-09-25,data/raw/conselho_dh/2026-09-25/A_HRC_RES_43_13.pdf,https://documents.un.org/api/symbol/access?s=A/HRC/RES/43/13&l=en&t=pdf,1,138805,9c550aaa2f73827dc63ea48fd786cc1e4e3ffbea01d79d1942005f538b39d763
2026-09-25,data/raw/conselho_dh/2026-09-25/A_HRC_RES_43_14.pdf,https://documents.un.org/api/symbol/access?s=A/HRC/RES/43/14&l=en&t=pdf,1,140845,d53b28f4230412fde655c6f6f9bd0213cec315a9c04d4174d6f2e0e17331e530
2026-09-25,data/raw/conselho_dh/2026-09-25/A_HRC_RES_43_15.pdf,https://documents.un.org/api/symbol/access?s=A/HRC/RES/43/15&l=en&t=pdf,1,137307,e92ce57296893d1f62e3f5f292e422a495974be8602dc37732a5780f1b7efcf0
2026-09-25,data/raw/conselho_dh/2026-09-25/A_HRC_RES_43_16.pdf,https://documents.un.org/api/symbol/access?s=A/HRC/RES/43/16&l=en&t=pdf,1,108204,2558b107f729f6566d9035fdd137123125632cd1ea0c1124c5eb94faf4fb2b74
2026-09-25,data/raw/conselho_dh/2026-09-25/A_HRC_RES_43_17.pdf,https://documents.un.org/api/symbol/access?s=A/HRC/RES/43/17&l=en&t=pdf,1,107100,11b66728c8775418b86272bc25526eae19ec9e86adad195c8deb26ecef6a61da
2026-09-25,data/raw/conselho_dh/2026-09-25/A_HRC_RES_43_18.pdf,https://documents.un.org/api/symbol/access?s=A/HRC/RES/43/18&l=en&t=pdf,1,127734,c6b528f604967e898e11e9d1906f6adb6f1a9c45261f4e02a0d6c472284453c1
2026-09-25,data/raw/conselho_dh/2026-09-25/A_HRC_RES_43_19.pdf,https://documents.un.org/api/symbol/access?s=A/HRC/RES/43/19&l=en&t=pdf,1,113770,0130308a76073242ec9d990dae69ec1b159b659ab66ae42937dedcd79a8ae113
2026-09-25,data/raw/conselho_dh/2026-09-25/A_HRC_RES_43_20.pdf,https://documents.un.org/api/symbol/access?s=A/HRC/RES/43/20&l=en&t=pdf,1,111976,df430e44abc74e1cf78d5bf6df8bf7fdd9b489582c00f836ee92d7ba1d42e133
2026-09-25,data/raw/conselho_dh/2026-09-25/A_HRC_RES_43_21.pdf,https://documents.un.org/api/symbol/access?s=A/HRC/RES/43/21&l=en&t=pdf,1,119597,081886bbd52a220fc7bc81f2e9eb49af7da256c1b214b697a17d4e3ad538ecbd
2026-09-25,data/raw/conselho_dh/2026-09-25/A_HRC_RES_43_22.pdf,https://documents.un.org/api/symbol/access?s=A/HRC/RES/43/22&l=en&t=pdf,1,103438,ff45f01a30ff00ecec333404ba40126b083103ad3880856ba21266d162fa7517
2026-09-25,data/raw/conselho_dh/2026-09-25/A_HRC_RES_43_23.pdf,https://documents.un.org/api/symbol/access?s=A/HRC/RES/43/23&l=en&t=pdf,1,133147,6e4332c6a9c8a5f0e96963e176c1eea7993bc23957834adc374ad92b3ff09cd7
2026-09-25,data/raw/conselho_dh/2026-09-25/A_HRC_RES_43_24.pdf,https://documents.un.org/api/symbol/access?s=A/HRC/RES/43/24&l=en&t=pdf,1,144305,735275d5eafd71632d8a6df60e34f960423ad7823357f3568b28c5fdf52810cc
2026-09-25,data/raw/conselho_dh/2026-09-25/A_HRC_RES_43_25.pdf,https://documents.un.org/api/symbol/access?s=A/HRC/RES/43/25&l=en&t=pdf,1,190904,2c31605b0ffd29a7da99d46dbf5c35b6dba355d2b1784755607be26e10b12c71
2026-09-25,data/raw/conselho_dh/2026-09-25/A_HRC_RES_43_26.pdf,https://documents.un.org/api/symbol/access?s=A/HRC/RES/43/26&l=en&t=pdf,1,197084,80a8e1844906393cf8519adcf2ad4100ff71eedd50da8ac2793f7cc7885017ea
2026-09-25,data/raw/conselho_dh/2026-09-25/A_HRC_RES_43_27.pdf,https://documents.un.org/api/symbol/access?s=A/HRC/RES/43/27&l=en&t=pdf,1,168735,a5bb9da479f87754345ad2fb110e778a5ad2e4a946f7b2c0777fc977c2e9d719
2026-09-25,data/raw/conselho_dh/2026-09-25/A_HRC_RES_43_28.pdf,https://documents.un.org/api/symbol/access?s=A/HRC/RES/43/28&l=en&t=pdf,1,213004,4e2e99bef2ce27f440d19fd7570da71b3ee45a7a4b2b3d403cc5d513f305f2d2
2026-09-25,data/raw/conselho_dh/2026-09-25/A_HRC_RES_43_29.pdf,https://documents.un.org/api/symbol/access?s=A/HRC/RES/43/29&l=en&t=pdf,1,150096,7777bf8854d35389b31de9917eba1d7bd6f7a2247df8b852dbf95a38a0dc73cc
2026-09-25,data/raw/conselho_dh/2026-09-25/A_HRC_RES_43_30.pdf,https://documents.un.org/api/symbol/access?s=A/HRC/RES/43/30&l=en&t=pdf,1,115075,0671a434d217efe6f3f88f59237430f0a2e00160a1196f875f643b4126b975fe
2026-09-25,data/raw/conselho_dh/2026-09-25/A_HRC_RES_43_31.pdf,https://documents.un.org/api/symbol/access?s=A/HRC/RES/43/31&l=en&t=pdf,1,145356,56f03a775b1790d78703cce07007f33e02f413366eede3565a193564873c2b21
2026-09-25,data/raw/conselho_dh/2026-09-25/A_HRC_RES_43_32.pdf,https://documents.un.org/api/symbol/access?s=A/HRC/RES/43/32&l=en&t=pdf,1,142483,ff8e4bd4d4f9d55863ef9773507ec1f3fa6ca0b0e8a821a4b34ce6e3895c7619
2026-09-25,data/raw/conselho_dh/2026-09-25/A_HRC_RES_43_33.pdf,https://documents.un.org/api/symbol/access?s=A/HRC/RES/43/33&l=en&t=pdf,1,117189,a2a87f291d17856b0b27999b4e0d98510b5136de3b2cbac2ef918a6a23c33138
2026-09-25,data/raw/conselho_dh/2026-09-25/A_HRC_RES_43_34.pdf,https://documents.un.org/api/symbol/access?s=A/HRC/RES/43/34&l=en&t=pdf,1,124515,7048a0b982a707bda77c2eabc3ef3d555adabfb0982aec40dced9cb85b03b45b
2026-09-25,data/raw/conselho_dh/2026-09-25/A_HRC_RES_43_35.pdf,https://documents.un.org/api/symbol/access?s=A/HRC/RES/43/35&l=en&t=pdf,1,102525,326740ab1086c6a9259160bd6e76e3350caddc80930de63123e0e2b977e8961a
2026-09-25,data/raw/conselho_dh/2026-09-25/A_HRC_RES_43_36.pdf,https://documents.un.org/api/symbol/access?s=A/HRC/RES/43/36&l=en&t=pdf,1,102772,37b1a42a7eb0ded9216a2f801e147428097ff9591794da5d247126b94a7c9689
2026-09-25,data/raw/conselho_dh/2026-09-25/A_HRC_RES_43_37.pdf,https://documents.un.org/api/symbol/access?s=A/HRC/RES/43/37&l=en&t=pdf,1,114467,82d841bfe85d3d474fcb51871aa74235f4f18746abcb43f65d8eaf6575306055
2026-09-25,data/raw/conselho_dh/2026-09-25/A_HRC_RES_43_38.pdf,https://documents.un.org/api/symbol/access?s=A/HRC/RES/43/38&l=en&t=pdf,1,139131,42c37c1ca59682a17bda6f680eb2cb155343a83cd8d2a2db116afa35c7fa6830
2026-09-25,data/raw/conselho_dh/2026-09-25/A_HRC_RES_43_39.pdf,https://documents.un.org/api/symbol/access?s=A/HRC/RES/43/39&l=en&t=pdf,1,166604,8ae46ce24ef32ff1afe1ab3face7be0b2435e235602a85070b6c736bdc848567
2026-09-25,data/raw/conselho_dh/2026-09-25/A_HRC_RES_44_1.pdf,https://documents.un.org/api/symbol/access?s=A/HRC/RES/44/1&l=en&t=pdf,1,110355,2670f1eb1cd144577af37abe6e8cf48341a1f1a79ca4e1bae93b50ab6e26f204
2026-09-25,data/raw/conselho_dh/2026-09-25/A_HRC_RES_44_2.pdf,https://documents.un.org/api/symbol/access?s=A/HRC/RES/44/2&l=en&t=pdf,1,118752,1fef052c1b299b6c695f4680eddc10bb4215a45856ccd82e068b3f70e201f0f2
2026-09-25,data/raw/conselho_dh/2026-09-25/A_HRC_RES_44_3.pdf,https://documents.un.org/api/symbol/access?s=A/HRC/RES/44/3&l=en&t=pdf,1,108518,730e06b006b4d4539e950af34fba0dd3da6c494509c58dfb1c878741a328e13a
2026-09-25,data/raw/conselho_dh/2026-09-25/A_HRC_RES_44_4.pdf,https://documents.un.org/api/symbol/access?s=A/HRC/RES/44/4&l=en&t=pdf,1,138905,e58380d4bbb167f7e7ea597aaeef97b80eec6b391299148b29dff73049a49c29
2026-09-25,data/raw/conselho_dh/2026-09-25/A_HRC_RES_44_5.pdf,https://documents.un.org/api/symbol/access?s=A/HRC/RES/44/5&l=en&t=pdf,1,111820,5e4613658d940af6eedabe2aa14b01d082ce1952ba7a14c8fda275939f90e386
2026-09-25,data/raw/conselho_dh/2026-09-25/A_HRC_RES_44_6.pdf,https://documents.un.org/api/symbol/access?s=A/HRC/RES/44/6&l=en&t=pdf,1,114607,3e0cadaf5596834bb7e1f6de17eaec907c6966bf23b512ae7f0859a4baade829
2026-09-25,data/raw/conselho_dh/2026-09-25/A_HRC_RES_44_7.pdf,https://documents.un.org/api/symbol/access?s=A/HRC/RES/44/7&l=en&t=pdf,1,142440,77147b440dd0371544d5fcf548152f7a74e6af6a45ca4d51bb97d577dffdbc78
2026-09-25,data/raw/conselho_dh/2026-09-25/A_HRC_RES_44_8.pdf,https://documents.un.org/api/symbol/access?s=A/HRC/RES/44/8&l=en&t=pdf,1,103237,30aff36fd51fd467e6d811df18186ad96f1cf249571cf1e6e3a4a4ffa245a92c
2026-09-25,data/raw/conselho_dh/2026-09-25/A_HRC_RES_44_9.pdf,https://documents.un.org/api/symbol/access?s=A/HRC/RES/44/9&l=en&t=pdf,1,130521,d52e2b22fab0298b597844b6376fd6e8121e9b249f837c04ad2d53a2fb30fd37
2026-09-25,data/raw/conselho_dh/2026-09-25/A_HRC_RES_44_10.pdf,https://documents.un.org/api/symbol/access?s=A/HRC/RES/44/10&l=en&t=pdf,1,113397,3dc96a8335d00c87a476ead43370a98320f4877d980178f79f09a47397142ec8
2026-09-25,data/raw/conselho_dh/2026-09-25/A_HRC_RES_44_11.pdf,https://documents.un.org/api/symbol/access?s=A/HRC/RES/44/11&l=en&t=pdf,1,119510,2831feddcaf62b5ada1d73f59c126ab794852cfc006391184956521991db75aa
2026-09-25,data/raw/conselho_dh/2026-09-25/A_HRC_RES_44_12.pdf,https://documents.un.org/api/symbol/access?s=A/HRC/RES/44/12&l=en&t=pdf,1,129567,2eac71f62644434d463df96fc070c3a414dead2947438bdec14ca55677184722
2026-09-25,data/raw/conselho_dh/2026-09-25/A_HRC_RES_44_13.pdf,https://documents.un.org/api/symbol/access?s=A/HRC/RES/44/13&l=en&t=pdf,1,112740,693eb5d1fe9d072b02d0c48961a809a37747bcf8cb453350527ce831f2a445b1
2026-09-25,data/raw/conselho_dh/2026-09-25/A_HRC_RES_44_14.pdf,https://documents.un.org/api/symbol/access?s=A/HRC/RES/44/14&l=en&t=pdf,1,110550,31a1fc1641ce820a05591d95c20e264cc80979eaa1a57d60be335eccf36de2ae
2026-09-25,data/raw/conselho_dh/2026-09-25/A_HRC_RES_44_15.pdf,https://documents.un.org/api/symbol/access?s=A/HRC/RES/44/15&l=en&t=pdf,1,133570,8bc92574810312c8f09be268a87506c3e41cbdcf4822457e4d8b9d0a01c00620
2026-09-25,data/raw/conselho_dh/2026-09-25/A_HRC_RES_44_16.pdf,https://documents.un.org/api/symbol/access?s=A/HRC/RES/44/16&l=en&t=pdf,1,147795,bd7c1a99fd62efb9b79e0958fb6440acb3347b1e351d4ba6dfb8aafb7f0069a8
2026-09-25,data/raw/conselho_dh/2026-09-25/A_HRC_RES_44_17.pdf,https://documents.un.org/api/symbol/access?s=A/HRC/RES/44/17&l=en&t=pdf,1,133307,0ae790fb6a227e024747cb82a8db759285e47698c45a03ba4602d9a88c0472c2
2026-09-25,data/raw/conselho_dh/2026-09-25/A_HRC_RES_44_18.pdf,https://documents.un.org/api/symbol/access?s=A/HRC/RES/44/18&l=en&t=pdf,1,139765,7d5c1882207d0a99c8e6296e4edc891a2b9df111ec0531897fd44e64af4d92b6
2026-09-25,data/raw/conselho_dh/2026-09-25/A_HRC_RES_44_19.pdf,https://documents.un.org/api/symbol/access?s=A/HRC/RES/44/19&l=en&t=pdf,1,158436,4f9463a81737b0b07a96a83311261bfdcbc3670de71362e1cd92e1323306ac71
2026-09-25,data/raw/conselho_dh/2026-09-25/A_HRC_RES_44_20.pdf,https://documents.un.org/api/symbol/access?s=A/HRC/RES/44/20&l=en&t=pdf,1,143319,7e1fe4ccb6ea1f2ad8bc2f4d4d69332428f2868c1a7ca283608c535819d12678
2026-09-25,data/raw/conselho_dh/2026-09-25/A_HRC_RES_44_21.pdf,https://documents.un.org/api/symbol/access?s=A/HRC/RES/44/21&l=en&t=pdf,1,173371,9bec7ee17ee5c0601a937d4f6db5ae23ed9ea0abd957e02aaf27698939f6792c
2026-09-25,data/raw/conselho_dh/2026-09-25/A_HRC_RES_44_22.pdf,https://documents.un.org/api/symbol/access?s=A/HRC/RES/44/22&l=en&t=pdf,1,111700,84296bea5b73add11e4c5aff9028f1aa2e739244d9539c6f2afde06526c2a1e0
2026-09-25,data/raw/conselho_dh/2026-09-25/A_HRC_RES_44_23.pdf,https://documents.un.org/api/symbol/access?s=A/HRC/RES/44/23&l=en&t=pdf,1,118157,681fe3ae149177a060b8c80a38364ebfb0c8e3c86df1332e6aead7dc87bb97fc
2026-09-25,data/raw/conselho_dh/2026-09-25/A_HRC_RES_45_1.pdf,https://documents.un.org/api/symbol/access?s=A/HRC/RES/45/1&l=en&t=pdf,1,115375,5ad665276639b51a69816d1918a005a29261fcc83cd20b5fda8d69be3f279e89
2026-09-25,data/raw/conselho_dh/2026-09-25/A_HRC_RES_45_2.pdf,https://documents.un.org/api/symbol/access?s=A/HRC/RES/45/2&l=en&t=pdf,1,128862,e32bb98e1baa00864f48e3d120fb2f55d1b76695632357fbdc776edb763d52e8
2026-09-25,data/raw/conselho_dh/2026-09-25/A_HRC_RES_45_3.pdf,https://documents.un.org/api/symbol/access?s=A/HRC/RES/45/3&l=en&t=pdf,1,114919,a63bfc5b08d2a814204746e232878c33588f66c199659c3fb07860dfc39232c5
2026-09-25,data/raw/conselho_dh/2026-09-25/A_HRC_RES_45_4.pdf,https://documents.un.org/api/symbol/access?s=A/HRC/RES/45/4&l=en&t=pdf,1,111648,f0c3e1a6834597a49f80738a01aab7240b27f62f08e3e70e8a9302cd063166b0
2026-09-25,data/raw/conselho_dh/2026-09-25/A_HRC_RES_45_5.pdf,https://documents.un.org/api/symbol/access?s=A/HRC/RES/45/5&l=en&t=pdf,1,118750,7f14d53716b8dd21cde06f82adb57eb3c39fe67d4e150d954f9dbd114c118706
2026-09-25,data/raw/conselho_dh/2026-09-25/A_HRC_RES_45_6.pdf,https://documents.un.org/api/symbol/access?s=A/HRC/RES/45/6&l=en&t=pdf,1,135223,2a3877a9ff7f7ae1f50a71dddd1942731d817a12548f29c52f691f57000fa4a1
2026-09-25,data/raw/conselho_dh/2026-09-25/A_HRC_RES_45_7.pdf,https://documents.un.org/api/symbol/access?s=A/HRC/RES/45/7&l=en&t=pdf,1,114476,6cd2a286ce66c48a197f4d512e48213cc40d25b616bcb6b15be6a16e006b230c
2026-09-25,data/raw/conselho_dh/2026-09-25/A_HRC_RES_45_8.pdf,https://documents.un.org/api/symbol/access?s=A/HRC/RES/45/8&l=en&t=pdf,1,139593,b914b15c9aae5a20acf1a056e8e51d164b4121b5e5953c46fd0e4052e663fc1b
2026-09-25,data/raw/conselho_dh/2026-09-25/A_HRC_RES_45_9.pdf,https://documents.un.org/api/symbol/access?s=A/HRC/RES/45/9&l=en&t=pdf,1,126664,34f7c329992aea5453287af3ba9b71160258f59e8930936c0e4fd9d02e091662
2026-09-25,data/raw/conselho_dh/2026-09-25/A_HRC_RES_45_10.pdf,https://documents.un.org/api/symbol/access?s=A/HRC/RES/45/10&l=en&t=pdf,1,125081,dccddabfccad6b04e96159f3a10a8886c7821b321a87b8fc012d0ab75c274e45
2026-09-25,data/raw/conselho_dh/2026-09-25/A_HRC_RES_45_11.pdf,https://documents.un.org/api/symbol/access?s=A/HRC/RES/45/11&l=en&t=pdf,1,128876,ba99416f97dd228cfecc1bf6b266ac067ca93f4b26c0964164afe2321f420644
2026-09-25,data/raw/conselho_dh/2026-09-25/A_HRC_RES_45_12.pdf,https://documents.un.org/api/symbol/access?s=A/HRC/RES/45/12&l=en&t=pdf,1,135917,0c5b96d28c04fd0d0e1f7be25ea7eb9abf90748862df3b3bd53583c0a3f37db4
2026-09-25,data/raw/conselho_dh/2026-09-25/A_HRC_RES_45_13.pdf,https://documents.un.org/api/symbol/access?s=A/HRC/RES/45/13&l=en&t=pdf,1,112438,5ecb87f2e9ea0f5b7c1796599b820bc0ce7314616a2487a888af9d9162863245
2026-09-25,data/raw/conselho_dh/2026-09-25/A_HRC_RES_45_14.pdf,https://documents.un.org/api/symbol/access?s=A/HRC/RES/45/14&l=en&t=pdf,1,120404,3c442fed5e7b7fe18b2ce52c1488e36d2dc33b09698bcdb5cdcc149edbc0e35e
2026-09-25,data/raw/conselho_dh/2026-09-25/A_HRC_RES_45_15.pdf,https://documents.un.org/api/symbol/access?s=A/HRC/RES/45/15&l=en&t=pdf,1,136478,061f5223e919a01ffe7fcd8810abdfe21be7a301bf6abcda60b2fde80a20efed
2026-09-25,data/raw/conselho_dh/2026-09-25/A_HRC_RES_45_16.pdf,https://documents.un.org/api/symbol/access?s=A/HRC/RES/45/16&l=en&t=pdf,1,106096,5d5f0a08827fe24f5b05fd7bf08e468855b3749376cb547e930ada7a12fc1a09
2026-09-25,data/raw/conselho_dh/2026-09-25/A_HRC_RES_45_17.pdf,https://documents.un.org/api/symbol/access?s=A/HRC/RES/45/17&l=en&t=pdf,1,119516,fe8d30c7b9977e3a6b228b948d18db39c1aa812bf3bb8be58b2b6206db963f3b
2026-09-25,data/raw/conselho_dh/2026-09-25/A_HRC_RES_45_18.pdf,https://documents.un.org/api/symbol/access?s=A/HRC/RES/45/18&l=en&t=pdf,1,146978,d57f8f0238ee6d3e72072d27270bde2a8cdedf4d589e384fca2d8d8567c76649
2026-09-25,data/raw/conselho_dh/2026-09-25/A_HRC_RES_45_19.pdf,https://documents.un.org/api/symbol/access?s=A/HRC/RES/45/19&l=en&t=pdf,1,173491,5a270b75918ac912d5ffa93523ed0fd4e99a22e0c90baaa968aa655c6fb87929
2026-09-25,data/raw/conselho_dh/2026-09-25/A_HRC_RES_45_20.pdf,https://documents.un.org/api/symbol/access?s=A/HRC/RES/45/20&l=en&t=pdf,1,169385,792dfd60eb5a110877feca011457fa4b9a7200845d09cf0c7f70d8ad55fef3a5
2026-09-25,data/raw/conselho_dh/2026-09-25/A_HRC_RES_45_21.pdf,https://documents.un.org/api/symbol/access?s=A/HRC/RES/45/21&l=en&t=pdf,1,183071,5e7be90c3b19bcbce70a48b51e07a41e306bf61a86223dc2289deb9cd17fa96e
2026-09-25,data/raw/conselho_dh/2026-09-25/A_HRC_RES_45_22.pdf,https://documents.un.org/api/symbol/access?s=A/HRC/RES/45/22&l=en&t=pdf,1,136595,1bb66545be0091b786f1e089d803be9149ac7516243d03ee7803ea1163587fdc
2026-09-25,data/raw/conselho_dh/2026-09-25/A_HRC_RES_45_23.pdf,https://documents.un.org/api/symbol/access?s=A/HRC/RES/45/23&l=en&t=pdf,1,106467,2c898bec241dc192a2a8d245fe5622888ea2c1c1be039465176fa9a2e72d6c1d
2026-09-25,data/raw/conselho_dh/2026-09-25/A_HRC_RES_45_24.pdf,https://documents.un.org/api/symbol/access?s=A/HRC/RES/45/24&l=en&t=pdf,1,114671,2636b7296ff58f735732ba3542fa1b54b0ecec77a352f4e010a6ecd5058e4112
2026-09-25,data/raw/conselho_dh/2026-09-25/A_HRC_RES_45_25.pdf,https://documents.un.org/api/symbol/access?s=A/HRC/RES/45/25&l=en&t=pdf,1,115068,023f4f0f73798689606b947df8cc38dac6bf5f669c5e6c1429ab4be433ed5bd3
2026-09-25,data/raw/conselho_dh/2026-09-25/A_HRC_RES_45_26.pdf,https://documents.un.org/api/symbol/access?s=A/HRC/RES/45/26&l=en&t=pdf,1,117641,fc1a49ac823b12bfc20d9acad414e0bdb6c617eee1a0b1c3eaf644bfb4bcfa28
2026-09-25,data/raw/conselho_dh/2026-09-25/A_HRC_RES_45_27.pdf,https://documents.un.org/api/symbol/access?s=A/HRC/RES/45/27&l=en&t=pdf,1,152939,2f4203eb7a2558ba9cc63f4b69d35b26a30bbeb657c3d7089dc7132a135d5d0a
2026-09-25,data/raw/conselho_dh/2026-09-25/A_HRC_RES_45_28.pdf,https://documents.un.org/api/symbol/access?s=A/HRC/RES/45/28&l=en&t=pdf,1,120661,db0dd023974b293ddf64f14dab842333cce2161e46d4f918bf553d36b38d4157
2026-09-25,data/raw/conselho_dh/2026-09-25/A_HRC_RES_45_29.pdf,https://documents.un.org/api/symbol/access?s=A/HRC/RES/45/29&l=en&t=pdf,1,150862,f8392019babc8762c4ab9a0a0e3d86186ae89c35ad03673ffeda120c62ea745f
2026-09-25,data/raw/conselho_dh/2026-09-25/A_HRC_RES_45_30.pdf,https://documents.un.org/api/symbol/access?s=A/HRC/RES/45/30&l=en&t=pdf,1,154904,ba1c64f8d2ce9ef33a685d330bb7a3d290219f85c31ee78f131023c87adf5b5b
2026-09-25,data/raw/conselho_dh/2026-09-25/A_HRC_RES_45_31.pdf,https://documents.un.org/api/symbol/access?s=A/HRC/RES/45/31&l=en&t=pdf,1,118174,2d5fb3d33f6bc4fd5178c9d69bae19b75cefa3c37fe84c9f542a090196ceeedd
2026-09-25,data/raw/conselho_dh/2026-09-25/A_HRC_RES_45_32.pdf,https://documents.un.org/api/symbol/access?s=A/HRC/RES/45/32&l=en&t=pdf,1,149353,f51a1599b497737d7e1353f1778208c52eb871111218068ee645ae4c3cf415c6
2026-09-25,data/raw/conselho_dh/2026-09-25/A_HRC_RES_45_33.pdf,https://documents.un.org/api/symbol/access?s=A/HRC/RES/45/33&l=en&t=pdf,1,109191,3eba7d9fea4f03749bf56eca4363738b3f4b577a63e9e53c135c29fdd20fc42d
2026-09-25,data/raw/conselho_dh/2026-09-25/A_HRC_RES_45_34.pdf,https://documents.un.org/api/symbol/access?s=A/HRC/RES/45/34&l=en&t=pdf,1,133624,562804c3b141e73ce870a469542bc0959426276971ebea545c6913994a44375b
2026-09-25,data/raw/conselho_dh/2026-09-25/A_HRC_RES_45_35.pdf,https://documents.un.org/api/symbol/access?s=A/HRC/RES/45/35&l=en&t=pdf,1,157661,9af50ab575c1f669e18690339ec73468b0c0f224d210eba2ed054f013f45de04
2026-09-25,data/raw/conselho_dh/2026-09-25/A_HRC_RES_46_1.pdf,https://documents.un.org/api/symbol/access?s=A/HRC/RES/46/1&l=en&t=pdf,1,123484,118928c502ba5d0ac92b5edab913b53fa472c65af45bbf2a1ca4006d5ca95c96
2026-09-25,data/raw/conselho_dh/2026-09-25/A_HRC_RES_46_2.pdf,https://documents.un.org/api/symbol/access?s=A/HRC/RES/46/2&l=en&t=pdf,1,121494,13a54a34f8c09413738a9432820a452c11f105f9c1ee1d29ead04b8e15172111
2026-09-25,data/raw/conselho_dh/2026-09-25/A_HRC_RES_46_3.pdf,https://documents.un.org/api/symbol/access?s=A/HRC/RES/46/3&l=en&t=pdf,1,133321,50ff53e6232eddcc310052d2c21d90c130f55b3f417327076273ef7abd3d9b1d
2026-09-25,data/raw/conselho_dh/2026-09-25/A_HRC_RES_46_4.pdf,https://documents.un.org/api/symbol/access?s=A/HRC/RES/46/4&l=en&t=pdf,1,109984,24cb57e3f4c16a1f8345e4af4a5abaa8e74558d4e709a9d31d2aa561d39faedb
2026-09-25,data/raw/conselho_dh/2026-09-25/A_HRC_RES_46_5.pdf,https://documents.un.org/api/symbol/access?s=A/HRC/RES/46/5&l=en&t=pdf,1,134099,6a7057bc49ebcf8530d80ae9fcaccc7761a484dcb55ad184a924185622fbbb40
2026-09-25,data/raw/conselho_dh/2026-09-25/A_HRC_RES_46_6.pdf,https://documents.un.org/api/symbol/access?s=A/HRC/RES/46/6&l=en&t=pdf,1,117451,b3ef2435c428d5dc2f1f1b016b67122b13304de670b5c2b19014b2af77513fd3
2026-09-25,data/raw/conselho_dh/2026-09-25/A_HRC_RES_46_7.pdf,https://documents.un.org/api/symbol/access?s=A/HRC/RES/46/7&l=en&t=pdf,1,132957,9708f356da1d120666be6706eb22ae567062f035cd5be502d867fff403a529a7
2026-09-25,data/raw/conselho_dh/2026-09-25/A_HRC_RES_46_8.pdf,https://documents.un.org/api/symbol/access?s=A/HRC/RES/46/8&l=en&t=pdf,1,119568,f0ed96f3256c837473fd00b32f9dbd551fbb5cb2fea644d227127782af969429
2026-09-25,data/raw/conselho_dh/2026-09-25/A_HRC_RES_46_9.pdf,https://documents.un.org/api/symbol/access?s=A/HRC/RES/46/9&l=en&t=pdf,1,94577,57c370d92980fe293d4fb020ddcac78a5fe006a895bd2b4e3f644514b0b7cd8f
2026-09-25,data/raw/conselho_dh/2026-09-25/A_HRC_RES_46_10.pdf,https://documents.un.org/api/symbol/access?s=A/HRC/RES/46/10&l=en&t=pdf,1,134162,40568886058c0060482e72e491649abb4f34af16baf45ba70ad8ea4a54ca0b85
2026-09-25,data/raw/conselho_dh/2026-09-25/A_HRC_RES_46_11.pdf,https://documents.un.org/api/symbol/access?s=A/HRC/RES/46/11&l=en&t=pdf,1,137692,8417477fa24901c048d327e5147965cbd5fb4f6d5acad571dfdbef9274943c1d
2026-09-25,data/raw/conselho_dh/2026-09-25/A_HRC_RES_46_12.pdf,https://documents.un.org/api/symbol/access?s=A/HRC/RES/46/12&l=en&t=pdf,1,109612,16a1a844a2405c440e547e06f2c5891e4ae375c8ce970f1e300b0fc7653f5b44
2026-09-25,data/raw/conselho_dh/2026-09-25/A_HRC_RES_46_13.pdf,https://documents.un.org/api/symbol/access?s=A/HRC/RES/46/13&l=en&t=pdf,1,114049,398b5c5d7d11470343160c3be30914403d32e976867585bdb958ae5c1d5560e3
2026-09-25,data/raw/conselho_dh/2026-09-25/A_HRC_RES_46_14.pdf,https://documents.un.org/api/symbol/access?s=A/HRC/RES/46/14&l=en&t=pdf,1,136376,5a817c53da36bc4fd35992bf6372fc60d96cd42184cafdb31b424b8cc04517db
2026-09-25,data/raw/conselho_dh/2026-09-25/A_HRC_RES_46_15.pdf,https://documents.un.org/api/symbol/access?s=A/HRC/RES/46/15&l=en&t=pdf,1,123797,ba3940391c6237be8895aaf6a3bc9668d57b05753323cae9e2d18472bd16de24
2026-09-25,data/raw/conselho_dh/2026-09-25/A_HRC_RES_46_16.pdf,https://documents.un.org/api/symbol/access?s=A/HRC/RES/46/16&l=en&t=pdf,1,109525,64ddbe8f9b02084b6263b1120e2fa6730174aba84acb2a72a9aa9144b9497b4b
2026-09-25,data/raw/conselho_dh/2026-09-25/A_HRC_RES_46_17.pdf,https://documents.un.org/api/symbol/access?s=A/HRC/RES/46/17&l=en&t=pdf,1,190611,ddac4aaa33b86f51e7b2d5aefb32ea5b35b93e7cb16d8a65990765f2179f34c6
2026-09-25,data/raw/conselho_dh/2026-09-25/A_HRC_RES_46_18.pdf,https://documents.un.org/api/symbol/access?s=A/HRC/RES/46/18&l=en&t=pdf,1,143734,cf536cf860a66e83eed851ad0e575db8090374837a9be6950190f8684c3f7135
2026-09-25,data/raw/conselho_dh/2026-09-25/A_HRC_RES_46_19.pdf,https://documents.un.org/api/symbol/access?s=A/HRC/RES/46/19&l=en&t=pdf,1,126680,9441991de340efbb373bab182e648b2aa41b2ae164ab56a3562d787fae955871
2026-09-25,data/raw/conselho_dh/2026-09-25/A_HRC_RES_46_20.pdf,https://documents.un.org/api/symbol/access?s=A/HRC/RES/46/20&l=en&t=pdf,1,157829,17dd0b05ef84e00b250ba113cb4ea7e5826ba729fddf63fc6f8e0b71fcb51cf3
2026-09-25,data/raw/conselho_dh/2026-09-25/A_HRC_RES_46_21.pdf,https://documents.un.org/api/symbol/access?s=A/HRC/RES/46/21&l=en&t=pdf,1,212716,a5d302b7744eb52f31a7a47f056d0a985af3657095778ebef47dce42eaf73d5c
2026-09-25,data/raw/conselho_dh/2026-09-25/A_HRC_RES_46_22.pdf,https://documents.un.org/api/symbol/access?s=A/HRC/RES/46/22&l=en&t=pdf,1,211845,978fb48fea5a0ab9e72bd1e5b331e2c9e581e0356a43f41150382e4cd09935e6
2026-09-25,data/raw/conselho_dh/2026-09-25/A_HRC_RES_46_23.pdf,https://documents.un.org/api/symbol/access?s=A/HRC/RES/46/23&l=en&t=pdf,1,179876,66b7f03241efbe7bd4f1cc61c13df0a630e61d54d657f3d1558d0ed7f303b7f8
2026-09-25,data/raw/conselho_dh/2026-09-25/A_HRC_RES_46_24.pdf,https://documents.un.org/api/symbol/access?s=A/HRC/RES/46/24&l=en&t=pdf,1,114971,7ccbb6aa6af454e14ea90c10d6834400487be6a9228c826af6a7697e32d32983
2026-09-25,data/raw/conselho_dh/2026-09-25/A_HRC_RES_46_25.pdf,https://documents.un.org/api/symbol/access?s=A/HRC/RES/46/25&l=en&t=pdf,1,113709,17282c828a49a6bc26b75bea883b5e4c4c10578f5f0b7d626e7af71460e8a9ff
2026-09-25,data/raw/conselho_dh/2026-09-25/A_HRC_RES_46_26.pdf,https://documents.un.org/api/symbol/access?s=A/HRC/RES/46/26&l=en&t=pdf,1,136215,b575c5069fe123a07ea34a0d12380e9f53c74a7ba279370691da878e22d5914e
2026-09-25,data/raw/conselho_dh/2026-09-25/A_HRC_RES_46_27.pdf,https://documents.un.org/api/symbol/access?s=A/HRC/RES/46/27&l=en&t=pdf,1,120422,ad5ac802f6ea8406aa8f79fcbb502e58ce2c040602149a0d3f222e7139d239e8
2026-09-25,data/raw/conselho_dh/2026-09-25/A_HRC_RES_46_28.pdf,https://documents.un.org/api/symbol/access?s=A/HRC/RES/46/28&l=en&t=pdf,1,133294,53a62c2ef29b5e43a0ab9f69e90f6a91708539b656fc8fabc792b11a7bd5ce83
2026-09-25,data/raw/conselho_dh/2026-09-25/A_HRC_RES_46_29.pdf,https://documents.un.org/api/symbol/access?s=A/HRC/RES/46/29&l=en&t=pdf,1,129185,c889c5dbe55873cac239edef6cfb13cb93582ab16dfdc7362956e7fb1660f5c7
2026-09-25,data/raw/conselho_dh/2026-09-25/A_HRC_RES_46_30.pdf,https://documents.un.org/api/symbol/access?s=A/HRC/RES/46/30&l=en&t=pdf,1,111606,6d0f81ab8048a8545b1448380d6c6b7d9f486a51cce85133d75b8015d99fe26c
2026-09-25,data/raw/conselho_dh/2026-09-25/A_HRC_RES_47_1.pdf,https://documents.un.org/api/symbol/access?s=A/HRC/RES/47/1&l=en&t=pdf,1,202918,902dea8eb259233293e0a73141df5b035548ab98c3a9818d32308b6711a30a3b
2026-09-25,data/raw/conselho_dh/2026-09-25/A_HRC_RES_47_2.pdf,https://documents.un.org/api/symbol/access?s=A/HRC/RES/47/2&l=en&t=pdf,1,105274,858079ead48f00a482238cc323c5c3dc90701771d8920b8cbbfd48625908dc15
2026-09-25,data/raw/conselho_dh/2026-09-25/A_HRC_RES_47_3.pdf,https://documents.un.org/api/symbol/access?s=A/HRC/RES/47/3&l=en&t=pdf,1,110723,8aab72419ea27d1ed52bbb040c9674809a6bde44ad60f684a1b2f7c4328b1f97
2026-09-25,data/raw/conselho_dh/2026-09-25/A_HRC_RES_47_4.pdf,https://documents.un.org/api/symbol/access?s=A/HRC/RES/47/4&l=en&t=pdf,1,119067,6f1817008e58fcf96c3a594d34b0d8a8f96d05d7ae4ffceeddd7167d67ff1e5c
2026-09-25,data/raw/conselho_dh/2026-09-25/A_HRC_RES_47_5.pdf,https://documents.un.org/api/symbol/access?s=A/HRC/RES/47/5&l=en&t=pdf,1,137223,01996b754375f1a052394d88b9a9b7ab987a5dec0ce18c9003db2e3176136b48
2026-09-25,data/raw/conselho_dh/2026-09-25/A_HRC_RES_47_6.pdf,https://documents.un.org/api/symbol/access?s=A/HRC/RES/47/6&l=en&t=pdf,1,135238,3b35abada2583cd3d61770ccee5d5a3642c75cb21c177dca796db40615a4dfd7
2026-09-25,data/raw/conselho_dh/2026-09-25/A_HRC_RES_47_7.pdf,https://documents.un.org/api/symbol/access?s=A/HRC/RES/47/7&l=en&t=pdf,1,118397,119f05c77b71e7ad31b746ed98cef732bba611690e816ea1aa42ec7b7f649dbe
2026-09-25,data/raw/conselho_dh/2026-09-25/A_HRC_RES_47_8.pdf,https://documents.un.org/api/symbol/access?s=A/HRC/RES/47/8&l=en&t=pdf,1,113569,6a84f9bef6722718e410fbe45c426da4777d1d439f827a3a4fe798e55ab105a0
2026-09-25,data/raw/conselho_dh/2026-09-25/A_HRC_RES_47_9.pdf,https://documents.un.org/api/symbol/access?s=A/HRC/RES/47/9&l=en&t=pdf,1,140222,f4b20146b4752808ea5e7b044b5111ff82d51099ce7d150b3eac25f616254db1
2026-09-25,data/raw/conselho_dh/2026-09-25/A_HRC_RES_47_10.pdf,https://documents.un.org/api/symbol/access?s=A/HRC/RES/47/10&l=en&t=pdf,1,118551,d6eecb07c2e50a85959dd7c38e0d4ecc2bb0290e7e896977ea7cad8cf5ecbf3d
2026-09-25,data/raw/conselho_dh/2026-09-25/A_HRC_RES_47_11.pdf,https://documents.un.org/api/symbol/access?s=A/HRC/RES/47/11&l=en&t=pdf,1,116703,98dfa5572f2c34fe3fe636a0bfe528173ff1da3a1b5dd99958b9b2cd06005cfa
2026-09-25,data/raw/conselho_dh/2026-09-25/A_HRC_RES_47_12.pdf,https://documents.un.org/api/symbol/access?s=A/HRC/RES/47/12&l=en&t=pdf,1,129274,58c556dd1111fc3947cbc63cdfc71ba621ae01390869f328524ae24b08da95f8
2026-09-25,data/raw/conselho_dh/2026-09-25/A_HRC_RES_47_13.pdf,https://documents.un.org/api/symbol/access?s=A/HRC/RES/47/13&l=en&t=pdf,1,114055,36ef86d6085d02064c96f51ce432e1752b9d6ee233c2958ef5f60eebf98d1d68
2026-09-25,data/raw/conselho_dh/2026-09-25/A_HRC_RES_47_14.pdf,https://documents.un.org/api/symbol/access?s=A/HRC/RES/47/14&l=en&t=pdf,1,200660,bc01d35a3d9679549e36d12ec02997b007dd83265b21c9a9a336b8f53aea1c55
2026-09-25,data/raw/conselho_dh/2026-09-25/A_HRC_RES_47_15.pdf,https://documents.un.org/api/symbol/access?s=A/HRC/RES/47/15&l=en&t=pdf,1,148465,1922ff3442c441660cdffa6c5bc1975db361e535dcee4730211d89569220a56f
2026-09-25,data/raw/conselho_dh/2026-09-25/A_HRC_RES_47_16.pdf,https://documents.un.org/api/symbol/access?s=A/HRC/RES/47/16&l=en&t=pdf,1,129653,4a6eef1301b9eb11594ad0e44211987673ab5528e9567f96da880463acb52edc
2026-09-25,data/raw/conselho_dh/2026-09-25/A_HRC_RES_47_17.pdf,https://documents.un.org/api/symbol/access?s=A/HRC/RES/47/17&l=en&t=pdf,1,110815,725a6a2ddb20b63e9f692ac756e54296eeb25ff5fe038339586cd435e3266df8
2026-09-25,data/raw/conselho_dh/2026-09-25/A_HRC_RES_47_18.pdf,https://documents.un.org/api/symbol/access?s=A/HRC/RES/47/18&l=en&t=pdf,1,168413,b60e50c5dcc131b90c986da88a2aeff7a705377a7ffc6bff3fb4d09880d7156b
2026-09-25,data/raw/conselho_dh/2026-09-25/A_HRC_RES_47_19.pdf,https://documents.un.org/api/symbol/access?s=A/HRC/RES/47/19&l=en&t=pdf,1,158950,32a3fe442be6dd89e25cfa4c9f2f0250861a71af1e197bd8c5494a5a481c9dd0
2026-09-25,data/raw/conselho_dh/2026-09-25/A_HRC_RES_47_20.pdf,https://documents.un.org/api/symbol/access?s=A/HRC/RES/47/20&l=en&t=pdf,1,109083,6eeddb9def850d07d200a1219698a8993c88ceb51bac36f9c5e8992be0ec007e
2026-09-25,data/raw/conselho_dh/2026-09-25/A_HRC_RES_47_21.pdf,https://documents.un.org/api/symbol/access?s=A/HRC/RES/47/21&l=en&t=pdf,1,136039,f021b3ab2492b0f7448ed3d01e23400bea0b8422fc303c840f4bec8d5ffddc80
2026-09-25,data/raw/conselho_dh/2026-09-25/A_HRC_RES_47_22.pdf,https://documents.un.org/api/symbol/access?s=A/HRC/RES/47/22&l=en&t=pdf,1,109005,3c2108e24a855fe4714a629f304b902797f57bd0980ecf345517bc12f25af55e
2026-09-25,data/raw/conselho_dh/2026-09-25/A_HRC_RES_47_23.pdf,https://documents.un.org/api/symbol/access?s=A/HRC/RES/47/23&l=en&t=pdf,1,180400,657c5027415d6ef2c9922617a8b89ec45d2d6c0c287ba2882d4deeb4b7645ae8
2026-09-25,data/raw/conselho_dh/2026-09-25/A_HRC_RES_47_24.pdf,https://documents.un.org/api/symbol/access?s=A/HRC/RES/47/24&l=en&t=pdf,1,139343,85593b9cd6fe5a9ddc6a71a7e92e54005f993c22996c35a37b6e62c34c504d6e
2026-09-25,data/raw/conselho_dh/2026-09-25/A_HRC_RES_47_25.pdf,https://documents.un.org/api/symbol/access?s=A/HRC/RES/47/25&l=en&t=pdf,1,133170,d56d5505fb8cf260537c3af3e52e173465a4d1a6bf6c84747b151b6aa88bdeb4
2026-09-25,data/raw/conselho_dh/2026-09-25/A_HRC_RES_48_1.pdf,https://documents.un.org/api/symbol/access?s=A/HRC/RES/48/1&l=en&t=pdf,1,127174,72f72efa4123c1148aefa232e1695807a24a8f967072db9c7197c87aa9a99a38
2026-09-25,data/raw/conselho_dh/2026-09-25/A_HRC_RES_48_2.pdf,https://documents.un.org/api/symbol/access?s=A/HRC/RES/48/2&l=en&t=pdf,1,121302,bd2280318917b132aff2db2a691111fddac27ad8c649b019cb08eb696bce29d3
2026-09-25,data/raw/conselho_dh/2026-09-25/A_HRC_RES_48_3.pdf,https://documents.un.org/api/symbol/access?s=A/HRC/RES/48/3&l=en&t=pdf,1,114402,30fb224a78cd9b79cfb961befb02ab46c40b3759a256a87706978aa669d71a27
2026-09-25,data/raw/conselho_dh/2026-09-25/A_HRC_RES_48_4.pdf,https://documents.un.org/api/symbol/access?s=A/HRC/RES/48/4&l=en&t=pdf,1,137064,e537d095b16d20ff63d77dd3a97cb3e2ae4734eff3e671f9dc022178b2381240
2026-09-25,data/raw/conselho_dh/2026-09-25/A_HRC_RES_48_5.pdf,https://documents.un.org/api/symbol/access?s=A/HRC/RES/48/5&l=en&t=pdf,1,120463,5969166980df398701a948105783d4cc69e1c1030f62f76a1b180d98cd0f9299
2026-09-25,data/raw/conselho_dh/2026-09-25/A_HRC_RES_48_6.pdf,https://documents.un.org/api/symbol/access?s=A/HRC/RES/48/6&l=en&t=pdf,1,159062,58de65b2eba570d81d09544b7b5833f68369644304e7d2746e467fbea12d8467
2026-09-25,data/raw/conselho_dh/2026-09-25/A_HRC_RES_48_7.pdf,https://documents.un.org/api/symbol/access?s=A/HRC/RES/48/7&l=en&t=pdf,1,109582,6261030d5f4dcac81f691654f55a80b206b97bbd84e3fbdbd21b11b10b2654ed
2026-09-25,data/raw/conselho_dh/2026-09-25/A_HRC_RES_48_8.pdf,https://documents.un.org/api/symbol/access?s=A/HRC/RES/48/8&l=en&t=pdf,1,130004,58f5343561be1c9aeb3c4cc3b951a16c88b7f81dbe1be86bb73cf2baba11ce94
2026-09-25,data/raw/conselho_dh/2026-09-25/A_HRC_RES_48_9.pdf,https://documents.un.org/api/symbol/access?s=A/HRC/RES/48/9&l=en&t=pdf,1,125749,735b671a5445afc2b8e590b34991ba85feb5d4af1077aebdb17a117508e8fa44
2026-09-25,data/raw/conselho_dh/2026-09-25/A_HRC_RES_48_10.pdf,https://documents.un.org/api/symbol/access?s=A/HRC/RES/48/10&l=en&t=pdf,1,134620,9e300e88801dd639f7244b5101fe07d76f971cf01d583ccd2c51a0e3a838b1b7
2026-09-25,data/raw/conselho_dh/2026-09-25/A_HRC_RES_48_11.pdf,https://documents.un.org/api/symbol/access?s=A/HRC/RES/48/11&l=en&t=pdf,1,158867,ed288845b2ee0697ed987bfe54cfbb901025f68028858308ebd10b58ee586b8f
2026-09-25,data/raw/conselho_dh/2026-09-25/A_HRC_RES_48_12.pdf,https://documents.un.org/api/symbol/access?s=A/HRC/RES/48/12&l=en&t=pdf,1,124464,da2152aa99d5d30827b593792c6684d23ae9021b6dfbae9ca04dd338f99986d1
2026-09-25,data/raw/conselho_dh/2026-09-25/A_HRC_RES_48_13.pdf,https://documents.un.org/api/symbol/access?s=A/HRC/RES/48/13&l=en&t=pdf,1,118459,499f87fdf6bd10760d736e92364741272667e4d33b30881cd580a0d43843ca75
2026-09-25,data/raw/conselho_dh/2026-09-25/A_HRC_RES_48_14.pdf,https://documents.un.org/api/symbol/access?s=A/HRC/RES/48/14&l=en&t=pdf,1,125983,85b7a88311e7816d55181c46eefbf4290f77c893c884c8eb1eef4c80b90da34b
2026-09-25,data/raw/conselho_dh/2026-09-25/A_HRC_RES_48_15.pdf,https://documents.un.org/api/symbol/access?s=A/HRC/RES/48/15&l=en&t=pdf,1,199956,bb8eca482e3db75b87dc58b0cc44d9b4a0ce022965cf4d3a5706a8ef97d3ae7e
2026-09-25,data/raw/conselho_dh/2026-09-25/A_HRC_RES_48_16.pdf,https://documents.un.org/api/symbol/access?s=A/HRC/RES/48/16&l=en&t=pdf,1,154664,315377e994c569e89d167649f8c9833c28e5ef9a84bfdd9bd650ed09ac8e55f1
2026-09-25,data/raw/conselho_dh/2026-09-25/A_HRC_RES_48_17.pdf,https://documents.un.org/api/symbol/access?s=A/HRC/RES/48/17&l=en&t=pdf,1,109552,523661de9cfe7ed780a2e7bd459177103f49077e3e744e6d6c73089678e851ca
2026-09-25,data/raw/conselho_dh/2026-09-25/A_HRC_RES_48_18.pdf,https://documents.un.org/api/symbol/access?s=A/HRC/RES/48/18&l=en&t=pdf,1,143879,671b267ecb9d5d5e9639cfea2f757052f5989fdd9b446fccfb62ceec4e6c52fa
2026-09-25,data/raw/conselho_dh/2026-09-25/A_HRC_RES_48_19.pdf,https://documents.un.org/api/symbol/access?s=A/HRC/RES/48/19&l=en&t=pdf,1,143555,4cc216491bffd7fc743890c8782069a39ab7c4d87093163ec7df47717d630864
2026-09-25,data/raw/conselho_dh/2026-09-25/A_HRC_RES_48_20.pdf,https://documents.un.org/api/symbol/access?s=A/HRC/RES/48/20&l=en&t=pdf,1,137547,ec9a8c029aa9715451c2fda343ae543e6035ad0d7cb9c0e20688981250063fe7
2026-09-25,data/raw/conselho_dh/2026-09-25/A_HRC_RES_48_21.pdf,https://documents.un.org/api/symbol/access?s=A/HRC/RES/48/21&l=en&t=pdf,1,115871,65f4dd759d1cd920bfcf35dbb1affc350069f86426c173ba66b4838bdb64ed67
2026-09-25,data/raw/conselho_dh/2026-09-25/A_HRC_RES_48_22.pdf,https://documents.un.org/api/symbol/access?s=A/HRC/RES/48/22&l=en&t=pdf,1,151571,60377d6726b9a3d210bd855cc901820820f669c70563cdfc1f7b055c4438f894
2026-09-25,data/raw/conselho_dh/2026-09-25/A_HRC_RES_48_23.pdf,https://documents.un.org/api/symbol/access?s=A/HRC/RES/48/23&l=en&t=pdf,1,138046,5ea46ec7625ed83ebe0c77e3f7322883031324d97ecde5021f09886b26292239
2026-09-25,data/raw/conselho_dh/2026-09-25/A_HRC_RES_48_24.pdf,https://documents.un.org/api/symbol/access?s=A/HRC/RES/48/24&l=en&t=pdf,1,151856,254bd57c8cb94c2ee744e12748fca75d868f08f292ce2364bea72ba26895ae31
2026-09-25,data/raw/conselho_dh/2026-09-25/A_HRC_RES_48_25.pdf,https://documents.un.org/api/symbol/access?s=A/HRC/RES/48/25&l=en&t=pdf,1,160521,dda419095ce77545318140d93cfee0583f0ef87c149a57ccdffc8cfa12c518e3
2026-09-25,data/raw/conselho_dh/2026-09-25/A_HRC_RES_49_1.pdf,https://documents.un.org/api/symbol/access?s=A/HRC/RES/49/1&l=en&t=pdf,1,124381,06bfa6a8783c4e7d105950ae0926056fbaa00c5a11bd7fa44d2080789dc5775d
2026-09-25,data/raw/conselho_dh/2026-09-25/A_HRC_RES_49_2.pdf,https://documents.un.org/api/symbol/access?s=A/HRC/RES/49/2&l=en&t=pdf,1,124455,95473087495ffb609ae1053bfa64a4aaeea2f005e1941792ef099aba1e93fde9
2026-09-25,data/raw/conselho_dh/2026-09-25/A_HRC_RES_49_3.pdf,https://documents.un.org/api/symbol/access?s=A/HRC/RES/49/3&l=en&t=pdf,1,140128,948d55e8f18d65e728cd5312443e3eea236356fb9728ec0f24c6b6b24dffcccd
2026-09-25,data/raw/conselho_dh/2026-09-25/A_HRC_RES_49_4.pdf,https://documents.un.org/api/symbol/access?s=A/HRC/RES/49/4&l=en&t=pdf,1,135001,dc88861475222b80277789db8ad93bfed19e59e8e231e11ac4ad652dab89b42e
2026-09-25,data/raw/conselho_dh/2026-09-25/A_HRC_RES_49_5.pdf,https://documents.un.org/api/symbol/access?s=A/HRC/RES/49/5&l=en&t=pdf,1,117884,22a33c2efaa9960a3a2f81e2a5c9daa668cfcda79eea73b4893e6cfb780d1a36
2026-09-25,data/raw/conselho_dh/2026-09-25/A_HRC_RES_49_6.pdf,https://documents.un.org/api/symbol/access?s=A/HRC/RES/49/6&l=en&t=pdf,1,160790,42e5cc5e59f85061f7fd2f360da1a0533251b0295fdd3209115dd269751cff25
2026-09-25,data/raw/conselho_dh/2026-09-25/A_HRC_RES_49_7.pdf,https://documents.un.org/api/symbol/access?s=A/HRC/RES/49/7&l=en&t=pdf,1,122763,c93d5888818c4e251546f35fb3393d6dded354eea77d21772218ed77e4ab880c
2026-09-25,data/raw/conselho_dh/2026-09-25/A_HRC_RES_49_8.pdf,https://documents.un.org/api/symbol/access?s=A/HRC/RES/49/8&l=en&t=pdf,1,108479,b971413c76f864463229bf03e7ad62a6d3fdaa81c3015f288c680adab5349c4e
2026-09-25,data/raw/conselho_dh/2026-09-25/A_HRC_RES_49_9.pdf,https://documents.un.org/api/symbol/access?s=A/HRC/RES/49/9&l=en&t=pdf,1,151092,b588a9c503ec713404dd884899f3a1e4ab9b91a0f8ed345ee0316592a8712980
2026-09-25,data/raw/conselho_dh/2026-09-25/A_HRC_RES_49_10.pdf,https://documents.un.org/api/symbol/access?s=A/HRC/RES/49/10&l=en&t=pdf,1,100817,0658ae7675756525d00ac0c66012c72c4704aab7150071ba230e0081abe9b42b
2026-09-25,data/raw/conselho_dh/2026-09-25/A_HRC_RES_49_11.pdf,https://documents.un.org/api/symbol/access?s=A/HRC/RES/49/11&l=en&t=pdf,1,136344,dbfc997c1298fc67fb2d75377ab6f2e4dd57c1a7c20b5e8db686e2447cbb87d7
2026-09-25,data/raw/conselho_dh/2026-09-25/A_HRC_RES_49_12.pdf,https://documents.un.org/api/symbol/access?s=A/HRC/RES/49/12&l=en&t=pdf,1,148282,ae8cf2a60483e6e328c412d945149cc25468d587613b8fec5ef1e6e4dfe2b413
2026-09-25,data/raw/conselho_dh/2026-09-25/A_HRC_RES_49_13.pdf,https://documents.un.org/api/symbol/access?s=A/HRC/RES/49/13&l=en&t=pdf,1,101526,7aa492365f07c22cb1f9d247f3d7fd9fa248483e109d3eeb80e14bb0902707c6
2026-09-25,data/raw/conselho_dh/2026-09-25/A_HRC_RES_49_14.pdf,https://documents.un.org/api/symbol/access?s=A/HRC/RES/49/14&l=en&t=pdf,1,123529,f162517df8f076c1c3bf9c99bc1ea559e406fd30672b5378a392b90a48a4ca9a
2026-09-25,data/raw/conselho_dh/2026-09-25/A_HRC_RES_49_15.pdf,https://documents.un.org/api/symbol/access?s=A/HRC/RES/49/15&l=en&t=pdf,1,120393,656f98648ea124294292db0a388fe0948692bda1b884d40508b599fcb3ff54d3
2026-09-25,data/raw/conselho_dh/2026-09-25/A_HRC_RES_49_16.pdf,https://documents.un.org/api/symbol/access?s=A/HRC/RES/49/16&l=en&t=pdf,1,104399,5445e32f372fbf857dddb793ea2d74f7f5de14bbae3e75131ab5f30db9431d80
2026-09-25,data/raw/conselho_dh/2026-09-25/A_HRC_RES_49_17.pdf,https://documents.un.org/api/symbol/access?s=A/HRC/RES/49/17&l=en&t=pdf,1,129844,89f9e4972aae98f42a9a2bf237996393945fe9485ddcd0525142a94cfb543232
2026-09-25,data/raw/conselho_dh/2026-09-25/A_HRC_RES_49_18.pdf,https://documents.un.org/api/symbol/access?s=A/HRC/RES/49/18&l=en&t=pdf,1,140351,ed2fb1b8e59748ea7ed7ab8328ae9e9c3250369884f57b834cfbf2c356eafdae
2026-09-25,data/raw/conselho_dh/2026-09-25/A_HRC_RES_49_19.pdf,https://documents.un.org/api/symbol/access?s=A/HRC/RES/49/19&l=en&t=pdf,1,122309,4f24eec964f34e9877ab7cde2263142b393368999628d22a008722921486c431
2026-09-25,data/raw/conselho_dh/2026-09-25/A_HRC_RES_49_20.pdf,https://documents.un.org/api/symbol/access?s=A/HRC/RES/49/20&l=en&t=pdf,1,150441,3d8395d2358e14829e03cd78030d4704546ebdf4a743721b8d2c399c6fe29baf
2026-09-25,data/raw/conselho_dh/2026-09-25/A_HRC_RES_49_21.pdf,https://documents.un.org/api/symbol/access?s=A/HRC/RES/49/21&l=en&t=pdf,1,116782,2095e05122e692e51c973e767c575e16a874799c5786fbf331e8e98ec9230a3b
2026-09-25,data/raw/conselho_dh/2026-09-25/A_HRC_RES_49_22.pdf,https://documents.un.org/api/symbol/access?s=A/HRC/RES/49/22&l=en&t=pdf,1,193413,e71fcc5e1fa571d242de99ea8c7b51ad47586667b6185ca9cadb72aa6a0d1eac
2026-09-25,data/raw/conselho_dh/2026-09-25/A_HRC_RES_49_23.pdf,https://documents.un.org/api/symbol/access?s=A/HRC/RES/49/23&l=en&t=pdf,1,200244,9dd6e9a4f42422fe2669376a6390874d4fb992c4b47319a12eb4193e169efabd
2026-09-25,data/raw/conselho_dh/2026-09-25/A_HRC_RES_49_24.pdf,https://documents.un.org/api/symbol/access?s=A/HRC/RES/49/24&l=en&t=pdf,1,140408,2bb39a9a94f30bbc284734ee476ab6a49cf677765a9e94376d15c41579803fcf
2026-09-25,data/raw/conselho_dh/2026-09-25/A_HRC_RES_49_25.pdf,https://documents.un.org/api/symbol/access?s=A/HRC/RES/49/25&l=en&t=pdf,1,135184,e535775ed28f5e39f4b0dfdeb1f10a705b76bcbd7378b66c05695875cb9923ce
2026-09-25,data/raw/conselho_dh/2026-09-25/A_HRC_RES_49_26.pdf,https://documents.un.org/api/symbol/access?s=A/HRC/RES/49/26&l=en&t=pdf,1,159381,18456b4bbebde75096fd2e6d45a9f1e12de69f78498a052a9f6445b0064c0c92
2026-09-25,data/raw/conselho_dh/2026-09-25/A_HRC_RES_49_27.pdf,https://documents.un.org/api/symbol/access?s=A/HRC/RES/49/27&l=en&t=pdf,1,179820,9b6e59215d2e442701d1cd929189979482488897e60d0a2804b6df8fe296ccad
2026-09-25,data/raw/conselho_dh/2026-09-25/A_HRC_RES_49_28.pdf,https://documents.un.org/api/symbol/access?s=A/HRC/RES/49/28&l=en&t=pdf,1,114128,6fededf861ee01ddfd3c3bb75aad94a68ee8914a2ac1afc2fb534d6b52a05c3b
2026-09-25,data/raw/conselho_dh/2026-09-25/A_HRC_RES_49_29.pdf,https://documents.un.org/api/symbol/access?s=A/HRC/RES/49/29&l=en&t=pdf,1,136295,850d74d6597105525eff0d2dd15c7fc662611b6db1b30e42df631c451ef378ba
2026-09-25,data/raw/conselho_dh/2026-09-25/A_HRC_RES_49_30.pdf,https://documents.un.org/api/symbol/access?s=A/HRC/RES/49/30&l=en&t=pdf,1,115174,ca9f088f73772228a0e793ed7ac1f3df03bb1ae8a0a81dae8dcfb207812428df
2026-09-25,data/raw/conselho_dh/2026-09-25/A_HRC_RES_49_31.pdf,https://documents.un.org/api/symbol/access?s=A/HRC/RES/49/31&l=en&t=pdf,1,120809,2fa97a59b5e18d405c529f6fe41d0fbcc9e717bc223b501561289496f80674a7
2026-09-25,data/raw/conselho_dh/2026-09-25/A_HRC_RES_49_32.pdf,https://documents.un.org/api/symbol/access?s=A/HRC/RES/49/32&l=en&t=pdf,1,111877,696234b45ea9bab10a58243c11768277d9f4e66f2cf613515b373124d4c6709d
2026-09-25,data/raw/conselho_dh/2026-09-25/A_HRC_RES_49_33.pdf,https://documents.un.org/api/symbol/access?s=A/HRC/RES/49/33&l=en&t=pdf,1,114855,b5b45df1e9e9193dca616712d6a9e04ee1c5a1499b62237cd009b47ae51c0d77
2026-09-25,data/raw/conselho_dh/2026-09-25/A_HRC_RES_49_34.pdf,https://documents.un.org/api/symbol/access?s=A/HRC/RES/49/34&l=en&t=pdf,1,135391,2c66bf571d8b1ef37e5c000e2340fb586eae408ffb00b4484ef6a0d19ef96fca
2026-09-25,data/raw/conselho_dh/2026-09-25/A_HRC_RES_49_35.pdf,https://documents.un.org/api/symbol/access?s=A/HRC/RES/49/35&l=en&t=pdf,1,113094,604cbc71ebd7e8ca80d33ab05914e9977388bc27c21f567cbb2e295117a7d858
2026-09-25,data/raw/conselho_dh/2026-09-25/A_HRC_RES_50_1.pdf,https://documents.un.org/api/symbol/access?s=A/HRC/RES/50/1&l=en&t=pdf,1,99839,79ace2e9ca27f1db8aec43b6e3651c3596d3b0d78ba8d6a7c2325969897cdce8
2026-09-25,data/raw/conselho_dh/2026-09-25/A_HRC_RES_50_2.pdf,https://documents.un.org/api/symbol/access?s=A/HRC/RES/50/2&l=en&t=pdf,1,106912,e0ec272efdfd113cf1f63eee7d398bd39e47750ac1f57835be93ac89248b4e3a
2026-09-25,data/raw/conselho_dh/2026-09-25/A_HRC_RES_50_3.pdf,https://documents.un.org/api/symbol/access?s=A/HRC/RES/50/3&l=en&t=pdf,1,157973,ea3be321d1440f05b063a4f03733686831878ce1c74908e419dfac06edb656b2
2026-09-25,data/raw/conselho_dh/2026-09-25/A_HRC_RES_50_4.pdf,https://documents.un.org/api/symbol/access?s=A/HRC/RES/50/4&l=en&t=pdf,1,139990,b0b94044a9f7c6bf7468d876d36ec820b56adde3bb4c6d79607ff557d9a899de
2026-09-25,data/raw/conselho_dh/2026-09-25/A_HRC_RES_50_5.pdf,https://documents.un.org/api/symbol/access?s=A/HRC/RES/50/5&l=en&t=pdf,1,132069,aad7ad1d1a318fd4bafb08798ce31a770a24b8345a0285577384f20190f9b5cb
2026-09-25,data/raw/conselho_dh/2026-09-25/A_HRC_RES_50_6.pdf,https://documents.un.org/api/symbol/access?s=A/HRC/RES/50/6&l=en&t=pdf,1,147651,055139bce4e714dd8a44c4d03ac0719265524077076d91c92be112278d273a08
2026-09-25,data/raw/conselho_dh/2026-09-25/A_HRC_RES_50_7.pdf,https://documents.un.org/api/symbol/access?s=A/HRC/RES/50/7&l=en&t=pdf,1,105557,dbd851808c2c9f5b93dfc9fcafc1c5c76c6b9eb8eaef784420bcfbb20e2fd7b9
2026-09-25,data/raw/conselho_dh/2026-09-25/A_HRC_RES_50_8.pdf,https://documents.un.org/api/symbol/access?s=A/HRC/RES/50/8&l=en&t=pdf,1,120279,7c38d3d6afe950988ed83b66e77fb7f7ffbebcf596d8c01e68805f86fdc87191
2026-09-25,data/raw/conselho_dh/2026-09-25/A_HRC_RES_50_9.pdf,https://documents.un.org/api/symbol/access?s=A/HRC/RES/50/9&l=en&t=pdf,1,144203,d458d74064be486e37e8825024c89d090ab892abd7109300181075a2c1c6bbeb
2026-09-25,data/raw/conselho_dh/2026-09-25/A_HRC_RES_50_10.pdf,https://documents.un.org/api/symbol/access?s=A/HRC/RES/50/10&l=en&t=pdf,1,110725,7ce402bde0c749c386b6677a73a9913b4a1e92a0fafeb3576af241fcf4015f04
2026-09-25,data/raw/conselho_dh/2026-09-25/A_HRC_RES_50_11.pdf,https://documents.un.org/api/symbol/access?s=A/HRC/RES/50/11&l=en&t=pdf,1,102921,ba32e5f6e84f0fe377d4e257f9e02dacc07d5c0da72367f92cfbdd5c3d519b01
2026-09-25,data/raw/conselho_dh/2026-09-25/A_HRC_RES_50_12.pdf,https://documents.un.org/api/symbol/access?s=A/HRC/RES/50/12&l=en&t=pdf,1,116555,95b6649abfec72e02a1eee488c2cd295707cf43a0ad1de286aebb991ae2e9123
2026-09-25,data/raw/conselho_dh/2026-09-25/A_HRC_RES_50_13.pdf,https://documents.un.org/api/symbol/access?s=A/HRC/RES/50/13&l=en&t=pdf,1,154404,2fc6bba7def38482181bcdcf9e46d8a647e1a5b2a89d0c3121cff5a331be3232
2026-09-25,data/raw/conselho_dh/2026-09-25/A_HRC_RES_50_14.pdf,https://documents.un.org/api/symbol/access?s=A/HRC/RES/50/14&l=en&t=pdf,1,123228,3ec8ebdedf296edbd6aecfe87fa211b0d4a836457aaa673cfbd4617d251af02b
2026-09-25,data/raw/conselho_dh/2026-09-25/A_HRC_RES_50_15.pdf,https://documents.un.org/api/symbol/access?s=A/HRC/RES/50/15&l=en&t=pdf,1,132989,73c29c464308fc8af9a359c6a2eb5acd2353f573fb2c8c682d7f14fd21ac002a
2026-09-25,data/raw/conselho_dh/2026-09-25/A_HRC_RES_50_16.pdf,https://documents.un.org/api/symbol/access?s=A/HRC/RES/50/16&l=en&t=pdf,1,143521,7d44044c1c1c56ba1388141cac5a82bcc10135dd16a1b31a2b479faf9b2da448
2026-09-25,data/raw/conselho_dh/2026-09-25/A_HRC_RES_50_17.pdf,https://documents.un.org/api/symbol/access?s=A/HRC/RES/50/17&l=en&t=pdf,1,117436,4d132f2f213c38b91cc0588a52437b95acc56c7092f4ac11b8d6cf0a157cd427
2026-09-25,data/raw/conselho_dh/2026-09-25/A_HRC_RES_50_18.pdf,https://documents.un.org/api/symbol/access?s=A/HRC/RES/50/18&l=en&t=pdf,1,144892,17f12e2df7608a601977b87eb2aec4baaf8aa20449367a80e0d5af4136f731dc
2026-09-25,data/raw/conselho_dh/2026-09-25/A_HRC_RES_50_19.pdf,https://documents.un.org/api/symbol/access?s=A/HRC/RES/50/19&l=en&t=pdf,1,168794,d701fc3210d3e1fd564fca686810fc5f65f305646fecd1798e25e596d092cd84
2026-09-25,data/raw/conselho_dh/2026-09-25/A_HRC_RES_50_20.pdf,https://documents.un.org/api/symbol/access?s=A/HRC/RES/50/20&l=en&t=pdf,1,158595,2f893155e453129132c7ea2a674b1eb7bc786995d3fdb95e4bf428c458b50224
2026-09-25,data/raw/conselho_dh/2026-09-25/A_HRC_RES_50_21.pdf,https://documents.un.org/api/symbol/access?s=A/HRC/RES/50/21&l=en&t=pdf,1,144610,e9a62bd72bee0f716f113ac476f1b72fd5b5f655911b97d95594670d9942084c
2026-09-25,data/raw/conselho_dh/2026-09-25/A_HRC_RES_50_22.pdf,https://documents.un.org/api/symbol/access?s=A/HRC/RES/50/22&l=en&t=pdf,1,105520,446fe473e9d1d943aa69db315e63c9c69a3af109270637e6dd8401dc99200e60
2026-09-25,data/raw/conselho_dh/2026-09-25/A_HRC_RES_50_23.pdf,https://documents.un.org/api/symbol/access?s=A/HRC/RES/50/23&l=en&t=pdf,1,102925,8cae4041a73f0ae6b482890385198e336d67e382c8d59e35f874b2c25d6cffc9
2026-09-25,data/raw/conselho_dh/2026-09-25/A_HRC_RES_51_1.pdf,https://documents.un.org/api/symbol/access?s=A/HRC/RES/51/1&l=en&t=pdf,1,126442,e2b32c24878994cb9de0c3f1c3fe877698bdf6c794a42d5cd85e1b312fdb451d
2026-09-25,data/raw/conselho_dh/2026-09-25/A_HRC_RES_51_2.pdf,https://documents.un.org/api/symbol/access?s=A/HRC/RES/51/2&l=en&t=pdf,1,111379,174e7c6bd937f8a1883e6f03e4b0c48e0aa4d14abd27dedbc42553cc5c605d7e
2026-09-25,data/raw/conselho_dh/2026-09-25/A_HRC_RES_51_3.pdf,https://documents.un.org/api/symbol/access?s=A/HRC/RES/51/3&l=en&t=pdf,1,104662,a8d65712bd1a603670d7ee32d4aa414c0882a18a1395b0c5bc6e3b14cd638077
2026-09-25,data/raw/conselho_dh/2026-09-25/A_HRC_RES_51_4.pdf,https://documents.un.org/api/symbol/access?s=A/HRC/RES/51/4&l=en&t=pdf,1,153513,b2a8399492c8d18e3fcc67e7bbda92e92b94a36bd1dbf4e9760039312b62ac11
2026-09-25,data/raw/conselho_dh/2026-09-25/A_HRC_RES_51_5.pdf,https://documents.un.org/api/symbol/access?s=A/HRC/RES/51/5&l=en&t=pdf,1,124289,bdb33c9b10f2280c06789034c27dbb925b721cc74994f7622ec52e5be6e90c29
2026-09-25,data/raw/conselho_dh/2026-09-25/A_HRC_RES_51_6.pdf,https://documents.un.org/api/symbol/access?s=A/HRC/RES/51/6&l=en&t=pdf,1,102839,ccf4a1ac1ff95fb66d79d429363f5fd4e09d2bfaab2ee190c3ef7995f89e1ba0
2026-09-25,data/raw/conselho_dh/2026-09-25/A_HRC_RES_51_7.pdf,https://documents.un.org/api/symbol/access?s=A/HRC/RES/51/7&l=en&t=pdf,1,141872,88c57019e47fda0777dd8339037e29ae2de58eba0a323fa2d4e91f062d4bdd4e
2026-09-25,data/raw/conselho_dh/2026-09-25/A_HRC_RES_51_8.pdf,https://documents.un.org/api/symbol/access?s=A/HRC/RES/51/8&l=en&t=pdf,1,114147,bafa2d645bca83cc2c9263bc82236855abff1cf12ca8935441a6a534a0a4e534
2026-09-25,data/raw/conselho_dh/2026-09-25/A_HRC_RES_51_9.pdf,https://documents.un.org/api/symbol/access?s=A/HRC/RES/51/9&l=en&t=pdf,1,149294,a48dac2d8b0cff423d34e670dad55c47c5d9cde35b444bb411a43274177d42f0
2026-09-25,data/raw/conselho_dh/2026-09-25/A_HRC_RES_51_10.pdf,https://documents.un.org/api/symbol/access?s=A/HRC/RES/51/10&l=en&t=pdf,1,128883,a013dce4e031b6a763b3658fa222be6dd48f78e427865bb409ca4429216493fb
2026-09-25,data/raw/conselho_dh/2026-09-25/A_HRC_RES_51_11.pdf,https://documents.un.org/api/symbol/access?s=A/HRC/RES/51/11&l=en&t=pdf,1,124234,64e5114dca324a297cfa8faafcde32339a7e1d59c066d7f89bd9575c92f4e504
2026-09-25,data/raw/conselho_dh/2026-09-25/A_HRC_RES_51_12.pdf,https://documents.un.org/api/symbol/access?s=A/HRC/RES/51/12&l=en&t=pdf,1,116261,48b81979cde65825d503405a9204ee3db7884ac559cccc57f7711426b299536b
2026-09-25,data/raw/conselho_dh/2026-09-25/A_HRC_RES_51_13.pdf,https://documents.un.org/api/symbol/access?s=A/HRC/RES/51/13&l=en&t=pdf,1,105730,88c65390993ca725f97a194d8fb419d22d57d17ab54775ebc7c6adeaa757f737
2026-09-25,data/raw/conselho_dh/2026-09-25/A_HRC_RES_51_14.pdf,https://documents.un.org/api/symbol/access?s=A/HRC/RES/51/14&l=en&t=pdf,1,117367,fc2ed91999fda964483f5162a03dcc5d9c79c8aab5349c1029d188b101ec05d5
2026-09-25,data/raw/conselho_dh/2026-09-25/A_HRC_RES_51_15.pdf,https://documents.un.org/api/symbol/access?s=A/HRC/RES/51/15&l=en&t=pdf,1,113816,99d77877572172720d523dbbd97071ac7b44e42f09d8530c8333979b8c345d74
2026-09-25,data/raw/conselho_dh/2026-09-25/A_HRC_RES_51_16.pdf,https://documents.un.org/api/symbol/access?s=A/HRC/RES/51/16&l=en&t=pdf,1,105911,ad03a6814d9797e4491c49ddfc355270ed78a8c11d0c544d6b48b16994613f0b
2026-09-25,data/raw/conselho_dh/2026-09-25/A_HRC_RES_51_17.pdf,https://documents.un.org/api/symbol/access?s=A/HRC/RES/51/17&l=en&t=pdf,1,130365,3ba3c621a35f887df5f06ec3861c915a4c516e94aa88c629189a16beae4c5801
2026-09-25,data/raw/conselho_dh/2026-09-25/A_HRC_RES_51_18.pdf,https://documents.un.org/api/symbol/access?s=A/HRC/RES/51/18&l=en&t=pdf,1,138691,f21abe4db332c1a121625920717f43a9a640508d50447a5b8d58f307220bfb9a
2026-09-25,data/raw/conselho_dh/2026-09-25/A_HRC_RES_51_19.pdf,https://documents.un.org/api/symbol/access?s=A/HRC/RES/51/19&l=en&t=pdf,1,140229,f77e51074c14178b98734f6a8a26d283a56faf74017a2836359570f77c16f913
2026-09-25,data/raw/conselho_dh/2026-09-25/A_HRC_RES_51_20.pdf,https://documents.un.org/api/symbol/access?s=A/HRC/RES/51/20&l=en&t=pdf,1,143023,f05261b4a246d42385f179de6110ab9bf6616e844fc50b638b940001b67b705c
2026-09-25,data/raw/conselho_dh/2026-09-25/A_HRC_RES_51_21.pdf,https://documents.un.org/api/symbol/access?s=A/HRC/RES/51/21&l=en&t=pdf,1,107531,710e74a60f5f189901214ee4ceedde59b08dffe9e4ce97b0002b90b40cc44a1f
2026-09-25,data/raw/conselho_dh/2026-09-25/A_HRC_RES_51_22.pdf,https://documents.un.org/api/symbol/access?s=A/HRC/RES/51/22&l=en&t=pdf,1,105745,baedb657b28b5f2d9dde13191d8b73e4f205045c6ea215aa7837a43ebcbbb64d
2026-09-25,data/raw/conselho_dh/2026-09-25/A_HRC_RES_51_23.pdf,https://documents.un.org/api/symbol/access?s=A/HRC/RES/51/23&l=en&t=pdf,1,134694,37af99bee9b725e9a23b565473348d3a4fceb319159c6c98be6dd8e2280cd1a1
2026-09-25,data/raw/conselho_dh/2026-09-25/A_HRC_RES_51_24.pdf,https://documents.un.org/api/symbol/access?s=A/HRC/RES/51/24&l=en&t=pdf,1,141174,223ac183bb6d5bc35ff2cefd7d2e28a6046e5422fe97d4115af92cb27c0107ed
2026-09-25,data/raw/conselho_dh/2026-09-25/A_HRC_RES_51_25.pdf,https://documents.un.org/api/symbol/access?s=A/HRC/RES/51/25&l=en&t=pdf,1,149685,b20e54ad19728ec5d477e0071c5c8e1c61bc257898efd807510661ed26a1a390
2026-09-25,data/raw/conselho_dh/2026-09-25/A_HRC_RES_51_26.pdf,https://documents.un.org/api/symbol/access?s=A/HRC/RES/51/26&l=en&t=pdf,1,170134,a9b1e6d09de526cd8a8173ab8d02899035ede4eee03f8edd132da2055e76517d
2026-09-25,data/raw/conselho_dh/2026-09-25/A_HRC_RES_51_27.pdf,https://documents.un.org/api/symbol/access?s=A/HRC/RES/51/27&l=en&t=pdf,1,167208,ca4a9e4ba0395e85d5f771f844d85d8c4a360934be7790ff1bee60ed9b5e9de0
2026-09-25,data/raw/conselho_dh/2026-09-25/A_HRC_RES_51_28.pdf,https://documents.un.org/api/symbol/access?s=A/HRC/RES/51/28&l=en&t=pdf,1,152013,041fe0be38824c0e4db535ed96954e163f05d9b733c67b43e5810b3829f9c5f6
2026-09-25,data/raw/conselho_dh/2026-09-25/A_HRC_RES_51_29.pdf,https://documents.un.org/api/symbol/access?s=A/HRC/RES/51/29&l=en&t=pdf,1,158010,87ef8a287fb7fbec43db04340bd2e03005a69de8ed016809f9ae451de44d9d66
2026-09-25,data/raw/conselho_dh/2026-09-25/A_HRC_RES_51_30.pdf,https://documents.un.org/api/symbol/access?s=A/HRC/RES/51/30&l=en&t=pdf,1,106518,b77720fde50c36ef3534f1f7868295f45b54fe6140989b297ae52b0b3e0f06a2
2026-09-25,data/raw/conselho_dh/2026-09-25/A_HRC_RES_51_31.pdf,https://documents.un.org/api/symbol/access?s=A/HRC/RES/51/31&l=en&t=pdf,1,141161,5c515335edca8d435da82b883d8f761c793c7645163398e987b7b47f763dc5b4
2026-09-25,data/raw/conselho_dh/2026-09-25/A_HRC_RES_51_32.pdf,https://documents.un.org/api/symbol/access?s=A/HRC/RES/51/32&l=en&t=pdf,1,161725,ddfae91581d12f566534767007b447d75d24b80a371b79bb56d74fb0d2f5754d
2026-09-25,data/raw/conselho_dh/2026-09-25/A_HRC_RES_51_33.pdf,https://documents.un.org/api/symbol/access?s=A/HRC/RES/51/33&l=en&t=pdf,1,110215,5a61cb758c8fc2e51bab05b0d523e9af4f7769fbb8c6cf374c3f78fc27f243d4
2026-09-25,data/raw/conselho_dh/2026-09-25/A_HRC_RES_51_34.pdf,https://documents.un.org/api/symbol/access?s=A/HRC/RES/51/34&l=en&t=pdf,1,146426,d0ddabeac9d7d300ca777ce97896ae904a4b57dbd9023ec4575a1d9aa31b33e4
2026-09-25,data/raw/conselho_dh/2026-09-25/A_HRC_RES_51_35.pdf,https://documents.un.org/api/symbol/access?s=A/HRC/RES/51/35&l=en&t=pdf,1,115046,bd66ad2d1dfa185bd1d940e21431d5d2a1c65a1218addfaf0665e2a5d6a470e5
2026-09-25,data/raw/conselho_dh/2026-09-25/A_HRC_RES_51_36.pdf,https://documents.un.org/api/symbol/access?s=A/HRC/RES/51/36&l=en&t=pdf,1,137504,54cdb1c221b5b2b8b550a430e407b700e69a1a2826b80da64a661477b12b45b3
2026-09-25,data/raw/conselho_dh/2026-09-25/A_HRC_RES_51_37.pdf,https://documents.un.org/api/symbol/access?s=A/HRC/RES/51/37&l=en&t=pdf,1,146375,cc2a227ebe0b75277ff2a32af56a85c3430746d260a642fdad2b34959a3f50d7
2026-09-25,data/raw/conselho_dh/2026-09-25/A_HRC_RES_51_38.pdf,https://documents.un.org/api/symbol/access?s=A/HRC/RES/51/38&l=en&t=pdf,1,143542,48e584751af34c66ed54418487da6fb930b49d02b54d4211cec56e67d99dce26
2026-09-25,data/raw/conselho_dh/2026-09-25/A_HRC_RES_51_39.pdf,https://documents.un.org/api/symbol/access?s=A/HRC/RES/51/39&l=en&t=pdf,1,119518,478b2742484fba176e8892b7dd3bd774cb8420fd896e4f10596f9148e25fd95d
2026-09-25,data/raw/conselho_dh/2026-09-25/A_HRC_RES_52_1.pdf,https://documents.un.org/api/symbol/access?s=A/HRC/RES/52/1&l=en&t=pdf,1,133815,8ca1db4fdc8c644dc19259d8179f4d7382cc1d3298e01b8d674a4a2c227807fe
2026-09-25,data/raw/conselho_dh/2026-09-25/A_HRC_RES_52_2.pdf,https://documents.un.org/api/symbol/access?s=A/HRC/RES/52/2&l=en&t=pdf,1,144210,257453fddcdc51efffbfb9646d943816628af975856bf09e8d299576eecf346c
2026-09-25,data/raw/conselho_dh/2026-09-25/A_HRC_RES_52_3.pdf,https://documents.un.org/api/symbol/access?s=A/HRC/RES/52/3&l=en&t=pdf,1,134611,6cd8b89b0d8e64e5b0711b15bfc4c8c6c441227c51fe3271e3651ba754113a0c
2026-09-25,data/raw/conselho_dh/2026-09-25/A_HRC_RES_52_4.pdf,https://documents.un.org/api/symbol/access?s=A/HRC/RES/52/4&l=en&t=pdf,1,104552,9f8b1d96d4b19003562e25c29089f44ea9309038d646a78ded00813c2f3b687a
2026-09-25,data/raw/conselho_dh/2026-09-25/A_HRC_RES_52_5.pdf,https://documents.un.org/api/symbol/access?s=A/HRC/RES/52/5&l=en&t=pdf,1,103567,24c6421ff6e8c6a535231764cafc39270044814a7aa5cdea3011a970d45408bb
2026-09-25,data/raw/conselho_dh/2026-09-25/A_HRC_RES_52_6.pdf,https://documents.un.org/api/symbol/access?s=A/HRC/RES/52/6&l=en&t=pdf,1,117323,bcb5a05c868d3ab25a30cd88a572ba22aca324e762eb016206d3c777dc6c0b08
2026-09-25,data/raw/conselho_dh/2026-09-25/A_HRC_RES_52_7.pdf,https://documents.un.org/api/symbol/access?s=A/HRC/RES/52/7&l=en&t=pdf,1,110121,23c69a0c366327d7b61b3ba2d392a3a37fc598093aa70b1d05e6eb2be23a3b38
2026-09-25,data/raw/conselho_dh/2026-09-25/A_HRC_RES_52_8.pdf,https://documents.un.org/api/symbol/access?s=A/HRC/RES/52/8&l=en&t=pdf,1,117430,e5f5ac3be601a2c57f529567b65b69bb946bdf8fcfebbb2ea5e9fce62c56f17c
2026-09-25,data/raw/conselho_dh/2026-09-25/A_HRC_RES_52_9.pdf,https://documents.un.org/api/symbol/access?s=A/HRC/RES/52/9&l=en&t=pdf,1,99854,9c0df9f97bda3cc6d285184087088ac35e6d1e6bf7a06d9392da4382a6fe3ed9
2026-09-25,data/raw/conselho_dh/2026-09-25/A_HRC_RES_52_10.pdf,https://documents.un.org/api/symbol/access?s=A/HRC/RES/52/10&l=en&t=pdf,1,104415,706b9133882f5448f35752c4cf5f93b44a12fd728b7887f0adbbfe0911e689bd
2026-09-25,data/raw/conselho_dh/2026-09-25/A_HRC_RES_52_11.pdf,https://documents.un.org/api/symbol/access?s=A/HRC/RES/52/11&l=en&t=pdf,1,136160,89bf5804a9f56b1b6eb7307e8aadae467dcb72600a4faba44be4393929806d5d
2026-09-25,data/raw/conselho_dh/2026-09-25/A_HRC_RES_52_12.pdf,https://documents.un.org/api/symbol/access?s=A/HRC/RES/52/12&l=en&t=pdf,1,141685,b8fec941ba905538cc3e381b67e80a59b116a2b4e52fc87ea14092d0a86bebbb
2026-09-25,data/raw/conselho_dh/2026-09-25/A_HRC_RES_52_13.pdf,https://documents.un.org/api/symbol/access?s=A/HRC/RES/52/13&l=en&t=pdf,1,162813,8cf96bca66074c3366e1e3ba3b01b4419fce8d15d35ee43e142f7bf4506c029d
2026-09-25,data/raw/conselho_dh/2026-09-25/A_HRC_RES_52_14.pdf,https://documents.un.org/api/symbol/access?s=A/HRC/RES/52/14&l=en&t=pdf,1,119182,9916b42bb06ebd81288e15c008f6b27b03ef0116c10c3e85ebd3a0d2d25bb562
2026-09-25,data/raw/conselho_dh/2026-09-25/A_HRC_RES_52_15.pdf,https://documents.un.org/api/symbol/access?s=A/HRC/RES/52/15&l=en&t=pdf,1,107199,63b99e0ab7ee939055c95f1a65d2018cb66101a7cbb8b42dc07f21b7026d1b4c
2026-09-25,data/raw/conselho_dh/2026-09-25/A_HRC_RES_52_16.pdf,https://documents.un.org/api/symbol/access?s=A/HRC/RES/52/16&l=en&t=pdf,1,130185,4da0c1c08629adc699741c55d69b7615a8f69f59e603ab21b25344d479ac52e8
2026-09-25,data/raw/conselho_dh/2026-09-25/A_HRC_RES_52_17.pdf,https://documents.un.org/api/symbol/access?s=A/HRC/RES/52/17&l=en&t=pdf,1,106431,17791624f1976324639ab8c71ab017182c173dcf7942c98bdfed47da4a203793
2026-09-25,data/raw/conselho_dh/2026-09-25/A_HRC_RES_52_18.pdf,https://documents.un.org/api/symbol/access?s=A/HRC/RES/52/18&l=en&t=pdf,1,104359,5447e875d586b3369ea5e221d560041c7d03ff9b809d620106e4b809fee8519f
2026-09-25,data/raw/conselho_dh/2026-09-25/A_HRC_RES_52_19.pdf,https://documents.un.org/api/symbol/access?s=A/HRC/RES/52/19&l=en&t=pdf,1,107302,21539cc5ac4ec9397b587392abc59d51028612302f59f0ad72981fcc88197703
2026-09-25,data/raw/conselho_dh/2026-09-25/A_HRC_RES_52_20.pdf,https://documents.un.org/api/symbol/access?s=A/HRC/RES/52/20&l=en&t=pdf,1,104879,43d1b0a0352932e4d1445aa200fe77fb00442e37a664eec32e99a8c2c12d157f
2026-09-25,data/raw/conselho_dh/2026-09-25/A_HRC_RES_52_21.pdf,https://documents.un.org/api/symbol/access?s=A/HRC/RES/52/21&l=en&t=pdf,1,140135,504a64cb1a081f81a9ff424a22802fb5c216984bc3a0029b777b45b312284560
2026-09-25,data/raw/conselho_dh/2026-09-25/A_HRC_RES_52_22.pdf,https://documents.un.org/api/symbol/access?s=A/HRC/RES/52/22&l=en&t=pdf,1,121545,cd86dd2195e77efa49db2e47e601f80320ff3154d4e52048e5e9b24fdd6abbed
2026-09-25,data/raw/conselho_dh/2026-09-25/A_HRC_RES_52_23.pdf,https://documents.un.org/api/symbol/access?s=A/HRC/RES/52/23&l=en&t=pdf,1,136378,b308b7c3d7672370d2e4cddc5207f0381614e2a57fe6ccdf7e5c094eeb2af8a8
2026-09-25,data/raw/conselho_dh/2026-09-25/A_HRC_RES_52_24.pdf,https://documents.un.org/api/symbol/access?s=A/HRC/RES/52/24&l=en&t=pdf,1,130982,87ae014894912758f495de651fc11eb95c44470e5ae6dbfab57a9fb1b72036d8
2026-09-25,data/raw/conselho_dh/2026-09-25/A_HRC_RES_52_25.pdf,https://documents.un.org/api/symbol/access?s=A/HRC/RES/52/25&l=en&t=pdf,1,128527,22794f36fa5ec8118eabb92c38db7940cdd32d3e8571aad97b1241fe18c3acd3
2026-09-25,data/raw/conselho_dh/2026-09-25/A_HRC_RES_52_26.pdf,https://documents.un.org/api/symbol/access?s=A/HRC/RES/52/26&l=en&t=pdf,1,105815,39b25bc178b1dad2682bc644f3fd230387a48a29c24b138d0f58f85c22c8348f
2026-09-25,data/raw/conselho_dh/2026-09-25/A_HRC_RES_52_27.pdf,https://documents.un.org/api/symbol/access?s=A/HRC/RES/52/27&l=en&t=pdf,1,148407,e3effc7af527587238cb47b2fae055387f8c2596b3c933067dc7f14fb78fc23a
2026-09-25,data/raw/conselho_dh/2026-09-25/A_HRC_RES_52_28.pdf,https://documents.un.org/api/symbol/access?s=A/HRC/RES/52/28&l=en&t=pdf,1,197267,5bd56ba2b2a515abbb5ab511a331800ff2a38343b9d1c1d3df78afdfd6d7c917
2026-09-25,data/raw/conselho_dh/2026-09-25/A_HRC_RES_52_29.pdf,https://documents.un.org/api/symbol/access?s=A/HRC/RES/52/29&l=en&t=pdf,1,162189,f03162d4190602bbfbe4a0bb8c27ebb7b691d781a1ddcb165e7ecf67e079a9ee
2026-09-25,data/raw/conselho_dh/2026-09-25/A_HRC_RES_52_30.pdf,https://documents.un.org/api/symbol/access?s=A/HRC/RES/52/30&l=en&t=pdf,1,175877,03046ff6d23c8de53e5273ed66c73ab2a37fad15cf863c15e5bf8286ec12742e
2026-09-25,data/raw/conselho_dh/2026-09-25/A_HRC_RES_52_31.pdf,https://documents.un.org/api/symbol/access?s=A/HRC/RES/52/31&l=en&t=pdf,1,216560,a4d2a77e96d2e08254fd82d17332ba290ed9352062a8041034370190018164e8
2026-09-25,data/raw/conselho_dh/2026-09-25/A_HRC_RES_52_32.pdf,https://documents.un.org/api/symbol/access?s=A/HRC/RES/52/32&l=en&t=pdf,1,175483,e2375e99310d906a9f2614b75d6f6ab9fdb3f44481f02281dfe4829182369003
2026-09-25,data/raw/conselho_dh/2026-09-25/A_HRC_RES_52_33.pdf,https://documents.un.org/api/symbol/access?s=A/HRC/RES/52/33&l=en&t=pdf,1,114691,3c8ea597bcc2ab51450f564dd31600deb5c4bca0ba8e9b671205a7cdfebd0dc5
2026-09-25,data/raw/conselho_dh/2026-09-25/A_HRC_RES_52_34.pdf,https://documents.un.org/api/symbol/access?s=A/HRC/RES/52/34&l=en&t=pdf,1,113875,f41730ec59a4aa4eec1631efd633bb4d3940ebd28043382006097bb9a7aa5681
2026-09-25,data/raw/conselho_dh/2026-09-25/A_HRC_RES_52_35.pdf,https://documents.un.org/api/symbol/access?s=A/HRC/RES/52/35&l=en&t=pdf,1,136144,1219f51a762253a3e4644298f7493947a4b2167bec656faab707565b09400776
2026-09-25,data/raw/conselho_dh/2026-09-25/A_HRC_RES_52_36.pdf,https://documents.un.org/api/symbol/access?s=A/HRC/RES/52/36&l=en&t=pdf,1,100674,d0274ba09f3019343deb5d90c84a7da844a6efa893abd9067e999d7406ab94e8
2026-09-25,data/raw/conselho_dh/2026-09-25/A_HRC_RES_52_37.pdf,https://documents.un.org/api/symbol/access?s=A/HRC/RES/52/37&l=en&t=pdf,1,106137,4bdf0b4d5c74420c07a3c0d23263d99548c750a4c3304d85e2252ef2e61b58f3
2026-09-25,data/raw/conselho_dh/2026-09-25/A_HRC_RES_52_38.pdf,https://documents.un.org/api/symbol/access?s=A/HRC/RES/52/38&l=en&t=pdf,1,120868,9d1cf11c57600bcae5695b62e5bc522450d5c34a25cccaf593da6fda754dac56
2026-09-25,data/raw/conselho_dh/2026-09-25/A_HRC_RES_52_39.pdf,https://documents.un.org/api/symbol/access?s=A/HRC/RES/52/39&l=en&t=pdf,1,111351,2e730c02fdf3c8d21349dca6082a655a3095d4804917951c27dbb580553c6539
2026-09-25,data/raw/conselho_dh/2026-09-25/A_HRC_RES_52_40.pdf,https://documents.un.org/api/symbol/access?s=A/HRC/RES/52/40&l=en&t=pdf,1,116673,71d0fd73d5eda5cc64e3d656512d25b2fc71b14fc160f24b2820580d78b39faa
2026-09-25,data/raw/conselho_dh/2026-09-25/A_HRC_RES_52_41.pdf,https://documents.un.org/api/symbol/access?s=A/HRC/RES/52/41&l=en&t=pdf,1,101578,6e85a3000822fd59f0a52d28aa3d57569eb96690d4216a2769c8fa1d3a35fca3
2026-09-25,data/raw/conselho_dh/2026-09-25/A_HRC_RES_52_42.pdf,https://documents.un.org/api/symbol/access?s=A/HRC/RES/52/42&l=en&t=pdf,1,131355,13e81f90fc6ea2714e02188c219097632aebe335d02ad0d693a6de5bc1f90ab3
2026-09-25,data/raw/conselho_dh/2026-09-25/A_HRC_RES_52_43.pdf,https://documents.un.org/api/symbol/access?s=A/HRC/RES/52/43&l=en&t=pdf,1,116910,a042484d09a7a1df9460e0d8a96e52b3c07e198a18fec648ef2850c1c1e8eb46
2026-09-25,data/raw/conselho_dh/2026-09-25/A_HRC_RES_53_1.pdf,https://documents.un.org/api/symbol/access?s=A/HRC/RES/53/1&l=en&t=pdf,1,115487,3156efc981c7c1c428e8f2ce16dc5c8972423210facc6ff2cf3e6cd93672a3c2
2026-09-25,data/raw/conselho_dh/2026-09-25/A_HRC_RES_53_2.pdf,https://documents.un.org/api/symbol/access?s=A/HRC/RES/53/2&l=en&t=pdf,1,108960,71edaf785dda29c887395e6b3314cd9edfad5084a4650844924e8576d9cbfdce
2026-09-25,data/raw/conselho_dh/2026-09-25/A_HRC_RES_53_3.pdf,https://documents.un.org/api/symbol/access?s=A/HRC/RES/53/3&l=en&t=pdf,1,100073,3f8bf05cd32506274fc8d643bf0c3fd43a98eae16ec07ee174ac86e644329bf3
2026-09-25,data/raw/conselho_dh/2026-09-25/A_HRC_RES_53_4.pdf,https://documents.un.org/api/symbol/access?s=A/HRC/RES/53/4&l=en&t=pdf,1,111112,7a369b42a6bad4f30ead1f1f48828baeb0e711574738198e08ed5ab0d0b8d01b
2026-09-25,data/raw/conselho_dh/2026-09-25/A_HRC_RES_53_5.pdf,https://documents.un.org/api/symbol/access?s=A/HRC/RES/53/5&l=en&t=pdf,1,108000,738d0a125e88abbe41cd8e8792d77fec9bcfbcbc399e0bbd20eec1ce063b4ee4
2026-09-25,data/raw/conselho_dh/2026-09-25/A_HRC_RES_53_6.pdf,https://documents.un.org/api/symbol/access?s=A/HRC/RES/53/6&l=en&t=pdf,1,143765,1572d1edecd90021ddc7ce0acc24167e05873c067463fe52898b33348361fc3f
2026-09-25,data/raw/conselho_dh/2026-09-25/A_HRC_RES_53_7.pdf,https://documents.un.org/api/symbol/access?s=A/HRC/RES/53/7&l=en&t=pdf,1,139539,e834939a7242630019e552345fb98a48b5fdaf3b6f2f9d8ad98130e7217d57a4
2026-09-25,data/raw/conselho_dh/2026-09-25/A_HRC_RES_53_8.pdf,https://documents.un.org/api/symbol/access?s=A/HRC/RES/53/8&l=en&t=pdf,1,151881,a2cb41bf83678d1727e88aad66e83fd52853fb2d70958a821247fb07abfa401d
2026-09-25,data/raw/conselho_dh/2026-09-25/A_HRC_RES_53_9.pdf,https://documents.un.org/api/symbol/access?s=A/HRC/RES/53/9&l=en&t=pdf,1,136123,2c22883d59555165c4c7bba6ee6db377d37da75904414db3fe4c4eb6f439d655
2026-09-25,data/raw/conselho_dh/2026-09-25/A_HRC_RES_53_10.pdf,https://documents.un.org/api/symbol/access?s=A/HRC/RES/53/10&l=en&t=pdf,1,110890,c68776fcb71501eb5c20fd9b8d62a3f96187ac8419df01e6ee30b40445d88945
2026-09-25,data/raw/conselho_dh/2026-09-25/A_HRC_RES_53_11.pdf,https://documents.un.org/api/symbol/access?s=A/HRC/RES/53/11&l=en&t=pdf,1,141452,3bc9c7a38e727bbee07491155969f3ea1f0525f0d6ff8eec6a35b0e55abbb74c
2026-09-25,data/raw/conselho_dh/2026-09-25/A_HRC_RES_53_12.pdf,https://documents.un.org/api/symbol/access?s=A/HRC/RES/53/12&l=en&t=pdf,1,100024,3ad1307a64827873ab881a58a001f4f29c08105fe9e82de85f70e71603ea7021
2026-09-25,data/raw/conselho_dh/2026-09-25/A_HRC_RES_53_13.pdf,https://documents.un.org/api/symbol/access?s=A/HRC/RES/53/13&l=en&t=pdf,1,119872,d0579c116063ee0ac6cfe23b7942b45b79b088841b4c8f3f4c549256d256bb8c
2026-09-25,data/raw/conselho_dh/2026-09-25/A_HRC_RES_53_14.pdf,https://documents.un.org/api/symbol/access?s=A/HRC/RES/53/14&l=en&t=pdf,1,110013,2ea9526b82a3956ef6339032a40eef710874090a06c5bc26955e6a1acb2d2162
2026-09-25,data/raw/conselho_dh/2026-09-25/A_HRC_RES_53_15.pdf,https://documents.un.org/api/symbol/access?s=A/HRC/RES/53/15&l=en&t=pdf,1,117151,c3b0fc72dbe9e57ccb9cc99ecfec0c4c1cd58f1f58fe9b7f5b5812429ec7b118
2026-09-25,data/raw/conselho_dh/2026-09-25/A_HRC_RES_53_16.pdf,https://documents.un.org/api/symbol/access?s=A/HRC/RES/53/16&l=en&t=pdf,1,127001,c84e727a08bd42e4011e1462371536f8a9550f82fdf50ee395b3976b2b14ca25
2026-09-25,data/raw/conselho_dh/2026-09-25/A_HRC_RES_53_17.pdf,https://documents.un.org/api/symbol/access?s=A/HRC/RES/53/17&l=en&t=pdf,1,120088,6209d26d42f4371833889cb56d657fc093cfdf5bd31954897386e8244dae7f4b
2026-09-25,data/raw/conselho_dh/2026-09-25/A_HRC_RES_53_18.pdf,https://documents.un.org/api/symbol/access?s=A/HRC/RES/53/18&l=en&t=pdf,1,167151,5af3b352359522ee30be9e653baaf02b8a098f44ab3e63eb4949771ad8c73cfb
2026-09-25,data/raw/conselho_dh/2026-09-25/A_HRC_RES_53_19.pdf,https://documents.un.org/api/symbol/access?s=A/HRC/RES/53/19&l=en&t=pdf,1,165518,64190e51321dabce13993c7056718bff13b46de15cda248f361b1102c7371458
2026-09-25,data/raw/conselho_dh/2026-09-25/A_HRC_RES_53_20.pdf,https://documents.un.org/api/symbol/access?s=A/HRC/RES/53/20&l=en&t=pdf,1,106577,4eeb0f0c9d303acb04a0db93fcabe4d2c2f7252e47234b178e506a9d7ce37c25
2026-09-25,data/raw/conselho_dh/2026-09-25/A_HRC_RES_53_21.pdf,https://documents.un.org/api/symbol/access?s=A/HRC/RES/53/21&l=en&t=pdf,1,114996,969e94201036dcae6073d431a32aa3b013197b67c97d165585790ab7c343cf3c
2026-09-25,data/raw/conselho_dh/2026-09-25/A_HRC_RES_53_22.pdf,https://documents.un.org/api/symbol/access?s=A/HRC/RES/53/22&l=en&t=pdf,1,118357,35ca1c1938b2fbc4784c9277c587d752f518b5832d59e47234d0b2cdd24c2cf1
2026-09-25,data/raw/conselho_dh/2026-09-25/A_HRC_RES_53_23.pdf,https://documents.un.org/api/symbol/access?s=A/HRC/RES/53/23&l=en&t=pdf,1,171547,db5c10f77b11d26b52ae29bcbae53174503e5c934629060aa500906f793118ec
2026-09-25,data/raw/conselho_dh/2026-09-25/A_HRC_RES_53_24.pdf,https://documents.un.org/api/symbol/access?s=A/HRC/RES/53/24&l=en&t=pdf,1,177177,424aeeb254a6ffa7e5d9f7e045c3a1225352a182f2d1fdce82969046a5ddf38a
2026-09-25,data/raw/conselho_dh/2026-09-25/A_HRC_RES_53_25.pdf,https://documents.un.org/api/symbol/access?s=A/HRC/RES/53/25&l=en&t=pdf,1,102810,5b2863da4b1b162e2e3ceecefd2022a6c4b63cfbc03e59cecfa095f7b4d36b63
2026-09-25,data/raw/conselho_dh/2026-09-25/A_HRC_RES_53_26.pdf,https://documents.un.org/api/symbol/access?s=A/HRC/RES/53/26&l=en&t=pdf,1,167744,a1fb88c7bf2907e98ac10aea9ba7eafbfb2a06c5cea7e27e9a334f95452f124a
2026-09-25,data/raw/conselho_dh/2026-09-25/A_HRC_RES_53_27.pdf,https://documents.un.org/api/symbol/access?s=A/HRC/RES/53/27&l=en&t=pdf,1,152167,9f7eb741d6386576b9f795a9a73725abd96f781e6c2f7a0cf3c2925ab1c88949
2026-09-25,data/raw/conselho_dh/2026-09-25/A_HRC_RES_53_28.pdf,https://documents.un.org/api/symbol/access?s=A/HRC/RES/53/28&l=en&t=pdf,1,128268,adabcd2cf6a715f4e1baa38ff3ff4845494d4f04a1e400e4e52482cbcbbc2f6f
2026-09-25,data/raw/conselho_dh/2026-09-25/A_HRC_RES_53_29.pdf,https://documents.un.org/api/symbol/access?s=A/HRC/RES/53/29&l=en&t=pdf,1,181256,504b84b2227b4d96681c3c4242e155dbe5b09f119e4f3c68cb26ed8474e294ba
2026-09-25,data/raw/conselho_dh/2026-09-25/A_HRC_RES_53_30.pdf,https://documents.un.org/api/symbol/access?s=A/HRC/RES/53/30&l=en&t=pdf,1,111384,caac38e3d4df9abefb7139d888d394a83d628a594b5f45448e152724072094dd
2026-09-25,data/raw/conselho_dh/2026-09-25/A_HRC_RES_54_1.pdf,https://documents.un.org/api/symbol/access?s=A/HRC/RES/54/1&l=en&t=pdf,1,147487,7b495bcf2c5c20cf68efda47d70f3ed8627031b46db54d042a1ea74422c66c89
2026-09-25,data/raw/conselho_dh/2026-09-25/A_HRC_RES_54_2.pdf,https://documents.un.org/api/symbol/access?s=A/HRC/RES/54/2&l=en&t=pdf,1,134714,51703f8f7fd5e7ddaea3b96db5ace96ccabe5ec267430c8ab93098b296186f41
2026-09-25,data/raw/conselho_dh/2026-09-25/A_HRC_RES_54_3.pdf,https://documents.un.org/api/symbol/access?s=A/HRC/RES/54/3&l=en&t=pdf,1,121063,49eb456549df22abdc6df52f689aba07a3bd39016ff6653189d1f82493007f94
2026-09-25,data/raw/conselho_dh/2026-09-25/A_HRC_RES_54_4.pdf,https://documents.un.org/api/symbol/access?s=A/HRC/RES/54/4&l=en&t=pdf,1,106831,07da1850d1a76b38a3b85f42804f4755b7eba5a428092053ba9886ec5bee0bf9
2026-09-25,data/raw/conselho_dh/2026-09-25/A_HRC_RES_54_5.pdf,https://documents.un.org/api/symbol/access?s=A/HRC/RES/54/5&l=en&t=pdf,1,125397,f41e79b875a69e1d75aad23933f75e7f15ed5c1881d3ea8598893f93bdbb499d
2026-09-25,data/raw/conselho_dh/2026-09-25/A_HRC_RES_54_6.pdf,https://documents.un.org/api/symbol/access?s=A/HRC/RES/54/6&l=en&t=pdf,1,121373,bae6e22c2fe102437c892586f1abfc849449a3caa3860826121ad5bf87c139b7
2026-09-25,data/raw/conselho_dh/2026-09-25/A_HRC_RES_54_7.pdf,https://documents.un.org/api/symbol/access?s=A/HRC/RES/54/7&l=en&t=pdf,1,109698,4bdcb430f166352ec8da756d80a054a1fe5bd5f2d61a67eae470ed790ab9b762
2026-09-25,data/raw/conselho_dh/2026-09-25/A_HRC_RES_54_8.pdf,https://documents.un.org/api/symbol/access?s=A/HRC/RES/54/8&l=en&t=pdf,1,118516,b54013ff618637ae45347c1050ad5975bb952900865eded04fab99361a1bd664
2026-09-25,data/raw/conselho_dh/2026-09-25/A_HRC_RES_54_9.pdf,https://documents.un.org/api/symbol/access?s=A/HRC/RES/54/9&l=en&t=pdf,1,121753,515bcf61cb35b6e33a3a82251c694bb08976687b7f76133ffd8e1647f084c50a
2026-09-25,data/raw/conselho_dh/2026-09-25/A_HRC_RES_54_10.pdf,https://documents.un.org/api/symbol/access?s=A/HRC/RES/54/10&l=en&t=pdf,1,117092,0e9e7814dda8bea59d23f217b0059341335287484b4ab90a2447574c3dabc9ff
2026-09-25,data/raw/conselho_dh/2026-09-25/A_HRC_RES_54_11.pdf,https://documents.un.org/api/symbol/access?s=A/HRC/RES/54/11&l=en&t=pdf,1,103324,f9fc5f22443a9324db1187169af7853281abe2cf001bd41453b579080f036b71
2026-09-25,data/raw/conselho_dh/2026-09-25/A_HRC_RES_54_12.pdf,https://documents.un.org/api/symbol/access?s=A/HRC/RES/54/12&l=en&t=pdf,1,149257,bba84cdbcd156468d0b21210856a9ed7607ba9813d1121b6358b72d59eeee7bb
2026-09-25,data/raw/conselho_dh/2026-09-25/A_HRC_RES_54_13.pdf,https://documents.un.org/api/symbol/access?s=A/HRC/RES/54/13&l=en&t=pdf,1,120124,b629bc3b2de447fa8d5cc78d2833f4de00d34ee04ca08f30a2a6eab43efd3fda
2026-09-25,data/raw/conselho_dh/2026-09-25/A_HRC_RES_54_14.pdf,https://documents.un.org/api/symbol/access?s=A/HRC/RES/54/14&l=en&t=pdf,1,113053,b94fd33ee0a6e3724ef2fa18395110361319df5d9882596795544b1e8567cc29
2026-09-25,data/raw/conselho_dh/2026-09-25/A_HRC_RES_54_15.pdf,https://documents.un.org/api/symbol/access?s=A/HRC/RES/54/15&l=en&t=pdf,1,120899,5545f49da85eb0c1ed89b4d47c30aabc498f41fd6884e46a90ea732476274805
2026-09-25,data/raw/conselho_dh/2026-09-25/A_HRC_RES_54_16.pdf,https://documents.un.org/api/symbol/access?s=A/HRC/RES/54/16&l=en&t=pdf,1,148331,17bf5eab208442dc52baee89c778237fe8a1d4d8dafe17c16dd01ddbe819be22
2026-09-25,data/raw/conselho_dh/2026-09-25/A_HRC_RES_54_17.pdf,https://documents.un.org/api/symbol/access?s=A/HRC/RES/54/17&l=en&t=pdf,1,107551,842706c3c9d7aeba564d98cf396c69f50c76f675783e2b6c385f71dd55bf9789
2026-09-25,data/raw/conselho_dh/2026-09-25/A_HRC_RES_54_18.pdf,https://documents.un.org/api/symbol/access?s=A/HRC/RES/54/18&l=en&t=pdf,1,234794,8b665a8d6ebdeec47eebf4300f9de25ca9d955bf080563652ea2de92e7c5eaf9
2026-09-25,data/raw/conselho_dh/2026-09-25/A_HRC_RES_54_19.pdf,https://documents.un.org/api/symbol/access?s=A/HRC/RES/54/19&l=en&t=pdf,1,134973,7724ccf620c4f7d96e8aceaaa45dde8da6803c7cb7236d91126cf7164b4c2fe8
2026-09-25,data/raw/conselho_dh/2026-09-25/A_HRC_RES_54_20.pdf,https://documents.un.org/api/symbol/access?s=A/HRC/RES/54/20&l=en&t=pdf,1,152102,8b5496deb56337dd3d4b22502f6d2799d019bd2801acba0cee27396f7a269181
2026-09-25,data/raw/conselho_dh/2026-09-25/A_HRC_RES_54_21.pdf,https://documents.un.org/api/symbol/access?s=A/HRC/RES/54/21&l=en&t=pdf,1,144619,8f043fcd4e7229f2023f141def7638e098b91591d9c182c3e4ef6e5bb44235f8
2026-09-25,data/raw/conselho_dh/2026-09-25/A_HRC_RES_54_22.pdf,https://documents.un.org/api/symbol/access?s=A/HRC/RES/54/22&l=en&t=pdf,1,122995,7b1425eb8bbddd82552cffb766dc2505ac1841c9d5eff7cdb40061d7b81a1540
2026-09-25,data/raw/conselho_dh/2026-09-25/A_HRC_RES_54_23.pdf,https://documents.un.org/api/symbol/access?s=A/HRC/RES/54/23&l=en&t=pdf,1,156374,1012843c982d4d4bd082f6cc267f39960c93ad7f76edc9f2b30c2643c0fe2c29
2026-09-25,data/raw/conselho_dh/2026-09-25/A_HRC_RES_54_24.pdf,https://documents.un.org/api/symbol/access?s=A/HRC/RES/54/24&l=en&t=pdf,1,123185,dd865e843fd397cd725e38d6188d8d454926cd0927c93ea81e5bac19ac1c7fd2
2026-09-25,data/raw/conselho_dh/2026-09-25/A_HRC_RES_54_25.pdf,https://documents.un.org/api/symbol/access?s=A/HRC/RES/54/25&l=en&t=pdf,1,119938,d8f3fb28a36d7a34be984c8ee6c4ccd52c17b0448867a6684abdf116c1a35e62
2026-09-25,data/raw/conselho_dh/2026-09-25/A_HRC_RES_54_26.pdf,https://documents.un.org/api/symbol/access?s=A/HRC/RES/54/26&l=en&t=pdf,1,111918,fd7f1a237f050af92ae9d62b4c467af91e888d95636417ba0b4c26fa932c9174
2026-09-25,data/raw/conselho_dh/2026-09-25/A_HRC_RES_54_27.pdf,https://documents.un.org/api/symbol/access?s=A/HRC/RES/54/27&l=en&t=pdf,1,148976,e7e5f8d3f5407d82a19cafb8ffb5e85c680adaf9f3eb5bcc890e9e93e1f8388d
2026-09-25,data/raw/conselho_dh/2026-09-25/A_HRC_RES_54_28.pdf,https://documents.un.org/api/symbol/access?s=A/HRC/RES/54/28&l=en&t=pdf,1,152163,5151e3c158b03e2ba51cbec98c9001a68dc9293c95aed79184d9a5004b68dcb6
2026-09-25,data/raw/conselho_dh/2026-09-25/A_HRC_RES_54_29.pdf,https://documents.un.org/api/symbol/access?s=A/HRC/RES/54/29&l=en&t=pdf,1,118140,10523d18d8db9e9a621887e5d72b7eb20db69a6101e641b10cc830cf19ef8435
2026-09-25,data/raw/conselho_dh/2026-09-25/A_HRC_RES_54_30.pdf,https://documents.un.org/api/symbol/access?s=A/HRC/RES/54/30&l=en&t=pdf,1,107991,1ed598720534c26a1d863c297772dff5ccd5d41b8ea9fda6881aa79494cb646d
2026-09-25,data/raw/conselho_dh/2026-09-25/A_HRC_RES_54_31.pdf,https://documents.un.org/api/symbol/access?s=A/HRC/RES/54/31&l=en&t=pdf,1,201656,98865f850c8b875a381312e8e379b3e83612bd3698d5fed53480aac40ce51f72
2026-09-25,data/raw/conselho_dh/2026-09-25/A_HRC_RES_54_32.pdf,https://documents.un.org/api/symbol/access?s=A/HRC/RES/54/32&l=en&t=pdf,1,147221,07d373f6187428d88a69c4a11beeebfff9f6e21ffea06555f31d11e2fe64e4b3
2026-09-25,data/raw/conselho_dh/2026-09-25/A_HRC_RES_54_33.pdf,https://documents.un.org/api/symbol/access?s=A/HRC/RES/54/33&l=en&t=pdf,1,109729,4e0dea1dd16989b845afb7222cee850537f309a8cd60c4ae6caf5db988593df9
2026-09-25,data/raw/conselho_dh/2026-09-25/A_HRC_RES_54_34.pdf,https://documents.un.org/api/symbol/access?s=A/HRC/RES/54/34&l=en&t=pdf,1,144241,65e5c7f4ee01e08a76e9de2427f0beba9cb253caa2b254ff5f42b91fc0e15267
2026-09-25,data/raw/conselho_dh/2026-09-25/A_HRC_RES_54_35.pdf,https://documents.un.org/api/symbol/access?s=A/HRC/RES/54/35&l=en&t=pdf,1,131665,01eacdb3854a0c7cb776c0449858b555cba6a905e6297dbd99e61d3aa462199e
2026-09-25,data/raw/conselho_dh/2026-09-25/A_HRC_RES_54_36.pdf,https://documents.un.org/api/symbol/access?s=A/HRC/RES/54/36&l=en&t=pdf,1,134232,c8d9a97ffc897a98e6301344efda832b660c4d1d549d2183af570e84b2744c13
2026-09-25,data/raw/conselho_dh/2026-09-25/A_HRC_RES_55_1.pdf,https://documents.un.org/api/symbol/access?s=A/HRC/RES/55/1&l=en&t=pdf,1,132622,56fb56d8666bfa761b472e8e2482042dd543b0ca2f668bc87ee05f24b1808298
2026-09-25,data/raw/conselho_dh/2026-09-25/A_HRC_RES_55_2.pdf,https://documents.un.org/api/symbol/access?s=A/HRC/RES/55/2&l=en&t=pdf,1,112301,6cc9a407ad529ed59edf22b8aa22afb6908c966c775ad8481ebc9701d284a2a1
2026-09-25,data/raw/conselho_dh/2026-09-25/A_HRC_RES_55_3.pdf,https://documents.un.org/api/symbol/access?s=A/HRC/RES/55/3&l=en&t=pdf,1,102585,29ee3aabe352116c2f9628df748385e2dc446962849de652ef616cad8b48f9f5
2026-09-25,data/raw/conselho_dh/2026-09-25/A_HRC_RES_55_4.pdf,https://documents.un.org/api/symbol/access?s=A/HRC/RES/55/4&l=en&t=pdf,1,131065,9e36dc23800714e73d7fd8f8ed95f4fa6f0a1b11c294a13d7ab06556b1ffd8c9
2026-09-25,data/raw/conselho_dh/2026-09-25/A_HRC_RES_55_5.pdf,https://documents.un.org/api/symbol/access?s=A/HRC/RES/55/5&l=en&t=pdf,1,94380,4fa22fbcb1f1cefb0822d0230c5a00a38f2825ec31bcca8a02b9f4af00634044
2026-09-25,data/raw/conselho_dh/2026-09-25/A_HRC_RES_55_6.pdf,https://documents.un.org/api/symbol/access?s=A/HRC/RES/55/6&l=en&t=pdf,1,121192,1cd52e3814c87ab2d958aaccd03de202f407b5fff3bdd8c5281a95ab4426851a
2026-09-25,data/raw/conselho_dh/2026-09-25/A_HRC_RES_55_7.pdf,https://documents.un.org/api/symbol/access?s=A/HRC/RES/55/7&l=en&t=pdf,1,165782,94965546cb8c89efe6cf86cedc09ae0d20e3fff94392badf05824026419b49c0
2026-09-25,data/raw/conselho_dh/2026-09-25/A_HRC_RES_55_8.pdf,https://documents.un.org/api/symbol/access?s=A/HRC/RES/55/8&l=en&t=pdf,1,134877,a6a056bb25d591b723a2bcfd4b26d0e65d3dab361cda0c4eb5da25f5b4cf7def
2026-09-25,data/raw/conselho_dh/2026-09-25/A_HRC_RES_55_9.pdf,https://documents.un.org/api/symbol/access?s=A/HRC/RES/55/9&l=en&t=pdf,1,127331,a1c845c5a93adc9a92e6b04f8fe4f47038ce7ef47c1af9917a674f99f8646a5f
2026-09-25,data/raw/conselho_dh/2026-09-25/A_HRC_RES_55_10.pdf,https://documents.un.org/api/symbol/access?s=A/HRC/RES/55/10&l=en&t=pdf,1,119494,51f7fc60e110d6a9dcdba062b199da1eb3cde632d7e898e90596f365d622077b
2026-09-25,data/raw/conselho_dh/2026-09-25/A_HRC_RES_55_11.pdf,https://documents.un.org/api/symbol/access?s=A/HRC/RES/55/11&l=en&t=pdf,1,133111,b34c94ccdb80dbea9ace897e9ab88a8c9cfa6eb27ea60870497ea962d3817cc7
2026-09-25,data/raw/conselho_dh/2026-09-25/A_HRC_RES_55_12.pdf,https://documents.un.org/api/symbol/access?s=A/HRC/RES/55/12&l=en&t=pdf,1,126548,cd1c8d6e08849c1725205975ba5edeb5ced2f58d6ec3fdcc8aecf7d9cb6276cf
2026-09-25,data/raw/conselho_dh/2026-09-25/A_HRC_RES_55_13.pdf,https://documents.un.org/api/symbol/access?s=A/HRC/RES/55/13&l=en&t=pdf,1,148577,4de7122ffc18432efa298ce3650f275e4e653443c5411b5a2b2f8828bea10ffe
2026-09-25,data/raw/conselho_dh/2026-09-25/A_HRC_RES_55_14.pdf,https://documents.un.org/api/symbol/access?s=A/HRC/RES/55/14&l=en&t=pdf,1,110564,4668534be357f8d0c74e7bc611c1dc4b18a8d122cf63724e60ebf366d9285e2f
2026-09-25,data/raw/conselho_dh/2026-09-25/A_HRC_RES_55_15.pdf,https://documents.un.org/api/symbol/access?s=A/HRC/RES/55/15&l=en&t=pdf,1,131340,aa6e2fe4341e46172d554b67a4a37bd57e89a83cdcc09d4aac86efdc1a1b5532
2026-09-25,data/raw/conselho_dh/2026-09-25/A_HRC_RES_55_16.pdf,https://documents.un.org/api/symbol/access?s=A/HRC/RES/55/16&l=en&t=pdf,1,117548,0822135c19629415e94fc7ad43471982464e63d0f73bf3e29335af3a7fd43e87
2026-09-25,data/raw/conselho_dh/2026-09-25/A_HRC_RES_55_17.pdf,https://documents.un.org/api/symbol/access?s=A/HRC/RES/55/17&l=en&t=pdf,1,127434,e982f91db0d97217ff922cd0f71633080caf78cd23d8a409cd08760ffda35db7
2026-09-25,data/raw/conselho_dh/2026-09-25/A_HRC_RES_55_18.pdf,https://documents.un.org/api/symbol/access?s=A/HRC/RES/55/18&l=en&t=pdf,1,112975,0fb8af0d2e5a77288311f978490a8cc2b0ef7802c4d00c4444879e427ccd9081
2026-09-25,data/raw/conselho_dh/2026-09-25/A_HRC_RES_55_19.pdf,https://documents.un.org/api/symbol/access?s=A/HRC/RES/55/19&l=en&t=pdf,1,144774,c37a3a681c228810d9a52110e7b7aa6263e6427db2a0967de36331dd04953be1
2026-09-25,data/raw/conselho_dh/2026-09-25/A_HRC_RES_55_20.pdf,https://documents.un.org/api/symbol/access?s=A/HRC/RES/55/20&l=en&t=pdf,1,225514,d89b9bf1d2a9c1cc521695fa05349479c33d1624fff54bdb55a8173fa2bd7213
2026-09-25,data/raw/conselho_dh/2026-09-25/A_HRC_RES_55_21.pdf,https://documents.un.org/api/symbol/access?s=A/HRC/RES/55/21&l=en&t=pdf,1,204595,c33b42daaf66c56a1c41f5dbf1782d2ae03888a829a31283f41d873fc86692e1
2026-09-25,data/raw/conselho_dh/2026-09-25/A_HRC_RES_55_22.pdf,https://documents.un.org/api/symbol/access?s=A/HRC/RES/55/22&l=en&t=pdf,1,182589,6d7ff0e253e13216e6eb135d3af0a56af0f47109f4461414d1d72442b9d81f95
2026-09-25,data/raw/conselho_dh/2026-09-25/A_HRC_RES_55_23.pdf,https://documents.un.org/api/symbol/access?s=A/HRC/RES/55/23&l=en&t=pdf,1,234677,b68d5097f1f013c527994150b62ac1bb3290bbb42d84803e5dd3c2d139d83750
2026-09-25,data/raw/conselho_dh/2026-09-25/A_HRC_RES_55_24.pdf,https://documents.un.org/api/symbol/access?s=A/HRC/RES/55/24&l=en&t=pdf,1,113848,f00a111d6ede44b1e0a3e23d05ed716a268d4c2fce284385b7f10bbcb4f43b11
2026-09-25,data/raw/conselho_dh/2026-09-25/A_HRC_RES_55_25.pdf,https://documents.un.org/api/symbol/access?s=A/HRC/RES/55/25&l=en&t=pdf,1,123312,5749ddbba3b9e70f39e9111dc295997bd4a37c3f18e963d45e1111808c45e7ce
2026-09-25,data/raw/conselho_dh/2026-09-25/A_HRC_RES_55_26.pdf,https://documents.un.org/api/symbol/access?s=A/HRC/RES/55/26&l=en&t=pdf,1,117041,220096b317a4eefca755038611e310022ca9b3a7ee6b7d67771bff0e63d6b783
2026-09-25,data/raw/conselho_dh/2026-09-25/A_HRC_RES_55_27.pdf,https://documents.un.org/api/symbol/access?s=A/HRC/RES/55/27&l=en&t=pdf,1,172471,fbd885ab1b786f9f14d7acd97475f977b0efa82b96e88a6ff2fb8eb46bce71b8
2026-09-25,data/raw/conselho_dh/2026-09-25/A_HRC_RES_55_28.pdf,https://documents.un.org/api/symbol/access?s=A/HRC/RES/55/28&l=en&t=pdf,1,153639,c441f6343bce2146aa9524b9a2b8b7bda5f4395fc455720e874b7a56e1999787
2026-09-25,data/raw/conselho_dh/2026-09-25/A_HRC_RES_55_29.pdf,https://documents.un.org/api/symbol/access?s=A/HRC/RES/55/29&l=en&t=pdf,1,149423,96477d305ad0b1fccddfa76a83119bc5bf9107979d817084b1ebd6f6d7511c21
2026-09-25,data/raw/conselho_dh/2026-09-25/A_HRC_RES_55_30.pdf,https://documents.un.org/api/symbol/access?s=A/HRC/RES/55/30&l=en&t=pdf,1,113878,12711df59cf6ee498d6bbbd9de1b50f9cb156852cd746123752c13f7420d94a0
2026-09-25,data/raw/conselho_dh/2026-09-25/A_HRC_RES_55_31.pdf,https://documents.un.org/api/symbol/access?s=A/HRC/RES/55/31&l=en&t=pdf,1,114793,89b9d944e4a75a7e3647fee33c0e80eda38b67acddfee5d6200c2a3b2b9e8c93
2026-09-25,data/raw/conselho_dh/2026-09-25/A_HRC_RES_55_32.pdf,https://documents.un.org/api/symbol/access?s=A/HRC/RES/55/32&l=en&t=pdf,1,141543,e8bb9b260e524ac7e51d58f26326a99aba39e95eacce7336c392b867c8361140
2026-09-25,data/raw/conselho_dh/2026-09-25/A_HRC_RES_56_1.pdf,https://documents.un.org/api/symbol/access?s=A/HRC/RES/56/1&l=en&t=pdf,1,225847,3b2b4afd5f144bfd3d9024aae1148d7ca5b4bbe6ed8efd02b1c042e8ddc7b4b7
2026-09-25,data/raw/conselho_dh/2026-09-25/A_HRC_RES_56_2.pdf,https://documents.un.org/api/symbol/access?s=A/HRC/RES/56/2&l=en&t=pdf,1,138983,81bc913c169339903714bc88d0c8864cadfcade16f1b0833739b49efa416775d
2026-09-25,data/raw/conselho_dh/2026-09-25/A_HRC_RES_56_3.pdf,https://documents.un.org/api/symbol/access?s=A/HRC/RES/56/3&l=en&t=pdf,1,135866,e4545fbd2598140121378ab36be3c85fb5e7ed55b4c76b2bf8fd09006c6e221d
2026-09-25,data/raw/conselho_dh/2026-09-25/A_HRC_RES_56_4.pdf,https://documents.un.org/api/symbol/access?s=A/HRC/RES/56/4&l=en&t=pdf,1,122824,27a16e2b24e5f8a97bcdf8556c08cfb7468ca5e796106c1b9d94fcb96b0db79c
2026-09-25,data/raw/conselho_dh/2026-09-25/A_HRC_RES_56_5.pdf,https://documents.un.org/api/symbol/access?s=A/HRC/RES/56/5&l=en&t=pdf,1,117772,5f1c8b779bbeaf16b1c7f7e479e455601daaba35a9d6b0f1fdade49fe3a2a82e
2026-09-25,data/raw/conselho_dh/2026-09-25/A_HRC_RES_56_6.pdf,https://documents.un.org/api/symbol/access?s=A/HRC/RES/56/6&l=en&t=pdf,1,123212,778995ad7a804681fce8eff918ee46ed920c62f925582fa1469f9ee4622ed2f7
2026-09-25,data/raw/conselho_dh/2026-09-25/A_HRC_RES_56_7.pdf,https://documents.un.org/api/symbol/access?s=A/HRC/RES/56/7&l=en&t=pdf,1,147126,a07e46a1801c03413b04714826917b906503197fcb46cc39ff5d69f36b8ccc4a
2026-09-25,data/raw/conselho_dh/2026-09-25/A_HRC_RES_56_8.pdf,https://documents.un.org/api/symbol/access?s=A/HRC/RES/56/8&l=en&t=pdf,1,150438,4df1ffb096ed8f277831b6536824f60070974c643d9cd4c3e9e27070d187edcb
2026-09-25,data/raw/conselho_dh/2026-09-25/A_HRC_RES_56_9.pdf,https://documents.un.org/api/symbol/access?s=A/HRC/RES/56/9&l=en&t=pdf,1,117011,0c3325ae516e341a36dea2ee51d40be5fe4083374cebc9c4be8575624a515e07
2026-09-25,data/raw/conselho_dh/2026-09-25/A_HRC_RES_56_10.pdf,https://documents.un.org/api/symbol/access?s=A/HRC/RES/56/10&l=en&t=pdf,1,149873,c255fd18d816ddf0bd0c44275107000c2c68ea9391f0ac702aaf7eec766ffb8d
2026-09-25,data/raw/conselho_dh/2026-09-25/A_HRC_RES_56_11.pdf,https://documents.un.org/api/symbol/access?s=A/HRC/RES/56/11&l=en&t=pdf,1,129482,9052abf3793ad845f28bdf516dc23744a7febe875e74a759a7d7b7e47ddf8ae2
2026-09-25,data/raw/conselho_dh/2026-09-25/A_HRC_RES_56_12.pdf,https://documents.un.org/api/symbol/access?s=A/HRC/RES/56/12&l=en&t=pdf,1,109744,5e5dd661c2950d88979f7076339115a0f2c146d47707b8daea9ebe0f16ba0df6
2026-09-25,data/raw/conselho_dh/2026-09-25/A_HRC_RES_56_13.pdf,https://documents.un.org/api/symbol/access?s=A/HRC/RES/56/13&l=en&t=pdf,1,118798,6b6a3839e48db73725e152ec26d57f10009520045806bb347d310383602328bb
2026-09-25,data/raw/conselho_dh/2026-09-25/A_HRC_RES_56_14.pdf,https://documents.un.org/api/symbol/access?s=A/HRC/RES/56/14&l=en&t=pdf,1,119174,7839069022746dcea8e7d68b1af612907c36881c9ccc711051f46c6e7ceac22b
2026-09-25,data/raw/conselho_dh/2026-09-25/A_HRC_RES_56_15.pdf,https://documents.un.org/api/symbol/access?s=A/HRC/RES/56/15&l=en&t=pdf,1,103984,224a3820ea5124b86c9ee28ac6b99c61c4d9cc47992332bcddad0797e427994e
2026-09-25,data/raw/conselho_dh/2026-09-25/A_HRC_RES_56_16.pdf,https://documents.un.org/api/symbol/access?s=A/HRC/RES/56/16&l=en&t=pdf,1,95164,6fc0362856c8cccdf126d1097f702841972b6dd16662b2a1945f0c1163311ba9
2026-09-25,data/raw/conselho_dh/2026-09-25/A_HRC_RES_56_17.pdf,https://documents.un.org/api/symbol/access?s=A/HRC/RES/56/17&l=en&t=pdf,1,110690,1cb6524222d9bf91eb2f7e74f6d8526c56b783adc8eaa56a105d1fb994198168
2026-09-25,data/raw/conselho_dh/2026-09-25/A_HRC_RES_56_18.pdf,https://documents.un.org/api/symbol/access?s=A/HRC/RES/56/18&l=en&t=pdf,1,107323,1add028f7212254da206a5c52b6352220c3eda337746bba6d94c96792fc5f4b9
2026-09-25,data/raw/conselho_dh/2026-09-25/A_HRC_RES_56_19.pdf,https://documents.un.org/api/symbol/access?s=A/HRC/RES/56/19&l=en&t=pdf,1,105673,132ff82110733cc74dba304089f629c13c9e21c649f008b3b9cf64f19fa9c7ed
2026-09-25,data/raw/conselho_dh/2026-09-25/A_HRC_RES_56_20.pdf,https://documents.un.org/api/symbol/access?s=A/HRC/RES/56/20&l=en&t=pdf,1,160332,b3d73988a5e5d4e52dca9f5e9d8874d8c79799be5f2a2aef92f4a782aafd923f
2026-09-25,data/raw/conselho_dh/2026-09-25/A_HRC_RES_56_21.pdf,https://documents.un.org/api/symbol/access?s=A/HRC/RES/56/21&l=en&t=pdf,1,147967,0346ddb7b741a537501edc0ce743e70543035304f3a2894fcaa163e68fd08187
2026-09-25,data/raw/conselho_dh/2026-09-25/A_HRC_RES_56_22.pdf,https://documents.un.org/api/symbol/access?s=A/HRC/RES/56/22&l=en&t=pdf,1,167217,21db69ec9cbdbfd8be2b207504485c32515555425b7f7327e731a589011fc6c6
2026-09-25,data/raw/conselho_dh/2026-09-25/A_HRC_RES_57_1.pdf,https://documents.un.org/api/symbol/access?s=A/HRC/RES/57/1&l=en&t=pdf,1,93890,cb6a8400dfe77c984dd2b05d95ca03bd0213047ca0e0716d7fa9bcc90b43e5dd
2026-09-25,data/raw/conselho_dh/2026-09-25/A_HRC_RES_57_2.pdf,https://documents.un.org/api/symbol/access?s=A/HRC/RES/57/2&l=en&t=pdf,1,139067,2f33398cbe7db4b8e0a883d8b99e03eac422256d8e121815f769b0b5b2841697
2026-09-25,data/raw/conselho_dh/2026-09-25/A_HRC_RES_57_3.pdf,https://documents.un.org/api/symbol/access?s=A/HRC/RES/57/3&l=en&t=pdf,1,152958,8ba7c0038ebb863721246dee6f2ce28985eda77a90df83a5f72088ca0f516c0f
2026-09-25,data/raw/conselho_dh/2026-09-25/A_HRC_RES_57_4.pdf,https://documents.un.org/api/symbol/access?s=A/HRC/RES/57/4&l=en&t=pdf,1,102979,54d66855035ef8bfa1a23dd1dc1e7313d9b97930b8f73bad8d203dbd6aaf62f4
2026-09-25,data/raw/conselho_dh/2026-09-25/A_HRC_RES_57_5.pdf,https://documents.un.org/api/symbol/access?s=A/HRC/RES/57/5&l=en&t=pdf,1,130756,388e16fbe0db2818eba5f0768df9d4217ca1f96a405e69b45d773a02093caf44
2026-09-25,data/raw/conselho_dh/2026-09-25/A_HRC_RES_57_6.pdf,https://documents.un.org/api/symbol/access?s=A/HRC/RES/57/6&l=en&t=pdf,1,135200,79c5a79cda42808b204a94bde9e9b564b296a971c9afc1c8e07a8291dbf90185
2026-09-25,data/raw/conselho_dh/2026-09-25/A_HRC_RES_57_7.pdf,https://documents.un.org/api/symbol/access?s=A/HRC/RES/57/7&l=en&t=pdf,1,121693,2d40cee87e52e72d65d4c89394cc8e93f4c53b6a104084f765ed4954dd6f0b7c
2026-09-25,data/raw/conselho_dh/2026-09-25/A_HRC_RES_57_8.pdf,https://documents.un.org/api/symbol/access?s=A/HRC/RES/57/8&l=en&t=pdf,1,120711,96f249a289f912a6cdf68cefff4879e4688d63317989f80ddabb9b3c34415983
2026-09-25,data/raw/conselho_dh/2026-09-25/A_HRC_RES_57_9.pdf,https://documents.un.org/api/symbol/access?s=A/HRC/RES/57/9&l=en&t=pdf,1,122371,92e476985d5c19e9ad0d849329e30e490d328abad24c7b81da293d03889d9ea4
2026-09-25,data/raw/conselho_dh/2026-09-25/A_HRC_RES_57_10.pdf,https://documents.un.org/api/symbol/access?s=A/HRC/RES/57/10&l=en&t=pdf,1,109881,ade62dced578817fa7d7ea80d2f6d508942acb4dc7f572c97d447bfd39c328a6
2026-09-25,data/raw/conselho_dh/2026-09-25/A_HRC_RES_57_11.pdf,https://documents.un.org/api/symbol/access?s=A/HRC/RES/57/11&l=en&t=pdf,1,138976,7e46bd748eebe1645070e11ebb461f7316594f5dfec55f28694cf62deeeed304
2026-09-25,data/raw/conselho_dh/2026-09-25/A_HRC_RES_57_12.pdf,https://documents.un.org/api/symbol/access?s=A/HRC/RES/57/12&l=en&t=pdf,1,130385,760da10856878d1db7d6e2f89517fd1ec67b3b3a14bba4a4ae3800dfceca0513
2026-09-25,data/raw/conselho_dh/2026-09-25/A_HRC_RES_57_13.pdf,https://documents.un.org/api/symbol/access?s=A/HRC/RES/57/13&l=en&t=pdf,1,146367,84dede961d9511134bf16342c98512a5f96c1540c53d082fa0929f67377a15c5
2026-09-25,data/raw/conselho_dh/2026-09-25/A_HRC_RES_57_14.pdf,https://documents.un.org/api/symbol/access?s=A/HRC/RES/57/14&l=en&t=pdf,1,190276,e586d50dff441c202bf0e63bc4a4bb98212fd73e49ee72cb58cf2070f1c7d4f4
2026-09-25,data/raw/conselho_dh/2026-09-25/A_HRC_RES_57_15.pdf,https://documents.un.org/api/symbol/access?s=A/HRC/RES/57/15&l=en&t=pdf,1,155540,587c124be2868f257889114337bc9b47f7728de05e4e1f0eeaf634c121bc0d64
2026-09-25,data/raw/conselho_dh/2026-09-25/A_HRC_RES_57_16.pdf,https://documents.un.org/api/symbol/access?s=A/HRC/RES/57/16&l=en&t=pdf,1,105749,7f0ff4b66bfe758e2ec69a774bd63525e874ecba1a76712786708eb508375366
2026-09-25,data/raw/conselho_dh/2026-09-25/A_HRC_RES_57_17.pdf,https://documents.un.org/api/symbol/access?s=A/HRC/RES/57/17&l=en&t=pdf,1,122584,562239479d693a167b12b35954e371464d44a67c85eb3d353fe9973048cbcb89
2026-09-25,data/raw/conselho_dh/2026-09-25/A_HRC_RES_57_18.pdf,https://documents.un.org/api/symbol/access?s=A/HRC/RES/57/18&l=en&t=pdf,1,151749,7598a10ddff2d509fba7e7efda3c48354301ca3f67ec18c2979c95df4e0a479b
2026-09-25,data/raw/conselho_dh/2026-09-25/A_HRC_RES_57_19.pdf,https://documents.un.org/api/symbol/access?s=A/HRC/RES/57/19&l=en&t=pdf,1,137664,983ac79ffdd98d4b4328785d0c49268096cef72966dbb0e370117fc2d52288b0
2026-09-25,data/raw/conselho_dh/2026-09-25/A_HRC_RES_57_20.pdf,https://documents.un.org/api/symbol/access?s=A/HRC/RES/57/20&l=en&t=pdf,1,162587,6df6807de8a57416afd75c9e459e942eb0d033d18a21ebb6f10781b3e992b3f3
2026-09-25,data/raw/conselho_dh/2026-09-25/A_HRC_RES_57_21.pdf,https://documents.un.org/api/symbol/access?s=A/HRC/RES/57/21&l=en&t=pdf,1,168774,b5e6e3a2711bd3df586a496bfae1fc419f7a6e6c0a51dc04279fd59cbdc261b6
2026-09-25,data/raw/conselho_dh/2026-09-25/A_HRC_RES_57_22.pdf,https://documents.un.org/api/symbol/access?s=A/HRC/RES/57/22&l=en&t=pdf,1,153467,52f5a4c3e724dbd9355e0798d07f311965bc6b668adb79803efa2da54ab96481
2026-09-25,data/raw/conselho_dh/2026-09-25/A_HRC_RES_57_23.pdf,https://documents.un.org/api/symbol/access?s=A/HRC/RES/57/23&l=en&t=pdf,1,140888,d078facce3eaf51569adae59c0fdb41add3c18f26af99a39a020025afe7ed376
2026-09-25,data/raw/conselho_dh/2026-09-25/A_HRC_RES_57_24.pdf,https://documents.un.org/api/symbol/access?s=A/HRC/RES/57/24&l=en&t=pdf,1,117815,acb178326ce24c21a1d99f08d0d01ad458bc480603be710fbe6127580931b612
2026-09-25,data/raw/conselho_dh/2026-09-25/A_HRC_RES_57_25.pdf,https://documents.un.org/api/symbol/access?s=A/HRC/RES/57/25&l=en&t=pdf,1,158190,e41340cd6bb6529ec8555e0785365d54346b7a056adae0af7b6eed7939f85167
2026-09-25,data/raw/conselho_dh/2026-09-25/A_HRC_RES_57_26.pdf,https://documents.un.org/api/symbol/access?s=A/HRC/RES/57/26&l=en&t=pdf,1,108651,5c7eaa6d396626b8c27f71f1a1820fe8d3428964b3f1b37d43a9c79c7bbeacb7
2026-09-25,data/raw/conselho_dh/2026-09-25/A_HRC_RES_57_27.pdf,https://documents.un.org/api/symbol/access?s=A/HRC/RES/57/27&l=en&t=pdf,1,152514,d55fb57c7d58597cda8270f9f0101bf2c259ac0c375510969e01947f437bf431
2026-09-25,data/raw/conselho_dh/2026-09-25/A_HRC_RES_57_28.pdf,https://documents.un.org/api/symbol/access?s=A/HRC/RES/57/28&l=en&t=pdf,1,110071,35c272c24012acf408dc1241f169cd7404196d75332c041157f2d5a17a9fc608
2026-09-25,data/raw/conselho_dh/2026-09-25/A_HRC_RES_57_29.pdf,https://documents.un.org/api/symbol/access?s=A/HRC/RES/57/29&l=en&t=pdf,1,132194,107115d54fee43dd711268f39c6a2d1fbdfedaa41cc1871aade61e44a6e3ef34
2026-09-25,data/raw/conselho_dh/2026-09-25/A_HRC_RES_57_30.pdf,https://documents.un.org/api/symbol/access?s=A/HRC/RES/57/30&l=en&t=pdf,1,179037,54ac2351bd764abee9c37bb26e1cadffdcd003fa04eb80b00f25f54aab7d4644
2026-09-25,data/raw/conselho_dh/2026-09-25/A_HRC_RES_57_31.pdf,https://documents.un.org/api/symbol/access?s=A/HRC/RES/57/31&l=en&t=pdf,1,116569,9a4ab287bbab159aa46e5cc9422b5e5b871de242cded3c38a520943fad466c03
2026-09-25,data/raw/conselho_dh/2026-09-25/A_HRC_RES_57_32.pdf,https://documents.un.org/api/symbol/access?s=A/HRC/RES/57/32&l=en&t=pdf,1,222802,e9cb5861fe958710362f65c9dcba40e8e46d8d408fe0c3cca3a4388d66c9a570
2026-09-25,data/raw/conselho_dh/2026-09-25/A_HRC_RES_57_33.pdf,https://documents.un.org/api/symbol/access?s=A/HRC/RES/57/33&l=en&t=pdf,1,120800,e982b87916fff4235812f3a6017ced0408e0f60f576e384689df7e33a144b7c3
2026-09-25,data/raw/conselho_dh/2026-09-25/A_HRC_RES_57_34.pdf,https://documents.un.org/api/symbol/access?s=A/HRC/RES/57/34&l=en&t=pdf,1,128439,a55cf8686861b4a6145eab1c33b7ec681d701568ea2402034314a1a8fe5d3ea5
2026-09-25,data/raw/conselho_dh/2026-09-25/A_HRC_RES_57_35.pdf,https://documents.un.org/api/symbol/access?s=A/HRC/RES/57/35&l=en&t=pdf,1,214021,1adabf9e634fa76de07fa4f7feb618b189c4baa0a91bcad531c86163c4420e49
2026-09-25,data/raw/conselho_dh/2026-09-25/A_HRC_RES_57_36.pdf,https://documents.un.org/api/symbol/access?s=A/HRC/RES/57/36&l=en&t=pdf,1,166597,1291fed007333e1c8f6fdcafbe0d6cdb998b6693ba5c3e40b7a48a61a567c3e7
2026-09-25,data/raw/conselho_dh/2026-09-25/A_HRC_RES_57_37.pdf,https://documents.un.org/api/symbol/access?s=A/HRC/RES/57/37&l=en&t=pdf,1,118467,8d2298e4e0151c468291839c3baced052334cf42bfee7b0e9004247747ceb0c3
2026-09-25,data/raw/conselho_dh/2026-09-25/A_HRC_RES_58_1.pdf,https://documents.un.org/api/symbol/access?s=A/HRC/RES/58/1&l=en&t=pdf,1,134489,ce58a4787ccd19802ec6f10aa1e1fe80c0ecabf2b21248334c4b659f6dce90ee
2026-09-25,data/raw/conselho_dh/2026-09-25/A_HRC_RES_58_2.pdf,https://documents.un.org/api/symbol/access?s=A/HRC/RES/58/2&l=en&t=pdf,1,159351,91279820f53be2e01789e654025e74152891bc5265b66c059acd009059622d4f
2026-09-25,data/raw/conselho_dh/2026-09-25/A_HRC_RES_58_3.pdf,https://documents.un.org/api/symbol/access?s=A/HRC/RES/58/3&l=en&t=pdf,1,170268,993b1bc302d7e31aa94a52c8b2c9de5033bd1764eb80c751b59692fdc49c617d
2026-09-25,data/raw/conselho_dh/2026-09-25/A_HRC_RES_58_4.pdf,https://documents.un.org/api/symbol/access?s=A/HRC/RES/58/4&l=en&t=pdf,1,132995,0bd4113e36d3e3c4b31a536a9a7c18157451326f4e2d78f1b8277e9f69e1767a
2026-09-25,data/raw/conselho_dh/2026-09-25/A_HRC_RES_58_5.pdf,https://documents.un.org/api/symbol/access?s=A/HRC/RES/58/5&l=en&t=pdf,1,118981,fd01e85a3b132a3705ec71ff62e43d83411f6780e43f8d0b8516b351d46c5dd9
2026-09-25,data/raw/conselho_dh/2026-09-25/A_HRC_RES_58_6.pdf,https://documents.un.org/api/symbol/access?s=A/HRC/RES/58/6&l=en&t=pdf,1,114805,1da001e2eb0e396deb3851a6b16b8f9da4b8da05fcc8bdbc7e0592ac61b6ca3a
2026-09-25,data/raw/conselho_dh/2026-09-25/A_HRC_RES_58_7.pdf,https://documents.un.org/api/symbol/access?s=A/HRC/RES/58/7&l=en&t=pdf,1,168521,d409e7a60450c3dc1a5def2c33dce91d35a4512589418ecfac61073c85918bc6
2026-09-25,data/raw/conselho_dh/2026-09-25/A_HRC_RES_58_8.pdf,https://documents.un.org/api/symbol/access?s=A/HRC/RES/58/8&l=en&t=pdf,1,126528,89e335db0111929a21c1165b3048d1f1c6f5c17fce9e2a2826549e9a5d2d77c1
2026-09-25,data/raw/conselho_dh/2026-09-25/A_HRC_RES_58_9.pdf,https://documents.un.org/api/symbol/access?s=A/HRC/RES/58/9&l=en&t=pdf,1,145904,b9866a53cab0cfb561bfe88cf215f1f65782c408d89ab08ffa6eef17b21f2f89
2026-09-25,data/raw/conselho_dh/2026-09-25/A_HRC_RES_58_10.pdf,https://documents.un.org/api/symbol/access?s=A/HRC/RES/58/10&l=en&t=pdf,1,103847,41470201336a21198bc3efddd30a4feaa9c48b30da4172787d40e61309c0d443
2026-09-25,data/raw/conselho_dh/2026-09-25/A_HRC_RES_58_11.pdf,https://documents.un.org/api/symbol/access?s=A/HRC/RES/58/11&l=en&t=pdf,1,107409,49f3ff3316621e0f5f8053f9212e89b51b53b00c79615af67113a1e05737598d
2026-09-25,data/raw/conselho_dh/2026-09-25/A_HRC_RES_58_12.pdf,https://documents.un.org/api/symbol/access?s=A/HRC/RES/58/12&l=en&t=pdf,1,124567,2e18d204b9d452a38a889a51544d8073dd785c90aba4eb6ebf76d52804cf6e67
2026-09-25,data/raw/conselho_dh/2026-09-25/A_HRC_RES_58_13.pdf,https://documents.un.org/api/symbol/access?s=A/HRC/RES/58/13&l=en&t=pdf,1,109649,59fa88c0071ae83f7f9a33fc66836e16aa7d34d910550b3ca11b6dbdc0c08517
2026-09-25,data/raw/conselho_dh/2026-09-25/A_HRC_RES_58_14.pdf,https://documents.un.org/api/symbol/access?s=A/HRC/RES/58/14&l=en&t=pdf,1,103032,bbc49c404ba350c2f29b070894ab162615a66798020d69e8efab503dcd460dbd
2026-09-25,data/raw/conselho_dh/2026-09-25/A_HRC_RES_58_15.pdf,https://documents.un.org/api/symbol/access?s=A/HRC/RES/58/15&l=en&t=pdf,1,108767,5908987b389e87afe3b348fe2fd73948f03dd5de9ef9a902212a0c2f1906cc9d
2026-09-25,data/raw/conselho_dh/2026-09-25/A_HRC_RES_58_16.pdf,https://documents.un.org/api/symbol/access?s=A/HRC/RES/58/16&l=en&t=pdf,1,148637,2253dd5da0153eeb1f6743adb244b6886e1de14a2a4ff855b14d62e455f18ec1
2026-09-25,data/raw/conselho_dh/2026-09-25/A_HRC_RES_58_17.pdf,https://documents.un.org/api/symbol/access?s=A/HRC/RES/58/17&l=en&t=pdf,1,266262,4a3f5202489e9d9e3d18df6c37c53ad359b230ef4f5c9487dd6f75d6f1d3d3d8
2026-09-25,data/raw/conselho_dh/2026-09-25/A_HRC_RES_58_18.pdf,https://documents.un.org/api/symbol/access?s=A/HRC/RES/58/18&l=en&t=pdf,1,196772,aa07894557d917a1c71bdcca0b84de8caef0480bb638ed809c0db4cc0f4c9add
2026-09-25,data/raw/conselho_dh/2026-09-25/A_HRC_RES_58_19.pdf,https://documents.un.org/api/symbol/access?s=A/HRC/RES/58/19&l=en&t=pdf,1,175339,72427c44909c440fa7ccb5c3712fd7ffe29fb96452bc229e63abaed8cb797df9
2026-09-25,data/raw/conselho_dh/2026-09-25/A_HRC_RES_58_20.pdf,https://documents.un.org/api/symbol/access?s=A/HRC/RES/58/20&l=en&t=pdf,1,233463,d1d421290ceaebb0902d3dbb9136a8d31a55ef7f065e6f4586f081272a3826b5
2026-09-25,data/raw/conselho_dh/2026-09-25/A_HRC_RES_58_21.pdf,https://documents.un.org/api/symbol/access?s=A/HRC/RES/58/21&l=en&t=pdf,1,156121,04eddd43ca3dfd4408a79a6cf3235b55bd0165a4867ffdb49818ecd0a3936ed5
2026-09-25,data/raw/conselho_dh/2026-09-25/A_HRC_RES_58_22.pdf,https://documents.un.org/api/symbol/access?s=A/HRC/RES/58/22&l=en&t=pdf,1,144911,5b8ff145aa5d65655167d0cc7f23421bfc89031846504206b0ae205cdd6f9664
2026-09-25,data/raw/conselho_dh/2026-09-25/A_HRC_RES_58_23.pdf,https://documents.un.org/api/symbol/access?s=A/HRC/RES/58/23&l=en&t=pdf,1,143109,e535e0beeea4dd80b08805cc4f6f8bf64f434cd563f8c05c13da28c8ea630e30
2026-09-25,data/raw/conselho_dh/2026-09-25/A_HRC_RES_58_24.pdf,https://documents.un.org/api/symbol/access?s=A/HRC/RES/58/24&l=en&t=pdf,1,251684,438b6ef1ddfcda6fc8789cc67211d36cd65925959e6d1325be08e1483b8ff405
2026-09-25,data/raw/conselho_dh/2026-09-25/A_HRC_RES_58_25.pdf,https://documents.un.org/api/symbol/access?s=A/HRC/RES/58/25&l=en&t=pdf,1,166383,4b9e99dec2cbcd5b3a454acdc7d2c809faa3936d99a5ba336d4102f5bd0697ec
2026-09-25,data/raw/conselho_dh/2026-09-25/A_HRC_RES_58_26.pdf,https://documents.un.org/api/symbol/access?s=A/HRC/RES/58/26&l=en&t=pdf,1,116274,8e4e149519e5f267a76811d21d0cb91004f934a36f7779a3010265cab78da777
2026-09-25,data/raw/conselho_dh/2026-09-25/A_HRC_RES_58_27.pdf,https://documents.un.org/api/symbol/access?s=A/HRC/RES/58/27&l=en&t=pdf,1,115528,d5039841eef1a42f8fd4cdfb5b32cf9ab33492e756d478259164125efba57a43
2026-09-25,data/raw/conselho_dh/2026-09-25/A_HRC_RES_58_28.pdf,https://documents.un.org/api/symbol/access?s=A/HRC/RES/58/28&l=en&t=pdf,1,146453,4b957a79b6783e09f23219f92d260b94a16cc7cc4230fa7ec5032320ee94cbc1
2026-09-25,data/raw/conselho_dh/2026-09-25/A_HRC_RES_58_29.pdf,https://documents.un.org/api/symbol/access?s=A/HRC/RES/58/29&l=en&t=pdf,1,121914,230e6c6481553d8050c14b0a03775d52538914f90427239a6dcd300cce06ebe4
2026-09-25,data/raw/conselho_dh/2026-09-25/A_HRC_RES_58_30.pdf,https://documents.un.org/api/symbol/access?s=A/HRC/RES/58/30&l=en&t=pdf,1,123803,e64d6c10f7befbb6a294907fad7ca704dc22085c6091ac3bf2736515106c1a76
2026-09-25,data/raw/conselho_dh/2026-09-25/A_HRC_RES_58_31.pdf,https://documents.un.org/api/symbol/access?s=A/HRC/RES/58/31&l=en&t=pdf,1,119819,3841965d59a0856bcd475626bac6d8ac7dbea893eaafbb38fe32d19538c3de82
2026-09-25,data/raw/conselho_dh/2026-09-25/A_HRC_RES_58_32.pdf,https://documents.un.org/api/symbol/access?s=A/HRC/RES/58/32&l=en&t=pdf,1,136885,9b03eb55136c94238d8fe32825f46ab603d0154c148d221ae697cfd932fbdce4
2026-09-25,data/raw/conselho_dh/2026-09-25/A_HRC_RES_59_1.pdf,https://documents.un.org/api/symbol/access?s=A/HRC/RES/59/1&l=en&t=pdf,1,115050,dbb429d07e80783cbf34e11a4da802d028d0fe272cdb79c618f24dbfdce1d7b9
2026-09-25,data/raw/conselho_dh/2026-09-25/A_HRC_RES_59_2.pdf,https://documents.un.org/api/symbol/access?s=A/HRC/RES/59/2&l=en&t=pdf,1,244601,0efd296725510f3aa2301f9de4a491495a7ddc4b970db89dd0cf6bec4a2f48b6
2026-09-25,data/raw/conselho_dh/2026-09-25/A_HRC_RES_59_3.pdf,https://documents.un.org/api/symbol/access?s=A/HRC/RES/59/3&l=en&t=pdf,1,144891,e13f0ac1cc4269f6d3a9f93cde9cbb529725579499d2621a065a9685de557855
2026-09-25,data/raw/conselho_dh/2026-09-25/A_HRC_RES_59_4.pdf,https://documents.un.org/api/symbol/access?s=A/HRC/RES/59/4&l=en&t=pdf,1,119200,26b13cac2ccff0b877280f07f67a6ebfd3cf7c2e6a0cc414c77b2a572dc66309
2026-09-25,data/raw/conselho_dh/2026-09-25/A_HRC_RES_59_5.pdf,https://documents.un.org/api/symbol/access?s=A/HRC/RES/59/5&l=en&t=pdf,1,104995,eb7e1e23a1be11ca8708f292ace4a1a80630ca7dc9ac80ef510a6175f0d07145
2026-09-25,data/raw/conselho_dh/2026-09-25/A_HRC_RES_59_6.pdf,https://documents.un.org/api/symbol/access?s=A/HRC/RES/59/6&l=en&t=pdf,1,123321,9132f1e9d56e7148b668b18528ff7394896c3d51ffcf7dd2ede6066d982db64b
2026-09-25,data/raw/conselho_dh/2026-09-25/A_HRC_RES_59_7.pdf,https://documents.un.org/api/symbol/access?s=A/HRC/RES/59/7&l=en&t=pdf,1,224167,ff772a4847fb6c34bad4865bbd0ab0d704f8c1848e0a113d5ee684e100a0576e
2026-09-25,data/raw/conselho_dh/2026-09-25/A_HRC_RES_59_8.pdf,https://documents.un.org/api/symbol/access?s=A/HRC/RES/59/8&l=en&t=pdf,1,119384,5b1816e6d56bc52dcb10f29a0c6418da90694f620a285c482c80f41eb7456680
2026-09-25,data/raw/conselho_dh/2026-09-25/A_HRC_RES_59_9.pdf,https://documents.un.org/api/symbol/access?s=A/HRC/RES/59/9&l=en&t=pdf,1,148591,1d7c990a5b04c91e26461da303e4b7974851571719c85649f0cc9d0e890e9411
2026-09-25,data/raw/conselho_dh/2026-09-25/A_HRC_RES_59_10.pdf,https://documents.un.org/api/symbol/access?s=A/HRC/RES/59/10&l=en&t=pdf,1,130991,17f0a02b255660dbbe1c1ae8b44867171dec180e98d89e2121df3cf8ce39cdc8
2026-09-25,data/raw/conselho_dh/2026-09-25/A_HRC_RES_59_11.pdf,https://documents.un.org/api/symbol/access?s=A/HRC/RES/59/11&l=en&t=pdf,1,152653,9b87bd466591b0adac0732be35e15cc32fbd0b3cd57b64d5eee075ab9b0aa31a
2026-09-25,data/raw/conselho_dh/2026-09-25/A_HRC_RES_59_12.pdf,https://documents.un.org/api/symbol/access?s=A/HRC/RES/59/12&l=en&t=pdf,1,150901,b26ccd323068d1b8c6015244efe5778fa7f601e2b21239d91c61646c82402992
2026-09-25,data/raw/conselho_dh/2026-09-25/A_HRC_RES_59_13.pdf,https://documents.un.org/api/symbol/access?s=A/HRC/RES/59/13&l=en&t=pdf,1,121588,823ade8eb5861e9249b4f742b1d9513f772dc69c95f9224eb4b3489f71918b4e
2026-09-25,data/raw/conselho_dh/2026-09-25/A_HRC_RES_59_14.pdf,https://documents.un.org/api/symbol/access?s=A/HRC/RES/59/14&l=en&t=pdf,1,110882,b016f27850a72df9ec56e97ed17da315817d3474306c6be03a7ed08afacb1dca
2026-09-25,data/raw/conselho_dh/2026-09-25/A_HRC_RES_59_15.pdf,https://documents.un.org/api/symbol/access?s=A/HRC/RES/59/15&l=en&t=pdf,1,154731,eace2adc2fb69863a72e0732cc8aa7110a19cd52452e98cb994150f1ba4140e9
2026-09-25,data/raw/conselho_dh/2026-09-25/A_HRC_RES_59_16.pdf,https://documents.un.org/api/symbol/access?s=A/HRC/RES/59/16&l=en&t=pdf,1,178581,c8ff98c79a0dd06e4c23bfabb23b2e775de15dd8729f926c089b8e946cdeecf9
2026-09-25,data/raw/conselho_dh/2026-09-25/A_HRC_RES_59_17.pdf,https://documents.un.org/api/symbol/access?s=A/HRC/RES/59/17&l=en&t=pdf,1,114709,f03bcc720e0e76fdd09d519d0164a5b1ff36bbaa6aa5ee5fbc42fb3b6c472212
2026-09-25,data/raw/conselho_dh/2026-09-25/A_HRC_RES_59_18.pdf,https://documents.un.org/api/symbol/access?s=A/HRC/RES/59/18&l=en&t=pdf,1,182179,a37cb2581e1a55a32d1de509efde939f59280d1e7cd172a8794541cc064758f7
2026-09-25,data/raw/conselho_dh/2026-09-25/A_HRC_RES_59_19.pdf,https://documents.un.org/api/symbol/access?s=A/HRC/RES/59/19&l=en&t=pdf,1,125139,df39727786c6a83a6fc380b1c7d1e64647ce0360859a78b5318b152705ef6e20
2026-09-25,data/raw/conselho_dh/2026-09-25/A_HRC_RES_59_20.pdf,https://documents.un.org/api/symbol/access?s=A/HRC/RES/59/20&l=en&t=pdf,1,158061,591ae1f81c17749e9759c14899b0e64c584e1cdbdf355b3a50ae5e6e2ee78303
2026-09-25,data/raw/conselho_dh/2026-09-25/A_HRC_RES_59_21.pdf,https://documents.un.org/api/symbol/access?s=A/HRC/RES/59/21&l=en&t=pdf,1,118901,66d7786a00aa5a162619f369bd90d706a0609fc0e10c8151b3522348ab41487e
2026-09-25,data/raw/conselho_dh/2026-09-25/A_HRC_RES_59_22.pdf,https://documents.un.org/api/symbol/access?s=A/HRC/RES/59/22&l=en&t=pdf,1,127342,ff21ac41555358d09d8478f8fed51f3f6e29690fc49235198dc73b6f40491b47
2026-09-25,data/raw/conselho_dh/2026-09-25/A_HRC_RES_59_23.pdf,https://documents.un.org/api/symbol/access?s=A/HRC/RES/59/23&l=en&t=pdf,1,107373,30a1333996dfaf1467538a6f837608b481a543a0bac637fde98d16d542ff3255
2026-09-25,data/raw/conselho_dh/2026-09-25/A_HRC_RES_59_24.pdf,https://documents.un.org/api/symbol/access?s=A/HRC/RES/59/24&l=en&t=pdf,1,122313,b3d724587930e220612e07c96693fe3605eb6d185f8bc657fbee2bdd7adb649a
2026-09-25,data/raw/conselho_dh/2026-09-25/A_HRC_RES_59_25.pdf,https://documents.un.org/api/symbol/access?s=A/HRC/RES/59/25&l=en&t=pdf,1,172113,0f7ee133049fe6fad94c739a62d5ff0da3e7a1b24b301c834cd7217b1dc7fa0f
2026-09-25,data/raw/conselho_dh/2026-09-25/A_HRC_RES_60_1.pdf,https://documents.un.org/api/symbol/access?s=A/HRC/RES/60/1&l=en&t=pdf,1,112215,d5122d85b849acdfc8fba4b28314b381a20518fd075754a4b3079a1bc0e4870e
2026-09-25,data/raw/conselho_dh/2026-09-25/A_HRC_RES_60_2.pdf,https://documents.un.org/api/symbol/access?s=A/HRC/RES/60/2&l=en&t=pdf,1,165921,d15df919c9aae346069b48c683ea3472ddfb4eba1f5ad0051785d8155c1fe208
2026-09-25,data/raw/conselho_dh/2026-09-25/A_HRC_RES_60_3.pdf,https://documents.un.org/api/symbol/access?s=A/HRC/RES/60/3&l=en&t=pdf,1,154994,6b80d5eeb80b921c78b23b3cecf1e436bbc03dde5b17bdb4fea5da9f3d66a777
2026-09-25,data/raw/conselho_dh/2026-09-25/A_HRC_RES_60_4.pdf,https://documents.un.org/api/symbol/access?s=A/HRC/RES/60/4&l=en&t=pdf,1,105029,86d5e991237526631ec01091372183cd62be530fe8ecac29c1e750c4d444bd7e
2026-09-25,data/raw/conselho_dh/2026-09-25/A_HRC_RES_60_5.pdf,https://documents.un.org/api/symbol/access?s=A/HRC/RES/60/5&l=en&t=pdf,1,105398,faf04e40ebf2561a94e684f9671bb9516373ff0085f281f14a4186963cf9c91d
2026-09-25,data/raw/conselho_dh/2026-09-25/A_HRC_RES_60_6.pdf,https://documents.un.org/api/symbol/access?s=A/HRC/RES/60/6&l=en&t=pdf,1,125694,73a1823b64bce39fd50690c1a3ed1fcab581e039bd9a4ebb765afa894ff3ba27
2026-09-25,data/raw/conselho_dh/2026-09-25/A_HRC_RES_60_7.pdf,https://documents.un.org/api/symbol/access?s=A/HRC/RES/60/7&l=en&t=pdf,1,142200,4e030739a95ade092db0c46eee5a64c957aab928d688593aa57b7e97089a6f7c
2026-09-25,data/raw/conselho_dh/2026-09-25/A_HRC_RES_60_8.pdf,https://documents.un.org/api/symbol/access?s=A/HRC/RES/60/8&l=en&t=pdf,1,113933,4b7e6584624d9afcea6586a97a24b80750fe0e95fe8123bc3513ae0846215654
2026-09-25,data/raw/conselho_dh/2026-09-25/A_HRC_RES_60_9.pdf,https://documents.un.org/api/symbol/access?s=A/HRC/RES/60/9&l=en&t=pdf,1,104013,d4850c5abb092b57ae989d77d936d9bc0733e990bef343d7ebd3045eb4553d96
2026-09-25,data/raw/conselho_dh/2026-09-25/A_HRC_RES_60_10.pdf,https://documents.un.org/api/symbol/access?s=A/HRC/RES/60/10&l=en&t=pdf,1,107790,05914651e95c442cca85de13533a146b34daa7c7eca1b796f70f6de8c42067b9
2026-09-25,data/raw/conselho_dh/2026-09-25/A_HRC_RES_60_11.pdf,https://documents.un.org/api/symbol/access?s=A/HRC/RES/60/11&l=en&t=pdf,1,157313,0e607e0d229d1197fc711412740073cb0f1ae04997510fe5e431ecf2f51fb3bf
2026-09-25,data/raw/conselho_dh/2026-09-25/A_HRC_RES_60_12.pdf,https://documents.un.org/api/symbol/access?s=A/HRC/RES/60/12&l=en&t=pdf,1,119647,95fba10f22b3de0b6b9abc556b2f49e93283112cfc31cde158869b2b1443f449
2026-09-25,data/raw/conselho_dh/2026-09-25/A_HRC_RES_60_13.pdf,https://documents.un.org/api/symbol/access?s=A/HRC/RES/60/13&l=en&t=pdf,1,164788,ee25feffaf58a14dd6d53085bcda6d0468f3e84d7c3c402f7e14f34c633686d7
2026-09-25,data/raw/conselho_dh/2026-09-25/A_HRC_RES_60_14.pdf,https://documents.un.org/api/symbol/access?s=A/HRC/RES/60/14&l=en&t=pdf,1,125184,a7404d9cfa0620f1f3de66cc21b60488a8734ff38434872cff0f4b09110ada8c
2026-09-25,data/raw/conselho_dh/2026-09-25/A_HRC_RES_60_15.pdf,https://documents.un.org/api/symbol/access?s=A/HRC/RES/60/15&l=en&t=pdf,1,160261,beee2d20f84c22b0b572d1eec46cbf9d134a564f07a6d3ff62d2c667c045584c
2026-09-25,data/raw/conselho_dh/2026-09-25/A_HRC_RES_60_16.pdf,https://documents.un.org/api/symbol/access?s=A/HRC/RES/60/16&l=en&t=pdf,1,164257,ed22a5d721a0f14299cd17f42cd3b4fd3ac578a34b02588f972dac37a4e9bf13
2026-09-25,data/raw/conselho_dh/2026-09-25/A_HRC_RES_60_17.pdf,https://documents.un.org/api/symbol/access?s=A/HRC/RES/60/17&l=en&t=pdf,1,135807,efcaae8aea32ee953d7dab1d17be9532449faf24569e1e271dea5bc2f2b50022
2026-09-25,data/raw/conselho_dh/2026-09-25/A_HRC_RES_60_18.pdf,https://documents.un.org/api/symbol/access?s=A/HRC/RES/60/18&l=en&t=pdf,1,155251,8fa72ef35defaf3d69f271e6c540c5825e960a30c4c2c26324054473d32c44b7
2026-09-25,data/raw/conselho_dh/2026-09-25/A_HRC_RES_60_19.pdf,https://documents.un.org/api/symbol/access?s=A/HRC/RES/60/19&l=en&t=pdf,1,125989,a781d6943cdb77634cf33ebf68f3eb0b4391006c9d5550b1795fc0ca9b2c264b
2026-09-25,data/raw/conselho_dh/2026-09-25/A_HRC_RES_60_20.pdf,https://documents.un.org/api/symbol/access?s=A/HRC/RES/60/20&l=en&t=pdf,1,116218,df15668a93f33ae3ea050ef446cad8c679e0c592b8aaac088f1592d83400c030
2026-09-25,data/raw/conselho_dh/2026-09-25/A_HRC_RES_60_21.pdf,https://documents.un.org/api/symbol/access?s=A/HRC/RES/60/21&l=en&t=pdf,1,181999,121a739893db19839a044e437971e30ce7ed3c1e03c365fdfa60c0d2d8065655
2026-09-25,data/raw/conselho_dh/2026-09-25/A_HRC_RES_60_22.pdf,https://documents.un.org/api/symbol/access?s=A/HRC/RES/60/22&l=en&t=pdf,1,165912,0d2ca8f7025196330cfbaeada750a78cb0f8d46227a386829cc2c04b170ebe5e
2026-09-25,data/raw/conselho_dh/2026-09-25/A_HRC_RES_60_23.pdf,https://documents.un.org/api/symbol/access?s=A/HRC/RES/60/23&l=en&t=pdf,1,128443,01f416f408acbb7255c3fbb88f33477e80a6f880a5c08e73c07d16e3da6e27de
2026-09-25,data/raw/conselho_dh/2026-09-25/A_HRC_RES_60_24.pdf,https://documents.un.org/api/symbol/access?s=A/HRC/RES/60/24&l=en&t=pdf,1,117573,019c3f98efd68394807d00ad908ac84ed042acee099f8392f3a4a2e668114ac6
2026-09-25,data/raw/conselho_dh/2026-09-25/A_HRC_RES_60_25.pdf,https://documents.un.org/api/symbol/access?s=A/HRC/RES/60/25&l=en&t=pdf,1,105200,c48a44435b089b0351f2763d879c0ca0a7c008291f2c35c7b25433977b5df0eb
2026-09-25,data/raw/conselho_dh/2026-09-25/A_HRC_RES_60_26.pdf,https://documents.un.org/api/symbol/access?s=A/HRC/RES/60/26&l=en&t=pdf,1,146720,f68c1b02be969c59b54536642c49798d9f987c4272aedbb053acf9ba55b7e722
2026-09-25,data/raw/conselho_dh/2026-09-25/A_HRC_RES_60_27.pdf,https://documents.un.org/api/symbol/access?s=A/HRC/RES/60/27&l=en&t=pdf,1,121485,fda6077b8beba1c70d811cdb1912a5a0ea4c29d9eb9746ffbfa2be02c39c367a
2026-09-25,data/raw/conselho_dh/2026-09-25/A_HRC_RES_60_28.pdf,https://documents.un.org/api/symbol/access?s=A/HRC/RES/60/28&l=en&t=pdf,1,159093,388da64dae72a10845ac615ed9e9f7d8291be1b3a0c0896db3cd77df2eb6148d
2026-09-25,data/raw/conselho_dh/2026-09-25/A_HRC_RES_60_29.pdf,https://documents.un.org/api/symbol/access?s=A/HRC/RES/60/29&l=en&t=pdf,1,165733,22a4d4eae752b3d95ed96d1791aaa8f5c9891dd8ab0bea65688aa1148fc16d7a
2026-09-25,data/raw/conselho_dh/2026-09-25/A_HRC_RES_60_30.pdf,https://documents.un.org/api/symbol/access?s=A/HRC/RES/60/30&l=en&t=pdf,1,127615,47ffe3e5110c62da2f48170f8d41e981134134a8d2cedf109aef05372968b75a
2026-09-25,data/raw/conselho_dh/2026-09-25/A_HRC_RES_60_31.pdf,https://documents.un.org/api/symbol/access?s=A/HRC/RES/60/31&l=en&t=pdf,1,121471,67b6f742aa3f9b3100e277c257f825d177f02cf25c8ffb2467c4fb0ea42276e1
2026-09-25,data/raw/conselho_dh/2026-09-25/A_HRC_RES_60_32.pdf,https://documents.un.org/api/symbol/access?s=A/HRC/RES/60/32&l=en&t=pdf,1,101138,796967b7655d5078e2339f2b92c4a000b3b263c0209ca07dc229e351e637ff12
2026-09-25,data/raw/conselho_dh/2026-09-25/A_HRC_RES_60_33.pdf,https://documents.un.org/api/symbol/access?s=A/HRC/RES/60/33&l=en&t=pdf,1,134316,8a6819dbc659a8f996663d586c84edbbd67d1f965cfcea30cb7fbe45f6d4328d
2026-09-25,data/raw/conselho_dh/2026-09-25/A_HRC_RES_60_34.pdf,https://documents.un.org/api/symbol/access?s=A/HRC/RES/60/34&l=en&t=pdf,1,179145,24cbf88422ec83a18136fa55ea00deb9e719dba49be1fa9f4c1327d45e568668
2026-09-25,data/raw/conselho_dh/2026-09-25/A_HRC_RES_60_35.pdf,https://documents.un.org/api/symbol/access?s=A/HRC/RES/60/35&l=en&t=pdf,1,131977,8d06db82b7676d9227e2c8c7d5aa75c0e3c3494d9728d45f072842668ae9b18a
2026-09-25,data/raw/conselho_dh/2026-09-25/A_HRC_RES_61_1.pdf,https://documents.un.org/api/symbol/access?s=A/HRC/RES/61/1&l=en&t=pdf,1,184397,61933ac7950aba06389179ee1f851c3f31bdc4ed845068d234c75d480b35870b
2026-09-25,data/raw/conselho_dh/2026-09-25/A_HRC_RES_61_2.pdf,https://documents.un.org/api/symbol/access?s=A/HRC/RES/61/2&l=en&t=pdf,1,208586,a94b9f9681cb8a303c10bc52af4c53311294251d275983d813a047c44bf455d4
2026-09-25,data/raw/conselho_dh/2026-09-25/A_HRC_RES_61_3.pdf,https://documents.un.org/api/symbol/access?s=A/HRC/RES/61/3&l=en&t=pdf,1,203016,e98b9161dfeeee04968419852d70c3680035eae3ab9ffbf1613da36f851ba26b
2026-09-25,data/raw/conselho_dh/2026-09-25/A_HRC_RES_61_4.pdf,https://documents.un.org/api/symbol/access?s=A/HRC/RES/61/4&l=en&t=pdf,1,240588,7048aa4f39aeaee982d6b57c54f68493e8e50a33c0b1cce9a42a00ba9139f9bd
2026-09-25,data/raw/conselho_dh/2026-09-25/A_HRC_RES_61_5.pdf,https://documents.un.org/api/symbol/access?s=A/HRC/RES/61/5&l=en&t=pdf,1,171504,c5fd956b6833c68d9fbbb601edac4de85a4012794dddcbc566efebfff3d039f2
2026-09-25,data/raw/conselho_dh/2026-09-25/A_HRC_RES_61_6.pdf,https://documents.un.org/api/symbol/access?s=A/HRC/RES/61/6&l=en&t=pdf,1,227576,0f84cdbfcca01db8e4760eb31297ac2c7925e6bed426f837338d1df9cb554636
2026-09-25,data/raw/conselho_dh/2026-09-25/A_HRC_RES_61_7.pdf,https://documents.un.org/api/symbol/access?s=A/HRC/RES/61/7&l=en&t=pdf,1,172493,be732b272abc79dccfa76050b6267fca4fb80bc505d6f8a3e11b86a2f846f8c6
2026-09-25,data/raw/conselho_dh/2026-09-25/A_HRC_RES_61_8.pdf,https://documents.un.org/api/symbol/access?s=A/HRC/RES/61/8&l=en&t=pdf,1,169220,5b7c31849a4aa0fbbf54799e78ba2c58db8f8c6346ce44bbf21e2571995a4c8d
2026-09-25,data/raw/conselho_dh/2026-09-25/A_HRC_RES_61_9.pdf,https://documents.un.org/api/symbol/access?s=A/HRC/RES/61/9&l=en&t=pdf,1,209833,0b397424553f4b2e87a34171b9b779de69e7e89f007dfc91d562f150979ddc6a
2026-09-25,data/raw/conselho_dh/2026-09-25/A_HRC_RES_61_10.pdf,https://documents.un.org/api/symbol/access?s=A/HRC/RES/61/10&l=en&t=pdf,1,173902,b4b3d210745100c9fddcf85b3830a1f7d787696c93968f90dbe080be28c924f7
2026-09-25,data/raw/conselho_dh/2026-09-25/A_HRC_RES_61_11.pdf,https://documents.un.org/api/symbol/access?s=A/HRC/RES/61/11&l=en&t=pdf,1,188882,7800749b40006f7e1d6acddb348ac8d542393534b171e3f286289f16cdb26a4e
2026-09-25,data/raw/conselho_dh/2026-09-25/A_HRC_RES_61_12.pdf,https://documents.un.org/api/symbol/access?s=A/HRC/RES/61/12&l=en&t=pdf,1,178056,d5192528500aee6442fc7c74cfff9ededa970d44238018f83f1d2574544e4b19
2026-09-25,data/raw/conselho_dh/2026-09-25/A_HRC_RES_61_13.pdf,https://documents.un.org/api/symbol/access?s=A/HRC/RES/61/13&l=en&t=pdf,1,204951,4ff248a1b6dd4fdeb4a1db2eefcc1e33de1f8f3d14482b512923a4382fd55887
2026-09-25,data/raw/conselho_dh/2026-09-25/A_HRC_RES_61_14.pdf,https://documents.un.org/api/symbol/access?s=A/HRC/RES/61/14&l=en&t=pdf,1,225851,78284c57beaec3eaaa8adb4ef4ba9bea5160ab9c7ac0890ae75935513a4f8442
2026-09-25,data/raw/conselho_dh/2026-09-25/A_HRC_RES_61_15.pdf,https://documents.un.org/api/symbol/access?s=A/HRC/RES/61/15&l=en&t=pdf,1,208944,8a8a4146b252cab8a94d22fcc9a9c04213274eb94b92147f6f08ef5b77944b06
2026-09-25,data/raw/conselho_dh/2026-09-25/A_HRC_RES_61_16.pdf,https://documents.un.org/api/symbol/access?s=A/HRC/RES/61/16&l=en&t=pdf,1,200607,5032fd3d66f3528628ff9210dbeffad49b7760ba7851cb544dbbdddd447cc0d5
2026-09-25,data/raw/conselho_dh/2026-09-25/A_HRC_RES_61_17.pdf,https://documents.un.org/api/symbol/access?s=A/HRC/RES/61/17&l=en&t=pdf,1,168044,bfef0c9be2a2298793e57ec594f386c98ab9570610fca07062e48843a5b9d448
2026-09-25,data/raw/conselho_dh/2026-09-25/A_HRC_RES_61_18.pdf,https://documents.un.org/api/symbol/access?s=A/HRC/RES/61/18&l=en&t=pdf,1,231017,ebc9e37cf4d6658dfd27e2dd73e51a41d78c092332665d5bc769b57033523e37
2026-09-25,data/raw/conselho_dh/2026-09-25/A_HRC_RES_61_19.pdf,https://documents.un.org/api/symbol/access?s=A/HRC/RES/61/19&l=en&t=pdf,1,203484,7fe86423847b1e7cccb160049e1f8d0cdd35bb8e901c6fea3f2ef9e04c84079e
2026-09-25,data/raw/conselho_dh/2026-09-25/A_HRC_RES_61_20.pdf,https://documents.un.org/api/symbol/access?s=A/HRC/RES/61/20&l=en&t=pdf,1,194234,43308753d1a1f8b48a7b617da6b6ced4e1e40a58f4d78069555041f8d56d91ea
2026-09-25,data/raw/conselho_dh/2026-09-25/A_HRC_RES_61_21.pdf,https://documents.un.org/api/symbol/access?s=A/HRC/RES/61/21&l=en&t=pdf,1,243762,4ac8f4aaf0edb4738fbcfc45447832d3d151153c03523679b0b77ad1c00ce187
2026-09-25,data/raw/conselho_dh/2026-09-25/A_HRC_RES_61_22.pdf,https://documents.un.org/api/symbol/access?s=A/HRC/RES/61/22&l=en&t=pdf,1,174484,e04e391859cf8216b9bdaf800e8af0371ef7c3180a443ba7096f99cef982dce6
2026-09-25,data/raw/conselho_dh/2026-09-25/A_HRC_RES_61_23.pdf,https://documents.un.org/api/symbol/access?s=A/HRC/RES/61/23&l=en&t=pdf,1,273073,9c3e18777726b2e97cfd9c5e45de9a88009d02946e575894f9e0ca50492981d8
2026-09-25,data/raw/conselho_dh/2026-09-25/A_HRC_RES_61_24.pdf,https://documents.un.org/api/symbol/access?s=A/HRC/RES/61/24&l=en&t=pdf,1,208022,cfcf1b529074d19a6937311f84f2c1bd09376243fcaa762955cecd30159c5534
2026-09-25,data/raw/conselho_dh/2026-09-25/A_HRC_RES_61_25.pdf,https://documents.un.org/api/symbol/access?s=A/HRC/RES/61/25&l=en&t=pdf,1,186964,ab13b4ab1c80ef7c0719989a6f31947a40567eb263ff895cb0dffe07b98b4318
2026-09-25,data/raw/conselho_dh/2026-09-25/A_HRC_RES_61_26.pdf,https://documents.un.org/api/symbol/access?s=A/HRC/RES/61/26&l=en&t=pdf,1,209289,46fae92ecaf11219c0944a234bca88ccaf1157376b4a3ee3bffefad03bf26238
2026-09-25,data/raw/conselho_dh/2026-09-25/A_HRC_RES_61_27.pdf,https://documents.un.org/api/symbol/access?s=A/HRC/RES/61/27&l=en&t=pdf,1,240027,6e3229bedb62c6d13fd987e3771a02ba1fd35046354eda1bf17d263cd3b61602
2026-09-25,data/raw/conselho_dh/2026-09-25/A_HRC_RES_61_28.pdf,https://documents.un.org/api/symbol/access?s=A/HRC/RES/61/28&l=en&t=pdf,1,211844,8f415491ff96d22e50f89b2db045f9eb9f85bb2b8c86f689a9c6c77eca5279f5
2026-09-25,data/raw/conselho_dh/2026-09-25/A_HRC_RES_61_29.pdf,https://documents.un.org/api/symbol/access?s=A/HRC/RES/61/29&l=en&t=pdf,1,242787,595932a6f5a065b36e025dbf56c625c3af72b3c85b4215d8660347534aa57464
2026-09-25,data/raw/conselho_dh/2026-09-25/A_HRC_RES_61_30.pdf,https://documents.un.org/api/symbol/access?s=A/HRC/RES/61/30&l=en&t=pdf,1,257962,5ca00668770134a2464d1f97ca534cd541eb9afcd8b9e3ec1f43f12b51ff247e
2026-09-25,data/raw/conselho_dh/2026-09-25/A_HRC_RES_61_31.pdf,https://documents.un.org/api/symbol/access?s=A/HRC/RES/61/31&l=en&t=pdf,1,181844,1e2d15f52d66ab7e2ada1637956e33842c2e79100b0b47621d409a792de89789
2026-09-25,data/raw/conselho_dh/2026-09-25/A_HRC_RES_61_32.pdf,https://documents.un.org/api/symbol/access?s=A/HRC/RES/61/32&l=en&t=pdf,1,220206,cbf297c86409a3175c82a4c65377054cea5b860f3ca9fd08e7ac450f22818cc9
2026-09-25,data/raw/conselho_dh/2026-09-25/A_HRC_RES_61_33.pdf,https://documents.un.org/api/symbol/access?s=A/HRC/RES/61/33&l=en&t=pdf,1,181367,92e7b1efc9f3c8a982cc96774c78b1af9eddba154862254f162a7189129850f3
2026-09-25,data/raw/conselho_dh/2026-09-25/A_HRC_RES_61_34.pdf,https://documents.un.org/api/symbol/access?s=A/HRC/RES/61/34&l=en&t=pdf,1,169442,257c07ffb7ddc27a34fef5bd3c9077d9c99be829f52da83df9340262645a2eda
2026-09-25,data/raw/conselho_dh/2026-09-25/A_HRC_RES_61_35.pdf,https://documents.un.org/api/symbol/access?s=A/HRC/RES/61/35&l=en&t=pdf,1,163408,6e01e920ac22aa2d5aa355686e4903d7e08d016574d59bf0d7f999a5d1ce74f4
2026-09-25,data/raw/conselho_dh/2026-09-25/A_HRC_RES_61_36.pdf,https://documents.un.org/api/symbol/access?s=A/HRC/RES/61/36&l=en&t=pdf,1,190736,4d41b0de23b0f6bc5e08545fadcbdd618eb57d5f333f10dc9fcc801cde938b49
2026-09-25,data/raw/conselho_dh/2026-09-25/A_HRC_RES_61_37.pdf,https://documents.un.org/api/symbol/access?s=A/HRC/RES/61/37&l=en&t=pdf,1,196744,ef07cb721c7a3f9ea8a2d9b585bac4c3e6effb5eb56bbcf7c69bdfc6371fa646
2026-09-25,data/raw/conselho_dh/2026-09-25/A_HRC_RES_61_38.pdf,https://documents.un.org/api/symbol/access?s=A/HRC/RES/61/38&l=en&t=pdf,1,189950,c70cd08a0433b7a6ec5a9fcd47267389f2f9f1a900c0c373f99c3fdcea195c52
2026-09-25,data/raw/conselho_dh/2026-09-25/A_HRC_RES_62_1.pdf,https://documents.un.org/api/symbol/access?s=A/HRC/RES/62/1&l=en&t=pdf,1,204073,94486403ef185ddbede39902d43016a970d1ce2af0295e56715b64b1b9822448
2026-09-25,data/raw/conselho_dh/2026-09-25/A_HRC_RES_62_2.pdf,https://documents.un.org/api/symbol/access?s=A/HRC/RES/62/2&l=en&t=pdf,1,183421,55783e6b02661de39f73c2edaad28aea274b99be5711fe4d45bcad907f30cfb9
2026-09-25,data/raw/conselho_dh/2026-09-25/A_HRC_RES_62_3.pdf,https://documents.un.org/api/symbol/access?s=A/HRC/RES/62/3&l=en&t=pdf,1,277726,2ed30772e97e28cd41e59bbc4e03658bd1f98a872ade3c77eb6ddf80ca62f00d
2026-09-25,data/raw/conselho_dh/2026-09-25/A_HRC_RES_62_4.pdf,https://documents.un.org/api/symbol/access?s=A/HRC/RES/62/4&l=en&t=pdf,1,199713,432f79c80ac58df72e512e93259d0b1d5fcccc6450ea5e88f16099036f5b3c79
2026-09-25,data/raw/conselho_dh/2026-09-25/A_HRC_RES_62_5.pdf,https://documents.un.org/api/symbol/access?s=A/HRC/RES/62/5&l=en&t=pdf,1,161022,ddd474adf2421558fbae3ec55d7232dea97125e76b8384c8380dea481f85b85b
2026-09-25,data/raw/conselho_dh/2026-09-25/A_HRC_RES_62_6.pdf,https://documents.un.org/api/symbol/access?s=A/HRC/RES/62/6&l=en&t=pdf,1,212573,ed4d37f0aa2cbb20f8b492fa611c04417508b66904a753b15621b1220857e237
2026-09-25,data/raw/conselho_dh/2026-09-25/A_HRC_RES_62_7.pdf,https://documents.un.org/api/symbol/access?s=A/HRC/RES/62/7&l=en&t=pdf,1,165091,60aaee87fecd27e3d282c26f75ca7c8324814797feec03df511f91ccb1fcb3a2
2026-09-25,data/raw/conselho_dh/2026-09-25/A_HRC_RES_62_8.pdf,https://documents.un.org/api/symbol/access?s=A/HRC/RES/62/8&l=en&t=pdf,1,168981,2e6cc150afa54832535bcfeda2c7f534fb2ee0b6adc0084b0557fc62edb8fd1a
2026-09-25,data/raw/conselho_dh/2026-09-25/A_HRC_RES_62_9.pdf,https://documents.un.org/api/symbol/access?s=A/HRC/RES/62/9&l=en&t=pdf,1,197152,4465ee6e37acc661092d644759c96956ebfd700ac29a926cef207dc8183a2666
2026-09-25,data/raw/conselho_dh/2026-09-25/A_HRC_RES_62_10.pdf,https://documents.un.org/api/symbol/access?s=A/HRC/RES/62/10&l=en&t=pdf,1,184320,822d495df4697e22ef8e5e7bbd14f083c1c6b1ebe7a19f07116af9a517b69c49
2026-09-25,data/raw/conselho_dh/2026-09-25/A_HRC_RES_62_11.pdf,https://documents.un.org/api/symbol/access?s=A/HRC/RES/62/11&l=en&t=pdf,1,249380,bca8855a629a0b5526d7cce43f4d0bf73322c4294b545d2ee647c52ef4dfa693
2026-09-25,data/raw/conselho_dh/2026-09-25/A_HRC_RES_62_12.pdf,https://documents.un.org/api/symbol/access?s=A/HRC/RES/62/12&l=en&t=pdf,1,208666,85a97fd5d7d49ae15dca93ea27666d83332fac5d2ec7a43f44bd75e5eb26c983
2026-09-25,data/raw/conselho_dh/2026-09-25/A_HRC_RES_62_13.pdf,https://documents.un.org/api/symbol/access?s=A/HRC/RES/62/13&l=en&t=pdf,1,231582,a787c5832f66a355f42b0ca65372c41fefa444fed3aed2f18528aae4d451709a
2026-09-25,data/raw/conselho_dh/2026-09-25/A_HRC_RES_62_14.pdf,https://documents.un.org/api/symbol/access?s=A/HRC/RES/62/14&l=en&t=pdf,1,237986,3247c58258cb0f743507be88ba470065c3c74630f4ea312f0b1b86f9a5771283
2026-09-25,data/raw/conselho_dh/2026-09-25/A_HRC_RES_62_15.pdf,https://documents.un.org/api/symbol/access?s=A/HRC/RES/62/15&l=en&t=pdf,1,184100,b7db3271981f5c42da918bbeae4d14d7d67b5a69d80132c553c3cb49d94cae45
2026-09-25,data/raw/conselho_dh/2026-09-25/A_HRC_RES_62_16.pdf,https://documents.un.org/api/symbol/access?s=A/HRC/RES/62/16&l=en&t=pdf,1,179126,0c073adf54e033094a04f25b70ab410f3255e941d680f94ed37d13f71250ec57
2026-09-25,data/raw/conselho_dh/2026-09-25/A_HRC_RES_62_17.pdf,https://documents.un.org/api/symbol/access?s=A/HRC/RES/62/17&l=en&t=pdf,1,192363,20a6b0a60665207c44ffe783f7bf650eeb94a0782bc5fdf33511f7a27c734571
2026-09-25,data/raw/conselho_dh/2026-09-25/A_HRC_RES_62_18.pdf,https://documents.un.org/api/symbol/access?s=A/HRC/RES/62/18&l=en&t=pdf,1,227443,e4ec4254cfa7ff066dc8127ab8eba2688a7e88411e6e182562869068102a85e5
2026-09-25,data/raw/conselho_dh/2026-09-25/A_HRC_RES_62_19.pdf,https://documents.un.org/api/symbol/access?s=A/HRC/RES/62/19&l=en&t=pdf,1,204489,40b8fb97483bf9f0b790132284d1bbfe92da4bec8419c755832e42259557eb3b
2026-09-25,data/raw/conselho_dh/2026-09-25/A_HRC_RES_62_20.pdf,https://documents.un.org/api/symbol/access?s=A/HRC/RES/62/20&l=en&t=pdf,1,227485,c70d82c41c7b5ed78097e10f371542453df2d06b17ae218b4fad2a41616342ac
2026-09-25,data/raw/conselho_dh/2026-09-25/A_HRC_RES_62_21.pdf,https://documents.un.org/api/symbol/access?s=A/HRC/RES/62/21&l=en&t=pdf,1,188936,d204255c91afb90234cb783f3b0d001df5d6aa4f6fab02ea4c8020070545f50f
2026-09-25,data/raw/conselho_dh/2026-09-25/A_HRC_RES_62_22.pdf,https://documents.un.org/api/symbol/access?s=A/HRC/RES/62/22&l=en&t=pdf,1,169802,ceffd1ee2f71424f7d0c5342d074b518fc7d563227a5e773659f345ed7d78da9
2026-09-25,data/raw/conselho_dh/2026-09-25/A_HRC_RES_62_23.pdf,https://documents.un.org/api/symbol/access?s=A/HRC/RES/62/23&l=en&t=pdf,1,169855,9532e5a23cd45e2c7dc461b0534e47a3ed7712c854df81e7cedbe5625129e8ad
2026-09-25,data/raw/conselho_dh/2026-09-25/A_HRC_RES_62_24.pdf,https://documents.un.org/api/symbol/access?s=A/HRC/RES/62/24&l=en&t=pdf,1,184051,26cd72e5984983a69ad6b7949b6dd92f25b35ba4e33f359e15aa4cf59350cca8
2026-09-25,data/raw/conselho_dh/2026-09-25/A_HRC_RES_62_25.pdf,https://documents.un.org/api/symbol/access?s=A/HRC/RES/62/25&l=en&t=pdf,1,187029,18cd6359a99759c8d613c7e3d12f630e870a26b9d4c1222c145e5526525df4e2
2026-09-25,data/raw/conselho_dh/2026-09-25/A_HRC_RES_62_26.pdf,https://documents.un.org/api/symbol/access?s=A/HRC/RES/62/26&l=en&t=pdf,1,189228,828b39f26859f180e5cc1caf845cff165bdf1f6bfb9a6e4527b3573fd01eab80
2026-09-25,data/raw/conselho_dh/2026-09-25/A_HRC_RES_62_27.pdf,https://documents.un.org/api/symbol/access?s=A/HRC/RES/62/27&l=en&t=pdf,1,187416,3ccdc258a7725d4848f78c4741633d4a9c6f882dea5d56d353456aca4e9f463b
2026-09-25,data/raw/conselho_dh/2026-09-25/A_HRC_RES_62_28.pdf,https://documents.un.org/api/symbol/access?s=A/HRC/RES/62/28&l=en&t=pdf,1,183468,214b3e982fef57496c63ca8e92b9f9a6120eff91bf7ca3777cc55bfbe763277b
2026-09-25,data/raw/conselho_dh/2026-09-25/A_HRC_RES_S-12_1.pdf,https://documents.un.org/api/symbol/access?s=A/HRC/RES/S-12/1&l=en&t=pdf,1,31872,a6e12b8a061df7886db04573b77f5d87e42e5b35ff79abb72831dfa9425141b5
2026-09-25,data/raw/conselho_dh/2026-09-25/A_HRC_RES_S-14_1.pdf,https://documents.un.org/api/symbol/access?s=A/HRC/RES/S-14/1&l=en&t=pdf,1,34363,1df1837410a9753dec809ab3254400cd0199edcd91133e5e02f062457a5cc0c4
2026-09-25,data/raw/conselho_dh/2026-09-25/A_HRC_RES_S-15_1.pdf,https://documents.un.org/api/symbol/access?s=A/HRC/RES/S-15/1&l=en&t=pdf,1,36750,d45a7b9eb2394503df2de5e85b9ee691e8794ebd9e5e2d03c1ef956baf3d03e0
2026-09-25,data/raw/conselho_dh/2026-09-25/A_HRC_RES_S-16_1.pdf,https://documents.un.org/api/symbol/access?s=A/HRC/RES/S-16/1&l=en&t=pdf,1,35973,a21fe7c11bcafa5be0436491a20bc078e93bda4552780d347c278bbcfb521fcc
2026-09-25,data/raw/conselho_dh/2026-09-25/A_HRC_RES_S-18_1.pdf,https://documents.un.org/api/symbol/access?s=A/HRC/RES/S-18/1&l=en&t=pdf,1,351563,dfd8aa56dd2d015c9cb47fe939b70b6ff6851bfd197c635823d8215a533e3df8
2026-09-25,data/raw/conselho_dh/2026-09-25/A_HRC_RES_S-19_1.pdf,https://documents.un.org/api/symbol/access?s=A/HRC/RES/S-19/1&l=en&t=pdf,1,59346,4c95fa41c6fee4974a5719ec1944c96b592d2977deebe09a53762293c10cc59b
2026-09-25,data/raw/conselho_dh/2026-09-25/A_HRC_RES_S-20_1.pdf,https://documents.un.org/api/symbol/access?s=A/HRC/RES/S-20/1&l=en&t=pdf,1,39755,d24f3a4dd069f8c3386744d4c0b4519a17a53e21090e3f90b1d6f8cbeb4a5fff
2026-09-25,data/raw/conselho_dh/2026-09-25/A_HRC_RES_S-21_1.pdf,https://documents.un.org/api/symbol/access?s=A/HRC/RES/S-21/1&l=en&t=pdf,1,49415,3de8fb60bac92ec6f75a855d0e35bad0275cbeb330a0684b194c53f4bb539ae0
2026-09-25,data/raw/conselho_dh/2026-09-25/A_HRC_RES_S-22_1.pdf,https://documents.un.org/api/symbol/access?s=A/HRC/RES/S-22/1&l=en&t=pdf,1,55952,efd5445c9f26e8cdba6f80255a1aee817dda2b5cdae73483b7184305133987eb
2026-09-25,data/raw/conselho_dh/2026-09-25/A_HRC_RES_S-23_1.pdf,https://documents.un.org/api/symbol/access?s=A/HRC/RES/S-23/1&l=en&t=pdf,1,56215,602828a24bc1229bb5ac65367a5b97af5027990bfd73e85b8c0e210116571f41
2026-09-25,data/raw/conselho_dh/2026-09-25/A_HRC_RES_S-24_1.pdf,https://documents.un.org/api/symbol/access?s=A/HRC/RES/S-24/1&l=en&t=pdf,1,140602,b8ecc52dd3997c0d298ad80326c4b5b6b2df2f9d83abf470b2888e8e9a214e03
2026-09-25,data/raw/conselho_dh/2026-09-25/A_HRC_RES_S-25_1.pdf,https://documents.un.org/api/symbol/access?s=A/HRC/RES/S-25/1&l=en&t=pdf,1,129470,3236c392d48d509cdeee9a841e6bb7600d2ab2dd143637b9dff77a6713da0c27
2026-09-25,data/raw/conselho_dh/2026-09-25/A_HRC_RES_S-26_1.pdf,https://documents.un.org/api/symbol/access?s=A/HRC/RES/S-26/1&l=en&t=pdf,1,133708,09629a5c59b5b088ead35e1f7d105b17334cc05da890124f8a821337cb0b5fcc
2026-09-25,data/raw/conselho_dh/2026-09-25/A_HRC_RES_S-27_1.pdf,https://documents.un.org/api/symbol/access?s=A/HRC/RES/S-27/1&l=en&t=pdf,1,191360,7f2ff95e5021966a73669afbf14544d88b33c790a379dffa0993f1b82f2cdb29
2026-09-25,data/raw/conselho_dh/2026-09-25/A_HRC_RES_S-28_1.pdf,https://documents.un.org/api/symbol/access?s=A/HRC/RES/S-28/1&l=en&t=pdf,1,123867,1c77f5cf56fea2eb56b23d0d915561b115d4817d633eb1e62450ed8c1e2a08ea
2026-09-25,data/raw/conselho_dh/2026-09-25/A_HRC_RES_S-29_1.pdf,https://documents.un.org/api/symbol/access?s=A/HRC/RES/S-29/1&l=en&t=pdf,1,104826,bc3f26a99978cd738e84212e660474a96546b6d02dc486017eb48d0ff25cdb4c
2026-09-25,data/raw/conselho_dh/2026-09-25/A_HRC_RES_S-30_1.pdf,https://documents.un.org/api/symbol/access?s=A/HRC/RES/S-30/1&l=en&t=pdf,1,114252,644a6372a5cfe03c3b388eafd5e17985a8d68ee1b16b4f095064b11788b664b0
2026-09-25,data/raw/conselho_dh/2026-09-25/A_HRC_RES_S-31_1.pdf,https://documents.un.org/api/symbol/access?s=A/HRC/RES/S-31/1&l=en&t=pdf,1,111018,4e28b0b24ee24bd2e31c8dcd23aa44abc4f3fda18feadc4294c8b517c62ae4ff
2026-09-25,data/raw/conselho_dh/2026-09-25/A_HRC_RES_S-32_1.pdf,https://documents.un.org/api/symbol/access?s=A/HRC/RES/S-32/1&l=en&t=pdf,1,59582,9acaec00862c7840cb4e57e5dfea55190b55bab35f40bd05b487e09f46112deb
2026-09-25,data/raw/conselho_dh/2026-09-25/A_HRC_RES_S-33_1.pdf,https://documents.un.org/api/symbol/access?s=A/HRC/RES/S-33/1&l=en&t=pdf,1,126734,19023bd9ca134d78818389053d1324bdd41a12d3cebc78a2dd8af365bb864b3c
2026-09-25,data/raw/conselho_dh/2026-09-25/A_HRC_RES_S-34_1.pdf,https://documents.un.org/api/symbol/access?s=A/HRC/RES/S-34/1&l=en&t=pdf,1,117581,ad0147d539ac845adb90b539175b08c869872048691a70800e7c82d0cc0adcbd
2026-09-25,data/raw/conselho_dh/2026-09-25/A_HRC_RES_S-35_1.pdf,https://documents.un.org/api/symbol/access?s=A/HRC/RES/S-35/1&l=en&t=pdf,1,115139,d167a8d2f6d8e88dbc16e4832f328444d36f097be63dca1deb09751c3d896140
2026-09-25,data/raw/conselho_dh/2026-09-25/A_HRC_RES_S-36_1.pdf,https://documents.un.org/api/symbol/access?s=A/HRC/RES/S-36/1&l=en&t=pdf,1,135163,6547fec66f3e0d89af058f9a2516d147aa1b8fa0aa235e6b4ccc6031d43b8105
2026-09-25,data/raw/conselho_dh/2026-09-25/A_HRC_RES_S-37_1.pdf,https://documents.un.org/api/symbol/access?s=A/HRC/RES/S-37/1&l=en&t=pdf,1,119701,e364bd439df649d7ff41ffc1f344e901c4e04a4eeac3301318e142e8e98725d1
2026-09-25,data/raw/conselho_dh/2026-09-25/A_HRC_RES_S-38_1.pdf,https://documents.un.org/api/symbol/access?s=A/HRC/RES/S-38/1&l=en&t=pdf,1,125795,6de77b00b50245d06201cd8c3bc9d6bcd9bf55364e5dbbf5d03372006069384f
2026-09-25,data/raw/conselho_dh/2026-09-25/A_HRC_RES_S-39_1.pdf,https://documents.un.org/api/symbol/access?s=A/HRC/RES/S-39/1&l=en&t=pdf,1,120268,e1e914c7303330e89a00fb52267c73edecfd433e5e24bdc41905673d03f45a6c
