id_ator,nome,nome_normalizado,tipo_ator,id_camara,id_senado,observacao
ATR-000001,JAIRO ATAIDE,jairo ataide,agente_publico,3151,,
ATR-000002,BISPO GÊ TENUTA,bispo ge tenuta,agente_publico,3155,,
ATR-000003,JORGINHO MALULY,jorginho maluly,agente_publico,4927,,
ATR-000004,EDUARDO LOPES,eduardo lopes,agente_publico,4928,4767,
ATR-000005,JOSEPH BANDEIRA,joseph bandeira,agente_publico,4929,,
ATR-000006,SILVIO COSTA,silvio costa,agente_publico,4930,4768,
ATR-000007,IZALCI,izalci,agente_publico,4931,4770,
ATR-000008,Danilo Forte,danilo forte,agente_publico,62881,,
ATR-000009,PASTOR REINALDO,pastor reinaldo,agente_publico,62926,,
ATR-000010,ROBÉRIO NUNES,roberio nunes,agente_publico,64224,,
ATR-000011,MARIA HELENA,maria helena,agente_publico,64960,,
ATR-000012,MIGUEL ARRAES,miguel arraes,agente_publico,65511,,
ATR-000013,WAGNER LAGO,wagner lago,agente_publico,65551,,
ATR-000014,LÚCIA BRAGA,lucia braga,agente_publico,65987,,
ATR-000015,NORMA AYUB,norma ayub,agente_publico,66179,,
ATR-000016,Julio Arcoverde,julio arcoverde,agente_publico,66385,,
ATR-000017,Fausto Pinato,fausto pinato,agente_publico,66828,,
ATR-000018,IRACEMA PORTELLA,iracema portella,agente_publico,67138,,
ATR-000019,JÚLIA MARINHO,julia marinho,agente_publico,67312,,
ATR-000020,Fábio Henrique,fabio henrique,agente_publico,68720,,
ATR-000021,HENRIQUE OLIVEIRA,henrique oliveira,agente_publico,68731,,
ATR-000022,Bacelar,bacelar,agente_publico,69871,,
ATR-000023,JOSÉ ROBERTO DUDÉ,jose roberto dude,agente_publico,71921,,
ATR-000024,Felipe Carreras,felipe carreras,agente_publico,72442,,
ATR-000025,CELSO PANSERA,celso pansera,agente_publico,72912,,
ATR-000026,NELSON BORNIER,nelson bornier,agente_publico,73416,,
ATR-000027,ROBERTO JEFFERSON,roberto jefferson,agente_publico,73420,,
ATR-000028,RONALDO CEZAR COELHO,ronaldo cezar coelho,agente_publico,73421,,
ATR-000029,SIMÃO SESSIM,simao sessim,agente_publico,73424,,
ATR-000030,ALBERTO GOLDMAN,alberto goldman,agente_publico,73427,,
ATR-000031,ALDO REBELO,aldo rebelo,agente_publico,73428,,
ATR-000032,ALOYSIO NUNES FERREIRA,aloysio nunes ferreira,agente_publico,73430,846,
ATR-000033,ANTONIO CARLOS PANNUNZIO,antonio carlos pannunzio,agente_publico,73431,,
ATR-000034,Arlindo Chinaglia,arlindo chinaglia,agente_publico,73433,,
ATR-000035,ARNALDO FARIA DE SÁ,arnaldo faria de sa,agente_publico,73434,,
ATR-000036,ARY KARA,ary kara,agente_publico,73435,,
ATR-000037,BETO MANSUR,beto mansur,agente_publico,73437,,
ATR-000038,Celso Russomanno,celso russomanno,agente_publico,73441,,
ATR-000039,CORAUCI SOBRINHO,corauci sobrinho,agente_publico,73442,,
ATR-000040,DELFIM NETTO,delfim netto,agente_publico,73445,,
ATR-000041,EDINHO ARAÚJO,edinho araujo,agente_publico,73447,,
ATR-000042,JOÃO GRANDÃO,joao grandao,agente_publico,73454,,
ATR-000043,PEDRO PEDROSSIAN,pedro pedrossian,agente_publico,73455,,
ATR-000044,WALDEMIR MOKA,waldemir moka,agente_publico,73456,1176,
ATR-000045,AIRTON ROVEDA,airton roveda,agente_publico,73457,,
ATR-000046,ALEX CANZIANI,alex canziani,agente_publico,73458,,
ATR-000047,DR. ROSINHA,dr. rosinha,agente_publico,73459,,
ATR-000048,GUSTAVO FRUET,gustavo fruet,agente_publico,73460,,
ATR-000049,IRIS SIMÕES,iris simoes,agente_publico,73461,,
ATR-000050,JOSÉ CARLOS MARTINEZ,jose carlos martinez,agente_publico,73462,,
ATR-000051,OSMAR SERRAGLIO,osmar serraglio,agente_publico,73463,,
ATR-000052,OLIVEIRA FILHO,oliveira filho,agente_publico,73464,,
ATR-000053,RUBENS BUENO,rubens bueno,agente_publico,73466,,
ATR-000054,CARLITO MERSS,carlito merss,agente_publico,73469,,
ATR-000055,FERNANDO CORUJA,fernando coruja,agente_publico,73471,,
ATR-000056,GERVÁSIO SILVA,gervasio silva,agente_publico,73472,,
ATR-000057,LEODEGAR TISCOSKI,leodegar tiscoski,agente_publico,73473,,
ATR-000058,LUCI CHOINACKI,luci choinacki,agente_publico,73474,,
ATR-000059,ALCEU COLLARES,alceu collares,agente_publico,73477,,
ATR-000060,BETO ALBUQUERQUE,beto albuquerque,agente_publico,73478,,
ATR-000061,CEZAR SCHIRMER,cezar schirmer,agente_publico,73480,,
ATR-000062,FERNANDO MARRONI,fernando marroni,agente_publico,73481,,
ATR-000063,HENRIQUE FONTANA,henrique fontana,agente_publico,73482,,
ATR-000064,LUIS CARLOS HEINZE,luis carlos heinze,agente_publico,73483,1186,
ATR-000065,PAULO GOUVÊA,paulo gouvea,agente_publico,73485,,
ATR-000066,Pompeo de Mattos,pompeo de mattos,agente_publico,73486,,
ATR-000067,RICARTE DE FREITAS,ricarte de freitas,agente_publico,73490,,
ATR-000068,ANTONIO CARLOS BISCAIA,antonio carlos biscaia,agente_publico,73492,,
ATR-000069,NARCISO MENDES,narciso mendes,agente_publico,73499,,
ATR-000070,ROSE DE FREITAS,rose de freitas,agente_publico,73507,2331,
ATR-000071,Ivan Valente,ivan valente,agente_publico,73531,,
ATR-000072,JOÃO PAULO CUNHA,joao paulo cunha,agente_publico,73534,,
ATR-000073,JORGE TADEU MUDALEN,jorge tadeu mudalen,agente_publico,73535,,
ATR-000074,JOSÉ ANÍBAL,jose anibal,agente_publico,73536,878,
ATR-000075,JOSÉ GENOÍNO,jose genoino,agente_publico,73540,,
ATR-000076,DR. PINOTTI,dr. pinotti,agente_publico,73542,,
ATR-000077,LUCIANO ZICA,luciano zica,agente_publico,73545,,
ATR-000078,LUIZ CARLOS SANTOS,luiz carlos santos,agente_publico,73546,,
ATR-000079,MARCELO BARBIERI,marcelo barbieri,agente_publico,73548,,
ATR-000080,MICHEL TEMER,michel temer,agente_publico,73552,,
ATR-000081,NELSON MARQUEZELLI,nelson marquezelli,agente_publico,73553,,
ATR-000082,PAULO LIMA,paulo lima,agente_publico,73555,,
ATR-000083,REGIS DE OLIVEIRA,regis de oliveira,agente_publico,73556,,
ATR-000084,RICARDO IZAR,ricardo izar,agente_publico,73557,,
ATR-000085,ROBSON TUMA,robson tuma,agente_publico,73558,,
ATR-000086,SALVADOR ZIMBALDI,salvador zimbaldi,agente_publico,73559,,
ATR-000087,SILVIO TORRES,silvio torres,agente_publico,73560,,
ATR-000088,TELMA DE SOUZA,telma de souza,agente_publico,73561,,
ATR-000089,VADÃO GOMES,vadao gomes,agente_publico,73564,,
ATR-000090,VALDEMAR COSTA NETO,valdemar costa neto,agente_publico,73565,,
ATR-000091,VICENTE CASCIONE,vicente cascione,agente_publico,73566,,
ATR-000092,CELSO JACOB,celso jacob,agente_publico,73568,,
ATR-000093,JORGE PINHEIRO,jorge pinheiro,agente_publico,73569,,
ATR-000094,JOÃO MAGNO,joao magno,agente_publico,73572,,
ATR-000095,REGINALDO GERMANO,reginaldo germano,agente_publico,73574,,
ATR-000096,JOEL DE HOLLANDA,joel de hollanda,agente_publico,73575,,
ATR-000097,TARCÍSIO ZIMMERMANN,tarcisio zimmermann,agente_publico,73577,,
ATR-000098,Alberto Fraga,alberto fraga,agente_publico,73579,,
ATR-000099,HELENILDO RIBEIRO,helenildo ribeiro,agente_publico,73582,,
ATR-000100,ANTONIO CARLOS MENDES THAME,antonio carlos mendes thame,agente_publico,73584,,
ATR-000101,JÚLIO DELGADO,julio delgado,agente_publico,73586,,
ATR-000102,MAURO BENEVIDES,mauro benevides,agente_publico,73588,,
ATR-000103,KÁTIA ABREU,katia abreu,agente_publico,73592,1249,
ATR-000104,NILMAR RUIZ,nilmar ruiz,agente_publico,73594,,
ATR-000105,CHICO SARDELLI,chico sardelli,agente_publico,73595,,
ATR-000106,EDIR OLIVEIRA,edir oliveira,agente_publico,73599,,
ATR-000107,ORLANDO FANTAZZINI,orlando fantazzini,agente_publico,73603,,
ATR-000108,Rui Falcão,rui falcao,agente_publico,73604,,
ATR-000109,PAULO RATTES,paulo rattes,agente_publico,73612,,
ATR-000110,ZULAIÊ COBRA,zulaie cobra,agente_publico,73645,,
ATR-000111,ROGÉRIO SILVA,rogerio silva,agente_publico,73651,,
ATR-000112,TETÉ BEZERRA,tete bezerra,agente_publico,73652,,
ATR-000113,WELLINGTON FAGUNDES,wellington fagundes,agente_publico,73653,1173,
ATR-000114,AGNELO QUEIROZ,agnelo queiroz,agente_publico,73654,,
ATR-000115,AUGUSTO CARVALHO,augusto carvalho,agente_publico,73655,,
ATR-000116,JOFRAN FREJAT,jofran frejat,agente_publico,73658,,
ATR-000117,OSÓRIO ADRIANO,osorio adriano,agente_publico,73660,,
ATR-000118,BARBOSA NETO,barbosa neto,agente_publico,73663,,
ATR-000119,JOVAIR ARANTES,jovair arantes,agente_publico,73666,,
ATR-000120,PEDRO CANEDO,pedro canedo,agente_publico,73672,,
ATR-000121,PEDRO WILSON,pedro wilson,agente_publico,73673,,
ATR-000122,ROBERTO BALESTRA,roberto balestra,agente_publico,73674,,
ATR-000123,SANDRO MABEL,sandro mabel,agente_publico,73676,,
ATR-000124,VILMAR ROCHA,vilmar rocha,agente_publico,73677,,
ATR-000125,JOÃO DADO,joao dado,agente_publico,73682,,
ATR-000126,ARY VANAZZI,ary vanazzi,agente_publico,73683,,
ATR-000127,ORLANDO DESCONSI,orlando desconsi,agente_publico,73684,,
ATR-000128,Osmar Terra,osmar terra,agente_publico,73692,,
ATR-000129,REINALDO GRIPP,reinaldo gripp,agente_publico,73693,,
ATR-000130,ANGELA AMIN,angela amin,agente_publico,73696,,
ATR-000131,Benedita da Silva,benedita da silva,agente_publico,73701,,
ATR-000132,DERVAL DE PAIVA,derval de paiva,agente_publico,73704,,
ATR-000133,JOSÉ REINALDO,jose reinaldo,agente_publico,73714,,
ATR-000134,LEOMAR QUINTANILHA,leomar quintanilha,agente_publico,73716,53,
ATR-000135,SIGMARINGA SEIXAS,sigmaringa seixas,agente_publico,73718,,
ATR-000136,CESAR SOUZA,cesar souza,agente_publico,73720,,
ATR-000137,NELSON TRAD,nelson trad,agente_publico,73761,,
ATR-000138,ABELARDO LUPION,abelardo lupion,agente_publico,73764,,
ATR-000139,AFFONSO CAMARGO,affonso camargo,agente_publico,73765,,
ATR-000140,Dilceu Sperafico,dilceu sperafico,agente_publico,73768,,
ATR-000141,HERMES PARCIANELLO,hermes parcianello,agente_publico,73772,,
ATR-000142,JOSÉ BORBA,jose borba,agente_publico,73775,,
ATR-000143,JOSÉ JANENE,jose janene,agente_publico,73776,,
ATR-000144,LUCIANO PIZZATTO,luciano pizzatto,agente_publico,73777,,
ATR-000145,Luiz Carlos Hauly,luiz carlos hauly,agente_publico,73778,,
ATR-000146,MAX ROSENMANN,max rosenmann,agente_publico,73780,,
ATR-000147,NELSON MEURER,nelson meurer,agente_publico,73781,,
ATR-000148,ODÍLIO BALBINOTTI,odilio balbinotti,agente_publico,73782,,
ATR-000149,PAULO BERNARDO,paulo bernardo,agente_publico,73784,,
ATR-000150,REINHOLD STEPHANES,reinhold stephanes,agente_publico,73786,,
ATR-000151,Ricardo Barros,ricardo barros,agente_publico,73788,,
ATR-000152,EDINHO BEZ,edinho bez,agente_publico,73793,,
ATR-000153,EDISON ANDRINO,edison andrino,agente_publico,73794,,
ATR-000154,Renildo Calheiros,renildo calheiros,agente_publico,73801,,
ATR-000155,ROBERTO FREIRE,roberto freire,agente_publico,73805,71,
ATR-000156,Roseana Sarney,roseana sarney,agente_publico,73806,3359,
ATR-000157,Sérgio Brito,sergio brito,agente_publico,73808,,
ATR-000158,ULDURICO PINTO,uldurico pinto,agente_publico,73809,,
ATR-000159,ANTONIO CRUZ,antonio cruz,agente_publico,73817,,
ATR-000160,CARLOS NADER,carlos nader,agente_publico,73825,,
ATR-000161,EDMUNDO GALDINO,edmundo galdino,agente_publico,73827,,
ATR-000162,TAMPINHA,tampinha,agente_publico,73831,,
ATR-000163,JOÃO MATOS,joao matos,agente_publico,73873,,
ATR-000164,JOÃO PIZZOLATTI,joao pizzolatti,agente_publico,73874,,
ATR-000165,JOSÉ CARLOS VIEIRA,jose carlos vieira,agente_publico,73875,,
ATR-000166,PAULO BAUER,paulo bauer,agente_publico,73882,3741,
ATR-000167,PAULO BORNHAUSEN,paulo bornhausen,agente_publico,73883,,
ATR-000168,SERAFIM VENZON,serafim venzon,agente_publico,73885,,
ATR-000169,ADÃO PRETTO,adao pretto,agente_publico,73886,,
ATR-000170,AUGUSTO NARDES,augusto nardes,agente_publico,73889,,
ATR-000171,DARCÍSIO PERONDI,darcisio perondi,agente_publico,73891,,
ATR-000172,ELISEU PADILHA,eliseu padilha,agente_publico,73892,,
ATR-000173,ENIO BACCI,enio bacci,agente_publico,73893,,
ATR-000174,JOSE FORTUNATI,jose fortunati,agente_publico,73901,,
ATR-000175,MENDES RIBEIRO FILHO,mendes ribeiro filho,agente_publico,73904,,
ATR-000176,NELSON PROENÇA,nelson proenca,agente_publico,73907,,
ATR-000177,OSVALDO BIOLCHI,osvaldo biolchi,agente_publico,73909,,
ATR-000178,DR. RODOLFO PEREIRA,dr. rodolfo pereira,agente_publico,73920,,
ATR-000179,PASTOR FRANKEMBERGEN,pastor frankembergen,agente_publico,73921,,
ATR-000180,SUELY CAMPOS,suely campos,agente_publico,73922,,
ATR-000181,CORONEL ALVES,coronel alves,agente_publico,73923,,
ATR-000182,DAVI ALCOLUMBRE,davi alcolumbre,agente_publico,73924,3830,
ATR-000183,HÉLIO ESTEVES,helio esteves,agente_publico,73925,,
ATR-000184,JANETE CAPIBERIBE,janete capiberibe,agente_publico,73926,,
ATR-000185,ANTONIO NOGUEIRA,antonio nogueira,agente_publico,73927,,
ATR-000186,ANN PONTES,ann pontes,agente_publico,73928,,
ATR-000187,JADER BARBALHO,jader barbalho,agente_publico,73929,35,
ATR-000188,WLADIMIR COSTA,wladimir costa,agente_publico,73930,,
ATR-000189,ZÉ GERALDO,ze geraldo,agente_publico,73931,,
ATR-000190,ZÉ LIMA,ze lima,agente_publico,73932,,
ATR-000191,ZEQUINHA MARINHO,zequinha marinho,agente_publico,73933,3806,
ATR-000192,CARLOS SOUZA,carlos souza,agente_publico,73934,,
ATR-000193,HUMBERTO MICHILES,humberto michiles,agente_publico,73935,,
ATR-000194,LUPÉRCIO RAMOS,lupercio ramos,agente_publico,73936,,
ATR-000195,ANSELMO,anselmo,agente_publico,73937,,
ATR-000196,EDUARDO VALVERDE,eduardo valverde,agente_publico,73938,,
ATR-000197,MIGUEL DE SOUZA,miguel de souza,agente_publico,73939,,
ATR-000198,HENRIQUE AFONSO,henrique afonso,agente_publico,73940,,
ATR-000199,JOÃO CORREIA,joao correia,agente_publico,73941,,
ATR-000200,JÚNIOR BETÃO,junior betao,agente_publico,73942,,
ATR-000201,PERPÉTUA ALMEIDA,perpetua almeida,agente_publico,73943,,
ATR-000202,ZICO BRONZEADO,zico bronzeado,agente_publico,73944,,
ATR-000203,EDUARDO GOMES,eduardo gomes,agente_publico,73945,3777,
ATR-000204,HOMERO BARRETO,homero barreto,agente_publico,73946,,
ATR-000205,MAURÍCIO RABELO,mauricio rabelo,agente_publico,73947,,
ATR-000206,RONALDO DIMAS,ronaldo dimas,agente_publico,73948,,
ATR-000207,ALCESTE ALMEIDA,alceste almeida,agente_publico,73979,,
ATR-000208,FRANCISCO RODRIGUES,francisco rodrigues,agente_publico,73981,,
ATR-000209,LUCIANO CASTRO,luciano castro,agente_publico,73982,,
ATR-000210,MOISÉS LIPNIK,moises lipnik,agente_publico,73984,,
ATR-000211,ANTONIO FEIJÃO,antonio feijao,agente_publico,73987,,
ATR-000212,WILSON CIGNACHI,wilson cignachi,agente_publico,73991,,
ATR-000213,YEDA CRUSIUS,yeda crusius,agente_publico,73992,,
ATR-000214,ARNALDO MADEIRA,arnaldo madeira,agente_publico,73993,,
ATR-000215,JÚLIO REDECKER,julio redecker,agente_publico,73994,,
ATR-000216,SILVIO LOPES,silvio lopes,agente_publico,73998,,
ATR-000217,CHICO DA PRINCESA,chico da princesa,agente_publico,74000,,
ATR-000218,OLAVO CALHEIROS,olavo calheiros,agente_publico,74005,,
ATR-000219,VALDIR COLATTO,valdir colatto,agente_publico,74010,,
ATR-000220,COSTA FERREIRA,costa ferreira,agente_publico,74016,,
ATR-000221,PAULO FEIJÓ,paulo feijo,agente_publico,74017,,
ATR-000222,ALBÉRICO FILHO,alberico filho,agente_publico,74018,,
ATR-000223,RICARDO RIQUE,ricardo rique,agente_publico,74023,,
ATR-000224,AYRTON XEREZ,ayrton xerez,agente_publico,74024,,
ATR-000225,CLÓVIS FECURY,clovis fecury,agente_publico,74026,3881,
ATR-000226,DR. RIBAMAR ALVES,dr. ribamar alves,agente_publico,74027,,
ATR-000227,LUCIANO LEITOA,luciano leitoa,agente_publico,74028,,
ATR-000228,TEREZINHA FERNANDES,terezinha fernandes,agente_publico,74029,,
ATR-000229,BISMARCK MAIA,bismarck maia,agente_publico,74030,,
ATR-000230,JOÃO ALFREDO,joao alfredo,agente_publico,74031,,
ATR-000231,PASTOR PEDRO RIBEIRO,pastor pedro ribeiro,agente_publico,74032,,
ATR-000232,FRANCISCA TRINDADE,francisca trindade,agente_publico,74033,,
ATR-000233,MORAES SOUZA,moraes souza,agente_publico,74034,,
ATR-000234,PROMOTOR AFONSO GIL,promotor afonso gil,agente_publico,74035,,
ATR-000235,ÁLVARO DIAS,alvaro dias,agente_publico,74036,,
ATR-000236,FÁTIMA BEZERRA,fatima bezerra,agente_publico,74037,3713,
ATR-000237,NÉLIO DIAS,nelio dias,agente_publico,74038,,
ATR-000238,SANDRA ROSADO,sandra rosado,agente_publico,74039,,
ATR-000239,BENJAMIN MARANHÃO,benjamin maranhao,agente_publico,74040,,
ATR-000240,Luiz Couto,luiz couto,agente_publico,74041,,
ATR-000241,RONALDO CUNHA LIMA,ronaldo cunha lima,agente_publico,74042,,
ATR-000242,Wellington Roberto,wellington roberto,agente_publico,74043,,
ATR-000243,Wilson Santiago,wilson santiago,agente_publico,74044,3811,
ATR-000244,MAURÍCIO RANDS,mauricio rands,agente_publico,74045,,
ATR-000245,PASTOR FRANCISCO OLÍMPIO,pastor francisco olimpio,agente_publico,74046,,
ATR-000246,PAULO RUBEM SANTIAGO,paulo rubem santiago,agente_publico,74047,,
ATR-000247,RAUL JUNGMANN,raul jungmann,agente_publico,74048,,
ATR-000248,JOÃO LYRA,joao lyra,agente_publico,74049,,
ATR-000249,MAURÍCIO QUINTELLA LESSA,mauricio quintella lessa,agente_publico,74050,,
ATR-000250,ROGÉRIO TEÓFILO,rogerio teofilo,agente_publico,74051,,
ATR-000251,Bosco Costa,bosco costa,agente_publico,74052,,
ATR-000252,HELENO SILVA,heleno silva,agente_publico,74053,,
ATR-000253,JOÃO FONTES,joao fontes,agente_publico,74054,,
ATR-000254,JOSÉ CARLOS MACHADO,jose carlos machado,agente_publico,74055,,
ATR-000255,MENDONÇA PRADO,mendonca prado,agente_publico,74056,,
ATR-000256,Alice Portugal,alice portugal,agente_publico,74057,,
ATR-000257,ANTONIO CARLOS MAGALHÃES NETO,antonio carlos magalhaes neto,agente_publico,74058,,
ATR-000258,LUIZ BASSUMA,luiz bassuma,agente_publico,74059,,
ATR-000259,Daniel Almeida,daniel almeida,agente_publico,74060,,
ATR-000260,EDSON DUARTE,edson duarte,agente_publico,74061,,
ATR-000261,FÁBIO SOUTO,fabio souto,agente_publico,74062,,
ATR-000262,FERNANDO DE FABINHO,fernando de fabinho,agente_publico,74063,,
ATR-000263,Fatima Pelaes,fatima pelaes,agente_publico,74065,,
ATR-000264,GERVÁSIO OLIVEIRA,gervasio oliveira,agente_publico,74066,,
ATR-000265,VALDENOR GUEDES,valdenor guedes,agente_publico,74070,,
ATR-000266,ANIVALDO VALE,anivaldo vale,agente_publico,74072,,
ATR-000267,Elcione Barbalho,elcione barbalho,agente_publico,74075,,
ATR-000268,GERSON PERES,gerson peres,agente_publico,74076,,
ATR-000269,GIOVANNI QUEIROZ,giovanni queiroz,agente_publico,74077,,
ATR-000270,José Priante,jose priante,agente_publico,74079,,
ATR-000271,NICIAS RIBEIRO,nicias ribeiro,agente_publico,74080,380,
ATR-000272,PAULO ROCHA,paulo rocha,agente_publico,74082,374,
ATR-000273,Raimundo Santos,raimundo santos,agente_publico,74084,,
ATR-000274,SOCORRO GOMES,socorro gomes,agente_publico,74085,,
ATR-000275,VIC PIRES FRANCO,vic pires franco,agente_publico,74087,,
ATR-000276,Átila Lins,atila lins,agente_publico,74090,,
ATR-000277,DR. LUIZ FERNANDO,dr. luiz fernando,agente_publico,74094,,
ATR-000278,Pauderney Avelino,pauderney avelino,agente_publico,74095,,
ATR-000279,CONFÚCIO MOURA,confucio moura,agente_publico,74097,475,
ATR-000280,EURIPEDES MIRANDA,euripedes miranda,agente_publico,74099,,
ATR-000281,PEDRO VALADARES,pedro valadares,agente_publico,74102,,
ATR-000282,ARIOSTO HOLANDA,ariosto holanda,agente_publico,74103,,
ATR-000283,EDSON SILVA,edson silva,agente_publico,74106,,
ATR-000284,NARCIO RODRIGUES,narcio rodrigues,agente_publico,74108,,
ATR-000285,PEDRO HENRY,pedro henry,agente_publico,74111,,
ATR-000286,EMANUEL FERNANDES,emanuel fernandes,agente_publico,74119,,
ATR-000287,JOÃO MAGALHÃES,joao magalhaes,agente_publico,74120,,
ATR-000288,MARÇAL FILHO,marcal filho,agente_publico,74124,,
ATR-000289,JOÃO CARLOS BACELAR,joao carlos bacelar,agente_publico,74131,,
ATR-000290,LUIZ ALBERTO,luiz alberto,agente_publico,74133,,
ATR-000291,LUIZ EDUARDO GREENHALGH,luiz eduardo greenhalgh,agente_publico,74137,,
ATR-000292,GUILHERME MENEZES,guilherme menezes,agente_publico,74139,,
ATR-000293,José Carlos Araujo,jose carlos araujo,agente_publico,74140,,
ATR-000294,Josias Gomes,josias gomes,agente_publico,74141,,
ATR-000295,LUIZ CARREIRA,luiz carreira,agente_publico,74142,,
ATR-000296,MARCELO GUIMARÃES FILHO,marcelo guimaraes filho,agente_publico,74143,,
ATR-000297,ZELINDA NOVAES,zelinda novaes,agente_publico,74144,,
ATR-000298,ZEZÉU RIBEIRO,zezeu ribeiro,agente_publico,74145,,
ATR-000299,ANDERSON ADAUTO,anderson adauto,agente_publico,74146,,
ATR-000300,ATHOS AVELINO,athos avelino,agente_publico,74147,,
ATR-000301,CARLOS WILLIAN,carlos willian,agente_publico,74148,,
ATR-000302,CÉSAR MEDEIROS,cesar medeiros,agente_publico,74149,,
ATR-000303,DR. FRANCISCO GONÇALVES,dr. francisco goncalves,agente_publico,74150,,
ATR-000304,GERALDO THADEU,geraldo thadeu,agente_publico,74151,,
ATR-000305,ISAÍAS SILVESTRE,isaias silvestre,agente_publico,74152,,
ATR-000306,IVO JOSÉ,ivo jose,agente_publico,74153,,
ATR-000307,JOÃO PAULO GOMES DA SILVA,joao paulo gomes da silva,agente_publico,74154,,
ATR-000308,LEONARDO MATTOS,leonardo mattos,agente_publico,74155,,
ATR-000309,Leonardo Monteiro,leonardo monteiro,agente_publico,74156,,
ATR-000310,MARCELLO SIQUEIRA,marcello siqueira,agente_publico,74157,,
ATR-000311,Mário Heringer,mario heringer,agente_publico,74158,,
ATR-000312,Odair Cunha,odair cunha,agente_publico,74159,,
ATR-000313,Patrus Ananias,patrus ananias,agente_publico,74160,,
ATR-000314,Reginaldo Lopes,reginaldo lopes,agente_publico,74161,,
ATR-000315,IRINY LOPES,iriny lopes,agente_publico,74162,,
ATR-000316,MANATO,manato,agente_publico,74163,,
ATR-000317,MARCELINO FRAGA,marcelino fraga,agente_publico,74164,,
ATR-000318,NEUCIMAR FRAGA,neucimar fraga,agente_publico,74165,,
ATR-000319,RENATO CASAGRANDE,renato casagrande,agente_publico,74166,3868,
ATR-000320,ALMIR MOURA,almir moura,agente_publico,74167,,
ATR-000321,ANDRÉ LUIZ,andre luiz,agente_publico,74168,,
ATR-000322,BERNARDO ARISTON,bernardo ariston,agente_publico,74169,,
ATR-000323,JOÃO MENDES DE JESUS,joao mendes de jesus,agente_publico,74170,,
ATR-000324,Chico Alencar,chico alencar,agente_publico,74171,,
ATR-000325,DELEY,deley,agente_publico,74172,,
ATR-000326,EDUARDO CUNHA,eduardo cunha,agente_publico,74173,,
ATR-000327,ELAINE COSTA,elaine costa,agente_publico,74174,,
ATR-000328,JOSÉ DIVINO,jose divino,agente_publico,74175,,
ATR-000329,JOSIAS QUINTAL,josias quintal,agente_publico,74176,,
ATR-000330,MARINHA RAUPP,marinha raupp,agente_publico,74177,,
ATR-000331,CHICÃO BRÍGIDO,chicao brigido,agente_publico,74181,,
ATR-000332,RONIVON SANTIAGO,ronivon santiago,agente_publico,74184,,
ATR-000333,DARCI COELHO,darci coelho,agente_publico,74187,,
ATR-000334,FREIRE JÚNIOR,freire junior,agente_publico,74189,,
ATR-000335,OSVALDO REIS,osvaldo reis,agente_publico,74191,,
ATR-000336,ANTONIO JOAQUIM,antonio joaquim,agente_publico,74194,,
ATR-000337,CÉSAR BANDEIRA,cesar bandeira,agente_publico,74195,,
ATR-000338,DOMINGOS DUTRA,domingos dutra,agente_publico,74197,,
ATR-000339,ELISEU MOURA,eliseu moura,agente_publico,74198,,
ATR-000340,GASTÃO VIEIRA,gastao vieira,agente_publico,74200,,
ATR-000341,PEDRO NOVAIS,pedro novais,agente_publico,74207,,
ATR-000342,REMI TRINTA,remi trinta,agente_publico,74208,,
ATR-000343,ROBERTO ROCHA,roberto rocha,agente_publico,74209,677,
ATR-000344,SARNEY FILHO,sarney filho,agente_publico,74210,,
ATR-000345,SEBASTIÃO MADEIRA,sebastiao madeira,agente_publico,74211,,
ATR-000346,ANÍBAL GOMES,anibal gomes,agente_publico,74212,,
ATR-000347,ANTONIO BALHMANN,antonio balhmann,agente_publico,74213,,
ATR-000348,RAIMUNDO GOMES DE MATOS,raimundo gomes de matos,agente_publico,74216,,
ATR-000349,WALTER PINHEIRO,walter pinheiro,agente_publico,74218,604,
ATR-000350,ASDRUBAL BENTES,asdrubal bentes,agente_publico,74222,,
ATR-000351,NEIVA MOREIRA,neiva moreira,agente_publico,74225,,
ATR-000352,COLBERT MARTINS,colbert martins,agente_publico,74230,,
ATR-000353,MARCUS VICENTE,marcus vicente,agente_publico,74235,,
ATR-000354,MOACIR MICHELETTO,moacir micheletto,agente_publico,74238,,
ATR-000355,JOÃO TOTA,joao tota,agente_publico,74240,,
ATR-000356,JUÍZA DENISE FROSSARD,juiza denise frossard,agente_publico,74252,,
ATR-000357,Julio Lopes,julio lopes,agente_publico,74253,,
ATR-000358,LEONARDO PICCIANI,leonardo picciani,agente_publico,74254,,
ATR-000359,MARIA LUCIA,maria lucia,agente_publico,74255,,
ATR-000360,REINALDO BETÃO,reinaldo betao,agente_publico,74256,,
ATR-000361,RENATO COZZOLINO,renato cozzolino,agente_publico,74257,,
ATR-000362,SANDRO MATOS,sandro matos,agente_publico,74258,,
ATR-000363,VIEIRA REIS,vieira reis,agente_publico,74259,,
ATR-000364,AMAURI GASQUES,amauri gasques,agente_publico,74260,,
ATR-000365,JOÃO BATISTA,joao batista,agente_publico,74261,,
ATR-000366,Carlos Sampaio,carlos sampaio,agente_publico,74262,,
ATR-000367,CLÁUDIO MAGRÃO,claudio magrao,agente_publico,74263,,
ATR-000368,DEVANIR RIBEIRO,devanir ribeiro,agente_publico,74264,,
ATR-000369,DIMAS RAMALHO,dimas ramalho,agente_publico,74265,,
ATR-000370,DURVAL ORLATO,durval orlato,agente_publico,74266,,
ATR-000371,EDNA MACEDO,edna macedo,agente_publico,74267,,
ATR-000372,ELIMAR MÁXIMO DAMASCENO,elimar maximo damasceno,agente_publico,74268,,
ATR-000373,ENÉAS,eneas,agente_publico,74269,,
ATR-000374,Gilberto Nascimento,gilberto nascimento,agente_publico,74270,,
ATR-000375,ILDEU ARAUJO,ildeu araujo,agente_publico,74271,,
ATR-000376,JAMIL MURAD,jamil murad,agente_publico,74272,,
ATR-000377,Jefferson Campos,jefferson campos,agente_publico,74273,,
ATR-000378,JOSÉ EDUARDO CARDOZO,jose eduardo cardozo,agente_publico,74274,,
ATR-000379,JOSÉ MENTOR,jose mentor,agente_publico,74275,,
ATR-000380,JOVINO CÂNDIDO,jovino candido,agente_publico,74276,,
ATR-000381,LOBBE NETO,lobbe neto,agente_publico,74277,,
ATR-000382,MARCELO ORTIZ,marcelo ortiz,agente_publico,74278,,
ATR-000383,MARCOS ABRAMO,marcos abramo,agente_publico,74279,,
ATR-000384,PROFESSOR IRAPUAN TEIXEIRA,professor irapuan teixeira,agente_publico,74280,,
ATR-000385,ROBERTO GOUVEIA,roberto gouveia,agente_publico,74281,,
ATR-000386,VANDERLEI ASSIS,vanderlei assis,agente_publico,74282,,
ATR-000387,Vicentinho,vicentinho,agente_publico,74283,1098,
ATR-000388,WALTER FELDMAN,walter feldman,agente_publico,74284,,
ATR-000389,CARLOS ABICALIL,carlos abicalil,agente_publico,74285,,
ATR-000390,THELMA DE OLIVEIRA,thelma de oliveira,agente_publico,74286,,
ATR-000391,JOSÉ ROBERTO ARRUDA,jose roberto arruda,agente_publico,74287,,
ATR-000392,MANINHA,maninha,agente_publico,74288,,
ATR-000393,TATICO,tatico,agente_publico,74289,,
ATR-000394,CARLOS ALBERTO LERÉIA,carlos alberto lereia,agente_publico,74290,,
ATR-000395,ARNON BEZERRA,arnon bezerra,agente_publico,74291,,
ATR-000396,GONZAGA MOTA,gonzaga mota,agente_publico,74294,,
ATR-000397,Inácio Arruda,inacio arruda,agente_publico,74295,613,
ATR-000398,JOSÉ LINHARES,jose linhares,agente_publico,74297,,
ATR-000399,JOSÉ PIMENTEL,jose pimentel,agente_publico,74298,615,
ATR-000400,Leônidas Cristino,leonidas cristino,agente_publico,74299,,
ATR-000401,MARCELO TEIXEIRA,marcelo teixeira,agente_publico,74300,,
ATR-000402,PINHEIRO LANDIM,pinheiro landim,agente_publico,74304,,
ATR-000403,ROBERTO PESSOA,roberto pessoa,agente_publico,74305,,
ATR-000404,ROMMEL FEIJÓ,rommel feijo,agente_publico,74306,,
ATR-000405,VICENTE ARRUDA,vicente arruda,agente_publico,74308,,
ATR-000406,ZÉ GERARDO,ze gerardo,agente_publico,74309,,
ATR-000407,ALBERTO SILVA,alberto silva,agente_publico,74310,946,
ATR-000408,B. SÁ,b. sa,agente_publico,74312,,
ATR-000409,CIRO NOGUEIRA,ciro nogueira,agente_publico,74313,739,
ATR-000410,Júlio Cesar,julio cesar,agente_publico,74317,,
ATR-000411,MUSSA DEMES,mussa demes,agente_publico,74318,,
ATR-000412,PAES LANDIM,paes landim,agente_publico,74319,,
ATR-000413,BETINHO ROSADO,betinho rosado,agente_publico,74321,,
ATR-000414,HENRIQUE EDUARDO ALVES,henrique eduardo alves,agente_publico,74324,,
ATR-000415,IBERÊ FERREIRA,ibere ferreira,agente_publico,74325,,
ATR-000416,NEY LOPES,ney lopes,agente_publico,74327,,
ATR-000417,ADAUTO PEREIRA,adauto pereira,agente_publico,74328,,
ATR-000418,MÁRIO ASSAD JÚNIOR,mario assad junior,agente_publico,74329,,
ATR-000419,MILTON BARBOSA,milton barbosa,agente_publico,74337,,
ATR-000420,ALMIR SÁ,almir sa,agente_publico,74341,,
ATR-000421,BADU PICANÇO,badu picanco,agente_publico,74342,,
ATR-000422,DR. BENEDITO DIAS,dr. benedito dias,agente_publico,74343,,
ATR-000423,EDUARDO SEABRA,eduardo seabra,agente_publico,74344,,
ATR-000424,EVANDRO MILHOMEN,evandro milhomen,agente_publico,74345,,
ATR-000425,JURANDIL JUAREZ,jurandil juarez,agente_publico,74346,,
ATR-000426,BABÁ,baba,agente_publico,74349,,
ATR-000427,JOSUÉ BENGTSON,josue bengtson,agente_publico,74351,,
ATR-000428,NILSON PINTO,nilson pinto,agente_publico,74352,,
ATR-000429,ZENALDO COUTINHO,zenaldo coutinho,agente_publico,74354,,
ATR-000430,FRANCISCO GARCIA,francisco garcia,agente_publico,74355,553,
ATR-000431,Silas Câmara,silas camara,agente_publico,74356,,
ATR-000432,VANESSA GRAZZIOTIN,vanessa grazziotin,agente_publico,74357,558,
ATR-000433,AGNALDO MUNIZ,agnaldo muniz,agente_publico,74358,,
ATR-000434,NILTON CAPIXABA,nilton capixaba,agente_publico,74359,,
ATR-000435,SÉRGIO CARVALHO,sergio carvalho,agente_publico,74360,,
ATR-000436,MARCIO BITTAR,marcio bittar,agente_publico,74363,285,
ATR-000437,NILSON MOURÃO,nilson mourao,agente_publico,74365,288,
ATR-000438,JOÃO CAMPOS,joao campos,agente_publico,74366,,
ATR-000439,LEANDRO VILELA,leandro vilela,agente_publico,74367,,
ATR-000440,LEONARDO VILELA,leonardo vilela,agente_publico,74368,,
ATR-000441,NEYDE APARECIDA,neyde aparecida,agente_publico,74369,,
ATR-000442,PROFESSORA RAQUEL TEIXEIRA,professora raquel teixeira,agente_publico,74370,,
ATR-000443,Rubens Otoni,rubens otoni,agente_publico,74371,,
ATR-000444,SANDES JÚNIOR,sandes junior,agente_publico,74372,,
ATR-000445,ANTÔNIO CARLOS BIFFI,antonio carlos biffi,agente_publico,74373,,
ATR-000446,Geraldo Resende,geraldo resende,agente_publico,74374,,
ATR-000447,MURILO ZAUITH,murilo zauith,agente_publico,74375,,
ATR-000448,Vander Loubet,vander loubet,agente_publico,74376,,
ATR-000449,ANDRÉ ZACHAROW,andre zacharow,agente_publico,74377,,
ATR-000450,ASSIS MIGUEL DO COUTO,assis miguel do couto,agente_publico,74378,,
ATR-000451,CEZAR SILVESTRI,cezar silvestri,agente_publico,74379,,
ATR-000452,COLOMBO,colombo,agente_publico,74380,,
ATR-000453,DRA. CLAIR,dra. clair,agente_publico,74381,,
ATR-000454,EDUARDO SCIARRA,eduardo sciarra,agente_publico,74382,,
ATR-000455,Giacobo,giacobo,agente_publico,74383,,
ATR-000456,TAKAYAMA,takayama,agente_publico,74385,,
ATR-000457,ADELOR VIEIRA,adelor vieira,agente_publico,74386,,
ATR-000458,IVAN RANZOLIN,ivan ranzolin,agente_publico,74387,,
ATR-000459,JORGE BOEIRA,jorge boeira,agente_publico,74388,,
ATR-000460,MAURO PASSOS,mauro passos,agente_publico,74389,,
ATR-000461,PAULO AFONSO,paulo afonso,agente_publico,74390,,
ATR-000462,VIGNATTI,vignatti,agente_publico,74391,,
ATR-000463,ZONTA,zonta,agente_publico,74392,,
ATR-000464,ÉRICO RIBEIRO,erico ribeiro,agente_publico,74393,,
ATR-000465,FRANCISCO TURRA,francisco turra,agente_publico,74394,,
ATR-000466,JOSÉ OTÁVIO GERMANO,jose otavio germano,agente_publico,74395,,
ATR-000467,KELLY MORAES,kelly moraes,agente_publico,74396,,
ATR-000468,LUCIANA GENRO,luciana genro,agente_publico,74397,,
ATR-000469,Maria do Rosário,maria do rosario,agente_publico,74398,,
ATR-000470,ONYX LORENZONI,onyx lorenzoni,agente_publico,74399,,
ATR-000471,Paulo Pimenta,paulo pimenta,agente_publico,74400,,
ATR-000472,JOSÉ IVO SARTORI,jose ivo sartori,agente_publico,74401,,
ATR-000473,ENIO TATICO,enio tatico,agente_publico,74402,,
ATR-000474,SELMA SCHONS,selma schons,agente_publico,74403,,
ATR-000475,ARMANDO ABÍLIO,armando abilio,agente_publico,74405,,
ATR-000476,ENIVALDO RIBEIRO,enivaldo ribeiro,agente_publico,74408,,
ATR-000477,WILSON BRAGA,wilson braga,agente_publico,74414,,
ATR-000478,EDUARDO CAMPOS,eduardo campos,agente_publico,74416,,
ATR-000479,FERNANDO FERRO,fernando ferro,agente_publico,74417,,
ATR-000480,GONZAGA PATRIOTA,gonzaga patriota,agente_publico,74419,,
ATR-000481,INOCÊNCIO OLIVEIRA,inocencio oliveira,agente_publico,74421,,
ATR-000482,JOSÉ CHAVES,jose chaves,agente_publico,74423,,
ATR-000483,JOSÉ MENDONÇA BEZERRA,jose mendonca bezerra,agente_publico,74425,,
ATR-000484,JOSÉ MÚCIO MONTEIRO,jose mucio monteiro,agente_publico,74426,,
ATR-000485,LUIZ PIAUHYLINO,luiz piauhylino,agente_publico,74427,,
ATR-000486,Mendonça Filho,mendonca filho,agente_publico,74428,,
ATR-000487,OSVALDO COELHO,osvaldo coelho,agente_publico,74430,,
ATR-000488,PEDRO CORRÊA,pedro correa,agente_publico,74431,,
ATR-000489,ROBERTO MAGALHÃES,roberto magalhaes,agente_publico,74433,,
ATR-000490,SALATIEL CARVALHO,salatiel carvalho,agente_publico,74434,,
ATR-000491,SERGIO GUERRA,sergio guerra,agente_publico,74435,735,
ATR-000492,SEVERINO CAVALCANTI,severino cavalcanti,agente_publico,74436,,
ATR-000493,WOLNEY QUEIROZ,wolney queiroz,agente_publico,74439,,
ATR-000494,AUGUSTO FARIAS,augusto farias,agente_publico,74441,,
ATR-000495,PASTOR AMARILDO,pastor amarildo,agente_publico,74444,918,
ATR-000496,JOÃO CASTELO,joao castelo,agente_publico,74445,,
ATR-000497,NICE LOBÃO,nice lobao,agente_publico,74447,,
ATR-000498,PAULO MARINHO,paulo marinho,agente_publico,74448,,
ATR-000499,PEDRO FERNANDES,pedro fernandes,agente_publico,74449,674,
ATR-000500,ALMEIDA DE JESUS,almeida de jesus,agente_publico,74451,,
ATR-000501,ANTONIO CAMBRAIA,antonio cambraia,agente_publico,74452,,
ATR-000502,Eunício Oliveira,eunicio oliveira,agente_publico,74454,612,
ATR-000503,LÉO ALCÂNTARA,leo alcantara,agente_publico,74455,,
ATR-000504,MANOEL SALVIANO,manoel salviano,agente_publico,74456,,
ATR-000505,MORONI TORGAN,moroni torgan,agente_publico,74457,,
ATR-000506,ÁTILA LIRA,atila lira,agente_publico,74459,,
ATR-000507,MARCELO CASTRO,marcelo castro,agente_publico,74460,742,
ATR-000508,THEMÍSTOCLES SAMPAIO,themistocles sampaio,agente_publico,74461,,
ATR-000509,LAVOISIER MAIA,lavoisier maia,agente_publico,74463,,
ATR-000510,MÚCIO SÁ,mucio sa,agente_publico,74464,,
ATR-000511,CARLOS DUNGA,carlos dunga,agente_publico,74466,704,
ATR-000512,Damião Feliciano,damiao feliciano,agente_publico,74467,,
ATR-000513,DOMICIANO CABRAL,domiciano cabral,agente_publico,74468,,
ATR-000514,INALDO LEITÃO,inaldo leitao,agente_publico,74469,,
ATR-000515,MARCONDES GADELHA,marcondes gadelha,agente_publico,74470,710,
ATR-000516,ANDRÉ DE PAULA,andre de paula,agente_publico,74471,,
ATR-000517,ARMANDO MONTEIRO,armando monteiro,agente_publico,74472,715,
ATR-000518,CARLOS BATATA,carlos batata,agente_publico,74473,,
ATR-000519,CARLOS EDUARDO CADOCA,carlos eduardo cadoca,agente_publico,74474,,
ATR-000520,JOAQUIM FRANCISCO,joaquim francisco,agente_publico,74477,724,
ATR-000521,Luciano Bivar,luciano bivar,agente_publico,74478,,
ATR-000522,MARCOS DE JESUS,marcos de jesus,agente_publico,74479,,
ATR-000523,FRANCISCO APPIO,francisco appio,agente_publico,74480,,
ATR-000524,WASNY DE ROURE,wasny de roure,agente_publico,74481,,
ATR-000525,RUBINELLI,rubinelli,agente_publico,74482,,
ATR-000526,MILTON CARDIAS,milton cardias,agente_publico,74483,,
ATR-000527,CARLOS MOTA,carlos mota,agente_publico,74484,,
ATR-000528,MARIÂNGELA DUARTE,mariangela duarte,agente_publico,74485,,
ATR-000529,LUIZ ROGERIO,luiz rogerio,agente_publico,74486,,
ATR-000530,FERNANDO WILLIAM,fernando william,agente_publico,74487,,
ATR-000531,JOSÉ RAJÃO,jose rajao,agente_publico,74488,,
ATR-000532,HAMILTON CASARA,hamilton casara,agente_publico,74489,,
ATR-000533,WASHINGTON LUIZ,washington luiz,agente_publico,74490,,
ATR-000534,NAZARENO FONTELES,nazareno fonteles,agente_publico,74491,,
ATR-000535,SIMPLÍCIO MÁRIO,simplicio mario,agente_publico,74492,,
ATR-000536,JURANDIR BOIA,jurandir boia,agente_publico,74493,,
ATR-000537,VADINHO BAIÃO,vadinho baiao,agente_publico,74494,,
ATR-000538,JORGE GOMES,jorge gomes,agente_publico,74495,,
ATR-000539,ZARATTINI,zarattini,agente_publico,74496,,
ATR-000540,SÉRGIO CAIADO,sergio caiado,agente_publico,74497,,
ATR-000541,BENEDITO DE LIRA,benedito de lira,agente_publico,74517,3823,
ATR-000542,JOSÉ THOMAZ NONÔ,jose thomaz nono,agente_publico,74520,,
ATR-000543,LUIZ DANTAS,luiz dantas,agente_publico,74521,,
ATR-000544,CLEONÂNCIO FONSECA,cleonancio fonseca,agente_publico,74527,,
ATR-000545,JERÔNIMO REIS,jeronimo reis,agente_publico,74528,,
ATR-000546,SÉRGIO BARRADAS CARNEIRO,sergio barradas carneiro,agente_publico,74533,,
ATR-000547,AROLDO CEDRAZ,aroldo cedraz,agente_publico,74534,,
ATR-000548,BENITO GAMA,benito gama,agente_publico,74535,,
ATR-000549,Claudio Cajado,claudio cajado,agente_publico,74537,,
ATR-000550,CORIOLANO SALES,coriolano sales,agente_publico,74538,,
ATR-000551,FÉLIX MENDONÇA,felix mendonca,agente_publico,74542,,
ATR-000552,GEDDEL VIEIRA LIMA,geddel vieira lima,agente_publico,74544,,
ATR-000553,JAIRO CARNEIRO,jairo carneiro,agente_publico,74547,,
ATR-000554,JOÃO ALMEIDA,joao almeida,agente_publico,74549,,
ATR-000555,João Leão,joao leao,agente_publico,74550,,
ATR-000556,JORGE KHOURY,jorge khoury,agente_publico,74552,,
ATR-000557,JOSÉ CARLOS ALELUIA,jose carlos aleluia,agente_publico,74553,,
ATR-000558,José Rocha,jose rocha,agente_publico,74554,,
ATR-000559,PEDRO EUGÊNIO,pedro eugenio,agente_publico,74556,,
ATR-000560,RICARDO FIUZA,ricardo fiuza,agente_publico,74557,,
ATR-000561,GIVALDO CARIMBÃO,givaldo carimbao,agente_publico,74558,,
ATR-000562,JOÃO CALDAS,joao caldas,agente_publico,74559,,
ATR-000563,IVAN PAIXÃO,ivan paixao,agente_publico,74562,,
ATR-000564,JORGE ALBERTO,jorge alberto,agente_publico,74563,,
ATR-000565,GERALDO SIMÕES,geraldo simoes,agente_publico,74566,,
ATR-000566,GERSON GABRIELLI,gerson gabrielli,agente_publico,74567,,
ATR-000567,JONIVAL LUCAS JUNIOR,jonival lucas junior,agente_publico,74568,,
ATR-000568,JUTAHY JUNIOR,jutahy junior,agente_publico,74570,,
ATR-000569,NELSON PELLEGRINO,nelson pellegrino,agente_publico,74571,,
ATR-000570,Paulo Magalhães,paulo magalhaes,agente_publico,74574,,
ATR-000571,CABO JÚLIO,cabo julio,agente_publico,74577,,
ATR-000572,CLEUBER CARNEIRO,cleuber carneiro,agente_publico,74578,,
ATR-000573,CUSTÓDIO MATTOS,custodio mattos,agente_publico,74579,,
ATR-000574,EDMAR MOREIRA,edmar moreira,agente_publico,74580,,
ATR-000575,Gilmar Machado,gilmar machado,agente_publico,74581,,
ATR-000576,JOSÉ MILITÃO,jose militao,agente_publico,74584,,
ATR-000577,Lincoln Portela,lincoln portela,agente_publico,74585,,
ATR-000578,MARIA DO CARMO LARA,maria do carmo lara,agente_publico,74586,,
ATR-000579,MARIA LÚCIA CARDOSO,maria lucia cardoso,agente_publico,74587,,
ATR-000580,RAFAEL GUERRA,rafael guerra,agente_publico,74590,,
ATR-000581,ROMEU QUEIROZ,romeu queiroz,agente_publico,74591,,
ATR-000582,RONALDO VASCONCELLOS,ronaldo vasconcellos,agente_publico,74592,,
ATR-000583,VIRGÍLIO GUIMARÃES,virgilio guimaraes,agente_publico,74593,,
ATR-000584,MARCOS MEDRADO,marcos medrado,agente_publico,74634,,
ATR-000585,MÁRIO NEGROMONTE,mario negromonte,agente_publico,74635,,
ATR-000586,PEDRO IRUJO,pedro irujo,agente_publico,74637,,
ATR-000587,ROLAND LAVIGNE,roland lavigne,agente_publico,74640,,
ATR-000588,SEVERIANO ALVES,severiano alves,agente_publico,74641,,
ATR-000589,Aécio Neves,aecio neves,agente_publico,74646,391,
ATR-000590,ARACELY DE PAULA,aracely de paula,agente_publico,74648,,
ATR-000591,BONIFÁCIO DE ANDRADA,bonifacio de andrada,agente_publico,74650,,
ATR-000592,CARLOS MELLES,carlos melles,agente_publico,74651,,
ATR-000593,DANILO DE CASTRO,danilo de castro,agente_publico,74654,,
ATR-000594,EDUARDO BARBOSA,eduardo barbosa,agente_publico,74655,,
ATR-000595,ELISEU RESENDE,eliseu resende,agente_publico,74657,394,
ATR-000596,FERNANDO DINIZ,fernando diniz,agente_publico,74658,,
ATR-000597,HERCULANO ANGHINETTI,herculano anghinetti,agente_publico,74660,,
ATR-000598,HUMBERTO SOUTO,humberto souto,agente_publico,74662,,
ATR-000599,IBRAHIM ABI-ACKEL,ibrahim abi-ackel,agente_publico,74663,,
ATR-000600,JAIME MARTINS,jaime martins,agente_publico,74665,,
ATR-000601,JOSÉ CARLOS ELIAS,jose carlos elias,agente_publico,74671,,
ATR-000602,ALMERINDA DE CARVALHO,almerinda de carvalho,agente_publico,74675,,
ATR-000603,CARLOS RODRIGUES,carlos rodrigues,agente_publico,74676,,
ATR-000604,DR. HELENO,dr. heleno,agente_publico,74680,,
ATR-000605,EDUARDO PAES,eduardo paes,agente_publico,74683,,
ATR-000606,JORGE BITTAR,jorge bittar,agente_publico,74686,,
ATR-000607,LUIZ SÉRGIO,luiz sergio,agente_publico,74688,,
ATR-000608,MIRIAM REID,miriam reid,agente_publico,74690,,
ATR-000609,PAULO BALTAZAR,paulo baltazar,agente_publico,74692,,
ATR-000610,RODRIGO MAIA,rodrigo maia,agente_publico,74693,,
ATR-000611,Alberto Mourão,alberto mourao,agente_publico,74696,,
ATR-000612,ANGELA GUADAGNIN,angela guadagnin,agente_publico,74699,,
ATR-000613,FLEURY,fleury,agente_publico,74700,,
ATR-000614,ANTONIO PALOCCI,antonio palocci,agente_publico,74701,,
ATR-000615,WANDERVAL SANTOS,wanderval santos,agente_publico,74702,,
ATR-000616,DR. EVILÁSIO,dr. evilasio,agente_publico,74705,,
ATR-000617,JOSÉ SANTANA DE VASCONCELLOS,jose santana de vasconcellos,agente_publico,74741,,
ATR-000618,LAEL VARELLA,lael varella,agente_publico,74742,415,
ATR-000619,MÁRCIO REINALDO MOREIRA,marcio reinaldo moreira,agente_publico,74744,,
ATR-000620,MARCOS LIMA,marcos lima,agente_publico,74745,,
ATR-000621,MÁRIO DE OLIVEIRA,mario de oliveira,agente_publico,74747,,
ATR-000622,MAURO LOPES,mauro lopes,agente_publico,74749,,
ATR-000623,NEWTON CARDOSO,newton cardoso,agente_publico,74750,,
ATR-000624,NILMÁRIO MIRANDA,nilmario miranda,agente_publico,74751,,
ATR-000625,ODELMO LEÃO,odelmo leao,agente_publico,74752,,
ATR-000626,OSMÂNIO PEREIRA,osmanio pereira,agente_publico,74753,,
ATR-000627,PAULO DELGADO,paulo delgado,agente_publico,74754,,
ATR-000628,PHILEMON RODRIGUES,philemon rodrigues,agente_publico,74756,,
ATR-000629,ROBERTO BRANT,roberto brant,agente_publico,74758,,
ATR-000630,ROMEL ANIZIO,romel anizio,agente_publico,74759,,
ATR-000631,SARAIVA FELIPE,saraiva felipe,agente_publico,74762,,
ATR-000632,SÉRGIO MIRANDA,sergio miranda,agente_publico,74763,,
ATR-000633,SILAS BRASILEIRO,silas brasileiro,agente_publico,74765,,
ATR-000634,VITTORIO MEDIOLI,vittorio medioli,agente_publico,74768,,
ATR-000635,FEU ROSA,feu rosa,agente_publico,74771,,
ATR-000636,NILTON BAIANO,nilton baiano,agente_publico,74776,,
ATR-000637,RITA CAMATA,rita camata,agente_publico,74777,,
ATR-000638,GILBERTO KASSAB,gilberto kassab,agente_publico,74778,,
ATR-000639,DR. HÉLIO,dr. helio,agente_publico,74779,,
ATR-000640,IARA BERNARDI,iara bernardi,agente_publico,74780,,
ATR-000641,JOÃO HERRMANN NETO,joao herrmann neto,agente_publico,74781,,
ATR-000642,JOSÉ DIRCEU,jose dirceu,agente_publico,74782,,
ATR-000643,JULIO SEMEGHINI,julio semeghini,agente_publico,74783,,
ATR-000644,Luiza Erundina,luiza erundina,agente_publico,74784,,
ATR-000645,MEDEIROS,medeiros,agente_publico,74786,,
ATR-000646,MILTON MONTI,milton monti,agente_publico,74787,,
ATR-000647,NEUTON LIMA,neuton lima,agente_publico,74790,,
ATR-000648,PAULO KOBAYASHI,paulo kobayashi,agente_publico,74791,,
ATR-000649,PROFESSOR LUIZINHO,professor luizinho,agente_publico,74792,,
ATR-000650,RICARDO BERZOINI,ricardo berzoini,agente_publico,74793,,
ATR-000651,XICO GRAZIANO,xico graziano,agente_publico,74797,,
ATR-000652,CELCITA PINHEIRO,celcita pinheiro,agente_publico,74799,,
ATR-000653,LINO ROSSI,lino rossi,agente_publico,74800,,
ATR-000654,WILSON SANTOS,wilson santos,agente_publico,74801,,
ATR-000655,MAGELA,magela,agente_publico,74802,,
ATR-000656,TADEU FILIPPELLI,tadeu filippelli,agente_publico,74806,,
ATR-000657,LUIZ BITTENCOURT,luiz bittencourt,agente_publico,74810,,
ATR-000658,PEDRO CHAVES,pedro chaves,agente_publico,74812,453,
ATR-000659,RONALDO CAIADO,ronaldo caiado,agente_publico,74813,456,
ATR-000660,ALDIR CABRAL,aldir cabral,agente_publico,74828,,
ATR-000661,ALEXANDRE CARDOSO,alexandre cardoso,agente_publico,74829,,
ATR-000662,ALEXANDRE SANTOS,alexandre santos,agente_publico,74830,,
ATR-000663,AROLDE DE OLIVEIRA,arolde de oliveira,agente_publico,74833,751,
ATR-000664,CARLOS SANTANA,carlos santana,agente_publico,74835,,
ATR-000665,EDSON EZEQUIEL,edson ezequiel,agente_publico,74838,,
ATR-000666,FERNANDO GABEIRA,fernando gabeira,agente_publico,74841,,
ATR-000667,FERNANDO GONÇALVES,fernando goncalves,agente_publico,74842,,
ATR-000668,FERNANDO LOPES,fernando lopes,agente_publico,74843,,
ATR-000669,FRANCISCO DORNELLES,francisco dornelles,agente_publico,74844,765,
ATR-000670,ITAMAR SERPA,itamar serpa,agente_publico,74846,,
ATR-000671,JAIR BOLSONARO,jair bolsonaro,agente_publico,74847,,
ATR-000672,Jandira Feghali,jandira feghali,agente_publico,74848,,
ATR-000673,Laura Carneiro,laura carneiro,agente_publico,74856,,
ATR-000674,Lindbergh Farias,lindbergh farias,agente_publico,74858,3695,
ATR-000675,MÁRCIO FORTES,marcio fortes,agente_publico,74860,,
ATR-000676,MIRO TEIXEIRA,miro teixeira,agente_publico,74862,,
ATR-000677,MOREIRA FRANCO,moreira franco,agente_publico,74863,,
ATR-000678,MAURÍCIO DZIEDRICKI,mauricio dziedricki,agente_publico,75431,,
ATR-000679,MARCELO MATOS,marcelo matos,agente_publico,76287,,
ATR-000680,RUI PALMEIRA,rui palmeira,agente_publico,76420,,
ATR-000681,Marcelo Freixo,marcelo freixo,agente_publico,76874,,
ATR-000682,Sergio Santos Rodrigues,sergio santos rodrigues,agente_publico,77003,,
ATR-000683,JACKSON BARRETO,jackson barreto,agente_publico,77701,,
ATR-000684,Leo Prates,leo prates,agente_publico,80815,,
ATR-000685,PENNA,penna,agente_publico,80920,,
ATR-000686,Márcio Jerry,marcio jerry,agente_publico,81055,,
ATR-000687,IRAJÁ ABREU,iraja abreu,agente_publico,81232,,
ATR-000688,Dra. Soraya Manato,dra. soraya manato,agente_publico,81297,,
ATR-000689,LUANA COSTA,luana costa,agente_publico,81366,,
ATR-000690,LUCIANA COSTA,luciana costa,agente_publico,81512,,
ATR-000691,FREDO JUNIOR,fredo junior,agente_publico,86634,,
ATR-000692,Clodoaldo Magalhães,clodoaldo magalhaes,agente_publico,88256,,
ATR-000693,RODRIGO GARCIA,rodrigo garcia,agente_publico,88950,,
ATR-000694,REGUFFE,reguffe,agente_publico,89282,5236,
ATR-000695,Prof. Paulo Fernando,prof. paulo fernando,agente_publico,89536,,
ATR-000696,Pedro Augusto Bezerra,pedro augusto bezerra,agente_publico,90201,,
ATR-000697,Santini,santini,agente_publico,90842,,
ATR-000698,ROBINSON ALMEIDA,robinson almeida,agente_publico,91208,,
ATR-000699,Waldemar Oliveira,waldemar oliveira,agente_publico,91228,5914,
ATR-000700,Leur Lomanto Júnior,leur lomanto junior,agente_publico,92102,,
ATR-000701,Milton Coelho,milton coelho,agente_publico,92172,,
ATR-000702,Eduardo Bolsonaro,eduardo bolsonaro,agente_publico,92346,,
ATR-000703,VITOR PAULO,vitor paulo,agente_publico,92355,,
ATR-000704,Fernando Monteiro,fernando monteiro,agente_publico,92699,,
ATR-000705,Stefano Aguiar,stefano aguiar,agente_publico,92776,,
ATR-000706,CACÁ LEÃO,caca leao,agente_publico,93083,,
ATR-000707,CRISTIANE BRASIL FRANCISCO,cristiane brasil francisco,agente_publico,93472,,
ATR-000708,LUCIO VIEIRA LIMA,lucio vieira lima,agente_publico,94931,,
ATR-000709,HERÁCLITO FORTES,heraclito fortes,agente_publico,97707,740,
ATR-000710,JAQUELINE RORIZ,jaqueline roriz,agente_publico,97822,,
ATR-000711,Lafayette de Andrada,lafayette de andrada,agente_publico,98057,,
ATR-000712,Cobalchini,cobalchini,agente_publico,98148,,
ATR-000713,Ismael,ismael,agente_publico,98615,,
ATR-000714,ERIVELTON LIMA SANTANA,erivelton lima santana,agente_publico,99654,,
ATR-000715,Hildo do Candango,hildo do candango,agente_publico,100689,,
ATR-000716,DAVIDSON MAGALHÃES,davidson magalhaes,agente_publico,101309,5837,
ATR-000717,Luciano Azevedo,luciano azevedo,agente_publico,103758,,
ATR-000718,RUI COSTA,rui costa,agente_publico,104254,,
ATR-000719,Socorro Neri,socorro neri,agente_publico,104552,,
ATR-000720,CABUÇU BORGES,cabucu borges,agente_publico,105112,,
ATR-000721,Alexandre Figueiredo,alexandre figueiredo,agente_publico,105534,,
ATR-000722,Gleisi Hoffmann,gleisi hoffmann,agente_publico,107283,5006,
ATR-000723,Ana Paula Leão,ana paula leao,agente_publico,107970,,
ATR-000724,Jaqueline Cassol,jaqueline cassol,agente_publico,108338,,
ATR-000725,BERNARDO SANTANA DE VASCONCELLOS,bernardo santana de vasconcellos,agente_publico,109152,,
ATR-000726,PAULO FERREIRA,paulo ferreira,agente_publico,109372,,
ATR-000727,Benes Leocádio,benes leocadio,agente_publico,109429,,
ATR-000728,JOÃO MARCELO SOUZA,joao marcelo souza,agente_publico,112437,,
ATR-000729,VALMIR PRASCIDELLI,valmir prascidelli,agente_publico,113247,,
ATR-000730,CRISTIANO,cristiano,agente_publico,114586,,
ATR-000731,JOSI NUNES,josi nunes,agente_publico,114941,,
ATR-000732,Raniery Paulino,raniery paulino,agente_publico,115200,,
ATR-000733,Gelson Azevedo,gelson azevedo,agente_publico,115746,,
ATR-000734,MARCIO PASSOS,marcio passos,agente_publico,115899,,
ATR-000735,Darci de Matos,darci de matos,agente_publico,116379,,
ATR-000736,ALFREDO SIRKIS,alfredo sirkis,agente_publico,116663,,
ATR-000737,DR. CARLOS ALBERTO,dr. carlos alberto,agente_publico,118384,,
ATR-000738,MARCELO SQUASSONI,marcelo squassoni,agente_publico,118594,,
ATR-000739,MARLLOS SAMPAIO,marllos sampaio,agente_publico,121759,,
ATR-000740,Adriano do Baldy,adriano do baldy,agente_publico,121948,,
ATR-000741,Pedro Paulo,pedro paulo,agente_publico,122158,,
ATR-000742,Leonardo Gadelha,leonardo gadelha,agente_publico,122195,,
ATR-000743,RONALDO MARTINS,ronaldo martins,agente_publico,122466,,
ATR-000744,Pedro Lucas Fernandes,pedro lucas fernandes,agente_publico,122974,,
ATR-000745,Átila Lira,atila lira,agente_publico,123086,,
ATR-000746,Antônia Lúcia,antonia lucia,agente_publico,123756,,
ATR-000747,MAURO PEREIRA,mauro pereira,agente_publico,124411,,
ATR-000748,Paulo Marinho Jr,paulo marinho jr,agente_publico,128760,,
ATR-000749,GABRIEL GUIMARÃES,gabriel guimaraes,agente_publico,129037,,
ATR-000750,AMADOR TUT,amador tut,agente_publico,129617,,
ATR-000751,Gorete Pereira,gorete pereira,agente_publico,129618,,
ATR-000752,ACÁCIO JÚNIOR,acacio junior,agente_publico,131711,,
ATR-000753,CARLOS WILSON,carlos wilson,agente_publico,131873,,
ATR-000754,JARBAS VASCONCELOS,jarbas vasconcelos,agente_publico,131943,4545,
ATR-000755,JOSÉ FOGAÇA,jose fogaca,agente_publico,131966,,
ATR-000756,PAULO MALUF,paulo maluf,agente_publico,132056,,
ATR-000757,Enio Verri,enio verri,agente_publico,132504,,
ATR-000758,WALTER BARELLI,walter barelli,agente_publico,133370,,
ATR-000759,ANTENOR NASPOLINI,antenor naspolini,agente_publico,133371,,
ATR-000760,NATAN DONADON,natan donadon,agente_publico,133372,,
ATR-000761,MARCO MAIA,marco maia,agente_publico,133373,,
ATR-000762,ADEMIR CAMILO,ademir camilo,agente_publico,133374,,
ATR-000763,EDINHO MONTEMOR,edinho montemor,agente_publico,133375,,
ATR-000764,JAIR DE OLIVEIRA,jair de oliveira,agente_publico,133376,,
ATR-000765,ANDRÉ COSTA,andre costa,agente_publico,133377,,
ATR-000766,André Figueiredo,andre figueiredo,agente_publico,133439,,
ATR-000767,ANA ALENCAR,ana alencar,agente_publico,133440,,
ATR-000768,CAPITÃO WAYNE,capitao wayne,agente_publico,133658,,
ATR-000769,Marcelo Moraes,marcelo moraes,agente_publico,133810,,
ATR-000770,IBSEN PINHEIRO,ibsen pinheiro,agente_publico,133853,,
ATR-000771,Paulo Ramos,paulo ramos,agente_publico,133968,,
ATR-000772,ANA GUERRA,ana guerra,agente_publico,134115,,
ATR-000773,THAÍS BARBOSA,thais barbosa,agente_publico,134116,,
ATR-000774,EDMILSON RODRIGUES,edmilson rodrigues,agente_publico,134812,,
ATR-000775,VITORASSI,vitorassi,agente_publico,134893,,
ATR-000776,Cristiano Vale,cristiano vale,agente_publico,135054,,
ATR-000777,JORGE VI,jorge vi,agente_publico,135476,,
ATR-000778,ALEXANDRE MAIA,alexandre maia,agente_publico,136226,,
ATR-000779,FERNANDO ESTIMA,fernando estima,agente_publico,136377,,
ATR-000780,Afonso Hamm,afonso hamm,agente_publico,136811,,
ATR-000781,Vicentinho Júnior,vicentinho junior,agente_publico,137070,,
ATR-000782,CLAUDIO RORATO,claudio rorato,agente_publico,137116,,
ATR-000783,FRED KOHLER,fred kohler,agente_publico,137578,,
ATR-000784,VICENTE CHELOTTI,vicente chelotti,agente_publico,137759,,
ATR-000785,WADSON RIBEIRO,wadson ribeiro,agente_publico,137853,,
ATR-000786,FRANCISCO ESCÓRCIO,francisco escorcio,agente_publico,137983,,
ATR-000787,Luciano Alves,luciano alves,agente_publico,138286,,
ATR-000788,IRINEU RODRIGUES,irineu rodrigues,agente_publico,138512,,
ATR-000789,ALCENI GUERRA,alceni guerra,agente_publico,139133,,
ATR-000790,EDMILSON VALENTIM,edmilson valentim,agente_publico,139187,,
ATR-000791,FRANCISCO ROSSI,francisco rossi,agente_publico,139212,,
ATR-000792,Lídice da Mata,lidice da mata,agente_publico,139285,4575,
ATR-000793,MOISES AVELINO,moises avelino,agente_publico,139311,,
ATR-000794,RICARDO SANTOS,ricardo santos,agente_publico,140241,,
ATR-000795,CLÁUDIO DIAZ,claudio diaz,agente_publico,141057,,
ATR-000796,CARLOS LAPA,carlos lapa,agente_publico,141331,,
ATR-000797,CLÓVIS CORRÊA,clovis correa,agente_publico,141334,,
ATR-000798,BETO FARO,beto faro,agente_publico,141335,4639,
ATR-000799,CHARLES LUCENA,charles lucena,agente_publico,141336,,
ATR-000800,LUIZ ROCHA FILHO,luiz rocha filho,agente_publico,141337,,
ATR-000801,FERNANDO CHUCRE,fernando chucre,agente_publico,141344,,
ATR-000802,DR. ADILSON SOARES,dr. adilson soares,agente_publico,141371,,
ATR-000803,AELTON FREITAS,aelton freitas,agente_publico,141372,1091,
ATR-000804,ALBANO FRANCO,albano franco,agente_publico,141373,,
ATR-000805,ALEXANDRE SILVEIRA DE OLIVEIRA,alexandre silveira de oliveira,agente_publico,141374,4610,
ATR-000806,ALINE CORRÊA,aline correa,agente_publico,141375,,
ATR-000807,BEL MESQUITA,bel mesquita,agente_publico,141376,,
ATR-000808,ANA ARRAES,ana arraes,agente_publico,141377,,
ATR-000809,ANDRE VARGAS,andre vargas,agente_publico,141378,,
ATR-000810,ANDREIA ZITO,andreia zito,agente_publico,141379,,
ATR-000811,ANGELA PORTELA,angela portela,agente_publico,141380,4697,
ATR-000812,ANGELO VANHONI,angelo vanhoni,agente_publico,141381,,
ATR-000813,TONHA MAGALHÃES,tonha magalhaes,agente_publico,141382,,
ATR-000814,ANTONIO BULHÕES,antonio bulhoes,agente_publico,141383,,
ATR-000815,VALADARES FILHO,valadares filho,agente_publico,141384,,
ATR-000816,DUARTE NOGUEIRA,duarte nogueira,agente_publico,141385,,
ATR-000817,EUDES XAVIER,eudes xavier,agente_publico,141386,,
ATR-000818,ANTÔNIO ANDRADE,antonio andrade,agente_publico,141387,,
ATR-000819,ANTONIO JOSÉ MEDEIROS,antonio jose medeiros,agente_publico,141388,,
ATR-000820,INDIO DA COSTA,indio da costa,agente_publico,141389,,
ATR-000821,ANTÔNIO ROBERTO,antonio roberto,agente_publico,141390,,
ATR-000822,Arnaldo Jardim,arnaldo jardim,agente_publico,141391,,
ATR-000823,ARNALDO VIANNA,arnaldo vianna,agente_publico,141392,,
ATR-000824,BRUNO RODRIGUES,bruno rodrigues,agente_publico,141393,,
ATR-000825,BRUNO ARAÚJO,bruno araujo,agente_publico,141394,,
ATR-000826,CAMILO COLA,camilo cola,agente_publico,141395,,
ATR-000827,CÂNDIDO VACCAREZZA,candido vaccarezza,agente_publico,141396,,
ATR-000828,CARLOS ALBERTO CANUTO,carlos alberto canuto,agente_publico,141397,,
ATR-000829,Carlos Zarattini,carlos zarattini,agente_publico,141398,,
ATR-000830,BRIZOLA NETO,brizola neto,agente_publico,141399,,
ATR-000831,VIEIRA DA CUNHA,vieira da cunha,agente_publico,141400,,
ATR-000832,Carlos Bezerra,carlos bezerra,agente_publico,141401,,
ATR-000833,CARLOS BRANDÃO,carlos brandao,agente_publico,141402,,
ATR-000834,RATINHO JUNIOR,ratinho junior,agente_publico,141403,,
ATR-000835,CASSIO TANIGUCHI,cassio taniguchi,agente_publico,141404,,
ATR-000836,CELSO MALDANER,celso maldaner,agente_publico,141405,,
ATR-000837,CIRO GOMES,ciro gomes,agente_publico,141406,,
ATR-000838,CIRO PEDROSA,ciro pedrosa,agente_publico,141407,,
ATR-000839,Cleber Verde,cleber verde,agente_publico,141408,,
ATR-000840,CLODOVIL HERNANDES,clodovil hernandes,agente_publico,141409,,
ATR-000841,CRISTIANO MATHEUS,cristiano matheus,agente_publico,141410,,
ATR-000842,Dagoberto Nogueira,dagoberto nogueira,agente_publico,141411,,
ATR-000843,DAVI ALVES SILVA JÚNIOR,davi alves silva junior,agente_publico,141412,,
ATR-000844,DÉCIO LIMA,decio lima,agente_publico,141413,,
ATR-000845,DR. BASEGIO,dr. basegio,agente_publico,141414,,
ATR-000846,DJALMA BERGER,djalma berger,agente_publico,141415,,
ATR-000847,EDGAR MOURY,edgar moury,agente_publico,141416,,
ATR-000848,EDIO LOPES,edio lopes,agente_publico,141417,,
ATR-000849,EDSON APARECIDO,edson aparecido,agente_publico,141418,,
ATR-000850,EDSON SANTOS,edson santos,agente_publico,141419,,
ATR-000851,EDUARDO AMORIM,eduardo amorim,agente_publico,141420,4721,
ATR-000852,Eduardo da Fonte,eduardo da fonte,agente_publico,141421,,
ATR-000853,EFRAIM FILHO,efraim filho,agente_publico,141422,4642,
ATR-000854,ELIENE LIMA,eliene lima,agente_publico,141423,,
ATR-000855,ELISMAR PRADO,elismar prado,agente_publico,141424,,
ATR-000856,ERNANDES AMORIM,ernandes amorim,agente_publico,141425,,
ATR-000857,EUGÊNIO RABELO,eugenio rabelo,agente_publico,141426,,
ATR-000858,Fábio Ramalho,fabio ramalho,agente_publico,141427,,
ATR-000859,FÁBIO FARIA,fabio faria,agente_publico,141428,,
ATR-000860,FELIPE MAIA,felipe maia,agente_publico,141429,,
ATR-000861,FELIPE BORNIER,felipe bornier,agente_publico,141430,,
ATR-000862,Fernando Coelho Filho,fernando coelho filho,agente_publico,141431,,
ATR-000863,FERNANDO MELO,fernando melo,agente_publico,141432,,
ATR-000864,FILIPE PEREIRA,filipe pereira,agente_publico,141433,,
ATR-000865,FLAVIANO MELO,flaviano melo,agente_publico,141434,,
ATR-000866,FLÁVIO BEZERRA,flavio bezerra,agente_publico,141435,,
ATR-000867,FLÁVIO DINO,flavio dino,agente_publico,141436,4605,
ATR-000868,FRANK AGUIAR,frank aguiar,agente_publico,141437,,
ATR-000869,FRANCISCO PRACIANO,francisco praciano,agente_publico,141438,,
ATR-000870,CHICO D'ANGELO,chico d'angelo,agente_publico,141439,,
ATR-000871,CHICO LOPES,chico lopes,agente_publico,141440,,
ATR-000872,GEORGE HILTON,george hilton,agente_publico,141441,,
ATR-000873,GERALDO PUDIM,geraldo pudim,agente_publico,141442,,
ATR-000874,GERMANO BONOW,germano bonow,agente_publico,141443,,
ATR-000875,GERÔNIMO DA ADEFAL,geronimo da adefal,agente_publico,141444,,
ATR-000876,PEPE VARGAS,pepe vargas,agente_publico,141445,,
ATR-000877,GLADSON CAMELI,gladson cameli,agente_publico,141446,4558,
ATR-000878,GUILHERME CAMPOS,guilherme campos,agente_publico,141447,,
ATR-000879,HOMERO PEREIRA,homero pereira,agente_publico,141448,,
ATR-000880,BARBOSA NETO,barbosa neto,agente_publico,141449,,
ATR-000881,Hugo Leal,hugo leal,agente_publico,141450,,
ATR-000882,ILDERLEI CORDEIRO,ilderlei cordeiro,agente_publico,141451,,
ATR-000883,LÉO VIVAS,leo vivas,agente_publico,141452,,
ATR-000884,ÍRIS DE ARAÚJO,iris de araujo,agente_publico,141453,1042,
ATR-000885,ALFREDO KAEFER,alfredo kaefer,agente_publico,141454,,
ATR-000886,JANETE ROCHA PIETÁ,janete rocha pieta,agente_publico,141455,,
ATR-000887,Jilmar Tatto,jilmar tatto,agente_publico,141456,,
ATR-000888,JOÃO BITTAR,joao bittar,agente_publico,141457,,
ATR-000889,João Carlos Bacelar,joao carlos bacelar,agente_publico,141458,,
ATR-000890,João Maia,joao maia,agente_publico,141459,,
ATR-000891,JOÃO OLIVEIRA,joao oliveira,agente_publico,141460,,
ATR-000892,JOAQUIM BELTRÃO,joaquim beltrao,agente_publico,141461,,
ATR-000893,LIRA MAIA,lira maia,agente_publico,141462,,
ATR-000894,ABELARDO CAMARINHA,abelardo camarinha,agente_publico,141463,,
ATR-000895,José Airton Félix Cirilo,jose airton felix cirilo,agente_publico,141464,,
ATR-000896,PINTO ITAMARATY,pinto itamaraty,agente_publico,141465,4606,
ATR-000897,JOSÉ FERNANDO APARECIDO DE OLIVEIRA,jose fernando aparecido de oliveira,agente_publico,141466,,
ATR-000898,FRANCISCO TENORIO,francisco tenorio,agente_publico,141467,,
ATR-000899,IRAN BARBOSA,iran barbosa,agente_publico,141468,,
ATR-000900,MIGUEL MARTINI,miguel martini,agente_publico,141469,,
ATR-000901,José Guimarães,jose guimaraes,agente_publico,141470,,
ATR-000902,JOSÉ PAULO TÓFFANO,jose paulo toffano,agente_publico,141471,,
ATR-000903,RICARDO TRIPOLI,ricardo tripoli,agente_publico,141472,,
ATR-000904,ROBERTO SANTIAGO,roberto santiago,agente_publico,141473,,
ATR-000905,JULIÃO AMIN,juliao amin,agente_publico,141474,,
ATR-000906,JURANDY LOUREIRO,jurandy loureiro,agente_publico,141475,,
ATR-000907,JUSMARI OLIVEIRA,jusmari oliveira,agente_publico,141476,,
ATR-000908,JUVENIL,juvenil,agente_publico,141477,,
ATR-000909,LAERTE BESSA,laerte bessa,agente_publico,141478,,
ATR-000910,LAUREZ MOREIRA,laurez moreira,agente_publico,141479,,
ATR-000911,Lázaro Botelho,lazaro botelho,agente_publico,141480,,
ATR-000912,LEANDRO SAMPAIO,leandro sampaio,agente_publico,141481,,
ATR-000913,LEONARDO QUINTÃO,leonardo quintao,agente_publico,141482,,
ATR-000914,LINDOMAR GARÇON,lindomar garcon,agente_publico,141483,,
ATR-000915,LÚCIO VALE,lucio vale,agente_publico,141484,,
ATR-000916,Luiz Carlos Busato,luiz carlos busato,agente_publico,141485,,
ATR-000917,LUIZ CARLOS SETIM,luiz carlos setim,agente_publico,141486,,
ATR-000918,Luiz Fernando Faria,luiz fernando faria,agente_publico,141487,,
ATR-000919,Paulo Teixeira,paulo teixeira,agente_publico,141488,,
ATR-000920,LUIZ PAULO VELLOZO LUCAS,luiz paulo vellozo lucas,agente_publico,141489,,
ATR-000921,MANOEL JUNIOR,manoel junior,agente_publico,141490,,
ATR-000922,PASTOR MANOEL FERREIRA,pastor manoel ferreira,agente_publico,141491,,
ATR-000923,MANUELA D'ÁVILA,manuela d'avila,agente_publico,141492,,
ATR-000924,MARCELO SERAFIM,marcelo serafim,agente_publico,141493,,
ATR-000925,MARCELO MELO,marcelo melo,agente_publico,141494,,
ATR-000926,MARCELO ITAGIBA,marcelo itagiba,agente_publico,141495,,
ATR-000927,MARCIO JUNQUEIRA,marcio junqueira,agente_publico,141496,,
ATR-000928,MÁRCIO FRANÇA,marcio franca,agente_publico,141497,,
ATR-000929,DR. UBIALI,dr. ubiali,agente_publico,141498,,
ATR-000930,MARCOS ANTONIO,marcos antonio,agente_publico,141499,,
ATR-000931,MARCOS MONTES,marcos montes,agente_publico,141500,,
ATR-000932,CIDA DIOGO,cida diogo,agente_publico,141501,,
ATR-000933,DALVA FIGUEIREDO,dalva figueiredo,agente_publico,141502,,
ATR-000934,JÔ MORAES,jo moraes,agente_publico,141503,,
ATR-000935,LUCENIRA PIMENTEL,lucenira pimentel,agente_publico,141504,,
ATR-000936,MARINA MAGGESSI,marina maggessi,agente_publico,141505,,
ATR-000937,MAURÍCIO TRINDADE,mauricio trindade,agente_publico,141506,,
ATR-000938,MAURO MARIANI,mauro mariani,agente_publico,141507,,
ATR-000939,MAURO NAZIF,mauro nazif,agente_publico,141508,,
ATR-000940,MIGUEL CORRÊA,miguel correa,agente_publico,141509,,
ATR-000941,NEILTON MULIM,neilton mulim,agente_publico,141510,,
ATR-000942,NELSON GOETTEN,nelson goetten,agente_publico,141511,,
ATR-000943,NEUDO CAMPOS,neudo campos,agente_publico,141512,,
ATR-000944,BILAC PINTO,bilac pinto,agente_publico,141513,,
ATR-000945,OSMAR JÚNIOR,osmar junior,agente_publico,141514,,
ATR-000946,OTAVIO LEITE,otavio leite,agente_publico,141515,,
ATR-000947,Paulo Abi-Ackel,paulo abi-ackel,agente_publico,141516,,
ATR-000948,PAULO HENRIQUE LUSTOSA,paulo henrique lustosa,agente_publico,141517,,
ATR-000949,Paulinho da Força,paulinho da forca,agente_publico,141518,,
ATR-000950,PAULO PIAU,paulo piau,agente_publico,141519,,
ATR-000951,PAULO RENATO SOUZA,paulo renato souza,agente_publico,141520,,
ATR-000952,PAULO ROBERTO PEREIRA,paulo roberto pereira,agente_publico,141521,,
ATR-000953,SABINO CASTELO BRANCO,sabino castelo branco,agente_publico,141522,,
ATR-000954,RAUL HENRY,raul henry,agente_publico,141523,,
ATR-000955,VELOSO,veloso,agente_publico,141524,,
ATR-000956,REBECCA GARCIA,rebecca garcia,agente_publico,141525,,
ATR-000957,REINALDO NOGUEIRA,reinaldo nogueira,agente_publico,141526,,
ATR-000958,RENATO MOLLING,renato molling,agente_publico,141527,,
ATR-000959,RENATO AMARY,renato amary,agente_publico,141528,,
ATR-000960,ROBERTO BRITTO,roberto britto,agente_publico,141529,,
ATR-000961,RODOVALHO,rodovalho,agente_publico,141530,,
ATR-000962,Rodrigo de Castro,rodrigo de castro,agente_publico,141531,,
ATR-000963,RODRIGO ROCHA LOURES,rodrigo rocha loures,agente_publico,141532,,
ATR-000964,Rodrigo Rollemberg,rodrigo rollemberg,agente_publico,141533,4593,
ATR-000965,ROGERIO LISBOA,rogerio lisboa,agente_publico,141534,,
ATR-000966,ROGÉRIO MARINHO,rogerio marinho,agente_publico,141535,4694,
ATR-000967,RÔMULO GOUVEIA,romulo gouveia,agente_publico,141536,,
ATR-000968,MOREIRA MENDES,moreira mendes,agente_publico,141537,,
ATR-000969,PROFESSOR RUY PAULETTI,professor ruy pauletti,agente_publico,141538,,
ATR-000970,SEBASTIÃO BALA ROCHA,sebastiao bala rocha,agente_publico,141539,,
ATR-000971,DR. NECHAR,dr. nechar,agente_publico,141540,,
ATR-000972,SERGIO PETECÃO,sergio petecao,agente_publico,141541,4560,
ATR-000973,SÉRGIO MORAES,sergio moraes,agente_publico,141542,,
ATR-000974,PROFESSOR SETIMO,professor setimo,agente_publico,141543,,
ATR-000975,SILVINHO PECCIOLI,silvinho peccioli,agente_publico,141545,,
ATR-000976,SOLANGE AMARAL,solange amaral,agente_publico,141546,,
ATR-000977,SOLANGE ALMEIDA,solange almeida,agente_publico,141547,,
ATR-000978,SUELI VIDIGAL,sueli vidigal,agente_publico,141548,,
ATR-000979,SUELY,suely,agente_publico,141549,,
ATR-000980,DR. TALMIR,dr. talmir,agente_publico,141550,,
ATR-000981,URZENI ROCHA,urzeni rocha,agente_publico,141551,,
ATR-000982,Valtenir Pereira,valtenir pereira,agente_publico,141552,,
ATR-000983,VANDERLEI MACRIS,vanderlei macris,agente_publico,141553,,
ATR-000984,VICENTINHO ALVES,vicentinho alves,agente_publico,141554,4763,
ATR-000985,Vinicius Carvalho,vinicius carvalho,agente_publico,141555,,
ATR-000986,VITAL DO RÊGO FILHO,vital do rego filho,agente_publico,141556,4645,
ATR-000987,VITOR PENIDO,vitor penido,agente_publico,141557,,
ATR-000988,WALDIR MARANHÃO,waldir maranhao,agente_publico,141558,,
ATR-000989,WALDIR NEVES,waldir neves,agente_publico,141559,,
ATR-000990,WALTER IHOSHI,walter ihoshi,agente_publico,141560,,
ATR-000991,WANDENKOLK GONÇALVES,wandenkolk goncalves,agente_publico,141561,,
ATR-000992,LELO COIMBRA,lelo coimbra,agente_publico,141562,,
ATR-000993,WILLIAM WOO,william woo,agente_publico,141563,,
ATR-000994,VILSON COVATTI,vilson covatti,agente_publico,141870,,
ATR-000995,Tiago Dimas,tiago dimas,agente_publico,143084,,
ATR-000996,EDIGAR MÃO BRANCA,edigar mao branca,agente_publico,143253,,
ATR-000997,ACÉLIO CASAGRANDE,acelio casagrande,agente_publico,143254,,
ATR-000998,Domingos Neto,domingos neto,agente_publico,143632,,
ATR-000999,Caio Vianna,caio vianna,agente_publico,143942,,
ATR-001000,DANIEL VILELA,daniel vilela,agente_publico,144523,,
ATR-001001,GERA ARRUDA,gera arruda,agente_publico,145895,,
ATR-001002,NERI GELLER,neri geller,agente_publico,146307,,
ATR-001003,CHICO ABREU,chico abreu,agente_publico,146308,,
ATR-001004,MARCELO ALMEIDA,marcelo almeida,agente_publico,146613,,
ATR-001005,MARCELO ARO,marcelo aro,agente_publico,146788,,
ATR-001006,FABIANO HORTA,fabiano horta,agente_publico,146829,,
ATR-001007,ROSINHA DA ADEFAL,rosinha da adefal,agente_publico,146949,,
ATR-001008,MATTEO CHIARELLI,matteo chiarelli,agente_publico,147653,,
ATR-001009,DR. PAULO CÉSAR,dr. paulo cesar,agente_publico,147975,,
ATR-001010,PROFESSOR VICTORIO GALLI,professor victorio galli,agente_publico,148134,,
ATR-001011,WALTER BRITO NETO,walter brito neto,agente_publico,148295,,
ATR-001012,SATURNINO MASSON,saturnino masson,agente_publico,149293,,
ATR-001013,MAJOR FÁBIO,major fabio,agente_publico,149327,,
ATR-001014,Márcio Marinho,marcio marinho,agente_publico,150418,,
ATR-001015,RICARDO QUIRINO,ricardo quirino,agente_publico,150634,,
ATR-001016,ALESSANDRO SABINO,alessandro sabino,agente_publico,150635,,
ATR-001017,EDUARDO MOURA,eduardo moura,agente_publico,150876,,
ATR-001018,LAERCIO OLIVEIRA,laercio oliveira,agente_publico,151208,4811,
ATR-001019,RONALDO LEITE,ronaldo leite,agente_publico,151214,,
ATR-001020,JOSÉ EDMAR,jose edmar,agente_publico,151249,,
ATR-001021,JOSÉ MAIA FILHO,jose maia filho,agente_publico,151965,,
ATR-001022,Glauber Braga,glauber braga,agente_publico,152605,,
ATR-001023,CAPITÃO ASSUMÇÃO,capitao assumcao,agente_publico,152606,,
ATR-001024,ZÉ VIEIRA,ze vieira,agente_publico,152607,,
ATR-001025,FERNANDO NASCIMENTO,fernando nascimento,agente_publico,152608,,
ATR-001026,ELIZEU AGUIAR,elizeu aguiar,agente_publico,152609,,
ATR-001027,ROBERTO ALVES,roberto alves,agente_publico,152610,,
ATR-001028,ANTONIO CARLOS CHAMARIZ,antonio carlos chamariz,agente_publico,152611,,
ATR-001029,RODRIGO BETHLEM,rodrigo bethlem,agente_publico,152865,,
ATR-001030,EMILIA FERNANDES,emilia fernandes,agente_publico,153384,,
ATR-001031,Renilce Nicodemos,renilce nicodemos,agente_publico,153423,,
ATR-001032,Milton Vieira,milton vieira,agente_publico,154178,,
ATR-001033,PAES DE LIRA,paes de lira,agente_publico,154417,,
ATR-001034,Paulo Soares,paulo soares,agente_publico,154700,,
ATR-001035,FERNANDO CHIARELLI,fernando chiarelli,agente_publico,154734,,
ATR-001036,JOSÉ C. STANGARLINI,jose c. stangarlini,agente_publico,154739,,
ATR-001037,ELEUSES PAIVA,eleuses paiva,agente_publico,154919,,
ATR-001038,WILSON PICLER,wilson picler,agente_publico,154996,,
ATR-001039,EMILIANO JOSÉ,emiliano jose,agente_publico,154997,,
ATR-001040,GERALDINHO,geraldinho,agente_publico,155920,,
ATR-001041,Marcel van Hattem,marcel van hattem,agente_publico,156190,,
ATR-001042,BENE CAMACHO,bene camacho,agente_publico,156634,4979,
ATR-001043,Túlio Gadêlha,tulio gadelha,agente_publico,157130,,
ATR-001044,CHARLES COZZOLINO,charles cozzolino,agente_publico,157225,,
ATR-001045,CHICO DALTRO,chico daltro,agente_publico,158328,,
ATR-001046,JUNIOR MARZOLA,junior marzola,agente_publico,159058,,
ATR-001047,ASSIS CARVALHO,assis carvalho,agente_publico,159237,,
ATR-001048,MARCUS PESTANA,marcus pestana,agente_publico,159238,,
ATR-001049,VIEGAS,viegas,agente_publico,159257,,
ATR-001050,VICENTE SELISTRE,vicente selistre,agente_publico,159258,,
ATR-001051,R. SÁ FILHO,r. sa filho,agente_publico,159259,,
ATR-001052,FLAVIO ANTUNES,flavio antunes,agente_publico,159260,,
ATR-001053,ANDRE MONTORO,andre montoro,agente_publico,159261,,
ATR-001054,ANTONIO CARLOS,antonio carlos,agente_publico,159262,,
ATR-001055,DANIEL FONTANA,daniel fontana,agente_publico,159263,,
ATR-001056,ITAMAR ROCHA,itamar rocha,agente_publico,159264,,
ATR-001057,GISELA SEQUEIRA,gisela sequeira,agente_publico,159265,,
ATR-001058,Marcelo Queiroz,marcelo queiroz,agente_publico,160161,,
ATR-001059,JOÃO BATISTA,joao batista,agente_publico,160317,,
ATR-001060,CARLOS ALBERTO,carlos alberto,agente_publico,160318,,
ATR-001061,CHICO NETO,chico neto,agente_publico,160365,,
ATR-001062,JOSÉ HUMBERTO,jose humberto,agente_publico,160396,,
ATR-001063,ROGÉRIO ROSSO,rogerio rosso,agente_publico,160426,,
ATR-001064,Afonso Florence,afonso florence,agente_publico,160508,,
ATR-001065,JORGINHO MELLO,jorginho mello,agente_publico,160509,5350,
ATR-001066,Luis Tibé,luis tibe,agente_publico,160510,,
ATR-001067,ALESSANDRO MOLON,alessandro molon,agente_publico,160511,,
ATR-001068,Aureo Ribeiro,aureo ribeiro,agente_publico,160512,,
ATR-001069,LUCIANO MOREIRA,luciano moreira,agente_publico,160513,,
ATR-001070,DR. GRILO,dr. grilo,agente_publico,160514,,
ATR-001071,RONALDO BENEDET,ronaldo benedet,agente_publico,160515,,
ATR-001072,RAIMUNDÃO,raimundao,agente_publico,160516,,
ATR-001073,Paulo Folletto,paulo folletto,agente_publico,160517,,
ATR-001074,Weliton Prado,weliton prado,agente_publico,160518,,
ATR-001075,JÚLIO CAMPOS,julio campos,agente_publico,160519,,
ATR-001076,SALLES,salles,agente_publico,160520,,
ATR-001077,Aguinaldo Ribeiro,aguinaldo ribeiro,agente_publico,160527,,
ATR-001078,DANILO CABRAL,danilo cabral,agente_publico,160528,,
ATR-001079,DR. ALUIZIO,dr. aluizio,agente_publico,160529,,
ATR-001080,ANTONIO IMBASSAHY,antonio imbassahy,agente_publico,160530,,
ATR-001081,Jhonatan de Jesus,jhonatan de jesus,agente_publico,160531,,
ATR-001082,ELI CORREA FILHO,eli correa filho,agente_publico,160532,,
ATR-001083,LILIAM SÁ,liliam sa,agente_publico,160533,,
ATR-001084,LAURIETE,lauriete,agente_publico,160534,,
ATR-001085,Marcon,marcon,agente_publico,160535,,
ATR-001086,MARCO TEBALDI,marco tebaldi,agente_publico,160536,,
ATR-001087,GABRIEL CHALITA,gabriel chalita,agente_publico,160537,,
ATR-001088,Bohn Gass,bohn gass,agente_publico,160538,,
ATR-001089,ANTHONY GAROTINHO,anthony garotinho,agente_publico,160539,,
ATR-001090,OTONIEL LIMA,otoniel lima,agente_publico,160540,,
ATR-001091,Arthur Lira,arthur lira,agente_publico,160541,,
ATR-001092,MÁRCIO MACÊDO,marcio macedo,agente_publico,160542,,
ATR-001093,ANDRE MOURA,andre moura,agente_publico,160543,,
ATR-001094,JUNJI ABE,junji abe,agente_publico,160544,,
ATR-001095,Alexandre Leite,alexandre leite,agente_publico,160545,,
ATR-001096,ARMANDO VERGÍLIO,armando vergilio,agente_publico,160546,,
ATR-001097,LUIZ ARGÔLO,luiz argolo,agente_publico,160547,,
ATR-001098,Jonas Donizette,jonas donizette,agente_publico,160548,,
ATR-001099,JOÃO PAULO LIMA,joao paulo lima,agente_publico,160549,,
ATR-001100,LUIZ PITIMAN,luiz pitiman,agente_publico,160550,,
ATR-001101,ANDERSON FERREIRA,anderson ferreira,agente_publico,160551,,
ATR-001102,Danrlei de Deus Hinterholz,danrlei de deus hinterholz,agente_publico,160552,,
ATR-001103,Antonio Brito,antonio brito,agente_publico,160553,,
ATR-001104,BERINHO BANTIM,berinho bantim,agente_publico,160554,,
ATR-001105,LOURIVAL MENDES,lourival mendes,agente_publico,160555,,
ATR-001106,Padre João,padre joao,agente_publico,160556,,
ATR-001107,CLÁUDIO PUTY,claudio puty,agente_publico,160557,,
ATR-001108,Paulo Freire Costa,paulo freire costa,agente_publico,160558,,
ATR-001109,Alceu Moreira,alceu moreira,agente_publico,160559,,
ATR-001110,JOSÉ DE FILIPPI,jose de filippi,agente_publico,160560,,
ATR-001111,Missionário José Olimpio,missionario jose olimpio,agente_publico,160561,,
ATR-001112,GIROTO,giroto,agente_publico,160562,,
ATR-001113,ONOFRE SANTO AGOSTINI,onofre santo agostini,agente_publico,160563,,
ATR-001114,NILDA GONDIM,nilda gondim,agente_publico,160564,5281,
ATR-001115,MARA GABRILLI,mara gabrilli,agente_publico,160565,5376,
ATR-001116,NELSON PADOVANI,nelson padovani,agente_publico,160566,,
ATR-001117,NELSON MARCHEZAN JÚNIOR,nelson marchezan junior,agente_publico,160567,,
ATR-001118,ROGÉRIO CARVALHO,rogerio carvalho,agente_publico,160568,5352,
ATR-001119,Waldenor Pereira,waldenor pereira,agente_publico,160569,,
ATR-001120,JERÔNIMO GOERGEN,jeronimo goergen,agente_publico,160570,,
ATR-001121,JOÃO RODRIGUES,joao rodrigues,agente_publico,160571,,
ATR-001122,JORGE CÔRTE REAL,jorge corte real,agente_publico,160572,,
ATR-001123,JOÃO ARRUDA,joao arruda,agente_publico,160573,,
ATR-001124,JOÃO ANANIAS,joao ananias,agente_publico,160574,,
ATR-001125,Erika Kokay,erika kokay,agente_publico,160575,,
ATR-001126,CÉSAR HALUM,cesar halum,agente_publico,160576,,
ATR-001127,ADRIAN,adrian,agente_publico,160577,,
ATR-001128,EDMAR ARRUDA,edmar arruda,agente_publico,160578,,
ATR-001129,ALEXANDRE ROSO,alexandre roso,agente_publico,160579,,
ATR-001130,CIDA BORGHETTI,cida borghetti,agente_publico,160580,,
ATR-001131,ASSIS MELO,assis melo,agente_publico,160581,,
ATR-001132,ALBERTO FILHO,alberto filho,agente_publico,160582,,
ATR-001133,CARLINHOS ALMEIDA,carlinhos almeida,agente_publico,160584,,
ATR-001134,CARLAILE PEDROSA,carlaile pedrosa,agente_publico,160585,,
ATR-001135,WILLIAM DIB,william dib,agente_publico,160586,,
ATR-001136,FÁBIO TRAD,fabio trad,agente_publico,160587,,
ATR-001137,Diego Andrade,diego andrade,agente_publico,160588,,
ATR-001138,BRUNA FURLAN,bruna furlan,agente_publico,160589,,
ATR-001139,HÉLIO SANTOS,helio santos,agente_publico,160590,,
ATR-001140,Vinicius Gurgel,vinicius gurgel,agente_publico,160591,,
ATR-001141,Zeca Dirceu,zeca dirceu,agente_publico,160592,,
ATR-001142,PAULO WAGNER,paulo wagner,agente_publico,160593,,
ATR-001143,RONALDO ZULKE,ronaldo zulke,agente_publico,160594,,
ATR-001144,VAZ DE LIMA,vaz de lima,agente_publico,160595,,
ATR-001145,HEULER CRUVINEL,heuler cruvinel,agente_publico,160596,,
ATR-001146,ROMÁRIO,romario,agente_publico,160597,5322,
ATR-001147,Flávia Morais,flavia morais,agente_publico,160598,,
ATR-001148,Dimas Fabiano,dimas fabiano,agente_publico,160599,,
ATR-001149,Arthur Oliveira Maia,arthur oliveira maia,agente_publico,160600,,
ATR-001150,Pr. Marco Feliciano,pr. marco feliciano,agente_publico,160601,,
ATR-001151,ARNALDO JORDY,arnaldo jordy,agente_publico,160602,,
ATR-001152,AMAURI TEIXEIRA,amauri teixeira,agente_publico,160603,,
ATR-001153,Pedro Uczai,pedro uczai,agente_publico,160604,,
ATR-001154,CARLOS MAGNO,carlos magno,agente_publico,160605,,
ATR-001155,DELEGADO PROTÓGENES,delegado protogenes,agente_publico,160606,,
ATR-001156,JOSE STÉDILE,jose stedile,agente_publico,160607,,
ATR-001157,TERESA SURITA,teresa surita,agente_publico,160608,,
ATR-001158,WALTER TOSTA,walter tosta,agente_publico,160609,,
ATR-001159,Valmir Assunção,valmir assuncao,agente_publico,160610,,
ATR-001160,TONINHO PINHEIRO,toninho pinheiro,agente_publico,160611,,
ATR-001161,SERGIO ZVEITER,sergio zveiter,agente_publico,160612,,
ATR-001162,SIBÁ MACHADO,siba machado,agente_publico,160613,3532,
ATR-001163,ROSANE FERREIRA,rosane ferreira,agente_publico,160614,,
ATR-001164,REINALDO AZAMBUJA,reinaldo azambuja,agente_publico,160615,,
ATR-001165,EDIVALDO HOLANDA JUNIOR,edivaldo holanda junior,agente_publico,160616,,
ATR-001166,THIAGO PEIXOTO,thiago peixoto,agente_publico,160617,,
ATR-001167,EDSON PIMENTA,edson pimenta,agente_publico,160618,,
ATR-001168,JOSÉ NUNES,jose nunes,agente_publico,160619,,
ATR-001169,WASHINGTON REIS,washington reis,agente_publico,160620,,
ATR-001170,Sandro Alex,sandro alex,agente_publico,160621,,
ATR-001171,VICENTE CANDIDO,vicente candido,agente_publico,160622,,
ATR-001172,RENAN FILHO,renan filho,agente_publico,160623,5207,
ATR-001173,CELIA ROCHA,celia rocha,agente_publico,160624,,
ATR-001174,ZOINHO,zoinho,agente_publico,160625,,
ATR-001175,ALMEIDA LIMA,almeida lima,agente_publico,160626,3433,
ATR-001176,STEPAN NERCESSIAN,stepan nercessian,agente_publico,160627,,
ATR-001177,LUCIANA SANTOS,luciana santos,agente_publico,160628,,
ATR-001178,Romero Rodrigues,romero rodrigues,agente_publico,160629,,
ATR-001179,SÁGUAS MORAES,saguas moraes,agente_publico,160630,,
ATR-001180,WALNEY ROCHA,walney rocha,agente_publico,160631,,
ATR-001181,Zé Silva,ze silva,agente_publico,160632,,
ATR-001182,MANDETTA,mandetta,agente_publico,160633,,
ATR-001183,CHICO DAS VERDURAS,chico das verduras,agente_publico,160634,,
ATR-001184,Ruy Carneiro,ruy carneiro,agente_publico,160635,,
ATR-001185,WILSON FILHO,wilson filho,agente_publico,160636,,
ATR-001186,RONALDO FONSECA,ronaldo fonseca,agente_publico,160637,,
ATR-001187,ÂNGELO AGNOLIN,angelo agnolin,agente_publico,160638,,
ATR-001188,PROFESSORA DORINHA SEABRA REZENDE,professora dorinha seabra rezende,agente_publico,160639,,
ATR-001189,Eros Biondini,eros biondini,agente_publico,160640,,
ATR-001190,Professora Marcivania,professora marcivania,agente_publico,160641,,
ATR-001191,Pastor Eurico,pastor eurico,agente_publico,160642,,
ATR-001192,DR. JORGE SILVA,dr. jorge silva,agente_publico,160643,,
ATR-001193,MIRIQUINHO BATISTA,miriquinho batista,agente_publico,160644,,
ATR-001194,LUIZ CARLOS,luiz carlos,agente_publico,160645,,
ATR-001195,FERNANDO FRANCISCHINI,fernando francischini,agente_publico,160646,,
ATR-001196,EDUARDO AZEREDO,eduardo azeredo,agente_publico,160647,3400,
ATR-001197,JÚNIOR COIMBRA,junior coimbra,agente_publico,160648,,
ATR-001198,ESPERIDIÃO AMIN,esperidiao amin,agente_publico,160649,22,
ATR-001199,OZIEL OLIVEIRA,oziel oliveira,agente_publico,160650,,
ATR-001200,ROGÉRIO PENINHA MENDONÇA,rogerio peninha mendonca,agente_publico,160651,,
ATR-001201,ROBERTO TEIXEIRA,roberto teixeira,agente_publico,160652,,
ATR-001202,ROBERTO DE LUCENA,roberto de lucena,agente_publico,160653,,
ATR-001203,RENZO BRAZ,renzo braz,agente_publico,160654,5257,
ATR-001204,RICARDO IZAR,ricardo izar,agente_publico,160655,,
ATR-001205,RAUL LIMA,raul lima,agente_publico,160656,,
ATR-001206,NEWTON LIMA,newton lima,agente_publico,160657,,
ATR-001207,PAULO TADEU,paulo tadeu,agente_publico,160658,,
ATR-001208,KEIKO OTA,keiko ota,agente_publico,160659,,
ATR-001209,MARCELO AGUIAR,marcelo aguiar,agente_publico,160660,,
ATR-001210,JOSÉ AUGUSTO MAIA,jose augusto maia,agente_publico,160661,,
ATR-001211,LUIZ FERNANDO MACHADO,luiz fernando machado,agente_publico,160662,,
ATR-001212,LEOPOLDO MEYER,leopoldo meyer,agente_publico,160663,,
ATR-001213,CESAR COLNAGO,cesar colnago,agente_publico,160664,,
ATR-001214,Augusto Coutinho,augusto coutinho,agente_publico,160665,,
ATR-001215,Félix Mendonça Júnior,felix mendonca junior,agente_publico,160666,,
ATR-001216,GUILHERME MUSSI,guilherme mussi,agente_publico,160667,,
ATR-001217,PAULO CESAR QUARTIERO,paulo cesar quartiero,agente_publico,160668,,
ATR-001218,GENECIAS NORONHA,genecias noronha,agente_publico,160669,,
ATR-001219,PADRE TON,padre ton,agente_publico,160670,,
ATR-001220,JESUS RODRIGUES,jesus rodrigues,agente_publico,160671,,
ATR-001221,JEAN WYLLYS,jean wyllys,agente_publico,160672,,
ATR-001222,Giovani Cherini,giovani cherini,agente_publico,160673,,
ATR-001223,Hugo Motta,hugo motta,agente_publico,160674,,
ATR-001224,JÂNIO NATAL,janio natal,agente_publico,160675,,
ATR-001225,FERNANDO TORRES,fernando torres,agente_publico,160676,,
ATR-001226,FRANCISCO FLORIANO,francisco floriano,agente_publico,160677,,
ATR-001227,ARTUR BRUNO,artur bruno,agente_publico,160678,,
ATR-001228,TAUMATURGO LIMA,taumaturgo lima,agente_publico,160679,,
ATR-001229,AUDIFAX,audifax,agente_publico,160680,,
ATR-001230,Domingos Sávio,domingos savio,agente_publico,160758,,
ATR-001231,HUGO NAPOLEÃO,hugo napoleao,agente_publico,160974,,
ATR-001232,Tiririca,tiririca,agente_publico,160976,,
ATR-001233,Pezenti,pezenti,agente_publico,161440,,
ATR-001234,Emidinho Madeira,emidinho madeira,agente_publico,161550,,
ATR-001235,ROBERTO DORNER,roberto dorner,agente_publico,161903,,
ATR-001236,DUDIMAR PAXIUBA,dudimar paxiuba,agente_publico,161904,,
ATR-001237,ANDRÉ DIAS,andre dias,agente_publico,161905,,
ATR-001238,LUIZ OTAVIO,luiz otavio,agente_publico,161906,947,
ATR-001239,ACELINO POPÓ,acelino popo,agente_publico,161907,,
ATR-001240,LUIZ NOÉ,luiz noe,agente_publico,161962,,
ATR-001241,Kiko Celeguim,kiko celeguim,agente_publico,162067,,
ATR-001242,POLICARPO,policarpo,agente_publico,162174,,
ATR-001243,ELIANE ROLIM,eliane rolim,agente_publico,162175,,
ATR-001244,Luiz Nishimori,luiz nishimori,agente_publico,162332,,
ATR-001245,VALDIVINO DE OLIVEIRA,valdivino de oliveira,agente_publico,162490,,
ATR-001246,Ronaldo Nogueira,ronaldo nogueira,agente_publico,163321,,
ATR-001247,VILALBA,vilalba,agente_publico,163322,,
ATR-001248,FERNANDO JORDÃO,fernando jordao,agente_publico,163831,,
ATR-001249,DELEGADO WALDIR,delegado waldir,agente_publico,164359,,
ATR-001250,Carmen Zanotto,carmen zanotto,agente_publico,164360,,
ATR-001251,MARINA SANTANNA,marina santanna,agente_publico,164361,,
ATR-001252,GEAN LOUREIRO,gean loureiro,agente_publico,165429,,
ATR-001253,Rodrigo Valadares,rodrigo valadares,agente_publico,165470,,
ATR-001254,CARLOS ROBERTO,carlos roberto,agente_publico,165583,,
ATR-001255,FRANCISCO ARAÚJO,francisco araujo,agente_publico,165675,,
ATR-001256,NILSON LEITÃO,nilson leitao,agente_publico,166401,,
ATR-001257,Magda Mofatto,magda mofatto,agente_publico,166402,,
ATR-001258,DRA. ELAINE ABISSAMRA,dra. elaine abissamra,agente_publico,166727,,
ATR-001259,WEVERTON ROCHA,weverton rocha,agente_publico,167493,,
ATR-001260,SEVERINO NINHO,severino ninho,agente_publico,167614,,
ATR-001261,VANDERLEI SIRAQUE,vanderlei siraque,agente_publico,167617,,
ATR-001262,ROMANNA REMOR,romanna remor,agente_publico,167707,,
ATR-001263,MARCOS ROGÉRIO,marcos rogerio,agente_publico,167722,5422,
ATR-001264,CABO JULIANO RABELO,cabo juliano rabelo,agente_publico,168034,,
ATR-001265,SIMPLÍCIO ARAÚJO,simplicio araujo,agente_publico,168175,,
ATR-001266,ZE CARLOS DA PESCA,ze carlos da pesca,agente_publico,168253,,
ATR-001267,MÁRIO FEITOZA,mario feitoza,agente_publico,168447,,
ATR-001268,RICARDO ARCHER,ricardo archer,agente_publico,169553,,
ATR-001269,TELMA PINHEIRO,telma pinheiro,agente_publico,169711,,
ATR-001270,ALEXANDRE TOLEDO,alexandre toledo,agente_publico,169712,,
ATR-001271,VALRY MORAIS,valry morais,agente_publico,169868,,
ATR-001272,DR. DILSON DRUMOND,dr. dilson drumond,agente_publico,170489,,
ATR-001273,PROFESSOR SÉRGIO DE OLIVEIRA,professor sergio de oliveira,agente_publico,170673,,
ATR-001274,Loreny,loreny,agente_publico,171139,,
ATR-001275,Paulão,paulao,agente_publico,171617,,
ATR-001276,LUIZ DE DEUS,luiz de deus,agente_publico,171618,,
ATR-001277,MARGARIDA SALOMÃO,margarida salomao,agente_publico,171619,,
ATR-001278,RENATO ANDRADE,renato andrade,agente_publico,171620,,
ATR-001279,EURICO JÚNIOR,eurico junior,agente_publico,171621,,
ATR-001280,MANUEL ROSA NECA,manuel rosa neca,agente_publico,171622,,
ATR-001281,Fabio Reis,fabio reis,agente_publico,171623,,
ATR-001282,ERON BEZERRA,eron bezerra,agente_publico,171782,,
ATR-001283,Miguel Ângelo,miguel angelo,agente_publico,171786,,
ATR-001284,FRANCISCO CHAGAS,francisco chagas,agente_publico,172029,,
ATR-001285,PLÍNIO VALÉRIO,plinio valerio,agente_publico,172711,5502,
ATR-001286,RICARDO ARRUDA,ricardo arruda,agente_publico,172945,,
ATR-001287,ILÁRIO MARQUES,ilario marques,agente_publico,173262,,
ATR-001288,AKIRA OTSUBO,akira otsubo,agente_publico,173269,,
ATR-001289,GOIACIARA CRUZ,goiaciara cruz,agente_publico,173802,,
ATR-001290,PEDRO GUERRA,pedro guerra,agente_publico,174314,,
ATR-001291,DENILSON TEIXEIRA,denilson teixeira,agente_publico,174854,,
ATR-001292,AMIR LANDO,amir lando,agente_publico,174861,1025,
ATR-001293,RENATO SIMÕES,renato simoes,agente_publico,175212,,
ATR-001294,HELCIO SILVA,helcio silva,agente_publico,175737,,
ATR-001295,Ribamar Silva,ribamar silva,agente_publico,175765,,
ATR-001296,GUSTAVO PETTA,gustavo petta,agente_publico,176120,,
ATR-001297,MARIA LUCIA PRANDI,maria lucia prandi,agente_publico,176794,,
ATR-001298,DUDU LUIZ EDUARDO,dudu luiz eduardo,agente_publico,177118,,
ATR-001299,SUBTENENTE GONZAGA,subtenente gonzaga,agente_publico,177282,,
ATR-001300,FRANCISCO DE ASSIS,francisco de assis,agente_publico,178387,,
ATR-001301,LUIZ CARLOS RAMOS,luiz carlos ramos,agente_publico,178802,,
ATR-001302,MARCELINHO CARIOCA,marcelinho carioca,agente_publico,178821,,
ATR-001303,LEO DE BRITO,leo de brito,agente_publico,178825,,
ATR-001304,MAJOR OLIMPIO,major olimpio,agente_publico,178826,5666,
ATR-001305,MAX FILHO,max filho,agente_publico,178827,,
ATR-001306,EVANDRO GUSSI,evandro gussi,agente_publico,178828,,
ATR-001307,Capitão Augusto,capitao augusto,agente_publico,178829,,
ATR-001308,DR. SINVAL MALHEIROS,dr. sinval malheiros,agente_publico,178830,,
ATR-001309,André Abdon,andre abdon,agente_publico,178831,,
ATR-001310,Leandre,leandre,agente_publico,178832,,
ATR-001311,ALEXANDRE SERFIOTIS,alexandre serfiotis,agente_publico,178833,,
ATR-001312,BEBETO GALVÃO,bebeto galvao,agente_publico,178834,5554,
ATR-001313,Afonso Motta,afonso motta,agente_publico,178835,,
ATR-001314,ALAN RICK,alan rick,agente_publico,178836,5672,
ATR-001315,ANGELIM,angelim,agente_publico,178837,,
ATR-001316,CÉSAR MESSIAS,cesar messias,agente_publico,178838,,
ATR-001317,JÉSSICA SALES,jessica sales,agente_publico,178839,,
ATR-001318,ROCHA,rocha,agente_publico,178840,,
ATR-001319,CÍCERO ALMEIDA,cicero almeida,agente_publico,178841,,
ATR-001320,JHC,jhc,agente_publico,178842,,
ATR-001321,Marx Beltrão,marx beltrao,agente_publico,178843,,
ATR-001322,PEDRO VILELA,pedro vilela,agente_publico,178844,,
ATR-001323,RONALDO LESSA,ronaldo lessa,agente_publico,178845,,
ATR-001324,ALFREDO NASCIMENTO,alfredo nascimento,agente_publico,178846,4527,
ATR-001325,ARTHUR VIRGÍLIO BISNETO,arthur virgilio bisneto,agente_publico,178847,,
ATR-001326,CONCEIÇÃO SAMPAIO,conceicao sampaio,agente_publico,178848,,
ATR-001327,HISSA ABRAHÃO,hissa abrahao,agente_publico,178849,,
ATR-001328,MARCOS ROTTA,marcos rotta,agente_publico,178850,,
ATR-001329,JOZI ARAÚJO,jozi araujo,agente_publico,178851,,
ATR-001330,MARCOS REATEGUI,marcos reategui,agente_publico,178852,,
ATR-001331,CAETANO,caetano,agente_publico,178853,,
ATR-001332,Elmar Nascimento,elmar nascimento,agente_publico,178854,,
ATR-001333,IRMÃO LAZARO,irmao lazaro,agente_publico,178855,,
ATR-001334,JOÃO GUALBERTO,joao gualberto,agente_publico,178856,,
ATR-001335,Jorge Solla,jorge solla,agente_publico,178857,,
ATR-001336,Mário Negromonte Jr.,mario negromonte jr.,agente_publico,178858,,
ATR-001337,MOEMA GRAMACHO,moema gramacho,agente_publico,178859,,
ATR-001338,Paulo Azi,paulo azi,agente_publico,178860,,
ATR-001339,RONALDO CARLETTO,ronaldo carletto,agente_publico,178861,,
ATR-001340,TIA ERON,tia eron,agente_publico,178862,,
ATR-001341,ULDURICO JUNIOR,uldurico junior,agente_publico,178863,,
ATR-001342,ADAIL CARNEIRO,adail carneiro,agente_publico,178864,,
ATR-001343,CABO SABINO,cabo sabino,agente_publico,178865,,
ATR-001344,Luizianne Lins,luizianne lins,agente_publico,178866,,
ATR-001345,MACEDO,macedo,agente_publico,178867,,
ATR-001346,ODORICO MONTEIRO,odorico monteiro,agente_publico,178868,,
ATR-001347,VITOR VALIM,vitor valim,agente_publico,178869,,
ATR-001348,RÔNEY NEMER,roney nemer,agente_publico,178870,,
ATR-001349,Evair Vieira de Melo,evair vieira de melo,agente_publico,178871,,
ATR-001350,GIVALDO VIEIRA,givaldo vieira,agente_publico,178872,,
ATR-001351,Helder Salomão,helder salomao,agente_publico,178873,,
ATR-001352,SERGIO VIDIGAL,sergio vidigal,agente_publico,178874,,
ATR-001353,ALEXANDRE BALDY,alexandre baldy,agente_publico,178875,,
ATR-001354,Célio Silveira,celio silveira,agente_publico,178876,,
ATR-001355,FÁBIO SOUSA,fabio sousa,agente_publico,178877,,
ATR-001356,GIUSEPPE VECCI,giuseppe vecci,agente_publico,178878,,
ATR-001357,LUCAS VERGILIO,lucas vergilio,agente_publico,178879,,
ATR-001358,MARCOS ABRÃO,marcos abrao,agente_publico,178880,,
ATR-001359,Aluisio Mendes,aluisio mendes,agente_publico,178881,,
ATR-001360,André Fufuca,andre fufuca,agente_publico,178882,,
ATR-001361,ELIZIANE GAMA,eliziane gama,agente_publico,178883,5718,
ATR-001362,Hildo Rocha,hildo rocha,agente_publico,178884,,
ATR-001363,JUNIOR MARRECA,junior marreca,agente_publico,178885,,
ATR-001364,Juscelino Filho,juscelino filho,agente_publico,178886,,
ATR-001365,Rubens Pereira Júnior,rubens pereira junior,agente_publico,178887,,
ATR-001366,VICTOR MENDES,victor mendes,agente_publico,178888,,
ATR-001367,ZÉ CARLOS,ze carlos,agente_publico,178889,,
ATR-001368,ADELMO CARNEIRO LEÃO,adelmo carneiro leao,agente_publico,178890,,
ATR-001369,CAIO NARCIO,caio narcio,agente_publico,178891,,
ATR-001370,DÂMINA PEREIRA,damina pereira,agente_publico,178892,,
ATR-001371,DELEGADO EDSON MOREIRA,delegado edson moreira,agente_publico,178893,,
ATR-001372,LAUDIVIO CARVALHO,laudivio carvalho,agente_publico,178894,,
ATR-001373,Misael Varella,misael varella,agente_publico,178895,,
ATR-001374,Newton Cardoso Jr,newton cardoso jr,agente_publico,178896,,
ATR-001375,RODRIGO PACHECO,rodrigo pacheco,agente_publico,178897,5732,
ATR-001376,TENENTE LÚCIO,tenente lucio,agente_publico,178898,,
ATR-001377,MARCIO MONTEIRO,marcio monteiro,agente_publico,178899,,
ATR-001378,CARLOS MARUN,carlos marun,agente_publico,178900,,
ATR-001379,TEREZA CRISTINA,tereza cristina,agente_publico,178901,5736,
ATR-001380,ZECA DO PT,zeca do pt,agente_publico,178902,,
ATR-001381,ADILTON SACHETTI,adilton sachetti,agente_publico,178903,,
ATR-001382,EZEQUIEL FONSECA,ezequiel fonseca,agente_publico,178904,,
ATR-001383,Fabio Garcia,fabio garcia,agente_publico,178905,5740,
ATR-001384,BETO SALAME,beto salame,agente_publico,178906,,
ATR-001385,FRANCISCO CHAPADINHA,francisco chapadinha,agente_publico,178907,,
ATR-001386,Delegado Éder Mauro,delegado eder mauro,agente_publico,178908,,
ATR-001387,Hélio Leite,helio leite,agente_publico,178909,,
ATR-001388,Joaquim Passarinho,joaquim passarinho,agente_publico,178910,,
ATR-001389,SIMONE MORGADO,simone morgado,agente_publico,178911,,
ATR-001390,PEDRO CUNHA LIMA,pedro cunha lima,agente_publico,178912,,
ATR-001391,VENEZIANO VITAL DO RÊGO,veneziano vital do rego,agente_publico,178913,5748,
ATR-001392,ADALBERTO CAVALCANTI,adalberto cavalcanti,agente_publico,178914,,
ATR-001393,BETINHO GOMES,betinho gomes,agente_publico,178915,,
ATR-001394,DANIEL COELHO,daniel coelho,agente_publico,178916,,
ATR-001395,JOÃO FERNANDO COUTINHO,joao fernando coutinho,agente_publico,178917,,
ATR-001396,KAIO MANIÇOBA,kaio manicoba,agente_publico,178918,,
ATR-001397,MARINALDO ROSENDO,marinaldo rosendo,agente_publico,178919,,
ATR-001398,RICARDO TEOBALDO,ricardo teobaldo,agente_publico,178920,,
ATR-001399,SEBASTIÃO OLIVEIRA,sebastiao oliveira,agente_publico,178921,,
ATR-001400,TADEU ALENCAR,tadeu alencar,agente_publico,178922,,
ATR-001401,ZECA CAVALCANTI,zeca cavalcanti,agente_publico,178923,,
ATR-001402,CAPITÃO FÁBIO ABREU,capitao fabio abreu,agente_publico,178924,,
ATR-001403,REJANE DIAS,rejane dias,agente_publico,178925,,
ATR-001404,RODRIGO MARTINS,rodrigo martins,agente_publico,178926,,
ATR-001405,Aliel Machado,aliel machado,agente_publico,178927,,
ATR-001406,CHRISTIANE DE SOUZA YARED,christiane de souza yared,agente_publico,178928,,
ATR-001407,Diego Garcia,diego garcia,agente_publico,178929,,
ATR-001408,EVANDRO ROMAN,evandro roman,agente_publico,178930,,
ATR-001409,Luciano Ducci,luciano ducci,agente_publico,178931,,
ATR-001410,MARCELO BELINATI,marcelo belinati,agente_publico,178932,,
ATR-001411,Sergio Souza,sergio souza,agente_publico,178933,5048,
ATR-001412,Toninho Wandscheer,toninho wandscheer,agente_publico,178934,,
ATR-001413,ROSSONI,rossoni,agente_publico,178935,,
ATR-001414,ALEXANDRE VALLE,alexandre valle,agente_publico,178936,,
ATR-001415,Altineu Côrtes,altineu cortes,agente_publico,178937,,
ATR-001416,CABO DACIOLO,cabo daciolo,agente_publico,178938,,
ATR-001417,CLARISSA GAROTINHO,clarissa garotinho,agente_publico,178939,,
ATR-001418,DR. JOÃO,dr. joao,agente_publico,178940,,
ATR-001419,EZEQUIEL TEIXEIRA,ezequiel teixeira,agente_publico,178941,,
ATR-001420,MARCO ANTÔNIO CABRAL,marco antonio cabral,agente_publico,178942,,
ATR-001421,Marcos Soares,marcos soares,agente_publico,178943,,
ATR-001422,ROBERTO SALES,roberto sales,agente_publico,178944,,
ATR-001423,Rosangela Gomes,rosangela gomes,agente_publico,178945,,
ATR-001424,Soraya Santos,soraya santos,agente_publico,178946,,
ATR-001425,Sóstenes Cavalcante,sostenes cavalcante,agente_publico,178947,,
ATR-001426,BETO ROSADO,beto rosado,agente_publico,178948,,
ATR-001427,ZENAIDE MAIA,zenaide maia,agente_publico,178949,5783,
ATR-001428,ANTÔNIO JÁCOME,antonio jacome,agente_publico,178950,,
ATR-001429,RAFAEL MOTTA,rafael motta,agente_publico,178951,,
ATR-001430,WALTER ALVES,walter alves,agente_publico,178952,,
ATR-001431,EXPEDITO NETTO,expedito netto,agente_publico,178953,,
ATR-001432,Lucio Mosquini,lucio mosquini,agente_publico,178954,,
ATR-001433,LUIZ CLÁUDIO,luiz claudio,agente_publico,178955,,
ATR-001434,MARIANA CARVALHO,mariana carvalho,agente_publico,178956,,
ATR-001435,ABEL MESQUITA JR.,abel mesquita jr.,agente_publico,178957,,
ATR-001436,CARLOS ANDRADE,carlos andrade,agente_publico,178958,,
ATR-001437,HIRAN GONÇALVES,hiran goncalves,agente_publico,178959,,
ATR-001438,REMÍDIO MONAI,remidio monai,agente_publico,178960,,
ATR-001439,SHÉRIDAN,sheridan,agente_publico,178961,,
ATR-001440,Carlos Gomes,carlos gomes,agente_publico,178962,,
ATR-001441,Covatti Filho,covatti filho,agente_publico,178963,,
ATR-001442,Heitor Schuch,heitor schuch,agente_publico,178964,,
ATR-001443,JOÃO DERLY,joao derly,agente_publico,178965,,
ATR-001444,Geovania de Sá,geovania de sa,agente_publico,178966,,
ATR-001445,JOÃO PAULO KLEINÜBING,joao paulo kleinubing,agente_publico,178967,,
ATR-001446,ADELSON BARRETO,adelson barreto,agente_publico,178968,,
ATR-001447,FÁBIO MITIDIERI,fabio mitidieri,agente_publico,178969,,
ATR-001448,João Daniel,joao daniel,agente_publico,178970,,
ATR-001449,JONY MARCOS,jony marcos,agente_publico,178971,,
ATR-001450,Alex Manente,alex manente,agente_publico,178972,,
ATR-001451,ANA PERUGINI,ana perugini,agente_publico,178973,,
ATR-001452,ANDRES SANCHEZ,andres sanchez,agente_publico,178974,,
ATR-001453,Baleia Rossi,baleia rossi,agente_publico,178975,,
ATR-001454,BRUNO COVAS,bruno covas,agente_publico,178976,,
ATR-001455,EDUARDO CURY,eduardo cury,agente_publico,178977,,
ATR-001456,FLAVINHO,flavinho,agente_publico,178978,,
ATR-001457,FLORIANO PESARO,floriano pesaro,agente_publico,178979,,
ATR-001458,GOULART,goulart,agente_publico,178980,,
ATR-001459,HERCULANO PASSOS,herculano passos,agente_publico,178981,,
ATR-001460,LUIZ LAURO FILHO,luiz lauro filho,agente_publico,178982,,
ATR-001461,Marcio Alvino,marcio alvino,agente_publico,178983,,
ATR-001462,MIGUEL HADDAD,miguel haddad,agente_publico,178984,,
ATR-001463,Miguel Lombardi,miguel lombardi,agente_publico,178985,,
ATR-001464,Nilto Tatto,nilto tatto,agente_publico,178986,,
ATR-001465,Orlando Silva,orlando silva,agente_publico,178987,,
ATR-001466,JOÃO PAULO PAPA,joao paulo papa,agente_publico,178988,,
ATR-001467,Renata Abreu,renata abreu,agente_publico,178989,,
ATR-001468,SAMUEL MOREIRA,samuel moreira,agente_publico,178990,,
ATR-001469,SÉRGIO REIS,sergio reis,agente_publico,178991,,
ATR-001470,Vitor Lippi,vitor lippi,agente_publico,178992,,
ATR-001471,Carlos Henrique Gaguim,carlos henrique gaguim,agente_publico,178993,,
ATR-001472,DULCE MIRANDA,dulce miranda,agente_publico,178994,,
ATR-001473,ROBERTO GÓES,roberto goes,agente_publico,178995,,
ATR-001474,GIOVANI FELTES,giovani feltes,agente_publico,178996,,
ATR-001475,Moses Rodrigues,moses rodrigues,agente_publico,178997,,
ATR-001476,RAQUEL MUNIZ,raquel muniz,agente_publico,178998,,
ATR-001477,BRUNNY,brunny,agente_publico,178999,,
ATR-001478,Marcelo Álvaro Antônio,marcelo alvaro antonio,agente_publico,179000,,
ATR-001479,Márcio Biolchi,marcio biolchi,agente_publico,179001,,
ATR-001480,ROSY DE SOUSA,rosy de sousa,agente_publico,179379,,
ATR-001481,GILBERTO COUTINHO,gilberto coutinho,agente_publico,179380,,
ATR-001482,CARLOS MARTINS,carlos martins,agente_publico,179381,,
ATR-001483,MANOEL ANTUNES,manoel antunes,agente_publico,179382,,
ATR-001484,FERNANDO ZACHIA,fernando zachia,agente_publico,179383,,
ATR-001485,PINTO DE LUNA,pinto de luna,agente_publico,179384,,
ATR-001486,LÉO OLIVEIRA,leo oliveira,agente_publico,179385,,
ATR-001487,MAURÍCIO ALMEIDA,mauricio almeida,agente_publico,179386,,
ATR-001488,WELLINGTON SALGADO,wellington salgado,agente_publico,179387,3583,
ATR-001489,Major Vitor Hugo,major vitor hugo,agente_publico,179587,,
ATR-001490,MASSAMI MIKI,massami miki,agente_publico,179880,,
ATR-001491,Thiago Cartaxo,thiago cartaxo,agente_publico,180018,,
ATR-001492,Pastor Diniz,pastor diniz,agente_publico,180214,,
ATR-001493,OSMAR BERTOLDI,osmar bertoldi,agente_publico,180545,,
ATR-001494,MARQUINHO MENDES,marquinho mendes,agente_publico,181315,,
ATR-001495,ELIZEU DIONIZIO,elizeu dionizio,agente_publico,181316,,
ATR-001496,Wolmer Araújo,wolmer araujo,agente_publico,182146,,
ATR-001497,DEOCLIDES MACEDO,deoclides macedo,agente_publico,185500,,
ATR-001498,FRANKLIN,franklin,agente_publico,186775,,
ATR-001499,SILAS FREIRE,silas freire,agente_publico,187008,,
ATR-001500,Merlong Solano,merlong solano,agente_publico,188097,,
ATR-001501,WADIH DAMOUS,wadih damous,agente_publico,189593,,
ATR-001502,FABRICIO OLIVEIRA,fabricio oliveira,agente_publico,190149,,
ATR-001503,ROSÂNGELA CURADO,rosangela curado,agente_publico,191684,,
ATR-001504,Flávio Nogueira,flavio nogueira,agente_publico,191923,,
ATR-001505,ZÉ AUGUSTO NALIN,ze augusto nalin,agente_publico,191945,,
ATR-001506,ANGELA ALBINO,angela albino,agente_publico,192120,,
ATR-001507,WILSON BESERRA,wilson beserra,agente_publico,193066,,
ATR-001508,NELSON NAHIM,nelson nahim,agente_publico,193069,,
ATR-001509,ÁTILA A. NUNES,atila a. nunes,agente_publico,193165,,
ATR-001510,PAULO MARTINS,paulo martins,agente_publico,193726,,
ATR-001511,PASTOR LUCIANO BRAGA,pastor luciano braga,agente_publico,193982,,
ATR-001512,CREUZA PEREIRA,creuza pereira,agente_publico,194258,,
ATR-001513,GUILHERME COELHO,guilherme coelho,agente_publico,194259,,
ATR-001514,Nivaldo Albuquerque,nivaldo albuquerque,agente_publico,194260,,
ATR-001515,CAJAR NARDES,cajar nardes,agente_publico,194261,,
ATR-001516,JONES MARTINS,jones martins,agente_publico,194262,,
ATR-001517,VAL AMÉLIO,val amelio,agente_publico,194340,,
ATR-001518,ILDON MARQUES,ildon marques,agente_publico,194592,3578,
ATR-001519,ANDRÉ AMARAL,andre amaral,agente_publico,195143,6366,
ATR-001520,MOISÉS DINIZ,moises diniz,agente_publico,195278,,
ATR-001521,RICARDO BENTINHO,ricardo bentinho,agente_publico,195581,,
ATR-001522,MARCELO DELAROLI,marcelo delaroli,agente_publico,195826,,
ATR-001523,VAIDON OLIVEIRA,vaidon oliveira,agente_publico,195866,,
ATR-001524,POLLYANA GAMA,pollyana gama,agente_publico,195997,,
ATR-001525,DEJORGE PATRÍCIO,dejorge patricio,agente_publico,196357,,
ATR-001526,LOURIVAL GOMES,lourival gomes,agente_publico,196358,,
ATR-001527,ADÉRMIS MARINI,adermis marini,agente_publico,196359,,
ATR-001528,IZAQUE SILVA,izaque silva,agente_publico,196378,,
ATR-001529,Tito,tito,agente_publico,197438,,
ATR-001530,Greyce Elias,greyce elias,agente_publico,198197,,
ATR-001531,LUZIA FERREIRA,luzia ferreira,agente_publico,198198,,
ATR-001532,Emanuel Pinheiro Neto,emanuel pinheiro neto,agente_publico,198783,,
ATR-001533,ROGÉRIO SILVA,rogerio silva,agente_publico,198963,,
ATR-001534,XUXU DAL MOLIN,xuxu dal molin,agente_publico,199809,,
ATR-001535,PROF. GEDEÃO AMORIM,prof. gedeao amorim,agente_publico,200153,,
ATR-001536,JUNIOR CORINGA,junior coringa,agente_publico,201357,,
ATR-001537,OSVALDO MAFRA,osvaldo mafra,agente_publico,202063,,
ATR-001538,EURICELIA CARDOSO,euricelia cardoso,agente_publico,202915,,
ATR-001539,PROFESSOR PACCO,professor pacco,agente_publico,204011,,
ATR-001540,Dr. Luiz Ovando,dr. luiz ovando,agente_publico,204351,,
ATR-001541,Camilo Capiberibe,camilo capiberibe,agente_publico,204352,,
ATR-001542,Aline Gurgel,aline gurgel,agente_publico,204353,,
ATR-001543,Flávia Arruda,flavia arruda,agente_publico,204354,,
ATR-001544,Da Vitoria,da vitoria,agente_publico,204355,,
ATR-001545,Amaro Neto,amaro neto,agente_publico,204356,,
ATR-001546,Rose Modesto,rose modesto,agente_publico,204357,,
ATR-001547,Beto Pereira,beto pereira,agente_publico,204358,,
ATR-001548,Léo Moraes,leo moraes,agente_publico,204359,,
ATR-001549,Silvia Cristina,silvia cristina,agente_publico,204360,,
ATR-001550,Carlos Chiodini,carlos chiodini,agente_publico,204361,,
ATR-001551,Ricardo Guidi,ricardo guidi,agente_publico,204362,,
ATR-001552,Osires Damaso,osires damaso,agente_publico,204363,,
ATR-001553,Eli Borges,eli borges,agente_publico,204364,,
ATR-001554,Gilson Marques,gilson marques,agente_publico,204365,,
ATR-001555,Rodrigo Coelho,rodrigo coelho,agente_publico,204366,,
ATR-001556,Daniel Freitas,daniel freitas,agente_publico,204367,,
ATR-001557,Fabio Schiochet,fabio schiochet,agente_publico,204368,,
ATR-001558,Caroline de Toni,caroline de toni,agente_publico,204369,,
ATR-001559,Célio Moura,celio moura,agente_publico,204370,,
ATR-001560,Felipe Rigoni,felipe rigoni,agente_publico,204371,,
ATR-001561,Julio Cesar Ribeiro,julio cesar ribeiro,agente_publico,204372,,
ATR-001562,Hélio Costa,helio costa,agente_publico,204373,,
ATR-001563,Bia Kicis,bia kicis,agente_publico,204374,,
ATR-001564,Leda Sadala,leda sadala,agente_publico,204375,,
ATR-001565,Coronel Armando,coronel armando,agente_publico,204376,,
ATR-001566,Paula Belmonte,paula belmonte,agente_publico,204377,,
ATR-001567,Coronel Chrisóstomo,coronel chrisostomo,agente_publico,204378,,
ATR-001568,Acácio Favacho,acacio favacho,agente_publico,204379,,
ATR-001569,Celina Leão,celina leao,agente_publico,204380,,
ATR-001570,Luis Miranda,luis miranda,agente_publico,204381,,
ATR-001571,Loester Trutis,loester trutis,agente_publico,204382,,
ATR-001572,Professor Israel Batista,professor israel batista,agente_publico,204383,,
ATR-001573,Ney Leprevost,ney leprevost,agente_publico,204384,,
ATR-001574,Valdevan Noventa,valdevan noventa,agente_publico,204385,,
ATR-001575,Jose Mario Schreiner,jose mario schreiner,agente_publico,204386,,
ATR-001576,Sargento Fahur,sargento fahur,agente_publico,204387,,
ATR-001577,Bibo Nunes,bibo nunes,agente_publico,204388,,
ATR-001578,Elias Vaz,elias vaz,agente_publico,204389,,
ATR-001579,Professor Alcides,professor alcides,agente_publico,204390,,
ATR-001580,José Nelto,jose nelto,agente_publico,204391,,
ATR-001581,Francisco Jr.,francisco jr.,agente_publico,204392,,
ATR-001582,Frei Anastacio Ribeiro,frei anastacio ribeiro,agente_publico,204393,,
ATR-001583,Gervásio Maia,gervasio maia,agente_publico,204394,,
ATR-001584,Pedro Lupion,pedro lupion,agente_publico,204395,,
ATR-001585,Vermelho,vermelho,agente_publico,204396,,
ATR-001586,Boca Aberta,boca aberta,agente_publico,204397,,
ATR-001587,Felipe Francischini,felipe francischini,agente_publico,204398,,
ATR-001588,Schiavinato,schiavinato,agente_publico,204399,,
ATR-001589,Aline Sleutjes,aline sleutjes,agente_publico,204400,,
ATR-001590,Marlon Santos,marlon santos,agente_publico,204403,,
ATR-001591,Lucas Redecker,lucas redecker,agente_publico,204404,,
ATR-001592,Liziane Bayer,liziane bayer,agente_publico,204405,6112,
ATR-001593,Pedro Westphalen,pedro westphalen,agente_publico,204406,,
ATR-001594,Fernanda Melchionna,fernanda melchionna,agente_publico,204407,,
ATR-001595,Gustinho Ribeiro,gustinho ribeiro,agente_publico,204408,,
ATR-001596,Daniel Trzeciak,daniel trzeciak,agente_publico,204409,,
ATR-001597,Luisa Canziani,luisa canziani,agente_publico,204410,,
ATR-001598,Filipe Barros,filipe barros,agente_publico,204411,,
ATR-001599,Dr. Zacharias Calil,dr. zacharias calil,agente_publico,204412,,
ATR-001600,Alcides Rodrigues,alcides rodrigues,agente_publico,204413,,
ATR-001601,Aroldo Martins,aroldo martins,agente_publico,204414,,
ATR-001602,Nereu Crispim,nereu crispim,agente_publico,204415,,
ATR-001603,Sanderson,sanderson,agente_publico,204416,,
ATR-001604,Luizão Goulart,luizao goulart,agente_publico,204418,,
ATR-001605,Glaustin da Fokus,glaustin da fokus,agente_publico,204419,,
ATR-001606,Julian Lemos,julian lemos,agente_publico,204420,,
ATR-001607,Edna Henrique,edna henrique,agente_publico,204421,,
ATR-001608,Ossesio Silva,ossesio silva,agente_publico,204422,,
ATR-001609,André Ferreira,andre ferreira,agente_publico,204423,,
ATR-001610,Silvio Costa Filho,silvio costa filho,agente_publico,204425,,
ATR-001611,Carlos Veras,carlos veras,agente_publico,204426,,
ATR-001612,Fernando Rodolfo,fernando rodolfo,agente_publico,204427,,
ATR-001613,Marília Arraes,marilia arraes,agente_publico,204428,,
ATR-001614,João H. Campos,joao h. campos,agente_publico,204429,,
ATR-001615,Margarete Coelho,margarete coelho,agente_publico,204430,,
ATR-001616,Marcos Aurélio Sampaio,marcos aurelio sampaio,agente_publico,204431,,
ATR-001617,Marina Santos,marina santos,agente_publico,204432,,
ATR-001618,Marcelo Calero,marcelo calero,agente_publico,204433,,
ATR-001619,Dra. Vanda Milani,dra. vanda milani,agente_publico,204434,,
ATR-001620,Jesus Sérgio,jesus sergio,agente_publico,204435,,
ATR-001621,Isnaldo Bulhões Jr.,isnaldo bulhoes jr.,agente_publico,204436,,
ATR-001622,Severino Pessoa,severino pessoa,agente_publico,204437,,
ATR-001623,Sergio Toledo,sergio toledo,agente_publico,204438,,
ATR-001624,Dr. Leonardo,dr. leonardo,agente_publico,204439,,
ATR-001625,Christino Aureo,christino aureo,agente_publico,204440,,
ATR-001626,Otoni de Paula,otoni de paula,agente_publico,204441,,
ATR-001627,Gurgel,gurgel,agente_publico,204442,,
ATR-001628,Helio Lopes,helio lopes,agente_publico,204444,,
ATR-001629,Fernando Mineiro,fernando mineiro,agente_publico,204445,,
ATR-001630,Professor Joziel,professor joziel,agente_publico,204446,,
ATR-001631,Flordelis,flordelis,agente_publico,204447,,
ATR-001632,Luiz Antonio Corrêa,luiz antonio correa,agente_publico,204448,,
ATR-001633,Nelson Barbudo,nelson barbudo,agente_publico,204449,,
ATR-001634,Doutor Luizinho,doutor luizinho,agente_publico,204450,,
ATR-001635,Delegado Antônio Furtado,delegado antonio furtado,agente_publico,204451,,
ATR-001636,Márcio Labre,marcio labre,agente_publico,204452,,
ATR-001637,Natália Bonavides,natalia bonavides,agente_publico,204453,,
ATR-001638,Daniel Silveira,daniel silveira,agente_publico,204454,,
ATR-001639,Luiz Lima,luiz lima,agente_publico,204455,,
ATR-001640,Gutemberg Reis,gutemberg reis,agente_publico,204456,,
ATR-001641,Juninho do Pneu,juninho do pneu,agente_publico,204457,,
ATR-001642,Major Fabiana,major fabiana,agente_publico,204458,,
ATR-001643,Daniela do Waguinho,daniela do waguinho,agente_publico,204459,,
ATR-001644,Carlos Jordy,carlos jordy,agente_publico,204460,,
ATR-001645,Paulo Ganime,paulo ganime,agente_publico,204461,,
ATR-001646,Chris Tonietto,chris tonietto,agente_publico,204462,,
ATR-001647,Wladimir Garotinho,wladimir garotinho,agente_publico,204463,,
ATR-001648,Talíria Petrone,taliria petrone,agente_publico,204464,,
ATR-001649,Haroldo Cathedral,haroldo cathedral,agente_publico,204465,,
ATR-001650,Tereza Nelma,tereza nelma,agente_publico,204466,,
ATR-001651,Professora Rosa Neide,professora rosa neide,agente_publico,204467,,
ATR-001652,Joenia Wapichana,joenia wapichana,agente_publico,204468,,
ATR-001653,Manuel Marcos,manuel marcos,agente_publico,204469,,
ATR-001654,Mara Rocha,mara rocha,agente_publico,204471,,
ATR-001655,José Medeiros,jose medeiros,agente_publico,204472,5112,
ATR-001656,General Girão,general girao,agente_publico,204473,,
ATR-001657,Juarez Costa,juarez costa,agente_publico,204474,,
ATR-001658,Ottaci Nascimento,ottaci nascimento,agente_publico,204475,,
ATR-001659,Chiquinho Brazão,chiquinho brazao,agente_publico,204476,,
ATR-001660,Felício Laterça,felicio laterca,agente_publico,204477,,
ATR-001661,Vinicius Farah,vinicius farah,agente_publico,204478,,
ATR-001662,Nicoletti,nicoletti,agente_publico,204479,,
ATR-001663,Rogério Correia,rogerio correia,agente_publico,204480,,
ATR-001664,Dr. Jaziel,dr. jaziel,agente_publico,204481,,
ATR-001665,Euclydes Pettersen,euclydes pettersen,agente_publico,204482,,
ATR-001666,Vilson da Fetaemg,vilson da fetaemg,agente_publico,204483,,
ATR-001667,General Peternelli,general peternelli,agente_publico,204484,,
ATR-001668,Luiz Carlos Motta,luiz carlos motta,agente_publico,204485,,
ATR-001669,Mauro Benevides Filho,mauro benevides filho,agente_publico,204486,,
ATR-001670,Capitão Wagner,capitao wagner,agente_publico,204487,,
ATR-001671,Célio Studart,celio studart,agente_publico,204488,,
ATR-001672,Robério Monteiro,roberio monteiro,agente_publico,204489,,
ATR-001673,Charlles Evangelista,charlles evangelista,agente_publico,204490,,
ATR-001674,Gilberto Abramo,gilberto abramo,agente_publico,204491,,
ATR-001675,Paulo Guedes,paulo guedes,agente_publico,204492,,
ATR-001676,Fred Costa,fred costa,agente_publico,204494,,
ATR-001677,Airton Faleiro,airton faleiro,agente_publico,204495,,
ATR-001678,Celso Sabino,celso sabino,agente_publico,204496,,
ATR-001679,Júnior Ferrari,junior ferrari,agente_publico,204497,,
ATR-001680,Olival Marques,olival marques,agente_publico,204498,,
ATR-001681,Cássio Andrade,cassio andrade,agente_publico,204499,,
ATR-001682,Eduardo Costa,eduardo costa,agente_publico,204500,,
ATR-001683,Alencar Santana,alencar santana,agente_publico,204501,,
ATR-001684,Bozzella,bozzella,agente_publico,204502,,
ATR-001685,Alexandre Padilha,alexandre padilha,agente_publico,204503,,
ATR-001686,Cezinha de Madureira,cezinha de madureira,agente_publico,204504,,
ATR-001687,Vavá Martins,vava martins,agente_publico,204505,,
ATR-001688,Marcos Pereira,marcos pereira,agente_publico,204506,,
ATR-001689,Carla Zambelli,carla zambelli,agente_publico,204507,,
ATR-001690,Igor Timo,igor timo,agente_publico,204508,,
ATR-001691,Áurea Carolina,aurea carolina,agente_publico,204509,,
ATR-001692,Franco Cartafina,franco cartafina,agente_publico,204510,,
ATR-001693,David Soares,david soares,agente_publico,204511,,
ATR-001694,Delegado Marcelo Freitas,delegado marcelo freitas,agente_publico,204512,,
ATR-001695,Guiga Peixoto,guiga peixoto,agente_publico,204513,,
ATR-001696,Coronel Tadeu,coronel tadeu,agente_publico,204514,,
ATR-001697,André Janones,andre janones,agente_publico,204515,,
ATR-001698,Alexis Fonteyne,alexis fonteyne,agente_publico,204516,,
ATR-001699,Zé Vitor,ze vitor,agente_publico,204517,,
ATR-001700,Dr. Frederico,dr. frederico,agente_publico,204518,,
ATR-001701,Tiago Mitraud,tiago mitraud,agente_publico,204519,,
ATR-001702,Junio Amaral,junio amaral,agente_publico,204520,,
ATR-001703,Abou Anni,abou anni,agente_publico,204521,,
ATR-001704,Marco Bertaiolli,marco bertaiolli,agente_publico,204522,,
ATR-001705,Lucas Gonzalez,lucas gonzalez,agente_publico,204523,,
ATR-001706,Pinheirinho,pinheirinho,agente_publico,204524,,
ATR-001707,Rosana Valle,rosana valle,agente_publico,204525,,
ATR-001708,Luiz Philippe de Orleans e Bragança,luiz philippe de orleans e braganca,agente_publico,204526,,
ATR-001709,Geninho Zuliani,geninho zuliani,agente_publico,204527,,
ATR-001710,Adriana Ventura,adriana ventura,agente_publico,204528,,
ATR-001711,Policial Katia Sastre,policial katia sastre,agente_publico,204529,,
ATR-001712,Rodrigo Agostinho,rodrigo agostinho,agente_publico,204530,,
ATR-001713,Guilherme Derrite,guilherme derrite,agente_publico,204531,,
ATR-001714,Vinicius Poit,vinicius poit,agente_publico,204532,,
ATR-001715,Idilvan Alencar,idilvan alencar,agente_publico,204533,,
ATR-001716,Tabata Amaral,tabata amaral,agente_publico,204534,,
ATR-001717,Sâmia Bomfim,samia bomfim,agente_publico,204535,,
ATR-001718,Kim Kataguiri,kim kataguiri,agente_publico,204536,,
ATR-001719,Enrico Misasi,enrico misasi,agente_publico,204537,,
ATR-001720,Paulo Bengtson,paulo bengtson,agente_publico,204538,,
ATR-001721,Hercílio Coelho Diniz,hercilio coelho diniz,agente_publico,204539,,
ATR-001722,Maria Rosas,maria rosas,agente_publico,204540,,
ATR-001723,Eduardo Bismarck,eduardo bismarck,agente_publico,204541,,
ATR-001724,Denis Bezerra,denis bezerra,agente_publico,204542,,
ATR-001725,Luiz Flávio Gomes,luiz flavio gomes,agente_publico,204543,,
ATR-001726,Alexandre Frota,alexandre frota,agente_publico,204544,,
ATR-001727,Alê Silva,ale silva,agente_publico,204545,,
ATR-001728,Joice Hasselmann,joice hasselmann,agente_publico,204546,,
ATR-001729,Léo Motta,leo motta,agente_publico,204547,,
ATR-001730,Heitor Freire,heitor freire,agente_publico,204548,,
ATR-001731,AJ Albuquerque,aj albuquerque,agente_publico,204549,,
ATR-001732,Júnior Mano,junior mano,agente_publico,204550,,
ATR-001733,Bosco Saraiva,bosco saraiva,agente_publico,204551,,
ATR-001734,Eduardo Braide,eduardo braide,agente_publico,204552,,
ATR-001735,Pastor Sargento Isidório,pastor sargento isidorio,agente_publico,204553,,
ATR-001736,Abílio Santana,abilio santana,agente_publico,204554,,
ATR-001737,José Ricardo,jose ricardo,agente_publico,204555,,
ATR-001738,Marcelo Ramos,marcelo ramos,agente_publico,204556,,
ATR-001739,Sidney Leite,sidney leite,agente_publico,204557,,
ATR-001740,Marcelo Nilo,marcelo nilo,agente_publico,204558,,
ATR-001741,Zé Neto,ze neto,agente_publico,204559,,
ATR-001742,Adolfo Viana,adolfo viana,agente_publico,204560,,
ATR-001743,Bira do Pindaré,bira do pindare,agente_publico,204561,,
ATR-001744,Edilázio Júnior,edilazio junior,agente_publico,204562,,
ATR-001745,Josimar Maranhãozinho,josimar maranhaozinho,agente_publico,204563,,
ATR-001746,Igor Kannário,igor kannario,agente_publico,204564,,
ATR-001747,Professora Dayane Pimentel,professora dayane pimentel,agente_publico,204565,,
ATR-001748,Marreca Filho,marreca filho,agente_publico,204566,,
ATR-001749,Raimundo Costa,raimundo costa,agente_publico,204567,,
ATR-001750,Delegado Pablo,delegado pablo,agente_publico,204569,,
ATR-001751,Pastor Gil,pastor gil,agente_publico,204570,,
ATR-001752,Alex Santana,alex santana,agente_publico,204571,,
ATR-001753,Capitão Alberto Neto,capitao alberto neto,agente_publico,204572,,
ATR-001754,Otto Alencar Filho,otto alencar filho,agente_publico,204573,,
ATR-001755,Junior Lourenço,junior lourenco,agente_publico,204574,,
ATR-001756,Gil Cutrim,gil cutrim,agente_publico,204575,,
ATR-001757,João Roma,joao roma,agente_publico,204576,,
ATR-001758,FREITAS DO PT,freitas do pt,agente_publico,204651,,
ATR-001759,WASHINGTON CORAÇÃO VALENTE,washington coracao valente,agente_publico,204760,,
ATR-001760,FELIPE SOUZA,felipe souza,agente_publico,205234,,
ATR-001761,MARFIZA GALVÃO,marfiza galvao,agente_publico,205297,,
ATR-001762,GUSTAVO MITRE,gustavo mitre,agente_publico,205298,,
ATR-001763,CORONEL BITTENCOURT,coronel bittencourt,agente_publico,205302,,
ATR-001764,CARLA STEPHANINI,carla stephanini,agente_publico,205303,,
ATR-001765,Charles Fernandes,charles fernandes,agente_publico,205476,,
ATR-001766,Patricia Ferraz,patricia ferraz,agente_publico,205535,,
ATR-001767,David Miranda,david miranda,agente_publico,205548,,
ATR-001768,Jorge Braz,jorge braz,agente_publico,205550,,
ATR-001769,Marcelo Brum,marcelo brum,agente_publico,205863,,
ATR-001770,Reinhold Stephanes,reinhold stephanes,agente_publico,205865,,
ATR-001771,Célia Xakriabá,celia xakriaba,agente_publico,206018,,
ATR-001772,Ted Conti,ted conti,agente_publico,206231,,
ATR-001773,Bia Cavassa,bia cavassa,agente_publico,207176,,
ATR-001774,Enéias Reis,eneias reis,agente_publico,207309,,
ATR-001775,Katia Dias,katia dias,agente_publico,208297,,
ATR-001776,Joseildo Ramos,joseildo ramos,agente_publico,209189,,
ATR-001777,Nikolas Ferreira,nikolas ferreira,agente_publico,209787,,
ATR-001778,Bruno Farias,bruno farias,agente_publico,210989,,
ATR-001779,Renato Santana,renato santana,agente_publico,211498,,
ATR-001780,Ricardo Pericar,ricardo pericar,agente_publico,211649,,
ATR-001781,Fabiano Tolentino,fabiano tolentino,agente_publico,211866,,
ATR-001782,Fernando Borja,fernando borja,agente_publico,212504,,
ATR-001783,Dr. Gonçalo,dr. goncalo,agente_publico,212625,,
ATR-001784,Marcão Gomes,marcao gomes,agente_publico,212749,,
ATR-001785,Ricardo Silva,ricardo silva,agente_publico,213274,,
ATR-001786,Dr. João,dr. joao,agente_publico,213679,,
ATR-001787,Carla Dickson,carla dickson,agente_publico,213762,,
ATR-001788,Dr. Agripino Magalhães,dr. agripino magalhaes,agente_publico,213854,,
ATR-001789,Deuzinho Filho,deuzinho filho,agente_publico,213856,,
ATR-001790,Nilson F. Stainsack,nilson f. stainsack,agente_publico,214445,,
ATR-001791,RRenato Queiroz,rrenato queiroz,agente_publico,214477,,
ATR-001792,Jorge Goetten,jorge goetten,agente_publico,214694,,
ATR-001793,Joceval Rodrigues,joceval rodrigues,agente_publico,214865,,
ATR-001794,Ricardo da Karol,ricardo da karol,agente_publico,215042,,
ATR-001795,Josivaldo JP,josivaldo jp,agente_publico,215043,,
ATR-001796,Vivi Reis,vivi reis,agente_publico,215044,,
ATR-001797,Pedro Augusto Palareti,pedro augusto palareti,agente_publico,215045,,
ATR-001798,Rachel Marques,rachel marques,agente_publico,215361,,
ATR-001799,Norma Pereira,norma pereira,agente_publico,216198,,
ATR-001800,Rafafá,rafafa,agente_publico,216313,,
ATR-001801,Paulo Vicente Caleffi,paulo vicente caleffi,agente_publico,216544,,
ATR-001802,Totonho Lopes,totonho lopes,agente_publico,216545,,
ATR-001803,Henrique do Paraíso,henrique do paraiso,agente_publico,217036,,
ATR-001804,Pedro Dalua,pedro dalua,agente_publico,217330,,
ATR-001805,Jones Moura,jones moura,agente_publico,217480,,
ATR-001806,Ely Santos,ely santos,agente_publico,218086,,
ATR-001807,Jorielson,jorielson,agente_publico,218245,,
ATR-001808,Patrick Dorneles,patrick dorneles,agente_publico,218741,,
ATR-001809,Nelho Bezerra,nelho bezerra,agente_publico,218879,,
ATR-001810,Tiago Andrino,tiago andrino,agente_publico,219568,,
ATR-001811,Marco Brasil,marco brasil,agente_publico,219585,,
ATR-001812,Lucas Follador,lucas follador,agente_publico,219592,,
ATR-001813,Sargento Alexandre,sargento alexandre,agente_publico,219599,,
ATR-001814,Fabio Barros,fabio barros,agente_publico,219920,,
ATR-001815,Eliza Virgínia,eliza virginia,agente_publico,220008,,
ATR-001816,Gilvan da Federal,gilvan da federal,agente_publico,220526,,
ATR-001817,Jack Rocha,jack rocha,agente_publico,220527,,
ATR-001818,Dr. Victor Linhalis,dr. victor linhalis,agente_publico,220528,,
ATR-001819,Gilson Daniel,gilson daniel,agente_publico,220529,,
ATR-001820,Messias Donato,messias donato,agente_publico,220530,,
ATR-001821,Gilvan Maximo,gilvan maximo,agente_publico,220531,,
ATR-001822,Rafael Prudente,rafael prudente,agente_publico,220532,,
ATR-001823,Prof. Reginaldo Veras,prof. reginaldo veras,agente_publico,220533,,
ATR-001824,Fred Linhares,fred linhares,agente_publico,220534,,
ATR-001825,Zé Haroldo Cathedral,ze haroldo cathedral,agente_publico,220536,,
ATR-001826,Helena Lima,helena lima,agente_publico,220537,,
ATR-001827,Albuquerque,albuquerque,agente_publico,220538,,
ATR-001828,Defensor Stélio Dener,defensor stelio dener,agente_publico,220539,,
ATR-001829,Duda Ramos,duda ramos,agente_publico,220540,,
ATR-001830,Alexandre Guimarães,alexandre guimaraes,agente_publico,220542,,
ATR-001831,Ricardo Ayres,ricardo ayres,agente_publico,220543,,
ATR-001832,Antonio Andrade,antonio andrade,agente_publico,220544,,
ATR-001833,Filipe Martins,filipe martins,agente_publico,220545,,
ATR-001834,Rodolfo Nogueira,rodolfo nogueira,agente_publico,220546,5986,
ATR-001835,Marcos Pollon,marcos pollon,agente_publico,220547,,
ATR-001836,Camila Jara,camila jara,agente_publico,220548,,
ATR-001837,Any Ortiz,any ortiz,agente_publico,220549,,
ATR-001838,Mauricio Marcon,mauricio marcon,agente_publico,220550,,
ATR-001839,Franciane Bayer,franciane bayer,agente_publico,220551,,
ATR-001840,Zucco,zucco,agente_publico,220552,,
ATR-001841,Denise Pessôa,denise pessoa,agente_publico,220553,,
ATR-001842,Alexandre Lindenmeyer,alexandre lindenmeyer,agente_publico,220554,,
ATR-001843,Daiana Santos,daiana santos,agente_publico,220555,,
ATR-001844,Ana Paula Lima,ana paula lima,agente_publico,220556,,
ATR-001845,Daniela Reinehr,daniela reinehr,agente_publico,220557,,
ATR-001846,Zé Trovão,ze trovao,agente_publico,220558,,
ATR-001847,Julia Zanatta,julia zanatta,agente_publico,220559,,
ATR-001848,Thiago de Joaldo,thiago de joaldo,agente_publico,220560,,
ATR-001849,Delegada Katarina,delegada katarina,agente_publico,220561,,
ATR-001850,Icaro de Valmir,icaro de valmir,agente_publico,220563,,
ATR-001851,Yandra Moura,yandra moura,agente_publico,220564,,
ATR-001852,Delegada Adriana Accorsi,delegada adriana accorsi,agente_publico,220565,,
ATR-001853,Lêda Borges,leda borges,agente_publico,220566,,
ATR-001854,Jeferson Rodrigues,jeferson rodrigues,agente_publico,220567,,
ATR-001855,Gustavo Gayer,gustavo gayer,agente_publico,220568,,
ATR-001856,Silvye Alves,silvye alves,agente_publico,220569,,
ATR-001857,Dr. Ismael Alexandrino,dr. ismael alexandrino,agente_publico,220570,,
ATR-001858,Daniel Agrobom,daniel agrobom,agente_publico,220571,,
ATR-001859,Marussa Boldrin,marussa boldrin,agente_publico,220572,,
ATR-001860,Dorinaldo Malafaia,dorinaldo malafaia,agente_publico,220573,,
ATR-001861,Cabo Gilberto Silva,cabo gilberto silva,agente_publico,220574,,
ATR-001862,Sonize Barbosa,sonize barbosa,agente_publico,220575,,
ATR-001863,Alfredo Gaspar,alfredo gaspar,agente_publico,220576,,
ATR-001864,Augusto Puppio,augusto puppio,agente_publico,220577,,
ATR-001865,Josenildo,josenildo,agente_publico,220578,,
ATR-001866,Silvia Waiãpi,silvia waiapi,agente_publico,220579,,
ATR-001867,Professora Goreth,professora goreth,agente_publico,220580,,
ATR-001868,Luciano Amaral,luciano amaral,agente_publico,220581,,
ATR-001869,Daniel Barbosa,daniel barbosa,agente_publico,220582,,
ATR-001870,Delegado Fabio Costa,delegado fabio costa,agente_publico,220583,,
ATR-001871,Murilo Galdino,murilo galdino,agente_publico,220584,,
ATR-001872,Mersinho Lucena,mersinho lucena,agente_publico,220585,,
ATR-001873,Rafael Brito,rafael brito,agente_publico,220586,,
ATR-001874,Gerlen Diniz,gerlen diniz,agente_publico,220587,,
ATR-001875,Roberto Duarte,roberto duarte,agente_publico,220588,,
ATR-001876,Eduardo Velloso,eduardo velloso,agente_publico,220589,5902,
ATR-001877,Coronel Ulysses,coronel ulysses,agente_publico,220590,,
ATR-001878,Meire Serafim,meire serafim,agente_publico,220591,,
ATR-001879,Zezinho Barbary,zezinho barbary,agente_publico,220592,,
ATR-001880,Abilio Brunini,abilio brunini,agente_publico,220593,,
ATR-001881,Coronel Assis,coronel assis,agente_publico,220594,,
ATR-001882,Coronel Fernanda,coronel fernanda,agente_publico,220595,,
ATR-001883,Amália Barros,amalia barros,agente_publico,220596,,
ATR-001884,Thiago Flores,thiago flores,agente_publico,220597,,
ATR-001885,Tarcísio Motta,tarcisio motta,agente_publico,220598,,
ATR-001886,Marcelo Crivella,marcelo crivella,agente_publico,220599,3366,
ATR-001887,Lebrão,lebrao,agente_publico,220600,,
ATR-001888,Washington Quaquá,washington quaqua,agente_publico,220601,,
ATR-001889,Dimas Gadelha,dimas gadelha,agente_publico,220602,,
ATR-001890,Dani Cunha,dani cunha,agente_publico,220603,,
ATR-001891,Marcos Tavares,marcos tavares,agente_publico,220604,,
ATR-001892,Bandeira de Mello,bandeira de mello,agente_publico,220605,,
ATR-001893,Reimont,reimont,agente_publico,220606,,
ATR-001894,Max Lemos,max lemos,agente_publico,220607,,
ATR-001895,Cristiane Lopes,cristiane lopes,agente_publico,220608,,
ATR-001896,Maurício Carvalho,mauricio carvalho,agente_publico,220609,,
ATR-001897,Dr. Fernando Máximo,dr. fernando maximo,agente_publico,220610,,
ATR-001898,General Pazuello,general pazuello,agente_publico,220611,,
ATR-001899,Bebeto,bebeto,agente_publico,220612,,
ATR-001900,Roberto Monteiro Pai,roberto monteiro pai,agente_publico,220613,,
ATR-001901,Dr. Daniel Soranz,dr. daniel soranz,agente_publico,220614,,
ATR-001902,Pastor Henrique Vieira,pastor henrique vieira,agente_publico,220615,,
ATR-001903,Luciano Vieira,luciano vieira,agente_publico,220616,,
ATR-001904,Murillo Gouvea,murillo gouvea,agente_publico,220617,,
ATR-001905,Sargento Portugal,sargento portugal,agente_publico,220618,,
ATR-001906,Delegado Ramagem,delegado ramagem,agente_publico,220619,,
ATR-001907,Rosângela Reis,rosangela reis,agente_publico,220620,,
ATR-001908,Sargento Gonçalves,sargento goncalves,agente_publico,220621,,
ATR-001909,Nely Aquino,nely aquino,agente_publico,220622,,
ATR-001910,Duda Salabert,duda salabert,agente_publico,220623,,
ATR-001911,Robinson Faria,robinson faria,agente_publico,220624,,
ATR-001912,Delegada Ione,delegada ione,agente_publico,220625,,
ATR-001913,Rafael Simoes,rafael simoes,agente_publico,220626,,
ATR-001914,Paulinho Freire,paulinho freire,agente_publico,220627,,
ATR-001915,Mauricio do Vôlei,mauricio do volei,agente_publico,220628,,
ATR-001916,Dandara,dandara,agente_publico,220629,,
ATR-001917,Pedro Aihara,pedro aihara,agente_publico,220630,,
ATR-001918,Samuel Viana,samuel viana,agente_publico,220631,,
ATR-001919,Ana Pimentel,ana pimentel,agente_publico,220632,,
ATR-001920,Ricardo Salles,ricardo salles,agente_publico,220633,,
ATR-001921,Marcelo Lima,marcelo lima,agente_publico,220634,,
ATR-001922,Bruno Ganem,bruno ganem,agente_publico,220635,,
ATR-001923,Luiz Marinho,luiz marinho,agente_publico,220636,,
ATR-001924,Marina Silva,marina silva,agente_publico,220637,,
ATR-001925,Antonio Carlos Rodrigues,antonio carlos rodrigues,agente_publico,220638,5150,
ATR-001926,Guilherme Boulos,guilherme boulos,agente_publico,220639,,
ATR-001927,Juliana Cardoso,juliana cardoso,agente_publico,220640,,
ATR-001928,Rodrigo Gambale,rodrigo gambale,agente_publico,220641,,
ATR-001929,Delegado Bruno Lima,delegado bruno lima,agente_publico,220642,,
ATR-001930,Sônia Guajajara,sonia guajajara,agente_publico,220643,,
ATR-001931,Rosangela Moro,rosangela moro,agente_publico,220644,,
ATR-001932,Erika Hilton,erika hilton,agente_publico,220645,,
ATR-001933,Felipe Becari,felipe becari,agente_publico,220646,,
ATR-001934,Mauricio Neves,mauricio neves,agente_publico,220647,,
ATR-001935,Marangoni,marangoni,agente_publico,220648,,
ATR-001936,Delegado da Cunha,delegado da cunha,agente_publico,220649,,
ATR-001937,Paulo Alexandre Barbosa,paulo alexandre barbosa,agente_publico,220650,,
ATR-001938,Simone Marquetto,simone marquetto,agente_publico,220651,,
ATR-001939,Delegado Palumbo,delegado palumbo,agente_publico,220652,,
ATR-001940,Fábio Teruel,fabio teruel,agente_publico,220653,,
ATR-001941,Delegado Paulo Bilynskyj,delegado paulo bilynskyj,agente_publico,220654,,
ATR-001942,Mario Frias,mario frias,agente_publico,220655,,
ATR-001943,Fernanda Pessoa,fernanda pessoa,agente_publico,220656,,
ATR-001944,André Fernandes,andre fernandes,agente_publico,220657,,
ATR-001945,Luiz Gastão,luiz gastao,agente_publico,220658,,
ATR-001946,Dayany Bittencourt,dayany bittencourt,agente_publico,220659,,
ATR-001947,Yury do Paredão,yury do paredao,agente_publico,220660,,
ATR-001948,Matheus Noronha,matheus noronha,agente_publico,220661,,
ATR-001949,Lucas Ramos,lucas ramos,agente_publico,220662,,
ATR-001950,Eriberto Medeiros,eriberto medeiros,agente_publico,220663,,
ATR-001951,Guilherme Uchoa,guilherme uchoa,agente_publico,220664,,
ATR-001952,Clarissa Tércio,clarissa tercio,agente_publico,220665,,
ATR-001953,Coronel Meira,coronel meira,agente_publico,220666,,
ATR-001954,Pedro Campos,pedro campos,agente_publico,220667,,
ATR-001955,Maria Arraes,maria arraes,agente_publico,220668,,
ATR-001956,Lula da Fonte,lula da fonte,agente_publico,220669,,
ATR-001957,Iza Arruda,iza arruda,agente_publico,220670,,
ATR-001958,Dilvanda Faro,dilvanda faro,agente_publico,220671,,
ATR-001959,Henderson Pinto,henderson pinto,agente_publico,220672,,
ATR-001960,Delegado Caveira,delegado caveira,agente_publico,220673,,
ATR-001961,Dra. Alessandra Haber,dra. alessandra haber,agente_publico,220674,,
ATR-001962,Antônio Doido,antonio doido,agente_publico,220675,,
ATR-001963,Andreia Siqueira,andreia siqueira,agente_publico,220676,,
ATR-001964,Keniston Braga,keniston braga,agente_publico,220677,,
ATR-001965,Fábio Macedo,fabio macedo,agente_publico,220681,,
ATR-001966,Tadeu Veneri,tadeu veneri,agente_publico,220682,,
ATR-001967,Beto Richa,beto richa,agente_publico,220683,,
ATR-001968,Tião Medeiros,tiao medeiros,agente_publico,220684,,
ATR-001969,Paulo Litro,paulo litro,agente_publico,220685,,
ATR-001970,Duarte Jr.,duarte jr.,agente_publico,220686,,
ATR-001971,Márcio Honaiser,marcio honaiser,agente_publico,220687,,
ATR-001972,Dr. Francisco,dr. francisco,agente_publico,220688,,
ATR-001973,Detinha,detinha,agente_publico,220689,,
ATR-001974,Capitão Alden,capitao alden,agente_publico,220690,,
ATR-001975,Diego Coronel,diego coronel,agente_publico,220691,,
ATR-001976,Dal Barreto,dal barreto,agente_publico,220692,,
ATR-001977,Roberta Roma,roberta roma,agente_publico,220693,,
ATR-001978,Ricardo Maia,ricardo maia,agente_publico,220694,,
ATR-001979,Rogéria Santos,rogeria santos,agente_publico,220695,,
ATR-001980,Ivoneide Caetano,ivoneide caetano,agente_publico,220696,,
ATR-001981,Jadyel Alencar,jadyel alencar,agente_publico,220697,,
ATR-001982,Beto Preto,beto preto,agente_publico,220698,,
ATR-001983,Castro Neto,castro neto,agente_publico,220699,,
ATR-001984,Florentino Neto,florentino neto,agente_publico,220700,,
ATR-001985,Delegado Matheus Laiola,delegado matheus laiola,agente_publico,220701,,
ATR-001986,Geraldo Mendes,geraldo mendes,agente_publico,220702,,
ATR-001987,Neto Carletto,neto carletto,agente_publico,220703,,
ATR-001988,Carol Dartora,carol dartora,agente_publico,220704,,
ATR-001989,Deltan Dallagnol,deltan dallagnol,agente_publico,220705,,
ATR-001990,Padovani,padovani,agente_publico,220706,,
ATR-001991,Amanda Gentil,amanda gentil,agente_publico,220707,,
ATR-001992,Gabriel Nunes,gabriel nunes,agente_publico,220708,,
ATR-001993,Fausto Jr.,fausto jr.,agente_publico,220712,,
ATR-001994,Saullo Vianna,saullo vianna,agente_publico,220713,,
ATR-001995,Adail Filho,adail filho,agente_publico,220714,,
ATR-001996,Amom Mandel,amom mandel,agente_publico,220715,,
ATR-001997,Marcia Scherer,marcia scherer,agente_publico,221147,,
ATR-001998,Alfredinho,alfredinho,agente_publico,221148,,
ATR-001999,Elói Pietá,eloi pieta,agente_publico,221149,,
ATR-002000,Rui Godinho,rui godinho,agente_publico,221157,,
ATR-002001,Márcio Dória,marcio doria,agente_publico,221183,,
ATR-002002,Adilson Barroso,adilson barroso,agente_publico,221328,,
ATR-002003,Ricardo Abrão,ricardo abrao,agente_publico,221329,,
ATR-002004,Professora Luciene Cavalcante,professora luciene cavalcante,agente_publico,221338,,
ATR-002005,Dr. Benjamim,dr. benjamim,agente_publico,221339,,
ATR-002006,Reginete Bispo,reginete bispo,agente_publico,221378,6018,
ATR-002007,Coronel Telhada,coronel telhada,agente_publico,222142,,
ATR-002008,Luis Carlos Gomes,luis carlos gomes,agente_publico,222429,,
ATR-002009,Soldado Noelio,soldado noelio,agente_publico,222565,,
ATR-002010,Rodrigo Estacho,rodrigo estacho,agente_publico,223128,,
ATR-002011,Ulisses Guimarães,ulisses guimaraes,agente_publico,223398,,
ATR-002012,Gabriel Mota,gabriel mota,agente_publico,224117,,
ATR-002013,Welter,welter,agente_publico,224333,,
ATR-002014,Renan Ferreirinha,renan ferreirinha,agente_publico,225386,,
ATR-002015,Flavinha,flavinha,agente_publico,225727,,
ATR-002016,Enfermeira Ana Paula,enfermeira ana paula,agente_publico,225730,,
ATR-002017,Itamar Paim,itamar paim,agente_publico,225846,,
ATR-002018,Priscila Costa,priscila costa,agente_publico,226075,,
ATR-002019,Gisela Simona,gisela simona,agente_publico,226179,,
ATR-002020,Márcio Correa,marcio correa,agente_publico,226410,,
ATR-002021,Eliane Braz,eliane braz,agente_publico,226553,,
ATR-002022,Allan Garcês,allan garces,agente_publico,226708,,
ATR-002023,Saulo Pedroso,saulo pedroso,agente_publico,226837,,
ATR-002024,Mariana Carvalho,mariana carvalho,agente_publico,227275,,
ATR-002025,Silvio Antonio,silvio antonio,agente_publico,227310,,
ATR-002026,Luciano Galego,luciano galego,agente_publico,227323,,
ATR-002027,Henrique Júnior,henrique junior,agente_publico,227324,,
ATR-002028,Felipe Saliba,felipe saliba,agente_publico,227370,,
ATR-002029,Dr Fabio Rueda,dr fabio rueda,agente_publico,227401,,
ATR-002030,Douglas Viegas,douglas viegas,agente_publico,227433,,
ATR-002031,Nitinho,nitinho,agente_publico,227660,,
ATR-002032,Duarte Gonçalves Jr,duarte goncalves jr,agente_publico,227800,,
ATR-002033,Dr Flávio,dr flavio,agente_publico,227991,,
ATR-002034,Naumi Amorim,naumi amorim,agente_publico,228042,,
ATR-002035,Délio Pinheiro,delio pinheiro,agente_publico,228272,,
ATR-002036,Dr. Remy Soares,dr. remy soares,agente_publico,228616,,
ATR-002037,Júlio Oliveira,julio oliveira,agente_publico,228797,,
ATR-002038,Juliana Kolankiewicz,juliana kolankiewicz,agente_publico,228837,,
ATR-002039,Daniel José,daniel jose,agente_publico,228941,,
ATR-002040,Capitão Samuel,capitao samuel,agente_publico,229069,,
ATR-002041,Lucyana Genésio,lucyana genesio,agente_publico,229082,,
ATR-002042,Carla Ayres,carla ayres,agente_publico,229106,,
ATR-002043,Pedro Jr,pedro jr,agente_publico,229112,,
ATR-002044,Missionária Michele Collins,missionaria michele collins,agente_publico,229225,,
ATR-002045,Pedro Tourinho,pedro tourinho,agente_publico,229259,,
ATR-002046,Gláucia Santiago,glaucia santiago,agente_publico,229333,,
ATR-002047,Luiz Fernando Vampiro,luiz fernando vampiro,agente_publico,229432,,
ATR-002048,Elisangela Araujo,elisangela araujo,agente_publico,229585,,
ATR-002049,Newton Bonin,newton bonin,agente_publico,229939,,
ATR-002050,Dra. Mayra Pinheiro,dra. mayra pinheiro,agente_publico,230088,,
ATR-002051,Tadeu Oliveira,tadeu oliveira,agente_publico,230177,,
ATR-002052,Pastor Claudio Mariano,pastor claudio mariano,agente_publico,230762,,
ATR-002053,Ivan Junior,ivan junior,agente_publico,230764,,
ATR-002054,Enfermeira Rejane,enfermeira rejane,agente_publico,230765,,
ATR-002055,Rodrigo da Zaeli,rodrigo da zaeli,agente_publico,230767,,
ATR-002056,Zé Adriano,ze adriano,agente_publico,230768,,
ATR-002057,João Cury,joao cury,agente_publico,230957,,
ATR-002058,Lenir de Assis,lenir de assis,agente_publico,231911,,
ATR-002059,Nelinho Freitas,nelinho freitas,agente_publico,233218,,
ATR-002060,Paulo Lemos,paulo lemos,agente_publico,233592,,
ATR-002061,Rafael Fera,rafael fera,agente_publico,233594,,
ATR-002062,Samuel Santos,samuel santos,agente_publico,233598,,
ATR-002063,Lucas Abrahao,lucas abrahao,agente_publico,234253,,
ATR-002064,Ricardo Galvão,ricardo galvao,agente_publico,234310,,
ATR-002065,Fabiano Cazeca,fabiano cazeca,agente_publico,234388,,
ATR-002066,Elmano Férrer,elmano ferrer,agente_publico,234406,5531,
ATR-002067,Vanderlan Alves,vanderlan alves,agente_publico,234673,,
ATR-002068,Heloísa Helena,heloisa helena,agente_publico,234788,,
ATR-002069,Cristiano Furlan,cristiano furlan,agente_publico,234840,,
ATR-002070,Ribeiro Neto,ribeiro neto,agente_publico,235088,,
ATR-002071,Ilacir Bicalho,ilacir bicalho,agente_publico,235620,,
ATR-002072,Vavá,vava,agente_publico,235712,,
ATR-002073,Sérgio Turra,sergio turra,agente_publico,235776,,
ATR-002074,Jorge Araújo,jorge araujo,agente_publico,235800,,
ATR-002075,João Carlos,joao carlos,agente_publico,235869,,
ATR-002076,Glaycon Franco,glaycon franco,agente_publico,236284,,
ATR-002077,Marcos Braz,marcos braz,agente_publico,236375,,
ATR-002078,Valdir Trindade,valdir trindade,agente_publico,236423,,
ATR-002079,Santin Roveda,santin roveda,agente_publico,236518,,
ATR-002080,Abdala Karin Nabut,abdala karin nabut,agente_publico,,4865,
ATR-002081,Adalgisa Carvalho,adalgisa carvalho,agente_publico,,3591,
ATR-002082,Adelmir Santana,adelmir santana,agente_publico,,3622,
ATR-002083,Adir Nichio,adir nichio,agente_publico,,1052,
ATR-002084,Agnelo Alves,agnelo alves,agente_publico,,1053,
ATR-002085,Ailton Araújo,ailton araujo,agente_publico,,3573,
ATR-002086,Alexandre Honore Marie Thioillier Filho,alexandre honore marie thioillier filho,agente_publico,,4967,
ATR-002087,Alfredo Cotait Neto,alfredo cotait neto,agente_publico,,3651,
ATR-002088,Aloizio Mercadante,aloizio mercadante,agente_publico,,845,
ATR-002089,Alvaro Dias,alvaro dias,agente_publico,,945,
ATR-002090,Ana Júlia Carepa,ana julia carepa,agente_publico,,3363,
ATR-002091,Ana Virgínia Rego Gama,ana virginia rego gama,agente_publico,,4851,
ATR-002092,Angelo Celeste,angelo celeste,agente_publico,,1048,
ATR-002093,Antero Paes de Barros,antero paes de barros,agente_publico,,1002,
ATR-002094,Antonio Carlos Júnior,antonio carlos junior,agente_publico,,118,
ATR-002095,Antonio Carlos Magalhães,antonio carlos magalhaes,agente_publico,,4,
ATR-002096,Antonio Carlos Valadares,antonio carlos valadares,agente_publico,,3,
ATR-002097,Antonio Faleiros,antonio faleiros,agente_publico,,3625,
ATR-002098,Antonio Ferreira,antonio ferreira,agente_publico,,3533,
ATR-002099,Antonio João,antonio joao,agente_publico,,4516,
ATR-002100,Antonio Porcino Sobrinho,antonio porcino sobrinho,agente_publico,,4907,
ATR-002101,Antônio Leite,antonio leite,agente_publico,,1163,
ATR-002102,Ari Stadler,ari stadler,agente_publico,,1097,
ATR-002103,Arthur Virgílio,arthur virgilio,agente_publico,,551,
ATR-002104,Assis Almeida,assis almeida,agente_publico,,3620,
ATR-002105,Augusto Botelho,augusto botelho,agente_publico,,3432,
ATR-002106,Belini Meurer,belini meurer,agente_publico,,3642,
ATR-002107,Benedito Damasceno,benedito damasceno,agente_publico,,1054,
ATR-002108,Carlos Alberto,carlos alberto,agente_publico,,3594,
ATR-002109,Carlos Eduardo,carlos eduardo,agente_publico,,3584,
ATR-002110,Carlos Lupi,carlos lupi,agente_publico,,1044,
ATR-002111,Celis Santin,celis santin,agente_publico,,1100,
ATR-002112,Chiquinho Feitosa,chiquinho feitosa,agente_publico,,611,
ATR-002113,Cláudio Antonio,claudio antonio,agente_publico,,3601,
ATR-002114,Cristovam Buarque,cristovam buarque,agente_publico,,3398,
ATR-002115,César Borges,cesar borges,agente_publico,,3395,
ATR-002116,Danimar Cristina,danimar cristina,agente_publico,,3637,
ATR-002117,Delacir de Melo,delacir de melo,agente_publico,,3598,
ATR-002118,Delcídio do Amaral,delcidio do amaral,agente_publico,,3360,
ATR-002119,Demóstenes Torres,demostenes torres,agente_publico,,3399,
ATR-002120,Djalma Bessa,djalma bessa,agente_publico,,120,
ATR-002121,Duciomar Costa,duciomar costa,agente_publico,,3412,
ATR-002122,Edir Domeneghini,edir domeneghini,agente_publico,,176,
ATR-002123,Edison Lobão,edison lobao,agente_publico,,16,
ATR-002124,Edivan Secundo,edivan secundo,agente_publico,,3596,
ATR-002125,Eduardo Otávio Teixeira Marcondes,eduardo otavio teixeira marcondes,agente_publico,,3630,
ATR-002126,Eduardo Siqueira Campos,eduardo siqueira campos,agente_publico,,1024,
ATR-002127,Eduardo Suplicy,eduardo suplicy,agente_publico,,17,
ATR-002128,Efraim Morais,efraim morais,agente_publico,,707,
ATR-002129,Eliana Cunha,eliana cunha,agente_publico,,1088,
ATR-002130,Eraldo Macedo,eraldo macedo,agente_publico,,3640,
ATR-002131,Erasmo Lino de Jesus Alfaia,erasmo lino de jesus alfaia,agente_publico,,3616,
ATR-002132,Ernesto Martins,ernesto martins,agente_publico,,3600,
ATR-002133,Eurípedes Camargo,euripedes camargo,agente_publico,,3552,
ATR-002134,Evaristo de Luca,evaristo de luca,agente_publico,,1055,
ATR-002135,Everaldo Siqueira Moreira,everaldo siqueira moreira,agente_publico,,4905,
ATR-002136,Fernando Bezerra,fernando bezerra,agente_publico,,23,
ATR-002137,Fernando Catão,fernando catao,agente_publico,,3632,
ATR-002138,Flávio Arns,flavio arns,agente_publico,,345,
ATR-002139,Flávio Torres,flavio torres,agente_publico,,3619,
ATR-002140,Francisco Evandro Rosas da Costa,francisco evandro rosas da costa,agente_publico,,3535,
ATR-002141,Francisco Pereira,francisco pereira,agente_publico,,3574,
ATR-002142,Francisco das Chagas Alcantara,francisco das chagas alcantara,agente_publico,,4863,
ATR-002143,Frank Luiz,frank luiz,agente_publico,,3615,
ATR-002144,Froylan Santos,froylan santos,agente_publico,,1101,
ATR-002145,Fátima Cleide,fatima cleide,agente_publico,,3371,
ATR-002146,Garibaldi Alves Filho,garibaldi alves filho,agente_publico,,87,
ATR-002147,Geovani Borges,geovani borges,agente_publico,,4522,
ATR-002148,Geraldo Mesquita Júnior,geraldo mesquita junior,agente_publico,,3392,
ATR-002149,Gerson Camata,gerson camata,agente_publico,,28,
ATR-002150,Gilberto Goellner,gilberto goellner,agente_publico,,3626,
ATR-002151,Gilberto Mestrinho,gilberto mestrinho,agente_publico,,944,
ATR-002152,Gilberto Miranda,gilberto miranda,agente_publico,,29,
ATR-002153,Gilvam Borges,gilvam borges,agente_publico,,30,
ATR-002154,Gomes Carvalho,gomes carvalho,agente_publico,,3635,
ATR-002155,Gustavo Krause,gustavo krause,agente_publico,,3585,
ATR-002156,Heloísa Helena,heloisa helena,agente_publico,,923,
ATR-002157,Hermes Zanetti,hermes zanetti,agente_publico,,1087,
ATR-002158,Humberto Sorio Júnior,humberto sorio junior,agente_publico,,4939,
ATR-002159,Hélio Corrêa,helio correa,agente_publico,,3572,
ATR-002160,Hélio Costa,helio costa,agente_publico,,1179,
ATR-002161,Ideli Salvatti,ideli salvatti,agente_publico,,3373,
ATR-002162,Jairo Augusto,jairo augusto,agente_publico,,3641,
ATR-002163,Jefferson Peres,jefferson peres,agente_publico,,36,
ATR-002164,Jefferson Praia,jefferson praia,agente_publico,,4792,
ATR-002165,Jesus Elias,jesus elias,agente_publico,,3589,
ATR-002166,Jonas Pinheiro,jonas pinheiro,agente_publico,,38,
ATR-002167,Jorge Bornhausen,jorge bornhausen,agente_publico,,948,
ATR-002168,Jorge Luiz,jorge luiz,agente_publico,,3636,
ATR-002169,Jorge Yanai,jorge yanai,agente_publico,,4885,
ATR-002170,José Agripino,jose agripino,agente_publico,,40,
ATR-002171,José Alencar,jose alencar,agente_publico,,951,
ATR-002172,José Bezerra,jose bezerra,agente_publico,,3595,
ATR-002173,José Coelho,jose coelho,agente_publico,,2332,
ATR-002174,José Eduardo,jose eduardo,agente_publico,,3624,
ATR-002175,José Giácomo,jose giacomo,agente_publico,,3649,
ATR-002176,José Jorge,jose jorge,agente_publico,,922,
ATR-002177,José João Batista Stival,jose joao batista stival,agente_publico,,4973,
ATR-002178,José Lélis,jose lelis,agente_publico,,1093,
ATR-002179,José Maranhão,jose maranhao,agente_publico,,3361,
ATR-002180,José Nery,jose nery,agente_publico,,4547,
ATR-002181,José Oliveira Costa,jose oliveira costa,agente_publico,,4843,
ATR-002182,José Pinto,jose pinto,agente_publico,,3603,
ATR-002183,José Raimundo Pires,jose raimundo pires,agente_publico,,4947,
ATR-002184,José Ramalho,jose ramalho,agente_publico,,3608,
ATR-002185,José Sarney,jose sarney,agente_publico,,47,
ATR-002186,José Wanderley,jose wanderley,agente_publico,,3613,
ATR-002187,José de Andrade,jose de andrade,agente_publico,,3590,
ATR-002188,João Alberto Souza,joao alberto souza,agente_publico,,950,
ATR-002189,João Batista,joao batista,agente_publico,,3588,
ATR-002190,João Batista Motta,joao batista motta,agente_publico,,1051,
ATR-002191,João Capiberibe,joao capiberibe,agente_publico,,3394,
ATR-002192,João Faustino,joao faustino,agente_publico,,3593,
ATR-002193,João Ribeiro,joao ribeiro,agente_publico,,916,
ATR-002194,João Tenório,joao tenorio,agente_publico,,3652,
ATR-002195,João Thomé Mestrinho,joao thome mestrinho,agente_publico,,1089,
ATR-002196,João Vaccari,joao vaccari,agente_publico,,3650,
ATR-002197,Juvêncio da Fonseca,juvencio da fonseca,agente_publico,,949,
ATR-002198,Leonel Pavan,leonel pavan,agente_publico,,3374,
ATR-002199,Lobão Filho,lobao filho,agente_publico,,3579,
ATR-002200,Luiz Carlos,luiz carlos,agente_publico,,3643,
ATR-002201,Luiz Estevão,luiz estevao,agente_publico,,943,
ATR-002202,Luiz Guaritá,luiz guarita,agente_publico,,3581,
ATR-002203,Luiz Márcio,luiz marcio,agente_publico,,3582,
ATR-002204,Luiz Pontes,luiz pontes,agente_publico,,1022,
ATR-002205,Luiz Soares,luiz soares,agente_publico,,1043,
ATR-002206,Luiz Tolentino,luiz tolentino,agente_publico,,3647,
ATR-002207,Lúcia Vânia,lucia vania,agente_publico,,643,
ATR-002208,Magno Malta,magno malta,agente_publico,,631,
ATR-002209,Maguito Vilela,maguito vilela,agente_publico,,302,
ATR-002210,Manoel Angelo Chagas,manoel angelo chagas,agente_publico,,4951,
ATR-002211,Marco Maciel,marco maciel,agente_publico,,86,
ATR-002212,Marcos Guerra,marcos guerra,agente_publico,,105,
ATR-002213,Marcos Tavares,marcos tavares,agente_publico,,1084,
ATR-002214,Marcus Antonio,marcus antonio,agente_publico,,3586,
ATR-002215,Maria Ivone,maria ivone,agente_publico,,1146,
ATR-002216,Maria de Fátima,maria de fatima,agente_publico,,1046,
ATR-002217,Maria do Carmo Alves,maria do carmo alves,agente_publico,,1023,
ATR-002218,Marina Silva,marina silva,agente_publico,,59,
ATR-002219,Marlúcio Pereira da Silva,marlucio pereira da silva,agente_publico,,4875,
ATR-002220,Marta Ramalho,marta ramalho,agente_publico,,3633,
ATR-002221,Mauro Fecury,mauro fecury,agente_publico,,670,
ATR-002222,Max José,max jose,agente_publico,,3606,
ATR-002223,Michel Dib Tachy,michel dib tachy,agente_publico,,4899,
ATR-002224,Moisés Marques,moises marques,agente_publico,,3621,
ATR-002225,Mozarildo Cavalcanti,mozarildo cavalcanti,agente_publico,,952,
ATR-002226,Márcio Tadeu Vieira Pessatti,marcio tadeu vieira pessatti,agente_publico,,3638,
ATR-002227,Mário Calixto,mario calixto,agente_publico,,1094,
ATR-002228,Mão Santa,mao santa,agente_publico,,3364,
ATR-002229,Natal Wellington Rodrigues Furucho,natal wellington rodrigues furucho,agente_publico,,4931,
ATR-002230,Natal de Souza Chaves,natal de souza chaves,agente_publico,,3534,
ATR-002231,Neides Batista,neides batista,agente_publico,,3599,
ATR-002232,Neuto de Conto,neuto de conto,agente_publico,,3644,
ATR-002233,Ney Suassuna,ney suassuna,agente_publico,,63,
ATR-002234,Nezinho Alencar,nezinho alencar,agente_publico,,3648,
ATR-002235,Nilis Castberg,nilis castberg,agente_publico,,3575,
ATR-002236,Nivaldo Fernando,nivaldo fernando,agente_publico,,3607,
ATR-002237,Nova da Costa,nova da costa,agente_publico,,1090,
ATR-002238,Odete da Cruz,odete da cruz,agente_publico,,3609,
ATR-002239,Olivir Gabardo,olivir gabardo,agente_publico,,1083,
ATR-002240,Ordalino Martins da Cunha,ordalino martins da cunha,agente_publico,,4889,
ATR-002241,Orency Francisco,orency francisco,agente_publico,,3628,
ATR-002242,Osmar Dias,osmar dias,agente_publico,,66,
ATR-002243,Papaléo Paes,papaleo paes,agente_publico,,3393,
ATR-002244,Patrícia Saboya,patricia saboya,agente_publico,,3397,
ATR-002245,Paulo Carvalho,paulo carvalho,agente_publico,,3605,
ATR-002246,Paulo Duque,paulo duque,agente_publico,,4549,
ATR-002247,Paulo Elifas,paulo elifas,agente_publico,,1095,
ATR-002248,Paulo Hartung,paulo hartung,agente_publico,,942,
ATR-002249,Paulo Octávio,paulo octavio,agente_publico,,1169,
ATR-002250,Paulo Paim,paulo paim,agente_publico,,825,
ATR-002251,Paulo Souto,paulo souto,agente_publico,,924,
ATR-002252,Pedro Simon,pedro simon,agente_publico,,68,
ATR-002253,Ramez Tebet,ramez tebet,agente_publico,,69,
ATR-002254,Reginaldo Duarte,reginaldo duarte,agente_publico,,139,
ATR-002255,Regis Fichtner,regis fichtner,agente_publico,,3639,
ATR-002256,Remi Ribeiro,remi ribeiro,agente_publico,,3580,
ATR-002257,Renan Calheiros,renan calheiros,agente_publico,,70,
ATR-002258,Renildo Santana,renildo santana,agente_publico,,1049,
ATR-002259,Ribamar Fiquene,ribamar fiquene,agente_publico,,1086,
ATR-002260,Roberto Cavalcanti,roberto cavalcanti,agente_publico,,3631,
ATR-002261,Roberto Chaves,roberto chaves,agente_publico,,3587,
ATR-002262,Roberto Saturnino,roberto saturnino,agente_publico,,1026,
ATR-002263,Robinson Viana,robinson viana,agente_publico,,1045,
ATR-002264,Rodolpho Tourinho,rodolpho tourinho,agente_publico,,1085,
ATR-002265,Romero Jucá,romero juca,agente_publico,,73,
ATR-002266,Romeu Tuma,romeu tuma,agente_publico,,74,
ATR-002267,Sadi Cassol,sadi cassol,agente_publico,,3646,
ATR-002268,Salomão Alcolumbre Júnior,salomao alcolumbre junior,agente_publico,,4847,
ATR-002269,Sandra Melon de Paula,sandra melon de paula,agente_publico,,3623,
ATR-002270,Sebastião Cristovan,sebastiao cristovan,agente_publico,,3617,
ATR-002271,Sebastião Riêra,sebastiao riera,agente_publico,,1092,
ATR-002272,Selma Elias,selma elias,agente_publico,,3645,
ATR-002273,Serys Slhessarenko,serys slhessarenko,agente_publico,,3362,
ATR-002274,Severino Lúcio,severino lucio,agente_publico,,1143,
ATR-002275,Severo Maria,severo maria,agente_publico,,3592,
ATR-002276,Sérgio Cabral,sergio cabral,agente_publico,,3365,
ATR-002277,Sérgio Zambiasi,sergio zambiasi,agente_publico,,3375,
ATR-002278,Tasso Jereissati,tasso jereissati,agente_publico,,3396,
ATR-002279,Tasso Rosado,tasso rosado,agente_publico,,1330,
ATR-002280,Teotonio Vilela Filho,teotonio vilela filho,agente_publico,,78,
ATR-002281,Thelma Siqueira Campos,thelma siqueira campos,agente_publico,,1047,
ATR-002282,Tião Viana,tiao viana,agente_publico,,982,
ATR-002283,Tomás Correia,tomas correia,agente_publico,,4949,
ATR-002284,Uilton José,uilton jose,agente_publico,,3618,
ATR-002285,Valdir Raupp,valdir raupp,agente_publico,,3372,
ATR-002286,Valdomiro Távora,valdomiro tavora,agente_publico,,3092,
ATR-002287,Valmir Amaral,valmir amaral,agente_publico,,1050,
ATR-002288,Valquíria Alves Brandão César,valquiria alves brandao cesar,agente_publico,,4845,
ATR-002289,Valter Pereira,valter pereira,agente_publico,,3629,
ATR-002290,Vasco Furlan,vasco furlan,agente_publico,,1096,
ATR-002291,Walter Natalino,walter natalino,agente_publico,,1099,
ATR-002292,Wanderley A.,wanderley a.,agente_publico,,3627,
ATR-002293,Wirlande da Luz,wirlande da luz,agente_publico,,3597,
ATR-002294,Élber Batalha,elber batalha,agente_publico,,3604,
ATR-002295,Acir Gurgacz,acir gurgacz,agente_publico,,4981,
ATR-002296,Ada Mello,ada mello,agente_publico,,4815,
ATR-002297,Afonso Sérgio Fernandes Ribeiro,afonso sergio fernandes ribeiro,agente_publico,,4881,
ATR-002298,Aluisio Augusto de Queiroz Braga,aluisio augusto de queiroz braga,agente_publico,,4853,
ATR-002299,Ana Rita,ana rita,agente_publico,,4869,
ATR-002300,Anibal Diniz,anibal diniz,agente_publico,,4837,
ATR-002301,Antonio Aureliano,antonio aureliano,agente_publico,,4897,
ATR-002302,Antonio Russo,antonio russo,agente_publico,,4891,
ATR-002303,Ari Vicente Fernandes,ari vicente fernandes,agente_publico,,4965,
ATR-002304,Assis Gurgacz,assis gurgacz,agente_publico,,4983,
ATR-002305,Carlos Augusto Coelho de Faria,carlos augusto coelho de faria,agente_publico,,4841,
ATR-002306,Carlos Ramiro de Castro (Falecido Em 05/09/2013),carlos ramiro de castro (falecido em 05/09/2013),agente_publico,,4963,
ATR-002307,Casildo Maldaner,casildo maldaner,agente_publico,,13,
ATR-002308,Clésio Andrade,clesio andrade,agente_publico,,4895,
ATR-002309,Cyro Miranda,cyro miranda,agente_publico,,4877,
ATR-002310,Cícero Lucena,cicero lucena,agente_publico,,4529,
ATR-002311,Demétrius Fernandes Ribeiro,demetrius fernandes ribeiro,agente_publico,,4901,
ATR-002312,Elcide Alberto Lanzarin,elcide alberto lanzarin,agente_publico,,4953,
ATR-002313,Eliel Lima Santana,eliel lima santana,agente_publico,,4855,
ATR-002314,Elói Francisco Pedroso Guimarães,eloi francisco pedroso guimaraes,agente_publico,,4941,
ATR-002315,Emanuel Messias Oliveira Cacho,emanuel messias oliveira cacho,agente_publico,,4971,
ATR-002316,Epitácio Cafeteira,epitacio cafeteira,agente_publico,,20,
ATR-002317,Esmael Barbosa de Almeida,esmael barbosa de almeida,agente_publico,,4871,
ATR-002318,Euclydes Mello,euclydes mello,agente_publico,,4780,
ATR-002319,Expedito Júnior,expedito junior,agente_publico,,1189,
ATR-002320,Fernando Collor,fernando collor,agente_publico,,4525,
ATR-002321,Garibaldi Alves,garibaldi alves,agente_publico,,4935,
ATR-002322,Gloria Maria Ramos Tavares,gloria maria ramos tavares,agente_publico,,4553,
ATR-002323,Hélio Moacyr de Souza Duque,helio moacyr de souza duque,agente_publico,,4917,
ATR-002324,Ivonete Dantas,ivonete dantas,agente_publico,,4937,
ATR-002325,Jabis Emerick Dutra,jabis emerick dutra,agente_publico,,4955,
ATR-002326,Jayme Campos,jayme campos,agente_publico,,4531,
ATR-002327,Joaquim Roriz,joaquim roriz,agente_publico,,4533,
ATR-002328,Jorge Afonso Argello,jorge afonso argello,agente_publico,,4776,
ATR-002329,Jose Arlindo Soares,jose arlindo soares,agente_publico,,4919,
ATR-002330,Jose Calp Filho,jose calp filho,agente_publico,,4929,
ATR-002331,José Francisco Pinto,jose francisco pinto,agente_publico,,4975,
ATR-002332,José Ribamar Fiquene,jose ribamar fiquene,agente_publico,,4883,
ATR-002333,João Durval,joao durval,agente_publico,,4537,
ATR-002334,João Hilton Fernandes Silva,joao hilton fernandes silva,agente_publico,,4923,
ATR-002335,João Pedro,joao pedro,agente_publico,,4774,
ATR-002336,João Rafael de Aguiar,joao rafael de aguiar,agente_publico,,4784,
ATR-002337,João Vicente Claudino,joao vicente claudino,agente_publico,,4541,
ATR-002338,Marco Antonio,marco antonio,agente_publico,,4788,
ATR-002339,Marconi Perillo,marconi perillo,agente_publico,,4535,
ATR-002340,Marcos de Almeida Castro,marcos de almeida castro,agente_publico,,4778,
ATR-002341,Maria da Graça Gomes Paiva,maria da graca gomes paiva,agente_publico,,4943,
ATR-002342,Maria de Lourdes Carvalho Rufino,maria de lourdes carvalho rufino,agente_publico,,4925,
ATR-002343,Marisa Serrano,marisa serrano,agente_publico,,527,
ATR-002344,Mário Couto,mario couto,agente_publico,,4539,
ATR-002345,Níura Demarchi,niura demarchi,agente_publico,,4961,
ATR-002346,Osvaldo Sobrinho,osvaldo sobrinho,agente_publico,,1210,
ATR-002347,Paulo Silva de Jesus,paulo silva de jesus,agente_publico,,4879,
ATR-002348,Pericles Olivier,pericles olivier,agente_publico,,4927,
ATR-002349,Raimundo Colombo,raimundo colombo,agente_publico,,1206,
ATR-002350,Raimundo Noronha Filho,raimundo noronha filho,agente_publico,,4551,
ATR-002351,Rosalba Ciarlini,rosalba ciarlini,agente_publico,,4543,
ATR-002352,Ruben Figueiró,ruben figueiro,agente_publico,,4893,
ATR-002353,Rui Parra Motta,rui parra motta,agente_publico,,4985,
ATR-002354,Salomão Alcolumbre,salomao alcolumbre,agente_publico,,4849,
ATR-002355,Shydney Jorge Rosa,shydney jorge rosa,agente_publico,,5014,
ATR-002356,Sodré Santoro,sodre santoro,agente_publico,,4957,
ATR-002357,Sumaia Marly Salomão Wilt,sumaia marly salomao wilt,agente_publico,,4959,
ATR-002358,Tobias José Carneiro,tobias jose carneiro,agente_publico,,4790,
ATR-002359,Virginio de Carvalho,virginio de carvalho,agente_publico,,4786,
ATR-002360,Wilson Matos,wilson matos,agente_publico,,4772,
ATR-002361,Abiancy Cadoso Rosa,abiancy cadoso rosa,agente_publico,,5154,
ATR-002362,Agimiro Dias da Costa,agimiro dias da costa,agente_publico,,5170,
ATR-002363,Airton Sandoval,airton sandoval,agente_publico,,5140,
ATR-002364,Alzira Ferreira Barros,alzira ferreira barros,agente_publico,,5042,
ATR-002365,Ana Amélia,ana amelia,agente_publico,,4988,
ATR-002366,Andrelina Barbosa da Cunha,andrelina barbosa da cunha,agente_publico,,5046,
ATR-002367,Antônio Marcos Gavazzoni,antonio marcos gavazzoni,agente_publico,,5134,
ATR-002368,Antônio Milton Pessoa Falcão Filho,antonio milton pessoa falcao filho,agente_publico,,5032,
ATR-002369,Aristavora de Souza Santos,aristavora de souza santos,agente_publico,,5168,
ATR-002370,Armando José de Oliveira,armando jose de oliveira,agente_publico,,5028,
ATR-002371,Ataídes Oliveira,ataides oliveira,agente_publico,,5164,
ATR-002372,Athos de Almeida Lopes,athos de almeida lopes,agente_publico,,5138,
ATR-002373,Blairo Maggi,blairo maggi,agente_publico,,111,
ATR-002374,Cesar Antonio de Souza,cesar antonio de souza,agente_publico,,5136,
ATR-002375,Cidinho Santos,cidinho santos,agente_publico,,5108,
ATR-002376,Clécio Luis Vilhena Vieira,clecio luis vilhena vieira,agente_publico,,5044,
ATR-002377,Cunha Lima,cunha lima,agente_publico,,1757,
ATR-002378,Cássio Cunha Lima,cassio cunha lima,agente_publico,,5197,
ATR-002379,Dalirio Beber,dalirio beber,agente_publico,,5132,
ATR-002380,Deca,deca,agente_publico,,5199,
ATR-002381,Douglas Cintra,douglas cintra,agente_publico,,5178,
ATR-002382,Edivaldo Edilson Pantoja da Silva,edivaldo edilson pantoja da silva,agente_publico,,5160,
ATR-002383,Eduardo Braga,eduardo braga,agente_publico,,4994,
ATR-002384,Elaine Matozinhos Ribeiro,elaine matozinhos ribeiro,agente_publico,,5146,
ATR-002385,Elber Batalha,elber batalha,agente_publico,,4969,
ATR-002386,Elmiro Alves do Nascimento,elmiro alves do nascimento,agente_publico,,5148,
ATR-002387,Emir Simão Sader,emir simao sader,agente_publico,,5064,
ATR-002388,Enivaldo Euzébio dos Anjos,enivaldo euzebio dos anjos,agente_publico,,5126,
ATR-002389,Fernando Carvalho Lage,fernando carvalho lage,agente_publico,,5026,
ATR-002390,Fernando Ribeiro,fernando ribeiro,agente_publico,,2632,
ATR-002391,Fleury,fleury,agente_publico,,4873,
ATR-002392,Flexa Ribeiro,flexa ribeiro,agente_publico,,3634,
ATR-002393,Francisco Simeão Rodrigues Neto,francisco simeao rodrigues neto,agente_publico,,5054,
ATR-002394,Francisco Wilson Ribeiro,francisco wilson ribeiro,agente_publico,,5416,
ATR-002395,Fábio Luiz Araújo Lopes de Farias,fabio luiz araujo lopes de farias,agente_publico,,5034,
ATR-002396,Félix Urano Gama de Souza,felix urano gama de souza,agente_publico,,5162,
ATR-002397,Gabriel Maia Gelpke,gabriel maia gelpke,agente_publico,,5024,
ATR-002398,Gilberto Corazza,gilberto corazza,agente_publico,,5088,
ATR-002399,Gino Jose Ferreira,gino jose ferreira,agente_publico,,5128,
ATR-002400,Givago Tenório,givago tenorio,agente_publico,,5030,
ATR-002401,Humberto Costa,humberto costa,agente_publico,,5008,
ATR-002402,Hélio José,helio jose,agente_publico,,5100,
ATR-002403,Ione Guimarães,ione guimaraes,agente_publico,,5076,
ATR-002404,Itamar Franco,itamar franco,agente_publico,,1754,
ATR-002405,Ivanci Magno,ivanci magno,agente_publico,,5418,
ATR-002406,Ivo Cassol,ivo cassol,agente_publico,,5004,
ATR-002407,Janduhy Max Freire de Andrade,janduhy max freire de andrade,agente_publico,,5022,
ATR-002408,Jorge Viana,jorge viana,agente_publico,,4990,
ATR-002409,Jose Nagib da Silva Lima,jose nagib da silva lima,agente_publico,,5078,
ATR-002410,José Alberto Wenzel,jose alberto wenzel,agente_publico,,5090,
ATR-002411,José Amauri,jose amauri,agente_publico,,5849,
ATR-002412,José Antonio Guidoni,jose antonio guidoni,agente_publico,,5120,
ATR-002413,José Eduardo Dutra,jose eduardo dutra,agente_publico,,43,
ATR-002414,José Rodrigues da Silva,jose rodrigues da silva,agente_publico,,5180,
ATR-002415,José de Macedo Ferreira,jose de macedo ferreira,agente_publico,,5036,
ATR-002416,João Claudino Fernandes,joao claudino fernandes,agente_publico,,5186,
ATR-002417,João Costa,joao costa,agente_publico,,5166,
ATR-002418,Juçara Feitosa de Oliveira,jucara feitosa de oliveira,agente_publico,,5066,
ATR-002419,Kaká Andrade,kaka andrade,agente_publico,,5158,
ATR-002420,Lauro Antonio,lauro antonio,agente_publico,,5156,
ATR-002421,Lirio Albino Parisotto,lirio albino parisotto,agente_publico,,5040,
ATR-002422,Luis Carlos Paes de Castro,luis carlos paes de castro,agente_publico,,5092,
ATR-002423,Luis Cláudio da Costa Avelar,luis claudio da costa avelar,agente_publico,,5104,
ATR-002424,Luiz Henrique,luiz henrique,agente_publico,,5002,
ATR-002425,Luís Guilherme Gomes Mussi,luis guilherme gomes mussi,agente_publico,,5058,
ATR-002426,Maria Antonieta Amorim dos Santos,maria antonieta amorim dos santos,agente_publico,,5124,
ATR-002427,Maria Luza de Aquino Machado,maria luza de aquino machado,agente_publico,,5190,
ATR-002428,Maria de Pompeia Lins Pessoa,maria de pompeia lins pessoa,agente_publico,,5174,
ATR-002429,Marinor Brito,marinor brito,agente_publico,,4998,
ATR-002430,Marta Maria Freire da Costa,marta maria freire da costa,agente_publico,,5142,
ATR-002431,Marta Suplicy,marta suplicy,agente_publico,,5000,
ATR-002432,Miguel Dias de Souza,miguel dias de souza,agente_publico,,5086,
ATR-002433,Márcio Bergonsi Turra,marcio bergonsi turra,agente_publico,,5094,
ATR-002434,Nestor Duarte Guimarães Neto,nestor duarte guimaraes neto,agente_publico,,5176,
ATR-002435,Odacir Soares,odacir soares,agente_publico,,64,
ATR-002436,Olney Ribeiro Botelho,olney ribeiro botelho,agente_publico,,5060,
ATR-002437,Pablo Sergio Souza Bezerra,pablo sergio souza bezerra,agente_publico,,5080,
ATR-002438,Pastor Bel,pastor bel,agente_publico,,5018,
ATR-002439,Paulo Antenor de Oliveira,paulo antenor de oliveira,agente_publico,,5122,
ATR-002440,Paulo Davim,paulo davim,agente_publico,,5020,
ATR-002441,Paulo Frateschi,paulo frateschi,agente_publico,,5152,
ATR-002442,Paulo Pereira Fíuza Filho,paulo pereira fiuza filho,agente_publico,,5114,
ATR-002443,Pedro Chaves,pedro chaves,agente_publico,,5116,
ATR-002444,Pedro Irno Tonelli,pedro irno tonelli,agente_publico,,5050,
ATR-002445,Pedro Taques,pedro taques,agente_publico,,5010,
ATR-002446,Raimundo Lira,raimundo lira,agente_publico,,2207,
ATR-002447,Randolfe Rodrigues,randolfe rodrigues,agente_publico,,5012,
ATR-002448,Reditario Cassol,reditario cassol,agente_publico,,5072,
ATR-002449,Regina Sousa,regina sousa,agente_publico,,5182,
ATR-002450,Ricardo Ferraço,ricardo ferraco,agente_publico,,635,
ATR-002451,Roberto Muniz,roberto muniz,agente_publico,,5052,
ATR-002452,Roberto Requião,roberto requiao,agente_publico,,72,
ATR-002453,Roberto Wagner Monteiro,roberto wagner monteiro,agente_publico,,5098,
ATR-002454,Rodrigues Palma,rodrigues palma,agente_publico,,5110,
ATR-002455,Sander Fraxe Salomao,sander fraxe salomao,agente_publico,,5074,
ATR-002456,Sandra Braga,sandra braga,agente_publico,,5038,
ATR-002457,Sanny Japiassú dos Santos,sanny japiassu dos santos,agente_publico,,5172,
ATR-002458,Silvia Nascimento Cardoso dos Santos Cerqueira,silvia nascimento cardoso dos santos cerqueira,agente_publico,,5056,
ATR-002459,Sérgio Novais,sergio novais,agente_publico,,624,
ATR-002460,Sérgio de Castro,sergio de castro,agente_publico,,5106,
ATR-002461,Tilden Santiago,tilden santiago,agente_publico,,438,
ATR-002462,Tânia Cristina Magalhães Bastos e Silva,tania cristina magalhaes bastos e silva,agente_publico,,5068,
ATR-002463,Ubiraci Picanço,ubiraci picanco,agente_publico,,5420,
ATR-002464,Valério Djalma Cavalcanti Marinho,valerio djalma cavalcanti marinho,agente_publico,,5130,
ATR-002465,Veridiana Maria Tonini,veridiana maria tonini,agente_publico,,5084,
ATR-002466,Waldemir Catanho de Sena Júnior,waldemir catanho de sena junior,agente_publico,,5082,
ATR-002467,Wellington Dias,wellington dias,agente_publico,,5016,
ATR-002468,Wilmar Lacerda,wilmar lacerda,agente_publico,,5096,
ATR-002469,Zeze Perrella,zeze perrella,agente_publico,,5144,
ATR-002470,Zonir Freitas Tetila,zonir freitas tetila,agente_publico,,5118,
ATR-002471,Zé Santana,ze santana,agente_publico,,5184,
ATR-002472,Abel Rebouças,abel reboucas,agente_publico,,5573,
ATR-002473,Adilson Silva dos Santos,adilson silva dos santos,agente_publico,,5625,
ATR-002474,Alzenir Porto,alzenir porto,agente_publico,,5607,
ATR-002475,Antonio Anastasia,antonio anastasia,agente_publico,,5529,
ATR-002476,Atilio Francisco,atilio francisco,agente_publico,,5633,
ATR-002477,Ayres Marchetti,ayres marchetti,agente_publico,,5631,
ATR-002478,Bispo José,bispo jose,agente_publico,,5559,
ATR-002479,Carlos Augusto Costa,carlos augusto costa,agente_publico,,5603,
ATR-002480,Celso Dal Lago Rodrigues,celso dal lago rodrigues,agente_publico,,5593,
ATR-002481,Christopher Goulart,christopher goulart,agente_publico,,5623,
ATR-002482,Donizeti Nogueira,donizeti nogueira,agente_publico,,5637,
ATR-002483,Dr. Helder Cavalcante,dr. helder cavalcante,agente_publico,,5565,
ATR-002484,Dário Berger,dario berger,agente_publico,,5537,
ATR-002485,Eladio Carneiro,eladio carneiro,agente_publico,,5587,
ATR-002486,Eliane Rodrigues,eliane rodrigues,agente_publico,,5605,
ATR-002487,Fadi Faraj,fadi faraj,agente_publico,,5581,
ATR-002488,Fernando Bezerra Coelho,fernando bezerra coelho,agente_publico,,5540,
ATR-002489,Fernando Façanha,fernando facanha,agente_publico,,5577,
ATR-002490,Gilberto Piselo,gilberto piselo,agente_publico,,5615,
ATR-002491,Guaracy Silveira,guaracy silveira,agente_publico,,5639,
ATR-002492,Jean-Paul Prates,jean-paul prates,agente_publico,,5627,
ATR-002493,Joel Malucelli,joel malucelli,agente_publico,,5609,
ATR-002494,Josiel,josiel,agente_publico,,5569,
ATR-002495,José Carlos Vasconcellos,jose carlos vasconcellos,agente_publico,,5579,
ATR-002496,José Serra,jose serra,agente_publico,,90,
ATR-002497,João Batista Lemos,joao batista lemos,agente_publico,,5613,
ATR-002498,Lasier Martins,lasier martins,agente_publico,,5533,
ATR-002499,Luis Mitoso,luis mitoso,agente_publico,,5567,
ATR-002500,Luiz Carlos do Carmo,luiz carlos do carmo,agente_publico,,5585,
ATR-002501,Luiz Pastore,luiz pastore,agente_publico,,151,
ATR-002502,Mailza Gomes,mailza gomes,agente_publico,,5557,
ATR-002503,Manoel Motta,manoel motta,agente_publico,,5591,
ATR-002504,Marizete,marizete,agente_publico,,5575,
ATR-002505,Marquinho,marquinho,agente_publico,,5571,
ATR-002506,Moacir Kohl,moacir kohl,agente_publico,,5595,
ATR-002507,Omar Aziz,omar aziz,agente_publico,,5525,
ATR-002508,Otto Alencar,otto alencar,agente_publico,,5523,
ATR-002509,Pastor Ibanes Taveira,pastor ibanes taveira,agente_publico,,5599,
ATR-002510,Pastor Valadares,pastor valadares,agente_publico,,5617,
ATR-002511,Paulo Gouvêa,paulo gouvea,agente_publico,,336,
ATR-002512,Paulo Matos,paulo matos,agente_publico,,5589,
ATR-002513,Renilde Bulhões,renilde bulhoes,agente_publico,,5561,
ATR-002514,Ricardo Franco,ricardo franco,agente_publico,,5635,
ATR-002515,Roosevelt Vita,roosevelt vita,agente_publico,,5601,
ATR-002516,Rudson Leite,rudson leite,agente_publico,,5621,
ATR-002517,Schariff Moyses,schariff moyses,agente_publico,,5583,
ATR-002518,Severino Araujo,severino araujo,agente_publico,,5611,
ATR-002519,Severino Leão,severino leao,agente_publico,,5563,
ATR-002520,Simone Tebet,simone tebet,agente_publico,,5527,
ATR-002521,Telmário Mota,telmario mota,agente_publico,,5535,
ATR-002522,Theodorico Bezerra Netto,theodorico bezerra netto,agente_publico,,5629,
ATR-002523,Thieres Pinto,thieres pinto,agente_publico,,5619,
ATR-002524,Valdir Ganzer,valdir ganzer,agente_publico,,375,
ATR-002525,Vivaldo Barbosa,vivaldo barbosa,agente_publico,,791,
ATR-002526,Adilson Gomes,adilson gomes,agente_publico,,5918,
ATR-002527,Afonso Parente,afonso parente,agente_publico,,6026,
ATR-002528,Alberto David,alberto david,agente_publico,,5923,
ATR-002529,Alessandro Vieira,alessandro vieira,agente_publico,,5982,
ATR-002530,Alisson Taveira,alisson taveira,agente_publico,,5962,
ATR-002531,Ana Maria,ana maria,agente_publico,,5989,
ATR-002532,Ana Paula Tongo,ana paula tongo,agente_publico,,5950,
ATR-002533,Andre Filipe,andre filipe,agente_publico,,5969,
ATR-002534,Angelo Coronel,angelo coronel,agente_publico,,5967,
ATR-002535,Arlindo Silva,arlindo silva,agente_publico,,6001,
ATR-002536,Benjamin Beze Junior,benjamin beze junior,agente_publico,,5896,
ATR-002537,Bento,bento,agente_publico,,5952,
ATR-002538,Beto Martins,beto martins,agente_publico,,6011,
ATR-002539,Beto Possamai,beto possamai,agente_publico,,5932,
ATR-002540,Carlos Alberto,carlos alberto,agente_publico,,6013,
ATR-002541,Carlos Fávaro,carlos favaro,agente_publico,,6295,
ATR-002542,Carlos Milton Morais,carlos milton morais,agente_publico,,6020,
ATR-002543,Carlos Portinho,carlos portinho,agente_publico,,5936,
ATR-002544,Carlos Viana,carlos viana,agente_publico,,5990,
ATR-002545,Castellar Neto,castellar neto,agente_publico,,5991,
ATR-002546,Chamon,chamon,agente_publico,,6000,
ATR-002547,Chico Rodrigues,chico rodrigues,agente_publico,,470,
ATR-002548,Cid Gomes,cid gomes,agente_publico,,5973,
ATR-002549,Cleonice Back,cleonice back,agente_publico,,6017,
ATR-002550,Clerie Fabiana,clerie fabiana,agente_publico,,5933,
ATR-002551,Coronel Margarida,coronel margarida,agente_publico,,5963,
ATR-002552,Cândida Farias,candida farias,agente_publico,,5960,
ATR-002553,Daniella Ribeiro,daniella ribeiro,agente_publico,,5998,
ATR-002554,Danilo Martins de Oliveira,danilo martins de oliveira,agente_publico,,5992,
ATR-002555,Danny Fabricio,danny fabricio,agente_publico,,5987,
ATR-002556,Denise dos Santos,denise dos santos,agente_publico,,6012,
ATR-002557,Diego Tavares,diego tavares,agente_publico,,5996,
ATR-002558,Dr. Guimarães,dr. guimaraes,agente_publico,,5975,
ATR-002559,Dr. Samuel Araújo,dr. samuel araujo,agente_publico,,6021,
ATR-002560,Dra. Eudócia,dra. eudocia,agente_publico,,5906,
ATR-002561,Drica de Lucena,drica de lucena,agente_publico,,6016,
ATR-002562,Eduardo Girão,eduardo girao,agente_publico,,5976,
ATR-002563,Eliane Nogueira,eliane nogueira,agente_publico,,5898,
ATR-002564,Fabiano Contarato,fabiano contarato,agente_publico,,5953,
ATR-002565,Fernando Carvalho,fernando carvalho,agente_publico,,5980,
ATR-002566,Fernando Dueire,fernando dueire,agente_publico,,5917,
ATR-002567,Flavio Vicente,flavio vicente,agente_publico,,5920,
ATR-002568,Flávio Bolsonaro,flavio bolsonaro,agente_publico,,5894,
ATR-002569,Geraldo Althoff,geraldo althoff,agente_publico,,196,
ATR-002570,Gil Paraibano,gil paraibano,agente_publico,,5900,
ATR-002571,Giordano,giordano,agente_publico,,6008,
ATR-002572,Helenilson Pontes,helenilson pontes,agente_publico,,5999,
ATR-002573,Henrique Arruda,henrique arruda,agente_publico,,5907,
ATR-002574,Irajá,iraja,agente_publico,,5385,
ATR-002575,Ireneu Orth,ireneu orth,agente_publico,,6015,
ATR-002576,Ivani Boscolo,ivani boscolo,agente_publico,,6007,
ATR-002577,Ivete da Silveira,ivete da silveira,agente_publico,,6010,
ATR-002578,Ivonete Nascimento,ivonete nascimento,agente_publico,,5978,
ATR-002579,Jacira Souza,jacira souza,agente_publico,,5931,
ATR-002580,Jader Melo,jader melo,agente_publico,,5912,
ATR-002581,Jaques Wagner,jaques wagner,agente_publico,,581,
ATR-002582,Jorge Kajuru,jorge kajuru,agente_publico,,5895,
ATR-002583,Jorge Mitidieri,jorge mitidieri,agente_publico,,5993,
ATR-002584,José Chagas,jose chagas,agente_publico,,5983,
ATR-002585,José Hamilton,jose hamilton,agente_publico,,5910,
ATR-002586,José Lacerda,jose lacerda,agente_publico,,6305,
ATR-002587,Julio Ventura,julio ventura,agente_publico,,5972,
ATR-002588,Juíza Selma,juiza selma,agente_publico,,5929,
ATR-002589,Júnior Souto,junior souto,agente_publico,,5965,
ATR-002590,Leany Lemos,leany lemos,agente_publico,,5977,
ATR-002591,Leila Barros,leila barros,agente_publico,,5979,
ATR-002592,Leonardo Rodrigues,leonardo rodrigues,agente_publico,,5903,
ATR-002593,Lucas Barreto,lucas barreto,agente_publico,,5926,
ATR-002594,Luciana Leão Muniz,luciana leao muniz,agente_publico,,6014,
ATR-002595,Luis Felipe Belmonte,luis felipe belmonte,agente_publico,,5968,
ATR-002596,Macapá,macapa,agente_publico,,5904,
ATR-002597,Major Ildomario,major ildomario,agente_publico,,5981,
ATR-002598,Marcia do Angico,marcia do angico,agente_publico,,5915,
ATR-002599,Marcos de Souza Costa,marcos de souza costa,agente_publico,,6287,
ATR-002600,Marcos do Val,marcos do val,agente_publico,,5942,
ATR-002601,Margareth Buzetti,margareth buzetti,agente_publico,,6304,
ATR-002602,Maria Alice,maria alice,agente_publico,,5909,
ATR-002603,Maria Eliza,maria eliza,agente_publico,,6019,
ATR-002604,Maria da Taiçoca,maria da taicoca,agente_publico,,5994,
ATR-002605,Maria das Vitórias,maria das vitorias,agente_publico,,5908,
ATR-002606,Marinho Cunha,marinho cunha,agente_publico,,6002,
ATR-002607,Mecias de Jesus,mecias de jesus,agente_publico,,6027,
ATR-002608,Miguel Biango,miguel biango,agente_publico,,5935,
ATR-002609,Milton Mercêz,milton mercez,agente_publico,,5897,
ATR-002610,Nailde Panta,nailde panta,agente_publico,,5997,
ATR-002611,Nelsinho Trad,nelsinho trad,agente_publico,,5985,
ATR-002612,Ogari Pacheco,ogari pacheco,agente_publico,,6006,
ATR-002613,Onésimo Cruz,onesimo cruz,agente_publico,,6024,
ATR-002614,Oriovisto Guimarães,oriovisto guimaraes,agente_publico,,5924,
ATR-002615,Pastor Gaia,pastor gaia,agente_publico,,5925,
ATR-002616,Pastor Manoel Roberto,pastor manoel roberto,agente_publico,,5966,
ATR-002617,Pastor Severino,pastor severino,agente_publico,,6022,
ATR-002618,Patricia Costa,patricia costa,agente_publico,,5928,
ATR-002619,Paulo Albuquerque,paulo albuquerque,agente_publico,,5927,
ATR-002620,Paulo Marinho,paulo marinho,agente_publico,,5901,
ATR-002621,Paulo Salamuni,paulo salamuni,agente_publico,,5921,
ATR-002622,Pedro Arthur,pedro arthur,agente_publico,,6023,
ATR-002623,Plinio Destro,plinio destro,agente_publico,,5922,
ATR-002624,Prisco Bezerra,prisco bezerra,agente_publico,,5971,
ATR-002625,Professora Bazé,professora baze,agente_publico,,5984,
ATR-002626,Rafael Tenório,rafael tenorio,agente_publico,,5913,
ATR-002627,Renata Guerra,renata guerra,agente_publico,,5934,
ATR-002628,Roberta Acioly,roberta acioly,agente_publico,,6025,
ATR-002629,Roberth Bringel,roberth bringel,agente_publico,,5892,
ATR-002630,Rodrigo Cunha,rodrigo cunha,agente_publico,,5905,
ATR-002631,Ronaldo Libardi,ronaldo libardi,agente_publico,,5945,
ATR-002632,Rosana Foerst,rosana foerst,agente_publico,,5944,
ATR-002633,Rosário Bezerra,rosario bezerra,agente_publico,,5911,
ATR-002634,Sargento Reginauro,sargento reginauro,agente_publico,,5974,
ATR-002635,Silvania Barbosa,silvania barbosa,agente_publico,,5916,
ATR-002636,Siqueira Campos,siqueira campos,agente_publico,,6005,
ATR-002637,Soraya Thronicke,soraya thronicke,agente_publico,,5988,
ATR-002638,Styvenson Valentim,styvenson valentim,agente_publico,,5959,
ATR-002639,Suely Pereira,suely pereira,agente_publico,,5893,
ATR-002640,Suely Santiago,suely santiago,agente_publico,,5995,
ATR-002641,Terciliano Gomes,terciliano gomes,agente_publico,,6004,
ATR-002642,Vanderlan Cardoso,vanderlan cardoso,agente_publico,,5899,
ATR-002643,Vilson Basso,vilson basso,agente_publico,,5919,
ATR-002644,Weverton,weverton,agente_publico,,5411,
ATR-002645,Adrian da Blukit,adrian da blukit,agente_publico,,6382,
ATR-002646,Adélia Maria,adelia maria,agente_publico,,6346,
ATR-002647,Alex Diniz,alex diniz,agente_publico,,6360,
ATR-002648,Aline Rezende,aline rezende,agente_publico,,6379,
ATR-002649,Ana Paula Lobato,ana paula lobato,agente_publico,,6358,
ATR-002650,Andrea Fontes,andrea fontes,agente_publico,,6373,
ATR-002651,Astronauta Marcos Pontes,astronauta marcos pontes,agente_publico,,6009,
ATR-002652,Augusta Brito,augusta brito,agente_publico,,6350,
ATR-002653,Breno,breno,agente_publico,,6347,
ATR-002654,Bruno Bonetti,bruno bonetti,agente_publico,,6372,
ATR-002655,Camilo Santana,camilo santana,agente_publico,,6336,
ATR-002656,Cheila Moreira,cheila moreira,agente_publico,,6334,
ATR-002657,Cleitinho,cleitinho,agente_publico,,6337,
ATR-002658,Coronel Andreuzza,coronel andreuzza,agente_publico,,6380,
ATR-002659,Coronel Casagrande,coronel casagrande,agente_publico,,6344,
ATR-002660,Damares Alves,damares alves,agente_publico,,6335,
ATR-002661,Dheep Rover,dheep rover,agente_publico,,6377,
ATR-002662,Dr. Hiran,dr. hiran,agente_publico,,5793,
ATR-002663,Erik Marinho,erik marinho,agente_publico,,6367,
ATR-002664,Fernando Carvalho,fernando carvalho,agente_publico,,6384,
ATR-002665,Fernando Farias,fernando farias,agente_publico,,6345,
ATR-002666,Flavio Azevedo,flavio azevedo,agente_publico,,6374,
ATR-002667,Francisco Alexandre,francisco alexandre,agente_publico,,6368,
ATR-002668,Gemil Junior,gemil junior,agente_publico,,6343,
ATR-002669,Hamilton Mourão,hamilton mourao,agente_publico,,6341,
ATR-002670,Hermes Klann,hermes klann,agente_publico,,6381,
ATR-002671,Hildinha Menezes,hildinha menezes,agente_publico,,6349,
ATR-002672,Hélio Araújo,helio araujo,agente_publico,,6357,
ATR-002673,Igor Targino,igor targino,agente_publico,,6375,
ATR-002674,Izaura Cardoso,izaura cardoso,agente_publico,,6356,
ATR-002675,Jaime Bagattoli,jaime bagattoli,agente_publico,,6340,
ATR-002676,Janaína Farias,janaina farias,agente_publico,,6351,
ATR-002677,Janier,janier,agente_publico,,6383,
ATR-002678,Jorge Seif,jorge seif,agente_publico,,6342,
ATR-002679,Josenir,josenir,agente_publico,,6364,
ATR-002680,Jr Rodrigues,jr rodrigues,agente_publico,,6378,
ATR-002681,Jussara Lima,jussara lima,agente_publico,,6369,
ATR-002682,Leny Campêlo,leny campelo,agente_publico,,6365,
ATR-002683,Lourdinha Pereira,lourdinha pereira,agente_publico,,6359,
ATR-002684,Luis Felipe Cunha,luis felipe cunha,agente_publico,,6370,
ATR-002685,Manoel Arruda,manoel arruda,agente_publico,,6352,
ATR-002686,Marcinha Macedo,marcinha macedo,agente_publico,,6354,
ATR-002687,Mauricio Buffon,mauricio buffon,agente_publico,,6388,
ATR-002688,Mauro Carvalho Junior,mauro carvalho junior,agente_publico,,6362,
ATR-002689,Pastor Egmar,pastor egmar,agente_publico,,6353,
ATR-002690,Paulo Salomão,paulo salomao,agente_publico,,6333,
ATR-002691,Professor Alberto,professor alberto,agente_publico,,6385,
ATR-002692,Professora Dorinha Seabra,professora dorinha seabra,agente_publico,,5386,
ATR-002693,Professora Lu,professora lu,agente_publico,,6387,
ATR-002694,Ricardo Guerra,ricardo guerra,agente_publico,,6371,
ATR-002695,Rosana Martinelli,rosana martinelli,agente_publico,,6363,
ATR-002696,Sergio Moro,sergio moro,agente_publico,,6331,
ATR-002697,Sirlange Manga,sirlange manga,agente_publico,,6386,
ATR-002698,Tenente Emerson,tenente emerson,agente_publico,,6355,
ATR-002699,Tenente Portela,tenente portela,agente_publico,,6332,
ATR-002700,Terence Lessa,terence lessa,agente_publico,,6348,
ATR-002701,Teresa Leitão,teresa leitao,agente_publico,,6338,
ATR-002702,Wander de Souza,wander de souza,agente_publico,,6361,
ATR-002703,Wilder Morais,wilder morais,agente_publico,,5070,
ATR-002704,RUI COSTA PIMENTA,rui costa pimenta,agente_privado,,,Candidato em eleição geral (TSE); entrou na etapa E7
ATR-002705,ANTHONY WILLIAM GAROTINHO MATHEUS DE OLIVEIRA,anthony william garotinho matheus de oliveira,agente_privado,,,Candidato em eleição geral (TSE); entrou na etapa E7
ATR-002706,JOSE REINALDO CARNEIRO TAVARES,jose reinaldo carneiro tavares,agente_publico,,,Candidato em eleição geral (TSE); entrou na etapa E7
ATR-002707,ROSANGELA BARROS ASSED MATHEUS DE OLIVEIRA,rosangela barros assed matheus de oliveira,agente_publico,,,Candidato em eleição geral (TSE); entrou na etapa E7
ATR-002708,JOSÉ MARIA DE ALMEIDA,jose maria de almeida,agente_privado,,,Candidato em eleição geral (TSE); entrou na etapa E7
ATR-002709,MARCELO DE CARVALHO MIRANDA,marcelo de carvalho miranda,agente_publico,,,Candidato em eleição geral (TSE); entrou na etapa E7
ATR-002710,CIRO FERREIRA GOMES,ciro ferreira gomes,agente_privado,,,Candidato em eleição geral (TSE); entrou na etapa E7
ATR-002711,SIMÃO ROBISON OLIVEIRA JATENE,simao robison oliveira jatene,agente_publico,,,Candidato em eleição geral (TSE); entrou na etapa E7
ATR-002712,GERALDO JOSE RODRIGUES ALCKMIN FILHO,geraldo jose rodrigues alckmin filho,agente_publico,,,Candidato em eleição geral (TSE); entrou na etapa E7
ATR-002713,JOAQUIM DOMINGOS RORIZ,joaquim domingos roriz,agente_publico,,,Candidato em eleição geral (TSE); entrou na etapa E7
ATR-002714,LUIZ HENRIQUE DA SILVEIRA,luiz henrique da silveira,agente_publico,,,Candidato em eleição geral (TSE); entrou na etapa E7
ATR-002715,WILMA MARIA DE FARIA,wilma maria de faria,agente_publico,,,Candidato em eleição geral (TSE); entrou na etapa E7
ATR-002716,LUIZ INACIO LULA DA SILVA,luiz inacio lula da silva,agente_publico,,,Candidato em eleição geral (TSE); entrou na etapa E7
ATR-002717,JOÃO ALVES FILHO,joao alves filho,agente_publico,,,Candidato em eleição geral (TSE); entrou na etapa E7
ATR-002718,FRANCISCO FLAMARION PORTELA,francisco flamarion portela,agente_publico,,,Candidato em eleição geral (TSE); entrou na etapa E7
ATR-002719,LÚCIO GONÇALO DE ALCÂNTARA,lucio goncalo de alcantara,agente_publico,,,Candidato em eleição geral (TSE); entrou na etapa E7
ATR-002720,ANTONIO WALDEZ GOES DA SILVA,antonio waldez goes da silva,agente_publico,,,Candidato em eleição geral (TSE); entrou na etapa E7
ATR-002721,GERMANO ANTONIO RIGOTTO,germano antonio rigotto,agente_publico,,,Candidato em eleição geral (TSE); entrou na etapa E7
ATR-002722,JOSÉ MARIA EYMAEL,jose maria eymael,agente_privado,,,Candidato em eleição geral (TSE); entrou na etapa E7
ATR-002723,ANA MARIA TEIXEIRA RANGEL,ana maria teixeira rangel,agente_privado,,,Candidato em eleição geral (TSE); entrou na etapa E7
ATR-002724,OTTOMAR DE SOUSA PINTO,ottomar de sousa pinto,agente_publico,,,Candidato em eleição geral (TSE); entrou na etapa E7
ATR-002725,MARCELO DÉDA CHAGAS,marcelo deda chagas,agente_publico,,,Candidato em eleição geral (TSE); entrou na etapa E7
ATR-002726,ARNÓBIO MARQUES DE ALMEIDA JUNIOR,arnobio marques de almeida junior,agente_publico,,,Candidato em eleição geral (TSE); entrou na etapa E7
ATR-002727,ANDRÉ PUCCINELLI,andre puccinelli,agente_publico,,,Candidato em eleição geral (TSE); entrou na etapa E7
ATR-002728,HELOÍSA HELENA LIMA DE MORAES CARVALHO,heloisa helena lima de moraes carvalho,agente_privado,,,Candidato em eleição geral (TSE); entrou na etapa E7
ATR-002729,JACKSON KEPLER LAGO,jackson kepler lago,agente_publico,,,Candidato em eleição geral (TSE); entrou na etapa E7
ATR-002730,CASSIO RODRIGUES DA CUNHA LIMA,cassio rodrigues da cunha lima,agente_publico,,,Candidato em eleição geral (TSE); entrou na etapa E7
ATR-002731,ANA JULIA DE VASCONCELOS CAREPA,ana julia de vasconcelos carepa,agente_publico,,,Candidato em eleição geral (TSE); entrou na etapa E7
ATR-002732,SILVAL DA CUNHA BARBOSA,silval da cunha barbosa,agente_publico,,,Candidato em eleição geral (TSE); entrou na etapa E7
ATR-002733,IVAN MARTINS PINHEIRO,ivan martins pinheiro,agente_privado,,,Candidato em eleição geral (TSE); entrou na etapa E7
ATR-002734,MARIA OSMARINA MARINA DA SILVA VAZ DE LIMA,maria osmarina marina da silva vaz de lima,agente_privado,,,Candidato em eleição geral (TSE); entrou na etapa E7
ATR-002735,JOSE LEVY FIDELIX DA CRUZ,jose levy fidelix da cruz,agente_privado,,,Candidato em eleição geral (TSE); entrou na etapa E7
ATR-002736,TARSO FERNANDO HERZ GENRO,tarso fernando herz genro,agente_publico,,,Candidato em eleição geral (TSE); entrou na etapa E7
ATR-002737,ROSEANA SARNEY MURAD,roseana sarney murad,agente_publico,,,Candidato em eleição geral (TSE); entrou na etapa E7
ATR-002738,PLÍNIO SOARES DE ARRUDA SAMPAIO,plinio soares de arruda sampaio,agente_privado,,,Candidato em eleição geral (TSE); entrou na etapa E7
ATR-002739,TEOTONIO BRANDÃO VILELA FILHO,teotonio brandao vilela filho,agente_publico,,,Candidato em eleição geral (TSE); entrou na etapa E7
ATR-002740,AGNELO SANTOS QUEIROZ FILHO,agnelo santos queiroz filho,agente_publico,,,Candidato em eleição geral (TSE); entrou na etapa E7
ATR-002741,DILMA VANA ROUSSEFF,dilma vana rousseff,agente_publico,,,Candidato em eleição geral (TSE); entrou na etapa E7
ATR-002742,WILSON NUNES MARTINS,wilson nunes martins,agente_publico,,,Candidato em eleição geral (TSE); entrou na etapa E7
ATR-002743,SIMÃO ROBSON OLIVEIRA JATENE,simao robson oliveira jatene,agente_publico,,,Candidato em eleição geral (TSE); entrou na etapa E7
ATR-002744,RICARDO VIEIRA COUTINHO,ricardo vieira coutinho,agente_publico,,,Candidato em eleição geral (TSE); entrou na etapa E7
ATR-002745,JOSE DE ANCHIETA JUNIOR,jose de anchieta junior,agente_publico,,,Candidato em eleição geral (TSE); entrou na etapa E7
ATR-002746,MAURO LUÍS IASI,mauro luis iasi,agente_privado,,,Candidato em eleição geral (TSE); entrou na etapa E7
ATR-002747,FERNANDO DAMATA PIMENTEL,fernando damata pimentel,agente_publico,,,Candidato em eleição geral (TSE); entrou na etapa E7
ATR-002748,PAULO HENRIQUE SARAIVA CÂMARA,paulo henrique saraiva camara,agente_publico,,,Candidato em eleição geral (TSE); entrou na etapa E7
ATR-002749,EDUARDO JORGE MARTINS ALVES SOBRINHO,eduardo jorge martins alves sobrinho,agente_privado,,,Candidato em eleição geral (TSE); entrou na etapa E7
ATR-002750,EVERALDO DIAS PEREIRA,everaldo dias pereira,agente_privado,,,Candidato em eleição geral (TSE); entrou na etapa E7
ATR-002751,JOSÉ MELO DE OLIVEIRA,jose melo de oliveira,agente_publico,,,Candidato em eleição geral (TSE); entrou na etapa E7
ATR-002752,CAMILO SOBREIRA DE SANTANA,camilo sobreira de santana,agente_publico,,,Candidato em eleição geral (TSE); entrou na etapa E7
ATR-002753,LUIZ FERNANDO DE SOUZA,luiz fernando de souza,agente_publico,,,Candidato em eleição geral (TSE); entrou na etapa E7
ATR-002754,RODRIGO SOBRAL ROLLEMBERG,rodrigo sobral rollemberg,agente_publico,,,Candidato em eleição geral (TSE); entrou na etapa E7
ATR-002755,ALVARO FERNANDES DIAS,alvaro fernandes dias,agente_privado,,,Candidato em eleição geral (TSE); entrou na etapa E7
ATR-002756,HENRIQUE DE CAMPOS MEIRELLES,henrique de campos meirelles,agente_privado,,,Candidato em eleição geral (TSE); entrou na etapa E7
ATR-002757,MAURO MENDES FERREIRA,mauro mendes ferreira,agente_publico,,,Candidato em eleição geral (TSE); entrou na etapa E7
ATR-002758,JOÃO AZEVEDO LINS FILHO,joao azevedo lins filho,agente_publico,,,Candidato em eleição geral (TSE); entrou na etapa E7
ATR-002759,VERA LUCIA PEREIRA DA SILVA SALGADO,vera lucia pereira da silva salgado,agente_privado,,,Candidato em eleição geral (TSE); entrou na etapa E7
ATR-002760,JOÃO DIONISIO FILGUEIRA BARRETO AMOEDO,joao dionisio filgueira barreto amoedo,agente_privado,,,Candidato em eleição geral (TSE); entrou na etapa E7
ATR-002761,JOÃO VICENTE FONTELLA GOULART,joao vicente fontella goulart,agente_privado,,,Candidato em eleição geral (TSE); entrou na etapa E7
ATR-002762,MAURO CARLESSE,mauro carlesse,agente_publico,,,Candidato em eleição geral (TSE); entrou na etapa E7
ATR-002763,CARLOS MOISÉS DA SILVA,carlos moises da silva,agente_publico,,,Candidato em eleição geral (TSE); entrou na etapa E7
ATR-002764,WILSON JOSÉ WITZEL,wilson jose witzel,agente_publico,,,Candidato em eleição geral (TSE); entrou na etapa E7
ATR-002765,FERNANDO HADDAD,fernando haddad,agente_privado,,,Candidato em eleição geral (TSE); entrou na etapa E7
ATR-002766,JOÃO AGRIPINO DA COSTA DORIA JUNIOR,joao agripino da costa doria junior,agente_publico,,,Candidato em eleição geral (TSE); entrou na etapa E7
ATR-002767,ROMEU ZEMA NETO,romeu zema neto,agente_publico,,,Candidato em eleição geral (TSE); entrou na etapa E7
ATR-002768,EDUARDO FIGUEIREDO CAVALHEIRO LEITE,eduardo figueiredo cavalheiro leite,agente_publico,,,Candidato em eleição geral (TSE); entrou na etapa E7
ATR-002769,IBANEIS ROCHA BARROS JUNIOR,ibaneis rocha barros junior,agente_publico,,,Candidato em eleição geral (TSE); entrou na etapa E7
ATR-002770,MARCOS JOSE ROCHA DOS SANTOS,marcos jose rocha dos santos,agente_publico,,,Candidato em eleição geral (TSE); entrou na etapa E7
ATR-002771,WILSON MIRANDA LIMA,wilson miranda lima,agente_publico,,,Candidato em eleição geral (TSE); entrou na etapa E7
ATR-002772,BELIVALDO CHAGAS SILVA,belivaldo chagas silva,agente_publico,,,Candidato em eleição geral (TSE); entrou na etapa E7
ATR-002773,ANTONIO OLIVERIO GARCIA DE ALMEIDA,antonio oliverio garcia de almeida,agente_publico,,,Candidato em eleição geral (TSE); entrou na etapa E7
ATR-002774,HELDER ZAHLUTH BARBALHO,helder zahluth barbalho,agente_publico,,,Candidato em eleição geral (TSE); entrou na etapa E7
ATR-002775,CLÁUDIO BOMFIM DE CASTRO E SILVA,claudio bomfim de castro e silva,agente_publico,,,Candidato em eleição geral (TSE); entrou na etapa E7
ATR-002776,KELMON LUIS DA SILVA SOUZA,kelmon luis da silva souza,agente_privado,,,Candidato em eleição geral (TSE); entrou na etapa E7
ATR-002777,LUIZ FELIPE CHAVES D AVILA,luiz felipe chaves d avila,agente_privado,,,Candidato em eleição geral (TSE); entrou na etapa E7
ATR-002778,LEONARDO PÉRICLES VIEIRA ROQUE,leonardo pericles vieira roque,agente_privado,,,Candidato em eleição geral (TSE); entrou na etapa E7
ATR-002779,WANDERLEI BARBOSA CASTRO,wanderlei barbosa castro,agente_publico,,,Candidato em eleição geral (TSE); entrou na etapa E7
ATR-002780,ELMANO DE FREITAS DA COSTA,elmano de freitas da costa,agente_publico,,,Candidato em eleição geral (TSE); entrou na etapa E7
ATR-002781,CARLOS ROBERTO MASSA JUNIOR,carlos roberto massa junior,agente_publico,,,Candidato em eleição geral (TSE); entrou na etapa E7
ATR-002782,RAFAEL TAJRA FONTELES,rafael tajra fonteles,agente_publico,,,Candidato em eleição geral (TSE); entrou na etapa E7
ATR-002783,SOFIA PADUA MANZANO,sofia padua manzano,agente_privado,,,Candidato em eleição geral (TSE); entrou na etapa E7
ATR-002784,PABLO HENRIQUE COSTA MARÇAL,pablo henrique costa marcal,agente_privado,,,Candidato em eleição geral (TSE); entrou na etapa E7
ATR-002785,RAQUEL TEIXEIRA LYRA LUCENA,raquel teixeira lyra lucena,agente_publico,,,Candidato em eleição geral (TSE); entrou na etapa E7
ATR-002786,PAULO SURUAGY DO AMARAL DANTAS,paulo suruagy do amaral dantas,agente_publico,,,Candidato em eleição geral (TSE); entrou na etapa E7
ATR-002787,EDUARDO CORREA RIEDEL,eduardo correa riedel,agente_publico,,,Candidato em eleição geral (TSE); entrou na etapa E7
ATR-002788,TARCISIO GOMES DE FREITAS,tarcisio gomes de freitas,agente_publico,,,Candidato em eleição geral (TSE); entrou na etapa E7
ATR-002789,JERÔNIMO RODRIGUES SOUZA,jeronimo rodrigues souza,agente_publico,,,Candidato em eleição geral (TSE); entrou na etapa E7
ATR-002790,FÁBIO CRUZ MITIDIERI,fabio cruz mitidieri,agente_publico,,,Candidato em eleição geral (TSE); entrou na etapa E7
ATR-002791,DELÚBIO SOARES DE CASTRO,delubio soares de castro,agente_privado,,,Réu na AP 470 (aba Partes do portal do STF); tipo provisório: sem cargo público registrado na base
ATR-002792,SÍLVIO JOSÉ PEREIRA,silvio jose pereira,agente_privado,,,Réu na AP 470 (aba Partes do portal do STF); tipo provisório: sem cargo público registrado na base
ATR-002793,MARCOS VALÉRIO FERNANDES DE SOUZA,marcos valerio fernandes de souza,agente_privado,,,Réu na AP 470 (aba Partes do portal do STF); tipo provisório: sem cargo público registrado na base
ATR-002794,RAMON HOLLERBACH CARDOSO,ramon hollerbach cardoso,agente_privado,,,Réu na AP 470 (aba Partes do portal do STF); tipo provisório: sem cargo público registrado na base
ATR-002795,CRISTIANO DE MELLO PAZ,cristiano de mello paz,agente_privado,,,Réu na AP 470 (aba Partes do portal do STF); tipo provisório: sem cargo público registrado na base
ATR-002796,ROGÉRIO LANZA TOLENTINO,rogerio lanza tolentino,agente_privado,,,Réu na AP 470 (aba Partes do portal do STF); tipo provisório: sem cargo público registrado na base
ATR-002797,SIMONE REIS LOBO DE VASCONCELOS,simone reis lobo de vasconcelos,agente_privado,,,Réu na AP 470 (aba Partes do portal do STF); tipo provisório: sem cargo público registrado na base
ATR-002798,GEIZA DIAS DOS SANTOS,geiza dias dos santos,agente_privado,,,Réu na AP 470 (aba Partes do portal do STF); tipo provisório: sem cargo público registrado na base
ATR-002799,KÁTIA RABELLO,katia rabello,agente_privado,,,Réu na AP 470 (aba Partes do portal do STF); tipo provisório: sem cargo público registrado na base
ATR-002800,JOSE ROBERTO SALGADO,jose roberto salgado,agente_privado,,,Réu na AP 470 (aba Partes do portal do STF); tipo provisório: sem cargo público registrado na base
ATR-002801,VINÍCIUS SAMARANE,vinicius samarane,agente_privado,,,Réu na AP 470 (aba Partes do portal do STF); tipo provisório: sem cargo público registrado na base
ATR-002802,AYANNA TENÓRIO TÔRRES DE JESUS,ayanna tenorio torres de jesus,agente_privado,,,Réu na AP 470 (aba Partes do portal do STF); tipo provisório: sem cargo público registrado na base
ATR-002803,LUIZ GUSHIKEN,luiz gushiken,agente_privado,,,Réu na AP 470 (aba Partes do portal do STF); tipo provisório: sem cargo público registrado na base
ATR-002804,JOÃO CLÁUDIO DE CARVALHO GENU,joao claudio de carvalho genu,agente_privado,,,Réu na AP 470 (aba Partes do portal do STF); tipo provisório: sem cargo público registrado na base
ATR-002805,ENIVALDO QUADRADO,enivaldo quadrado,agente_privado,,,Réu na AP 470 (aba Partes do portal do STF); tipo provisório: sem cargo público registrado na base
ATR-002806,BRENO FISCHBERG,breno fischberg,agente_privado,,,Réu na AP 470 (aba Partes do portal do STF); tipo provisório: sem cargo público registrado na base
ATR-002807,CARLOS ALBERTO QUAGLIA,carlos alberto quaglia,agente_privado,,,Réu na AP 470 (aba Partes do portal do STF); tipo provisório: sem cargo público registrado na base
ATR-002808,JACINTO DE SOUZA LAMAS,jacinto de souza lamas,agente_privado,,,Réu na AP 470 (aba Partes do portal do STF); tipo provisório: sem cargo público registrado na base
ATR-002809,ANTÔNIO DE PÁDUA DE SOUZA LAMAS,antonio de padua de souza lamas,agente_privado,,,Réu na AP 470 (aba Partes do portal do STF); tipo provisório: sem cargo público registrado na base
ATR-002810,EMERSON ELOY PALMIERI,emerson eloy palmieri,agente_privado,,,Réu na AP 470 (aba Partes do portal do STF); tipo provisório: sem cargo público registrado na base
ATR-002811,ANITA LEOCÁDIA PEREIRA DA COSTA,anita leocadia pereira da costa,agente_privado,,,Réu na AP 470 (aba Partes do portal do STF); tipo provisório: sem cargo público registrado na base
ATR-002812,JOSÉ LUIZ ALVES,jose luiz alves,agente_privado,,,Réu na AP 470 (aba Partes do portal do STF); tipo provisório: sem cargo público registrado na base
ATR-002813,JOSÉ EDUARDO CAVALCANTI DE MENDONÇA (DUDA MENDONÇA),jose eduardo cavalcanti de mendonca duda mendonca,agente_privado,,,Réu na AP 470 (aba Partes do portal do STF); tipo provisório: sem cargo público registrado na base
ATR-002814,ZILMAR FERNANDES SILVEIRA,zilmar fernandes silveira,agente_privado,,,Réu na AP 470 (aba Partes do portal do STF); tipo provisório: sem cargo público registrado na base
ATR-002815,HENRIQUE PIZZOLATO,henrique pizzolato,agente_privado,,,Réu na AP 470 (aba Partes do portal do STF); tipo provisório: sem cargo público registrado na base
