id_cargo,id_ator,id_instituicao,cargo,forma_acesso,data_inicio,data_fim,id_fonte
CRG-000001,ATR-000001,INS-000001,"Deputado federal (suplente), legislatura 53",eleito,2007-02-05,2011-01-31,FNT-000003
CRG-000002,ATR-000001,INS-000001,"Deputado federal (suplente), legislatura 54",eleito,2011-02-04,2015-01-31,FNT-000003
CRG-000003,ATR-000002,INS-000001,"Deputado federal (suplente), legislatura 53",eleito,2007-02-08,2011-01-31,FNT-000003
CRG-000004,ATR-000003,INS-000001,"Deputado federal (suplente), legislatura 53",eleito,2007-02-05,2011-01-31,FNT-000003
CRG-000005,ATR-000004,INS-000001,"Deputado federal (suplente), legislatura 53",eleito,2007-02-07,2011-01-31,FNT-000003
CRG-000006,ATR-000005,INS-000001,"Deputado federal (suplente), legislatura 53",eleito,2007-02-07,2010-04-05,FNT-000003
CRG-000007,ATR-000005,INS-000001,"Deputado federal (suplente), legislatura 54",eleito,2011-03-16,2015-01-31,FNT-000003
CRG-000008,ATR-000006,INS-000001,"Deputado federal (suplente), legislatura 53",eleito,2007-02-13,2011-01-31,FNT-000003
CRG-000009,ATR-000006,INS-000001,"Deputado federal (titular), legislatura 54",eleito,2011-02-01,2015-01-31,FNT-000003
CRG-000010,ATR-000006,INS-000001,"Deputado federal (titular), legislatura 55",eleito,2015-02-01,2019-01-31,FNT-000003
CRG-000011,ATR-000007,INS-000001,"Deputado federal (suplente), legislatura 53",eleito,2007-03-01,2010-03-08,FNT-000003
CRG-000012,ATR-000007,INS-000001,"Deputado federal (titular), legislatura 54",eleito,2011-02-01,2015-01-31,FNT-000003
CRG-000013,ATR-000007,INS-000001,"Deputado federal (titular), legislatura 55",eleito,2015-02-01,2019-01-31,FNT-000003
CRG-000014,ATR-000008,INS-000001,"Deputado federal (titular), legislatura 54",eleito,2011-02-01,2015-01-31,FNT-000003
CRG-000015,ATR-000008,INS-000001,"Deputado federal (titular), legislatura 55",eleito,2015-02-01,2019-01-31,FNT-000003
CRG-000016,ATR-000008,INS-000001,"Deputado federal (suplente), legislatura 56",eleito,2020-06-17,2023-01-31,FNT-000003
CRG-000017,ATR-000008,INS-000001,"Deputado federal (titular), legislatura 57",eleito,2023-02-01,,FNT-000003
CRG-000018,ATR-000009,INS-000001,"Deputado federal (titular), legislatura 52",eleito,2003-02-01,2007-01-31,FNT-000003
CRG-000019,ATR-000010,INS-000001,"Deputado federal (titular), legislatura 52",eleito,2003-02-01,2007-01-31,FNT-000003
CRG-000020,ATR-000011,INS-000001,"Deputado federal (titular), legislatura 52",eleito,2003-02-01,2007-01-31,FNT-000003
CRG-000021,ATR-000011,INS-000001,"Deputado federal (titular), legislatura 53",eleito,2007-02-01,2011-01-31,FNT-000003
CRG-000022,ATR-000011,INS-000001,"Deputado federal (titular), legislatura 55",eleito,2015-02-01,2019-01-31,FNT-000003
CRG-000023,ATR-000012,INS-000001,"Deputado federal (titular), legislatura 52",eleito,2003-02-01,2005-08-13,FNT-000003
CRG-000024,ATR-000013,INS-000001,"Deputado federal (titular), legislatura 52",eleito,2003-02-01,2007-01-31,FNT-000003
CRG-000025,ATR-000014,INS-000001,"Deputado federal (titular), legislatura 52",eleito,2003-02-01,2007-01-31,FNT-000003
CRG-000026,ATR-000015,INS-000001,"Deputado federal, legislatura 55",eleito,2017-01-02,2019-01-31,FNT-000003
CRG-000027,ATR-000015,INS-000001,"Deputado federal (titular), legislatura 56",eleito,2019-02-01,2023-01-31,FNT-000003
CRG-000028,ATR-000016,INS-000001,"Deputado federal (titular), legislatura 57",eleito,2023-02-01,,FNT-000003
CRG-000029,ATR-000017,INS-000001,"Deputado federal (titular), legislatura 55",eleito,2015-02-01,2019-01-31,FNT-000003
CRG-000030,ATR-000017,INS-000001,"Deputado federal (titular), legislatura 56",eleito,2019-02-01,2023-01-31,FNT-000003
CRG-000031,ATR-000017,INS-000001,"Deputado federal (titular), legislatura 57",eleito,2023-02-01,,FNT-000003
CRG-000032,ATR-000018,INS-000001,"Deputado federal (titular), legislatura 54",eleito,2011-02-01,2015-01-31,FNT-000003
CRG-000033,ATR-000018,INS-000001,"Deputado federal (titular), legislatura 55",eleito,2015-02-01,2019-01-31,FNT-000003
CRG-000034,ATR-000018,INS-000001,"Deputado federal (titular), legislatura 56",eleito,2019-02-01,2023-01-31,FNT-000003
CRG-000035,ATR-000019,INS-000001,"Deputado federal (titular), legislatura 55",eleito,2015-02-01,2019-01-31,FNT-000003
CRG-000036,ATR-000020,INS-000001,"Deputado federal (titular), legislatura 56",eleito,2019-02-01,2023-01-31,FNT-000003
CRG-000037,ATR-000020,INS-000001,"Deputado federal (suplente), legislatura 57",eleito,2024-07-09,2024-11-03,FNT-000003
CRG-000038,ATR-000021,INS-000001,"Deputado federal (titular), legislatura 54",eleito,2011-02-01,2015-01-01,FNT-000003
CRG-000039,ATR-000022,INS-000001,"Deputado federal (titular), legislatura 55",eleito,2015-02-01,2019-01-31,FNT-000003
CRG-000040,ATR-000022,INS-000001,"Deputado federal (titular), legislatura 56",eleito,2019-02-01,2023-01-31,FNT-000003
CRG-000041,ATR-000022,INS-000001,"Deputado federal (titular), legislatura 57",eleito,2023-02-01,,FNT-000003
CRG-000042,ATR-000023,INS-000001,"Deputado federal (suplente), legislatura 53",eleito,2011-01-05,2011-01-31,FNT-000003
CRG-000043,ATR-000024,INS-000001,"Deputado federal (titular), legislatura 55",eleito,2015-02-01,2019-01-31,FNT-000003
CRG-000044,ATR-000024,INS-000001,"Deputado federal (titular), legislatura 56",eleito,2019-02-01,2023-01-31,FNT-000003
CRG-000045,ATR-000024,INS-000001,"Deputado federal (titular), legislatura 57",eleito,2023-02-01,,FNT-000003
CRG-000046,ATR-000025,INS-000001,"Deputado federal (titular), legislatura 55",eleito,2015-02-01,2019-01-31,FNT-000003
CRG-000047,ATR-000026,INS-000001,"Deputado federal (titular), legislatura 52",eleito,2003-02-01,2007-01-31,FNT-000003
CRG-000048,ATR-000026,INS-000001,"Deputado federal (titular), legislatura 53",eleito,2007-02-01,2011-01-31,FNT-000003
CRG-000049,ATR-000026,INS-000001,"Deputado federal (suplente), legislatura 54",eleito,2011-02-10,2012-12-31,FNT-000003
CRG-000050,ATR-000027,INS-000001,"Deputado federal (titular), legislatura 52",eleito,2003-02-01,2005-09-14,FNT-000003
CRG-000051,ATR-000028,INS-000001,"Deputado federal (titular), legislatura 52",eleito,2003-02-01,2007-01-31,FNT-000003
CRG-000052,ATR-000029,INS-000001,"Deputado federal (titular), legislatura 52",eleito,2003-02-01,2007-01-31,FNT-000003
CRG-000053,ATR-000029,INS-000001,"Deputado federal (titular), legislatura 53",eleito,2007-02-01,2011-01-31,FNT-000003
CRG-000054,ATR-000029,INS-000001,"Deputado federal (titular), legislatura 54",eleito,2011-02-01,2015-01-31,FNT-000003
CRG-000055,ATR-000029,INS-000001,"Deputado federal (titular), legislatura 55",eleito,2015-02-01,2019-01-31,FNT-000003
CRG-000057,ATR-000030,INS-000001,"Deputado federal (titular), legislatura 52",eleito,2003-02-01,2006-12-31,FNT-000003
CRG-000058,ATR-000031,INS-000001,"Deputado federal (titular), legislatura 52",eleito,2003-02-01,2007-01-31,FNT-000003
CRG-000059,ATR-000031,INS-000001,"Deputado federal (titular), legislatura 53",eleito,2007-02-01,2011-01-31,FNT-000003
CRG-000060,ATR-000031,INS-000001,"Deputado federal (titular), legislatura 54",eleito,2011-02-01,2011-10-31,FNT-000003
CRG-000061,ATR-000032,INS-000001,"Deputado federal (titular), legislatura 52",eleito,2003-02-01,2007-01-01,FNT-000003
CRG-000062,ATR-000033,INS-000001,"Deputado federal (titular), legislatura 52",eleito,2003-02-01,2007-01-31,FNT-000003
CRG-000063,ATR-000033,INS-000001,"Deputado federal (titular), legislatura 53",eleito,2007-02-01,2011-01-31,FNT-000003
CRG-000064,ATR-000034,INS-000001,"Deputado federal (titular), legislatura 52",eleito,2003-02-01,2007-01-31,FNT-000003
CRG-000065,ATR-000034,INS-000001,"Deputado federal (titular), legislatura 53",eleito,2007-02-01,2011-01-31,FNT-000003
CRG-000066,ATR-000034,INS-000001,"Deputado federal (titular), legislatura 54",eleito,2011-02-01,2015-01-31,FNT-000003
CRG-000067,ATR-000034,INS-000001,"Deputado federal (titular), legislatura 55",eleito,2015-02-01,2019-01-31,FNT-000003
CRG-000068,ATR-000034,INS-000001,"Deputado federal (titular), legislatura 56",eleito,2019-02-01,2023-01-31,FNT-000003
CRG-000069,ATR-000034,INS-000001,"Deputado federal (titular), legislatura 57",eleito,2023-02-01,,FNT-000003
CRG-000070,ATR-000035,INS-000001,"Deputado federal (titular), legislatura 52",eleito,2003-02-01,2007-01-31,FNT-000003
CRG-000071,ATR-000035,INS-000001,"Deputado federal (titular), legislatura 53",eleito,2007-02-01,2011-01-31,FNT-000003
CRG-000072,ATR-000035,INS-000001,"Deputado federal (titular), legislatura 54",eleito,2011-02-01,2015-01-31,FNT-000003
CRG-000073,ATR-000035,INS-000001,"Deputado federal (titular), legislatura 55",eleito,2015-02-01,2019-01-31,FNT-000003
CRG-000075,ATR-000036,INS-000001,"Deputado federal, legislatura 52",eleito,2005-01-03,2007-01-31,FNT-000003
CRG-000076,ATR-000037,INS-000001,"Deputado federal (titular), legislatura 53",eleito,2007-02-01,2011-01-31,FNT-000003
CRG-000077,ATR-000037,INS-000001,"Deputado federal (titular), legislatura 54",eleito,2011-02-01,2015-01-31,FNT-000003
CRG-000078,ATR-000037,INS-000001,"Deputado federal (titular), legislatura 55",eleito,2015-02-01,2019-01-31,FNT-000003
CRG-000079,ATR-000038,INS-000001,"Deputado federal (titular), legislatura 52",eleito,2003-02-01,2007-01-31,FNT-000003
CRG-000080,ATR-000038,INS-000001,"Deputado federal (titular), legislatura 53",eleito,2007-02-01,2011-01-31,FNT-000003
CRG-000081,ATR-000038,INS-000001,"Deputado federal (titular), legislatura 55",eleito,2015-02-01,2019-01-31,FNT-000003
CRG-000082,ATR-000038,INS-000001,"Deputado federal (titular), legislatura 56",eleito,2019-02-01,2023-01-31,FNT-000003
CRG-000083,ATR-000038,INS-000001,"Deputado federal (titular), legislatura 57",eleito,2023-02-01,,FNT-000003
CRG-000084,ATR-000039,INS-000001,"Deputado federal (titular), legislatura 52",eleito,2003-02-01,2007-01-31,FNT-000003
CRG-000085,ATR-000040,INS-000001,"Deputado federal (titular), legislatura 52",eleito,2003-02-01,2007-01-31,FNT-000003
CRG-000086,ATR-000041,INS-000001,"Deputado federal (titular), legislatura 54",eleito,2011-02-01,2015-01-01,FNT-000003
CRG-000087,ATR-000041,INS-000001,"Deputado federal (titular), legislatura 55",eleito,2015-02-01,2018-05-21,FNT-000003
CRG-000088,ATR-000042,INS-000001,"Deputado federal (titular), legislatura 52",eleito,2003-02-01,2007-01-31,FNT-000003
CRG-000089,ATR-000043,INS-000001,"Deputado federal, legislatura 52",eleito,2007-01-02,2007-01-31,FNT-000003
CRG-000090,ATR-000044,INS-000001,"Deputado federal (titular), legislatura 52",eleito,2003-02-01,2007-01-31,FNT-000003
CRG-000091,ATR-000044,INS-000001,"Deputado federal (titular), legislatura 53",eleito,2007-02-01,2011-01-31,FNT-000003
CRG-000092,ATR-000045,INS-000001,"Deputado federal, legislatura 52",eleito,2003-10-13,2007-01-31,FNT-000003
CRG-000093,ATR-000045,INS-000001,"Deputado federal (suplente), legislatura 53",eleito,2007-02-07,2011-01-31,FNT-000003
CRG-000094,ATR-000046,INS-000001,"Deputado federal (titular), legislatura 52",eleito,2003-02-01,2007-01-31,FNT-000003
CRG-000095,ATR-000046,INS-000001,"Deputado federal (titular), legislatura 53",eleito,2007-02-01,2011-01-31,FNT-000003
CRG-000096,ATR-000046,INS-000001,"Deputado federal (titular), legislatura 54",eleito,2011-02-01,2015-01-31,FNT-000003
CRG-000097,ATR-000046,INS-000001,"Deputado federal (titular), legislatura 55",eleito,2015-02-01,2019-01-31,FNT-000003
CRG-000098,ATR-000047,INS-000001,"Deputado federal (titular), legislatura 52",eleito,2003-02-01,2007-01-31,FNT-000003
CRG-000099,ATR-000047,INS-000001,"Deputado federal (titular), legislatura 53",eleito,2007-02-01,2011-01-31,FNT-000003
CRG-000100,ATR-000047,INS-000001,"Deputado federal (titular), legislatura 54",eleito,2011-02-01,2015-01-31,FNT-000003
CRG-000101,ATR-000048,INS-000001,"Deputado federal (titular), legislatura 52",eleito,2003-02-01,2007-01-31,FNT-000003
CRG-000102,ATR-000048,INS-000001,"Deputado federal (titular), legislatura 53",eleito,2007-02-01,2011-01-31,FNT-000003
CRG-000103,ATR-000048,INS-000001,"Deputado federal (titular), legislatura 56",eleito,2019-02-01,2023-01-31,FNT-000003
CRG-000104,ATR-000049,INS-000001,"Deputado federal (titular), legislatura 52",eleito,2003-02-01,2007-01-31,FNT-000003
CRG-000105,ATR-000049,INS-000001,"Deputado federal (suplente), legislatura 53",eleito,2009-12-23,2011-01-31,FNT-000003
CRG-000106,ATR-000050,INS-000001,"Deputado federal (titular), legislatura 52",eleito,2003-02-01,2003-10-04,FNT-000003
CRG-000107,ATR-000051,INS-000001,"Deputado federal (titular), legislatura 52",eleito,2003-02-01,2007-01-31,FNT-000003
CRG-000108,ATR-000051,INS-000001,"Deputado federal (titular), legislatura 53",eleito,2007-02-01,2011-01-31,FNT-000003
CRG-000109,ATR-000051,INS-000001,"Deputado federal (titular), legislatura 54",eleito,2011-02-01,2015-01-31,FNT-000003
CRG-000110,ATR-000051,INS-000001,"Deputado federal (titular), legislatura 55",eleito,2015-02-01,2019-01-31,FNT-000003
CRG-000111,ATR-000051,INS-000001,"Deputado federal, legislatura 56",eleito,2021-09-17,2023-01-31,FNT-000003
CRG-000112,ATR-000052,INS-000001,"Deputado federal (titular), legislatura 52",eleito,2003-02-01,2007-01-31,FNT-000003
CRG-000113,ATR-000052,INS-000001,"Deputado federal (suplente), legislatura 54",eleito,2013-01-03,2015-01-31,FNT-000003
CRG-000114,ATR-000053,INS-000001,"Deputado federal (titular), legislatura 54",eleito,2011-02-01,2015-01-31,FNT-000003
CRG-000115,ATR-000053,INS-000001,"Deputado federal (titular), legislatura 55",eleito,2015-02-01,2019-01-31,FNT-000003
CRG-000116,ATR-000053,INS-000001,"Deputado federal (titular), legislatura 56",eleito,2019-02-01,2023-01-31,FNT-000003
CRG-000117,ATR-000054,INS-000001,"Deputado federal (titular), legislatura 52",eleito,2003-02-01,2007-01-31,FNT-000003
CRG-000118,ATR-000054,INS-000001,"Deputado federal (titular), legislatura 53",eleito,2007-02-01,2008-12-31,FNT-000003
CRG-000119,ATR-000055,INS-000001,"Deputado federal (titular), legislatura 52",eleito,2003-02-01,2007-01-31,FNT-000003
CRG-000120,ATR-000055,INS-000001,"Deputado federal (titular), legislatura 53",eleito,2007-02-01,2011-01-31,FNT-000003
CRG-000121,ATR-000056,INS-000001,"Deputado federal (titular), legislatura 52",eleito,2003-02-01,2007-01-31,FNT-000003
CRG-000122,ATR-000056,INS-000001,"Deputado federal (titular), legislatura 53",eleito,2007-02-01,2011-01-31,FNT-000003
CRG-000123,ATR-000057,INS-000001,"Deputado federal (titular), legislatura 52",eleito,2003-02-01,2007-01-31,FNT-000003
CRG-000124,ATR-000058,INS-000001,"Deputado federal (titular), legislatura 52",eleito,2003-02-01,2007-01-31,FNT-000003
CRG-000125,ATR-000058,INS-000001,"Deputado federal (titular), legislatura 54",eleito,2011-02-01,2015-01-31,FNT-000003
CRG-000126,ATR-000059,INS-000001,"Deputado federal (titular), legislatura 52",eleito,2003-02-01,2007-01-31,FNT-000003
CRG-000127,ATR-000060,INS-000001,"Deputado federal (titular), legislatura 52",eleito,2003-02-01,2007-01-31,FNT-000003
CRG-000128,ATR-000060,INS-000001,"Deputado federal (titular), legislatura 53",eleito,2007-02-01,2011-01-01,FNT-000003
CRG-000129,ATR-000060,INS-000001,"Deputado federal (titular), legislatura 54",eleito,2011-02-01,2015-01-31,FNT-000003
CRG-000130,ATR-000061,INS-000001,"Deputado federal (titular), legislatura 52",eleito,2003-02-01,2007-01-31,FNT-000003
CRG-000131,ATR-000061,INS-000001,"Deputado federal (suplente), legislatura 53",eleito,2007-02-08,2009-01-06,FNT-000003
CRG-000132,ATR-000062,INS-000001,"Deputado federal, legislatura 53",eleito,2009-01-06,2011-01-31,FNT-000003
CRG-000133,ATR-000062,INS-000001,"Deputado federal (suplente), legislatura 54",eleito,2011-02-03,2015-01-31,FNT-000003
CRG-000134,ATR-000062,INS-000001,"Deputado federal (suplente), legislatura 55",eleito,2015-02-09,2019-01-31,FNT-000003
CRG-000135,ATR-000063,INS-000001,"Deputado federal (titular), legislatura 52",eleito,2003-02-01,2007-01-31,FNT-000003
CRG-000136,ATR-000063,INS-000001,"Deputado federal (titular), legislatura 53",eleito,2007-02-01,2011-01-31,FNT-000003
CRG-000137,ATR-000063,INS-000001,"Deputado federal (titular), legislatura 54",eleito,2011-02-01,2015-01-31,FNT-000003
CRG-000138,ATR-000063,INS-000001,"Deputado federal (titular), legislatura 55",eleito,2015-02-01,2019-01-31,FNT-000003
CRG-000139,ATR-000063,INS-000001,"Deputado federal (titular), legislatura 56",eleito,2019-02-01,2023-01-31,FNT-000003
CRG-000140,ATR-000064,INS-000001,"Deputado federal (titular), legislatura 52",eleito,2003-02-01,2007-01-31,FNT-000003
CRG-000141,ATR-000064,INS-000001,"Deputado federal (titular), legislatura 53",eleito,2007-02-01,2011-01-31,FNT-000003
CRG-000142,ATR-000064,INS-000001,"Deputado federal (titular), legislatura 54",eleito,2011-02-01,2015-01-31,FNT-000003
CRG-000143,ATR-000064,INS-000001,"Deputado federal (titular), legislatura 55",eleito,2015-02-01,2019-01-31,FNT-000003
CRG-000144,ATR-000065,INS-000001,"Deputado federal (titular), legislatura 52",eleito,2003-02-01,2007-01-31,FNT-000003
CRG-000145,ATR-000066,INS-000001,"Deputado federal (titular), legislatura 52",eleito,2003-02-01,2007-01-31,FNT-000003
CRG-000146,ATR-000066,INS-000001,"Deputado federal (titular), legislatura 53",eleito,2007-02-01,2011-01-31,FNT-000003
CRG-000147,ATR-000066,INS-000001,"Deputado federal (titular), legislatura 55",eleito,2015-02-01,2019-01-31,FNT-000003
CRG-000148,ATR-000066,INS-000001,"Deputado federal (titular), legislatura 56",eleito,2019-02-01,2023-01-31,FNT-000003
CRG-000149,ATR-000066,INS-000001,"Deputado federal (titular), legislatura 57",eleito,2023-02-01,,FNT-000003
CRG-000150,ATR-000067,INS-000001,"Deputado federal (titular), legislatura 52",eleito,2003-02-01,2007-01-31,FNT-000003
CRG-000151,ATR-000067,INS-000001,"Deputado federal (suplente), legislatura 53",eleito,2010-06-10,2010-10-10,FNT-000003
CRG-000152,ATR-000068,INS-000001,"Deputado federal (titular), legislatura 52",eleito,2003-02-01,2007-01-31,FNT-000003
CRG-000153,ATR-000068,INS-000001,"Deputado federal (suplente), legislatura 53",eleito,2008-03-04,2011-01-31,FNT-000003
CRG-000154,ATR-000069,INS-000001,"Deputado federal (titular), legislatura 52",eleito,2003-02-01,2003-06-02,FNT-000003
CRG-000155,ATR-000070,INS-000001,"Deputado federal (titular), legislatura 52",eleito,2003-02-01,2007-01-31,FNT-000003
CRG-000156,ATR-000070,INS-000001,"Deputado federal (titular), legislatura 53",eleito,2007-02-01,2011-01-31,FNT-000003
CRG-000157,ATR-000070,INS-000001,"Deputado federal (titular), legislatura 54",eleito,2011-02-01,2015-01-31,FNT-000003
CRG-000158,ATR-000071,INS-000001,"Deputado federal (titular), legislatura 52",eleito,2003-02-01,2007-01-31,FNT-000003
CRG-000159,ATR-000071,INS-000001,"Deputado federal (titular), legislatura 53",eleito,2007-02-01,2011-01-31,FNT-000003
CRG-000160,ATR-000071,INS-000001,"Deputado federal (titular), legislatura 54",eleito,2011-02-01,2015-01-31,FNT-000003
CRG-000161,ATR-000071,INS-000001,"Deputado federal (titular), legislatura 55",eleito,2015-02-01,2019-01-31,FNT-000003
CRG-000162,ATR-000071,INS-000001,"Deputado federal (titular), legislatura 56",eleito,2019-02-01,2023-01-31,FNT-000003
CRG-000163,ATR-000071,INS-000001,"Deputado federal (suplente), legislatura 57",eleito,2023-02-03,2026-04-01,FNT-000003
CRG-000164,ATR-000072,INS-000001,"Deputado federal (titular), legislatura 52",eleito,2003-02-01,2007-01-31,FNT-000003
CRG-000165,ATR-000072,INS-000001,"Deputado federal (titular), legislatura 53",eleito,2007-02-01,2011-01-31,FNT-000003
CRG-000166,ATR-000072,INS-000001,"Deputado federal (titular), legislatura 54",eleito,2011-02-01,2014-02-07,FNT-000003
CRG-000167,ATR-000073,INS-000001,"Deputado federal (suplente), legislatura 52",eleito,2007-01-04,2007-01-31,FNT-000003
CRG-000168,ATR-000073,INS-000001,"Deputado federal (titular), legislatura 53",eleito,2007-02-01,2011-01-31,FNT-000003
CRG-000169,ATR-000073,INS-000001,"Deputado federal (titular), legislatura 54",eleito,2011-02-01,2015-01-31,FNT-000003
CRG-000170,ATR-000073,INS-000001,"Deputado federal (titular), legislatura 55",eleito,2015-02-01,2019-01-31,FNT-000003
CRG-000171,ATR-000074,INS-000001,"Deputado federal (titular), legislatura 53",eleito,2007-02-01,2011-01-01,FNT-000003
CRG-000172,ATR-000074,INS-000001,"Deputado federal (titular), legislatura 54",eleito,2011-02-01,2015-01-31,FNT-000003
CRG-000173,ATR-000075,INS-000001,"Deputado federal (titular), legislatura 53",eleito,2007-02-01,2011-01-31,FNT-000003
CRG-000174,ATR-000075,INS-000001,"Deputado federal (suplente), legislatura 54",eleito,2013-01-03,2013-12-03,FNT-000003
CRG-000175,ATR-000076,INS-000001,"Deputado federal (titular), legislatura 52",eleito,2003-02-01,2007-01-01,FNT-000003
CRG-000176,ATR-000076,INS-000001,"Deputado federal (titular), legislatura 53",eleito,2007-02-01,2009-07-01,FNT-000003
CRG-000177,ATR-000077,INS-000001,"Deputado federal (titular), legislatura 52",eleito,2003-02-01,2007-01-31,FNT-000003
CRG-000178,ATR-000078,INS-000001,"Deputado federal (titular), legislatura 52",eleito,2003-02-01,2007-01-31,FNT-000003
CRG-000179,ATR-000079,INS-000001,"Deputado federal (suplente), legislatura 52",eleito,2005-01-05,2006-03-31,FNT-000003
CRG-000180,ATR-000080,INS-000001,"Deputado federal (titular), legislatura 52",eleito,2003-02-01,2007-01-31,FNT-000003
CRG-000181,ATR-000080,INS-000001,"Deputado federal (titular), legislatura 53",eleito,2007-02-01,2010-12-30,FNT-000003
CRG-000182,ATR-000081,INS-000001,"Deputado federal (titular), legislatura 52",eleito,2003-02-01,2007-01-31,FNT-000003
CRG-000183,ATR-000081,INS-000001,"Deputado federal (titular), legislatura 53",eleito,2007-02-01,2011-01-31,FNT-000003
CRG-000184,ATR-000081,INS-000001,"Deputado federal (titular), legislatura 54",eleito,2011-02-01,2015-01-31,FNT-000003
CRG-000185,ATR-000081,INS-000001,"Deputado federal (titular), legislatura 55",eleito,2015-02-01,2019-01-31,FNT-000003
CRG-000186,ATR-000082,INS-000001,"Deputado federal (titular), legislatura 52",eleito,2003-02-01,2007-01-31,FNT-000003
CRG-000187,ATR-000082,INS-000001,"Deputado federal (suplente), legislatura 53",eleito,2008-10-17,2011-01-31,FNT-000003
CRG-000188,ATR-000083,INS-000001,"Deputado federal (titular), legislatura 53",eleito,2007-02-01,2011-01-31,FNT-000003
CRG-000189,ATR-000084,INS-000001,"Deputado federal (titular), legislatura 52",eleito,2003-02-01,2007-01-31,FNT-000003
CRG-000190,ATR-000084,INS-000001,"Deputado federal (titular), legislatura 53",eleito,2007-02-01,2008-05-02,FNT-000003
CRG-000191,ATR-000085,INS-000001,"Deputado federal (titular), legislatura 52",eleito,2003-02-01,2007-01-31,FNT-000003
CRG-000192,ATR-000085,INS-000001,"Deputado federal (suplente), legislatura 53",eleito,2011-01-10,2011-01-31,FNT-000003
CRG-000193,ATR-000086,INS-000001,"Deputado federal (titular), legislatura 52",eleito,2003-02-01,2007-01-31,FNT-000003
CRG-000194,ATR-000086,INS-000001,"Deputado federal (titular), legislatura 54",eleito,2011-02-01,2015-01-31,FNT-000003
CRG-000195,ATR-000087,INS-000001,"Deputado federal (suplente), legislatura 52",eleito,2005-01-03,2007-01-31,FNT-000003
CRG-000196,ATR-000087,INS-000001,"Deputado federal (titular), legislatura 53",eleito,2007-02-01,2010-12-31,FNT-000003
CRG-000197,ATR-000087,INS-000001,"Deputado federal (suplente), legislatura 54",eleito,2011-02-08,2015-01-31,FNT-000003
CRG-000198,ATR-000087,INS-000001,"Deputado federal (titular), legislatura 55",eleito,2015-02-01,2019-01-31,FNT-000003
CRG-000199,ATR-000088,INS-000001,"Deputado federal (titular), legislatura 52",eleito,2003-02-01,2007-01-31,FNT-000003
CRG-000200,ATR-000088,INS-000001,"Deputado federal (suplente), legislatura 53",eleito,2011-01-04,2011-01-31,FNT-000003
CRG-000201,ATR-000089,INS-000001,"Deputado federal (titular), legislatura 52",eleito,2003-02-01,2007-01-31,FNT-000003
CRG-000202,ATR-000089,INS-000001,"Deputado federal (titular), legislatura 53",eleito,2007-02-01,2011-01-31,FNT-000003
CRG-000203,ATR-000090,INS-000001,"Deputado federal (titular), legislatura 52",eleito,2003-02-01,2005-08-01,FNT-000003
CRG-000204,ATR-000090,INS-000001,"Deputado federal (titular), legislatura 53",eleito,2007-02-01,2011-01-31,FNT-000003
CRG-000205,ATR-000090,INS-000001,"Deputado federal (titular), legislatura 54",eleito,2011-02-01,2013-12-05,FNT-000003
CRG-000206,ATR-000091,INS-000001,"Deputado federal (titular), legislatura 52",eleito,2003-02-01,2007-01-31,FNT-000003
CRG-000207,ATR-000092,INS-000001,"Deputado federal (suplente), legislatura 54",eleito,2013-02-26,2014-04-03,FNT-000003
CRG-000208,ATR-000092,INS-000001,"Deputado federal (suplente), legislatura 55",eleito,2015-02-10,2019-01-31,FNT-000003
CRG-000209,ATR-000093,INS-000001,"Deputado federal (titular), legislatura 52",eleito,2003-02-01,2007-01-31,FNT-000003
CRG-000210,ATR-000093,INS-000001,"Deputado federal (suplente), legislatura 54",eleito,2011-02-09,2011-08-01,FNT-000003
CRG-000211,ATR-000094,INS-000001,"Deputado federal (titular), legislatura 52",eleito,2003-02-01,2007-01-31,FNT-000003
CRG-000212,ATR-000095,INS-000001,"Deputado federal (titular), legislatura 52",eleito,2003-02-01,2007-01-31,FNT-000003
CRG-000213,ATR-000096,INS-000001,"Deputado federal, legislatura 52",eleito,2006-03-20,2007-01-31,FNT-000003
CRG-000214,ATR-000097,INS-000001,"Deputado federal (titular), legislatura 52",eleito,2003-02-01,2007-01-31,FNT-000003
CRG-000215,ATR-000097,INS-000001,"Deputado federal (titular), legislatura 53",eleito,2007-02-01,2009-01-01,FNT-000003
CRG-000216,ATR-000098,INS-000001,"Deputado federal (titular), legislatura 52",eleito,2003-02-01,2007-01-01,FNT-000003
CRG-000217,ATR-000098,INS-000001,"Deputado federal (titular), legislatura 53",eleito,2007-02-01,2011-01-31,FNT-000003
CRG-000218,ATR-000098,INS-000001,"Deputado federal (titular), legislatura 55",eleito,2015-02-01,2019-01-31,FNT-000003
CRG-000219,ATR-000098,INS-000001,"Deputado federal (titular), legislatura 57",eleito,2023-02-01,,FNT-000003
CRG-000220,ATR-000099,INS-000001,"Deputado federal (titular), legislatura 52",eleito,2003-02-01,2006-12-21,FNT-000003
CRG-000221,ATR-000100,INS-000001,"Deputado federal (titular), legislatura 52",eleito,2003-02-01,2007-01-31,FNT-000003
CRG-000222,ATR-000100,INS-000001,"Deputado federal (titular), legislatura 53",eleito,2007-02-01,2011-01-31,FNT-000003
CRG-000223,ATR-000100,INS-000001,"Deputado federal (titular), legislatura 54",eleito,2011-02-01,2015-01-31,FNT-000003
CRG-000224,ATR-000100,INS-000001,"Deputado federal (suplente), legislatura 55",eleito,2015-02-03,2019-01-31,FNT-000003
CRG-000225,ATR-000101,INS-000001,"Deputado federal (titular), legislatura 52",eleito,2003-02-01,2007-01-31,FNT-000003
CRG-000226,ATR-000101,INS-000001,"Deputado federal (titular), legislatura 53",eleito,2007-02-01,2011-01-31,FNT-000003
CRG-000227,ATR-000101,INS-000001,"Deputado federal (titular), legislatura 54",eleito,2011-02-01,2015-01-31,FNT-000003
CRG-000228,ATR-000101,INS-000001,"Deputado federal (titular), legislatura 55",eleito,2015-02-01,2019-01-31,FNT-000003
CRG-000229,ATR-000101,INS-000001,"Deputado federal (titular), legislatura 56",eleito,2019-02-01,2023-01-31,FNT-000003
CRG-000230,ATR-000102,INS-000001,"Deputado federal (suplente), legislatura 52",eleito,2003-05-08,2007-01-31,FNT-000003
CRG-000231,ATR-000102,INS-000001,"Deputado federal (titular), legislatura 53",eleito,2007-02-01,2011-01-31,FNT-000003
CRG-000232,ATR-000102,INS-000001,"Deputado federal (titular), legislatura 54",eleito,2011-02-01,2015-01-31,FNT-000003
CRG-000233,ATR-000102,INS-000001,"Deputado federal (suplente), legislatura 55",eleito,2016-05-03,2018-05-21,FNT-000003
CRG-000234,ATR-000103,INS-000001,"Deputado federal (titular), legislatura 52",eleito,2003-02-01,2007-01-31,FNT-000003
CRG-000235,ATR-000104,INS-000001,"Deputado federal (titular), legislatura 53",eleito,2007-02-01,2011-01-31,FNT-000003
CRG-000236,ATR-000104,INS-000001,"Deputado federal (suplente), legislatura 54",eleito,2013-03-11,2014-11-21,FNT-000003
CRG-000237,ATR-000105,INS-000001,"Deputado federal (suplente), legislatura 52",eleito,2005-04-28,2007-01-31,FNT-000003
CRG-000238,ATR-000106,INS-000001,"Deputado federal (titular), legislatura 52",eleito,2003-02-01,2007-01-31,FNT-000003
CRG-000239,ATR-000106,INS-000001,"Deputado federal (suplente), legislatura 53",eleito,2011-01-03,2011-01-31,FNT-000003
CRG-000240,ATR-000107,INS-000001,"Deputado federal (titular), legislatura 52",eleito,2003-02-01,2007-01-31,FNT-000003
CRG-000241,ATR-000108,INS-000001,"Deputado federal (titular), legislatura 56",eleito,2019-02-01,2023-01-31,FNT-000003
CRG-000242,ATR-000108,INS-000001,"Deputado federal (titular), legislatura 57",eleito,2023-02-01,,FNT-000003
CRG-000243,ATR-000109,INS-000001,"Deputado federal (suplente), legislatura 52",eleito,2003-03-12,2003-05-06,FNT-000003
CRG-000244,ATR-000109,INS-000001,"Deputado federal (suplente), legislatura 53",eleito,2009-01-28,2011-01-31,FNT-000003
CRG-000245,ATR-000110,INS-000001,"Deputado federal (titular), legislatura 52",eleito,2003-02-01,2007-01-31,FNT-000003
CRG-000246,ATR-000111,INS-000001,"Deputado federal (titular), legislatura 52",eleito,2003-02-01,2004-01-20,FNT-000003
CRG-000247,ATR-000111,INS-000001,"Deputado federal (suplente), legislatura 53",eleito,2008-06-20,2011-01-31,FNT-000003
CRG-000248,ATR-000112,INS-000001,"Deputado federal, legislatura 52",eleito,2004-01-20,2007-01-31,FNT-000003
CRG-000249,ATR-000113,INS-000001,"Deputado federal (titular), legislatura 52",eleito,2003-02-01,2007-01-31,FNT-000003
CRG-000250,ATR-000113,INS-000001,"Deputado federal (titular), legislatura 53",eleito,2007-02-01,2011-01-31,FNT-000003
CRG-000251,ATR-000113,INS-000001,"Deputado federal (titular), legislatura 54",eleito,2011-02-01,2015-01-31,FNT-000003
CRG-000252,ATR-000114,INS-000001,"Deputado federal (titular), legislatura 52",eleito,2003-02-01,2007-01-31,FNT-000003
CRG-000253,ATR-000115,INS-000001,"Deputado federal (titular), legislatura 53",eleito,2007-02-01,2011-01-31,FNT-000003
CRG-000254,ATR-000115,INS-000001,"Deputado federal (suplente), legislatura 54",eleito,2011-02-08,2014-04-24,FNT-000003
CRG-000255,ATR-000115,INS-000001,"Deputado federal (titular), legislatura 55",eleito,2015-02-01,2019-01-31,FNT-000003
CRG-000256,ATR-000116,INS-000001,"Deputado federal (titular), legislatura 53",eleito,2007-02-01,2011-01-31,FNT-000003
CRG-000257,ATR-000117,INS-000001,"Deputado federal (suplente), legislatura 52",eleito,2003-03-19,2007-01-31,FNT-000003
CRG-000258,ATR-000117,INS-000001,"Deputado federal (suplente), legislatura 53",eleito,2007-03-19,2010-03-08,FNT-000003
CRG-000259,ATR-000118,INS-000001,"Deputado federal (titular), legislatura 52",eleito,2003-02-01,2007-01-31,FNT-000003
CRG-000260,ATR-000119,INS-000001,"Deputado federal (titular), legislatura 52",eleito,2003-02-01,2007-01-31,FNT-000003
CRG-000261,ATR-000119,INS-000001,"Deputado federal (titular), legislatura 53",eleito,2007-02-01,2011-01-31,FNT-000003
CRG-000262,ATR-000119,INS-000001,"Deputado federal (titular), legislatura 54",eleito,2011-02-01,2015-01-31,FNT-000003
CRG-000263,ATR-000119,INS-000001,"Deputado federal (titular), legislatura 55",eleito,2015-02-01,2019-01-31,FNT-000003
CRG-000264,ATR-000120,INS-000001,"Deputado federal (suplente), legislatura 52",eleito,2004-04-26,2006-02-01,FNT-000003
CRG-000265,ATR-000121,INS-000001,"Deputado federal (titular), legislatura 53",eleito,2007-02-01,2011-01-31,FNT-000003
CRG-000266,ATR-000122,INS-000001,"Deputado federal (titular), legislatura 52",eleito,2003-02-01,2007-01-31,FNT-000003
CRG-000267,ATR-000122,INS-000001,"Deputado federal (titular), legislatura 53",eleito,2007-02-01,2011-01-31,FNT-000003
CRG-000268,ATR-000122,INS-000001,"Deputado federal (titular), legislatura 54",eleito,2011-02-01,2015-01-31,FNT-000003
CRG-000269,ATR-000122,INS-000001,"Deputado federal (titular), legislatura 55",eleito,2015-02-01,2019-01-31,FNT-000003
CRG-000271,ATR-000123,INS-000001,"Deputado federal (titular), legislatura 52",eleito,2003-02-01,2007-01-31,FNT-000003
CRG-000272,ATR-000123,INS-000001,"Deputado federal (titular), legislatura 53",eleito,2007-02-01,2011-01-31,FNT-000003
CRG-000273,ATR-000123,INS-000001,"Deputado federal (titular), legislatura 54",eleito,2011-02-01,2015-01-31,FNT-000003
CRG-000274,ATR-000124,INS-000001,"Deputado federal (titular), legislatura 52",eleito,2003-02-01,2007-01-31,FNT-000003
CRG-000275,ATR-000124,INS-000001,"Deputado federal (titular), legislatura 54",eleito,2011-02-01,2015-01-31,FNT-000003
CRG-000276,ATR-000125,INS-000001,"Deputado federal (suplente), legislatura 52",eleito,2006-12-18,2007-01-31,FNT-000003
CRG-000277,ATR-000125,INS-000001,"Deputado federal (titular), legislatura 53",eleito,2007-02-01,2011-01-31,FNT-000003
CRG-000278,ATR-000125,INS-000001,"Deputado federal (titular), legislatura 54",eleito,2011-02-01,2015-01-01,FNT-000003
CRG-000279,ATR-000126,INS-000001,"Deputado federal (titular), legislatura 52",eleito,2003-02-01,2004-12-31,FNT-000003
CRG-000280,ATR-000127,INS-000001,"Deputado federal (titular), legislatura 52",eleito,2003-02-01,2007-01-31,FNT-000003
CRG-000282,ATR-000128,INS-000001,"Deputado federal, legislatura 52",eleito,2005-01-03,2007-01-01,FNT-000003
CRG-000283,ATR-000128,INS-000001,"Deputado federal (titular), legislatura 53",eleito,2007-02-01,2011-01-31,FNT-000003
CRG-000284,ATR-000128,INS-000001,"Deputado federal (titular), legislatura 54",eleito,2011-02-01,2015-01-31,FNT-000003
CRG-000285,ATR-000128,INS-000001,"Deputado federal (titular), legislatura 55",eleito,2015-02-01,2019-01-31,FNT-000003
CRG-000286,ATR-000128,INS-000001,"Deputado federal (titular), legislatura 56",eleito,2019-02-01,2023-01-31,FNT-000003
CRG-000287,ATR-000128,INS-000001,"Deputado federal (titular), legislatura 57",eleito,2023-02-01,,FNT-000003
CRG-000288,ATR-000129,INS-000001,"Deputado federal, legislatura 52",eleito,2005-09-15,2007-01-31,FNT-000003
CRG-000289,ATR-000130,INS-000001,"Deputado federal (titular), legislatura 53",eleito,2007-02-01,2011-01-31,FNT-000003
CRG-000290,ATR-000130,INS-000001,"Deputado federal (titular), legislatura 56",eleito,2019-02-01,2023-01-31,FNT-000003
CRG-000291,ATR-000131,INS-000001,"Deputado federal (titular), legislatura 54",eleito,2011-02-01,2015-01-31,FNT-000003
CRG-000292,ATR-000131,INS-000001,"Deputado federal (titular), legislatura 55",eleito,2015-02-01,2019-01-31,FNT-000003
CRG-000293,ATR-000131,INS-000001,"Deputado federal (titular), legislatura 56",eleito,2019-02-01,2023-01-31,FNT-000003
CRG-000294,ATR-000131,INS-000001,"Deputado federal (titular), legislatura 57",eleito,2023-02-01,,FNT-000003
CRG-000295,ATR-000132,INS-000001,"Deputado federal (suplente), legislatura 52",eleito,2003-12-05,2004-04-04,FNT-000003
CRG-000296,ATR-000133,INS-000001,"Deputado federal (titular), legislatura 55",eleito,2015-02-01,2019-01-31,FNT-000003
CRG-000297,ATR-000134,INS-000001,"Deputado federal (suplente), legislatura 54",eleito,2013-02-02,2013-06-03,FNT-000003
CRG-000298,ATR-000135,INS-000001,"Deputado federal (titular), legislatura 52",eleito,2003-02-01,2007-01-31,FNT-000003
CRG-000300,ATR-000136,INS-000001,"Deputado federal (titular), legislatura 55",eleito,2015-02-01,2019-01-31,FNT-000003
CRG-000301,ATR-000137,INS-000001,"Deputado federal (titular), legislatura 52",eleito,2003-02-01,2007-01-31,FNT-000003
CRG-000302,ATR-000137,INS-000001,"Deputado federal (titular), legislatura 53",eleito,2007-02-01,2011-01-31,FNT-000003
CRG-000303,ATR-000138,INS-000001,"Deputado federal (titular), legislatura 52",eleito,2003-02-01,2007-01-31,FNT-000003
CRG-000304,ATR-000138,INS-000001,"Deputado federal (titular), legislatura 53",eleito,2007-02-01,2011-01-31,FNT-000003
CRG-000305,ATR-000138,INS-000001,"Deputado federal (titular), legislatura 54",eleito,2011-02-01,2015-01-31,FNT-000003
CRG-000306,ATR-000139,INS-000001,"Deputado federal (titular), legislatura 52",eleito,2003-02-01,2007-01-31,FNT-000003
CRG-000307,ATR-000139,INS-000001,"Deputado federal (titular), legislatura 53",eleito,2007-02-01,2011-01-31,FNT-000003
CRG-000309,ATR-000140,INS-000001,"Deputado federal (titular), legislatura 52",eleito,2003-02-01,2007-01-31,FNT-000003
CRG-000310,ATR-000140,INS-000001,"Deputado federal (titular), legislatura 53",eleito,2007-02-01,2011-01-31,FNT-000003
CRG-000311,ATR-000140,INS-000001,"Deputado federal (titular), legislatura 54",eleito,2011-02-01,2015-01-31,FNT-000003
CRG-000312,ATR-000140,INS-000001,"Deputado federal (titular), legislatura 55",eleito,2015-02-01,2019-01-31,FNT-000003
CRG-000313,ATR-000140,INS-000001,"Deputado federal (titular), legislatura 57",eleito,2023-02-01,,FNT-000003
CRG-000314,ATR-000141,INS-000001,"Deputado federal (titular), legislatura 52",eleito,2003-02-01,2007-01-31,FNT-000003
CRG-000315,ATR-000141,INS-000001,"Deputado federal (titular), legislatura 53",eleito,2007-02-01,2011-01-31,FNT-000003
CRG-000316,ATR-000141,INS-000001,"Deputado federal (titular), legislatura 54",eleito,2011-02-01,2015-01-31,FNT-000003
CRG-000317,ATR-000141,INS-000001,"Deputado federal (titular), legislatura 55",eleito,2015-02-01,2019-01-31,FNT-000003
CRG-000318,ATR-000141,INS-000001,"Deputado federal (titular), legislatura 56",eleito,2019-02-01,2023-01-31,FNT-000003
CRG-000319,ATR-000142,INS-000001,"Deputado federal (titular), legislatura 52",eleito,2003-02-01,2005-10-17,FNT-000003
CRG-000320,ATR-000143,INS-000001,"Deputado federal (titular), legislatura 52",eleito,2003-02-01,2007-01-31,FNT-000003
CRG-000321,ATR-000144,INS-000001,"Deputado federal (suplente), legislatura 53",eleito,2007-12-05,2011-01-31,FNT-000003
CRG-000322,ATR-000144,INS-000001,"Deputado federal (suplente), legislatura 54",eleito,2013-06-12,2015-01-31,FNT-000003
CRG-000323,ATR-000145,INS-000001,"Deputado federal (titular), legislatura 52",eleito,2003-02-01,2007-01-31,FNT-000003
CRG-000324,ATR-000145,INS-000001,"Deputado federal (titular), legislatura 53",eleito,2007-02-01,2011-01-01,FNT-000003
CRG-000325,ATR-000145,INS-000001,"Deputado federal (titular), legislatura 54",eleito,2011-02-01,2015-01-31,FNT-000003
CRG-000326,ATR-000145,INS-000001,"Deputado federal (titular), legislatura 55",eleito,2015-02-01,2019-01-31,FNT-000003
CRG-000327,ATR-000145,INS-000001,"Deputado federal (titular), legislatura 57",eleito,2023-06-13,,FNT-000003
CRG-000328,ATR-000146,INS-000001,"Deputado federal (titular), legislatura 52",eleito,2003-02-01,2007-01-31,FNT-000003
CRG-000329,ATR-000146,INS-000001,"Deputado federal (titular), legislatura 53",eleito,2007-02-01,2008-10-25,FNT-000003
CRG-000330,ATR-000147,INS-000001,"Deputado federal (titular), legislatura 52",eleito,2003-02-01,2007-01-31,FNT-000003
CRG-000331,ATR-000147,INS-000001,"Deputado federal (titular), legislatura 53",eleito,2007-02-01,2011-01-31,FNT-000003
CRG-000332,ATR-000147,INS-000001,"Deputado federal (titular), legislatura 54",eleito,2011-02-01,2015-01-31,FNT-000003
CRG-000333,ATR-000147,INS-000001,"Deputado federal (titular), legislatura 55",eleito,2015-02-01,2019-01-31,FNT-000003
CRG-000334,ATR-000148,INS-000001,"Deputado federal (titular), legislatura 52",eleito,2003-02-01,2007-01-31,FNT-000003
CRG-000335,ATR-000148,INS-000001,"Deputado federal (titular), legislatura 53",eleito,2007-02-01,2011-01-31,FNT-000003
CRG-000336,ATR-000148,INS-000001,"Deputado federal, legislatura 54",eleito,2012-02-07,2015-01-31,FNT-000003
CRG-000337,ATR-000149,INS-000001,"Deputado federal (titular), legislatura 52",eleito,2003-02-01,2005-03-22,FNT-000003
CRG-000338,ATR-000150,INS-000001,"Deputado federal, legislatura 52",eleito,2005-10-20,2007-01-31,FNT-000003
CRG-000339,ATR-000150,INS-000001,"Deputado federal (titular), legislatura 53",eleito,2007-02-01,2011-01-31,FNT-000003
CRG-000340,ATR-000150,INS-000001,"Deputado federal (titular), legislatura 54",eleito,2011-02-01,2015-01-31,FNT-000003
CRG-000341,ATR-000150,INS-000001,"Deputado federal (suplente), legislatura 55",eleito,2016-03-15,2018-12-31,FNT-000003
CRG-000342,ATR-000151,INS-000001,"Deputado federal (titular), legislatura 52",eleito,2003-02-01,2007-01-31,FNT-000003
CRG-000343,ATR-000151,INS-000001,"Deputado federal (titular), legislatura 53",eleito,2007-02-01,2011-01-01,FNT-000003
CRG-000344,ATR-000151,INS-000001,"Deputado federal (titular), legislatura 55",eleito,2015-02-01,2019-01-31,FNT-000003
CRG-000345,ATR-000151,INS-000001,"Deputado federal (titular), legislatura 56",eleito,2019-02-01,2023-01-31,FNT-000003
CRG-000346,ATR-000151,INS-000001,"Deputado federal (titular), legislatura 57",eleito,2023-02-01,,FNT-000003
CRG-000347,ATR-000152,INS-000001,"Deputado federal (titular), legislatura 52",eleito,2003-02-01,2007-01-31,FNT-000003
CRG-000348,ATR-000152,INS-000001,"Deputado federal (titular), legislatura 53",eleito,2007-02-01,2011-01-31,FNT-000003
CRG-000349,ATR-000152,INS-000001,"Deputado federal (titular), legislatura 54",eleito,2011-02-01,2015-01-31,FNT-000003
CRG-000350,ATR-000152,INS-000001,"Deputado federal (suplente), legislatura 55",eleito,2015-02-05,2018-05-21,FNT-000003
CRG-000351,ATR-000153,INS-000001,"Deputado federal (suplente), legislatura 52",eleito,2003-03-10,2006-03-31,FNT-000003
CRG-000352,ATR-000154,INS-000001,"Deputado federal (titular), legislatura 52",eleito,2003-02-01,2007-01-31,FNT-000003
CRG-000353,ATR-000154,INS-000001,"Deputado federal (titular), legislatura 53",eleito,2007-02-01,2008-12-31,FNT-000003
CRG-000354,ATR-000154,INS-000001,"Deputado federal (titular), legislatura 56",eleito,2019-02-01,2023-01-31,FNT-000003
CRG-000355,ATR-000154,INS-000001,"Deputado federal (titular), legislatura 57",eleito,2023-02-01,,FNT-000003
CRG-000356,ATR-000155,INS-000001,"Deputado federal (titular), legislatura 52",eleito,2003-02-01,2007-01-31,FNT-000003
CRG-000357,ATR-000155,INS-000001,"Deputado federal (titular), legislatura 54",eleito,2011-02-01,2015-01-31,FNT-000003
CRG-000358,ATR-000155,INS-000001,"Deputado federal (suplente), legislatura 55",eleito,2015-03-20,2018-04-06,FNT-000003
CRG-000359,ATR-000156,INS-000001,"Deputado federal (titular), legislatura 57",eleito,2023-02-01,2026-08-31,FNT-000003
CRG-000360,ATR-000157,INS-000001,"Deputado federal (titular), legislatura 53",eleito,2007-02-01,2011-01-31,FNT-000003
CRG-000361,ATR-000157,INS-000001,"Deputado federal (titular), legislatura 54",eleito,2011-02-01,2015-01-31,FNT-000003
CRG-000362,ATR-000157,INS-000001,"Deputado federal (titular), legislatura 55",eleito,2015-02-01,2019-01-31,FNT-000003
CRG-000363,ATR-000157,INS-000001,"Deputado federal (titular), legislatura 56",eleito,2019-02-01,2023-01-31,FNT-000003
CRG-000364,ATR-000157,INS-000001,"Deputado federal (titular), legislatura 57",eleito,2023-02-01,,FNT-000003
CRG-000365,ATR-000158,INS-000001,"Deputado federal (suplente), legislatura 53",eleito,2007-02-07,2011-01-31,FNT-000003
CRG-000366,ATR-000159,INS-000001,"Deputado federal (titular), legislatura 52",eleito,2003-02-01,2007-01-31,FNT-000003
CRG-000367,ATR-000159,INS-000001,"Deputado federal (titular), legislatura 53",eleito,2007-02-01,2011-01-31,FNT-000003
CRG-000368,ATR-000160,INS-000001,"Deputado federal (suplente), legislatura 52",eleito,2003-02-05,2007-01-31,FNT-000003
CRG-000369,ATR-000161,INS-000001,"Deputado federal (suplente), legislatura 52",eleito,2005-12-15,2006-08-19,FNT-000003
CRG-000370,ATR-000162,INS-000001,"Deputado federal (suplente), legislatura 55",eleito,2016-01-20,2017-10-30,FNT-000003
CRG-000371,ATR-000163,INS-000001,"Deputado federal (titular), legislatura 52",eleito,2003-02-01,2007-01-31,FNT-000003
CRG-000372,ATR-000163,INS-000001,"Deputado federal (titular), legislatura 53",eleito,2007-02-01,2011-01-31,FNT-000003
CRG-000373,ATR-000164,INS-000001,"Deputado federal (titular), legislatura 52",eleito,2003-02-01,2007-01-31,FNT-000003
CRG-000374,ATR-000164,INS-000001,"Deputado federal (titular), legislatura 53",eleito,2007-02-01,2011-01-31,FNT-000003
CRG-000375,ATR-000164,INS-000001,"Deputado federal (titular), legislatura 54",eleito,2011-07-13,2015-01-31,FNT-000003
CRG-000376,ATR-000165,INS-000001,"Deputado federal (suplente), legislatura 53",eleito,2007-08-01,2010-03-26,FNT-000003
CRG-000377,ATR-000165,INS-000001,"Deputado federal (suplente), legislatura 54",eleito,2014-04-08,2014-08-15,FNT-000003
CRG-000378,ATR-000166,INS-000001,"Deputado federal (titular), legislatura 52",eleito,2003-02-01,2007-01-31,FNT-000003
CRG-000379,ATR-000166,INS-000001,"Deputado federal (suplente), legislatura 53",eleito,2007-03-14,2011-01-31,FNT-000003
CRG-000380,ATR-000167,INS-000001,"Deputado federal (titular), legislatura 53",eleito,2007-02-01,2011-01-31,FNT-000003
CRG-000381,ATR-000167,INS-000001,"Deputado federal (titular), legislatura 54",eleito,2011-02-01,2015-01-31,FNT-000003
CRG-000382,ATR-000168,INS-000001,"Deputado federal (suplente), legislatura 52",eleito,2003-02-04,2004-04-07,FNT-000003
CRG-000383,ATR-000169,INS-000001,"Deputado federal (titular), legislatura 52",eleito,2003-02-01,2007-01-31,FNT-000003
CRG-000384,ATR-000169,INS-000001,"Deputado federal (titular), legislatura 53",eleito,2007-02-01,2009-02-05,FNT-000003
CRG-000385,ATR-000170,INS-000001,"Deputado federal (titular), legislatura 52",eleito,2003-02-01,2005-09-20,FNT-000003
CRG-000386,ATR-000171,INS-000001,"Deputado federal (titular), legislatura 52",eleito,2003-02-01,2007-01-31,FNT-000003
CRG-000387,ATR-000171,INS-000001,"Deputado federal (titular), legislatura 53",eleito,2007-02-01,2011-01-31,FNT-000003
CRG-000388,ATR-000171,INS-000001,"Deputado federal (titular), legislatura 54",eleito,2011-02-01,2015-01-31,FNT-000003
CRG-000389,ATR-000171,INS-000001,"Deputado federal (titular), legislatura 55",eleito,2015-02-01,2019-01-31,FNT-000003
CRG-000390,ATR-000171,INS-000001,"Deputado federal (suplente), legislatura 56",eleito,2019-02-05,2022-12-29,FNT-000003
CRG-000391,ATR-000172,INS-000001,"Deputado federal (titular), legislatura 52",eleito,2003-02-01,2007-01-31,FNT-000003
CRG-000392,ATR-000172,INS-000001,"Deputado federal (titular), legislatura 53",eleito,2007-02-01,2011-01-31,FNT-000003
CRG-000393,ATR-000172,INS-000001,"Deputado federal (suplente), legislatura 54",eleito,2011-08-23,2015-01-01,FNT-000003
CRG-000394,ATR-000173,INS-000001,"Deputado federal (titular), legislatura 52",eleito,2003-02-01,2007-01-03,FNT-000003
CRG-000395,ATR-000173,INS-000001,"Deputado federal (titular), legislatura 53",eleito,2007-02-01,2011-01-31,FNT-000003
CRG-000396,ATR-000173,INS-000001,"Deputado federal (titular), legislatura 54",eleito,2011-02-01,2015-01-31,FNT-000003
CRG-000397,ATR-000174,INS-000001,"Deputado federal (suplente), legislatura 52",eleito,2007-01-04,2007-01-31,FNT-000003
CRG-000398,ATR-000175,INS-000001,"Deputado federal (titular), legislatura 52",eleito,2003-02-01,2007-01-31,FNT-000003
CRG-000399,ATR-000175,INS-000001,"Deputado federal (titular), legislatura 53",eleito,2007-02-01,2011-01-31,FNT-000003
CRG-000400,ATR-000175,INS-000001,"Deputado federal (titular), legislatura 54",eleito,2011-02-01,2014-05-08,FNT-000003
CRG-000401,ATR-000176,INS-000001,"Deputado federal (titular), legislatura 52",eleito,2003-02-01,2007-01-31,FNT-000003
CRG-000402,ATR-000176,INS-000001,"Deputado federal (titular), legislatura 53",eleito,2007-02-01,2011-01-31,FNT-000003
CRG-000403,ATR-000177,INS-000001,"Deputado federal (titular), legislatura 52",eleito,2003-02-01,2007-01-31,FNT-000003
CRG-000404,ATR-000177,INS-000001,"Deputado federal (suplente), legislatura 53",eleito,2009-01-07,2010-04-01,FNT-000003
CRG-000405,ATR-000178,INS-000001,"Deputado federal (titular), legislatura 52",eleito,2003-02-01,2007-01-31,FNT-000003
CRG-000406,ATR-000179,INS-000001,"Deputado federal (titular), legislatura 52",eleito,2003-02-01,2007-01-31,FNT-000003
CRG-000407,ATR-000179,INS-000001,"Deputado federal, legislatura 53",eleito,2011-01-03,2011-01-31,FNT-000003
CRG-000408,ATR-000180,INS-000001,"Deputado federal (titular), legislatura 52",eleito,2003-02-01,2007-01-31,FNT-000003
CRG-000409,ATR-000181,INS-000001,"Deputado federal (titular), legislatura 52",eleito,2003-02-01,2007-01-31,FNT-000003
CRG-000410,ATR-000182,INS-000001,"Deputado federal (titular), legislatura 52",eleito,2003-02-01,2007-01-31,FNT-000003
CRG-000411,ATR-000182,INS-000001,"Deputado federal (titular), legislatura 53",eleito,2007-02-01,2011-01-31,FNT-000003
CRG-000412,ATR-000182,INS-000001,"Deputado federal (titular), legislatura 54",eleito,2011-02-01,2015-01-31,FNT-000003
CRG-000413,ATR-000183,INS-000001,"Deputado federal (titular), legislatura 52",eleito,2003-02-01,2007-01-31,FNT-000003
CRG-000414,ATR-000184,INS-000001,"Deputado federal (titular), legislatura 52",eleito,2003-02-01,2006-01-26,FNT-000003
CRG-000415,ATR-000184,INS-000001,"Deputado federal (titular), legislatura 53",eleito,2007-02-01,2011-01-31,FNT-000003
CRG-000416,ATR-000184,INS-000001,"Deputado federal (titular), legislatura 54",eleito,2011-07-13,2015-01-31,FNT-000003
CRG-000417,ATR-000184,INS-000001,"Deputado federal (titular), legislatura 55",eleito,2015-02-01,2019-01-31,FNT-000003
CRG-000418,ATR-000185,INS-000001,"Deputado federal (titular), legislatura 52",eleito,2003-02-01,2004-12-31,FNT-000003
CRG-000419,ATR-000186,INS-000001,"Deputado federal (titular), legislatura 52",eleito,2003-02-01,2007-01-31,FNT-000003
CRG-000420,ATR-000186,INS-000001,"Deputado federal, legislatura 53",eleito,2010-12-02,2011-01-31,FNT-000003
CRG-000421,ATR-000187,INS-000001,"Deputado federal (titular), legislatura 52",eleito,2003-02-01,2007-01-31,FNT-000003
CRG-000422,ATR-000187,INS-000001,"Deputado federal (titular), legislatura 53",eleito,2007-02-01,2010-11-30,FNT-000003
CRG-000423,ATR-000188,INS-000001,"Deputado federal (titular), legislatura 52",eleito,2003-02-01,2007-01-31,FNT-000003
CRG-000424,ATR-000188,INS-000001,"Deputado federal (titular), legislatura 53",eleito,2007-02-01,2011-01-31,FNT-000003
CRG-000425,ATR-000188,INS-000001,"Deputado federal (titular), legislatura 54",eleito,2011-02-01,2015-01-31,FNT-000003
CRG-000426,ATR-000188,INS-000001,"Deputado federal (titular), legislatura 55",eleito,2015-02-01,2019-01-31,FNT-000003
CRG-000427,ATR-000189,INS-000001,"Deputado federal (titular), legislatura 52",eleito,2003-02-01,2007-01-31,FNT-000003
CRG-000428,ATR-000189,INS-000001,"Deputado federal (titular), legislatura 53",eleito,2007-02-01,2011-01-31,FNT-000003
CRG-000429,ATR-000189,INS-000001,"Deputado federal (titular), legislatura 54",eleito,2011-02-01,2015-01-31,FNT-000003
CRG-000430,ATR-000189,INS-000001,"Deputado federal (titular), legislatura 55",eleito,2015-02-01,2019-01-31,FNT-000003
CRG-000431,ATR-000190,INS-000001,"Deputado federal (titular), legislatura 52",eleito,2003-02-01,2007-01-31,FNT-000003
CRG-000432,ATR-000191,INS-000001,"Deputado federal (titular), legislatura 52",eleito,2003-02-01,2007-01-31,FNT-000003
CRG-000433,ATR-000191,INS-000001,"Deputado federal (titular), legislatura 53",eleito,2007-02-01,2011-01-31,FNT-000003
CRG-000434,ATR-000191,INS-000001,"Deputado federal (titular), legislatura 54",eleito,2011-02-01,2014-12-31,FNT-000003
CRG-000435,ATR-000192,INS-000001,"Deputado federal (titular), legislatura 52",eleito,2003-02-01,2007-01-31,FNT-000003
CRG-000436,ATR-000192,INS-000001,"Deputado federal (titular), legislatura 53",eleito,2007-02-01,2008-12-31,FNT-000003
CRG-000437,ATR-000192,INS-000001,"Deputado federal (titular), legislatura 54",eleito,2011-02-01,2014-10-29,FNT-000003
CRG-000438,ATR-000192,INS-000001,"Deputado federal (suplente), legislatura 55",eleito,2017-09-12,2018-12-18,FNT-000003
CRG-000439,ATR-000193,INS-000001,"Deputado federal (titular), legislatura 52",eleito,2003-02-01,2007-01-31,FNT-000003
CRG-000440,ATR-000193,INS-000001,"Deputado federal, legislatura 54",eleito,2015-01-02,2015-01-16,FNT-000003
CRG-000441,ATR-000194,INS-000001,"Deputado federal (titular), legislatura 52",eleito,2003-02-01,2007-01-31,FNT-000003
CRG-000442,ATR-000194,INS-000001,"Deputado federal, legislatura 53",eleito,2009-01-20,2011-01-31,FNT-000003
CRG-000443,ATR-000195,INS-000001,"Deputado federal (titular), legislatura 52",eleito,2003-02-01,2007-01-31,FNT-000003
CRG-000444,ATR-000195,INS-000001,"Deputado federal (titular), legislatura 53",eleito,2007-02-01,2011-01-01,FNT-000003
CRG-000445,ATR-000195,INS-000001,"Deputado federal, legislatura 54",eleito,2013-01-03,2015-01-31,FNT-000003
CRG-000446,ATR-000196,INS-000001,"Deputado federal (titular), legislatura 52",eleito,2003-02-01,2007-01-31,FNT-000003
CRG-000447,ATR-000196,INS-000001,"Deputado federal (titular), legislatura 53",eleito,2007-02-01,2011-01-31,FNT-000003
CRG-000448,ATR-000197,INS-000001,"Deputado federal (titular), legislatura 52",eleito,2003-02-01,2007-01-31,FNT-000003
CRG-000449,ATR-000198,INS-000001,"Deputado federal (titular), legislatura 52",eleito,2003-02-01,2007-01-31,FNT-000003
CRG-000450,ATR-000198,INS-000001,"Deputado federal (titular), legislatura 53",eleito,2007-02-01,2011-01-31,FNT-000003
CRG-000451,ATR-000198,INS-000001,"Deputado federal (titular), legislatura 54",eleito,2011-02-01,2015-01-31,FNT-000003
CRG-000452,ATR-000199,INS-000001,"Deputado federal (titular), legislatura 52",eleito,2003-02-01,2007-01-31,FNT-000003
CRG-000453,ATR-000200,INS-000001,"Deputado federal (titular), legislatura 52",eleito,2003-02-01,2007-01-31,FNT-000003
CRG-000454,ATR-000201,INS-000001,"Deputado federal (titular), legislatura 52",eleito,2003-02-01,2007-01-31,FNT-000003
CRG-000455,ATR-000201,INS-000001,"Deputado federal (titular), legislatura 53",eleito,2007-02-01,2011-01-31,FNT-000003
CRG-000456,ATR-000201,INS-000001,"Deputado federal (titular), legislatura 54",eleito,2011-02-01,2015-01-31,FNT-000003
CRG-000457,ATR-000201,INS-000001,"Deputado federal (titular), legislatura 56",eleito,2019-02-01,2023-01-31,FNT-000003
CRG-000458,ATR-000202,INS-000001,"Deputado federal (titular), legislatura 52",eleito,2003-02-01,2007-01-31,FNT-000003
CRG-000459,ATR-000203,INS-000001,"Deputado federal (titular), legislatura 52",eleito,2003-02-01,2007-01-31,FNT-000003
CRG-000460,ATR-000203,INS-000001,"Deputado federal (titular), legislatura 53",eleito,2007-02-01,2011-01-31,FNT-000003
CRG-000461,ATR-000203,INS-000001,"Deputado federal (titular), legislatura 54",eleito,2011-02-01,2015-01-31,FNT-000003
CRG-000462,ATR-000204,INS-000001,"Deputado federal (titular), legislatura 52",eleito,2003-02-01,2007-01-31,FNT-000003
CRG-000463,ATR-000205,INS-000001,"Deputado federal (titular), legislatura 52",eleito,2003-02-01,2007-01-31,FNT-000003
CRG-000464,ATR-000206,INS-000001,"Deputado federal (titular), legislatura 52",eleito,2003-02-01,2007-01-31,FNT-000003
CRG-000466,ATR-000207,INS-000001,"Deputado federal (titular), legislatura 52",eleito,2003-02-01,2007-01-31,FNT-000003
CRG-000467,ATR-000208,INS-000001,"Deputado federal (titular), legislatura 52",eleito,2003-02-01,2007-01-31,FNT-000003
CRG-000468,ATR-000208,INS-000001,"Deputado federal (titular), legislatura 53",eleito,2007-02-01,2011-01-01,FNT-000003
CRG-000469,ATR-000209,INS-000001,"Deputado federal (titular), legislatura 52",eleito,2003-02-01,2007-01-31,FNT-000003
CRG-000470,ATR-000209,INS-000001,"Deputado federal (titular), legislatura 53",eleito,2007-02-01,2011-01-31,FNT-000003
CRG-000471,ATR-000209,INS-000001,"Deputado federal (titular), legislatura 54",eleito,2011-02-01,2015-01-31,FNT-000003
CRG-000472,ATR-000210,INS-000001,"Deputado federal (titular), legislatura 52",eleito,2003-02-04,2003-06-17,FNT-000003
CRG-000473,ATR-000211,INS-000001,"Deputado federal (suplente), legislatura 53",eleito,2009-02-03,2010-03-30,FNT-000003
CRG-000474,ATR-000212,INS-000001,"Deputado federal (suplente), legislatura 52",eleito,2005-01-18,2007-01-31,FNT-000003
CRG-000475,ATR-000213,INS-000001,"Deputado federal (titular), legislatura 52",eleito,2003-02-01,2006-12-18,FNT-000003
CRG-000476,ATR-000213,INS-000001,"Deputado federal, legislatura 55",eleito,2017-01-05,2019-01-31,FNT-000003
CRG-000477,ATR-000214,INS-000001,"Deputado federal (titular), legislatura 52",eleito,2003-02-01,2007-01-31,FNT-000003
CRG-000478,ATR-000214,INS-000001,"Deputado federal (titular), legislatura 53",eleito,2007-02-01,2011-01-31,FNT-000003
CRG-000479,ATR-000215,INS-000001,"Deputado federal (titular), legislatura 52",eleito,2003-02-01,2007-01-31,FNT-000003
CRG-000480,ATR-000215,INS-000001,"Deputado federal (titular), legislatura 53",eleito,2007-02-01,2007-07-17,FNT-000003
CRG-000481,ATR-000216,INS-000001,"Deputado federal (titular), legislatura 53",eleito,2007-02-01,2011-01-31,FNT-000003
CRG-000482,ATR-000217,INS-000001,"Deputado federal (titular), legislatura 52",eleito,2003-02-01,2007-01-31,FNT-000003
CRG-000483,ATR-000217,INS-000001,"Deputado federal (titular), legislatura 53",eleito,2007-02-01,2011-01-31,FNT-000003
CRG-000484,ATR-000218,INS-000001,"Deputado federal (titular), legislatura 52",eleito,2003-02-01,2007-01-31,FNT-000003
CRG-000485,ATR-000218,INS-000001,"Deputado federal (titular), legislatura 53",eleito,2007-02-01,2011-01-31,FNT-000003
CRG-000486,ATR-000219,INS-000001,"Deputado federal (suplente), legislatura 52",eleito,2005-03-09,2005-04-08,FNT-000003
CRG-000487,ATR-000219,INS-000001,"Deputado federal (titular), legislatura 53",eleito,2007-02-01,2011-01-31,FNT-000003
CRG-000488,ATR-000219,INS-000001,"Deputado federal (suplente), legislatura 54",eleito,2011-03-01,2014-04-04,FNT-000003
CRG-000489,ATR-000219,INS-000001,"Deputado federal (titular), legislatura 55",eleito,2015-02-01,2019-01-31,FNT-000003
CRG-000491,ATR-000220,INS-000001,"Deputado federal (titular), legislatura 52",eleito,2003-02-01,2007-01-31,FNT-000003
CRG-000492,ATR-000220,INS-000001,"Deputado federal (suplente), legislatura 53",eleito,2008-03-26,2011-01-31,FNT-000003
CRG-000493,ATR-000220,INS-000001,"Deputado federal (suplente), legislatura 54",eleito,2011-06-28,2014-03-17,FNT-000003
CRG-000494,ATR-000221,INS-000001,"Deputado federal (titular), legislatura 52",eleito,2003-02-01,2007-01-31,FNT-000003
CRG-000495,ATR-000221,INS-000001,"Deputado federal (titular), legislatura 54",eleito,2011-08-12,2015-01-31,FNT-000003
CRG-000496,ATR-000221,INS-000001,"Deputado federal (titular), legislatura 55",eleito,2015-02-01,2019-01-31,FNT-000003
CRG-000497,ATR-000222,INS-000001,"Deputado federal, legislatura 52",eleito,2005-08-12,2007-01-31,FNT-000003
CRG-000498,ATR-000222,INS-000001,"Deputado federal (suplente), legislatura 53",eleito,2009-05-22,2011-01-05,FNT-000003
CRG-000499,ATR-000223,INS-000001,"Deputado federal (suplente), legislatura 52",eleito,2003-02-26,2007-01-25,FNT-000003
CRG-000500,ATR-000224,INS-000001,"Deputado federal (suplente), legislatura 53",eleito,2007-02-14,2008-10-31,FNT-000003
CRG-000501,ATR-000225,INS-000001,"Deputado federal (titular), legislatura 52",eleito,2003-02-01,2007-01-31,FNT-000003
CRG-000502,ATR-000225,INS-000001,"Deputado federal (titular), legislatura 53",eleito,2007-02-01,2011-01-31,FNT-000003
CRG-000503,ATR-000226,INS-000001,"Deputado federal (titular), legislatura 52",eleito,2003-02-01,2007-01-31,FNT-000003
CRG-000504,ATR-000226,INS-000001,"Deputado federal (titular), legislatura 53",eleito,2007-02-01,2011-01-31,FNT-000003
CRG-000505,ATR-000226,INS-000001,"Deputado federal (titular), legislatura 54",eleito,2011-02-01,2012-12-27,FNT-000003
CRG-000506,ATR-000227,INS-000001,"Deputado federal (titular), legislatura 52",eleito,2003-02-01,2007-01-31,FNT-000003
CRG-000507,ATR-000228,INS-000001,"Deputado federal (titular), legislatura 52",eleito,2003-02-01,2007-01-05,FNT-000003
CRG-000508,ATR-000229,INS-000001,"Deputado federal (titular), legislatura 52",eleito,2003-02-01,2007-01-25,FNT-000003
CRG-000509,ATR-000230,INS-000001,"Deputado federal (titular), legislatura 52",eleito,2003-02-01,2007-01-31,FNT-000003
CRG-000510,ATR-000231,INS-000001,"Deputado federal (titular), legislatura 52",eleito,2003-02-01,2007-01-31,FNT-000003
CRG-000511,ATR-000231,INS-000001,"Deputado federal (suplente), legislatura 53",eleito,2008-06-12,2011-01-18,FNT-000003
CRG-000512,ATR-000232,INS-000001,"Deputado federal (titular), legislatura 52",eleito,2003-02-01,2003-07-27,FNT-000003
CRG-000513,ATR-000233,INS-000001,"Deputado federal (titular), legislatura 52",eleito,2003-02-01,2007-01-31,FNT-000003
CRG-000514,ATR-000234,INS-000001,"Deputado federal (titular), legislatura 52",eleito,2003-02-01,2004-08-09,FNT-000003
CRG-000515,ATR-000235,INS-000001,"Deputado federal (titular), legislatura 52",eleito,2003-02-02,2007-01-31,FNT-000003
CRG-000516,ATR-000236,INS-000001,"Deputado federal (titular), legislatura 52",eleito,2003-02-01,2007-01-31,FNT-000003
CRG-000517,ATR-000236,INS-000001,"Deputado federal (titular), legislatura 53",eleito,2007-02-01,2011-01-31,FNT-000003
CRG-000518,ATR-000236,INS-000001,"Deputado federal (titular), legislatura 54",eleito,2011-02-01,2015-01-31,FNT-000003
CRG-000519,ATR-000237,INS-000001,"Deputado federal (titular), legislatura 52",eleito,2003-02-01,2007-01-31,FNT-000003
CRG-000520,ATR-000237,INS-000001,"Deputado federal (titular), legislatura 53",eleito,2007-02-01,2007-07-20,FNT-000003
CRG-000521,ATR-000238,INS-000001,"Deputado federal (titular), legislatura 52",eleito,2003-02-01,2007-01-31,FNT-000003
CRG-000522,ATR-000238,INS-000001,"Deputado federal (titular), legislatura 53",eleito,2007-02-01,2011-01-31,FNT-000003
CRG-000523,ATR-000238,INS-000001,"Deputado federal (titular), legislatura 54",eleito,2011-02-01,2015-01-31,FNT-000003
CRG-000524,ATR-000239,INS-000001,"Deputado federal (titular), legislatura 52",eleito,2003-02-01,2007-01-31,FNT-000003
CRG-000525,ATR-000239,INS-000001,"Deputado federal (titular), legislatura 54",eleito,2011-02-01,2015-01-31,FNT-000003
CRG-000526,ATR-000239,INS-000001,"Deputado federal (titular), legislatura 55",eleito,2015-02-01,2019-01-31,FNT-000003
CRG-000527,ATR-000240,INS-000001,"Deputado federal (titular), legislatura 52",eleito,2003-02-01,2007-01-31,FNT-000003
CRG-000528,ATR-000240,INS-000001,"Deputado federal (titular), legislatura 53",eleito,2007-02-01,2011-01-31,FNT-000003
CRG-000529,ATR-000240,INS-000001,"Deputado federal (titular), legislatura 54",eleito,2011-02-01,2015-01-31,FNT-000003
CRG-000530,ATR-000240,INS-000001,"Deputado federal (titular), legislatura 55",eleito,2015-02-01,2019-01-31,FNT-000003
CRG-000531,ATR-000240,INS-000001,"Deputado federal (titular), legislatura 57",eleito,2023-02-01,,FNT-000003
CRG-000532,ATR-000241,INS-000001,"Deputado federal (titular), legislatura 52",eleito,2003-02-01,2007-01-31,FNT-000003
CRG-000533,ATR-000241,INS-000001,"Deputado federal (titular), legislatura 53",eleito,2007-02-01,2007-10-31,FNT-000003
CRG-000534,ATR-000242,INS-000001,"Deputado federal (titular), legislatura 52",eleito,2003-02-01,2007-01-31,FNT-000003
CRG-000535,ATR-000242,INS-000001,"Deputado federal (titular), legislatura 53",eleito,2007-02-01,2011-01-31,FNT-000003
CRG-000536,ATR-000242,INS-000001,"Deputado federal (titular), legislatura 54",eleito,2011-02-01,2015-01-31,FNT-000003
CRG-000537,ATR-000242,INS-000001,"Deputado federal (titular), legislatura 55",eleito,2015-02-01,2019-01-31,FNT-000003
CRG-000538,ATR-000242,INS-000001,"Deputado federal (titular), legislatura 56",eleito,2019-02-01,2023-01-31,FNT-000003
CRG-000539,ATR-000242,INS-000001,"Deputado federal (titular), legislatura 57",eleito,2023-02-01,,FNT-000003
CRG-000540,ATR-000243,INS-000001,"Deputado federal (titular), legislatura 52",eleito,2003-02-01,2007-01-31,FNT-000003
CRG-000541,ATR-000243,INS-000001,"Deputado federal (titular), legislatura 53",eleito,2007-02-01,2011-01-31,FNT-000003
CRG-000542,ATR-000243,INS-000001,"Deputado federal (titular), legislatura 56",eleito,2019-02-01,2023-01-31,FNT-000003
CRG-000543,ATR-000243,INS-000001,"Deputado federal (titular), legislatura 57",eleito,2023-02-01,2026-06-01,FNT-000003
CRG-000544,ATR-000244,INS-000001,"Deputado federal (titular), legislatura 52",eleito,2003-02-01,2007-01-31,FNT-000003
CRG-000545,ATR-000244,INS-000001,"Deputado federal (titular), legislatura 53",eleito,2007-02-01,2011-01-31,FNT-000003
CRG-000546,ATR-000244,INS-000001,"Deputado federal (titular), legislatura 54",eleito,2011-02-01,2012-07-06,FNT-000003
CRG-000547,ATR-000245,INS-000001,"Deputado federal (titular), legislatura 52",eleito,2003-02-01,2007-01-31,FNT-000003
CRG-000548,ATR-000246,INS-000001,"Deputado federal (titular), legislatura 52",eleito,2003-02-01,2007-01-31,FNT-000003
CRG-000549,ATR-000246,INS-000001,"Deputado federal (titular), legislatura 53",eleito,2007-02-01,2011-01-31,FNT-000003
CRG-000550,ATR-000246,INS-000001,"Deputado federal (suplente), legislatura 54",eleito,2011-02-15,2015-01-31,FNT-000003
CRG-000551,ATR-000247,INS-000001,"Deputado federal (titular), legislatura 52",eleito,2003-02-01,2007-01-31,FNT-000003
CRG-000552,ATR-000247,INS-000001,"Deputado federal (titular), legislatura 53",eleito,2007-02-01,2011-01-31,FNT-000003
CRG-000553,ATR-000247,INS-000001,"Deputado federal (suplente), legislatura 55",eleito,2015-02-12,2018-04-06,FNT-000003
CRG-000554,ATR-000248,INS-000001,"Deputado federal (titular), legislatura 52",eleito,2003-02-01,2007-01-31,FNT-000003
CRG-000555,ATR-000248,INS-000001,"Deputado federal (titular), legislatura 54",eleito,2011-02-01,2015-01-31,FNT-000003
CRG-000556,ATR-000249,INS-000001,"Deputado federal (titular), legislatura 52",eleito,2003-02-01,2007-01-31,FNT-000003
CRG-000557,ATR-000249,INS-000001,"Deputado federal (titular), legislatura 53",eleito,2007-02-01,2011-01-31,FNT-000003
CRG-000558,ATR-000249,INS-000001,"Deputado federal (titular), legislatura 54",eleito,2011-02-01,2015-01-31,FNT-000003
CRG-000559,ATR-000249,INS-000001,"Deputado federal (titular), legislatura 55",eleito,2015-02-01,2019-01-31,FNT-000003
CRG-000560,ATR-000250,INS-000001,"Deputado federal (titular), legislatura 52",eleito,2003-02-01,2007-01-31,FNT-000003
CRG-000561,ATR-000251,INS-000001,"Deputado federal (titular), legislatura 52",eleito,2003-02-01,2007-01-31,FNT-000003
CRG-000562,ATR-000251,INS-000001,"Deputado federal (suplente), legislatura 55",eleito,2016-07-12,2016-11-10,FNT-000003
CRG-000563,ATR-000251,INS-000001,"Deputado federal (titular), legislatura 56",eleito,2019-02-01,2023-01-31,FNT-000003
CRG-000564,ATR-000251,INS-000001,"Deputado federal (suplente), legislatura 57",eleito,2024-07-08,2024-11-04,FNT-000003
CRG-000565,ATR-000252,INS-000001,"Deputado federal (titular), legislatura 52",eleito,2003-02-01,2007-01-31,FNT-000003
CRG-000566,ATR-000252,INS-000001,"Deputado federal (titular), legislatura 54",eleito,2011-02-01,2013-01-01,FNT-000003
CRG-000567,ATR-000253,INS-000001,"Deputado federal (titular), legislatura 52",eleito,2003-02-01,2007-01-31,FNT-000003
CRG-000568,ATR-000254,INS-000001,"Deputado federal (titular), legislatura 52",eleito,2003-02-01,2007-01-31,FNT-000003
CRG-000569,ATR-000254,INS-000001,"Deputado federal (titular), legislatura 53",eleito,2007-02-01,2011-01-31,FNT-000003
CRG-000570,ATR-000255,INS-000001,"Deputado federal (titular), legislatura 52",eleito,2003-02-01,2007-01-31,FNT-000003
CRG-000571,ATR-000255,INS-000001,"Deputado federal (titular), legislatura 53",eleito,2007-02-01,2011-01-31,FNT-000003
CRG-000572,ATR-000255,INS-000001,"Deputado federal (titular), legislatura 54",eleito,2011-02-01,2015-01-31,FNT-000003
CRG-000574,ATR-000256,INS-000001,"Deputado federal (titular), legislatura 52",eleito,2003-02-01,2007-01-31,FNT-000003
CRG-000575,ATR-000256,INS-000001,"Deputado federal (titular), legislatura 53",eleito,2007-02-01,2011-01-31,FNT-000003
CRG-000576,ATR-000256,INS-000001,"Deputado federal (titular), legislatura 54",eleito,2011-02-01,2015-01-31,FNT-000003
CRG-000577,ATR-000256,INS-000001,"Deputado federal (titular), legislatura 55",eleito,2015-02-01,2019-01-31,FNT-000003
CRG-000578,ATR-000256,INS-000001,"Deputado federal (titular), legislatura 56",eleito,2019-02-01,2023-01-31,FNT-000003
CRG-000579,ATR-000256,INS-000001,"Deputado federal (titular), legislatura 57",eleito,2023-02-01,,FNT-000003
CRG-000580,ATR-000257,INS-000001,"Deputado federal (titular), legislatura 52",eleito,2003-02-01,2007-01-31,FNT-000003
CRG-000581,ATR-000257,INS-000001,"Deputado federal (titular), legislatura 53",eleito,2007-02-01,2011-01-31,FNT-000003
CRG-000582,ATR-000257,INS-000001,"Deputado federal (titular), legislatura 54",eleito,2011-02-01,2012-12-31,FNT-000003
CRG-000583,ATR-000258,INS-000001,"Deputado federal (titular), legislatura 52",eleito,2003-02-01,2007-01-31,FNT-000003
CRG-000584,ATR-000258,INS-000001,"Deputado federal (titular), legislatura 53",eleito,2007-02-01,2011-01-31,FNT-000003
CRG-000585,ATR-000259,INS-000001,"Deputado federal (titular), legislatura 52",eleito,2003-02-01,2007-01-31,FNT-000003
CRG-000586,ATR-000259,INS-000001,"Deputado federal (titular), legislatura 53",eleito,2007-02-01,2011-01-31,FNT-000003
CRG-000587,ATR-000259,INS-000001,"Deputado federal (titular), legislatura 54",eleito,2011-02-01,2015-01-31,FNT-000003
CRG-000588,ATR-000259,INS-000001,"Deputado federal (titular), legislatura 55",eleito,2015-02-01,2019-01-31,FNT-000003
CRG-000589,ATR-000259,INS-000001,"Deputado federal (titular), legislatura 56",eleito,2019-02-01,2023-01-31,FNT-000003
CRG-000590,ATR-000259,INS-000001,"Deputado federal (titular), legislatura 57",eleito,2023-02-01,,FNT-000003
CRG-000591,ATR-000260,INS-000001,"Deputado federal (titular), legislatura 52",eleito,2003-02-01,2007-01-31,FNT-000003
CRG-000592,ATR-000260,INS-000001,"Deputado federal (titular), legislatura 53",eleito,2007-02-01,2011-01-31,FNT-000003
CRG-000593,ATR-000261,INS-000001,"Deputado federal (titular), legislatura 52",eleito,2003-02-01,2007-01-31,FNT-000003
CRG-000594,ATR-000261,INS-000001,"Deputado federal (titular), legislatura 53",eleito,2007-02-01,2011-01-31,FNT-000003
CRG-000595,ATR-000261,INS-000001,"Deputado federal (titular), legislatura 54",eleito,2011-02-01,2015-01-31,FNT-000003
CRG-000596,ATR-000262,INS-000001,"Deputado federal (titular), legislatura 52",eleito,2003-02-01,2007-01-31,FNT-000003
CRG-000597,ATR-000262,INS-000001,"Deputado federal (titular), legislatura 53",eleito,2007-02-01,2011-01-31,FNT-000003
CRG-000598,ATR-000263,INS-000001,"Deputado federal (titular), legislatura 53",eleito,2007-02-01,2011-01-31,FNT-000003
CRG-000599,ATR-000263,INS-000001,"Deputado federal (titular), legislatura 54",eleito,2011-02-01,2015-01-31,FNT-000003
CRG-000601,ATR-000263,INS-000001,"Deputado federal (suplente), legislatura 57",eleito,2025-10-09,2026-04-01,FNT-000003
CRG-000602,ATR-000264,INS-000001,"Deputado federal (titular), legislatura 52",eleito,2003-02-01,2007-01-31,FNT-000003
CRG-000603,ATR-000265,INS-000001,"Deputado federal (suplente), legislatura 52",eleito,2003-02-14,2004-04-07,FNT-000003
CRG-000604,ATR-000266,INS-000001,"Deputado federal (titular), legislatura 52",eleito,2003-02-01,2007-01-31,FNT-000003
CRG-000605,ATR-000267,INS-000001,"Deputado federal (titular), legislatura 53",eleito,2007-02-01,2011-01-31,FNT-000003
CRG-000606,ATR-000267,INS-000001,"Deputado federal (titular), legislatura 54",eleito,2011-02-01,2015-01-31,FNT-000003
CRG-000607,ATR-000267,INS-000001,"Deputado federal (titular), legislatura 55",eleito,2015-02-01,2019-01-31,FNT-000003
CRG-000608,ATR-000267,INS-000001,"Deputado federal (titular), legislatura 56",eleito,2019-02-01,2023-01-31,FNT-000003
CRG-000609,ATR-000267,INS-000001,"Deputado federal (titular), legislatura 57",eleito,2023-02-01,,FNT-000003
CRG-000610,ATR-000268,INS-000001,"Deputado federal (titular), legislatura 53",eleito,2007-02-01,2011-01-31,FNT-000003
CRG-000611,ATR-000269,INS-000001,"Deputado federal (titular), legislatura 53",eleito,2007-02-01,2011-01-31,FNT-000003
CRG-000612,ATR-000269,INS-000001,"Deputado federal (titular), legislatura 54",eleito,2011-02-01,2015-01-31,FNT-000003
CRG-000613,ATR-000269,INS-000001,"Deputado federal, legislatura 55",eleito,2019-01-08,2019-01-31,FNT-000003
CRG-000614,ATR-000270,INS-000001,"Deputado federal (titular), legislatura 52",eleito,2003-02-01,2007-01-31,FNT-000003
CRG-000615,ATR-000270,INS-000001,"Deputado federal (titular), legislatura 54",eleito,2011-02-01,2015-01-31,FNT-000003
CRG-000616,ATR-000270,INS-000001,"Deputado federal (titular), legislatura 55",eleito,2015-02-01,2019-01-31,FNT-000003
CRG-000617,ATR-000270,INS-000001,"Deputado federal (titular), legislatura 56",eleito,2019-02-01,2023-01-31,FNT-000003
CRG-000618,ATR-000270,INS-000001,"Deputado federal (titular), legislatura 57",eleito,2023-02-01,,FNT-000003
CRG-000619,ATR-000271,INS-000001,"Deputado federal (titular), legislatura 52",eleito,2003-02-01,2007-01-31,FNT-000003
CRG-000621,ATR-000272,INS-000001,"Deputado federal (titular), legislatura 52",eleito,2003-02-01,2005-10-17,FNT-000003
CRG-000622,ATR-000272,INS-000001,"Deputado federal (titular), legislatura 53",eleito,2007-02-01,2011-01-31,FNT-000003
CRG-000623,ATR-000273,INS-000001,"Deputado federal (titular), legislatura 52",eleito,2003-02-01,2007-01-31,FNT-000003
CRG-000624,ATR-000273,INS-000001,"Deputado federal (titular), legislatura 57",eleito,2023-02-01,,FNT-000003
CRG-000625,ATR-000274,INS-000001,"Deputado federal, legislatura 52",eleito,2005-10-19,2007-01-01,FNT-000003
CRG-000626,ATR-000275,INS-000001,"Deputado federal (titular), legislatura 52",eleito,2003-02-01,2007-01-31,FNT-000003
CRG-000627,ATR-000275,INS-000001,"Deputado federal (titular), legislatura 53",eleito,2007-02-01,2011-01-31,FNT-000003
CRG-000628,ATR-000276,INS-000001,"Deputado federal (titular), legislatura 52",eleito,2003-02-01,2007-01-31,FNT-000003
CRG-000629,ATR-000276,INS-000001,"Deputado federal (titular), legislatura 53",eleito,2007-02-01,2011-01-31,FNT-000003
CRG-000630,ATR-000276,INS-000001,"Deputado federal (titular), legislatura 54",eleito,2011-02-01,2015-01-31,FNT-000003
CRG-000631,ATR-000276,INS-000001,"Deputado federal (titular), legislatura 55",eleito,2015-02-01,2019-01-31,FNT-000003
CRG-000632,ATR-000276,INS-000001,"Deputado federal (titular), legislatura 56",eleito,2019-02-01,2023-01-31,FNT-000003
CRG-000633,ATR-000276,INS-000001,"Deputado federal (titular), legislatura 57",eleito,2023-02-01,,FNT-000003
CRG-000634,ATR-000277,INS-000001,"Deputado federal (suplente), legislatura 54",eleito,2012-12-12,2015-01-31,FNT-000003
CRG-000635,ATR-000278,INS-000001,"Deputado federal (titular), legislatura 52",eleito,2003-02-01,2007-01-31,FNT-000003
CRG-000636,ATR-000278,INS-000001,"Deputado federal (titular), legislatura 54",eleito,2011-02-01,2015-01-31,FNT-000003
CRG-000637,ATR-000278,INS-000001,"Deputado federal (titular), legislatura 55",eleito,2015-02-01,2019-01-31,FNT-000003
CRG-000638,ATR-000278,INS-000001,"Deputado federal (suplente), legislatura 57",eleito,2024-01-22,2026-03-04,FNT-000003
CRG-000639,ATR-000279,INS-000001,"Deputado federal (titular), legislatura 52",eleito,2003-02-01,2004-12-31,FNT-000003
CRG-000640,ATR-000280,INS-000001,"Deputado federal (suplente), legislatura 53",eleito,2010-07-08,2011-01-31,FNT-000003
CRG-000641,ATR-000281,INS-000001,"Deputado federal (suplente), legislatura 53",eleito,2008-07-15,2011-01-31,FNT-000003
CRG-000642,ATR-000282,INS-000001,"Deputado federal (titular), legislatura 52",eleito,2003-02-01,2007-01-31,FNT-000003
CRG-000643,ATR-000282,INS-000001,"Deputado federal (titular), legislatura 53",eleito,2007-02-01,2011-01-31,FNT-000003
CRG-000644,ATR-000282,INS-000001,"Deputado federal (titular), legislatura 54",eleito,2011-02-01,2015-01-31,FNT-000003
CRG-000645,ATR-000282,INS-000001,"Deputado federal (suplente), legislatura 55",eleito,2015-10-06,2018-04-09,FNT-000003
CRG-000646,ATR-000283,INS-000001,"Deputado federal (titular), legislatura 54",eleito,2011-02-01,2015-01-31,FNT-000003
CRG-000647,ATR-000284,INS-000001,"Deputado federal (titular), legislatura 52",eleito,2003-02-01,2007-01-31,FNT-000003
CRG-000648,ATR-000284,INS-000001,"Deputado federal (titular), legislatura 53",eleito,2007-02-01,2011-01-03,FNT-000003
CRG-000649,ATR-000284,INS-000001,"Deputado federal (titular), legislatura 54",eleito,2011-02-01,2015-01-31,FNT-000003
CRG-000650,ATR-000285,INS-000001,"Deputado federal (titular), legislatura 52",eleito,2003-02-01,2007-01-31,FNT-000003
CRG-000651,ATR-000285,INS-000001,"Deputado federal (titular), legislatura 53",eleito,2007-02-01,2011-01-01,FNT-000003
CRG-000652,ATR-000285,INS-000001,"Deputado federal (titular), legislatura 54",eleito,2011-02-01,2013-12-13,FNT-000003
CRG-000653,ATR-000286,INS-000001,"Deputado federal (titular), legislatura 53",eleito,2007-02-01,2011-01-01,FNT-000003
CRG-000654,ATR-000286,INS-000001,"Deputado federal (titular), legislatura 54",eleito,2011-02-01,2015-01-31,FNT-000003
CRG-000655,ATR-000287,INS-000001,"Deputado federal (titular), legislatura 52",eleito,2003-02-01,2007-01-31,FNT-000003
CRG-000656,ATR-000287,INS-000001,"Deputado federal (titular), legislatura 53",eleito,2007-02-01,2011-01-31,FNT-000003
CRG-000657,ATR-000287,INS-000001,"Deputado federal (titular), legislatura 54",eleito,2011-02-01,2015-01-31,FNT-000003
CRG-000658,ATR-000288,INS-000001,"Deputado federal, legislatura 53",eleito,2009-07-15,2011-01-31,FNT-000003
CRG-000659,ATR-000288,INS-000001,"Deputado federal (titular), legislatura 54",eleito,2011-02-01,2015-01-31,FNT-000003
CRG-000661,ATR-000289,INS-000001,"Deputado federal (suplente), legislatura 52",eleito,2003-02-04,2007-01-31,FNT-000003
CRG-000662,ATR-000290,INS-000001,"Deputado federal (titular), legislatura 52",eleito,2003-02-01,2007-01-01,FNT-000003
CRG-000663,ATR-000290,INS-000001,"Deputado federal (titular), legislatura 53",eleito,2007-02-01,2011-01-31,FNT-000003
CRG-000664,ATR-000290,INS-000001,"Deputado federal (titular), legislatura 54",eleito,2011-02-01,2015-01-31,FNT-000003
CRG-000665,ATR-000291,INS-000001,"Deputado federal (titular), legislatura 52",eleito,2003-02-01,2007-01-31,FNT-000003
CRG-000666,ATR-000292,INS-000001,"Deputado federal (titular), legislatura 52",eleito,2003-02-01,2007-01-31,FNT-000003
CRG-000667,ATR-000292,INS-000001,"Deputado federal (titular), legislatura 53",eleito,2007-02-01,2009-01-01,FNT-000003
CRG-000668,ATR-000293,INS-000001,"Deputado federal (titular), legislatura 52",eleito,2003-02-01,2007-01-31,FNT-000003
CRG-000669,ATR-000293,INS-000001,"Deputado federal (titular), legislatura 53",eleito,2007-02-01,2011-01-31,FNT-000003
CRG-000670,ATR-000293,INS-000001,"Deputado federal (titular), legislatura 54",eleito,2011-02-01,2015-01-31,FNT-000003
CRG-000671,ATR-000293,INS-000001,"Deputado federal (titular), legislatura 55",eleito,2015-02-01,2019-01-31,FNT-000003
CRG-000672,ATR-000293,INS-000001,"Deputado federal (suplente), legislatura 57",eleito,2026-06-30,,FNT-000003
CRG-000673,ATR-000294,INS-000001,"Deputado federal (titular), legislatura 52",eleito,2003-02-01,2007-01-31,FNT-000003
CRG-000674,ATR-000294,INS-000001,"Deputado federal (titular), legislatura 54",eleito,2011-02-01,2015-01-01,FNT-000003
CRG-000675,ATR-000294,INS-000001,"Deputado federal (titular), legislatura 55",eleito,2015-02-01,2019-01-31,FNT-000003
CRG-000676,ATR-000294,INS-000001,"Deputado federal (titular), legislatura 56",eleito,2019-02-01,2023-01-31,FNT-000003
CRG-000677,ATR-000294,INS-000001,"Deputado federal (suplente), legislatura 57",eleito,2023-02-07,2026-01-02,FNT-000003
CRG-000678,ATR-000295,INS-000001,"Deputado federal (titular), legislatura 52",eleito,2003-02-01,2007-01-31,FNT-000003
CRG-000679,ATR-000295,INS-000001,"Deputado federal (titular), legislatura 53",eleito,2007-02-01,2011-01-31,FNT-000003
CRG-000680,ATR-000296,INS-000001,"Deputado federal (titular), legislatura 52",eleito,2003-02-01,2007-01-31,FNT-000003
CRG-000681,ATR-000296,INS-000001,"Deputado federal (titular), legislatura 53",eleito,2007-02-01,2011-01-31,FNT-000003
CRG-000682,ATR-000296,INS-000001,"Deputado federal (suplente), legislatura 54",eleito,2013-02-02,2013-06-03,FNT-000003
CRG-000683,ATR-000297,INS-000001,"Deputado federal (titular), legislatura 52",eleito,2003-02-01,2007-01-31,FNT-000003
CRG-000684,ATR-000298,INS-000001,"Deputado federal (titular), legislatura 52",eleito,2003-02-01,2007-01-31,FNT-000003
CRG-000685,ATR-000298,INS-000001,"Deputado federal (titular), legislatura 53",eleito,2007-02-01,2011-01-31,FNT-000003
CRG-000686,ATR-000298,INS-000001,"Deputado federal (titular), legislatura 54",eleito,2011-02-01,2014-06-06,FNT-000003
CRG-000687,ATR-000299,INS-000001,"Deputado federal (titular), legislatura 52",eleito,2003-02-01,2004-12-31,FNT-000003
CRG-000688,ATR-000300,INS-000001,"Deputado federal (titular), legislatura 52",eleito,2003-02-01,2004-12-31,FNT-000003
CRG-000689,ATR-000301,INS-000001,"Deputado federal (titular), legislatura 52",eleito,2003-02-01,2007-01-31,FNT-000003
CRG-000690,ATR-000301,INS-000001,"Deputado federal (titular), legislatura 53",eleito,2007-02-01,2011-01-31,FNT-000003
CRG-000691,ATR-000302,INS-000001,"Deputado federal (titular), legislatura 52",eleito,2003-02-01,2007-01-31,FNT-000003
CRG-000692,ATR-000303,INS-000001,"Deputado federal (titular), legislatura 52",eleito,2003-02-01,2007-01-31,FNT-000003
CRG-000694,ATR-000304,INS-000001,"Deputado federal (titular), legislatura 52",eleito,2003-02-01,2007-01-31,FNT-000003
CRG-000695,ATR-000304,INS-000001,"Deputado federal (titular), legislatura 53",eleito,2007-02-01,2011-01-31,FNT-000003
CRG-000696,ATR-000304,INS-000001,"Deputado federal (titular), legislatura 54",eleito,2011-02-01,2015-01-31,FNT-000003
CRG-000697,ATR-000305,INS-000001,"Deputado federal (titular), legislatura 52",eleito,2003-02-01,2007-01-31,FNT-000003
CRG-000698,ATR-000305,INS-000001,"Deputado federal (suplente), legislatura 54",eleito,2012-10-30,2013-12-27,FNT-000003
CRG-000699,ATR-000306,INS-000001,"Deputado federal (titular), legislatura 52",eleito,2003-02-01,2007-01-31,FNT-000003
CRG-000700,ATR-000307,INS-000001,"Deputado federal (titular), legislatura 52",eleito,2003-02-01,2007-01-31,FNT-000003
CRG-000701,ATR-000308,INS-000001,"Deputado federal (titular), legislatura 52",eleito,2003-02-01,2007-01-31,FNT-000003
CRG-000702,ATR-000309,INS-000001,"Deputado federal (titular), legislatura 52",eleito,2003-02-01,2007-01-31,FNT-000003
CRG-000703,ATR-000309,INS-000001,"Deputado federal (titular), legislatura 53",eleito,2007-02-01,2011-01-31,FNT-000003
CRG-000704,ATR-000309,INS-000001,"Deputado federal (titular), legislatura 54",eleito,2011-02-01,2015-01-31,FNT-000003
CRG-000705,ATR-000309,INS-000001,"Deputado federal (titular), legislatura 55",eleito,2015-02-01,2019-01-31,FNT-000003
CRG-000706,ATR-000309,INS-000001,"Deputado federal (titular), legislatura 56",eleito,2019-02-01,2023-01-31,FNT-000003
CRG-000707,ATR-000309,INS-000001,"Deputado federal (titular), legislatura 57",eleito,2023-02-01,,FNT-000003
CRG-000708,ATR-000310,INS-000001,"Deputado federal (titular), legislatura 52",eleito,2003-02-01,2007-01-31,FNT-000003
CRG-000709,ATR-000311,INS-000001,"Deputado federal (titular), legislatura 52",eleito,2003-02-01,2007-01-31,FNT-000003
CRG-000710,ATR-000311,INS-000001,"Deputado federal (titular), legislatura 53",eleito,2007-02-01,2011-01-31,FNT-000003
CRG-000711,ATR-000311,INS-000001,"Deputado federal (suplente), legislatura 54",eleito,2013-02-07,2014-04-04,FNT-000003
CRG-000712,ATR-000311,INS-000001,"Deputado federal (titular), legislatura 55",eleito,2015-02-01,2019-01-31,FNT-000003
CRG-000713,ATR-000311,INS-000001,"Deputado federal (titular), legislatura 56",eleito,2019-02-01,2023-01-31,FNT-000003
CRG-000714,ATR-000311,INS-000001,"Deputado federal (titular), legislatura 57",eleito,2023-02-01,,FNT-000003
CRG-000715,ATR-000312,INS-000001,"Deputado federal (titular), legislatura 52",eleito,2003-02-01,2007-01-31,FNT-000003
CRG-000716,ATR-000312,INS-000001,"Deputado federal (titular), legislatura 53",eleito,2007-02-01,2011-01-31,FNT-000003
CRG-000717,ATR-000312,INS-000001,"Deputado federal (titular), legislatura 54",eleito,2011-02-01,2015-01-02,FNT-000003
CRG-000718,ATR-000312,INS-000001,"Deputado federal (titular), legislatura 55",eleito,2015-02-01,2019-01-31,FNT-000003
CRG-000719,ATR-000312,INS-000001,"Deputado federal (titular), legislatura 56",eleito,2019-02-01,2023-01-31,FNT-000003
CRG-000720,ATR-000312,INS-000001,"Deputado federal (titular), legislatura 57",eleito,2023-02-01,2026-05-19,FNT-000003
CRG-000721,ATR-000313,INS-000001,"Deputado federal (titular), legislatura 52",eleito,2003-02-01,2004-01-23,FNT-000003
CRG-000722,ATR-000313,INS-000001,"Deputado federal (titular), legislatura 55",eleito,2015-02-01,2019-01-31,FNT-000003
CRG-000723,ATR-000313,INS-000001,"Deputado federal (titular), legislatura 56",eleito,2019-02-01,2023-01-31,FNT-000003
CRG-000724,ATR-000313,INS-000001,"Deputado federal (titular), legislatura 57",eleito,2023-02-01,,FNT-000003
CRG-000725,ATR-000314,INS-000001,"Deputado federal (titular), legislatura 52",eleito,2003-02-01,2007-01-31,FNT-000003
CRG-000726,ATR-000314,INS-000001,"Deputado federal (titular), legislatura 53",eleito,2007-02-01,2011-01-31,FNT-000003
CRG-000727,ATR-000314,INS-000001,"Deputado federal (titular), legislatura 54",eleito,2011-02-01,2015-01-31,FNT-000003
CRG-000728,ATR-000314,INS-000001,"Deputado federal (titular), legislatura 55",eleito,2015-02-01,2019-01-31,FNT-000003
CRG-000729,ATR-000314,INS-000001,"Deputado federal (titular), legislatura 56",eleito,2019-02-01,2023-01-31,FNT-000003
CRG-000730,ATR-000314,INS-000001,"Deputado federal (titular), legislatura 57",eleito,2023-02-01,,FNT-000003
CRG-000731,ATR-000315,INS-000001,"Deputado federal (titular), legislatura 52",eleito,2003-02-05,2007-01-31,FNT-000003
CRG-000732,ATR-000315,INS-000001,"Deputado federal (titular), legislatura 53",eleito,2007-02-01,2011-01-01,FNT-000003
CRG-000733,ATR-000315,INS-000001,"Deputado federal (titular), legislatura 54",eleito,2011-02-01,2015-01-31,FNT-000003
CRG-000734,ATR-000316,INS-000001,"Deputado federal (titular), legislatura 52",eleito,2003-02-01,2007-01-31,FNT-000003
CRG-000735,ATR-000316,INS-000001,"Deputado federal (titular), legislatura 53",eleito,2007-02-01,2011-01-31,FNT-000003
CRG-000736,ATR-000316,INS-000001,"Deputado federal (titular), legislatura 54",eleito,2011-02-01,2015-01-31,FNT-000003
CRG-000737,ATR-000316,INS-000001,"Deputado federal (titular), legislatura 55",eleito,2015-02-01,2019-01-31,FNT-000003
CRG-000738,ATR-000317,INS-000001,"Deputado federal (titular), legislatura 52",eleito,2003-02-01,2006-08-21,FNT-000003
CRG-000739,ATR-000318,INS-000001,"Deputado federal (titular), legislatura 52",eleito,2003-02-01,2007-01-31,FNT-000003
CRG-000740,ATR-000318,INS-000001,"Deputado federal (titular), legislatura 53",eleito,2007-02-01,2008-12-31,FNT-000003
CRG-000741,ATR-000318,INS-000001,"Deputado federal, legislatura 56",eleito,2021-01-01,2023-01-31,FNT-000003
CRG-000742,ATR-000319,INS-000001,"Deputado federal (titular), legislatura 52",eleito,2003-02-01,2007-01-31,FNT-000003
CRG-000743,ATR-000320,INS-000001,"Deputado federal (titular), legislatura 52",eleito,2003-02-01,2007-01-31,FNT-000003
CRG-000744,ATR-000321,INS-000001,"Deputado federal (titular), legislatura 52",eleito,2003-02-01,2005-05-05,FNT-000003
CRG-000745,ATR-000322,INS-000001,"Deputado federal (titular), legislatura 52",eleito,2003-02-01,2007-01-31,FNT-000003
CRG-000746,ATR-000322,INS-000001,"Deputado federal (titular), legislatura 53",eleito,2007-02-01,2011-01-31,FNT-000003
CRG-000747,ATR-000323,INS-000001,"Deputado federal (titular), legislatura 52",eleito,2003-02-01,2007-01-31,FNT-000003
CRG-000748,ATR-000324,INS-000001,"Deputado federal (titular), legislatura 52",eleito,2003-02-01,2007-01-31,FNT-000003
CRG-000749,ATR-000324,INS-000001,"Deputado federal (titular), legislatura 53",eleito,2007-02-01,2011-01-31,FNT-000003
CRG-000750,ATR-000324,INS-000001,"Deputado federal (titular), legislatura 54",eleito,2011-02-01,2015-01-31,FNT-000003
CRG-000751,ATR-000324,INS-000001,"Deputado federal (titular), legislatura 55",eleito,2015-02-01,2019-01-31,FNT-000003
CRG-000752,ATR-000324,INS-000001,"Deputado federal (titular), legislatura 57",eleito,2023-02-01,,FNT-000003
CRG-000753,ATR-000325,INS-000001,"Deputado federal (titular), legislatura 52",eleito,2003-02-01,2007-01-31,FNT-000003
CRG-000754,ATR-000325,INS-000001,"Deputado federal (titular), legislatura 53",eleito,2007-02-01,2011-01-31,FNT-000003
CRG-000755,ATR-000325,INS-000001,"Deputado federal (suplente), legislatura 54",eleito,2011-03-02,2015-01-21,FNT-000003
CRG-000756,ATR-000325,INS-000001,"Deputado federal (titular), legislatura 55",eleito,2015-02-01,2019-01-31,FNT-000003
CRG-000757,ATR-000326,INS-000001,"Deputado federal (titular), legislatura 52",eleito,2003-02-01,2007-01-31,FNT-000003
CRG-000758,ATR-000326,INS-000001,"Deputado federal (titular), legislatura 53",eleito,2007-02-01,2011-01-31,FNT-000003
CRG-000759,ATR-000326,INS-000001,"Deputado federal (titular), legislatura 54",eleito,2011-02-01,2015-01-31,FNT-000003
CRG-000760,ATR-000326,INS-000001,"Deputado federal (titular), legislatura 55",eleito,2015-02-01,2018-05-21,FNT-000003
CRG-000761,ATR-000327,INS-000001,"Deputado federal (titular), legislatura 52",eleito,2003-02-01,2007-01-31,FNT-000003
CRG-000762,ATR-000328,INS-000001,"Deputado federal (titular), legislatura 52",eleito,2003-02-01,2007-01-31,FNT-000003
CRG-000763,ATR-000329,INS-000001,"Deputado federal (titular), legislatura 52",eleito,2003-02-01,2007-01-31,FNT-000003
CRG-000764,ATR-000330,INS-000001,"Deputado federal (titular), legislatura 52",eleito,2003-02-01,2007-01-31,FNT-000003
CRG-000765,ATR-000330,INS-000001,"Deputado federal (titular), legislatura 53",eleito,2007-02-01,2011-01-31,FNT-000003
CRG-000766,ATR-000330,INS-000001,"Deputado federal (titular), legislatura 54",eleito,2011-02-01,2015-01-31,FNT-000003
CRG-000767,ATR-000330,INS-000001,"Deputado federal (titular), legislatura 55",eleito,2015-02-01,2019-01-31,FNT-000003
CRG-000768,ATR-000331,INS-000001,"Deputado federal (suplente), legislatura 52",eleito,2005-02-23,2007-01-31,FNT-000003
CRG-000769,ATR-000332,INS-000001,"Deputado federal (titular), legislatura 52",eleito,2003-02-01,2005-12-21,FNT-000003
CRG-000770,ATR-000333,INS-000001,"Deputado federal (titular), legislatura 52",eleito,2003-02-01,2007-01-31,FNT-000003
CRG-000771,ATR-000334,INS-000001,"Deputado federal (suplente), legislatura 53",eleito,2008-04-11,2010-10-16,FNT-000003
CRG-000772,ATR-000334,INS-000001,"Deputado federal (suplente), legislatura 55",eleito,2018-08-01,2019-01-31,FNT-000003
CRG-000773,ATR-000335,INS-000001,"Deputado federal (titular), legislatura 52",eleito,2003-02-01,2007-01-31,FNT-000003
CRG-000774,ATR-000335,INS-000001,"Deputado federal (titular), legislatura 53",eleito,2007-02-01,2011-01-31,FNT-000003
CRG-000775,ATR-000335,INS-000001,"Deputado federal, legislatura 54",eleito,2013-01-03,2015-01-31,FNT-000003
CRG-000776,ATR-000336,INS-000001,"Deputado federal (titular), legislatura 52",eleito,2003-02-01,2007-01-31,FNT-000003
CRG-000777,ATR-000337,INS-000001,"Deputado federal (titular), legislatura 52",eleito,2003-02-01,2007-01-31,FNT-000003
CRG-000778,ATR-000338,INS-000001,"Deputado federal (titular), legislatura 53",eleito,2007-02-01,2011-01-31,FNT-000003
CRG-000779,ATR-000338,INS-000001,"Deputado federal (titular), legislatura 54",eleito,2011-02-01,2015-01-31,FNT-000003
CRG-000780,ATR-000339,INS-000001,"Deputado federal (suplente), legislatura 52",eleito,2003-05-29,2004-10-26,FNT-000003
CRG-000782,ATR-000340,INS-000001,"Deputado federal (titular), legislatura 52",eleito,2003-02-01,2007-01-31,FNT-000003
CRG-000783,ATR-000340,INS-000001,"Deputado federal (titular), legislatura 53",eleito,2007-02-01,2011-01-31,FNT-000003
CRG-000784,ATR-000340,INS-000001,"Deputado federal (titular), legislatura 54",eleito,2011-02-01,2015-01-31,FNT-000003
CRG-000785,ATR-000340,INS-000001,"Deputado federal (suplente), legislatura 56",eleito,2019-03-19,2022-04-05,FNT-000003
CRG-000786,ATR-000341,INS-000001,"Deputado federal (titular), legislatura 52",eleito,2003-02-01,2007-01-31,FNT-000003
CRG-000787,ATR-000341,INS-000001,"Deputado federal (titular), legislatura 53",eleito,2007-02-01,2011-01-01,FNT-000003
CRG-000788,ATR-000341,INS-000001,"Deputado federal (titular), legislatura 54",eleito,2011-02-01,2015-01-31,FNT-000003
CRG-000789,ATR-000342,INS-000001,"Deputado federal (titular), legislatura 52",eleito,2003-02-01,2007-01-31,FNT-000003
CRG-000790,ATR-000343,INS-000001,"Deputado federal (titular), legislatura 53",eleito,2007-02-01,2011-01-31,FNT-000003
CRG-000791,ATR-000344,INS-000001,"Deputado federal (titular), legislatura 52",eleito,2003-02-01,2007-01-31,FNT-000003
CRG-000792,ATR-000344,INS-000001,"Deputado federal (titular), legislatura 53",eleito,2007-02-01,2011-01-31,FNT-000003
CRG-000793,ATR-000344,INS-000001,"Deputado federal (titular), legislatura 54",eleito,2011-02-01,2015-01-31,FNT-000003
CRG-000794,ATR-000344,INS-000001,"Deputado federal (titular), legislatura 55",eleito,2015-02-01,2019-01-31,FNT-000003
CRG-000795,ATR-000345,INS-000001,"Deputado federal (titular), legislatura 52",eleito,2003-02-01,2007-01-31,FNT-000003
CRG-000796,ATR-000345,INS-000001,"Deputado federal (titular), legislatura 53",eleito,2007-02-01,2009-01-01,FNT-000003
CRG-000797,ATR-000346,INS-000001,"Deputado federal (titular), legislatura 52",eleito,2003-02-01,2007-01-31,FNT-000003
CRG-000798,ATR-000346,INS-000001,"Deputado federal (titular), legislatura 53",eleito,2007-02-01,2011-01-31,FNT-000003
CRG-000799,ATR-000346,INS-000001,"Deputado federal (titular), legislatura 54",eleito,2011-02-01,2015-01-31,FNT-000003
CRG-000800,ATR-000346,INS-000001,"Deputado federal (titular), legislatura 55",eleito,2015-02-01,2019-01-31,FNT-000003
CRG-000801,ATR-000346,INS-000001,"Deputado federal (suplente), legislatura 56",eleito,2019-05-28,2022-02-23,FNT-000003
CRG-000802,ATR-000347,INS-000001,"Deputado federal (titular), legislatura 54",eleito,2011-02-01,2015-01-31,FNT-000003
CRG-000803,ATR-000347,INS-000001,"Deputado federal (titular), legislatura 55",eleito,2015-02-01,2019-01-31,FNT-000003
CRG-000804,ATR-000348,INS-000001,"Deputado federal (titular), legislatura 52",eleito,2003-02-01,2007-01-31,FNT-000003
CRG-000805,ATR-000348,INS-000001,"Deputado federal (titular), legislatura 53",eleito,2007-02-01,2011-01-31,FNT-000003
CRG-000806,ATR-000348,INS-000001,"Deputado federal (titular), legislatura 54",eleito,2011-02-01,2015-01-31,FNT-000003
CRG-000807,ATR-000348,INS-000001,"Deputado federal (titular), legislatura 55",eleito,2015-02-01,2019-01-31,FNT-000003
CRG-000808,ATR-000349,INS-000001,"Deputado federal (titular), legislatura 52",eleito,2003-02-01,2007-01-31,FNT-000003
CRG-000809,ATR-000349,INS-000001,"Deputado federal (titular), legislatura 53",eleito,2007-02-01,2011-01-31,FNT-000003
CRG-000810,ATR-000350,INS-000001,"Deputado federal (titular), legislatura 52",eleito,2003-02-01,2007-01-31,FNT-000003
CRG-000811,ATR-000350,INS-000001,"Deputado federal (titular), legislatura 53",eleito,2007-02-01,2011-01-31,FNT-000003
CRG-000812,ATR-000350,INS-000001,"Deputado federal (titular), legislatura 54",eleito,2011-02-01,2014-03-26,FNT-000003
CRG-000813,ATR-000351,INS-000001,"Deputado federal (titular), legislatura 52",eleito,2003-02-01,2007-01-31,FNT-000003
CRG-000814,ATR-000352,INS-000001,"Deputado federal (titular), legislatura 52",eleito,2003-02-01,2007-01-31,FNT-000003
CRG-000815,ATR-000352,INS-000001,"Deputado federal (titular), legislatura 53",eleito,2007-02-01,2011-01-31,FNT-000003
CRG-000816,ATR-000352,INS-000001,"Deputado federal (suplente), legislatura 54",eleito,2013-01-03,2014-09-21,FNT-000003
CRG-000818,ATR-000353,INS-000001,"Deputado federal (titular), legislatura 52",eleito,2003-02-01,2007-01-31,FNT-000003
CRG-000819,ATR-000353,INS-000001,"Deputado federal (suplente), legislatura 54",eleito,2015-01-06,2015-01-31,FNT-000003
CRG-000820,ATR-000353,INS-000001,"Deputado federal (titular), legislatura 55",eleito,2015-02-01,2019-01-31,FNT-000003
CRG-000821,ATR-000354,INS-000001,"Deputado federal (titular), legislatura 52",eleito,2003-02-01,2007-01-31,FNT-000003
CRG-000822,ATR-000354,INS-000001,"Deputado federal (titular), legislatura 53",eleito,2007-02-01,2011-01-31,FNT-000003
CRG-000823,ATR-000354,INS-000001,"Deputado federal (titular), legislatura 54",eleito,2011-02-01,2012-01-30,FNT-000003
CRG-000824,ATR-000355,INS-000001,"Deputado federal, legislatura 52",eleito,2003-05-07,2007-01-31,FNT-000003
CRG-000825,ATR-000356,INS-000001,"Deputado federal (titular), legislatura 52",eleito,2003-02-01,2007-01-31,FNT-000003
CRG-000826,ATR-000357,INS-000001,"Deputado federal (titular), legislatura 52",eleito,2003-02-01,2007-01-18,FNT-000003
CRG-000827,ATR-000357,INS-000001,"Deputado federal (titular), legislatura 54",eleito,2011-02-01,2015-01-31,FNT-000003
CRG-000828,ATR-000357,INS-000001,"Deputado federal (titular), legislatura 55",eleito,2015-02-01,2019-01-31,FNT-000003
CRG-000829,ATR-000357,INS-000001,"Deputado federal (suplente), legislatura 56",eleito,2021-06-15,2023-01-31,FNT-000003
CRG-000830,ATR-000357,INS-000001,"Deputado federal (titular), legislatura 57",eleito,2023-02-01,,FNT-000003
CRG-000831,ATR-000358,INS-000001,"Deputado federal (titular), legislatura 52",eleito,2003-02-01,2007-01-31,FNT-000003
CRG-000832,ATR-000358,INS-000001,"Deputado federal (titular), legislatura 53",eleito,2007-02-01,2010-10-26,FNT-000003
CRG-000833,ATR-000358,INS-000001,"Deputado federal (titular), legislatura 54",eleito,2011-02-01,2015-01-31,FNT-000003
CRG-000834,ATR-000358,INS-000001,"Deputado federal (titular), legislatura 55",eleito,2015-02-01,2019-01-31,FNT-000003
CRG-000835,ATR-000358,INS-000001,"Deputado federal (suplente), legislatura 56",eleito,2021-06-25,2022-04-01,FNT-000003
CRG-000836,ATR-000359,INS-000001,"Deputado federal (titular), legislatura 52",eleito,2003-02-01,2005-01-01,FNT-000003
CRG-000837,ATR-000360,INS-000001,"Deputado federal (titular), legislatura 52",eleito,2003-02-01,2007-01-31,FNT-000003
CRG-000838,ATR-000361,INS-000001,"Deputado federal (titular), legislatura 52",eleito,2003-02-01,2007-01-31,FNT-000003
CRG-000839,ATR-000361,INS-000001,"Deputado federal (suplente), legislatura 53",eleito,2011-01-07,2011-01-31,FNT-000003
CRG-000840,ATR-000362,INS-000001,"Deputado federal (titular), legislatura 52",eleito,2003-02-01,2007-01-31,FNT-000003
CRG-000841,ATR-000362,INS-000001,"Deputado federal (titular), legislatura 53",eleito,2007-02-01,2008-12-31,FNT-000003
CRG-000842,ATR-000363,INS-000001,"Deputado federal (titular), legislatura 52",eleito,2003-02-01,2007-01-31,FNT-000003
CRG-000843,ATR-000364,INS-000001,"Deputado federal (titular), legislatura 52",eleito,2003-02-01,2007-01-31,FNT-000003
CRG-000844,ATR-000365,INS-000001,"Deputado federal (titular), legislatura 52",eleito,2003-02-01,2007-01-31,FNT-000003
CRG-000845,ATR-000366,INS-000001,"Deputado federal (titular), legislatura 52",eleito,2003-02-01,2007-01-31,FNT-000003
CRG-000846,ATR-000366,INS-000001,"Deputado federal (titular), legislatura 53",eleito,2007-02-01,2011-01-31,FNT-000003
CRG-000847,ATR-000366,INS-000001,"Deputado federal (titular), legislatura 54",eleito,2011-02-01,2015-01-31,FNT-000003
CRG-000848,ATR-000366,INS-000001,"Deputado federal (titular), legislatura 55",eleito,2015-02-01,2019-01-31,FNT-000003
CRG-000849,ATR-000366,INS-000001,"Deputado federal (titular), legislatura 56",eleito,2019-02-01,2023-01-31,FNT-000003
CRG-000850,ATR-000366,INS-000001,"Deputado federal (titular), legislatura 57",eleito,2023-02-01,,FNT-000003
CRG-000851,ATR-000367,INS-000001,"Deputado federal (titular), legislatura 52",eleito,2003-02-01,2007-01-31,FNT-000003
CRG-000852,ATR-000367,INS-000001,"Deputado federal (suplente), legislatura 53",eleito,2007-02-06,2009-03-03,FNT-000003
CRG-000853,ATR-000368,INS-000001,"Deputado federal (titular), legislatura 52",eleito,2003-02-01,2007-01-31,FNT-000003
CRG-000854,ATR-000368,INS-000001,"Deputado federal (titular), legislatura 53",eleito,2007-02-01,2011-01-31,FNT-000003
CRG-000855,ATR-000368,INS-000001,"Deputado federal (titular), legislatura 54",eleito,2011-02-01,2015-01-31,FNT-000003
CRG-000856,ATR-000369,INS-000001,"Deputado federal (titular), legislatura 52",eleito,2003-02-01,2006-12-15,FNT-000003
CRG-000857,ATR-000369,INS-000001,"Deputado federal (titular), legislatura 53",eleito,2007-02-01,2011-01-31,FNT-000003
CRG-000858,ATR-000369,INS-000001,"Deputado federal (titular), legislatura 54",eleito,2011-02-01,2012-08-13,FNT-000003
CRG-000859,ATR-000370,INS-000001,"Deputado federal (titular), legislatura 52",eleito,2003-02-01,2007-01-31,FNT-000003
CRG-000860,ATR-000371,INS-000001,"Deputado federal (titular), legislatura 52",eleito,2003-02-01,2007-01-31,FNT-000003
CRG-000861,ATR-000372,INS-000001,"Deputado federal (titular), legislatura 52",eleito,2003-02-01,2007-01-31,FNT-000003
CRG-000862,ATR-000373,INS-000001,"Deputado federal (titular), legislatura 52",eleito,2003-02-01,2007-01-31,FNT-000003
CRG-000863,ATR-000373,INS-000001,"Deputado federal (titular), legislatura 53",eleito,2007-02-01,2007-05-06,FNT-000003
CRG-000864,ATR-000374,INS-000001,"Deputado federal (titular), legislatura 52",eleito,2003-02-01,2007-01-31,FNT-000003
CRG-000865,ATR-000374,INS-000001,"Deputado federal (titular), legislatura 55",eleito,2015-02-01,2019-01-31,FNT-000003
CRG-000866,ATR-000374,INS-000001,"Deputado federal (titular), legislatura 56",eleito,2019-02-01,2023-01-31,FNT-000003
CRG-000867,ATR-000374,INS-000001,"Deputado federal (titular), legislatura 57",eleito,2023-02-01,,FNT-000003
CRG-000868,ATR-000375,INS-000001,"Deputado federal (titular), legislatura 52",eleito,2003-02-01,2007-01-31,FNT-000003
CRG-000869,ATR-000376,INS-000001,"Deputado federal (titular), legislatura 52",eleito,2003-02-01,2007-01-31,FNT-000003
CRG-000871,ATR-000377,INS-000001,"Deputado federal (titular), legislatura 52",eleito,2003-02-01,2007-01-31,FNT-000003
CRG-000872,ATR-000377,INS-000001,"Deputado federal, legislatura 53",eleito,2008-05-07,2011-01-31,FNT-000003
CRG-000873,ATR-000377,INS-000001,"Deputado federal (titular), legislatura 54",eleito,2011-02-01,2015-01-31,FNT-000003
CRG-000874,ATR-000377,INS-000001,"Deputado federal (titular), legislatura 55",eleito,2015-02-01,2019-01-31,FNT-000003
CRG-000875,ATR-000377,INS-000001,"Deputado federal (titular), legislatura 56",eleito,2019-02-01,2023-01-31,FNT-000003
CRG-000876,ATR-000377,INS-000001,"Deputado federal (titular), legislatura 57",eleito,2023-02-01,,FNT-000003
CRG-000877,ATR-000378,INS-000001,"Deputado federal (titular), legislatura 52",eleito,2003-02-01,2007-01-31,FNT-000003
CRG-000878,ATR-000378,INS-000001,"Deputado federal (titular), legislatura 53",eleito,2007-02-01,2011-01-01,FNT-000003
CRG-000879,ATR-000379,INS-000001,"Deputado federal (titular), legislatura 52",eleito,2003-02-01,2007-01-31,FNT-000003
CRG-000880,ATR-000379,INS-000001,"Deputado federal (titular), legislatura 53",eleito,2007-02-01,2011-01-31,FNT-000003
CRG-000881,ATR-000379,INS-000001,"Deputado federal (titular), legislatura 54",eleito,2011-02-01,2015-01-31,FNT-000003
CRG-000882,ATR-000379,INS-000001,"Deputado federal (titular), legislatura 55",eleito,2015-02-01,2019-01-31,FNT-000003
CRG-000883,ATR-000380,INS-000001,"Deputado federal (titular), legislatura 52",eleito,2003-02-01,2007-01-31,FNT-000003
CRG-000884,ATR-000381,INS-000001,"Deputado federal (titular), legislatura 52",eleito,2003-02-01,2007-01-31,FNT-000003
CRG-000885,ATR-000381,INS-000001,"Deputado federal (titular), legislatura 53",eleito,2007-02-01,2011-01-31,FNT-000003
CRG-000886,ATR-000381,INS-000001,"Deputado federal (suplente), legislatura 55",eleito,2015-02-03,2019-01-31,FNT-000003
CRG-000887,ATR-000382,INS-000001,"Deputado federal (titular), legislatura 52",eleito,2003-02-01,2007-01-31,FNT-000003
CRG-000888,ATR-000382,INS-000001,"Deputado federal (titular), legislatura 53",eleito,2007-02-01,2011-01-31,FNT-000003
CRG-000889,ATR-000382,INS-000001,"Deputado federal (suplente), legislatura 55",eleito,2018-05-03,2018-09-14,FNT-000003
CRG-000890,ATR-000383,INS-000001,"Deputado federal (titular), legislatura 52",eleito,2003-02-01,2007-01-31,FNT-000003
CRG-000891,ATR-000384,INS-000001,"Deputado federal (titular), legislatura 52",eleito,2003-02-01,2007-01-31,FNT-000003
CRG-000892,ATR-000385,INS-000001,"Deputado federal (titular), legislatura 52",eleito,2003-02-01,2007-01-31,FNT-000003
CRG-000893,ATR-000386,INS-000001,"Deputado federal (titular), legislatura 52",eleito,2003-02-01,2007-01-31,FNT-000003
CRG-000894,ATR-000387,INS-000001,"Deputado federal (titular), legislatura 52",eleito,2003-02-01,2007-01-31,FNT-000003
CRG-000895,ATR-000387,INS-000001,"Deputado federal (titular), legislatura 53",eleito,2007-02-01,2011-01-31,FNT-000003
CRG-000896,ATR-000387,INS-000001,"Deputado federal (titular), legislatura 54",eleito,2011-02-01,2015-01-31,FNT-000003
CRG-000897,ATR-000387,INS-000001,"Deputado federal (titular), legislatura 55",eleito,2015-02-01,2019-01-31,FNT-000003
CRG-000898,ATR-000387,INS-000001,"Deputado federal (titular), legislatura 56",eleito,2019-02-01,2023-01-31,FNT-000003
CRG-000899,ATR-000387,INS-000001,"Deputado federal (suplente), legislatura 57",eleito,2023-02-03,2026-03-31,FNT-000003
CRG-000900,ATR-000388,INS-000001,"Deputado federal (titular), legislatura 52",eleito,2003-02-01,2007-01-08,FNT-000003
CRG-000901,ATR-000388,INS-000001,"Deputado federal (titular), legislatura 53",eleito,2007-02-01,2010-10-27,FNT-000003
CRG-000902,ATR-000388,INS-000001,"Deputado federal (suplente), legislatura 54",eleito,2011-02-10,2015-01-02,FNT-000003
CRG-000903,ATR-000389,INS-000001,"Deputado federal (titular), legislatura 52",eleito,2003-02-01,2007-01-31,FNT-000003
CRG-000904,ATR-000389,INS-000001,"Deputado federal (titular), legislatura 53",eleito,2007-02-01,2011-01-31,FNT-000003
CRG-000905,ATR-000390,INS-000001,"Deputado federal (titular), legislatura 52",eleito,2003-02-01,2007-01-31,FNT-000003
CRG-000906,ATR-000390,INS-000001,"Deputado federal (titular), legislatura 53",eleito,2007-02-01,2011-01-31,FNT-000003
CRG-000907,ATR-000391,INS-000001,"Deputado federal (titular), legislatura 52",eleito,2003-02-01,2006-12-31,FNT-000003
CRG-000908,ATR-000392,INS-000001,"Deputado federal (titular), legislatura 52",eleito,2003-02-01,2007-01-31,FNT-000003
CRG-000909,ATR-000393,INS-000001,"Deputado federal (titular), legislatura 52",eleito,2003-02-01,2007-01-31,FNT-000003
CRG-000910,ATR-000393,INS-000001,"Deputado federal (titular), legislatura 53",eleito,2007-02-01,2011-01-31,FNT-000003
CRG-000911,ATR-000394,INS-000001,"Deputado federal (titular), legislatura 52",eleito,2003-02-01,2007-01-31,FNT-000003
CRG-000912,ATR-000394,INS-000001,"Deputado federal (titular), legislatura 53",eleito,2007-02-01,2011-01-31,FNT-000003
CRG-000913,ATR-000394,INS-000001,"Deputado federal (titular), legislatura 54",eleito,2011-02-01,2015-01-31,FNT-000003
CRG-000914,ATR-000395,INS-000001,"Deputado federal (titular), legislatura 52",eleito,2003-02-01,2007-01-31,FNT-000003
CRG-000915,ATR-000395,INS-000001,"Deputado federal (titular), legislatura 53",eleito,2007-02-01,2011-01-31,FNT-000003
CRG-000916,ATR-000395,INS-000001,"Deputado federal (titular), legislatura 54",eleito,2011-02-01,2015-01-31,FNT-000003
CRG-000917,ATR-000395,INS-000001,"Deputado federal (titular), legislatura 55",eleito,2015-02-01,2018-02-22,FNT-000003
CRG-000918,ATR-000396,INS-000001,"Deputado federal, legislatura 52",eleito,2003-02-26,2007-01-31,FNT-000003
CRG-000919,ATR-000397,INS-000001,"Deputado federal (titular), legislatura 52",eleito,2003-02-01,2007-01-31,FNT-000003
CRG-000921,ATR-000397,INS-000001,"Deputado federal (suplente), legislatura 57",eleito,2026-04-14,,FNT-000003
CRG-000922,ATR-000398,INS-000001,"Deputado federal (titular), legislatura 52",eleito,2003-02-01,2007-01-31,FNT-000003
CRG-000923,ATR-000398,INS-000001,"Deputado federal (titular), legislatura 53",eleito,2007-02-01,2011-01-31,FNT-000003
CRG-000924,ATR-000398,INS-000001,"Deputado federal (titular), legislatura 54",eleito,2011-02-01,2015-01-31,FNT-000003
CRG-000925,ATR-000399,INS-000001,"Deputado federal (titular), legislatura 52",eleito,2003-02-01,2007-01-31,FNT-000003
CRG-000926,ATR-000399,INS-000001,"Deputado federal (titular), legislatura 53",eleito,2007-02-01,2011-01-31,FNT-000003
CRG-000927,ATR-000400,INS-000001,"Deputado federal (titular), legislatura 52",eleito,2003-02-01,2004-12-31,FNT-000003
CRG-000928,ATR-000400,INS-000001,"Deputado federal (titular), legislatura 55",eleito,2015-02-01,2019-01-31,FNT-000003
CRG-000929,ATR-000400,INS-000001,"Deputado federal (titular), legislatura 56",eleito,2019-02-01,2023-01-31,FNT-000003
CRG-000930,ATR-000400,INS-000001,"Deputado federal (suplente), legislatura 57",eleito,2023-02-28,2026-04-01,FNT-000003
CRG-000931,ATR-000401,INS-000001,"Deputado federal (titular), legislatura 52",eleito,2003-02-01,2007-01-31,FNT-000003
CRG-000932,ATR-000401,INS-000001,"Deputado federal (titular), legislatura 53",eleito,2007-02-01,2011-01-31,FNT-000003
CRG-000933,ATR-000402,INS-000001,"Deputado federal (titular), legislatura 52",eleito,2003-02-01,2003-02-25,FNT-000003
CRG-000934,ATR-000403,INS-000001,"Deputado federal (titular), legislatura 52",eleito,2003-02-01,2004-12-31,FNT-000003
CRG-000935,ATR-000403,INS-000001,"Deputado federal (titular), legislatura 56",eleito,2019-02-01,2020-12-10,FNT-000003
CRG-000936,ATR-000404,INS-000001,"Deputado federal (titular), legislatura 52",eleito,2003-02-01,2005-01-01,FNT-000003
CRG-000937,ATR-000405,INS-000001,"Deputado federal (titular), legislatura 52",eleito,2003-02-01,2007-01-31,FNT-000003
CRG-000938,ATR-000405,INS-000001,"Deputado federal (titular), legislatura 53",eleito,2007-02-01,2011-01-31,FNT-000003
CRG-000939,ATR-000405,INS-000001,"Deputado federal (titular), legislatura 54",eleito,2011-02-01,2015-01-31,FNT-000003
CRG-000940,ATR-000405,INS-000001,"Deputado federal (suplente), legislatura 55",eleito,2015-08-06,2019-01-31,FNT-000003
CRG-000941,ATR-000406,INS-000001,"Deputado federal (titular), legislatura 52",eleito,2003-02-01,2007-01-31,FNT-000003
CRG-000942,ATR-000406,INS-000001,"Deputado federal (titular), legislatura 53",eleito,2007-02-01,2011-01-31,FNT-000003
CRG-000943,ATR-000407,INS-000001,"Deputado federal (titular), legislatura 53",eleito,2007-02-01,2009-09-28,FNT-000003
CRG-000944,ATR-000408,INS-000001,"Deputado federal (titular), legislatura 52",eleito,2003-02-01,2007-01-31,FNT-000003
CRG-000945,ATR-000408,INS-000001,"Deputado federal (suplente), legislatura 53",eleito,2007-08-01,2009-01-01,FNT-000003
CRG-000946,ATR-000409,INS-000001,"Deputado federal (titular), legislatura 52",eleito,2003-02-01,2007-01-31,FNT-000003
CRG-000947,ATR-000409,INS-000001,"Deputado federal (titular), legislatura 53",eleito,2007-02-01,2011-01-31,FNT-000003
CRG-000948,ATR-000410,INS-000001,"Deputado federal (titular), legislatura 52",eleito,2003-02-01,2007-01-31,FNT-000003
CRG-000949,ATR-000410,INS-000001,"Deputado federal (titular), legislatura 53",eleito,2007-02-01,2011-01-31,FNT-000003
CRG-000950,ATR-000410,INS-000001,"Deputado federal (titular), legislatura 54",eleito,2011-02-01,2015-01-31,FNT-000003
CRG-000951,ATR-000410,INS-000001,"Deputado federal (titular), legislatura 55",eleito,2015-02-01,2019-01-31,FNT-000003
CRG-000952,ATR-000410,INS-000001,"Deputado federal (titular), legislatura 56",eleito,2019-02-01,2023-01-31,FNT-000003
CRG-000953,ATR-000410,INS-000001,"Deputado federal (titular), legislatura 57",eleito,2023-02-01,,FNT-000003
CRG-000954,ATR-000411,INS-000001,"Deputado federal (titular), legislatura 52",eleito,2003-02-01,2007-01-31,FNT-000003
CRG-000955,ATR-000411,INS-000001,"Deputado federal (titular), legislatura 53",eleito,2007-02-01,2008-11-05,FNT-000003
CRG-000956,ATR-000412,INS-000001,"Deputado federal (titular), legislatura 52",eleito,2003-02-01,2007-01-31,FNT-000003
CRG-000957,ATR-000412,INS-000001,"Deputado federal (titular), legislatura 53",eleito,2007-02-01,2011-01-31,FNT-000003
CRG-000958,ATR-000412,INS-000001,"Deputado federal (titular), legislatura 54",eleito,2011-02-01,2015-01-31,FNT-000003
CRG-000959,ATR-000412,INS-000001,"Deputado federal (titular), legislatura 55",eleito,2015-02-01,2019-01-31,FNT-000003
CRG-000960,ATR-000412,INS-000001,"Deputado federal (suplente), legislatura 56",eleito,2019-06-11,2023-01-31,FNT-000003
CRG-000961,ATR-000413,INS-000001,"Deputado federal (titular), legislatura 52",eleito,2003-02-01,2007-01-31,FNT-000003
CRG-000962,ATR-000413,INS-000001,"Deputado federal, legislatura 53",eleito,2007-08-02,2011-01-31,FNT-000003
CRG-000963,ATR-000413,INS-000001,"Deputado federal (titular), legislatura 54",eleito,2011-02-01,2015-01-31,FNT-000003
CRG-000964,ATR-000414,INS-000001,"Deputado federal (titular), legislatura 52",eleito,2003-02-01,2007-01-31,FNT-000003
CRG-000965,ATR-000414,INS-000001,"Deputado federal (titular), legislatura 53",eleito,2007-02-01,2011-01-31,FNT-000003
CRG-000966,ATR-000414,INS-000001,"Deputado federal (titular), legislatura 54",eleito,2011-02-01,2015-01-31,FNT-000003
CRG-000967,ATR-000415,INS-000001,"Deputado federal (titular), legislatura 52",eleito,2003-02-01,2007-01-01,FNT-000003
CRG-000968,ATR-000416,INS-000001,"Deputado federal (titular), legislatura 52",eleito,2003-02-01,2007-01-31,FNT-000003
CRG-000969,ATR-000417,INS-000001,"Deputado federal (titular), legislatura 52",eleito,2003-02-01,2003-12-27,FNT-000003
CRG-000970,ATR-000418,INS-000001,"Deputado federal (titular), legislatura 52",eleito,2003-02-01,2007-01-31,FNT-000003
CRG-000971,ATR-000419,INS-000001,"Deputado federal (titular), legislatura 52",eleito,2003-02-01,2007-01-31,FNT-000003
CRG-000972,ATR-000419,INS-000001,"Deputado federal (suplente), legislatura 53",eleito,2009-10-06,2010-03-22,FNT-000003
CRG-000973,ATR-000420,INS-000001,"Deputado federal, legislatura 52",eleito,2003-06-24,2007-01-31,FNT-000003
CRG-000974,ATR-000420,INS-000001,"Deputado federal, legislatura 53",eleito,2010-08-31,2011-01-31,FNT-000003
CRG-000975,ATR-000421,INS-000001,"Deputado federal, legislatura 52",eleito,2005-01-03,2007-01-31,FNT-000003
CRG-000976,ATR-000422,INS-000001,"Deputado federal (titular), legislatura 52",eleito,2003-02-01,2007-01-31,FNT-000003
CRG-000977,ATR-000423,INS-000001,"Deputado federal (titular), legislatura 52",eleito,2003-02-01,2007-01-31,FNT-000003
CRG-000978,ATR-000424,INS-000001,"Deputado federal, legislatura 52",eleito,2006-01-26,2007-01-31,FNT-000003
CRG-000979,ATR-000424,INS-000001,"Deputado federal (titular), legislatura 53",eleito,2007-02-01,2011-01-31,FNT-000003
CRG-000980,ATR-000424,INS-000001,"Deputado federal (titular), legislatura 54",eleito,2011-02-01,2015-01-31,FNT-000003
CRG-000981,ATR-000425,INS-000001,"Deputado federal (suplente), legislatura 52",eleito,2005-02-22,2005-03-22,FNT-000003
CRG-000982,ATR-000425,INS-000001,"Deputado federal (titular), legislatura 53",eleito,2007-02-01,2011-01-31,FNT-000003
CRG-000983,ATR-000426,INS-000001,"Deputado federal (titular), legislatura 52",eleito,2003-02-01,2007-01-31,FNT-000003
CRG-000984,ATR-000427,INS-000001,"Deputado federal (titular), legislatura 52",eleito,2003-02-01,2007-01-31,FNT-000003
CRG-000985,ATR-000427,INS-000001,"Deputado federal (titular), legislatura 54",eleito,2011-02-01,2015-01-31,FNT-000003
CRG-000986,ATR-000427,INS-000001,"Deputado federal (titular), legislatura 55",eleito,2015-02-01,2019-01-31,FNT-000003
CRG-000987,ATR-000428,INS-000001,"Deputado federal (titular), legislatura 52",eleito,2003-02-01,2007-01-31,FNT-000003
CRG-000988,ATR-000428,INS-000001,"Deputado federal (titular), legislatura 53",eleito,2007-02-01,2011-01-31,FNT-000003
CRG-000989,ATR-000428,INS-000001,"Deputado federal (titular), legislatura 54",eleito,2011-02-01,2015-01-31,FNT-000003
CRG-000990,ATR-000428,INS-000001,"Deputado federal (titular), legislatura 55",eleito,2015-02-01,2019-01-31,FNT-000003
CRG-000991,ATR-000428,INS-000001,"Deputado federal (titular), legislatura 56",eleito,2019-02-01,2023-01-31,FNT-000003
CRG-000992,ATR-000429,INS-000001,"Deputado federal (titular), legislatura 52",eleito,2003-02-01,2007-01-31,FNT-000003
CRG-000993,ATR-000429,INS-000001,"Deputado federal (titular), legislatura 53",eleito,2007-02-01,2011-01-31,FNT-000003
CRG-000994,ATR-000429,INS-000001,"Deputado federal (titular), legislatura 54",eleito,2011-02-01,2012-12-31,FNT-000003
CRG-000995,ATR-000430,INS-000001,"Deputado federal (titular), legislatura 52",eleito,2003-02-01,2007-01-31,FNT-000003
CRG-000996,ATR-000431,INS-000001,"Deputado federal (titular), legislatura 52",eleito,2003-02-01,2007-01-31,FNT-000003
CRG-000997,ATR-000431,INS-000001,"Deputado federal (titular), legislatura 53",eleito,2007-02-01,2011-01-31,FNT-000003
CRG-000998,ATR-000431,INS-000001,"Deputado federal (titular), legislatura 54",eleito,2011-02-01,2015-01-31,FNT-000003
CRG-000999,ATR-000431,INS-000001,"Deputado federal (titular), legislatura 55",eleito,2015-02-01,2019-01-31,FNT-000003
CRG-001000,ATR-000431,INS-000001,"Deputado federal (titular), legislatura 56",eleito,2019-02-01,2023-01-31,FNT-000003
CRG-001001,ATR-000431,INS-000001,"Deputado federal (titular), legislatura 57",eleito,2023-02-01,,FNT-000003
CRG-001002,ATR-000432,INS-000001,"Deputado federal (titular), legislatura 52",eleito,2003-02-01,2007-01-31,FNT-000003
CRG-001003,ATR-000432,INS-000001,"Deputado federal (titular), legislatura 53",eleito,2007-02-01,2011-01-31,FNT-000003
CRG-001004,ATR-000433,INS-000001,"Deputado federal (titular), legislatura 52",eleito,2003-02-01,2007-01-31,FNT-000003
CRG-001005,ATR-000433,INS-000001,"Deputado federal, legislatura 53",eleito,2010-10-29,2011-01-03,FNT-000003
CRG-001007,ATR-000434,INS-000001,"Deputado federal (titular), legislatura 52",eleito,2003-02-01,2007-01-31,FNT-000003
CRG-001008,ATR-000434,INS-000001,"Deputado federal (titular), legislatura 54",eleito,2011-02-01,2015-01-31,FNT-000003
CRG-001009,ATR-000434,INS-000001,"Deputado federal (titular), legislatura 55",eleito,2015-02-01,2019-01-31,FNT-000003
CRG-001010,ATR-000435,INS-000001,"Deputado federal (titular), legislatura 52",eleito,2003-02-01,2003-05-03,FNT-000003
CRG-001011,ATR-000436,INS-000001,"Deputado federal (titular), legislatura 54",eleito,2011-02-01,2015-01-31,FNT-000003
CRG-001012,ATR-000437,INS-000001,"Deputado federal (titular), legislatura 52",eleito,2003-02-01,2007-01-31,FNT-000003
CRG-001013,ATR-000437,INS-000001,"Deputado federal (titular), legislatura 53",eleito,2007-02-01,2011-01-31,FNT-000003
CRG-001014,ATR-000438,INS-000001,"Deputado federal (titular), legislatura 52",eleito,2003-02-01,2007-01-31,FNT-000003
CRG-001015,ATR-000438,INS-000001,"Deputado federal (titular), legislatura 53",eleito,2007-02-01,2011-01-31,FNT-000003
CRG-001016,ATR-000438,INS-000001,"Deputado federal (titular), legislatura 54",eleito,2011-02-01,2015-01-31,FNT-000003
CRG-001017,ATR-000438,INS-000001,"Deputado federal (titular), legislatura 55",eleito,2015-02-01,2019-01-31,FNT-000003
CRG-001018,ATR-000438,INS-000001,"Deputado federal (titular), legislatura 56",eleito,2019-02-01,2023-01-31,FNT-000003
CRG-001019,ATR-000439,INS-000001,"Deputado federal (titular), legislatura 52",eleito,2003-02-01,2007-01-31,FNT-000003
CRG-001020,ATR-000439,INS-000001,"Deputado federal (titular), legislatura 53",eleito,2007-02-01,2011-01-31,FNT-000003
CRG-001021,ATR-000439,INS-000001,"Deputado federal (titular), legislatura 54",eleito,2011-02-01,2015-01-31,FNT-000003
CRG-001022,ATR-000440,INS-000001,"Deputado federal (titular), legislatura 52",eleito,2003-02-01,2007-01-31,FNT-000003
CRG-001023,ATR-000440,INS-000001,"Deputado federal (titular), legislatura 53",eleito,2007-02-01,2011-01-31,FNT-000003
CRG-001024,ATR-000440,INS-000001,"Deputado federal (titular), legislatura 54",eleito,2011-02-01,2013-12-03,FNT-000003
CRG-001025,ATR-000441,INS-000001,"Deputado federal (titular), legislatura 52",eleito,2003-02-01,2007-01-31,FNT-000003
CRG-001026,ATR-000442,INS-000001,"Deputado federal (titular), legislatura 52",eleito,2003-02-01,2007-01-31,FNT-000003
CRG-001027,ATR-000442,INS-000001,"Deputado federal (titular), legislatura 53",eleito,2007-02-01,2011-01-31,FNT-000003
CRG-001028,ATR-000443,INS-000001,"Deputado federal (titular), legislatura 52",eleito,2003-02-01,2007-01-31,FNT-000003
CRG-001029,ATR-000443,INS-000001,"Deputado federal (titular), legislatura 53",eleito,2007-02-01,2011-01-31,FNT-000003
CRG-001030,ATR-000443,INS-000001,"Deputado federal (titular), legislatura 54",eleito,2011-02-01,2015-01-31,FNT-000003
CRG-001031,ATR-000443,INS-000001,"Deputado federal (titular), legislatura 55",eleito,2015-02-01,2019-01-31,FNT-000003
CRG-001032,ATR-000443,INS-000001,"Deputado federal (titular), legislatura 56",eleito,2019-02-01,2023-01-31,FNT-000003
CRG-001033,ATR-000443,INS-000001,"Deputado federal (titular), legislatura 57",eleito,2023-02-01,,FNT-000003
CRG-001034,ATR-000444,INS-000001,"Deputado federal (titular), legislatura 52",eleito,2003-02-01,2007-01-31,FNT-000003
CRG-001035,ATR-000444,INS-000001,"Deputado federal (titular), legislatura 53",eleito,2007-02-01,2011-01-31,FNT-000003
CRG-001036,ATR-000444,INS-000001,"Deputado federal (titular), legislatura 54",eleito,2011-02-01,2015-01-31,FNT-000003
CRG-001037,ATR-000444,INS-000001,"Deputado federal (suplente), legislatura 55",eleito,2015-02-04,2019-01-31,FNT-000003
CRG-001038,ATR-000445,INS-000001,"Deputado federal (titular), legislatura 52",eleito,2003-02-01,2007-01-31,FNT-000003
CRG-001039,ATR-000445,INS-000001,"Deputado federal (titular), legislatura 53",eleito,2007-02-01,2011-01-31,FNT-000003
CRG-001040,ATR-000445,INS-000001,"Deputado federal (titular), legislatura 54",eleito,2011-02-01,2015-01-31,FNT-000003
CRG-001041,ATR-000446,INS-000001,"Deputado federal (titular), legislatura 52",eleito,2003-02-01,2007-01-31,FNT-000003
CRG-001042,ATR-000446,INS-000001,"Deputado federal (titular), legislatura 53",eleito,2007-02-01,2011-01-31,FNT-000003
CRG-001043,ATR-000446,INS-000001,"Deputado federal (titular), legislatura 54",eleito,2011-02-01,2015-01-31,FNT-000003
CRG-001044,ATR-000446,INS-000001,"Deputado federal (titular), legislatura 55",eleito,2015-02-01,2019-01-31,FNT-000003
CRG-001045,ATR-000446,INS-000001,"Deputado federal (suplente), legislatura 56",eleito,2019-02-05,2022-03-31,FNT-000003
CRG-001046,ATR-000446,INS-000001,"Deputado federal (titular), legislatura 57",eleito,2023-02-01,,FNT-000003
CRG-001047,ATR-000447,INS-000001,"Deputado federal (titular), legislatura 52",eleito,2003-02-01,2006-12-31,FNT-000003
CRG-001048,ATR-000448,INS-000001,"Deputado federal (titular), legislatura 52",eleito,2003-02-01,2007-01-31,FNT-000003
CRG-001049,ATR-000448,INS-000001,"Deputado federal (titular), legislatura 53",eleito,2007-02-01,2011-01-31,FNT-000003
CRG-001050,ATR-000448,INS-000001,"Deputado federal (titular), legislatura 54",eleito,2011-02-01,2015-01-31,FNT-000003
CRG-001051,ATR-000448,INS-000001,"Deputado federal (titular), legislatura 55",eleito,2015-02-01,2019-01-31,FNT-000003
CRG-001052,ATR-000448,INS-000001,"Deputado federal (titular), legislatura 56",eleito,2019-02-01,2023-01-31,FNT-000003
CRG-001053,ATR-000448,INS-000001,"Deputado federal (titular), legislatura 57",eleito,2023-02-01,,FNT-000003
CRG-001054,ATR-000449,INS-000001,"Deputado federal (titular), legislatura 52",eleito,2003-02-01,2007-01-31,FNT-000003
CRG-001055,ATR-000449,INS-000001,"Deputado federal (suplente), legislatura 53",eleito,2008-10-29,2010-03-31,FNT-000003
CRG-001056,ATR-000449,INS-000001,"Deputado federal (titular), legislatura 54",eleito,2011-02-01,2015-01-31,FNT-000003
CRG-001057,ATR-000450,INS-000001,"Deputado federal (titular), legislatura 52",eleito,2003-02-01,2007-01-31,FNT-000003
CRG-001058,ATR-000450,INS-000001,"Deputado federal (titular), legislatura 53",eleito,2007-02-01,2011-01-31,FNT-000003
CRG-001059,ATR-000450,INS-000001,"Deputado federal (titular), legislatura 54",eleito,2011-02-01,2015-01-31,FNT-000003
CRG-001060,ATR-000450,INS-000001,"Deputado federal (titular), legislatura 55",eleito,2015-02-01,2019-01-31,FNT-000003
CRG-001061,ATR-000451,INS-000001,"Deputado federal (titular), legislatura 52",eleito,2003-02-01,2007-01-31,FNT-000003
CRG-001062,ATR-000451,INS-000001,"Deputado federal (titular), legislatura 53",eleito,2007-02-01,2011-01-01,FNT-000003
CRG-001063,ATR-000451,INS-000001,"Deputado federal (titular), legislatura 54",eleito,2011-02-01,2015-01-31,FNT-000003
CRG-001064,ATR-000452,INS-000001,"Deputado federal (titular), legislatura 52",eleito,2003-02-01,2007-01-31,FNT-000003
CRG-001065,ATR-000453,INS-000001,"Deputado federal (titular), legislatura 52",eleito,2003-02-01,2007-01-31,FNT-000003
CRG-001066,ATR-000454,INS-000001,"Deputado federal (titular), legislatura 52",eleito,2003-02-01,2007-01-31,FNT-000003
CRG-001067,ATR-000454,INS-000001,"Deputado federal (titular), legislatura 53",eleito,2007-02-01,2011-01-31,FNT-000003
CRG-001068,ATR-000454,INS-000001,"Deputado federal (titular), legislatura 54",eleito,2011-02-01,2015-01-16,FNT-000003
CRG-001069,ATR-000455,INS-000001,"Deputado federal (titular), legislatura 52",eleito,2003-02-01,2007-01-31,FNT-000003
CRG-001070,ATR-000455,INS-000001,"Deputado federal (titular), legislatura 53",eleito,2007-02-01,2011-01-31,FNT-000003
CRG-001071,ATR-000455,INS-000001,"Deputado federal (titular), legislatura 54",eleito,2011-02-01,2015-01-31,FNT-000003
CRG-001072,ATR-000455,INS-000001,"Deputado federal (titular), legislatura 55",eleito,2015-02-01,2019-01-31,FNT-000003
CRG-001073,ATR-000455,INS-000001,"Deputado federal (titular), legislatura 56",eleito,2019-02-01,2023-01-31,FNT-000003
CRG-001074,ATR-000455,INS-000001,"Deputado federal (titular), legislatura 57",eleito,2023-02-01,2026-05-05,FNT-000003
CRG-001075,ATR-000456,INS-000001,"Deputado federal (titular), legislatura 52",eleito,2003-02-01,2007-01-31,FNT-000003
CRG-001076,ATR-000456,INS-000001,"Deputado federal (titular), legislatura 53",eleito,2007-02-01,2011-01-31,FNT-000003
CRG-001077,ATR-000456,INS-000001,"Deputado federal (titular), legislatura 54",eleito,2011-02-01,2015-01-31,FNT-000003
CRG-001078,ATR-000456,INS-000001,"Deputado federal (titular), legislatura 55",eleito,2015-02-01,2019-01-31,FNT-000003
CRG-001079,ATR-000457,INS-000001,"Deputado federal (titular), legislatura 52",eleito,2003-02-01,2007-01-31,FNT-000003
CRG-001080,ATR-000458,INS-000001,"Deputado federal (titular), legislatura 52",eleito,2003-02-01,2007-01-31,FNT-000003
CRG-001081,ATR-000459,INS-000001,"Deputado federal (titular), legislatura 52",eleito,2003-02-01,2007-01-31,FNT-000003
CRG-001082,ATR-000459,INS-000001,"Deputado federal, legislatura 53",eleito,2009-01-06,2011-01-31,FNT-000003
CRG-001083,ATR-000459,INS-000001,"Deputado federal (titular), legislatura 54",eleito,2011-02-01,2015-01-31,FNT-000003
CRG-001084,ATR-000459,INS-000001,"Deputado federal (titular), legislatura 55",eleito,2015-02-01,2019-01-31,FNT-000003
CRG-001085,ATR-000460,INS-000001,"Deputado federal (titular), legislatura 52",eleito,2003-02-01,2007-01-31,FNT-000003
CRG-001086,ATR-000461,INS-000001,"Deputado federal (titular), legislatura 52",eleito,2003-02-01,2007-01-31,FNT-000003
CRG-001087,ATR-000462,INS-000001,"Deputado federal (titular), legislatura 52",eleito,2003-02-01,2007-01-31,FNT-000003
CRG-001088,ATR-000462,INS-000001,"Deputado federal (titular), legislatura 53",eleito,2007-02-01,2011-01-31,FNT-000003
CRG-001089,ATR-000463,INS-000001,"Deputado federal (titular), legislatura 52",eleito,2003-02-01,2007-01-31,FNT-000003
CRG-001090,ATR-000463,INS-000001,"Deputado federal (titular), legislatura 53",eleito,2007-02-01,2011-01-31,FNT-000003
CRG-001091,ATR-000463,INS-000001,"Deputado federal (titular), legislatura 54",eleito,2011-02-01,2011-07-12,FNT-000003
CRG-001093,ATR-000464,INS-000001,"Deputado federal (titular), legislatura 52",eleito,2003-02-01,2007-01-31,FNT-000003
CRG-001094,ATR-000465,INS-000001,"Deputado federal (titular), legislatura 52",eleito,2003-02-01,2007-01-31,FNT-000003
CRG-001095,ATR-000466,INS-000001,"Deputado federal (titular), legislatura 52",eleito,2003-02-01,2007-01-31,FNT-000003
CRG-001096,ATR-000466,INS-000001,"Deputado federal (titular), legislatura 53",eleito,2007-02-01,2011-01-31,FNT-000003
CRG-001097,ATR-000466,INS-000001,"Deputado federal (titular), legislatura 54",eleito,2011-02-01,2015-01-31,FNT-000003
CRG-001098,ATR-000466,INS-000001,"Deputado federal (titular), legislatura 55",eleito,2015-02-01,2019-01-31,FNT-000003
CRG-001099,ATR-000467,INS-000001,"Deputado federal (titular), legislatura 52",eleito,2003-02-01,2007-01-31,FNT-000003
CRG-001100,ATR-000468,INS-000001,"Deputado federal (titular), legislatura 52",eleito,2003-02-01,2007-01-31,FNT-000003
CRG-001101,ATR-000468,INS-000001,"Deputado federal (titular), legislatura 53",eleito,2007-02-01,2011-01-31,FNT-000003
CRG-001102,ATR-000469,INS-000001,"Deputado federal (titular), legislatura 52",eleito,2003-02-01,2007-01-31,FNT-000003
CRG-001103,ATR-000469,INS-000001,"Deputado federal (titular), legislatura 53",eleito,2007-02-01,2011-01-01,FNT-000003
CRG-001104,ATR-000469,INS-000001,"Deputado federal (titular), legislatura 54",eleito,2011-02-01,2015-01-31,FNT-000003
CRG-001105,ATR-000469,INS-000001,"Deputado federal (titular), legislatura 55",eleito,2015-02-01,2019-01-31,FNT-000003
CRG-001106,ATR-000469,INS-000001,"Deputado federal (titular), legislatura 56",eleito,2019-02-01,2023-01-31,FNT-000003
CRG-001107,ATR-000469,INS-000001,"Deputado federal (titular), legislatura 57",eleito,2023-02-01,,FNT-000003
CRG-001108,ATR-000470,INS-000001,"Deputado federal (titular), legislatura 52",eleito,2003-02-01,2007-01-31,FNT-000003
CRG-001109,ATR-000470,INS-000001,"Deputado federal (titular), legislatura 53",eleito,2007-02-01,2011-01-31,FNT-000003
CRG-001110,ATR-000470,INS-000001,"Deputado federal (titular), legislatura 54",eleito,2011-02-01,2015-01-31,FNT-000003
CRG-001111,ATR-000470,INS-000001,"Deputado federal (titular), legislatura 55",eleito,2015-02-01,2019-01-31,FNT-000003
CRG-001112,ATR-000470,INS-000001,"Deputado federal (titular), legislatura 56",eleito,2019-02-01,2023-01-31,FNT-000003
CRG-001113,ATR-000471,INS-000001,"Deputado federal (titular), legislatura 52",eleito,2003-02-01,2007-01-31,FNT-000003
CRG-001114,ATR-000471,INS-000001,"Deputado federal (titular), legislatura 53",eleito,2007-02-01,2011-01-31,FNT-000003
CRG-001115,ATR-000471,INS-000001,"Deputado federal (titular), legislatura 54",eleito,2011-02-01,2015-01-31,FNT-000003
CRG-001116,ATR-000471,INS-000001,"Deputado federal (titular), legislatura 55",eleito,2015-02-01,2019-01-31,FNT-000003
CRG-001117,ATR-000471,INS-000001,"Deputado federal (titular), legislatura 56",eleito,2019-02-01,2023-01-01,FNT-000003
CRG-001118,ATR-000471,INS-000001,"Deputado federal (titular), legislatura 57",eleito,2023-02-01,,FNT-000003
CRG-001119,ATR-000472,INS-000001,"Deputado federal (titular), legislatura 52",eleito,2003-02-01,2005-01-01,FNT-000003
CRG-001120,ATR-000473,INS-000001,"Deputado federal, legislatura 52",eleito,2003-02-01,2007-01-31,FNT-000003
CRG-001121,ATR-000474,INS-000001,"Deputado federal, legislatura 52",eleito,2003-02-01,2007-01-31,FNT-000003
CRG-001122,ATR-000475,INS-000001,"Deputado federal (titular), legislatura 52",eleito,2003-02-01,2007-01-31,FNT-000003
CRG-001123,ATR-000475,INS-000001,"Deputado federal (titular), legislatura 53",eleito,2007-02-01,2011-01-31,FNT-000003
CRG-001124,ATR-000475,INS-000001,"Deputado federal (suplente), legislatura 54",eleito,2012-02-07,2012-11-03,FNT-000003
CRG-001125,ATR-000476,INS-000001,"Deputado federal (titular), legislatura 52",eleito,2003-02-01,2007-01-31,FNT-000003
CRG-001126,ATR-000477,INS-000001,"Deputado federal (titular), legislatura 53",eleito,2007-02-01,2011-01-31,FNT-000003
CRG-001127,ATR-000478,INS-000001,"Deputado federal (titular), legislatura 52",eleito,2003-02-01,2006-12-31,FNT-000003
CRG-001128,ATR-000479,INS-000001,"Deputado federal (titular), legislatura 52",eleito,2003-02-01,2007-01-31,FNT-000003
CRG-001129,ATR-000479,INS-000001,"Deputado federal (titular), legislatura 53",eleito,2007-02-01,2011-01-31,FNT-000003
CRG-001130,ATR-000479,INS-000001,"Deputado federal (titular), legislatura 54",eleito,2011-02-01,2015-01-31,FNT-000003
CRG-001131,ATR-000480,INS-000001,"Deputado federal (titular), legislatura 52",eleito,2003-02-01,2007-01-31,FNT-000003
CRG-001132,ATR-000480,INS-000001,"Deputado federal (titular), legislatura 53",eleito,2007-02-01,2011-01-31,FNT-000003
CRG-001133,ATR-000480,INS-000001,"Deputado federal (titular), legislatura 54",eleito,2011-02-01,2015-01-31,FNT-000003
CRG-001134,ATR-000480,INS-000001,"Deputado federal (titular), legislatura 55",eleito,2015-02-01,2019-01-31,FNT-000003
CRG-001135,ATR-000480,INS-000001,"Deputado federal (titular), legislatura 56",eleito,2019-02-01,2023-01-31,FNT-000003
CRG-001136,ATR-000481,INS-000001,"Deputado federal (titular), legislatura 52",eleito,2003-02-01,2007-01-31,FNT-000003
CRG-001137,ATR-000481,INS-000001,"Deputado federal (titular), legislatura 53",eleito,2007-02-01,2011-01-31,FNT-000003
CRG-001138,ATR-000481,INS-000001,"Deputado federal (titular), legislatura 54",eleito,2011-02-01,2015-01-31,FNT-000003
CRG-001139,ATR-000482,INS-000001,"Deputado federal (titular), legislatura 52",eleito,2003-02-01,2007-01-02,FNT-000003
CRG-001140,ATR-000482,INS-000001,"Deputado federal (titular), legislatura 53",eleito,2007-02-01,2011-01-31,FNT-000003
CRG-001141,ATR-000482,INS-000001,"Deputado federal (titular), legislatura 54",eleito,2011-02-01,2015-01-31,FNT-000003
CRG-001142,ATR-000483,INS-000001,"Deputado federal (titular), legislatura 52",eleito,2003-02-13,2007-01-31,FNT-000003
CRG-001143,ATR-000483,INS-000001,"Deputado federal (titular), legislatura 53",eleito,2007-02-01,2011-01-31,FNT-000003
CRG-001144,ATR-000484,INS-000001,"Deputado federal (titular), legislatura 52",eleito,2003-02-01,2007-01-31,FNT-000003
CRG-001145,ATR-000484,INS-000001,"Deputado federal (titular), legislatura 53",eleito,2007-02-01,2009-09-28,FNT-000003
CRG-001146,ATR-000485,INS-000001,"Deputado federal (titular), legislatura 52",eleito,2003-02-01,2007-01-31,FNT-000003
CRG-001147,ATR-000486,INS-000001,"Deputado federal (titular), legislatura 54",eleito,2011-02-01,2015-01-31,FNT-000003
CRG-001148,ATR-000486,INS-000001,"Deputado federal (titular), legislatura 55",eleito,2015-02-01,2019-01-31,FNT-000003
CRG-001149,ATR-000486,INS-000001,"Deputado federal (titular), legislatura 57",eleito,2023-02-01,,FNT-000003
CRG-001150,ATR-000487,INS-000001,"Deputado federal (titular), legislatura 52",eleito,2003-02-01,2007-01-31,FNT-000003
CRG-001151,ATR-000487,INS-000001,"Deputado federal, legislatura 54",eleito,2015-01-02,2015-01-31,FNT-000003
CRG-001152,ATR-000488,INS-000001,"Deputado federal (titular), legislatura 52",eleito,2003-02-01,2006-03-15,FNT-000003
CRG-001153,ATR-000489,INS-000001,"Deputado federal (titular), legislatura 52",eleito,2003-02-01,2007-01-31,FNT-000003
CRG-001154,ATR-000489,INS-000001,"Deputado federal (titular), legislatura 53",eleito,2007-02-01,2011-01-31,FNT-000003
CRG-001155,ATR-000490,INS-000001,"Deputado federal, legislatura 52",eleito,2005-12-14,2007-01-31,FNT-000003
CRG-001156,ATR-000491,INS-000001,"Deputado federal (titular), legislatura 54",eleito,2011-02-01,2014-03-06,FNT-000003
CRG-001157,ATR-000492,INS-000001,"Deputado federal (titular), legislatura 52",eleito,2003-02-01,2005-09-21,FNT-000003
CRG-001158,ATR-000493,INS-000001,"Deputado federal (titular), legislatura 53",eleito,2007-02-01,2011-01-31,FNT-000003
CRG-001159,ATR-000493,INS-000001,"Deputado federal (titular), legislatura 54",eleito,2011-02-01,2015-01-31,FNT-000003
CRG-001160,ATR-000493,INS-000001,"Deputado federal (titular), legislatura 55",eleito,2015-02-01,2019-01-31,FNT-000003
CRG-001161,ATR-000493,INS-000001,"Deputado federal (titular), legislatura 56",eleito,2019-02-01,2023-01-31,FNT-000003
CRG-001162,ATR-000494,INS-000001,"Deputado federal, legislatura 53",eleito,2007-03-13,2011-01-31,FNT-000003
CRG-001163,ATR-000495,INS-000001,"Deputado federal (titular), legislatura 52",eleito,2003-02-01,2007-01-31,FNT-000003
CRG-001164,ATR-000496,INS-000001,"Deputado federal (titular), legislatura 52",eleito,2003-02-01,2007-01-05,FNT-000003
CRG-001165,ATR-000496,INS-000001,"Deputado federal (titular), legislatura 55",eleito,2015-02-01,2016-12-11,FNT-000003
CRG-001166,ATR-000497,INS-000001,"Deputado federal (titular), legislatura 52",eleito,2003-02-01,2007-01-31,FNT-000003
CRG-001167,ATR-000497,INS-000001,"Deputado federal (titular), legislatura 53",eleito,2007-02-01,2011-01-31,FNT-000003
CRG-001168,ATR-000497,INS-000001,"Deputado federal (titular), legislatura 54",eleito,2011-02-01,2015-01-31,FNT-000003
CRG-001169,ATR-000498,INS-000001,"Deputado federal (titular), legislatura 52",eleito,2003-02-01,2005-08-11,FNT-000003
CRG-001170,ATR-000499,INS-000001,"Deputado federal (titular), legislatura 52",eleito,2003-02-01,2007-01-31,FNT-000003
CRG-001171,ATR-000499,INS-000001,"Deputado federal (titular), legislatura 53",eleito,2007-02-01,2011-01-31,FNT-000003
CRG-001172,ATR-000499,INS-000001,"Deputado federal (titular), legislatura 54",eleito,2011-02-01,2015-01-31,FNT-000003
CRG-001173,ATR-000499,INS-000001,"Deputado federal (titular), legislatura 55",eleito,2015-02-01,2019-01-31,FNT-000003
CRG-001174,ATR-000500,INS-000001,"Deputado federal (titular), legislatura 52",eleito,2003-02-01,2007-01-31,FNT-000003
CRG-001175,ATR-000501,INS-000001,"Deputado federal (titular), legislatura 52",eleito,2003-02-01,2007-01-31,FNT-000003
CRG-001176,ATR-000502,INS-000001,"Deputado federal (titular), legislatura 52",eleito,2003-02-01,2007-01-31,FNT-000003
CRG-001177,ATR-000502,INS-000001,"Deputado federal (titular), legislatura 53",eleito,2007-02-01,2011-01-31,FNT-000003
CRG-001178,ATR-000502,INS-000001,"Deputado federal (titular), legislatura 57",eleito,2023-02-01,,FNT-000003
CRG-001179,ATR-000503,INS-000001,"Deputado federal (titular), legislatura 52",eleito,2003-02-01,2007-01-31,FNT-000003
CRG-001180,ATR-000503,INS-000001,"Deputado federal (titular), legislatura 53",eleito,2007-02-01,2011-01-31,FNT-000003
CRG-001181,ATR-000504,INS-000001,"Deputado federal (suplente), legislatura 52",eleito,2003-02-04,2007-01-31,FNT-000003
CRG-001182,ATR-000504,INS-000001,"Deputado federal (titular), legislatura 53",eleito,2007-02-01,2011-01-31,FNT-000003
CRG-001183,ATR-000504,INS-000001,"Deputado federal (titular), legislatura 54",eleito,2011-02-01,2015-01-31,FNT-000003
CRG-001184,ATR-000505,INS-000001,"Deputado federal (titular), legislatura 52",eleito,2003-02-01,2007-01-31,FNT-000003
CRG-001185,ATR-000505,INS-000001,"Deputado federal (titular), legislatura 55",eleito,2015-02-01,2016-12-31,FNT-000003
CRG-001186,ATR-000506,INS-000001,"Deputado federal (titular), legislatura 52",eleito,2003-02-01,2007-01-31,FNT-000003
CRG-001187,ATR-000506,INS-000001,"Deputado federal (titular), legislatura 53",eleito,2007-02-01,2011-01-31,FNT-000003
CRG-001188,ATR-000506,INS-000001,"Deputado federal (titular), legislatura 54",eleito,2011-02-01,2015-01-31,FNT-000003
CRG-001189,ATR-000506,INS-000001,"Deputado federal (titular), legislatura 55",eleito,2015-02-01,2019-01-31,FNT-000003
CRG-001190,ATR-000506,INS-000001,"Deputado federal (titular), legislatura 56",eleito,2019-02-01,2023-01-31,FNT-000003
CRG-001191,ATR-000507,INS-000001,"Deputado federal (titular), legislatura 52",eleito,2003-02-01,2007-01-31,FNT-000003
CRG-001192,ATR-000507,INS-000001,"Deputado federal (titular), legislatura 53",eleito,2007-02-01,2011-01-31,FNT-000003
CRG-001193,ATR-000507,INS-000001,"Deputado federal (titular), legislatura 54",eleito,2011-02-01,2015-01-31,FNT-000003
CRG-001194,ATR-000507,INS-000001,"Deputado federal (titular), legislatura 55",eleito,2015-02-01,2019-01-31,FNT-000003
CRG-001195,ATR-000508,INS-000001,"Deputado federal, legislatura 53",eleito,2009-10-05,2011-01-31,FNT-000003
CRG-001196,ATR-000509,INS-000001,"Deputado federal (suplente), legislatura 52",eleito,2003-02-12,2007-01-31,FNT-000003
CRG-001197,ATR-000510,INS-000001,"Deputado federal (suplente), legislatura 52",eleito,2003-02-13,2004-06-23,FNT-000003
CRG-001198,ATR-000511,INS-000001,"Deputado federal (titular), legislatura 52",eleito,2003-02-01,2007-01-31,FNT-000003
CRG-001199,ATR-000512,INS-000001,"Deputado federal (suplente), legislatura 52",eleito,2004-07-01,2004-11-23,FNT-000003
CRG-001200,ATR-000512,INS-000001,"Deputado federal (titular), legislatura 53",eleito,2007-02-01,2011-01-31,FNT-000003
CRG-001201,ATR-000512,INS-000001,"Deputado federal (titular), legislatura 54",eleito,2011-02-01,2015-01-31,FNT-000003
CRG-001202,ATR-000512,INS-000001,"Deputado federal (titular), legislatura 55",eleito,2015-02-01,2019-01-31,FNT-000003
CRG-001203,ATR-000512,INS-000001,"Deputado federal (titular), legislatura 56",eleito,2019-02-01,2023-01-31,FNT-000003
CRG-001204,ATR-000512,INS-000001,"Deputado federal (titular), legislatura 57",eleito,2023-02-01,,FNT-000003
CRG-001205,ATR-000513,INS-000001,"Deputado federal (titular), legislatura 52",eleito,2003-02-01,2007-01-31,FNT-000003
CRG-001206,ATR-000514,INS-000001,"Deputado federal (suplente), legislatura 52",eleito,2003-02-27,2007-01-25,FNT-000003
CRG-001207,ATR-000515,INS-000001,"Deputado federal (suplente), legislatura 52",eleito,2003-02-26,2007-01-31,FNT-000003
CRG-001208,ATR-000515,INS-000001,"Deputado federal (titular), legislatura 53",eleito,2007-02-01,2011-01-31,FNT-000003
CRG-001209,ATR-000515,INS-000001,"Deputado federal (suplente), legislatura 55",eleito,2015-12-01,2019-01-31,FNT-000003
CRG-001210,ATR-000516,INS-000001,"Deputado federal (titular), legislatura 52",eleito,2003-02-01,2007-01-31,FNT-000003
CRG-001211,ATR-000516,INS-000001,"Deputado federal (titular), legislatura 53",eleito,2007-02-01,2011-01-31,FNT-000003
CRG-001212,ATR-000516,INS-000001,"Deputado federal, legislatura 54",eleito,2014-03-13,2015-01-02,FNT-000003
CRG-001213,ATR-000516,INS-000001,"Deputado federal (titular), legislatura 55",eleito,2015-02-01,2019-01-31,FNT-000003
CRG-001214,ATR-000516,INS-000001,"Deputado federal (titular), legislatura 56",eleito,2019-02-01,2023-01-02,FNT-000003
CRG-001215,ATR-000517,INS-000001,"Deputado federal (titular), legislatura 52",eleito,2003-02-01,2007-01-31,FNT-000003
CRG-001216,ATR-000517,INS-000001,"Deputado federal (titular), legislatura 53",eleito,2007-02-01,2011-01-31,FNT-000003
CRG-001217,ATR-000518,INS-000001,"Deputado federal, legislatura 52",eleito,2005-09-22,2007-01-31,FNT-000003
CRG-001218,ATR-000519,INS-000001,"Deputado federal (titular), legislatura 52",eleito,2003-02-01,2007-01-31,FNT-000003
CRG-001219,ATR-000519,INS-000001,"Deputado federal (titular), legislatura 53",eleito,2007-02-01,2011-01-31,FNT-000003
CRG-001220,ATR-000519,INS-000001,"Deputado federal (titular), legislatura 54",eleito,2011-02-01,2015-01-31,FNT-000003
CRG-001221,ATR-000519,INS-000001,"Deputado federal (suplente), legislatura 55",eleito,2015-02-04,2018-04-06,FNT-000003
CRG-001222,ATR-000520,INS-000001,"Deputado federal (titular), legislatura 52",eleito,2003-02-01,2007-01-31,FNT-000003
CRG-001223,ATR-000521,INS-000001,"Deputado federal (suplente), legislatura 55",eleito,2017-07-17,2018-04-10,FNT-000003
CRG-001224,ATR-000521,INS-000001,"Deputado federal (titular), legislatura 56",eleito,2019-02-01,2023-01-31,FNT-000003
CRG-001225,ATR-000521,INS-000001,"Deputado federal (titular), legislatura 57",eleito,2023-02-01,,FNT-000003
CRG-001226,ATR-000522,INS-000001,"Deputado federal (titular), legislatura 52",eleito,2003-02-01,2007-01-31,FNT-000003
CRG-001227,ATR-000523,INS-000001,"Deputado federal (suplente), legislatura 52",eleito,2003-02-03,2007-01-30,FNT-000003
CRG-001228,ATR-000524,INS-000001,"Deputado federal (suplente), legislatura 52",eleito,2003-02-04,2006-04-03,FNT-000003
CRG-001230,ATR-000525,INS-000001,"Deputado federal (suplente), legislatura 52",eleito,2003-02-06,2005-07-12,FNT-000003
CRG-001231,ATR-000526,INS-000001,"Deputado federal (suplente), legislatura 52",eleito,2003-02-03,2007-01-31,FNT-000003
CRG-001232,ATR-000527,INS-000001,"Deputado federal (suplente), legislatura 52",eleito,2003-02-03,2007-01-31,FNT-000003
CRG-001233,ATR-000528,INS-000001,"Deputado federal (suplente), legislatura 52",eleito,2003-02-04,2007-01-31,FNT-000003
CRG-001234,ATR-000529,INS-000001,"Deputado federal (suplente), legislatura 52",eleito,2003-02-18,2007-01-31,FNT-000003
CRG-001235,ATR-000530,INS-000001,"Deputado federal (suplente), legislatura 52",eleito,2003-02-19,2007-01-31,FNT-000003
CRG-001237,ATR-000531,INS-000001,"Deputado federal (suplente), legislatura 52",eleito,2003-04-10,2007-01-31,FNT-000003
CRG-001238,ATR-000532,INS-000001,"Deputado federal, legislatura 52",eleito,2003-05-13,2007-01-31,FNT-000003
CRG-001239,ATR-000533,INS-000001,"Deputado federal (suplente), legislatura 52",eleito,2003-05-22,2007-01-31,FNT-000003
CRG-001240,ATR-000533,INS-000001,"Deputado federal (suplente), legislatura 53",eleito,2009-05-12,2010-04-07,FNT-000003
CRG-001241,ATR-000534,INS-000001,"Deputado federal, legislatura 52",eleito,2003-08-05,2007-01-31,FNT-000003
CRG-001242,ATR-000534,INS-000001,"Deputado federal (titular), legislatura 53",eleito,2007-02-01,2011-01-31,FNT-000003
CRG-001243,ATR-000534,INS-000001,"Deputado federal (suplente), legislatura 54",eleito,2011-02-03,2014-04-03,FNT-000003
CRG-001244,ATR-000535,INS-000001,"Deputado federal (suplente), legislatura 52",eleito,2003-08-12,2007-01-31,FNT-000003
CRG-001245,ATR-000536,INS-000001,"Deputado federal (suplente), legislatura 52",eleito,2003-12-02,2005-09-27,FNT-000003
CRG-001246,ATR-000537,INS-000001,"Deputado federal (suplente), legislatura 52",eleito,2004-01-26,2007-01-31,FNT-000003
CRG-001247,ATR-000538,INS-000001,"Deputado federal (suplente), legislatura 52",eleito,2004-01-27,2007-01-02,FNT-000003
CRG-001248,ATR-000539,INS-000001,"Deputado federal (suplente), legislatura 52",eleito,2004-01-27,2005-06-22,FNT-000003
CRG-001249,ATR-000540,INS-000001,"Deputado federal (suplente), legislatura 52",eleito,2004-03-02,2006-02-01,FNT-000003
CRG-001250,ATR-000541,INS-000001,"Deputado federal (titular), legislatura 52",eleito,2003-02-01,2007-01-31,FNT-000003
CRG-001251,ATR-000541,INS-000001,"Deputado federal (titular), legislatura 53",eleito,2007-02-01,2011-01-31,FNT-000003
CRG-001252,ATR-000542,INS-000001,"Deputado federal (titular), legislatura 52",eleito,2003-02-01,2007-01-31,FNT-000003
CRG-001253,ATR-000543,INS-000001,"Deputado federal (suplente), legislatura 52",eleito,2004-03-03,2004-07-05,FNT-000003
CRG-001254,ATR-000544,INS-000001,"Deputado federal (titular), legislatura 52",eleito,2003-02-01,2007-01-31,FNT-000003
CRG-001255,ATR-000545,INS-000001,"Deputado federal (titular), legislatura 53",eleito,2007-02-01,2010-08-04,FNT-000003
CRG-001256,ATR-000546,INS-000001,"Deputado federal (suplente), legislatura 52",eleito,2007-01-02,2007-01-31,FNT-000003
CRG-001257,ATR-000546,INS-000001,"Deputado federal (titular), legislatura 53",eleito,2007-02-01,2011-01-31,FNT-000003
CRG-001258,ATR-000546,INS-000001,"Deputado federal (suplente), legislatura 54",eleito,2011-02-03,2015-01-31,FNT-000003
CRG-001259,ATR-000547,INS-000001,"Deputado federal (titular), legislatura 52",eleito,2003-02-01,2007-01-03,FNT-000003
CRG-001260,ATR-000548,INS-000001,"Deputado federal (titular), legislatura 55",eleito,2015-02-01,2019-01-31,FNT-000003
CRG-001261,ATR-000549,INS-000001,"Deputado federal (titular), legislatura 52",eleito,2003-02-01,2007-01-31,FNT-000003
CRG-001262,ATR-000549,INS-000001,"Deputado federal (titular), legislatura 53",eleito,2007-02-01,2011-01-31,FNT-000003
CRG-001263,ATR-000549,INS-000001,"Deputado federal (titular), legislatura 54",eleito,2011-02-01,2015-01-31,FNT-000003
CRG-001264,ATR-000549,INS-000001,"Deputado federal (titular), legislatura 55",eleito,2015-02-01,2019-01-31,FNT-000003
CRG-001265,ATR-000549,INS-000001,"Deputado federal (titular), legislatura 56",eleito,2019-02-01,2023-01-31,FNT-000003
CRG-001266,ATR-000549,INS-000001,"Deputado federal (titular), legislatura 57",eleito,2023-02-01,,FNT-000003
CRG-001267,ATR-000550,INS-000001,"Deputado federal (titular), legislatura 52",eleito,2003-02-01,2006-08-15,FNT-000003
CRG-001268,ATR-000551,INS-000001,"Deputado federal (titular), legislatura 52",eleito,2003-02-01,2007-01-31,FNT-000003
CRG-001269,ATR-000551,INS-000001,"Deputado federal (titular), legislatura 53",eleito,2007-02-01,2011-01-31,FNT-000003
CRG-001270,ATR-000552,INS-000001,"Deputado federal (titular), legislatura 52",eleito,2003-02-01,2007-01-31,FNT-000003
CRG-001271,ATR-000552,INS-000001,"Deputado federal (titular), legislatura 53",eleito,2007-02-01,2011-01-31,FNT-000003
CRG-001272,ATR-000553,INS-000001,"Deputado federal (titular), legislatura 52",eleito,2003-02-01,2007-01-31,FNT-000003
CRG-001273,ATR-000553,INS-000001,"Deputado federal (suplente), legislatura 53",eleito,2009-08-21,2011-01-31,FNT-000003
CRG-001274,ATR-000554,INS-000001,"Deputado federal (titular), legislatura 52",eleito,2003-02-01,2007-01-31,FNT-000003
CRG-001275,ATR-000554,INS-000001,"Deputado federal (titular), legislatura 53",eleito,2007-02-01,2011-01-31,FNT-000003
CRG-001276,ATR-000555,INS-000001,"Deputado federal (titular), legislatura 52",eleito,2003-02-01,2007-01-31,FNT-000003
CRG-001277,ATR-000555,INS-000001,"Deputado federal (titular), legislatura 53",eleito,2007-02-01,2011-01-31,FNT-000003
CRG-001278,ATR-000555,INS-000001,"Deputado federal (titular), legislatura 54",eleito,2011-02-01,2014-12-31,FNT-000003
CRG-001279,ATR-000555,INS-000001,"Deputado federal (titular), legislatura 57",eleito,2023-02-01,2026-04-08,FNT-000003
CRG-001280,ATR-000556,INS-000001,"Deputado federal (titular), legislatura 52",eleito,2003-02-01,2007-01-31,FNT-000003
CRG-001281,ATR-000556,INS-000001,"Deputado federal (titular), legislatura 53",eleito,2007-02-01,2011-01-31,FNT-000003
CRG-001282,ATR-000557,INS-000001,"Deputado federal (titular), legislatura 52",eleito,2003-02-01,2007-01-31,FNT-000003
CRG-001283,ATR-000557,INS-000001,"Deputado federal (titular), legislatura 53",eleito,2007-02-01,2011-01-31,FNT-000003
CRG-001284,ATR-000557,INS-000001,"Deputado federal (titular), legislatura 55",eleito,2015-02-01,2019-01-31,FNT-000003
CRG-001285,ATR-000558,INS-000001,"Deputado federal (titular), legislatura 52",eleito,2003-02-01,2007-01-31,FNT-000003
CRG-001286,ATR-000558,INS-000001,"Deputado federal (titular), legislatura 53",eleito,2007-02-01,2011-01-31,FNT-000003
CRG-001287,ATR-000558,INS-000001,"Deputado federal (titular), legislatura 54",eleito,2011-02-01,2015-01-31,FNT-000003
CRG-001288,ATR-000558,INS-000001,"Deputado federal (titular), legislatura 55",eleito,2015-02-01,2019-01-31,FNT-000003
CRG-001289,ATR-000558,INS-000001,"Deputado federal (titular), legislatura 56",eleito,2019-02-01,2023-01-31,FNT-000003
CRG-001290,ATR-000558,INS-000001,"Deputado federal (titular), legislatura 57",eleito,2023-02-01,,FNT-000003
CRG-001291,ATR-000559,INS-000001,"Deputado federal (titular), legislatura 53",eleito,2007-02-01,2011-01-31,FNT-000003
CRG-001292,ATR-000559,INS-000001,"Deputado federal (titular), legislatura 54",eleito,2011-02-01,2015-01-31,FNT-000003
CRG-001293,ATR-000560,INS-000001,"Deputado federal (titular), legislatura 52",eleito,2003-02-01,2005-12-12,FNT-000003
CRG-001294,ATR-000561,INS-000001,"Deputado federal (titular), legislatura 52",eleito,2003-02-01,2007-01-31,FNT-000003
CRG-001295,ATR-000561,INS-000001,"Deputado federal (titular), legislatura 53",eleito,2007-02-01,2011-01-31,FNT-000003
CRG-001296,ATR-000561,INS-000001,"Deputado federal (titular), legislatura 54",eleito,2011-02-01,2015-01-31,FNT-000003
CRG-001297,ATR-000561,INS-000001,"Deputado federal (titular), legislatura 55",eleito,2015-02-01,2019-01-31,FNT-000003
CRG-001298,ATR-000562,INS-000001,"Deputado federal (titular), legislatura 52",eleito,2003-02-01,2007-01-31,FNT-000003
CRG-001299,ATR-000562,INS-000001,"Deputado federal (suplente), legislatura 54",eleito,2012-06-18,2014-11-09,FNT-000003
CRG-001300,ATR-000563,INS-000001,"Deputado federal (suplente), legislatura 52",eleito,2004-07-08,2006-02-14,FNT-000003
CRG-001301,ATR-000564,INS-000001,"Deputado federal (titular), legislatura 52",eleito,2003-02-01,2007-01-31,FNT-000003
CRG-001302,ATR-000564,INS-000001,"Deputado federal, legislatura 53",eleito,2011-01-05,2011-01-31,FNT-000003
CRG-001303,ATR-000565,INS-000001,"Deputado federal (titular), legislatura 53",eleito,2007-02-01,2011-01-31,FNT-000003
CRG-001304,ATR-000565,INS-000001,"Deputado federal (titular), legislatura 54",eleito,2011-02-01,2015-01-31,FNT-000003
CRG-001305,ATR-000566,INS-000001,"Deputado federal (titular), legislatura 52",eleito,2003-02-01,2007-01-31,FNT-000003
CRG-001306,ATR-000567,INS-000001,"Deputado federal (titular), legislatura 52",eleito,2003-02-01,2007-01-31,FNT-000003
CRG-001307,ATR-000568,INS-000001,"Deputado federal (titular), legislatura 52",eleito,2003-02-01,2007-01-31,FNT-000003
CRG-001308,ATR-000568,INS-000001,"Deputado federal (titular), legislatura 53",eleito,2007-02-01,2011-01-31,FNT-000003
CRG-001309,ATR-000568,INS-000001,"Deputado federal (titular), legislatura 54",eleito,2011-02-01,2015-01-31,FNT-000003
CRG-001310,ATR-000568,INS-000001,"Deputado federal (titular), legislatura 55",eleito,2015-02-01,2019-01-31,FNT-000003
CRG-001311,ATR-000569,INS-000001,"Deputado federal (titular), legislatura 52",eleito,2003-02-01,2007-01-31,FNT-000003
CRG-001312,ATR-000569,INS-000001,"Deputado federal (titular), legislatura 53",eleito,2007-02-01,2011-01-31,FNT-000003
CRG-001313,ATR-000569,INS-000001,"Deputado federal (titular), legislatura 54",eleito,2011-02-01,2015-01-31,FNT-000003
CRG-001314,ATR-000569,INS-000001,"Deputado federal (titular), legislatura 55",eleito,2015-02-01,2019-01-31,FNT-000003
CRG-001315,ATR-000569,INS-000001,"Deputado federal (titular), legislatura 56",eleito,2019-02-01,2021-09-16,FNT-000003
CRG-001316,ATR-000570,INS-000001,"Deputado federal (titular), legislatura 52",eleito,2003-02-01,2007-01-31,FNT-000003
CRG-001317,ATR-000570,INS-000001,"Deputado federal (titular), legislatura 53",eleito,2007-02-01,2011-01-31,FNT-000003
CRG-001318,ATR-000570,INS-000001,"Deputado federal (titular), legislatura 54",eleito,2011-02-01,2015-01-31,FNT-000003
CRG-001319,ATR-000570,INS-000001,"Deputado federal (titular), legislatura 55",eleito,2015-02-01,2019-01-31,FNT-000003
CRG-001320,ATR-000570,INS-000001,"Deputado federal (suplente), legislatura 56",eleito,2019-03-14,2023-01-05,FNT-000003
CRG-001321,ATR-000570,INS-000001,"Deputado federal (titular), legislatura 57",eleito,2023-02-01,,FNT-000003
CRG-001322,ATR-000571,INS-000001,"Deputado federal (titular), legislatura 52",eleito,2003-02-01,2007-01-31,FNT-000003
CRG-001323,ATR-000572,INS-000001,"Deputado federal (suplente), legislatura 52",eleito,2003-02-04,2007-01-31,FNT-000003
CRG-001325,ATR-000573,INS-000001,"Deputado federal (titular), legislatura 52",eleito,2003-02-01,2007-01-02,FNT-000003
CRG-001326,ATR-000573,INS-000001,"Deputado federal (titular), legislatura 53",eleito,2007-02-01,2009-01-01,FNT-000003
CRG-001327,ATR-000574,INS-000001,"Deputado federal (titular), legislatura 52",eleito,2003-02-02,2007-01-31,FNT-000003
CRG-001328,ATR-000574,INS-000001,"Deputado federal (titular), legislatura 53",eleito,2007-02-01,2011-01-31,FNT-000003
CRG-001329,ATR-000574,INS-000001,"Deputado federal (suplente), legislatura 54",eleito,2014-02-25,2014-04-04,FNT-000003
CRG-001330,ATR-000575,INS-000001,"Deputado federal (titular), legislatura 52",eleito,2003-02-01,2007-01-31,FNT-000003
CRG-001331,ATR-000575,INS-000001,"Deputado federal (titular), legislatura 53",eleito,2007-02-01,2011-01-31,FNT-000003
CRG-001332,ATR-000575,INS-000001,"Deputado federal (titular), legislatura 54",eleito,2011-02-01,2013-01-01,FNT-000003
CRG-001333,ATR-000575,INS-000001,"Deputado federal, legislatura 57",eleito,2026-09-15,,FNT-000003
CRG-001334,ATR-000576,INS-000001,"Deputado federal (titular), legislatura 52",eleito,2003-02-01,2007-01-31,FNT-000003
CRG-001335,ATR-000577,INS-000001,"Deputado federal (titular), legislatura 52",eleito,2003-02-01,2007-01-31,FNT-000003
CRG-001336,ATR-000577,INS-000001,"Deputado federal (titular), legislatura 53",eleito,2007-02-01,2011-01-31,FNT-000003
CRG-001337,ATR-000577,INS-000001,"Deputado federal (titular), legislatura 54",eleito,2011-02-01,2015-01-31,FNT-000003
CRG-001338,ATR-000577,INS-000001,"Deputado federal (titular), legislatura 55",eleito,2015-02-01,2019-01-31,FNT-000003
CRG-001339,ATR-000577,INS-000001,"Deputado federal (titular), legislatura 56",eleito,2019-02-01,2023-01-31,FNT-000003
CRG-001340,ATR-000577,INS-000001,"Deputado federal (titular), legislatura 57",eleito,2023-02-01,,FNT-000003
CRG-001341,ATR-000578,INS-000001,"Deputado federal (titular), legislatura 52",eleito,2003-02-01,2007-01-31,FNT-000003
CRG-001342,ATR-000578,INS-000001,"Deputado federal (titular), legislatura 53",eleito,2007-02-01,2008-12-31,FNT-000003
CRG-001343,ATR-000579,INS-000001,"Deputado federal (suplente), legislatura 52",eleito,2004-12-22,2006-03-31,FNT-000003
CRG-001344,ATR-000579,INS-000001,"Deputado federal (titular), legislatura 53",eleito,2007-02-01,2011-01-31,FNT-000003
CRG-001345,ATR-000580,INS-000001,"Deputado federal (titular), legislatura 52",eleito,2003-02-01,2007-01-31,FNT-000003
CRG-001346,ATR-000580,INS-000001,"Deputado federal (titular), legislatura 53",eleito,2007-02-01,2011-01-31,FNT-000003
CRG-001347,ATR-000581,INS-000001,"Deputado federal (titular), legislatura 52",eleito,2003-02-01,2007-01-31,FNT-000003
CRG-001349,ATR-000582,INS-000001,"Deputado federal (titular), legislatura 52",eleito,2003-02-01,2005-01-01,FNT-000003
CRG-001350,ATR-000583,INS-000001,"Deputado federal (titular), legislatura 52",eleito,2003-02-01,2007-01-31,FNT-000003
CRG-001351,ATR-000583,INS-000001,"Deputado federal (titular), legislatura 53",eleito,2007-02-01,2011-01-31,FNT-000003
CRG-001352,ATR-000584,INS-000001,"Deputado federal (titular), legislatura 53",eleito,2007-02-01,2011-01-31,FNT-000003
CRG-001353,ATR-000584,INS-000001,"Deputado federal (titular), legislatura 54",eleito,2011-02-01,2015-01-31,FNT-000003
CRG-001354,ATR-000584,INS-000001,"Deputado federal (suplente), legislatura 55",eleito,2017-06-27,2017-10-19,FNT-000003
CRG-001355,ATR-000585,INS-000001,"Deputado federal (titular), legislatura 52",eleito,2003-02-01,2007-01-31,FNT-000003
CRG-001356,ATR-000585,INS-000001,"Deputado federal (titular), legislatura 53",eleito,2007-02-01,2011-01-01,FNT-000003
CRG-001357,ATR-000585,INS-000001,"Deputado federal (titular), legislatura 54",eleito,2011-02-01,2014-06-05,FNT-000003
CRG-001358,ATR-000586,INS-000001,"Deputado federal (titular), legislatura 52",eleito,2003-02-01,2007-01-31,FNT-000003
CRG-001359,ATR-000587,INS-000001,"Deputado federal, legislatura 52",eleito,2006-08-21,2007-01-31,FNT-000003
CRG-001360,ATR-000588,INS-000001,"Deputado federal (titular), legislatura 52",eleito,2003-02-01,2007-01-31,FNT-000003
CRG-001361,ATR-000588,INS-000001,"Deputado federal (titular), legislatura 53",eleito,2007-02-01,2011-01-31,FNT-000003
CRG-001362,ATR-000589,INS-000001,"Deputado federal (titular), legislatura 56",eleito,2019-02-01,2023-01-31,FNT-000003
CRG-001363,ATR-000589,INS-000001,"Deputado federal (titular), legislatura 57",eleito,2023-02-01,,FNT-000003
CRG-001364,ATR-000590,INS-000001,"Deputado federal (titular), legislatura 52",eleito,2003-02-01,2007-01-31,FNT-000003
CRG-001365,ATR-000590,INS-000001,"Deputado federal (titular), legislatura 53",eleito,2007-02-01,2011-01-31,FNT-000003
CRG-001366,ATR-000590,INS-000001,"Deputado federal (titular), legislatura 54",eleito,2011-02-01,2014-11-13,FNT-000003
CRG-001367,ATR-000591,INS-000001,"Deputado federal (titular), legislatura 52",eleito,2003-02-01,2007-01-31,FNT-000003
CRG-001368,ATR-000591,INS-000001,"Deputado federal (titular), legislatura 53",eleito,2007-02-01,2011-01-31,FNT-000003
CRG-001369,ATR-000591,INS-000001,"Deputado federal (suplente), legislatura 54",eleito,2011-02-04,2015-01-31,FNT-000003
CRG-001370,ATR-000591,INS-000001,"Deputado federal (titular), legislatura 55",eleito,2015-02-01,2019-01-31,FNT-000003
CRG-001371,ATR-000592,INS-000001,"Deputado federal (titular), legislatura 52",eleito,2003-02-01,2007-01-31,FNT-000003
CRG-001372,ATR-000592,INS-000001,"Deputado federal (titular), legislatura 53",eleito,2007-02-01,2011-01-31,FNT-000003
CRG-001373,ATR-000592,INS-000001,"Deputado federal (titular), legislatura 54",eleito,2011-02-01,2015-01-31,FNT-000003
CRG-001374,ATR-000592,INS-000001,"Deputado federal (titular), legislatura 55",eleito,2015-02-01,2019-01-31,FNT-000003
CRG-001375,ATR-000593,INS-000001,"Deputado federal (titular), legislatura 52",eleito,2003-02-01,2006-10-03,FNT-000003
CRG-001376,ATR-000594,INS-000001,"Deputado federal (titular), legislatura 52",eleito,2003-02-01,2007-01-31,FNT-000003
CRG-001377,ATR-000594,INS-000001,"Deputado federal (titular), legislatura 53",eleito,2007-02-01,2011-01-31,FNT-000003
CRG-001378,ATR-000594,INS-000001,"Deputado federal (titular), legislatura 54",eleito,2011-02-01,2015-01-31,FNT-000003
CRG-001379,ATR-000594,INS-000001,"Deputado federal (titular), legislatura 55",eleito,2015-02-01,2019-01-31,FNT-000003
CRG-001380,ATR-000594,INS-000001,"Deputado federal (titular), legislatura 56",eleito,2019-02-01,2023-01-31,FNT-000003
CRG-001382,ATR-000595,INS-000001,"Deputado federal (titular), legislatura 52",eleito,2003-02-01,2007-01-31,FNT-000003
CRG-001383,ATR-000596,INS-000001,"Deputado federal (titular), legislatura 52",eleito,2003-02-01,2007-01-31,FNT-000003
CRG-001384,ATR-000596,INS-000001,"Deputado federal (titular), legislatura 53",eleito,2007-02-01,2009-07-17,FNT-000003
CRG-001385,ATR-000597,INS-000001,"Deputado federal (titular), legislatura 52",eleito,2003-02-01,2007-01-31,FNT-000003
CRG-001386,ATR-000598,INS-000001,"Deputado federal (titular), legislatura 53",eleito,2007-02-01,2011-01-31,FNT-000003
CRG-001387,ATR-000598,INS-000001,"Deputado federal (suplente), legislatura 54",eleito,2012-12-19,2015-01-26,FNT-000003
CRG-001389,ATR-000599,INS-000001,"Deputado federal (suplente), legislatura 52",eleito,2003-02-05,2007-01-31,FNT-000003
CRG-001390,ATR-000600,INS-000001,"Deputado federal (titular), legislatura 52",eleito,2003-02-01,2007-01-31,FNT-000003
CRG-001391,ATR-000600,INS-000001,"Deputado federal (titular), legislatura 53",eleito,2007-02-01,2011-01-31,FNT-000003
CRG-001392,ATR-000600,INS-000001,"Deputado federal (titular), legislatura 54",eleito,2011-02-01,2015-01-31,FNT-000003
CRG-001393,ATR-000600,INS-000001,"Deputado federal (titular), legislatura 55",eleito,2015-02-01,2019-01-31,FNT-000003
CRG-001394,ATR-000601,INS-000001,"Deputado federal (titular), legislatura 52",eleito,2003-02-01,2004-12-31,FNT-000003
CRG-001395,ATR-000602,INS-000001,"Deputado federal (titular), legislatura 52",eleito,2003-02-01,2007-01-31,FNT-000003
CRG-001396,ATR-000603,INS-000001,"Deputado federal (titular), legislatura 52",eleito,2003-02-01,2005-09-12,FNT-000003
CRG-001397,ATR-000604,INS-000001,"Deputado federal (titular), legislatura 52",eleito,2003-02-01,2007-01-31,FNT-000003
CRG-001398,ATR-000605,INS-000001,"Deputado federal (titular), legislatura 52",eleito,2003-02-01,2007-01-01,FNT-000003
CRG-001399,ATR-000606,INS-000001,"Deputado federal (titular), legislatura 52",eleito,2003-02-01,2007-01-31,FNT-000003
CRG-001400,ATR-000606,INS-000001,"Deputado federal (titular), legislatura 53",eleito,2007-02-01,2010-11-04,FNT-000003
CRG-001401,ATR-000606,INS-000001,"Deputado federal (titular), legislatura 54",eleito,2011-02-01,2015-01-31,FNT-000003
CRG-001402,ATR-000607,INS-000001,"Deputado federal (titular), legislatura 52",eleito,2003-02-01,2007-01-31,FNT-000003
CRG-001403,ATR-000607,INS-000001,"Deputado federal (titular), legislatura 53",eleito,2007-02-01,2011-01-01,FNT-000003
CRG-001404,ATR-000607,INS-000001,"Deputado federal (titular), legislatura 54",eleito,2011-02-01,2015-01-31,FNT-000003
CRG-001405,ATR-000607,INS-000001,"Deputado federal (titular), legislatura 55",eleito,2015-02-01,2019-01-31,FNT-000003
CRG-001406,ATR-000608,INS-000001,"Deputado federal (suplente), legislatura 52",eleito,2003-03-12,2003-09-03,FNT-000003
CRG-001407,ATR-000609,INS-000001,"Deputado federal (titular), legislatura 52",eleito,2003-02-01,2007-01-31,FNT-000003
CRG-001408,ATR-000610,INS-000001,"Deputado federal (titular), legislatura 52",eleito,2003-02-01,2007-01-31,FNT-000003
CRG-001409,ATR-000610,INS-000001,"Deputado federal (titular), legislatura 53",eleito,2007-02-01,2011-01-31,FNT-000003
CRG-001410,ATR-000610,INS-000001,"Deputado federal (titular), legislatura 54",eleito,2011-02-01,2015-01-31,FNT-000003
CRG-001411,ATR-000610,INS-000001,"Deputado federal (titular), legislatura 55",eleito,2015-02-01,2019-01-31,FNT-000003
CRG-001412,ATR-000610,INS-000001,"Deputado federal (titular), legislatura 56",eleito,2019-02-01,2023-01-31,FNT-000003
CRG-001413,ATR-000611,INS-000001,"Deputado federal (suplente), legislatura 54",eleito,2011-02-14,2012-12-26,FNT-000003
CRG-001414,ATR-000611,INS-000001,"Deputado federal (titular), legislatura 57",eleito,2023-02-01,2025-01-01,FNT-000003
CRG-001415,ATR-000612,INS-000001,"Deputado federal (titular), legislatura 52",eleito,2003-02-01,2007-01-31,FNT-000003
CRG-001416,ATR-000613,INS-000001,"Deputado federal (titular), legislatura 52",eleito,2003-02-01,2007-01-31,FNT-000003
CRG-001417,ATR-000614,INS-000001,"Deputado federal (titular), legislatura 53",eleito,2007-02-01,2011-01-01,FNT-000003
CRG-001418,ATR-000615,INS-000001,"Deputado federal (titular), legislatura 52",eleito,2003-02-01,2007-01-31,FNT-000003
CRG-001419,ATR-000616,INS-000001,"Deputado federal (titular), legislatura 52",eleito,2003-02-01,2005-01-01,FNT-000003
CRG-001420,ATR-000617,INS-000001,"Deputado federal (titular), legislatura 52",eleito,2003-02-01,2007-01-31,FNT-000003
CRG-001421,ATR-000617,INS-000001,"Deputado federal (titular), legislatura 53",eleito,2007-02-01,2011-01-31,FNT-000003
CRG-001422,ATR-000618,INS-000001,"Deputado federal (titular), legislatura 52",eleito,2003-02-01,2007-01-31,FNT-000003
CRG-001423,ATR-000618,INS-000001,"Deputado federal (titular), legislatura 53",eleito,2007-02-01,2011-01-31,FNT-000003
CRG-001424,ATR-000618,INS-000001,"Deputado federal (titular), legislatura 54",eleito,2011-02-01,2015-01-31,FNT-000003
CRG-001425,ATR-000619,INS-000001,"Deputado federal (titular), legislatura 52",eleito,2003-02-01,2007-01-31,FNT-000003
CRG-001426,ATR-000619,INS-000001,"Deputado federal (titular), legislatura 53",eleito,2007-02-01,2011-01-31,FNT-000003
CRG-001427,ATR-000619,INS-000001,"Deputado federal (titular), legislatura 54",eleito,2011-02-01,2013-01-01,FNT-000003
CRG-001428,ATR-000620,INS-000001,"Deputado federal, legislatura 53",eleito,2009-01-06,2011-01-31,FNT-000003
CRG-001429,ATR-000620,INS-000001,"Deputado federal (suplente), legislatura 54",eleito,2015-01-06,2015-01-31,FNT-000003
CRG-001430,ATR-000621,INS-000001,"Deputado federal (titular), legislatura 53",eleito,2007-02-01,2011-01-31,FNT-000003
CRG-001431,ATR-000621,INS-000001,"Deputado federal (titular), legislatura 54",eleito,2011-02-01,2013-07-15,FNT-000003
CRG-001432,ATR-000622,INS-000001,"Deputado federal (titular), legislatura 52",eleito,2003-02-01,2007-01-31,FNT-000003
CRG-001433,ATR-000622,INS-000001,"Deputado federal (titular), legislatura 53",eleito,2007-02-01,2011-01-31,FNT-000003
CRG-001434,ATR-000622,INS-000001,"Deputado federal (titular), legislatura 54",eleito,2011-02-01,2015-01-31,FNT-000003
CRG-001435,ATR-000622,INS-000001,"Deputado federal (titular), legislatura 55",eleito,2015-02-01,2019-01-31,FNT-000003
CRG-001436,ATR-000622,INS-000001,"Deputado federal (titular), legislatura 56",eleito,2019-02-01,2023-01-31,FNT-000003
CRG-001437,ATR-000623,INS-000001,"Deputado federal (titular), legislatura 54",eleito,2011-02-01,2015-01-31,FNT-000003
CRG-001438,ATR-000624,INS-000001,"Deputado federal, legislatura 54",eleito,2013-01-03,2015-01-31,FNT-000003
CRG-001439,ATR-000624,INS-000001,"Deputado federal (suplente), legislatura 55",eleito,2015-02-12,2016-04-01,FNT-000003
CRG-001440,ATR-000625,INS-000001,"Deputado federal (titular), legislatura 52",eleito,2003-02-01,2005-01-01,FNT-000003
CRG-001441,ATR-000625,INS-000001,"Deputado federal (titular), legislatura 55",eleito,2015-02-01,2018-12-11,FNT-000003
CRG-001442,ATR-000626,INS-000001,"Deputado federal (titular), legislatura 52",eleito,2003-02-01,2007-01-31,FNT-000003
CRG-001443,ATR-000627,INS-000001,"Deputado federal (titular), legislatura 52",eleito,2003-02-01,2007-01-31,FNT-000003
CRG-001444,ATR-000627,INS-000001,"Deputado federal, legislatura 53",eleito,2009-09-01,2011-01-31,FNT-000003
CRG-001445,ATR-000628,INS-000001,"Deputado federal (titular), legislatura 52",eleito,2003-02-01,2007-01-31,FNT-000003
CRG-001446,ATR-000629,INS-000001,"Deputado federal (titular), legislatura 52",eleito,2003-02-01,2007-01-31,FNT-000003
CRG-001447,ATR-000630,INS-000001,"Deputado federal (suplente), legislatura 52",eleito,2003-02-04,2007-01-31,FNT-000003
CRG-001448,ATR-000631,INS-000001,"Deputado federal (titular), legislatura 52",eleito,2003-02-01,2007-01-31,FNT-000003
CRG-001449,ATR-000631,INS-000001,"Deputado federal (titular), legislatura 53",eleito,2007-02-01,2011-01-31,FNT-000003
CRG-001450,ATR-000631,INS-000001,"Deputado federal (titular), legislatura 54",eleito,2011-02-01,2015-01-31,FNT-000003
CRG-001451,ATR-000631,INS-000001,"Deputado federal (titular), legislatura 55",eleito,2015-02-01,2019-01-31,FNT-000003
CRG-001452,ATR-000632,INS-000001,"Deputado federal (titular), legislatura 52",eleito,2003-02-01,2007-01-31,FNT-000003
CRG-001453,ATR-000633,INS-000001,"Deputado federal (titular), legislatura 52",eleito,2003-02-01,2007-01-31,FNT-000003
CRG-001454,ATR-000633,INS-000001,"Deputado federal, legislatura 53",eleito,2009-04-30,2011-01-31,FNT-000003
CRG-001455,ATR-000633,INS-000001,"Deputado federal (suplente), legislatura 54",eleito,2013-03-19,2015-01-31,FNT-000003
CRG-001456,ATR-000633,INS-000001,"Deputado federal (suplente), legislatura 55",eleito,2015-02-04,2018-05-21,FNT-000003
CRG-001457,ATR-000634,INS-000001,"Deputado federal (titular), legislatura 52",eleito,2003-02-01,2007-01-31,FNT-000003
CRG-001458,ATR-000635,INS-000001,"Deputado federal (titular), legislatura 52",eleito,2003-02-01,2007-01-31,FNT-000003
CRG-001459,ATR-000636,INS-000001,"Deputado federal (titular), legislatura 52",eleito,2003-02-01,2007-01-31,FNT-000003
CRG-001460,ATR-000637,INS-000001,"Deputado federal (titular), legislatura 53",eleito,2007-02-01,2011-01-31,FNT-000003
CRG-001461,ATR-000638,INS-000001,"Deputado federal (titular), legislatura 52",eleito,2003-02-01,2005-01-01,FNT-000003
CRG-001462,ATR-000639,INS-000001,"Deputado federal (titular), legislatura 52",eleito,2003-02-01,2005-01-01,FNT-000003
CRG-001463,ATR-000640,INS-000001,"Deputado federal (titular), legislatura 52",eleito,2003-02-01,2007-01-31,FNT-000003
CRG-001464,ATR-000640,INS-000001,"Deputado federal (suplente), legislatura 53",eleito,2011-01-06,2011-01-31,FNT-000003
CRG-001465,ATR-000640,INS-000001,"Deputado federal (suplente), legislatura 54",eleito,2013-01-03,2015-01-31,FNT-000003
CRG-001466,ATR-000641,INS-000001,"Deputado federal (titular), legislatura 52",eleito,2003-02-01,2007-01-31,FNT-000003
CRG-001467,ATR-000641,INS-000001,"Deputado federal, legislatura 53",eleito,2009-01-06,2009-04-12,FNT-000003
CRG-001468,ATR-000642,INS-000001,"Deputado federal (titular), legislatura 52",eleito,2003-02-01,2005-12-01,FNT-000003
CRG-001469,ATR-000643,INS-000001,"Deputado federal (titular), legislatura 52",eleito,2003-02-01,2007-01-31,FNT-000003
CRG-001470,ATR-000643,INS-000001,"Deputado federal (titular), legislatura 53",eleito,2007-02-01,2011-01-01,FNT-000003
CRG-001471,ATR-000643,INS-000001,"Deputado federal (titular), legislatura 54",eleito,2011-02-01,2015-01-31,FNT-000003
CRG-001472,ATR-000644,INS-000001,"Deputado federal (titular), legislatura 52",eleito,2003-02-01,2007-01-31,FNT-000003
CRG-001473,ATR-000644,INS-000001,"Deputado federal (titular), legislatura 53",eleito,2007-02-01,2011-01-31,FNT-000003
CRG-001474,ATR-000644,INS-000001,"Deputado federal (titular), legislatura 54",eleito,2011-02-01,2015-01-31,FNT-000003
CRG-001475,ATR-000644,INS-000001,"Deputado federal (titular), legislatura 55",eleito,2015-02-01,2019-01-31,FNT-000003
CRG-001476,ATR-000644,INS-000001,"Deputado federal (titular), legislatura 56",eleito,2019-02-01,2023-01-31,FNT-000003
CRG-001477,ATR-000644,INS-000001,"Deputado federal (titular), legislatura 57",eleito,2023-02-01,,FNT-000003
CRG-001478,ATR-000645,INS-000001,"Deputado federal (titular), legislatura 52",eleito,2003-02-01,2007-01-31,FNT-000003
CRG-001479,ATR-000646,INS-000001,"Deputado federal (titular), legislatura 52",eleito,2003-02-01,2007-01-31,FNT-000003
CRG-001480,ATR-000646,INS-000001,"Deputado federal (titular), legislatura 53",eleito,2007-02-01,2011-01-31,FNT-000003
CRG-001481,ATR-000646,INS-000001,"Deputado federal (titular), legislatura 54",eleito,2011-02-01,2015-01-31,FNT-000003
CRG-001482,ATR-000646,INS-000001,"Deputado federal (titular), legislatura 55",eleito,2015-02-01,2019-01-31,FNT-000003
CRG-001483,ATR-000647,INS-000001,"Deputado federal (titular), legislatura 52",eleito,2003-02-01,2007-01-31,FNT-000003
CRG-001484,ATR-000648,INS-000001,"Deputado federal (suplente), legislatura 52",eleito,2003-02-04,2005-04-26,FNT-000003
CRG-001485,ATR-000649,INS-000001,"Deputado federal (titular), legislatura 52",eleito,2003-02-01,2007-01-31,FNT-000003
CRG-001486,ATR-000650,INS-000001,"Deputado federal (titular), legislatura 52",eleito,2003-02-01,2007-01-31,FNT-000003
CRG-001487,ATR-000650,INS-000001,"Deputado federal (titular), legislatura 53",eleito,2007-02-01,2011-01-31,FNT-000003
CRG-001488,ATR-000650,INS-000001,"Deputado federal (titular), legislatura 54",eleito,2011-02-01,2014-04-01,FNT-000003
CRG-001489,ATR-000651,INS-000001,"Deputado federal (suplente), legislatura 52",eleito,2005-01-04,2007-01-01,FNT-000003
CRG-001490,ATR-000652,INS-000001,"Deputado federal (titular), legislatura 52",eleito,2003-02-01,2007-01-31,FNT-000003
CRG-001491,ATR-000652,INS-000001,"Deputado federal (suplente), legislatura 53",eleito,2011-01-10,2011-01-31,FNT-000003
CRG-001492,ATR-000653,INS-000001,"Deputado federal (suplente), legislatura 52",eleito,2004-07-06,2007-01-31,FNT-000003
CRG-001493,ATR-000654,INS-000001,"Deputado federal (titular), legislatura 52",eleito,2003-02-01,2004-12-01,FNT-000003
CRG-001494,ATR-000655,INS-000001,"Deputado federal (titular), legislatura 53",eleito,2007-02-01,2011-01-03,FNT-000003
CRG-001495,ATR-000655,INS-000001,"Deputado federal (titular), legislatura 54",eleito,2011-02-01,2015-01-31,FNT-000003
CRG-001496,ATR-000656,INS-000001,"Deputado federal (titular), legislatura 52",eleito,2003-02-01,2007-01-31,FNT-000003
CRG-001497,ATR-000656,INS-000001,"Deputado federal (titular), legislatura 53",eleito,2007-02-01,2010-12-31,FNT-000003
CRG-001498,ATR-000656,INS-000001,"Deputado federal (suplente), legislatura 56",eleito,2020-05-21,2023-01-31,FNT-000003
CRG-001499,ATR-000657,INS-000001,"Deputado federal (titular), legislatura 52",eleito,2003-02-01,2007-01-31,FNT-000003
CRG-001500,ATR-000657,INS-000001,"Deputado federal (titular), legislatura 53",eleito,2007-02-01,2011-01-31,FNT-000003
CRG-001501,ATR-000658,INS-000001,"Deputado federal (titular), legislatura 52",eleito,2003-02-01,2007-01-31,FNT-000003
CRG-001502,ATR-000658,INS-000001,"Deputado federal (titular), legislatura 53",eleito,2007-02-01,2011-01-31,FNT-000003
CRG-001503,ATR-000658,INS-000001,"Deputado federal (titular), legislatura 54",eleito,2011-02-01,2015-01-31,FNT-000003
CRG-001504,ATR-000658,INS-000001,"Deputado federal (titular), legislatura 55",eleito,2015-02-01,2019-01-31,FNT-000003
CRG-001505,ATR-000659,INS-000001,"Deputado federal (titular), legislatura 52",eleito,2003-02-01,2007-01-31,FNT-000003
CRG-001506,ATR-000659,INS-000001,"Deputado federal (titular), legislatura 53",eleito,2007-02-01,2011-01-31,FNT-000003
CRG-001507,ATR-000659,INS-000001,"Deputado federal (titular), legislatura 54",eleito,2011-02-01,2015-01-31,FNT-000003
CRG-001508,ATR-000660,INS-000001,"Deputado federal (suplente), legislatura 52",eleito,2005-01-17,2007-01-26,FNT-000003
CRG-001509,ATR-000661,INS-000001,"Deputado federal (titular), legislatura 52",eleito,2003-02-01,2007-01-01,FNT-000003
CRG-001510,ATR-000661,INS-000001,"Deputado federal (titular), legislatura 53",eleito,2007-02-01,2010-10-19,FNT-000003
CRG-001511,ATR-000661,INS-000001,"Deputado federal (titular), legislatura 54",eleito,2011-02-01,2012-12-31,FNT-000003
CRG-001512,ATR-000662,INS-000001,"Deputado federal (titular), legislatura 52",eleito,2003-02-01,2007-01-31,FNT-000003
CRG-001513,ATR-000662,INS-000001,"Deputado federal (titular), legislatura 53",eleito,2007-02-01,2011-01-31,FNT-000003
CRG-001514,ATR-000662,INS-000001,"Deputado federal (titular), legislatura 54",eleito,2011-02-01,2015-01-31,FNT-000003
CRG-001515,ATR-000663,INS-000001,"Deputado federal (titular), legislatura 52",eleito,2003-02-01,2007-01-31,FNT-000003
CRG-001516,ATR-000663,INS-000001,"Deputado federal (titular), legislatura 53",eleito,2007-02-01,2011-01-31,FNT-000003
CRG-001517,ATR-000663,INS-000001,"Deputado federal (titular), legislatura 54",eleito,2011-02-01,2015-01-31,FNT-000003
CRG-001518,ATR-000663,INS-000001,"Deputado federal (titular), legislatura 55",eleito,2015-02-01,2019-01-31,FNT-000003
CRG-001519,ATR-000664,INS-000001,"Deputado federal (titular), legislatura 52",eleito,2003-02-01,2007-01-31,FNT-000003
CRG-001520,ATR-000664,INS-000001,"Deputado federal (titular), legislatura 53",eleito,2007-02-01,2011-01-31,FNT-000003
CRG-001521,ATR-000665,INS-000001,"Deputado federal (titular), legislatura 52",eleito,2003-02-01,2007-01-31,FNT-000003
CRG-001522,ATR-000665,INS-000001,"Deputado federal (titular), legislatura 53",eleito,2007-02-01,2011-01-31,FNT-000003
CRG-001523,ATR-000665,INS-000001,"Deputado federal (titular), legislatura 54",eleito,2011-02-01,2015-01-31,FNT-000003
CRG-001524,ATR-000666,INS-000001,"Deputado federal (titular), legislatura 52",eleito,2003-02-01,2007-01-31,FNT-000003
CRG-001525,ATR-000666,INS-000001,"Deputado federal (titular), legislatura 53",eleito,2007-02-01,2011-01-31,FNT-000003
CRG-001526,ATR-000667,INS-000001,"Deputado federal (suplente), legislatura 52",eleito,2003-02-04,2007-01-31,FNT-000003
CRG-001527,ATR-000667,INS-000001,"Deputado federal (suplente), legislatura 53",eleito,2009-12-03,2010-06-02,FNT-000003
CRG-001528,ATR-000668,INS-000001,"Deputado federal (titular), legislatura 52",eleito,2003-02-01,2007-01-31,FNT-000003
CRG-001529,ATR-000668,INS-000001,"Deputado federal (titular), legislatura 53",eleito,2007-02-01,2011-01-31,FNT-000003
CRG-001530,ATR-000668,INS-000001,"Deputado federal (suplente), legislatura 54",eleito,2013-01-03,2014-04-03,FNT-000003
CRG-001531,ATR-000669,INS-000001,"Deputado federal (titular), legislatura 52",eleito,2003-02-01,2007-01-31,FNT-000003
CRG-001532,ATR-000670,INS-000001,"Deputado federal (suplente), legislatura 52",eleito,2003-02-19,2007-01-31,FNT-000003
CRG-001533,ATR-000671,INS-000001,"Deputado federal (titular), legislatura 52",eleito,2003-02-01,2007-01-31,FNT-000003
CRG-001534,ATR-000671,INS-000001,"Deputado federal (titular), legislatura 53",eleito,2007-02-01,2011-01-31,FNT-000003
CRG-001535,ATR-000671,INS-000001,"Deputado federal (titular), legislatura 54",eleito,2011-02-01,2015-01-31,FNT-000003
CRG-001536,ATR-000671,INS-000001,"Deputado federal (titular), legislatura 55",eleito,2015-02-01,2019-01-01,FNT-000003
CRG-001537,ATR-000672,INS-000001,"Deputado federal (titular), legislatura 52",eleito,2003-02-01,2007-01-31,FNT-000003
CRG-001538,ATR-000672,INS-000001,"Deputado federal (titular), legislatura 54",eleito,2011-02-01,2015-01-31,FNT-000003
CRG-001539,ATR-000672,INS-000001,"Deputado federal (titular), legislatura 55",eleito,2015-02-01,2019-01-31,FNT-000003
CRG-001540,ATR-000672,INS-000001,"Deputado federal (titular), legislatura 56",eleito,2019-02-01,2023-01-31,FNT-000003
CRG-001541,ATR-000672,INS-000001,"Deputado federal (titular), legislatura 57",eleito,2023-02-01,,FNT-000003
CRG-001542,ATR-000673,INS-000001,"Deputado federal (titular), legislatura 52",eleito,2003-02-01,2007-01-31,FNT-000003
CRG-001544,ATR-000673,INS-000001,"Deputado federal (suplente), legislatura 55",eleito,2015-10-27,2019-01-31,FNT-000003
CRG-001545,ATR-000673,INS-000001,"Deputado federal (suplente), legislatura 56",eleito,2021-06-23,2022-02-23,FNT-000003
CRG-001546,ATR-000673,INS-000001,"Deputado federal (titular), legislatura 57",eleito,2023-02-01,,FNT-000003
CRG-001547,ATR-000674,INS-000001,"Deputado federal (titular), legislatura 52",eleito,2003-02-01,2004-12-21,FNT-000003
CRG-001548,ATR-000674,INS-000001,"Deputado federal (titular), legislatura 57",eleito,2023-02-01,,FNT-000003
CRG-001549,ATR-000675,INS-000001,"Deputado federal (suplente), legislatura 52",eleito,2005-05-06,2007-01-31,FNT-000003
CRG-001550,ATR-000676,INS-000001,"Deputado federal (titular), legislatura 52",eleito,2003-02-01,2007-01-31,FNT-000003
CRG-001551,ATR-000676,INS-000001,"Deputado federal (titular), legislatura 53",eleito,2007-02-01,2011-01-31,FNT-000003
CRG-001552,ATR-000676,INS-000001,"Deputado federal (titular), legislatura 54",eleito,2011-02-01,2015-01-31,FNT-000003
CRG-001553,ATR-000676,INS-000001,"Deputado federal (titular), legislatura 55",eleito,2015-02-01,2019-01-31,FNT-000003
CRG-001554,ATR-000677,INS-000001,"Deputado federal (titular), legislatura 52",eleito,2003-02-01,2007-01-31,FNT-000003
CRG-001555,ATR-000678,INS-000001,"Deputado federal (suplente), legislatura 54",eleito,2011-02-08,2013-12-04,FNT-000003
CRG-001556,ATR-000678,INS-000001,"Deputado federal (titular), legislatura 56",eleito,2019-02-01,2023-01-31,FNT-000003
CRG-001557,ATR-000679,INS-000001,"Deputado federal (titular), legislatura 54",eleito,2011-02-01,2015-01-31,FNT-000003
CRG-001558,ATR-000679,INS-000001,"Deputado federal (titular), legislatura 55",eleito,2015-02-01,2019-01-31,FNT-000003
CRG-001559,ATR-000680,INS-000001,"Deputado federal (titular), legislatura 54",eleito,2011-02-01,2012-12-31,FNT-000003
CRG-001560,ATR-000681,INS-000001,"Deputado federal (titular), legislatura 56",eleito,2019-02-01,2023-01-17,FNT-000003
CRG-001561,ATR-000682,INS-000001,"Deputado federal (suplente), legislatura 57",eleito,2025-11-18,2026-03-19,FNT-000003
CRG-001562,ATR-000683,INS-000001,"Deputado federal (titular), legislatura 52",eleito,2003-02-01,2007-01-31,FNT-000003
CRG-001563,ATR-000683,INS-000001,"Deputado federal (titular), legislatura 53",eleito,2007-02-01,2010-12-31,FNT-000003
CRG-001564,ATR-000684,INS-000001,"Deputado federal (titular), legislatura 57",eleito,2023-02-01,2026-06-26,FNT-000003
CRG-001565,ATR-000685,INS-000001,"Deputado federal (titular), legislatura 54",eleito,2011-02-01,2015-01-31,FNT-000003
CRG-001566,ATR-000685,INS-000001,"Deputado federal (suplente), legislatura 55",eleito,2015-05-21,2015-09-23,FNT-000003
CRG-001567,ATR-000686,INS-000001,"Deputado federal (titular), legislatura 56",eleito,2019-02-01,2023-01-31,FNT-000003
CRG-001568,ATR-000686,INS-000001,"Deputado federal (titular), legislatura 57",eleito,2023-02-01,,FNT-000003
CRG-001569,ATR-000687,INS-000001,"Deputado federal (titular), legislatura 54",eleito,2011-02-01,2015-01-31,FNT-000003
CRG-001570,ATR-000687,INS-000001,"Deputado federal (titular), legislatura 55",eleito,2015-02-01,2019-01-31,FNT-000003
CRG-001571,ATR-000688,INS-000001,"Deputado federal (titular), legislatura 56",eleito,2019-02-01,2023-01-31,FNT-000003
CRG-001572,ATR-000689,INS-000001,"Deputado federal, legislatura 55",eleito,2016-12-19,2019-01-31,FNT-000003
CRG-001573,ATR-000690,INS-000001,"Deputado federal, legislatura 53",eleito,2007-05-08,2011-01-31,FNT-000003
CRG-001574,ATR-000691,INS-000001,"Deputado federal (suplente), legislatura 53",eleito,2011-01-12,2011-01-31,FNT-000003
CRG-001575,ATR-000692,INS-000001,"Deputado federal (titular), legislatura 57",eleito,2023-02-01,,FNT-000003
CRG-001576,ATR-000693,INS-000001,"Deputado federal (titular), legislatura 54",eleito,2011-02-01,2015-01-31,FNT-000003
CRG-001577,ATR-000693,INS-000001,"Deputado federal (titular), legislatura 55",eleito,2015-02-01,2019-01-01,FNT-000003
CRG-001578,ATR-000694,INS-000001,"Deputado federal (titular), legislatura 54",eleito,2011-02-01,2015-01-31,FNT-000003
CRG-001579,ATR-000695,INS-000001,"Deputado federal (suplente), legislatura 57",eleito,2023-03-07,2024-01-04,FNT-000003
CRG-001580,ATR-000696,INS-000001,"Deputado federal (titular), legislatura 56",eleito,2019-02-01,2023-01-31,FNT-000003
CRG-001581,ATR-000697,INS-000001,"Deputado federal (suplente), legislatura 56",eleito,2019-02-12,2021-03-30,FNT-000003
CRG-001582,ATR-000698,INS-000001,"Deputado federal (suplente), legislatura 55",eleito,2017-01-25,2017-09-22,FNT-000003
CRG-001583,ATR-000699,INS-000001,"Deputado federal (titular), legislatura 57",eleito,2023-02-01,,FNT-000003
CRG-001584,ATR-000700,INS-000001,"Deputado federal (titular), legislatura 56",eleito,2019-02-01,2023-01-31,FNT-000003
CRG-001585,ATR-000700,INS-000001,"Deputado federal (titular), legislatura 57",eleito,2023-02-01,,FNT-000003
CRG-001586,ATR-000701,INS-000001,"Deputado federal, legislatura 56",eleito,2021-01-01,2023-01-31,FNT-000003
CRG-001587,ATR-000702,INS-000001,"Deputado federal (titular), legislatura 55",eleito,2015-02-01,2019-01-31,FNT-000003
CRG-001588,ATR-000702,INS-000001,"Deputado federal (titular), legislatura 56",eleito,2019-02-01,2023-01-31,FNT-000003
CRG-001589,ATR-000702,INS-000001,"Deputado federal (titular), legislatura 57",eleito,2023-02-01,2025-12-18,FNT-000003
CRG-001590,ATR-000703,INS-000001,"Deputado federal (titular), legislatura 54",eleito,2011-02-01,2015-01-31,FNT-000003
CRG-001591,ATR-000703,INS-000001,"Deputado federal (suplente), legislatura 55",eleito,2018-05-28,2019-01-01,FNT-000003
CRG-001592,ATR-000704,INS-000001,"Deputado federal (suplente), legislatura 55",eleito,2015-02-04,2019-01-31,FNT-000003
CRG-001593,ATR-000704,INS-000001,"Deputado federal (titular), legislatura 56",eleito,2019-02-01,2023-01-31,FNT-000003
CRG-001594,ATR-000704,INS-000001,"Deputado federal (titular), legislatura 57",eleito,2023-02-01,,FNT-000003
CRG-001595,ATR-000705,INS-000001,"Deputado federal (suplente), legislatura 54",eleito,2011-02-24,2015-01-31,FNT-000003
CRG-001596,ATR-000705,INS-000001,"Deputado federal (titular), legislatura 55",eleito,2015-02-01,2019-01-31,FNT-000003
CRG-001597,ATR-000705,INS-000001,"Deputado federal (titular), legislatura 56",eleito,2019-02-01,2023-01-31,FNT-000003
CRG-001598,ATR-000705,INS-000001,"Deputado federal (titular), legislatura 57",eleito,2023-02-01,,FNT-000003
CRG-001599,ATR-000706,INS-000001,"Deputado federal (titular), legislatura 55",eleito,2015-02-01,2019-01-31,FNT-000003
CRG-001600,ATR-000706,INS-000001,"Deputado federal (titular), legislatura 56",eleito,2019-02-01,2023-01-31,FNT-000003
CRG-001602,ATR-000707,INS-000001,"Deputado federal (titular), legislatura 55",eleito,2015-02-01,2019-01-31,FNT-000003
CRG-001603,ATR-000708,INS-000001,"Deputado federal (titular), legislatura 54",eleito,2011-02-01,2015-01-31,FNT-000003
CRG-001604,ATR-000708,INS-000001,"Deputado federal (titular), legislatura 55",eleito,2015-02-01,2019-01-31,FNT-000003
CRG-001605,ATR-000709,INS-000001,"Deputado federal (titular), legislatura 55",eleito,2015-02-01,2019-01-31,FNT-000003
CRG-001606,ATR-000710,INS-000001,"Deputado federal (titular), legislatura 54",eleito,2011-02-01,2015-01-31,FNT-000003
CRG-001607,ATR-000711,INS-000001,"Deputado federal (titular), legislatura 56",eleito,2019-02-01,2023-01-31,FNT-000003
CRG-001608,ATR-000711,INS-000001,"Deputado federal (titular), legislatura 57",eleito,2023-02-01,,FNT-000003
CRG-001609,ATR-000712,INS-000001,"Deputado federal (titular), legislatura 57",eleito,2023-02-01,,FNT-000003
CRG-001610,ATR-000713,INS-000001,"Deputado federal (titular), legislatura 57",eleito,2023-02-01,,FNT-000003
CRG-001612,ATR-000714,INS-000001,"Deputado federal (titular), legislatura 54",eleito,2011-02-01,2015-01-31,FNT-000003
CRG-001613,ATR-000714,INS-000001,"Deputado federal (titular), legislatura 55",eleito,2015-02-01,2019-01-31,FNT-000003
CRG-001614,ATR-000715,INS-000001,"Deputado federal (suplente), legislatura 57",eleito,2023-12-12,2024-04-11,FNT-000003
CRG-001615,ATR-000716,INS-000001,"Deputado federal (suplente), legislatura 55",eleito,2015-02-04,2018-04-11,FNT-000003
CRG-001616,ATR-000717,INS-000001,"Deputado federal (suplente), legislatura 57",eleito,2023-03-02,2024-10-17,FNT-000003
CRG-001617,ATR-000718,INS-000001,"Deputado federal (titular), legislatura 54",eleito,2011-02-01,2014-12-30,FNT-000003
CRG-001618,ATR-000719,INS-000001,"Deputado federal (titular), legislatura 57",eleito,2023-02-01,,FNT-000003
CRG-001619,ATR-000720,INS-000001,"Deputado federal (titular), legislatura 55",eleito,2015-02-01,2019-01-31,FNT-000003
CRG-001620,ATR-000721,INS-000001,"Deputado federal (suplente), legislatura 56",eleito,2022-07-06,2023-01-31,FNT-000003
CRG-001621,ATR-000722,INS-000001,"Deputado federal (titular), legislatura 56",eleito,2019-02-01,2023-01-31,FNT-000003
CRG-001622,ATR-000722,INS-000001,"Deputado federal (titular), legislatura 57",eleito,2023-02-01,,FNT-000003
CRG-001623,ATR-000723,INS-000001,"Deputado federal (titular), legislatura 57",eleito,2023-02-01,,FNT-000003
CRG-001624,ATR-000724,INS-000001,"Deputado federal (titular), legislatura 56",eleito,2019-02-01,2023-01-31,FNT-000003
CRG-001625,ATR-000725,INS-000001,"Deputado federal (titular), legislatura 54",eleito,2011-02-01,2015-01-26,FNT-000003
CRG-001626,ATR-000726,INS-000001,"Deputado federal (suplente), legislatura 54",eleito,2012-03-14,2014-03-17,FNT-000003
CRG-001627,ATR-000727,INS-000001,"Deputado federal (titular), legislatura 56",eleito,2019-02-01,2023-01-31,FNT-000003
CRG-001628,ATR-000727,INS-000001,"Deputado federal (titular), legislatura 57",eleito,2023-02-01,,FNT-000003
CRG-001629,ATR-000728,INS-000001,"Deputado federal (titular), legislatura 55",eleito,2015-02-01,2019-01-31,FNT-000003
CRG-001630,ATR-000728,INS-000001,"Deputado federal (titular), legislatura 56",eleito,2019-02-01,2023-01-31,FNT-000003
CRG-001631,ATR-000729,INS-000001,"Deputado federal (titular), legislatura 55",eleito,2015-02-01,2019-01-31,FNT-000003
CRG-001632,ATR-000730,INS-000001,"Deputado federal (titular), legislatura 54",eleito,2011-02-01,2011-08-12,FNT-000003
CRG-001633,ATR-000731,INS-000001,"Deputado federal (titular), legislatura 55",eleito,2015-02-01,2019-01-31,FNT-000003
CRG-001634,ATR-000732,INS-000001,"Deputado federal (suplente), legislatura 57",eleito,2024-01-04,,FNT-000003
CRG-001635,ATR-000733,INS-000001,"Deputado federal (titular), legislatura 56",eleito,2019-02-01,2023-01-31,FNT-000003
CRG-001636,ATR-000734,INS-000001,"Deputado federal (suplente), legislatura 53",eleito,2011-01-05,2011-01-27,FNT-000003
CRG-001637,ATR-000735,INS-000001,"Deputado federal (titular), legislatura 56",eleito,2019-02-01,2023-01-31,FNT-000003
CRG-001638,ATR-000735,INS-000001,"Deputado federal (suplente), legislatura 57",eleito,2023-08-01,2024-11-02,FNT-000003
CRG-001639,ATR-000736,INS-000001,"Deputado federal (titular), legislatura 54",eleito,2011-02-01,2015-01-31,FNT-000003
CRG-001640,ATR-000737,INS-000001,"Deputado federal (suplente), legislatura 54",eleito,2011-02-03,2015-01-31,FNT-000003
CRG-001641,ATR-000738,INS-000001,"Deputado federal (titular), legislatura 55",eleito,2015-02-01,2019-01-31,FNT-000003
CRG-001642,ATR-000738,INS-000001,"Deputado federal (suplente), legislatura 56",eleito,2021-12-15,2022-04-15,FNT-000003
CRG-001643,ATR-000739,INS-000001,"Deputado federal (titular), legislatura 54",eleito,2011-02-01,2015-01-31,FNT-000003
CRG-001644,ATR-000740,INS-000001,"Deputado federal (titular), legislatura 56",eleito,2019-02-01,2023-01-31,FNT-000003
CRG-001645,ATR-000740,INS-000001,"Deputado federal (titular), legislatura 57",eleito,2023-02-01,,FNT-000003
CRG-001646,ATR-000741,INS-000001,"Deputado federal (titular), legislatura 54",eleito,2011-02-01,2015-01-31,FNT-000003
CRG-001647,ATR-000741,INS-000001,"Deputado federal (titular), legislatura 55",eleito,2015-02-01,2019-01-31,FNT-000003
CRG-001648,ATR-000741,INS-000001,"Deputado federal (titular), legislatura 56",eleito,2019-02-01,2023-01-31,FNT-000003
CRG-001649,ATR-000741,INS-000001,"Deputado federal (titular), legislatura 57",eleito,2023-02-01,,FNT-000003
CRG-001650,ATR-000742,INS-000001,"Deputado federal (suplente), legislatura 54",eleito,2011-12-23,2014-03-24,FNT-000003
CRG-001651,ATR-000742,INS-000001,"Deputado federal (suplente), legislatura 56",eleito,2021-03-31,2022-06-17,FNT-000003
CRG-001652,ATR-000742,INS-000001,"Deputado federal (suplente), legislatura 57",eleito,2024-06-18,,FNT-000003
CRG-001653,ATR-000743,INS-000001,"Deputado federal (titular), legislatura 55",eleito,2015-02-01,2019-01-31,FNT-000003
CRG-001654,ATR-000743,INS-000001,"Deputado federal (suplente), legislatura 56",eleito,2019-10-09,2022-12-02,FNT-000003
CRG-001655,ATR-000744,INS-000001,"Deputado federal (titular), legislatura 56",eleito,2019-02-01,2023-01-31,FNT-000003
CRG-001656,ATR-000744,INS-000001,"Deputado federal (titular), legislatura 57",eleito,2023-02-01,,FNT-000003
CRG-001657,ATR-000745,INS-000001,"Deputado federal (titular), legislatura 57",eleito,2023-02-01,,FNT-000003
CRG-001658,ATR-000746,INS-000001,"Deputado federal (titular), legislatura 54",eleito,2011-02-01,2015-01-31,FNT-000003
CRG-001659,ATR-000746,INS-000001,"Deputado federal (suplente), legislatura 56",eleito,2022-07-14,2022-11-12,FNT-000003
CRG-001660,ATR-000746,INS-000001,"Deputado federal (titular), legislatura 57",eleito,2023-02-01,,FNT-000003
CRG-001661,ATR-000747,INS-000001,"Deputado federal (suplente), legislatura 55",eleito,2015-02-12,2018-05-21,FNT-000003
CRG-001662,ATR-000748,INS-000001,"Deputado federal (suplente), legislatura 54",eleito,2012-06-06,2012-09-29,FNT-000003
CRG-001663,ATR-000748,INS-000001,"Deputado federal (suplente), legislatura 56",eleito,2020-02-13,2022-08-18,FNT-000003
CRG-001664,ATR-000748,INS-000001,"Deputado federal (suplente), legislatura 57",eleito,2023-12-05,2026-06-11,FNT-000003
CRG-001665,ATR-000749,INS-000001,"Deputado federal (titular), legislatura 54",eleito,2011-02-01,2015-01-31,FNT-000003
CRG-001666,ATR-000749,INS-000001,"Deputado federal (titular), legislatura 55",eleito,2015-02-01,2019-01-31,FNT-000003
CRG-001667,ATR-000750,INS-000001,"Deputado federal (suplente), legislatura 52",eleito,2004-06-17,2007-01-25,FNT-000003
CRG-001668,ATR-000751,INS-000001,"Deputado federal (suplente), legislatura 52",eleito,2004-06-21,2007-01-25,FNT-000003
CRG-001669,ATR-000751,INS-000001,"Deputado federal (titular), legislatura 53",eleito,2007-02-01,2011-01-31,FNT-000003
CRG-001670,ATR-000751,INS-000001,"Deputado federal (titular), legislatura 54",eleito,2011-02-01,2015-01-31,FNT-000003
CRG-001671,ATR-000751,INS-000001,"Deputado federal (titular), legislatura 55",eleito,2015-02-01,2019-01-31,FNT-000003
CRG-001672,ATR-000751,INS-000001,"Deputado federal (suplente), legislatura 56",eleito,2020-12-21,2021-04-21,FNT-000003
CRG-001673,ATR-000751,INS-000001,"Deputado federal (suplente), legislatura 57",eleito,2025-12-29,2026-04-29,FNT-000003
CRG-001674,ATR-000752,INS-000001,"Deputado federal (suplente), legislatura 53",eleito,2011-01-19,2011-01-31,FNT-000003
CRG-001675,ATR-000753,INS-000001,"Deputado federal (titular), legislatura 53",eleito,2007-02-01,2009-04-11,FNT-000003
CRG-001676,ATR-000754,INS-000001,"Deputado federal (titular), legislatura 55",eleito,2015-02-01,2019-01-31,FNT-000003
CRG-001677,ATR-000755,INS-000001,"Deputado federal (suplente), legislatura 55",eleito,2015-02-12,2019-01-01,FNT-000003
CRG-001678,ATR-000756,INS-000001,"Deputado federal (titular), legislatura 53",eleito,2007-02-01,2011-01-31,FNT-000003
CRG-001679,ATR-000756,INS-000001,"Deputado federal (titular), legislatura 54",eleito,2011-02-01,2015-01-31,FNT-000003
CRG-001680,ATR-000756,INS-000001,"Deputado federal (titular), legislatura 55",eleito,2015-02-01,2018-12-11,FNT-000003
CRG-001681,ATR-000757,INS-000001,"Deputado federal (titular), legislatura 55",eleito,2015-02-01,2019-01-31,FNT-000003
CRG-001682,ATR-000757,INS-000001,"Deputado federal (titular), legislatura 56",eleito,2019-02-01,2023-01-31,FNT-000003
CRG-001683,ATR-000757,INS-000001,"Deputado federal (titular), legislatura 57",eleito,2023-02-01,2023-03-14,FNT-000003
CRG-001684,ATR-000758,INS-000001,"Deputado federal (suplente), legislatura 52",eleito,2005-01-03,2007-01-31,FNT-000003
CRG-001685,ATR-000759,INS-000001,"Deputado federal (suplente), legislatura 52",eleito,2005-01-04,2007-01-25,FNT-000003
CRG-001686,ATR-000760,INS-000001,"Deputado federal, legislatura 52",eleito,2005-01-03,2007-01-31,FNT-000003
CRG-001687,ATR-000760,INS-000001,"Deputado federal (titular), legislatura 53",eleito,2007-02-01,2010-10-27,FNT-000003
CRG-001688,ATR-000760,INS-000001,"Deputado federal (titular), legislatura 54",eleito,2011-02-01,2014-02-12,FNT-000003
CRG-001689,ATR-000761,INS-000001,"Deputado federal, legislatura 52",eleito,2005-01-03,2007-01-31,FNT-000003
CRG-001690,ATR-000761,INS-000001,"Deputado federal (titular), legislatura 53",eleito,2007-02-01,2011-01-31,FNT-000003
CRG-001691,ATR-000761,INS-000001,"Deputado federal (titular), legislatura 54",eleito,2011-02-01,2015-01-31,FNT-000003
CRG-001692,ATR-000761,INS-000001,"Deputado federal (titular), legislatura 55",eleito,2015-02-01,2019-01-31,FNT-000003
CRG-001693,ATR-000761,INS-000001,"Deputado federal (suplente), legislatura 56",eleito,2023-01-01,2023-01-31,FNT-000003
CRG-001694,ATR-000762,INS-000001,"Deputado federal, legislatura 52",eleito,2005-01-03,2007-01-31,FNT-000003
CRG-001695,ATR-000762,INS-000001,"Deputado federal (titular), legislatura 53",eleito,2007-02-01,2011-01-31,FNT-000003
CRG-001696,ATR-000762,INS-000001,"Deputado federal (titular), legislatura 54",eleito,2011-02-01,2015-01-31,FNT-000003
CRG-001697,ATR-000762,INS-000001,"Deputado federal (suplente), legislatura 55",eleito,2015-02-03,2018-12-28,FNT-000003
CRG-001698,ATR-000763,INS-000001,"Deputado federal, legislatura 52",eleito,2005-01-03,2007-01-31,FNT-000003
CRG-001699,ATR-000763,INS-000001,"Deputado federal (suplente), legislatura 53",eleito,2011-01-05,2011-01-31,FNT-000003
CRG-001700,ATR-000764,INS-000001,"Deputado federal, legislatura 52",eleito,2005-01-03,2007-01-31,FNT-000003
CRG-001701,ATR-000765,INS-000001,"Deputado federal, legislatura 52",eleito,2004-12-22,2007-01-31,FNT-000003
CRG-001702,ATR-000766,INS-000001,"Deputado federal, legislatura 52",eleito,2005-01-06,2007-01-31,FNT-000003
CRG-001703,ATR-000766,INS-000001,"Deputado federal (titular), legislatura 54",eleito,2011-02-01,2015-01-31,FNT-000003
CRG-001704,ATR-000766,INS-000001,"Deputado federal (titular), legislatura 55",eleito,2015-02-01,2019-01-31,FNT-000003
CRG-001705,ATR-000766,INS-000001,"Deputado federal (titular), legislatura 56",eleito,2019-02-01,2023-01-31,FNT-000003
CRG-001706,ATR-000766,INS-000001,"Deputado federal (titular), legislatura 57",eleito,2023-02-01,,FNT-000003
CRG-001707,ATR-000767,INS-000001,"Deputado federal (suplente), legislatura 52",eleito,2005-01-06,2006-11-11,FNT-000003
CRG-001708,ATR-000768,INS-000001,"Deputado federal (suplente), legislatura 52",eleito,2005-01-24,2006-02-01,FNT-000003
CRG-001709,ATR-000769,INS-000001,"Deputado federal (titular), legislatura 56",eleito,2019-02-01,2023-01-31,FNT-000003
CRG-001710,ATR-000769,INS-000001,"Deputado federal (titular), legislatura 57",eleito,2023-02-01,,FNT-000003
CRG-001711,ATR-000770,INS-000001,"Deputado federal (titular), legislatura 53",eleito,2007-02-01,2011-01-31,FNT-000003
CRG-001712,ATR-000771,INS-000001,"Deputado federal (titular), legislatura 56",eleito,2019-02-01,2023-01-31,FNT-000003
CRG-001713,ATR-000772,INS-000001,"Deputado federal (suplente), legislatura 52",eleito,2005-02-11,2007-01-31,FNT-000003
CRG-001714,ATR-000773,INS-000001,"Deputado federal (suplente), legislatura 52",eleito,2005-02-15,2006-08-03,FNT-000003
CRG-001715,ATR-000774,INS-000001,"Deputado federal (titular), legislatura 55",eleito,2015-02-01,2019-01-31,FNT-000003
CRG-001716,ATR-000774,INS-000001,"Deputado federal (titular), legislatura 56",eleito,2019-02-01,2021-01-01,FNT-000003
CRG-001717,ATR-000775,INS-000001,"Deputado federal (suplente), legislatura 52",eleito,2005-04-05,2007-01-31,FNT-000003
CRG-001718,ATR-000776,INS-000001,"Deputado federal (titular), legislatura 56",eleito,2019-02-01,2023-01-31,FNT-000003
CRG-001719,ATR-000777,INS-000001,"Deputado federal (suplente), legislatura 52",eleito,2005-05-03,2007-01-31,FNT-000003
CRG-001720,ATR-000778,INS-000001,"Deputado federal (suplente), legislatura 52",eleito,2005-07-11,2006-03-31,FNT-000003
CRG-001721,ATR-000779,INS-000001,"Deputado federal, legislatura 52",eleito,2005-08-03,2007-01-31,FNT-000003
CRG-001722,ATR-000780,INS-000001,"Deputado federal (suplente), legislatura 52",eleito,2005-09-27,2006-03-22,FNT-000003
CRG-001723,ATR-000780,INS-000001,"Deputado federal (titular), legislatura 53",eleito,2007-02-01,2011-01-31,FNT-000003
CRG-001724,ATR-000780,INS-000001,"Deputado federal (titular), legislatura 54",eleito,2011-02-01,2015-01-31,FNT-000003
CRG-001725,ATR-000780,INS-000001,"Deputado federal (titular), legislatura 55",eleito,2015-02-01,2019-01-31,FNT-000003
CRG-001726,ATR-000780,INS-000001,"Deputado federal (titular), legislatura 56",eleito,2019-02-01,2023-01-31,FNT-000003
CRG-001727,ATR-000780,INS-000001,"Deputado federal (titular), legislatura 57",eleito,2023-02-01,,FNT-000003
CRG-001728,ATR-000781,INS-000001,"Deputado federal (titular), legislatura 55",eleito,2015-02-01,2019-01-31,FNT-000003
CRG-001729,ATR-000781,INS-000001,"Deputado federal (titular), legislatura 56",eleito,2019-02-01,2023-01-31,FNT-000003
CRG-001730,ATR-000781,INS-000001,"Deputado federal (titular), legislatura 57",eleito,2023-02-01,,FNT-000003
CRG-001731,ATR-000782,INS-000001,"Deputado federal (suplente), legislatura 52",eleito,2005-11-24,2006-04-01,FNT-000003
CRG-001732,ATR-000783,INS-000001,"Deputado federal (suplente), legislatura 52",eleito,2006-02-07,2006-06-07,FNT-000003
CRG-001733,ATR-000784,INS-000001,"Deputado federal (suplente), legislatura 52",eleito,2006-03-07,2006-04-05,FNT-000003
CRG-001734,ATR-000785,INS-000001,"Deputado federal (suplente), legislatura 54",eleito,2015-01-02,2015-01-31,FNT-000003
CRG-001735,ATR-000785,INS-000001,"Deputado federal (suplente), legislatura 55",eleito,2015-02-04,2016-04-14,FNT-000003
CRG-001736,ATR-000786,INS-000001,"Deputado federal (suplente), legislatura 52",eleito,2006-04-03,2006-07-15,FNT-000003
CRG-001737,ATR-000786,INS-000001,"Deputado federal (suplente), legislatura 54",eleito,2011-04-05,2014-09-02,FNT-000003
CRG-001738,ATR-000787,INS-000001,"Deputado federal (suplente), legislatura 57",eleito,2023-04-19,2026-04-06,FNT-000003
CRG-001739,ATR-000788,INS-000001,"Deputado federal (suplente), legislatura 52",eleito,2006-05-04,2006-06-05,FNT-000003
CRG-001740,ATR-000789,INS-000001,"Deputado federal (titular), legislatura 53",eleito,2007-02-01,2011-01-31,FNT-000003
CRG-001741,ATR-000790,INS-000001,"Deputado federal (titular), legislatura 53",eleito,2007-02-01,2011-01-31,FNT-000003
CRG-001742,ATR-000791,INS-000001,"Deputado federal (titular), legislatura 53",eleito,2007-02-01,2011-01-31,FNT-000003
CRG-001743,ATR-000792,INS-000001,"Deputado federal (titular), legislatura 53",eleito,2007-02-01,2011-01-31,FNT-000003
CRG-001744,ATR-000792,INS-000001,"Deputado federal (titular), legislatura 56",eleito,2019-02-01,2023-01-31,FNT-000003
CRG-001745,ATR-000792,INS-000001,"Deputado federal (titular), legislatura 57",eleito,2023-02-01,,FNT-000003
CRG-001746,ATR-000793,INS-000001,"Deputado federal (titular), legislatura 53",eleito,2007-02-01,2011-01-31,FNT-000003
CRG-001748,ATR-000794,INS-000001,"Deputado federal, legislatura 52",eleito,2006-09-04,2007-01-31,FNT-000003
CRG-001749,ATR-000795,INS-000001,"Deputado federal, legislatura 52",eleito,2006-12-20,2007-01-31,FNT-000003
CRG-001750,ATR-000795,INS-000001,"Deputado federal (suplente), legislatura 53",eleito,2007-02-06,2011-01-31,FNT-000003
CRG-001751,ATR-000796,INS-000001,"Deputado federal, legislatura 52",eleito,2007-01-01,2007-01-31,FNT-000003
CRG-001752,ATR-000797,INS-000001,"Deputado federal (suplente), legislatura 52",eleito,2007-01-02,2007-01-31,FNT-000003
CRG-001753,ATR-000798,INS-000001,"Deputado federal (suplente), legislatura 52",eleito,2007-01-02,2007-01-31,FNT-000003
CRG-001754,ATR-000798,INS-000001,"Deputado federal (titular), legislatura 53",eleito,2007-02-01,2011-01-31,FNT-000003
CRG-001755,ATR-000798,INS-000001,"Deputado federal (titular), legislatura 54",eleito,2011-02-01,2015-01-31,FNT-000003
CRG-001756,ATR-000798,INS-000001,"Deputado federal (titular), legislatura 55",eleito,2015-02-01,2019-01-31,FNT-000003
CRG-001757,ATR-000798,INS-000001,"Deputado federal (titular), legislatura 56",eleito,2019-02-01,2023-01-31,FNT-000003
CRG-001758,ATR-000799,INS-000001,"Deputado federal (suplente), legislatura 52",eleito,2007-01-04,2007-01-31,FNT-000003
CRG-001759,ATR-000799,INS-000001,"Deputado federal (suplente), legislatura 53",eleito,2009-04-14,2011-01-31,FNT-000003
CRG-001760,ATR-000800,INS-000001,"Deputado federal, legislatura 52",eleito,2007-01-08,2007-01-31,FNT-000003
CRG-001761,ATR-000801,INS-000001,"Deputado federal (suplente), legislatura 52",eleito,2007-01-09,2007-01-31,FNT-000003
CRG-001762,ATR-000801,INS-000001,"Deputado federal (titular), legislatura 53",eleito,2007-02-01,2011-01-31,FNT-000003
CRG-001763,ATR-000802,INS-000001,"Deputado federal (titular), legislatura 53",eleito,2007-02-01,2011-01-31,FNT-000003
CRG-001764,ATR-000802,INS-000001,"Deputado federal (titular), legislatura 54",eleito,2011-02-01,2015-01-31,FNT-000003
CRG-001765,ATR-000803,INS-000001,"Deputado federal (titular), legislatura 53",eleito,2007-02-01,2011-01-31,FNT-000003
CRG-001766,ATR-000803,INS-000001,"Deputado federal (titular), legislatura 54",eleito,2011-02-01,2015-01-31,FNT-000003
CRG-001767,ATR-000803,INS-000001,"Deputado federal (titular), legislatura 55",eleito,2015-02-01,2019-01-31,FNT-000003
CRG-001768,ATR-000803,INS-000001,"Deputado federal, legislatura 56",eleito,2021-01-01,2023-01-31,FNT-000003
CRG-001769,ATR-000804,INS-000001,"Deputado federal (titular), legislatura 53",eleito,2007-02-01,2011-01-31,FNT-000003
CRG-001771,ATR-000805,INS-000001,"Deputado federal (titular), legislatura 53",eleito,2007-02-01,2011-01-03,FNT-000003
CRG-001772,ATR-000805,INS-000001,"Deputado federal (titular), legislatura 54",eleito,2011-02-01,2015-01-31,FNT-000003
CRG-001773,ATR-000806,INS-000001,"Deputado federal (titular), legislatura 53",eleito,2007-02-01,2011-01-31,FNT-000003
CRG-001774,ATR-000806,INS-000001,"Deputado federal (titular), legislatura 54",eleito,2011-02-01,2015-01-31,FNT-000003
CRG-001775,ATR-000807,INS-000001,"Deputado federal (titular), legislatura 53",eleito,2007-02-01,2011-01-31,FNT-000003
CRG-001776,ATR-000808,INS-000001,"Deputado federal (titular), legislatura 53",eleito,2007-02-01,2011-01-31,FNT-000003
CRG-001777,ATR-000808,INS-000001,"Deputado federal (titular), legislatura 54",eleito,2011-02-01,2011-10-20,FNT-000003
CRG-001778,ATR-000809,INS-000001,"Deputado federal (titular), legislatura 53",eleito,2007-02-01,2011-01-31,FNT-000003
CRG-001779,ATR-000809,INS-000001,"Deputado federal (titular), legislatura 54",eleito,2011-02-01,2014-12-11,FNT-000003
CRG-001780,ATR-000810,INS-000001,"Deputado federal (titular), legislatura 53",eleito,2007-02-01,2011-01-31,FNT-000003
CRG-001781,ATR-000810,INS-000001,"Deputado federal (titular), legislatura 54",eleito,2011-02-01,2015-01-31,FNT-000003
CRG-001782,ATR-000810,INS-000001,"Deputado federal (suplente), legislatura 55",eleito,2019-01-08,2019-01-31,FNT-000003
CRG-001783,ATR-000810,INS-000001,"Deputado federal (suplente), legislatura 56",eleito,2023-01-05,2023-01-27,FNT-000003
CRG-001784,ATR-000811,INS-000001,"Deputado federal (titular), legislatura 53",eleito,2007-02-01,2011-01-31,FNT-000003
CRG-001785,ATR-000812,INS-000001,"Deputado federal (titular), legislatura 53",eleito,2007-02-01,2011-01-31,FNT-000003
CRG-001786,ATR-000812,INS-000001,"Deputado federal (titular), legislatura 54",eleito,2011-02-01,2015-01-31,FNT-000003
CRG-001787,ATR-000813,INS-000001,"Deputado federal (titular), legislatura 53",eleito,2007-02-01,2011-01-31,FNT-000003
CRG-001788,ATR-000814,INS-000001,"Deputado federal (titular), legislatura 53",eleito,2007-02-01,2011-01-31,FNT-000003
CRG-001789,ATR-000814,INS-000001,"Deputado federal (titular), legislatura 54",eleito,2011-02-01,2015-01-31,FNT-000003
CRG-001790,ATR-000814,INS-000001,"Deputado federal (titular), legislatura 55",eleito,2015-02-01,2019-01-31,FNT-000003
CRG-001791,ATR-000815,INS-000001,"Deputado federal (titular), legislatura 53",eleito,2007-02-01,2011-01-31,FNT-000003
CRG-001792,ATR-000815,INS-000001,"Deputado federal (titular), legislatura 54",eleito,2011-02-01,2015-01-31,FNT-000003
CRG-001793,ATR-000815,INS-000001,"Deputado federal (titular), legislatura 55",eleito,2015-02-01,2019-01-31,FNT-000003
CRG-001794,ATR-000816,INS-000001,"Deputado federal (titular), legislatura 53",eleito,2007-02-01,2011-01-31,FNT-000003
CRG-001795,ATR-000816,INS-000001,"Deputado federal (titular), legislatura 54",eleito,2011-02-01,2015-01-31,FNT-000003
CRG-001796,ATR-000816,INS-000001,"Deputado federal (titular), legislatura 55",eleito,2015-02-01,2016-12-31,FNT-000003
CRG-001797,ATR-000817,INS-000001,"Deputado federal (titular), legislatura 53",eleito,2007-02-01,2011-01-31,FNT-000003
CRG-001798,ATR-000817,INS-000001,"Deputado federal (titular), legislatura 54",eleito,2011-02-01,2015-01-31,FNT-000003
CRG-001799,ATR-000818,INS-000001,"Deputado federal (titular), legislatura 53",eleito,2007-02-01,2011-01-31,FNT-000003
CRG-001800,ATR-000818,INS-000001,"Deputado federal (titular), legislatura 54",eleito,2011-02-01,2014-12-30,FNT-000003
CRG-001801,ATR-000819,INS-000001,"Deputado federal (titular), legislatura 53",eleito,2007-02-01,2011-01-31,FNT-000003
CRG-001802,ATR-000820,INS-000001,"Deputado federal (titular), legislatura 53",eleito,2007-02-01,2011-01-31,FNT-000003
CRG-001803,ATR-000820,INS-000001,"Deputado federal (titular), legislatura 55",eleito,2015-02-01,2019-01-31,FNT-000003
CRG-001804,ATR-000821,INS-000001,"Deputado federal (titular), legislatura 53",eleito,2007-02-01,2011-01-31,FNT-000003
CRG-001805,ATR-000821,INS-000001,"Deputado federal (titular), legislatura 54",eleito,2011-02-01,2014-05-08,FNT-000003
CRG-001806,ATR-000822,INS-000001,"Deputado federal (titular), legislatura 53",eleito,2007-02-01,2011-01-31,FNT-000003
CRG-001807,ATR-000822,INS-000001,"Deputado federal (titular), legislatura 54",eleito,2011-02-01,2015-01-31,FNT-000003
CRG-001808,ATR-000822,INS-000001,"Deputado federal (titular), legislatura 55",eleito,2015-02-01,2019-01-31,FNT-000003
CRG-001809,ATR-000822,INS-000001,"Deputado federal (titular), legislatura 56",eleito,2019-02-01,2023-01-31,FNT-000003
CRG-001810,ATR-000822,INS-000001,"Deputado federal (titular), legislatura 57",eleito,2023-02-01,,FNT-000003
CRG-001811,ATR-000823,INS-000001,"Deputado federal (titular), legislatura 53",eleito,2007-02-01,2011-01-31,FNT-000003
CRG-001812,ATR-000824,INS-000001,"Deputado federal (titular), legislatura 53",eleito,2007-02-01,2011-01-31,FNT-000003
CRG-001813,ATR-000824,INS-000001,"Deputado federal (suplente), legislatura 54",eleito,2015-01-06,2015-01-31,FNT-000003
CRG-001814,ATR-000825,INS-000001,"Deputado federal (titular), legislatura 53",eleito,2007-02-01,2011-01-31,FNT-000003
CRG-001815,ATR-000825,INS-000001,"Deputado federal (titular), legislatura 54",eleito,2011-02-01,2015-01-31,FNT-000003
CRG-001816,ATR-000825,INS-000001,"Deputado federal (titular), legislatura 55",eleito,2015-02-01,2019-01-31,FNT-000003
CRG-001817,ATR-000826,INS-000001,"Deputado federal (titular), legislatura 53",eleito,2007-02-01,2011-01-31,FNT-000003
CRG-001818,ATR-000826,INS-000001,"Deputado federal (suplente), legislatura 54",eleito,2011-02-08,2015-01-31,FNT-000003
CRG-001819,ATR-000827,INS-000001,"Deputado federal (titular), legislatura 53",eleito,2007-02-01,2011-01-31,FNT-000003
CRG-001820,ATR-000827,INS-000001,"Deputado federal (titular), legislatura 54",eleito,2011-02-01,2015-01-31,FNT-000003
CRG-001821,ATR-000828,INS-000001,"Deputado federal (titular), legislatura 53",eleito,2007-02-01,2011-01-31,FNT-000003
CRG-001822,ATR-000829,INS-000001,"Deputado federal (titular), legislatura 53",eleito,2007-02-01,2011-01-31,FNT-000003
CRG-001823,ATR-000829,INS-000001,"Deputado federal (titular), legislatura 54",eleito,2011-02-01,2015-01-31,FNT-000003
CRG-001824,ATR-000829,INS-000001,"Deputado federal (titular), legislatura 55",eleito,2015-02-01,2019-01-31,FNT-000003
CRG-001825,ATR-000829,INS-000001,"Deputado federal (titular), legislatura 56",eleito,2019-02-01,2023-01-31,FNT-000003
CRG-001826,ATR-000829,INS-000001,"Deputado federal (titular), legislatura 57",eleito,2023-02-01,,FNT-000003
CRG-001827,ATR-000830,INS-000001,"Deputado federal (titular), legislatura 53",eleito,2007-02-01,2011-01-03,FNT-000003
CRG-001828,ATR-000830,INS-000001,"Deputado federal (suplente), legislatura 54",eleito,2011-03-23,2012-07-19,FNT-000003
CRG-001829,ATR-000831,INS-000001,"Deputado federal (titular), legislatura 53",eleito,2007-02-01,2011-01-31,FNT-000003
CRG-001830,ATR-000831,INS-000001,"Deputado federal (titular), legislatura 54",eleito,2011-02-01,2015-01-01,FNT-000003
CRG-001831,ATR-000832,INS-000001,"Deputado federal (titular), legislatura 53",eleito,2007-02-01,2011-01-31,FNT-000003
CRG-001832,ATR-000832,INS-000001,"Deputado federal (titular), legislatura 54",eleito,2011-02-01,2015-01-31,FNT-000003
CRG-001833,ATR-000832,INS-000001,"Deputado federal (titular), legislatura 55",eleito,2015-02-01,2019-01-31,FNT-000003
CRG-001834,ATR-000832,INS-000001,"Deputado federal (titular), legislatura 56",eleito,2019-02-01,2023-01-31,FNT-000003
CRG-001836,ATR-000833,INS-000001,"Deputado federal (titular), legislatura 53",eleito,2007-02-01,2011-01-31,FNT-000003
CRG-001837,ATR-000833,INS-000001,"Deputado federal (titular), legislatura 54",eleito,2011-02-01,2014-12-29,FNT-000003
CRG-001838,ATR-000834,INS-000001,"Deputado federal (titular), legislatura 53",eleito,2007-02-01,2011-01-31,FNT-000003
CRG-001839,ATR-000834,INS-000001,"Deputado federal (titular), legislatura 54",eleito,2011-02-01,2015-01-01,FNT-000003
CRG-001840,ATR-000835,INS-000001,"Deputado federal (titular), legislatura 53",eleito,2007-02-01,2011-01-01,FNT-000003
CRG-001841,ATR-000836,INS-000001,"Deputado federal (titular), legislatura 53",eleito,2007-02-01,2011-01-31,FNT-000003
CRG-001842,ATR-000836,INS-000001,"Deputado federal (titular), legislatura 54",eleito,2011-02-01,2015-01-31,FNT-000003
CRG-001843,ATR-000836,INS-000001,"Deputado federal (titular), legislatura 55",eleito,2015-02-01,2019-01-31,FNT-000003
CRG-001844,ATR-000836,INS-000001,"Deputado federal (titular), legislatura 56",eleito,2019-02-01,2023-01-31,FNT-000003
CRG-001845,ATR-000837,INS-000001,"Deputado federal (titular), legislatura 53",eleito,2007-02-01,2011-01-31,FNT-000003
CRG-001846,ATR-000838,INS-000001,"Deputado federal (titular), legislatura 53",eleito,2007-02-01,2011-01-31,FNT-000003
CRG-001847,ATR-000839,INS-000001,"Deputado federal (titular), legislatura 53",eleito,2007-02-01,2011-01-31,FNT-000003
CRG-001848,ATR-000839,INS-000001,"Deputado federal (titular), legislatura 54",eleito,2011-02-01,2015-01-31,FNT-000003
CRG-001849,ATR-000839,INS-000001,"Deputado federal (titular), legislatura 55",eleito,2015-02-01,2019-01-31,FNT-000003
CRG-001850,ATR-000839,INS-000001,"Deputado federal (titular), legislatura 56",eleito,2019-02-01,2023-01-31,FNT-000003
CRG-001851,ATR-000839,INS-000001,"Deputado federal (titular), legislatura 57",eleito,2023-02-01,,FNT-000003
CRG-001852,ATR-000840,INS-000001,"Deputado federal (titular), legislatura 53",eleito,2007-02-01,2009-03-17,FNT-000003
CRG-001853,ATR-000841,INS-000001,"Deputado federal (titular), legislatura 53",eleito,2007-02-01,2009-01-01,FNT-000003
CRG-001854,ATR-000842,INS-000001,"Deputado federal (titular), legislatura 53",eleito,2007-02-01,2011-01-31,FNT-000003
CRG-001855,ATR-000842,INS-000001,"Deputado federal (titular), legislatura 55",eleito,2015-02-01,2019-01-31,FNT-000003
CRG-001856,ATR-000842,INS-000001,"Deputado federal (titular), legislatura 56",eleito,2019-02-01,2023-01-31,FNT-000003
CRG-001857,ATR-000842,INS-000001,"Deputado federal (titular), legislatura 57",eleito,2023-02-01,,FNT-000003
CRG-001858,ATR-000843,INS-000001,"Deputado federal (titular), legislatura 53",eleito,2007-02-01,2011-01-31,FNT-000003
CRG-001859,ATR-000843,INS-000001,"Deputado federal (suplente), legislatura 54",eleito,2011-02-03,2015-01-31,FNT-000003
CRG-001860,ATR-000843,INS-000001,"Deputado federal (suplente), legislatura 55",eleito,2016-05-18,2016-11-25,FNT-000003
CRG-001861,ATR-000844,INS-000001,"Deputado federal (titular), legislatura 53",eleito,2007-02-01,2011-01-31,FNT-000003
CRG-001862,ATR-000844,INS-000001,"Deputado federal (titular), legislatura 54",eleito,2011-02-01,2015-01-31,FNT-000003
CRG-001863,ATR-000844,INS-000001,"Deputado federal (titular), legislatura 55",eleito,2015-02-01,2019-01-31,FNT-000003
CRG-001864,ATR-000845,INS-000001,"Deputado federal (suplente), legislatura 53",eleito,2007-02-05,2007-04-17,FNT-000003
CRG-001865,ATR-000846,INS-000001,"Deputado federal (titular), legislatura 53",eleito,2007-02-01,2008-12-29,FNT-000003
CRG-001866,ATR-000847,INS-000001,"Deputado federal (titular), legislatura 53",eleito,2007-02-01,2011-01-31,FNT-000003
CRG-001868,ATR-000848,INS-000001,"Deputado federal (titular), legislatura 53",eleito,2007-02-01,2011-01-31,FNT-000003
CRG-001869,ATR-000848,INS-000001,"Deputado federal (titular), legislatura 54",eleito,2011-02-01,2015-01-31,FNT-000003
CRG-001870,ATR-000848,INS-000001,"Deputado federal (titular), legislatura 55",eleito,2015-02-01,2019-01-31,FNT-000003
CRG-001871,ATR-000848,INS-000001,"Deputado federal (titular), legislatura 56",eleito,2019-02-01,2023-01-31,FNT-000003
CRG-001872,ATR-000849,INS-000001,"Deputado federal (titular), legislatura 53",eleito,2007-02-01,2011-01-01,FNT-000003
CRG-001873,ATR-000849,INS-000001,"Deputado federal (titular), legislatura 54",eleito,2011-02-01,2015-01-01,FNT-000003
CRG-001874,ATR-000850,INS-000001,"Deputado federal (titular), legislatura 53",eleito,2007-02-01,2011-01-31,FNT-000003
CRG-001875,ATR-000850,INS-000001,"Deputado federal (titular), legislatura 54",eleito,2011-02-01,2015-01-31,FNT-000003
CRG-001876,ATR-000851,INS-000001,"Deputado federal (titular), legislatura 53",eleito,2007-02-01,2011-01-31,FNT-000003
CRG-001877,ATR-000852,INS-000001,"Deputado federal (titular), legislatura 53",eleito,2007-02-01,2011-01-31,FNT-000003
CRG-001878,ATR-000852,INS-000001,"Deputado federal (titular), legislatura 54",eleito,2011-02-01,2015-01-31,FNT-000003
CRG-001879,ATR-000852,INS-000001,"Deputado federal (titular), legislatura 55",eleito,2015-02-01,2019-01-31,FNT-000003
CRG-001880,ATR-000852,INS-000001,"Deputado federal (titular), legislatura 56",eleito,2019-02-01,2023-01-31,FNT-000003
CRG-001881,ATR-000852,INS-000001,"Deputado federal (titular), legislatura 57",eleito,2023-02-01,,FNT-000003
CRG-001882,ATR-000853,INS-000001,"Deputado federal (titular), legislatura 53",eleito,2007-02-01,2011-01-31,FNT-000003
CRG-001883,ATR-000853,INS-000001,"Deputado federal (titular), legislatura 54",eleito,2011-02-01,2015-01-31,FNT-000003
CRG-001884,ATR-000853,INS-000001,"Deputado federal (titular), legislatura 55",eleito,2015-02-01,2019-01-31,FNT-000003
CRG-001885,ATR-000853,INS-000001,"Deputado federal (titular), legislatura 56",eleito,2019-02-01,2023-01-31,FNT-000003
CRG-001886,ATR-000854,INS-000001,"Deputado federal (titular), legislatura 53",eleito,2007-02-01,2011-01-01,FNT-000003
CRG-001887,ATR-000854,INS-000001,"Deputado federal (titular), legislatura 54",eleito,2011-02-01,2015-01-31,FNT-000003
CRG-001888,ATR-000855,INS-000001,"Deputado federal (titular), legislatura 53",eleito,2007-02-01,2011-01-31,FNT-000003
CRG-001889,ATR-000856,INS-000001,"Deputado federal (titular), legislatura 53",eleito,2007-02-01,2011-01-31,FNT-000003
CRG-001890,ATR-000857,INS-000001,"Deputado federal (titular), legislatura 53",eleito,2007-02-01,2011-01-31,FNT-000003
CRG-001891,ATR-000858,INS-000001,"Deputado federal (titular), legislatura 53",eleito,2007-02-01,2011-01-31,FNT-000003
CRG-001892,ATR-000858,INS-000001,"Deputado federal (titular), legislatura 54",eleito,2011-02-01,2015-01-31,FNT-000003
CRG-001893,ATR-000858,INS-000001,"Deputado federal (titular), legislatura 55",eleito,2015-02-01,2019-01-31,FNT-000003
CRG-001894,ATR-000858,INS-000001,"Deputado federal (titular), legislatura 56",eleito,2019-02-01,2023-01-31,FNT-000003
CRG-001896,ATR-000859,INS-000001,"Deputado federal (titular), legislatura 53",eleito,2007-02-01,2011-01-31,FNT-000003
CRG-001897,ATR-000859,INS-000001,"Deputado federal (titular), legislatura 54",eleito,2011-02-01,2015-01-31,FNT-000003
CRG-001898,ATR-000859,INS-000001,"Deputado federal (titular), legislatura 55",eleito,2015-02-01,2019-01-31,FNT-000003
CRG-001899,ATR-000859,INS-000001,"Deputado federal (titular), legislatura 56",eleito,2019-02-01,2023-01-31,FNT-000003
CRG-001900,ATR-000860,INS-000001,"Deputado federal (titular), legislatura 53",eleito,2007-02-01,2011-01-31,FNT-000003
CRG-001901,ATR-000860,INS-000001,"Deputado federal (titular), legislatura 54",eleito,2011-02-01,2015-01-31,FNT-000003
CRG-001902,ATR-000860,INS-000001,"Deputado federal (titular), legislatura 55",eleito,2015-02-01,2019-01-31,FNT-000003
CRG-001903,ATR-000861,INS-000001,"Deputado federal (titular), legislatura 53",eleito,2007-02-01,2011-01-31,FNT-000003
CRG-001904,ATR-000861,INS-000001,"Deputado federal (titular), legislatura 54",eleito,2011-02-01,2015-01-31,FNT-000003
CRG-001905,ATR-000861,INS-000001,"Deputado federal (titular), legislatura 55",eleito,2015-02-01,2019-01-31,FNT-000003
CRG-001906,ATR-000862,INS-000001,"Deputado federal (titular), legislatura 53",eleito,2007-02-01,2011-01-31,FNT-000003
CRG-001907,ATR-000862,INS-000001,"Deputado federal (titular), legislatura 54",eleito,2011-02-01,2015-01-31,FNT-000003
CRG-001908,ATR-000862,INS-000001,"Deputado federal (titular), legislatura 55",eleito,2015-02-01,2019-01-31,FNT-000003
CRG-001909,ATR-000862,INS-000001,"Deputado federal (titular), legislatura 56",eleito,2019-02-01,2023-01-31,FNT-000003
CRG-001910,ATR-000862,INS-000001,"Deputado federal (titular), legislatura 57",eleito,2023-02-01,,FNT-000003
CRG-001911,ATR-000863,INS-000001,"Deputado federal (titular), legislatura 53",eleito,2007-02-01,2011-01-31,FNT-000003
CRG-001912,ATR-000864,INS-000001,"Deputado federal (titular), legislatura 53",eleito,2007-02-01,2011-01-31,FNT-000003
CRG-001913,ATR-000864,INS-000001,"Deputado federal (titular), legislatura 54",eleito,2011-02-01,2015-01-05,FNT-000003
CRG-001914,ATR-000865,INS-000001,"Deputado federal (titular), legislatura 53",eleito,2007-02-01,2011-01-31,FNT-000003
CRG-001915,ATR-000865,INS-000001,"Deputado federal (titular), legislatura 54",eleito,2011-02-01,2015-01-31,FNT-000003
CRG-001916,ATR-000865,INS-000001,"Deputado federal (titular), legislatura 55",eleito,2015-02-01,2019-01-31,FNT-000003
CRG-001917,ATR-000865,INS-000001,"Deputado federal (titular), legislatura 56",eleito,2019-02-01,2023-01-31,FNT-000003
CRG-001918,ATR-000866,INS-000001,"Deputado federal (titular), legislatura 53",eleito,2007-02-01,2011-01-31,FNT-000003
CRG-001920,ATR-000867,INS-000001,"Deputado federal (titular), legislatura 53",eleito,2007-02-01,2011-01-31,FNT-000003
CRG-001921,ATR-000868,INS-000001,"Deputado federal (titular), legislatura 53",eleito,2007-02-01,2008-12-29,FNT-000003
CRG-001922,ATR-000869,INS-000001,"Deputado federal (titular), legislatura 53",eleito,2007-02-01,2011-01-31,FNT-000003
CRG-001923,ATR-000869,INS-000001,"Deputado federal (titular), legislatura 54",eleito,2011-02-01,2015-01-31,FNT-000003
CRG-001924,ATR-000870,INS-000001,"Deputado federal (titular), legislatura 53",eleito,2007-02-01,2011-01-31,FNT-000003
CRG-001925,ATR-000870,INS-000001,"Deputado federal (suplente), legislatura 54",eleito,2011-02-03,2012-11-22,FNT-000003
CRG-001926,ATR-000870,INS-000001,"Deputado federal (titular), legislatura 55",eleito,2015-02-01,2019-01-31,FNT-000003
CRG-001927,ATR-000870,INS-000001,"Deputado federal (titular), legislatura 56",eleito,2019-02-01,2023-01-31,FNT-000003
CRG-001928,ATR-000871,INS-000001,"Deputado federal (titular), legislatura 53",eleito,2007-02-01,2011-01-31,FNT-000003
CRG-001929,ATR-000871,INS-000001,"Deputado federal (titular), legislatura 54",eleito,2011-02-01,2015-01-31,FNT-000003
CRG-001930,ATR-000871,INS-000001,"Deputado federal (titular), legislatura 55",eleito,2015-02-01,2019-01-31,FNT-000003
CRG-001932,ATR-000872,INS-000001,"Deputado federal (titular), legislatura 53",eleito,2007-02-01,2011-01-31,FNT-000003
CRG-001933,ATR-000872,INS-000001,"Deputado federal (titular), legislatura 54",eleito,2011-02-01,2015-01-01,FNT-000003
CRG-001934,ATR-000872,INS-000001,"Deputado federal (titular), legislatura 55",eleito,2015-02-01,2019-01-31,FNT-000003
CRG-001935,ATR-000873,INS-000001,"Deputado federal (titular), legislatura 53",eleito,2007-02-01,2011-01-31,FNT-000003
CRG-001936,ATR-000874,INS-000001,"Deputado federal (titular), legislatura 53",eleito,2007-02-01,2011-01-31,FNT-000003
CRG-001937,ATR-000875,INS-000001,"Deputado federal (titular), legislatura 53",eleito,2007-02-01,2007-03-11,FNT-000003
CRG-001938,ATR-000876,INS-000001,"Deputado federal (titular), legislatura 53",eleito,2007-02-01,2011-01-31,FNT-000003
CRG-001939,ATR-000876,INS-000001,"Deputado federal (titular), legislatura 54",eleito,2011-02-01,2015-01-31,FNT-000003
CRG-001940,ATR-000876,INS-000001,"Deputado federal (titular), legislatura 55",eleito,2015-02-01,2019-01-31,FNT-000003
CRG-001941,ATR-000877,INS-000001,"Deputado federal (titular), legislatura 53",eleito,2007-02-01,2011-01-31,FNT-000003
CRG-001942,ATR-000877,INS-000001,"Deputado federal (titular), legislatura 54",eleito,2011-02-01,2015-01-31,FNT-000003
CRG-001943,ATR-000878,INS-000001,"Deputado federal (titular), legislatura 53",eleito,2007-02-01,2011-01-31,FNT-000003
CRG-001944,ATR-000878,INS-000001,"Deputado federal (titular), legislatura 54",eleito,2011-02-01,2015-01-31,FNT-000003
CRG-001945,ATR-000879,INS-000001,"Deputado federal (titular), legislatura 53",eleito,2007-02-01,2011-01-31,FNT-000003
CRG-001946,ATR-000879,INS-000001,"Deputado federal (titular), legislatura 54",eleito,2011-02-01,2013-10-20,FNT-000003
CRG-001947,ATR-000880,INS-000001,"Deputado federal (titular), legislatura 53",eleito,2007-02-01,2009-04-30,FNT-000003
CRG-001948,ATR-000881,INS-000001,"Deputado federal (titular), legislatura 53",eleito,2007-02-01,2011-01-31,FNT-000003
CRG-001949,ATR-000881,INS-000001,"Deputado federal (titular), legislatura 54",eleito,2011-02-01,2015-01-31,FNT-000003
CRG-001950,ATR-000881,INS-000001,"Deputado federal (titular), legislatura 55",eleito,2015-02-01,2019-01-31,FNT-000003
CRG-001951,ATR-000881,INS-000001,"Deputado federal (titular), legislatura 56",eleito,2019-02-01,2023-01-31,FNT-000003
CRG-001952,ATR-000881,INS-000001,"Deputado federal (titular), legislatura 57",eleito,2023-02-01,,FNT-000003
CRG-001953,ATR-000882,INS-000001,"Deputado federal (titular), legislatura 53",eleito,2007-02-01,2011-01-31,FNT-000003
CRG-001954,ATR-000883,INS-000001,"Deputado federal (titular), legislatura 53",eleito,2007-02-01,2011-01-31,FNT-000003
CRG-001955,ATR-000884,INS-000001,"Deputado federal (titular), legislatura 53",eleito,2007-02-01,2011-01-31,FNT-000003
CRG-001956,ATR-000884,INS-000001,"Deputado federal (titular), legislatura 54",eleito,2011-02-01,2015-01-31,FNT-000003
CRG-001957,ATR-000885,INS-000001,"Deputado federal (titular), legislatura 53",eleito,2007-02-01,2011-01-31,FNT-000003
CRG-001958,ATR-000885,INS-000001,"Deputado federal (titular), legislatura 54",eleito,2011-02-01,2015-01-31,FNT-000003
CRG-001959,ATR-000885,INS-000001,"Deputado federal (titular), legislatura 55",eleito,2015-02-01,2019-01-31,FNT-000003
CRG-001960,ATR-000886,INS-000001,"Deputado federal (titular), legislatura 53",eleito,2007-02-01,2011-01-31,FNT-000003
CRG-001961,ATR-000886,INS-000001,"Deputado federal (titular), legislatura 54",eleito,2011-02-01,2015-01-31,FNT-000003
CRG-001962,ATR-000887,INS-000001,"Deputado federal (titular), legislatura 53",eleito,2007-02-01,2011-01-31,FNT-000003
CRG-001963,ATR-000887,INS-000001,"Deputado federal (titular), legislatura 54",eleito,2011-02-01,2013-01-01,FNT-000003
CRG-001964,ATR-000887,INS-000001,"Deputado federal (titular), legislatura 57",eleito,2023-02-01,,FNT-000003
CRG-001965,ATR-000888,INS-000001,"Deputado federal (titular), legislatura 53",eleito,2007-02-01,2011-01-31,FNT-000003
CRG-001966,ATR-000888,INS-000001,"Deputado federal (suplente), legislatura 54",eleito,2011-02-04,2015-01-31,FNT-000003
CRG-001967,ATR-000889,INS-000001,"Deputado federal (titular), legislatura 53",eleito,2007-02-01,2011-01-31,FNT-000003
CRG-001968,ATR-000889,INS-000001,"Deputado federal (titular), legislatura 54",eleito,2011-02-01,2015-01-31,FNT-000003
CRG-001969,ATR-000889,INS-000001,"Deputado federal (titular), legislatura 55",eleito,2015-02-01,2019-01-31,FNT-000003
CRG-001970,ATR-000889,INS-000001,"Deputado federal (titular), legislatura 56",eleito,2019-02-01,2023-01-31,FNT-000003
CRG-001971,ATR-000889,INS-000001,"Deputado federal (titular), legislatura 57",eleito,2023-02-01,,FNT-000003
CRG-001972,ATR-000890,INS-000001,"Deputado federal (titular), legislatura 53",eleito,2007-02-01,2011-01-31,FNT-000003
CRG-001973,ATR-000890,INS-000001,"Deputado federal (titular), legislatura 54",eleito,2011-02-01,2015-01-31,FNT-000003
CRG-001974,ATR-000890,INS-000001,"Deputado federal (titular), legislatura 56",eleito,2019-02-01,2023-01-31,FNT-000003
CRG-001975,ATR-000890,INS-000001,"Deputado federal (titular), legislatura 57",eleito,2023-02-01,,FNT-000003
CRG-001976,ATR-000891,INS-000001,"Deputado federal (titular), legislatura 53",eleito,2007-02-01,2010-12-31,FNT-000003
CRG-001977,ATR-000892,INS-000001,"Deputado federal (titular), legislatura 53",eleito,2007-02-01,2011-01-31,FNT-000003
CRG-001978,ATR-000892,INS-000001,"Deputado federal (titular), legislatura 54",eleito,2011-02-01,2013-01-01,FNT-000003
CRG-001979,ATR-000893,INS-000001,"Deputado federal (titular), legislatura 53",eleito,2007-02-01,2011-01-31,FNT-000003
CRG-001980,ATR-000893,INS-000001,"Deputado federal (titular), legislatura 54",eleito,2011-02-01,2015-01-31,FNT-000003
CRG-001981,ATR-000894,INS-000001,"Deputado federal (titular), legislatura 53",eleito,2007-02-01,2011-01-31,FNT-000003
CRG-001982,ATR-000894,INS-000001,"Deputado federal (titular), legislatura 54",eleito,2011-02-01,2015-01-31,FNT-000003
CRG-001983,ATR-000895,INS-000001,"Deputado federal (titular), legislatura 53",eleito,2007-02-01,2011-01-31,FNT-000003
CRG-001984,ATR-000895,INS-000001,"Deputado federal (titular), legislatura 54",eleito,2011-02-01,2015-01-31,FNT-000003
CRG-001985,ATR-000895,INS-000001,"Deputado federal (titular), legislatura 55",eleito,2015-02-01,2019-01-31,FNT-000003
CRG-001986,ATR-000895,INS-000001,"Deputado federal (titular), legislatura 56",eleito,2019-02-01,2023-01-31,FNT-000003
CRG-001987,ATR-000895,INS-000001,"Deputado federal (titular), legislatura 57",eleito,2023-02-01,,FNT-000003
CRG-001988,ATR-000896,INS-000001,"Deputado federal (titular), legislatura 53",eleito,2007-02-01,2011-01-31,FNT-000003
CRG-001989,ATR-000896,INS-000001,"Deputado federal (titular), legislatura 54",eleito,2011-02-01,2015-01-31,FNT-000003
CRG-001990,ATR-000897,INS-000001,"Deputado federal (titular), legislatura 53",eleito,2007-02-01,2011-01-31,FNT-000003
CRG-001991,ATR-000898,INS-000001,"Deputado federal (titular), legislatura 53",eleito,2007-02-01,2011-01-31,FNT-000003
CRG-001992,ATR-000898,INS-000001,"Deputado federal, legislatura 54",eleito,2013-01-03,2015-01-31,FNT-000003
CRG-001993,ATR-000899,INS-000001,"Deputado federal (titular), legislatura 53",eleito,2007-02-01,2011-01-31,FNT-000003
CRG-001994,ATR-000900,INS-000001,"Deputado federal (titular), legislatura 53",eleito,2007-02-01,2011-01-31,FNT-000003
CRG-001995,ATR-000901,INS-000001,"Deputado federal (titular), legislatura 53",eleito,2007-02-01,2011-01-31,FNT-000003
CRG-001996,ATR-000901,INS-000001,"Deputado federal (titular), legislatura 54",eleito,2011-02-01,2015-01-31,FNT-000003
CRG-001997,ATR-000901,INS-000001,"Deputado federal (titular), legislatura 55",eleito,2015-02-01,2019-01-31,FNT-000003
CRG-001998,ATR-000901,INS-000001,"Deputado federal (titular), legislatura 56",eleito,2019-02-01,2023-01-31,FNT-000003
CRG-001999,ATR-000901,INS-000001,"Deputado federal (titular), legislatura 57",eleito,2023-02-01,2026-04-14,FNT-000003
CRG-002000,ATR-000902,INS-000001,"Deputado federal (titular), legislatura 53",eleito,2007-02-01,2011-01-31,FNT-000003
CRG-002001,ATR-000903,INS-000001,"Deputado federal (titular), legislatura 53",eleito,2007-02-01,2011-01-31,FNT-000003
CRG-002002,ATR-000903,INS-000001,"Deputado federal (titular), legislatura 54",eleito,2011-02-01,2015-01-31,FNT-000003
CRG-002003,ATR-000903,INS-000001,"Deputado federal (titular), legislatura 55",eleito,2015-02-01,2019-01-31,FNT-000003
CRG-002004,ATR-000904,INS-000001,"Deputado federal (titular), legislatura 53",eleito,2007-02-01,2011-01-31,FNT-000003
CRG-002005,ATR-000904,INS-000001,"Deputado federal (titular), legislatura 54",eleito,2011-02-01,2015-01-31,FNT-000003
CRG-002006,ATR-000905,INS-000001,"Deputado federal (titular), legislatura 53",eleito,2007-02-01,2011-01-31,FNT-000003
CRG-002007,ATR-000905,INS-000001,"Deputado federal (titular), legislatura 55",eleito,2015-02-01,2019-01-31,FNT-000003
CRG-002008,ATR-000906,INS-000001,"Deputado federal (titular), legislatura 53",eleito,2007-02-01,2011-01-31,FNT-000003
CRG-002009,ATR-000907,INS-000001,"Deputado federal (titular), legislatura 53",eleito,2007-02-01,2008-12-12,FNT-000003
CRG-002010,ATR-000908,INS-000001,"Deputado federal (titular), legislatura 53",eleito,2007-02-01,2009-03-31,FNT-000003
CRG-002011,ATR-000909,INS-000001,"Deputado federal (titular), legislatura 53",eleito,2007-02-01,2011-01-31,FNT-000003
CRG-002012,ATR-000909,INS-000001,"Deputado federal (titular), legislatura 55",eleito,2015-02-01,2019-01-31,FNT-000003
CRG-002013,ATR-000909,INS-000001,"Deputado federal (suplente), legislatura 56",eleito,2021-04-07,2022-03-31,FNT-000003
CRG-002014,ATR-000910,INS-000001,"Deputado federal (titular), legislatura 53",eleito,2007-02-01,2011-01-31,FNT-000003
CRG-002015,ATR-000910,INS-000001,"Deputado federal (titular), legislatura 54",eleito,2011-02-01,2013-01-01,FNT-000003
CRG-002016,ATR-000911,INS-000001,"Deputado federal (titular), legislatura 53",eleito,2007-02-01,2011-01-31,FNT-000003
CRG-002017,ATR-000911,INS-000001,"Deputado federal (titular), legislatura 54",eleito,2011-02-01,2015-01-31,FNT-000003
CRG-002018,ATR-000911,INS-000001,"Deputado federal (titular), legislatura 55",eleito,2015-02-01,2019-01-31,FNT-000003
CRG-002019,ATR-000911,INS-000001,"Deputado federal (suplente), legislatura 56",eleito,2022-07-07,2022-11-04,FNT-000003
CRG-002020,ATR-000911,INS-000001,"Deputado federal (titular), legislatura 57",eleito,2023-02-01,2025-07-30,FNT-000003
CRG-002021,ATR-000912,INS-000001,"Deputado federal (titular), legislatura 53",eleito,2007-02-01,2011-01-31,FNT-000003
CRG-002022,ATR-000913,INS-000001,"Deputado federal (titular), legislatura 53",eleito,2007-02-01,2011-01-31,FNT-000003
CRG-002023,ATR-000913,INS-000001,"Deputado federal (titular), legislatura 54",eleito,2011-02-01,2015-01-31,FNT-000003
CRG-002024,ATR-000913,INS-000001,"Deputado federal (titular), legislatura 55",eleito,2015-02-01,2019-01-31,FNT-000003
CRG-002025,ATR-000914,INS-000001,"Deputado federal (titular), legislatura 53",eleito,2007-02-01,2011-01-31,FNT-000003
CRG-002026,ATR-000914,INS-000001,"Deputado federal (titular), legislatura 54",eleito,2011-02-01,2011-11-16,FNT-000003
CRG-002027,ATR-000914,INS-000001,"Deputado federal (titular), legislatura 55",eleito,2015-02-01,2019-01-31,FNT-000003
CRG-002028,ATR-000915,INS-000001,"Deputado federal (titular), legislatura 53",eleito,2007-02-01,2011-01-31,FNT-000003
CRG-002029,ATR-000915,INS-000001,"Deputado federal (titular), legislatura 54",eleito,2011-02-01,2015-01-31,FNT-000003
CRG-002030,ATR-000915,INS-000001,"Deputado federal (titular), legislatura 55",eleito,2015-02-01,2018-12-31,FNT-000003
CRG-002031,ATR-000916,INS-000001,"Deputado federal (titular), legislatura 53",eleito,2007-02-01,2011-01-31,FNT-000003
CRG-002032,ATR-000916,INS-000001,"Deputado federal (titular), legislatura 54",eleito,2011-02-01,2015-01-31,FNT-000003
CRG-002033,ATR-000916,INS-000001,"Deputado federal (titular), legislatura 55",eleito,2015-02-01,2017-01-01,FNT-000003
CRG-002034,ATR-000916,INS-000001,"Deputado federal (titular), legislatura 57",eleito,2023-02-01,,FNT-000003
CRG-002035,ATR-000917,INS-000001,"Deputado federal (titular), legislatura 53",eleito,2007-02-01,2011-01-31,FNT-000003
CRG-002036,ATR-000917,INS-000001,"Deputado federal (suplente), legislatura 54",eleito,2011-02-04,2013-01-01,FNT-000003
CRG-002037,ATR-000918,INS-000001,"Deputado federal (titular), legislatura 53",eleito,2007-02-01,2011-01-31,FNT-000003
CRG-002038,ATR-000918,INS-000001,"Deputado federal (titular), legislatura 54",eleito,2011-02-01,2015-01-31,FNT-000003
CRG-002039,ATR-000918,INS-000001,"Deputado federal (titular), legislatura 55",eleito,2015-02-01,2019-01-31,FNT-000003
CRG-002040,ATR-000918,INS-000001,"Deputado federal (titular), legislatura 57",eleito,2023-02-01,,FNT-000003
CRG-002041,ATR-000919,INS-000001,"Deputado federal (titular), legislatura 53",eleito,2007-02-01,2011-01-31,FNT-000003
CRG-002042,ATR-000919,INS-000001,"Deputado federal (titular), legislatura 54",eleito,2011-02-01,2015-01-31,FNT-000003
CRG-002043,ATR-000919,INS-000001,"Deputado federal (titular), legislatura 55",eleito,2015-02-01,2019-01-31,FNT-000003
CRG-002044,ATR-000919,INS-000001,"Deputado federal (titular), legislatura 56",eleito,2019-02-01,2023-01-01,FNT-000003
CRG-002045,ATR-000919,INS-000001,"Deputado federal (titular), legislatura 57",eleito,2023-02-01,,FNT-000003
CRG-002046,ATR-000920,INS-000001,"Deputado federal (titular), legislatura 53",eleito,2007-02-01,2011-01-31,FNT-000003
CRG-002047,ATR-000921,INS-000001,"Deputado federal (titular), legislatura 53",eleito,2007-02-01,2011-01-31,FNT-000003
CRG-002048,ATR-000921,INS-000001,"Deputado federal (titular), legislatura 54",eleito,2011-02-01,2015-01-31,FNT-000003
CRG-002049,ATR-000921,INS-000001,"Deputado federal (titular), legislatura 55",eleito,2015-02-01,2018-05-21,FNT-000003
CRG-002051,ATR-000922,INS-000001,"Deputado federal (titular), legislatura 53",eleito,2007-02-01,2011-01-31,FNT-000003
CRG-002052,ATR-000923,INS-000001,"Deputado federal (titular), legislatura 53",eleito,2007-02-01,2011-01-31,FNT-000003
CRG-002053,ATR-000923,INS-000001,"Deputado federal (titular), legislatura 54",eleito,2011-02-01,2015-01-31,FNT-000003
CRG-002054,ATR-000924,INS-000001,"Deputado federal (titular), legislatura 53",eleito,2007-02-01,2011-01-31,FNT-000003
CRG-002056,ATR-000925,INS-000001,"Deputado federal (titular), legislatura 53",eleito,2007-02-01,2011-01-31,FNT-000003
CRG-002057,ATR-000926,INS-000001,"Deputado federal (titular), legislatura 53",eleito,2007-02-01,2011-01-31,FNT-000003
CRG-002058,ATR-000927,INS-000001,"Deputado federal (titular), legislatura 53",eleito,2007-02-01,2011-01-31,FNT-000003
CRG-002059,ATR-000927,INS-000001,"Deputado federal (suplente), legislatura 54",eleito,2013-01-17,2015-01-31,FNT-000003
CRG-002060,ATR-000928,INS-000001,"Deputado federal (titular), legislatura 53",eleito,2007-02-01,2011-01-01,FNT-000003
CRG-002061,ATR-000928,INS-000001,"Deputado federal (titular), legislatura 54",eleito,2011-02-01,2015-01-01,FNT-000003
CRG-002062,ATR-000929,INS-000001,"Deputado federal (titular), legislatura 53",eleito,2007-02-01,2011-01-31,FNT-000003
CRG-002063,ATR-000929,INS-000001,"Deputado federal (suplente), legislatura 54",eleito,2011-02-08,2015-01-31,FNT-000003
CRG-002064,ATR-000930,INS-000001,"Deputado federal (titular), legislatura 53",eleito,2007-02-01,2011-01-31,FNT-000003
CRG-002065,ATR-000931,INS-000001,"Deputado federal (titular), legislatura 53",eleito,2007-02-01,2011-01-31,FNT-000003
CRG-002066,ATR-000931,INS-000001,"Deputado federal (titular), legislatura 54",eleito,2011-02-01,2015-01-31,FNT-000003
CRG-002067,ATR-000931,INS-000001,"Deputado federal (titular), legislatura 55",eleito,2015-02-01,2019-01-31,FNT-000003
CRG-002068,ATR-000932,INS-000001,"Deputado federal (titular), legislatura 53",eleito,2007-02-01,2011-01-31,FNT-000003
CRG-002069,ATR-000933,INS-000001,"Deputado federal (titular), legislatura 53",eleito,2007-02-01,2011-01-31,FNT-000003
CRG-002070,ATR-000933,INS-000001,"Deputado federal (titular), legislatura 54",eleito,2011-02-01,2015-01-31,FNT-000003
CRG-002071,ATR-000934,INS-000001,"Deputado federal (titular), legislatura 53",eleito,2007-02-01,2011-01-31,FNT-000003
CRG-002072,ATR-000934,INS-000001,"Deputado federal (titular), legislatura 54",eleito,2011-02-01,2015-01-31,FNT-000003
CRG-002073,ATR-000934,INS-000001,"Deputado federal (titular), legislatura 55",eleito,2015-02-01,2019-01-31,FNT-000003
CRG-002074,ATR-000935,INS-000001,"Deputado federal (titular), legislatura 53",eleito,2007-02-01,2011-01-31,FNT-000003
CRG-002075,ATR-000936,INS-000001,"Deputado federal (titular), legislatura 53",eleito,2007-02-01,2011-01-31,FNT-000003
CRG-002076,ATR-000937,INS-000001,"Deputado federal (titular), legislatura 53",eleito,2007-02-01,2011-01-31,FNT-000003
CRG-002077,ATR-000937,INS-000001,"Deputado federal (titular), legislatura 54",eleito,2011-02-01,2015-01-31,FNT-000003
CRG-002078,ATR-000938,INS-000001,"Deputado federal (titular), legislatura 53",eleito,2007-02-01,2011-01-31,FNT-000003
CRG-002079,ATR-000938,INS-000001,"Deputado federal (titular), legislatura 54",eleito,2011-02-01,2015-01-31,FNT-000003
CRG-002080,ATR-000938,INS-000001,"Deputado federal (titular), legislatura 55",eleito,2015-02-01,2019-01-31,FNT-000003
CRG-002081,ATR-000939,INS-000001,"Deputado federal (titular), legislatura 53",eleito,2007-02-01,2011-01-31,FNT-000003
CRG-002082,ATR-000939,INS-000001,"Deputado federal (titular), legislatura 54",eleito,2011-02-01,2013-01-01,FNT-000003
CRG-002083,ATR-000939,INS-000001,"Deputado federal (titular), legislatura 56",eleito,2019-02-01,2023-01-31,FNT-000003
CRG-002084,ATR-000940,INS-000001,"Deputado federal (titular), legislatura 53",eleito,2007-02-01,2011-01-31,FNT-000003
CRG-002085,ATR-000940,INS-000001,"Deputado federal (titular), legislatura 54",eleito,2011-02-01,2015-01-02,FNT-000003
CRG-002086,ATR-000940,INS-000001,"Deputado federal (titular), legislatura 55",eleito,2015-02-01,2019-01-31,FNT-000003
CRG-002087,ATR-000941,INS-000001,"Deputado federal (titular), legislatura 53",eleito,2007-02-01,2011-01-31,FNT-000003
CRG-002088,ATR-000941,INS-000001,"Deputado federal (titular), legislatura 54",eleito,2011-02-01,2012-12-31,FNT-000003
CRG-002089,ATR-000942,INS-000001,"Deputado federal (titular), legislatura 53",eleito,2007-02-01,2011-01-31,FNT-000003
CRG-002090,ATR-000943,INS-000001,"Deputado federal (titular), legislatura 53",eleito,2007-02-01,2010-08-26,FNT-000003
CRG-002091,ATR-000944,INS-000001,"Deputado federal (titular), legislatura 53",eleito,2007-02-01,2011-01-03,FNT-000003
CRG-002092,ATR-000944,INS-000001,"Deputado federal (titular), legislatura 54",eleito,2011-02-01,2015-01-31,FNT-000003
CRG-002093,ATR-000944,INS-000001,"Deputado federal (titular), legislatura 55",eleito,2015-02-01,2019-01-31,FNT-000003
CRG-002094,ATR-000944,INS-000001,"Deputado federal (titular), legislatura 56",eleito,2019-02-01,2023-01-31,FNT-000003
CRG-002095,ATR-000945,INS-000001,"Deputado federal (titular), legislatura 53",eleito,2007-02-01,2011-01-31,FNT-000003
CRG-002096,ATR-000945,INS-000001,"Deputado federal (titular), legislatura 54",eleito,2011-02-01,2015-01-31,FNT-000003
CRG-002097,ATR-000946,INS-000001,"Deputado federal (titular), legislatura 53",eleito,2007-02-01,2011-01-31,FNT-000003
CRG-002098,ATR-000946,INS-000001,"Deputado federal (titular), legislatura 54",eleito,2011-02-01,2015-01-31,FNT-000003
CRG-002099,ATR-000946,INS-000001,"Deputado federal (titular), legislatura 55",eleito,2015-02-01,2019-01-31,FNT-000003
CRG-002100,ATR-000946,INS-000001,"Deputado federal (suplente), legislatura 56",eleito,2021-01-02,2022-04-01,FNT-000003
CRG-002101,ATR-000947,INS-000001,"Deputado federal (titular), legislatura 53",eleito,2007-02-01,2011-01-31,FNT-000003
CRG-002102,ATR-000947,INS-000001,"Deputado federal (titular), legislatura 54",eleito,2011-02-01,2015-01-31,FNT-000003
CRG-002103,ATR-000947,INS-000001,"Deputado federal (titular), legislatura 55",eleito,2015-02-01,2019-01-31,FNT-000003
CRG-002104,ATR-000947,INS-000001,"Deputado federal (titular), legislatura 56",eleito,2019-02-01,2023-01-31,FNT-000003
CRG-002105,ATR-000947,INS-000001,"Deputado federal (titular), legislatura 57",eleito,2023-02-01,,FNT-000003
CRG-002106,ATR-000948,INS-000001,"Deputado federal (titular), legislatura 53",eleito,2007-02-01,2011-01-17,FNT-000003
CRG-002107,ATR-000948,INS-000001,"Deputado federal (suplente), legislatura 54",eleito,2013-02-19,2015-01-31,FNT-000003
CRG-002108,ATR-000948,INS-000001,"Deputado federal (suplente), legislatura 55",eleito,2015-11-17,2018-12-11,FNT-000003
CRG-002109,ATR-000949,INS-000001,"Deputado federal (titular), legislatura 53",eleito,2007-02-01,2011-01-31,FNT-000003
CRG-002110,ATR-000949,INS-000001,"Deputado federal (titular), legislatura 54",eleito,2011-02-01,2015-01-31,FNT-000003
CRG-002111,ATR-000949,INS-000001,"Deputado federal (titular), legislatura 55",eleito,2015-02-01,2019-01-31,FNT-000003
CRG-002112,ATR-000949,INS-000001,"Deputado federal (titular), legislatura 56",eleito,2019-02-01,2023-01-31,FNT-000003
CRG-002113,ATR-000949,INS-000001,"Deputado federal, legislatura 57",eleito,2023-11-30,,FNT-000003
CRG-002114,ATR-000950,INS-000001,"Deputado federal (titular), legislatura 53",eleito,2007-02-01,2011-01-31,FNT-000003
CRG-002115,ATR-000950,INS-000001,"Deputado federal (titular), legislatura 54",eleito,2011-02-01,2012-12-31,FNT-000003
CRG-002116,ATR-000951,INS-000001,"Deputado federal (titular), legislatura 53",eleito,2007-02-01,2011-01-31,FNT-000003
CRG-002117,ATR-000952,INS-000001,"Deputado federal (titular), legislatura 53",eleito,2007-02-01,2011-01-31,FNT-000003
CRG-002118,ATR-000953,INS-000001,"Deputado federal (titular), legislatura 53",eleito,2007-02-01,2011-01-31,FNT-000003
CRG-002119,ATR-000953,INS-000001,"Deputado federal (titular), legislatura 54",eleito,2011-02-01,2015-01-31,FNT-000003
CRG-002120,ATR-000953,INS-000001,"Deputado federal, legislatura 55",eleito,2016-12-22,2019-01-31,FNT-000003
CRG-002121,ATR-000954,INS-000001,"Deputado federal (titular), legislatura 53",eleito,2007-02-01,2011-01-31,FNT-000003
CRG-002122,ATR-000954,INS-000001,"Deputado federal (titular), legislatura 54",eleito,2011-02-01,2014-12-30,FNT-000003
CRG-002123,ATR-000954,INS-000001,"Deputado federal (titular), legislatura 56",eleito,2019-02-01,2023-01-31,FNT-000003
CRG-002124,ATR-000955,INS-000001,"Deputado federal (titular), legislatura 53",eleito,2007-02-01,2011-01-31,FNT-000003
CRG-002125,ATR-000956,INS-000001,"Deputado federal (titular), legislatura 53",eleito,2007-02-01,2011-01-31,FNT-000003
CRG-002126,ATR-000956,INS-000001,"Deputado federal (titular), legislatura 54",eleito,2011-02-01,2015-01-31,FNT-000003
CRG-002127,ATR-000957,INS-000001,"Deputado federal (titular), legislatura 53",eleito,2007-02-01,2008-12-31,FNT-000003
CRG-002128,ATR-000958,INS-000001,"Deputado federal (titular), legislatura 53",eleito,2007-02-01,2011-01-31,FNT-000003
CRG-002129,ATR-000958,INS-000001,"Deputado federal (titular), legislatura 54",eleito,2011-02-01,2015-01-31,FNT-000003
CRG-002130,ATR-000958,INS-000001,"Deputado federal (titular), legislatura 55",eleito,2015-02-01,2019-01-31,FNT-000003
CRG-002131,ATR-000959,INS-000001,"Deputado federal (titular), legislatura 53",eleito,2007-02-01,2011-01-31,FNT-000003
CRG-002132,ATR-000960,INS-000001,"Deputado federal (titular), legislatura 53",eleito,2007-02-01,2011-01-31,FNT-000003
CRG-002133,ATR-000960,INS-000001,"Deputado federal (titular), legislatura 54",eleito,2011-02-01,2015-01-31,FNT-000003
CRG-002134,ATR-000960,INS-000001,"Deputado federal (titular), legislatura 55",eleito,2015-02-01,2019-01-31,FNT-000003
CRG-002135,ATR-000961,INS-000001,"Deputado federal (titular), legislatura 53",eleito,2007-02-01,2011-01-31,FNT-000003
CRG-002136,ATR-000962,INS-000001,"Deputado federal (titular), legislatura 53",eleito,2007-02-01,2011-01-31,FNT-000003
CRG-002137,ATR-000962,INS-000001,"Deputado federal (titular), legislatura 54",eleito,2011-02-01,2015-01-31,FNT-000003
CRG-002138,ATR-000962,INS-000001,"Deputado federal (titular), legislatura 55",eleito,2015-02-01,2019-01-31,FNT-000003
CRG-002139,ATR-000962,INS-000001,"Deputado federal (titular), legislatura 56",eleito,2019-02-01,2023-01-31,FNT-000003
CRG-002140,ATR-000962,INS-000001,"Deputado federal (titular), legislatura 57",eleito,2023-02-01,,FNT-000003
CRG-002141,ATR-000963,INS-000001,"Deputado federal (titular), legislatura 53",eleito,2007-02-01,2011-01-31,FNT-000003
CRG-002142,ATR-000963,INS-000001,"Deputado federal (suplente), legislatura 55",eleito,2017-03-08,2018-05-21,FNT-000003
CRG-002143,ATR-000964,INS-000001,"Deputado federal (titular), legislatura 53",eleito,2007-02-01,2011-01-31,FNT-000003
CRG-002144,ATR-000964,INS-000001,"Deputado federal (titular), legislatura 57",eleito,2025-07-31,,FNT-000003
CRG-002145,ATR-000965,INS-000001,"Deputado federal (titular), legislatura 53",eleito,2007-02-01,2011-01-31,FNT-000003
CRG-002146,ATR-000966,INS-000001,"Deputado federal (titular), legislatura 53",eleito,2007-02-01,2011-01-31,FNT-000003
CRG-002147,ATR-000966,INS-000001,"Deputado federal (suplente), legislatura 54",eleito,2011-02-08,2012-11-07,FNT-000003
CRG-002148,ATR-000966,INS-000001,"Deputado federal (titular), legislatura 55",eleito,2015-02-01,2019-01-31,FNT-000003
CRG-002149,ATR-000967,INS-000001,"Deputado federal (titular), legislatura 53",eleito,2007-02-01,2010-12-29,FNT-000003
CRG-002150,ATR-000967,INS-000001,"Deputado federal (titular), legislatura 55",eleito,2015-02-01,2018-05-13,FNT-000003
CRG-002151,ATR-000968,INS-000001,"Deputado federal (titular), legislatura 53",eleito,2007-02-01,2011-01-31,FNT-000003
CRG-002152,ATR-000968,INS-000001,"Deputado federal (titular), legislatura 54",eleito,2011-02-01,2015-01-31,FNT-000003
CRG-002153,ATR-000969,INS-000001,"Deputado federal (titular), legislatura 53",eleito,2007-02-01,2011-01-31,FNT-000003
CRG-002154,ATR-000970,INS-000001,"Deputado federal (titular), legislatura 53",eleito,2007-02-01,2011-01-31,FNT-000003
CRG-002155,ATR-000970,INS-000001,"Deputado federal (titular), legislatura 54",eleito,2011-02-01,2015-01-31,FNT-000003
CRG-002156,ATR-000971,INS-000001,"Deputado federal (titular), legislatura 53",eleito,2007-02-01,2011-01-31,FNT-000003
CRG-002157,ATR-000972,INS-000001,"Deputado federal (titular), legislatura 53",eleito,2007-02-01,2011-01-31,FNT-000003
CRG-002158,ATR-000973,INS-000001,"Deputado federal (titular), legislatura 53",eleito,2007-02-01,2011-01-31,FNT-000003
CRG-002159,ATR-000973,INS-000001,"Deputado federal (titular), legislatura 54",eleito,2011-02-01,2015-01-31,FNT-000003
CRG-002160,ATR-000973,INS-000001,"Deputado federal (titular), legislatura 55",eleito,2015-02-01,2019-01-31,FNT-000003
CRG-002161,ATR-000974,INS-000001,"Deputado federal (titular), legislatura 53",eleito,2007-02-01,2011-01-31,FNT-000003
CRG-002162,ATR-000974,INS-000001,"Deputado federal (titular), legislatura 54",eleito,2011-02-01,2015-01-31,FNT-000003
CRG-002163,ATR-000975,INS-000001,"Deputado federal (titular), legislatura 53",eleito,2007-02-01,2009-01-01,FNT-000003
CRG-002164,ATR-000976,INS-000001,"Deputado federal (titular), legislatura 53",eleito,2007-02-01,2011-01-31,FNT-000003
CRG-002165,ATR-000977,INS-000001,"Deputado federal (titular), legislatura 53",eleito,2007-02-01,2011-01-31,FNT-000003
CRG-002166,ATR-000977,INS-000001,"Deputado federal (suplente), legislatura 54",eleito,2011-03-02,2013-03-08,FNT-000003
CRG-002167,ATR-000978,INS-000001,"Deputado federal (titular), legislatura 53",eleito,2007-02-01,2011-01-31,FNT-000003
CRG-002168,ATR-000978,INS-000001,"Deputado federal (titular), legislatura 54",eleito,2011-02-01,2015-01-01,FNT-000003
CRG-002169,ATR-000979,INS-000001,"Deputado federal (titular), legislatura 53",eleito,2007-02-01,2011-01-31,FNT-000003
CRG-002170,ATR-000980,INS-000001,"Deputado federal (titular), legislatura 53",eleito,2007-02-01,2011-01-31,FNT-000003
CRG-002171,ATR-000981,INS-000001,"Deputado federal (titular), legislatura 53",eleito,2007-02-01,2011-01-31,FNT-000003
CRG-002172,ATR-000981,INS-000001,"Deputado federal, legislatura 54",eleito,2013-01-03,2015-01-31,FNT-000003
CRG-002173,ATR-000982,INS-000001,"Deputado federal (titular), legislatura 53",eleito,2007-02-01,2011-01-31,FNT-000003
CRG-002174,ATR-000982,INS-000001,"Deputado federal (titular), legislatura 54",eleito,2011-02-01,2015-01-31,FNT-000003
CRG-002175,ATR-000982,INS-000001,"Deputado federal (titular), legislatura 55",eleito,2015-02-01,2019-01-31,FNT-000003
CRG-002176,ATR-000982,INS-000001,"Deputado federal (suplente), legislatura 56",eleito,2019-02-27,2022-07-15,FNT-000003
CRG-002178,ATR-000983,INS-000001,"Deputado federal (titular), legislatura 53",eleito,2007-02-01,2011-01-31,FNT-000003
CRG-002179,ATR-000983,INS-000001,"Deputado federal (suplente), legislatura 54",eleito,2011-02-03,2015-01-31,FNT-000003
CRG-002180,ATR-000983,INS-000001,"Deputado federal (titular), legislatura 55",eleito,2015-02-01,2019-01-31,FNT-000003
CRG-002181,ATR-000983,INS-000001,"Deputado federal (titular), legislatura 56",eleito,2019-02-01,2023-01-31,FNT-000003
CRG-002182,ATR-000984,INS-000001,"Deputado federal (titular), legislatura 53",eleito,2007-02-01,2011-01-31,FNT-000003
CRG-002183,ATR-000985,INS-000001,"Deputado federal (titular), legislatura 53",eleito,2007-02-01,2011-01-31,FNT-000003
CRG-002184,ATR-000985,INS-000001,"Deputado federal (titular), legislatura 55",eleito,2015-02-01,2019-01-31,FNT-000003
CRG-002185,ATR-000985,INS-000001,"Deputado federal (titular), legislatura 56",eleito,2019-02-01,2023-01-31,FNT-000003
CRG-002186,ATR-000985,INS-000001,"Deputado federal (titular), legislatura 57",eleito,2023-02-01,,FNT-000003
CRG-002187,ATR-000986,INS-000001,"Deputado federal (titular), legislatura 53",eleito,2007-02-01,2011-01-31,FNT-000003
CRG-002188,ATR-000987,INS-000001,"Deputado federal (titular), legislatura 53",eleito,2007-02-01,2011-01-31,FNT-000003
CRG-002189,ATR-000987,INS-000001,"Deputado federal (suplente), legislatura 54",eleito,2011-02-04,2015-01-31,FNT-000003
CRG-002190,ATR-000988,INS-000001,"Deputado federal (titular), legislatura 53",eleito,2007-02-01,2011-01-31,FNT-000003
CRG-002191,ATR-000988,INS-000001,"Deputado federal (titular), legislatura 54",eleito,2011-02-01,2015-01-31,FNT-000003
CRG-002192,ATR-000988,INS-000001,"Deputado federal (titular), legislatura 55",eleito,2015-02-01,2019-01-31,FNT-000003
CRG-002193,ATR-000989,INS-000001,"Deputado federal (titular), legislatura 53",eleito,2007-02-01,2009-07-15,FNT-000003
CRG-002194,ATR-000990,INS-000001,"Deputado federal (titular), legislatura 53",eleito,2007-02-01,2011-01-31,FNT-000003
CRG-002195,ATR-000990,INS-000001,"Deputado federal (suplente), legislatura 54",eleito,2011-02-15,2015-01-31,FNT-000003
CRG-002196,ATR-000990,INS-000001,"Deputado federal (suplente), legislatura 55",eleito,2015-02-03,2019-01-31,FNT-000003
CRG-002197,ATR-000991,INS-000001,"Deputado federal (titular), legislatura 53",eleito,2007-02-01,2011-01-31,FNT-000003
CRG-002198,ATR-000991,INS-000001,"Deputado federal (titular), legislatura 54",eleito,2011-02-01,2015-01-31,FNT-000003
CRG-002199,ATR-000992,INS-000001,"Deputado federal (titular), legislatura 53",eleito,2007-02-01,2011-01-31,FNT-000003
CRG-002200,ATR-000992,INS-000001,"Deputado federal (titular), legislatura 54",eleito,2011-02-01,2015-01-31,FNT-000003
CRG-002201,ATR-000992,INS-000001,"Deputado federal (titular), legislatura 55",eleito,2015-02-01,2019-01-31,FNT-000003
CRG-002202,ATR-000993,INS-000001,"Deputado federal (titular), legislatura 53",eleito,2007-02-01,2011-01-31,FNT-000003
CRG-002203,ATR-000993,INS-000001,"Deputado federal (suplente), legislatura 55",eleito,2015-02-09,2018-12-11,FNT-000003
CRG-002204,ATR-000994,INS-000001,"Deputado federal (titular), legislatura 53",eleito,2007-02-01,2011-01-31,FNT-000003
CRG-002205,ATR-000994,INS-000001,"Deputado federal (titular), legislatura 54",eleito,2011-02-01,2015-01-31,FNT-000003
CRG-002206,ATR-000995,INS-000001,"Deputado federal (titular), legislatura 56",eleito,2019-02-01,2023-01-31,FNT-000003
CRG-002207,ATR-000995,INS-000001,"Deputado federal (titular), legislatura 57",eleito,2025-07-31,,FNT-000003
CRG-002208,ATR-000996,INS-000001,"Deputado federal (suplente), legislatura 53",eleito,2007-03-20,2010-04-05,FNT-000003
CRG-002209,ATR-000997,INS-000001,"Deputado federal (suplente), legislatura 53",eleito,2007-03-20,2010-03-31,FNT-000003
CRG-002210,ATR-000998,INS-000001,"Deputado federal (titular), legislatura 54",eleito,2011-02-01,2015-01-31,FNT-000003
CRG-002211,ATR-000998,INS-000001,"Deputado federal (titular), legislatura 55",eleito,2015-02-01,2019-01-31,FNT-000003
CRG-002212,ATR-000998,INS-000001,"Deputado federal (titular), legislatura 56",eleito,2019-02-01,2023-01-31,FNT-000003
CRG-002213,ATR-000998,INS-000001,"Deputado federal (titular), legislatura 57",eleito,2023-02-01,,FNT-000003
CRG-002214,ATR-000999,INS-000001,"Deputado federal (suplente), legislatura 57",eleito,2023-05-23,2026-03-31,FNT-000003
CRG-002215,ATR-001000,INS-000001,"Deputado federal (titular), legislatura 55",eleito,2015-02-01,2019-01-31,FNT-000003
CRG-002216,ATR-001001,INS-000001,"Deputado federal (suplente), legislatura 54",eleito,2012-03-27,2014-01-22,FNT-000003
CRG-002217,ATR-001002,INS-000001,"Deputado federal (suplente), legislatura 53",eleito,2007-04-02,2008-03-12,FNT-000003
CRG-002218,ATR-001002,INS-000001,"Deputado federal (suplente), legislatura 54",eleito,2011-02-02,2011-10-26,FNT-000003
CRG-002219,ATR-001002,INS-000001,"Deputado federal (titular), legislatura 56",eleito,2019-02-01,2023-01-31,FNT-000003
CRG-002220,ATR-001003,INS-000001,"Deputado federal (suplente), legislatura 53",eleito,2007-04-03,2009-10-19,FNT-000003
CRG-002221,ATR-001004,INS-000001,"Deputado federal (suplente), legislatura 53",eleito,2007-05-03,2011-01-31,FNT-000003
CRG-002222,ATR-001004,INS-000001,"Deputado federal (suplente), legislatura 54",eleito,2013-02-20,2015-01-31,FNT-000003
CRG-002223,ATR-001005,INS-000001,"Deputado federal (titular), legislatura 55",eleito,2015-02-01,2019-01-31,FNT-000003
CRG-002224,ATR-001005,INS-000001,"Deputado federal (titular), legislatura 56",eleito,2019-02-01,2023-01-31,FNT-000003
CRG-002225,ATR-001006,INS-000001,"Deputado federal (titular), legislatura 55",eleito,2015-02-01,2016-12-28,FNT-000003
CRG-002226,ATR-001007,INS-000001,"Deputado federal (titular), legislatura 54",eleito,2011-02-01,2014-12-31,FNT-000003
CRG-002227,ATR-001007,INS-000001,"Deputado federal (suplente), legislatura 55",eleito,2016-10-17,2018-04-10,FNT-000003
CRG-002228,ATR-001008,INS-000001,"Deputado federal (suplente), legislatura 53",eleito,2007-08-07,2007-12-27,FNT-000003
CRG-002229,ATR-001009,INS-000001,"Deputado federal (suplente), legislatura 53",eleito,2007-09-12,2011-01-31,FNT-000003
CRG-002230,ATR-001009,INS-000001,"Deputado federal (titular), legislatura 54",eleito,2011-02-01,2015-01-31,FNT-000003
CRG-002231,ATR-001010,INS-000001,"Deputado federal (suplente), legislatura 53",eleito,2007-10-02,2010-06-10,FNT-000003
CRG-002232,ATR-001010,INS-000001,"Deputado federal (suplente), legislatura 54",eleito,2012-07-05,2012-11-02,FNT-000003
CRG-002233,ATR-001010,INS-000001,"Deputado federal (titular), legislatura 55",eleito,2015-02-01,2019-01-31,FNT-000003
CRG-002234,ATR-001011,INS-000001,"Deputado federal, legislatura 53",eleito,2007-11-01,2008-12-18,FNT-000003
CRG-002235,ATR-001012,INS-000001,"Deputado federal (suplente), legislatura 53",eleito,2008-03-13,2008-07-11,FNT-000003
CRG-002236,ATR-001013,INS-000001,"Deputado federal (suplente), legislatura 53",eleito,2008-03-17,2011-01-31,FNT-000003
CRG-002237,ATR-001013,INS-000001,"Deputado federal (suplente), legislatura 54",eleito,2012-07-03,2015-01-31,FNT-000003
CRG-002238,ATR-001014,INS-000001,"Deputado federal (suplente), legislatura 53",eleito,2008-06-11,2011-01-31,FNT-000003
CRG-002239,ATR-001014,INS-000001,"Deputado federal (titular), legislatura 54",eleito,2011-02-01,2015-01-31,FNT-000003
CRG-002240,ATR-001014,INS-000001,"Deputado federal (titular), legislatura 55",eleito,2015-02-01,2019-01-31,FNT-000003
CRG-002241,ATR-001014,INS-000001,"Deputado federal (titular), legislatura 56",eleito,2019-02-01,2023-01-31,FNT-000003
CRG-002242,ATR-001014,INS-000001,"Deputado federal (titular), legislatura 57",eleito,2023-02-01,,FNT-000003
CRG-002243,ATR-001015,INS-000001,"Deputado federal (suplente), legislatura 53",eleito,2008-06-26,2009-11-24,FNT-000003
CRG-002244,ATR-001015,INS-000001,"Deputado federal (suplente), legislatura 54",eleito,2011-02-14,2011-07-29,FNT-000003
CRG-002245,ATR-001016,INS-000001,"Deputado federal (suplente), legislatura 53",eleito,2008-06-30,2008-10-24,FNT-000003
CRG-002246,ATR-001017,INS-000001,"Deputado federal (suplente), legislatura 53",eleito,2008-07-08,2008-11-02,FNT-000003
CRG-002248,ATR-001018,INS-000001,"Deputado federal (suplente), legislatura 53",eleito,2008-08-12,2008-11-08,FNT-000003
CRG-002249,ATR-001018,INS-000001,"Deputado federal (titular), legislatura 54",eleito,2011-02-01,2015-01-31,FNT-000003
CRG-002250,ATR-001018,INS-000001,"Deputado federal (titular), legislatura 55",eleito,2015-02-01,2019-01-31,FNT-000003
CRG-002251,ATR-001018,INS-000001,"Deputado federal (titular), legislatura 56",eleito,2019-02-01,2023-01-31,FNT-000003
CRG-002252,ATR-001019,INS-000001,"Deputado federal (suplente), legislatura 53",eleito,2008-08-13,2008-12-12,FNT-000003
CRG-002253,ATR-001020,INS-000001,"Deputado federal (suplente), legislatura 53",eleito,2008-08-22,2009-08-04,FNT-000003
CRG-002254,ATR-001021,INS-000001,"Deputado federal, legislatura 53",eleito,2008-11-10,2011-01-31,FNT-000003
CRG-002255,ATR-001021,INS-000001,"Deputado federal (suplente), legislatura 55",eleito,2015-05-12,2018-12-11,FNT-000003
CRG-002256,ATR-001021,INS-000001,"Deputado federal, legislatura 56",eleito,2023-01-12,2023-01-31,FNT-000003
CRG-002257,ATR-001022,INS-000001,"Deputado federal (suplente), legislatura 53",eleito,2009-01-06,2011-01-31,FNT-000003
CRG-002258,ATR-001022,INS-000001,"Deputado federal (titular), legislatura 54",eleito,2011-02-01,2015-01-31,FNT-000003
CRG-002259,ATR-001022,INS-000001,"Deputado federal (titular), legislatura 55",eleito,2015-02-01,2019-01-31,FNT-000003
CRG-002260,ATR-001022,INS-000001,"Deputado federal (titular), legislatura 56",eleito,2019-02-01,2023-01-31,FNT-000003
CRG-002261,ATR-001022,INS-000001,"Deputado federal (titular), legislatura 57",eleito,2023-02-01,,FNT-000003
CRG-002262,ATR-001023,INS-000001,"Deputado federal, legislatura 53",eleito,2009-01-06,2011-01-31,FNT-000003
CRG-002263,ATR-001024,INS-000001,"Deputado federal, legislatura 53",eleito,2009-01-06,2011-01-31,FNT-000003
CRG-002264,ATR-001024,INS-000001,"Deputado federal (titular), legislatura 54",eleito,2011-02-01,2015-01-31,FNT-000003
CRG-002265,ATR-001025,INS-000001,"Deputado federal (suplente), legislatura 53",eleito,2009-01-06,2011-01-31,FNT-000003
CRG-002266,ATR-001026,INS-000001,"Deputado federal (suplente), legislatura 53",eleito,2009-01-06,2010-04-06,FNT-000003
CRG-002267,ATR-001027,INS-000001,"Deputado federal, legislatura 53",eleito,2009-01-06,2011-01-31,FNT-000003
CRG-002268,ATR-001027,INS-000001,"Deputado federal (titular), legislatura 55",eleito,2015-02-01,2019-01-31,FNT-000003
CRG-002269,ATR-001027,INS-000001,"Deputado federal (titular), legislatura 56",eleito,2019-02-01,2023-01-31,FNT-000003
CRG-002270,ATR-001028,INS-000001,"Deputado federal, legislatura 53",eleito,2009-01-06,2011-01-31,FNT-000003
CRG-002271,ATR-001029,INS-000001,"Deputado federal (suplente), legislatura 53",eleito,2009-01-13,2010-11-18,FNT-000003
CRG-002272,ATR-001029,INS-000001,"Deputado federal (titular), legislatura 54",eleito,2011-02-01,2015-01-31,FNT-000003
CRG-002273,ATR-001030,INS-000001,"Deputado federal, legislatura 53",eleito,2009-02-17,2011-01-31,FNT-000003
CRG-002274,ATR-001031,INS-000001,"Deputado federal (titular), legislatura 57",eleito,2023-02-01,,FNT-000003
CRG-002275,ATR-001032,INS-000001,"Deputado federal (suplente), legislatura 53",eleito,2009-03-04,2011-01-31,FNT-000003
CRG-002276,ATR-001032,INS-000001,"Deputado federal (titular), legislatura 56",eleito,2019-02-01,2023-01-31,FNT-000003
CRG-002277,ATR-001032,INS-000001,"Deputado federal (titular), legislatura 57",eleito,2023-02-01,,FNT-000003
CRG-002278,ATR-001033,INS-000001,"Deputado federal, legislatura 53",eleito,2009-03-24,2011-01-31,FNT-000003
CRG-002279,ATR-001034,INS-000001,"Deputado federal (suplente), legislatura 57",eleito,2026-06-16,,FNT-000003
CRG-002280,ATR-001035,INS-000001,"Deputado federal, legislatura 53",eleito,2009-04-14,2011-01-31,FNT-000003
CRG-002281,ATR-001036,INS-000001,"Deputado federal (suplente), legislatura 53",eleito,2009-04-15,2011-01-31,FNT-000003
CRG-002282,ATR-001037,INS-000001,"Deputado federal (suplente), legislatura 53",eleito,2009-04-22,2011-01-31,FNT-000003
CRG-002283,ATR-001037,INS-000001,"Deputado federal (suplente), legislatura 54",eleito,2011-02-04,2015-01-31,FNT-000003
CRG-002284,ATR-001037,INS-000001,"Deputado federal (suplente), legislatura 56",eleito,2022-04-26,2022-08-17,FNT-000003
CRG-002285,ATR-001038,INS-000001,"Deputado federal, legislatura 53",eleito,2009-05-04,2011-01-31,FNT-000003
CRG-002286,ATR-001039,INS-000001,"Deputado federal (suplente), legislatura 53",eleito,2009-05-05,2010-03-31,FNT-000003
CRG-002287,ATR-001039,INS-000001,"Deputado federal (suplente), legislatura 54",eleito,2011-02-03,2015-01-31,FNT-000003
CRG-002288,ATR-001040,INS-000001,"Deputado federal (suplente), legislatura 53",eleito,2009-08-04,2009-12-03,FNT-000003
CRG-002289,ATR-001041,INS-000001,"Deputado federal (titular), legislatura 56",eleito,2019-02-01,2023-01-31,FNT-000003
CRG-002290,ATR-001041,INS-000001,"Deputado federal (titular), legislatura 57",eleito,2023-02-01,,FNT-000003
CRG-002291,ATR-001042,INS-000001,"Deputado federal (suplente), legislatura 53",eleito,2009-10-15,2011-01-28,FNT-000003
CRG-002292,ATR-001043,INS-000001,"Deputado federal (titular), legislatura 56",eleito,2019-02-01,2023-01-31,FNT-000003
CRG-002293,ATR-001043,INS-000001,"Deputado federal (titular), legislatura 57",eleito,2023-02-01,,FNT-000003
CRG-002294,ATR-001044,INS-000001,"Deputado federal (suplente), legislatura 53",eleito,2009-12-02,2010-06-02,FNT-000003
CRG-002295,ATR-001045,INS-000001,"Deputado federal (suplente), legislatura 53",eleito,2010-04-07,2011-01-04,FNT-000003
CRG-002296,ATR-001046,INS-000001,"Deputado federal (suplente), legislatura 53",eleito,2010-06-23,2011-01-31,FNT-000003
CRG-002297,ATR-001047,INS-000001,"Deputado federal (titular), legislatura 54",eleito,2011-02-01,2015-01-31,FNT-000003
CRG-002298,ATR-001047,INS-000001,"Deputado federal (titular), legislatura 55",eleito,2015-02-01,2019-01-31,FNT-000003
CRG-002299,ATR-001047,INS-000001,"Deputado federal (titular), legislatura 56",eleito,2019-02-01,2020-07-05,FNT-000003
CRG-002300,ATR-001048,INS-000001,"Deputado federal (titular), legislatura 54",eleito,2011-02-01,2015-01-31,FNT-000003
CRG-002301,ATR-001048,INS-000001,"Deputado federal (titular), legislatura 55",eleito,2015-02-01,2019-01-31,FNT-000003
CRG-002303,ATR-001049,INS-000001,"Deputado federal, legislatura 53",eleito,2010-12-30,2011-01-31,FNT-000003
CRG-002304,ATR-001050,INS-000001,"Deputado federal (suplente), legislatura 53",eleito,2011-01-03,2011-01-31,FNT-000003
CRG-002305,ATR-001050,INS-000001,"Deputado federal (suplente), legislatura 54",eleito,2012-07-03,2012-11-02,FNT-000003
CRG-002306,ATR-001051,INS-000001,"Deputado federal (suplente), legislatura 53",eleito,2011-01-04,2011-01-27,FNT-000003
CRG-002307,ATR-001052,INS-000001,"Deputado federal (suplente), legislatura 53",eleito,2011-01-04,2011-01-31,FNT-000003
CRG-002308,ATR-001053,INS-000001,"Deputado federal (suplente), legislatura 53",eleito,2011-01-05,2011-01-31,FNT-000003
CRG-002309,ATR-001054,INS-000001,"Deputado federal (suplente), legislatura 53",eleito,2011-01-05,2011-01-31,FNT-000003
CRG-002310,ATR-001055,INS-000001,"Deputado federal (suplente), legislatura 53",eleito,2011-01-05,2011-01-31,FNT-000003
CRG-002311,ATR-001056,INS-000001,"Deputado federal (suplente), legislatura 53",eleito,2011-01-05,2011-01-31,FNT-000003
CRG-002312,ATR-001057,INS-000001,"Deputado federal (suplente), legislatura 53",eleito,2011-01-06,2011-01-26,FNT-000003
CRG-002313,ATR-001058,INS-000001,"Deputado federal (titular), legislatura 57",eleito,2023-02-01,,FNT-000003
CRG-002314,ATR-001059,INS-000001,"Deputado federal, legislatura 53",eleito,2011-01-03,2011-01-31,FNT-000003
CRG-002315,ATR-001060,INS-000001,"Deputado federal (suplente), legislatura 53",eleito,2011-01-03,2011-01-31,FNT-000003
CRG-002316,ATR-001061,INS-000001,"Deputado federal (suplente), legislatura 53",eleito,2011-01-06,2011-01-26,FNT-000003
CRG-002317,ATR-001062,INS-000001,"Deputado federal (suplente), legislatura 53",eleito,2011-01-07,2011-01-31,FNT-000003
CRG-002318,ATR-001062,INS-000001,"Deputado federal (titular), legislatura 54",eleito,2011-02-01,2015-01-31,FNT-000003
CRG-002319,ATR-001063,INS-000001,"Deputado federal, legislatura 53",eleito,2011-01-10,2011-01-31,FNT-000003
CRG-002320,ATR-001063,INS-000001,"Deputado federal (titular), legislatura 55",eleito,2015-02-01,2019-01-31,FNT-000003
CRG-002321,ATR-001064,INS-000001,"Deputado federal (titular), legislatura 54",eleito,2011-02-01,2015-01-31,FNT-000003
CRG-002322,ATR-001064,INS-000001,"Deputado federal (titular), legislatura 55",eleito,2015-02-01,2019-01-31,FNT-000003
CRG-002323,ATR-001064,INS-000001,"Deputado federal (titular), legislatura 56",eleito,2019-02-01,2023-01-31,FNT-000003
CRG-002324,ATR-001064,INS-000001,"Deputado federal (titular), legislatura 57",eleito,2023-02-01,,FNT-000003
CRG-002325,ATR-001065,INS-000001,"Deputado federal (titular), legislatura 54",eleito,2011-02-01,2015-01-31,FNT-000003
CRG-002326,ATR-001065,INS-000001,"Deputado federal (titular), legislatura 55",eleito,2015-02-01,2019-01-31,FNT-000003
CRG-002327,ATR-001066,INS-000001,"Deputado federal (titular), legislatura 54",eleito,2011-02-01,2015-01-31,FNT-000003
CRG-002328,ATR-001066,INS-000001,"Deputado federal (titular), legislatura 55",eleito,2015-02-01,2019-01-31,FNT-000003
CRG-002329,ATR-001066,INS-000001,"Deputado federal (titular), legislatura 56",eleito,2019-02-01,2023-01-31,FNT-000003
CRG-002330,ATR-001066,INS-000001,"Deputado federal (titular), legislatura 57",eleito,2023-02-01,,FNT-000003
CRG-002331,ATR-001067,INS-000001,"Deputado federal (titular), legislatura 54",eleito,2011-02-01,2015-01-31,FNT-000003
CRG-002332,ATR-001067,INS-000001,"Deputado federal (titular), legislatura 55",eleito,2015-02-01,2019-01-31,FNT-000003
CRG-002333,ATR-001067,INS-000001,"Deputado federal (titular), legislatura 56",eleito,2019-02-01,2023-01-31,FNT-000003
CRG-002334,ATR-001068,INS-000001,"Deputado federal (titular), legislatura 54",eleito,2011-02-01,2015-01-31,FNT-000003
CRG-002335,ATR-001068,INS-000001,"Deputado federal (titular), legislatura 55",eleito,2015-02-01,2019-01-31,FNT-000003
CRG-002336,ATR-001068,INS-000001,"Deputado federal (titular), legislatura 56",eleito,2019-02-01,2023-01-31,FNT-000003
CRG-002337,ATR-001068,INS-000001,"Deputado federal (titular), legislatura 57",eleito,2023-02-01,,FNT-000003
CRG-002338,ATR-001069,INS-000001,"Deputado federal (titular), legislatura 54",eleito,2011-02-01,2011-06-16,FNT-000003
CRG-002339,ATR-001070,INS-000001,"Deputado federal (titular), legislatura 54",eleito,2011-02-01,2015-01-31,FNT-000003
CRG-002340,ATR-001071,INS-000001,"Deputado federal (titular), legislatura 54",eleito,2011-02-01,2015-01-31,FNT-000003
CRG-002341,ATR-001071,INS-000001,"Deputado federal (titular), legislatura 55",eleito,2015-02-01,2019-01-31,FNT-000003
CRG-002342,ATR-001072,INS-000001,"Deputado federal (titular), legislatura 54",eleito,2011-02-01,2013-01-01,FNT-000003
CRG-002343,ATR-001073,INS-000001,"Deputado federal (titular), legislatura 54",eleito,2011-02-01,2015-01-31,FNT-000003
CRG-002344,ATR-001073,INS-000001,"Deputado federal (titular), legislatura 55",eleito,2015-02-01,2019-01-31,FNT-000003
CRG-002345,ATR-001073,INS-000001,"Deputado federal (titular), legislatura 56",eleito,2019-02-01,2023-01-31,FNT-000003
CRG-002346,ATR-001073,INS-000001,"Deputado federal (titular), legislatura 57",eleito,2023-02-01,,FNT-000003
CRG-002347,ATR-001074,INS-000001,"Deputado federal (titular), legislatura 54",eleito,2011-02-01,2015-01-31,FNT-000003
CRG-002348,ATR-001074,INS-000001,"Deputado federal (titular), legislatura 55",eleito,2015-02-01,2019-01-31,FNT-000003
CRG-002349,ATR-001074,INS-000001,"Deputado federal (titular), legislatura 56",eleito,2019-02-01,2023-01-31,FNT-000003
CRG-002350,ATR-001074,INS-000001,"Deputado federal (titular), legislatura 57",eleito,2023-02-01,,FNT-000003
CRG-002351,ATR-001075,INS-000001,"Deputado federal (titular), legislatura 54",eleito,2011-02-01,2015-01-31,FNT-000003
CRG-002352,ATR-001076,INS-000001,"Deputado federal (suplente), legislatura 53",eleito,2011-01-14,2011-01-31,FNT-000003
CRG-002353,ATR-001077,INS-000001,"Deputado federal (titular), legislatura 54",eleito,2011-02-01,2015-01-31,FNT-000003
CRG-002354,ATR-001077,INS-000001,"Deputado federal (titular), legislatura 55",eleito,2015-02-01,2019-01-31,FNT-000003
CRG-002355,ATR-001077,INS-000001,"Deputado federal (titular), legislatura 56",eleito,2019-02-01,2023-01-31,FNT-000003
CRG-002356,ATR-001077,INS-000001,"Deputado federal (titular), legislatura 57",eleito,2023-02-01,,FNT-000003
CRG-002357,ATR-001078,INS-000001,"Deputado federal (titular), legislatura 54",eleito,2011-02-01,2015-01-01,FNT-000003
CRG-002358,ATR-001078,INS-000001,"Deputado federal (titular), legislatura 55",eleito,2015-02-01,2019-01-31,FNT-000003
CRG-002359,ATR-001078,INS-000001,"Deputado federal (titular), legislatura 56",eleito,2019-02-01,2023-01-31,FNT-000003
CRG-002360,ATR-001079,INS-000001,"Deputado federal (titular), legislatura 54",eleito,2011-02-01,2013-01-01,FNT-000003
CRG-002361,ATR-001080,INS-000001,"Deputado federal (titular), legislatura 54",eleito,2011-02-01,2015-01-31,FNT-000003
CRG-002362,ATR-001080,INS-000001,"Deputado federal (titular), legislatura 55",eleito,2015-02-01,2019-01-31,FNT-000003
CRG-002363,ATR-001081,INS-000001,"Deputado federal (titular), legislatura 54",eleito,2011-02-01,2015-01-31,FNT-000003
CRG-002364,ATR-001081,INS-000001,"Deputado federal (titular), legislatura 55",eleito,2015-02-01,2019-01-31,FNT-000003
CRG-002365,ATR-001081,INS-000001,"Deputado federal (titular), legislatura 56",eleito,2019-02-01,2023-01-31,FNT-000003
CRG-002366,ATR-001081,INS-000001,"Deputado federal (titular), legislatura 57",eleito,2023-02-01,2023-03-08,FNT-000003
CRG-002367,ATR-001082,INS-000001,"Deputado federal (titular), legislatura 54",eleito,2011-02-01,2015-01-31,FNT-000003
CRG-002368,ATR-001082,INS-000001,"Deputado federal (titular), legislatura 55",eleito,2015-02-01,2019-01-31,FNT-000003
CRG-002369,ATR-001082,INS-000001,"Deputado federal (titular), legislatura 56",eleito,2019-02-01,2023-01-31,FNT-000003
CRG-002370,ATR-001083,INS-000001,"Deputado federal (titular), legislatura 54",eleito,2011-02-01,2015-01-31,FNT-000003
CRG-002371,ATR-001084,INS-000001,"Deputado federal (titular), legislatura 54",eleito,2011-02-01,2015-01-31,FNT-000003
CRG-002372,ATR-001084,INS-000001,"Deputado federal (titular), legislatura 56",eleito,2019-02-01,2023-01-31,FNT-000003
CRG-002373,ATR-001085,INS-000001,"Deputado federal (titular), legislatura 54",eleito,2011-02-01,2015-01-31,FNT-000003
CRG-002374,ATR-001085,INS-000001,"Deputado federal (titular), legislatura 55",eleito,2015-02-01,2019-01-31,FNT-000003
CRG-002375,ATR-001085,INS-000001,"Deputado federal (titular), legislatura 56",eleito,2019-02-01,2023-01-31,FNT-000003
CRG-002376,ATR-001085,INS-000001,"Deputado federal (titular), legislatura 57",eleito,2023-02-01,,FNT-000003
CRG-002377,ATR-001086,INS-000001,"Deputado federal (titular), legislatura 54",eleito,2011-02-01,2015-01-31,FNT-000003
CRG-002378,ATR-001086,INS-000001,"Deputado federal (titular), legislatura 55",eleito,2015-02-01,2019-01-31,FNT-000003
CRG-002380,ATR-001087,INS-000001,"Deputado federal (titular), legislatura 54",eleito,2011-02-01,2015-01-13,FNT-000003
CRG-002381,ATR-001088,INS-000001,"Deputado federal (titular), legislatura 54",eleito,2011-02-01,2015-01-31,FNT-000003
CRG-002382,ATR-001088,INS-000001,"Deputado federal (titular), legislatura 55",eleito,2015-02-01,2019-01-31,FNT-000003
CRG-002383,ATR-001088,INS-000001,"Deputado federal (titular), legislatura 56",eleito,2019-02-01,2023-01-31,FNT-000003
CRG-002384,ATR-001088,INS-000001,"Deputado federal (titular), legislatura 57",eleito,2023-02-01,,FNT-000003
CRG-002385,ATR-001089,INS-000001,"Deputado federal (titular), legislatura 54",eleito,2011-02-01,2015-01-31,FNT-000003
CRG-002386,ATR-001090,INS-000001,"Deputado federal (titular), legislatura 54",eleito,2011-02-01,2015-01-31,FNT-000003
CRG-002387,ATR-001091,INS-000001,"Deputado federal (titular), legislatura 54",eleito,2011-02-01,2015-01-31,FNT-000003
CRG-002388,ATR-001091,INS-000001,"Deputado federal (titular), legislatura 55",eleito,2015-02-01,2019-01-31,FNT-000003
CRG-002389,ATR-001091,INS-000001,"Deputado federal (titular), legislatura 56",eleito,2019-02-01,2023-01-31,FNT-000003
CRG-002390,ATR-001091,INS-000001,"Deputado federal (titular), legislatura 57",eleito,2023-02-01,,FNT-000003
CRG-002391,ATR-001092,INS-000001,"Deputado federal (titular), legislatura 54",eleito,2011-02-01,2015-01-31,FNT-000003
CRG-002392,ATR-001092,INS-000001,"Deputado federal (titular), legislatura 56",eleito,2022-04-27,2023-01-01,FNT-000003
CRG-002393,ATR-001093,INS-000001,"Deputado federal (titular), legislatura 54",eleito,2011-02-01,2015-01-31,FNT-000003
CRG-002394,ATR-001093,INS-000001,"Deputado federal (titular), legislatura 55",eleito,2015-02-01,2019-01-31,FNT-000003
CRG-002395,ATR-001094,INS-000001,"Deputado federal (titular), legislatura 54",eleito,2011-02-01,2015-01-31,FNT-000003
CRG-002396,ATR-001094,INS-000001,"Deputado federal (suplente), legislatura 55",eleito,2018-02-21,2019-01-31,FNT-000003
CRG-002397,ATR-001095,INS-000001,"Deputado federal (titular), legislatura 54",eleito,2011-02-01,2015-01-31,FNT-000003
CRG-002398,ATR-001095,INS-000001,"Deputado federal (titular), legislatura 55",eleito,2015-02-01,2019-01-31,FNT-000003
CRG-002399,ATR-001095,INS-000001,"Deputado federal (titular), legislatura 56",eleito,2019-02-01,2023-01-31,FNT-000003
CRG-002400,ATR-001095,INS-000001,"Deputado federal (titular), legislatura 57",eleito,2023-02-01,,FNT-000003
CRG-002401,ATR-001096,INS-000001,"Deputado federal (titular), legislatura 54",eleito,2011-02-01,2015-01-31,FNT-000003
CRG-002402,ATR-001097,INS-000001,"Deputado federal (titular), legislatura 54",eleito,2011-02-01,2015-01-31,FNT-000003
CRG-002404,ATR-001098,INS-000001,"Deputado federal (titular), legislatura 54",eleito,2011-02-01,2012-12-19,FNT-000003
CRG-002405,ATR-001098,INS-000001,"Deputado federal (titular), legislatura 57",eleito,2023-02-01,,FNT-000003
CRG-002406,ATR-001099,INS-000001,"Deputado federal (titular), legislatura 54",eleito,2011-02-01,2015-01-31,FNT-000003
CRG-002407,ATR-001100,INS-000001,"Deputado federal (titular), legislatura 54",eleito,2011-02-01,2015-01-31,FNT-000003
CRG-002408,ATR-001101,INS-000001,"Deputado federal (titular), legislatura 54",eleito,2011-02-01,2015-01-31,FNT-000003
CRG-002409,ATR-001101,INS-000001,"Deputado federal (titular), legislatura 55",eleito,2015-02-01,2017-01-01,FNT-000003
CRG-002410,ATR-001102,INS-000001,"Deputado federal (titular), legislatura 54",eleito,2011-02-01,2015-01-31,FNT-000003
CRG-002411,ATR-001102,INS-000001,"Deputado federal (titular), legislatura 55",eleito,2015-02-01,2019-01-31,FNT-000003
CRG-002412,ATR-001102,INS-000001,"Deputado federal (titular), legislatura 56",eleito,2019-02-01,2023-01-31,FNT-000003
CRG-002413,ATR-001102,INS-000001,"Deputado federal (titular), legislatura 57",eleito,2023-02-01,,FNT-000003
CRG-002414,ATR-001103,INS-000001,"Deputado federal (titular), legislatura 54",eleito,2011-02-01,2015-01-31,FNT-000003
CRG-002415,ATR-001103,INS-000001,"Deputado federal (titular), legislatura 55",eleito,2015-02-01,2019-01-31,FNT-000003
CRG-002416,ATR-001103,INS-000001,"Deputado federal (titular), legislatura 56",eleito,2019-02-01,2023-01-31,FNT-000003
CRG-002417,ATR-001103,INS-000001,"Deputado federal (titular), legislatura 57",eleito,2023-02-01,,FNT-000003
CRG-002418,ATR-001104,INS-000001,"Deputado federal (titular), legislatura 54",eleito,2011-02-01,2015-01-31,FNT-000003
CRG-002419,ATR-001105,INS-000001,"Deputado federal (titular), legislatura 54",eleito,2011-02-01,2015-01-31,FNT-000003
CRG-002420,ATR-001106,INS-000001,"Deputado federal (titular), legislatura 54",eleito,2011-02-01,2015-01-31,FNT-000003
CRG-002421,ATR-001106,INS-000001,"Deputado federal (titular), legislatura 55",eleito,2015-02-01,2019-01-31,FNT-000003
CRG-002422,ATR-001106,INS-000001,"Deputado federal (titular), legislatura 56",eleito,2019-02-01,2023-01-31,FNT-000003
CRG-002423,ATR-001106,INS-000001,"Deputado federal (titular), legislatura 57",eleito,2023-02-01,,FNT-000003
CRG-002424,ATR-001107,INS-000001,"Deputado federal (titular), legislatura 54",eleito,2011-02-01,2015-01-31,FNT-000003
CRG-002425,ATR-001108,INS-000001,"Deputado federal (titular), legislatura 54",eleito,2011-02-01,2015-01-31,FNT-000003
CRG-002426,ATR-001108,INS-000001,"Deputado federal (titular), legislatura 55",eleito,2015-02-01,2019-01-31,FNT-000003
CRG-002427,ATR-001108,INS-000001,"Deputado federal (titular), legislatura 56",eleito,2019-02-01,2023-01-31,FNT-000003
CRG-002428,ATR-001108,INS-000001,"Deputado federal (titular), legislatura 57",eleito,2023-02-01,,FNT-000003
CRG-002429,ATR-001109,INS-000001,"Deputado federal (titular), legislatura 54",eleito,2011-02-01,2015-01-31,FNT-000003
CRG-002430,ATR-001109,INS-000001,"Deputado federal (titular), legislatura 55",eleito,2015-02-01,2019-01-31,FNT-000003
CRG-002431,ATR-001109,INS-000001,"Deputado federal (titular), legislatura 56",eleito,2019-02-01,2023-01-31,FNT-000003
CRG-002432,ATR-001109,INS-000001,"Deputado federal (titular), legislatura 57",eleito,2023-02-01,,FNT-000003
CRG-002433,ATR-001110,INS-000001,"Deputado federal (titular), legislatura 54",eleito,2011-02-01,2013-01-01,FNT-000003
CRG-002434,ATR-001111,INS-000001,"Deputado federal (titular), legislatura 54",eleito,2011-02-01,2015-01-31,FNT-000003
CRG-002435,ATR-001111,INS-000001,"Deputado federal (titular), legislatura 55",eleito,2015-02-01,2019-01-31,FNT-000003
CRG-002437,ATR-001111,INS-000001,"Deputado federal (suplente), legislatura 57",eleito,2025-03-21,,FNT-000003
CRG-002438,ATR-001112,INS-000001,"Deputado federal (titular), legislatura 54",eleito,2011-02-01,2015-01-31,FNT-000003
CRG-002439,ATR-001113,INS-000001,"Deputado federal (titular), legislatura 54",eleito,2011-02-01,2015-01-31,FNT-000003
CRG-002440,ATR-001114,INS-000001,"Deputado federal (titular), legislatura 54",eleito,2011-02-01,2015-01-31,FNT-000003
CRG-002441,ATR-001115,INS-000001,"Deputado federal (titular), legislatura 54",eleito,2011-02-01,2015-01-31,FNT-000003
CRG-002442,ATR-001115,INS-000001,"Deputado federal (titular), legislatura 55",eleito,2015-02-01,2019-01-31,FNT-000003
CRG-002443,ATR-001116,INS-000001,"Deputado federal (titular), legislatura 54",eleito,2011-02-01,2015-01-31,FNT-000003
CRG-002444,ATR-001116,INS-000001,"Deputado federal (suplente), legislatura 55",eleito,2016-03-16,2018-04-09,FNT-000003
CRG-002446,ATR-001117,INS-000001,"Deputado federal (titular), legislatura 54",eleito,2011-02-01,2015-01-31,FNT-000003
CRG-002447,ATR-001117,INS-000001,"Deputado federal (titular), legislatura 55",eleito,2015-02-01,2017-01-01,FNT-000003
CRG-002448,ATR-001118,INS-000001,"Deputado federal (titular), legislatura 54",eleito,2011-02-01,2015-01-31,FNT-000003
CRG-002449,ATR-001119,INS-000001,"Deputado federal (titular), legislatura 54",eleito,2011-02-01,2015-01-31,FNT-000003
CRG-002450,ATR-001119,INS-000001,"Deputado federal (titular), legislatura 55",eleito,2015-02-01,2019-01-31,FNT-000003
CRG-002451,ATR-001119,INS-000001,"Deputado federal (titular), legislatura 56",eleito,2019-02-01,2023-01-31,FNT-000003
CRG-002452,ATR-001119,INS-000001,"Deputado federal (titular), legislatura 57",eleito,2023-02-01,,FNT-000003
CRG-002453,ATR-001120,INS-000001,"Deputado federal (titular), legislatura 54",eleito,2011-02-01,2015-01-31,FNT-000003
CRG-002454,ATR-001120,INS-000001,"Deputado federal (titular), legislatura 55",eleito,2015-02-01,2019-01-31,FNT-000003
CRG-002455,ATR-001120,INS-000001,"Deputado federal (titular), legislatura 56",eleito,2019-02-01,2023-01-31,FNT-000003
CRG-002456,ATR-001121,INS-000001,"Deputado federal (titular), legislatura 54",eleito,2011-02-01,2015-01-31,FNT-000003
CRG-002457,ATR-001121,INS-000001,"Deputado federal (titular), legislatura 55",eleito,2015-02-01,2019-01-31,FNT-000003
CRG-002458,ATR-001122,INS-000001,"Deputado federal (titular), legislatura 54",eleito,2011-02-01,2015-01-31,FNT-000003
CRG-002459,ATR-001122,INS-000001,"Deputado federal (titular), legislatura 55",eleito,2015-02-01,2019-01-31,FNT-000003
CRG-002460,ATR-001123,INS-000001,"Deputado federal (titular), legislatura 54",eleito,2011-02-01,2015-01-31,FNT-000003
CRG-002461,ATR-001123,INS-000001,"Deputado federal (titular), legislatura 55",eleito,2015-02-01,2019-01-31,FNT-000003
CRG-002462,ATR-001124,INS-000001,"Deputado federal (titular), legislatura 54",eleito,2011-02-01,2015-01-31,FNT-000003
CRG-002463,ATR-001125,INS-000001,"Deputado federal (titular), legislatura 54",eleito,2011-02-01,2015-01-31,FNT-000003
CRG-002464,ATR-001125,INS-000001,"Deputado federal (titular), legislatura 55",eleito,2015-02-01,2019-01-31,FNT-000003
CRG-002465,ATR-001125,INS-000001,"Deputado federal (titular), legislatura 56",eleito,2019-02-01,2023-01-31,FNT-000003
CRG-002466,ATR-001125,INS-000001,"Deputado federal (titular), legislatura 57",eleito,2023-02-01,,FNT-000003
CRG-002467,ATR-001126,INS-000001,"Deputado federal (titular), legislatura 54",eleito,2011-02-01,2015-01-31,FNT-000003
CRG-002468,ATR-001126,INS-000001,"Deputado federal (titular), legislatura 55",eleito,2015-02-01,2019-01-31,FNT-000003
CRG-002469,ATR-001127,INS-000001,"Deputado federal (titular), legislatura 54",eleito,2011-02-01,2015-01-31,FNT-000003
CRG-002470,ATR-001128,INS-000001,"Deputado federal (titular), legislatura 54",eleito,2011-02-01,2015-01-31,FNT-000003
CRG-002471,ATR-001128,INS-000001,"Deputado federal (titular), legislatura 55",eleito,2015-02-01,2019-01-31,FNT-000003
CRG-002472,ATR-001129,INS-000001,"Deputado federal (titular), legislatura 54",eleito,2011-02-01,2015-01-31,FNT-000003
CRG-002473,ATR-001130,INS-000001,"Deputado federal (titular), legislatura 54",eleito,2011-02-01,2014-12-31,FNT-000003
CRG-002474,ATR-001131,INS-000001,"Deputado federal (titular), legislatura 54",eleito,2011-02-01,2015-01-31,FNT-000003
CRG-002475,ATR-001131,INS-000001,"Deputado federal (suplente), legislatura 55",eleito,2017-01-02,2017-12-29,FNT-000003
CRG-002476,ATR-001132,INS-000001,"Deputado federal (titular), legislatura 54",eleito,2011-02-01,2015-01-31,FNT-000003
CRG-002477,ATR-001132,INS-000001,"Deputado federal, legislatura 55",eleito,2015-04-09,2019-01-31,FNT-000003
CRG-002478,ATR-001133,INS-000001,"Deputado federal (titular), legislatura 54",eleito,2011-03-02,2013-01-01,FNT-000003
CRG-002479,ATR-001134,INS-000001,"Deputado federal (titular), legislatura 54",eleito,2011-02-01,2012-12-18,FNT-000003
CRG-002480,ATR-001135,INS-000001,"Deputado federal (titular), legislatura 54",eleito,2011-02-01,2015-01-31,FNT-000003
CRG-002481,ATR-001136,INS-000001,"Deputado federal (titular), legislatura 54",eleito,2011-02-01,2015-01-31,FNT-000003
CRG-002482,ATR-001136,INS-000001,"Deputado federal (suplente), legislatura 55",eleito,2017-12-20,2019-01-31,FNT-000003
CRG-002483,ATR-001136,INS-000001,"Deputado federal (titular), legislatura 56",eleito,2019-02-01,2023-01-31,FNT-000003
CRG-002484,ATR-001137,INS-000001,"Deputado federal (titular), legislatura 54",eleito,2011-02-01,2015-01-31,FNT-000003
CRG-002485,ATR-001137,INS-000001,"Deputado federal (titular), legislatura 55",eleito,2015-02-01,2019-01-31,FNT-000003
CRG-002486,ATR-001137,INS-000001,"Deputado federal (titular), legislatura 56",eleito,2019-02-01,2023-01-31,FNT-000003
CRG-002487,ATR-001137,INS-000001,"Deputado federal (titular), legislatura 57",eleito,2023-02-01,,FNT-000003
CRG-002488,ATR-001138,INS-000001,"Deputado federal (titular), legislatura 54",eleito,2011-02-01,2015-01-31,FNT-000003
CRG-002489,ATR-001138,INS-000001,"Deputado federal (titular), legislatura 55",eleito,2015-02-01,2019-01-31,FNT-000003
CRG-002490,ATR-001138,INS-000001,"Deputado federal (titular), legislatura 56",eleito,2019-02-01,2023-01-31,FNT-000003
CRG-002491,ATR-001139,INS-000001,"Deputado federal (titular), legislatura 54",eleito,2011-02-01,2015-01-31,FNT-000003
CRG-002492,ATR-001140,INS-000001,"Deputado federal (titular), legislatura 54",eleito,2011-02-01,2015-01-31,FNT-000003
CRG-002493,ATR-001140,INS-000001,"Deputado federal (titular), legislatura 55",eleito,2015-02-01,2019-01-31,FNT-000003
CRG-002494,ATR-001140,INS-000001,"Deputado federal (titular), legislatura 56",eleito,2019-02-01,2023-01-31,FNT-000003
CRG-002495,ATR-001140,INS-000001,"Deputado federal (titular), legislatura 57",eleito,2023-02-01,,FNT-000003
CRG-002496,ATR-001141,INS-000001,"Deputado federal (titular), legislatura 54",eleito,2011-02-01,2015-01-31,FNT-000003
CRG-002497,ATR-001141,INS-000001,"Deputado federal (titular), legislatura 55",eleito,2015-02-01,2019-01-31,FNT-000003
CRG-002498,ATR-001141,INS-000001,"Deputado federal (titular), legislatura 56",eleito,2019-02-01,2023-01-31,FNT-000003
CRG-002499,ATR-001141,INS-000001,"Deputado federal (titular), legislatura 57",eleito,2023-02-01,,FNT-000003
CRG-002500,ATR-001142,INS-000001,"Deputado federal (titular), legislatura 54",eleito,2011-02-01,2014-12-22,FNT-000003
CRG-002501,ATR-001143,INS-000001,"Deputado federal (titular), legislatura 54",eleito,2011-02-01,2015-01-31,FNT-000003
CRG-002502,ATR-001144,INS-000001,"Deputado federal (titular), legislatura 54",eleito,2011-02-01,2015-01-31,FNT-000003
CRG-002503,ATR-001145,INS-000001,"Deputado federal (titular), legislatura 54",eleito,2011-02-01,2015-01-31,FNT-000003
CRG-002504,ATR-001145,INS-000001,"Deputado federal (titular), legislatura 55",eleito,2015-02-01,2019-01-31,FNT-000003
CRG-002505,ATR-001146,INS-000001,"Deputado federal (titular), legislatura 54",eleito,2011-02-01,2015-01-31,FNT-000003
CRG-002506,ATR-001147,INS-000001,"Deputado federal (titular), legislatura 54",eleito,2011-02-01,2015-01-31,FNT-000003
CRG-002507,ATR-001147,INS-000001,"Deputado federal (titular), legislatura 55",eleito,2015-02-01,2019-01-31,FNT-000003
CRG-002508,ATR-001147,INS-000001,"Deputado federal (titular), legislatura 56",eleito,2019-02-01,2023-01-31,FNT-000003
CRG-002509,ATR-001147,INS-000001,"Deputado federal (titular), legislatura 57",eleito,2023-02-01,,FNT-000003
CRG-002510,ATR-001148,INS-000001,"Deputado federal (titular), legislatura 54",eleito,2011-02-01,2015-01-31,FNT-000003
CRG-002511,ATR-001148,INS-000001,"Deputado federal (titular), legislatura 55",eleito,2015-02-01,2019-01-31,FNT-000003
CRG-002512,ATR-001148,INS-000001,"Deputado federal (titular), legislatura 56",eleito,2019-02-01,2023-01-31,FNT-000003
CRG-002513,ATR-001148,INS-000001,"Deputado federal (titular), legislatura 57",eleito,2023-02-01,,FNT-000003
CRG-002514,ATR-001149,INS-000001,"Deputado federal (titular), legislatura 54",eleito,2011-02-01,2015-01-31,FNT-000003
CRG-002515,ATR-001149,INS-000001,"Deputado federal (titular), legislatura 55",eleito,2015-02-01,2019-01-31,FNT-000003
CRG-002516,ATR-001149,INS-000001,"Deputado federal (titular), legislatura 56",eleito,2019-02-01,2023-01-31,FNT-000003
CRG-002517,ATR-001149,INS-000001,"Deputado federal (titular), legislatura 57",eleito,2023-02-01,,FNT-000003
CRG-002518,ATR-001150,INS-000001,"Deputado federal (titular), legislatura 54",eleito,2011-02-01,2015-01-31,FNT-000003
CRG-002519,ATR-001150,INS-000001,"Deputado federal (titular), legislatura 55",eleito,2015-02-01,2019-01-31,FNT-000003
CRG-002520,ATR-001150,INS-000001,"Deputado federal (titular), legislatura 56",eleito,2019-02-01,2023-01-31,FNT-000003
CRG-002521,ATR-001150,INS-000001,"Deputado federal (titular), legislatura 57",eleito,2023-02-01,,FNT-000003
CRG-002522,ATR-001151,INS-000001,"Deputado federal (titular), legislatura 54",eleito,2011-02-01,2015-01-31,FNT-000003
CRG-002523,ATR-001151,INS-000001,"Deputado federal (titular), legislatura 55",eleito,2015-02-01,2019-01-31,FNT-000003
CRG-002524,ATR-001152,INS-000001,"Deputado federal (titular), legislatura 54",eleito,2011-02-01,2015-01-31,FNT-000003
CRG-002525,ATR-001153,INS-000001,"Deputado federal (titular), legislatura 54",eleito,2011-02-01,2015-01-31,FNT-000003
CRG-002526,ATR-001153,INS-000001,"Deputado federal (titular), legislatura 55",eleito,2015-02-01,2019-01-31,FNT-000003
CRG-002527,ATR-001153,INS-000001,"Deputado federal (titular), legislatura 56",eleito,2019-02-01,2023-01-31,FNT-000003
CRG-002528,ATR-001153,INS-000001,"Deputado federal (titular), legislatura 57",eleito,2023-02-01,,FNT-000003
CRG-002529,ATR-001154,INS-000001,"Deputado federal (titular), legislatura 54",eleito,2011-02-01,2015-01-31,FNT-000003
CRG-002530,ATR-001155,INS-000001,"Deputado federal (titular), legislatura 54",eleito,2011-02-01,2015-01-31,FNT-000003
CRG-002531,ATR-001156,INS-000001,"Deputado federal (titular), legislatura 54",eleito,2011-02-01,2015-01-31,FNT-000003
CRG-002532,ATR-001156,INS-000001,"Deputado federal (titular), legislatura 55",eleito,2015-02-01,2019-01-31,FNT-000003
CRG-002533,ATR-001157,INS-000001,"Deputado federal (titular), legislatura 54",eleito,2011-02-01,2013-01-01,FNT-000003
CRG-002534,ATR-001158,INS-000001,"Deputado federal (titular), legislatura 54",eleito,2011-02-01,2015-01-31,FNT-000003
CRG-002536,ATR-001159,INS-000001,"Deputado federal (titular), legislatura 54",eleito,2011-02-01,2015-01-31,FNT-000003
CRG-002537,ATR-001159,INS-000001,"Deputado federal (titular), legislatura 55",eleito,2015-02-01,2019-01-31,FNT-000003
CRG-002538,ATR-001159,INS-000001,"Deputado federal (titular), legislatura 56",eleito,2019-02-01,2023-01-31,FNT-000003
CRG-002539,ATR-001159,INS-000001,"Deputado federal (titular), legislatura 57",eleito,2023-02-01,,FNT-000003
CRG-002540,ATR-001160,INS-000001,"Deputado federal (titular), legislatura 54",eleito,2011-02-01,2015-01-31,FNT-000003
CRG-002541,ATR-001160,INS-000001,"Deputado federal (titular), legislatura 55",eleito,2015-02-01,2019-01-31,FNT-000003
CRG-002542,ATR-001161,INS-000001,"Deputado federal (titular), legislatura 54",eleito,2011-02-01,2015-01-31,FNT-000003
CRG-002543,ATR-001161,INS-000001,"Deputado federal (titular), legislatura 55",eleito,2015-02-01,2019-01-31,FNT-000003
CRG-002544,ATR-001162,INS-000001,"Deputado federal (titular), legislatura 54",eleito,2011-02-01,2015-01-31,FNT-000003
CRG-002545,ATR-001162,INS-000001,"Deputado federal (titular), legislatura 55",eleito,2015-02-01,2019-01-31,FNT-000003
CRG-002546,ATR-001163,INS-000001,"Deputado federal (titular), legislatura 54",eleito,2011-02-01,2015-01-31,FNT-000003
CRG-002547,ATR-001164,INS-000001,"Deputado federal (titular), legislatura 54",eleito,2011-02-01,2014-12-29,FNT-000003
CRG-002548,ATR-001165,INS-000001,"Deputado federal (titular), legislatura 54",eleito,2011-02-01,2012-12-31,FNT-000003
CRG-002549,ATR-001166,INS-000001,"Deputado federal (titular), legislatura 54",eleito,2011-02-01,2015-01-31,FNT-000003
CRG-002550,ATR-001166,INS-000001,"Deputado federal (titular), legislatura 55",eleito,2015-02-01,2019-01-31,FNT-000003
CRG-002551,ATR-001167,INS-000001,"Deputado federal (titular), legislatura 54",eleito,2011-02-01,2015-01-31,FNT-000003
CRG-002552,ATR-001168,INS-000001,"Deputado federal (titular), legislatura 54",eleito,2011-02-01,2015-01-31,FNT-000003
CRG-002553,ATR-001168,INS-000001,"Deputado federal (titular), legislatura 55",eleito,2015-02-01,2019-01-31,FNT-000003
CRG-002554,ATR-001168,INS-000001,"Deputado federal (titular), legislatura 56",eleito,2019-02-01,2023-01-31,FNT-000003
CRG-002555,ATR-001169,INS-000001,"Deputado federal (titular), legislatura 54",eleito,2011-02-01,2015-01-31,FNT-000003
CRG-002556,ATR-001169,INS-000001,"Deputado federal (titular), legislatura 55",eleito,2015-02-01,2018-05-21,FNT-000003
CRG-002557,ATR-001170,INS-000001,"Deputado federal (titular), legislatura 54",eleito,2011-02-01,2015-01-31,FNT-000003
CRG-002558,ATR-001170,INS-000001,"Deputado federal (titular), legislatura 55",eleito,2015-02-01,2019-01-31,FNT-000003
CRG-002559,ATR-001170,INS-000001,"Deputado federal (titular), legislatura 56",eleito,2019-02-01,2023-01-31,FNT-000003
CRG-002560,ATR-001170,INS-000001,"Deputado federal (titular), legislatura 57",eleito,2023-02-01,,FNT-000003
CRG-002561,ATR-001171,INS-000001,"Deputado federal (titular), legislatura 54",eleito,2011-02-01,2015-01-31,FNT-000003
CRG-002562,ATR-001171,INS-000001,"Deputado federal (titular), legislatura 55",eleito,2015-02-01,2019-01-31,FNT-000003
CRG-002563,ATR-001172,INS-000001,"Deputado federal (titular), legislatura 54",eleito,2011-02-01,2015-01-01,FNT-000003
CRG-002564,ATR-001173,INS-000001,"Deputado federal (titular), legislatura 54",eleito,2011-02-01,2013-01-01,FNT-000003
CRG-002565,ATR-001174,INS-000001,"Deputado federal (titular), legislatura 54",eleito,2011-02-01,2015-01-31,FNT-000003
CRG-002566,ATR-001175,INS-000001,"Deputado federal (titular), legislatura 54",eleito,2011-02-01,2015-01-31,FNT-000003
CRG-002567,ATR-001176,INS-000001,"Deputado federal (titular), legislatura 54",eleito,2011-02-01,2015-01-31,FNT-000003
CRG-002568,ATR-001177,INS-000001,"Deputado federal (titular), legislatura 54",eleito,2011-02-01,2015-01-31,FNT-000003
CRG-002569,ATR-001177,INS-000001,"Deputado federal (titular), legislatura 55",eleito,2015-02-01,2019-01-01,FNT-000003
CRG-002570,ATR-001178,INS-000001,"Deputado federal (titular), legislatura 54",eleito,2011-02-01,2013-01-01,FNT-000003
CRG-002571,ATR-001178,INS-000001,"Deputado federal (titular), legislatura 57",eleito,2023-02-01,2026-07-06,FNT-000003
CRG-002572,ATR-001179,INS-000001,"Deputado federal (titular), legislatura 54",eleito,2011-02-01,2015-01-31,FNT-000003
CRG-002573,ATR-001179,INS-000001,"Deputado federal (titular), legislatura 55",eleito,2015-02-01,2019-01-31,FNT-000003
CRG-002574,ATR-001180,INS-000001,"Deputado federal (titular), legislatura 54",eleito,2011-02-01,2015-01-31,FNT-000003
CRG-002575,ATR-001180,INS-000001,"Deputado federal (suplente), legislatura 55",eleito,2015-02-10,2019-01-31,FNT-000003
CRG-002576,ATR-001181,INS-000001,"Deputado federal (titular), legislatura 54",eleito,2011-02-01,2015-01-31,FNT-000003
CRG-002577,ATR-001181,INS-000001,"Deputado federal (titular), legislatura 55",eleito,2015-02-01,2019-01-31,FNT-000003
CRG-002578,ATR-001181,INS-000001,"Deputado federal (titular), legislatura 56",eleito,2019-02-01,2023-01-31,FNT-000003
CRG-002579,ATR-001181,INS-000001,"Deputado federal (titular), legislatura 57",eleito,2023-02-01,,FNT-000003
CRG-002580,ATR-001182,INS-000001,"Deputado federal (titular), legislatura 54",eleito,2011-02-01,2015-01-31,FNT-000003
CRG-002581,ATR-001182,INS-000001,"Deputado federal (titular), legislatura 55",eleito,2015-02-01,2019-01-31,FNT-000003
CRG-002582,ATR-001183,INS-000001,"Deputado federal (titular), legislatura 54",eleito,2011-02-01,2015-01-31,FNT-000003
CRG-002583,ATR-001184,INS-000001,"Deputado federal (titular), legislatura 54",eleito,2011-02-01,2015-01-31,FNT-000003
CRG-002584,ATR-001184,INS-000001,"Deputado federal (titular), legislatura 56",eleito,2019-02-01,2023-01-31,FNT-000003
CRG-002585,ATR-001184,INS-000001,"Deputado federal (titular), legislatura 57",eleito,2023-02-01,,FNT-000003
CRG-002586,ATR-001185,INS-000001,"Deputado federal (titular), legislatura 54",eleito,2011-02-01,2015-01-31,FNT-000003
CRG-002587,ATR-001185,INS-000001,"Deputado federal (titular), legislatura 55",eleito,2015-02-01,2019-01-31,FNT-000003
CRG-002588,ATR-001186,INS-000001,"Deputado federal (titular), legislatura 54",eleito,2011-02-01,2015-01-31,FNT-000003
CRG-002589,ATR-001186,INS-000001,"Deputado federal (titular), legislatura 55",eleito,2015-02-01,2019-01-31,FNT-000003
CRG-002590,ATR-001187,INS-000001,"Deputado federal (titular), legislatura 54",eleito,2011-02-01,2015-01-31,FNT-000003
CRG-002591,ATR-001188,INS-000001,"Deputado federal (titular), legislatura 54",eleito,2011-02-01,2015-01-31,FNT-000003
CRG-002592,ATR-001188,INS-000001,"Deputado federal (titular), legislatura 55",eleito,2015-02-01,2019-01-31,FNT-000003
CRG-002593,ATR-001188,INS-000001,"Deputado federal (titular), legislatura 56",eleito,2019-02-01,2023-01-31,FNT-000003
CRG-002594,ATR-001189,INS-000001,"Deputado federal (titular), legislatura 54",eleito,2011-02-01,2015-01-31,FNT-000003
CRG-002595,ATR-001189,INS-000001,"Deputado federal (titular), legislatura 55",eleito,2015-02-01,2019-01-31,FNT-000003
CRG-002596,ATR-001189,INS-000001,"Deputado federal (titular), legislatura 56",eleito,2019-02-01,2023-01-31,FNT-000003
CRG-002597,ATR-001189,INS-000001,"Deputado federal (titular), legislatura 57",eleito,2023-02-01,,FNT-000003
CRG-002598,ATR-001190,INS-000001,"Deputado federal (titular), legislatura 54",eleito,2011-02-01,2011-07-12,FNT-000003
CRG-002599,ATR-001190,INS-000001,"Deputado federal (titular), legislatura 55",eleito,2015-02-01,2019-01-31,FNT-000003
CRG-002600,ATR-001190,INS-000001,"Deputado federal (titular), legislatura 56",eleito,2019-02-01,2023-01-31,FNT-000003
CRG-002601,ATR-001190,INS-000001,"Deputado federal (titular), legislatura 57",eleito,2025-08-01,,FNT-000003
CRG-002602,ATR-001191,INS-000001,"Deputado federal (titular), legislatura 54",eleito,2011-02-01,2015-01-31,FNT-000003
CRG-002603,ATR-001191,INS-000001,"Deputado federal (titular), legislatura 55",eleito,2015-02-01,2019-01-31,FNT-000003
CRG-002604,ATR-001191,INS-000001,"Deputado federal (titular), legislatura 56",eleito,2019-02-01,2023-01-31,FNT-000003
CRG-002605,ATR-001191,INS-000001,"Deputado federal (titular), legislatura 57",eleito,2023-02-01,,FNT-000003
CRG-002606,ATR-001192,INS-000001,"Deputado federal (titular), legislatura 54",eleito,2011-02-01,2015-01-31,FNT-000003
CRG-002607,ATR-001192,INS-000001,"Deputado federal (titular), legislatura 55",eleito,2015-02-01,2019-01-31,FNT-000003
CRG-002608,ATR-001193,INS-000001,"Deputado federal (titular), legislatura 54",eleito,2011-02-01,2015-01-31,FNT-000003
CRG-002609,ATR-001194,INS-000001,"Deputado federal (titular), legislatura 54",eleito,2011-02-01,2015-01-31,FNT-000003
CRG-002610,ATR-001194,INS-000001,"Deputado federal (titular), legislatura 56",eleito,2019-02-01,2023-01-31,FNT-000003
CRG-002611,ATR-001195,INS-000001,"Deputado federal (titular), legislatura 54",eleito,2011-02-01,2015-01-31,FNT-000003
CRG-002612,ATR-001195,INS-000001,"Deputado federal (titular), legislatura 55",eleito,2015-02-01,2019-01-31,FNT-000003
CRG-002613,ATR-001196,INS-000001,"Deputado federal (titular), legislatura 54",eleito,2011-02-01,2014-02-19,FNT-000003
CRG-002614,ATR-001197,INS-000001,"Deputado federal (titular), legislatura 54",eleito,2011-02-01,2015-01-31,FNT-000003
CRG-002616,ATR-001198,INS-000001,"Deputado federal (titular), legislatura 54",eleito,2011-02-01,2015-01-31,FNT-000003
CRG-002617,ATR-001198,INS-000001,"Deputado federal (titular), legislatura 55",eleito,2015-02-01,2019-01-31,FNT-000003
CRG-002618,ATR-001199,INS-000001,"Deputado federal (titular), legislatura 54",eleito,2011-02-01,2015-01-31,FNT-000003
CRG-002619,ATR-001200,INS-000001,"Deputado federal (titular), legislatura 54",eleito,2011-02-01,2015-01-31,FNT-000003
CRG-002620,ATR-001200,INS-000001,"Deputado federal (titular), legislatura 55",eleito,2015-02-01,2019-01-31,FNT-000003
CRG-002621,ATR-001200,INS-000001,"Deputado federal (titular), legislatura 56",eleito,2019-02-01,2023-01-31,FNT-000003
CRG-002622,ATR-001201,INS-000001,"Deputado federal (titular), legislatura 54",eleito,2011-02-01,2015-01-31,FNT-000003
CRG-002623,ATR-001201,INS-000001,"Deputado federal (suplente), legislatura 55",eleito,2016-05-17,2018-12-11,FNT-000003
CRG-002624,ATR-001202,INS-000001,"Deputado federal (titular), legislatura 54",eleito,2011-02-01,2015-01-01,FNT-000003
CRG-002625,ATR-001202,INS-000001,"Deputado federal (titular), legislatura 55",eleito,2015-02-01,2019-01-31,FNT-000003
CRG-002626,ATR-001202,INS-000001,"Deputado federal (titular), legislatura 56",eleito,2019-02-01,2023-01-01,FNT-000003
CRG-002627,ATR-001203,INS-000001,"Deputado federal (titular), legislatura 54",eleito,2011-02-01,2015-01-31,FNT-000003
CRG-002628,ATR-001203,INS-000001,"Deputado federal (titular), legislatura 55",eleito,2015-02-01,2019-01-31,FNT-000003
CRG-002629,ATR-001204,INS-000001,"Deputado federal (titular), legislatura 54",eleito,2011-02-01,2015-01-31,FNT-000003
CRG-002630,ATR-001204,INS-000001,"Deputado federal (titular), legislatura 55",eleito,2015-02-01,2019-01-31,FNT-000003
CRG-002631,ATR-001204,INS-000001,"Deputado federal (titular), legislatura 56",eleito,2019-02-01,2023-01-24,FNT-000003
CRG-002632,ATR-001205,INS-000001,"Deputado federal (titular), legislatura 54",eleito,2011-02-01,2015-01-31,FNT-000003
CRG-002633,ATR-001206,INS-000001,"Deputado federal (titular), legislatura 54",eleito,2011-02-01,2015-01-31,FNT-000003
CRG-002634,ATR-001207,INS-000001,"Deputado federal (titular), legislatura 54",eleito,2011-02-01,2012-10-08,FNT-000003
CRG-002635,ATR-001208,INS-000001,"Deputado federal (titular), legislatura 54",eleito,2011-02-01,2015-01-31,FNT-000003
CRG-002636,ATR-001208,INS-000001,"Deputado federal (titular), legislatura 55",eleito,2015-02-01,2019-01-31,FNT-000003
CRG-002637,ATR-001209,INS-000001,"Deputado federal (titular), legislatura 54",eleito,2011-02-01,2015-01-31,FNT-000003
CRG-002638,ATR-001209,INS-000001,"Deputado federal (suplente), legislatura 55",eleito,2015-02-03,2019-01-31,FNT-000003
CRG-002639,ATR-001210,INS-000001,"Deputado federal (titular), legislatura 54",eleito,2011-02-01,2015-01-31,FNT-000003
CRG-002640,ATR-001211,INS-000001,"Deputado federal (titular), legislatura 54",eleito,2011-02-01,2015-01-31,FNT-000003
CRG-002641,ATR-001212,INS-000001,"Deputado federal (titular), legislatura 54",eleito,2011-02-01,2015-01-31,FNT-000003
CRG-002642,ATR-001212,INS-000001,"Deputado federal (titular), legislatura 55",eleito,2015-02-01,2019-01-31,FNT-000003
CRG-002643,ATR-001213,INS-000001,"Deputado federal (titular), legislatura 54",eleito,2011-02-01,2014-12-30,FNT-000003
CRG-002644,ATR-001214,INS-000001,"Deputado federal (titular), legislatura 54",eleito,2011-02-01,2015-01-31,FNT-000003
CRG-002645,ATR-001214,INS-000001,"Deputado federal (suplente), legislatura 55",eleito,2015-02-04,2019-01-31,FNT-000003
CRG-002646,ATR-001214,INS-000001,"Deputado federal (titular), legislatura 56",eleito,2019-02-01,2023-01-31,FNT-000003
CRG-002647,ATR-001214,INS-000001,"Deputado federal (titular), legislatura 57",eleito,2023-02-01,,FNT-000003
CRG-002648,ATR-001215,INS-000001,"Deputado federal (titular), legislatura 54",eleito,2011-02-01,2015-01-31,FNT-000003
CRG-002649,ATR-001215,INS-000001,"Deputado federal (titular), legislatura 55",eleito,2015-02-01,2019-01-31,FNT-000003
CRG-002650,ATR-001215,INS-000001,"Deputado federal (titular), legislatura 56",eleito,2019-02-01,2023-01-31,FNT-000003
CRG-002651,ATR-001215,INS-000001,"Deputado federal (titular), legislatura 57",eleito,2023-02-01,,FNT-000003
CRG-002652,ATR-001216,INS-000001,"Deputado federal (titular), legislatura 54",eleito,2011-02-01,2015-01-31,FNT-000003
CRG-002653,ATR-001216,INS-000001,"Deputado federal (titular), legislatura 55",eleito,2015-02-01,2019-01-31,FNT-000003
CRG-002654,ATR-001216,INS-000001,"Deputado federal (titular), legislatura 56",eleito,2019-02-01,2023-01-31,FNT-000003
CRG-002655,ATR-001217,INS-000001,"Deputado federal (titular), legislatura 54",eleito,2011-02-01,2014-12-30,FNT-000003
CRG-002656,ATR-001218,INS-000001,"Deputado federal (titular), legislatura 54",eleito,2011-02-01,2015-01-31,FNT-000003
CRG-002657,ATR-001218,INS-000001,"Deputado federal (titular), legislatura 55",eleito,2015-02-01,2019-01-31,FNT-000003
CRG-002658,ATR-001218,INS-000001,"Deputado federal (titular), legislatura 56",eleito,2019-02-01,2023-01-31,FNT-000003
CRG-002659,ATR-001219,INS-000001,"Deputado federal (titular), legislatura 54",eleito,2011-02-01,2015-01-31,FNT-000003
CRG-002660,ATR-001220,INS-000001,"Deputado federal (titular), legislatura 54",eleito,2011-02-01,2015-01-31,FNT-000003
CRG-002661,ATR-001221,INS-000001,"Deputado federal (titular), legislatura 54",eleito,2011-02-01,2015-01-31,FNT-000003
CRG-002662,ATR-001221,INS-000001,"Deputado federal (titular), legislatura 55",eleito,2015-02-01,2019-01-31,FNT-000003
CRG-002664,ATR-001222,INS-000001,"Deputado federal (titular), legislatura 54",eleito,2011-02-01,2015-01-31,FNT-000003
CRG-002665,ATR-001222,INS-000001,"Deputado federal (titular), legislatura 55",eleito,2015-02-01,2019-01-31,FNT-000003
CRG-002666,ATR-001222,INS-000001,"Deputado federal (titular), legislatura 56",eleito,2019-02-01,2023-01-31,FNT-000003
CRG-002667,ATR-001222,INS-000001,"Deputado federal (titular), legislatura 57",eleito,2023-02-01,,FNT-000003
CRG-002668,ATR-001223,INS-000001,"Deputado federal (titular), legislatura 54",eleito,2011-02-01,2015-01-31,FNT-000003
CRG-002669,ATR-001223,INS-000001,"Deputado federal (titular), legislatura 55",eleito,2015-02-01,2019-01-31,FNT-000003
CRG-002670,ATR-001223,INS-000001,"Deputado federal (titular), legislatura 56",eleito,2019-02-01,2023-01-31,FNT-000003
CRG-002671,ATR-001223,INS-000001,"Deputado federal (titular), legislatura 57",eleito,2023-02-01,,FNT-000003
CRG-002672,ATR-001224,INS-000001,"Deputado federal (titular), legislatura 54",eleito,2011-02-01,2015-01-31,FNT-000003
CRG-002673,ATR-001225,INS-000001,"Deputado federal (titular), legislatura 54",eleito,2011-02-01,2015-01-31,FNT-000003
CRG-002674,ATR-001225,INS-000001,"Deputado federal (suplente), legislatura 55",eleito,2015-02-03,2019-01-31,FNT-000003
CRG-002675,ATR-001226,INS-000001,"Deputado federal (titular), legislatura 54",eleito,2011-02-01,2015-01-31,FNT-000003
CRG-002676,ATR-001226,INS-000001,"Deputado federal (titular), legislatura 55",eleito,2015-02-01,2019-01-31,FNT-000003
CRG-002677,ATR-001227,INS-000001,"Deputado federal (titular), legislatura 54",eleito,2011-02-01,2015-01-01,FNT-000003
CRG-002678,ATR-001228,INS-000001,"Deputado federal (titular), legislatura 54",eleito,2011-02-01,2015-01-31,FNT-000003
CRG-002679,ATR-001229,INS-000001,"Deputado federal (titular), legislatura 54",eleito,2011-02-01,2013-01-01,FNT-000003
CRG-002680,ATR-001230,INS-000001,"Deputado federal (titular), legislatura 54",eleito,2011-02-01,2015-01-31,FNT-000003
CRG-002681,ATR-001230,INS-000001,"Deputado federal (titular), legislatura 55",eleito,2015-02-01,2019-01-31,FNT-000003
CRG-002682,ATR-001230,INS-000001,"Deputado federal (titular), legislatura 56",eleito,2019-02-01,2023-01-31,FNT-000003
CRG-002683,ATR-001230,INS-000001,"Deputado federal (titular), legislatura 57",eleito,2023-02-01,,FNT-000003
CRG-002684,ATR-001231,INS-000001,"Deputado federal (titular), legislatura 54",eleito,2011-02-01,2015-01-31,FNT-000003
CRG-002685,ATR-001232,INS-000001,"Deputado federal (titular), legislatura 54",eleito,2011-02-01,2015-01-31,FNT-000003
CRG-002686,ATR-001232,INS-000001,"Deputado federal (titular), legislatura 55",eleito,2015-02-01,2019-01-31,FNT-000003
CRG-002687,ATR-001232,INS-000001,"Deputado federal (titular), legislatura 56",eleito,2019-02-01,2023-01-31,FNT-000003
CRG-002688,ATR-001232,INS-000001,"Deputado federal (titular), legislatura 57",eleito,2023-02-01,,FNT-000003
CRG-002689,ATR-001233,INS-000001,"Deputado federal (titular), legislatura 57",eleito,2023-02-01,,FNT-000003
CRG-002690,ATR-001234,INS-000001,"Deputado federal (titular), legislatura 56",eleito,2019-02-01,2023-01-31,FNT-000003
CRG-002691,ATR-001234,INS-000001,"Deputado federal (titular), legislatura 57",eleito,2023-02-01,,FNT-000003
CRG-002692,ATR-001235,INS-000001,"Deputado federal (suplente), legislatura 54",eleito,2011-02-02,2015-01-31,FNT-000003
CRG-002693,ATR-001236,INS-000001,"Deputado federal (suplente), legislatura 54",eleito,2011-02-02,2015-01-31,FNT-000003
CRG-002694,ATR-001237,INS-000001,"Deputado federal (suplente), legislatura 54",eleito,2011-02-02,2011-12-12,FNT-000003
CRG-002695,ATR-001238,INS-000001,"Deputado federal (suplente), legislatura 54",eleito,2011-02-03,2015-01-31,FNT-000003
CRG-002696,ATR-001239,INS-000001,"Deputado federal (suplente), legislatura 54",eleito,2011-02-03,2015-01-31,FNT-000003
CRG-002697,ATR-001240,INS-000001,"Deputado federal (suplente), legislatura 54",eleito,2011-02-04,2012-11-22,FNT-000003
CRG-002698,ATR-001241,INS-000001,"Deputado federal (titular), legislatura 57",eleito,2023-02-01,,FNT-000003
CRG-002699,ATR-001242,INS-000001,"Deputado federal (suplente), legislatura 54",eleito,2011-02-07,2015-01-31,FNT-000003
CRG-002701,ATR-001243,INS-000001,"Deputado federal (suplente), legislatura 54",eleito,2011-02-07,2012-03-02,FNT-000003
CRG-002702,ATR-001244,INS-000001,"Deputado federal (suplente), legislatura 54",eleito,2011-02-08,2015-01-31,FNT-000003
CRG-002703,ATR-001244,INS-000001,"Deputado federal (titular), legislatura 55",eleito,2015-02-01,2019-01-31,FNT-000003
CRG-002704,ATR-001244,INS-000001,"Deputado federal (titular), legislatura 56",eleito,2019-02-01,2023-01-31,FNT-000003
CRG-002705,ATR-001244,INS-000001,"Deputado federal (titular), legislatura 57",eleito,2023-02-01,,FNT-000003
CRG-002706,ATR-001245,INS-000001,"Deputado federal (suplente), legislatura 54",eleito,2011-02-09,2014-09-01,FNT-000003
CRG-002707,ATR-001246,INS-000001,"Deputado federal (suplente), legislatura 54",eleito,2011-02-16,2014-03-19,FNT-000003
CRG-002708,ATR-001246,INS-000001,"Deputado federal (titular), legislatura 55",eleito,2015-02-01,2019-01-31,FNT-000003
CRG-002709,ATR-001246,INS-000001,"Deputado federal (suplente), legislatura 57",eleito,2023-11-08,2026-02-05,FNT-000003
CRG-002710,ATR-001247,INS-000001,"Deputado federal (suplente), legislatura 54",eleito,2011-02-16,2015-01-31,FNT-000003
CRG-002711,ATR-001248,INS-000001,"Deputado federal (suplente), legislatura 54",eleito,2011-02-21,2015-01-31,FNT-000003
CRG-002712,ATR-001248,INS-000001,"Deputado federal (titular), legislatura 55",eleito,2015-02-01,2018-05-21,FNT-000003
CRG-002713,ATR-001249,INS-000001,"Deputado federal (suplente), legislatura 54",eleito,2011-03-01,2011-07-12,FNT-000003
CRG-002714,ATR-001249,INS-000001,"Deputado federal (titular), legislatura 55",eleito,2015-02-01,2019-01-31,FNT-000003
CRG-002715,ATR-001249,INS-000001,"Deputado federal (titular), legislatura 56",eleito,2019-02-01,2023-01-31,FNT-000003
CRG-002716,ATR-001250,INS-000001,"Deputado federal (suplente), legislatura 54",eleito,2011-03-02,2014-04-04,FNT-000003
CRG-002717,ATR-001250,INS-000001,"Deputado federal (titular), legislatura 55",eleito,2015-02-01,2019-01-31,FNT-000003
CRG-002718,ATR-001250,INS-000001,"Deputado federal (titular), legislatura 56",eleito,2019-02-01,2023-01-02,FNT-000003
CRG-002719,ATR-001250,INS-000001,"Deputado federal (titular), legislatura 57",eleito,2023-02-01,2025-01-01,FNT-000003
CRG-002720,ATR-001251,INS-000001,"Deputado federal (suplente), legislatura 54",eleito,2011-03-02,2013-12-30,FNT-000003
CRG-002721,ATR-001252,INS-000001,"Deputado federal (suplente), legislatura 54",eleito,2011-04-28,2012-03-01,FNT-000003
CRG-002722,ATR-001253,INS-000001,"Deputado federal (titular), legislatura 57",eleito,2023-02-01,,FNT-000003
CRG-002723,ATR-001254,INS-000001,"Deputado federal (suplente), legislatura 54",eleito,2011-05-03,2014-04-07,FNT-000003
CRG-002724,ATR-001255,INS-000001,"Deputado federal (titular), legislatura 54",eleito,2011-05-12,2012-12-13,FNT-000003
CRG-002725,ATR-001256,INS-000001,"Deputado federal (titular), legislatura 54",eleito,2011-07-13,2015-01-31,FNT-000003
CRG-002726,ATR-001256,INS-000001,"Deputado federal (titular), legislatura 55",eleito,2015-02-01,2019-01-31,FNT-000003
CRG-002727,ATR-001257,INS-000001,"Deputado federal (suplente), legislatura 54",eleito,2011-07-13,2015-01-31,FNT-000003
CRG-002728,ATR-001257,INS-000001,"Deputado federal (titular), legislatura 55",eleito,2015-02-01,2019-01-31,FNT-000003
CRG-002729,ATR-001257,INS-000001,"Deputado federal (titular), legislatura 56",eleito,2019-02-01,2023-01-31,FNT-000003
CRG-002730,ATR-001257,INS-000001,"Deputado federal (titular), legislatura 57",eleito,2023-02-01,,FNT-000003
CRG-002731,ATR-001258,INS-000001,"Deputado federal (suplente), legislatura 54",eleito,2011-08-01,2015-01-31,FNT-000003
CRG-002732,ATR-001259,INS-000001,"Deputado federal (suplente), legislatura 54",eleito,2011-10-04,2015-01-31,FNT-000003
CRG-002733,ATR-001259,INS-000001,"Deputado federal (titular), legislatura 55",eleito,2015-02-01,2019-01-31,FNT-000003
CRG-002734,ATR-001260,INS-000001,"Deputado federal (suplente), legislatura 54",eleito,2011-10-20,2015-01-31,FNT-000003
CRG-002735,ATR-001260,INS-000001,"Deputado federal (suplente), legislatura 55",eleito,2016-05-17,2018-04-06,FNT-000003
CRG-002736,ATR-001260,INS-000001,"Deputado federal, legislatura 56",eleito,2023-01-02,2023-01-31,FNT-000003
CRG-002737,ATR-001261,INS-000001,"Deputado federal (suplente), legislatura 54",eleito,2011-11-01,2015-01-31,FNT-000003
CRG-002738,ATR-001262,INS-000001,"Deputado federal (suplente), legislatura 54",eleito,2011-11-08,2012-03-01,FNT-000003
CRG-002739,ATR-001263,INS-000001,"Deputado federal (suplente), legislatura 54",eleito,2011-11-17,2015-01-31,FNT-000003
CRG-002740,ATR-001263,INS-000001,"Deputado federal (titular), legislatura 55",eleito,2015-02-01,2019-01-31,FNT-000003
CRG-002741,ATR-001264,INS-000001,"Deputado federal (suplente), legislatura 54",eleito,2011-12-06,2012-04-04,FNT-000003
CRG-002742,ATR-001265,INS-000001,"Deputado federal (suplente), legislatura 54",eleito,2011-12-19,2015-01-02,FNT-000003
CRG-002743,ATR-001265,INS-000001,"Deputado federal (suplente), legislatura 56",eleito,2019-02-26,2023-01-31,FNT-000003
CRG-002744,ATR-001266,INS-000001,"Deputado federal (suplente), legislatura 54",eleito,2012-01-06,2015-01-31,FNT-000003
CRG-002745,ATR-001267,INS-000001,"Deputado federal (suplente), legislatura 54",eleito,2012-02-07,2015-01-31,FNT-000003
CRG-002746,ATR-001268,INS-000001,"Deputado federal (suplente), legislatura 54",eleito,2012-05-31,2012-10-04,FNT-000003
CRG-002747,ATR-001269,INS-000001,"Deputado federal (suplente), legislatura 54",eleito,2012-06-14,2015-01-31,FNT-000003
CRG-002748,ATR-001270,INS-000001,"Deputado federal (suplente), legislatura 54",eleito,2012-06-14,2015-01-31,FNT-000003
CRG-002749,ATR-001271,INS-000001,"Deputado federal (suplente), legislatura 54",eleito,2012-07-03,2012-10-31,FNT-000003
CRG-002750,ATR-001272,INS-000001,"Deputado federal (suplente), legislatura 54",eleito,2012-08-01,2012-11-16,FNT-000003
CRG-002751,ATR-001273,INS-000001,"Deputado federal (suplente), legislatura 54",eleito,2012-08-08,2015-01-31,FNT-000003
CRG-002752,ATR-001273,INS-000001,"Deputado federal (suplente), legislatura 55",eleito,2016-05-17,2016-07-16,FNT-000003
CRG-002753,ATR-001274,INS-000001,"Deputado federal (suplente), legislatura 57",eleito,2024-04-09,2024-07-28,FNT-000003
CRG-002754,ATR-001275,INS-000001,"Deputado federal, legislatura 54",eleito,2013-01-03,2015-01-31,FNT-000003
CRG-002755,ATR-001275,INS-000001,"Deputado federal (titular), legislatura 55",eleito,2015-02-01,2019-01-31,FNT-000003
CRG-002756,ATR-001275,INS-000001,"Deputado federal (titular), legislatura 56",eleito,2019-02-01,2023-01-31,FNT-000003
CRG-002757,ATR-001275,INS-000001,"Deputado federal (titular), legislatura 57",eleito,2023-02-01,2026-07-09,FNT-000003
CRG-002758,ATR-001276,INS-000001,"Deputado federal, legislatura 54",eleito,2013-01-03,2015-01-31,FNT-000003
CRG-002759,ATR-001277,INS-000001,"Deputado federal, legislatura 54",eleito,2013-01-03,2015-01-31,FNT-000003
CRG-002760,ATR-001277,INS-000001,"Deputado federal (titular), legislatura 55",eleito,2015-02-01,2019-01-31,FNT-000003
CRG-002761,ATR-001277,INS-000001,"Deputado federal (titular), legislatura 56",eleito,2019-02-01,2021-01-01,FNT-000003
CRG-002762,ATR-001278,INS-000001,"Deputado federal (suplente), legislatura 54",eleito,2013-01-03,2014-04-04,FNT-000003
CRG-002763,ATR-001278,INS-000001,"Deputado federal, legislatura 55",eleito,2017-01-02,2019-01-31,FNT-000003
CRG-002764,ATR-001279,INS-000001,"Deputado federal, legislatura 54",eleito,2013-01-03,2015-01-31,FNT-000003
CRG-002765,ATR-001280,INS-000001,"Deputado federal, legislatura 54",eleito,2013-01-03,2015-01-31,FNT-000003
CRG-002766,ATR-001281,INS-000001,"Deputado federal, legislatura 54",eleito,2013-01-03,2015-01-31,FNT-000003
CRG-002767,ATR-001281,INS-000001,"Deputado federal (titular), legislatura 55",eleito,2015-02-01,2019-01-31,FNT-000003
CRG-002768,ATR-001281,INS-000001,"Deputado federal (titular), legislatura 56",eleito,2019-02-01,2023-01-31,FNT-000003
CRG-002769,ATR-001281,INS-000001,"Deputado federal (titular), legislatura 57",eleito,2023-02-01,,FNT-000003
CRG-002770,ATR-001282,INS-000001,"Deputado federal (suplente), legislatura 54",eleito,2013-01-10,2013-11-27,FNT-000003
CRG-002771,ATR-001282,INS-000001,"Deputado federal (suplente), legislatura 55",eleito,2018-10-24,2018-12-31,FNT-000003
CRG-002772,ATR-001283,INS-000001,"Deputado federal (titular), legislatura 57",eleito,2023-02-01,,FNT-000003
CRG-002773,ATR-001284,INS-000001,"Deputado federal (suplente), legislatura 54",eleito,2013-01-23,2015-01-31,FNT-000003
CRG-002774,ATR-001285,INS-000001,"Deputado federal (suplente), legislatura 54",eleito,2013-03-06,2013-11-27,FNT-000003
CRG-002775,ATR-001286,INS-000001,"Deputado federal (suplente), legislatura 54",eleito,2013-03-12,2013-07-07,FNT-000003
CRG-002776,ATR-001287,INS-000001,"Deputado federal (suplente), legislatura 54",eleito,2013-04-05,2013-08-27,FNT-000003
CRG-002777,ATR-001288,INS-000001,"Deputado federal (suplente), legislatura 54",eleito,2013-04-10,2015-01-31,FNT-000003
CRG-002778,ATR-001289,INS-000001,"Deputado federal (suplente), legislatura 54",eleito,2013-05-07,2013-10-04,FNT-000003
CRG-002779,ATR-001290,INS-000001,"Deputado federal (suplente), legislatura 54",eleito,2013-06-13,2013-10-08,FNT-000003
CRG-002780,ATR-001291,INS-000001,"Deputado federal, legislatura 54",eleito,2014-12-18,2015-01-31,FNT-000003
CRG-002781,ATR-001292,INS-000001,"Deputado federal (suplente), legislatura 54",eleito,2013-08-29,2015-01-31,FNT-000003
CRG-002782,ATR-001293,INS-000001,"Deputado federal (suplente), legislatura 54",eleito,2013-10-09,2015-01-31,FNT-000003
CRG-002783,ATR-001294,INS-000001,"Deputado federal (suplente), legislatura 54",eleito,2013-12-12,2015-01-31,FNT-000003
CRG-002784,ATR-001295,INS-000001,"Deputado federal (suplente), legislatura 57",eleito,2024-12-18,,FNT-000003
CRG-002785,ATR-001296,INS-000001,"Deputado federal (suplente), legislatura 54",eleito,2014-02-17,2015-01-31,FNT-000003
CRG-002786,ATR-001297,INS-000001,"Deputado federal (suplente), legislatura 54",eleito,2014-04-01,2015-01-31,FNT-000003
CRG-002787,ATR-001298,INS-000001,"Deputado federal (suplente), legislatura 54",eleito,2014-04-16,2014-08-10,FNT-000003
CRG-002788,ATR-001299,INS-000001,"Deputado federal, legislatura 54",eleito,2014-05-08,2014-12-18,FNT-000003
CRG-002789,ATR-001299,INS-000001,"Deputado federal (titular), legislatura 55",eleito,2015-02-01,2019-01-31,FNT-000003
CRG-002790,ATR-001299,INS-000001,"Deputado federal (titular), legislatura 56",eleito,2019-02-01,2023-01-31,FNT-000003
CRG-002791,ATR-001300,INS-000001,"Deputado federal (suplente), legislatura 54",eleito,2014-08-20,2014-12-10,FNT-000003
CRG-002793,ATR-001301,INS-000001,"Deputado federal (titular), legislatura 55",eleito,2015-02-01,2019-01-31,FNT-000003
CRG-002794,ATR-001302,INS-000001,"Deputado federal, legislatura 54",eleito,2015-01-02,2015-01-31,FNT-000003
CRG-002795,ATR-001303,INS-000001,"Deputado federal (titular), legislatura 55",eleito,2015-02-01,2019-01-31,FNT-000003
CRG-002796,ATR-001303,INS-000001,"Deputado federal (titular), legislatura 56",eleito,2020-11-06,2023-01-31,FNT-000003
CRG-002797,ATR-001304,INS-000001,"Deputado federal (titular), legislatura 55",eleito,2015-02-01,2019-01-31,FNT-000003
CRG-002798,ATR-001305,INS-000001,"Deputado federal, legislatura 54",eleito,2015-01-01,2015-01-31,FNT-000003
CRG-002799,ATR-001305,INS-000001,"Deputado federal (titular), legislatura 55",eleito,2015-02-01,2017-01-01,FNT-000003
CRG-002800,ATR-001306,INS-000001,"Deputado federal (titular), legislatura 55",eleito,2015-02-01,2019-01-31,FNT-000003
CRG-002801,ATR-001307,INS-000001,"Deputado federal (titular), legislatura 55",eleito,2015-02-01,2019-01-31,FNT-000003
CRG-002802,ATR-001307,INS-000001,"Deputado federal (titular), legislatura 56",eleito,2019-02-01,2023-01-31,FNT-000003
CRG-002803,ATR-001307,INS-000001,"Deputado federal (titular), legislatura 57",eleito,2023-02-01,,FNT-000003
CRG-002804,ATR-001308,INS-000001,"Deputado federal (suplente), legislatura 54",eleito,2015-01-02,2015-01-31,FNT-000003
CRG-002805,ATR-001308,INS-000001,"Deputado federal (titular), legislatura 55",eleito,2015-02-01,2019-01-31,FNT-000003
CRG-002806,ATR-001308,INS-000001,"Deputado federal (suplente), legislatura 56",eleito,2020-03-04,2023-01-31,FNT-000003
CRG-002807,ATR-001309,INS-000001,"Deputado federal (titular), legislatura 55",eleito,2015-02-01,2019-01-31,FNT-000003
CRG-002808,ATR-001309,INS-000001,"Deputado federal (titular), legislatura 56",eleito,2019-02-01,2023-01-31,FNT-000003
CRG-002809,ATR-001309,INS-000001,"Deputado federal (titular), legislatura 57",eleito,2025-08-01,,FNT-000003
CRG-002810,ATR-001310,INS-000001,"Deputado federal (titular), legislatura 55",eleito,2015-02-01,2019-01-31,FNT-000003
CRG-002811,ATR-001310,INS-000001,"Deputado federal (titular), legislatura 56",eleito,2019-02-01,2023-01-31,FNT-000003
CRG-002812,ATR-001310,INS-000001,"Deputado federal (titular), legislatura 57",eleito,2023-02-01,,FNT-000003
CRG-002813,ATR-001311,INS-000001,"Deputado federal (titular), legislatura 55",eleito,2015-02-01,2019-01-31,FNT-000003
CRG-002814,ATR-001311,INS-000001,"Deputado federal (titular), legislatura 56",eleito,2019-02-01,2021-01-01,FNT-000003
CRG-002815,ATR-001312,INS-000001,"Deputado federal (suplente), legislatura 54",eleito,2015-01-08,2015-01-30,FNT-000003
CRG-002816,ATR-001312,INS-000001,"Deputado federal (titular), legislatura 55",eleito,2015-02-01,2019-01-31,FNT-000003
CRG-002817,ATR-001313,INS-000001,"Deputado federal (suplente), legislatura 54",eleito,2015-01-01,2015-01-31,FNT-000003
CRG-002818,ATR-001313,INS-000001,"Deputado federal (titular), legislatura 55",eleito,2015-02-01,2019-01-31,FNT-000003
CRG-002819,ATR-001313,INS-000001,"Deputado federal (titular), legislatura 56",eleito,2019-02-01,2023-01-31,FNT-000003
CRG-002820,ATR-001313,INS-000001,"Deputado federal (titular), legislatura 57",eleito,2023-02-01,,FNT-000003
CRG-002821,ATR-001314,INS-000001,"Deputado federal (titular), legislatura 55",eleito,2015-02-01,2019-01-31,FNT-000003
CRG-002822,ATR-001314,INS-000001,"Deputado federal (titular), legislatura 56",eleito,2019-02-01,2023-01-31,FNT-000003
CRG-002823,ATR-001315,INS-000001,"Deputado federal (titular), legislatura 55",eleito,2015-02-01,2019-01-31,FNT-000003
CRG-002824,ATR-001316,INS-000001,"Deputado federal (titular), legislatura 55",eleito,2015-02-01,2019-01-31,FNT-000003
CRG-002825,ATR-001317,INS-000001,"Deputado federal (titular), legislatura 55",eleito,2015-02-01,2019-01-31,FNT-000003
CRG-002826,ATR-001317,INS-000001,"Deputado federal (titular), legislatura 56",eleito,2019-02-01,2023-01-31,FNT-000003
CRG-002827,ATR-001318,INS-000001,"Deputado federal (titular), legislatura 55",eleito,2015-02-01,2019-01-01,FNT-000003
CRG-002828,ATR-001319,INS-000001,"Deputado federal (titular), legislatura 55",eleito,2015-02-01,2019-01-31,FNT-000003
CRG-002829,ATR-001320,INS-000001,"Deputado federal (titular), legislatura 55",eleito,2015-02-01,2019-01-31,FNT-000003
CRG-002830,ATR-001320,INS-000001,"Deputado federal (titular), legislatura 56",eleito,2019-02-01,2021-01-01,FNT-000003
CRG-002831,ATR-001321,INS-000001,"Deputado federal (titular), legislatura 55",eleito,2015-02-01,2019-01-31,FNT-000003
CRG-002832,ATR-001321,INS-000001,"Deputado federal (titular), legislatura 56",eleito,2019-02-01,2023-01-31,FNT-000003
CRG-002833,ATR-001321,INS-000001,"Deputado federal (titular), legislatura 57",eleito,2023-02-01,,FNT-000003
CRG-002834,ATR-001322,INS-000001,"Deputado federal (titular), legislatura 55",eleito,2015-02-01,2019-01-31,FNT-000003
CRG-002835,ATR-001322,INS-000001,"Deputado federal, legislatura 56",eleito,2021-01-01,2023-01-31,FNT-000003
CRG-002836,ATR-001323,INS-000001,"Deputado federal (titular), legislatura 55",eleito,2015-02-01,2019-01-31,FNT-000003
CRG-002837,ATR-001324,INS-000001,"Deputado federal (titular), legislatura 55",eleito,2015-02-01,2019-01-31,FNT-000003
CRG-002838,ATR-001325,INS-000001,"Deputado federal (titular), legislatura 55",eleito,2015-02-01,2019-01-31,FNT-000003
CRG-002839,ATR-001326,INS-000001,"Deputado federal (titular), legislatura 55",eleito,2015-02-01,2019-01-31,FNT-000003
CRG-002840,ATR-001327,INS-000001,"Deputado federal (titular), legislatura 55",eleito,2015-02-01,2019-01-31,FNT-000003
CRG-002841,ATR-001328,INS-000001,"Deputado federal (titular), legislatura 55",eleito,2015-02-01,2018-05-21,FNT-000003
CRG-002842,ATR-001329,INS-000001,"Deputado federal (titular), legislatura 55",eleito,2015-02-01,2019-01-31,FNT-000003
CRG-002843,ATR-001330,INS-000001,"Deputado federal (titular), legislatura 55",eleito,2015-02-01,2019-01-31,FNT-000003
CRG-002844,ATR-001331,INS-000001,"Deputado federal (titular), legislatura 55",eleito,2015-02-01,2019-01-31,FNT-000003
CRG-002846,ATR-001332,INS-000001,"Deputado federal (titular), legislatura 55",eleito,2015-02-01,2019-01-31,FNT-000003
CRG-002847,ATR-001332,INS-000001,"Deputado federal (titular), legislatura 56",eleito,2019-02-01,2023-01-31,FNT-000003
CRG-002848,ATR-001332,INS-000001,"Deputado federal (titular), legislatura 57",eleito,2023-02-01,,FNT-000003
CRG-002849,ATR-001333,INS-000001,"Deputado federal (titular), legislatura 55",eleito,2015-02-01,2019-01-31,FNT-000003
CRG-002850,ATR-001334,INS-000001,"Deputado federal (titular), legislatura 55",eleito,2015-02-01,2019-01-31,FNT-000003
CRG-002851,ATR-001335,INS-000001,"Deputado federal (titular), legislatura 55",eleito,2015-02-01,2019-01-31,FNT-000003
CRG-002852,ATR-001335,INS-000001,"Deputado federal (titular), legislatura 56",eleito,2019-02-01,2023-01-31,FNT-000003
CRG-002853,ATR-001335,INS-000001,"Deputado federal (titular), legislatura 57",eleito,2023-02-01,,FNT-000003
CRG-002854,ATR-001336,INS-000001,"Deputado federal (titular), legislatura 55",eleito,2015-02-01,2019-01-31,FNT-000003
CRG-002855,ATR-001336,INS-000001,"Deputado federal (titular), legislatura 56",eleito,2019-02-01,2023-01-31,FNT-000003
CRG-002856,ATR-001336,INS-000001,"Deputado federal (titular), legislatura 57",eleito,2023-02-01,,FNT-000003
CRG-002857,ATR-001337,INS-000001,"Deputado federal (titular), legislatura 55",eleito,2015-02-01,2017-01-01,FNT-000003
CRG-002858,ATR-001338,INS-000001,"Deputado federal (titular), legislatura 55",eleito,2015-02-01,2019-01-31,FNT-000003
CRG-002859,ATR-001338,INS-000001,"Deputado federal (titular), legislatura 56",eleito,2019-02-01,2023-01-31,FNT-000003
CRG-002860,ATR-001338,INS-000001,"Deputado federal (titular), legislatura 57",eleito,2023-02-01,,FNT-000003
CRG-002861,ATR-001339,INS-000001,"Deputado federal (titular), legislatura 55",eleito,2015-02-01,2019-01-31,FNT-000003
CRG-002862,ATR-001339,INS-000001,"Deputado federal (titular), legislatura 56",eleito,2019-02-01,2023-01-31,FNT-000003
CRG-002863,ATR-001340,INS-000001,"Deputado federal (titular), legislatura 55",eleito,2015-02-01,2019-01-31,FNT-000003
CRG-002864,ATR-001340,INS-000001,"Deputado federal (suplente), legislatura 56",eleito,2021-03-03,2022-03-31,FNT-000003
CRG-002865,ATR-001341,INS-000001,"Deputado federal (titular), legislatura 55",eleito,2015-02-01,2019-01-31,FNT-000003
CRG-002866,ATR-001341,INS-000001,"Deputado federal (titular), legislatura 56",eleito,2019-02-01,2023-01-31,FNT-000003
CRG-002867,ATR-001342,INS-000001,"Deputado federal (titular), legislatura 55",eleito,2015-02-01,2019-01-31,FNT-000003
CRG-002868,ATR-001343,INS-000001,"Deputado federal (titular), legislatura 55",eleito,2015-02-01,2019-01-31,FNT-000003
CRG-002869,ATR-001344,INS-000001,"Deputado federal (titular), legislatura 55",eleito,2015-02-01,2019-01-31,FNT-000003
CRG-002870,ATR-001344,INS-000001,"Deputado federal (titular), legislatura 56",eleito,2019-02-01,2023-01-31,FNT-000003
CRG-002871,ATR-001344,INS-000001,"Deputado federal (titular), legislatura 57",eleito,2023-02-01,,FNT-000003
CRG-002872,ATR-001345,INS-000001,"Deputado federal (titular), legislatura 55",eleito,2015-02-01,2019-01-31,FNT-000003
CRG-002873,ATR-001346,INS-000001,"Deputado federal (titular), legislatura 55",eleito,2015-02-01,2019-01-31,FNT-000003
CRG-002874,ATR-001346,INS-000001,"Deputado federal (suplente), legislatura 56",eleito,2021-04-16,2021-08-12,FNT-000003
CRG-002875,ATR-001347,INS-000001,"Deputado federal (titular), legislatura 55",eleito,2015-02-01,2019-01-31,FNT-000003
CRG-002876,ATR-001348,INS-000001,"Deputado federal (titular), legislatura 55",eleito,2015-02-01,2019-01-31,FNT-000003
CRG-002877,ATR-001349,INS-000001,"Deputado federal (titular), legislatura 55",eleito,2015-02-01,2019-01-31,FNT-000003
CRG-002878,ATR-001349,INS-000001,"Deputado federal (titular), legislatura 56",eleito,2019-02-01,2023-01-31,FNT-000003
CRG-002879,ATR-001349,INS-000001,"Deputado federal (titular), legislatura 57",eleito,2023-02-01,,FNT-000003
CRG-002880,ATR-001350,INS-000001,"Deputado federal (titular), legislatura 55",eleito,2015-02-01,2019-01-31,FNT-000003
CRG-002881,ATR-001351,INS-000001,"Deputado federal (titular), legislatura 55",eleito,2015-02-01,2019-01-31,FNT-000003
CRG-002882,ATR-001351,INS-000001,"Deputado federal (titular), legislatura 56",eleito,2019-02-01,2023-01-31,FNT-000003
CRG-002883,ATR-001351,INS-000001,"Deputado federal (titular), legislatura 57",eleito,2023-02-01,,FNT-000003
CRG-002884,ATR-001352,INS-000001,"Deputado federal (titular), legislatura 55",eleito,2015-02-01,2019-01-31,FNT-000003
CRG-002885,ATR-001352,INS-000001,"Deputado federal (titular), legislatura 56",eleito,2019-02-01,2020-12-31,FNT-000003
CRG-002886,ATR-001353,INS-000001,"Deputado federal (titular), legislatura 55",eleito,2015-02-01,2019-01-31,FNT-000003
CRG-002887,ATR-001354,INS-000001,"Deputado federal (titular), legislatura 55",eleito,2015-02-01,2019-01-31,FNT-000003
CRG-002888,ATR-001354,INS-000001,"Deputado federal (titular), legislatura 56",eleito,2019-02-01,2023-01-31,FNT-000003
CRG-002889,ATR-001354,INS-000001,"Deputado federal (titular), legislatura 57",eleito,2023-02-01,,FNT-000003
CRG-002890,ATR-001355,INS-000001,"Deputado federal (titular), legislatura 55",eleito,2015-02-01,2019-01-31,FNT-000003
CRG-002891,ATR-001356,INS-000001,"Deputado federal (titular), legislatura 55",eleito,2015-02-01,2019-01-31,FNT-000003
CRG-002892,ATR-001357,INS-000001,"Deputado federal (titular), legislatura 55",eleito,2015-02-01,2019-01-31,FNT-000003
CRG-002893,ATR-001357,INS-000001,"Deputado federal (titular), legislatura 56",eleito,2019-02-01,2023-01-31,FNT-000003
CRG-002894,ATR-001358,INS-000001,"Deputado federal (titular), legislatura 55",eleito,2015-02-01,2019-01-31,FNT-000003
CRG-002895,ATR-001359,INS-000001,"Deputado federal (titular), legislatura 55",eleito,2015-02-01,2019-01-31,FNT-000003
CRG-002896,ATR-001359,INS-000001,"Deputado federal (titular), legislatura 56",eleito,2019-02-01,2023-01-31,FNT-000003
CRG-002897,ATR-001359,INS-000001,"Deputado federal (titular), legislatura 57",eleito,2023-02-01,,FNT-000003
CRG-002898,ATR-001360,INS-000001,"Deputado federal (titular), legislatura 55",eleito,2015-02-01,2019-01-31,FNT-000003
CRG-002899,ATR-001360,INS-000001,"Deputado federal (titular), legislatura 56",eleito,2019-02-01,2023-01-31,FNT-000003
CRG-002900,ATR-001360,INS-000001,"Deputado federal (titular), legislatura 57",eleito,2023-02-01,,FNT-000003
CRG-002901,ATR-001361,INS-000001,"Deputado federal (titular), legislatura 55",eleito,2015-02-01,2019-01-31,FNT-000003
CRG-002902,ATR-001362,INS-000001,"Deputado federal (titular), legislatura 55",eleito,2015-02-01,2019-01-31,FNT-000003
CRG-002903,ATR-001362,INS-000001,"Deputado federal (titular), legislatura 56",eleito,2019-02-01,2023-01-23,FNT-000003
CRG-002904,ATR-001362,INS-000001,"Deputado federal (suplente), legislatura 57",eleito,2024-05-07,,FNT-000003
CRG-002905,ATR-001363,INS-000001,"Deputado federal (titular), legislatura 55",eleito,2015-02-01,2019-01-31,FNT-000003
CRG-002906,ATR-001364,INS-000001,"Deputado federal (titular), legislatura 55",eleito,2015-02-01,2019-01-31,FNT-000003
CRG-002907,ATR-001364,INS-000001,"Deputado federal (titular), legislatura 56",eleito,2019-02-01,2023-01-01,FNT-000003
CRG-002908,ATR-001364,INS-000001,"Deputado federal (titular), legislatura 57",eleito,2023-02-01,,FNT-000003
CRG-002909,ATR-001365,INS-000001,"Deputado federal (titular), legislatura 55",eleito,2015-02-01,2019-01-31,FNT-000003
CRG-002910,ATR-001365,INS-000001,"Deputado federal (titular), legislatura 56",eleito,2019-02-01,2023-01-31,FNT-000003
CRG-002911,ATR-001365,INS-000001,"Deputado federal (titular), legislatura 57",eleito,2023-02-01,,FNT-000003
CRG-002912,ATR-001366,INS-000001,"Deputado federal (titular), legislatura 55",eleito,2015-02-01,2019-01-31,FNT-000003
CRG-002913,ATR-001366,INS-000001,"Deputado federal (suplente), legislatura 56",eleito,2022-03-30,2022-07-30,FNT-000003
CRG-002914,ATR-001367,INS-000001,"Deputado federal (titular), legislatura 55",eleito,2015-02-01,2019-01-31,FNT-000003
CRG-002915,ATR-001367,INS-000001,"Deputado federal (titular), legislatura 56",eleito,2019-02-01,2023-01-31,FNT-000003
CRG-002916,ATR-001368,INS-000001,"Deputado federal (titular), legislatura 55",eleito,2015-02-01,2019-01-31,FNT-000003
CRG-002917,ATR-001369,INS-000001,"Deputado federal (titular), legislatura 55",eleito,2015-02-01,2019-01-31,FNT-000003
CRG-002918,ATR-001370,INS-000001,"Deputado federal (titular), legislatura 55",eleito,2015-02-01,2019-01-31,FNT-000003
CRG-002919,ATR-001371,INS-000001,"Deputado federal (titular), legislatura 55",eleito,2015-02-01,2019-01-31,FNT-000003
CRG-002920,ATR-001372,INS-000001,"Deputado federal (titular), legislatura 55",eleito,2015-02-01,2019-01-31,FNT-000003
CRG-002921,ATR-001373,INS-000001,"Deputado federal (titular), legislatura 55",eleito,2015-02-01,2019-01-31,FNT-000003
CRG-002922,ATR-001373,INS-000001,"Deputado federal (titular), legislatura 56",eleito,2019-02-01,2023-01-31,FNT-000003
CRG-002923,ATR-001373,INS-000001,"Deputado federal (titular), legislatura 57",eleito,2023-02-01,,FNT-000003
CRG-002924,ATR-001374,INS-000001,"Deputado federal (titular), legislatura 55",eleito,2015-02-01,2019-01-31,FNT-000003
CRG-002925,ATR-001374,INS-000001,"Deputado federal (titular), legislatura 56",eleito,2019-02-01,2023-01-31,FNT-000003
CRG-002926,ATR-001374,INS-000001,"Deputado federal (titular), legislatura 57",eleito,2023-02-01,,FNT-000003
CRG-002927,ATR-001375,INS-000001,"Deputado federal (titular), legislatura 55",eleito,2015-02-01,2019-01-31,FNT-000003
CRG-002928,ATR-001376,INS-000001,"Deputado federal (titular), legislatura 55",eleito,2015-02-01,2019-01-31,FNT-000003
CRG-002929,ATR-001377,INS-000001,"Deputado federal (titular), legislatura 55",eleito,2015-02-01,2017-11-13,FNT-000003
CRG-002930,ATR-001378,INS-000001,"Deputado federal (titular), legislatura 55",eleito,2015-02-01,2018-12-31,FNT-000003
CRG-002931,ATR-001379,INS-000001,"Deputado federal (titular), legislatura 55",eleito,2015-02-01,2019-01-31,FNT-000003
CRG-002932,ATR-001379,INS-000001,"Deputado federal (titular), legislatura 56",eleito,2019-02-01,2023-01-31,FNT-000003
CRG-002933,ATR-001380,INS-000001,"Deputado federal (titular), legislatura 55",eleito,2015-02-01,2019-01-31,FNT-000003
CRG-002934,ATR-001381,INS-000001,"Deputado federal (titular), legislatura 55",eleito,2015-02-01,2019-01-31,FNT-000003
CRG-002935,ATR-001382,INS-000001,"Deputado federal (titular), legislatura 55",eleito,2015-02-01,2019-01-31,FNT-000003
CRG-002936,ATR-001383,INS-000001,"Deputado federal (titular), legislatura 55",eleito,2015-02-01,2019-01-31,FNT-000003
CRG-002937,ATR-001383,INS-000001,"Deputado federal (titular), legislatura 57",eleito,2023-02-01,,FNT-000003
CRG-002938,ATR-001384,INS-000001,"Deputado federal (titular), legislatura 55",eleito,2015-02-01,2019-01-31,FNT-000003
CRG-002939,ATR-001385,INS-000001,"Deputado federal (titular), legislatura 55",eleito,2015-02-01,2019-01-31,FNT-000003
CRG-002940,ATR-001386,INS-000001,"Deputado federal (titular), legislatura 55",eleito,2015-02-01,2019-01-31,FNT-000003
CRG-002941,ATR-001386,INS-000001,"Deputado federal (titular), legislatura 56",eleito,2019-02-01,2023-01-31,FNT-000003
CRG-002942,ATR-001386,INS-000001,"Deputado federal (titular), legislatura 57",eleito,2023-02-01,,FNT-000003
CRG-002943,ATR-001387,INS-000001,"Deputado federal (titular), legislatura 55",eleito,2015-02-01,2019-01-31,FNT-000003
CRG-002944,ATR-001387,INS-000001,"Deputado federal (titular), legislatura 56",eleito,2019-02-01,2023-01-31,FNT-000003
CRG-002945,ATR-001387,INS-000001,"Deputado federal (suplente), legislatura 57",eleito,2023-07-25,2025-01-01,FNT-000003
CRG-002946,ATR-001388,INS-000001,"Deputado federal (titular), legislatura 55",eleito,2015-02-01,2019-01-31,FNT-000003
CRG-002947,ATR-001388,INS-000001,"Deputado federal (titular), legislatura 56",eleito,2019-02-01,2023-01-31,FNT-000003
CRG-002948,ATR-001388,INS-000001,"Deputado federal (titular), legislatura 57",eleito,2023-02-01,,FNT-000003
CRG-002949,ATR-001389,INS-000001,"Deputado federal (titular), legislatura 55",eleito,2015-02-01,2019-01-31,FNT-000003
CRG-002950,ATR-001390,INS-000001,"Deputado federal (titular), legislatura 55",eleito,2015-02-01,2019-01-31,FNT-000003
CRG-002951,ATR-001390,INS-000001,"Deputado federal (titular), legislatura 56",eleito,2019-02-01,2023-01-31,FNT-000003
CRG-002952,ATR-001391,INS-000001,"Deputado federal (titular), legislatura 55",eleito,2015-02-01,2019-01-31,FNT-000003
CRG-002953,ATR-001392,INS-000001,"Deputado federal (titular), legislatura 55",eleito,2015-02-01,2019-01-31,FNT-000003
CRG-002954,ATR-001393,INS-000001,"Deputado federal (titular), legislatura 55",eleito,2015-02-01,2019-01-31,FNT-000003
CRG-002955,ATR-001394,INS-000001,"Deputado federal (titular), legislatura 55",eleito,2015-02-01,2019-01-31,FNT-000003
CRG-002956,ATR-001394,INS-000001,"Deputado federal (titular), legislatura 56",eleito,2019-02-01,2023-01-02,FNT-000003
CRG-002957,ATR-001395,INS-000001,"Deputado federal (titular), legislatura 55",eleito,2015-02-01,2019-01-31,FNT-000003
CRG-002958,ATR-001396,INS-000001,"Deputado federal (titular), legislatura 55",eleito,2015-02-01,2019-01-31,FNT-000003
CRG-002959,ATR-001397,INS-000001,"Deputado federal (titular), legislatura 55",eleito,2015-02-01,2019-01-31,FNT-000003
CRG-002960,ATR-001398,INS-000001,"Deputado federal (titular), legislatura 55",eleito,2015-02-01,2019-01-31,FNT-000003
CRG-002961,ATR-001398,INS-000001,"Deputado federal (titular), legislatura 56",eleito,2019-02-01,2023-01-31,FNT-000003
CRG-002962,ATR-001399,INS-000001,"Deputado federal (titular), legislatura 55",eleito,2015-02-01,2019-01-31,FNT-000003
CRG-002963,ATR-001399,INS-000001,"Deputado federal (titular), legislatura 56",eleito,2019-02-01,2023-01-31,FNT-000003
CRG-002964,ATR-001400,INS-000001,"Deputado federal (titular), legislatura 55",eleito,2015-02-01,2019-01-31,FNT-000003
CRG-002965,ATR-001400,INS-000001,"Deputado federal (titular), legislatura 56",eleito,2019-02-01,2023-01-02,FNT-000003
CRG-002966,ATR-001401,INS-000001,"Deputado federal (titular), legislatura 55",eleito,2015-02-01,2019-01-31,FNT-000003
CRG-002967,ATR-001401,INS-000001,"Deputado federal (suplente), legislatura 56",eleito,2023-01-06,2023-01-31,FNT-000003
CRG-002968,ATR-001402,INS-000001,"Deputado federal (titular), legislatura 55",eleito,2015-02-01,2019-01-31,FNT-000003
CRG-002969,ATR-001402,INS-000001,"Deputado federal (titular), legislatura 56",eleito,2019-02-01,2023-01-31,FNT-000003
CRG-002970,ATR-001403,INS-000001,"Deputado federal (titular), legislatura 55",eleito,2015-02-01,2019-01-31,FNT-000003
CRG-002971,ATR-001403,INS-000001,"Deputado federal (titular), legislatura 56",eleito,2019-02-01,2023-01-12,FNT-000003
CRG-002973,ATR-001404,INS-000001,"Deputado federal (titular), legislatura 55",eleito,2015-02-01,2019-01-31,FNT-000003
CRG-002974,ATR-001405,INS-000001,"Deputado federal (titular), legislatura 55",eleito,2015-02-01,2019-01-31,FNT-000003
CRG-002975,ATR-001405,INS-000001,"Deputado federal (titular), legislatura 56",eleito,2019-02-01,2023-01-31,FNT-000003
CRG-002976,ATR-001405,INS-000001,"Deputado federal (titular), legislatura 57",eleito,2023-02-01,,FNT-000003
CRG-002977,ATR-001406,INS-000001,"Deputado federal (titular), legislatura 55",eleito,2015-02-01,2019-01-31,FNT-000003
CRG-002978,ATR-001406,INS-000001,"Deputado federal (titular), legislatura 56",eleito,2019-02-01,2023-01-31,FNT-000003
CRG-002979,ATR-001407,INS-000001,"Deputado federal (titular), legislatura 55",eleito,2015-02-01,2019-01-31,FNT-000003
CRG-002980,ATR-001407,INS-000001,"Deputado federal (titular), legislatura 56",eleito,2019-02-01,2023-01-31,FNT-000003
CRG-002981,ATR-001407,INS-000001,"Deputado federal (titular), legislatura 57",eleito,2023-02-01,,FNT-000003
CRG-002982,ATR-001408,INS-000001,"Deputado federal (titular), legislatura 55",eleito,2015-02-01,2019-01-31,FNT-000003
CRG-002983,ATR-001408,INS-000001,"Deputado federal (suplente), legislatura 56",eleito,2019-02-05,2022-04-07,FNT-000003
CRG-002984,ATR-001409,INS-000001,"Deputado federal (titular), legislatura 55",eleito,2015-02-01,2019-01-31,FNT-000003
CRG-002985,ATR-001409,INS-000001,"Deputado federal (titular), legislatura 56",eleito,2019-02-01,2023-01-31,FNT-000003
CRG-002986,ATR-001409,INS-000001,"Deputado federal (titular), legislatura 57",eleito,2023-02-01,,FNT-000003
CRG-002987,ATR-001410,INS-000001,"Deputado federal (titular), legislatura 55",eleito,2015-02-01,2018-12-11,FNT-000003
CRG-002988,ATR-001411,INS-000001,"Deputado federal (titular), legislatura 55",eleito,2015-02-01,2019-01-31,FNT-000003
CRG-002989,ATR-001411,INS-000001,"Deputado federal (titular), legislatura 56",eleito,2019-02-01,2023-01-31,FNT-000003
CRG-002990,ATR-001411,INS-000001,"Deputado federal (titular), legislatura 57",eleito,2023-02-01,,FNT-000003
CRG-002991,ATR-001412,INS-000001,"Deputado federal (titular), legislatura 55",eleito,2015-02-01,2019-01-31,FNT-000003
CRG-002992,ATR-001412,INS-000001,"Deputado federal (titular), legislatura 56",eleito,2019-02-01,2023-01-31,FNT-000003
CRG-002993,ATR-001412,INS-000001,"Deputado federal (titular), legislatura 57",eleito,2023-02-01,,FNT-000003
CRG-002994,ATR-001413,INS-000001,"Deputado federal (titular), legislatura 55",eleito,2015-02-01,2019-01-31,FNT-000003
CRG-002995,ATR-001413,INS-000001,"Deputado federal, legislatura 56",eleito,2021-04-27,2023-01-31,FNT-000003
CRG-002996,ATR-001414,INS-000001,"Deputado federal (titular), legislatura 55",eleito,2015-02-01,2019-01-31,FNT-000003
CRG-002997,ATR-001415,INS-000001,"Deputado federal (titular), legislatura 55",eleito,2015-02-01,2019-01-31,FNT-000003
CRG-002998,ATR-001415,INS-000001,"Deputado federal (titular), legislatura 56",eleito,2019-02-01,2023-01-31,FNT-000003
CRG-002999,ATR-001415,INS-000001,"Deputado federal (titular), legislatura 57",eleito,2023-02-01,,FNT-000003
CRG-003000,ATR-001416,INS-000001,"Deputado federal (titular), legislatura 55",eleito,2015-02-01,2019-01-31,FNT-000003
CRG-003001,ATR-001417,INS-000001,"Deputado federal (titular), legislatura 55",eleito,2015-02-01,2019-01-31,FNT-000003
CRG-003002,ATR-001417,INS-000001,"Deputado federal (titular), legislatura 56",eleito,2019-02-01,2023-01-31,FNT-000003
CRG-003003,ATR-001418,INS-000001,"Deputado federal (titular), legislatura 55",eleito,2015-02-01,2017-01-01,FNT-000003
CRG-003004,ATR-001419,INS-000001,"Deputado federal (titular), legislatura 55",eleito,2015-02-01,2019-01-31,FNT-000003
CRG-003005,ATR-001420,INS-000001,"Deputado federal (titular), legislatura 55",eleito,2015-02-01,2019-01-31,FNT-000003
CRG-003006,ATR-001421,INS-000001,"Deputado federal (titular), legislatura 55",eleito,2015-02-01,2019-01-31,FNT-000003
CRG-003007,ATR-001421,INS-000001,"Deputado federal (suplente), legislatura 56",eleito,2021-01-02,2023-01-31,FNT-000003
CRG-003008,ATR-001421,INS-000001,"Deputado federal (titular), legislatura 57",eleito,2023-02-01,,FNT-000003
CRG-003009,ATR-001422,INS-000001,"Deputado federal (titular), legislatura 55",eleito,2015-02-01,2019-01-31,FNT-000003
CRG-003010,ATR-001423,INS-000001,"Deputado federal (titular), legislatura 55",eleito,2015-02-01,2019-01-31,FNT-000003
CRG-003011,ATR-001423,INS-000001,"Deputado federal (titular), legislatura 56",eleito,2019-02-01,2023-01-31,FNT-000003
CRG-003012,ATR-001423,INS-000001,"Deputado federal (titular), legislatura 57",eleito,2023-02-01,,FNT-000003
CRG-003013,ATR-001424,INS-000001,"Deputado federal (titular), legislatura 55",eleito,2015-02-01,2019-01-31,FNT-000003
CRG-003014,ATR-001424,INS-000001,"Deputado federal (titular), legislatura 56",eleito,2019-02-01,2023-01-31,FNT-000003
CRG-003015,ATR-001424,INS-000001,"Deputado federal (titular), legislatura 57",eleito,2023-02-01,,FNT-000003
CRG-003016,ATR-001425,INS-000001,"Deputado federal (titular), legislatura 55",eleito,2015-02-01,2019-01-31,FNT-000003
CRG-003017,ATR-001425,INS-000001,"Deputado federal (titular), legislatura 56",eleito,2019-02-01,2023-01-31,FNT-000003
CRG-003018,ATR-001425,INS-000001,"Deputado federal (titular), legislatura 57",eleito,2023-02-01,,FNT-000003
CRG-003019,ATR-001426,INS-000001,"Deputado federal (titular), legislatura 55",eleito,2015-02-01,2019-01-31,FNT-000003
CRG-003020,ATR-001426,INS-000001,"Deputado federal (titular), legislatura 56",eleito,2019-02-01,2023-01-31,FNT-000003
CRG-003021,ATR-001427,INS-000001,"Deputado federal (titular), legislatura 55",eleito,2015-02-01,2019-01-31,FNT-000003
CRG-003022,ATR-001428,INS-000001,"Deputado federal (titular), legislatura 55",eleito,2015-02-01,2019-01-31,FNT-000003
CRG-003023,ATR-001429,INS-000001,"Deputado federal (titular), legislatura 55",eleito,2015-02-01,2019-01-31,FNT-000003
CRG-003024,ATR-001429,INS-000001,"Deputado federal (titular), legislatura 56",eleito,2019-02-01,2023-01-31,FNT-000003
CRG-003025,ATR-001430,INS-000001,"Deputado federal (titular), legislatura 55",eleito,2015-02-01,2019-01-31,FNT-000003
CRG-003026,ATR-001430,INS-000001,"Deputado federal (titular), legislatura 56",eleito,2019-02-01,2023-01-01,FNT-000003
CRG-003027,ATR-001431,INS-000001,"Deputado federal (titular), legislatura 55",eleito,2015-02-01,2019-01-31,FNT-000003
CRG-003028,ATR-001431,INS-000001,"Deputado federal (titular), legislatura 56",eleito,2019-02-01,2023-01-31,FNT-000003
CRG-003029,ATR-001432,INS-000001,"Deputado federal (titular), legislatura 55",eleito,2015-02-01,2019-01-31,FNT-000003
CRG-003030,ATR-001432,INS-000001,"Deputado federal (titular), legislatura 56",eleito,2019-02-01,2023-01-31,FNT-000003
CRG-003031,ATR-001432,INS-000001,"Deputado federal (titular), legislatura 57",eleito,2023-02-01,,FNT-000003
CRG-003032,ATR-001433,INS-000001,"Deputado federal (titular), legislatura 55",eleito,2015-02-01,2019-01-31,FNT-000003
CRG-003033,ATR-001434,INS-000001,"Deputado federal (titular), legislatura 55",eleito,2015-02-01,2019-01-31,FNT-000003
CRG-003034,ATR-001434,INS-000001,"Deputado federal (titular), legislatura 56",eleito,2019-02-01,2023-01-31,FNT-000003
CRG-003035,ATR-001435,INS-000001,"Deputado federal (titular), legislatura 55",eleito,2015-02-01,2019-01-31,FNT-000003
CRG-003036,ATR-001436,INS-000001,"Deputado federal (titular), legislatura 55",eleito,2015-02-01,2019-01-31,FNT-000003
CRG-003037,ATR-001437,INS-000001,"Deputado federal (titular), legislatura 55",eleito,2015-02-01,2019-01-31,FNT-000003
CRG-003038,ATR-001437,INS-000001,"Deputado federal (titular), legislatura 56",eleito,2019-02-01,2023-01-31,FNT-000003
CRG-003039,ATR-001438,INS-000001,"Deputado federal (titular), legislatura 55",eleito,2015-02-01,2019-01-31,FNT-000003
CRG-003040,ATR-001439,INS-000001,"Deputado federal (titular), legislatura 55",eleito,2015-02-01,2019-01-31,FNT-000003
CRG-003041,ATR-001439,INS-000001,"Deputado federal (titular), legislatura 56",eleito,2019-02-01,2023-01-31,FNT-000003
CRG-003042,ATR-001440,INS-000001,"Deputado federal (titular), legislatura 55",eleito,2015-02-01,2019-01-31,FNT-000003
CRG-003043,ATR-001440,INS-000001,"Deputado federal (titular), legislatura 56",eleito,2019-02-01,2023-01-31,FNT-000003
CRG-003044,ATR-001440,INS-000001,"Deputado federal (titular), legislatura 57",eleito,2023-02-01,,FNT-000003
CRG-003045,ATR-001441,INS-000001,"Deputado federal (titular), legislatura 55",eleito,2015-02-01,2019-01-31,FNT-000003
CRG-003046,ATR-001441,INS-000001,"Deputado federal (titular), legislatura 56",eleito,2019-02-01,2023-01-31,FNT-000003
CRG-003047,ATR-001441,INS-000001,"Deputado federal (titular), legislatura 57",eleito,2023-02-01,,FNT-000003
CRG-003048,ATR-001442,INS-000001,"Deputado federal (titular), legislatura 55",eleito,2015-02-01,2019-01-31,FNT-000003
CRG-003049,ATR-001442,INS-000001,"Deputado federal (titular), legislatura 56",eleito,2019-02-01,2023-01-31,FNT-000003
CRG-003050,ATR-001442,INS-000001,"Deputado federal (titular), legislatura 57",eleito,2023-02-01,,FNT-000003
CRG-003051,ATR-001443,INS-000001,"Deputado federal (titular), legislatura 55",eleito,2015-02-01,2019-01-31,FNT-000003
CRG-003052,ATR-001444,INS-000001,"Deputado federal (titular), legislatura 55",eleito,2015-02-01,2019-01-31,FNT-000003
CRG-003053,ATR-001444,INS-000001,"Deputado federal (titular), legislatura 56",eleito,2019-02-01,2023-01-31,FNT-000003
CRG-003054,ATR-001444,INS-000001,"Deputado federal (suplente), legislatura 57",eleito,2023-02-03,,FNT-000003
CRG-003055,ATR-001445,INS-000001,"Deputado federal (titular), legislatura 55",eleito,2015-02-01,2019-01-31,FNT-000003
CRG-003056,ATR-001446,INS-000001,"Deputado federal (titular), legislatura 55",eleito,2015-02-01,2019-01-31,FNT-000003
CRG-003057,ATR-001447,INS-000001,"Deputado federal (titular), legislatura 55",eleito,2015-02-01,2019-01-31,FNT-000003
CRG-003058,ATR-001447,INS-000001,"Deputado federal (titular), legislatura 56",eleito,2019-02-01,2023-01-01,FNT-000003
CRG-003059,ATR-001448,INS-000001,"Deputado federal (titular), legislatura 55",eleito,2015-02-01,2019-01-31,FNT-000003
CRG-003060,ATR-001448,INS-000001,"Deputado federal (titular), legislatura 56",eleito,2019-02-01,2023-01-31,FNT-000003
CRG-003061,ATR-001448,INS-000001,"Deputado federal (titular), legislatura 57",eleito,2023-02-01,,FNT-000003
CRG-003062,ATR-001449,INS-000001,"Deputado federal (titular), legislatura 55",eleito,2015-02-01,2019-01-31,FNT-000003
CRG-003063,ATR-001450,INS-000001,"Deputado federal (titular), legislatura 55",eleito,2015-02-01,2019-01-31,FNT-000003
CRG-003064,ATR-001450,INS-000001,"Deputado federal (titular), legislatura 56",eleito,2019-02-01,2023-01-31,FNT-000003
CRG-003065,ATR-001450,INS-000001,"Deputado federal (titular), legislatura 57",eleito,2023-02-01,,FNT-000003
CRG-003066,ATR-001451,INS-000001,"Deputado federal (titular), legislatura 55",eleito,2015-02-01,2019-01-31,FNT-000003
CRG-003067,ATR-001452,INS-000001,"Deputado federal (titular), legislatura 55",eleito,2015-02-01,2019-01-31,FNT-000003
CRG-003068,ATR-001453,INS-000001,"Deputado federal (titular), legislatura 55",eleito,2015-02-01,2019-01-31,FNT-000003
CRG-003069,ATR-001453,INS-000001,"Deputado federal (titular), legislatura 56",eleito,2019-02-01,2023-01-31,FNT-000003
CRG-003070,ATR-001453,INS-000001,"Deputado federal (titular), legislatura 57",eleito,2023-02-01,,FNT-000003
CRG-003071,ATR-001454,INS-000001,"Deputado federal (titular), legislatura 55",eleito,2015-02-01,2017-01-01,FNT-000003
CRG-003072,ATR-001455,INS-000001,"Deputado federal (titular), legislatura 55",eleito,2015-02-01,2019-01-31,FNT-000003
CRG-003073,ATR-001455,INS-000001,"Deputado federal (titular), legislatura 56",eleito,2019-02-01,2023-01-31,FNT-000003
CRG-003074,ATR-001456,INS-000001,"Deputado federal (titular), legislatura 55",eleito,2015-02-01,2019-01-31,FNT-000003
CRG-003075,ATR-001457,INS-000001,"Deputado federal (titular), legislatura 55",eleito,2015-02-01,2019-01-31,FNT-000003
CRG-003076,ATR-001458,INS-000001,"Deputado federal (titular), legislatura 55",eleito,2015-02-01,2019-01-31,FNT-000003
CRG-003077,ATR-001459,INS-000001,"Deputado federal (titular), legislatura 55",eleito,2015-02-01,2019-01-31,FNT-000003
CRG-003078,ATR-001459,INS-000001,"Deputado federal (titular), legislatura 56",eleito,2019-02-01,2023-01-31,FNT-000003
CRG-003079,ATR-001460,INS-000001,"Deputado federal (titular), legislatura 55",eleito,2015-02-01,2019-01-31,FNT-000003
CRG-003080,ATR-001460,INS-000001,"Deputado federal (suplente), legislatura 56",eleito,2019-12-17,2020-05-18,FNT-000003
CRG-003081,ATR-001461,INS-000001,"Deputado federal (titular), legislatura 55",eleito,2015-02-01,2019-01-31,FNT-000003
CRG-003082,ATR-001461,INS-000001,"Deputado federal (titular), legislatura 56",eleito,2019-02-01,2023-01-31,FNT-000003
CRG-003083,ATR-001461,INS-000001,"Deputado federal (titular), legislatura 57",eleito,2023-02-01,,FNT-000003
CRG-003084,ATR-001462,INS-000001,"Deputado federal (titular), legislatura 55",eleito,2015-02-01,2019-01-31,FNT-000003
CRG-003085,ATR-001462,INS-000001,"Deputado federal (suplente), legislatura 56",eleito,2019-08-20,2023-01-31,FNT-000003
CRG-003086,ATR-001463,INS-000001,"Deputado federal (titular), legislatura 55",eleito,2015-02-01,2019-01-31,FNT-000003
CRG-003087,ATR-001463,INS-000001,"Deputado federal (titular), legislatura 56",eleito,2019-02-01,2023-01-31,FNT-000003
CRG-003088,ATR-001463,INS-000001,"Deputado federal (titular), legislatura 57",eleito,2023-02-01,,FNT-000003
CRG-003089,ATR-001464,INS-000001,"Deputado federal (titular), legislatura 55",eleito,2015-02-01,2019-01-31,FNT-000003
CRG-003090,ATR-001464,INS-000001,"Deputado federal (titular), legislatura 56",eleito,2019-02-01,2023-01-31,FNT-000003
CRG-003091,ATR-001464,INS-000001,"Deputado federal (titular), legislatura 57",eleito,2023-02-01,,FNT-000003
CRG-003092,ATR-001465,INS-000001,"Deputado federal (titular), legislatura 55",eleito,2015-02-01,2019-01-31,FNT-000003
CRG-003093,ATR-001465,INS-000001,"Deputado federal (titular), legislatura 56",eleito,2019-02-01,2023-01-31,FNT-000003
CRG-003094,ATR-001465,INS-000001,"Deputado federal (suplente), legislatura 57",eleito,2023-02-02,,FNT-000003
CRG-003095,ATR-001466,INS-000001,"Deputado federal (titular), legislatura 55",eleito,2015-02-01,2019-01-31,FNT-000003
CRG-003096,ATR-001467,INS-000001,"Deputado federal (titular), legislatura 55",eleito,2015-02-01,2019-01-31,FNT-000003
CRG-003097,ATR-001467,INS-000001,"Deputado federal (titular), legislatura 56",eleito,2019-02-01,2023-01-31,FNT-000003
CRG-003098,ATR-001467,INS-000001,"Deputado federal (titular), legislatura 57",eleito,2023-02-01,2026-06-16,FNT-000003
CRG-003099,ATR-001468,INS-000001,"Deputado federal (titular), legislatura 55",eleito,2015-02-01,2019-01-31,FNT-000003
CRG-003100,ATR-001468,INS-000001,"Deputado federal (titular), legislatura 56",eleito,2019-02-01,2023-01-31,FNT-000003
CRG-003101,ATR-001469,INS-000001,"Deputado federal (titular), legislatura 55",eleito,2015-02-01,2019-01-31,FNT-000003
CRG-003102,ATR-001470,INS-000001,"Deputado federal (titular), legislatura 55",eleito,2015-02-01,2019-01-31,FNT-000003
CRG-003103,ATR-001470,INS-000001,"Deputado federal (titular), legislatura 56",eleito,2019-02-01,2023-01-31,FNT-000003
CRG-003104,ATR-001470,INS-000001,"Deputado federal (titular), legislatura 57",eleito,2023-02-01,,FNT-000003
CRG-003105,ATR-001471,INS-000001,"Deputado federal (titular), legislatura 55",eleito,2015-02-01,2019-01-31,FNT-000003
CRG-003106,ATR-001471,INS-000001,"Deputado federal (titular), legislatura 56",eleito,2019-02-01,2023-01-31,FNT-000003
CRG-003107,ATR-001471,INS-000001,"Deputado federal (titular), legislatura 57",eleito,2023-02-01,,FNT-000003
CRG-003108,ATR-001472,INS-000001,"Deputado federal (titular), legislatura 55",eleito,2015-02-01,2019-01-31,FNT-000003
CRG-003109,ATR-001472,INS-000001,"Deputado federal (titular), legislatura 56",eleito,2019-02-01,2023-01-31,FNT-000003
CRG-003110,ATR-001473,INS-000001,"Deputado federal (titular), legislatura 55",eleito,2015-02-01,2019-01-31,FNT-000003
CRG-003111,ATR-001474,INS-000001,"Deputado federal (titular), legislatura 55",eleito,2015-02-01,2019-01-31,FNT-000003
CRG-003112,ATR-001474,INS-000001,"Deputado federal (titular), legislatura 56",eleito,2019-02-01,2023-01-01,FNT-000003
CRG-003113,ATR-001475,INS-000001,"Deputado federal (titular), legislatura 55",eleito,2015-02-01,2019-01-31,FNT-000003
CRG-003114,ATR-001475,INS-000001,"Deputado federal (titular), legislatura 56",eleito,2019-02-01,2023-01-31,FNT-000003
CRG-003115,ATR-001475,INS-000001,"Deputado federal (titular), legislatura 57",eleito,2023-02-01,,FNT-000003
CRG-003116,ATR-001476,INS-000001,"Deputado federal (titular), legislatura 55",eleito,2015-02-01,2019-01-31,FNT-000003
CRG-003117,ATR-001477,INS-000001,"Deputado federal (titular), legislatura 55",eleito,2015-02-01,2019-01-31,FNT-000003
CRG-003118,ATR-001478,INS-000001,"Deputado federal (titular), legislatura 55",eleito,2015-02-01,2019-01-31,FNT-000003
CRG-003119,ATR-001478,INS-000001,"Deputado federal (titular), legislatura 56",eleito,2019-02-06,2023-01-31,FNT-000003
CRG-003120,ATR-001478,INS-000001,"Deputado federal (titular), legislatura 57",eleito,2023-02-01,,FNT-000003
CRG-003121,ATR-001479,INS-000001,"Deputado federal (titular), legislatura 55",eleito,2015-02-01,2019-01-31,FNT-000003
CRG-003122,ATR-001479,INS-000001,"Deputado federal (titular), legislatura 56",eleito,2019-02-01,2023-01-31,FNT-000003
CRG-003123,ATR-001479,INS-000001,"Deputado federal (titular), legislatura 57",eleito,2023-02-01,,FNT-000003
CRG-003124,ATR-001480,INS-000001,"Deputado federal, legislatura 54",eleito,2014-12-22,2015-01-31,FNT-000003
CRG-003125,ATR-001481,INS-000001,"Deputado federal, legislatura 54",eleito,2015-01-01,2015-01-31,FNT-000003
CRG-003126,ATR-001482,INS-000001,"Deputado federal, legislatura 54",eleito,2015-01-01,2015-01-31,FNT-000003
CRG-003127,ATR-001483,INS-000001,"Deputado federal (suplente), legislatura 54",eleito,2015-01-01,2015-01-31,FNT-000003
CRG-003128,ATR-001484,INS-000001,"Deputado federal (suplente), legislatura 54",eleito,2015-01-01,2015-01-31,FNT-000003
CRG-003129,ATR-001485,INS-000001,"Deputado federal, legislatura 54",eleito,2015-01-02,2015-01-31,FNT-000003
CRG-003130,ATR-001486,INS-000001,"Deputado federal (suplente), legislatura 54",eleito,2015-01-02,2015-01-31,FNT-000003
CRG-003131,ATR-001487,INS-000001,"Deputado federal (suplente), legislatura 54",eleito,2015-01-05,2015-01-31,FNT-000003
CRG-003132,ATR-001488,INS-000001,"Deputado federal (suplente), legislatura 54",eleito,2015-01-06,2015-01-31,FNT-000003
CRG-003133,ATR-001489,INS-000001,"Deputado federal (titular), legislatura 56",eleito,2019-02-01,2023-01-31,FNT-000003
CRG-003134,ATR-001490,INS-000001,"Deputado federal (suplente), legislatura 54",eleito,2015-01-20,2015-01-31,FNT-000003
CRG-003135,ATR-001491,INS-000001,"Deputado federal, legislatura 56",eleito,2023-01-01,2023-01-31,FNT-000003
CRG-003136,ATR-001492,INS-000001,"Deputado federal (titular), legislatura 57",eleito,2023-02-01,,FNT-000003
CRG-003137,ATR-001493,INS-000001,"Deputado federal (suplente), legislatura 55",eleito,2015-02-04,2019-01-31,FNT-000003
CRG-003138,ATR-001494,INS-000001,"Deputado federal (suplente), legislatura 55",eleito,2015-02-10,2018-05-21,FNT-000003
CRG-003139,ATR-001495,INS-000001,"Deputado federal (suplente), legislatura 55",eleito,2015-02-10,2019-01-31,FNT-000003
CRG-003140,ATR-001496,INS-000001,"Deputado federal, legislatura 56",eleito,2023-01-23,2023-01-31,FNT-000003
CRG-003141,ATR-001496,INS-000001,"Deputado federal (suplente), legislatura 57",eleito,2023-12-19,2026-02-05,FNT-000003
CRG-003142,ATR-001497,INS-000001,"Deputado federal (suplente), legislatura 55",eleito,2015-02-26,2018-04-05,FNT-000003
CRG-003143,ATR-001498,INS-000001,"Deputado federal (titular), legislatura 55",eleito,2015-03-09,2018-12-11,FNT-000003
CRG-003144,ATR-001499,INS-000001,"Deputado federal (suplente), legislatura 55",eleito,2015-03-12,2018-04-09,FNT-000003
CRG-003145,ATR-001500,INS-000001,"Deputado federal (suplente), legislatura 55",eleito,2015-03-25,2018-04-09,FNT-000003
CRG-003146,ATR-001500,INS-000001,"Deputado federal (suplente), legislatura 56",eleito,2019-03-28,2023-01-31,FNT-000003
CRG-003147,ATR-001500,INS-000001,"Deputado federal, legislatura 57",eleito,2023-02-01,,FNT-000003
CRG-003148,ATR-001501,INS-000001,"Deputado federal (suplente), legislatura 55",eleito,2015-05-19,2019-01-31,FNT-000003
CRG-003149,ATR-001502,INS-000001,"Deputado federal (suplente), legislatura 55",eleito,2015-07-08,2018-04-25,FNT-000003
CRG-003150,ATR-001503,INS-000001,"Deputado federal (suplente), legislatura 55",eleito,2015-09-09,2016-01-07,FNT-000003
CRG-003151,ATR-001504,INS-000001,"Deputado federal (suplente), legislatura 55",eleito,2015-10-06,2016-04-28,FNT-000003
CRG-003152,ATR-001504,INS-000001,"Deputado federal (titular), legislatura 56",eleito,2019-02-01,2023-01-31,FNT-000003
CRG-003153,ATR-001504,INS-000001,"Deputado federal (titular), legislatura 57",eleito,2023-02-01,,FNT-000003
CRG-003154,ATR-001505,INS-000001,"Deputado federal (suplente), legislatura 55",eleito,2015-10-08,2019-01-31,FNT-000003
CRG-003155,ATR-001505,INS-000001,"Deputado federal (suplente), legislatura 56",eleito,2021-08-31,2022-02-23,FNT-000003
CRG-003156,ATR-001506,INS-000001,"Deputado federal (suplente), legislatura 55",eleito,2015-10-28,2017-01-04,FNT-000003
CRG-003157,ATR-001507,INS-000001,"Deputado federal (suplente), legislatura 55",eleito,2015-12-15,2019-01-31,FNT-000003
CRG-003158,ATR-001508,INS-000001,"Deputado federal (suplente), legislatura 55",eleito,2015-12-15,2017-01-18,FNT-000003
CRG-003159,ATR-001509,INS-000001,"Deputado federal (suplente), legislatura 55",eleito,2016-01-06,2018-05-21,FNT-000003
CRG-003160,ATR-001510,INS-000001,"Deputado federal (suplente), legislatura 55",eleito,2016-03-17,2016-10-19,FNT-000003
CRG-003161,ATR-001510,INS-000001,"Deputado federal (titular), legislatura 56",eleito,2019-02-01,2023-01-31,FNT-000003
CRG-003162,ATR-001511,INS-000001,"Deputado federal (suplente), legislatura 55",eleito,2016-04-18,2018-04-06,FNT-000003
CRG-003163,ATR-001512,INS-000001,"Deputado federal (suplente), legislatura 55",eleito,2016-05-17,2018-04-06,FNT-000003
CRG-003164,ATR-001513,INS-000001,"Deputado federal (suplente), legislatura 55",eleito,2016-05-17,2017-11-14,FNT-000003
CRG-003165,ATR-001514,INS-000001,"Deputado federal (suplente), legislatura 55",eleito,2016-05-17,2018-11-03,FNT-000003
CRG-003166,ATR-001514,INS-000001,"Deputado federal (titular), legislatura 56",eleito,2019-02-01,2023-01-31,FNT-000003
CRG-003167,ATR-001514,INS-000001,"Deputado federal (titular), legislatura 57",eleito,2026-07-09,,FNT-000003
CRG-003168,ATR-001515,INS-000001,"Deputado federal (suplente), legislatura 55",eleito,2016-05-17,2019-01-31,FNT-000003
CRG-003169,ATR-001516,INS-000001,"Deputado federal (suplente), legislatura 55",eleito,2016-05-17,2018-05-21,FNT-000003
CRG-003170,ATR-001517,INS-000001,"Deputado federal (suplente), legislatura 55",eleito,2016-05-25,2016-09-22,FNT-000003
CRG-003171,ATR-001518,INS-000001,"Deputado federal (suplente), legislatura 55",eleito,2016-06-21,2016-10-19,FNT-000003
CRG-003172,ATR-001519,INS-000001,"Deputado federal (suplente), legislatura 55",eleito,2016-08-02,2019-01-31,FNT-000003
CRG-003173,ATR-001520,INS-000001,"Deputado federal (suplente), legislatura 55",eleito,2016-08-16,2018-04-04,FNT-000003
CRG-003174,ATR-001521,INS-000001,"Deputado federal (suplente), legislatura 55",eleito,2016-10-04,2017-02-01,FNT-000003
CRG-003175,ATR-001522,INS-000001,"Deputado federal, legislatura 55",eleito,2017-01-02,2019-01-31,FNT-000003
CRG-003176,ATR-001523,INS-000001,"Deputado federal, legislatura 55",eleito,2017-01-02,2019-01-31,FNT-000003
CRG-003177,ATR-001523,INS-000001,"Deputado federal (titular), legislatura 56",eleito,2019-02-01,2023-01-31,FNT-000003
CRG-003178,ATR-001524,INS-000001,"Deputado federal (suplente), legislatura 55",eleito,2016-11-23,2018-04-06,FNT-000003
CRG-003179,ATR-001525,INS-000001,"Deputado federal (suplente), legislatura 55",eleito,2017-01-02,2018-04-06,FNT-000003
CRG-003180,ATR-001526,INS-000001,"Deputado federal (suplente), legislatura 55",eleito,2017-01-02,2017-05-19,FNT-000003
CRG-003181,ATR-001526,INS-000001,"Deputado federal (titular), legislatura 56",eleito,2019-02-01,2023-01-31,FNT-000003
CRG-003182,ATR-001527,INS-000001,"Deputado federal (suplente), legislatura 55",eleito,2017-01-02,2017-05-23,FNT-000003
CRG-003183,ATR-001528,INS-000001,"Deputado federal (suplente), legislatura 55",eleito,2017-01-05,2018-02-01,FNT-000003
CRG-003184,ATR-001529,INS-000001,"Deputado federal (titular), legislatura 56",eleito,2019-02-01,2023-01-31,FNT-000003
CRG-003185,ATR-001530,INS-000001,"Deputado federal (titular), legislatura 56",eleito,2019-02-01,2023-01-31,FNT-000003
CRG-003186,ATR-001530,INS-000001,"Deputado federal (titular), legislatura 57",eleito,2023-02-01,,FNT-000003
CRG-003187,ATR-001531,INS-000001,"Deputado federal (suplente), legislatura 55",eleito,2017-04-26,2017-08-19,FNT-000003
CRG-003188,ATR-001532,INS-000001,"Deputado federal (titular), legislatura 56",eleito,2019-02-01,2023-01-31,FNT-000003
CRG-003189,ATR-001532,INS-000001,"Deputado federal (titular), legislatura 57",eleito,2023-02-01,,FNT-000003
CRG-003190,ATR-001533,INS-000001,"Deputado federal (suplente), legislatura 55",eleito,2017-07-12,2018-05-21,FNT-000003
CRG-003191,ATR-001534,INS-000001,"Deputado federal (suplente), legislatura 55",eleito,2017-10-31,2018-02-28,FNT-000003
CRG-003192,ATR-001535,INS-000001,"Deputado federal (suplente), legislatura 55",eleito,2017-12-29,2019-01-31,FNT-000003
CRG-003193,ATR-001536,INS-000001,"Deputado federal (suplente), legislatura 55",eleito,2019-01-02,2019-01-31,FNT-000003
CRG-003194,ATR-001537,INS-000001,"Deputado federal (suplente), legislatura 55",eleito,2018-05-02,2018-12-17,FNT-000003
CRG-003195,ATR-001538,INS-000001,"Deputado federal (suplente), legislatura 55",eleito,2018-06-19,2018-12-11,FNT-000003
CRG-003196,ATR-001539,INS-000001,"Deputado federal (suplente), legislatura 55",eleito,2018-08-13,2018-12-12,FNT-000003
CRG-003197,ATR-001539,INS-000001,"Deputado federal, legislatura 56",eleito,2023-01-01,2023-01-31,FNT-000003
CRG-003198,ATR-001540,INS-000001,"Deputado federal (titular), legislatura 56",eleito,2019-02-01,2023-01-31,FNT-000003
CRG-003199,ATR-001540,INS-000001,"Deputado federal (titular), legislatura 57",eleito,2023-02-01,,FNT-000003
CRG-003200,ATR-001541,INS-000001,"Deputado federal (titular), legislatura 56",eleito,2019-02-01,2023-01-31,FNT-000003
CRG-003201,ATR-001542,INS-000001,"Deputado federal (titular), legislatura 56",eleito,2019-02-01,2023-01-31,FNT-000003
CRG-003202,ATR-001542,INS-000001,"Deputado federal (titular), legislatura 57",eleito,2025-08-01,,FNT-000003
CRG-003203,ATR-001543,INS-000001,"Deputado federal (titular), legislatura 56",eleito,2019-02-01,2023-01-31,FNT-000003
CRG-003204,ATR-001544,INS-000001,"Deputado federal (titular), legislatura 56",eleito,2019-02-01,2023-01-31,FNT-000003
CRG-003205,ATR-001544,INS-000001,"Deputado federal (titular), legislatura 57",eleito,2023-02-01,,FNT-000003
CRG-003206,ATR-001545,INS-000001,"Deputado federal (titular), legislatura 56",eleito,2019-02-01,2023-01-31,FNT-000003
CRG-003207,ATR-001545,INS-000001,"Deputado federal (titular), legislatura 57",eleito,2023-02-01,,FNT-000003
CRG-003208,ATR-001546,INS-000001,"Deputado federal (titular), legislatura 56",eleito,2019-02-01,2023-01-31,FNT-000003
CRG-003209,ATR-001547,INS-000001,"Deputado federal (titular), legislatura 56",eleito,2019-02-01,2023-01-31,FNT-000003
CRG-003210,ATR-001547,INS-000001,"Deputado federal (titular), legislatura 57",eleito,2023-02-01,,FNT-000003
CRG-003211,ATR-001548,INS-000001,"Deputado federal (titular), legislatura 56",eleito,2019-02-01,2023-01-31,FNT-000003
CRG-003212,ATR-001549,INS-000001,"Deputado federal (titular), legislatura 56",eleito,2019-02-01,2023-01-31,FNT-000003
CRG-003213,ATR-001549,INS-000001,"Deputado federal (titular), legislatura 57",eleito,2023-02-01,,FNT-000003
CRG-003214,ATR-001550,INS-000001,"Deputado federal (titular), legislatura 56",eleito,2019-02-01,2023-01-31,FNT-000003
CRG-003215,ATR-001550,INS-000001,"Deputado federal (titular), legislatura 57",eleito,2023-02-01,,FNT-000003
CRG-003216,ATR-001551,INS-000001,"Deputado federal (titular), legislatura 56",eleito,2019-02-01,2023-01-31,FNT-000003
CRG-003217,ATR-001551,INS-000001,"Deputado federal (titular), legislatura 57",eleito,2023-02-01,,FNT-000003
CRG-003218,ATR-001552,INS-000001,"Deputado federal (titular), legislatura 56",eleito,2019-02-01,2023-01-31,FNT-000003
CRG-003219,ATR-001553,INS-000001,"Deputado federal (titular), legislatura 56",eleito,2019-02-01,2023-01-31,FNT-000003
CRG-003220,ATR-001553,INS-000001,"Deputado federal (titular), legislatura 57",eleito,2023-02-01,,FNT-000003
CRG-003221,ATR-001554,INS-000001,"Deputado federal (titular), legislatura 56",eleito,2019-02-01,2023-01-31,FNT-000003
CRG-003222,ATR-001554,INS-000001,"Deputado federal (titular), legislatura 57",eleito,2023-02-01,,FNT-000003
CRG-003223,ATR-001555,INS-000001,"Deputado federal (titular), legislatura 56",eleito,2019-02-01,2023-01-31,FNT-000003
CRG-003224,ATR-001556,INS-000001,"Deputado federal (titular), legislatura 56",eleito,2019-02-01,2023-01-31,FNT-000003
CRG-003225,ATR-001556,INS-000001,"Deputado federal (titular), legislatura 57",eleito,2023-02-01,,FNT-000003
CRG-003226,ATR-001557,INS-000001,"Deputado federal (titular), legislatura 56",eleito,2019-02-01,2023-01-31,FNT-000003
CRG-003227,ATR-001557,INS-000001,"Deputado federal (titular), legislatura 57",eleito,2023-02-01,,FNT-000003
CRG-003228,ATR-001558,INS-000001,"Deputado federal (titular), legislatura 56",eleito,2019-02-01,2023-01-31,FNT-000003
CRG-003229,ATR-001558,INS-000001,"Deputado federal (titular), legislatura 57",eleito,2023-02-01,,FNT-000003
CRG-003230,ATR-001559,INS-000001,"Deputado federal (titular), legislatura 56",eleito,2019-02-01,2023-01-31,FNT-000003
CRG-003231,ATR-001560,INS-000001,"Deputado federal (titular), legislatura 56",eleito,2019-02-01,2023-01-31,FNT-000003
CRG-003232,ATR-001561,INS-000001,"Deputado federal (titular), legislatura 56",eleito,2019-02-01,2023-01-01,FNT-000003
CRG-003233,ATR-001561,INS-000001,"Deputado federal (titular), legislatura 57",eleito,2023-02-01,,FNT-000003
CRG-003234,ATR-001562,INS-000001,"Deputado federal (titular), legislatura 56",eleito,2019-02-01,2023-01-31,FNT-000003
CRG-003235,ATR-001563,INS-000001,"Deputado federal (titular), legislatura 56",eleito,2019-02-01,2023-01-31,FNT-000003
CRG-003236,ATR-001563,INS-000001,"Deputado federal (titular), legislatura 57",eleito,2023-02-01,,FNT-000003
CRG-003237,ATR-001564,INS-000001,"Deputado federal (titular), legislatura 56",eleito,2019-02-01,2023-01-31,FNT-000003
CRG-003238,ATR-001565,INS-000001,"Deputado federal (titular), legislatura 56",eleito,2019-02-01,2023-01-02,FNT-000003
CRG-003239,ATR-001565,INS-000001,"Deputado federal (suplente), legislatura 57",eleito,2025-04-25,2025-08-24,FNT-000003
CRG-003240,ATR-001566,INS-000001,"Deputado federal (titular), legislatura 56",eleito,2019-02-01,2023-01-01,FNT-000003
CRG-003241,ATR-001567,INS-000001,"Deputado federal (titular), legislatura 56",eleito,2019-02-01,2023-01-31,FNT-000003
CRG-003242,ATR-001567,INS-000001,"Deputado federal (titular), legislatura 57",eleito,2023-02-01,,FNT-000003
CRG-003243,ATR-001568,INS-000001,"Deputado federal (titular), legislatura 56",eleito,2019-02-01,2023-01-31,FNT-000003
CRG-003244,ATR-001568,INS-000001,"Deputado federal (titular), legislatura 57",eleito,2023-02-01,,FNT-000003
CRG-003245,ATR-001569,INS-000001,"Deputado federal (titular), legislatura 56",eleito,2019-02-01,2023-01-01,FNT-000003
CRG-003246,ATR-001570,INS-000001,"Deputado federal (titular), legislatura 56",eleito,2019-02-01,2023-01-31,FNT-000003
CRG-003247,ATR-001571,INS-000001,"Deputado federal (titular), legislatura 56",eleito,2019-02-01,2023-01-31,FNT-000003
CRG-003248,ATR-001572,INS-000001,"Deputado federal (titular), legislatura 56",eleito,2019-02-01,2023-01-31,FNT-000003
CRG-003249,ATR-001573,INS-000001,"Deputado federal (titular), legislatura 56",eleito,2019-02-01,2023-01-31,FNT-000003
CRG-003250,ATR-001574,INS-000001,"Deputado federal (titular), legislatura 56",eleito,2019-02-01,2022-06-14,FNT-000003
CRG-003251,ATR-001575,INS-000001,"Deputado federal (titular), legislatura 56",eleito,2019-02-01,2023-01-31,FNT-000003
CRG-003252,ATR-001576,INS-000001,"Deputado federal (titular), legislatura 56",eleito,2019-02-01,2023-01-31,FNT-000003
CRG-003253,ATR-001576,INS-000001,"Deputado federal (titular), legislatura 57",eleito,2023-02-01,,FNT-000003
CRG-003254,ATR-001577,INS-000001,"Deputado federal (titular), legislatura 56",eleito,2019-02-01,2023-01-31,FNT-000003
CRG-003255,ATR-001577,INS-000001,"Deputado federal (titular), legislatura 57",eleito,2023-02-01,,FNT-000003
CRG-003256,ATR-001578,INS-000001,"Deputado federal (titular), legislatura 56",eleito,2019-02-01,2023-01-31,FNT-000003
CRG-003257,ATR-001579,INS-000001,"Deputado federal (titular), legislatura 56",eleito,2019-02-01,2023-01-31,FNT-000003
CRG-003258,ATR-001579,INS-000001,"Deputado federal (titular), legislatura 57",eleito,2023-02-01,,FNT-000003
CRG-003259,ATR-001580,INS-000001,"Deputado federal (titular), legislatura 56",eleito,2019-02-01,2023-01-31,FNT-000003
CRG-003260,ATR-001580,INS-000001,"Deputado federal (titular), legislatura 57",eleito,2023-02-01,,FNT-000003
CRG-003261,ATR-001581,INS-000001,"Deputado federal (titular), legislatura 56",eleito,2019-02-01,2023-01-31,FNT-000003
CRG-003262,ATR-001582,INS-000001,"Deputado federal (titular), legislatura 56",eleito,2019-02-01,2023-01-31,FNT-000003
CRG-003263,ATR-001583,INS-000001,"Deputado federal (titular), legislatura 56",eleito,2019-02-01,2023-01-31,FNT-000003
CRG-003264,ATR-001583,INS-000001,"Deputado federal (titular), legislatura 57",eleito,2023-02-01,,FNT-000003
CRG-003265,ATR-001584,INS-000001,"Deputado federal (titular), legislatura 56",eleito,2019-02-01,2023-01-31,FNT-000003
CRG-003266,ATR-001584,INS-000001,"Deputado federal (titular), legislatura 57",eleito,2023-02-01,,FNT-000003
CRG-003267,ATR-001585,INS-000001,"Deputado federal (titular), legislatura 56",eleito,2019-02-01,2023-01-31,FNT-000003
CRG-003268,ATR-001585,INS-000001,"Deputado federal (titular), legislatura 57",eleito,2023-02-01,,FNT-000003
CRG-003269,ATR-001586,INS-000001,"Deputado federal (titular), legislatura 56",eleito,2019-02-01,2021-09-17,FNT-000003
CRG-003270,ATR-001587,INS-000001,"Deputado federal (titular), legislatura 56",eleito,2019-02-01,2023-01-31,FNT-000003
CRG-003271,ATR-001587,INS-000001,"Deputado federal (titular), legislatura 57",eleito,2023-02-01,,FNT-000003
CRG-003272,ATR-001588,INS-000001,"Deputado federal (titular), legislatura 56",eleito,2019-02-01,2021-04-13,FNT-000003
CRG-003273,ATR-001589,INS-000001,"Deputado federal (titular), legislatura 56",eleito,2019-02-01,2023-01-31,FNT-000003
CRG-003274,ATR-001590,INS-000001,"Deputado federal (titular), legislatura 56",eleito,2019-02-01,2023-01-31,FNT-000003
CRG-003276,ATR-001591,INS-000001,"Deputado federal (titular), legislatura 56",eleito,2019-02-01,2023-01-31,FNT-000003
CRG-003277,ATR-001591,INS-000001,"Deputado federal (titular), legislatura 57",eleito,2023-02-01,,FNT-000003
CRG-003278,ATR-001592,INS-000001,"Deputado federal (titular), legislatura 56",eleito,2019-02-01,2023-01-31,FNT-000003
CRG-003279,ATR-001593,INS-000001,"Deputado federal (titular), legislatura 56",eleito,2019-02-01,2023-01-31,FNT-000003
CRG-003280,ATR-001593,INS-000001,"Deputado federal (titular), legislatura 57",eleito,2023-02-01,,FNT-000003
CRG-003281,ATR-001594,INS-000001,"Deputado federal (titular), legislatura 56",eleito,2019-02-01,2023-01-31,FNT-000003
CRG-003282,ATR-001594,INS-000001,"Deputado federal (titular), legislatura 57",eleito,2023-02-01,,FNT-000003
CRG-003283,ATR-001595,INS-000001,"Deputado federal (titular), legislatura 56",eleito,2019-02-01,2023-01-31,FNT-000003
CRG-003284,ATR-001595,INS-000001,"Deputado federal (titular), legislatura 57",eleito,2023-02-01,,FNT-000003
CRG-003285,ATR-001596,INS-000001,"Deputado federal (titular), legislatura 56",eleito,2019-02-01,2023-01-31,FNT-000003
CRG-003286,ATR-001596,INS-000001,"Deputado federal (titular), legislatura 57",eleito,2023-02-01,,FNT-000003
CRG-003287,ATR-001597,INS-000001,"Deputado federal (titular), legislatura 56",eleito,2019-02-01,2023-01-31,FNT-000003
CRG-003288,ATR-001597,INS-000001,"Deputado federal (titular), legislatura 57",eleito,2023-02-01,,FNT-000003
CRG-003289,ATR-001598,INS-000001,"Deputado federal (titular), legislatura 56",eleito,2019-02-01,2023-01-31,FNT-000003
CRG-003290,ATR-001598,INS-000001,"Deputado federal (titular), legislatura 57",eleito,2023-02-01,,FNT-000003
CRG-003291,ATR-001599,INS-000001,"Deputado federal (titular), legislatura 56",eleito,2019-02-01,2023-01-31,FNT-000003
CRG-003292,ATR-001599,INS-000001,"Deputado federal (titular), legislatura 57",eleito,2023-02-01,,FNT-000003
CRG-003293,ATR-001600,INS-000001,"Deputado federal (titular), legislatura 56",eleito,2019-02-01,2023-01-31,FNT-000003
CRG-003294,ATR-001601,INS-000001,"Deputado federal (titular), legislatura 56",eleito,2019-02-01,2023-01-31,FNT-000003
CRG-003295,ATR-001602,INS-000001,"Deputado federal (titular), legislatura 56",eleito,2019-02-01,2023-01-31,FNT-000003
CRG-003296,ATR-001603,INS-000001,"Deputado federal (titular), legislatura 56",eleito,2019-02-01,2023-01-31,FNT-000003
CRG-003297,ATR-001603,INS-000001,"Deputado federal (titular), legislatura 57",eleito,2023-02-01,,FNT-000003
CRG-003298,ATR-001604,INS-000001,"Deputado federal (titular), legislatura 56",eleito,2019-02-01,2023-01-31,FNT-000003
CRG-003299,ATR-001605,INS-000001,"Deputado federal (titular), legislatura 56",eleito,2019-02-01,2023-01-31,FNT-000003
CRG-003300,ATR-001605,INS-000001,"Deputado federal (titular), legislatura 57",eleito,2023-02-01,,FNT-000003
CRG-003301,ATR-001606,INS-000001,"Deputado federal (titular), legislatura 56",eleito,2019-02-01,2023-01-31,FNT-000003
CRG-003302,ATR-001607,INS-000001,"Deputado federal (titular), legislatura 56",eleito,2019-02-01,2023-01-31,FNT-000003
CRG-003303,ATR-001608,INS-000001,"Deputado federal (titular), legislatura 56",eleito,2019-02-01,2023-01-31,FNT-000003
CRG-003304,ATR-001608,INS-000001,"Deputado federal (suplente), legislatura 57",eleito,2023-09-13,2026-03-31,FNT-000003
CRG-003305,ATR-001609,INS-000001,"Deputado federal (titular), legislatura 56",eleito,2019-02-01,2023-01-31,FNT-000003
CRG-003306,ATR-001609,INS-000001,"Deputado federal (titular), legislatura 57",eleito,2023-02-01,,FNT-000003
CRG-003307,ATR-001610,INS-000001,"Deputado federal (titular), legislatura 56",eleito,2019-02-01,2023-01-31,FNT-000003
CRG-003308,ATR-001610,INS-000001,"Deputado federal (titular), legislatura 57",eleito,2023-02-01,,FNT-000003
CRG-003309,ATR-001611,INS-000001,"Deputado federal (titular), legislatura 56",eleito,2019-02-01,2023-01-31,FNT-000003
CRG-003310,ATR-001611,INS-000001,"Deputado federal (titular), legislatura 57",eleito,2023-02-01,,FNT-000003
CRG-003311,ATR-001612,INS-000001,"Deputado federal (titular), legislatura 56",eleito,2019-02-01,2023-01-31,FNT-000003
CRG-003312,ATR-001612,INS-000001,"Deputado federal (titular), legislatura 57",eleito,2023-02-01,,FNT-000003
CRG-003313,ATR-001613,INS-000001,"Deputado federal (titular), legislatura 56",eleito,2019-02-01,2023-01-31,FNT-000003
CRG-003314,ATR-001614,INS-000001,"Deputado federal (titular), legislatura 56",eleito,2019-02-01,2021-01-01,FNT-000003
CRG-003315,ATR-001615,INS-000001,"Deputado federal (titular), legislatura 56",eleito,2019-02-01,2023-01-03,FNT-000003
CRG-003317,ATR-001616,INS-000001,"Deputado federal (titular), legislatura 56",eleito,2019-02-01,2023-01-31,FNT-000003
CRG-003318,ATR-001616,INS-000001,"Deputado federal (titular), legislatura 57",eleito,2023-02-01,,FNT-000003
CRG-003319,ATR-001617,INS-000001,"Deputado federal (titular), legislatura 56",eleito,2019-02-01,2023-01-31,FNT-000003
CRG-003320,ATR-001618,INS-000001,"Deputado federal (titular), legislatura 56",eleito,2019-02-01,2023-01-31,FNT-000003
CRG-003321,ATR-001618,INS-000001,"Deputado federal (suplente), legislatura 57",eleito,2023-05-09,2026-02-06,FNT-000003
CRG-003322,ATR-001619,INS-000001,"Deputado federal (titular), legislatura 56",eleito,2019-02-01,2023-01-31,FNT-000003
CRG-003323,ATR-001620,INS-000001,"Deputado federal (titular), legislatura 56",eleito,2019-02-01,2023-01-31,FNT-000003
CRG-003324,ATR-001621,INS-000001,"Deputado federal (titular), legislatura 56",eleito,2019-02-01,2023-01-31,FNT-000003
CRG-003325,ATR-001621,INS-000001,"Deputado federal (titular), legislatura 57",eleito,2023-02-01,,FNT-000003
CRG-003326,ATR-001622,INS-000001,"Deputado federal (titular), legislatura 56",eleito,2019-02-01,2023-01-31,FNT-000003
CRG-003327,ATR-001623,INS-000001,"Deputado federal (titular), legislatura 56",eleito,2019-02-01,2023-01-31,FNT-000003
CRG-003328,ATR-001624,INS-000001,"Deputado federal (titular), legislatura 56",eleito,2019-02-01,2023-01-31,FNT-000003
CRG-003329,ATR-001625,INS-000001,"Deputado federal (titular), legislatura 56",eleito,2019-02-01,2023-01-31,FNT-000003
CRG-003330,ATR-001626,INS-000001,"Deputado federal (titular), legislatura 56",eleito,2019-02-01,2023-01-31,FNT-000003
CRG-003331,ATR-001626,INS-000001,"Deputado federal (titular), legislatura 57",eleito,2023-02-01,,FNT-000003
CRG-003332,ATR-001627,INS-000001,"Deputado federal (titular), legislatura 56",eleito,2019-02-01,2023-01-31,FNT-000003
CRG-003333,ATR-001628,INS-000001,"Deputado federal (titular), legislatura 56",eleito,2019-02-01,2023-01-31,FNT-000003
CRG-003334,ATR-001628,INS-000001,"Deputado federal (titular), legislatura 57",eleito,2023-02-01,,FNT-000003
CRG-003336,ATR-001629,INS-000001,"Deputado federal (titular), legislatura 57",eleito,2023-02-01,,FNT-000003
CRG-003337,ATR-001630,INS-000001,"Deputado federal (titular), legislatura 56",eleito,2019-02-01,2023-01-31,FNT-000003
CRG-003338,ATR-001631,INS-000001,"Deputado federal (titular), legislatura 56",eleito,2019-02-01,2021-08-12,FNT-000003
CRG-003339,ATR-001632,INS-000001,"Deputado federal (titular), legislatura 56",eleito,2019-02-01,2023-01-31,FNT-000003
CRG-003340,ATR-001632,INS-000001,"Deputado federal (suplente), legislatura 57",eleito,2023-02-15,2026-03-02,FNT-000003
CRG-003341,ATR-001633,INS-000001,"Deputado federal (titular), legislatura 56",eleito,2019-02-01,2023-01-31,FNT-000003
CRG-003342,ATR-001633,INS-000001,"Deputado federal, legislatura 57",eleito,2024-05-21,,FNT-000003
CRG-003343,ATR-001634,INS-000001,"Deputado federal (titular), legislatura 56",eleito,2019-02-01,2023-01-02,FNT-000003
CRG-003344,ATR-001634,INS-000001,"Deputado federal (titular), legislatura 57",eleito,2023-02-01,,FNT-000003
CRG-003345,ATR-001635,INS-000001,"Deputado federal (titular), legislatura 56",eleito,2019-02-01,2023-01-31,FNT-000003
CRG-003346,ATR-001636,INS-000001,"Deputado federal (titular), legislatura 56",eleito,2019-02-01,2023-01-31,FNT-000003
CRG-003347,ATR-001637,INS-000001,"Deputado federal (titular), legislatura 56",eleito,2019-02-01,2023-01-31,FNT-000003
CRG-003348,ATR-001637,INS-000001,"Deputado federal (titular), legislatura 57",eleito,2023-02-01,,FNT-000003
CRG-003349,ATR-001638,INS-000001,"Deputado federal (titular), legislatura 56",eleito,2019-02-01,2023-01-31,FNT-000003
CRG-003350,ATR-001639,INS-000001,"Deputado federal (titular), legislatura 56",eleito,2019-02-01,2023-01-31,FNT-000003
CRG-003351,ATR-001639,INS-000001,"Deputado federal (titular), legislatura 57",eleito,2023-02-01,,FNT-000003
CRG-003352,ATR-001640,INS-000001,"Deputado federal (titular), legislatura 56",eleito,2019-02-01,2023-01-31,FNT-000003
CRG-003353,ATR-001640,INS-000001,"Deputado federal (titular), legislatura 57",eleito,2023-02-01,,FNT-000003
CRG-003354,ATR-001641,INS-000001,"Deputado federal (titular), legislatura 56",eleito,2019-02-01,2023-01-31,FNT-000003
CRG-003355,ATR-001641,INS-000001,"Deputado federal (titular), legislatura 57",eleito,2023-02-01,,FNT-000003
CRG-003356,ATR-001642,INS-000001,"Deputado federal (titular), legislatura 56",eleito,2019-02-01,2023-01-31,FNT-000003
CRG-003357,ATR-001643,INS-000001,"Deputado federal (titular), legislatura 56",eleito,2019-02-01,2023-01-01,FNT-000003
CRG-003358,ATR-001643,INS-000001,"Deputado federal (titular), legislatura 57",eleito,2023-02-01,,FNT-000003
CRG-003359,ATR-001644,INS-000001,"Deputado federal (titular), legislatura 56",eleito,2019-02-01,2023-01-31,FNT-000003
CRG-003360,ATR-001644,INS-000001,"Deputado federal (titular), legislatura 57",eleito,2023-02-01,,FNT-000003
CRG-003361,ATR-001645,INS-000001,"Deputado federal (titular), legislatura 56",eleito,2019-02-01,2023-01-31,FNT-000003
CRG-003362,ATR-001646,INS-000001,"Deputado federal (titular), legislatura 56",eleito,2019-02-01,2023-01-31,FNT-000003
CRG-003363,ATR-001646,INS-000001,"Deputado federal (titular), legislatura 57",eleito,2023-02-01,,FNT-000003
CRG-003364,ATR-001647,INS-000001,"Deputado federal (titular), legislatura 56",eleito,2019-02-01,2021-01-01,FNT-000003
CRG-003365,ATR-001648,INS-000001,"Deputado federal (titular), legislatura 56",eleito,2019-02-01,2023-01-31,FNT-000003
CRG-003366,ATR-001648,INS-000001,"Deputado federal (titular), legislatura 57",eleito,2023-02-01,,FNT-000003
CRG-003367,ATR-001649,INS-000001,"Deputado federal (titular), legislatura 56",eleito,2019-02-01,2023-01-31,FNT-000003
CRG-003368,ATR-001650,INS-000001,"Deputado federal (titular), legislatura 56",eleito,2019-02-01,2023-01-31,FNT-000003
CRG-003369,ATR-001651,INS-000001,"Deputado federal (titular), legislatura 56",eleito,2019-02-01,2023-01-31,FNT-000003
CRG-003370,ATR-001652,INS-000001,"Deputado federal (titular), legislatura 56",eleito,2019-02-01,2023-01-31,FNT-000003
CRG-003371,ATR-001653,INS-000001,"Deputado federal (titular), legislatura 56",eleito,2019-02-01,2020-11-05,FNT-000003
CRG-003372,ATR-001654,INS-000001,"Deputado federal (titular), legislatura 56",eleito,2019-02-01,2023-01-31,FNT-000003
CRG-003373,ATR-001655,INS-000001,"Deputado federal (titular), legislatura 56",eleito,2019-02-01,2023-01-31,FNT-000003
CRG-003374,ATR-001655,INS-000001,"Deputado federal (titular), legislatura 57",eleito,2023-02-01,,FNT-000003
CRG-003375,ATR-001656,INS-000001,"Deputado federal (titular), legislatura 56",eleito,2019-02-01,2023-01-31,FNT-000003
CRG-003376,ATR-001656,INS-000001,"Deputado federal (titular), legislatura 57",eleito,2023-02-01,,FNT-000003
CRG-003377,ATR-001657,INS-000001,"Deputado federal (titular), legislatura 56",eleito,2019-02-01,2023-01-31,FNT-000003
CRG-003378,ATR-001657,INS-000001,"Deputado federal (titular), legislatura 57",eleito,2023-02-01,,FNT-000003
CRG-003379,ATR-001658,INS-000001,"Deputado federal (titular), legislatura 56",eleito,2019-02-01,2023-01-31,FNT-000003
CRG-003380,ATR-001659,INS-000001,"Deputado federal (titular), legislatura 56",eleito,2019-02-01,2023-01-31,FNT-000003
CRG-003381,ATR-001659,INS-000001,"Deputado federal (titular), legislatura 57",eleito,2023-02-01,2025-04-24,FNT-000003
CRG-003382,ATR-001660,INS-000001,"Deputado federal (titular), legislatura 56",eleito,2019-02-01,2023-01-31,FNT-000003
CRG-003383,ATR-001661,INS-000001,"Deputado federal (titular), legislatura 56",eleito,2019-02-01,2023-01-31,FNT-000003
CRG-003384,ATR-001662,INS-000001,"Deputado federal (titular), legislatura 56",eleito,2019-02-01,2023-01-31,FNT-000003
CRG-003385,ATR-001662,INS-000001,"Deputado federal (titular), legislatura 57",eleito,2023-02-01,,FNT-000003
CRG-003386,ATR-001663,INS-000001,"Deputado federal (titular), legislatura 56",eleito,2019-02-01,2023-01-31,FNT-000003
CRG-003387,ATR-001663,INS-000001,"Deputado federal (titular), legislatura 57",eleito,2023-02-01,,FNT-000003
CRG-003388,ATR-001664,INS-000001,"Deputado federal (titular), legislatura 56",eleito,2019-02-01,2023-01-31,FNT-000003
CRG-003389,ATR-001664,INS-000001,"Deputado federal (titular), legislatura 57",eleito,2023-02-01,,FNT-000003
CRG-003390,ATR-001665,INS-000001,"Deputado federal (titular), legislatura 56",eleito,2019-02-01,2023-01-31,FNT-000003
CRG-003391,ATR-001665,INS-000001,"Deputado federal (titular), legislatura 57",eleito,2023-02-01,,FNT-000003
CRG-003392,ATR-001666,INS-000001,"Deputado federal (titular), legislatura 56",eleito,2019-02-01,2023-01-31,FNT-000003
CRG-003393,ATR-001667,INS-000001,"Deputado federal (titular), legislatura 56",eleito,2019-02-01,2023-01-31,FNT-000003
CRG-003394,ATR-001668,INS-000001,"Deputado federal (titular), legislatura 56",eleito,2019-02-01,2023-01-31,FNT-000003
CRG-003395,ATR-001668,INS-000001,"Deputado federal (titular), legislatura 57",eleito,2023-02-01,,FNT-000003
CRG-003396,ATR-001669,INS-000001,"Deputado federal (titular), legislatura 56",eleito,2019-02-01,2023-01-31,FNT-000003
CRG-003397,ATR-001669,INS-000001,"Deputado federal (titular), legislatura 57",eleito,2023-02-01,,FNT-000003
CRG-003398,ATR-001670,INS-000001,"Deputado federal (titular), legislatura 56",eleito,2019-02-01,2023-01-31,FNT-000003
CRG-003399,ATR-001671,INS-000001,"Deputado federal (titular), legislatura 56",eleito,2019-02-01,2023-01-31,FNT-000003
CRG-003400,ATR-001671,INS-000001,"Deputado federal (titular), legislatura 57",eleito,2023-02-01,,FNT-000003
CRG-003401,ATR-001672,INS-000001,"Deputado federal (titular), legislatura 56",eleito,2019-02-01,2023-01-31,FNT-000003
CRG-003402,ATR-001672,INS-000001,"Deputado federal (titular), legislatura 57",eleito,2023-02-01,,FNT-000003
CRG-003403,ATR-001673,INS-000001,"Deputado federal (titular), legislatura 56",eleito,2019-02-01,2023-01-31,FNT-000003
CRG-003404,ATR-001674,INS-000001,"Deputado federal (titular), legislatura 56",eleito,2019-02-01,2023-01-31,FNT-000003
CRG-003405,ATR-001674,INS-000001,"Deputado federal (titular), legislatura 57",eleito,2023-02-01,,FNT-000003
CRG-003406,ATR-001675,INS-000001,"Deputado federal (titular), legislatura 56",eleito,2019-02-01,2023-01-31,FNT-000003
CRG-003407,ATR-001675,INS-000001,"Deputado federal (titular), legislatura 57",eleito,2023-02-01,,FNT-000003
CRG-003408,ATR-001676,INS-000001,"Deputado federal (titular), legislatura 56",eleito,2019-02-01,2023-01-31,FNT-000003
CRG-003409,ATR-001676,INS-000001,"Deputado federal (titular), legislatura 57",eleito,2023-02-01,,FNT-000003
CRG-003410,ATR-001677,INS-000001,"Deputado federal (titular), legislatura 56",eleito,2019-02-01,2023-01-31,FNT-000003
CRG-003411,ATR-001677,INS-000001,"Deputado federal (titular), legislatura 57",eleito,2023-02-01,,FNT-000003
CRG-003412,ATR-001678,INS-000001,"Deputado federal (titular), legislatura 56",eleito,2019-02-01,2023-01-31,FNT-000003
CRG-003413,ATR-001678,INS-000001,"Deputado federal (titular), legislatura 57",eleito,2023-02-01,,FNT-000003
CRG-003414,ATR-001679,INS-000001,"Deputado federal (titular), legislatura 56",eleito,2019-02-01,2023-01-31,FNT-000003
CRG-003415,ATR-001679,INS-000001,"Deputado federal (titular), legislatura 57",eleito,2023-02-01,,FNT-000003
CRG-003416,ATR-001680,INS-000001,"Deputado federal (titular), legislatura 56",eleito,2019-02-01,2023-01-31,FNT-000003
CRG-003417,ATR-001680,INS-000001,"Deputado federal (titular), legislatura 57",eleito,2023-02-01,,FNT-000003
CRG-003418,ATR-001681,INS-000001,"Deputado federal (titular), legislatura 56",eleito,2019-02-01,2023-01-31,FNT-000003
CRG-003419,ATR-001682,INS-000001,"Deputado federal (titular), legislatura 56",eleito,2019-02-01,2023-01-31,FNT-000003
CRG-003420,ATR-001683,INS-000001,"Deputado federal (titular), legislatura 56",eleito,2019-02-01,2023-01-31,FNT-000003
CRG-003421,ATR-001683,INS-000001,"Deputado federal (titular), legislatura 57",eleito,2023-02-01,,FNT-000003
CRG-003422,ATR-001684,INS-000001,"Deputado federal (titular), legislatura 56",eleito,2019-02-01,2023-01-31,FNT-000003
CRG-003423,ATR-001685,INS-000001,"Deputado federal (titular), legislatura 56",eleito,2019-02-01,2023-01-01,FNT-000003
CRG-003424,ATR-001685,INS-000001,"Deputado federal (titular), legislatura 57",eleito,2023-02-01,2025-03-10,FNT-000003
CRG-003425,ATR-001686,INS-000001,"Deputado federal (titular), legislatura 56",eleito,2019-02-01,2023-01-31,FNT-000003
CRG-003426,ATR-001686,INS-000001,"Deputado federal (titular), legislatura 57",eleito,2023-02-01,,FNT-000003
CRG-003427,ATR-001687,INS-000001,"Deputado federal (titular), legislatura 56",eleito,2019-02-01,2023-01-31,FNT-000003
CRG-003428,ATR-001688,INS-000001,"Deputado federal (titular), legislatura 56",eleito,2019-02-01,2023-01-31,FNT-000003
CRG-003429,ATR-001688,INS-000001,"Deputado federal (titular), legislatura 57",eleito,2023-02-01,,FNT-000003
CRG-003430,ATR-001689,INS-000001,"Deputado federal (titular), legislatura 56",eleito,2019-02-01,2023-01-31,FNT-000003
CRG-003431,ATR-001689,INS-000001,"Deputado federal (titular), legislatura 57",eleito,2023-02-01,2025-12-14,FNT-000003
CRG-003432,ATR-001690,INS-000001,"Deputado federal (titular), legislatura 56",eleito,2019-02-01,2023-01-31,FNT-000003
CRG-003433,ATR-001690,INS-000001,"Deputado federal (titular), legislatura 57",eleito,2023-02-01,,FNT-000003
CRG-003434,ATR-001691,INS-000001,"Deputado federal (titular), legislatura 56",eleito,2019-02-01,2023-01-31,FNT-000003
CRG-003435,ATR-001692,INS-000001,"Deputado federal (titular), legislatura 56",eleito,2019-02-01,2023-01-31,FNT-000003
CRG-003436,ATR-001693,INS-000001,"Deputado federal (titular), legislatura 56",eleito,2019-02-01,2023-01-31,FNT-000003
CRG-003437,ATR-001693,INS-000001,"Deputado federal (titular), legislatura 57",eleito,2023-02-01,,FNT-000003
CRG-003438,ATR-001694,INS-000001,"Deputado federal (titular), legislatura 56",eleito,2019-02-01,2023-01-31,FNT-000003
CRG-003439,ATR-001694,INS-000001,"Deputado federal (titular), legislatura 57",eleito,2023-02-01,,FNT-000003
CRG-003440,ATR-001695,INS-000001,"Deputado federal (titular), legislatura 56",eleito,2019-02-01,2023-01-31,FNT-000003
CRG-003441,ATR-001696,INS-000001,"Deputado federal (titular), legislatura 56",eleito,2019-02-01,2023-01-31,FNT-000003
CRG-003442,ATR-001696,INS-000001,"Deputado federal (suplente), legislatura 57",eleito,2025-06-16,2025-07-20,FNT-000003
CRG-003443,ATR-001697,INS-000001,"Deputado federal (titular), legislatura 56",eleito,2019-02-01,2023-01-31,FNT-000003
CRG-003444,ATR-001697,INS-000001,"Deputado federal (titular), legislatura 57",eleito,2023-02-01,,FNT-000003
CRG-003445,ATR-001698,INS-000001,"Deputado federal (titular), legislatura 56",eleito,2019-02-01,2023-01-31,FNT-000003
CRG-003446,ATR-001699,INS-000001,"Deputado federal (titular), legislatura 56",eleito,2019-02-01,2023-01-31,FNT-000003
CRG-003447,ATR-001699,INS-000001,"Deputado federal (titular), legislatura 57",eleito,2023-02-01,,FNT-000003
CRG-003448,ATR-001700,INS-000001,"Deputado federal (titular), legislatura 56",eleito,2019-02-01,2023-01-31,FNT-000003
CRG-003449,ATR-001700,INS-000001,"Deputado federal (titular), legislatura 57",eleito,2023-02-01,,FNT-000003
CRG-003450,ATR-001701,INS-000001,"Deputado federal (titular), legislatura 56",eleito,2019-02-01,2023-01-31,FNT-000003
CRG-003451,ATR-001702,INS-000001,"Deputado federal (titular), legislatura 56",eleito,2019-02-01,2023-01-31,FNT-000003
CRG-003452,ATR-001702,INS-000001,"Deputado federal (titular), legislatura 57",eleito,2023-02-01,,FNT-000003
CRG-003453,ATR-001703,INS-000001,"Deputado federal (titular), legislatura 56",eleito,2019-02-01,2023-01-31,FNT-000003
CRG-003454,ATR-001704,INS-000001,"Deputado federal (titular), legislatura 56",eleito,2019-02-01,2023-01-31,FNT-000003
CRG-003455,ATR-001704,INS-000001,"Deputado federal (titular), legislatura 57",eleito,2023-02-01,2023-09-27,FNT-000003
CRG-003456,ATR-001705,INS-000001,"Deputado federal (titular), legislatura 56",eleito,2019-02-01,2023-01-31,FNT-000003
CRG-003457,ATR-001706,INS-000001,"Deputado federal (titular), legislatura 56",eleito,2019-02-01,2023-01-31,FNT-000003
CRG-003458,ATR-001706,INS-000001,"Deputado federal (titular), legislatura 57",eleito,2023-02-01,,FNT-000003
CRG-003459,ATR-001707,INS-000001,"Deputado federal (titular), legislatura 56",eleito,2019-02-01,2023-01-31,FNT-000003
CRG-003460,ATR-001707,INS-000001,"Deputado federal (titular), legislatura 57",eleito,2023-02-01,,FNT-000003
CRG-003461,ATR-001708,INS-000001,"Deputado federal (titular), legislatura 56",eleito,2019-02-01,2023-01-31,FNT-000003
CRG-003462,ATR-001708,INS-000001,"Deputado federal (titular), legislatura 57",eleito,2023-02-01,,FNT-000003
CRG-003463,ATR-001709,INS-000001,"Deputado federal (titular), legislatura 56",eleito,2019-02-01,2023-01-31,FNT-000003
CRG-003464,ATR-001710,INS-000001,"Deputado federal (titular), legislatura 56",eleito,2019-02-01,2023-01-31,FNT-000003
CRG-003465,ATR-001710,INS-000001,"Deputado federal (titular), legislatura 57",eleito,2023-02-01,,FNT-000003
CRG-003466,ATR-001711,INS-000001,"Deputado federal (titular), legislatura 56",eleito,2019-02-01,2023-01-31,FNT-000003
CRG-003467,ATR-001712,INS-000001,"Deputado federal (titular), legislatura 56",eleito,2019-02-01,2023-01-31,FNT-000003
CRG-003468,ATR-001713,INS-000001,"Deputado federal (titular), legislatura 56",eleito,2019-02-01,2023-01-30,FNT-000003
CRG-003469,ATR-001713,INS-000001,"Deputado federal (titular), legislatura 57",eleito,2023-02-01,,FNT-000003
CRG-003470,ATR-001714,INS-000001,"Deputado federal (titular), legislatura 56",eleito,2019-02-01,2023-01-31,FNT-000003
CRG-003471,ATR-001715,INS-000001,"Deputado federal (titular), legislatura 56",eleito,2019-02-01,2023-01-31,FNT-000003
CRG-003472,ATR-001715,INS-000001,"Deputado federal (titular), legislatura 57",eleito,2023-02-01,,FNT-000003
CRG-003473,ATR-001716,INS-000001,"Deputado federal (titular), legislatura 56",eleito,2019-02-01,2023-01-31,FNT-000003
CRG-003474,ATR-001716,INS-000001,"Deputado federal (titular), legislatura 57",eleito,2023-02-01,,FNT-000003
CRG-003475,ATR-001717,INS-000001,"Deputado federal (titular), legislatura 56",eleito,2019-02-01,2023-01-31,FNT-000003
CRG-003476,ATR-001717,INS-000001,"Deputado federal (titular), legislatura 57",eleito,2023-02-01,,FNT-000003
CRG-003477,ATR-001718,INS-000001,"Deputado federal (titular), legislatura 56",eleito,2019-02-01,2023-01-31,FNT-000003
CRG-003478,ATR-001718,INS-000001,"Deputado federal (titular), legislatura 57",eleito,2023-02-01,,FNT-000003
CRG-003479,ATR-001719,INS-000001,"Deputado federal (titular), legislatura 56",eleito,2019-02-01,2023-01-31,FNT-000003
CRG-003481,ATR-001720,INS-000001,"Deputado federal (titular), legislatura 56",eleito,2019-02-01,2023-01-31,FNT-000003
CRG-003482,ATR-001721,INS-000001,"Deputado federal (titular), legislatura 56",eleito,2019-02-01,2023-01-31,FNT-000003
CRG-003483,ATR-001721,INS-000001,"Deputado federal (titular), legislatura 57",eleito,2023-02-01,,FNT-000003
CRG-003484,ATR-001722,INS-000001,"Deputado federal (titular), legislatura 56",eleito,2019-02-01,2023-01-31,FNT-000003
CRG-003485,ATR-001722,INS-000001,"Deputado federal (titular), legislatura 57",eleito,2023-02-01,,FNT-000003
CRG-003486,ATR-001723,INS-000001,"Deputado federal (titular), legislatura 56",eleito,2019-02-01,2023-01-31,FNT-000003
CRG-003487,ATR-001723,INS-000001,"Deputado federal (titular), legislatura 57",eleito,2023-02-01,,FNT-000003
CRG-003488,ATR-001724,INS-000001,"Deputado federal (titular), legislatura 56",eleito,2019-02-01,2023-01-31,FNT-000003
CRG-003489,ATR-001725,INS-000001,"Deputado federal (titular), legislatura 56",eleito,2019-02-01,2020-04-01,FNT-000003
CRG-003490,ATR-001726,INS-000001,"Deputado federal (titular), legislatura 56",eleito,2019-02-01,2023-01-31,FNT-000003
CRG-003491,ATR-001727,INS-000001,"Deputado federal (titular), legislatura 56",eleito,2019-02-01,2023-01-31,FNT-000003
CRG-003492,ATR-001728,INS-000001,"Deputado federal (titular), legislatura 56",eleito,2019-02-01,2023-01-31,FNT-000003
CRG-003493,ATR-001729,INS-000001,"Deputado federal (titular), legislatura 56",eleito,2019-02-01,2023-01-31,FNT-000003
CRG-003494,ATR-001730,INS-000001,"Deputado federal (titular), legislatura 56",eleito,2019-02-01,2023-01-31,FNT-000003
CRG-003496,ATR-001731,INS-000001,"Deputado federal (titular), legislatura 56",eleito,2019-02-01,2023-01-31,FNT-000003
CRG-003497,ATR-001731,INS-000001,"Deputado federal (titular), legislatura 57",eleito,2023-02-01,,FNT-000003
CRG-003498,ATR-001732,INS-000001,"Deputado federal (titular), legislatura 56",eleito,2019-02-01,2023-01-31,FNT-000003
CRG-003499,ATR-001732,INS-000001,"Deputado federal (titular), legislatura 57",eleito,2023-02-01,,FNT-000003
CRG-003500,ATR-001733,INS-000001,"Deputado federal (titular), legislatura 56",eleito,2019-02-01,2023-01-31,FNT-000003
CRG-003501,ATR-001734,INS-000001,"Deputado federal (titular), legislatura 56",eleito,2019-02-01,2021-01-01,FNT-000003
CRG-003502,ATR-001735,INS-000001,"Deputado federal (titular), legislatura 56",eleito,2019-02-01,2023-01-31,FNT-000003
CRG-003503,ATR-001735,INS-000001,"Deputado federal (titular), legislatura 57",eleito,2023-02-01,,FNT-000003
CRG-003504,ATR-001736,INS-000001,"Deputado federal (titular), legislatura 56",eleito,2019-02-01,2023-01-31,FNT-000003
CRG-003505,ATR-001737,INS-000001,"Deputado federal (titular), legislatura 56",eleito,2019-02-01,2023-01-31,FNT-000003
CRG-003506,ATR-001738,INS-000001,"Deputado federal (titular), legislatura 56",eleito,2019-02-01,2023-01-31,FNT-000003
CRG-003507,ATR-001739,INS-000001,"Deputado federal (titular), legislatura 56",eleito,2019-02-01,2023-01-31,FNT-000003
CRG-003508,ATR-001739,INS-000001,"Deputado federal (titular), legislatura 57",eleito,2023-02-01,,FNT-000003
CRG-003509,ATR-001740,INS-000001,"Deputado federal (titular), legislatura 56",eleito,2019-02-01,2023-01-31,FNT-000003
CRG-003510,ATR-001740,INS-000001,"Deputado federal (suplente), legislatura 57",eleito,2026-04-08,,FNT-000003
CRG-003511,ATR-001741,INS-000001,"Deputado federal (titular), legislatura 56",eleito,2019-02-01,2023-01-31,FNT-000003
CRG-003512,ATR-001741,INS-000001,"Deputado federal (titular), legislatura 57",eleito,2023-02-01,,FNT-000003
CRG-003513,ATR-001742,INS-000001,"Deputado federal (titular), legislatura 56",eleito,2019-02-01,2023-01-31,FNT-000003
CRG-003514,ATR-001742,INS-000001,"Deputado federal (titular), legislatura 57",eleito,2023-02-01,,FNT-000003
CRG-003515,ATR-001743,INS-000001,"Deputado federal (titular), legislatura 56",eleito,2019-02-01,2023-01-31,FNT-000003
CRG-003516,ATR-001744,INS-000001,"Deputado federal (titular), legislatura 56",eleito,2019-02-01,2023-01-31,FNT-000003
CRG-003517,ATR-001745,INS-000001,"Deputado federal (titular), legislatura 56",eleito,2019-02-01,2023-01-31,FNT-000003
CRG-003518,ATR-001745,INS-000001,"Deputado federal (titular), legislatura 57",eleito,2023-02-01,,FNT-000003
CRG-003519,ATR-001746,INS-000001,"Deputado federal (titular), legislatura 56",eleito,2019-02-01,2023-01-31,FNT-000003
CRG-003520,ATR-001747,INS-000001,"Deputado federal (titular), legislatura 56",eleito,2019-02-01,2023-01-31,FNT-000003
CRG-003521,ATR-001748,INS-000001,"Deputado federal (titular), legislatura 56",eleito,2019-02-01,2023-01-31,FNT-000003
CRG-003522,ATR-001748,INS-000001,"Deputado federal (titular), legislatura 57",eleito,2023-02-01,,FNT-000003
CRG-003523,ATR-001749,INS-000001,"Deputado federal (titular), legislatura 56",eleito,2019-02-01,2023-01-31,FNT-000003
CRG-003524,ATR-001749,INS-000001,"Deputado federal (titular), legislatura 57",eleito,2023-02-01,,FNT-000003
CRG-003525,ATR-001750,INS-000001,"Deputado federal (titular), legislatura 56",eleito,2019-02-01,2023-01-31,FNT-000003
CRG-003526,ATR-001751,INS-000001,"Deputado federal (titular), legislatura 56",eleito,2019-02-01,2023-01-31,FNT-000003
CRG-003527,ATR-001751,INS-000001,"Deputado federal (titular), legislatura 57",eleito,2023-02-01,,FNT-000003
CRG-003528,ATR-001752,INS-000001,"Deputado federal (titular), legislatura 56",eleito,2019-02-01,2023-01-31,FNT-000003
CRG-003529,ATR-001752,INS-000001,"Deputado federal (titular), legislatura 57",eleito,2023-02-01,2026-04-08,FNT-000003
CRG-003530,ATR-001753,INS-000001,"Deputado federal (titular), legislatura 56",eleito,2019-02-01,2023-01-31,FNT-000003
CRG-003531,ATR-001753,INS-000001,"Deputado federal (titular), legislatura 57",eleito,2023-02-01,,FNT-000003
CRG-003532,ATR-001754,INS-000001,"Deputado federal (titular), legislatura 56",eleito,2019-02-01,2023-01-31,FNT-000003
CRG-003533,ATR-001754,INS-000001,"Deputado federal (titular), legislatura 57",eleito,2023-02-01,2025-12-23,FNT-000003
CRG-003534,ATR-001755,INS-000001,"Deputado federal (titular), legislatura 56",eleito,2019-02-01,2023-01-31,FNT-000003
CRG-003535,ATR-001755,INS-000001,"Deputado federal (titular), legislatura 57",eleito,2023-02-01,,FNT-000003
CRG-003536,ATR-001756,INS-000001,"Deputado federal (titular), legislatura 56",eleito,2019-02-01,2023-01-31,FNT-000003
CRG-003537,ATR-001757,INS-000001,"Deputado federal (titular), legislatura 56",eleito,2019-02-01,2023-01-31,FNT-000003
CRG-003538,ATR-001758,INS-000001,"Deputado federal (suplente), legislatura 55",eleito,2018-10-17,2018-11-30,FNT-000003
CRG-003539,ATR-001759,INS-000001,"Deputado federal (suplente), legislatura 55",eleito,2018-11-07,2019-01-31,FNT-000003
CRG-003540,ATR-001760,INS-000001,"Deputado federal (suplente), legislatura 55",eleito,2018-12-18,2019-01-31,FNT-000003
CRG-003541,ATR-001761,INS-000001,"Deputado federal, legislatura 55",eleito,2019-01-02,2019-01-31,FNT-000003
CRG-003542,ATR-001762,INS-000001,"Deputado federal (suplente), legislatura 55",eleito,2019-01-02,2019-01-31,FNT-000003
CRG-003543,ATR-001763,INS-000001,"Deputado federal (suplente), legislatura 55",eleito,2019-01-03,2019-01-31,FNT-000003
CRG-003544,ATR-001764,INS-000001,"Deputado federal (suplente), legislatura 55",eleito,2019-01-03,2019-01-31,FNT-000003
CRG-003545,ATR-001765,INS-000001,"Deputado federal (titular), legislatura 56",eleito,2019-02-01,2023-01-31,FNT-000003
CRG-003546,ATR-001765,INS-000001,"Deputado federal (suplente), legislatura 57",eleito,2023-02-08,,FNT-000003
CRG-003547,ATR-001766,INS-000001,"Deputado federal (suplente), legislatura 56",eleito,2019-12-05,2023-01-19,FNT-000003
CRG-003548,ATR-001767,INS-000001,"Deputado federal, legislatura 56",eleito,2019-02-01,2023-01-31,FNT-000003
CRG-003549,ATR-001768,INS-000001,"Deputado federal, legislatura 56",eleito,2019-02-01,2023-01-31,FNT-000003
CRG-003550,ATR-001768,INS-000001,"Deputado federal (titular), legislatura 57",eleito,2023-02-01,,FNT-000003
CRG-003551,ATR-001769,INS-000001,"Deputado federal (suplente), legislatura 56",eleito,2019-02-05,2022-03-31,FNT-000003
CRG-003552,ATR-001770,INS-000001,"Deputado federal (suplente), legislatura 56",eleito,2019-02-05,2022-04-04,FNT-000003
CRG-003553,ATR-001770,INS-000001,"Deputado federal (suplente), legislatura 57",eleito,2023-04-12,2026-04-06,FNT-000003
CRG-003554,ATR-001771,INS-000001,"Deputado federal (titular), legislatura 57",eleito,2023-02-01,,FNT-000003
CRG-003555,ATR-001772,INS-000001,"Deputado federal (suplente), legislatura 56",eleito,2019-02-05,2022-03-30,FNT-000003
CRG-003556,ATR-001773,INS-000001,"Deputado federal (suplente), legislatura 56",eleito,2019-02-06,2022-03-31,FNT-000003
CRG-003557,ATR-001774,INS-000001,"Deputado federal (suplente), legislatura 56",eleito,2019-02-07,2022-02-23,FNT-000003
CRG-003558,ATR-001775,INS-000001,"Deputado federal (suplente), legislatura 57",eleito,2025-02-27,2026-03-25,FNT-000003
CRG-003559,ATR-001776,INS-000001,"Deputado federal (suplente), legislatura 56",eleito,2019-03-13,2023-01-31,FNT-000003
CRG-003560,ATR-001776,INS-000001,"Deputado federal (titular), legislatura 57",eleito,2023-02-01,,FNT-000003
CRG-003561,ATR-001777,INS-000001,"Deputado federal (titular), legislatura 57",eleito,2023-02-01,,FNT-000003
CRG-003562,ATR-001778,INS-000001,"Deputado federal (titular), legislatura 57",eleito,2023-02-01,,FNT-000003
CRG-003563,ATR-001779,INS-000001,"Deputado federal (suplente), legislatura 56",eleito,2023-01-01,2023-01-31,FNT-000003
CRG-003564,ATR-001780,INS-000001,"Deputado federal (suplente), legislatura 56",eleito,2019-08-07,2022-02-23,FNT-000003
CRG-003565,ATR-001781,INS-000001,"Deputado federal (suplente), legislatura 56",eleito,2019-08-29,2020-03-25,FNT-000003
CRG-003567,ATR-001782,INS-000001,"Deputado federal (suplente), legislatura 56",eleito,2019-11-12,2020-03-07,FNT-000003
CRG-003568,ATR-001783,INS-000001,"Deputado federal (suplente), legislatura 56",eleito,2019-12-04,2021-08-03,FNT-000003
CRG-003569,ATR-001783,INS-000001,"Deputado federal (suplente), legislatura 57",eleito,2024-07-02,2024-10-30,FNT-000003
CRG-003570,ATR-001784,INS-000001,"Deputado federal (suplente), legislatura 56",eleito,2019-12-18,2020-10-08,FNT-000003
CRG-003571,ATR-001785,INS-000001,"Deputado federal (suplente), legislatura 56",eleito,2020-02-17,2023-01-31,FNT-000003
CRG-003572,ATR-001785,INS-000001,"Deputado federal (titular), legislatura 57",eleito,2023-02-01,2025-01-01,FNT-000003
CRG-003573,ATR-001786,INS-000001,"Deputado federal (suplente), legislatura 56",eleito,2020-05-29,2020-09-29,FNT-000003
CRG-003574,ATR-001787,INS-000001,"Deputado federal (suplente), legislatura 56",eleito,2020-06-17,2022-12-22,FNT-000003
CRG-003575,ATR-001787,INS-000001,"Deputado federal, legislatura 57",eleito,2025-01-01,,FNT-000003
CRG-003576,ATR-001788,INS-000001,"Deputado federal (suplente), legislatura 56",eleito,2020-08-04,2022-10-01,FNT-000003
CRG-003577,ATR-001789,INS-000001,"Deputado federal (suplente), legislatura 56",eleito,2020-07-02,2022-03-15,FNT-000003
CRG-003578,ATR-001790,INS-000001,"Deputado federal (suplente), legislatura 56",eleito,2020-09-09,2021-01-01,FNT-000003
CRG-003579,ATR-001791,INS-000001,"Deputado federal (suplente), legislatura 56",eleito,2020-09-10,2022-08-11,FNT-000003
CRG-003580,ATR-001792,INS-000001,"Deputado federal (suplente), legislatura 56",eleito,2020-10-06,2021-01-30,FNT-000003
CRG-003581,ATR-001792,INS-000001,"Deputado federal (titular), legislatura 57",eleito,2023-02-01,,FNT-000003
CRG-003582,ATR-001793,INS-000001,"Deputado federal (suplente), legislatura 56",eleito,2022-07-13,2022-11-11,FNT-000003
CRG-003583,ATR-001794,INS-000001,"Deputado federal, legislatura 56",eleito,2021-01-01,2023-01-31,FNT-000003
CRG-003584,ATR-001795,INS-000001,"Deputado federal, legislatura 56",eleito,2021-01-01,2023-01-31,FNT-000003
CRG-003585,ATR-001795,INS-000001,"Deputado federal (titular), legislatura 57",eleito,2023-02-01,,FNT-000003
CRG-003586,ATR-001796,INS-000001,"Deputado federal, legislatura 56",eleito,2021-01-01,2023-01-31,FNT-000003
CRG-003587,ATR-001797,INS-000001,"Deputado federal, legislatura 56",eleito,2021-01-01,2023-01-31,FNT-000003
CRG-003588,ATR-001798,INS-000001,"Deputado federal (suplente), legislatura 56",eleito,2021-02-01,2021-02-10,FNT-000003
CRG-003589,ATR-001799,INS-000001,"Deputado federal (suplente), legislatura 56",eleito,2021-03-31,2023-01-31,FNT-000003
CRG-003590,ATR-001800,INS-000001,"Deputado federal (suplente), legislatura 56",eleito,2021-04-13,2022-02-21,FNT-000003
CRG-003591,ATR-001801,INS-000001,"Deputado federal (suplente), legislatura 56",eleito,2021-05-04,2022-03-31,FNT-000003
CRG-003592,ATR-001802,INS-000001,"Deputado federal (suplente), legislatura 56",eleito,2021-05-05,2021-08-12,FNT-000003
CRG-003593,ATR-001803,INS-000001,"Deputado federal (suplente), legislatura 56",eleito,2021-06-23,2022-03-10,FNT-000003
CRG-003594,ATR-001804,INS-000001,"Deputado federal (suplente), legislatura 56",eleito,2021-07-28,2022-04-04,FNT-000003
CRG-003595,ATR-001805,INS-000001,"Deputado federal, legislatura 56",eleito,2021-09-15,2023-01-31,FNT-000003
CRG-003596,ATR-001805,INS-000001,"Deputado federal (suplente), legislatura 57",eleito,2023-05-24,2024-01-30,FNT-000003
CRG-003597,ATR-001806,INS-000001,"Deputado federal (suplente), legislatura 56",eleito,2021-11-09,2022-03-10,FNT-000003
CRG-003598,ATR-001806,INS-000001,"Deputado federal (suplente), legislatura 57",eleito,2023-07-05,2026-03-31,FNT-000003
CRG-003599,ATR-001807,INS-000001,"Deputado federal (suplente), legislatura 56",eleito,2021-12-01,2022-04-30,FNT-000003
CRG-003600,ATR-001808,INS-000001,"Deputado federal (suplente), legislatura 56",eleito,2022-02-22,2022-04-15,FNT-000003
CRG-003601,ATR-001809,INS-000001,"Deputado federal (suplente), legislatura 56",eleito,2022-03-16,2022-07-14,FNT-000003
CRG-003602,ATR-001810,INS-000001,"Deputado federal (suplente), legislatura 56",eleito,2022-06-07,2022-10-06,FNT-000003
CRG-003603,ATR-001811,INS-000001,"Deputado federal (suplente), legislatura 56",eleito,2022-06-08,2022-10-09,FNT-000003
CRG-003604,ATR-001811,INS-000001,"Deputado federal (suplente), legislatura 57",eleito,2023-02-07,2025-03-19,FNT-000003
CRG-003605,ATR-001812,INS-000001,"Deputado federal (suplente), legislatura 56",eleito,2022-06-08,2022-10-07,FNT-000003
CRG-003606,ATR-001813,INS-000001,"Deputado federal (suplente), legislatura 56",eleito,2022-06-09,2022-10-08,FNT-000003
CRG-003607,ATR-001814,INS-000001,"Deputado federal (suplente), legislatura 56",eleito,2023-01-02,2023-01-31,FNT-000003
CRG-003608,ATR-001815,INS-000001,"Deputado federal (suplente), legislatura 56",eleito,2022-07-19,2022-11-13,FNT-000003
CRG-003609,ATR-001815,INS-000001,"Deputado federal (suplente), legislatura 57",eleito,2024-07-02,2024-10-31,FNT-000003
CRG-003610,ATR-001816,INS-000001,"Deputado federal (titular), legislatura 57",eleito,2023-02-01,,FNT-000003
CRG-003611,ATR-001817,INS-000001,"Deputado federal (titular), legislatura 57",eleito,2023-02-01,,FNT-000003
CRG-003612,ATR-001818,INS-000001,"Deputado federal (titular), legislatura 57",eleito,2023-02-01,,FNT-000003
CRG-003613,ATR-001819,INS-000001,"Deputado federal (titular), legislatura 57",eleito,2023-02-01,,FNT-000003
CRG-003614,ATR-001820,INS-000001,"Deputado federal (titular), legislatura 57",eleito,2023-02-01,,FNT-000003
CRG-003615,ATR-001821,INS-000001,"Deputado federal (titular), legislatura 57",eleito,2023-02-01,2025-07-30,FNT-000003
CRG-003616,ATR-001822,INS-000001,"Deputado federal (titular), legislatura 57",eleito,2023-02-01,,FNT-000003
CRG-003617,ATR-001823,INS-000001,"Deputado federal (titular), legislatura 57",eleito,2023-02-01,,FNT-000003
CRG-003618,ATR-001824,INS-000001,"Deputado federal (titular), legislatura 57",eleito,2023-02-01,,FNT-000003
CRG-003619,ATR-001825,INS-000001,"Deputado federal (titular), legislatura 57",eleito,2023-02-01,,FNT-000003
CRG-003620,ATR-001826,INS-000001,"Deputado federal (titular), legislatura 57",eleito,2023-02-01,,FNT-000003
CRG-003621,ATR-001827,INS-000001,"Deputado federal (titular), legislatura 57",eleito,2023-02-01,,FNT-000003
CRG-003622,ATR-001828,INS-000001,"Deputado federal (titular), legislatura 57",eleito,2023-02-01,,FNT-000003
CRG-003623,ATR-001829,INS-000001,"Deputado federal (titular), legislatura 57",eleito,2023-02-01,,FNT-000003
CRG-003624,ATR-001830,INS-000001,"Deputado federal (titular), legislatura 57",eleito,2023-02-01,,FNT-000003
CRG-003625,ATR-001831,INS-000001,"Deputado federal (titular), legislatura 57",eleito,2023-02-01,,FNT-000003
CRG-003626,ATR-001832,INS-000001,"Deputado federal (titular), legislatura 57",eleito,2023-02-01,,FNT-000003
CRG-003627,ATR-001833,INS-000001,"Deputado federal (titular), legislatura 57",eleito,2023-02-01,,FNT-000003
CRG-003628,ATR-001834,INS-000001,"Deputado federal (titular), legislatura 57",eleito,2023-02-01,,FNT-000003
CRG-003629,ATR-001835,INS-000001,"Deputado federal (titular), legislatura 57",eleito,2023-02-01,,FNT-000003
CRG-003630,ATR-001836,INS-000001,"Deputado federal (titular), legislatura 57",eleito,2023-02-01,,FNT-000003
CRG-003631,ATR-001837,INS-000001,"Deputado federal (titular), legislatura 57",eleito,2023-02-01,,FNT-000003
CRG-003632,ATR-001838,INS-000001,"Deputado federal (titular), legislatura 57",eleito,2023-02-01,,FNT-000003
CRG-003633,ATR-001839,INS-000001,"Deputado federal (titular), legislatura 57",eleito,2023-02-01,,FNT-000003
CRG-003634,ATR-001840,INS-000001,"Deputado federal (titular), legislatura 57",eleito,2023-02-01,,FNT-000003
CRG-003635,ATR-001841,INS-000001,"Deputado federal (titular), legislatura 57",eleito,2023-02-01,,FNT-000003
CRG-003636,ATR-001842,INS-000001,"Deputado federal (titular), legislatura 57",eleito,2023-02-01,,FNT-000003
CRG-003637,ATR-001843,INS-000001,"Deputado federal (titular), legislatura 57",eleito,2023-02-01,,FNT-000003
CRG-003638,ATR-001844,INS-000001,"Deputado federal (titular), legislatura 57",eleito,2023-02-01,,FNT-000003
CRG-003639,ATR-001845,INS-000001,"Deputado federal (titular), legislatura 57",eleito,2023-02-01,,FNT-000003
CRG-003640,ATR-001846,INS-000001,"Deputado federal (titular), legislatura 57",eleito,2023-02-01,,FNT-000003
CRG-003641,ATR-001847,INS-000001,"Deputado federal (titular), legislatura 57",eleito,2023-02-01,,FNT-000003
CRG-003642,ATR-001848,INS-000001,"Deputado federal (titular), legislatura 57",eleito,2023-02-01,,FNT-000003
CRG-003643,ATR-001849,INS-000001,"Deputado federal (titular), legislatura 57",eleito,2023-02-01,,FNT-000003
CRG-003644,ATR-001850,INS-000001,"Deputado federal (titular), legislatura 57",eleito,2023-02-01,,FNT-000003
CRG-003645,ATR-001851,INS-000001,"Deputado federal (titular), legislatura 57",eleito,2023-02-01,,FNT-000003
CRG-003646,ATR-001852,INS-000001,"Deputado federal (titular), legislatura 57",eleito,2023-02-01,,FNT-000003
CRG-003647,ATR-001853,INS-000001,"Deputado federal (titular), legislatura 57",eleito,2023-02-01,,FNT-000003
CRG-003648,ATR-001854,INS-000001,"Deputado federal (titular), legislatura 57",eleito,2023-02-01,,FNT-000003
CRG-003649,ATR-001855,INS-000001,"Deputado federal (titular), legislatura 57",eleito,2023-02-01,,FNT-000003
CRG-003650,ATR-001856,INS-000001,"Deputado federal (titular), legislatura 57",eleito,2023-02-01,,FNT-000003
CRG-003651,ATR-001857,INS-000001,"Deputado federal (titular), legislatura 57",eleito,2023-02-01,,FNT-000003
CRG-003652,ATR-001858,INS-000001,"Deputado federal (titular), legislatura 57",eleito,2023-02-01,,FNT-000003
CRG-003653,ATR-001859,INS-000001,"Deputado federal (titular), legislatura 57",eleito,2023-02-01,,FNT-000003
CRG-003654,ATR-001860,INS-000001,"Deputado federal (titular), legislatura 57",eleito,2023-02-01,,FNT-000003
CRG-003655,ATR-001861,INS-000001,"Deputado federal (titular), legislatura 57",eleito,2023-02-01,,FNT-000003
CRG-003656,ATR-001862,INS-000001,"Deputado federal (titular), legislatura 57",eleito,2023-02-01,2025-07-30,FNT-000003
CRG-003657,ATR-001863,INS-000001,"Deputado federal (titular), legislatura 57",eleito,2023-02-01,,FNT-000003
CRG-003658,ATR-001864,INS-000001,"Deputado federal (titular), legislatura 57",eleito,2023-02-01,2025-07-30,FNT-000003
CRG-003659,ATR-001865,INS-000001,"Deputado federal (titular), legislatura 57",eleito,2023-02-01,,FNT-000003
CRG-003660,ATR-001866,INS-000001,"Deputado federal (titular), legislatura 57",eleito,2023-02-01,2025-07-30,FNT-000003
CRG-003661,ATR-001867,INS-000001,"Deputado federal (titular), legislatura 57",eleito,2023-02-01,2025-07-30,FNT-000003
CRG-003662,ATR-001868,INS-000001,"Deputado federal (titular), legislatura 57",eleito,2023-02-01,,FNT-000003
CRG-003663,ATR-001869,INS-000001,"Deputado federal (titular), legislatura 57",eleito,2023-02-01,,FNT-000003
CRG-003664,ATR-001870,INS-000001,"Deputado federal (titular), legislatura 57",eleito,2023-02-01,,FNT-000003
CRG-003665,ATR-001871,INS-000001,"Deputado federal (titular), legislatura 57",eleito,2023-02-01,2026-05-27,FNT-000003
CRG-003666,ATR-001872,INS-000001,"Deputado federal (titular), legislatura 57",eleito,2023-02-01,,FNT-000003
CRG-003667,ATR-001873,INS-000001,"Deputado federal (titular), legislatura 57",eleito,2023-02-01,,FNT-000003
CRG-003668,ATR-001874,INS-000001,"Deputado federal (titular), legislatura 57",eleito,2023-02-01,2025-01-01,FNT-000003
CRG-003669,ATR-001875,INS-000001,"Deputado federal (titular), legislatura 57",eleito,2023-02-01,,FNT-000003
CRG-003670,ATR-001876,INS-000001,"Deputado federal (titular), legislatura 57",eleito,2023-02-01,,FNT-000003
CRG-003671,ATR-001877,INS-000001,"Deputado federal (titular), legislatura 57",eleito,2023-02-01,,FNT-000003
CRG-003672,ATR-001878,INS-000001,"Deputado federal (titular), legislatura 57",eleito,2023-02-01,,FNT-000003
CRG-003673,ATR-001879,INS-000001,"Deputado federal (titular), legislatura 57",eleito,2023-02-01,,FNT-000003
CRG-003674,ATR-001880,INS-000001,"Deputado federal (titular), legislatura 57",eleito,2023-02-01,2025-01-01,FNT-000003
CRG-003675,ATR-001881,INS-000001,"Deputado federal (titular), legislatura 57",eleito,2023-02-01,,FNT-000003
CRG-003676,ATR-001882,INS-000001,"Deputado federal (titular), legislatura 57",eleito,2023-02-01,,FNT-000003
CRG-003677,ATR-001883,INS-000001,"Deputado federal (titular), legislatura 57",eleito,2023-02-01,2024-05-12,FNT-000003
CRG-003678,ATR-001884,INS-000001,"Deputado federal (titular), legislatura 57",eleito,2023-02-01,,FNT-000003
CRG-003679,ATR-001885,INS-000001,"Deputado federal (titular), legislatura 57",eleito,2023-02-01,,FNT-000003
CRG-003680,ATR-001886,INS-000001,"Deputado federal (titular), legislatura 57",eleito,2023-02-01,,FNT-000003
CRG-003681,ATR-001887,INS-000001,"Deputado federal (titular), legislatura 57",eleito,2023-02-01,2025-07-30,FNT-000003
CRG-003682,ATR-001888,INS-000001,"Deputado federal (titular), legislatura 57",eleito,2023-02-01,2025-01-01,FNT-000003
CRG-003683,ATR-001889,INS-000001,"Deputado federal (titular), legislatura 57",eleito,2023-02-01,,FNT-000003
CRG-003684,ATR-001890,INS-000001,"Deputado federal (titular), legislatura 57",eleito,2023-02-01,,FNT-000003
CRG-003685,ATR-001891,INS-000001,"Deputado federal (titular), legislatura 57",eleito,2023-02-01,,FNT-000003
CRG-003686,ATR-001892,INS-000001,"Deputado federal (titular), legislatura 57",eleito,2023-02-01,,FNT-000003
CRG-003687,ATR-001893,INS-000001,"Deputado federal (titular), legislatura 57",eleito,2023-02-01,,FNT-000003
CRG-003688,ATR-001894,INS-000001,"Deputado federal (titular), legislatura 57",eleito,2023-02-01,,FNT-000003
CRG-003689,ATR-001895,INS-000001,"Deputado federal (titular), legislatura 57",eleito,2023-02-01,,FNT-000003
CRG-003690,ATR-001896,INS-000001,"Deputado federal (titular), legislatura 57",eleito,2023-02-01,,FNT-000003
CRG-003691,ATR-001897,INS-000001,"Deputado federal (titular), legislatura 57",eleito,2023-02-01,,FNT-000003
CRG-003692,ATR-001898,INS-000001,"Deputado federal (titular), legislatura 57",eleito,2023-02-01,,FNT-000003
CRG-003693,ATR-001899,INS-000001,"Deputado federal (titular), legislatura 57",eleito,2023-02-01,,FNT-000003
CRG-003694,ATR-001900,INS-000001,"Deputado federal (titular), legislatura 57",eleito,2023-02-01,,FNT-000003
CRG-003695,ATR-001901,INS-000001,"Deputado federal (titular), legislatura 57",eleito,2023-02-01,,FNT-000003
CRG-003696,ATR-001902,INS-000001,"Deputado federal (titular), legislatura 57",eleito,2023-02-01,,FNT-000003
CRG-003697,ATR-001903,INS-000001,"Deputado federal (titular), legislatura 57",eleito,2023-02-01,2026-05-28,FNT-000003
CRG-003698,ATR-001904,INS-000001,"Deputado federal (titular), legislatura 57",eleito,2023-02-01,,FNT-000003
CRG-003699,ATR-001905,INS-000001,"Deputado federal (titular), legislatura 57",eleito,2023-02-01,,FNT-000003
CRG-003700,ATR-001906,INS-000001,"Deputado federal (titular), legislatura 57",eleito,2023-02-01,2025-12-18,FNT-000003
CRG-003701,ATR-001907,INS-000001,"Deputado federal (titular), legislatura 57",eleito,2023-02-01,,FNT-000003
CRG-003702,ATR-001908,INS-000001,"Deputado federal (titular), legislatura 57",eleito,2023-02-01,,FNT-000003
CRG-003703,ATR-001909,INS-000001,"Deputado federal (titular), legislatura 57",eleito,2023-02-01,,FNT-000003
CRG-003704,ATR-001910,INS-000001,"Deputado federal (titular), legislatura 57",eleito,2023-02-01,,FNT-000003
CRG-003705,ATR-001911,INS-000001,"Deputado federal (titular), legislatura 57",eleito,2023-02-01,,FNT-000003
CRG-003706,ATR-001912,INS-000001,"Deputado federal (titular), legislatura 57",eleito,2023-02-01,,FNT-000003
CRG-003707,ATR-001913,INS-000001,"Deputado federal (titular), legislatura 57",eleito,2023-02-01,,FNT-000003
CRG-003708,ATR-001914,INS-000001,"Deputado federal (titular), legislatura 57",eleito,2023-02-01,2025-01-01,FNT-000003
CRG-003709,ATR-001915,INS-000001,"Deputado federal (titular), legislatura 57",eleito,2023-02-01,,FNT-000003
CRG-003710,ATR-001916,INS-000001,"Deputado federal (titular), legislatura 57",eleito,2023-02-01,,FNT-000003
CRG-003711,ATR-001917,INS-000001,"Deputado federal (titular), legislatura 57",eleito,2023-02-01,,FNT-000003
CRG-003712,ATR-001918,INS-000001,"Deputado federal (titular), legislatura 57",eleito,2023-02-01,,FNT-000003
CRG-003713,ATR-001919,INS-000001,"Deputado federal (titular), legislatura 57",eleito,2023-02-01,,FNT-000003
CRG-003714,ATR-001920,INS-000001,"Deputado federal (titular), legislatura 57",eleito,2023-02-01,,FNT-000003
CRG-003715,ATR-001921,INS-000001,"Deputado federal (titular), legislatura 57",eleito,2023-02-01,2023-11-30,FNT-000003
CRG-003716,ATR-001922,INS-000001,"Deputado federal (titular), legislatura 57",eleito,2023-02-01,,FNT-000003
CRG-003717,ATR-001923,INS-000001,"Deputado federal (titular), legislatura 57",eleito,2023-02-01,2025-02-03,FNT-000003
CRG-003718,ATR-001924,INS-000001,"Deputado federal (titular), legislatura 57",eleito,2023-02-01,,FNT-000003
CRG-003719,ATR-001925,INS-000001,"Deputado federal (titular), legislatura 57",eleito,2023-02-01,,FNT-000003
CRG-003720,ATR-001926,INS-000001,"Deputado federal (titular), legislatura 57",eleito,2023-02-01,2025-10-29,FNT-000003
CRG-003721,ATR-001927,INS-000001,"Deputado federal (titular), legislatura 57",eleito,2023-02-01,,FNT-000003
CRG-003722,ATR-001928,INS-000001,"Deputado federal (titular), legislatura 57",eleito,2023-02-01,,FNT-000003
CRG-003723,ATR-001929,INS-000001,"Deputado federal (titular), legislatura 57",eleito,2023-02-01,,FNT-000003
CRG-003724,ATR-001930,INS-000001,"Deputado federal (titular), legislatura 57",eleito,2023-02-01,,FNT-000003
CRG-003725,ATR-001931,INS-000001,"Deputado federal (titular), legislatura 57",eleito,2023-02-01,,FNT-000003
CRG-003726,ATR-001932,INS-000001,"Deputado federal (titular), legislatura 57",eleito,2023-02-01,,FNT-000003
CRG-003727,ATR-001933,INS-000001,"Deputado federal (titular), legislatura 57",eleito,2023-02-01,,FNT-000003
CRG-003728,ATR-001934,INS-000001,"Deputado federal (titular), legislatura 57",eleito,2023-02-01,,FNT-000003
CRG-003729,ATR-001935,INS-000001,"Deputado federal (titular), legislatura 57",eleito,2023-02-01,,FNT-000003
CRG-003730,ATR-001936,INS-000001,"Deputado federal (titular), legislatura 57",eleito,2023-02-01,,FNT-000003
CRG-003731,ATR-001937,INS-000001,"Deputado federal (titular), legislatura 57",eleito,2023-02-01,,FNT-000003
CRG-003732,ATR-001938,INS-000001,"Deputado federal (titular), legislatura 57",eleito,2023-02-01,,FNT-000003
CRG-003733,ATR-001939,INS-000001,"Deputado federal (titular), legislatura 57",eleito,2023-02-01,,FNT-000003
CRG-003734,ATR-001940,INS-000001,"Deputado federal (titular), legislatura 57",eleito,2023-02-01,,FNT-000003
CRG-003735,ATR-001941,INS-000001,"Deputado federal (titular), legislatura 57",eleito,2023-02-01,,FNT-000003
CRG-003736,ATR-001942,INS-000001,"Deputado federal (titular), legislatura 57",eleito,2023-02-01,,FNT-000003
CRG-003737,ATR-001943,INS-000001,"Deputado federal (titular), legislatura 57",eleito,2023-02-01,,FNT-000003
CRG-003738,ATR-001944,INS-000001,"Deputado federal (titular), legislatura 57",eleito,2023-02-01,,FNT-000003
CRG-003739,ATR-001945,INS-000001,"Deputado federal (titular), legislatura 57",eleito,2023-02-01,,FNT-000003
CRG-003740,ATR-001946,INS-000001,"Deputado federal (titular), legislatura 57",eleito,2023-02-01,2026-07-09,FNT-000003
CRG-003741,ATR-001947,INS-000001,"Deputado federal (titular), legislatura 57",eleito,2023-02-01,,FNT-000003
CRG-003742,ATR-001948,INS-000001,"Deputado federal (titular), legislatura 57",eleito,2023-02-01,,FNT-000003
CRG-003743,ATR-001949,INS-000001,"Deputado federal (titular), legislatura 57",eleito,2023-02-01,,FNT-000003
CRG-003744,ATR-001950,INS-000001,"Deputado federal (titular), legislatura 57",eleito,2023-02-01,,FNT-000003
CRG-003745,ATR-001951,INS-000001,"Deputado federal (titular), legislatura 57",eleito,2023-02-01,,FNT-000003
CRG-003746,ATR-001952,INS-000001,"Deputado federal (titular), legislatura 57",eleito,2023-02-01,,FNT-000003
CRG-003747,ATR-001953,INS-000001,"Deputado federal (titular), legislatura 57",eleito,2023-02-01,,FNT-000003
CRG-003748,ATR-001954,INS-000001,"Deputado federal (titular), legislatura 57",eleito,2023-02-01,,FNT-000003
CRG-003749,ATR-001955,INS-000001,"Deputado federal (titular), legislatura 57",eleito,2023-02-01,,FNT-000003
CRG-003750,ATR-001956,INS-000001,"Deputado federal (titular), legislatura 57",eleito,2023-02-01,,FNT-000003
CRG-003751,ATR-001957,INS-000001,"Deputado federal (titular), legislatura 57",eleito,2023-02-01,,FNT-000003
CRG-003752,ATR-001958,INS-000001,"Deputado federal (titular), legislatura 57",eleito,2023-02-01,,FNT-000003
CRG-003753,ATR-001959,INS-000001,"Deputado federal (titular), legislatura 57",eleito,2023-02-01,,FNT-000003
CRG-003754,ATR-001960,INS-000001,"Deputado federal (titular), legislatura 57",eleito,2023-02-01,,FNT-000003
CRG-003755,ATR-001961,INS-000001,"Deputado federal (titular), legislatura 57",eleito,2023-02-01,,FNT-000003
CRG-003756,ATR-001962,INS-000001,"Deputado federal (titular), legislatura 57",eleito,2023-02-01,,FNT-000003
CRG-003757,ATR-001963,INS-000001,"Deputado federal (titular), legislatura 57",eleito,2023-02-01,,FNT-000003
CRG-003758,ATR-001964,INS-000001,"Deputado federal (titular), legislatura 57",eleito,2023-02-01,,FNT-000003
CRG-003759,ATR-001965,INS-000001,"Deputado federal (titular), legislatura 57",eleito,2023-02-01,,FNT-000003
CRG-003760,ATR-001966,INS-000001,"Deputado federal (titular), legislatura 57",eleito,2023-02-01,,FNT-000003
CRG-003761,ATR-001967,INS-000001,"Deputado federal (titular), legislatura 57",eleito,2023-02-01,,FNT-000003
CRG-003762,ATR-001968,INS-000001,"Deputado federal (titular), legislatura 57",eleito,2023-02-01,,FNT-000003
CRG-003763,ATR-001969,INS-000001,"Deputado federal (titular), legislatura 57",eleito,2023-02-01,,FNT-000003
CRG-003764,ATR-001970,INS-000001,"Deputado federal (titular), legislatura 57",eleito,2023-02-01,,FNT-000003
CRG-003765,ATR-001971,INS-000001,"Deputado federal (titular), legislatura 57",eleito,2023-02-01,,FNT-000003
CRG-003766,ATR-001972,INS-000001,"Deputado federal (titular), legislatura 57",eleito,2023-02-01,,FNT-000003
CRG-003767,ATR-001973,INS-000001,"Deputado federal (titular), legislatura 57",eleito,2023-02-01,,FNT-000003
CRG-003768,ATR-001974,INS-000001,"Deputado federal (titular), legislatura 57",eleito,2023-02-01,,FNT-000003
CRG-003769,ATR-001975,INS-000001,"Deputado federal (titular), legislatura 57",eleito,2023-02-01,,FNT-000003
CRG-003770,ATR-001976,INS-000001,"Deputado federal (titular), legislatura 57",eleito,2023-02-01,,FNT-000003
CRG-003771,ATR-001977,INS-000001,"Deputado federal (titular), legislatura 57",eleito,2023-02-01,,FNT-000003
CRG-003772,ATR-001978,INS-000001,"Deputado federal (titular), legislatura 57",eleito,2023-02-01,,FNT-000003
CRG-003773,ATR-001979,INS-000001,"Deputado federal (titular), legislatura 57",eleito,2023-02-01,,FNT-000003
CRG-003774,ATR-001980,INS-000001,"Deputado federal (titular), legislatura 57",eleito,2023-02-01,,FNT-000003
CRG-003775,ATR-001981,INS-000001,"Deputado federal (titular), legislatura 57",eleito,2023-02-01,,FNT-000003
CRG-003776,ATR-001982,INS-000001,"Deputado federal (titular), legislatura 57",eleito,2023-02-01,,FNT-000003
CRG-003777,ATR-001983,INS-000001,"Deputado federal (titular), legislatura 57",eleito,2023-02-01,,FNT-000003
CRG-003778,ATR-001984,INS-000001,"Deputado federal (titular), legislatura 57",eleito,2023-02-01,,FNT-000003
CRG-003779,ATR-001985,INS-000001,"Deputado federal (titular), legislatura 57",eleito,2023-02-01,,FNT-000003
CRG-003780,ATR-001986,INS-000001,"Deputado federal (titular), legislatura 57",eleito,2023-02-01,,FNT-000003
CRG-003781,ATR-001987,INS-000001,"Deputado federal (titular), legislatura 57",eleito,2023-02-01,,FNT-000003
CRG-003782,ATR-001988,INS-000001,"Deputado federal (titular), legislatura 57",eleito,2023-02-01,,FNT-000003
CRG-003783,ATR-001989,INS-000001,"Deputado federal (titular), legislatura 57",eleito,2023-02-01,2023-06-06,FNT-000003
CRG-003784,ATR-001990,INS-000001,"Deputado federal (titular), legislatura 57",eleito,2023-02-01,2026-06-09,FNT-000003
CRG-003785,ATR-001991,INS-000001,"Deputado federal (titular), legislatura 57",eleito,2023-02-01,,FNT-000003
CRG-003786,ATR-001992,INS-000001,"Deputado federal (titular), legislatura 57",eleito,2023-02-01,,FNT-000003
CRG-003787,ATR-001993,INS-000001,"Deputado federal (titular), legislatura 57",eleito,2023-02-01,,FNT-000003
CRG-003788,ATR-001994,INS-000001,"Deputado federal (titular), legislatura 57",eleito,2023-02-01,,FNT-000003
CRG-003789,ATR-001995,INS-000001,"Deputado federal (titular), legislatura 57",eleito,2023-02-01,,FNT-000003
CRG-003790,ATR-001996,INS-000001,"Deputado federal (titular), legislatura 57",eleito,2023-02-01,,FNT-000003
CRG-003791,ATR-001997,INS-000001,"Deputado federal (suplente), legislatura 56",eleito,2023-01-01,2023-01-31,FNT-000003
CRG-003792,ATR-001998,INS-000001,"Deputado federal (suplente), legislatura 56",eleito,2023-01-01,2023-01-31,FNT-000003
CRG-003793,ATR-001998,INS-000001,"Deputado federal (suplente), legislatura 57",eleito,2023-02-07,,FNT-000003
CRG-003794,ATR-001999,INS-000001,"Deputado federal (suplente), legislatura 56",eleito,2023-01-01,2023-01-31,FNT-000003
CRG-003795,ATR-002000,INS-000001,"Deputado federal (suplente), legislatura 56",eleito,2023-01-02,2023-01-31,FNT-000003
CRG-003796,ATR-002001,INS-000001,"Deputado federal (suplente), legislatura 56",eleito,2023-01-06,2023-01-31,FNT-000003
CRG-003797,ATR-002002,INS-000001,"Deputado federal (suplente), legislatura 57",eleito,2023-02-02,,FNT-000003
CRG-003798,ATR-002003,INS-000001,"Deputado federal (suplente), legislatura 57",eleito,2023-02-03,,FNT-000003
CRG-003799,ATR-002004,INS-000001,"Deputado federal (suplente), legislatura 57",eleito,2023-02-03,,FNT-000003
CRG-003800,ATR-002005,INS-000001,"Deputado federal (suplente), legislatura 57",eleito,2023-02-03,2025-01-01,FNT-000003
CRG-003801,ATR-002006,INS-000001,"Deputado federal (suplente), legislatura 57",eleito,2023-02-03,2025-01-14,FNT-000003
CRG-003802,ATR-002007,INS-000001,"Deputado federal (suplente), legislatura 57",eleito,2023-02-08,2024-08-01,FNT-000003
CRG-003803,ATR-002008,INS-000001,"Deputado federal (suplente), legislatura 57",eleito,2023-02-08,2026-03-25,FNT-000003
CRG-003804,ATR-002009,INS-000001,"Deputado federal (suplente), legislatura 57",eleito,2026-02-11,2026-04-03,FNT-000003
CRG-003805,ATR-002010,INS-000001,"Deputado federal (suplente), legislatura 57",eleito,2023-02-15,2026-04-06,FNT-000003
CRG-003806,ATR-002011,INS-000001,"Deputado federal (suplente), legislatura 57",eleito,2024-03-12,2024-07-06,FNT-000003
CRG-003807,ATR-002012,INS-000001,"Deputado federal, legislatura 57",eleito,2023-03-08,,FNT-000003
CRG-003808,ATR-002013,INS-000001,"Deputado federal, legislatura 57",eleito,2023-03-14,,FNT-000003
CRG-003809,ATR-002014,INS-000001,"Deputado federal (suplente), legislatura 57",eleito,2023-05-23,2026-03-31,FNT-000003
CRG-003810,ATR-002015,INS-000001,"Deputado federal (suplente), legislatura 57",eleito,2023-05-30,2024-05-27,FNT-000003
CRG-003811,ATR-002016,INS-000001,"Deputado federal (suplente), legislatura 57",eleito,2023-05-31,2026-03-27,FNT-000003
CRG-003812,ATR-002017,INS-000001,"Deputado federal (suplente), legislatura 57",eleito,2026-05-05,,FNT-000003
CRG-003813,ATR-002018,INS-000001,"Deputado federal (suplente), legislatura 57",eleito,2023-06-30,,FNT-000003
CRG-003814,ATR-002019,INS-000001,"Deputado federal (suplente), legislatura 57",eleito,2023-07-07,2026-04-06,FNT-000003
CRG-003815,ATR-002020,INS-000001,"Deputado federal (suplente), legislatura 57",eleito,2023-08-08,2023-12-06,FNT-000003
CRG-003816,ATR-002021,INS-000001,"Deputado federal (suplente), legislatura 57",eleito,2023-08-22,2024-03-13,FNT-000003
CRG-003817,ATR-002022,INS-000001,"Deputado federal (suplente), legislatura 57",eleito,2023-09-13,2026-03-31,FNT-000003
CRG-003818,ATR-002023,INS-000001,"Deputado federal, legislatura 57",eleito,2023-10-03,,FNT-000003
CRG-003819,ATR-002024,INS-000001,"Deputado federal (suplente), legislatura 57",eleito,2023-11-30,2024-03-30,FNT-000003
CRG-003820,ATR-002025,INS-000001,"Deputado federal (suplente), legislatura 57",eleito,2023-12-05,2026-06-11,FNT-000003
CRG-003821,ATR-002026,INS-000001,"Deputado federal (suplente), legislatura 57",eleito,2023-12-06,2024-04-04,FNT-000003
CRG-003822,ATR-002027,INS-000001,"Deputado federal (suplente), legislatura 57",eleito,2023-12-06,2024-04-04,FNT-000003
CRG-003823,ATR-002028,INS-000001,"Deputado federal (suplente), legislatura 57",eleito,2023-12-12,2025-10-30,FNT-000003
CRG-003824,ATR-002029,INS-000001,"Deputado federal (suplente), legislatura 57",eleito,2023-12-14,2024-04-12,FNT-000003
CRG-003825,ATR-002030,INS-000001,"Deputado federal (suplente), legislatura 57",eleito,2023-12-20,2026-03-16,FNT-000003
CRG-003826,ATR-002031,INS-000001,"Deputado federal (suplente), legislatura 57",eleito,2024-02-06,2025-07-21,FNT-000003
CRG-003827,ATR-002032,INS-000001,"Deputado federal (suplente), legislatura 57",eleito,2024-02-27,2026-03-25,FNT-000003
CRG-003828,ATR-002033,INS-000001,"Deputado federal (suplente), legislatura 57",eleito,2024-05-07,,FNT-000003
CRG-003829,ATR-002034,INS-000001,"Deputado federal (suplente), legislatura 57",eleito,2024-03-13,2024-03-27,FNT-000003
CRG-003830,ATR-002035,INS-000001,"Deputado federal (suplente), legislatura 57",eleito,2024-04-09,2024-08-07,FNT-000003
CRG-003831,ATR-002036,INS-000001,"Deputado federal (suplente), legislatura 57",eleito,2024-05-07,2024-09-04,FNT-000003
CRG-003832,ATR-002037,INS-000001,"Deputado federal (suplente), legislatura 57",eleito,2024-05-22,2024-10-10,FNT-000003
CRG-003833,ATR-002038,INS-000001,"Deputado federal (suplente), legislatura 57",eleito,2024-05-27,2024-09-27,FNT-000003
CRG-003834,ATR-002039,INS-000001,"Deputado federal (suplente), legislatura 57",eleito,2024-06-11,2026-06-16,FNT-000003
CRG-003835,ATR-002040,INS-000001,"Deputado federal (suplente), legislatura 57",eleito,2024-06-18,2024-10-13,FNT-000003
CRG-003836,ATR-002041,INS-000001,"Deputado federal (suplente), legislatura 57",eleito,2024-06-18,2024-10-16,FNT-000003
CRG-003837,ATR-002042,INS-000001,"Deputado federal (suplente), legislatura 57",eleito,2024-06-26,2024-10-17,FNT-000003
CRG-003838,ATR-002043,INS-000001,"Deputado federal (suplente), legislatura 57",eleito,2024-06-20,2024-10-18,FNT-000003
CRG-003839,ATR-002044,INS-000001,"Deputado federal (suplente), legislatura 57",eleito,2024-07-03,2024-11-01,FNT-000003
CRG-003840,ATR-002045,INS-000001,"Deputado federal (suplente), legislatura 57",eleito,2024-07-08,2024-11-02,FNT-000003
CRG-003841,ATR-002046,INS-000001,"Deputado federal (suplente), legislatura 57",eleito,2024-07-09,2024-11-08,FNT-000003
CRG-003842,ATR-002047,INS-000001,"Deputado federal (suplente), legislatura 57",eleito,2024-07-16,2026-02-03,FNT-000003
CRG-003843,ATR-002048,INS-000001,"Deputado federal (suplente), legislatura 57",eleito,2024-07-24,2026-04-01,FNT-000003
CRG-003844,ATR-002049,INS-000001,"Deputado federal (suplente), legislatura 57",eleito,2024-08-28,2026-06-10,FNT-000003
CRG-003845,ATR-002050,INS-000001,"Deputado federal (suplente), legislatura 57",eleito,2024-09-16,2025-12-29,FNT-000003
CRG-003846,ATR-002051,INS-000001,"Deputado federal (suplente), legislatura 57",eleito,2024-09-23,2025-12-29,FNT-000003
CRG-003847,ATR-002052,INS-000001,"Deputado federal (suplente), legislatura 57",eleito,2025-01-01,2025-12-19,FNT-000003
CRG-003848,ATR-002053,INS-000001,"Deputado federal (suplente), legislatura 57",eleito,2025-01-01,2025-04-09,FNT-000003
CRG-003849,ATR-002054,INS-000001,"Deputado federal, legislatura 57",eleito,2025-01-01,,FNT-000003
CRG-003850,ATR-002055,INS-000001,"Deputado federal, legislatura 57",eleito,2025-01-01,,FNT-000003
CRG-003851,ATR-002056,INS-000001,"Deputado federal, legislatura 57",eleito,2024-12-31,,FNT-000003
CRG-003852,ATR-002057,INS-000001,"Deputado federal, legislatura 57",eleito,2025-01-07,,FNT-000003
CRG-003853,ATR-002058,INS-000001,"Deputado federal (suplente), legislatura 57",eleito,2025-03-11,2026-04-06,FNT-000003
CRG-003854,ATR-002059,INS-000001,"Deputado federal (suplente), legislatura 57",eleito,2025-06-16,2025-10-11,FNT-000003
CRG-003855,ATR-002060,INS-000001,"Deputado federal (titular), legislatura 57",eleito,2025-08-01,,FNT-000003
CRG-003856,ATR-002061,INS-000001,"Deputado federal (titular), legislatura 57",eleito,2025-07-31,,FNT-000003
CRG-003857,ATR-002062,INS-000001,"Deputado federal (suplente), legislatura 57",eleito,2025-08-05,2025-12-03,FNT-000003
CRG-003858,ATR-002063,INS-000001,"Deputado federal (suplente), legislatura 57",eleito,2025-11-12,2026-03-31,FNT-000003
CRG-003859,ATR-002064,INS-000001,"Deputado federal (suplente), legislatura 57",eleito,2025-10-29,2026-03-31,FNT-000003
CRG-003860,ATR-002065,INS-000001,"Deputado federal (suplente), legislatura 57",eleito,2025-10-30,2026-02-28,FNT-000003
CRG-003861,ATR-002066,INS-000001,"Deputado federal (suplente), legislatura 57",eleito,2025-11-04,2026-02-04,FNT-000003
CRG-003862,ATR-002067,INS-000001,"Deputado federal (suplente), legislatura 57",eleito,2025-12-02,2026-06-03,FNT-000003
CRG-003863,ATR-002068,INS-000001,"Deputado federal (suplente), legislatura 57",eleito,2025-12-16,2026-06-12,FNT-000003
CRG-003864,ATR-002069,INS-000001,"Deputado federal (suplente), legislatura 57",eleito,2025-12-18,2026-03-04,FNT-000003
CRG-003865,ATR-002070,INS-000001,"Deputado federal (suplente), legislatura 57",eleito,2026-02-05,2026-06-06,FNT-000003
CRG-003866,ATR-002071,INS-000001,"Deputado federal (suplente), legislatura 57",eleito,2026-03-25,2026-07-25,FNT-000003
CRG-003867,ATR-002072,INS-000001,"Deputado federal (suplente), legislatura 57",eleito,2026-04-01,2026-07-31,FNT-000003
CRG-003868,ATR-002073,INS-000001,"Deputado federal (suplente), legislatura 57",eleito,2026-04-07,2026-08-06,FNT-000003
CRG-003869,ATR-002074,INS-000001,"Deputado federal (suplente), legislatura 57",eleito,2026-04-08,,FNT-000003
CRG-003870,ATR-002075,INS-000001,"Deputado federal (suplente), legislatura 57",eleito,2026-04-14,2026-08-12,FNT-000003
CRG-003871,ATR-002076,INS-000001,"Deputado federal, legislatura 57",eleito,2026-05-20,2026-09-14,FNT-000003
CRG-003872,ATR-002077,INS-000001,"Deputado federal (suplente), legislatura 57",eleito,2026-05-28,,FNT-000003
CRG-003873,ATR-002078,INS-000001,"Deputado federal (suplente), legislatura 57",eleito,2026-06-10,,FNT-000003
CRG-003874,ATR-002079,INS-000001,"Deputado federal (suplente), legislatura 57",eleito,2026-06-10,,FNT-000003
CRG-003875,ATR-002080,INS-000002,Senador (2º suplente),eleito,2003-02-01,2011-01-31,FNT-000005
CRG-003876,ATR-002081,INS-000002,Senador (1º suplente),eleito,2003-02-01,2011-01-31,FNT-000005
CRG-003877,ATR-002082,INS-000002,Senador (1º suplente),eleito,2003-02-01,2011-01-31,FNT-000005
CRG-003878,ATR-002083,INS-000002,Senador (2º suplente),eleito,1999-02-01,2007-01-31,FNT-000005
CRG-003879,ATR-000803,INS-000002,Senador (1º suplente),eleito,1999-02-01,2007-01-31,FNT-000005
CRG-003880,ATR-002084,INS-000002,Senador (1º suplente),eleito,1999-02-01,2007-01-31,FNT-000005
CRG-003881,ATR-002085,INS-000002,Senador (2º suplente),eleito,2003-02-01,2011-01-31,FNT-000005
CRG-003882,ATR-000407,INS-000002,Senador (titular),eleito,1999-02-01,2007-01-31,FNT-000005
CRG-003883,ATR-002086,INS-000002,Senador (2º suplente),eleito,2003-02-01,2011-01-31,FNT-000005
CRG-003884,ATR-002087,INS-000002,Senador (1º suplente),eleito,2003-02-01,2011-01-31,FNT-000005
CRG-003885,ATR-002087,INS-000002,Senador (1º suplente),eleito,2019-02-01,,FNT-000005
CRG-003886,ATR-001175,INS-000002,Senador (titular),eleito,2003-02-01,2011-01-31,FNT-000005
CRG-003887,ATR-002088,INS-000002,Senador (titular),eleito,2003-02-01,2011-01-31,FNT-000005
CRG-003888,ATR-002089,INS-000002,Senador (titular),eleito,1999-02-01,2007-01-31,FNT-000005
CRG-003889,ATR-002089,INS-000002,Senador (titular),eleito,2007-02-01,2015-01-31,FNT-000005
CRG-003890,ATR-002089,INS-000002,Senador (titular),eleito,2015-02-01,2023-01-31,FNT-000005
CRG-003891,ATR-001292,INS-000002,Senador (titular),eleito,1999-02-01,2007-01-31,FNT-000005
CRG-003892,ATR-002090,INS-000002,Senador (titular),eleito,2003-02-01,2011-01-31,FNT-000005
CRG-003893,ATR-002091,INS-000002,Senador (2º suplente),eleito,2003-02-01,2011-01-31,FNT-000005
CRG-003894,ATR-002092,INS-000002,Senador (1º suplente),eleito,1999-02-01,2007-01-31,FNT-000005
CRG-003895,ATR-002093,INS-000002,Senador (titular),eleito,1999-02-01,2007-01-31,FNT-000005
CRG-003896,ATR-002094,INS-000002,Senador (1º suplente),eleito,2003-02-01,2011-01-31,FNT-000005
CRG-003897,ATR-002095,INS-000002,Senador (titular),eleito,2003-02-01,2011-01-31,FNT-000005
CRG-003898,ATR-002096,INS-000002,Senador (titular),eleito,2003-02-01,2011-01-31,FNT-000005
CRG-003899,ATR-002096,INS-000002,Senador (titular),eleito,2011-02-01,2019-01-31,FNT-000005
CRG-003900,ATR-002097,INS-000002,Senador (1º suplente),eleito,2003-02-01,2011-01-31,FNT-000005
CRG-003901,ATR-002098,INS-000002,Senador (2º suplente),eleito,2003-02-01,2011-01-31,FNT-000005
CRG-003902,ATR-002099,INS-000002,Senador (1º suplente),eleito,2003-02-01,2011-01-31,FNT-000005
CRG-003903,ATR-002100,INS-000002,Senador (2º suplente),eleito,2003-02-01,2011-01-31,FNT-000005
CRG-003904,ATR-002101,INS-000002,Senador (2º suplente),eleito,1999-02-01,2007-01-31,FNT-000005
CRG-003905,ATR-002102,INS-000002,Senador (2º suplente),eleito,1999-02-01,2007-01-31,FNT-000005
CRG-003906,ATR-002103,INS-000002,Senador (titular),eleito,2003-02-01,2011-01-31,FNT-000005
CRG-003907,ATR-002104,INS-000002,Senador (2º suplente),eleito,2003-02-01,2011-01-31,FNT-000005
CRG-003908,ATR-002105,INS-000002,Senador (titular),eleito,2003-02-01,2011-01-31,FNT-000005
CRG-003909,ATR-002106,INS-000002,Senador (1º suplente),eleito,2003-02-01,2011-01-31,FNT-000005
CRG-003910,ATR-002107,INS-000002,Senador (1º suplente),eleito,1999-02-01,2007-01-31,FNT-000005
CRG-003911,ATR-002108,INS-000002,Senador (2º suplente),eleito,2003-02-01,2011-01-31,FNT-000005
CRG-003912,ATR-002109,INS-000002,Senador (2º suplente),eleito,2003-02-01,2011-01-31,FNT-000005
CRG-003913,ATR-002110,INS-000002,Senador (1º suplente),eleito,1999-02-01,2007-01-31,FNT-000005
CRG-003914,ATR-002111,INS-000002,Senador (2º suplente),eleito,1999-02-01,2007-01-31,FNT-000005
CRG-003915,ATR-002112,INS-000002,Senador (1º suplente),eleito,2003-02-01,2011-01-31,FNT-000005
CRG-003916,ATR-002112,INS-000002,Senador (1º suplente),eleito,2015-02-01,2023-01-31,FNT-000005
CRG-003917,ATR-002113,INS-000002,Senador (1º suplente),eleito,2003-02-01,2011-01-31,FNT-000005
CRG-003918,ATR-002114,INS-000002,Senador (titular),eleito,2003-02-01,2011-01-31,FNT-000005
CRG-003919,ATR-002114,INS-000002,Senador (titular),eleito,2011-02-01,2019-01-31,FNT-000005
CRG-003920,ATR-002115,INS-000002,Senador (titular),eleito,2003-02-01,2011-01-31,FNT-000005
CRG-003921,ATR-002116,INS-000002,Senador (1º suplente),eleito,2003-02-01,2011-01-31,FNT-000005
CRG-003922,ATR-002117,INS-000002,Senador (2º suplente),eleito,2003-02-01,2011-01-31,FNT-000005
CRG-003923,ATR-002118,INS-000002,Senador (titular),eleito,2003-02-01,2011-01-31,FNT-000005
CRG-003924,ATR-002118,INS-000002,Senador (titular),eleito,2011-02-01,2019-01-31,FNT-000005
CRG-003925,ATR-002119,INS-000002,Senador (titular),eleito,2003-02-01,2011-01-31,FNT-000005
CRG-003926,ATR-002119,INS-000002,Senador (titular),eleito,2011-02-01,2019-01-31,FNT-000005
CRG-003927,ATR-002120,INS-000002,Senador (1º suplente),eleito,2003-02-01,2011-01-31,FNT-000005
CRG-003928,ATR-002121,INS-000002,Senador (titular),eleito,2003-02-01,2011-01-31,FNT-000005
CRG-003929,ATR-002122,INS-000002,Senador (2º suplente),eleito,2003-02-01,2011-01-31,FNT-000005
CRG-003930,ATR-002123,INS-000002,Senador (titular),eleito,2003-02-01,2011-01-31,FNT-000005
CRG-003931,ATR-002123,INS-000002,Senador (titular),eleito,2011-02-01,2019-01-31,FNT-000005
CRG-003932,ATR-002124,INS-000002,Senador (2º suplente),eleito,2003-02-01,2011-01-31,FNT-000005
CRG-003933,ATR-001196,INS-000002,Senador (titular),eleito,2003-02-01,2011-01-31,FNT-000005
CRG-003934,ATR-002125,INS-000002,Senador (2º suplente),eleito,2003-02-01,2011-01-31,FNT-000005
CRG-003935,ATR-002126,INS-000002,Senador (titular),eleito,1999-02-01,2007-01-31,FNT-000005
CRG-003936,ATR-002127,INS-000002,Senador (titular),eleito,1999-02-01,2007-01-31,FNT-000005
CRG-003937,ATR-002127,INS-000002,Senador (titular),eleito,2007-02-01,2015-01-31,FNT-000005
CRG-003938,ATR-002128,INS-000002,Senador (titular),eleito,2003-02-01,2011-01-31,FNT-000005
CRG-003939,ATR-002129,INS-000002,Senador (2º suplente),eleito,1999-02-01,2007-01-31,FNT-000005
CRG-003940,ATR-002130,INS-000002,Senador (1º suplente),eleito,2003-02-01,2011-01-31,FNT-000005
CRG-003941,ATR-002131,INS-000002,Senador (2º suplente),eleito,2003-02-01,2011-01-31,FNT-000005
CRG-003942,ATR-002132,INS-000002,Senador (2º suplente),eleito,2003-02-01,2011-01-31,FNT-000005
CRG-003943,ATR-002133,INS-000002,Senador (1º suplente),eleito,2003-02-01,2011-01-31,FNT-000005
CRG-003944,ATR-002134,INS-000002,Senador (2º suplente),eleito,1999-02-01,2007-01-31,FNT-000005
CRG-003945,ATR-002135,INS-000002,Senador (2º suplente),eleito,2003-02-01,2011-01-31,FNT-000005
CRG-003946,ATR-002136,INS-000002,Senador (titular),eleito,1999-02-01,2007-01-31,FNT-000005
CRG-003947,ATR-002137,INS-000002,Senador (1º suplente),eleito,2003-02-01,2011-01-31,FNT-000005
CRG-003948,ATR-002138,INS-000002,Senador (titular),eleito,2003-02-01,2011-01-31,FNT-000005
CRG-003949,ATR-002138,INS-000002,Senador (titular),eleito,2019-02-01,,FNT-000005
CRG-003950,ATR-002139,INS-000002,Senador (1º suplente),eleito,2003-02-01,2011-01-31,FNT-000005
CRG-003951,ATR-002140,INS-000002,Senador (2º suplente),eleito,2003-02-01,2011-01-31,FNT-000005
CRG-003952,ATR-002141,INS-000002,Senador (1º suplente),eleito,2003-02-01,2011-01-31,FNT-000005
CRG-003953,ATR-002142,INS-000002,Senador (2º suplente),eleito,2003-02-01,2011-01-31,FNT-000005
CRG-003954,ATR-002143,INS-000002,Senador (1º suplente),eleito,2003-02-01,2011-01-31,FNT-000005
CRG-003955,ATR-002144,INS-000002,Senador (2º suplente),eleito,1999-02-01,2007-01-31,FNT-000005
CRG-003956,ATR-002145,INS-000002,Senador (titular),eleito,2003-02-01,2011-01-31,FNT-000005
CRG-003957,ATR-002146,INS-000002,Senador (titular),eleito,2003-02-01,2011-01-31,FNT-000005
CRG-003958,ATR-002146,INS-000002,Senador (titular),eleito,2011-02-01,2019-01-31,FNT-000005
CRG-003959,ATR-002147,INS-000002,Senador (1º suplente),eleito,2003-02-01,2011-01-31,FNT-000005
CRG-003960,ATR-002147,INS-000002,Senador (1º suplente),eleito,2011-02-01,2019-01-31,FNT-000005
CRG-003961,ATR-002148,INS-000002,Senador (titular),eleito,2003-02-01,2011-01-31,FNT-000005
CRG-003962,ATR-002149,INS-000002,Senador (titular),eleito,2003-02-01,2011-01-31,FNT-000005
CRG-003963,ATR-002150,INS-000002,Senador (1º suplente),eleito,2003-02-01,2011-01-31,FNT-000005
CRG-003964,ATR-002151,INS-000002,Senador (titular),eleito,1999-02-01,2007-01-31,FNT-000005
CRG-003965,ATR-002152,INS-000002,Senador (2º suplente),eleito,1999-02-01,2007-01-31,FNT-000005
CRG-003966,ATR-002153,INS-000002,Senador (titular),eleito,2003-02-01,2011-01-31,FNT-000005
CRG-003967,ATR-002153,INS-000002,Senador (titular),eleito,2011-02-01,2019-01-31,FNT-000005
CRG-003968,ATR-002154,INS-000002,Senador (1º suplente),eleito,2003-02-01,2011-01-31,FNT-000005
CRG-003969,ATR-002155,INS-000002,Senador (1º suplente),eleito,2003-02-01,2011-01-31,FNT-000005
CRG-003970,ATR-002156,INS-000002,Senador (titular),eleito,1999-02-01,2007-01-31,FNT-000005
CRG-003971,ATR-002157,INS-000002,Senador (1º suplente),eleito,1999-02-01,2007-01-31,FNT-000005
CRG-003972,ATR-000709,INS-000002,Senador (titular),eleito,2003-02-01,2011-01-31,FNT-000005
CRG-003973,ATR-002158,INS-000002,Senador (1º suplente),eleito,2003-02-01,2011-01-31,FNT-000005
CRG-003974,ATR-002159,INS-000002,Senador (2º suplente),eleito,2003-02-01,2011-01-31,FNT-000005
CRG-003975,ATR-002160,INS-000002,Senador (titular),eleito,2003-02-01,2011-01-31,FNT-000005
CRG-003976,ATR-002161,INS-000002,Senador (titular),eleito,2003-02-01,2011-01-31,FNT-000005
CRG-003977,ATR-001518,INS-000002,Senador (2º suplente),eleito,2003-02-01,2011-01-31,FNT-000005
CRG-003978,ATR-002162,INS-000002,Senador (1º suplente),eleito,2003-02-01,2011-01-31,FNT-000005
CRG-003979,ATR-002163,INS-000002,Senador (titular),eleito,2003-02-01,2011-01-31,FNT-000005
CRG-003980,ATR-002164,INS-000002,Senador (1º suplente),eleito,2003-02-01,2011-01-31,FNT-000005
CRG-003981,ATR-002165,INS-000002,Senador (1º suplente),eleito,2003-02-01,2011-01-31,FNT-000005
CRG-003982,ATR-002166,INS-000002,Senador (titular),eleito,2003-02-01,2011-01-31,FNT-000005
CRG-003983,ATR-002167,INS-000002,Senador (titular),eleito,1999-02-01,2007-01-31,FNT-000005
CRG-003984,ATR-002168,INS-000002,Senador (2º suplente),eleito,2003-02-01,2011-01-31,FNT-000005
CRG-003985,ATR-002169,INS-000002,Senador (2º suplente),eleito,2003-02-01,2011-01-31,FNT-000005
CRG-003986,ATR-002169,INS-000002,Senador (1º suplente),eleito,2015-02-01,2023-01-31,FNT-000005
CRG-003987,ATR-002170,INS-000002,Senador (titular),eleito,2003-02-01,2011-01-31,FNT-000005
CRG-003988,ATR-002170,INS-000002,Senador (titular),eleito,2011-02-01,2019-01-31,FNT-000005
CRG-003989,ATR-002171,INS-000002,Senador (titular),eleito,1999-02-01,2007-01-31,FNT-000005
CRG-003990,ATR-002172,INS-000002,Senador (1º suplente),eleito,2003-02-01,2011-01-31,FNT-000005
CRG-003991,ATR-002173,INS-000002,Senador (1º suplente),eleito,1999-02-01,2007-01-31,FNT-000005
CRG-003992,ATR-002174,INS-000002,Senador (2º suplente),eleito,2003-02-01,2011-01-31,FNT-000005
CRG-003993,ATR-002175,INS-000002,Senador (1º suplente),eleito,2003-02-01,2011-01-31,FNT-000005
CRG-003994,ATR-002176,INS-000002,Senador (titular),eleito,1999-02-01,2007-01-31,FNT-000005
CRG-003995,ATR-002177,INS-000002,Senador (2º suplente),eleito,2003-02-01,2011-01-31,FNT-000005
CRG-003996,ATR-002178,INS-000002,Senador (2º suplente),eleito,1999-02-01,2007-01-31,FNT-000005
CRG-003997,ATR-002179,INS-000002,Senador (titular),eleito,2003-02-01,2011-01-31,FNT-000005
CRG-003998,ATR-002179,INS-000002,Senador (titular),eleito,2015-02-01,2023-01-31,FNT-000005
CRG-003999,ATR-002180,INS-000002,Senador (1º suplente),eleito,2003-02-01,2011-01-31,FNT-000005
CRG-004000,ATR-002181,INS-000002,Senador (1º suplente),eleito,2003-02-01,2011-01-31,FNT-000005
CRG-004001,ATR-002182,INS-000002,Senador (2º suplente),eleito,2003-02-01,2011-01-31,FNT-000005
CRG-004002,ATR-002183,INS-000002,Senador (2º suplente),eleito,2003-02-01,2011-01-31,FNT-000005
CRG-004003,ATR-002184,INS-000002,Senador (1º suplente),eleito,2003-02-01,2011-01-31,FNT-000005
CRG-004004,ATR-002185,INS-000002,Senador (titular),eleito,1999-02-01,2007-01-31,FNT-000005
CRG-004005,ATR-002185,INS-000002,Senador (titular),eleito,2007-02-01,2015-01-31,FNT-000005
CRG-004006,ATR-002186,INS-000002,Senador (2º suplente),eleito,2003-02-01,2011-01-31,FNT-000005
CRG-004007,ATR-002187,INS-000002,Senador (2º suplente),eleito,2003-02-01,2011-01-31,FNT-000005
CRG-004008,ATR-002188,INS-000002,Senador (titular),eleito,1999-02-01,2007-01-31,FNT-000005
CRG-004009,ATR-002188,INS-000002,Senador (titular),eleito,2011-02-01,2019-01-31,FNT-000005
CRG-004010,ATR-002189,INS-000002,Senador (2º suplente),eleito,2003-02-01,2011-01-31,FNT-000005
CRG-004011,ATR-002190,INS-000002,Senador (1º suplente),eleito,1999-02-01,2007-01-31,FNT-000005
CRG-004012,ATR-002191,INS-000002,Senador (titular),eleito,2003-02-01,2011-01-31,FNT-000005
CRG-004013,ATR-002191,INS-000002,Senador (titular),eleito,2011-02-01,2019-01-31,FNT-000005
CRG-004014,ATR-002192,INS-000002,Senador (1º suplente),eleito,2003-02-01,2011-01-31,FNT-000005
CRG-004015,ATR-002192,INS-000002,Senador (1º suplente),eleito,2011-02-01,2019-01-31,FNT-000005
CRG-004016,ATR-002193,INS-000002,Senador (titular),eleito,2003-02-01,2011-01-31,FNT-000005
CRG-004017,ATR-002193,INS-000002,Senador (titular),eleito,2011-02-01,2019-01-31,FNT-000005
CRG-004018,ATR-002194,INS-000002,Senador (1º suplente),eleito,2003-02-01,2011-01-31,FNT-000005
CRG-004019,ATR-002195,INS-000002,Senador (1º suplente),eleito,1999-02-01,2007-01-31,FNT-000005
CRG-004020,ATR-002196,INS-000002,Senador (2º suplente),eleito,2003-02-01,2011-01-31,FNT-000005
CRG-004021,ATR-002197,INS-000002,Senador (titular),eleito,1999-02-01,2007-01-31,FNT-000005
CRG-004022,ATR-000134,INS-000002,Senador (titular),eleito,2003-02-01,2011-01-31,FNT-000005
CRG-004023,ATR-002198,INS-000002,Senador (titular),eleito,2003-02-01,2011-01-31,FNT-000005
CRG-004024,ATR-002199,INS-000002,Senador (1º suplente),eleito,2003-02-01,2011-01-31,FNT-000005
CRG-004025,ATR-002199,INS-000002,Senador (1º suplente),eleito,2011-02-01,2019-01-31,FNT-000005
CRG-004026,ATR-002200,INS-000002,Senador (2º suplente),eleito,2003-02-01,2011-01-31,FNT-000005
CRG-004027,ATR-002201,INS-000002,Senador (titular),eleito,1999-02-01,2007-01-31,FNT-000005
CRG-004028,ATR-002202,INS-000002,Senador (1º suplente),eleito,2003-02-01,2011-01-31,FNT-000005
CRG-004029,ATR-002203,INS-000002,Senador (2º suplente),eleito,2003-02-01,2011-01-31,FNT-000005
CRG-004030,ATR-001238,INS-000002,Senador (titular),eleito,1999-02-01,2007-01-31,FNT-000005
CRG-004031,ATR-002204,INS-000002,Senador (titular),eleito,1999-02-01,2007-01-31,FNT-000005
CRG-004032,ATR-002205,INS-000002,Senador (1º suplente),eleito,1999-02-01,2007-01-31,FNT-000005
CRG-004033,ATR-002206,INS-000002,Senador (2º suplente),eleito,2003-02-01,2011-01-31,FNT-000005
CRG-004034,ATR-002207,INS-000002,Senador (titular),eleito,2003-02-01,2011-01-31,FNT-000005
CRG-004035,ATR-002207,INS-000002,Senador (titular),eleito,2011-02-01,2019-01-31,FNT-000005
CRG-004036,ATR-002208,INS-000002,Senador (titular),eleito,2003-02-01,2011-01-31,FNT-000005
CRG-004037,ATR-002208,INS-000002,Senador (titular),eleito,2011-02-01,2019-01-31,FNT-000005
CRG-004038,ATR-002208,INS-000002,Senador (titular),eleito,2023-02-01,,FNT-000005
CRG-004039,ATR-002209,INS-000002,Senador (titular),eleito,1999-02-01,2007-01-31,FNT-000005
CRG-004040,ATR-002210,INS-000002,Senador (2º suplente),eleito,2003-02-01,2011-01-31,FNT-000005
CRG-004041,ATR-002210,INS-000002,Senador (2º suplente),eleito,2011-02-01,2019-01-31,FNT-000005
CRG-004042,ATR-001886,INS-000002,Senador (titular),eleito,2003-02-01,2011-01-31,FNT-000005
CRG-004043,ATR-001886,INS-000002,Senador (titular),eleito,2011-02-01,2019-01-31,FNT-000005
CRG-004044,ATR-002211,INS-000002,Senador (titular),eleito,2003-02-01,2011-01-31,FNT-000005
CRG-004045,ATR-002212,INS-000002,Senador (1º suplente),eleito,2003-02-01,2011-01-31,FNT-000005
CRG-004046,ATR-002213,INS-000002,Senador (1º suplente),eleito,1999-02-01,2007-01-31,FNT-000005
CRG-004047,ATR-002214,INS-000002,Senador (2º suplente),eleito,2003-02-01,2011-01-31,FNT-000005
CRG-004048,ATR-002215,INS-000002,Senador (2º suplente),eleito,1999-02-01,2007-01-31,FNT-000005
CRG-004049,ATR-002216,INS-000002,Senador (2º suplente),eleito,1999-02-01,2007-01-31,FNT-000005
CRG-004050,ATR-002217,INS-000002,Senador (titular),eleito,1999-02-01,2007-01-31,FNT-000005
CRG-004051,ATR-002217,INS-000002,Senador (titular),eleito,2007-02-01,2015-01-31,FNT-000005
CRG-004052,ATR-002217,INS-000002,Senador (titular),eleito,2015-02-01,2023-01-31,FNT-000005
CRG-004053,ATR-002218,INS-000002,Senador (titular),eleito,2003-02-01,2011-01-31,FNT-000005
CRG-004054,ATR-002219,INS-000002,Senador (2º suplente),eleito,2003-02-01,2011-01-31,FNT-000005
CRG-004055,ATR-002220,INS-000002,Senador (2º suplente),eleito,2003-02-01,2011-01-31,FNT-000005
CRG-004056,ATR-002221,INS-000002,Senador (1º suplente),eleito,2003-02-01,2011-01-31,FNT-000005
CRG-004057,ATR-002221,INS-000002,Senador (2º suplente),eleito,2011-02-01,2019-01-31,FNT-000005
CRG-004058,ATR-002222,INS-000002,Senador (1º suplente),eleito,2003-02-01,2011-01-31,FNT-000005
CRG-004059,ATR-002223,INS-000002,Senador (2º suplente),eleito,2003-02-01,2011-01-31,FNT-000005
CRG-004060,ATR-002224,INS-000002,Senador (2º suplente),eleito,2003-02-01,2011-01-31,FNT-000005
CRG-004061,ATR-002225,INS-000002,Senador (titular),eleito,1999-02-01,2007-01-31,FNT-000005
CRG-004062,ATR-002225,INS-000002,Senador (titular),eleito,2007-02-01,2015-01-31,FNT-000005
CRG-004063,ATR-002226,INS-000002,Senador (2º suplente),eleito,2003-02-01,2011-01-31,FNT-000005
CRG-004064,ATR-002227,INS-000002,Senador (1º suplente),eleito,1999-02-01,2007-01-31,FNT-000005
CRG-004065,ATR-002228,INS-000002,Senador (titular),eleito,2003-02-01,2011-01-31,FNT-000005
CRG-004066,ATR-002229,INS-000002,Senador (2º suplente),eleito,2003-02-01,2011-01-31,FNT-000005
CRG-004067,ATR-002230,INS-000002,Senador (1º suplente),eleito,2003-02-01,2011-01-31,FNT-000005
CRG-004068,ATR-002231,INS-000002,Senador (1º suplente),eleito,2003-02-01,2011-01-31,FNT-000005
CRG-004069,ATR-002232,INS-000002,Senador (1º suplente),eleito,2003-02-01,2011-01-31,FNT-000005
CRG-004070,ATR-002233,INS-000002,Senador (titular),eleito,1999-02-01,2007-01-31,FNT-000005
CRG-004071,ATR-002233,INS-000002,Senador (1º suplente),eleito,2019-02-01,,FNT-000005
CRG-004072,ATR-002234,INS-000002,Senador (1º suplente),eleito,2003-02-01,2011-01-31,FNT-000005
CRG-004073,ATR-002235,INS-000002,Senador (2º suplente),eleito,2003-02-01,2011-01-31,FNT-000005
CRG-004074,ATR-002236,INS-000002,Senador (2º suplente),eleito,2003-02-01,2011-01-31,FNT-000005
CRG-004075,ATR-002237,INS-000002,Senador (1º suplente),eleito,1999-02-01,2007-01-31,FNT-000005
CRG-004076,ATR-002237,INS-000002,Senador (2º suplente),eleito,2007-02-01,2015-01-31,FNT-000005
CRG-004077,ATR-002238,INS-000002,Senador (2º suplente),eleito,2003-02-01,2011-01-31,FNT-000005
CRG-004078,ATR-002239,INS-000002,Senador (1º suplente),eleito,1999-02-01,2007-01-31,FNT-000005
CRG-004079,ATR-002240,INS-000002,Senador (2º suplente),eleito,2003-02-01,2011-01-31,FNT-000005
CRG-004080,ATR-002241,INS-000002,Senador (2º suplente),eleito,2003-02-01,2011-01-31,FNT-000005
CRG-004081,ATR-002242,INS-000002,Senador (titular),eleito,2003-02-01,2011-01-31,FNT-000005
CRG-004082,ATR-002243,INS-000002,Senador (titular),eleito,2003-02-01,2011-01-31,FNT-000005
CRG-004083,ATR-002244,INS-000002,Senador (titular),eleito,2003-02-01,2011-01-31,FNT-000005
CRG-004084,ATR-002245,INS-000002,Senador (2º suplente),eleito,2003-02-01,2011-01-31,FNT-000005
CRG-004085,ATR-002246,INS-000002,Senador (2º suplente),eleito,2003-02-01,2011-01-31,FNT-000005
CRG-004086,ATR-002247,INS-000002,Senador (2º suplente),eleito,1999-02-01,2007-01-31,FNT-000005
CRG-004087,ATR-002248,INS-000002,Senador (titular),eleito,1999-02-01,2007-01-31,FNT-000005
CRG-004088,ATR-002249,INS-000002,Senador (titular),eleito,2003-02-01,2011-01-31,FNT-000005
CRG-004089,ATR-002250,INS-000002,Senador (titular),eleito,2003-02-01,2011-01-31,FNT-000005
CRG-004090,ATR-002250,INS-000002,Senador (titular),eleito,2011-02-01,2019-01-31,FNT-000005
CRG-004091,ATR-002250,INS-000002,Senador (titular),eleito,2019-02-01,,FNT-000005
CRG-004092,ATR-002251,INS-000002,Senador (titular),eleito,1999-02-01,2007-01-31,FNT-000005
CRG-004093,ATR-002252,INS-000002,Senador (titular),eleito,1999-02-01,2007-01-31,FNT-000005
CRG-004094,ATR-002252,INS-000002,Senador (titular),eleito,2007-02-01,2015-01-31,FNT-000005
CRG-004095,ATR-002253,INS-000002,Senador (titular),eleito,2003-02-01,2011-01-31,FNT-000005
CRG-004096,ATR-002254,INS-000002,Senador (1º suplente),eleito,1999-02-01,2007-01-31,FNT-000005
CRG-004097,ATR-002255,INS-000002,Senador (1º suplente),eleito,2003-02-01,2011-01-31,FNT-000005
CRG-004098,ATR-002256,INS-000002,Senador (2º suplente),eleito,2003-02-01,2011-01-31,FNT-000005
CRG-004099,ATR-002257,INS-000002,Senador (titular),eleito,2003-02-01,2011-01-31,FNT-000005
CRG-004100,ATR-002257,INS-000002,Senador (titular),eleito,2011-02-01,2019-01-31,FNT-000005
CRG-004101,ATR-002257,INS-000002,Senador (titular),eleito,2019-02-01,,FNT-000005
CRG-004102,ATR-002258,INS-000002,Senador (1º suplente),eleito,1999-02-01,2007-01-31,FNT-000005
CRG-004103,ATR-002259,INS-000002,Senador (1º suplente),eleito,1999-02-01,2007-01-31,FNT-000005
CRG-004104,ATR-002260,INS-000002,Senador (1º suplente),eleito,2003-02-01,2011-01-31,FNT-000005
CRG-004105,ATR-002261,INS-000002,Senador (1º suplente),eleito,2003-02-01,2011-01-31,FNT-000005
CRG-004106,ATR-002262,INS-000002,Senador (titular),eleito,1999-02-01,2007-01-31,FNT-000005
CRG-004107,ATR-002263,INS-000002,Senador (1º suplente),eleito,1999-02-01,2007-01-31,FNT-000005
CRG-004108,ATR-002264,INS-000002,Senador (1º suplente),eleito,1999-02-01,2007-01-31,FNT-000005
CRG-004109,ATR-002265,INS-000002,Senador (titular),eleito,2003-02-01,2011-01-31,FNT-000005
CRG-004110,ATR-002265,INS-000002,Senador (titular),eleito,2011-02-01,2019-01-31,FNT-000005
CRG-004111,ATR-002266,INS-000002,Senador (titular),eleito,2003-02-01,2011-01-31,FNT-000005
CRG-004112,ATR-000156,INS-000002,Senador (titular),eleito,2003-02-01,2011-01-31,FNT-000005
CRG-004113,ATR-002267,INS-000002,Senador (1º suplente),eleito,2003-02-01,2011-01-31,FNT-000005
CRG-004114,ATR-002268,INS-000002,Senador (2º suplente),eleito,2003-02-01,2011-01-31,FNT-000005
CRG-004115,ATR-002268,INS-000002,Senador (2º suplente),eleito,2011-02-01,2019-01-31,FNT-000005
CRG-004116,ATR-002269,INS-000002,Senador (1º suplente),eleito,2003-02-01,2011-01-31,FNT-000005
CRG-004117,ATR-002270,INS-000002,Senador (1º suplente),eleito,2003-02-01,2011-01-31,FNT-000005
CRG-004118,ATR-002271,INS-000002,Senador (2º suplente),eleito,1999-02-01,2007-01-31,FNT-000005
CRG-004119,ATR-002272,INS-000002,Senador (2º suplente),eleito,2003-02-01,2011-01-31,FNT-000005
CRG-004120,ATR-000491,INS-000002,Senador (titular),eleito,2003-02-01,2011-01-31,FNT-000005
CRG-004121,ATR-002273,INS-000002,Senador (titular),eleito,2003-02-01,2011-01-31,FNT-000005
CRG-004122,ATR-002274,INS-000002,Senador (1º suplente),eleito,1999-02-01,2007-01-31,FNT-000005
CRG-004123,ATR-002275,INS-000002,Senador (2º suplente),eleito,2003-02-01,2011-01-31,FNT-000005
CRG-004124,ATR-001162,INS-000002,Senador (1º suplente),eleito,2003-02-01,2011-01-31,FNT-000005
CRG-004125,ATR-002276,INS-000002,Senador (titular),eleito,2003-02-01,2011-01-31,FNT-000005
CRG-004126,ATR-002277,INS-000002,Senador (titular),eleito,2003-02-01,2011-01-31,FNT-000005
CRG-004127,ATR-002278,INS-000002,Senador (titular),eleito,2003-02-01,2011-01-31,FNT-000005
CRG-004128,ATR-002278,INS-000002,Senador (titular),eleito,2015-02-01,2023-01-31,FNT-000005
CRG-004129,ATR-002279,INS-000002,Senador (2º suplente),eleito,1999-02-01,2007-01-31,FNT-000005
CRG-004130,ATR-002280,INS-000002,Senador (titular),eleito,2003-02-01,2011-01-31,FNT-000005
CRG-004131,ATR-002281,INS-000002,Senador (1º suplente),eleito,1999-02-01,2007-01-31,FNT-000005
CRG-004132,ATR-002282,INS-000002,Senador (titular),eleito,1999-02-01,2007-01-31,FNT-000005
CRG-004133,ATR-002282,INS-000002,Senador (titular),eleito,2007-02-01,2015-01-31,FNT-000005
CRG-004134,ATR-002283,INS-000002,Senador (1º suplente),eleito,2003-02-01,2011-01-31,FNT-000005
CRG-004135,ATR-002283,INS-000002,Senador (1º suplente),eleito,2011-02-01,2019-01-31,FNT-000005
CRG-004136,ATR-002284,INS-000002,Senador (2º suplente),eleito,2003-02-01,2011-01-31,FNT-000005
CRG-004137,ATR-002285,INS-000002,Senador (titular),eleito,2003-02-01,2011-01-31,FNT-000005
CRG-004138,ATR-002285,INS-000002,Senador (titular),eleito,2011-02-01,2019-01-31,FNT-000005
CRG-004139,ATR-002286,INS-000002,Senador (2º suplente),eleito,1999-02-01,2007-01-31,FNT-000005
CRG-004140,ATR-002287,INS-000002,Senador (1º suplente),eleito,1999-02-01,2007-01-31,FNT-000005
CRG-004141,ATR-002288,INS-000002,Senador (2º suplente),eleito,2003-02-01,2011-01-31,FNT-000005
CRG-004142,ATR-002289,INS-000002,Senador (1º suplente),eleito,2003-02-01,2011-01-31,FNT-000005
CRG-004143,ATR-002290,INS-000002,Senador (1º suplente),eleito,1999-02-01,2007-01-31,FNT-000005
CRG-004144,ATR-000387,INS-000002,Senador (1º suplente),eleito,1999-02-01,2007-01-31,FNT-000005
CRG-004145,ATR-002291,INS-000002,Senador (2º suplente),eleito,1999-02-01,2007-01-31,FNT-000005
CRG-004146,ATR-002292,INS-000002,Senador (1º suplente),eleito,2003-02-01,2011-01-31,FNT-000005
CRG-004147,ATR-001488,INS-000002,Senador (1º suplente),eleito,2003-02-01,2011-01-31,FNT-000005
CRG-004148,ATR-002293,INS-000002,Senador (1º suplente),eleito,2003-02-01,2011-01-31,FNT-000005
CRG-004149,ATR-002293,INS-000002,Senador (1º suplente),eleito,2011-02-01,2019-01-31,FNT-000005
CRG-004150,ATR-002294,INS-000002,Senador (1º suplente),eleito,2003-02-01,2011-01-31,FNT-000005
CRG-004151,ATR-000884,INS-000002,Senador (1º suplente),eleito,1999-02-01,2007-01-31,FNT-000005
CRG-004152,ATR-002295,INS-000002,Senador (titular),eleito,2007-02-01,2015-01-31,FNT-000005
CRG-004153,ATR-002295,INS-000002,Senador (titular),eleito,2015-02-01,2023-01-31,FNT-000005
CRG-004154,ATR-002296,INS-000002,Senador (2º suplente),eleito,2007-02-01,2015-01-31,FNT-000005
CRG-004155,ATR-002297,INS-000002,Senador (1º suplente),eleito,2007-02-01,2015-01-31,FNT-000005
CRG-004156,ATR-001324,INS-000002,Senador (titular),eleito,2007-02-01,2015-01-31,FNT-000005
CRG-004157,ATR-002298,INS-000002,Senador (2º suplente),eleito,2007-02-01,2015-01-31,FNT-000005
CRG-004158,ATR-002299,INS-000002,Senador (1º suplente),eleito,2007-02-01,2015-01-31,FNT-000005
CRG-004159,ATR-002300,INS-000002,Senador (1º suplente),eleito,2007-02-01,2015-01-31,FNT-000005
CRG-004160,ATR-002301,INS-000002,Senador (2º suplente),eleito,2007-02-01,2015-01-31,FNT-000005
CRG-004161,ATR-002302,INS-000002,Senador (1º suplente),eleito,2007-02-01,2015-01-31,FNT-000005
CRG-004162,ATR-002303,INS-000002,Senador (2º suplente),eleito,2007-02-01,2015-01-31,FNT-000005
CRG-004163,ATR-002304,INS-000002,Senador (1º suplente),eleito,2007-02-01,2015-01-31,FNT-000005
CRG-004164,ATR-002305,INS-000002,Senador (2º suplente),eleito,2007-02-01,2015-01-31,FNT-000005
CRG-004165,ATR-000511,INS-000002,Senador (1º suplente),eleito,2007-02-01,2015-01-31,FNT-000005
CRG-004166,ATR-002306,INS-000002,Senador (1º suplente),eleito,2007-02-01,2015-01-31,FNT-000005
CRG-004167,ATR-002307,INS-000002,Senador (1º suplente),eleito,2007-02-01,2015-01-31,FNT-000005
CRG-004168,ATR-002308,INS-000002,Senador (1º suplente),eleito,2007-02-01,2015-01-31,FNT-000005
CRG-004169,ATR-002309,INS-000002,Senador (1º suplente),eleito,2007-02-01,2015-01-31,FNT-000005
CRG-004170,ATR-002310,INS-000002,Senador (titular),eleito,2007-02-01,2015-01-31,FNT-000005
CRG-004171,ATR-002311,INS-000002,Senador (1º suplente),eleito,2007-02-01,2015-01-31,FNT-000005
CRG-004172,ATR-002312,INS-000002,Senador (1º suplente),eleito,2007-02-01,2015-01-31,FNT-000005
CRG-004173,ATR-002313,INS-000002,Senador (1º suplente),eleito,2007-02-01,2015-01-31,FNT-000005
CRG-004174,ATR-000595,INS-000002,Senador (titular),eleito,2007-02-01,2015-01-31,FNT-000005
CRG-004175,ATR-002314,INS-000002,Senador (1º suplente),eleito,2007-02-01,2015-01-31,FNT-000005
CRG-004176,ATR-002315,INS-000002,Senador (2º suplente),eleito,2007-02-01,2015-01-31,FNT-000005
CRG-004177,ATR-002316,INS-000002,Senador (titular),eleito,2007-02-01,2015-01-31,FNT-000005
CRG-004178,ATR-002317,INS-000002,Senador (2º suplente),eleito,2007-02-01,2015-01-31,FNT-000005
CRG-004179,ATR-002318,INS-000002,Senador (1º suplente),eleito,2007-02-01,2015-01-31,FNT-000005
CRG-004180,ATR-002319,INS-000002,Senador (titular),eleito,2007-02-01,2015-01-31,FNT-000005
CRG-004181,ATR-002320,INS-000002,Senador (titular),eleito,2007-02-01,2015-01-31,FNT-000005
CRG-004182,ATR-002320,INS-000002,Senador (titular),eleito,2015-02-01,2023-01-31,FNT-000005
CRG-004183,ATR-000669,INS-000002,Senador (titular),eleito,2007-02-01,2015-01-31,FNT-000005
CRG-004184,ATR-002321,INS-000002,Senador (1º suplente),eleito,2007-02-01,2015-01-31,FNT-000005
CRG-004185,ATR-002322,INS-000002,Senador (2º suplente),eleito,2007-02-01,2015-01-31,FNT-000005
CRG-004186,ATR-002323,INS-000002,Senador (2º suplente),eleito,2007-02-01,2015-01-31,FNT-000005
CRG-004187,ATR-000397,INS-000002,Senador (titular),eleito,2007-02-01,2015-01-31,FNT-000005
CRG-004188,ATR-002324,INS-000002,Senador (2º suplente),eleito,2007-02-01,2015-01-31,FNT-000005
CRG-004189,ATR-002325,INS-000002,Senador (2º suplente),eleito,2007-02-01,2015-01-31,FNT-000005
CRG-004190,ATR-000754,INS-000002,Senador (titular),eleito,2007-02-01,2015-01-31,FNT-000005
CRG-004191,ATR-000754,INS-000002,Senador (titular),eleito,2019-02-01,,FNT-000005
CRG-004192,ATR-002326,INS-000002,Senador (titular),eleito,2007-02-01,2015-01-31,FNT-000005
CRG-004193,ATR-002326,INS-000002,Senador (titular),eleito,2019-02-01,,FNT-000005
CRG-004194,ATR-002327,INS-000002,Senador (titular),eleito,2007-02-01,2015-01-31,FNT-000005
CRG-004195,ATR-002328,INS-000002,Senador (1º suplente),eleito,2007-02-01,2015-01-31,FNT-000005
CRG-004196,ATR-002329,INS-000002,Senador (2º suplente),eleito,2007-02-01,2015-01-31,FNT-000005
CRG-004197,ATR-002330,INS-000002,Senador (2º suplente),eleito,2007-02-01,2015-01-31,FNT-000005
CRG-004198,ATR-002331,INS-000002,Senador (2º suplente),eleito,2007-02-01,2015-01-31,FNT-000005
CRG-004199,ATR-002332,INS-000002,Senador (2º suplente),eleito,2007-02-01,2015-01-31,FNT-000005
CRG-004200,ATR-002333,INS-000002,Senador (titular),eleito,2007-02-01,2015-01-31,FNT-000005
CRG-004201,ATR-002334,INS-000002,Senador (1º suplente),eleito,2007-02-01,2015-01-31,FNT-000005
CRG-004202,ATR-002335,INS-000002,Senador (1º suplente),eleito,2007-02-01,2015-01-31,FNT-000005
CRG-004203,ATR-002335,INS-000002,Senador (2º suplente),eleito,2023-02-01,,FNT-000005
CRG-004204,ATR-002336,INS-000002,Senador (2º suplente),eleito,2007-02-01,2015-01-31,FNT-000005
CRG-004205,ATR-002337,INS-000002,Senador (titular),eleito,2007-02-01,2015-01-31,FNT-000005
CRG-004206,ATR-000103,INS-000002,Senador (titular),eleito,2007-02-01,2015-01-31,FNT-000005
CRG-004207,ATR-000103,INS-000002,Senador (titular),eleito,2015-02-01,2023-01-31,FNT-000005
CRG-004208,ATR-002338,INS-000002,Senador (1º suplente),eleito,2007-02-01,2015-01-31,FNT-000005
CRG-004209,ATR-002339,INS-000002,Senador (titular),eleito,2007-02-01,2015-01-31,FNT-000005
CRG-004210,ATR-002340,INS-000002,Senador (2º suplente),eleito,2007-02-01,2015-01-31,FNT-000005
CRG-004211,ATR-002341,INS-000002,Senador (2º suplente),eleito,2007-02-01,2015-01-31,FNT-000005
CRG-004212,ATR-002342,INS-000002,Senador (2º suplente),eleito,2007-02-01,2015-01-31,FNT-000005
CRG-004213,ATR-002343,INS-000002,Senador (titular),eleito,2007-02-01,2015-01-31,FNT-000005
CRG-004214,ATR-002344,INS-000002,Senador (titular),eleito,2007-02-01,2015-01-31,FNT-000005
CRG-004215,ATR-002345,INS-000002,Senador (2º suplente),eleito,2007-02-01,2015-01-31,FNT-000005
CRG-004216,ATR-002346,INS-000002,Senador (2º suplente),eleito,2007-02-01,2015-01-31,FNT-000005
CRG-004217,ATR-002347,INS-000002,Senador (2º suplente),eleito,2007-02-01,2015-01-31,FNT-000005
CRG-004218,ATR-002348,INS-000002,Senador (1º suplente),eleito,2007-02-01,2015-01-31,FNT-000005
CRG-004219,ATR-002349,INS-000002,Senador (titular),eleito,2007-02-01,2015-01-31,FNT-000005
CRG-004220,ATR-002350,INS-000002,Senador (1º suplente),eleito,2007-02-01,2015-01-31,FNT-000005
CRG-004221,ATR-000319,INS-000002,Senador (titular),eleito,2007-02-01,2015-01-31,FNT-000005
CRG-004222,ATR-000155,INS-000002,Senador (1º suplente),eleito,2007-02-01,2015-01-31,FNT-000005
CRG-004223,ATR-002351,INS-000002,Senador (titular),eleito,2007-02-01,2015-01-31,FNT-000005
CRG-004224,ATR-002352,INS-000002,Senador (2º suplente),eleito,2007-02-01,2015-01-31,FNT-000005
CRG-004225,ATR-002353,INS-000002,Senador (2º suplente),eleito,2007-02-01,2015-01-31,FNT-000005
CRG-004226,ATR-002354,INS-000002,Senador (1º suplente),eleito,2007-02-01,2015-01-31,FNT-000005
CRG-004227,ATR-002355,INS-000002,Senador (2º suplente),eleito,2007-02-01,2015-01-31,FNT-000005
CRG-004228,ATR-002356,INS-000002,Senador (1º suplente),eleito,2007-02-01,2015-01-31,FNT-000005
CRG-004229,ATR-002357,INS-000002,Senador (2º suplente),eleito,2007-02-01,2015-01-31,FNT-000005
CRG-004230,ATR-002358,INS-000002,Senador (2º suplente),eleito,2007-02-01,2015-01-31,FNT-000005
CRG-004231,ATR-002359,INS-000002,Senador (1º suplente),eleito,2007-02-01,2015-01-31,FNT-000005
CRG-004232,ATR-002359,INS-000002,Senador (2º suplente),eleito,2015-02-01,2023-01-31,FNT-000005
CRG-004233,ATR-002360,INS-000002,Senador (1º suplente),eleito,2007-02-01,2015-01-31,FNT-000005
CRG-004234,ATR-002361,INS-000002,Senador (2º suplente),eleito,2011-02-01,2019-01-31,FNT-000005
CRG-004235,ATR-002362,INS-000002,Senador (2º suplente),eleito,2011-02-01,2019-01-31,FNT-000005
CRG-004236,ATR-002363,INS-000002,Senador (1º suplente),eleito,2011-02-01,2019-01-31,FNT-000005
CRG-004237,ATR-000032,INS-000002,Senador (titular),eleito,2011-02-01,2019-01-31,FNT-000005
CRG-004238,ATR-002364,INS-000002,Senador (2º suplente),eleito,2011-02-01,2019-01-31,FNT-000005
CRG-004239,ATR-002365,INS-000002,Senador (titular),eleito,2011-02-01,2019-01-31,FNT-000005
CRG-004240,ATR-002366,INS-000002,Senador (2º suplente),eleito,2011-02-01,2019-01-31,FNT-000005
CRG-004241,ATR-001925,INS-000002,Senador (1º suplente),eleito,2011-02-01,2019-01-31,FNT-000005
CRG-004242,ATR-002367,INS-000002,Senador (2º suplente),eleito,2011-02-01,2019-01-31,FNT-000005
CRG-004243,ATR-002368,INS-000002,Senador (2º suplente),eleito,2011-02-01,2019-01-31,FNT-000005
CRG-004244,ATR-002369,INS-000002,Senador (2º suplente),eleito,2011-02-01,2019-01-31,FNT-000005
CRG-004245,ATR-002370,INS-000002,Senador (2º suplente),eleito,2011-02-01,2019-01-31,FNT-000005
CRG-004246,ATR-000517,INS-000002,Senador (titular),eleito,2011-02-01,2019-01-31,FNT-000005
CRG-004247,ATR-002371,INS-000002,Senador (1º suplente),eleito,2011-02-01,2019-01-31,FNT-000005
CRG-004248,ATR-002372,INS-000002,Senador (2º suplente),eleito,2011-02-01,2019-01-31,FNT-000005
CRG-004249,ATR-000589,INS-000002,Senador (titular),eleito,2011-02-01,2019-01-31,FNT-000005
CRG-004250,ATR-000541,INS-000002,Senador (titular),eleito,2011-02-01,2019-01-31,FNT-000005
CRG-004251,ATR-002373,INS-000002,Senador (titular),eleito,2011-02-01,2019-01-31,FNT-000005
CRG-004252,ATR-002374,INS-000002,Senador (1º suplente),eleito,2011-02-01,2019-01-31,FNT-000005
CRG-004253,ATR-002375,INS-000002,Senador (1º suplente),eleito,2011-02-01,2019-01-31,FNT-000005
CRG-004254,ATR-000409,INS-000002,Senador (titular),eleito,2011-02-01,2019-01-31,FNT-000005
CRG-004255,ATR-000409,INS-000002,Senador (titular),eleito,2019-02-01,,FNT-000005
CRG-004256,ATR-000225,INS-000002,Senador (1º suplente),eleito,2011-02-01,2019-01-31,FNT-000005
CRG-004257,ATR-002376,INS-000002,Senador (1º suplente),eleito,2011-02-01,2019-01-31,FNT-000005
CRG-004258,ATR-002377,INS-000002,Senador (2º suplente),eleito,2011-02-01,2019-01-31,FNT-000005
CRG-004259,ATR-002378,INS-000002,Senador (titular),eleito,2011-02-01,2019-01-31,FNT-000005
CRG-004260,ATR-002379,INS-000002,Senador (1º suplente),eleito,2011-02-01,2019-01-31,FNT-000005
CRG-004261,ATR-002380,INS-000002,Senador (1º suplente),eleito,2011-02-01,2019-01-31,FNT-000005
CRG-004262,ATR-002381,INS-000002,Senador (1º suplente),eleito,2011-02-01,2019-01-31,FNT-000005
CRG-004263,ATR-002382,INS-000002,Senador (1º suplente),eleito,2011-02-01,2019-01-31,FNT-000005
CRG-004264,ATR-000851,INS-000002,Senador (titular),eleito,2011-02-01,2019-01-31,FNT-000005
CRG-004265,ATR-002383,INS-000002,Senador (titular),eleito,2011-02-01,2019-01-31,FNT-000005
CRG-004266,ATR-002383,INS-000002,Senador (titular),eleito,2019-02-01,,FNT-000005
CRG-004267,ATR-000004,INS-000002,Senador (1º suplente),eleito,2011-02-01,2019-01-31,FNT-000005
CRG-004268,ATR-002384,INS-000002,Senador (2º suplente),eleito,2011-02-01,2019-01-31,FNT-000005
CRG-004269,ATR-002385,INS-000002,Senador (2º suplente),eleito,2011-02-01,2019-01-31,FNT-000005
CRG-004270,ATR-002386,INS-000002,Senador (1º suplente),eleito,2011-02-01,2019-01-31,FNT-000005
CRG-004271,ATR-002387,INS-000002,Senador (2º suplente),eleito,2011-02-01,2019-01-31,FNT-000005
CRG-004272,ATR-002388,INS-000002,Senador (2º suplente),eleito,2011-02-01,2019-01-31,FNT-000005
CRG-004273,ATR-000502,INS-000002,Senador (titular),eleito,2011-02-01,2019-01-31,FNT-000005
CRG-004274,ATR-002389,INS-000002,Senador (1º suplente),eleito,2011-02-01,2019-01-31,FNT-000005
CRG-004275,ATR-002390,INS-000002,Senador (1º suplente),eleito,2011-02-01,2019-01-31,FNT-000005
CRG-004276,ATR-002391,INS-000002,Senador (2º suplente),eleito,2011-02-01,2019-01-31,FNT-000005
CRG-004277,ATR-002392,INS-000002,Senador (titular),eleito,2011-02-01,2019-01-31,FNT-000005
CRG-004278,ATR-000430,INS-000002,Senador (1º suplente),eleito,2011-02-01,2019-01-31,FNT-000005
CRG-004279,ATR-002393,INS-000002,Senador (1º suplente),eleito,2011-02-01,2019-01-31,FNT-000005
CRG-004280,ATR-002394,INS-000002,Senador (2º suplente),eleito,2011-02-01,2019-01-31,FNT-000005
CRG-004281,ATR-002395,INS-000002,Senador (1º suplente),eleito,2011-02-01,2019-01-31,FNT-000005
CRG-004282,ATR-002396,INS-000002,Senador (2º suplente),eleito,2011-02-01,2019-01-31,FNT-000005
CRG-004283,ATR-002397,INS-000002,Senador (2º suplente),eleito,2011-02-01,2019-01-31,FNT-000005
CRG-004284,ATR-002398,INS-000002,Senador (2º suplente),eleito,2011-02-01,2019-01-31,FNT-000005
CRG-004285,ATR-002399,INS-000002,Senador (2º suplente),eleito,2011-02-01,2019-01-31,FNT-000005
CRG-004286,ATR-002400,INS-000002,Senador (1º suplente),eleito,2011-02-01,2019-01-31,FNT-000005
CRG-004287,ATR-000722,INS-000002,Senador (titular),eleito,2011-02-01,2019-01-31,FNT-000005
CRG-004288,ATR-002401,INS-000002,Senador (titular),eleito,2011-02-01,2019-01-31,FNT-000005
CRG-004289,ATR-002401,INS-000002,Senador (titular),eleito,2019-02-01,,FNT-000005
CRG-004290,ATR-002402,INS-000002,Senador (1º suplente),eleito,2011-02-01,2019-01-31,FNT-000005
CRG-004291,ATR-002403,INS-000002,Senador (1º suplente),eleito,2011-02-01,2019-01-31,FNT-000005
CRG-004292,ATR-002404,INS-000002,Senador (titular),eleito,2011-02-01,2019-01-31,FNT-000005
CRG-004293,ATR-002405,INS-000002,Senador (1º suplente),eleito,2011-02-01,2019-01-31,FNT-000005
CRG-004294,ATR-002406,INS-000002,Senador (titular),eleito,2011-02-01,2019-01-31,FNT-000005
CRG-004295,ATR-000187,INS-000002,Senador (titular),eleito,2011-02-01,2019-01-31,FNT-000005
CRG-004296,ATR-000187,INS-000002,Senador (titular),eleito,2019-02-01,,FNT-000005
CRG-004297,ATR-002407,INS-000002,Senador (2º suplente),eleito,2011-02-01,2019-01-31,FNT-000005
CRG-004298,ATR-000520,INS-000002,Senador (1º suplente),eleito,2011-02-01,2019-01-31,FNT-000005
CRG-004299,ATR-002408,INS-000002,Senador (titular),eleito,2011-02-01,2019-01-31,FNT-000005
CRG-004300,ATR-002409,INS-000002,Senador (1º suplente),eleito,2011-02-01,2019-01-31,FNT-000005
CRG-004301,ATR-002410,INS-000002,Senador (1º suplente),eleito,2011-02-01,2019-01-31,FNT-000005
CRG-004302,ATR-002411,INS-000002,Senador (2º suplente),eleito,2011-02-01,2019-01-31,FNT-000005
CRG-004303,ATR-002411,INS-000002,Senador (1º suplente),eleito,2015-02-01,2023-01-31,FNT-000005
CRG-004304,ATR-002411,INS-000002,Senador (2º suplente),eleito,2023-02-01,,FNT-000005
CRG-004305,ATR-002412,INS-000002,Senador (2º suplente),eleito,2011-02-01,2019-01-31,FNT-000005
CRG-004306,ATR-002413,INS-000002,Senador (1º suplente),eleito,2011-02-01,2019-01-31,FNT-000005
CRG-004307,ATR-001655,INS-000002,Senador (1º suplente),eleito,2011-02-01,2019-01-31,FNT-000005
CRG-004308,ATR-000399,INS-000002,Senador (titular),eleito,2011-02-01,2019-01-31,FNT-000005
CRG-004309,ATR-002414,INS-000002,Senador (2º suplente),eleito,2011-02-01,2019-01-31,FNT-000005
CRG-004310,ATR-002415,INS-000002,Senador (2º suplente),eleito,2011-02-01,2019-01-31,FNT-000005
CRG-004311,ATR-002416,INS-000002,Senador (1º suplente),eleito,2011-02-01,2019-01-31,FNT-000005
CRG-004312,ATR-002417,INS-000002,Senador (1º suplente),eleito,2011-02-01,2019-01-31,FNT-000005
CRG-004313,ATR-002418,INS-000002,Senador (2º suplente),eleito,2011-02-01,2019-01-31,FNT-000005
CRG-004314,ATR-002419,INS-000002,Senador (2º suplente),eleito,2011-02-01,2019-01-31,FNT-000005
CRG-004315,ATR-002420,INS-000002,Senador (1º suplente),eleito,2011-02-01,2019-01-31,FNT-000005
CRG-004316,ATR-000674,INS-000002,Senador (titular),eleito,2011-02-01,2019-01-31,FNT-000005
CRG-004317,ATR-002421,INS-000002,Senador (2º suplente),eleito,2011-02-01,2019-01-31,FNT-000005
CRG-004318,ATR-002422,INS-000002,Senador (2º suplente),eleito,2011-02-01,2019-01-31,FNT-000005
CRG-004319,ATR-002423,INS-000002,Senador (2º suplente),eleito,2011-02-01,2019-01-31,FNT-000005
CRG-004320,ATR-002424,INS-000002,Senador (titular),eleito,2011-02-01,2019-01-31,FNT-000005
CRG-004321,ATR-002425,INS-000002,Senador (2º suplente),eleito,2011-02-01,2019-01-31,FNT-000005
CRG-004322,ATR-000792,INS-000002,Senador (titular),eleito,2011-02-01,2019-01-31,FNT-000005
CRG-004323,ATR-000515,INS-000002,Senador (1º suplente),eleito,2011-02-01,2019-01-31,FNT-000005
CRG-004324,ATR-002426,INS-000002,Senador (1º suplente),eleito,2011-02-01,2019-01-31,FNT-000005
CRG-004325,ATR-002427,INS-000002,Senador (2º suplente),eleito,2011-02-01,2019-01-31,FNT-000005
CRG-004326,ATR-002428,INS-000002,Senador (2º suplente),eleito,2011-02-01,2019-01-31,FNT-000005
CRG-004327,ATR-002429,INS-000002,Senador (titular),eleito,2011-02-01,2019-01-31,FNT-000005
CRG-004328,ATR-002430,INS-000002,Senador (2º suplente),eleito,2011-02-01,2019-01-31,FNT-000005
CRG-004329,ATR-002431,INS-000002,Senador (titular),eleito,2011-02-01,2019-01-31,FNT-000005
CRG-004330,ATR-002432,INS-000002,Senador (2º suplente),eleito,2011-02-01,2019-01-31,FNT-000005
CRG-004331,ATR-002433,INS-000002,Senador (2º suplente),eleito,2011-02-01,2019-01-31,FNT-000005
CRG-004332,ATR-002434,INS-000002,Senador (1º suplente),eleito,2011-02-01,2019-01-31,FNT-000005
CRG-004333,ATR-000271,INS-000002,Senador (1º suplente),eleito,2011-02-01,2019-01-31,FNT-000005
CRG-004334,ATR-000437,INS-000002,Senador (1º suplente),eleito,2011-02-01,2019-01-31,FNT-000005
CRG-004335,ATR-002435,INS-000002,Senador (2º suplente),eleito,2011-02-01,2019-01-31,FNT-000005
CRG-004336,ATR-002436,INS-000002,Senador (1º suplente),eleito,2011-02-01,2019-01-31,FNT-000005
CRG-004337,ATR-002437,INS-000002,Senador (2º suplente),eleito,2011-02-01,2019-01-31,FNT-000005
CRG-004338,ATR-000495,INS-000002,Senador (2º suplente),eleito,2011-02-01,2019-01-31,FNT-000005
CRG-004339,ATR-002438,INS-000002,Senador (2º suplente),eleito,2011-02-01,2019-01-31,FNT-000005
CRG-004340,ATR-002439,INS-000002,Senador (1º suplente),eleito,2011-02-01,2019-01-31,FNT-000005
CRG-004341,ATR-000166,INS-000002,Senador (titular),eleito,2011-02-01,2019-01-31,FNT-000005
CRG-004342,ATR-002440,INS-000002,Senador (1º suplente),eleito,2011-02-01,2019-01-31,FNT-000005
CRG-004343,ATR-002441,INS-000002,Senador (2º suplente),eleito,2011-02-01,2019-01-31,FNT-000005
CRG-004344,ATR-002442,INS-000002,Senador (2º suplente),eleito,2011-02-01,2019-01-31,FNT-000005
CRG-004345,ATR-002443,INS-000002,Senador (1º suplente),eleito,2011-02-01,2019-01-31,FNT-000005
CRG-004346,ATR-002444,INS-000002,Senador (2º suplente),eleito,2011-02-01,2019-01-31,FNT-000005
CRG-004347,ATR-002445,INS-000002,Senador (titular),eleito,2011-02-01,2019-01-31,FNT-000005
CRG-004348,ATR-002446,INS-000002,Senador (1º suplente),eleito,2011-02-01,2019-01-31,FNT-000005
CRG-004349,ATR-002447,INS-000002,Senador (titular),eleito,2011-02-01,2019-01-31,FNT-000005
CRG-004350,ATR-002447,INS-000002,Senador (titular),eleito,2019-02-01,,FNT-000005
CRG-004351,ATR-002448,INS-000002,Senador (1º suplente),eleito,2011-02-01,2019-01-31,FNT-000005
CRG-004352,ATR-002449,INS-000002,Senador (1º suplente),eleito,2011-02-01,2019-01-31,FNT-000005
CRG-004353,ATR-002450,INS-000002,Senador (titular),eleito,2011-02-01,2019-01-31,FNT-000005
CRG-004354,ATR-002451,INS-000002,Senador (1º suplente),eleito,2011-02-01,2019-01-31,FNT-000005
CRG-004355,ATR-002452,INS-000002,Senador (titular),eleito,2011-02-01,2019-01-31,FNT-000005
CRG-004356,ATR-002453,INS-000002,Senador (2º suplente),eleito,2011-02-01,2019-01-31,FNT-000005
CRG-004357,ATR-000964,INS-000002,Senador (titular),eleito,2011-02-01,2019-01-31,FNT-000005
CRG-004358,ATR-002454,INS-000002,Senador (2º suplente),eleito,2011-02-01,2019-01-31,FNT-000005
CRG-004359,ATR-002455,INS-000002,Senador (2º suplente),eleito,2011-02-01,2019-01-31,FNT-000005
CRG-004360,ATR-002456,INS-000002,Senador (1º suplente),eleito,2011-02-01,2019-01-31,FNT-000005
CRG-004361,ATR-002456,INS-000002,Senador (1º suplente),eleito,2019-02-01,,FNT-000005
CRG-004362,ATR-002457,INS-000002,Senador (2º suplente),eleito,2011-02-01,2019-01-31,FNT-000005
CRG-004363,ATR-001411,INS-000002,Senador (1º suplente),eleito,2011-02-01,2019-01-31,FNT-000005
CRG-004364,ATR-002458,INS-000002,Senador (2º suplente),eleito,2011-02-01,2019-01-31,FNT-000005
CRG-004365,ATR-002458,INS-000002,Senador (2º suplente),eleito,2019-02-01,,FNT-000005
CRG-004366,ATR-002459,INS-000002,Senador (1º suplente),eleito,2011-02-01,2019-01-31,FNT-000005
CRG-004367,ATR-000972,INS-000002,Senador (titular),eleito,2011-02-01,2019-01-31,FNT-000005
CRG-004368,ATR-000972,INS-000002,Senador (titular),eleito,2019-02-01,,FNT-000005
CRG-004369,ATR-002460,INS-000002,Senador (1º suplente),eleito,2011-02-01,2019-01-31,FNT-000005
CRG-004370,ATR-002461,INS-000002,Senador (2º suplente),eleito,2011-02-01,2019-01-31,FNT-000005
CRG-004371,ATR-002462,INS-000002,Senador (2º suplente),eleito,2011-02-01,2019-01-31,FNT-000005
CRG-004372,ATR-002463,INS-000002,Senador (2º suplente),eleito,2011-02-01,2019-01-31,FNT-000005
CRG-004373,ATR-002464,INS-000002,Senador (2º suplente),eleito,2011-02-01,2019-01-31,FNT-000005
CRG-004374,ATR-000432,INS-000002,Senador (titular),eleito,2011-02-01,2019-01-31,FNT-000005
CRG-004375,ATR-002465,INS-000002,Senador (1º suplente),eleito,2011-02-01,2019-01-31,FNT-000005
CRG-004376,ATR-000984,INS-000002,Senador (titular),eleito,2011-02-01,2019-01-31,FNT-000005
CRG-004377,ATR-000986,INS-000002,Senador (titular),eleito,2011-02-01,2019-01-31,FNT-000005
CRG-004378,ATR-002466,INS-000002,Senador (1º suplente),eleito,2011-02-01,2019-01-31,FNT-000005
CRG-004379,ATR-000044,INS-000002,Senador (titular),eleito,2011-02-01,2019-01-31,FNT-000005
CRG-004380,ATR-000349,INS-000002,Senador (titular),eleito,2011-02-01,2019-01-31,FNT-000005
CRG-004381,ATR-002467,INS-000002,Senador (titular),eleito,2011-02-01,2019-01-31,FNT-000005
CRG-004382,ATR-002467,INS-000002,Senador (titular),eleito,2023-02-01,,FNT-000005
CRG-004383,ATR-002468,INS-000002,Senador (1º suplente),eleito,2011-02-01,2019-01-31,FNT-000005
CRG-004384,ATR-000243,INS-000002,Senador (titular),eleito,2011-02-01,2019-01-31,FNT-000005
CRG-004385,ATR-002469,INS-000002,Senador (1º suplente),eleito,2011-02-01,2019-01-31,FNT-000005
CRG-004386,ATR-002470,INS-000002,Senador (2º suplente),eleito,2011-02-01,2019-01-31,FNT-000005
CRG-004387,ATR-002471,INS-000002,Senador (2º suplente),eleito,2011-02-01,2019-01-31,FNT-000005
CRG-004388,ATR-000811,INS-000002,Senador (titular),eleito,2011-02-01,2019-01-31,FNT-000005
CRG-004389,ATR-002472,INS-000002,Senador (1º suplente),eleito,2015-02-01,2023-01-31,FNT-000005
CRG-004390,ATR-002473,INS-000002,Senador (2º suplente),eleito,2015-02-01,2023-01-31,FNT-000005
CRG-004391,ATR-000805,INS-000002,Senador (1º suplente),eleito,2015-02-01,2023-01-31,FNT-000005
CRG-004392,ATR-002474,INS-000002,Senador (2º suplente),eleito,2015-02-01,2023-01-31,FNT-000005
CRG-004393,ATR-002475,INS-000002,Senador (titular),eleito,2015-02-01,2023-01-31,FNT-000005
CRG-004394,ATR-002476,INS-000002,Senador (2º suplente),eleito,2015-02-01,2023-01-31,FNT-000005
CRG-004395,ATR-002477,INS-000002,Senador (2º suplente),eleito,2015-02-01,2023-01-31,FNT-000005
CRG-004396,ATR-002478,INS-000002,Senador (2º suplente),eleito,2015-02-01,2023-01-31,FNT-000005
CRG-004397,ATR-002479,INS-000002,Senador (1º suplente),eleito,2015-02-01,2023-01-31,FNT-000005
CRG-004398,ATR-002480,INS-000002,Senador (1º suplente),eleito,2015-02-01,2023-01-31,FNT-000005
CRG-004399,ATR-002481,INS-000002,Senador (1º suplente),eleito,2015-02-01,2023-01-31,FNT-000005
CRG-004400,ATR-000182,INS-000002,Senador (titular),eleito,2015-02-01,2023-01-31,FNT-000005
CRG-004401,ATR-000182,INS-000002,Senador (titular),eleito,2023-02-01,,FNT-000005
CRG-004402,ATR-002482,INS-000002,Senador (1º suplente),eleito,2015-02-01,2023-01-31,FNT-000005
CRG-004403,ATR-002483,INS-000002,Senador (1º suplente),eleito,2015-02-01,2023-01-31,FNT-000005
CRG-004404,ATR-002484,INS-000002,Senador (titular),eleito,2015-02-01,2023-01-31,FNT-000005
CRG-004405,ATR-002485,INS-000002,Senador (2º suplente),eleito,2015-02-01,2023-01-31,FNT-000005
CRG-004406,ATR-002486,INS-000002,Senador (2º suplente),eleito,2015-02-01,2023-01-31,FNT-000005
CRG-004407,ATR-002066,INS-000002,Senador (titular),eleito,2015-02-01,2023-01-31,FNT-000005
CRG-004408,ATR-002487,INS-000002,Senador (2º suplente),eleito,2015-02-01,2023-01-31,FNT-000005
CRG-004409,ATR-002488,INS-000002,Senador (titular),eleito,2015-02-01,2023-01-31,FNT-000005
CRG-004410,ATR-002489,INS-000002,Senador (2º suplente),eleito,2015-02-01,2023-01-31,FNT-000005
CRG-004411,ATR-000236,INS-000002,Senador (titular),eleito,2015-02-01,2023-01-31,FNT-000005
CRG-004412,ATR-002490,INS-000002,Senador (1º suplente),eleito,2015-02-01,2023-01-31,FNT-000005
CRG-004413,ATR-000877,INS-000002,Senador (titular),eleito,2015-02-01,2023-01-31,FNT-000005
CRG-004414,ATR-002491,INS-000002,Senador (2º suplente),eleito,2015-02-01,2023-01-31,FNT-000005
CRG-004415,ATR-002492,INS-000002,Senador (1º suplente),eleito,2015-02-01,2023-01-31,FNT-000005
CRG-004416,ATR-002493,INS-000002,Senador (1º suplente),eleito,2015-02-01,2023-01-31,FNT-000005
CRG-004417,ATR-002494,INS-000002,Senador (1º suplente),eleito,2015-02-01,2023-01-31,FNT-000005
CRG-004418,ATR-002494,INS-000002,Senador (1º suplente),eleito,2023-02-01,,FNT-000005
CRG-004419,ATR-000074,INS-000002,Senador (1º suplente),eleito,2015-02-01,2023-01-31,FNT-000005
CRG-004420,ATR-002495,INS-000002,Senador (1º suplente),eleito,2015-02-01,2023-01-31,FNT-000005
CRG-004421,ATR-002496,INS-000002,Senador (titular),eleito,2015-02-01,2023-01-31,FNT-000005
CRG-004422,ATR-002497,INS-000002,Senador (1º suplente),eleito,2015-02-01,2023-01-31,FNT-000005
CRG-004423,ATR-000618,INS-000002,Senador (2º suplente),eleito,2015-02-01,2023-01-31,FNT-000005
CRG-004424,ATR-002498,INS-000002,Senador (titular),eleito,2015-02-01,2023-01-31,FNT-000005
CRG-004425,ATR-002499,INS-000002,Senador (2º suplente),eleito,2015-02-01,2023-01-31,FNT-000005
CRG-004426,ATR-002500,INS-000002,Senador (1º suplente),eleito,2015-02-01,2023-01-31,FNT-000005
CRG-004427,ATR-002501,INS-000002,Senador (1º suplente),eleito,2015-02-01,2023-01-31,FNT-000005
CRG-004428,ATR-002502,INS-000002,Senador (1º suplente),eleito,2015-02-01,2023-01-31,FNT-000005
CRG-004429,ATR-002503,INS-000002,Senador (2º suplente),eleito,2015-02-01,2023-01-31,FNT-000005
CRG-004430,ATR-002504,INS-000002,Senador (2º suplente),eleito,2015-02-01,2023-01-31,FNT-000005
CRG-004431,ATR-002505,INS-000002,Senador (2º suplente),eleito,2015-02-01,2023-01-31,FNT-000005
CRG-004432,ATR-002506,INS-000002,Senador (2º suplente),eleito,2015-02-01,2023-01-31,FNT-000005
CRG-004433,ATR-001114,INS-000002,Senador (1º suplente),eleito,2015-02-01,2023-01-31,FNT-000005
CRG-004434,ATR-002507,INS-000002,Senador (titular),eleito,2015-02-01,2023-01-31,FNT-000005
CRG-004435,ATR-002507,INS-000002,Senador (titular),eleito,2023-02-01,,FNT-000005
CRG-004436,ATR-002508,INS-000002,Senador (titular),eleito,2015-02-01,2023-01-31,FNT-000005
CRG-004437,ATR-002508,INS-000002,Senador (titular),eleito,2023-02-01,,FNT-000005
CRG-004438,ATR-002509,INS-000002,Senador (2º suplente),eleito,2015-02-01,2023-01-31,FNT-000005
CRG-004439,ATR-002510,INS-000002,Senador (2º suplente),eleito,2015-02-01,2023-01-31,FNT-000005
CRG-004440,ATR-002510,INS-000002,Senador (1º suplente),eleito,2023-02-01,,FNT-000005
CRG-004441,ATR-002511,INS-000002,Senador (1º suplente),eleito,2015-02-01,2023-01-31,FNT-000005
CRG-004442,ATR-002512,INS-000002,Senador (2º suplente),eleito,2015-02-01,2023-01-31,FNT-000005
CRG-004443,ATR-000272,INS-000002,Senador (titular),eleito,2015-02-01,2023-01-31,FNT-000005
CRG-004444,ATR-000896,INS-000002,Senador (1º suplente),eleito,2015-02-01,2023-01-31,FNT-000005
CRG-004445,ATR-000694,INS-000002,Senador (titular),eleito,2015-02-01,2023-01-31,FNT-000005
CRG-004446,ATR-002513,INS-000002,Senador (1º suplente),eleito,2015-02-01,2023-01-31,FNT-000005
CRG-004447,ATR-002514,INS-000002,Senador (1º suplente),eleito,2015-02-01,2023-01-31,FNT-000005
CRG-004448,ATR-000343,INS-000002,Senador (titular),eleito,2015-02-01,2023-01-31,FNT-000005
CRG-004449,ATR-001146,INS-000002,Senador (titular),eleito,2015-02-01,2023-01-31,FNT-000005
CRG-004450,ATR-001146,INS-000002,Senador (titular),eleito,2023-02-01,,FNT-000005
CRG-004451,ATR-000659,INS-000002,Senador (titular),eleito,2015-02-01,2023-01-31,FNT-000005
CRG-004452,ATR-002515,INS-000002,Senador (2º suplente),eleito,2015-02-01,2023-01-31,FNT-000005
CRG-004453,ATR-000070,INS-000002,Senador (titular),eleito,2015-02-01,2023-01-31,FNT-000005
CRG-004454,ATR-002516,INS-000002,Senador (2º suplente),eleito,2015-02-01,2023-01-31,FNT-000005
CRG-004455,ATR-002517,INS-000002,Senador (2º suplente),eleito,2015-02-01,2023-01-31,FNT-000005
CRG-004456,ATR-002518,INS-000002,Senador (2º suplente),eleito,2015-02-01,2023-01-31,FNT-000005
CRG-004457,ATR-002519,INS-000002,Senador (2º suplente),eleito,2015-02-01,2023-01-31,FNT-000005
CRG-004458,ATR-002520,INS-000002,Senador (titular),eleito,2015-02-01,2023-01-31,FNT-000005
CRG-004459,ATR-002521,INS-000002,Senador (titular),eleito,2015-02-01,2023-01-31,FNT-000005
CRG-004460,ATR-002522,INS-000002,Senador (2º suplente),eleito,2015-02-01,2023-01-31,FNT-000005
CRG-004461,ATR-002523,INS-000002,Senador (1º suplente),eleito,2015-02-01,2023-01-31,FNT-000005
CRG-004462,ATR-002524,INS-000002,Senador (1º suplente),eleito,2015-02-01,2023-01-31,FNT-000005
CRG-004463,ATR-002525,INS-000002,Senador (2º suplente),eleito,2015-02-01,2023-01-31,FNT-000005
CRG-004464,ATR-000113,INS-000002,Senador (titular),eleito,2015-02-01,2023-01-31,FNT-000005
CRG-004465,ATR-000113,INS-000002,Senador (titular),eleito,2023-02-01,,FNT-000005
CRG-004466,ATR-002526,INS-000002,Senador (2º suplente),eleito,2019-02-01,,FNT-000005
CRG-004467,ATR-002527,INS-000002,Senador (2º suplente),eleito,2019-02-01,,FNT-000005
CRG-004468,ATR-002528,INS-000002,Senador (1º suplente),eleito,2019-02-01,,FNT-000005
CRG-004469,ATR-002529,INS-000002,Senador (titular),eleito,2019-02-01,,FNT-000005
CRG-004470,ATR-002530,INS-000002,Senador (1º suplente),eleito,2019-02-01,,FNT-000005
CRG-004471,ATR-002531,INS-000002,Senador (2º suplente),eleito,2019-02-01,,FNT-000005
CRG-004472,ATR-002532,INS-000002,Senador (1º suplente),eleito,2019-02-01,,FNT-000005
CRG-004473,ATR-002533,INS-000002,Senador (2º suplente),eleito,2019-02-01,,FNT-000005
CRG-004474,ATR-002534,INS-000002,Senador (titular),eleito,2019-02-01,,FNT-000005
CRG-004475,ATR-002535,INS-000002,Senador (1º suplente),eleito,2019-02-01,,FNT-000005
CRG-004476,ATR-000663,INS-000002,Senador (titular),eleito,2019-02-01,,FNT-000005
CRG-004477,ATR-001312,INS-000002,Senador (1º suplente),eleito,2019-02-01,,FNT-000005
CRG-004478,ATR-001042,INS-000002,Senador (2º suplente),eleito,2019-02-01,,FNT-000005
CRG-004479,ATR-002536,INS-000002,Senador (1º suplente),eleito,2019-02-01,,FNT-000005
CRG-004480,ATR-002537,INS-000002,Senador (2º suplente),eleito,2019-02-01,,FNT-000005
CRG-004481,ATR-002538,INS-000002,Senador (2º suplente),eleito,2019-02-01,,FNT-000005
CRG-004482,ATR-002539,INS-000002,Senador (1º suplente),eleito,2019-02-01,,FNT-000005
CRG-004483,ATR-002540,INS-000002,Senador (1º suplente),eleito,2019-02-01,,FNT-000005
CRG-004484,ATR-002541,INS-000002,Senador (titular),eleito,2019-02-01,,FNT-000005
CRG-004485,ATR-002541,INS-000002,Senador (titular),eleito,2019-02-01,,FNT-000005
CRG-004486,ATR-002542,INS-000002,Senador (2º suplente),eleito,2019-02-01,,FNT-000005
CRG-004487,ATR-002543,INS-000002,Senador (1º suplente),eleito,2019-02-01,,FNT-000005
CRG-004488,ATR-002544,INS-000002,Senador (titular),eleito,2019-02-01,,FNT-000005
CRG-004489,ATR-002545,INS-000002,Senador (1º suplente),eleito,2019-02-01,,FNT-000005
CRG-004490,ATR-002546,INS-000002,Senador (2º suplente),eleito,2019-02-01,,FNT-000005
CRG-004491,ATR-002547,INS-000002,Senador (titular),eleito,2019-02-01,,FNT-000005
CRG-004492,ATR-002548,INS-000002,Senador (titular),eleito,2019-02-01,,FNT-000005
CRG-004493,ATR-002549,INS-000002,Senador (1º suplente),eleito,2019-02-01,,FNT-000005
CRG-004494,ATR-002550,INS-000002,Senador (2º suplente),eleito,2019-02-01,,FNT-000005
CRG-004495,ATR-000279,INS-000002,Senador (titular),eleito,2019-02-01,,FNT-000005
CRG-004496,ATR-002551,INS-000002,Senador (2º suplente),eleito,2019-02-01,,FNT-000005
CRG-004497,ATR-002552,INS-000002,Senador (2º suplente),eleito,2019-02-01,,FNT-000005
CRG-004498,ATR-002553,INS-000002,Senador (titular),eleito,2019-02-01,,FNT-000005
CRG-004499,ATR-002554,INS-000002,Senador (2º suplente),eleito,2019-02-01,,FNT-000005
CRG-004500,ATR-002555,INS-000002,Senador (2º suplente),eleito,2019-02-01,,FNT-000005
CRG-004501,ATR-000716,INS-000002,Senador (1º suplente),eleito,2019-02-01,,FNT-000005
CRG-004502,ATR-002556,INS-000002,Senador (2º suplente),eleito,2019-02-01,,FNT-000005
CRG-004503,ATR-002557,INS-000002,Senador (1º suplente),eleito,2019-02-01,,FNT-000005
CRG-004504,ATR-002558,INS-000002,Senador (2º suplente),eleito,2019-02-01,,FNT-000005
CRG-004505,ATR-002559,INS-000002,Senador (1º suplente),eleito,2019-02-01,,FNT-000005
CRG-004506,ATR-002560,INS-000002,Senador (1º suplente),eleito,2019-02-01,,FNT-000005
CRG-004507,ATR-002561,INS-000002,Senador (2º suplente),eleito,2019-02-01,,FNT-000005
CRG-004508,ATR-002562,INS-000002,Senador (titular),eleito,2019-02-01,,FNT-000005
CRG-004509,ATR-000203,INS-000002,Senador (titular),eleito,2019-02-01,,FNT-000005
CRG-004510,ATR-001876,INS-000002,Senador (1º suplente),eleito,2019-02-01,,FNT-000005
CRG-004511,ATR-002563,INS-000002,Senador (1º suplente),eleito,2019-02-01,,FNT-000005
CRG-004512,ATR-001361,INS-000002,Senador (titular),eleito,2019-02-01,,FNT-000005
CRG-004513,ATR-001198,INS-000002,Senador (titular),eleito,2019-02-01,,FNT-000005
CRG-004514,ATR-002564,INS-000002,Senador (titular),eleito,2019-02-01,,FNT-000005
CRG-004515,ATR-001383,INS-000002,Senador (1º suplente),eleito,2019-02-01,,FNT-000005
CRG-004516,ATR-002565,INS-000002,Senador (1º suplente),eleito,2019-02-01,,FNT-000005
CRG-004517,ATR-002566,INS-000002,Senador (1º suplente),eleito,2019-02-01,,FNT-000005
CRG-004518,ATR-002567,INS-000002,Senador (2º suplente),eleito,2019-02-01,,FNT-000005
CRG-004519,ATR-002568,INS-000002,Senador (titular),eleito,2019-02-01,,FNT-000005
CRG-004520,ATR-002569,INS-000002,Senador (1º suplente),eleito,2019-02-01,,FNT-000005
CRG-004521,ATR-002570,INS-000002,Senador (2º suplente),eleito,2019-02-01,,FNT-000005
CRG-004522,ATR-002571,INS-000002,Senador (1º suplente),eleito,2019-02-01,,FNT-000005
CRG-004523,ATR-002572,INS-000002,Senador (1º suplente),eleito,2019-02-01,,FNT-000005
CRG-004524,ATR-002573,INS-000002,Senador (2º suplente),eleito,2019-02-01,,FNT-000005
CRG-004525,ATR-002574,INS-000002,Senador (titular),eleito,2019-02-01,,FNT-000005
CRG-004526,ATR-002575,INS-000002,Senador (1º suplente),eleito,2019-02-01,,FNT-000005
CRG-004527,ATR-002576,INS-000002,Senador (2º suplente),eleito,2019-02-01,,FNT-000005
CRG-004528,ATR-002577,INS-000002,Senador (1º suplente),eleito,2019-02-01,,FNT-000005
CRG-004529,ATR-002578,INS-000002,Senador (2º suplente),eleito,2019-02-01,,FNT-000005
CRG-004530,ATR-000007,INS-000002,Senador (titular),eleito,2019-02-01,,FNT-000005
CRG-004531,ATR-002579,INS-000002,Senador (2º suplente),eleito,2019-02-01,,FNT-000005
CRG-004532,ATR-002580,INS-000002,Senador (2º suplente),eleito,2019-02-01,,FNT-000005
CRG-004533,ATR-002581,INS-000002,Senador (titular),eleito,2019-02-01,,FNT-000005
CRG-004534,ATR-002582,INS-000002,Senador (titular),eleito,2019-02-01,,FNT-000005
CRG-004535,ATR-002583,INS-000002,Senador (1º suplente),eleito,2019-02-01,,FNT-000005
CRG-004536,ATR-001065,INS-000002,Senador (titular),eleito,2019-02-01,,FNT-000005
CRG-004537,ATR-002584,INS-000002,Senador (1º suplente),eleito,2019-02-01,,FNT-000005
CRG-004538,ATR-002585,INS-000002,Senador (1º suplente),eleito,2019-02-01,,FNT-000005
CRG-004539,ATR-002586,INS-000002,Senador (2º suplente),eleito,2019-02-01,,FNT-000005
CRG-004540,ATR-002587,INS-000002,Senador (2º suplente),eleito,2019-02-01,,FNT-000005
CRG-004541,ATR-002588,INS-000002,Senador (titular),eleito,2019-02-01,,FNT-000005
CRG-004542,ATR-002589,INS-000002,Senador (1º suplente),eleito,2019-02-01,,FNT-000005
CRG-004543,ATR-002590,INS-000002,Senador (1º suplente),eleito,2019-02-01,,FNT-000005
CRG-004544,ATR-002591,INS-000002,Senador (titular),eleito,2019-02-01,,FNT-000005
CRG-004545,ATR-002592,INS-000002,Senador (2º suplente),eleito,2019-02-01,,FNT-000005
CRG-004546,ATR-002593,INS-000002,Senador (titular),eleito,2019-02-01,,FNT-000005
CRG-004547,ATR-002594,INS-000002,Senador (2º suplente),eleito,2019-02-01,,FNT-000005
CRG-004548,ATR-000064,INS-000002,Senador (titular),eleito,2019-02-01,,FNT-000005
CRG-004549,ATR-002595,INS-000002,Senador (1º suplente),eleito,2019-02-01,,FNT-000005
CRG-004550,ATR-002596,INS-000002,Senador (2º suplente),eleito,2019-02-01,,FNT-000005
CRG-004551,ATR-002597,INS-000002,Senador (2º suplente),eleito,2019-02-01,,FNT-000005
CRG-004552,ATR-001304,INS-000002,Senador (titular),eleito,2019-02-01,,FNT-000005
CRG-004553,ATR-001115,INS-000002,Senador (titular),eleito,2019-02-01,,FNT-000005
CRG-004554,ATR-000507,INS-000002,Senador (titular),eleito,2019-02-01,,FNT-000005
CRG-004555,ATR-002598,INS-000002,Senador (2º suplente),eleito,2019-02-01,,FNT-000005
CRG-004556,ATR-000436,INS-000002,Senador (titular),eleito,2019-02-01,,FNT-000005
CRG-004557,ATR-001263,INS-000002,Senador (titular),eleito,2019-02-01,,FNT-000005
CRG-004558,ATR-002599,INS-000002,Senador (1º suplente),eleito,2019-02-01,,FNT-000005
CRG-004559,ATR-002600,INS-000002,Senador (titular),eleito,2019-02-01,,FNT-000005
CRG-004560,ATR-002601,INS-000002,Senador (1º suplente),eleito,2019-02-01,,FNT-000005
CRG-004561,ATR-002602,INS-000002,Senador (2º suplente),eleito,2019-02-01,,FNT-000005
CRG-004562,ATR-002603,INS-000002,Senador (1º suplente),eleito,2019-02-01,,FNT-000005
CRG-004563,ATR-002604,INS-000002,Senador (2º suplente),eleito,2019-02-01,,FNT-000005
CRG-004564,ATR-002605,INS-000002,Senador (1º suplente),eleito,2019-02-01,,FNT-000005
CRG-004565,ATR-002606,INS-000002,Senador (2º suplente),eleito,2019-02-01,,FNT-000005
CRG-004566,ATR-002607,INS-000002,Senador (titular),eleito,2019-02-01,,FNT-000005
CRG-004567,ATR-002608,INS-000002,Senador (2º suplente),eleito,2019-02-01,,FNT-000005
CRG-004568,ATR-002609,INS-000002,Senador (2º suplente),eleito,2019-02-01,,FNT-000005
CRG-004569,ATR-002610,INS-000002,Senador (2º suplente),eleito,2019-02-01,,FNT-000005
CRG-004570,ATR-002611,INS-000002,Senador (titular),eleito,2019-02-01,,FNT-000005
CRG-004571,ATR-002612,INS-000002,Senador (2º suplente),eleito,2019-02-01,,FNT-000005
CRG-004572,ATR-002613,INS-000002,Senador (2º suplente),eleito,2019-02-01,,FNT-000005
CRG-004573,ATR-002614,INS-000002,Senador (titular),eleito,2019-02-01,,FNT-000005
CRG-004574,ATR-002615,INS-000002,Senador (2º suplente),eleito,2019-02-01,,FNT-000005
CRG-004575,ATR-002616,INS-000002,Senador (2º suplente),eleito,2019-02-01,,FNT-000005
CRG-004576,ATR-002617,INS-000002,Senador (2º suplente),eleito,2019-02-01,,FNT-000005
CRG-004577,ATR-002618,INS-000002,Senador (2º suplente),eleito,2019-02-01,,FNT-000005
CRG-004578,ATR-002619,INS-000002,Senador (1º suplente),eleito,2019-02-01,,FNT-000005
CRG-004579,ATR-002620,INS-000002,Senador (1º suplente),eleito,2019-02-01,,FNT-000005
CRG-004580,ATR-002621,INS-000002,Senador (1º suplente),eleito,2019-02-01,,FNT-000005
CRG-004581,ATR-002622,INS-000002,Senador (1º suplente),eleito,2019-02-01,,FNT-000005
CRG-004582,ATR-000658,INS-000002,Senador (1º suplente),eleito,2019-02-01,,FNT-000005
CRG-004583,ATR-000499,INS-000002,Senador (1º suplente),eleito,2019-02-01,,FNT-000005
CRG-004584,ATR-002623,INS-000002,Senador (2º suplente),eleito,2019-02-01,,FNT-000005
CRG-004585,ATR-001285,INS-000002,Senador (titular),eleito,2019-02-01,,FNT-000005
CRG-004586,ATR-002624,INS-000002,Senador (1º suplente),eleito,2019-02-01,,FNT-000005
CRG-004587,ATR-002625,INS-000002,Senador (2º suplente),eleito,2019-02-01,,FNT-000005
CRG-004588,ATR-002626,INS-000002,Senador (1º suplente),eleito,2019-02-01,,FNT-000005
CRG-004589,ATR-002006,INS-000002,Senador (2º suplente),eleito,2019-02-01,,FNT-000005
CRG-004590,ATR-002627,INS-000002,Senador (2º suplente),eleito,2019-02-01,,FNT-000005
CRG-004591,ATR-001203,INS-000002,Senador (1º suplente),eleito,2019-02-01,,FNT-000005
CRG-004592,ATR-002628,INS-000002,Senador (1º suplente),eleito,2019-02-01,,FNT-000005
CRG-004593,ATR-002629,INS-000002,Senador (1º suplente),eleito,2019-02-01,,FNT-000005
CRG-004594,ATR-001834,INS-000002,Senador (1º suplente),eleito,2019-02-01,,FNT-000005
CRG-004595,ATR-002630,INS-000002,Senador (titular),eleito,2019-02-01,,FNT-000005
CRG-004596,ATR-001375,INS-000002,Senador (titular),eleito,2019-02-01,,FNT-000005
CRG-004597,ATR-001118,INS-000002,Senador (titular),eleito,2019-02-01,,FNT-000005
CRG-004598,ATR-002631,INS-000002,Senador (2º suplente),eleito,2019-02-01,,FNT-000005
CRG-004599,ATR-002632,INS-000002,Senador (1º suplente),eleito,2019-02-01,,FNT-000005
CRG-004600,ATR-002633,INS-000002,Senador (2º suplente),eleito,2019-02-01,,FNT-000005
CRG-004601,ATR-002634,INS-000002,Senador (1º suplente),eleito,2019-02-01,,FNT-000005
CRG-004602,ATR-002635,INS-000002,Senador (2º suplente),eleito,2019-02-01,,FNT-000005
CRG-004603,ATR-002636,INS-000002,Senador (1º suplente),eleito,2019-02-01,,FNT-000005
CRG-004604,ATR-002637,INS-000002,Senador (titular),eleito,2019-02-01,,FNT-000005
CRG-004605,ATR-002638,INS-000002,Senador (titular),eleito,2019-02-01,,FNT-000005
CRG-004606,ATR-002639,INS-000002,Senador (2º suplente),eleito,2019-02-01,,FNT-000005
CRG-004607,ATR-002640,INS-000002,Senador (2º suplente),eleito,2019-02-01,,FNT-000005
CRG-004608,ATR-002641,INS-000002,Senador (2º suplente),eleito,2019-02-01,,FNT-000005
CRG-004609,ATR-002642,INS-000002,Senador (titular),eleito,2019-02-01,,FNT-000005
CRG-004610,ATR-001391,INS-000002,Senador (titular),eleito,2019-02-01,,FNT-000005
CRG-004611,ATR-002643,INS-000002,Senador (1º suplente),eleito,2019-02-01,,FNT-000005
CRG-004612,ATR-000699,INS-000002,Senador (1º suplente),eleito,2019-02-01,,FNT-000005
CRG-004613,ATR-002644,INS-000002,Senador (titular),eleito,2019-02-01,,FNT-000005
CRG-004614,ATR-001427,INS-000002,Senador (titular),eleito,2019-02-01,,FNT-000005
CRG-004615,ATR-000191,INS-000002,Senador (titular),eleito,2019-02-01,,FNT-000005
CRG-004616,ATR-002645,INS-000002,Senador (2º suplente),eleito,2023-02-01,,FNT-000005
CRG-004617,ATR-002646,INS-000002,Senador (2º suplente),eleito,2023-02-01,,FNT-000005
CRG-004618,ATR-001314,INS-000002,Senador (titular),eleito,2023-02-01,,FNT-000005
CRG-004619,ATR-002647,INS-000002,Senador (1º suplente),eleito,2023-02-01,,FNT-000005
CRG-004620,ATR-002648,INS-000002,Senador (2º suplente),eleito,2023-02-01,,FNT-000005
CRG-004621,ATR-002649,INS-000002,Senador (1º suplente),eleito,2023-02-01,,FNT-000005
CRG-004622,ATR-002650,INS-000002,Senador (2º suplente),eleito,2023-02-01,,FNT-000005
CRG-004623,ATR-001519,INS-000002,Senador (1º suplente),eleito,2023-02-01,,FNT-000005
CRG-004624,ATR-002651,INS-000002,Senador (titular),eleito,2023-02-01,,FNT-000005
CRG-004625,ATR-002652,INS-000002,Senador (1º suplente),eleito,2023-02-01,,FNT-000005
CRG-004626,ATR-000798,INS-000002,Senador (titular),eleito,2023-02-01,,FNT-000005
CRG-004627,ATR-002653,INS-000002,Senador (2º suplente),eleito,2023-02-01,,FNT-000005
CRG-004628,ATR-002654,INS-000002,Senador (1º suplente),eleito,2023-02-01,,FNT-000005
CRG-004629,ATR-002655,INS-000002,Senador (titular),eleito,2023-02-01,,FNT-000005
CRG-004630,ATR-002656,INS-000002,Senador (1º suplente),eleito,2023-02-01,,FNT-000005
CRG-004631,ATR-002657,INS-000002,Senador (titular),eleito,2023-02-01,,FNT-000005
CRG-004632,ATR-002658,INS-000002,Senador (2º suplente),eleito,2023-02-01,,FNT-000005
CRG-004633,ATR-002659,INS-000002,Senador (2º suplente),eleito,2023-02-01,,FNT-000005
CRG-004634,ATR-002660,INS-000002,Senador (titular),eleito,2023-02-01,,FNT-000005
CRG-004635,ATR-002661,INS-000002,Senador (2º suplente),eleito,2023-02-01,,FNT-000005
CRG-004636,ATR-002662,INS-000002,Senador (titular),eleito,2023-02-01,,FNT-000005
CRG-004637,ATR-000853,INS-000002,Senador (titular),eleito,2023-02-01,,FNT-000005
CRG-004638,ATR-002663,INS-000002,Senador (2º suplente),eleito,2023-02-01,,FNT-000005
CRG-004639,ATR-002664,INS-000002,Senador (2º suplente),eleito,2023-02-01,,FNT-000005
CRG-004640,ATR-002665,INS-000002,Senador (1º suplente),eleito,2023-02-01,,FNT-000005
CRG-004641,ATR-002666,INS-000002,Senador (1º suplente),eleito,2023-02-01,,FNT-000005
CRG-004642,ATR-000867,INS-000002,Senador (titular),eleito,2023-02-01,,FNT-000005
CRG-004643,ATR-002667,INS-000002,Senador (2º suplente),eleito,2023-02-01,,FNT-000005
CRG-004644,ATR-002668,INS-000002,Senador (1º suplente),eleito,2023-02-01,,FNT-000005
CRG-004645,ATR-002669,INS-000002,Senador (titular),eleito,2023-02-01,,FNT-000005
CRG-004646,ATR-002670,INS-000002,Senador (1º suplente),eleito,2023-02-01,,FNT-000005
CRG-004647,ATR-002671,INS-000002,Senador (2º suplente),eleito,2023-02-01,,FNT-000005
CRG-004648,ATR-002672,INS-000002,Senador (2º suplente),eleito,2023-02-01,,FNT-000005
CRG-004649,ATR-002673,INS-000002,Senador (2º suplente),eleito,2023-02-01,,FNT-000005
CRG-004650,ATR-002674,INS-000002,Senador (1º suplente),eleito,2023-02-01,,FNT-000005
CRG-004651,ATR-002675,INS-000002,Senador (titular),eleito,2023-02-01,,FNT-000005
CRG-004652,ATR-002676,INS-000002,Senador (2º suplente),eleito,2023-02-01,,FNT-000005
CRG-004653,ATR-002677,INS-000002,Senador (1º suplente),eleito,2023-02-01,,FNT-000005
CRG-004654,ATR-002678,INS-000002,Senador (titular),eleito,2023-02-01,,FNT-000005
CRG-004655,ATR-002679,INS-000002,Senador (1º suplente),eleito,2023-02-01,,FNT-000005
CRG-004656,ATR-002680,INS-000002,Senador (1º suplente),eleito,2023-02-01,,FNT-000005
CRG-004657,ATR-002681,INS-000002,Senador (1º suplente),eleito,2023-02-01,,FNT-000005
CRG-004658,ATR-001018,INS-000002,Senador (titular),eleito,2023-02-01,,FNT-000005
CRG-004659,ATR-002682,INS-000002,Senador (2º suplente),eleito,2023-02-01,,FNT-000005
CRG-004660,ATR-001592,INS-000002,Senador (1º suplente),eleito,2023-02-01,,FNT-000005
CRG-004661,ATR-002683,INS-000002,Senador (2º suplente),eleito,2023-02-01,,FNT-000005
CRG-004662,ATR-002684,INS-000002,Senador (1º suplente),eleito,2023-02-01,,FNT-000005
CRG-004663,ATR-002685,INS-000002,Senador (1º suplente),eleito,2023-02-01,,FNT-000005
CRG-004664,ATR-002686,INS-000002,Senador (1º suplente),eleito,2023-02-01,,FNT-000005
CRG-004665,ATR-002687,INS-000002,Senador (2º suplente),eleito,2023-02-01,,FNT-000005
CRG-004666,ATR-002688,INS-000002,Senador (1º suplente),eleito,2023-02-01,,FNT-000005
CRG-004667,ATR-002689,INS-000002,Senador (2º suplente),eleito,2023-02-01,,FNT-000005
CRG-004668,ATR-002690,INS-000002,Senador (2º suplente),eleito,2023-02-01,,FNT-000005
CRG-004669,ATR-002691,INS-000002,Senador (1º suplente),eleito,2023-02-01,,FNT-000005
CRG-004670,ATR-002692,INS-000002,Senador (titular),eleito,2023-02-01,,FNT-000005
CRG-004671,ATR-002693,INS-000002,Senador (1º suplente),eleito,2023-02-01,,FNT-000005
CRG-004672,ATR-001172,INS-000002,Senador (titular),eleito,2023-02-01,,FNT-000005
CRG-004673,ATR-002694,INS-000002,Senador (2º suplente),eleito,2023-02-01,,FNT-000005
CRG-004674,ATR-000966,INS-000002,Senador (titular),eleito,2023-02-01,,FNT-000005
CRG-004675,ATR-002695,INS-000002,Senador (2º suplente),eleito,2023-02-01,,FNT-000005
CRG-004676,ATR-002696,INS-000002,Senador (titular),eleito,2023-02-01,,FNT-000005
CRG-004677,ATR-000006,INS-000002,Senador (1º suplente),eleito,2023-02-01,,FNT-000005
CRG-004678,ATR-002697,INS-000002,Senador (2º suplente),eleito,2023-02-01,,FNT-000005
CRG-004679,ATR-002698,INS-000002,Senador (2º suplente),eleito,2023-02-01,,FNT-000005
CRG-004680,ATR-002699,INS-000002,Senador (1º suplente),eleito,2023-02-01,,FNT-000005
CRG-004681,ATR-002700,INS-000002,Senador (1º suplente),eleito,2023-02-01,,FNT-000005
CRG-004682,ATR-002701,INS-000002,Senador (titular),eleito,2023-02-01,,FNT-000005
CRG-004683,ATR-001379,INS-000002,Senador (titular),eleito,2023-02-01,,FNT-000005
CRG-004684,ATR-002702,INS-000002,Senador (2º suplente),eleito,2023-02-01,,FNT-000005
CRG-004685,ATR-002703,INS-000002,Senador (titular),eleito,2023-02-01,,FNT-000005
