id_fase,id_processo,data,fase,id_orgao_julgador,resumo,id_fonte
FAS-000008,PRC-000010,2018-06-29,declinio_competencia,INS-000378,Incompetência,FNT-000013
FAS-000022,PRC-000023,2018-03-21,arquivamento_inquerito,INS-000378,Determinação de arquivamento de procedimentos investigatórios,FNT-000013
FAS-000023,PRC-000024,2018-08-06,declinio_competencia,INS-000378,Incompetência,FNT-000013
FAS-000026,PRC-000026,2018-06-29,declinio_competencia,INS-000378,Incompetência,FNT-000013
FAS-000028,PRC-000027,2018-08-02,declinio_competencia,INS-000378,Incompetência,FNT-000013
FAS-000029,PRC-000028,2018-05-07,declinio_competencia,INS-000378,Incompetência,FNT-000013
FAS-000031,PRC-000029,2018-07-03,declinio_competencia,INS-000378,Incompetência,FNT-000013
FAS-000035,PRC-000032,2017-12-11,declinio_competencia,INS-000378,Incompetência,FNT-000013
FAS-000039,PRC-000035,2019-03-12,declinio_competencia,INS-000378,Incompetência,FNT-000013
FAS-000045,PRC-000037,2018-06-21,declinio_competencia,INS-000378,Incompetência,FNT-000013
FAS-000048,PRC-000040,2019-06-05,arquivamento_inquerito,INS-000378,Determinação de arquivamento de procedimentos investigatórios,FNT-000013
FAS-000064,PRC-000049,2018-06-28,declinio_competencia,INS-000378,Incompetência,FNT-000013
FAS-000069,PRC-000050,2015-10-21,arquivamento_inquerito,INS-000378,Determinação de arquivamento de procedimentos investigatórios,FNT-000013
FAS-000073,PRC-000050,2018-06-21,declinio_competencia,INS-000378,Incompetência,FNT-000013
FAS-000075,PRC-000051,2019-10-02,declinio_competencia,INS-000378,Incompetência,FNT-000013
FAS-000089,PRC-000057,2024-10-02,arquivamento_inquerito,INS-000378,Determinação de arquivamento de procedimentos investigatórios,FNT-000013
FAS-000097,PRC-000063,2021-12-16,declinio_competencia,INS-000378,Incompetência,FNT-000013
FAS-000100,PRC-000065,2021-10-21,arquivamento_inquerito,INS-000378,Determinação de arquivamento de procedimentos investigatórios,FNT-000013
FAS-000101,PRC-000066,2021-05-04,declinio_competencia,INS-000378,Incompetência,FNT-000013
FAS-000105,PRC-000068,2021-03-25,declinio_competencia,INS-000378,Incompetência,FNT-000013
FAS-000113,PRC-000073,2023-06-14,arquivamento_inquerito,INS-000378,Determinação de arquivamento de procedimentos investigatórios,FNT-000013
FAS-000121,PRC-000079,2022-08-08,declinio_competencia,INS-000378,Incompetência,FNT-000013
FAS-000125,PRC-000082,2021-03-23,arquivamento_inquerito,INS-000378,Determinação de arquivamento de procedimentos investigatórios,FNT-000013
FAS-000135,PRC-000086,2021-05-03,declinio_competencia,INS-000378,Incompetência,FNT-000013
FAS-000138,PRC-000088,2022-07-19,arquivamento_inquerito,INS-000378,Determinação de arquivamento de procedimentos investigatórios,FNT-000013
FAS-000140,PRC-000089,2021-05-03,declinio_competencia,INS-000378,Incompetência,FNT-000013
FAS-000146,PRC-000092,2020-12-09,declinio_competencia,INS-000378,Incompetência,FNT-000013
FAS-000147,PRC-000093,2021-02-12,declinio_competencia,INS-000378,Incompetência,FNT-000013
FAS-000148,PRC-000093,2023-02-02,declinio_competencia,INS-000378,Incompetência,FNT-000013
FAS-000156,PRC-000100,2019-10-11,declinio_competencia,INS-000378,Incompetência,FNT-000013
FAS-000196,PRC-000112,2020-11-20,declinio_competencia,INS-000378,Incompetência,FNT-000013
FAS-000198,PRC-000114,2021-02-17,declinio_competencia,INS-000378,Incompetência,FNT-000013
FAS-000202,PRC-000116,2022-05-27,declinio_competencia,INS-000378,Incompetência,FNT-000013
FAS-000209,PRC-000118,2021-11-08,declinio_competencia,INS-000378,Incompetência,FNT-000013
FAS-000211,PRC-000119,2021-04-30,declinio_competencia,INS-000378,Incompetência,FNT-000013
FAS-000215,PRC-000120,2026-03-25,arquivamento_inquerito,INS-000378,Determinação de arquivamento de procedimentos investigatórios,FNT-000013
FAS-000221,PRC-000123,2019-03-26,declinio_competencia,INS-000378,Incompetência,FNT-000013
FAS-000225,PRC-000124,2025-11-06,declinio_competencia,INS-000378,Incompetência,FNT-000013
FAS-000226,PRC-000124,2025-11-27,declinio_competencia,INS-000378,Incompetência,FNT-000013
FAS-000236,PRC-000130,2022-05-30,declinio_competencia,INS-000378,Incompetência,FNT-000013
FAS-000239,PRC-000130,2023-04-03,arquivamento_inquerito,INS-000378,Determinação de arquivamento de procedimentos investigatórios,FNT-000013
FAS-000246,PRC-000133,2019-05-15,declinio_competencia,INS-000378,Incompetência,FNT-000013
FAS-000250,PRC-000136,2021-06-16,declinio_competencia,INS-000378,Incompetência,FNT-000013
FAS-000270,PRC-000156,2020-02-28,arquivamento_inquerito,INS-000378,Determinação de arquivamento de procedimentos investigatórios,FNT-000013
FAS-000303,PRC-000170,2023-09-11,declinio_competencia,INS-000378,Incompetência,FNT-000013
FAS-000314,PRC-000175,2023-06-27,declinio_competencia,INS-000378,Incompetência,FNT-000013
FAS-000318,PRC-000176,2022-05-30,declinio_competencia,INS-000378,Incompetência,FNT-000013
FAS-000319,PRC-000176,2022-05-30,declinio_competencia,INS-000378,Incompetência,FNT-000013
FAS-000322,PRC-000177,2022-05-30,declinio_competencia,INS-000378,Incompetência,FNT-000013
FAS-000324,PRC-000179,2021-05-19,declinio_competencia,INS-000378,Incompetência,FNT-000013
FAS-000332,PRC-000184,2021-06-10,declinio_competencia,INS-000378,Incompetência,FNT-000013
FAS-000336,PRC-000185,2025-06-11,declinio_competencia,INS-000378,Incompetência,FNT-000013
FAS-000348,PRC-000195,2021-07-02,declinio_competencia,INS-000378,Incompetência,FNT-000013
FAS-000354,PRC-000196,2019-05-16,declinio_competencia,INS-000378,Incompetência,FNT-000013
FAS-000357,PRC-000197,2021-05-04,declinio_competencia,INS-000378,Incompetência,FNT-000013
FAS-000363,PRC-000202,2022-06-07,declinio_competencia,INS-000378,Incompetência,FNT-000013
FAS-000366,PRC-000203,2023-06-22,declinio_competencia,INS-000378,Incompetência,FNT-000013
FAS-000368,PRC-000204,2024-08-21,declinio_competencia,INS-000378,Incompetência,FNT-000013
FAS-000370,PRC-002065,2007-12-05,declinio_competencia,INS-001525,Declinada a competência (tribunal pleno),FNT-000046
FAS-000371,PRC-002071,2010-12-17,declinio_competencia,INS-001525,Declinada a competência (monocrática),FNT-000046
FAS-000372,PRC-002072,2005-03-31,acordao_tribunal_superior,INS-001525,JULGAMENTO DO PLENO - IMPROCEDENTE (tribunal pleno),FNT-000046
FAS-000373,PRC-002073,2008-05-15,extincao_punibilidade,INS-001525,Declarada a extinção da punibilidade (monocrática),FNT-000046
FAS-000374,PRC-002073,2015-08-25,extincao_punibilidade,INS-001525,Declarada a extinção da punibilidade (1ª turma),FNT-000046
FAS-000375,PRC-002075,2005-11-03,declinio_competencia,INS-001525,DECISÃO DO(A) RELATOR(A) - DECLINANDO DA COMPETÊNCIA (monocrática),FNT-000046
FAS-000376,PRC-002076,2011-02-02,extincao_punibilidade,INS-001525,Declarada a extinção da punibilidade (monocrática),FNT-000046
FAS-000377,PRC-002076,2014-05-16,extincao_punibilidade,INS-001525,Declarada a extinção da punibilidade (monocrática),FNT-000046
FAS-000378,PRC-002078,2014-12-16,acordao_tribunal_superior,INS-001525,Improcedente (1ª turma),FNT-000046
FAS-000379,PRC-002079,2006-12-15,acordao_tribunal_superior,INS-001525,JULGAMENTO DO PLENO - IMPROCEDENTE (tribunal pleno),FNT-000046
FAS-000380,PRC-002084,2008-10-24,declinio_competencia,INS-001525,Declinada a competência (monocrática),FNT-000046
FAS-000381,PRC-002085,2004-10-27,acordao_tribunal_superior,INS-001525,JULGAMENTO DO PLENO - IMPROCEDENTE (tribunal pleno),FNT-000046
FAS-000382,PRC-002088,2011-03-25,declinio_competencia,INS-001525,Declinada a competência (monocrática),FNT-000046
FAS-000383,PRC-002091,2009-07-07,extincao_punibilidade,INS-001525,Declarada a extinção da punibilidade (monocrática),FNT-000046
FAS-000384,PRC-002094,2004-12-09,recebimento_denuncia,INS-001525,JULG. DO PLENO - RECEBIDA A DENUNCIA (tribunal pleno),FNT-000046
FAS-000385,PRC-002098,2008-02-27,declinio_competencia,INS-001525,Declinada a competência (monocrática),FNT-000046
FAS-000386,PRC-002102,2010-12-16,acordao_tribunal_superior,INS-001525,Improcedente (tribunal pleno),FNT-000046
FAS-000387,PRC-002104,2015-09-02,extincao_punibilidade,INS-001525,Declarada a extinção da punibilidade (monocrática),FNT-000046
FAS-000388,PRC-002105,2004-10-27,acordao_tribunal_superior,INS-001525,JULGAMENTO DO PLENO - IMPROCEDENTE (tribunal pleno),FNT-000046
FAS-000389,PRC-002106,2006-05-05,declinio_competencia,INS-001525,DECISÃO DO(A) RELATOR(A) - DECLINANDO DA COMPETÊNCIA (monocrática),FNT-000046
FAS-000390,PRC-002111,2004-12-20,declinio_competencia,INS-001525,DECISÃO DO(A) RELATOR(A) - DECLINANDO DA COMPETÊNCIA (monocrática),FNT-000046
FAS-000391,PRC-002120,2010-10-28,acordao_tribunal_superior,INS-001525,Procedente (tribunal pleno),FNT-000046
FAS-000392,PRC-002120,2019-10-16,extincao_punibilidade,INS-001525,Declarada a extinção da punibilidade (monocrática),FNT-000046
FAS-000393,PRC-002121,2011-02-09,declinio_competencia,INS-001525,Declinada a competência (monocrática),FNT-000046
FAS-000394,PRC-002121,2015-09-02,extincao_punibilidade,INS-001525,Declarada a extinção da punibilidade (monocrática),FNT-000046
FAS-000395,PRC-002122,2015-09-01,extincao_punibilidade,INS-001525,Declarada a extinção da punibilidade (monocrática),FNT-000046
FAS-000396,PRC-002123,2014-02-28,extincao_punibilidade,INS-001525,Declarada a extinção da punibilidade (monocrática),FNT-000046
FAS-000397,PRC-002125,2007-03-28,declinio_competencia,INS-001525,DECISÃO DO(A) RELATOR(A) - DECLINANDO DA COMPETÊNCIA (monocrática),FNT-000046
FAS-000398,PRC-002127,2014-09-23,extincao_punibilidade,INS-001525,Declarada a extinção da punibilidade (1ª turma),FNT-000046
FAS-000399,PRC-002132,2010-05-13,acordao_tribunal_superior,INS-001525,Procedente (tribunal pleno),FNT-000046
FAS-000400,PRC-002132,2011-02-01,declinio_competencia,INS-001525,Declinada a competência (monocrática),FNT-000046
FAS-000401,PRC-002138,2013-08-29,extincao_punibilidade,INS-001525,Declarada a extinção da punibilidade (monocrática),FNT-000046
FAS-000402,PRC-002139,2012-03-08,acordao_tribunal_superior,INS-001525,Improcedente (tribunal pleno),FNT-000046
FAS-000403,PRC-002140,2015-02-05,declinio_competencia,INS-001525,Declinada a competência (monocrática),FNT-000046
FAS-000404,PRC-002141,2011-02-17,declinio_competencia,INS-001525,Declinada a competência (monocrática),FNT-000046
FAS-000405,PRC-002142,2011-03-17,declinio_competencia,INS-001525,Declinada a competência (monocrática),FNT-000046
FAS-000406,PRC-002142,2013-12-05,declinio_competencia,INS-001525,Declinada a competência (monocrática),FNT-000046
FAS-000407,PRC-002143,2015-04-28,acordao_tribunal_superior,INS-001525,Improcedente (1ª turma),FNT-000046
FAS-000408,PRC-002145,2007-10-31,acordao_tribunal_superior,INS-001525,JULGAMENTO DO PLENO - IMPROCEDENTE (tribunal pleno),FNT-000046
FAS-000409,PRC-002146,2009-03-18,extincao_punibilidade,INS-001525,Declarada a extinção da punibilidade (monocrática),FNT-000046
FAS-000410,PRC-002147,2015-07-15,declinio_competencia,INS-001525,Declinada a competência (monocrática),FNT-000046
FAS-000411,PRC-002150,2008-08-07,acordao_tribunal_superior,INS-001525,Improcedente (tribunal pleno),FNT-000046
FAS-000412,PRC-002151,2008-04-09,extincao_punibilidade,INS-001525,Declarada a extinção da punibilidade (monocrática),FNT-000046
FAS-000413,PRC-002151,2011-02-02,declinio_competencia,INS-001525,Declinada a competência (monocrática),FNT-000046
FAS-000414,PRC-002152,2013-10-10,acordao_tribunal_superior,INS-001525,Procedente em parte (tribunal pleno),FNT-000046
FAS-000415,PRC-002153,2010-03-11,acordao_tribunal_superior,INS-001525,Improcedente (tribunal pleno),FNT-000046
FAS-000416,PRC-002154,2011-02-09,declinio_competencia,INS-001525,Declinada a competência (monocrática),FNT-000046
FAS-000417,PRC-002156,2011-03-16,declinio_competencia,INS-001525,Declinada a competência (monocrática),FNT-000046
FAS-000418,PRC-002157,2009-04-06,extincao_punibilidade,INS-001525,Declarada a extinção da punibilidade (monocrática),FNT-000046
FAS-000419,PRC-002159,2008-06-12,acordao_tribunal_superior,INS-001525,Improcedente (tribunal pleno),FNT-000046
FAS-000420,PRC-002160,2012-03-08,acordao_tribunal_superior,INS-001525,Procedente (tribunal pleno),FNT-000046
FAS-000421,PRC-002161,2013-03-13,declinio_competencia,INS-001525,Declinada a competência (monocrática),FNT-000046
FAS-000422,PRC-002163,2011-02-25,declinio_competencia,INS-001525,Declinada a competência (monocrática),FNT-000046
FAS-000423,PRC-002164,2009-02-18,acordao_tribunal_superior,INS-001525,Improcedente (tribunal pleno),FNT-000046
FAS-000424,PRC-002165,2014-02-24,extincao_punibilidade,INS-001525,Declarada a extinção da punibilidade (monocrática),FNT-000046
FAS-000425,PRC-002166,2007-11-14,extincao_punibilidade,INS-001525,Declarada a extinção da punibilidade (monocrática),FNT-000046
FAS-000426,PRC-002167,2011-03-03,declinio_competencia,INS-001525,Declinada a competência (monocrática),FNT-000046
FAS-000427,PRC-002167,2014-11-18,acordao_tribunal_superior,INS-001525,Improcedente (2ª turma),FNT-000046
FAS-000428,PRC-002168,2013-09-30,extincao_punibilidade,INS-001525,Declarada a extinção da punibilidade (monocrática),FNT-000046
FAS-000429,PRC-002169,2010-08-27,declinio_competencia,INS-001525,Declinada a competência (monocrática),FNT-000046
FAS-000430,PRC-002170,2010-08-27,declinio_competencia,INS-001525,Declinada a competência (monocrática),FNT-000046
FAS-000431,PRC-002171,2009-06-12,extincao_punibilidade,INS-001525,Declarada a extinção da punibilidade (monocrática),FNT-000046
FAS-000432,PRC-002172,2008-06-11,declinio_competencia,INS-001525,Declinada a competência (monocrática),FNT-000046
FAS-000433,PRC-002173,2010-08-27,declinio_competencia,INS-001525,Declinada a competência (monocrática),FNT-000046
FAS-000434,PRC-002174,2010-08-27,declinio_competencia,INS-001525,Declinada a competência (monocrática),FNT-000046
FAS-000435,PRC-002175,2010-08-27,declinio_competencia,INS-001525,Declinada a competência (monocrática),FNT-000046
FAS-000436,PRC-002176,2014-04-11,acordao_tribunal_superior,INS-001525,Improcedente (tribunal pleno),FNT-000046
FAS-000437,PRC-002177,2015-11-26,extincao_punibilidade,INS-001525,Declarada a extinção da punibilidade (monocrática),FNT-000046
FAS-000438,PRC-002178,2009-06-25,acordao_tribunal_superior,INS-001525,Improcedente (tribunal pleno),FNT-000046
FAS-000439,PRC-002179,2009-05-25,extincao_punibilidade,INS-001525,Declarada a extinção da punibilidade (monocrática),FNT-000046
FAS-000440,PRC-002180,2015-02-05,extincao_punibilidade,INS-001525,Declarada a extinção da punibilidade (monocrática),FNT-000046
FAS-000441,PRC-002180,2016-04-26,extincao_punibilidade,INS-001525,Declarada a extinção da punibilidade (2ª turma),FNT-000046
FAS-000442,PRC-002181,2014-04-24,acordao_tribunal_superior,INS-001525,Improcedente (tribunal pleno),FNT-000046
FAS-000443,PRC-002182,2011-04-01,declinio_competencia,INS-001525,Declinada a competência (monocrática),FNT-000046
FAS-000444,PRC-002183,2008-08-12,declinio_competencia,INS-001525,Declinada a competência (monocrática),FNT-000046
FAS-000445,PRC-002183,2013-12-09,extincao_punibilidade,INS-001525,Declarada a extinção da punibilidade (monocrática),FNT-000046
FAS-000446,PRC-002184,2010-08-27,declinio_competencia,INS-001525,Declinada a competência (monocrática),FNT-000046
FAS-000447,PRC-002185,2009-04-06,extincao_punibilidade,INS-001525,Declarada a extinção da punibilidade (monocrática),FNT-000046
FAS-000448,PRC-002186,2012-12-17,acordao_tribunal_superior,INS-001525,Procedente em parte (tribunal pleno),FNT-000046
FAS-000449,PRC-002189,2012-09-12,acordao_tribunal_superior,INS-001525,Improcedente (tribunal pleno),FNT-000046
FAS-000450,PRC-002190,2011-02-02,declinio_competencia,INS-001525,Declinada a competência (monocrática),FNT-000046
FAS-000451,PRC-002193,2011-02-17,declinio_competencia,INS-001525,Declinada a competência (monocrática),FNT-000046
FAS-000452,PRC-002194,2011-09-08,acordao_tribunal_superior,INS-001525,Procedente em parte (tribunal pleno),FNT-000046
FAS-000453,PRC-002197,2010-08-27,declinio_competencia,INS-001525,Declinada a competência (monocrática),FNT-000046
FAS-000454,PRC-002198,2008-09-05,declinio_competencia,INS-001525,Declinada a competência (monocrática),FNT-000046
FAS-000455,PRC-002198,2011-05-25,declinio_competencia,INS-001525,Declinada a competência (monocrática),FNT-000046
FAS-000456,PRC-002198,2012-12-17,declinio_competencia,INS-001525,Declinada a competência (monocrática),FNT-000046
FAS-000457,PRC-002200,2011-05-19,declinio_competencia,INS-001525,Declinada a competência (monocrática),FNT-000046
FAS-000458,PRC-002201,2009-10-26,declinio_competencia,INS-001525,Declinada a competência (monocrática),FNT-000046
FAS-000459,PRC-002202,2015-02-03,declinio_competencia,INS-001525,Declinada a competência (monocrática),FNT-000046
FAS-000460,PRC-002203,2011-02-01,declinio_competencia,INS-001525,Declinada a competência (monocrática),FNT-000046
FAS-000461,PRC-002205,2008-09-09,declinio_competencia,INS-001525,Declinada a competência (monocrática),FNT-000046
FAS-000462,PRC-002205,2010-06-16,declinio_competencia,INS-001525,Declinada a competência (monocrática),FNT-000046
FAS-000463,PRC-002206,2010-05-13,declinio_competencia,INS-001525,Declinada a competência (monocrática),FNT-000046
FAS-000464,PRC-002207,2014-10-07,acordao_tribunal_superior,INS-001525,Improcedente (1ª turma),FNT-000046
FAS-000465,PRC-002208,2010-12-17,declinio_competencia,INS-001525,Declinada a competência (monocrática),FNT-000046
FAS-000466,PRC-002208,2015-08-18,extincao_punibilidade,INS-001525,Declarada a extinção da punibilidade (1ª turma),FNT-000046
FAS-000467,PRC-002209,2015-02-05,declinio_competencia,INS-001525,Declinada a competência (monocrática),FNT-000046
FAS-000468,PRC-002210,2010-08-27,declinio_competencia,INS-001525,Declinada a competência (monocrática),FNT-000046
FAS-000469,PRC-002211,2011-02-25,declinio_competencia,INS-001525,Declinada a competência (monocrática),FNT-000046
FAS-000470,PRC-002212,2009-02-27,declinio_competencia,INS-001525,Declinada a competência (monocrática),FNT-000046
FAS-000471,PRC-002213,2010-05-20,acordao_tribunal_superior,INS-001525,Procedente em parte (tribunal pleno),FNT-000046
FAS-000472,PRC-002214,2011-02-15,declinio_competencia,INS-001525,Declinada a competência (monocrática),FNT-000046
FAS-000473,PRC-002215,2010-08-27,declinio_competencia,INS-001525,Declinada a competência (monocrática),FNT-000046
FAS-000474,PRC-002216,2010-08-27,declinio_competencia,INS-001525,Declinada a competência (monocrática),FNT-000046
FAS-000475,PRC-002217,2010-04-22,declinio_competencia,INS-001525,Declinada a competência (monocrática),FNT-000046
FAS-000476,PRC-002218,2020-10-21,declinio_competencia,INS-001525,Declinada a competência (monocrática),FNT-000046
FAS-000477,PRC-002218,2021-08-03,extincao_punibilidade,INS-001525,Declarada a extinção da punibilidade (tribunal pleno),FNT-000046
FAS-000478,PRC-002219,2009-06-29,declinio_competencia,INS-001525,Declinada a competência (monocrática),FNT-000046
FAS-000479,PRC-002220,2015-02-18,declinio_competencia,INS-001525,Declinada a competência (monocrática),FNT-000046
FAS-000480,PRC-002221,2009-11-26,declinio_competencia,INS-001525,Declinada a competência (monocrática),FNT-000046
FAS-000481,PRC-002222,2015-11-17,acordao_tribunal_superior,INS-001525,Improcedente (2ª turma),FNT-000046
FAS-000482,PRC-002223,2009-11-26,declinio_competencia,INS-001525,Declinada a competência (monocrática),FNT-000046
FAS-000483,PRC-002224,2011-02-01,declinio_competencia,INS-001525,Declinada a competência (monocrática),FNT-000046
FAS-000484,PRC-002225,2011-03-09,declinio_competencia,INS-001525,Declinada a competência (monocrática),FNT-000046
FAS-000485,PRC-002226,2010-09-27,acordao_tribunal_superior,INS-001525,Procedente em parte (tribunal pleno),FNT-000046
FAS-000486,PRC-002227,2009-09-16,extincao_punibilidade,INS-001525,Declarada a extinção da punibilidade (monocrática),FNT-000046
FAS-000487,PRC-002228,2010-06-30,extincao_punibilidade,INS-001525,Declarada a extinção da punibilidade (monocrática),FNT-000046
FAS-000488,PRC-002229,2011-04-07,declinio_competencia,INS-001525,Declinada a competência (monocrática),FNT-000046
FAS-000489,PRC-002230,2018-05-10,declinio_competencia,INS-001525,Declinada a competência (monocrática),FNT-000046
FAS-000490,PRC-002231,2014-12-02,acordao_tribunal_superior,INS-001525,Improcedente (1ª turma),FNT-000046
FAS-000491,PRC-002232,2014-12-09,acordao_tribunal_superior,INS-001525,Improcedente (1ª turma),FNT-000046
FAS-000492,PRC-002233,2015-07-01,declinio_competencia,INS-001525,Declinada a competência (monocrática),FNT-000046
FAS-000493,PRC-002234,2011-02-14,declinio_competencia,INS-001525,Declinada a competência (monocrática),FNT-000046
FAS-000494,PRC-002236,2018-06-12,acordao_tribunal_superior,INS-001525,Improcedente (2ª turma),FNT-000046
FAS-000495,PRC-002237,2010-06-04,declinio_competencia,INS-001525,Declinada a competência (monocrática),FNT-000046
FAS-000496,PRC-002238,2014-09-09,extincao_punibilidade,INS-001525,Declarada a extinção da punibilidade (1ª turma),FNT-000046
FAS-000497,PRC-002239,2011-02-08,declinio_competencia,INS-001525,Declinada a competência (monocrática),FNT-000046
FAS-000498,PRC-002241,2011-06-01,declinio_competencia,INS-001525,Declinada a competência (monocrática),FNT-000046
FAS-000499,PRC-002244,2015-02-13,declinio_competencia,INS-001525,Declinada a competência (monocrática),FNT-000046
FAS-000500,PRC-002245,2014-03-21,acordao_tribunal_superior,INS-001525,Improcedente (tribunal pleno),FNT-000046
FAS-000501,PRC-002246,2018-05-16,declinio_competencia,INS-001525,Declinada a competência (monocrática),FNT-000046
FAS-000502,PRC-002246,2020-02-17,declinio_competencia,INS-001525,Declinada a competência (monocrática),FNT-000046
FAS-000503,PRC-002247,2011-02-25,declinio_competencia,INS-001525,Declinada a competência (monocrática),FNT-000046
FAS-000504,PRC-002248,2012-12-17,extincao_punibilidade,INS-001525,Declarada a extinção da punibilidade (monocrática),FNT-000046
FAS-000505,PRC-002249,2011-02-22,declinio_competencia,INS-001525,Declinada a competência (monocrática),FNT-000046
FAS-000506,PRC-002250,2011-02-09,declinio_competencia,INS-001525,Declinada a competência (monocrática),FNT-000046
FAS-000507,PRC-002252,2011-06-06,declinio_competencia,INS-001525,Declinada a competência (monocrática),FNT-000046
FAS-000508,PRC-002253,2011-03-03,declinio_competencia,INS-001525,Declinada a competência (monocrática),FNT-000046
FAS-000509,PRC-002254,2015-05-05,acordao_tribunal_superior,INS-001525,Improcedente (1ª turma),FNT-000046
FAS-000510,PRC-002255,2015-10-06,acordao_tribunal_superior,INS-001525,Improcedente (1ª turma),FNT-000046
FAS-000511,PRC-002256,2014-11-11,acordao_tribunal_superior,INS-001525,Procedente em parte (2ª turma),FNT-000046
FAS-000512,PRC-002257,2014-10-22,extincao_punibilidade,INS-001525,Declarada a extinção da punibilidade (monocrática),FNT-000046
FAS-000513,PRC-002258,2015-05-25,extincao_punibilidade,INS-001525,Declarada a extinção da punibilidade (monocrática),FNT-000046
FAS-000514,PRC-002259,2014-08-26,acordao_tribunal_superior,INS-001525,Improcedente (1ª turma),FNT-000046
FAS-000515,PRC-002260,2015-08-25,acordao_tribunal_superior,INS-001525,Improcedente (2ª turma),FNT-000046
FAS-000516,PRC-002261,2015-02-03,declinio_competencia,INS-001525,Declinada a competência (monocrática),FNT-000046
FAS-000517,PRC-002262,2018-05-09,declinio_competencia,INS-001525,Declinada a competência (monocrática),FNT-000046
FAS-000518,PRC-002264,2013-08-08,acordao_tribunal_superior,INS-001525,Procedente em parte (tribunal pleno),FNT-000046
FAS-000519,PRC-002265,2015-02-09,declinio_competencia,INS-001525,Declinada a competência (monocrática),FNT-000046
FAS-000520,PRC-002269,2013-10-25,declinio_competencia,INS-001525,Declinada a competência (monocrática),FNT-000046
FAS-000521,PRC-002270,2011-05-11,extincao_punibilidade,INS-001525,Declarada a extinção da punibilidade (monocrática),FNT-000046
FAS-000522,PRC-002270,2011-12-01,extincao_punibilidade,INS-001525,Declarada a extinção da punibilidade (monocrática),FNT-000046
FAS-000523,PRC-002271,2011-06-06,declinio_competencia,INS-001525,Declinada a competência (monocrática),FNT-000046
FAS-000524,PRC-002271,2014-11-11,acordao_tribunal_superior,INS-001525,Procedente (2ª turma),FNT-000046
FAS-000525,PRC-002272,2012-08-30,declinio_competencia,INS-001525,Declinada a competência (monocrática),FNT-000046
FAS-000526,PRC-002272,2014-02-28,declinio_competencia,INS-001525,Declinada a competência (monocrática),FNT-000046
FAS-000527,PRC-002272,2014-10-13,declinio_competencia,INS-001525,Declinada a competência (monocrática),FNT-000046
FAS-000528,PRC-002273,2015-02-03,declinio_competencia,INS-001525,Declinada a competência (monocrática),FNT-000046
FAS-000529,PRC-002274,2015-02-04,declinio_competencia,INS-001525,Declinada a competência (monocrática),FNT-000046
FAS-000530,PRC-002275,2015-02-23,declinio_competencia,INS-001525,Declinada a competência (monocrática),FNT-000046
FAS-000531,PRC-002277,2015-02-09,declinio_competencia,INS-001525,Declinada a competência (monocrática),FNT-000046
FAS-000532,PRC-002278,2016-10-18,extincao_punibilidade,INS-001525,Declarada a extinção da punibilidade (1ª turma),FNT-000046
FAS-000533,PRC-002279,2016-12-13,acordao_tribunal_superior,INS-001525,Improcedente (1ª turma),FNT-000046
FAS-000534,PRC-002280,2015-02-03,declinio_competencia,INS-001525,Declinada a competência (monocrática),FNT-000046
FAS-000535,PRC-002281,2014-06-16,extincao_punibilidade,INS-001525,Declarada a extinção da punibilidade (monocrática),FNT-000046
FAS-000536,PRC-002282,2011-10-13,extincao_punibilidade,INS-001525,Declarada a extinção da punibilidade (monocrática),FNT-000046
FAS-000537,PRC-002282,2014-04-24,extincao_punibilidade,INS-001525,Declarada a extinção da punibilidade (monocrática),FNT-000046
FAS-000538,PRC-002286,2012-11-23,declinio_competencia,INS-001525,Declinada a competência (monocrática),FNT-000046
FAS-000539,PRC-002287,2015-02-12,declinio_competencia,INS-001525,Declinada a competência (monocrática),FNT-000046
FAS-000540,PRC-002288,2015-03-02,declinio_competencia,INS-001525,Declinada a competência (monocrática),FNT-000046
FAS-000541,PRC-002289,2013-10-01,extincao_punibilidade,INS-001525,Declarada a extinção da punibilidade (monocrática),FNT-000046
FAS-000542,PRC-002290,2012-02-17,extincao_punibilidade,INS-001525,Declarada a extinção da punibilidade (monocrática),FNT-000046
FAS-000543,PRC-002292,2013-11-07,acordao_tribunal_superior,INS-001525,Improcedente (tribunal pleno),FNT-000046
FAS-000544,PRC-002293,2014-02-05,extincao_punibilidade,INS-001525,Declarada a extinção da punibilidade (monocrática),FNT-000046
FAS-000545,PRC-002294,2019-02-05,declinio_competencia,INS-001525,Declinada a competência (monocrática),FNT-000046
FAS-000546,PRC-002295,2013-03-20,declinio_competencia,INS-001525,Declinada a competência (monocrática),FNT-000046
FAS-000547,PRC-002296,2015-03-11,declinio_competencia,INS-001525,Declinada a competência (monocrática),FNT-000046
FAS-000548,PRC-002297,2011-11-17,extincao_punibilidade,INS-001525,Declarada a extinção da punibilidade (monocrática),FNT-000046
FAS-000549,PRC-002298,2014-06-04,declinio_competencia,INS-001525,Declinada a competência (monocrática),FNT-000046
FAS-000550,PRC-002298,2015-02-13,declinio_competencia,INS-001525,Declinada a competência (monocrática),FNT-000046
FAS-000551,PRC-002299,2014-08-12,declinio_competencia,INS-001525,Declinada a competência (1ª turma),FNT-000046
FAS-000552,PRC-002300,2011-06-10,extincao_punibilidade,INS-001525,Declarada a extinção da punibilidade (monocrática),FNT-000046
FAS-000553,PRC-002300,2015-08-04,extincao_punibilidade,INS-001525,Declarada a extinção da punibilidade (monocrática),FNT-000046
FAS-000554,PRC-002301,2013-10-03,acordao_tribunal_superior,INS-001525,Improcedente (tribunal pleno),FNT-000046
FAS-000555,PRC-002302,2011-09-19,declinio_competencia,INS-001525,Declinada a competência (monocrática),FNT-000046
FAS-000556,PRC-002303,2014-09-30,acordao_tribunal_superior,INS-001525,Improcedente (1ª turma),FNT-000046
FAS-000557,PRC-002304,2014-05-22,acordao_tribunal_superior,INS-001525,Improcedente (tribunal pleno),FNT-000046
FAS-000558,PRC-002306,2012-11-29,extincao_punibilidade,INS-001525,Declarada a extinção da punibilidade (monocrática),FNT-000046
FAS-000559,PRC-002308,2016-12-13,acordao_tribunal_superior,INS-001525,Procedente em parte (2ª turma),FNT-000046
FAS-000560,PRC-002309,2014-11-18,acordao_tribunal_superior,INS-001525,Improcedente (2ª turma),FNT-000046
FAS-000561,PRC-002310,2012-03-01,declinio_competencia,INS-001525,Declinada a competência (monocrática),FNT-000046
FAS-000562,PRC-002312,2014-02-13,declinio_competencia,INS-001525,Declinada a competência (monocrática),FNT-000046
FAS-000563,PRC-002313,2014-03-17,declinio_competencia,INS-001525,Declinada a competência (monocrática),FNT-000046
FAS-000564,PRC-002314,2013-03-05,extincao_punibilidade,INS-001525,Declarada a extinção da punibilidade (monocrática),FNT-000046
FAS-000565,PRC-002315,2015-02-23,declinio_competencia,INS-001525,Declinada a competência (monocrática),FNT-000046
FAS-000566,PRC-002316,2015-02-03,declinio_competencia,INS-001525,Declinada a competência (monocrática),FNT-000046
FAS-000567,PRC-002317,2015-07-01,declinio_competencia,INS-001525,Declinada a competência (monocrática),FNT-000046
FAS-000568,PRC-002317,2016-05-13,declinio_competencia,INS-001525,Declinada a competência (monocrática),FNT-000046
FAS-000569,PRC-002318,2015-03-12,declinio_competencia,INS-001525,Declinada a competência (monocrática),FNT-000046
FAS-000570,PRC-002319,2013-10-24,acordao_tribunal_superior,INS-001525,Improcedente (tribunal pleno),FNT-000046
FAS-000571,PRC-002322,2012-06-15,declinio_competencia,INS-001525,Declinada a competência (monocrática),FNT-000046
FAS-000572,PRC-002323,2013-09-05,declinio_competencia,INS-001525,Declinada a competência (monocrática),FNT-000046
FAS-000573,PRC-002324,2015-02-03,declinio_competencia,INS-001525,Declinada a competência (monocrática),FNT-000046
FAS-000574,PRC-002326,2015-05-27,declinio_competencia,INS-001525,Declinada a competência (monocrática),FNT-000046
FAS-000575,PRC-002328,2013-09-30,extincao_punibilidade,INS-001525,Declarada a extinção da punibilidade (monocrática),FNT-000046
FAS-000576,PRC-002329,2011-11-08,declinio_competencia,INS-001525,Declinada a competência (monocrática),FNT-000046
FAS-000577,PRC-002329,2013-02-22,extincao_punibilidade,INS-001525,Declarada a extinção da punibilidade (monocrática),FNT-000046
FAS-000578,PRC-002330,2018-02-27,acordao_tribunal_superior,INS-001525,Procedente em parte (2ª turma),FNT-000046
FAS-000579,PRC-002332,2015-08-17,declinio_competencia,INS-001525,Declinada a competência (monocrática),FNT-000046
FAS-000580,PRC-002334,2015-09-02,extincao_punibilidade,INS-001525,Declarada a extinção da punibilidade (monocrática),FNT-000046
FAS-000581,PRC-002335,2015-07-22,declinio_competencia,INS-001525,Declinada a competência (monocrática),FNT-000046
FAS-000582,PRC-002336,2014-11-10,extincao_punibilidade,INS-001525,Declarada a extinção da punibilidade (monocrática),FNT-000046
FAS-000583,PRC-002338,2015-09-02,extincao_punibilidade,INS-001525,Declarada a extinção da punibilidade (monocrática),FNT-000046
FAS-000584,PRC-002339,2013-02-07,declinio_competencia,INS-001525,Declinada a competência (monocrática),FNT-000046
FAS-000585,PRC-002340,2012-02-28,declinio_competencia,INS-001525,Declinada a competência (monocrática),FNT-000046
FAS-000586,PRC-002341,2015-02-12,declinio_competencia,INS-001525,Declinada a competência (monocrática),FNT-000046
FAS-000587,PRC-002343,2015-02-09,declinio_competencia,INS-001525,Declinada a competência (monocrática),FNT-000046
FAS-000588,PRC-002344,2015-02-11,declinio_competencia,INS-001525,Declinada a competência (monocrática),FNT-000046
FAS-000589,PRC-002345,2013-09-19,extincao_punibilidade,INS-001525,Declarada a extinção da punibilidade (monocrática),FNT-000046
FAS-000590,PRC-002346,2015-03-11,declinio_competencia,INS-001525,Declinada a competência (monocrática),FNT-000046
FAS-000591,PRC-002347,2013-12-09,extincao_punibilidade,INS-001525,Declarada a extinção da punibilidade (monocrática),FNT-000046
FAS-000592,PRC-002348,2017-10-17,acordao_tribunal_superior,INS-001525,Improcedente (1ª turma),FNT-000046
FAS-000593,PRC-002350,2012-12-05,declinio_competencia,INS-001525,Declinada a competência (monocrática),FNT-000046
FAS-000594,PRC-002350,2014-11-18,acordao_tribunal_superior,INS-001525,Improcedente (1ª turma),FNT-000046
FAS-000595,PRC-002351,2014-02-06,acordao_tribunal_superior,INS-001525,Improcedente (tribunal pleno),FNT-000046
FAS-000596,PRC-002352,2015-02-03,declinio_competencia,INS-001525,Declinada a competência (monocrática),FNT-000046
FAS-000597,PRC-002353,2013-11-20,declinio_competencia,INS-001525,Declinada a competência (monocrática),FNT-000046
FAS-000598,PRC-002354,2015-02-09,declinio_competencia,INS-001525,Declinada a competência (monocrática),FNT-000046
FAS-000599,PRC-002355,2016-08-09,acordao_tribunal_superior,INS-001525,Improcedente (2ª turma),FNT-000046
FAS-000600,PRC-002356,2013-06-10,declinio_competencia,INS-001525,Declinada a competência (monocrática),FNT-000046
FAS-000601,PRC-002357,2015-02-03,declinio_competencia,INS-001525,Declinada a competência (monocrática),FNT-000046
FAS-000602,PRC-002359,2015-03-24,declinio_competencia,INS-001525,Declinada a competência (monocrática),FNT-000046
FAS-000603,PRC-002360,2014-05-08,acordao_tribunal_superior,INS-001525,Improcedente (tribunal pleno),FNT-000046
FAS-000604,PRC-002361,2013-04-09,extincao_punibilidade,INS-001525,Declarada a extinção da punibilidade (monocrática),FNT-000046
FAS-000605,PRC-002362,2013-05-09,extincao_punibilidade,INS-001525,Declarada a extinção da punibilidade (monocrática),FNT-000046
FAS-000606,PRC-002364,2015-03-02,declinio_competencia,INS-001525,Declinada a competência (monocrática),FNT-000046
FAS-000607,PRC-002365,2017-05-02,acordao_tribunal_superior,INS-001525,Procedente (1ª turma),FNT-000046
FAS-000608,PRC-002366,2016-09-06,extincao_punibilidade,INS-001525,Declarada a extinção da punibilidade (1ª turma),FNT-000046
FAS-000609,PRC-002367,2014-02-28,extincao_punibilidade,INS-001525,Declarada a extinção da punibilidade (monocrática),FNT-000046
FAS-000610,PRC-002369,2013-03-20,declinio_competencia,INS-001525,Declinada a competência (monocrática),FNT-000046
FAS-000611,PRC-002370,2013-04-19,extincao_punibilidade,INS-001525,Declarada a extinção da punibilidade (monocrática),FNT-000046
FAS-000612,PRC-002371,2016-02-23,acordao_tribunal_superior,INS-001525,Improcedente (2ª turma),FNT-000046
FAS-000613,PRC-002372,2015-02-20,extincao_punibilidade,INS-001525,Declarada a extinção da punibilidade (monocrática),FNT-000046
FAS-000614,PRC-002373,2015-03-11,declinio_competencia,INS-001525,Declinada a competência (monocrática),FNT-000046
FAS-000615,PRC-002377,2015-02-05,declinio_competencia,INS-001525,Declinada a competência (monocrática),FNT-000046
FAS-000616,PRC-002378,2013-12-11,extincao_punibilidade,INS-001525,Declarada a extinção da punibilidade (monocrática),FNT-000046
FAS-000617,PRC-002379,2015-02-18,declinio_competencia,INS-001525,Declinada a competência (monocrática),FNT-000046
FAS-000618,PRC-002380,2014-04-11,declinio_competencia,INS-001525,Declinada a competência (monocrática),FNT-000046
FAS-000619,PRC-002381,2013-08-30,declinio_competencia,INS-001525,Declinada a competência (monocrática),FNT-000046
FAS-000620,PRC-002382,2013-08-30,declinio_competencia,INS-001525,Declinada a competência (monocrática),FNT-000046
FAS-000621,PRC-002383,2013-08-30,declinio_competencia,INS-001525,Declinada a competência (monocrática),FNT-000046
FAS-000622,PRC-002384,2014-08-18,declinio_competencia,INS-001525,Declinada a competência (monocrática),FNT-000046
FAS-000623,PRC-002385,2013-09-25,declinio_competencia,INS-001525,Declinada a competência (monocrática),FNT-000046
FAS-000624,PRC-002386,2013-10-14,declinio_competencia,INS-001525,Declinada a competência (monocrática),FNT-000046
FAS-000625,PRC-002387,2013-10-14,declinio_competencia,INS-001525,Declinada a competência (monocrática),FNT-000046
FAS-000626,PRC-002388,2013-10-14,declinio_competencia,INS-001525,Declinada a competência (monocrática),FNT-000046
FAS-000627,PRC-002389,2013-10-14,declinio_competencia,INS-001525,Declinada a competência (monocrática),FNT-000046
FAS-000628,PRC-002390,2013-10-14,declinio_competencia,INS-001525,Declinada a competência (monocrática),FNT-000046
FAS-000629,PRC-002391,2013-10-14,declinio_competencia,INS-001525,Declinada a competência (monocrática),FNT-000046
FAS-000630,PRC-002392,2013-10-14,declinio_competencia,INS-001525,Declinada a competência (monocrática),FNT-000046
FAS-000631,PRC-002393,2013-10-14,declinio_competencia,INS-001525,Declinada a competência (monocrática),FNT-000046
FAS-000632,PRC-002394,2013-10-14,declinio_competencia,INS-001525,Declinada a competência (monocrática),FNT-000046
FAS-000633,PRC-002395,2013-10-14,declinio_competencia,INS-001525,Declinada a competência (monocrática),FNT-000046
FAS-000634,PRC-002396,2013-10-14,declinio_competencia,INS-001525,Declinada a competência (monocrática),FNT-000046
FAS-000635,PRC-002397,2013-10-14,declinio_competencia,INS-001525,Declinada a competência (monocrática),FNT-000046
FAS-000636,PRC-002398,2013-10-14,declinio_competencia,INS-001525,Declinada a competência (monocrática),FNT-000046
FAS-000637,PRC-002399,2013-09-26,declinio_competencia,INS-001525,Declinada a competência (monocrática),FNT-000046
FAS-000638,PRC-002400,2013-09-25,declinio_competencia,INS-001525,Declinada a competência (monocrática),FNT-000046
FAS-000639,PRC-002401,2013-09-25,declinio_competencia,INS-001525,Declinada a competência (monocrática),FNT-000046
FAS-000640,PRC-002402,2013-10-28,declinio_competencia,INS-001525,Declinada a competência (monocrática),FNT-000046
FAS-000641,PRC-002403,2013-10-14,declinio_competencia,INS-001525,Declinada a competência (monocrática),FNT-000046
FAS-000642,PRC-002404,2013-10-14,declinio_competencia,INS-001525,Declinada a competência (monocrática),FNT-000046
FAS-000643,PRC-002405,2013-10-28,declinio_competencia,INS-001525,Declinada a competência (monocrática),FNT-000046
FAS-000644,PRC-002406,2013-10-14,declinio_competencia,INS-001525,Declinada a competência (monocrática),FNT-000046
FAS-000645,PRC-002407,2013-10-14,declinio_competencia,INS-001525,Declinada a competência (monocrática),FNT-000046
FAS-000646,PRC-002408,2013-10-14,declinio_competencia,INS-001525,Declinada a competência (monocrática),FNT-000046
FAS-000647,PRC-002409,2013-09-25,declinio_competencia,INS-001525,Declinada a competência (monocrática),FNT-000046
FAS-000648,PRC-002410,2013-09-25,declinio_competencia,INS-001525,Declinada a competência (monocrática),FNT-000046
FAS-000649,PRC-002411,2013-09-25,declinio_competencia,INS-001525,Declinada a competência (monocrática),FNT-000046
FAS-000650,PRC-002412,2013-10-14,declinio_competencia,INS-001525,Declinada a competência (monocrática),FNT-000046
FAS-000651,PRC-002413,2013-10-14,declinio_competencia,INS-001525,Declinada a competência (monocrática),FNT-000046
FAS-000652,PRC-002414,2013-10-14,declinio_competencia,INS-001525,Declinada a competência (monocrática),FNT-000046
FAS-000653,PRC-002415,2013-10-14,declinio_competencia,INS-001525,Declinada a competência (monocrática),FNT-000046
FAS-000654,PRC-002416,2013-09-25,declinio_competencia,INS-001525,Declinada a competência (monocrática),FNT-000046
FAS-000655,PRC-002417,2013-09-25,declinio_competencia,INS-001525,Declinada a competência (monocrática),FNT-000046
FAS-000656,PRC-002418,2013-09-25,declinio_competencia,INS-001525,Declinada a competência (monocrática),FNT-000046
FAS-000657,PRC-002419,2013-10-14,declinio_competencia,INS-001525,Declinada a competência (monocrática),FNT-000046
FAS-000658,PRC-002420,2013-10-14,declinio_competencia,INS-001525,Declinada a competência (monocrática),FNT-000046
FAS-000659,PRC-002421,2013-10-14,declinio_competencia,INS-001525,Declinada a competência (monocrática),FNT-000046
FAS-000660,PRC-002422,2013-10-14,declinio_competencia,INS-001525,Declinada a competência (monocrática),FNT-000046
FAS-000661,PRC-002423,2013-10-14,declinio_competencia,INS-001525,Declinada a competência (monocrática),FNT-000046
FAS-000662,PRC-002424,2013-10-07,declinio_competencia,INS-001525,Declinada a competência (monocrática),FNT-000046
FAS-000663,PRC-002425,2013-10-14,declinio_competencia,INS-001525,Declinada a competência (monocrática),FNT-000046
FAS-000664,PRC-002426,2013-10-14,declinio_competencia,INS-001525,Declinada a competência (monocrática),FNT-000046
FAS-000665,PRC-002427,2013-10-08,declinio_competencia,INS-001525,Declinada a competência (monocrática),FNT-000046
FAS-000666,PRC-002428,2013-10-08,declinio_competencia,INS-001525,Declinada a competência (monocrática),FNT-000046
FAS-000667,PRC-002429,2013-09-25,declinio_competencia,INS-001525,Declinada a competência (monocrática),FNT-000046
FAS-000668,PRC-002430,2013-10-07,declinio_competencia,INS-001525,Declinada a competência (monocrática),FNT-000046
FAS-000669,PRC-002431,2013-09-25,declinio_competencia,INS-001525,Declinada a competência (monocrática),FNT-000046
FAS-000670,PRC-002432,2013-09-25,declinio_competencia,INS-001525,Declinada a competência (monocrática),FNT-000046
FAS-000671,PRC-002433,2013-10-14,declinio_competencia,INS-001525,Declinada a competência (monocrática),FNT-000046
FAS-000672,PRC-002434,2013-10-14,declinio_competencia,INS-001525,Declinada a competência (monocrática),FNT-000046
FAS-000673,PRC-002435,2013-10-14,declinio_competencia,INS-001525,Declinada a competência (monocrática),FNT-000046
FAS-000674,PRC-002436,2013-10-14,declinio_competencia,INS-001525,Declinada a competência (monocrática),FNT-000046
FAS-000675,PRC-002437,2013-10-14,declinio_competencia,INS-001525,Declinada a competência (monocrática),FNT-000046
FAS-000676,PRC-002438,2013-09-25,declinio_competencia,INS-001525,Declinada a competência (monocrática),FNT-000046
FAS-000677,PRC-002439,2013-10-14,declinio_competencia,INS-001525,Declinada a competência (monocrática),FNT-000046
FAS-000678,PRC-002440,2013-09-25,declinio_competencia,INS-001525,Declinada a competência (monocrática),FNT-000046
FAS-000679,PRC-002441,2013-09-25,declinio_competencia,INS-001525,Declinada a competência (monocrática),FNT-000046
FAS-000680,PRC-002442,2013-09-25,declinio_competencia,INS-001525,Declinada a competência (monocrática),FNT-000046
FAS-000681,PRC-002443,2013-09-25,declinio_competencia,INS-001525,Declinada a competência (monocrática),FNT-000046
FAS-000682,PRC-002444,2013-09-25,declinio_competencia,INS-001525,Declinada a competência (monocrática),FNT-000046
FAS-000683,PRC-002445,2013-10-14,declinio_competencia,INS-001525,Declinada a competência (monocrática),FNT-000046
FAS-000684,PRC-002446,2013-10-14,declinio_competencia,INS-001525,Declinada a competência (monocrática),FNT-000046
FAS-000685,PRC-002447,2013-10-14,declinio_competencia,INS-001525,Declinada a competência (monocrática),FNT-000046
FAS-000686,PRC-002448,2013-10-14,declinio_competencia,INS-001525,Declinada a competência (monocrática),FNT-000046
FAS-000687,PRC-002449,2013-10-14,declinio_competencia,INS-001525,Declinada a competência (monocrática),FNT-000046
FAS-000688,PRC-002450,2013-10-08,declinio_competencia,INS-001525,Declinada a competência (monocrática),FNT-000046
FAS-000689,PRC-002451,2013-10-14,declinio_competencia,INS-001525,Declinada a competência (monocrática),FNT-000046
FAS-000690,PRC-002452,2013-10-14,declinio_competencia,INS-001525,Declinada a competência (monocrática),FNT-000046
FAS-000691,PRC-002453,2013-10-14,declinio_competencia,INS-001525,Declinada a competência (monocrática),FNT-000046
FAS-000692,PRC-002454,2013-10-14,declinio_competencia,INS-001525,Declinada a competência (monocrática),FNT-000046
FAS-000693,PRC-002455,2013-10-14,declinio_competencia,INS-001525,Declinada a competência (monocrática),FNT-000046
FAS-000694,PRC-002456,2013-10-14,declinio_competencia,INS-001525,Declinada a competência (monocrática),FNT-000046
FAS-000695,PRC-002457,2013-10-14,declinio_competencia,INS-001525,Declinada a competência (monocrática),FNT-000046
FAS-000696,PRC-002458,2013-10-14,declinio_competencia,INS-001525,Declinada a competência (monocrática),FNT-000046
FAS-000697,PRC-002459,2013-10-08,declinio_competencia,INS-001525,Declinada a competência (monocrática),FNT-000046
FAS-000698,PRC-002460,2013-10-08,declinio_competencia,INS-001525,Declinada a competência (monocrática),FNT-000046
FAS-000699,PRC-002461,2013-10-07,declinio_competencia,INS-001525,Declinada a competência (monocrática),FNT-000046
FAS-000700,PRC-002462,2013-10-07,declinio_competencia,INS-001525,Declinada a competência (monocrática),FNT-000046
FAS-000701,PRC-002463,2013-10-07,declinio_competencia,INS-001525,Declinada a competência (monocrática),FNT-000046
FAS-000702,PRC-002464,2013-09-25,declinio_competencia,INS-001525,Declinada a competência (monocrática),FNT-000046
FAS-000703,PRC-002465,2013-09-25,declinio_competencia,INS-001525,Declinada a competência (monocrática),FNT-000046
FAS-000704,PRC-002466,2013-09-25,declinio_competencia,INS-001525,Declinada a competência (monocrática),FNT-000046
FAS-000705,PRC-002467,2013-10-08,declinio_competencia,INS-001525,Declinada a competência (monocrática),FNT-000046
FAS-000706,PRC-002468,2013-10-14,declinio_competencia,INS-001525,Declinada a competência (monocrática),FNT-000046
FAS-000707,PRC-002469,2013-09-25,declinio_competencia,INS-001525,Declinada a competência (monocrática),FNT-000046
FAS-000708,PRC-002470,2013-10-14,declinio_competencia,INS-001525,Declinada a competência (monocrática),FNT-000046
FAS-000709,PRC-002471,2013-09-25,declinio_competencia,INS-001525,Declinada a competência (monocrática),FNT-000046
FAS-000710,PRC-002472,2013-09-25,declinio_competencia,INS-001525,Declinada a competência (monocrática),FNT-000046
FAS-000711,PRC-002473,2013-10-07,declinio_competencia,INS-001525,Declinada a competência (monocrática),FNT-000046
FAS-000712,PRC-002474,2013-10-08,declinio_competencia,INS-001525,Declinada a competência (monocrática),FNT-000046
FAS-000713,PRC-002475,2013-10-14,declinio_competencia,INS-001525,Declinada a competência (monocrática),FNT-000046
FAS-000714,PRC-002476,2013-10-14,declinio_competencia,INS-001525,Declinada a competência (monocrática),FNT-000046
FAS-000715,PRC-002477,2013-10-14,declinio_competencia,INS-001525,Declinada a competência (monocrática),FNT-000046
FAS-000716,PRC-002478,2013-10-08,declinio_competencia,INS-001525,Declinada a competência (monocrática),FNT-000046
FAS-000717,PRC-002479,2013-09-25,declinio_competencia,INS-001525,Declinada a competência (monocrática),FNT-000046
FAS-000718,PRC-002480,2013-09-25,declinio_competencia,INS-001525,Declinada a competência (monocrática),FNT-000046
FAS-000719,PRC-002481,2013-09-25,declinio_competencia,INS-001525,Declinada a competência (monocrática),FNT-000046
FAS-000720,PRC-002482,2013-09-25,declinio_competencia,INS-001525,Declinada a competência (monocrática),FNT-000046
FAS-000721,PRC-002483,2013-09-25,declinio_competencia,INS-001525,Declinada a competência (monocrática),FNT-000046
FAS-000722,PRC-002484,2013-09-25,declinio_competencia,INS-001525,Declinada a competência (monocrática),FNT-000046
FAS-000723,PRC-002485,2013-09-25,declinio_competencia,INS-001525,Declinada a competência (monocrática),FNT-000046
FAS-000724,PRC-002486,2013-09-25,declinio_competencia,INS-001525,Declinada a competência (monocrática),FNT-000046
FAS-000725,PRC-002487,2013-09-25,declinio_competencia,INS-001525,Declinada a competência (monocrática),FNT-000046
FAS-000726,PRC-002488,2013-09-25,declinio_competencia,INS-001525,Declinada a competência (monocrática),FNT-000046
FAS-000727,PRC-002489,2013-10-14,declinio_competencia,INS-001525,Declinada a competência (monocrática),FNT-000046
FAS-000728,PRC-002490,2013-09-25,declinio_competencia,INS-001525,Declinada a competência (monocrática),FNT-000046
FAS-000729,PRC-002491,2013-09-25,declinio_competencia,INS-001525,Declinada a competência (monocrática),FNT-000046
FAS-000730,PRC-002492,2013-09-25,declinio_competencia,INS-001525,Declinada a competência (monocrática),FNT-000046
FAS-000731,PRC-002493,2013-09-25,declinio_competencia,INS-001525,Declinada a competência (monocrática),FNT-000046
FAS-000732,PRC-002494,2013-09-25,declinio_competencia,INS-001525,Declinada a competência (monocrática),FNT-000046
FAS-000733,PRC-002495,2013-09-26,declinio_competencia,INS-001525,Declinada a competência (monocrática),FNT-000046
FAS-000734,PRC-002496,2013-09-25,declinio_competencia,INS-001525,Declinada a competência (monocrática),FNT-000046
FAS-000735,PRC-002497,2013-09-25,declinio_competencia,INS-001525,Declinada a competência (monocrática),FNT-000046
FAS-000736,PRC-002498,2013-10-14,declinio_competencia,INS-001525,Declinada a competência (monocrática),FNT-000046
FAS-000737,PRC-002499,2013-10-08,declinio_competencia,INS-001525,Declinada a competência (monocrática),FNT-000046
FAS-000738,PRC-002500,2013-10-14,declinio_competencia,INS-001525,Declinada a competência (monocrática),FNT-000046
FAS-000739,PRC-002501,2013-09-25,declinio_competencia,INS-001525,Declinada a competência (monocrática),FNT-000046
FAS-000740,PRC-002502,2013-10-14,declinio_competencia,INS-001525,Declinada a competência (monocrática),FNT-000046
FAS-000741,PRC-002503,2013-10-08,declinio_competencia,INS-001525,Declinada a competência (monocrática),FNT-000046
FAS-000742,PRC-002504,2013-09-25,declinio_competencia,INS-001525,Declinada a competência (monocrática),FNT-000046
FAS-000743,PRC-002505,2013-09-25,declinio_competencia,INS-001525,Declinada a competência (monocrática),FNT-000046
FAS-000744,PRC-002506,2013-10-14,declinio_competencia,INS-001525,Declinada a competência (monocrática),FNT-000046
FAS-000745,PRC-002507,2013-10-14,declinio_competencia,INS-001525,Declinada a competência (monocrática),FNT-000046
FAS-000746,PRC-002508,2013-10-14,declinio_competencia,INS-001525,Declinada a competência (monocrática),FNT-000046
FAS-000747,PRC-002509,2013-09-25,declinio_competencia,INS-001525,Declinada a competência (monocrática),FNT-000046
FAS-000748,PRC-002510,2013-10-14,declinio_competencia,INS-001525,Declinada a competência (monocrática),FNT-000046
FAS-000749,PRC-002511,2013-09-25,declinio_competencia,INS-001525,Declinada a competência (monocrática),FNT-000046
FAS-000750,PRC-002512,2013-10-14,declinio_competencia,INS-001525,Declinada a competência (monocrática),FNT-000046
FAS-000751,PRC-002513,2013-10-08,declinio_competencia,INS-001525,Declinada a competência (monocrática),FNT-000046
FAS-000752,PRC-002514,2013-09-25,declinio_competencia,INS-001525,Declinada a competência (monocrática),FNT-000046
FAS-000753,PRC-002515,2013-09-25,declinio_competencia,INS-001525,Declinada a competência (monocrática),FNT-000046
FAS-000754,PRC-002516,2013-10-08,declinio_competencia,INS-001525,Declinada a competência (monocrática),FNT-000046
FAS-000755,PRC-002517,2013-10-14,declinio_competencia,INS-001525,Declinada a competência (monocrática),FNT-000046
FAS-000756,PRC-002518,2015-03-04,declinio_competencia,INS-001525,Declinada a competência (monocrática),FNT-000046
FAS-000757,PRC-002519,2015-12-03,declinio_competencia,INS-001525,Declinada a competência (monocrática),FNT-000046
FAS-000758,PRC-002520,2014-05-08,declinio_competencia,INS-001525,Declinada a competência (monocrática),FNT-000046
FAS-000759,PRC-002521,2015-03-11,declinio_competencia,INS-001525,Declinada a competência (monocrática),FNT-000046
FAS-000760,PRC-002522,2014-03-11,extincao_punibilidade,INS-001525,Declarada a extinção da punibilidade (monocrática),FNT-000046
FAS-000761,PRC-002523,2015-03-04,declinio_competencia,INS-001525,Declinada a competência (monocrática),FNT-000046
FAS-000762,PRC-002524,2015-07-01,declinio_competencia,INS-001525,Declinada a competência (monocrática),FNT-000046
FAS-000763,PRC-002525,2015-03-27,declinio_competencia,INS-001525,Declinada a competência (monocrática),FNT-000046
FAS-000764,PRC-002526,2014-08-26,acordao_tribunal_superior,INS-001525,Improcedente (2ª turma),FNT-000046
FAS-000765,PRC-002527,2015-02-09,declinio_competencia,INS-001525,Declinada a competência (monocrática),FNT-000046
FAS-000766,PRC-002528,2014-09-08,declinio_competencia,INS-001525,Declinada a competência (monocrática),FNT-000046
FAS-000767,PRC-002531,2017-05-23,acordao_tribunal_superior,INS-001525,Procedente (1ª turma),FNT-000046
FAS-000768,PRC-002532,2023-05-04,extincao_punibilidade,INS-001525,Declarada a extinção da punibilidade (monocrática),FNT-000046
FAS-000769,PRC-002533,2015-08-31,extincao_punibilidade,INS-001525,Declarada a extinção da punibilidade (monocrática),FNT-000046
FAS-000770,PRC-002534,2015-02-03,declinio_competencia,INS-001525,Declinada a competência (monocrática),FNT-000046
FAS-000771,PRC-002535,2015-03-04,declinio_competencia,INS-001525,Declinada a competência (monocrática),FNT-000046
FAS-000772,PRC-002536,2014-05-15,extincao_punibilidade,INS-001525,Declarada a extinção da punibilidade (monocrática),FNT-000046
FAS-000773,PRC-002537,2015-09-29,acordao_tribunal_superior,INS-001525,Improcedente (2ª turma),FNT-000046
FAS-000774,PRC-002538,2015-07-01,declinio_competencia,INS-001525,Declinada a competência (monocrática),FNT-000046
FAS-000775,PRC-002547,2014-09-16,declinio_competencia,INS-001525,Declinada a competência (monocrática),FNT-000046
FAS-000776,PRC-002548,2017-09-19,acordao_tribunal_superior,INS-001525,Improcedente (1ª turma),FNT-000046
FAS-000777,PRC-002549,2014-11-25,declinio_competencia,INS-001525,Declinada a competência (monocrática),FNT-000046
FAS-000778,PRC-002550,2015-04-13,declinio_competencia,INS-001525,Declinada a competência (monocrática),FNT-000046
FAS-000779,PRC-002551,2018-03-20,acordao_tribunal_superior,INS-001525,Improcedente (1ª turma),FNT-000046
FAS-000780,PRC-002552,2015-06-01,declinio_competencia,INS-001525,Declinada a competência (monocrática),FNT-000046
FAS-000781,PRC-002553,2015-08-05,declinio_competencia,INS-001525,Declinada a competência (monocrática),FNT-000046
FAS-000782,PRC-002554,2015-03-02,declinio_competencia,INS-001525,Declinada a competência (monocrática),FNT-000046
FAS-000783,PRC-002555,2015-02-03,declinio_competencia,INS-001525,Declinada a competência (monocrática),FNT-000046
FAS-000784,PRC-002557,2015-02-09,declinio_competencia,INS-001525,Declinada a competência (monocrática),FNT-000046
FAS-000785,PRC-002558,2015-03-19,declinio_competencia,INS-001525,Declinada a competência (monocrática),FNT-000046
FAS-000786,PRC-002559,2019-08-15,declinio_competencia,INS-001525,Declinada a competência (monocrática),FNT-000046
FAS-000787,PRC-002559,2021-02-25,extincao_punibilidade,INS-001525,Declarada a extinção da punibilidade (tribunal pleno),FNT-000046
FAS-000788,PRC-002560,2019-02-26,acordao_tribunal_superior,INS-001525,Procedente (1ª turma),FNT-000046
FAS-000789,PRC-002561,2015-02-09,declinio_competencia,INS-001525,Declinada a competência (monocrática),FNT-000046
FAS-000790,PRC-002563,2015-03-11,declinio_competencia,INS-001525,Declinada a competência (monocrática),FNT-000046
FAS-000791,PRC-002564,2018-10-09,acordao_tribunal_superior,INS-001525,Improcedente (1ª turma),FNT-000046
FAS-000792,PRC-002565,2015-03-02,declinio_competencia,INS-001525,Declinada a competência (monocrática),FNT-000046
FAS-000793,PRC-002566,2016-04-12,acordao_tribunal_superior,INS-001525,Improcedente (2ª turma),FNT-000046
FAS-000794,PRC-002567,2015-02-25,declinio_competencia,INS-001525,Declinada a competência (monocrática),FNT-000046
FAS-000795,PRC-002568,2015-02-06,declinio_competencia,INS-001525,Declinada a competência (monocrática),FNT-000046
FAS-000796,PRC-002569,2015-05-07,extincao_punibilidade,INS-001525,Declarada a extinção da punibilidade (monocrática),FNT-000046
FAS-000797,PRC-002570,2015-02-04,declinio_competencia,INS-001525,Declinada a competência (monocrática),FNT-000046
FAS-000798,PRC-002571,2015-05-18,acordao_tribunal_superior,INS-001525,Improcedente (monocrática),FNT-000046
FAS-000799,PRC-002574,2018-05-04,declinio_competencia,INS-001525,Declinada a competência (monocrática),FNT-000046
FAS-000800,PRC-002575,2016-11-08,acordao_tribunal_superior,INS-001525,Improcedente (1ª turma),FNT-000046
FAS-000801,PRC-002576,2018-05-17,declinio_competencia,INS-001525,Declinada a competência (monocrática),FNT-000046
FAS-000802,PRC-002579,2018-05-14,declinio_competencia,INS-001525,Declinada a competência (monocrática),FNT-000046
FAS-000803,PRC-002580,2018-05-17,declinio_competencia,INS-001525,Declinada a competência (monocrática),FNT-000046
FAS-000804,PRC-002581,2016-05-17,acordao_tribunal_superior,INS-001525,Procedente (1ª turma),FNT-000046
FAS-000805,PRC-002581,2022-08-10,extincao_punibilidade,INS-001525,Declarada a extinção da punibilidade (monocrática),FNT-000046
FAS-000806,PRC-002582,2016-06-07,acordao_tribunal_superior,INS-001525,Improcedente (2ª turma),FNT-000046
FAS-000807,PRC-002583,2015-11-26,declinio_competencia,INS-001525,Declinada a competência (monocrática),FNT-000046
FAS-000808,PRC-002584,2015-11-23,extincao_punibilidade,INS-001525,Declarada a extinção da punibilidade (monocrática),FNT-000046
FAS-000809,PRC-002585,2016-09-06,extincao_punibilidade,INS-001525,Declarada a extinção da punibilidade (2ª turma),FNT-000046
FAS-000810,PRC-002586,2017-06-20,acordao_tribunal_superior,INS-001525,Improcedente (1ª turma),FNT-000046
FAS-000811,PRC-002588,2018-05-10,declinio_competencia,INS-001525,Declinada a competência (monocrática),FNT-000046
FAS-000812,PRC-002589,2017-08-08,acordao_tribunal_superior,INS-001525,Improcedente (2ª turma),FNT-000046
FAS-000813,PRC-002590,2019-02-20,declinio_competencia,INS-001525,Declinada a competência (monocrática),FNT-000046
FAS-000814,PRC-002592,2017-12-12,extincao_punibilidade,INS-001525,Declarada a extinção da punibilidade (1ª turma),FNT-000046
FAS-000815,PRC-002593,2018-05-04,declinio_competencia,INS-001525,Declinada a competência (monocrática),FNT-000046
FAS-000816,PRC-002595,2019-02-05,declinio_competencia,INS-001525,Declinada a competência (monocrática),FNT-000046
FAS-000817,PRC-002596,2017-06-06,acordao_tribunal_superior,INS-001525,Improcedente (1ª turma),FNT-000046
FAS-000818,PRC-002597,2016-02-16,acordao_tribunal_superior,INS-001525,Improcedente (1ª turma),FNT-000046
FAS-000819,PRC-002599,2018-02-27,acordao_tribunal_superior,INS-001525,Procedente em parte (1ª turma),FNT-000046
FAS-000820,PRC-002600,2018-05-10,declinio_competencia,INS-001525,Declinada a competência (monocrática),FNT-000046
FAS-000821,PRC-002602,2018-05-09,declinio_competencia,INS-001525,Declinada a competência (monocrática),FNT-000046
FAS-000822,PRC-002603,2017-05-25,extincao_punibilidade,INS-001525,Declarada a extinção da punibilidade (monocrática),FNT-000046
FAS-000823,PRC-002604,2018-05-14,declinio_competencia,INS-001525,Declinada a competência (monocrática),FNT-000046
FAS-000824,PRC-002604,2022-04-04,acordao_tribunal_superior,INS-001525,Improcedente (tribunal pleno),FNT-000046
FAS-000825,PRC-002605,2017-09-12,extincao_punibilidade,INS-001525,Declarada a extinção da punibilidade (1ª turma),FNT-000046
FAS-000826,PRC-002606,2018-05-09,declinio_competencia,INS-001525,Declinada a competência (monocrática),FNT-000046
FAS-000827,PRC-002607,2017-05-02,acordao_tribunal_superior,INS-001525,Improcedente (1ª turma),FNT-000046
FAS-000828,PRC-002608,2018-05-09,declinio_competencia,INS-001525,Declinada a competência (monocrática),FNT-000046
FAS-000829,PRC-002608,2018-05-09,declinio_competencia,INS-001525,Declinada a competência (monocrática),FNT-000046
FAS-000830,PRC-002609,2017-03-21,recebimento_denuncia,INS-001525,Recebida denúncia (2ª turma),FNT-000046
FAS-000831,PRC-002609,2018-05-04,declinio_competencia,INS-001525,Declinada a competência (monocrática),FNT-000046
FAS-000832,PRC-002610,2016-08-30,acordao_tribunal_superior,INS-001525,Procedente (1ª turma),FNT-000046
FAS-000833,PRC-002611,2018-05-29,declinio_competencia,INS-001525,Declinada a competência (monocrática),FNT-000046
FAS-000834,PRC-002612,2018-09-04,declinio_competencia,INS-001525,Declinada a competência (monocrática),FNT-000046
FAS-000835,PRC-002614,2018-10-09,extincao_punibilidade,INS-001525,Declarada a extinção da punibilidade (monocrática),FNT-000046
FAS-000836,PRC-002616,2017-08-29,acordao_tribunal_superior,INS-001525,Improcedente (1ª turma),FNT-000046
FAS-000837,PRC-002617,2018-05-04,declinio_competencia,INS-001525,Declinada a competência (monocrática),FNT-000046
FAS-000838,PRC-002618,2018-02-27,acordao_tribunal_superior,INS-001525,Improcedente (2ª turma),FNT-000046
FAS-000839,PRC-002619,2016-01-29,extincao_punibilidade,INS-001525,Declarada a extinção da punibilidade (monocrática),FNT-000046
FAS-000840,PRC-002620,2017-06-13,acordao_tribunal_superior,INS-001525,Improcedente (1ª turma),FNT-000046
FAS-000841,PRC-002621,2018-06-05,extincao_punibilidade,INS-001525,Declarada a extinção da punibilidade (monocrática),FNT-000046
FAS-000842,PRC-002622,2018-05-17,declinio_competencia,INS-001525,Declinada a competência (monocrática),FNT-000046
FAS-000843,PRC-002622,2019-06-04,acordao_tribunal_superior,INS-001525,Improcedente (1ª turma),FNT-000046
FAS-000844,PRC-002624,2018-06-05,declinio_competencia,INS-001525,Declinada a competência (monocrática),FNT-000046
FAS-000845,PRC-002624,2019-03-12,extincao_punibilidade,INS-001525,Declarada a extinção da punibilidade (1ª turma),FNT-000046
FAS-000846,PRC-002625,2020-06-08,acordao_tribunal_superior,INS-001525,Procedente em parte (1ª turma),FNT-000046
FAS-000847,PRC-002625,2023-11-22,declinio_competencia,INS-001525,Declinada a competência (tribunal pleno),FNT-000046
FAS-000848,PRC-002626,2018-05-17,declinio_competencia,INS-001525,Declinada a competência (monocrática),FNT-000046
FAS-000849,PRC-002627,2016-12-13,acordao_tribunal_superior,INS-001525,Improcedente (2ª turma),FNT-000046
FAS-000850,PRC-002628,2018-05-22,acordao_tribunal_superior,INS-001525,Procedente em parte (1ª turma),FNT-000046
FAS-000851,PRC-002629,2023-08-31,extincao_punibilidade,INS-001525,Declarada a extinção da punibilidade (monocrática),FNT-000046
FAS-000852,PRC-002630,2018-05-08,declinio_competencia,INS-001525,Declinada a competência (monocrática),FNT-000046
FAS-000853,PRC-002632,2021-09-29,acordao_tribunal_superior,INS-001525,Procedente (tribunal pleno),FNT-000046
FAS-000854,PRC-002633,2021-09-29,acordao_tribunal_superior,INS-001525,Procedente (tribunal pleno),FNT-000046
FAS-000855,PRC-002635,2020-02-18,acordao_tribunal_superior,INS-001525,Improcedente (1ª turma),FNT-000046
FAS-000856,PRC-002636,2016-08-03,acordao_tribunal_superior,INS-001525,Improcedente (2ª turma),FNT-000046
FAS-000857,PRC-002637,2018-05-17,declinio_competencia,INS-001525,Declinada a competência (monocrática),FNT-000046
FAS-000858,PRC-002638,2016-08-02,extincao_punibilidade,INS-001525,Declarada a extinção da punibilidade (monocrática),FNT-000046
FAS-000859,PRC-002639,2016-09-15,declinio_competencia,INS-001525,Declinada a competência (monocrática),FNT-000046
FAS-000860,PRC-002640,2018-03-07,extincao_punibilidade,INS-001525,Declarada a extinção da punibilidade (monocrática),FNT-000046
FAS-000861,PRC-002641,2019-06-11,acordao_tribunal_superior,INS-001525,Procedente (1ª turma),FNT-000046
FAS-000862,PRC-002643,2018-05-07,declinio_competencia,INS-001525,Declinada a competência (monocrática),FNT-000046
FAS-000863,PRC-002644,2018-09-25,acordao_tribunal_superior,INS-001525,Improcedente (2ª turma),FNT-000046
FAS-000864,PRC-002645,2017-10-19,extincao_punibilidade,INS-001525,Declarada a extinção da punibilidade (monocrática),FNT-000046
FAS-000865,PRC-002646,2018-05-16,declinio_competencia,INS-001525,Declinada a competência (monocrática),FNT-000046
FAS-000866,PRC-002647,2018-05-07,declinio_competencia,INS-001525,Declinada a competência (monocrática),FNT-000046
FAS-000867,PRC-002648,2018-05-11,declinio_competencia,INS-001525,Declinada a competência (monocrática),FNT-000046
FAS-000868,PRC-002650,2018-05-09,declinio_competencia,INS-001525,Declinada a competência (monocrática),FNT-000046
FAS-000869,PRC-002651,2018-05-29,acordao_tribunal_superior,INS-001525,Procedente em parte (2ª turma),FNT-000046
FAS-000870,PRC-002651,2020-10-01,extincao_punibilidade,INS-001525,Declarada a extinção da punibilidade (monocrática),FNT-000046
FAS-000871,PRC-000206,2018-05-09,declinio_competencia,INS-001525,Declinada a competência (monocrática),FNT-000046
FAS-000872,PRC-000208,2020-06-10,acordao_tribunal_superior,INS-001525,Procedente em parte (2ª turma),FNT-000046
FAS-000873,PRC-000209,2018-06-19,acordao_tribunal_superior,INS-001525,Improcedente (2ª turma),FNT-000046
FAS-000874,PRC-000210,2018-05-04,declinio_competencia,INS-001525,Declinada a competência (monocrática),FNT-000046
FAS-000875,PRC-000212,2018-06-12,acordao_tribunal_superior,INS-001525,Improcedente (1ª turma),FNT-000046
FAS-000876,PRC-000213,2023-06-12,declinio_competencia,INS-001525,Declinada a competência (monocrática),FNT-000046
FAS-000877,PRC-000214,2023-06-19,declinio_competencia,INS-001525,Declinada a competência (monocrática),FNT-000046
FAS-000878,PRC-000215,2018-04-20,declinio_competencia,INS-001525,Declinada a competência (monocrática),FNT-000046
FAS-000879,PRC-000217,2017-08-21,extincao_punibilidade,INS-001525,Declarada a extinção da punibilidade (monocrática),FNT-000046
FAS-000880,PRC-000220,2019-05-28,acordao_tribunal_superior,INS-001525,Improcedente (1ª turma),FNT-000046
FAS-000881,PRC-000221,2020-11-11,acordao_tribunal_superior,INS-001525,Procedente em parte (2ª turma),FNT-000046
FAS-000882,PRC-000222,2018-05-24,declinio_competencia,INS-001525,Declinada a competência (monocrática),FNT-000046
FAS-000883,PRC-000223,2018-05-24,declinio_competencia,INS-001525,Declinada a competência (monocrática),FNT-000046
FAS-000884,PRC-000224,2018-09-18,acordao_tribunal_superior,INS-001525,Improcedente (2ª turma),FNT-000046
FAS-000885,PRC-000225,2020-08-24,acordao_tribunal_superior,INS-001525,Improcedente (2ª turma),FNT-000046
FAS-000886,PRC-000226,2018-05-16,declinio_competencia,INS-001525,Declinada a competência (monocrática),FNT-000046
FAS-000887,PRC-000227,2020-08-19,acordao_tribunal_superior,INS-001525,Procedente (1ª turma),FNT-000046
FAS-000888,PRC-000227,2024-03-21,extincao_punibilidade,INS-001525,Declarada a extinção da punibilidade (monocrática),FNT-000046
FAS-000889,PRC-000228,2018-05-29,declinio_competencia,INS-001525,Declinada a competência (monocrática),FNT-000046
FAS-000890,PRC-000229,2018-05-09,declinio_competencia,INS-001525,Declinada a competência (monocrática),FNT-000046
FAS-000891,PRC-000230,2023-06-01,acordao_tribunal_superior,INS-001525,Procedente em parte (tribunal pleno),FNT-000046
FAS-000892,PRC-000231,2018-05-21,declinio_competencia,INS-001525,Declinada a competência (monocrática),FNT-000046
FAS-000893,PRC-000232,2019-02-05,declinio_competencia,INS-001525,Declinada a competência (monocrática),FNT-000046
FAS-000894,PRC-000234,2019-10-23,acordao_tribunal_superior,INS-001525,Procedente em parte (2ª turma),FNT-000046
FAS-000895,PRC-000235,2018-09-06,declinio_competencia,INS-001525,Declinada a competência (monocrática),FNT-000046
FAS-000896,PRC-000236,2022-04-22,acordao_tribunal_superior,INS-001525,Improcedente (tribunal pleno),FNT-000046
FAS-000897,PRC-000237,2019-03-15,declinio_competencia,INS-001525,Declinada a competência (monocrática),FNT-000046
FAS-000898,PRC-000239,2023-09-25,acordao_tribunal_superior,INS-001525,Improcedente (tribunal pleno),FNT-000046
FAS-000899,PRC-000240,2019-06-06,declinio_competencia,INS-001525,Declinada a competência (monocrática),FNT-000046
FAS-000900,PRC-000241,2019-04-16,declinio_competencia,INS-001525,Declinada a competência (monocrática),FNT-000046
FAS-000901,PRC-000242,2019-08-15,declinio_competencia,INS-001525,Declinada a competência (monocrática),FNT-000046
FAS-000902,PRC-000244,2020-11-06,declinio_competencia,INS-001525,Declinada a competência (monocrática),FNT-000046
FAS-000903,PRC-000246,2022-04-20,acordao_tribunal_superior,INS-001525,Procedente em parte (tribunal pleno),FNT-000046
FAS-000904,PRC-000247,2022-09-30,declinio_competencia,INS-001525,Declinada a competência (monocrática),FNT-000046
FAS-000905,PRC-000256,2024-04-04,acordao_tribunal_superior,INS-001525,Procedente (tribunal pleno),FNT-000046
FAS-000906,PRC-000257,2025-05-12,extincao_punibilidade,INS-001525,Declarada a extinção da punibilidade (monocrática),FNT-000046
FAS-000907,PRC-000258,2024-04-04,acordao_tribunal_superior,INS-001525,Procedente (tribunal pleno),FNT-000046
FAS-000908,PRC-000259,2024-02-14,acordao_tribunal_superior,INS-001525,Procedente (tribunal pleno),FNT-000046
FAS-000909,PRC-000260,2024-02-26,acordao_tribunal_superior,INS-001525,Procedente (tribunal pleno),FNT-000046
FAS-000910,PRC-000261,2024-03-11,acordao_tribunal_superior,INS-001525,Procedente (tribunal pleno),FNT-000046
FAS-000911,PRC-000262,2023-09-14,acordao_tribunal_superior,INS-001525,Procedente (tribunal pleno),FNT-000046
FAS-000912,PRC-000263,2024-02-22,acordao_tribunal_superior,INS-001525,Procedente (tribunal pleno),FNT-000046
FAS-000913,PRC-000264,2024-02-22,acordao_tribunal_superior,INS-001525,Procedente (tribunal pleno),FNT-000046
FAS-000914,PRC-000266,2023-10-27,acordao_tribunal_superior,INS-001525,Procedente (tribunal pleno),FNT-000046
FAS-000915,PRC-000267,2023-11-27,acordao_tribunal_superior,INS-001525,Procedente (tribunal pleno),FNT-000046
FAS-000916,PRC-000268,2024-02-06,acordao_tribunal_superior,INS-001525,Procedente (tribunal pleno),FNT-000046
FAS-000917,PRC-000269,2023-10-27,acordao_tribunal_superior,INS-001525,Procedente (tribunal pleno),FNT-000046
FAS-000918,PRC-000270,2024-02-06,acordao_tribunal_superior,INS-001525,Procedente (tribunal pleno),FNT-000046
FAS-000919,PRC-000271,2023-11-27,acordao_tribunal_superior,INS-001525,Procedente (tribunal pleno),FNT-000046
FAS-000920,PRC-000272,2024-02-22,acordao_tribunal_superior,INS-001525,Procedente (tribunal pleno),FNT-000046
FAS-000921,PRC-000273,2024-02-22,acordao_tribunal_superior,INS-001525,Procedente (tribunal pleno),FNT-000046
FAS-000922,PRC-000274,2024-03-11,acordao_tribunal_superior,INS-001525,Procedente (tribunal pleno),FNT-000046
FAS-000923,PRC-000275,2023-10-27,acordao_tribunal_superior,INS-001525,Procedente (tribunal pleno),FNT-000046
FAS-000924,PRC-000276,2024-03-18,acordao_tribunal_superior,INS-001525,Procedente (tribunal pleno),FNT-000046
FAS-000925,PRC-000277,2023-11-10,acordao_tribunal_superior,INS-001525,Procedente (tribunal pleno),FNT-000046
FAS-000926,PRC-000278,2024-03-18,acordao_tribunal_superior,INS-001525,Procedente (tribunal pleno),FNT-000046
FAS-000927,PRC-000279,2024-04-09,acordao_tribunal_superior,INS-001525,Procedente (tribunal pleno),FNT-000046
FAS-000928,PRC-000280,2024-03-04,acordao_tribunal_superior,INS-001525,Procedente (tribunal pleno),FNT-000046
FAS-000929,PRC-000281,2024-03-04,acordao_tribunal_superior,INS-001525,Procedente (tribunal pleno),FNT-000046
FAS-000930,PRC-000282,2024-03-18,acordao_tribunal_superior,INS-001525,Procedente (tribunal pleno),FNT-000046
FAS-000931,PRC-000283,2024-03-04,acordao_tribunal_superior,INS-001525,Procedente (tribunal pleno),FNT-000046
FAS-000932,PRC-000284,2023-10-27,acordao_tribunal_superior,INS-001525,Procedente em parte (tribunal pleno),FNT-000046
FAS-000933,PRC-000285,2023-10-27,acordao_tribunal_superior,INS-001525,Procedente (tribunal pleno),FNT-000046
FAS-000934,PRC-000286,2024-02-06,acordao_tribunal_superior,INS-001525,Procedente (tribunal pleno),FNT-000046
FAS-000935,PRC-000287,2024-03-18,acordao_tribunal_superior,INS-001525,Procedente (tribunal pleno),FNT-000046
FAS-000936,PRC-000288,2024-02-06,acordao_tribunal_superior,INS-001525,Procedente (tribunal pleno),FNT-000046
FAS-000937,PRC-000289,2024-03-25,acordao_tribunal_superior,INS-001525,Procedente (tribunal pleno),FNT-000046
FAS-000938,PRC-000290,2024-03-11,acordao_tribunal_superior,INS-001525,Procedente (tribunal pleno),FNT-000046
FAS-000939,PRC-000291,2024-03-04,acordao_tribunal_superior,INS-001525,Procedente (tribunal pleno),FNT-000046
FAS-000940,PRC-000292,2023-11-27,acordao_tribunal_superior,INS-001525,Procedente (tribunal pleno),FNT-000046
FAS-000941,PRC-000293,2023-11-27,acordao_tribunal_superior,INS-001525,Procedente (tribunal pleno),FNT-000046
FAS-000942,PRC-000294,2024-03-25,acordao_tribunal_superior,INS-001525,Procedente (tribunal pleno),FNT-000046
FAS-000943,PRC-000296,2024-12-16,acordao_tribunal_superior,INS-001525,Procedente (tribunal pleno),FNT-000046
FAS-000944,PRC-000297,2024-10-22,extincao_punibilidade,INS-001525,Declarada a extinção da punibilidade (monocrática),FNT-000046
FAS-000945,PRC-000298,2025-06-09,acordao_tribunal_superior,INS-001525,Procedente (tribunal pleno),FNT-000046
FAS-000946,PRC-000298,2026-08-20,extincao_punibilidade,INS-001525,Declarada a extinção da punibilidade (monocrática),FNT-000046
FAS-000947,PRC-000299,2024-06-24,recebimento_denuncia,INS-001525,Recebida denúncia (tribunal pleno),FNT-000046
FAS-000948,PRC-000299,2026-05-26,acordao_tribunal_superior,INS-001525,Procedente (tribunal pleno),FNT-000046
FAS-000949,PRC-000301,2024-12-16,acordao_tribunal_superior,INS-001525,Procedente (tribunal pleno),FNT-000046
FAS-000950,PRC-000301,2026-03-05,extincao_punibilidade,INS-001525,Declarada a extinção da punibilidade (monocrática),FNT-000046
FAS-000951,PRC-000301,2026-03-12,extincao_punibilidade,INS-001525,Declarada a extinção da punibilidade (monocrática),FNT-000046
FAS-000952,PRC-000302,2024-12-02,acordao_tribunal_superior,INS-001525,Procedente (tribunal pleno),FNT-000046
FAS-000953,PRC-000302,2026-04-08,extincao_punibilidade,INS-001525,Declarada a extinção da punibilidade (monocrática),FNT-000046
FAS-000954,PRC-000303,2025-03-31,recebimento_denuncia,INS-001525,Recebida denúncia (tribunal pleno),FNT-000046
FAS-000955,PRC-000303,2026-03-06,acordao_tribunal_superior,INS-001525,Procedente (monocrática),FNT-000046
FAS-000956,PRC-000304,2026-05-25,recebimento_denuncia,INS-001525,Recebida denúncia (tribunal pleno),FNT-000046
FAS-000957,PRC-000305,2025-06-09,acordao_tribunal_superior,INS-001525,Procedente (tribunal pleno),FNT-000046
FAS-000958,PRC-000306,2025-03-05,acordao_tribunal_superior,INS-001525,Procedente (tribunal pleno),FNT-000046
FAS-000959,PRC-000307,2024-10-28,acordao_tribunal_superior,INS-001525,Procedente (tribunal pleno),FNT-000046
FAS-000960,PRC-000308,2026-05-25,acordao_tribunal_superior,INS-001525,Procedente (tribunal pleno),FNT-000046
FAS-000961,PRC-000309,2026-08-25,extincao_punibilidade,INS-001525,Declarada a extinção da punibilidade (monocrática),FNT-000046
FAS-000962,PRC-000310,2026-01-26,extincao_punibilidade,INS-001525,Declarada a extinção da punibilidade (monocrática),FNT-000046
FAS-000963,PRC-000311,2023-10-03,acordao_tribunal_superior,INS-001525,Procedente (tribunal pleno),FNT-000046
FAS-000964,PRC-000312,2024-03-11,acordao_tribunal_superior,INS-001525,Procedente (tribunal pleno),FNT-000046
FAS-000965,PRC-000313,2024-04-09,acordao_tribunal_superior,INS-001525,Procedente (tribunal pleno),FNT-000046
FAS-000966,PRC-000314,2024-02-06,acordao_tribunal_superior,INS-001525,Procedente (tribunal pleno),FNT-000046
FAS-000967,PRC-000315,2024-02-22,acordao_tribunal_superior,INS-001525,Procedente (tribunal pleno),FNT-000046
FAS-000968,PRC-000316,2024-04-15,acordao_tribunal_superior,INS-001525,Procedente (tribunal pleno),FNT-000046
FAS-000969,PRC-000317,2024-02-06,acordao_tribunal_superior,INS-001525,Procedente (tribunal pleno),FNT-000046
FAS-000970,PRC-000318,2023-10-20,acordao_tribunal_superior,INS-001525,Procedente (tribunal pleno),FNT-000046
FAS-000971,PRC-000319,2024-02-22,acordao_tribunal_superior,INS-001525,Procedente (tribunal pleno),FNT-000046
FAS-000972,PRC-000320,2024-04-09,acordao_tribunal_superior,INS-001525,Procedente (tribunal pleno),FNT-000046
FAS-000973,PRC-000321,2024-02-06,acordao_tribunal_superior,INS-001525,Procedente (tribunal pleno),FNT-000046
FAS-000974,PRC-000322,2024-02-06,acordao_tribunal_superior,INS-001525,Procedente (tribunal pleno),FNT-000046
FAS-000975,PRC-000323,2024-04-15,acordao_tribunal_superior,INS-001525,Procedente (tribunal pleno),FNT-000046
FAS-000976,PRC-000324,2024-04-09,acordao_tribunal_superior,INS-001525,Procedente (tribunal pleno),FNT-000046
FAS-000977,PRC-000325,2024-03-11,acordao_tribunal_superior,INS-001525,Procedente (tribunal pleno),FNT-000046
FAS-000978,PRC-000326,2023-10-27,acordao_tribunal_superior,INS-001525,Procedente (tribunal pleno),FNT-000046
FAS-000979,PRC-000327,2024-02-26,acordao_tribunal_superior,INS-001525,Procedente (tribunal pleno),FNT-000046
FAS-000980,PRC-000328,2024-05-07,acordao_tribunal_superior,INS-001525,Procedente (tribunal pleno),FNT-000046
FAS-000981,PRC-000329,2024-05-07,acordao_tribunal_superior,INS-001525,Procedente (tribunal pleno),FNT-000046
FAS-000982,PRC-000330,2024-04-04,acordao_tribunal_superior,INS-001525,Procedente (tribunal pleno),FNT-000046
FAS-000983,PRC-000332,2024-02-26,acordao_tribunal_superior,INS-001525,Procedente (tribunal pleno),FNT-000046
FAS-000984,PRC-000333,2024-02-06,acordao_tribunal_superior,INS-001525,Procedente (tribunal pleno),FNT-000046
FAS-000985,PRC-000334,2024-04-15,acordao_tribunal_superior,INS-001525,Procedente (tribunal pleno),FNT-000046
FAS-000986,PRC-000335,2024-02-06,acordao_tribunal_superior,INS-001525,Procedente (tribunal pleno),FNT-000046
FAS-000987,PRC-000336,2023-11-10,acordao_tribunal_superior,INS-001525,Procedente (tribunal pleno),FNT-000046
FAS-000988,PRC-000337,2024-03-11,acordao_tribunal_superior,INS-001525,Procedente (tribunal pleno),FNT-000046
FAS-000989,PRC-000338,2024-04-29,acordao_tribunal_superior,INS-001525,Procedente (tribunal pleno),FNT-000046
FAS-000990,PRC-000339,2024-03-25,acordao_tribunal_superior,INS-001525,Procedente (tribunal pleno),FNT-000046
FAS-000991,PRC-000340,2024-02-06,acordao_tribunal_superior,INS-001525,Procedente (tribunal pleno),FNT-000046
FAS-000992,PRC-000341,2024-02-06,acordao_tribunal_superior,INS-001525,Procedente (tribunal pleno),FNT-000046
FAS-000993,PRC-000342,2024-04-29,acordao_tribunal_superior,INS-001525,Procedente (tribunal pleno),FNT-000046
FAS-000994,PRC-000343,2024-04-29,acordao_tribunal_superior,INS-001525,Procedente (tribunal pleno),FNT-000046
FAS-000995,PRC-000344,2024-02-14,acordao_tribunal_superior,INS-001525,Procedente (tribunal pleno),FNT-000046
FAS-000996,PRC-000345,2024-02-06,acordao_tribunal_superior,INS-001525,Procedente (tribunal pleno),FNT-000046
FAS-000997,PRC-000347,2024-04-09,acordao_tribunal_superior,INS-001525,Procedente (tribunal pleno),FNT-000046
FAS-000998,PRC-000348,2024-04-29,acordao_tribunal_superior,INS-001525,Procedente (tribunal pleno),FNT-000046
FAS-000999,PRC-000349,2023-10-27,acordao_tribunal_superior,INS-001525,Procedente em parte (tribunal pleno),FNT-000046
FAS-001000,PRC-000350,2024-02-07,acordao_tribunal_superior,INS-001525,Procedente (tribunal pleno),FNT-000046
FAS-001001,PRC-000351,2024-04-04,acordao_tribunal_superior,INS-001525,Procedente (tribunal pleno),FNT-000046
FAS-001002,PRC-000352,2024-04-09,acordao_tribunal_superior,INS-001525,Procedente (tribunal pleno),FNT-000046
FAS-001003,PRC-000353,2024-02-07,acordao_tribunal_superior,INS-001525,Procedente (tribunal pleno),FNT-000046
FAS-001004,PRC-000354,2024-03-11,acordao_tribunal_superior,INS-001525,Procedente (tribunal pleno),FNT-000046
FAS-001005,PRC-000355,2024-02-26,acordao_tribunal_superior,INS-001525,Procedente (tribunal pleno),FNT-000046
FAS-001006,PRC-000356,2024-04-04,acordao_tribunal_superior,INS-001525,Procedente (tribunal pleno),FNT-000046
FAS-001007,PRC-000357,2024-04-04,acordao_tribunal_superior,INS-001525,Procedente (tribunal pleno),FNT-000046
FAS-001008,PRC-000358,2024-02-26,acordao_tribunal_superior,INS-001525,Procedente (tribunal pleno),FNT-000046
FAS-001009,PRC-000359,2024-02-14,acordao_tribunal_superior,INS-001525,Procedente (tribunal pleno),FNT-000046
FAS-001010,PRC-000360,2024-02-07,acordao_tribunal_superior,INS-001525,Procedente (tribunal pleno),FNT-000046
FAS-001011,PRC-000361,2024-03-25,acordao_tribunal_superior,INS-001525,Procedente (tribunal pleno),FNT-000046
FAS-001012,PRC-000362,2024-04-04,acordao_tribunal_superior,INS-001525,Procedente (tribunal pleno),FNT-000046
FAS-001013,PRC-000363,2024-03-04,acordao_tribunal_superior,INS-001525,Procedente (tribunal pleno),FNT-000046
FAS-001014,PRC-000364,2023-10-27,acordao_tribunal_superior,INS-001525,Procedente (tribunal pleno),FNT-000046
FAS-001015,PRC-000365,2024-05-07,acordao_tribunal_superior,INS-001525,Procedente (tribunal pleno),FNT-000046
FAS-001016,PRC-000366,2024-03-04,acordao_tribunal_superior,INS-001525,Procedente (tribunal pleno),FNT-000046
FAS-001017,PRC-000367,2024-03-04,acordao_tribunal_superior,INS-001525,Procedente (tribunal pleno),FNT-000046
FAS-001018,PRC-000368,2024-03-25,acordao_tribunal_superior,INS-001525,Procedente (tribunal pleno),FNT-000046
FAS-001019,PRC-000369,2024-06-24,acordao_tribunal_superior,INS-001525,Procedente (tribunal pleno),FNT-000046
FAS-001020,PRC-000369,2026-04-15,extincao_punibilidade,INS-001525,Declarada a extinção da punibilidade (monocrática),FNT-000046
FAS-001021,PRC-000370,2024-02-07,acordao_tribunal_superior,INS-001525,Procedente (tribunal pleno),FNT-000046
FAS-001022,PRC-000371,2024-03-25,acordao_tribunal_superior,INS-001525,Procedente (tribunal pleno),FNT-000046
FAS-001023,PRC-000372,2024-04-09,acordao_tribunal_superior,INS-001525,Procedente (tribunal pleno),FNT-000046
FAS-001024,PRC-000373,2023-10-20,acordao_tribunal_superior,INS-001525,Procedente (tribunal pleno),FNT-000046
FAS-001025,PRC-000374,2023-11-27,acordao_tribunal_superior,INS-001525,Procedente (tribunal pleno),FNT-000046
FAS-001026,PRC-000375,2024-03-11,acordao_tribunal_superior,INS-001525,Procedente (tribunal pleno),FNT-000046
FAS-001027,PRC-000376,2024-05-07,acordao_tribunal_superior,INS-001525,Procedente (tribunal pleno),FNT-000046
FAS-001028,PRC-000377,2024-02-14,acordao_tribunal_superior,INS-001525,Procedente (tribunal pleno),FNT-000046
FAS-001029,PRC-000378,2024-03-25,acordao_tribunal_superior,INS-001525,Procedente (tribunal pleno),FNT-000046
FAS-001030,PRC-000379,2024-02-26,acordao_tribunal_superior,INS-001525,Procedente (tribunal pleno),FNT-000046
FAS-001031,PRC-000380,2024-03-25,acordao_tribunal_superior,INS-001525,Procedente (tribunal pleno),FNT-000046
FAS-001032,PRC-000381,2024-02-26,acordao_tribunal_superior,INS-001525,Procedente (tribunal pleno),FNT-000046
FAS-001033,PRC-000382,2024-10-28,acordao_tribunal_superior,INS-001525,Procedente em parte (tribunal pleno),FNT-000046
FAS-001034,PRC-000383,2024-04-15,acordao_tribunal_superior,INS-001525,Procedente (tribunal pleno),FNT-000046
FAS-001035,PRC-000384,2024-02-07,acordao_tribunal_superior,INS-001525,Procedente (tribunal pleno),FNT-000046
FAS-001036,PRC-000385,2023-09-14,acordao_tribunal_superior,INS-001525,Procedente (tribunal pleno),FNT-000046
FAS-001037,PRC-000386,2024-02-26,acordao_tribunal_superior,INS-001525,Procedente em parte (tribunal pleno),FNT-000046
FAS-001038,PRC-000387,2024-02-22,acordao_tribunal_superior,INS-001525,Procedente (tribunal pleno),FNT-000046
FAS-001039,PRC-000388,2023-11-10,acordao_tribunal_superior,INS-001525,Procedente (tribunal pleno),FNT-000046
FAS-001040,PRC-000389,2024-04-04,acordao_tribunal_superior,INS-001525,Procedente (tribunal pleno),FNT-000046
FAS-001041,PRC-000390,2024-02-14,acordao_tribunal_superior,INS-001525,Procedente (tribunal pleno),FNT-000046
FAS-001042,PRC-000391,2024-02-15,acordao_tribunal_superior,INS-001525,Procedente (tribunal pleno),FNT-000046
FAS-001043,PRC-000392,2024-02-26,acordao_tribunal_superior,INS-001525,Procedente (tribunal pleno),FNT-000046
FAS-001044,PRC-000393,2024-04-09,acordao_tribunal_superior,INS-001525,Procedente (tribunal pleno),FNT-000046
FAS-001045,PRC-000394,2023-10-20,acordao_tribunal_superior,INS-001525,Procedente (tribunal pleno),FNT-000046
FAS-001046,PRC-000395,2024-10-21,acordao_tribunal_superior,INS-001525,Procedente (tribunal pleno),FNT-000046
FAS-001047,PRC-000395,2025-11-26,extincao_punibilidade,INS-001525,Declarada a extinção da punibilidade (monocrática),FNT-000046
FAS-001048,PRC-000395,2026-03-30,extincao_punibilidade,INS-001525,Declarada a extinção da punibilidade (monocrática),FNT-000046
FAS-001049,PRC-000396,2024-10-28,acordao_tribunal_superior,INS-001525,Procedente (tribunal pleno),FNT-000046
FAS-001050,PRC-000398,2026-03-10,extincao_punibilidade,INS-001525,Declarada a extinção da punibilidade (monocrática),FNT-000046
FAS-001051,PRC-000399,2024-12-16,acordao_tribunal_superior,INS-001525,Procedente (tribunal pleno),FNT-000046
FAS-001052,PRC-000400,2024-12-16,acordao_tribunal_superior,INS-001525,Procedente (tribunal pleno),FNT-000046
FAS-001053,PRC-000401,2025-03-05,acordao_tribunal_superior,INS-001525,Procedente (tribunal pleno),FNT-000046
FAS-001054,PRC-000401,2026-07-20,acordao_tribunal_superior,INS-001525,Procedente (monocrática),FNT-000046
FAS-001055,PRC-000402,2025-07-16,extincao_punibilidade,INS-001525,Declarada a extinção da punibilidade (monocrática),FNT-000046
FAS-001056,PRC-000402,2025-07-16,acordao_tribunal_superior,INS-001525,Procedente (monocrática),FNT-000046
FAS-001057,PRC-000405,2024-12-16,acordao_tribunal_superior,INS-001525,Procedente (tribunal pleno),FNT-000046
FAS-001058,PRC-000407,2024-12-16,acordao_tribunal_superior,INS-001525,Procedente (tribunal pleno),FNT-000046
FAS-001059,PRC-000408,2025-07-23,extincao_punibilidade,INS-001525,Declarada a extinção da punibilidade (monocrática),FNT-000046
FAS-001060,PRC-000409,2024-12-16,acordao_tribunal_superior,INS-001525,Procedente (tribunal pleno),FNT-000046
FAS-001061,PRC-000410,2024-11-27,acordao_tribunal_superior,INS-001525,Procedente (tribunal pleno),FNT-000046
FAS-001062,PRC-000411,2025-03-24,acordao_tribunal_superior,INS-001525,Procedente (tribunal pleno),FNT-000046
FAS-001063,PRC-000411,2026-09-14,extincao_punibilidade,INS-001525,Declarada a extinção da punibilidade (monocrática),FNT-000046
FAS-001064,PRC-000412,2025-03-17,recebimento_denuncia,INS-001525,Recebida denúncia (tribunal pleno),FNT-000046
FAS-001065,PRC-000412,2026-05-25,acordao_tribunal_superior,INS-001525,Procedente (tribunal pleno),FNT-000046
FAS-001066,PRC-000413,2025-06-25,recebimento_denuncia,INS-001525,Recebida denúncia (tribunal pleno),FNT-000046
FAS-001067,PRC-000414,2024-10-28,acordao_tribunal_superior,INS-001525,Procedente (tribunal pleno),FNT-000046
FAS-001068,PRC-000415,2025-12-05,extincao_punibilidade,INS-001525,Declarada a extinção da punibilidade (monocrática),FNT-000046
FAS-001069,PRC-000416,2024-12-16,acordao_tribunal_superior,INS-001525,Procedente (tribunal pleno),FNT-000046
FAS-001070,PRC-000417,2025-08-06,acordao_tribunal_superior,INS-001525,Procedente (tribunal pleno),FNT-000046
FAS-001071,PRC-000418,2024-10-21,extincao_punibilidade,INS-001525,Declarada a extinção da punibilidade (monocrática),FNT-000046
FAS-001072,PRC-000419,2024-11-06,acordao_tribunal_superior,INS-001525,Procedente (tribunal pleno),FNT-000046
FAS-001073,PRC-000420,2024-11-06,acordao_tribunal_superior,INS-001525,Procedente (tribunal pleno),FNT-000046
FAS-001074,PRC-000420,2025-09-22,extincao_punibilidade,INS-001525,Declarada a extinção da punibilidade (monocrática),FNT-000046
FAS-001075,PRC-000421,2024-12-02,acordao_tribunal_superior,INS-001525,Procedente (tribunal pleno),FNT-000046
FAS-001076,PRC-000422,2024-11-19,acordao_tribunal_superior,INS-001525,Procedente (tribunal pleno),FNT-000046
FAS-001077,PRC-000422,2025-07-23,acordao_tribunal_superior,INS-001525,Procedente em parte (monocrática),FNT-000046
FAS-001078,PRC-000422,2026-05-20,extincao_punibilidade,INS-001525,Declarada a extinção da punibilidade (monocrática),FNT-000046
FAS-001079,PRC-000423,2024-08-29,extincao_punibilidade,INS-001525,Declarada a extinção da punibilidade (monocrática),FNT-000046
FAS-001080,PRC-000424,2025-08-06,extincao_punibilidade,INS-001525,Declarada a extinção da punibilidade (monocrática),FNT-000046
FAS-001081,PRC-000425,2024-08-21,extincao_punibilidade,INS-001525,Declarada a extinção da punibilidade (monocrática),FNT-000046
FAS-001082,PRC-000426,2025-06-09,acordao_tribunal_superior,INS-001525,Procedente (tribunal pleno),FNT-000046
FAS-001083,PRC-000427,2025-10-09,extincao_punibilidade,INS-001525,Declarada a extinção da punibilidade (monocrática),FNT-000046
FAS-001084,PRC-000428,2025-03-24,acordao_tribunal_superior,INS-001525,Procedente (tribunal pleno),FNT-000046
FAS-001085,PRC-000429,2025-04-25,extincao_punibilidade,INS-001525,Declarada a extinção da punibilidade (monocrática),FNT-000046
FAS-001086,PRC-000430,2024-10-28,acordao_tribunal_superior,INS-001525,Procedente (tribunal pleno),FNT-000046
FAS-001087,PRC-000431,2026-02-25,recebimento_denuncia,INS-001525,Recebida denúncia (1ª turma),FNT-000046
FAS-001088,PRC-000432,2025-07-11,extincao_punibilidade,INS-001525,Declarada a extinção da punibilidade (monocrática),FNT-000046
FAS-001089,PRC-000433,2025-04-14,acordao_tribunal_superior,INS-001525,Procedente (tribunal pleno),FNT-000046
FAS-001090,PRC-000435,2025-08-19,acordao_tribunal_superior,INS-001525,Procedente em parte (monocrática),FNT-000046
FAS-001091,PRC-000437,2024-11-06,acordao_tribunal_superior,INS-001525,Procedente (tribunal pleno),FNT-000046
FAS-001092,PRC-000439,2025-03-05,acordao_tribunal_superior,INS-001525,Procedente (tribunal pleno),FNT-000046
FAS-001093,PRC-000441,2025-02-24,acordao_tribunal_superior,INS-001525,Procedente (tribunal pleno),FNT-000046
FAS-001094,PRC-000443,2025-10-09,extincao_punibilidade,INS-001525,Declarada a extinção da punibilidade (monocrática),FNT-000046
FAS-001095,PRC-000444,2025-06-16,recebimento_denuncia,INS-001525,Recebida denúncia (tribunal pleno),FNT-000046
FAS-001096,PRC-000446,2026-04-16,extincao_punibilidade,INS-001525,Declarada a extinção da punibilidade (monocrática),FNT-000046
FAS-001097,PRC-000448,2025-04-14,acordao_tribunal_superior,INS-001525,Procedente (tribunal pleno),FNT-000046
FAS-001098,PRC-000448,2026-04-10,extincao_punibilidade,INS-001525,Declarada a extinção da punibilidade (monocrática),FNT-000046
FAS-001099,PRC-000450,2025-12-18,extincao_punibilidade,INS-001525,Declarada a extinção da punibilidade (monocrática),FNT-000046
FAS-001100,PRC-000452,2024-11-06,acordao_tribunal_superior,INS-001525,Procedente (tribunal pleno),FNT-000046
FAS-001101,PRC-000452,2025-12-23,extincao_punibilidade,INS-001525,Declarada a extinção da punibilidade (monocrática),FNT-000046
FAS-001102,PRC-000453,2024-11-19,acordao_tribunal_superior,INS-001525,Procedente (tribunal pleno),FNT-000046
FAS-001103,PRC-000454,2026-02-06,acordao_tribunal_superior,INS-001525,Procedente (monocrática),FNT-000046
FAS-001104,PRC-000455,2026-02-18,extincao_punibilidade,INS-001525,Declarada a extinção da punibilidade (monocrática),FNT-000046
FAS-001105,PRC-000456,2025-08-06,acordao_tribunal_superior,INS-001525,Procedente (tribunal pleno),FNT-000046
FAS-001106,PRC-000456,2026-07-28,extincao_punibilidade,INS-001525,Declarada a extinção da punibilidade (monocrática),FNT-000046
FAS-001107,PRC-000456,2026-09-21,acordao_tribunal_superior,INS-001525,Procedente (monocrática),FNT-000046
FAS-001108,PRC-000457,2025-02-24,acordao_tribunal_superior,INS-001525,Procedente (tribunal pleno),FNT-000046
FAS-001109,PRC-000457,2026-04-08,extincao_punibilidade,INS-001525,Declarada a extinção da punibilidade (monocrática),FNT-000046
FAS-001110,PRC-000458,2026-05-04,extincao_punibilidade,INS-001525,Declarada a extinção da punibilidade (monocrática),FNT-000046
FAS-001111,PRC-000459,2024-10-21,acordao_tribunal_superior,INS-001525,Procedente (tribunal pleno),FNT-000046
FAS-001112,PRC-000460,2024-03-11,acordao_tribunal_superior,INS-001525,Procedente (tribunal pleno),FNT-000046
FAS-001113,PRC-000461,2024-02-07,acordao_tribunal_superior,INS-001525,Procedente (tribunal pleno),FNT-000046
FAS-001114,PRC-000462,2024-03-04,acordao_tribunal_superior,INS-001525,Procedente (tribunal pleno),FNT-000046
FAS-001115,PRC-000463,2024-03-18,acordao_tribunal_superior,INS-001525,Procedente (tribunal pleno),FNT-000046
FAS-001116,PRC-000464,2024-02-22,acordao_tribunal_superior,INS-001525,Procedente (tribunal pleno),FNT-000046
FAS-001117,PRC-000465,2023-10-20,acordao_tribunal_superior,INS-001525,Procedente (tribunal pleno),FNT-000046
FAS-001118,PRC-000466,2024-02-07,acordao_tribunal_superior,INS-001525,Procedente (tribunal pleno),FNT-000046
FAS-001119,PRC-000467,2024-03-25,acordao_tribunal_superior,INS-001525,Procedente (tribunal pleno),FNT-000046
FAS-001120,PRC-000468,2024-03-04,acordao_tribunal_superior,INS-001525,Procedente (tribunal pleno),FNT-000046
FAS-001121,PRC-000469,2024-03-11,acordao_tribunal_superior,INS-001525,Procedente (tribunal pleno),FNT-000046
FAS-001122,PRC-000470,2024-03-18,acordao_tribunal_superior,INS-001525,Procedente (tribunal pleno),FNT-000046
FAS-001123,PRC-000471,2024-03-25,acordao_tribunal_superior,INS-001525,Procedente (tribunal pleno),FNT-000046
FAS-001124,PRC-000473,2025-06-16,acordao_tribunal_superior,INS-001525,Procedente (tribunal pleno),FNT-000046
FAS-001125,PRC-000474,2025-12-03,extincao_punibilidade,INS-001525,Declarada a extinção da punibilidade (monocrática),FNT-000046
FAS-001126,PRC-000475,2025-07-16,extincao_punibilidade,INS-001525,Declarada a extinção da punibilidade (monocrática),FNT-000046
FAS-001127,PRC-000475,2025-07-16,acordao_tribunal_superior,INS-001525,Procedente (monocrática),FNT-000046
FAS-001128,PRC-000476,2025-11-26,acordao_tribunal_superior,INS-001525,Procedente (tribunal pleno),FNT-000046
FAS-001129,PRC-000477,2026-02-27,extincao_punibilidade,INS-001525,Declarada a extinção da punibilidade (monocrática),FNT-000046
FAS-001130,PRC-000478,2026-02-18,extincao_punibilidade,INS-001525,Declarada a extinção da punibilidade (monocrática),FNT-000046
FAS-001131,PRC-000479,2024-05-27,recebimento_denuncia,INS-001525,Recebida denúncia (tribunal pleno),FNT-000046
FAS-001132,PRC-000479,2025-08-08,acordao_tribunal_superior,INS-001525,Procedente (tribunal pleno),FNT-000046
FAS-001133,PRC-000480,2024-12-12,extincao_punibilidade,INS-001525,Declarada a extinção da punibilidade (monocrática),FNT-000046
FAS-001134,PRC-000482,2025-11-12,extincao_punibilidade,INS-001525,Declarada a extinção da punibilidade (monocrática),FNT-000046
FAS-001135,PRC-000483,2024-11-06,acordao_tribunal_superior,INS-001525,Procedente (tribunal pleno),FNT-000046
FAS-001136,PRC-000484,2024-11-13,extincao_punibilidade,INS-001525,Declarada a extinção da punibilidade (monocrática),FNT-000046
FAS-001137,PRC-000485,2025-06-09,extincao_punibilidade,INS-001525,Declarada a extinção da punibilidade (monocrática),FNT-000046
FAS-001138,PRC-000486,2024-11-06,acordao_tribunal_superior,INS-001525,Procedente (tribunal pleno),FNT-000046
FAS-001139,PRC-000487,2024-11-06,acordao_tribunal_superior,INS-001525,Procedente (tribunal pleno),FNT-000046
FAS-001140,PRC-000488,2024-12-16,acordao_tribunal_superior,INS-001525,Procedente (tribunal pleno),FNT-000046
FAS-001141,PRC-000488,2026-02-02,extincao_punibilidade,INS-001525,Declarada a extinção da punibilidade (monocrática),FNT-000046
FAS-001142,PRC-000488,2026-07-20,acordao_tribunal_superior,INS-001525,Procedente (monocrática),FNT-000046
FAS-001143,PRC-000489,2026-09-15,extincao_punibilidade,INS-001525,Declarada a extinção da punibilidade (monocrática),FNT-000046
FAS-001144,PRC-000490,2024-02-26,recebimento_denuncia,INS-001525,Recebida denúncia (tribunal pleno),FNT-000046
FAS-001145,PRC-000490,2026-05-18,acordao_tribunal_superior,INS-001525,Procedente em parte (tribunal pleno),FNT-000046
FAS-001146,PRC-000491,2024-11-19,acordao_tribunal_superior,INS-001525,Procedente (tribunal pleno),FNT-000046
FAS-001147,PRC-000491,2025-12-16,extincao_punibilidade,INS-001525,Declarada a extinção da punibilidade (monocrática),FNT-000046
FAS-001148,PRC-000492,2024-12-16,acordao_tribunal_superior,INS-001525,Procedente (tribunal pleno),FNT-000046
FAS-001149,PRC-000492,2026-06-17,extincao_punibilidade,INS-001525,Declarada a extinção da punibilidade (monocrática),FNT-000046
FAS-001150,PRC-000494,2025-10-16,extincao_punibilidade,INS-001525,Declarada a extinção da punibilidade (monocrática),FNT-000046
FAS-001151,PRC-000495,2024-11-28,extincao_punibilidade,INS-001525,Declarada a extinção da punibilidade (monocrática),FNT-000046
FAS-001152,PRC-000496,2026-04-23,extincao_punibilidade,INS-001525,Declarada a extinção da punibilidade (monocrática),FNT-000046
FAS-001153,PRC-000497,2025-07-02,extincao_punibilidade,INS-001525,Declarada a extinção da punibilidade (monocrática),FNT-000046
FAS-001154,PRC-000498,2024-10-28,acordao_tribunal_superior,INS-001525,Procedente (tribunal pleno),FNT-000046
FAS-001155,PRC-000498,2026-07-29,extincao_punibilidade,INS-001525,Declarada a extinção da punibilidade (monocrática),FNT-000046
FAS-001156,PRC-000499,2025-06-16,acordao_tribunal_superior,INS-001525,Procedente (tribunal pleno),FNT-000046
FAS-001157,PRC-000500,2025-08-18,extincao_punibilidade,INS-001525,Declarada a extinção da punibilidade (monocrática),FNT-000046
FAS-001158,PRC-000501,2025-04-25,extincao_punibilidade,INS-001525,Declarada a extinção da punibilidade (monocrática),FNT-000046
FAS-001159,PRC-000502,2025-06-25,acordao_tribunal_superior,INS-001525,Procedente (tribunal pleno),FNT-000046
FAS-001160,PRC-000503,2025-04-14,acordao_tribunal_superior,INS-001525,Procedente (tribunal pleno),FNT-000046
FAS-001161,PRC-000504,2024-11-19,acordao_tribunal_superior,INS-001525,Procedente (tribunal pleno),FNT-000046
FAS-001162,PRC-000505,2026-04-29,extincao_punibilidade,INS-001525,Declarada a extinção da punibilidade (monocrática),FNT-000046
FAS-001163,PRC-000506,2025-03-05,acordao_tribunal_superior,INS-001525,Procedente (tribunal pleno),FNT-000046
FAS-001164,PRC-000507,2025-03-31,recebimento_denuncia,INS-001525,Recebida denúncia (tribunal pleno),FNT-000046
FAS-001165,PRC-000507,2026-08-07,acordao_tribunal_superior,INS-001525,Procedente (tribunal pleno),FNT-000046
FAS-001166,PRC-000508,2024-10-21,extincao_punibilidade,INS-001525,Declarada a extinção da punibilidade (monocrática),FNT-000046
FAS-001167,PRC-000509,2026-03-02,recebimento_denuncia,INS-001525,Recebida denúncia (1ª turma),FNT-000046
FAS-001168,PRC-000511,2025-02-17,extincao_punibilidade,INS-001525,Declarada a extinção da punibilidade (monocrática),FNT-000046
FAS-001169,PRC-000512,2026-05-18,acordao_tribunal_superior,INS-001525,Procedente (tribunal pleno),FNT-000046
FAS-001170,PRC-000513,2025-02-18,extincao_punibilidade,INS-001525,Declarada a extinção da punibilidade (monocrática),FNT-000046
FAS-001171,PRC-000514,2025-10-06,extincao_punibilidade,INS-001525,Declarada a extinção da punibilidade (monocrática),FNT-000046
FAS-001172,PRC-000515,2025-04-14,acordao_tribunal_superior,INS-001525,Procedente (tribunal pleno),FNT-000046
FAS-001173,PRC-000516,2024-10-28,acordao_tribunal_superior,INS-001525,Procedente (tribunal pleno),FNT-000046
FAS-001174,PRC-000517,2024-11-06,acordao_tribunal_superior,INS-001525,Procedente (tribunal pleno),FNT-000046
FAS-001175,PRC-000518,2025-09-05,extincao_punibilidade,INS-001525,Declarada a extinção da punibilidade (monocrática),FNT-000046
FAS-001176,PRC-000521,2025-01-07,extincao_punibilidade,INS-001525,Declarada a extinção da punibilidade (monocrática),FNT-000046
FAS-001177,PRC-000522,2025-12-18,extincao_punibilidade,INS-001525,Declarada a extinção da punibilidade (monocrática),FNT-000046
FAS-001178,PRC-000523,2025-02-24,acordao_tribunal_superior,INS-001525,Procedente (tribunal pleno),FNT-000046
FAS-001179,PRC-000523,2026-03-27,extincao_punibilidade,INS-001525,Declarada a extinção da punibilidade (monocrática),FNT-000046
FAS-001180,PRC-000524,2025-02-24,acordao_tribunal_superior,INS-001525,Procedente (tribunal pleno),FNT-000046
FAS-001181,PRC-000524,2026-05-15,extincao_punibilidade,INS-001525,Declarada a extinção da punibilidade (monocrática),FNT-000046
FAS-001182,PRC-000525,2024-02-26,recebimento_denuncia,INS-001525,Recebida denúncia (tribunal pleno),FNT-000046
FAS-001183,PRC-000525,2025-02-24,acordao_tribunal_superior,INS-001525,Procedente (tribunal pleno),FNT-000046
FAS-001184,PRC-000526,2025-06-13,extincao_punibilidade,INS-001525,Declarada a extinção da punibilidade (monocrática),FNT-000046
FAS-001185,PRC-000527,2024-11-06,acordao_tribunal_superior,INS-001525,Procedente (tribunal pleno),FNT-000046
FAS-001186,PRC-000529,2024-06-24,recebimento_denuncia,INS-001525,Recebida denúncia (tribunal pleno),FNT-000046
FAS-001187,PRC-000529,2025-08-08,acordao_tribunal_superior,INS-001525,Procedente (tribunal pleno),FNT-000046
FAS-001188,PRC-000530,2025-03-26,extincao_punibilidade,INS-001525,Declarada a extinção da punibilidade (monocrática),FNT-000046
FAS-001189,PRC-000531,2025-08-18,extincao_punibilidade,INS-001525,Declarada a extinção da punibilidade (monocrática),FNT-000046
FAS-001190,PRC-000532,2025-06-03,extincao_punibilidade,INS-001525,Declarada a extinção da punibilidade (monocrática),FNT-000046
FAS-001191,PRC-000533,2025-03-31,recebimento_denuncia,INS-001525,Recebida denúncia (tribunal pleno),FNT-000046
FAS-001192,PRC-000534,2026-03-12,extincao_punibilidade,INS-001525,Declarada a extinção da punibilidade (monocrática),FNT-000046
FAS-001193,PRC-000535,2025-04-25,acordao_tribunal_superior,INS-001525,Procedente (tribunal pleno),FNT-000046
FAS-001194,PRC-000536,2026-05-25,acordao_tribunal_superior,INS-001525,Procedente (tribunal pleno),FNT-000046
FAS-001195,PRC-000539,2025-06-02,acordao_tribunal_superior,INS-001525,Procedente (tribunal pleno),FNT-000046
FAS-001196,PRC-000540,2025-03-05,acordao_tribunal_superior,INS-001525,Procedente (tribunal pleno),FNT-000046
FAS-001197,PRC-000541,2026-05-18,acordao_tribunal_superior,INS-001525,Procedente (tribunal pleno),FNT-000046
FAS-001198,PRC-000542,2024-12-02,acordao_tribunal_superior,INS-001525,Procedente (tribunal pleno),FNT-000046
FAS-001199,PRC-000543,2025-12-18,extincao_punibilidade,INS-001525,Declarada a extinção da punibilidade (monocrática),FNT-000046
FAS-001200,PRC-000544,2025-02-17,extincao_punibilidade,INS-001525,Declarada a extinção da punibilidade (monocrática),FNT-000046
FAS-001201,PRC-000545,2024-11-27,acordao_tribunal_superior,INS-001525,Procedente (tribunal pleno),FNT-000046
FAS-001202,PRC-000545,2026-06-25,extincao_punibilidade,INS-001525,Declarada a extinção da punibilidade (monocrática),FNT-000046
FAS-001203,PRC-000546,2024-09-30,extincao_punibilidade,INS-001525,Declarada a extinção da punibilidade (monocrática),FNT-000046
FAS-001204,PRC-000547,2026-03-12,extincao_punibilidade,INS-001525,Declarada a extinção da punibilidade (monocrática),FNT-000046
FAS-001205,PRC-000548,2024-11-19,acordao_tribunal_superior,INS-001525,Procedente (tribunal pleno),FNT-000046
FAS-001206,PRC-000548,2025-07-17,acordao_tribunal_superior,INS-001525,Procedente em parte (monocrática),FNT-000046
FAS-001207,PRC-000548,2026-02-06,extincao_punibilidade,INS-001525,Declarada a extinção da punibilidade (monocrática),FNT-000046
FAS-001208,PRC-000549,2025-03-26,extincao_punibilidade,INS-001525,Declarada a extinção da punibilidade (monocrática),FNT-000046
FAS-001209,PRC-000551,2026-05-25,recebimento_denuncia,INS-001525,Recebida denúncia (tribunal pleno),FNT-000046
FAS-001210,PRC-000552,2026-01-26,extincao_punibilidade,INS-001525,Declarada a extinção da punibilidade (monocrática),FNT-000046
FAS-001211,PRC-000553,2024-12-16,acordao_tribunal_superior,INS-001525,Procedente (tribunal pleno),FNT-000046
FAS-001212,PRC-000553,2026-03-06,extincao_punibilidade,INS-001525,Declarada a extinção da punibilidade (monocrática),FNT-000046
FAS-001213,PRC-000553,2026-04-15,extincao_punibilidade,INS-001525,Declarada a extinção da punibilidade (monocrática),FNT-000046
FAS-001214,PRC-000554,2025-06-25,recebimento_denuncia,INS-001525,Recebida denúncia (tribunal pleno),FNT-000046
FAS-001215,PRC-000555,2024-12-16,acordao_tribunal_superior,INS-001525,Procedente (tribunal pleno),FNT-000046
FAS-001216,PRC-000556,2025-04-14,acordao_tribunal_superior,INS-001525,Procedente (tribunal pleno),FNT-000046
FAS-001217,PRC-000557,2025-09-05,extincao_punibilidade,INS-001525,Declarada a extinção da punibilidade (monocrática),FNT-000046
FAS-001218,PRC-000559,2024-11-19,acordao_tribunal_superior,INS-001525,Procedente (tribunal pleno),FNT-000046
FAS-001219,PRC-000559,2025-07-16,acordao_tribunal_superior,INS-001525,Procedente em parte (monocrática),FNT-000046
FAS-001220,PRC-000559,2025-09-17,extincao_punibilidade,INS-001525,Declarada a extinção da punibilidade (monocrática),FNT-000046
FAS-001221,PRC-000560,2025-11-26,acordao_tribunal_superior,INS-001525,Procedente (tribunal pleno),FNT-000046
FAS-001222,PRC-000561,2024-10-28,acordao_tribunal_superior,INS-001525,Procedente (tribunal pleno),FNT-000046
FAS-001223,PRC-000561,2025-07-16,acordao_tribunal_superior,INS-001525,Procedente (monocrática),FNT-000046
FAS-001224,PRC-000562,2025-07-08,extincao_punibilidade,INS-001525,Declarada a extinção da punibilidade (monocrática),FNT-000046
FAS-001225,PRC-000564,2025-12-05,extincao_punibilidade,INS-001525,Declarada a extinção da punibilidade (monocrática),FNT-000046
FAS-001226,PRC-000565,2024-12-09,acordao_tribunal_superior,INS-001525,Procedente (tribunal pleno),FNT-000046
FAS-001227,PRC-000566,2024-10-28,recebimento_denuncia,INS-001525,Recebida denúncia (tribunal pleno),FNT-000046
FAS-001228,PRC-000566,2026-08-06,acordao_tribunal_superior,INS-001525,Procedente (tribunal pleno),FNT-000046
FAS-001229,PRC-000567,2025-06-25,recebimento_denuncia,INS-001525,Recebida denúncia (tribunal pleno),FNT-000046
FAS-001230,PRC-000567,2026-09-08,acordao_tribunal_superior,INS-001525,Procedente (tribunal pleno),FNT-000046
FAS-001231,PRC-000568,2025-02-24,acordao_tribunal_superior,INS-001525,Procedente (tribunal pleno),FNT-000046
FAS-001232,PRC-000569,2025-07-16,acordao_tribunal_superior,INS-001525,Procedente (monocrática),FNT-000046
FAS-001233,PRC-000569,2025-09-19,extincao_punibilidade,INS-001525,Declarada a extinção da punibilidade (monocrática),FNT-000046
FAS-001234,PRC-000572,2024-04-29,acordao_tribunal_superior,INS-001525,Procedente (tribunal pleno),FNT-000046
FAS-001235,PRC-000574,2024-03-11,acordao_tribunal_superior,INS-001525,Procedente (tribunal pleno),FNT-000046
FAS-001236,PRC-000575,2024-10-21,acordao_tribunal_superior,INS-001525,Improcedente (tribunal pleno),FNT-000046
FAS-001237,PRC-000576,2024-04-09,acordao_tribunal_superior,INS-001525,Procedente (tribunal pleno),FNT-000046
FAS-001238,PRC-000577,2024-03-20,extincao_punibilidade,INS-001525,Declarada a extinção da punibilidade (monocrática),FNT-000046
FAS-001239,PRC-000578,2024-02-07,acordao_tribunal_superior,INS-001525,Procedente (tribunal pleno),FNT-000046
FAS-001240,PRC-000579,2024-04-04,acordao_tribunal_superior,INS-001525,Procedente (tribunal pleno),FNT-000046
FAS-001241,PRC-000580,2024-04-29,acordao_tribunal_superior,INS-001525,Procedente (tribunal pleno),FNT-000046
FAS-001242,PRC-000581,2024-05-07,acordao_tribunal_superior,INS-001525,Procedente (tribunal pleno),FNT-000046
FAS-001243,PRC-000582,2024-04-05,acordao_tribunal_superior,INS-001525,Procedente (tribunal pleno),FNT-000046
FAS-001244,PRC-000583,2024-04-09,acordao_tribunal_superior,INS-001525,Procedente (tribunal pleno),FNT-000046
FAS-001245,PRC-000584,2024-02-07,acordao_tribunal_superior,INS-001525,Procedente (tribunal pleno),FNT-000046
FAS-001246,PRC-000585,2024-03-04,acordao_tribunal_superior,INS-001525,Procedente (tribunal pleno),FNT-000046
FAS-001247,PRC-000586,2024-04-29,acordao_tribunal_superior,INS-001525,Procedente (tribunal pleno),FNT-000046
FAS-001248,PRC-000587,2024-02-07,acordao_tribunal_superior,INS-001525,Procedente (tribunal pleno),FNT-000046
FAS-001249,PRC-000588,2024-02-22,acordao_tribunal_superior,INS-001525,Procedente (tribunal pleno),FNT-000046
FAS-001250,PRC-000589,2024-03-25,acordao_tribunal_superior,INS-001525,Procedente (tribunal pleno),FNT-000046
FAS-001251,PRC-000590,2024-02-07,acordao_tribunal_superior,INS-001525,Procedente (tribunal pleno),FNT-000046
FAS-001252,PRC-000591,2024-03-11,acordao_tribunal_superior,INS-001525,Procedente (tribunal pleno),FNT-000046
FAS-001253,PRC-000592,2024-02-07,acordao_tribunal_superior,INS-001525,Procedente (tribunal pleno),FNT-000046
FAS-001254,PRC-000593,2024-02-26,acordao_tribunal_superior,INS-001525,Procedente (tribunal pleno),FNT-000046
FAS-001255,PRC-000595,2024-03-18,acordao_tribunal_superior,INS-001525,Procedente (tribunal pleno),FNT-000046
FAS-001256,PRC-000596,2024-02-22,acordao_tribunal_superior,INS-001525,Procedente (tribunal pleno),FNT-000046
FAS-001257,PRC-000597,2024-02-07,acordao_tribunal_superior,INS-001525,Procedente (tribunal pleno),FNT-000046
FAS-001258,PRC-000598,2024-02-07,acordao_tribunal_superior,INS-001525,Procedente (tribunal pleno),FNT-000046
FAS-001259,PRC-000599,2024-03-18,acordao_tribunal_superior,INS-001525,Procedente (tribunal pleno),FNT-000046
FAS-001260,PRC-000600,2024-04-09,acordao_tribunal_superior,INS-001525,Procedente (tribunal pleno),FNT-000046
FAS-001261,PRC-000601,2024-03-11,acordao_tribunal_superior,INS-001525,Procedente (tribunal pleno),FNT-000046
FAS-001262,PRC-000602,2024-02-22,acordao_tribunal_superior,INS-001525,Procedente (tribunal pleno),FNT-000046
FAS-001263,PRC-000603,2024-03-25,acordao_tribunal_superior,INS-001525,Procedente (tribunal pleno),FNT-000046
FAS-001264,PRC-000604,2024-04-04,acordao_tribunal_superior,INS-001525,Procedente (tribunal pleno),FNT-000046
FAS-001265,PRC-000605,2024-02-07,acordao_tribunal_superior,INS-001525,Procedente (tribunal pleno),FNT-000046
FAS-001266,PRC-000606,2024-03-18,acordao_tribunal_superior,INS-001525,Procedente (tribunal pleno),FNT-000046
FAS-001267,PRC-000607,2024-02-07,acordao_tribunal_superior,INS-001525,Procedente (tribunal pleno),FNT-000046
FAS-001268,PRC-000608,2024-05-07,acordao_tribunal_superior,INS-001525,Procedente (tribunal pleno),FNT-000046
FAS-001269,PRC-000609,2024-03-04,acordao_tribunal_superior,INS-001525,Procedente (tribunal pleno),FNT-000046
FAS-001270,PRC-000610,2024-03-11,acordao_tribunal_superior,INS-001525,Procedente (tribunal pleno),FNT-000046
FAS-001271,PRC-000611,2024-03-25,acordao_tribunal_superior,INS-001525,Procedente (tribunal pleno),FNT-000046
FAS-001272,PRC-000612,2024-04-29,acordao_tribunal_superior,INS-001525,Procedente (tribunal pleno),FNT-000046
FAS-001273,PRC-000613,2024-02-22,acordao_tribunal_superior,INS-001525,Procedente (tribunal pleno),FNT-000046
FAS-001274,PRC-000614,2024-04-15,acordao_tribunal_superior,INS-001525,Procedente (tribunal pleno),FNT-000046
FAS-001275,PRC-000615,2023-10-03,acordao_tribunal_superior,INS-001525,Procedente em parte (tribunal pleno),FNT-000046
FAS-001276,PRC-000616,2024-03-11,acordao_tribunal_superior,INS-001525,Procedente (tribunal pleno),FNT-000046
FAS-001277,PRC-000617,2024-03-18,acordao_tribunal_superior,INS-001525,Procedente (tribunal pleno),FNT-000046
FAS-001278,PRC-000618,2023-10-20,acordao_tribunal_superior,INS-001525,Procedente (tribunal pleno),FNT-000046
FAS-001279,PRC-000619,2024-02-14,acordao_tribunal_superior,INS-001525,Procedente (tribunal pleno),FNT-000046
FAS-001280,PRC-000620,2024-02-22,acordao_tribunal_superior,INS-001525,Procedente (tribunal pleno),FNT-000046
FAS-001281,PRC-000621,2024-03-18,acordao_tribunal_superior,INS-001525,Procedente (tribunal pleno),FNT-000046
FAS-001282,PRC-000622,2025-03-05,acordao_tribunal_superior,INS-001525,Improcedente (monocrática),FNT-000046
FAS-001283,PRC-000623,2024-02-14,acordao_tribunal_superior,INS-001525,Procedente em parte (tribunal pleno),FNT-000046
FAS-001284,PRC-000624,2024-02-26,acordao_tribunal_superior,INS-001525,Procedente em parte (tribunal pleno),FNT-000046
FAS-001285,PRC-000625,2024-03-18,acordao_tribunal_superior,INS-001525,Improcedente (tribunal pleno),FNT-000046
FAS-001286,PRC-000627,2024-03-25,acordao_tribunal_superior,INS-001525,Procedente (tribunal pleno),FNT-000046
FAS-001287,PRC-000628,2023-11-10,acordao_tribunal_superior,INS-001525,Procedente (tribunal pleno),FNT-000046
FAS-001288,PRC-000629,2024-03-04,acordao_tribunal_superior,INS-001525,Procedente (tribunal pleno),FNT-000046
FAS-001289,PRC-000630,2024-03-04,acordao_tribunal_superior,INS-001525,Procedente (tribunal pleno),FNT-000046
FAS-001290,PRC-000631,2024-02-26,acordao_tribunal_superior,INS-001525,Procedente (tribunal pleno),FNT-000046
FAS-001291,PRC-000632,2023-11-10,acordao_tribunal_superior,INS-001525,Procedente (tribunal pleno),FNT-000046
FAS-001292,PRC-000633,2024-03-18,acordao_tribunal_superior,INS-001525,Procedente (tribunal pleno),FNT-000046
FAS-001293,PRC-000634,2024-10-28,acordao_tribunal_superior,INS-001525,Procedente em parte (tribunal pleno),FNT-000046
FAS-001294,PRC-000635,2024-03-04,acordao_tribunal_superior,INS-001525,Procedente (tribunal pleno),FNT-000046
FAS-001295,PRC-000636,2024-05-07,acordao_tribunal_superior,INS-001525,Procedente (tribunal pleno),FNT-000046
FAS-001296,PRC-000638,2024-12-16,acordao_tribunal_superior,INS-001525,Procedente (tribunal pleno),FNT-000046
FAS-001297,PRC-000639,2026-05-25,acordao_tribunal_superior,INS-001525,Procedente (tribunal pleno),FNT-000046
FAS-001298,PRC-000640,2025-06-16,acordao_tribunal_superior,INS-001525,Procedente (tribunal pleno),FNT-000046
FAS-001299,PRC-000641,2025-07-28,extincao_punibilidade,INS-001525,Declarada a extinção da punibilidade (monocrática),FNT-000046
FAS-001300,PRC-000642,2025-08-18,extincao_punibilidade,INS-001525,Declarada a extinção da punibilidade (monocrática),FNT-000046
FAS-001301,PRC-000643,2024-11-27,acordao_tribunal_superior,INS-001525,Procedente (tribunal pleno),FNT-000046
FAS-001302,PRC-000645,2024-09-11,acordao_tribunal_superior,INS-001525,Improcedente (monocrática),FNT-000046
FAS-001303,PRC-000647,2025-04-23,extincao_punibilidade,INS-001525,Declarada a extinção da punibilidade (monocrática),FNT-000046
FAS-001304,PRC-000649,2025-11-26,acordao_tribunal_superior,INS-001525,Procedente (tribunal pleno),FNT-000046
FAS-001305,PRC-000650,2025-10-09,extincao_punibilidade,INS-001525,Declarada a extinção da punibilidade (monocrática),FNT-000046
FAS-001306,PRC-000651,2024-11-25,extincao_punibilidade,INS-001525,Declarada a extinção da punibilidade (monocrática),FNT-000046
FAS-001307,PRC-000652,2024-11-06,acordao_tribunal_superior,INS-001525,Procedente (tribunal pleno),FNT-000046
FAS-001308,PRC-000653,2024-11-27,acordao_tribunal_superior,INS-001525,Procedente (tribunal pleno),FNT-000046
FAS-001309,PRC-000654,2024-12-02,acordao_tribunal_superior,INS-001525,Procedente (tribunal pleno),FNT-000046
FAS-001310,PRC-000655,2025-06-25,recebimento_denuncia,INS-001525,Recebida denúncia (tribunal pleno),FNT-000046
FAS-001311,PRC-000657,2025-06-25,acordao_tribunal_superior,INS-001525,Procedente (tribunal pleno),FNT-000046
FAS-001312,PRC-000658,2024-11-27,acordao_tribunal_superior,INS-001525,Procedente (tribunal pleno),FNT-000046
FAS-001313,PRC-000660,2025-08-19,extincao_punibilidade,INS-001525,Declarada a extinção da punibilidade (monocrática),FNT-000046
FAS-001314,PRC-000661,2025-06-25,acordao_tribunal_superior,INS-001525,Procedente (tribunal pleno),FNT-000046
FAS-001315,PRC-000661,2025-07-17,acordao_tribunal_superior,INS-001525,Procedente (monocrática),FNT-000046
FAS-001316,PRC-000662,2026-07-15,extincao_punibilidade,INS-001525,Declarada a extinção da punibilidade (monocrática),FNT-000046
FAS-001317,PRC-000663,2025-05-21,extincao_punibilidade,INS-001525,Declarada a extinção da punibilidade (monocrática),FNT-000046
FAS-001318,PRC-000664,2025-05-07,extincao_punibilidade,INS-001525,Declarada a extinção da punibilidade (monocrática),FNT-000046
FAS-001319,PRC-000665,2025-05-14,extincao_punibilidade,INS-001525,Declarada a extinção da punibilidade (monocrática),FNT-000046
FAS-001320,PRC-000666,2024-12-16,acordao_tribunal_superior,INS-001525,Procedente (tribunal pleno),FNT-000046
FAS-001321,PRC-000666,2026-03-10,extincao_punibilidade,INS-001525,Declarada a extinção da punibilidade (monocrática),FNT-000046
FAS-001322,PRC-000667,2024-11-27,acordao_tribunal_superior,INS-001525,Procedente (tribunal pleno),FNT-000046
FAS-001323,PRC-000668,2024-10-21,acordao_tribunal_superior,INS-001525,Procedente (tribunal pleno),FNT-000046
FAS-001324,PRC-000669,2025-03-21,extincao_punibilidade,INS-001525,Declarada a extinção da punibilidade (monocrática),FNT-000046
FAS-001325,PRC-000670,2025-06-09,acordao_tribunal_superior,INS-001525,Procedente (tribunal pleno),FNT-000046
FAS-001326,PRC-000671,2024-11-27,acordao_tribunal_superior,INS-001525,Procedente (tribunal pleno),FNT-000046
FAS-001327,PRC-000672,2025-08-18,extincao_punibilidade,INS-001525,Declarada a extinção da punibilidade (monocrática),FNT-000046
FAS-001328,PRC-000673,2025-04-07,recebimento_denuncia,INS-001525,Recebida denúncia (tribunal pleno),FNT-000046
FAS-001329,PRC-000674,2024-10-21,acordao_tribunal_superior,INS-001525,Procedente (tribunal pleno),FNT-000046
FAS-001330,PRC-000675,2024-10-28,acordao_tribunal_superior,INS-001525,Procedente (tribunal pleno),FNT-000046
FAS-001331,PRC-000677,2025-03-05,acordao_tribunal_superior,INS-001525,Procedente (tribunal pleno),FNT-000046
FAS-001332,PRC-000677,2026-02-19,extincao_punibilidade,INS-001525,Declarada a extinção da punibilidade (monocrática),FNT-000046
FAS-001333,PRC-000678,2025-08-25,extincao_punibilidade,INS-001525,Declarada a extinção da punibilidade (monocrática),FNT-000046
FAS-001334,PRC-000679,2026-06-22,extincao_punibilidade,INS-001525,Declarada a extinção da punibilidade (monocrática),FNT-000046
FAS-001335,PRC-000680,2024-11-19,acordao_tribunal_superior,INS-001525,Procedente (tribunal pleno),FNT-000046
FAS-001336,PRC-000681,2025-03-24,recebimento_denuncia,INS-001525,Recebida denúncia (tribunal pleno),FNT-000046
FAS-001337,PRC-000682,2024-09-03,extincao_punibilidade,INS-001525,Declarada a extinção da punibilidade (monocrática),FNT-000046
FAS-001338,PRC-000685,2024-12-02,acordao_tribunal_superior,INS-001525,Procedente (tribunal pleno),FNT-000046
FAS-001339,PRC-000687,2024-05-20,extincao_punibilidade,INS-001525,Declarada a extinção da punibilidade (monocrática),FNT-000046
FAS-001340,PRC-000688,2025-03-24,acordao_tribunal_superior,INS-001525,Procedente (tribunal pleno),FNT-000046
FAS-001341,PRC-000689,2024-04-09,acordao_tribunal_superior,INS-001525,Procedente (tribunal pleno),FNT-000046
FAS-001342,PRC-000690,2024-02-14,acordao_tribunal_superior,INS-001525,Procedente (tribunal pleno),FNT-000046
FAS-001343,PRC-000691,2024-05-07,acordao_tribunal_superior,INS-001525,Procedente (tribunal pleno),FNT-000046
FAS-001344,PRC-000693,2024-04-15,acordao_tribunal_superior,INS-001525,Procedente (tribunal pleno),FNT-000046
FAS-001345,PRC-000694,2024-02-26,acordao_tribunal_superior,INS-001525,Procedente (tribunal pleno),FNT-000046
FAS-001346,PRC-000695,2024-03-04,acordao_tribunal_superior,INS-001525,Procedente (tribunal pleno),FNT-000046
FAS-001347,PRC-000696,2024-05-07,acordao_tribunal_superior,INS-001525,Procedente (tribunal pleno),FNT-000046
FAS-001348,PRC-000697,2024-04-04,acordao_tribunal_superior,INS-001525,Procedente (tribunal pleno),FNT-000046
FAS-001349,PRC-000698,2025-02-24,acordao_tribunal_superior,INS-001525,Procedente (tribunal pleno),FNT-000046
FAS-001350,PRC-000699,2024-04-09,acordao_tribunal_superior,INS-001525,Procedente (tribunal pleno),FNT-000046
FAS-001351,PRC-000700,2023-10-20,acordao_tribunal_superior,INS-001525,Procedente (tribunal pleno),FNT-000046
FAS-001352,PRC-000701,2024-04-15,acordao_tribunal_superior,INS-001525,Procedente (tribunal pleno),FNT-000046
FAS-001353,PRC-000702,2024-02-14,acordao_tribunal_superior,INS-001525,Procedente em parte (tribunal pleno),FNT-000046
FAS-001354,PRC-000703,2024-02-14,acordao_tribunal_superior,INS-001525,Procedente em parte (tribunal pleno),FNT-000046
FAS-001355,PRC-000704,2023-09-14,acordao_tribunal_superior,INS-001525,Procedente (tribunal pleno),FNT-000046
FAS-001356,PRC-000705,2024-02-26,acordao_tribunal_superior,INS-001525,Procedente (tribunal pleno),FNT-000046
FAS-001357,PRC-000706,2024-02-14,acordao_tribunal_superior,INS-001525,Procedente (tribunal pleno),FNT-000046
FAS-001358,PRC-000707,2023-10-03,acordao_tribunal_superior,INS-001525,Procedente (tribunal pleno),FNT-000046
FAS-001359,PRC-000708,2024-03-18,acordao_tribunal_superior,INS-001525,Procedente (tribunal pleno),FNT-000046
FAS-001360,PRC-000709,2024-02-22,acordao_tribunal_superior,INS-001525,Procedente (tribunal pleno),FNT-000046
FAS-001361,PRC-000710,2024-04-15,acordao_tribunal_superior,INS-001525,Procedente (tribunal pleno),FNT-000046
FAS-001362,PRC-000711,2025-11-26,acordao_tribunal_superior,INS-001525,Procedente (tribunal pleno),FNT-000046
FAS-001363,PRC-000712,2024-04-04,acordao_tribunal_superior,INS-001525,Procedente (tribunal pleno),FNT-000046
FAS-001364,PRC-000713,2024-04-09,acordao_tribunal_superior,INS-001525,Procedente (tribunal pleno),FNT-000046
FAS-001365,PRC-000714,2024-05-08,acordao_tribunal_superior,INS-001525,Procedente (tribunal pleno),FNT-000046
FAS-001366,PRC-000715,2024-03-18,acordao_tribunal_superior,INS-001525,Procedente (tribunal pleno),FNT-000046
FAS-001367,PRC-000716,2024-02-22,acordao_tribunal_superior,INS-001525,Procedente (tribunal pleno),FNT-000046
FAS-001368,PRC-000717,2024-04-09,acordao_tribunal_superior,INS-001525,Procedente (tribunal pleno),FNT-000046
FAS-001369,PRC-000718,2024-04-04,acordao_tribunal_superior,INS-001525,Procedente (tribunal pleno),FNT-000046
FAS-001370,PRC-000719,2024-02-26,acordao_tribunal_superior,INS-001525,Procedente (tribunal pleno),FNT-000046
FAS-001371,PRC-000720,2024-12-02,acordao_tribunal_superior,INS-001525,Procedente (tribunal pleno),FNT-000046
FAS-001372,PRC-000720,2026-06-09,extincao_punibilidade,INS-001525,Declarada a extinção da punibilidade (monocrática),FNT-000046
FAS-001373,PRC-000721,2025-11-17,extincao_punibilidade,INS-001525,Declarada a extinção da punibilidade (monocrática),FNT-000046
FAS-001374,PRC-000723,2025-03-24,acordao_tribunal_superior,INS-001525,Procedente (tribunal pleno),FNT-000046
FAS-001375,PRC-000725,2024-12-09,acordao_tribunal_superior,INS-001525,Procedente (tribunal pleno),FNT-000046
FAS-001376,PRC-000726,2024-02-26,recebimento_denuncia,INS-001525,Recebida denúncia (tribunal pleno),FNT-000046
FAS-001377,PRC-000727,2024-02-26,recebimento_denuncia,INS-001525,Recebida denúncia (tribunal pleno),FNT-000046
FAS-001378,PRC-000727,2026-05-26,acordao_tribunal_superior,INS-001525,Procedente (tribunal pleno),FNT-000046
FAS-001379,PRC-000728,2024-11-27,acordao_tribunal_superior,INS-001525,Procedente (tribunal pleno),FNT-000046
FAS-001380,PRC-000728,2026-08-17,extincao_punibilidade,INS-001525,Declarada a extinção da punibilidade (monocrática),FNT-000046
FAS-001381,PRC-000730,2024-11-19,acordao_tribunal_superior,INS-001525,Procedente (tribunal pleno),FNT-000046
FAS-001382,PRC-000731,2025-03-24,acordao_tribunal_superior,INS-001525,Procedente (tribunal pleno),FNT-000046
FAS-001383,PRC-000732,2025-06-25,acordao_tribunal_superior,INS-001525,Procedente (tribunal pleno),FNT-000046
FAS-001384,PRC-000735,2025-06-25,acordao_tribunal_superior,INS-001525,Procedente (tribunal pleno),FNT-000046
FAS-001385,PRC-000735,2025-12-22,extincao_punibilidade,INS-001525,Declarada a extinção da punibilidade (monocrática),FNT-000046
FAS-001386,PRC-000736,2024-11-27,acordao_tribunal_superior,INS-001525,Procedente (tribunal pleno),FNT-000046
FAS-001387,PRC-000736,2026-09-18,extincao_punibilidade,INS-001525,Declarada a extinção da punibilidade (monocrática),FNT-000046
FAS-001388,PRC-000737,2024-12-02,acordao_tribunal_superior,INS-001525,Procedente (tribunal pleno),FNT-000046
FAS-001389,PRC-000738,2025-03-24,acordao_tribunal_superior,INS-001525,Procedente (tribunal pleno),FNT-000046
FAS-001390,PRC-000739,2025-03-17,recebimento_denuncia,INS-001525,Recebida denúncia (tribunal pleno),FNT-000046
FAS-001391,PRC-000740,2025-06-06,extincao_punibilidade,INS-001525,Declarada a extinção da punibilidade (monocrática),FNT-000046
FAS-001392,PRC-000742,2024-11-27,acordao_tribunal_superior,INS-001525,Procedente (tribunal pleno),FNT-000046
FAS-001393,PRC-000745,2024-12-04,extincao_punibilidade,INS-001525,Declarada a extinção da punibilidade (monocrática),FNT-000046
FAS-001394,PRC-000746,2024-11-27,acordao_tribunal_superior,INS-001525,Procedente (tribunal pleno),FNT-000046
FAS-001395,PRC-000746,2026-08-28,extincao_punibilidade,INS-001525,Declarada a extinção da punibilidade (monocrática),FNT-000046
FAS-001396,PRC-000747,2025-02-17,acordao_tribunal_superior,INS-001525,Procedente (tribunal pleno),FNT-000046
FAS-001397,PRC-000749,2025-03-17,acordao_tribunal_superior,INS-001525,Procedente (tribunal pleno),FNT-000046
FAS-001398,PRC-000750,2025-06-02,acordao_tribunal_superior,INS-001525,Procedente (tribunal pleno),FNT-000046
FAS-001399,PRC-000751,2025-06-16,acordao_tribunal_superior,INS-001525,Procedente (tribunal pleno),FNT-000046
FAS-001400,PRC-000752,2024-10-28,acordao_tribunal_superior,INS-001525,Procedente (tribunal pleno),FNT-000046
FAS-001401,PRC-000753,2026-05-18,acordao_tribunal_superior,INS-001525,Procedente (tribunal pleno),FNT-000046
FAS-001402,PRC-000754,2026-02-12,extincao_punibilidade,INS-001525,Declarada a extinção da punibilidade (monocrática),FNT-000046
FAS-001403,PRC-000756,2024-11-06,acordao_tribunal_superior,INS-001525,Procedente (tribunal pleno),FNT-000046
FAS-001404,PRC-000756,2026-07-02,extincao_punibilidade,INS-001525,Declarada a extinção da punibilidade (monocrática),FNT-000046
FAS-001405,PRC-000757,2024-12-16,acordao_tribunal_superior,INS-001525,Procedente (tribunal pleno),FNT-000046
FAS-001406,PRC-000757,2026-06-05,extincao_punibilidade,INS-001525,Declarada a extinção da punibilidade (monocrática),FNT-000046
FAS-001407,PRC-000758,2025-03-05,acordao_tribunal_superior,INS-001525,Procedente (tribunal pleno),FNT-000046
FAS-001408,PRC-000760,2026-03-11,extincao_punibilidade,INS-001525,Declarada a extinção da punibilidade (monocrática),FNT-000046
FAS-001409,PRC-000761,2025-11-26,acordao_tribunal_superior,INS-001525,Procedente (tribunal pleno),FNT-000046
FAS-001410,PRC-000762,2025-07-17,extincao_punibilidade,INS-001525,Declarada a extinção da punibilidade (monocrática),FNT-000046
FAS-001411,PRC-000763,2025-05-07,acordao_tribunal_superior,INS-001525,Procedente (tribunal pleno),FNT-000046
FAS-001412,PRC-000763,2026-06-15,extincao_punibilidade,INS-001525,Declarada a extinção da punibilidade (monocrática),FNT-000046
FAS-001413,PRC-000764,2024-11-19,acordao_tribunal_superior,INS-001525,Procedente (tribunal pleno),FNT-000046
FAS-001414,PRC-000764,2026-05-15,extincao_punibilidade,INS-001525,Declarada a extinção da punibilidade (monocrática),FNT-000046
FAS-001415,PRC-000765,2025-07-23,acordao_tribunal_superior,INS-001525,Procedente (monocrática),FNT-000046
FAS-001416,PRC-000766,2025-03-05,acordao_tribunal_superior,INS-001525,Procedente (tribunal pleno),FNT-000046
FAS-001417,PRC-000767,2025-10-21,extincao_punibilidade,INS-001525,Declarada a extinção da punibilidade (monocrática),FNT-000046
FAS-001418,PRC-000768,2024-02-26,recebimento_denuncia,INS-001525,Recebida denúncia (tribunal pleno),FNT-000046
FAS-001419,PRC-000769,2026-01-26,extincao_punibilidade,INS-001525,Declarada a extinção da punibilidade (monocrática),FNT-000046
FAS-001420,PRC-000770,2025-06-16,acordao_tribunal_superior,INS-001525,Procedente (tribunal pleno),FNT-000046
FAS-001421,PRC-000771,2025-03-24,acordao_tribunal_superior,INS-001525,Procedente (tribunal pleno),FNT-000046
FAS-001422,PRC-000772,2025-07-16,extincao_punibilidade,INS-001525,Declarada a extinção da punibilidade (monocrática),FNT-000046
FAS-001423,PRC-000772,2025-07-16,acordao_tribunal_superior,INS-001525,Procedente (monocrática),FNT-000046
FAS-001424,PRC-000773,2024-12-16,acordao_tribunal_superior,INS-001525,Procedente (tribunal pleno),FNT-000046
FAS-001425,PRC-000773,2026-04-22,extincao_punibilidade,INS-001525,Declarada a extinção da punibilidade (monocrática),FNT-000046
FAS-001426,PRC-000774,2024-11-11,extincao_punibilidade,INS-001525,Declarada a extinção da punibilidade (monocrática),FNT-000046
FAS-001427,PRC-000775,2025-06-02,acordao_tribunal_superior,INS-001525,Procedente (tribunal pleno),FNT-000046
FAS-001428,PRC-000777,2024-10-21,acordao_tribunal_superior,INS-001525,Procedente (tribunal pleno),FNT-000046
FAS-001429,PRC-000778,2025-03-05,acordao_tribunal_superior,INS-001525,Procedente (tribunal pleno),FNT-000046
FAS-001430,PRC-000778,2026-05-13,extincao_punibilidade,INS-001525,Declarada a extinção da punibilidade (monocrática),FNT-000046
FAS-001431,PRC-000779,2024-02-26,recebimento_denuncia,INS-001525,Recebida denúncia (tribunal pleno),FNT-000046
FAS-001432,PRC-000780,2024-02-26,recebimento_denuncia,INS-001525,Recebida denúncia (tribunal pleno),FNT-000046
FAS-001433,PRC-000780,2025-02-04,acordao_tribunal_superior,INS-001525,Procedente (tribunal pleno),FNT-000046
FAS-001434,PRC-000782,2025-10-08,extincao_punibilidade,INS-001525,Declarada a extinção da punibilidade (monocrática),FNT-000046
FAS-001435,PRC-000783,2025-01-29,extincao_punibilidade,INS-001525,Declarada a extinção da punibilidade (monocrática),FNT-000046
FAS-001436,PRC-000784,2025-06-16,recebimento_denuncia,INS-001525,Recebida denúncia (tribunal pleno),FNT-000046
FAS-001437,PRC-000785,2024-02-26,recebimento_denuncia,INS-001525,Recebida denúncia (tribunal pleno),FNT-000046
FAS-001438,PRC-000785,2026-05-26,acordao_tribunal_superior,INS-001525,Procedente (tribunal pleno),FNT-000046
FAS-001439,PRC-000786,2026-05-18,acordao_tribunal_superior,INS-001525,Procedente (tribunal pleno),FNT-000046
FAS-001440,PRC-000788,2024-10-21,acordao_tribunal_superior,INS-001525,Procedente (tribunal pleno),FNT-000046
FAS-001441,PRC-000789,2025-05-30,extincao_punibilidade,INS-001525,Declarada a extinção da punibilidade (monocrática),FNT-000046
FAS-001442,PRC-000790,2024-12-16,acordao_tribunal_superior,INS-001525,Procedente (tribunal pleno),FNT-000046
FAS-001443,PRC-000790,2026-08-20,extincao_punibilidade,INS-001525,Declarada a extinção da punibilidade (monocrática),FNT-000046
FAS-001444,PRC-000791,2025-06-25,recebimento_denuncia,INS-001525,Recebida denúncia (tribunal pleno),FNT-000046
FAS-001445,PRC-000792,2024-12-02,acordao_tribunal_superior,INS-001525,Procedente (tribunal pleno),FNT-000046
FAS-001446,PRC-000792,2026-06-09,extincao_punibilidade,INS-001525,Declarada a extinção da punibilidade (monocrática),FNT-000046
FAS-001447,PRC-000793,2025-05-07,extincao_punibilidade,INS-001525,Declarada a extinção da punibilidade (monocrática),FNT-000046
FAS-001448,PRC-000794,2025-02-24,acordao_tribunal_superior,INS-001525,Procedente (tribunal pleno),FNT-000046
FAS-001449,PRC-000795,2025-07-09,extincao_punibilidade,INS-001525,Declarada a extinção da punibilidade (monocrática),FNT-000046
FAS-001450,PRC-000799,2025-03-05,acordao_tribunal_superior,INS-001525,Procedente (tribunal pleno),FNT-000046
FAS-001451,PRC-000800,2025-08-06,acordao_tribunal_superior,INS-001525,Procedente (tribunal pleno),FNT-000046
FAS-001452,PRC-000801,2024-12-16,acordao_tribunal_superior,INS-001525,Procedente (tribunal pleno),FNT-000046
FAS-001453,PRC-000803,2025-05-14,extincao_punibilidade,INS-001525,Declarada a extinção da punibilidade (monocrática),FNT-000046
FAS-001454,PRC-000804,2024-02-26,recebimento_denuncia,INS-001525,Recebida denúncia (tribunal pleno),FNT-000046
FAS-001455,PRC-000804,2026-05-26,acordao_tribunal_superior,INS-001525,Procedente (tribunal pleno),FNT-000046
FAS-001456,PRC-000805,2026-09-10,extincao_punibilidade,INS-001525,Declarada a extinção da punibilidade (monocrática),FNT-000046
FAS-001457,PRC-000806,2025-11-26,acordao_tribunal_superior,INS-001525,Procedente (tribunal pleno),FNT-000046
FAS-001458,PRC-000807,2024-11-19,acordao_tribunal_superior,INS-001525,Procedente (tribunal pleno),FNT-000046
FAS-001459,PRC-000809,2026-05-18,acordao_tribunal_superior,INS-001525,Procedente (tribunal pleno),FNT-000046
FAS-001460,PRC-000810,2024-02-26,recebimento_denuncia,INS-001525,Recebida denúncia (tribunal pleno),FNT-000046
FAS-001461,PRC-000810,2026-05-26,acordao_tribunal_superior,INS-001525,Procedente (tribunal pleno),FNT-000046
FAS-001462,PRC-000812,2024-12-16,acordao_tribunal_superior,INS-001525,Procedente (tribunal pleno),FNT-000046
FAS-001463,PRC-000812,2026-02-18,extincao_punibilidade,INS-001525,Declarada a extinção da punibilidade (monocrática),FNT-000046
FAS-001464,PRC-000813,2026-03-12,extincao_punibilidade,INS-001525,Declarada a extinção da punibilidade (monocrática),FNT-000046
FAS-001465,PRC-000814,2025-09-23,extincao_punibilidade,INS-001525,Declarada a extinção da punibilidade (monocrática),FNT-000046
FAS-001466,PRC-000815,2024-12-16,acordao_tribunal_superior,INS-001525,Procedente (tribunal pleno),FNT-000046
FAS-001467,PRC-000817,2024-12-16,acordao_tribunal_superior,INS-001525,Procedente (tribunal pleno),FNT-000046
FAS-001468,PRC-000819,2024-06-24,recebimento_denuncia,INS-001525,Recebida denúncia (tribunal pleno),FNT-000046
FAS-001469,PRC-000819,2025-06-16,acordao_tribunal_superior,INS-001525,Procedente (tribunal pleno),FNT-000046
FAS-001470,PRC-000822,2026-05-25,acordao_tribunal_superior,INS-001525,Procedente (tribunal pleno),FNT-000046
FAS-001471,PRC-000823,2025-09-16,extincao_punibilidade,INS-001525,Declarada a extinção da punibilidade (monocrática),FNT-000046
FAS-001472,PRC-000824,2025-03-05,acordao_tribunal_superior,INS-001525,Procedente (tribunal pleno),FNT-000046
FAS-001473,PRC-000825,2025-08-08,extincao_punibilidade,INS-001525,Declarada a extinção da punibilidade (monocrática),FNT-000046
FAS-001474,PRC-000826,2024-12-16,acordao_tribunal_superior,INS-001525,Procedente (tribunal pleno),FNT-000046
FAS-001475,PRC-000827,2025-06-16,recebimento_denuncia,INS-001525,Recebida denúncia (tribunal pleno),FNT-000046
FAS-001476,PRC-000828,2025-03-05,acordao_tribunal_superior,INS-001525,Procedente (tribunal pleno),FNT-000046
FAS-001477,PRC-000828,2026-07-22,extincao_punibilidade,INS-001525,Declarada a extinção da punibilidade (monocrática),FNT-000046
FAS-001478,PRC-000829,2025-04-14,acordao_tribunal_superior,INS-001525,Procedente (tribunal pleno),FNT-000046
FAS-001479,PRC-000830,2025-12-18,extincao_punibilidade,INS-001525,Declarada a extinção da punibilidade (monocrática),FNT-000046
FAS-001480,PRC-000831,2025-06-02,acordao_tribunal_superior,INS-001525,Procedente (tribunal pleno),FNT-000046
FAS-001481,PRC-000832,2023-11-20,extincao_punibilidade,INS-001525,Declarada a extinção da punibilidade (monocrática),FNT-000046
FAS-001482,PRC-000833,2025-02-19,extincao_punibilidade,INS-001525,Declarada a extinção da punibilidade (monocrática),FNT-000046
FAS-001483,PRC-000834,2025-04-14,acordao_tribunal_superior,INS-001525,Procedente (tribunal pleno),FNT-000046
FAS-001484,PRC-000835,2025-09-23,extincao_punibilidade,INS-001525,Declarada a extinção da punibilidade (monocrática),FNT-000046
FAS-001485,PRC-000836,2024-12-16,acordao_tribunal_superior,INS-001525,Procedente (tribunal pleno),FNT-000046
FAS-001486,PRC-000837,2025-05-07,extincao_punibilidade,INS-001525,Declarada a extinção da punibilidade (monocrática),FNT-000046
FAS-001487,PRC-000838,2024-10-21,acordao_tribunal_superior,INS-001525,Procedente (tribunal pleno),FNT-000046
FAS-001488,PRC-000841,2025-10-01,extincao_punibilidade,INS-001525,Declarada a extinção da punibilidade (monocrática),FNT-000046
FAS-001489,PRC-000842,2024-06-17,recebimento_denuncia,INS-001525,Recebida denúncia (tribunal pleno),FNT-000046
FAS-001490,PRC-000842,2026-05-25,acordao_tribunal_superior,INS-001525,Procedente (tribunal pleno),FNT-000046
FAS-001491,PRC-000843,2025-07-23,acordao_tribunal_superior,INS-001525,Procedente (monocrática),FNT-000046
FAS-001492,PRC-000844,2025-06-02,acordao_tribunal_superior,INS-001525,Procedente (tribunal pleno),FNT-000046
FAS-001493,PRC-000845,2025-07-07,acordao_tribunal_superior,INS-001525,Procedente (monocrática),FNT-000046
FAS-001494,PRC-000848,2025-12-18,extincao_punibilidade,INS-001525,Declarada a extinção da punibilidade (monocrática),FNT-000046
FAS-001495,PRC-000849,2024-09-23,extincao_punibilidade,INS-001525,Declarada a extinção da punibilidade (monocrática),FNT-000046
FAS-001496,PRC-000850,2024-12-16,acordao_tribunal_superior,INS-001525,Procedente (tribunal pleno),FNT-000046
FAS-001497,PRC-000851,2025-06-16,acordao_tribunal_superior,INS-001525,Procedente (tribunal pleno),FNT-000046
FAS-001498,PRC-000854,2024-09-17,extincao_punibilidade,INS-001525,Declarada a extinção da punibilidade (monocrática),FNT-000046
FAS-001499,PRC-000855,2026-05-18,acordao_tribunal_superior,INS-001525,Procedente (tribunal pleno),FNT-000046
FAS-001500,PRC-000856,2025-03-24,acordao_tribunal_superior,INS-001525,Procedente (tribunal pleno),FNT-000046
FAS-001501,PRC-000856,2026-03-27,extincao_punibilidade,INS-001525,Declarada a extinção da punibilidade (monocrática),FNT-000046
FAS-001502,PRC-000857,2024-12-16,acordao_tribunal_superior,INS-001525,Procedente (tribunal pleno),FNT-000046
FAS-001503,PRC-000857,2025-10-15,extincao_punibilidade,INS-001525,Declarada a extinção da punibilidade (monocrática),FNT-000046
FAS-001504,PRC-000858,2026-05-25,recebimento_denuncia,INS-001525,Recebida denúncia (tribunal pleno),FNT-000046
FAS-001505,PRC-000859,2024-12-16,acordao_tribunal_superior,INS-001525,Procedente (tribunal pleno),FNT-000046
FAS-001506,PRC-000860,2025-12-19,extincao_punibilidade,INS-001525,Declarada a extinção da punibilidade (monocrática),FNT-000046
FAS-001507,PRC-000861,2025-03-24,acordao_tribunal_superior,INS-001525,Procedente (tribunal pleno),FNT-000046
FAS-001508,PRC-000862,2026-05-25,acordao_tribunal_superior,INS-001525,Procedente (tribunal pleno),FNT-000046
FAS-001509,PRC-000863,2024-12-09,acordao_tribunal_superior,INS-001525,Procedente (tribunal pleno),FNT-000046
FAS-001510,PRC-000864,2026-08-31,acordao_tribunal_superior,INS-001525,Procedente (tribunal pleno),FNT-000046
FAS-001511,PRC-000865,2025-04-14,acordao_tribunal_superior,INS-001525,Procedente (tribunal pleno),FNT-000046
FAS-001512,PRC-000866,2025-07-09,extincao_punibilidade,INS-001525,Declarada a extinção da punibilidade (monocrática),FNT-000046
FAS-001513,PRC-000867,2025-04-14,acordao_tribunal_superior,INS-001525,Procedente (tribunal pleno),FNT-000046
FAS-001514,PRC-000868,2025-06-02,acordao_tribunal_superior,INS-001525,Procedente (tribunal pleno),FNT-000046
FAS-001515,PRC-000869,2026-01-23,extincao_punibilidade,INS-001525,Declarada a extinção da punibilidade (monocrática),FNT-000046
FAS-001516,PRC-000871,2026-03-20,extincao_punibilidade,INS-001525,Declarada a extinção da punibilidade (monocrática),FNT-000046
FAS-001517,PRC-000872,2024-10-21,acordao_tribunal_superior,INS-001525,Procedente (tribunal pleno),FNT-000046
FAS-001518,PRC-000873,2025-09-16,extincao_punibilidade,INS-001525,Declarada a extinção da punibilidade (monocrática),FNT-000046
FAS-001519,PRC-000874,2025-03-05,acordao_tribunal_superior,INS-001525,Procedente (tribunal pleno),FNT-000046
FAS-001520,PRC-000875,2026-01-16,extincao_punibilidade,INS-001525,Declarada a extinção da punibilidade (monocrática),FNT-000046
FAS-001521,PRC-000876,2025-07-28,extincao_punibilidade,INS-001525,Declarada a extinção da punibilidade (monocrática),FNT-000046
FAS-001522,PRC-000878,2024-12-16,acordao_tribunal_superior,INS-001525,Procedente (tribunal pleno),FNT-000046
FAS-001523,PRC-000878,2026-09-14,extincao_punibilidade,INS-001525,Declarada a extinção da punibilidade (monocrática),FNT-000046
FAS-001524,PRC-000879,2025-02-28,extincao_punibilidade,INS-001525,Declarada a extinção da punibilidade (monocrática),FNT-000046
FAS-001525,PRC-000880,2025-07-23,acordao_tribunal_superior,INS-001525,Procedente (monocrática),FNT-000046
FAS-001526,PRC-000881,2025-03-05,acordao_tribunal_superior,INS-001525,Procedente (tribunal pleno),FNT-000046
FAS-001527,PRC-000882,2025-06-16,acordao_tribunal_superior,INS-001525,Procedente (tribunal pleno),FNT-000046
FAS-001528,PRC-000882,2026-09-14,extincao_punibilidade,INS-001525,Declarada a extinção da punibilidade (monocrática),FNT-000046
FAS-001529,PRC-000883,2025-07-23,acordao_tribunal_superior,INS-001525,Procedente (monocrática),FNT-000046
FAS-001530,PRC-000884,2026-09-14,extincao_punibilidade,INS-001525,Declarada a extinção da punibilidade (monocrática),FNT-000046
FAS-001531,PRC-000886,2025-11-13,extincao_punibilidade,INS-001525,Declarada a extinção da punibilidade (monocrática),FNT-000046
FAS-001532,PRC-000887,2025-07-23,acordao_tribunal_superior,INS-001525,Procedente (monocrática),FNT-000046
FAS-001533,PRC-000888,2024-12-16,acordao_tribunal_superior,INS-001525,Procedente (tribunal pleno),FNT-000046
FAS-001534,PRC-000889,2024-12-09,acordao_tribunal_superior,INS-001525,Procedente (tribunal pleno),FNT-000046
FAS-001535,PRC-000890,2024-02-26,recebimento_denuncia,INS-001525,Recebida denúncia (tribunal pleno),FNT-000046
FAS-001536,PRC-000891,2024-12-16,acordao_tribunal_superior,INS-001525,Procedente (tribunal pleno),FNT-000046
FAS-001537,PRC-000891,2025-10-10,extincao_punibilidade,INS-001525,Declarada a extinção da punibilidade (monocrática),FNT-000046
FAS-001538,PRC-000892,2024-12-16,acordao_tribunal_superior,INS-001525,Procedente (tribunal pleno),FNT-000046
FAS-001539,PRC-000892,2026-03-17,extincao_punibilidade,INS-001525,Declarada a extinção da punibilidade (monocrática),FNT-000046
FAS-001540,PRC-000893,2025-04-10,extincao_punibilidade,INS-001525,Declarada a extinção da punibilidade (monocrática),FNT-000046
FAS-001541,PRC-000894,2024-02-26,recebimento_denuncia,INS-001525,Recebida denúncia (tribunal pleno),FNT-000046
FAS-001542,PRC-000895,2025-06-16,recebimento_denuncia,INS-001525,Recebida denúncia (tribunal pleno),FNT-000046
FAS-001543,PRC-000895,2025-11-17,acordao_tribunal_superior,INS-001525,Procedente (monocrática),FNT-000046
FAS-001544,PRC-000896,2025-06-25,acordao_tribunal_superior,INS-001525,Procedente (tribunal pleno),FNT-000046
FAS-001545,PRC-000896,2026-08-17,extincao_punibilidade,INS-001525,Declarada a extinção da punibilidade (monocrática),FNT-000046
FAS-001546,PRC-000897,2024-02-26,recebimento_denuncia,INS-001525,Recebida denúncia (tribunal pleno),FNT-000046
FAS-001547,PRC-000898,2025-05-13,acordao_tribunal_superior,INS-001525,Procedente (tribunal pleno),FNT-000046
FAS-001548,PRC-000898,2026-03-06,extincao_punibilidade,INS-001525,Declarada a extinção da punibilidade (monocrática),FNT-000046
FAS-001549,PRC-000899,2025-12-18,extincao_punibilidade,INS-001525,Declarada a extinção da punibilidade (monocrática),FNT-000046
FAS-001550,PRC-000900,2026-08-06,acordao_tribunal_superior,INS-001525,Procedente (tribunal pleno),FNT-000046
FAS-001551,PRC-000901,2026-04-29,extincao_punibilidade,INS-001525,Declarada a extinção da punibilidade (monocrática),FNT-000046
FAS-001552,PRC-000902,2026-04-06,extincao_punibilidade,INS-001525,Declarada a extinção da punibilidade (monocrática),FNT-000046
FAS-001553,PRC-000904,2024-12-09,acordao_tribunal_superior,INS-001525,Procedente (tribunal pleno),FNT-000046
FAS-001554,PRC-000904,2026-05-04,extincao_punibilidade,INS-001525,Declarada a extinção da punibilidade (monocrática),FNT-000046
FAS-001555,PRC-000905,2025-03-05,acordao_tribunal_superior,INS-001525,Procedente (tribunal pleno),FNT-000046
FAS-001556,PRC-000905,2026-03-02,extincao_punibilidade,INS-001525,Declarada a extinção da punibilidade (monocrática),FNT-000046
FAS-001557,PRC-000907,2025-06-09,acordao_tribunal_superior,INS-001525,Procedente (tribunal pleno),FNT-000046
FAS-001558,PRC-000908,2024-08-19,recebimento_denuncia,INS-001525,Recebida denúncia (tribunal pleno),FNT-000046
FAS-001559,PRC-000908,2025-11-26,acordao_tribunal_superior,INS-001525,Procedente (tribunal pleno),FNT-000046
FAS-001560,PRC-000909,2024-09-06,extincao_punibilidade,INS-001525,Declarada a extinção da punibilidade (monocrática),FNT-000046
FAS-001561,PRC-000910,2025-03-05,acordao_tribunal_superior,INS-001525,Procedente (tribunal pleno),FNT-000046
FAS-001562,PRC-000911,2025-04-30,extincao_punibilidade,INS-001525,Declarada a extinção da punibilidade (monocrática),FNT-000046
FAS-001563,PRC-000912,2026-04-06,extincao_punibilidade,INS-001525,Declarada a extinção da punibilidade (monocrática),FNT-000046
FAS-001564,PRC-000913,2025-11-26,acordao_tribunal_superior,INS-001525,Procedente (tribunal pleno),FNT-000046
FAS-001565,PRC-000914,2025-10-17,extincao_punibilidade,INS-001525,Declarada a extinção da punibilidade (monocrática),FNT-000046
FAS-001566,PRC-000916,2026-05-18,acordao_tribunal_superior,INS-001525,Procedente (tribunal pleno),FNT-000046
FAS-001567,PRC-000917,2025-01-09,extincao_punibilidade,INS-001525,Declarada a extinção da punibilidade (monocrática),FNT-000046
FAS-001568,PRC-000918,2025-11-10,extincao_punibilidade,INS-001525,Declarada a extinção da punibilidade (monocrática),FNT-000046
FAS-001569,PRC-000921,2026-03-06,extincao_punibilidade,INS-001525,Declarada a extinção da punibilidade (monocrática),FNT-000046
FAS-001570,PRC-000922,2026-05-25,recebimento_denuncia,INS-001525,Recebida denúncia (tribunal pleno),FNT-000046
FAS-001571,PRC-000923,2024-12-09,acordao_tribunal_superior,INS-001525,Procedente (tribunal pleno),FNT-000046
FAS-001572,PRC-000924,2025-04-07,acordao_tribunal_superior,INS-001525,Procedente (tribunal pleno),FNT-000046
FAS-001573,PRC-000924,2025-07-17,acordao_tribunal_superior,INS-001525,Improcedente (monocrática),FNT-000046
FAS-001574,PRC-000924,2026-05-04,extincao_punibilidade,INS-001525,Declarada a extinção da punibilidade (monocrática),FNT-000046
FAS-001575,PRC-000927,2025-11-26,acordao_tribunal_superior,INS-001525,Procedente (tribunal pleno),FNT-000046
FAS-001576,PRC-000929,2025-01-27,extincao_punibilidade,INS-001525,Declarada a extinção da punibilidade (monocrática),FNT-000046
FAS-001577,PRC-000930,2025-02-24,acordao_tribunal_superior,INS-001525,Procedente (tribunal pleno),FNT-000046
FAS-001578,PRC-000931,2024-10-21,acordao_tribunal_superior,INS-001525,Procedente (tribunal pleno),FNT-000046
FAS-001579,PRC-000931,2026-07-28,extincao_punibilidade,INS-001525,Declarada a extinção da punibilidade (monocrática),FNT-000046
FAS-001580,PRC-000932,2026-05-04,extincao_punibilidade,INS-001525,Declarada a extinção da punibilidade (monocrática),FNT-000046
FAS-001581,PRC-000934,2025-10-06,extincao_punibilidade,INS-001525,Declarada a extinção da punibilidade (monocrática),FNT-000046
FAS-001582,PRC-000934,2025-11-05,extincao_punibilidade,INS-001525,Declarada a extinção da punibilidade (monocrática),FNT-000046
FAS-001583,PRC-000936,2024-08-19,recebimento_denuncia,INS-001525,Recebida denúncia (tribunal pleno),FNT-000046
FAS-001584,PRC-000937,2025-05-13,acordao_tribunal_superior,INS-001525,Procedente (tribunal pleno),FNT-000046
FAS-001585,PRC-000938,2025-10-09,extincao_punibilidade,INS-001525,Declarada a extinção da punibilidade (monocrática),FNT-000046
FAS-001586,PRC-000939,2026-05-25,extincao_punibilidade,INS-001525,Declarada a extinção da punibilidade (monocrática),FNT-000046
FAS-001587,PRC-000941,2026-05-25,recebimento_denuncia,INS-001525,Recebida denúncia (tribunal pleno),FNT-000046
FAS-001588,PRC-000942,2025-02-17,acordao_tribunal_superior,INS-001525,Procedente (tribunal pleno),FNT-000046
FAS-001589,PRC-000942,2026-02-26,extincao_punibilidade,INS-001525,Declarada a extinção da punibilidade (monocrática),FNT-000046
FAS-001590,PRC-000944,2024-12-16,acordao_tribunal_superior,INS-001525,Procedente (tribunal pleno),FNT-000046
FAS-001591,PRC-000945,2024-11-06,acordao_tribunal_superior,INS-001525,Procedente (tribunal pleno),FNT-000046
FAS-001592,PRC-000946,2025-05-12,extincao_punibilidade,INS-001525,Declarada a extinção da punibilidade (monocrática),FNT-000046
FAS-001593,PRC-000948,2026-08-06,acordao_tribunal_superior,INS-001525,Procedente (tribunal pleno),FNT-000046
FAS-001594,PRC-000951,2025-11-26,acordao_tribunal_superior,INS-001525,Procedente (tribunal pleno),FNT-000046
FAS-001595,PRC-000952,2025-04-07,acordao_tribunal_superior,INS-001525,Procedente (tribunal pleno),FNT-000046
FAS-001596,PRC-000953,2025-10-06,extincao_punibilidade,INS-001525,Declarada a extinção da punibilidade (monocrática),FNT-000046
FAS-001597,PRC-000957,2025-04-14,acordao_tribunal_superior,INS-001525,Procedente (tribunal pleno),FNT-000046
FAS-001598,PRC-000958,2026-07-13,extincao_punibilidade,INS-001525,Declarada a extinção da punibilidade (monocrática),FNT-000046
FAS-001599,PRC-000961,2026-02-12,extincao_punibilidade,INS-001525,Declarada a extinção da punibilidade (monocrática),FNT-000046
FAS-001600,PRC-000963,2026-05-25,acordao_tribunal_superior,INS-001525,Procedente (tribunal pleno),FNT-000046
FAS-001601,PRC-000964,2025-04-14,acordao_tribunal_superior,INS-001525,Procedente (tribunal pleno),FNT-000046
FAS-001602,PRC-000965,2025-07-28,extincao_punibilidade,INS-001525,Declarada a extinção da punibilidade (monocrática),FNT-000046
FAS-001603,PRC-000966,2024-12-16,acordao_tribunal_superior,INS-001525,Procedente (tribunal pleno),FNT-000046
FAS-001604,PRC-000967,2025-04-22,extincao_punibilidade,INS-001525,Declarada a extinção da punibilidade (monocrática),FNT-000046
FAS-001605,PRC-000968,2025-11-26,acordao_tribunal_superior,INS-001525,Procedente (tribunal pleno),FNT-000046
FAS-001606,PRC-000970,2025-04-22,extincao_punibilidade,INS-001525,Declarada a extinção da punibilidade (monocrática),FNT-000046
FAS-001607,PRC-000972,2025-06-25,acordao_tribunal_superior,INS-001525,Procedente (tribunal pleno),FNT-000046
FAS-001608,PRC-000975,2025-02-17,acordao_tribunal_superior,INS-001525,Procedente (tribunal pleno),FNT-000046
FAS-001609,PRC-000976,2025-06-25,acordao_tribunal_superior,INS-001525,Procedente (tribunal pleno),FNT-000046
FAS-001610,PRC-000977,2025-04-14,acordao_tribunal_superior,INS-001525,Procedente (tribunal pleno),FNT-000046
FAS-001611,PRC-000978,2024-11-27,acordao_tribunal_superior,INS-001525,Procedente (tribunal pleno),FNT-000046
FAS-001612,PRC-000979,2025-08-06,acordao_tribunal_superior,INS-001525,Procedente (tribunal pleno),FNT-000046
FAS-001613,PRC-000979,2026-07-28,extincao_punibilidade,INS-001525,Declarada a extinção da punibilidade (monocrática),FNT-000046
FAS-001614,PRC-000979,2026-08-17,acordao_tribunal_superior,INS-001525,Procedente em parte (monocrática),FNT-000046
FAS-001615,PRC-000980,2026-05-18,acordao_tribunal_superior,INS-001525,Procedente (tribunal pleno),FNT-000046
FAS-001616,PRC-000981,2025-03-05,acordao_tribunal_superior,INS-001525,Procedente (tribunal pleno),FNT-000046
FAS-001617,PRC-000981,2026-03-02,extincao_punibilidade,INS-001525,Declarada a extinção da punibilidade (monocrática),FNT-000046
FAS-001618,PRC-000982,2025-02-17,acordao_tribunal_superior,INS-001525,Procedente (tribunal pleno),FNT-000046
FAS-001619,PRC-000983,2026-05-25,acordao_tribunal_superior,INS-001525,Procedente (tribunal pleno),FNT-000046
FAS-001620,PRC-000984,2025-02-24,acordao_tribunal_superior,INS-001525,Procedente (tribunal pleno),FNT-000046
FAS-001621,PRC-000984,2026-05-13,extincao_punibilidade,INS-001525,Declarada a extinção da punibilidade (monocrática),FNT-000046
FAS-001622,PRC-000985,2025-02-24,acordao_tribunal_superior,INS-001525,Procedente (tribunal pleno),FNT-000046
FAS-001623,PRC-000986,2025-03-05,acordao_tribunal_superior,INS-001525,Procedente (tribunal pleno),FNT-000046
FAS-001624,PRC-000987,2024-12-16,acordao_tribunal_superior,INS-001525,Procedente (tribunal pleno),FNT-000046
FAS-001625,PRC-000988,2025-06-09,acordao_tribunal_superior,INS-001525,Procedente (tribunal pleno),FNT-000046
FAS-001626,PRC-000988,2026-07-27,extincao_punibilidade,INS-001525,Declarada a extinção da punibilidade (monocrática),FNT-000046
FAS-001627,PRC-000989,2025-12-12,extincao_punibilidade,INS-001525,Declarada a extinção da punibilidade (monocrática),FNT-000046
FAS-001628,PRC-000990,2026-02-23,extincao_punibilidade,INS-001525,Declarada a extinção da punibilidade (monocrática),FNT-000046
FAS-001629,PRC-000991,2025-06-09,acordao_tribunal_superior,INS-001525,Procedente (tribunal pleno),FNT-000046
FAS-001630,PRC-000993,2024-12-16,acordao_tribunal_superior,INS-001525,Procedente (tribunal pleno),FNT-000046
FAS-001631,PRC-000993,2025-07-16,acordao_tribunal_superior,INS-001525,Procedente em parte (monocrática),FNT-000046
FAS-001632,PRC-000993,2026-03-27,extincao_punibilidade,INS-001525,Declarada a extinção da punibilidade (monocrática),FNT-000046
FAS-001633,PRC-000994,2025-06-09,acordao_tribunal_superior,INS-001525,Procedente (tribunal pleno),FNT-000046
FAS-001634,PRC-000995,2025-10-09,extincao_punibilidade,INS-001525,Declarada a extinção da punibilidade (monocrática),FNT-000046
FAS-001635,PRC-000996,2025-03-05,acordao_tribunal_superior,INS-001525,Procedente (tribunal pleno),FNT-000046
FAS-001636,PRC-000997,2025-03-05,acordao_tribunal_superior,INS-001525,Procedente (tribunal pleno),FNT-000046
FAS-001637,PRC-000998,2026-01-30,extincao_punibilidade,INS-001525,Declarada a extinção da punibilidade (monocrática),FNT-000046
FAS-001638,PRC-001000,2025-06-16,acordao_tribunal_superior,INS-001525,Procedente (tribunal pleno),FNT-000046
FAS-001639,PRC-001001,2025-03-05,acordao_tribunal_superior,INS-001525,Procedente (tribunal pleno),FNT-000046
FAS-001640,PRC-001004,2026-05-25,acordao_tribunal_superior,INS-001525,Procedente (tribunal pleno),FNT-000046
FAS-001641,PRC-001005,2025-06-16,recebimento_denuncia,INS-001525,Recebida denúncia (tribunal pleno),FNT-000046
FAS-001642,PRC-001005,2026-09-08,acordao_tribunal_superior,INS-001525,Procedente (tribunal pleno),FNT-000046
FAS-001643,PRC-001006,2026-02-12,extincao_punibilidade,INS-001525,Declarada a extinção da punibilidade (monocrática),FNT-000046
FAS-001644,PRC-001007,2025-04-14,acordao_tribunal_superior,INS-001525,Procedente (tribunal pleno),FNT-000046
FAS-001645,PRC-001007,2025-08-14,acordao_tribunal_superior,INS-001525,Procedente (monocrática),FNT-000046
FAS-001646,PRC-001008,2026-07-02,extincao_punibilidade,INS-001525,Declarada a extinção da punibilidade (monocrática),FNT-000046
FAS-001647,PRC-001009,2025-05-07,extincao_punibilidade,INS-001525,Declarada a extinção da punibilidade (monocrática),FNT-000046
FAS-001648,PRC-001010,2024-12-02,extincao_punibilidade,INS-001525,Declarada a extinção da punibilidade (monocrática),FNT-000046
FAS-001649,PRC-001012,2024-02-19,extincao_punibilidade,INS-001525,Declarada a extinção da punibilidade (monocrática),FNT-000046
FAS-001650,PRC-001014,2026-07-22,extincao_punibilidade,INS-001525,Declarada a extinção da punibilidade (monocrática),FNT-000046
FAS-001651,PRC-001015,2024-02-26,recebimento_denuncia,INS-001525,Recebida denúncia (tribunal pleno),FNT-000046
FAS-001652,PRC-001015,2026-05-25,acordao_tribunal_superior,INS-001525,Procedente em parte (tribunal pleno),FNT-000046
FAS-001653,PRC-001016,2025-08-13,extincao_punibilidade,INS-001525,Declarada a extinção da punibilidade (monocrática),FNT-000046
FAS-001654,PRC-001017,2025-02-07,extincao_punibilidade,INS-001525,Declarada a extinção da punibilidade (monocrática),FNT-000046
FAS-001655,PRC-001019,2026-05-25,recebimento_denuncia,INS-001525,Recebida denúncia (tribunal pleno),FNT-000046
FAS-001656,PRC-001020,2025-06-02,acordao_tribunal_superior,INS-001525,Procedente (tribunal pleno),FNT-000046
FAS-001657,PRC-001020,2026-07-31,extincao_punibilidade,INS-001525,Declarada a extinção da punibilidade (monocrática),FNT-000046
FAS-001658,PRC-001021,2024-12-02,acordao_tribunal_superior,INS-001525,Procedente (tribunal pleno),FNT-000046
FAS-001659,PRC-001021,2026-03-02,extincao_punibilidade,INS-001525,Declarada a extinção da punibilidade (monocrática),FNT-000046
FAS-001660,PRC-001022,2025-08-28,extincao_punibilidade,INS-001525,Declarada a extinção da punibilidade (monocrática),FNT-000046
FAS-001661,PRC-001023,2025-06-25,acordao_tribunal_superior,INS-001525,Procedente (tribunal pleno),FNT-000046
FAS-001662,PRC-001023,2026-06-25,extincao_punibilidade,INS-001525,Declarada a extinção da punibilidade (monocrática),FNT-000046
FAS-001663,PRC-001025,2026-05-25,acordao_tribunal_superior,INS-001525,Procedente (tribunal pleno),FNT-000046
FAS-001664,PRC-001026,2025-07-23,extincao_punibilidade,INS-001525,Declarada a extinção da punibilidade (monocrática),FNT-000046
FAS-001665,PRC-001028,2026-03-16,extincao_punibilidade,INS-001525,Declarada a extinção da punibilidade (monocrática),FNT-000046
FAS-001666,PRC-001029,2024-11-19,acordao_tribunal_superior,INS-001525,Procedente (tribunal pleno),FNT-000046
FAS-001667,PRC-001029,2026-01-07,extincao_punibilidade,INS-001525,Declarada a extinção da punibilidade (monocrática),FNT-000046
FAS-001668,PRC-001030,2025-07-01,recebimento_denuncia,INS-001525,Recebida denúncia (tribunal pleno),FNT-000046
FAS-001669,PRC-001031,2026-04-10,extincao_punibilidade,INS-001525,Declarada a extinção da punibilidade (monocrática),FNT-000046
FAS-001670,PRC-001032,2025-05-07,acordao_tribunal_superior,INS-001525,Procedente (tribunal pleno),FNT-000046
FAS-001671,PRC-001034,2025-04-04,extincao_punibilidade,INS-001525,Declarada a extinção da punibilidade (monocrática),FNT-000046
FAS-001672,PRC-001035,2025-07-09,acordao_tribunal_superior,INS-001525,Improcedente (monocrática),FNT-000046
FAS-001673,PRC-001036,2024-12-16,acordao_tribunal_superior,INS-001525,Procedente (tribunal pleno),FNT-000046
FAS-001674,PRC-001037,2024-12-16,acordao_tribunal_superior,INS-001525,Procedente (tribunal pleno),FNT-000046
FAS-001675,PRC-001038,2026-09-02,extincao_punibilidade,INS-001525,Declarada a extinção da punibilidade (monocrática),FNT-000046
FAS-001676,PRC-001039,2025-06-25,acordao_tribunal_superior,INS-001525,Procedente (tribunal pleno),FNT-000046
FAS-001677,PRC-001040,2025-06-25,acordao_tribunal_superior,INS-001525,Procedente (tribunal pleno),FNT-000046
FAS-001678,PRC-001041,2026-05-25,acordao_tribunal_superior,INS-001525,Procedente (tribunal pleno),FNT-000046
FAS-001679,PRC-001042,2025-02-24,acordao_tribunal_superior,INS-001525,Procedente (tribunal pleno),FNT-000046
FAS-001680,PRC-001043,2024-12-16,acordao_tribunal_superior,INS-001525,Procedente (tribunal pleno),FNT-000046
FAS-001681,PRC-001043,2026-06-23,extincao_punibilidade,INS-001525,Declarada a extinção da punibilidade (monocrática),FNT-000046
FAS-001682,PRC-001044,2025-06-09,acordao_tribunal_superior,INS-001525,Procedente (tribunal pleno),FNT-000046
FAS-001683,PRC-001045,2025-04-25,acordao_tribunal_superior,INS-001525,Procedente (tribunal pleno),FNT-000046
FAS-001684,PRC-001046,2025-02-17,recebimento_denuncia,INS-001525,Recebida denúncia (tribunal pleno),FNT-000046
FAS-001685,PRC-001046,2026-09-08,acordao_tribunal_superior,INS-001525,Procedente (tribunal pleno),FNT-000046
FAS-001686,PRC-001047,2024-12-16,acordao_tribunal_superior,INS-001525,Procedente (tribunal pleno),FNT-000046
FAS-001687,PRC-001047,2026-06-01,extincao_punibilidade,INS-001525,Declarada a extinção da punibilidade (monocrática),FNT-000046
FAS-001688,PRC-001048,2025-03-17,recebimento_denuncia,INS-001525,Recebida denúncia (tribunal pleno),FNT-000046
FAS-001689,PRC-001048,2025-08-14,acordao_tribunal_superior,INS-001525,Procedente (monocrática),FNT-000046
FAS-001690,PRC-001049,2025-02-24,acordao_tribunal_superior,INS-001525,Procedente (tribunal pleno),FNT-000046
FAS-001691,PRC-001050,2025-04-28,extincao_punibilidade,INS-001525,Declarada a extinção da punibilidade (monocrática),FNT-000046
FAS-001692,PRC-001051,2025-06-09,extincao_punibilidade,INS-001525,Declarada a extinção da punibilidade (monocrática),FNT-000046
FAS-001693,PRC-001052,2026-06-30,acordao_tribunal_superior,INS-001525,Procedente (tribunal pleno),FNT-000046
FAS-001694,PRC-001053,2025-04-07,recebimento_denuncia,INS-001525,Recebida denúncia (tribunal pleno),FNT-000046
FAS-001695,PRC-001053,2026-08-07,acordao_tribunal_superior,INS-001525,Procedente (tribunal pleno),FNT-000046
FAS-001696,PRC-001054,2025-08-06,acordao_tribunal_superior,INS-001525,Procedente (tribunal pleno),FNT-000046
FAS-001697,PRC-001054,2026-06-01,extincao_punibilidade,INS-001525,Declarada a extinção da punibilidade (monocrática),FNT-000046
FAS-001698,PRC-001055,2025-04-25,acordao_tribunal_superior,INS-001525,Procedente (tribunal pleno),FNT-000046
FAS-001699,PRC-001056,2025-09-10,extincao_punibilidade,INS-001525,Declarada a extinção da punibilidade (monocrática),FNT-000046
FAS-001700,PRC-001057,2025-03-05,acordao_tribunal_superior,INS-001525,Procedente (tribunal pleno),FNT-000046
FAS-001701,PRC-001059,2025-06-02,acordao_tribunal_superior,INS-001525,Procedente (tribunal pleno),FNT-000046
FAS-001702,PRC-001059,2026-05-04,extincao_punibilidade,INS-001525,Declarada a extinção da punibilidade (monocrática),FNT-000046
FAS-001703,PRC-001060,2025-06-02,acordao_tribunal_superior,INS-001525,Procedente (tribunal pleno),FNT-000046
FAS-001704,PRC-001061,2026-06-30,acordao_tribunal_superior,INS-001525,Procedente (tribunal pleno),FNT-000046
FAS-001705,PRC-001062,2025-08-25,extincao_punibilidade,INS-001525,Declarada a extinção da punibilidade (monocrática),FNT-000046
FAS-001706,PRC-001063,2025-11-26,acordao_tribunal_superior,INS-001525,Procedente (tribunal pleno),FNT-000046
FAS-001707,PRC-001064,2024-02-26,recebimento_denuncia,INS-001525,Recebida denúncia (tribunal pleno),FNT-000046
FAS-001708,PRC-001064,2025-07-29,acordao_tribunal_superior,INS-001525,Procedente (tribunal pleno),FNT-000046
FAS-001709,PRC-001065,2025-08-06,acordao_tribunal_superior,INS-001525,Procedente (tribunal pleno),FNT-000046
FAS-001710,PRC-001066,2025-10-16,extincao_punibilidade,INS-001525,Declarada a extinção da punibilidade (monocrática),FNT-000046
FAS-001711,PRC-001067,2024-12-02,extincao_punibilidade,INS-001525,Declarada a extinção da punibilidade (monocrática),FNT-000046
FAS-001712,PRC-001069,2026-03-10,extincao_punibilidade,INS-001525,Declarada a extinção da punibilidade (monocrática),FNT-000046
FAS-001713,PRC-001072,2024-12-16,acordao_tribunal_superior,INS-001525,Procedente (tribunal pleno),FNT-000046
FAS-001714,PRC-001074,2025-05-07,acordao_tribunal_superior,INS-001525,Procedente (tribunal pleno),FNT-000046
FAS-001715,PRC-001076,2026-06-30,acordao_tribunal_superior,INS-001525,Procedente (tribunal pleno),FNT-000046
FAS-001716,PRC-001077,2024-12-16,acordao_tribunal_superior,INS-001525,Procedente (tribunal pleno),FNT-000046
FAS-001717,PRC-001077,2026-06-17,extincao_punibilidade,INS-001525,Declarada a extinção da punibilidade (monocrática),FNT-000046
FAS-001718,PRC-001078,2025-03-05,acordao_tribunal_superior,INS-001525,Procedente (tribunal pleno),FNT-000046
FAS-001719,PRC-001079,2025-03-24,acordao_tribunal_superior,INS-001525,Procedente (tribunal pleno),FNT-000046
FAS-001720,PRC-001079,2025-10-24,extincao_punibilidade,INS-001525,Declarada a extinção da punibilidade (monocrática),FNT-000046
FAS-001721,PRC-001080,2024-11-19,extincao_punibilidade,INS-001525,Declarada a extinção da punibilidade (monocrática),FNT-000046
FAS-001722,PRC-001081,2024-10-21,acordao_tribunal_superior,INS-001525,Procedente (tribunal pleno),FNT-000046
FAS-001723,PRC-001081,2025-09-17,extincao_punibilidade,INS-001525,Declarada a extinção da punibilidade (monocrática),FNT-000046
FAS-001724,PRC-001082,2025-02-24,acordao_tribunal_superior,INS-001525,Procedente (tribunal pleno),FNT-000046
FAS-001725,PRC-001083,2026-05-04,extincao_punibilidade,INS-001525,Declarada a extinção da punibilidade (monocrática),FNT-000046
FAS-001726,PRC-001084,2024-12-16,acordao_tribunal_superior,INS-001525,Procedente (tribunal pleno),FNT-000046
FAS-001727,PRC-001086,2026-01-15,extincao_punibilidade,INS-001525,Declarada a extinção da punibilidade (monocrática),FNT-000046
FAS-001728,PRC-001087,2025-04-25,acordao_tribunal_superior,INS-001525,Procedente (tribunal pleno),FNT-000046
FAS-001729,PRC-001087,2026-03-13,extincao_punibilidade,INS-001525,Declarada a extinção da punibilidade (monocrática),FNT-000046
FAS-001730,PRC-001088,2024-05-27,recebimento_denuncia,INS-001525,Recebida denúncia (tribunal pleno),FNT-000046
FAS-001731,PRC-001088,2025-07-29,acordao_tribunal_superior,INS-001525,Procedente (tribunal pleno),FNT-000046
FAS-001732,PRC-001089,2025-04-14,acordao_tribunal_superior,INS-001525,Procedente (tribunal pleno),FNT-000046
FAS-001733,PRC-001090,2026-03-09,extincao_punibilidade,INS-001525,Declarada a extinção da punibilidade (monocrática),FNT-000046
FAS-001734,PRC-001091,2024-12-02,acordao_tribunal_superior,INS-001525,Procedente (tribunal pleno),FNT-000046
FAS-001735,PRC-001091,2026-04-13,extincao_punibilidade,INS-001525,Declarada a extinção da punibilidade (monocrática),FNT-000046
FAS-001736,PRC-001092,2025-03-05,acordao_tribunal_superior,INS-001525,Procedente (tribunal pleno),FNT-000046
FAS-001737,PRC-001092,2026-04-29,extincao_punibilidade,INS-001525,Declarada a extinção da punibilidade (monocrática),FNT-000046
FAS-001738,PRC-001093,2024-02-26,recebimento_denuncia,INS-001525,Recebida denúncia (tribunal pleno),FNT-000046
FAS-001739,PRC-001093,2025-11-26,acordao_tribunal_superior,INS-001525,Procedente (tribunal pleno),FNT-000046
FAS-001740,PRC-001094,2024-10-21,acordao_tribunal_superior,INS-001525,Procedente (tribunal pleno),FNT-000046
FAS-001741,PRC-001095,2026-04-06,extincao_punibilidade,INS-001525,Declarada a extinção da punibilidade (monocrática),FNT-000046
FAS-001742,PRC-001096,2026-06-30,acordao_tribunal_superior,INS-001525,Procedente (tribunal pleno),FNT-000046
FAS-001743,PRC-001097,2025-03-05,acordao_tribunal_superior,INS-001525,Procedente (tribunal pleno),FNT-000046
FAS-001744,PRC-001098,2024-11-06,acordao_tribunal_superior,INS-001525,Procedente (tribunal pleno),FNT-000046
FAS-001745,PRC-001099,2025-07-14,extincao_punibilidade,INS-001525,Declarada a extinção da punibilidade (monocrática),FNT-000046
FAS-001746,PRC-001100,2024-02-26,recebimento_denuncia,INS-001525,Recebida denúncia (tribunal pleno),FNT-000046
FAS-001747,PRC-001101,2025-08-04,extincao_punibilidade,INS-001525,Declarada a extinção da punibilidade (monocrática),FNT-000046
FAS-001748,PRC-001104,2026-03-26,extincao_punibilidade,INS-001525,Declarada a extinção da punibilidade (monocrática),FNT-000046
FAS-001749,PRC-001105,2025-09-05,extincao_punibilidade,INS-001525,Declarada a extinção da punibilidade (monocrática),FNT-000046
FAS-001750,PRC-001106,2025-06-09,extincao_punibilidade,INS-001525,Declarada a extinção da punibilidade (monocrática),FNT-000046
FAS-001751,PRC-001107,2025-11-26,acordao_tribunal_superior,INS-001525,Procedente (tribunal pleno),FNT-000046
FAS-001752,PRC-001109,2024-12-02,acordao_tribunal_superior,INS-001525,Procedente (tribunal pleno),FNT-000046
FAS-001753,PRC-001110,2025-02-24,acordao_tribunal_superior,INS-001525,Procedente (tribunal pleno),FNT-000046
FAS-001754,PRC-001111,2025-10-13,extincao_punibilidade,INS-001525,Declarada a extinção da punibilidade (monocrática),FNT-000046
FAS-001755,PRC-001112,2025-03-17,extincao_punibilidade,INS-001525,Declarada a extinção da punibilidade (monocrática),FNT-000046
FAS-001756,PRC-001113,2025-08-29,acordao_tribunal_superior,INS-001525,Improcedente (monocrática),FNT-000046
FAS-001757,PRC-001115,2024-11-11,extincao_punibilidade,INS-001525,Declarada a extinção da punibilidade (monocrática),FNT-000046
FAS-001758,PRC-001116,2025-06-25,recebimento_denuncia,INS-001525,Recebida denúncia (tribunal pleno),FNT-000046
FAS-001759,PRC-001117,2024-11-27,acordao_tribunal_superior,INS-001525,Procedente (tribunal pleno),FNT-000046
FAS-001760,PRC-001118,2025-04-14,acordao_tribunal_superior,INS-001525,Procedente (tribunal pleno),FNT-000046
FAS-001761,PRC-001119,2025-08-06,acordao_tribunal_superior,INS-001525,Procedente (tribunal pleno),FNT-000046
FAS-001762,PRC-001121,2025-04-14,acordao_tribunal_superior,INS-001525,Procedente (tribunal pleno),FNT-000046
FAS-001763,PRC-001122,2025-02-24,acordao_tribunal_superior,INS-001525,Procedente (tribunal pleno),FNT-000046
FAS-001764,PRC-001123,2024-10-10,extincao_punibilidade,INS-001525,Declarada a extinção da punibilidade (monocrática),FNT-000046
FAS-001765,PRC-001125,2025-06-25,acordao_tribunal_superior,INS-001525,Procedente (tribunal pleno),FNT-000046
FAS-001766,PRC-001126,2024-10-21,acordao_tribunal_superior,INS-001525,Procedente (tribunal pleno),FNT-000046
FAS-001767,PRC-001127,2025-12-23,extincao_punibilidade,INS-001525,Declarada a extinção da punibilidade (monocrática),FNT-000046
FAS-001768,PRC-001128,2025-04-14,acordao_tribunal_superior,INS-001525,Procedente (tribunal pleno),FNT-000046
FAS-001769,PRC-001129,2026-05-20,extincao_punibilidade,INS-001525,Declarada a extinção da punibilidade (monocrática),FNT-000046
FAS-001770,PRC-001130,2026-03-27,extincao_punibilidade,INS-001525,Declarada a extinção da punibilidade (monocrática),FNT-000046
FAS-001771,PRC-001131,2026-05-25,acordao_tribunal_superior,INS-001525,Procedente (tribunal pleno),FNT-000046
FAS-001772,PRC-001132,2026-05-25,acordao_tribunal_superior,INS-001525,Procedente (tribunal pleno),FNT-000046
FAS-001773,PRC-001134,2025-08-06,acordao_tribunal_superior,INS-001525,Procedente (tribunal pleno),FNT-000046
FAS-001774,PRC-001136,2025-06-16,recebimento_denuncia,INS-001525,Recebida denúncia (tribunal pleno),FNT-000046
FAS-001775,PRC-001136,2026-09-08,acordao_tribunal_superior,INS-001525,Procedente (tribunal pleno),FNT-000046
FAS-001776,PRC-001137,2025-06-09,acordao_tribunal_superior,INS-001525,Procedente (tribunal pleno),FNT-000046
FAS-001777,PRC-001138,2024-11-19,acordao_tribunal_superior,INS-001525,Procedente (tribunal pleno),FNT-000046
FAS-001778,PRC-001138,2026-07-13,extincao_punibilidade,INS-001525,Declarada a extinção da punibilidade (monocrática),FNT-000046
FAS-001779,PRC-001139,2025-11-27,extincao_punibilidade,INS-001525,Declarada a extinção da punibilidade (monocrática),FNT-000046
FAS-001780,PRC-001140,2025-08-05,extincao_punibilidade,INS-001525,Declarada a extinção da punibilidade (monocrática),FNT-000046
FAS-001781,PRC-001141,2025-02-24,acordao_tribunal_superior,INS-001525,Procedente (tribunal pleno),FNT-000046
FAS-001782,PRC-001143,2026-05-18,acordao_tribunal_superior,INS-001525,Procedente (tribunal pleno),FNT-000046
FAS-001783,PRC-001144,2026-02-06,extincao_punibilidade,INS-001525,Declarada a extinção da punibilidade (monocrática),FNT-000046
FAS-001784,PRC-001145,2025-09-22,extincao_punibilidade,INS-001525,Declarada a extinção da punibilidade (monocrática),FNT-000046
FAS-001785,PRC-001146,2025-08-25,extincao_punibilidade,INS-001525,Declarada a extinção da punibilidade (monocrática),FNT-000046
FAS-001786,PRC-001147,2025-07-23,extincao_punibilidade,INS-001525,Declarada a extinção da punibilidade (monocrática),FNT-000046
FAS-001787,PRC-001149,2025-02-24,acordao_tribunal_superior,INS-001525,Procedente (tribunal pleno),FNT-000046
FAS-001788,PRC-001149,2026-04-24,extincao_punibilidade,INS-001525,Declarada a extinção da punibilidade (monocrática),FNT-000046
FAS-001789,PRC-001150,2024-12-16,acordao_tribunal_superior,INS-001525,Procedente (tribunal pleno),FNT-000046
FAS-001790,PRC-001151,2025-08-06,acordao_tribunal_superior,INS-001525,Procedente (tribunal pleno),FNT-000046
FAS-001791,PRC-001152,2025-04-25,acordao_tribunal_superior,INS-001525,Procedente (tribunal pleno),FNT-000046
FAS-001792,PRC-001153,2025-03-24,acordao_tribunal_superior,INS-001525,Procedente (tribunal pleno),FNT-000046
FAS-001793,PRC-001154,2024-07-22,extincao_punibilidade,INS-001525,Declarada a extinção da punibilidade (monocrática),FNT-000046
FAS-001794,PRC-001156,2024-12-16,acordao_tribunal_superior,INS-001525,Procedente (tribunal pleno),FNT-000046
FAS-001795,PRC-001157,2025-08-04,extincao_punibilidade,INS-001525,Declarada a extinção da punibilidade (monocrática),FNT-000046
FAS-001796,PRC-001158,2025-09-05,extincao_punibilidade,INS-001525,Declarada a extinção da punibilidade (monocrática),FNT-000046
FAS-001797,PRC-001159,2024-12-16,acordao_tribunal_superior,INS-001525,Procedente (tribunal pleno),FNT-000046
FAS-001798,PRC-001160,2025-05-07,acordao_tribunal_superior,INS-001525,Procedente (tribunal pleno),FNT-000046
FAS-001799,PRC-001161,2025-06-16,extincao_punibilidade,INS-001525,Declarada a extinção da punibilidade (monocrática),FNT-000046
FAS-001800,PRC-001162,2025-06-09,acordao_tribunal_superior,INS-001525,Procedente (tribunal pleno),FNT-000046
FAS-001801,PRC-001162,2026-04-07,extincao_punibilidade,INS-001525,Declarada a extinção da punibilidade (monocrática),FNT-000046
FAS-001802,PRC-001163,2025-03-24,acordao_tribunal_superior,INS-001525,Procedente (tribunal pleno),FNT-000046
FAS-001803,PRC-001165,2024-12-16,acordao_tribunal_superior,INS-001525,Procedente (tribunal pleno),FNT-000046
FAS-001804,PRC-001166,2025-10-30,extincao_punibilidade,INS-001525,Declarada a extinção da punibilidade (monocrática),FNT-000046
FAS-001805,PRC-001169,2024-11-19,acordao_tribunal_superior,INS-001525,Procedente (tribunal pleno),FNT-000046
FAS-001806,PRC-001169,2026-08-20,extincao_punibilidade,INS-001525,Declarada a extinção da punibilidade (monocrática),FNT-000046
FAS-001807,PRC-001170,2025-01-29,extincao_punibilidade,INS-001525,Declarada a extinção da punibilidade (monocrática),FNT-000046
FAS-001808,PRC-001171,2025-03-05,acordao_tribunal_superior,INS-001525,Procedente (tribunal pleno),FNT-000046
FAS-001809,PRC-001172,2025-05-13,acordao_tribunal_superior,INS-001525,Procedente (tribunal pleno),FNT-000046
FAS-001810,PRC-001173,2024-08-19,recebimento_denuncia,INS-001525,Recebida denúncia (tribunal pleno),FNT-000046
FAS-001811,PRC-001173,2026-05-18,acordao_tribunal_superior,INS-001525,Procedente em parte (tribunal pleno),FNT-000046
FAS-001812,PRC-001174,2025-06-02,acordao_tribunal_superior,INS-001525,Procedente (tribunal pleno),FNT-000046
FAS-001813,PRC-001176,2025-07-28,extincao_punibilidade,INS-001525,Declarada a extinção da punibilidade (monocrática),FNT-000046
FAS-001814,PRC-001178,2026-03-02,recebimento_denuncia,INS-001525,Recebida denúncia (1ª turma),FNT-000046
FAS-001815,PRC-001179,2024-12-16,acordao_tribunal_superior,INS-001525,Procedente (tribunal pleno),FNT-000046
FAS-001816,PRC-001180,2025-01-29,extincao_punibilidade,INS-001525,Declarada a extinção da punibilidade (monocrática),FNT-000046
FAS-001817,PRC-001181,2025-10-06,extincao_punibilidade,INS-001525,Declarada a extinção da punibilidade (monocrática),FNT-000046
FAS-001818,PRC-001182,2025-09-22,extincao_punibilidade,INS-001525,Declarada a extinção da punibilidade (monocrática),FNT-000046
FAS-001819,PRC-001182,2025-11-05,extincao_punibilidade,INS-001525,Declarada a extinção da punibilidade (monocrática),FNT-000046
FAS-001820,PRC-001184,2024-10-21,acordao_tribunal_superior,INS-001525,Procedente (tribunal pleno),FNT-000046
FAS-001821,PRC-001185,2026-05-25,acordao_tribunal_superior,INS-001525,Procedente (tribunal pleno),FNT-000046
FAS-001822,PRC-001186,2025-04-30,acordao_tribunal_superior,INS-001525,Procedente (tribunal pleno),FNT-000046
FAS-001823,PRC-001187,2025-09-10,extincao_punibilidade,INS-001525,Declarada a extinção da punibilidade (monocrática),FNT-000046
FAS-001824,PRC-001188,2024-12-16,acordao_tribunal_superior,INS-001525,Procedente (tribunal pleno),FNT-000046
FAS-001825,PRC-001189,2025-06-16,acordao_tribunal_superior,INS-001525,Procedente (tribunal pleno),FNT-000046
FAS-001826,PRC-001190,2024-02-26,recebimento_denuncia,INS-001525,Recebida denúncia (tribunal pleno),FNT-000046
FAS-001827,PRC-001190,2025-08-08,acordao_tribunal_superior,INS-001525,Procedente (tribunal pleno),FNT-000046
FAS-001828,PRC-001191,2026-05-18,acordao_tribunal_superior,INS-001525,Procedente (tribunal pleno),FNT-000046
FAS-001829,PRC-001193,2024-12-16,acordao_tribunal_superior,INS-001525,Procedente (tribunal pleno),FNT-000046
FAS-001830,PRC-001194,2024-02-26,recebimento_denuncia,INS-001525,Recebida denúncia (tribunal pleno),FNT-000046
FAS-001831,PRC-001194,2026-05-26,acordao_tribunal_superior,INS-001525,Procedente (tribunal pleno),FNT-000046
FAS-001832,PRC-001195,2024-02-26,recebimento_denuncia,INS-001525,Recebida denúncia (tribunal pleno),FNT-000046
FAS-001833,PRC-001195,2025-06-16,acordao_tribunal_superior,INS-001525,Procedente (tribunal pleno),FNT-000046
FAS-001834,PRC-001196,2026-08-25,extincao_punibilidade,INS-001525,Declarada a extinção da punibilidade (monocrática),FNT-000046
FAS-001835,PRC-001197,2024-12-16,acordao_tribunal_superior,INS-001525,Procedente (tribunal pleno),FNT-000046
FAS-001836,PRC-001198,2024-09-09,recebimento_denuncia,INS-001525,Recebida denúncia (tribunal pleno),FNT-000046
FAS-001837,PRC-001198,2026-05-26,acordao_tribunal_superior,INS-001525,Procedente (tribunal pleno),FNT-000046
FAS-001838,PRC-001199,2025-11-11,extincao_punibilidade,INS-001525,Declarada a extinção da punibilidade (monocrática),FNT-000046
FAS-001839,PRC-001200,2025-05-21,extincao_punibilidade,INS-001525,Declarada a extinção da punibilidade (monocrática),FNT-000046
FAS-001840,PRC-001201,2026-05-25,acordao_tribunal_superior,INS-001525,Procedente (tribunal pleno),FNT-000046
FAS-001841,PRC-001202,2024-12-02,acordao_tribunal_superior,INS-001525,Procedente (tribunal pleno),FNT-000046
FAS-001842,PRC-001203,2026-05-25,acordao_tribunal_superior,INS-001525,Procedente (tribunal pleno),FNT-000046
FAS-001843,PRC-001204,2025-06-25,recebimento_denuncia,INS-001525,Recebida denúncia (tribunal pleno),FNT-000046
FAS-001844,PRC-001205,2025-06-03,extincao_punibilidade,INS-001525,Declarada a extinção da punibilidade (monocrática),FNT-000046
FAS-001845,PRC-001207,2024-12-16,acordao_tribunal_superior,INS-001525,Procedente (tribunal pleno),FNT-000046
FAS-001846,PRC-001207,2026-05-15,extincao_punibilidade,INS-001525,Declarada a extinção da punibilidade (monocrática),FNT-000046
FAS-001847,PRC-001208,2025-06-09,acordao_tribunal_superior,INS-001525,Procedente (tribunal pleno),FNT-000046
FAS-001848,PRC-001211,2026-05-18,acordao_tribunal_superior,INS-001525,Procedente (tribunal pleno),FNT-000046
FAS-001849,PRC-001212,2024-11-14,extincao_punibilidade,INS-001525,Declarada a extinção da punibilidade (monocrática),FNT-000046
FAS-001850,PRC-001213,2024-11-19,acordao_tribunal_superior,INS-001525,Procedente (tribunal pleno),FNT-000046
FAS-001851,PRC-001213,2026-07-06,extincao_punibilidade,INS-001525,Declarada a extinção da punibilidade (monocrática),FNT-000046
FAS-001852,PRC-001215,2025-10-09,extincao_punibilidade,INS-001525,Declarada a extinção da punibilidade (monocrática),FNT-000046
FAS-001853,PRC-001216,2025-02-24,acordao_tribunal_superior,INS-001525,Procedente (tribunal pleno),FNT-000046
FAS-001854,PRC-001216,2026-02-18,extincao_punibilidade,INS-001525,Declarada a extinção da punibilidade (monocrática),FNT-000046
FAS-001855,PRC-001217,2025-05-13,acordao_tribunal_superior,INS-001525,Procedente (tribunal pleno),FNT-000046
FAS-001856,PRC-001218,2025-03-05,acordao_tribunal_superior,INS-001525,Procedente (tribunal pleno),FNT-000046
FAS-001857,PRC-001218,2026-06-15,extincao_punibilidade,INS-001525,Declarada a extinção da punibilidade (monocrática),FNT-000046
FAS-001858,PRC-001219,2024-04-15,recebimento_denuncia,INS-001525,Recebida denúncia (tribunal pleno),FNT-000046
FAS-001859,PRC-001219,2024-10-17,extincao_punibilidade,INS-001525,Declarada a extinção da punibilidade (monocrática),FNT-000046
FAS-001860,PRC-001220,2026-05-25,recebimento_denuncia,INS-001525,Recebida denúncia (tribunal pleno),FNT-000046
FAS-001861,PRC-001222,2024-12-16,acordao_tribunal_superior,INS-001525,Procedente (tribunal pleno),FNT-000046
FAS-001862,PRC-001222,2025-12-04,extincao_punibilidade,INS-001525,Declarada a extinção da punibilidade (monocrática),FNT-000046
FAS-001863,PRC-001223,2025-03-24,acordao_tribunal_superior,INS-001525,Procedente (tribunal pleno),FNT-000046
FAS-001864,PRC-001225,2025-06-09,acordao_tribunal_superior,INS-001525,Procedente (tribunal pleno),FNT-000046
FAS-001865,PRC-001226,2026-05-25,acordao_tribunal_superior,INS-001525,Procedente (tribunal pleno),FNT-000046
FAS-001866,PRC-001228,2025-05-13,acordao_tribunal_superior,INS-001525,Procedente (tribunal pleno),FNT-000046
FAS-001867,PRC-001229,2025-08-05,extincao_punibilidade,INS-001525,Declarada a extinção da punibilidade (monocrática),FNT-000046
FAS-001868,PRC-001230,2026-01-26,extincao_punibilidade,INS-001525,Declarada a extinção da punibilidade (monocrática),FNT-000046
FAS-001869,PRC-001231,2026-05-18,acordao_tribunal_superior,INS-001525,Procedente (tribunal pleno),FNT-000046
FAS-001870,PRC-001232,2026-05-25,acordao_tribunal_superior,INS-001525,Procedente (tribunal pleno),FNT-000046
FAS-001871,PRC-001233,2024-02-26,recebimento_denuncia,INS-001525,Recebida denúncia (tribunal pleno),FNT-000046
FAS-001872,PRC-001235,2026-08-13,extincao_punibilidade,INS-001525,Declarada a extinção da punibilidade (monocrática),FNT-000046
FAS-001873,PRC-001236,2025-08-06,acordao_tribunal_superior,INS-001525,Procedente (tribunal pleno),FNT-000046
FAS-001874,PRC-001238,2024-09-26,extincao_punibilidade,INS-001525,Declarada a extinção da punibilidade (monocrática),FNT-000046
FAS-001875,PRC-001239,2024-11-27,recebimento_denuncia,INS-001525,Recebida denúncia (1ª turma),FNT-000046
FAS-001876,PRC-001241,2026-08-06,acordao_tribunal_superior,INS-001525,Procedente (tribunal pleno),FNT-000046
FAS-001877,PRC-001242,2024-10-28,extincao_punibilidade,INS-001525,Declarada a extinção da punibilidade (monocrática),FNT-000046
FAS-001878,PRC-001245,2025-06-25,recebimento_denuncia,INS-001525,Recebida denúncia (tribunal pleno),FNT-000046
FAS-001879,PRC-001246,2026-03-12,extincao_punibilidade,INS-001525,Declarada a extinção da punibilidade (monocrática),FNT-000046
FAS-001880,PRC-001247,2026-05-25,acordao_tribunal_superior,INS-001525,Procedente (tribunal pleno),FNT-000046
FAS-001881,PRC-001248,2024-11-28,extincao_punibilidade,INS-001525,Declarada a extinção da punibilidade (monocrática),FNT-000046
FAS-001882,PRC-001249,2024-12-16,acordao_tribunal_superior,INS-001525,Procedente (tribunal pleno),FNT-000046
FAS-001883,PRC-001249,2026-06-10,extincao_punibilidade,INS-001525,Declarada a extinção da punibilidade (monocrática),FNT-000046
FAS-001884,PRC-001250,2024-11-06,acordao_tribunal_superior,INS-001525,Procedente (tribunal pleno),FNT-000046
FAS-001885,PRC-001252,2025-08-29,extincao_punibilidade,INS-001525,Declarada a extinção da punibilidade (monocrática),FNT-000046
FAS-001886,PRC-001253,2024-11-11,extincao_punibilidade,INS-001525,Declarada a extinção da punibilidade (monocrática),FNT-000046
FAS-001887,PRC-001254,2025-03-05,acordao_tribunal_superior,INS-001525,Procedente (tribunal pleno),FNT-000046
FAS-001888,PRC-001254,2026-02-06,extincao_punibilidade,INS-001525,Declarada a extinção da punibilidade (monocrática),FNT-000046
FAS-001889,PRC-001255,2024-11-27,acordao_tribunal_superior,INS-001525,Procedente (tribunal pleno),FNT-000046
FAS-001890,PRC-001255,2026-05-06,extincao_punibilidade,INS-001525,Declarada a extinção da punibilidade (monocrática),FNT-000046
FAS-001891,PRC-001256,2024-08-12,recebimento_denuncia,INS-001525,Recebida denúncia (tribunal pleno),FNT-000046
FAS-001892,PRC-001256,2026-05-18,acordao_tribunal_superior,INS-001525,Procedente em parte (tribunal pleno),FNT-000046
FAS-001893,PRC-001257,2025-07-24,extincao_punibilidade,INS-001525,Declarada a extinção da punibilidade (monocrática),FNT-000046
FAS-001894,PRC-001259,2025-06-09,acordao_tribunal_superior,INS-001525,Procedente (tribunal pleno),FNT-000046
FAS-001895,PRC-001260,2025-08-06,acordao_tribunal_superior,INS-001525,Procedente (tribunal pleno),FNT-000046
FAS-001896,PRC-001261,2025-01-09,extincao_punibilidade,INS-001525,Declarada a extinção da punibilidade (monocrática),FNT-000046
FAS-001897,PRC-001263,2025-05-13,acordao_tribunal_superior,INS-001525,Procedente (tribunal pleno),FNT-000046
FAS-001898,PRC-001264,2025-06-25,recebimento_denuncia,INS-001525,Recebida denúncia (tribunal pleno),FNT-000046
FAS-001899,PRC-001266,2025-10-28,extincao_punibilidade,INS-001525,Declarada a extinção da punibilidade (monocrática),FNT-000046
FAS-001900,PRC-001267,2026-05-18,acordao_tribunal_superior,INS-001525,Procedente (tribunal pleno),FNT-000046
FAS-001901,PRC-001268,2025-03-11,extincao_punibilidade,INS-001525,Declarada a extinção da punibilidade (monocrática),FNT-000046
FAS-001902,PRC-001269,2024-11-28,extincao_punibilidade,INS-001525,Declarada a extinção da punibilidade (monocrática),FNT-000046
FAS-001903,PRC-001270,2024-02-26,recebimento_denuncia,INS-001525,Recebida denúncia (tribunal pleno),FNT-000046
FAS-001904,PRC-001270,2025-08-08,acordao_tribunal_superior,INS-001525,Procedente (tribunal pleno),FNT-000046
FAS-001905,PRC-001273,2025-08-12,extincao_punibilidade,INS-001525,Declarada a extinção da punibilidade (monocrática),FNT-000046
FAS-001906,PRC-001276,2025-02-24,acordao_tribunal_superior,INS-001525,Procedente (tribunal pleno),FNT-000046
FAS-001907,PRC-001277,2025-04-07,acordao_tribunal_superior,INS-001525,Procedente (tribunal pleno),FNT-000046
FAS-001908,PRC-001277,2026-09-10,extincao_punibilidade,INS-001525,Declarada a extinção da punibilidade (monocrática),FNT-000046
FAS-001909,PRC-001278,2025-06-25,recebimento_denuncia,INS-001525,Recebida denúncia (tribunal pleno),FNT-000046
FAS-001910,PRC-001279,2025-11-26,acordao_tribunal_superior,INS-001525,Procedente (tribunal pleno),FNT-000046
FAS-001911,PRC-001280,2025-02-07,extincao_punibilidade,INS-001525,Declarada a extinção da punibilidade (monocrática),FNT-000046
FAS-001912,PRC-001281,2025-03-26,extincao_punibilidade,INS-001525,Declarada a extinção da punibilidade (monocrática),FNT-000046
FAS-001913,PRC-001282,2025-05-13,acordao_tribunal_superior,INS-001525,Procedente (tribunal pleno),FNT-000046
FAS-001914,PRC-001282,2026-09-02,extincao_punibilidade,INS-001525,Declarada a extinção da punibilidade (monocrática),FNT-000046
FAS-001915,PRC-001283,2025-06-25,recebimento_denuncia,INS-001525,Recebida denúncia (tribunal pleno),FNT-000046
FAS-001916,PRC-001284,2025-08-12,extincao_punibilidade,INS-001525,Declarada a extinção da punibilidade (monocrática),FNT-000046
FAS-001917,PRC-001286,2025-10-06,extincao_punibilidade,INS-001525,Declarada a extinção da punibilidade (monocrática),FNT-000046
FAS-001918,PRC-001287,2024-10-28,acordao_tribunal_superior,INS-001525,Procedente (tribunal pleno),FNT-000046
FAS-001919,PRC-001287,2026-07-07,acordao_tribunal_superior,INS-001525,Improcedente (monocrática),FNT-000046
FAS-001920,PRC-001288,2025-05-12,extincao_punibilidade,INS-001525,Declarada a extinção da punibilidade (monocrática),FNT-000046
FAS-001921,PRC-001289,2024-10-28,acordao_tribunal_superior,INS-001525,Procedente (tribunal pleno),FNT-000046
FAS-001922,PRC-001290,2025-04-08,extincao_punibilidade,INS-001525,Declarada a extinção da punibilidade (monocrática),FNT-000046
FAS-001923,PRC-001295,2025-08-05,extincao_punibilidade,INS-001525,Declarada a extinção da punibilidade (monocrática),FNT-000046
FAS-001924,PRC-001296,2026-08-19,extincao_punibilidade,INS-001525,Declarada a extinção da punibilidade (monocrática),FNT-000046
FAS-001925,PRC-001297,2026-02-04,extincao_punibilidade,INS-001525,Declarada a extinção da punibilidade (monocrática),FNT-000046
FAS-001926,PRC-001299,2025-06-03,extincao_punibilidade,INS-001525,Declarada a extinção da punibilidade (monocrática),FNT-000046
FAS-001927,PRC-001301,2025-06-16,acordao_tribunal_superior,INS-001525,Procedente (tribunal pleno),FNT-000046
FAS-001928,PRC-001301,2026-03-06,extincao_punibilidade,INS-001525,Declarada a extinção da punibilidade (monocrática),FNT-000046
FAS-001929,PRC-001302,2025-03-07,extincao_punibilidade,INS-001525,Declarada a extinção da punibilidade (monocrática),FNT-000046
FAS-001930,PRC-001305,2025-07-23,acordao_tribunal_superior,INS-001525,Procedente (monocrática),FNT-000046
FAS-001931,PRC-001306,2025-06-16,acordao_tribunal_superior,INS-001525,Procedente (tribunal pleno),FNT-000046
FAS-001932,PRC-001306,2026-07-20,acordao_tribunal_superior,INS-001525,Procedente (monocrática),FNT-000046
FAS-001933,PRC-001307,2025-11-17,extincao_punibilidade,INS-001525,Declarada a extinção da punibilidade (monocrática),FNT-000046
FAS-001934,PRC-001308,2025-03-05,acordao_tribunal_superior,INS-001525,Procedente (tribunal pleno),FNT-000046
FAS-001935,PRC-001309,2025-04-07,acordao_tribunal_superior,INS-001525,Procedente (tribunal pleno),FNT-000046
FAS-001936,PRC-001309,2026-05-15,extincao_punibilidade,INS-001525,Declarada a extinção da punibilidade (monocrática),FNT-000046
FAS-001937,PRC-001311,2026-02-12,extincao_punibilidade,INS-001525,Declarada a extinção da punibilidade (monocrática),FNT-000046
FAS-001938,PRC-001313,2025-06-09,acordao_tribunal_superior,INS-001525,Procedente (tribunal pleno),FNT-000046
FAS-001939,PRC-001314,2025-11-26,acordao_tribunal_superior,INS-001525,Procedente (tribunal pleno),FNT-000046
FAS-001940,PRC-001315,2026-08-03,extincao_punibilidade,INS-001525,Declarada a extinção da punibilidade (monocrática),FNT-000046
FAS-001941,PRC-001317,2026-04-24,extincao_punibilidade,INS-001525,Declarada a extinção da punibilidade (monocrática),FNT-000046
FAS-001942,PRC-001319,2025-03-05,acordao_tribunal_superior,INS-001525,Procedente (tribunal pleno),FNT-000046
FAS-001943,PRC-001320,2026-03-12,extincao_punibilidade,INS-001525,Declarada a extinção da punibilidade (monocrática),FNT-000046
FAS-001944,PRC-001321,2026-09-10,extincao_punibilidade,INS-001525,Declarada a extinção da punibilidade (monocrática),FNT-000046
FAS-001945,PRC-001322,2025-03-05,acordao_tribunal_superior,INS-001525,Procedente (tribunal pleno),FNT-000046
FAS-001946,PRC-001323,2026-05-25,acordao_tribunal_superior,INS-001525,Procedente (tribunal pleno),FNT-000046
FAS-001947,PRC-001324,2024-11-12,extincao_punibilidade,INS-001525,Declarada a extinção da punibilidade (monocrática),FNT-000046
FAS-001948,PRC-001325,2025-05-14,extincao_punibilidade,INS-001525,Declarada a extinção da punibilidade (monocrática),FNT-000046
FAS-001949,PRC-001326,2025-12-23,extincao_punibilidade,INS-001525,Declarada a extinção da punibilidade (monocrática),FNT-000046
FAS-001950,PRC-001327,2025-10-09,extincao_punibilidade,INS-001525,Declarada a extinção da punibilidade (monocrática),FNT-000046
FAS-001951,PRC-001328,2026-05-25,acordao_tribunal_superior,INS-001525,Procedente (tribunal pleno),FNT-000046
FAS-001952,PRC-001329,2026-08-03,extincao_punibilidade,INS-001525,Declarada a extinção da punibilidade (monocrática),FNT-000046
FAS-001953,PRC-001331,2026-05-18,acordao_tribunal_superior,INS-001525,Procedente (tribunal pleno),FNT-000046
FAS-001954,PRC-001332,2025-06-02,acordao_tribunal_superior,INS-001525,Procedente (tribunal pleno),FNT-000046
FAS-001955,PRC-001333,2025-03-05,acordao_tribunal_superior,INS-001525,Procedente (tribunal pleno),FNT-000046
FAS-001956,PRC-001334,2026-03-10,extincao_punibilidade,INS-001525,Declarada a extinção da punibilidade (monocrática),FNT-000046
FAS-001957,PRC-001335,2025-04-07,acordao_tribunal_superior,INS-001525,Procedente (tribunal pleno),FNT-000046
FAS-001958,PRC-001336,2025-04-07,acordao_tribunal_superior,INS-001525,Procedente (tribunal pleno),FNT-000046
FAS-001959,PRC-001337,2025-11-17,extincao_punibilidade,INS-001525,Declarada a extinção da punibilidade (monocrática),FNT-000046
FAS-001960,PRC-001338,2025-03-31,recebimento_denuncia,INS-001525,Recebida denúncia (tribunal pleno),FNT-000046
FAS-001961,PRC-001338,2026-08-07,acordao_tribunal_superior,INS-001525,Procedente (tribunal pleno),FNT-000046
FAS-001962,PRC-001339,2025-06-09,acordao_tribunal_superior,INS-001525,Procedente (tribunal pleno),FNT-000046
FAS-001963,PRC-001340,2026-03-10,acordao_tribunal_superior,INS-001525,Procedente (monocrática),FNT-000046
FAS-001964,PRC-001340,2026-05-25,acordao_tribunal_superior,INS-001525,Procedente (tribunal pleno),FNT-000046
FAS-001965,PRC-001341,2025-05-07,acordao_tribunal_superior,INS-001525,Procedente (tribunal pleno),FNT-000046
FAS-001966,PRC-001342,2025-03-05,acordao_tribunal_superior,INS-001525,Procedente (tribunal pleno),FNT-000046
FAS-001967,PRC-001343,2025-08-06,acordao_tribunal_superior,INS-001525,Procedente (tribunal pleno),FNT-000046
FAS-001968,PRC-001344,2025-07-28,extincao_punibilidade,INS-001525,Declarada a extinção da punibilidade (monocrática),FNT-000046
FAS-001969,PRC-001345,2025-11-26,acordao_tribunal_superior,INS-001525,Procedente (tribunal pleno),FNT-000046
FAS-001970,PRC-001346,2025-06-02,acordao_tribunal_superior,INS-001525,Procedente (tribunal pleno),FNT-000046
FAS-001971,PRC-001348,2024-05-27,recebimento_denuncia,INS-001525,Recebida denúncia (tribunal pleno),FNT-000046
FAS-001972,PRC-001348,2025-07-29,acordao_tribunal_superior,INS-001525,Procedente (tribunal pleno),FNT-000046
FAS-001973,PRC-001349,2025-01-21,extincao_punibilidade,INS-001525,Declarada a extinção da punibilidade (monocrática),FNT-000046
FAS-001974,PRC-001350,2025-06-02,acordao_tribunal_superior,INS-001525,Procedente (tribunal pleno),FNT-000046
FAS-001975,PRC-001351,2025-02-19,extincao_punibilidade,INS-001525,Declarada a extinção da punibilidade (monocrática),FNT-000046
FAS-001976,PRC-001352,2025-03-12,acordao_tribunal_superior,INS-001525,Procedente (tribunal pleno),FNT-000046
FAS-001977,PRC-001355,2025-03-05,acordao_tribunal_superior,INS-001525,Procedente (tribunal pleno),FNT-000046
FAS-001978,PRC-001356,2025-02-24,acordao_tribunal_superior,INS-001525,Procedente (tribunal pleno),FNT-000046
FAS-001979,PRC-001357,2026-05-25,acordao_tribunal_superior,INS-001525,Procedente (tribunal pleno),FNT-000046
FAS-001980,PRC-001359,2025-06-09,acordao_tribunal_superior,INS-001525,Procedente (tribunal pleno),FNT-000046
FAS-001981,PRC-001360,2025-03-05,acordao_tribunal_superior,INS-001525,Procedente (tribunal pleno),FNT-000046
FAS-001982,PRC-001362,2026-05-18,acordao_tribunal_superior,INS-001525,Procedente (tribunal pleno),FNT-000046
FAS-001983,PRC-001363,2025-03-24,recebimento_denuncia,INS-001525,Recebida denúncia (tribunal pleno),FNT-000046
FAS-001984,PRC-001364,2025-06-02,acordao_tribunal_superior,INS-001525,Procedente (tribunal pleno),FNT-000046
FAS-001985,PRC-001366,2026-02-06,extincao_punibilidade,INS-001525,Declarada a extinção da punibilidade (monocrática),FNT-000046
FAS-001986,PRC-001367,2026-05-25,acordao_tribunal_superior,INS-001525,Procedente (tribunal pleno),FNT-000046
FAS-001987,PRC-001368,2026-01-09,extincao_punibilidade,INS-001525,Declarada a extinção da punibilidade (monocrática),FNT-000046
FAS-001988,PRC-001369,2024-06-11,recebimento_denuncia,INS-001525,Recebida denúncia (tribunal pleno),FNT-000046
FAS-001989,PRC-001369,2026-05-26,acordao_tribunal_superior,INS-001525,Procedente (tribunal pleno),FNT-000046
FAS-001990,PRC-001370,2026-05-25,acordao_tribunal_superior,INS-001525,Procedente (tribunal pleno),FNT-000046
FAS-001991,PRC-001371,2026-03-27,extincao_punibilidade,INS-001525,Declarada a extinção da punibilidade (monocrática),FNT-000046
FAS-001992,PRC-001372,2025-09-22,extincao_punibilidade,INS-001525,Declarada a extinção da punibilidade (monocrática),FNT-000046
FAS-001993,PRC-001373,2026-05-25,acordao_tribunal_superior,INS-001525,Procedente (tribunal pleno),FNT-000046
FAS-001994,PRC-001375,2025-03-05,acordao_tribunal_superior,INS-001525,Procedente (tribunal pleno),FNT-000046
FAS-001995,PRC-001376,2025-05-07,acordao_tribunal_superior,INS-001525,Procedente (tribunal pleno),FNT-000046
FAS-001996,PRC-001377,2025-06-02,acordao_tribunal_superior,INS-001525,Procedente (tribunal pleno),FNT-000046
FAS-001997,PRC-001378,2024-10-21,acordao_tribunal_superior,INS-001525,Procedente (tribunal pleno),FNT-000046
FAS-001998,PRC-001379,2025-10-10,extincao_punibilidade,INS-001525,Declarada a extinção da punibilidade (monocrática),FNT-000046
FAS-001999,PRC-001381,2025-10-10,extincao_punibilidade,INS-001525,Declarada a extinção da punibilidade (monocrática),FNT-000046
FAS-002000,PRC-001382,2025-06-16,acordao_tribunal_superior,INS-001525,Procedente (tribunal pleno),FNT-000046
FAS-002001,PRC-001384,2025-01-29,extincao_punibilidade,INS-001525,Declarada a extinção da punibilidade (monocrática),FNT-000046
FAS-002002,PRC-001385,2025-12-01,extincao_punibilidade,INS-001525,Declarada a extinção da punibilidade (monocrática),FNT-000046
FAS-002003,PRC-001386,2024-10-28,recebimento_denuncia,INS-001525,Recebida denúncia (tribunal pleno),FNT-000046
FAS-002004,PRC-001386,2026-05-26,acordao_tribunal_superior,INS-001525,Procedente (tribunal pleno),FNT-000046
FAS-002005,PRC-001389,2025-06-02,acordao_tribunal_superior,INS-001525,Procedente (tribunal pleno),FNT-000046
FAS-002006,PRC-001391,2025-06-16,extincao_punibilidade,INS-001525,Declarada a extinção da punibilidade (monocrática),FNT-000046
FAS-002007,PRC-001392,2025-04-23,extincao_punibilidade,INS-001525,Declarada a extinção da punibilidade (monocrática),FNT-000046
FAS-002008,PRC-001393,2025-12-18,extincao_punibilidade,INS-001525,Declarada a extinção da punibilidade (monocrática),FNT-000046
FAS-002009,PRC-001394,2025-06-16,acordao_tribunal_superior,INS-001525,Procedente (tribunal pleno),FNT-000046
FAS-002010,PRC-001398,2026-08-28,extincao_punibilidade,INS-001525,Declarada a extinção da punibilidade (monocrática),FNT-000046
FAS-002011,PRC-001399,2024-11-11,extincao_punibilidade,INS-001525,Declarada a extinção da punibilidade (monocrática),FNT-000046
FAS-002012,PRC-001400,2025-03-05,acordao_tribunal_superior,INS-001525,Procedente (tribunal pleno),FNT-000046
FAS-002013,PRC-001401,2025-06-25,acordao_tribunal_superior,INS-001525,Procedente (tribunal pleno),FNT-000046
FAS-002014,PRC-001402,2025-03-17,extincao_punibilidade,INS-001525,Declarada a extinção da punibilidade (monocrática),FNT-000046
FAS-002015,PRC-001404,2025-05-13,acordao_tribunal_superior,INS-001525,Procedente (tribunal pleno),FNT-000046
FAS-002016,PRC-001405,2026-05-25,acordao_tribunal_superior,INS-001525,Procedente (tribunal pleno),FNT-000046
FAS-002017,PRC-001406,2025-07-16,extincao_punibilidade,INS-001525,Declarada a extinção da punibilidade (monocrática),FNT-000046
FAS-002018,PRC-001407,2025-02-17,extincao_punibilidade,INS-001525,Declarada a extinção da punibilidade (monocrática),FNT-000046
FAS-002019,PRC-001408,2026-06-30,extincao_punibilidade,INS-001525,Declarada a extinção da punibilidade (monocrática),FNT-000046
FAS-002020,PRC-001409,2026-05-25,extincao_punibilidade,INS-001525,Declarada a extinção da punibilidade (monocrática),FNT-000046
FAS-002021,PRC-001410,2025-04-23,extincao_punibilidade,INS-001525,Declarada a extinção da punibilidade (monocrática),FNT-000046
FAS-002022,PRC-001411,2025-12-18,extincao_punibilidade,INS-001525,Declarada a extinção da punibilidade (monocrática),FNT-000046
FAS-002023,PRC-001412,2025-04-25,acordao_tribunal_superior,INS-001525,Procedente (tribunal pleno),FNT-000046
FAS-002024,PRC-001413,2025-08-28,extincao_punibilidade,INS-001525,Declarada a extinção da punibilidade (monocrática),FNT-000046
FAS-002025,PRC-001414,2024-02-26,recebimento_denuncia,INS-001525,Recebida denúncia (tribunal pleno),FNT-000046
FAS-002026,PRC-001415,2025-03-24,acordao_tribunal_superior,INS-001525,Procedente (tribunal pleno),FNT-000046
FAS-002027,PRC-001416,2024-02-26,recebimento_denuncia,INS-001525,Recebida denúncia (tribunal pleno),FNT-000046
FAS-002028,PRC-001416,2025-08-08,acordao_tribunal_superior,INS-001525,Procedente (tribunal pleno),FNT-000046
FAS-002029,PRC-001417,2025-06-25,acordao_tribunal_superior,INS-001525,Procedente (tribunal pleno),FNT-000046
FAS-002030,PRC-001418,2026-04-22,extincao_punibilidade,INS-001525,Declarada a extinção da punibilidade (monocrática),FNT-000046
FAS-002031,PRC-001419,2026-05-25,acordao_tribunal_superior,INS-001525,Procedente (tribunal pleno),FNT-000046
FAS-002032,PRC-001420,2025-07-28,extincao_punibilidade,INS-001525,Declarada a extinção da punibilidade (monocrática),FNT-000046
FAS-002033,PRC-001421,2024-12-16,acordao_tribunal_superior,INS-001525,Procedente (tribunal pleno),FNT-000046
FAS-002034,PRC-001422,2025-09-23,extincao_punibilidade,INS-001525,Declarada a extinção da punibilidade (monocrática),FNT-000046
FAS-002035,PRC-001423,2025-12-03,extincao_punibilidade,INS-001525,Declarada a extinção da punibilidade (monocrática),FNT-000046
FAS-002036,PRC-001425,2025-10-09,extincao_punibilidade,INS-001525,Declarada a extinção da punibilidade (monocrática),FNT-000046
FAS-002037,PRC-001427,2026-05-25,acordao_tribunal_superior,INS-001525,Procedente (tribunal pleno),FNT-000046
FAS-002038,PRC-001429,2025-06-16,recebimento_denuncia,INS-001525,Recebida denúncia (tribunal pleno),FNT-000046
FAS-002039,PRC-001430,2025-11-26,acordao_tribunal_superior,INS-001525,Procedente (tribunal pleno),FNT-000046
FAS-002040,PRC-001432,2025-11-12,extincao_punibilidade,INS-001525,Declarada a extinção da punibilidade (monocrática),FNT-000046
FAS-002041,PRC-001433,2024-09-03,extincao_punibilidade,INS-001525,Declarada a extinção da punibilidade (monocrática),FNT-000046
FAS-002042,PRC-001434,2025-05-07,extincao_punibilidade,INS-001525,Declarada a extinção da punibilidade (monocrática),FNT-000046
FAS-002043,PRC-001435,2026-05-25,acordao_tribunal_superior,INS-001525,Procedente (tribunal pleno),FNT-000046
FAS-002044,PRC-001436,2026-01-29,extincao_punibilidade,INS-001525,Declarada a extinção da punibilidade (monocrática),FNT-000046
FAS-002045,PRC-001437,2026-03-09,recebimento_denuncia,INS-001525,Recebida denúncia (1ª turma),FNT-000046
FAS-002046,PRC-001439,2025-12-22,extincao_punibilidade,INS-001525,Declarada a extinção da punibilidade (monocrática),FNT-000046
FAS-002047,PRC-001440,2025-03-05,acordao_tribunal_superior,INS-001525,Procedente (tribunal pleno),FNT-000046
FAS-002048,PRC-001442,2026-02-12,extincao_punibilidade,INS-001525,Declarada a extinção da punibilidade (monocrática),FNT-000046
FAS-002049,PRC-001445,2024-02-26,recebimento_denuncia,INS-001525,Recebida denúncia (tribunal pleno),FNT-000046
FAS-002050,PRC-001445,2026-05-18,acordao_tribunal_superior,INS-001525,Procedente em parte (tribunal pleno),FNT-000046
FAS-002051,PRC-001447,2025-06-09,acordao_tribunal_superior,INS-001525,Procedente (tribunal pleno),FNT-000046
FAS-002052,PRC-001448,2024-12-16,acordao_tribunal_superior,INS-001525,Procedente (tribunal pleno),FNT-000046
FAS-002053,PRC-001450,2025-03-05,acordao_tribunal_superior,INS-001525,Procedente (tribunal pleno),FNT-000046
FAS-002054,PRC-001450,2026-08-28,extincao_punibilidade,INS-001525,Declarada a extinção da punibilidade (monocrática),FNT-000046
FAS-002055,PRC-001451,2025-04-07,recebimento_denuncia,INS-001525,Recebida denúncia (tribunal pleno),FNT-000046
FAS-002056,PRC-001451,2026-08-19,acordao_tribunal_superior,INS-001525,Procedente (tribunal pleno),FNT-000046
FAS-002057,PRC-001452,2026-02-25,recebimento_denuncia,INS-001525,Recebida denúncia (1ª turma),FNT-000046
FAS-002058,PRC-001453,2024-10-28,recebimento_denuncia,INS-001525,Recebida denúncia (tribunal pleno),FNT-000046
FAS-002059,PRC-001453,2026-05-26,acordao_tribunal_superior,INS-001525,Procedente (tribunal pleno),FNT-000046
FAS-002060,PRC-001454,2025-06-16,acordao_tribunal_superior,INS-001525,Procedente (tribunal pleno),FNT-000046
FAS-002061,PRC-001455,2024-11-28,extincao_punibilidade,INS-001525,Declarada a extinção da punibilidade (monocrática),FNT-000046
FAS-002062,PRC-001456,2025-08-06,acordao_tribunal_superior,INS-001525,Procedente (tribunal pleno),FNT-000046
FAS-002063,PRC-001456,2026-08-05,extincao_punibilidade,INS-001525,Declarada a extinção da punibilidade (monocrática),FNT-000046
FAS-002064,PRC-001456,2026-08-25,extincao_punibilidade,INS-001525,Declarada a extinção da punibilidade (monocrática),FNT-000046
FAS-002065,PRC-001458,2025-03-05,acordao_tribunal_superior,INS-001525,Procedente (tribunal pleno),FNT-000046
FAS-002066,PRC-001460,2025-02-24,acordao_tribunal_superior,INS-001525,Procedente (tribunal pleno),FNT-000046
FAS-002067,PRC-001461,2025-08-18,extincao_punibilidade,INS-001525,Declarada a extinção da punibilidade (monocrática),FNT-000046
FAS-002068,PRC-001462,2025-04-30,acordao_tribunal_superior,INS-001525,Procedente (tribunal pleno),FNT-000046
FAS-002069,PRC-001462,2026-01-29,extincao_punibilidade,INS-001525,Declarada a extinção da punibilidade (monocrática),FNT-000046
FAS-002070,PRC-001463,2025-06-16,recebimento_denuncia,INS-001525,Recebida denúncia (tribunal pleno),FNT-000046
FAS-002071,PRC-001464,2025-03-05,acordao_tribunal_superior,INS-001525,Procedente (tribunal pleno),FNT-000046
FAS-002072,PRC-001465,2025-02-24,acordao_tribunal_superior,INS-001525,Procedente (tribunal pleno),FNT-000046
FAS-002073,PRC-001466,2026-05-25,acordao_tribunal_superior,INS-001525,Procedente (tribunal pleno),FNT-000046
FAS-002074,PRC-001467,2025-03-05,acordao_tribunal_superior,INS-001525,Procedente (tribunal pleno),FNT-000046
FAS-002075,PRC-001468,2025-01-23,extincao_punibilidade,INS-001525,Declarada a extinção da punibilidade (monocrática),FNT-000046
FAS-002076,PRC-001469,2025-04-23,extincao_punibilidade,INS-001525,Declarada a extinção da punibilidade (monocrática),FNT-000046
FAS-002077,PRC-001470,2025-05-07,extincao_punibilidade,INS-001525,Declarada a extinção da punibilidade (monocrática),FNT-000046
FAS-002078,PRC-001471,2025-08-20,extincao_punibilidade,INS-001525,Declarada a extinção da punibilidade (monocrática),FNT-000046
FAS-002079,PRC-001472,2025-08-06,acordao_tribunal_superior,INS-001525,Procedente (tribunal pleno),FNT-000046
FAS-002080,PRC-001473,2025-08-06,acordao_tribunal_superior,INS-001525,Procedente (tribunal pleno),FNT-000046
FAS-002081,PRC-001474,2025-08-06,acordao_tribunal_superior,INS-001525,Procedente (tribunal pleno),FNT-000046
FAS-002082,PRC-001476,2025-07-14,extincao_punibilidade,INS-001525,Declarada a extinção da punibilidade (monocrática),FNT-000046
FAS-002083,PRC-001477,2024-11-28,extincao_punibilidade,INS-001525,Declarada a extinção da punibilidade (monocrática),FNT-000046
FAS-002084,PRC-001478,2025-06-02,acordao_tribunal_superior,INS-001525,Procedente (tribunal pleno),FNT-000046
FAS-002085,PRC-001479,2025-03-05,extincao_punibilidade,INS-001525,Declarada a extinção da punibilidade (monocrática),FNT-000046
FAS-002086,PRC-001480,2025-03-05,acordao_tribunal_superior,INS-001525,Procedente (tribunal pleno),FNT-000046
FAS-002087,PRC-001481,2026-05-25,recebimento_denuncia,INS-001525,Recebida denúncia (tribunal pleno),FNT-000046
FAS-002088,PRC-001483,2025-08-06,acordao_tribunal_superior,INS-001525,Procedente (tribunal pleno),FNT-000046
FAS-002089,PRC-001484,2025-10-09,extincao_punibilidade,INS-001525,Declarada a extinção da punibilidade (monocrática),FNT-000046
FAS-002090,PRC-001485,2025-03-26,extincao_punibilidade,INS-001525,Declarada a extinção da punibilidade (monocrática),FNT-000046
FAS-002091,PRC-001486,2025-02-24,acordao_tribunal_superior,INS-001525,Procedente (tribunal pleno),FNT-000046
FAS-002092,PRC-001487,2025-05-13,acordao_tribunal_superior,INS-001525,Procedente (tribunal pleno),FNT-000046
FAS-002093,PRC-001488,2024-11-12,extincao_punibilidade,INS-001525,Declarada a extinção da punibilidade (monocrática),FNT-000046
FAS-002094,PRC-001489,2025-06-09,acordao_tribunal_superior,INS-001525,Procedente (tribunal pleno),FNT-000046
FAS-002095,PRC-001490,2025-09-08,extincao_punibilidade,INS-001525,Declarada a extinção da punibilidade (monocrática),FNT-000046
FAS-002096,PRC-001491,2025-03-05,acordao_tribunal_superior,INS-001525,Procedente (tribunal pleno),FNT-000046
FAS-002097,PRC-001492,2026-07-22,extincao_punibilidade,INS-001525,Declarada a extinção da punibilidade (monocrática),FNT-000046
FAS-002098,PRC-001493,2025-02-24,acordao_tribunal_superior,INS-001525,Procedente (tribunal pleno),FNT-000046
FAS-002099,PRC-001493,2026-02-18,extincao_punibilidade,INS-001525,Declarada a extinção da punibilidade (monocrática),FNT-000046
FAS-002100,PRC-001494,2025-01-09,extincao_punibilidade,INS-001525,Declarada a extinção da punibilidade (monocrática),FNT-000046
FAS-002101,PRC-001498,2026-01-29,extincao_punibilidade,INS-001525,Declarada a extinção da punibilidade (monocrática),FNT-000046
FAS-002102,PRC-001500,2024-02-26,recebimento_denuncia,INS-001525,Recebida denúncia (tribunal pleno),FNT-000046
FAS-002103,PRC-001500,2025-07-29,acordao_tribunal_superior,INS-001525,Procedente (tribunal pleno),FNT-000046
FAS-002104,PRC-001501,2026-05-25,acordao_tribunal_superior,INS-001525,Procedente (tribunal pleno),FNT-000046
FAS-002105,PRC-001505,2025-08-06,acordao_tribunal_superior,INS-001525,Procedente (tribunal pleno),FNT-000046
FAS-002106,PRC-001507,2025-10-13,extincao_punibilidade,INS-001525,Declarada a extinção da punibilidade (monocrática),FNT-000046
FAS-002107,PRC-001508,2026-03-10,extincao_punibilidade,INS-001525,Declarada a extinção da punibilidade (monocrática),FNT-000046
FAS-002108,PRC-001511,2025-03-05,acordao_tribunal_superior,INS-001525,Procedente (tribunal pleno),FNT-000046
FAS-002109,PRC-001511,2025-10-13,extincao_punibilidade,INS-001525,Declarada a extinção da punibilidade (monocrática),FNT-000046
FAS-002110,PRC-001511,2026-07-28,extincao_punibilidade,INS-001525,Declarada a extinção da punibilidade (monocrática),FNT-000046
FAS-002111,PRC-001512,2026-02-27,extincao_punibilidade,INS-001525,Declarada a extinção da punibilidade (monocrática),FNT-000046
FAS-002112,PRC-001513,2025-07-16,extincao_punibilidade,INS-001525,Declarada a extinção da punibilidade (monocrática),FNT-000046
FAS-002113,PRC-001513,2025-07-16,acordao_tribunal_superior,INS-001525,Procedente (monocrática),FNT-000046
FAS-002114,PRC-001514,2025-08-18,extincao_punibilidade,INS-001525,Declarada a extinção da punibilidade (monocrática),FNT-000046
FAS-002115,PRC-001515,2026-05-25,acordao_tribunal_superior,INS-001525,Procedente (tribunal pleno),FNT-000046
FAS-002116,PRC-001516,2025-01-28,extincao_punibilidade,INS-001525,Declarada a extinção da punibilidade (monocrática),FNT-000046
FAS-002117,PRC-001517,2025-06-09,acordao_tribunal_superior,INS-001525,Procedente (tribunal pleno),FNT-000046
FAS-002118,PRC-001518,2025-06-16,recebimento_denuncia,INS-001525,Recebida denúncia (tribunal pleno),FNT-000046
FAS-002119,PRC-001518,2026-09-08,acordao_tribunal_superior,INS-001525,Procedente (tribunal pleno),FNT-000046
FAS-002120,PRC-001519,2025-03-05,acordao_tribunal_superior,INS-001525,Procedente (tribunal pleno),FNT-000046
FAS-002121,PRC-001519,2026-03-12,extincao_punibilidade,INS-001525,Declarada a extinção da punibilidade (monocrática),FNT-000046
FAS-002122,PRC-001520,2026-04-29,extincao_punibilidade,INS-001525,Declarada a extinção da punibilidade (monocrática),FNT-000046
FAS-002123,PRC-001521,2026-05-25,acordao_tribunal_superior,INS-001525,Procedente (tribunal pleno),FNT-000046
FAS-002124,PRC-001522,2025-06-02,acordao_tribunal_superior,INS-001525,Procedente (tribunal pleno),FNT-000046
FAS-002125,PRC-001524,2024-02-26,recebimento_denuncia,INS-001525,Recebida denúncia (tribunal pleno),FNT-000046
FAS-002126,PRC-001524,2025-07-29,acordao_tribunal_superior,INS-001525,Procedente (tribunal pleno),FNT-000046
FAS-002127,PRC-001525,2026-04-29,extincao_punibilidade,INS-001525,Declarada a extinção da punibilidade (monocrática),FNT-000046
FAS-002128,PRC-001526,2025-08-06,acordao_tribunal_superior,INS-001525,Procedente (tribunal pleno),FNT-000046
FAS-002129,PRC-001528,2024-10-28,acordao_tribunal_superior,INS-001525,Procedente (tribunal pleno),FNT-000046
FAS-002130,PRC-001528,2026-08-25,extincao_punibilidade,INS-001525,Declarada a extinção da punibilidade (monocrática),FNT-000046
FAS-002131,PRC-001529,2025-06-03,acordao_tribunal_superior,INS-001525,Procedente (tribunal pleno),FNT-000046
FAS-002132,PRC-001531,2024-08-30,acordao_tribunal_superior,INS-001525,Improcedente (monocrática),FNT-000046
FAS-002133,PRC-001532,2025-02-04,acordao_tribunal_superior,INS-001525,Procedente (tribunal pleno),FNT-000046
FAS-002134,PRC-001533,2024-07-01,acordao_tribunal_superior,INS-001525,Procedente (tribunal pleno),FNT-000046
FAS-002135,PRC-001534,2025-02-04,acordao_tribunal_superior,INS-001525,Procedente (tribunal pleno),FNT-000046
FAS-002136,PRC-001536,2024-04-29,acordao_tribunal_superior,INS-001525,Procedente (tribunal pleno),FNT-000046
FAS-002137,PRC-001538,2024-04-29,acordao_tribunal_superior,INS-001525,Procedente (tribunal pleno),FNT-000046
FAS-002138,PRC-001539,2025-03-17,recebimento_denuncia,INS-001525,Recebida denúncia (tribunal pleno),FNT-000046
FAS-002139,PRC-001539,2025-07-21,acordao_tribunal_superior,INS-001525,Procedente (monocrática),FNT-000046
FAS-002140,PRC-001540,2024-08-12,acordao_tribunal_superior,INS-001525,Procedente (tribunal pleno),FNT-000046
FAS-002141,PRC-001541,2025-11-26,extincao_punibilidade,INS-001525,Declarada a extinção da punibilidade (monocrática),FNT-000046
FAS-002142,PRC-001542,2024-10-28,recebimento_denuncia,INS-001525,Recebida denúncia (tribunal pleno),FNT-000046
FAS-002143,PRC-001542,2026-05-26,acordao_tribunal_superior,INS-001525,Procedente (tribunal pleno),FNT-000046
FAS-002144,PRC-001543,2026-05-25,acordao_tribunal_superior,INS-001525,Procedente (tribunal pleno),FNT-000046
FAS-002145,PRC-001544,2024-06-17,recebimento_denuncia,INS-001525,Recebida denúncia (tribunal pleno),FNT-000046
FAS-002146,PRC-001544,2025-11-26,acordao_tribunal_superior,INS-001525,Procedente (tribunal pleno),FNT-000046
FAS-002147,PRC-001546,2025-03-05,acordao_tribunal_superior,INS-001525,Procedente (tribunal pleno),FNT-000046
FAS-002148,PRC-001547,2024-12-16,acordao_tribunal_superior,INS-001525,Procedente (tribunal pleno),FNT-000046
FAS-002149,PRC-001550,2024-12-16,acordao_tribunal_superior,INS-001525,Procedente (tribunal pleno),FNT-000046
FAS-002150,PRC-001552,2025-06-02,extincao_punibilidade,INS-001525,Declarada a extinção da punibilidade (monocrática),FNT-000046
FAS-002151,PRC-001554,2026-09-08,acordao_tribunal_superior,INS-001525,Procedente (tribunal pleno),FNT-000046
FAS-002152,PRC-001556,2026-02-06,extincao_punibilidade,INS-001525,Declarada a extinção da punibilidade (monocrática),FNT-000046
FAS-002153,PRC-001557,2026-06-30,acordao_tribunal_superior,INS-001525,Procedente (tribunal pleno),FNT-000046
FAS-002154,PRC-001560,2024-12-16,acordao_tribunal_superior,INS-001525,Procedente (tribunal pleno),FNT-000046
FAS-002155,PRC-001561,2024-10-17,extincao_punibilidade,INS-001525,Declarada a extinção da punibilidade (monocrática),FNT-000046
FAS-002156,PRC-001562,2026-02-12,extincao_punibilidade,INS-001525,Declarada a extinção da punibilidade (monocrática),FNT-000046
FAS-002157,PRC-001563,2025-05-28,extincao_punibilidade,INS-001525,Declarada a extinção da punibilidade (monocrática),FNT-000046
FAS-002158,PRC-001565,2026-08-25,acordao_tribunal_superior,INS-001525,Procedente (monocrática),FNT-000046
FAS-002159,PRC-001565,2026-09-04,extincao_punibilidade,INS-001525,Declarada a extinção da punibilidade (monocrática),FNT-000046
FAS-002160,PRC-001566,2025-03-24,acordao_tribunal_superior,INS-001525,Procedente (tribunal pleno),FNT-000046
FAS-002161,PRC-001567,2024-08-30,extincao_punibilidade,INS-001525,Declarada a extinção da punibilidade (monocrática),FNT-000046
FAS-002162,PRC-001568,2025-11-26,acordao_tribunal_superior,INS-001525,Procedente (tribunal pleno),FNT-000046
FAS-002163,PRC-001569,2025-08-06,acordao_tribunal_superior,INS-001525,Procedente (tribunal pleno),FNT-000046
FAS-002164,PRC-001570,2026-02-06,extincao_punibilidade,INS-001525,Declarada a extinção da punibilidade (monocrática),FNT-000046
FAS-002165,PRC-001572,2025-09-26,extincao_punibilidade,INS-001525,Declarada a extinção da punibilidade (monocrática),FNT-000046
FAS-002166,PRC-001573,2024-10-21,acordao_tribunal_superior,INS-001525,Procedente (tribunal pleno),FNT-000046
FAS-002167,PRC-001573,2025-07-09,extincao_punibilidade,INS-001525,Declarada a extinção da punibilidade (monocrática),FNT-000046
FAS-002168,PRC-001574,2025-05-13,acordao_tribunal_superior,INS-001525,Procedente (tribunal pleno),FNT-000046
FAS-002169,PRC-001575,2025-08-04,extincao_punibilidade,INS-001525,Declarada a extinção da punibilidade (monocrática),FNT-000046
FAS-002170,PRC-001576,2026-08-20,extincao_punibilidade,INS-001525,Declarada a extinção da punibilidade (monocrática),FNT-000046
FAS-002171,PRC-001577,2025-05-13,acordao_tribunal_superior,INS-001525,Procedente (tribunal pleno),FNT-000046
FAS-002172,PRC-001578,2026-05-25,acordao_tribunal_superior,INS-001525,Procedente (tribunal pleno),FNT-000046
FAS-002173,PRC-001579,2026-08-06,acordao_tribunal_superior,INS-001525,Procedente (tribunal pleno),FNT-000046
FAS-002174,PRC-001580,2025-02-24,acordao_tribunal_superior,INS-001525,Procedente (tribunal pleno),FNT-000046
FAS-002175,PRC-001581,2025-07-29,extincao_punibilidade,INS-001525,Declarada a extinção da punibilidade (monocrática),FNT-000046
FAS-002176,PRC-001583,2025-10-30,extincao_punibilidade,INS-001525,Declarada a extinção da punibilidade (monocrática),FNT-000046
FAS-002177,PRC-001584,2026-04-28,extincao_punibilidade,INS-001525,Declarada a extinção da punibilidade (monocrática),FNT-000046
FAS-002178,PRC-001588,2025-05-13,acordao_tribunal_superior,INS-001525,Procedente (tribunal pleno),FNT-000046
FAS-002179,PRC-001591,2026-04-16,extincao_punibilidade,INS-001525,Declarada a extinção da punibilidade (monocrática),FNT-000046
FAS-002180,PRC-001595,2025-08-06,acordao_tribunal_superior,INS-001525,Procedente (tribunal pleno),FNT-000046
FAS-002181,PRC-001596,2025-01-09,extincao_punibilidade,INS-001525,Declarada a extinção da punibilidade (monocrática),FNT-000046
FAS-002182,PRC-001598,2025-03-26,extincao_punibilidade,INS-001525,Declarada a extinção da punibilidade (monocrática),FNT-000046
FAS-002183,PRC-001599,2025-08-08,extincao_punibilidade,INS-001525,Declarada a extinção da punibilidade (monocrática),FNT-000046
FAS-002184,PRC-001600,2024-08-26,recebimento_denuncia,INS-001525,Recebida denúncia (tribunal pleno),FNT-000046
FAS-002185,PRC-001600,2026-05-26,acordao_tribunal_superior,INS-001525,Procedente (tribunal pleno),FNT-000046
FAS-002186,PRC-001601,2025-10-24,extincao_punibilidade,INS-001525,Declarada a extinção da punibilidade (monocrática),FNT-000046
FAS-002187,PRC-001603,2026-08-27,extincao_punibilidade,INS-001525,Declarada a extinção da punibilidade (monocrática),FNT-000046
FAS-002188,PRC-001604,2025-08-28,extincao_punibilidade,INS-001525,Declarada a extinção da punibilidade (monocrática),FNT-000046
FAS-002189,PRC-001606,2024-07-01,acordao_tribunal_superior,INS-001525,Procedente (tribunal pleno),FNT-000046
FAS-002190,PRC-001607,2024-09-30,acordao_tribunal_superior,INS-001525,Procedente (tribunal pleno),FNT-000046
FAS-002191,PRC-001608,2024-08-19,recebimento_denuncia,INS-001525,Recebida denúncia (tribunal pleno),FNT-000046
FAS-002192,PRC-001608,2025-11-26,acordao_tribunal_superior,INS-001525,Procedente (tribunal pleno),FNT-000046
FAS-002193,PRC-001609,2025-07-17,acordao_tribunal_superior,INS-001525,Improcedente (monocrática),FNT-000046
FAS-002194,PRC-001611,2026-09-08,acordao_tribunal_superior,INS-001525,Procedente (tribunal pleno),FNT-000046
FAS-002195,PRC-001612,2025-05-07,acordao_tribunal_superior,INS-001525,Procedente (tribunal pleno),FNT-000046
FAS-002196,PRC-001615,2025-01-09,extincao_punibilidade,INS-001525,Declarada a extinção da punibilidade (monocrática),FNT-000046
FAS-002197,PRC-001616,2025-08-25,acordao_tribunal_superior,INS-001525,Procedente (tribunal pleno),FNT-000046
FAS-002198,PRC-001617,2025-07-04,acordao_tribunal_superior,INS-001525,Procedente (monocrática),FNT-000046
FAS-002199,PRC-001617,2025-07-23,acordao_tribunal_superior,INS-001525,Procedente (monocrática),FNT-000046
FAS-002200,PRC-001617,2025-12-09,acordao_tribunal_superior,INS-001525,Procedente em parte (1ª turma),FNT-000046
FAS-002201,PRC-001619,2025-02-17,acordao_tribunal_superior,INS-001525,Procedente (1ª turma),FNT-000046
FAS-002202,PRC-001620,2025-02-17,acordao_tribunal_superior,INS-001525,Procedente (1ª turma),FNT-000046
FAS-002203,PRC-001621,2025-03-05,acordao_tribunal_superior,INS-001525,Procedente (1ª turma),FNT-000046
FAS-002204,PRC-001622,2025-07-01,acordao_tribunal_superior,INS-001525,Procedente (1ª turma),FNT-000046
FAS-002205,PRC-001623,2025-08-06,acordao_tribunal_superior,INS-001525,Procedente (1ª turma),FNT-000046
FAS-002206,PRC-001624,2025-02-24,acordao_tribunal_superior,INS-001525,Procedente (1ª turma),FNT-000046
FAS-002207,PRC-001625,2026-05-25,acordao_tribunal_superior,INS-001525,Procedente (tribunal pleno),FNT-000046
FAS-002208,PRC-001626,2025-06-16,acordao_tribunal_superior,INS-001525,Procedente (tribunal pleno),FNT-000046
FAS-002209,PRC-001627,2025-05-19,acordao_tribunal_superior,INS-001525,Procedente (1ª turma),FNT-000046
FAS-002210,PRC-001628,2025-02-17,acordao_tribunal_superior,INS-001525,Procedente (1ª turma),FNT-000046
FAS-002211,PRC-001629,2025-12-02,acordao_tribunal_superior,INS-001525,Procedente (1ª turma),FNT-000046
FAS-002212,PRC-001630,2025-10-20,acordao_tribunal_superior,INS-001525,Procedente (1ª turma),FNT-000046
FAS-002213,PRC-001631,2025-12-09,acordao_tribunal_superior,INS-001525,Procedente (1ª turma),FNT-000046
FAS-002214,PRC-001633,2026-03-02,acordao_tribunal_superior,INS-001525,Procedente em parte (1ª turma),FNT-000046
FAS-002215,PRC-001633,2026-03-14,acordao_tribunal_superior,INS-001525,Procedente (monocrática),FNT-000046
FAS-002216,PRC-001633,2026-03-14,acordao_tribunal_superior,INS-001525,Procedente (monocrática),FNT-000046
FAS-002217,PRC-001634,2025-12-09,acordao_tribunal_superior,INS-001525,Procedente (1ª turma),FNT-000046
FAS-002218,PRC-001635,2025-12-09,acordao_tribunal_superior,INS-001525,Procedente (1ª turma),FNT-000046
FAS-002219,PRC-001636,2025-02-17,acordao_tribunal_superior,INS-001525,Procedente (1ª turma),FNT-000046
FAS-002220,PRC-001637,2024-12-16,acordao_tribunal_superior,INS-001525,Procedente (1ª turma),FNT-000046
FAS-002221,PRC-001639,2025-08-06,acordao_tribunal_superior,INS-001525,Procedente (1ª turma),FNT-000046
FAS-002222,PRC-001640,2025-07-01,acordao_tribunal_superior,INS-001525,Procedente (1ª turma),FNT-000046
FAS-002223,PRC-001641,2024-12-09,acordao_tribunal_superior,INS-001525,Procedente (1ª turma),FNT-000046
FAS-002224,PRC-001643,2025-11-26,acordao_tribunal_superior,INS-001525,Procedente (1ª turma),FNT-000046
FAS-002225,PRC-001644,2025-11-26,acordao_tribunal_superior,INS-001525,Procedente (1ª turma),FNT-000046
FAS-002226,PRC-001645,2025-03-05,acordao_tribunal_superior,INS-001525,Procedente (1ª turma),FNT-000046
FAS-002227,PRC-001646,2025-06-25,acordao_tribunal_superior,INS-001525,Procedente (1ª turma),FNT-000046
FAS-002228,PRC-001647,2025-07-01,acordao_tribunal_superior,INS-001525,Procedente (1ª turma),FNT-000046
FAS-002229,PRC-001648,2025-10-20,acordao_tribunal_superior,INS-001525,Procedente (1ª turma),FNT-000046
FAS-002230,PRC-001649,2025-03-24,acordao_tribunal_superior,INS-001525,Procedente (1ª turma),FNT-000046
FAS-002231,PRC-001650,2025-08-06,acordao_tribunal_superior,INS-001525,Procedente (1ª turma),FNT-000046
FAS-002232,PRC-001652,2025-07-01,acordao_tribunal_superior,INS-001525,Procedente (1ª turma),FNT-000046
FAS-002233,PRC-001653,2025-03-17,acordao_tribunal_superior,INS-001525,Procedente (1ª turma),FNT-000046
FAS-002234,PRC-001654,2025-03-17,acordao_tribunal_superior,INS-001525,Procedente (1ª turma),FNT-000046
FAS-002235,PRC-001655,2026-04-06,extincao_punibilidade,INS-001525,Declarada a extinção da punibilidade (monocrática),FNT-000046
FAS-002236,PRC-001656,2025-08-05,extincao_punibilidade,INS-001525,Declarada a extinção da punibilidade (monocrática),FNT-000046
FAS-002237,PRC-001657,2026-02-06,extincao_punibilidade,INS-001525,Declarada a extinção da punibilidade (monocrática),FNT-000046
FAS-002238,PRC-001658,2025-03-05,acordao_tribunal_superior,INS-001525,Procedente (1ª turma),FNT-000046
FAS-002239,PRC-001660,2025-04-07,acordao_tribunal_superior,INS-001525,Procedente (1ª turma),FNT-000046
FAS-002240,PRC-001661,2025-10-13,extincao_punibilidade,INS-001525,Declarada a extinção da punibilidade (monocrática),FNT-000046
FAS-002241,PRC-001663,2025-03-05,acordao_tribunal_superior,INS-001525,Procedente (1ª turma),FNT-000046
FAS-002242,PRC-001665,2026-02-27,extincao_punibilidade,INS-001525,Declarada a extinção da punibilidade (monocrática),FNT-000046
FAS-002243,PRC-001666,2025-03-05,acordao_tribunal_superior,INS-001525,Procedente (1ª turma),FNT-000046
FAS-002244,PRC-001667,2025-02-24,acordao_tribunal_superior,INS-001525,Procedente (1ª turma),FNT-000046
FAS-002245,PRC-001669,2025-01-15,acordao_tribunal_superior,INS-001525,Improcedente (monocrática),FNT-000046
FAS-002246,PRC-001670,2025-06-16,acordao_tribunal_superior,INS-001525,Procedente (1ª turma),FNT-000046
FAS-002247,PRC-001671,2025-03-05,acordao_tribunal_superior,INS-001525,Procedente (1ª turma),FNT-000046
FAS-002248,PRC-001671,2026-02-06,extincao_punibilidade,INS-001525,Declarada a extinção da punibilidade (monocrática),FNT-000046
FAS-002249,PRC-001672,2025-12-03,extincao_punibilidade,INS-001525,Declarada a extinção da punibilidade (monocrática),FNT-000046
FAS-002250,PRC-001674,2025-03-05,acordao_tribunal_superior,INS-001525,Procedente (1ª turma),FNT-000046
FAS-002251,PRC-001675,2025-06-25,acordao_tribunal_superior,INS-001525,Procedente (1ª turma),FNT-000046
FAS-002252,PRC-001677,2025-04-07,acordao_tribunal_superior,INS-001525,Procedente (1ª turma),FNT-000046
FAS-002253,PRC-001678,2025-02-24,acordao_tribunal_superior,INS-001525,Procedente (1ª turma),FNT-000046
FAS-002254,PRC-001679,2025-11-03,extincao_punibilidade,INS-001525,Declarada a extinção da punibilidade (monocrática),FNT-000046
FAS-002255,PRC-001680,2025-08-18,extincao_punibilidade,INS-001525,Declarada a extinção da punibilidade (monocrática),FNT-000046
FAS-002256,PRC-001681,2025-06-16,acordao_tribunal_superior,INS-001525,Procedente (1ª turma),FNT-000046
FAS-002257,PRC-001682,2025-03-05,acordao_tribunal_superior,INS-001525,Procedente (1ª turma),FNT-000046
FAS-002258,PRC-001683,2025-06-09,extincao_punibilidade,INS-001525,Declarada a extinção da punibilidade (monocrática),FNT-000046
FAS-002259,PRC-001684,2025-08-06,acordao_tribunal_superior,INS-001525,Procedente (1ª turma),FNT-000046
FAS-002260,PRC-001685,2026-05-25,recebimento_denuncia,INS-001525,Recebida denúncia (tribunal pleno),FNT-000046
FAS-002261,PRC-001686,2025-06-11,extincao_punibilidade,INS-001525,Declarada a extinção da punibilidade (monocrática),FNT-000046
FAS-002262,PRC-001687,2025-08-28,extincao_punibilidade,INS-001525,Declarada a extinção da punibilidade (monocrática),FNT-000046
FAS-002263,PRC-001688,2025-10-06,extincao_punibilidade,INS-001525,Declarada a extinção da punibilidade (monocrática),FNT-000046
FAS-002264,PRC-001689,2025-08-04,extincao_punibilidade,INS-001525,Declarada a extinção da punibilidade (monocrática),FNT-000046
FAS-002265,PRC-001690,2025-03-05,acordao_tribunal_superior,INS-001525,Procedente (1ª turma),FNT-000046
FAS-002266,PRC-001692,2024-12-16,acordao_tribunal_superior,INS-001525,Procedente (tribunal pleno),FNT-000046
FAS-002267,PRC-001693,2025-12-02,acordao_tribunal_superior,INS-001525,Procedente (1ª turma),FNT-000046
FAS-002268,PRC-001695,2025-03-05,acordao_tribunal_superior,INS-001525,Procedente (1ª turma),FNT-000046
FAS-002269,PRC-001696,2025-06-25,acordao_tribunal_superior,INS-001525,Procedente (1ª turma),FNT-000046
FAS-002270,PRC-001697,2025-02-24,acordao_tribunal_superior,INS-001525,Procedente (1ª turma),FNT-000046
FAS-002271,PRC-001698,2025-09-25,extincao_punibilidade,INS-001525,Declarada a extinção da punibilidade (monocrática),FNT-000046
FAS-002272,PRC-001698,2025-11-05,extincao_punibilidade,INS-001525,Declarada a extinção da punibilidade (monocrática),FNT-000046
FAS-002273,PRC-001699,2025-12-02,acordao_tribunal_superior,INS-001525,Procedente (1ª turma),FNT-000046
FAS-002274,PRC-001700,2025-12-02,acordao_tribunal_superior,INS-001525,Procedente (1ª turma),FNT-000046
FAS-002275,PRC-001701,2024-12-04,extincao_punibilidade,INS-001525,Declarada a extinção da punibilidade (monocrática),FNT-000046
FAS-002276,PRC-001702,2025-08-06,acordao_tribunal_superior,INS-001525,Procedente (1ª turma),FNT-000046
FAS-002277,PRC-001703,2025-12-02,acordao_tribunal_superior,INS-001525,Procedente (1ª turma),FNT-000046
FAS-002278,PRC-001704,2026-05-15,extincao_punibilidade,INS-001525,Declarada a extinção da punibilidade (monocrática),FNT-000046
FAS-002279,PRC-001704,2026-08-25,extincao_punibilidade,INS-001525,Declarada a extinção da punibilidade (monocrática),FNT-000046
FAS-002280,PRC-001705,2025-10-20,acordao_tribunal_superior,INS-001525,Procedente (1ª turma),FNT-000046
FAS-002281,PRC-001706,2025-06-25,acordao_tribunal_superior,INS-001525,Procedente (1ª turma),FNT-000046
FAS-002282,PRC-001707,2025-05-07,acordao_tribunal_superior,INS-001525,Procedente (1ª turma),FNT-000046
FAS-002283,PRC-001708,2026-02-09,acordao_tribunal_superior,INS-001525,Procedente em parte (1ª turma),FNT-000046
FAS-002284,PRC-001708,2026-08-17,extincao_punibilidade,INS-001525,Declarada a extinção da punibilidade (monocrática),FNT-000046
FAS-002285,PRC-001709,2025-11-26,acordao_tribunal_superior,INS-001525,Procedente (1ª turma),FNT-000046
FAS-002286,PRC-001710,2025-03-05,acordao_tribunal_superior,INS-001525,Procedente (1ª turma),FNT-000046
FAS-002287,PRC-001711,2025-09-29,acordao_tribunal_superior,INS-001525,Procedente (monocrática),FNT-000046
FAS-002288,PRC-001711,2025-10-24,acordao_tribunal_superior,INS-001525,Procedente (monocrática),FNT-000046
FAS-002289,PRC-001711,2025-11-26,acordao_tribunal_superior,INS-001525,Procedente (monocrática),FNT-000046
FAS-002290,PRC-001711,2025-12-09,acordao_tribunal_superior,INS-001525,Procedente (1ª turma),FNT-000046
FAS-002291,PRC-001712,2025-08-06,extincao_punibilidade,INS-001525,Declarada a extinção da punibilidade (monocrática),FNT-000046
FAS-002292,PRC-001713,2025-08-06,acordao_tribunal_superior,INS-001525,Procedente (1ª turma),FNT-000046
FAS-002293,PRC-001714,2025-06-16,acordao_tribunal_superior,INS-001525,Procedente (1ª turma),FNT-000046
FAS-002294,PRC-001717,2025-12-09,acordao_tribunal_superior,INS-001525,Procedente (1ª turma),FNT-000046
FAS-002295,PRC-001718,2025-03-05,acordao_tribunal_superior,INS-001525,Procedente (1ª turma),FNT-000046
FAS-002296,PRC-001719,2025-06-25,acordao_tribunal_superior,INS-001525,Procedente (1ª turma),FNT-000046
FAS-002297,PRC-001720,2026-03-02,acordao_tribunal_superior,INS-001525,Procedente (1ª turma),FNT-000046
FAS-002298,PRC-001721,2025-08-06,acordao_tribunal_superior,INS-001525,Procedente (1ª turma),FNT-000046
FAS-002299,PRC-001723,2025-03-05,acordao_tribunal_superior,INS-001525,Procedente (1ª turma),FNT-000046
FAS-002300,PRC-001724,2026-02-12,extincao_punibilidade,INS-001525,Declarada a extinção da punibilidade (monocrática),FNT-000046
FAS-002301,PRC-001727,2025-03-05,acordao_tribunal_superior,INS-001525,Procedente (1ª turma),FNT-000046
FAS-002302,PRC-001728,2025-06-25,acordao_tribunal_superior,INS-001525,Procedente (1ª turma),FNT-000046
FAS-002303,PRC-001730,2025-12-02,acordao_tribunal_superior,INS-001525,Procedente (1ª turma),FNT-000046
FAS-002304,PRC-001731,2026-05-18,acordao_tribunal_superior,INS-001525,Procedente em parte (tribunal pleno),FNT-000046
FAS-002305,PRC-001733,2025-11-26,acordao_tribunal_superior,INS-001525,Procedente (1ª turma),FNT-000046
FAS-002306,PRC-001734,2025-11-28,acordao_tribunal_superior,INS-001525,Procedente (1ª turma),FNT-000046
FAS-002307,PRC-001735,2025-06-25,acordao_tribunal_superior,INS-001525,Procedente (1ª turma),FNT-000046
FAS-002308,PRC-001735,2025-07-04,acordao_tribunal_superior,INS-001525,Procedente (monocrática),FNT-000046
FAS-002309,PRC-001738,2025-03-07,extincao_punibilidade,INS-001525,Declarada a extinção da punibilidade (monocrática),FNT-000046
FAS-002310,PRC-001739,2025-02-24,acordao_tribunal_superior,INS-001525,Procedente (1ª turma),FNT-000046
FAS-002311,PRC-001740,2025-07-01,acordao_tribunal_superior,INS-001525,Procedente (1ª turma),FNT-000046
FAS-002312,PRC-001741,2025-06-16,acordao_tribunal_superior,INS-001525,Procedente (1ª turma),FNT-000046
FAS-002313,PRC-001744,2025-03-17,acordao_tribunal_superior,INS-001525,Procedente (1ª turma),FNT-000046
FAS-002314,PRC-001745,2025-12-02,acordao_tribunal_superior,INS-001525,Procedente (1ª turma),FNT-000046
FAS-002315,PRC-001746,2025-06-25,acordao_tribunal_superior,INS-001525,Procedente (1ª turma),FNT-000046
FAS-002316,PRC-001747,2025-06-25,acordao_tribunal_superior,INS-001525,Procedente (1ª turma),FNT-000046
FAS-002317,PRC-001748,2025-11-26,acordao_tribunal_superior,INS-001525,Procedente (1ª turma),FNT-000046
FAS-002318,PRC-001749,2025-02-24,acordao_tribunal_superior,INS-001525,Procedente (1ª turma),FNT-000046
FAS-002319,PRC-001750,2025-03-05,acordao_tribunal_superior,INS-001525,Procedente (1ª turma),FNT-000046
FAS-002320,PRC-001752,2025-10-20,acordao_tribunal_superior,INS-001525,Procedente (1ª turma),FNT-000046
FAS-002321,PRC-001754,2025-11-26,acordao_tribunal_superior,INS-001525,Procedente (1ª turma),FNT-000046
FAS-002322,PRC-001757,2025-03-05,acordao_tribunal_superior,INS-001525,Procedente (1ª turma),FNT-000046
FAS-002323,PRC-001758,2025-11-26,acordao_tribunal_superior,INS-001525,Procedente (1ª turma),FNT-000046
FAS-002324,PRC-001759,2025-02-24,acordao_tribunal_superior,INS-001525,Procedente (1ª turma),FNT-000046
FAS-002325,PRC-001760,2026-05-20,extincao_punibilidade,INS-001525,Declarada a extinção da punibilidade (monocrática),FNT-000046
FAS-002326,PRC-001761,2025-06-25,acordao_tribunal_superior,INS-001525,Procedente (1ª turma),FNT-000046
FAS-002327,PRC-001762,2025-12-16,acordao_tribunal_superior,INS-001525,Procedente (1ª turma),FNT-000046
FAS-002328,PRC-001764,2026-08-31,acordao_tribunal_superior,INS-001525,Procedente em parte (1ª turma),FNT-000046
FAS-002329,PRC-001766,2025-05-28,extincao_punibilidade,INS-001525,Declarada a extinção da punibilidade (monocrática),FNT-000046
FAS-002330,PRC-001767,2025-07-01,acordao_tribunal_superior,INS-001525,Procedente (1ª turma),FNT-000046
FAS-002331,PRC-001770,2025-12-22,acordao_tribunal_superior,INS-001525,Procedente (1ª turma),FNT-000046
FAS-002332,PRC-001771,2025-03-17,acordao_tribunal_superior,INS-001525,Procedente (1ª turma),FNT-000046
FAS-002333,PRC-001773,2025-12-16,acordao_tribunal_superior,INS-001525,Procedente (1ª turma),FNT-000046
FAS-002334,PRC-001775,2025-12-02,acordao_tribunal_superior,INS-001525,Procedente em parte (1ª turma),FNT-000046
FAS-002335,PRC-001777,2025-12-16,acordao_tribunal_superior,INS-001525,Procedente (1ª turma),FNT-000046
FAS-002336,PRC-001780,2025-09-10,extincao_punibilidade,INS-001525,Declarada a extinção da punibilidade (monocrática),FNT-000046
FAS-002337,PRC-001781,2025-07-01,acordao_tribunal_superior,INS-001525,Procedente (1ª turma),FNT-000046
FAS-002338,PRC-001783,2025-12-09,acordao_tribunal_superior,INS-001525,Procedente (1ª turma),FNT-000046
FAS-002339,PRC-001784,2025-04-07,acordao_tribunal_superior,INS-001525,Procedente (1ª turma),FNT-000046
FAS-002340,PRC-001785,2025-11-26,acordao_tribunal_superior,INS-001525,Procedente (1ª turma),FNT-000046
FAS-002341,PRC-001787,2025-11-26,acordao_tribunal_superior,INS-001525,Procedente (1ª turma),FNT-000046
FAS-002342,PRC-001789,2025-12-09,acordao_tribunal_superior,INS-001525,Procedente (1ª turma),FNT-000046
FAS-002343,PRC-001792,2025-12-02,acordao_tribunal_superior,INS-001525,Procedente (1ª turma),FNT-000046
FAS-002344,PRC-001794,2025-07-01,acordao_tribunal_superior,INS-001525,Procedente (1ª turma),FNT-000046
FAS-002345,PRC-001795,2025-08-06,acordao_tribunal_superior,INS-001525,Procedente (1ª turma),FNT-000046
FAS-002346,PRC-001797,2026-07-13,extincao_punibilidade,INS-001525,Declarada a extinção da punibilidade (monocrática),FNT-000046
FAS-002347,PRC-001798,2025-12-09,acordao_tribunal_superior,INS-001525,Procedente (1ª turma),FNT-000046
FAS-002348,PRC-001800,2025-10-07,extincao_punibilidade,INS-001525,Declarada a extinção da punibilidade (monocrática),FNT-000046
FAS-002349,PRC-001803,2025-08-06,acordao_tribunal_superior,INS-001525,Procedente (1ª turma),FNT-000046
FAS-002350,PRC-001804,2025-12-09,acordao_tribunal_superior,INS-001525,Procedente (1ª turma),FNT-000046
FAS-002351,PRC-001806,2025-11-26,acordao_tribunal_superior,INS-001525,Procedente (1ª turma),FNT-000046
FAS-002352,PRC-001807,2025-08-18,extincao_punibilidade,INS-001525,Declarada a extinção da punibilidade (monocrática),FNT-000046
FAS-002353,PRC-001809,2025-11-26,acordao_tribunal_superior,INS-001525,Procedente (1ª turma),FNT-000046
FAS-002354,PRC-001810,2025-11-26,acordao_tribunal_superior,INS-001525,Procedente (1ª turma),FNT-000046
FAS-002355,PRC-001811,2026-01-30,extincao_punibilidade,INS-001525,Declarada a extinção da punibilidade (monocrática),FNT-000046
FAS-002356,PRC-001812,2025-12-16,acordao_tribunal_superior,INS-001525,Procedente (1ª turma),FNT-000046
FAS-002357,PRC-001814,2025-12-02,acordao_tribunal_superior,INS-001525,Procedente (1ª turma),FNT-000046
FAS-002358,PRC-001815,2025-12-16,acordao_tribunal_superior,INS-001525,Procedente (1ª turma),FNT-000046
FAS-002359,PRC-001816,2025-06-16,acordao_tribunal_superior,INS-001525,Procedente (1ª turma),FNT-000046
FAS-002360,PRC-001817,2025-12-02,acordao_tribunal_superior,INS-001525,Procedente (1ª turma),FNT-000046
FAS-002361,PRC-001818,2025-11-26,acordao_tribunal_superior,INS-001525,Procedente (1ª turma),FNT-000046
FAS-002362,PRC-001819,2025-07-16,acordao_tribunal_superior,INS-001525,Procedente (monocrática),FNT-000046
FAS-002363,PRC-001819,2025-12-09,acordao_tribunal_superior,INS-001525,Procedente (1ª turma),FNT-000046
FAS-002364,PRC-001820,2025-12-02,acordao_tribunal_superior,INS-001525,Procedente (1ª turma),FNT-000046
FAS-002365,PRC-001822,2025-12-02,acordao_tribunal_superior,INS-001525,Procedente (1ª turma),FNT-000046
FAS-002366,PRC-001823,2025-11-26,acordao_tribunal_superior,INS-001525,Procedente (1ª turma),FNT-000046
FAS-002367,PRC-001825,2025-12-14,acordao_tribunal_superior,INS-001525,Procedente (monocrática),FNT-000046
FAS-002368,PRC-001826,2025-11-26,acordao_tribunal_superior,INS-001525,Procedente (1ª turma),FNT-000046
FAS-002369,PRC-001828,2025-11-26,acordao_tribunal_superior,INS-001525,Procedente (1ª turma),FNT-000046
FAS-002370,PRC-001829,2025-11-26,acordao_tribunal_superior,INS-001525,Procedente (1ª turma),FNT-000046
FAS-002371,PRC-001830,2026-02-25,acordao_tribunal_superior,INS-001525,Procedente (1ª turma),FNT-000046
FAS-002372,PRC-001831,2025-05-30,extincao_punibilidade,INS-001525,Declarada a extinção da punibilidade (monocrática),FNT-000046
FAS-002373,PRC-001834,2025-12-09,acordao_tribunal_superior,INS-001525,Procedente (1ª turma),FNT-000046
FAS-002374,PRC-001836,2025-06-16,acordao_tribunal_superior,INS-001525,Procedente (1ª turma),FNT-000046
FAS-002375,PRC-001837,2025-12-09,acordao_tribunal_superior,INS-001525,Procedente (1ª turma),FNT-000046
FAS-002376,PRC-001839,2025-12-16,acordao_tribunal_superior,INS-001525,Procedente (1ª turma),FNT-000046
FAS-002377,PRC-001840,2025-12-09,acordao_tribunal_superior,INS-001525,Procedente (1ª turma),FNT-000046
FAS-002378,PRC-001841,2025-11-26,acordao_tribunal_superior,INS-001525,Procedente (1ª turma),FNT-000046
FAS-002379,PRC-001842,2025-07-17,acordao_tribunal_superior,INS-001525,Procedente (monocrática),FNT-000046
FAS-002380,PRC-001842,2025-12-02,acordao_tribunal_superior,INS-001525,Procedente (1ª turma),FNT-000046
FAS-002381,PRC-001845,2025-12-16,acordao_tribunal_superior,INS-001525,Procedente (1ª turma),FNT-000046
FAS-002382,PRC-001846,2025-12-16,acordao_tribunal_superior,INS-001525,Procedente (1ª turma),FNT-000046
FAS-002383,PRC-001848,2025-12-16,acordao_tribunal_superior,INS-001525,Procedente (1ª turma),FNT-000046
FAS-002384,PRC-001852,2025-11-26,acordao_tribunal_superior,INS-001525,Procedente (1ª turma),FNT-000046
FAS-002385,PRC-001852,2026-04-27,extincao_punibilidade,INS-001525,Declarada a extinção da punibilidade (monocrática),FNT-000046
FAS-002386,PRC-001854,2025-11-26,acordao_tribunal_superior,INS-001525,Procedente (1ª turma),FNT-000046
FAS-002387,PRC-001855,2025-12-16,acordao_tribunal_superior,INS-001525,Procedente (1ª turma),FNT-000046
FAS-002388,PRC-001856,2025-11-26,acordao_tribunal_superior,INS-001525,Procedente (1ª turma),FNT-000046
FAS-002389,PRC-001858,2025-12-16,acordao_tribunal_superior,INS-001525,Procedente (1ª turma),FNT-000046
FAS-002390,PRC-001861,2025-12-22,acordao_tribunal_superior,INS-001525,Procedente (1ª turma),FNT-000046
FAS-002391,PRC-001862,2026-02-25,acordao_tribunal_superior,INS-001525,Procedente (1ª turma),FNT-000046
FAS-002392,PRC-001866,2025-06-07,acordao_tribunal_superior,INS-001525,Procedente (monocrática),FNT-000046
FAS-002393,PRC-001866,2025-08-08,acordao_tribunal_superior,INS-001525,Procedente (monocrática),FNT-000046
FAS-002394,PRC-001866,2025-08-08,acordao_tribunal_superior,INS-001525,Procedente em parte (monocrática),FNT-000046
FAS-002395,PRC-001866,2025-09-11,acordao_tribunal_superior,INS-001525,Procedente (1ª turma),FNT-000046
FAS-002396,PRC-001867,2026-03-24,acordao_tribunal_superior,INS-001525,Procedente em parte (1ª turma),FNT-000046
FAS-002397,PRC-001868,2025-11-26,acordao_tribunal_superior,INS-001525,Procedente (1ª turma),FNT-000046
FAS-002398,PRC-001869,2025-12-18,extincao_punibilidade,INS-001525,Declarada a extinção da punibilidade (monocrática),FNT-000046
FAS-002399,PRC-001871,2025-09-19,extincao_punibilidade,INS-001525,Declarada a extinção da punibilidade (monocrática),FNT-000046
FAS-002400,PRC-001872,2025-12-16,acordao_tribunal_superior,INS-001525,Procedente (1ª turma),FNT-000046
FAS-002401,PRC-001874,2025-12-16,acordao_tribunal_superior,INS-001525,Procedente em parte (1ª turma),FNT-000046
FAS-002402,PRC-001875,2026-02-25,acordao_tribunal_superior,INS-001525,Procedente (1ª turma),FNT-000046
FAS-002403,PRC-001876,2025-12-09,acordao_tribunal_superior,INS-001525,Procedente (1ª turma),FNT-000046
FAS-002404,PRC-001877,2025-12-16,acordao_tribunal_superior,INS-001525,Procedente (1ª turma),FNT-000046
FAS-002405,PRC-001878,2025-12-09,acordao_tribunal_superior,INS-001525,Procedente (1ª turma),FNT-000046
FAS-002406,PRC-001879,2025-12-16,acordao_tribunal_superior,INS-001525,Procedente em parte (1ª turma),FNT-000046
FAS-002407,PRC-001880,2025-12-16,acordao_tribunal_superior,INS-001525,Procedente em parte (1ª turma),FNT-000046
FAS-002408,PRC-001881,2025-12-09,acordao_tribunal_superior,INS-001525,Procedente (1ª turma),FNT-000046
FAS-002409,PRC-001882,2025-12-16,acordao_tribunal_superior,INS-001525,Procedente (1ª turma),FNT-000046
FAS-002410,PRC-001885,2026-02-25,acordao_tribunal_superior,INS-001525,Procedente (1ª turma),FNT-000046
FAS-002411,PRC-001886,2026-02-25,acordao_tribunal_superior,INS-001525,Procedente (1ª turma),FNT-000046
FAS-002412,PRC-001888,2025-12-08,acordao_tribunal_superior,INS-001525,Improcedente (monocrática),FNT-000046
FAS-002413,PRC-001888,2025-12-16,acordao_tribunal_superior,INS-001525,Procedente em parte (1ª turma),FNT-000046
FAS-002414,PRC-001888,2025-12-27,acordao_tribunal_superior,INS-001525,Procedente (monocrática),FNT-000046
FAS-002415,PRC-001888,2026-02-10,acordao_tribunal_superior,INS-001525,Procedente (monocrática),FNT-000046
FAS-002416,PRC-001889,2025-10-22,acordao_tribunal_superior,INS-001525,Procedente em parte (1ª turma),FNT-000046
FAS-002417,PRC-001890,2025-07-21,acordao_tribunal_superior,INS-001525,Procedente (monocrática),FNT-000046
FAS-002418,PRC-001890,2026-03-25,acordao_tribunal_superior,INS-001525,Procedente (monocrática),FNT-000046
FAS-002419,PRC-001890,2026-04-22,acordao_tribunal_superior,INS-001525,Procedente (1ª turma),FNT-000046
FAS-002420,PRC-001890,2026-07-13,extincao_punibilidade,INS-001525,Declarada a extinção da punibilidade (monocrática),FNT-000046
FAS-002421,PRC-001890,2026-09-14,extincao_punibilidade,INS-001525,Declarada a extinção da punibilidade (monocrática),FNT-000046
FAS-002422,PRC-001891,2025-07-14,acordao_tribunal_superior,INS-001525,Procedente (monocrática),FNT-000046
FAS-002423,PRC-001891,2025-07-17,acordao_tribunal_superior,INS-001525,Procedente (monocrática),FNT-000046
FAS-002424,PRC-001891,2025-07-17,acordao_tribunal_superior,INS-001525,Procedente (monocrática),FNT-000046
FAS-002425,PRC-001891,2025-07-23,acordao_tribunal_superior,INS-001525,Procedente em parte (monocrática),FNT-000046
FAS-002426,PRC-001891,2025-11-18,acordao_tribunal_superior,INS-001525,Procedente em parte (1ª turma),FNT-000046
FAS-002427,PRC-001891,2025-12-14,acordao_tribunal_superior,INS-001525,Improcedente (monocrática),FNT-000046
FAS-002428,PRC-001891,2026-07-31,extincao_punibilidade,INS-001525,Declarada a extinção da punibilidade (monocrática),FNT-000046
FAS-002429,PRC-001891,2026-08-13,extincao_punibilidade,INS-001525,Declarada a extinção da punibilidade (monocrática),FNT-000046
FAS-002430,PRC-001900,2026-03-09,acordao_tribunal_superior,INS-001525,Procedente (1ª turma),FNT-000046
FAS-002431,PRC-001901,2026-04-14,acordao_tribunal_superior,INS-001525,Procedente (1ª turma),FNT-000046
FAS-002432,PRC-001904,2026-09-01,extincao_punibilidade,INS-001525,Declarada a extinção da punibilidade (monocrática),FNT-000046
FAS-002433,PRC-001925,2026-04-16,extincao_punibilidade,INS-001525,Declarada a extinção da punibilidade (monocrática),FNT-000046
FAS-002434,PRC-001944,2026-06-25,extincao_punibilidade,INS-001525,Declarada a extinção da punibilidade (monocrática),FNT-000046
FAS-002435,PRC-001970,2026-06-17,acordao_tribunal_superior,INS-001525,Procedente (1ª turma),FNT-000046
FAS-002436,PRC-001973,2026-06-24,extincao_punibilidade,INS-001525,Declarada a extinção da punibilidade (monocrática),FNT-000046
FAS-002437,PRC-001986,2026-06-26,acordao_tribunal_superior,INS-001525,Procedente (monocrática),FNT-000046
FAS-002438,PRC-001986,2026-07-30,extincao_punibilidade,INS-001525,Declarada a extinção da punibilidade (monocrática),FNT-000046
FAS-002439,PRC-001999,2026-07-20,acordao_tribunal_superior,INS-001525,Improcedente (monocrática),FNT-000046
FAS-002440,PRC-002004,2026-07-20,acordao_tribunal_superior,INS-001525,Procedente (monocrática),FNT-000046
FAS-002441,PRC-002031,2026-07-20,acordao_tribunal_superior,INS-001525,Procedente (monocrática),FNT-000046
FAS-002442,PRC-002036,2026-08-14,acordao_tribunal_superior,INS-001525,Procedente (monocrática),FNT-000046
FAS-002443,PRC-002036,2026-09-07,acordao_tribunal_superior,INS-001525,Procedente (monocrática),FNT-000046
FAS-002444,PRC-005237,2005-10-25,declinio_competencia,INS-001525,DECISÃO DO(A) RELATOR(A) - DECLINANDO DA COMPETÊNCIA (monocrática),FNT-000046
FAS-002445,PRC-002655,2004-11-24,recebimento_denuncia,INS-001525,JULG. DO PLENO - RECEBIDA A DENUNCIA (tribunal pleno),FNT-000046
FAS-002446,PRC-002661,2006-12-19,rejeicao_denuncia,INS-001525,JULGAMENTO DO PLENO - REJEITADA DENUNCIA (tribunal pleno),FNT-000046
FAS-002447,PRC-002662,2008-02-20,extincao_punibilidade,INS-001525,Declarada a extinção da punibilidade (monocrática),FNT-000046
FAS-002448,PRC-002662,2008-05-19,extincao_punibilidade,INS-001525,Declarada a extinção da punibilidade (monocrática),FNT-000046
FAS-002449,PRC-002662,2011-02-11,declinio_competencia,INS-001525,Declinada a competência (monocrática),FNT-000046
FAS-002450,PRC-002670,2003-02-07,extincao_punibilidade,INS-001525,DECISÃO DO(A) RELATOR(A) - EXTINÇÃO DA PUNIBILIDADE (monocrática),FNT-000046
FAS-002451,PRC-002674,2005-11-03,recebimento_denuncia,INS-001525,JULG. DO PLENO - RECEBIDA A DENUNCIA (tribunal pleno),FNT-000046
FAS-002452,PRC-002682,2012-04-24,arquivamento_inquerito,INS-001525,Determinado arquivamento (monocrática),FNT-000046
FAS-002453,PRC-002687,2004-11-18,rejeicao_denuncia,INS-001525,JULGAMENTO DO PLENO - REJEITADA DENUNCIA (tribunal pleno),FNT-000046
FAS-002454,PRC-002713,2005-09-14,rejeicao_denuncia,INS-001525,JULGAMENTO DO PLENO - REJEITADA DENUNCIA (tribunal pleno),FNT-000046
FAS-002455,PRC-002714,2004-10-21,rejeicao_denuncia,INS-001525,JULGAMENTO DO PLENO - REJEITADA DENUNCIA (tribunal pleno),FNT-000046
FAS-002456,PRC-002720,2007-03-28,recebimento_denuncia,INS-001525,JULG. DO PLENO - RECEBIDA A DENUNCIA (tribunal pleno),FNT-000046
FAS-002457,PRC-002722,2003-12-18,rejeicao_denuncia,INS-001525,JULGAMENTO DO PLENO - REJEITADA DENUNCIA (tribunal pleno),FNT-000046
FAS-002458,PRC-002725,2007-03-29,declinio_competencia,INS-001525,DECISÃO DO(A) RELATOR(A) - DECLINANDO DA COMPETÊNCIA (monocrática),FNT-000046
FAS-002459,PRC-002734,2004-04-15,recebimento_denuncia,INS-001525,JULG. DO PLENO - RECEBIDA A DENUNCIA (tribunal pleno),FNT-000046
FAS-002460,PRC-002738,2005-09-08,rejeicao_denuncia,INS-001525,JULGAMENTO DO PLENO - REJEITADA DENUNCIA (tribunal pleno),FNT-000046
FAS-002461,PRC-002739,2003-12-18,rejeicao_denuncia,INS-001525,JULGAMENTO DO PLENO - REJEITADA DENUNCIA (tribunal pleno),FNT-000046
FAS-002462,PRC-002741,2008-06-05,recebimento_denuncia,INS-001525,Recebida denúncia (tribunal pleno),FNT-000046
FAS-002463,PRC-002747,2003-12-18,rejeicao_denuncia,INS-001525,JULGAMENTO DO PLENO - REJEITADA DENUNCIA (tribunal pleno),FNT-000046
FAS-002464,PRC-002749,2004-12-15,extincao_punibilidade,INS-001525,DECISÃO DO(A) RELATOR(A) - EXTINÇÃO DA PUNIBILIDADE (monocrática),FNT-000046
FAS-002465,PRC-002758,2009-06-18,recebimento_denuncia,INS-001525,Recebida denúncia (tribunal pleno),FNT-000046
FAS-002466,PRC-002762,2003-05-28,recebimento_denuncia,INS-001525,JULG. DO PLENO - RECEBIDA A DENUNCIA (tribunal pleno),FNT-000046
FAS-002467,PRC-002772,2005-10-25,declinio_competencia,INS-001525,DECISÃO DO(A) RELATOR(A) - DECLINANDO DA COMPETÊNCIA (monocrática),FNT-000046
FAS-002468,PRC-002776,2003-10-08,recebimento_denuncia,INS-001525,JULG. DO PLENO - RECEBIDA A DENUNCIA (tribunal pleno),FNT-000046
FAS-002469,PRC-002789,2004-12-01,recebimento_denuncia,INS-001525,JULG. DO PLENO - RECEBIDA A DENUNCIA (tribunal pleno),FNT-000046
FAS-002470,PRC-002806,2006-08-16,arquivamento_inquerito,INS-001525,JULGAMENTO DO PLENO - ARQUIVADO (tribunal pleno),FNT-000046
FAS-002471,PRC-002809,2009-11-26,extincao_punibilidade,INS-001525,Declarada a extinção da punibilidade (monocrática),FNT-000046
FAS-002472,PRC-002848,2003-10-14,arquivamento_inquerito,INS-001525,DECISÃO DO(A) RELATOR(A) - ARQUIVADO (monocrática),FNT-000046
FAS-002473,PRC-002857,2003-09-10,rejeicao_denuncia,INS-001525,JULGAMENTO DO PLENO - REJEITADA DENUNCIA (tribunal pleno),FNT-000046
FAS-002474,PRC-002861,2008-09-04,rejeicao_denuncia,INS-001525,Rejeitada a denúncia (monocrática),FNT-000046
FAS-002475,PRC-002862,2004-05-05,rejeicao_denuncia,INS-001525,JULGAMENTO DO PLENO - REJEITADA DENUNCIA (tribunal pleno),FNT-000046
FAS-002476,PRC-002883,2003-03-24,arquivamento_inquerito,INS-001525,DECISÃO DO(A) RELATOR(A) - ARQUIVADO (monocrática),FNT-000046
FAS-002477,PRC-002887,2004-08-05,arquivamento_inquerito,INS-001525,JULGAMENTO DO PLENO - ARQUIVADO (tribunal pleno),FNT-000046
FAS-002478,PRC-002897,2008-10-09,recebimento_denuncia,INS-001525,Recebida denúncia (tribunal pleno),FNT-000046
FAS-002479,PRC-002899,2005-06-01,rejeicao_denuncia,INS-001525,JULGAMENTO DO PLENO - REJEITADA DENUNCIA (tribunal pleno),FNT-000046
FAS-002480,PRC-002904,2003-05-12,arquivamento_inquerito,INS-001525,DECISÃO DO(A) RELATOR(A) - ARQUIVADO (monocrática),FNT-000046
FAS-002481,PRC-002906,2006-02-13,declinio_competencia,INS-001525,DECISÃO DO(A) RELATOR(A) - DECLINANDO DA COMPETÊNCIA (monocrática),FNT-000046
FAS-002482,PRC-002908,2004-03-03,arquivamento_inquerito,INS-001525,JULGAMENTO DO PLENO - ARQUIVADO (tribunal pleno),FNT-000046
FAS-002483,PRC-002925,2003-10-29,rejeicao_denuncia,INS-001525,JULGAMENTO DO PLENO - REJEITADA DENUNCIA (tribunal pleno),FNT-000046
FAS-002484,PRC-002930,2005-04-07,arquivamento_inquerito,INS-001525,Determinado arquivamento (monocrática),FNT-000046
FAS-002485,PRC-002933,2003-08-13,extincao_punibilidade,INS-001525,JULG. POR DESP.-EXTINCAO DA PUNIBILIDADE (monocrática),FNT-000046
FAS-002486,PRC-002939,2006-09-13,rejeicao_denuncia,INS-001525,JULGAMENTO DO PLENO - REJEITADA DENUNCIA (tribunal pleno),FNT-000046
FAS-002487,PRC-002949,2010-11-11,recebimento_denuncia,INS-001525,Recebida denúncia (tribunal pleno),FNT-000046
FAS-002488,PRC-002960,2010-12-02,recebimento_denuncia,INS-001525,Recebida denúncia (tribunal pleno),FNT-000046
FAS-002489,PRC-002963,2006-08-16,arquivamento_inquerito,INS-001525,JULGAMENTO DO PLENO - ARQUIVADO (tribunal pleno),FNT-000046
FAS-002490,PRC-002966,2005-06-23,arquivamento_inquerito,INS-001525,DECISÃO DO(A) RELATOR(A) - ARQUIVADO (monocrática),FNT-000046
FAS-002491,PRC-002968,2006-11-10,rejeicao_denuncia,INS-001525,JULGAMENTO DO PLENO - REJEITADA DENUNCIA (tribunal pleno),FNT-000046
FAS-002492,PRC-002971,2005-10-14,declinio_competencia,INS-001525,DECISÃO DO(A) RELATOR(A) - DECLINANDO DA COMPETÊNCIA (monocrática),FNT-000046
FAS-002493,PRC-002977,2010-08-12,recebimento_denuncia,INS-001525,Recebida denúncia (tribunal pleno),FNT-000046
FAS-002494,PRC-002978,2004-04-28,arquivamento_inquerito,INS-001525,JULGAMENTO DO PLENO - ARQUIVADO (tribunal pleno),FNT-000046
FAS-002495,PRC-002979,2003-09-09,arquivamento_inquerito,INS-001525,DECISÃO DO(A) RELATOR(A) - ARQUIVADO (monocrática),FNT-000046
FAS-002496,PRC-002988,2004-05-27,rejeicao_denuncia,INS-001525,JULGAMENTO DO PLENO - REJEITADA DENUNCIA (tribunal pleno),FNT-000046
FAS-002497,PRC-002994,2007-11-30,extincao_punibilidade,INS-001525,Declarada a extinção da punibilidade (monocrática),FNT-000046
FAS-002498,PRC-002996,2006-10-04,arquivamento_inquerito,INS-001525,DECISÃO DA PRESIDÊNCIA - ARQUIVADO (monocrática),FNT-000046
FAS-002499,PRC-002997,2009-02-19,recebimento_denuncia,INS-001525,Recebida denúncia (tribunal pleno),FNT-000046
FAS-002500,PRC-002998,2015-03-11,extincao_punibilidade,INS-001525,Declarada a extinção da punibilidade (monocrática),FNT-000046
FAS-002501,PRC-003001,2006-03-29,rejeicao_denuncia,INS-001525,JULGAMENTO DO PLENO - REJEITADA DENUNCIA (tribunal pleno),FNT-000046
FAS-002502,PRC-003005,2011-03-30,declinio_competencia,INS-001525,Declinada a competência (monocrática),FNT-000046
FAS-002503,PRC-003014,2004-02-11,arquivamento_inquerito,INS-001525,DECISÃO DO(A) RELATOR(A) - ARQUIVADO (monocrática),FNT-000046
FAS-002504,PRC-003018,2003-12-05,arquivamento_inquerito,INS-001525,DECISÃO DO(A) RELATOR(A) - ARQUIVADO (monocrática),FNT-000046
FAS-002505,PRC-003025,2004-02-13,arquivamento_inquerito,INS-001525,DECISÃO DO(A) RELATOR(A) - ARQUIVADO (monocrática),FNT-000046
FAS-002506,PRC-003026,2008-02-20,recebimento_denuncia,INS-001525,Recebida denúncia (tribunal pleno),FNT-000046
FAS-002507,PRC-003031,2005-06-30,arquivamento_inquerito,INS-001525,DECISÃO DO(A) RELATOR(A) - ARQUIVADO (monocrática),FNT-000046
FAS-002508,PRC-003035,2013-10-28,declinio_competencia,INS-001525,Declinada a competência (monocrática),FNT-000046
FAS-002509,PRC-003045,2008-03-17,declinio_competencia,INS-001525,Declinada a competência (monocrática),FNT-000046
FAS-002510,PRC-003049,2011-02-04,declinio_competencia,INS-001525,Declinada a competência (monocrática),FNT-000046
FAS-002511,PRC-003050,2004-06-30,arquivamento_inquerito,INS-001525,DECISÃO DO(A) RELATOR(A) - ARQUIVADO (monocrática),FNT-000046
FAS-002512,PRC-003051,2018-02-02,extincao_punibilidade,INS-001525,Declarada a extinção da punibilidade (monocrática),FNT-000046
FAS-002513,PRC-003062,2004-10-13,rejeicao_denuncia,INS-001525,JULGAMENTO DO PLENO - REJEITADA DENUNCIA (tribunal pleno),FNT-000046
FAS-002514,PRC-003063,2012-02-23,recebimento_denuncia,INS-001525,Recebida denúncia (tribunal pleno),FNT-000046
FAS-002515,PRC-003067,2004-08-12,extincao_punibilidade,INS-001525,DECISÃO DO(A) RELATOR(A) - EXTINÇÃO DA PUNIBILIDADE (monocrática),FNT-000046
FAS-002516,PRC-003083,2004-12-17,rejeicao_denuncia,INS-001525,JULGAMENTO DO PLENO - REJEITADA DENUNCIA (tribunal pleno),FNT-000046
FAS-002517,PRC-003091,2006-09-05,arquivamento_inquerito,INS-001525,DECISÃO DO(A) RELATOR(A) - ARQUIVADO (monocrática),FNT-000046
FAS-002518,PRC-003095,2013-08-07,declinio_competencia,INS-001525,Declinada a competência (monocrática),FNT-000046
FAS-002519,PRC-003097,2005-07-01,recebimento_denuncia,INS-001525,JULG. DO PLENO - RECEBIDA A DENUNCIA (2ª turma),FNT-000046
FAS-002520,PRC-003097,2007-11-21,extincao_punibilidade,INS-001525,Declarada a extinção da punibilidade (monocrática),FNT-000046
FAS-002521,PRC-003101,2006-10-04,recebimento_denuncia,INS-001525,JULG. DO PLENO - RECEBIDA A DENUNCIA (tribunal pleno),FNT-000046
FAS-002522,PRC-003103,2013-02-06,declinio_competencia,INS-001525,Declinada a competência (monocrática),FNT-000046
FAS-002523,PRC-003107,2009-04-02,extincao_punibilidade,INS-001525,Declarada a extinção da punibilidade (monocrática),FNT-000046
FAS-002524,PRC-003111,2006-10-04,recebimento_denuncia,INS-001525,JULG. DO PLENO - RECEBIDA A DENUNCIA (tribunal pleno),FNT-000046
FAS-002525,PRC-003117,2008-05-08,rejeicao_denuncia,INS-001525,Rejeitada a denúncia (tribunal pleno),FNT-000046
FAS-002526,PRC-003118,2007-02-13,declinio_competencia,INS-001525,DECISÃO DO(A) RELATOR(A) - DECLINANDO DA COMPETÊNCIA (monocrática),FNT-000046
FAS-002527,PRC-003123,2007-12-13,recebimento_denuncia,INS-001525,Recebida denúncia (tribunal pleno),FNT-000046
FAS-002528,PRC-003125,2008-08-12,arquivamento_inquerito,INS-001525,Determinado arquivamento (monocrática),FNT-000046
FAS-002529,PRC-003132,2007-03-20,declinio_competencia,INS-001525,DECISÃO DO(A) RELATOR(A) - DECLINANDO DA COMPETÊNCIA (monocrática),FNT-000046
FAS-002530,PRC-003141,2008-10-28,extincao_punibilidade,INS-001525,Declarada a extinção da punibilidade (monocrática),FNT-000046
FAS-002531,PRC-003143,2009-02-19,arquivamento_inquerito,INS-001525,Determinado arquivamento (monocrática),FNT-000046
FAS-002532,PRC-003146,2005-10-18,declinio_competencia,INS-001525,DECISÃO DO(A) RELATOR(A) - DECLINANDO DA COMPETÊNCIA (monocrática),FNT-000046
FAS-002533,PRC-003151,2007-02-09,declinio_competencia,INS-001525,DECISÃO DO(A) RELATOR(A) - DECLINANDO DA COMPETÊNCIA (monocrática),FNT-000046
FAS-002534,PRC-003157,2014-03-13,declinio_competencia,INS-001525,Declinada a competência (monocrática),FNT-000046
FAS-002535,PRC-003159,2010-04-19,arquivamento_inquerito,INS-001525,Determinado arquivamento (monocrática),FNT-000046
FAS-002536,PRC-003165,2009-09-22,extincao_punibilidade,INS-001525,Declarada a extinção da punibilidade (monocrática),FNT-000046
FAS-002537,PRC-003168,2010-02-11,recebimento_denuncia,INS-001525,Recebida denúncia (tribunal pleno),FNT-000046
FAS-002538,PRC-003169,2005-10-14,declinio_competencia,INS-001525,DECISÃO DO(A) RELATOR(A) - DECLINANDO DA COMPETÊNCIA (monocrática),FNT-000046
FAS-002539,PRC-003183,2011-05-26,arquivamento_inquerito,INS-001525,Determinado arquivamento (tribunal pleno),FNT-000046
FAS-002540,PRC-003186,2010-05-25,declinio_competencia,INS-001525,Declinada a competência (monocrática),FNT-000046
FAS-002541,PRC-003193,2008-06-17,arquivamento_inquerito,INS-001525,Determinado arquivamento (monocrática),FNT-000046
FAS-002542,PRC-003195,2011-03-25,declinio_competencia,INS-001525,Declinada a competência (monocrática),FNT-000046
FAS-002543,PRC-003196,2009-12-03,recebimento_denuncia,INS-001525,Recebida denúncia (tribunal pleno),FNT-000046
FAS-002544,PRC-003202,2014-02-04,extincao_punibilidade,INS-001525,Declarada a extinção da punibilidade (monocrática),FNT-000046
FAS-002545,PRC-003206,2014-06-12,declinio_competencia,INS-001525,Declinada a competência (monocrática),FNT-000046
FAS-002546,PRC-003207,2006-05-10,declinio_competencia,INS-001525,DECISÃO DO(A) RELATOR(A) - DECLINANDO DA COMPETÊNCIA (monocrática),FNT-000046
FAS-002547,PRC-003207,2008-06-20,arquivamento_inquerito,INS-001525,Determinado arquivamento (monocrática),FNT-000046
FAS-002548,PRC-003209,2008-10-23,arquivamento_inquerito,INS-001525,Determinado arquivamento (tribunal pleno),FNT-000046
FAS-002549,PRC-003214,2013-06-03,arquivamento_inquerito,INS-001525,Determinado arquivamento (monocrática),FNT-000046
FAS-002550,PRC-003215,2011-02-01,declinio_competencia,INS-001525,Declinada a competência (monocrática),FNT-000046
FAS-002551,PRC-003219,2011-03-28,declinio_competencia,INS-001525,Declinada a competência (monocrática),FNT-000046
FAS-002552,PRC-003224,2007-12-10,arquivamento_inquerito,INS-001525,Determinado arquivamento (monocrática),FNT-000046
FAS-002553,PRC-003225,2009-11-19,recebimento_denuncia,INS-001525,Recebida denúncia (tribunal pleno),FNT-000046
FAS-002554,PRC-003227,2014-02-07,declinio_competencia,INS-001525,Declinada a competência (monocrática),FNT-000046
FAS-002555,PRC-003233,2011-02-09,declinio_competencia,INS-001525,Declinada a competência (monocrática),FNT-000046
FAS-002556,PRC-003234,2018-02-27,recebimento_denuncia,INS-001525,Recebida denúncia (1ª turma),FNT-000046
FAS-002557,PRC-003242,2007-05-25,declinio_competencia,INS-001525,DECISÃO DO(A) RELATOR(A) - DECLINANDO DA COMPETÊNCIA (monocrática),FNT-000046
FAS-002558,PRC-003251,2013-05-08,arquivamento_inquerito,INS-001525,Determinado arquivamento (monocrática),FNT-000046
FAS-002559,PRC-003252,2013-05-08,arquivamento_inquerito,INS-001525,Determinado arquivamento (monocrática),FNT-000046
FAS-002560,PRC-003258,2008-11-26,recebimento_denuncia,INS-001525,Recebida denúncia em parte (tribunal pleno),FNT-000046
FAS-002561,PRC-003261,2015-03-19,declinio_competencia,INS-001525,Declinada a competência (monocrática),FNT-000046
FAS-002562,PRC-003262,2007-03-14,declinio_competencia,INS-001525,DECISÃO DO(A) RELATOR(A) - DECLINANDO DA COMPETÊNCIA (monocrática),FNT-000046
FAS-002563,PRC-003265,2007-06-21,arquivamento_inquerito,INS-001525,JULGAMENTO DO PLENO - ARQUIVADO (tribunal pleno),FNT-000046
FAS-002564,PRC-003275,2014-10-28,extincao_punibilidade,INS-001525,Declarada a extinção da punibilidade (monocrática),FNT-000046
FAS-002565,PRC-003278,2015-02-03,declinio_competencia,INS-001525,Declinada a competência (monocrática),FNT-000046
FAS-002566,PRC-003280,2011-02-04,declinio_competencia,INS-001525,Declinada a competência (monocrática),FNT-000046
FAS-002567,PRC-003280,2013-05-17,declinio_competencia,INS-001525,Declinada a competência (monocrática),FNT-000046
FAS-002568,PRC-003282,2010-12-02,recebimento_denuncia,INS-001525,Recebida denúncia em parte (tribunal pleno),FNT-000046
FAS-002569,PRC-003282,2011-05-27,declinio_competencia,INS-001525,Declinada a competência (monocrática),FNT-000046
FAS-002570,PRC-003286,2011-10-18,arquivamento_inquerito,INS-001525,Determinado arquivamento (monocrática),FNT-000046
FAS-002571,PRC-003287,2008-06-05,recebimento_denuncia,INS-001525,Recebida denúncia (tribunal pleno),FNT-000046
FAS-002572,PRC-003289,2007-09-20,recebimento_denuncia,INS-001525,Recebida denúncia (monocrática),FNT-000046
FAS-002573,PRC-003291,2011-02-22,declinio_competencia,INS-001525,Declinada a competência (monocrática),FNT-000046
FAS-002574,PRC-003294,2008-06-05,recebimento_denuncia,INS-001525,Recebida denúncia (tribunal pleno),FNT-000046
FAS-002575,PRC-003295,2011-11-29,arquivamento_inquerito,INS-001525,Determinado arquivamento (monocrática),FNT-000046
FAS-002576,PRC-003296,2010-08-27,declinio_competencia,INS-001525,Declinada a competência (monocrática),FNT-000046
FAS-002577,PRC-003299,2007-10-09,recebimento_denuncia,INS-001525,Recebida denúncia (monocrática),FNT-000046
FAS-002578,PRC-003300,2007-09-25,recebimento_denuncia,INS-001525,Recebida denúncia (monocrática),FNT-000046
FAS-002579,PRC-003302,2011-09-29,recebimento_denuncia,INS-001525,Recebida denúncia em parte (tribunal pleno),FNT-000046
FAS-002580,PRC-003307,2011-02-09,extincao_punibilidade,INS-001525,Declarada a extinção da punibilidade (monocrática),FNT-000046
FAS-002581,PRC-003310,2011-09-15,rejeicao_denuncia,INS-001525,Rejeitada a denúncia (tribunal pleno),FNT-000046
FAS-002582,PRC-003311,2009-12-02,extincao_punibilidade,INS-001525,Declarada a extinção da punibilidade (monocrática),FNT-000046
FAS-002583,PRC-003314,2009-10-08,recebimento_denuncia,INS-001525,Recebida denúncia em parte (tribunal pleno),FNT-000046
FAS-002584,PRC-003316,2010-08-27,declinio_competencia,INS-001525,Declinada a competência (monocrática),FNT-000046
FAS-002585,PRC-003320,2015-03-19,declinio_competencia,INS-001525,Declinada a competência (monocrática),FNT-000046
FAS-002586,PRC-003321,2008-03-10,arquivamento_inquerito,INS-001525,Determinado arquivamento (monocrática),FNT-000046
FAS-002587,PRC-003328,2010-03-22,declinio_competencia,INS-001525,Declinada a competência (monocrática),FNT-000046
FAS-002588,PRC-003330,2009-08-24,arquivamento_inquerito,INS-001525,Determinado arquivamento (monocrática),FNT-000046
FAS-002589,PRC-003334,2008-06-05,rejeicao_denuncia,INS-001525,Rejeitada a denúncia (tribunal pleno),FNT-000046
FAS-002590,PRC-003335,2007-10-09,recebimento_denuncia,INS-001525,Recebida denúncia (monocrática),FNT-000046
FAS-002591,PRC-003336,2011-11-18,extincao_punibilidade,INS-001525,Declarada a extinção da punibilidade (monocrática),FNT-000046
FAS-002592,PRC-003338,2010-04-28,arquivamento_inquerito,INS-001525,Determinado arquivamento (monocrática),FNT-000046
FAS-002593,PRC-003339,2016-08-23,arquivamento_inquerito,INS-001525,Determinado arquivamento (monocrática),FNT-000046
FAS-002594,PRC-003340,2010-11-19,declinio_competencia,INS-001525,Declinada a competência (monocrática),FNT-000046
FAS-002595,PRC-003343,2011-06-30,recebimento_denuncia,INS-001525,Recebida denúncia em parte (tribunal pleno),FNT-000046
FAS-002596,PRC-003344,2008-02-21,extincao_punibilidade,INS-001525,Declarada a extinção da punibilidade (monocrática),FNT-000046
FAS-002597,PRC-003347,2011-09-23,declinio_competencia,INS-001525,Declinada a competência (monocrática),FNT-000046
FAS-002598,PRC-003348,2009-03-30,arquivamento_inquerito,INS-001525,Determinado arquivamento (monocrática),FNT-000046
FAS-002599,PRC-003349,2009-03-31,declinio_competencia,INS-001525,Declinada a competência (monocrática),FNT-000046
FAS-002600,PRC-003351,2007-12-13,arquivamento_inquerito,INS-001525,Determinado arquivamento (monocrática),FNT-000046
FAS-002601,PRC-003351,2020-08-25,declinio_competencia,INS-001525,Declinada a competência (monocrática),FNT-000046
FAS-002602,PRC-003353,2013-05-08,extincao_punibilidade,INS-001525,Declarada a extinção da punibilidade (monocrática),FNT-000046
FAS-002603,PRC-003355,2009-03-23,extincao_punibilidade,INS-001525,Declarada a extinção da punibilidade (monocrática),FNT-000046
FAS-002604,PRC-003357,2008-08-04,extincao_punibilidade,INS-001525,Declarada a extinção da punibilidade (monocrática),FNT-000046
FAS-002605,PRC-003362,2008-02-29,arquivamento_inquerito,INS-001525,Determinado arquivamento (monocrática),FNT-000046
FAS-002606,PRC-003363,2008-06-05,recebimento_denuncia,INS-001525,Recebida denúncia (tribunal pleno),FNT-000046
FAS-002607,PRC-003364,2011-08-18,rejeicao_denuncia,INS-001525,Rejeitada a denúncia (tribunal pleno),FNT-000046
FAS-002608,PRC-003365,2016-03-08,rejeicao_denuncia,INS-001525,Rejeitada a denúncia (1ª turma),FNT-000046
FAS-002609,PRC-003366,2011-04-08,declinio_competencia,INS-001525,Declinada a competência (monocrática),FNT-000046
FAS-002610,PRC-003367,2007-12-12,arquivamento_inquerito,INS-001525,Determinado arquivamento (monocrática),FNT-000046
FAS-002611,PRC-003368,2009-05-14,recebimento_denuncia,INS-001525,Recebida denúncia (tribunal pleno),FNT-000046
FAS-002612,PRC-003371,2008-10-17,arquivamento_inquerito,INS-001525,Determinado arquivamento (monocrática),FNT-000046
FAS-002613,PRC-003371,2009-11-23,arquivamento_inquerito,INS-001525,Determinado arquivamento (monocrática),FNT-000046
FAS-002614,PRC-003374,2008-10-14,arquivamento_inquerito,INS-001525,Determinado arquivamento (monocrática),FNT-000046
FAS-002615,PRC-003378,2008-06-06,rejeicao_denuncia,INS-001525,Rejeitada a denúncia (monocrática),FNT-000046
FAS-002616,PRC-003379,2009-08-06,recebimento_denuncia,INS-001525,Recebida denúncia (tribunal pleno),FNT-000046
FAS-002617,PRC-003381,2007-09-28,recebimento_denuncia,INS-001525,Recebida denúncia (monocrática),FNT-000046
FAS-002618,PRC-003383,2008-04-25,declinio_competencia,INS-001525,Declinada a competência (monocrática),FNT-000046
FAS-002619,PRC-003383,2008-08-27,arquivamento_inquerito,INS-001525,Determinado arquivamento (monocrática),FNT-000046
FAS-002620,PRC-003384,2009-05-07,recebimento_denuncia,INS-001525,Recebida denúncia (tribunal pleno),FNT-000046
FAS-002621,PRC-003386,2008-02-29,arquivamento_inquerito,INS-001525,Determinado arquivamento (monocrática),FNT-000046
FAS-002622,PRC-003387,2013-04-25,recebimento_denuncia,INS-001525,Recebida denúncia (tribunal pleno),FNT-000046
FAS-002623,PRC-003388,2014-09-16,recebimento_denuncia,INS-001525,Recebida denúncia (1ª turma),FNT-000046
FAS-002624,PRC-003389,2008-11-13,arquivamento_inquerito,INS-001525,Determinado arquivamento (monocrática),FNT-000046
FAS-002625,PRC-003390,2008-05-08,arquivamento_inquerito,INS-001525,Determinado arquivamento (tribunal pleno),FNT-000046
FAS-002626,PRC-003391,2008-06-30,arquivamento_inquerito,INS-001525,Determinado arquivamento (monocrática),FNT-000046
FAS-002627,PRC-003392,2016-12-01,recebimento_denuncia,INS-001525,Recebida denúncia em parte (tribunal pleno),FNT-000046
FAS-002628,PRC-003393,2007-12-13,extincao_punibilidade,INS-001525,Declarada a extinção da punibilidade (monocrática),FNT-000046
FAS-002629,PRC-003395,2008-08-04,arquivamento_inquerito,INS-001525,Determinado arquivamento (monocrática),FNT-000046
FAS-002630,PRC-003397,2007-09-24,recebimento_denuncia,INS-001525,Recebida denúncia (monocrática),FNT-000046
FAS-002631,PRC-003398,2011-04-25,extincao_punibilidade,INS-001525,Declarada a extinção da punibilidade (monocrática),FNT-000046
FAS-002632,PRC-003398,2014-10-02,extincao_punibilidade,INS-001525,Declarada a extinção da punibilidade (monocrática),FNT-000046
FAS-002633,PRC-003400,2007-10-11,recebimento_denuncia,INS-001525,Recebida denúncia (monocrática),FNT-000046
FAS-002634,PRC-003402,2014-09-04,recebimento_denuncia,INS-001525,Recebida denúncia (tribunal pleno),FNT-000046
FAS-002635,PRC-003404,2008-09-08,arquivamento_inquerito,INS-001525,Determinado arquivamento (monocrática),FNT-000046
FAS-002636,PRC-003405,2011-03-23,arquivamento_inquerito,INS-001525,Determinado arquivamento (monocrática),FNT-000046
FAS-002637,PRC-003408,2008-06-12,arquivamento_inquerito,INS-001525,Determinado arquivamento (monocrática),FNT-000046
FAS-002638,PRC-003410,2008-09-18,arquivamento_inquerito,INS-001525,Determinado arquivamento (monocrática),FNT-000046
FAS-002639,PRC-003411,2008-10-20,arquivamento_inquerito,INS-001525,Determinado arquivamento (monocrática),FNT-000046
FAS-002640,PRC-003412,2008-05-23,extincao_punibilidade,INS-001525,Declarada a extinção da punibilidade (monocrática),FNT-000046
FAS-002641,PRC-003413,2011-11-22,declinio_competencia,INS-001525,Declinada a competência (monocrática),FNT-000046
FAS-002642,PRC-003416,2011-05-16,extincao_punibilidade,INS-001525,Declarada a extinção da punibilidade (monocrática),FNT-000046
FAS-002643,PRC-003417,2010-08-27,declinio_competencia,INS-001525,Declinada a competência (monocrática),FNT-000046
FAS-002644,PRC-003419,2009-07-03,extincao_punibilidade,INS-001525,Declarada a extinção da punibilidade (monocrática),FNT-000046
FAS-002645,PRC-003419,2010-03-08,extincao_punibilidade,INS-001525,Declarada a extinção da punibilidade (monocrática),FNT-000046
FAS-002646,PRC-003419,2010-05-28,extincao_punibilidade,INS-001525,Declarada a extinção da punibilidade (monocrática),FNT-000046
FAS-002647,PRC-003419,2011-02-04,arquivamento_inquerito,INS-001525,Determinado arquivamento (monocrática),FNT-000046
FAS-002648,PRC-003420,2008-09-18,recebimento_denuncia,INS-001525,Recebida denúncia (tribunal pleno),FNT-000046
FAS-002649,PRC-003421,2008-09-18,recebimento_denuncia,INS-001525,Recebida denúncia (tribunal pleno),FNT-000046
FAS-002650,PRC-003422,2010-10-28,declinio_competencia,INS-001525,Declinada a competência (monocrática),FNT-000046
FAS-002651,PRC-003423,2010-06-25,declinio_competencia,INS-001525,Declinada a competência (monocrática),FNT-000046
FAS-002652,PRC-003427,2008-10-15,extincao_punibilidade,INS-001525,Declarada a extinção da punibilidade (monocrática),FNT-000046
FAS-002653,PRC-003427,2014-10-13,arquivamento_inquerito,INS-001525,Determinado arquivamento (monocrática),FNT-000046
FAS-002654,PRC-003428,2007-11-23,declinio_competencia,INS-001525,Declinada a competência (monocrática),FNT-000046
FAS-002655,PRC-003428,2011-03-30,declinio_competencia,INS-001525,Declinada a competência (monocrática),FNT-000046
FAS-002656,PRC-003429,2009-03-09,declinio_competencia,INS-001525,Declinada a competência (monocrática),FNT-000046
FAS-002657,PRC-003430,2011-03-02,declinio_competencia,INS-001525,Declinada a competência (monocrática),FNT-000046
FAS-002658,PRC-003433,2009-09-25,extincao_punibilidade,INS-001525,Declarada a extinção da punibilidade (monocrática),FNT-000046
FAS-002659,PRC-003436,2009-03-18,extincao_punibilidade,INS-001525,Declarada a extinção da punibilidade (monocrática),FNT-000046
FAS-002660,PRC-003437,2009-08-17,arquivamento_inquerito,INS-001525,Determinado arquivamento (monocrática),FNT-000046
FAS-002661,PRC-003438,2008-09-05,declinio_competencia,INS-001525,Declinada a competência (monocrática),FNT-000046
FAS-002662,PRC-003439,2011-09-22,recebimento_denuncia,INS-001525,Recebida denúncia (tribunal pleno),FNT-000046
FAS-002663,PRC-003440,2008-04-01,arquivamento_inquerito,INS-001525,Determinado arquivamento (monocrática),FNT-000046
FAS-002664,PRC-003441,2013-03-13,declinio_competencia,INS-001525,Declinada a competência (monocrática),FNT-000046
FAS-002665,PRC-003442,2009-08-24,arquivamento_inquerito,INS-001525,Determinado arquivamento (monocrática),FNT-000046
FAS-002666,PRC-003444,2009-06-22,arquivamento_inquerito,INS-001525,Determinado arquivamento (monocrática),FNT-000046
FAS-002667,PRC-003446,2011-04-04,declinio_competencia,INS-001525,Declinada a competência (monocrática),FNT-000046
FAS-002668,PRC-003447,2009-03-05,arquivamento_inquerito,INS-001525,Determinado arquivamento (monocrática),FNT-000046
FAS-002669,PRC-003449,2014-04-30,recebimento_denuncia,INS-001525,Recebida denúncia (tribunal pleno),FNT-000046
FAS-002670,PRC-003451,2011-02-18,declinio_competencia,INS-001525,Declinada a competência (monocrática),FNT-000046
FAS-002671,PRC-003453,2014-03-26,extincao_punibilidade,INS-001525,Declarada a extinção da punibilidade (monocrática),FNT-000046
FAS-002672,PRC-003453,2014-06-24,recebimento_denuncia,INS-001525,Recebida denúncia (2ª turma),FNT-000046
FAS-002673,PRC-003454,2012-03-01,extincao_punibilidade,INS-001525,Declarada a extinção da punibilidade (tribunal pleno),FNT-000046
FAS-002674,PRC-003458,2010-08-12,recebimento_denuncia,INS-001525,Recebida denúncia (tribunal pleno),FNT-000046
FAS-002675,PRC-003459,2014-09-30,recebimento_denuncia,INS-001525,Recebida denúncia (1ª turma),FNT-000046
FAS-002676,PRC-003460,2008-04-29,arquivamento_inquerito,INS-001525,Determinado arquivamento (monocrática),FNT-000046
FAS-002677,PRC-003461,2010-05-05,arquivamento_inquerito,INS-001525,Determinado arquivamento (monocrática),FNT-000046
FAS-002678,PRC-003462,2011-04-04,declinio_competencia,INS-001525,Declinada a competência (monocrática),FNT-000046
FAS-002679,PRC-003463,2008-06-30,declinio_competencia,INS-001525,Declinada a competência (monocrática),FNT-000046
FAS-002680,PRC-003464,2008-07-07,declinio_competencia,INS-001525,Declinada a competência (monocrática),FNT-000046
FAS-002681,PRC-003465,2010-03-25,recebimento_denuncia,INS-001525,Recebida denúncia (tribunal pleno),FNT-000046
FAS-002682,PRC-003466,2008-04-29,recebimento_denuncia,INS-001525,Recebida denúncia (monocrática),FNT-000046
FAS-002683,PRC-003467,2008-04-02,recebimento_denuncia,INS-001525,Recebida denúncia (monocrática),FNT-000046
FAS-002684,PRC-003468,2008-06-30,declinio_competencia,INS-001525,Declinada a competência (monocrática),FNT-000046
FAS-002685,PRC-003471,2008-04-18,recebimento_denuncia,INS-001525,Recebida denúncia (monocrática),FNT-000046
FAS-002686,PRC-003474,2011-10-19,declinio_competencia,INS-001525,Declinada a competência (monocrática),FNT-000046
FAS-002687,PRC-003475,2011-02-11,declinio_competencia,INS-001525,Declinada a competência (monocrática),FNT-000046
FAS-002688,PRC-003477,2008-05-12,declinio_competencia,INS-001525,Declinada a competência (monocrática),FNT-000046
FAS-002689,PRC-003478,2008-10-29,arquivamento_inquerito,INS-001525,Determinado arquivamento (monocrática),FNT-000046
FAS-002690,PRC-003480,2011-03-30,declinio_competencia,INS-001525,Declinada a competência (monocrática),FNT-000046
FAS-002691,PRC-003481,2008-04-29,declinio_competencia,INS-001525,Declinada a competência (monocrática),FNT-000046
FAS-002692,PRC-003483,2009-10-20,extincao_punibilidade,INS-001525,Declarada a extinção da punibilidade (monocrática),FNT-000046
FAS-002693,PRC-003484,2012-10-17,rejeicao_denuncia,INS-001525,Rejeitada a denúncia (tribunal pleno),FNT-000046
FAS-002694,PRC-003485,2009-05-28,arquivamento_inquerito,INS-001525,Determinado arquivamento (monocrática),FNT-000046
FAS-002695,PRC-003487,2013-08-09,extincao_punibilidade,INS-001525,Declarada a extinção da punibilidade (monocrática),FNT-000046
FAS-002696,PRC-003488,2013-02-26,arquivamento_inquerito,INS-001525,Determinado arquivamento (monocrática),FNT-000046
FAS-002697,PRC-003490,2011-02-04,declinio_competencia,INS-001525,Declinada a competência (monocrática),FNT-000046
FAS-002698,PRC-003491,2011-03-25,declinio_competencia,INS-001525,Declinada a competência (monocrática),FNT-000046
FAS-002699,PRC-003492,2015-11-18,extincao_punibilidade,INS-001525,Declarada a extinção da punibilidade (monocrática),FNT-000046
FAS-002700,PRC-003494,2010-08-31,declinio_competencia,INS-001525,Declinada a competência (monocrática),FNT-000046
FAS-002701,PRC-003495,2009-11-11,arquivamento_inquerito,INS-001525,Determinado arquivamento (monocrática),FNT-000046
FAS-002702,PRC-003496,2008-09-03,arquivamento_inquerito,INS-001525,Determinado arquivamento (monocrática),FNT-000046
FAS-002703,PRC-003499,2013-05-08,extincao_punibilidade,INS-001525,Declarada a extinção da punibilidade (monocrática),FNT-000046
FAS-002704,PRC-003500,2013-12-13,declinio_competencia,INS-001525,Declinada a competência (monocrática),FNT-000046
FAS-002705,PRC-003502,2014-12-19,arquivamento_inquerito,INS-001525,Determinado arquivamento (monocrática),FNT-000046
FAS-002706,PRC-003503,2015-09-08,recebimento_denuncia,INS-001525,Recebida denúncia (2ª turma),FNT-000046
FAS-002707,PRC-003504,2012-04-23,declinio_competencia,INS-001525,Declinada a competência (monocrática),FNT-000046
FAS-002708,PRC-003505,2013-10-01,declinio_competencia,INS-001525,Declinada a competência (monocrática),FNT-000046
FAS-002709,PRC-003506,2009-02-19,recebimento_denuncia,INS-001525,Recebida denúncia (tribunal pleno),FNT-000046
FAS-002710,PRC-003508,2013-02-20,declinio_competencia,INS-001525,Declinada a competência (monocrática),FNT-000046
FAS-002711,PRC-003509,2008-08-12,arquivamento_inquerito,INS-001525,Determinado arquivamento (monocrática),FNT-000046
FAS-002712,PRC-003509,2008-11-12,arquivamento_inquerito,INS-001525,Determinado arquivamento (monocrática),FNT-000046
FAS-002713,PRC-003510,2011-03-28,declinio_competencia,INS-001525,Declinada a competência (monocrática),FNT-000046
FAS-002714,PRC-003512,2010-08-27,declinio_competencia,INS-001525,Declinada a competência (monocrática),FNT-000046
FAS-002715,PRC-003514,2009-04-27,extincao_punibilidade,INS-001525,Declarada a extinção da punibilidade (monocrática),FNT-000046
FAS-002716,PRC-003517,2010-08-27,declinio_competencia,INS-001525,Declinada a competência (monocrática),FNT-000046
FAS-002717,PRC-003518,2011-03-28,declinio_competencia,INS-001525,Declinada a competência (monocrática),FNT-000046
FAS-002718,PRC-003519,2013-05-08,arquivamento_inquerito,INS-001525,Determinado arquivamento (monocrática),FNT-000046
FAS-002719,PRC-003520,2010-10-07,declinio_competencia,INS-001525,Declinada a competência (monocrática),FNT-000046
FAS-002720,PRC-003521,2008-12-17,extincao_punibilidade,INS-001525,Declarada a extinção da punibilidade (monocrática),FNT-000046
FAS-002721,PRC-003522,2013-02-27,declinio_competencia,INS-001525,Declinada a competência (monocrática),FNT-000046
FAS-002722,PRC-003523,2009-03-05,declinio_competencia,INS-001525,Declinada a competência (monocrática),FNT-000046
FAS-002723,PRC-003525,2013-02-05,arquivamento_inquerito,INS-001525,Determinado arquivamento (monocrática),FNT-000046
FAS-002724,PRC-003526,2010-05-17,arquivamento_inquerito,INS-001525,Determinado arquivamento (monocrática),FNT-000046
FAS-002725,PRC-003527,2012-05-25,extincao_punibilidade,INS-001525,Declarada a extinção da punibilidade (monocrática),FNT-000046
FAS-002726,PRC-003528,2011-02-01,declinio_competencia,INS-001525,Declinada a competência (monocrática),FNT-000046
FAS-002727,PRC-003528,2017-09-27,extincao_punibilidade,INS-001525,Declarada a extinção da punibilidade (monocrática),FNT-000046
FAS-002728,PRC-003528,2018-05-14,declinio_competencia,INS-001525,Declinada a competência (monocrática),FNT-000046
FAS-002729,PRC-003531,2014-10-07,recebimento_denuncia,INS-001525,Recebida denúncia (2ª turma),FNT-000046
FAS-002730,PRC-003535,2011-02-16,declinio_competencia,INS-001525,Declinada a competência (monocrática),FNT-000046
FAS-002731,PRC-003536,2011-03-28,declinio_competencia,INS-001525,Declinada a competência (monocrática),FNT-000046
FAS-002732,PRC-003537,2009-06-18,rejeicao_denuncia,INS-001525,Rejeitada a denúncia (tribunal pleno),FNT-000046
FAS-002733,PRC-003538,2015-03-19,declinio_competencia,INS-001525,Declinada a competência (monocrática),FNT-000046
FAS-002734,PRC-003542,2011-04-28,recebimento_denuncia,INS-001525,Recebida denúncia (tribunal pleno),FNT-000046
FAS-002735,PRC-003543,2009-09-17,declinio_competencia,INS-001525,Declinada a competência (monocrática),FNT-000046
FAS-002736,PRC-003544,2009-02-06,arquivamento_inquerito,INS-001525,Determinado arquivamento (monocrática),FNT-000046
FAS-002737,PRC-003545,2009-02-06,declinio_competencia,INS-001525,Declinada a competência (monocrática),FNT-000046
FAS-002738,PRC-003546,2014-09-05,arquivamento_inquerito,INS-001525,Determinado arquivamento (monocrática),FNT-000046
FAS-002739,PRC-003547,2012-11-16,declinio_competencia,INS-001525,Declinada a competência (monocrática),FNT-000046
FAS-002740,PRC-003549,2011-03-11,declinio_competencia,INS-001525,Declinada a competência (monocrática),FNT-000046
FAS-002741,PRC-003550,2009-03-09,declinio_competencia,INS-001525,Declinada a competência (monocrática),FNT-000046
FAS-002742,PRC-003551,2011-05-02,declinio_competencia,INS-001525,Declinada a competência (monocrática),FNT-000046
FAS-002743,PRC-003553,2011-02-17,recebimento_denuncia,INS-001525,Recebida denúncia em parte (tribunal pleno),FNT-000046
FAS-002744,PRC-003554,2015-02-06,declinio_competencia,INS-001525,Declinada a competência (monocrática),FNT-000046
FAS-002745,PRC-003555,2009-10-15,extincao_punibilidade,INS-001525,Declarada a extinção da punibilidade (monocrática),FNT-000046
FAS-002746,PRC-003556,2010-03-10,arquivamento_inquerito,INS-001525,Determinado arquivamento (monocrática),FNT-000046
FAS-002747,PRC-003557,2015-05-19,rejeicao_denuncia,INS-001525,Rejeitada a denúncia (2ª turma),FNT-000046
FAS-002748,PRC-003558,2015-02-06,extincao_punibilidade,INS-001525,Declarada a extinção da punibilidade (monocrática),FNT-000046
FAS-002749,PRC-003559,2009-11-25,declinio_competencia,INS-001525,Declinada a competência (monocrática),FNT-000046
FAS-002750,PRC-003560,2011-03-31,declinio_competencia,INS-001525,Declinada a competência (monocrática),FNT-000046
FAS-002751,PRC-003561,2010-04-26,arquivamento_inquerito,INS-001525,Determinado arquivamento (monocrática),FNT-000046
FAS-002752,PRC-003562,2010-06-23,declinio_competencia,INS-001525,Declinada a competência (monocrática),FNT-000046
FAS-002753,PRC-003563,2011-02-25,declinio_competencia,INS-001525,Declinada a competência (monocrática),FNT-000046
FAS-002754,PRC-003564,2011-03-28,declinio_competencia,INS-001525,Declinada a competência (monocrática),FNT-000046
FAS-002755,PRC-003566,2010-06-16,arquivamento_inquerito,INS-001525,Determinado arquivamento (monocrática),FNT-000046
FAS-002756,PRC-003567,2011-03-29,declinio_competencia,INS-001525,Declinada a competência (monocrática),FNT-000046
FAS-002757,PRC-003569,2011-02-07,declinio_competencia,INS-001525,Declinada a competência (monocrática),FNT-000046
FAS-002758,PRC-003571,2009-06-09,arquivamento_inquerito,INS-001525,Determinado arquivamento (monocrática),FNT-000046
FAS-002759,PRC-003572,2011-06-06,declinio_competencia,INS-001525,Declinada a competência (monocrática),FNT-000046
FAS-002760,PRC-003573,2009-06-24,arquivamento_inquerito,INS-001525,Determinado arquivamento (monocrática),FNT-000046
FAS-002761,PRC-003574,2009-06-25,arquivamento_inquerito,INS-001525,Determinado arquivamento (monocrática),FNT-000046
FAS-002762,PRC-003575,2010-03-17,extincao_punibilidade,INS-001525,Declarada a extinção da punibilidade (monocrática),FNT-000046
FAS-002763,PRC-003579,2011-02-18,declinio_competencia,INS-001525,Declinada a competência (monocrática),FNT-000046
FAS-002764,PRC-003580,2010-08-27,declinio_competencia,INS-001525,Declinada a competência (monocrática),FNT-000046
FAS-002765,PRC-003581,2010-08-27,declinio_competencia,INS-001525,Declinada a competência (monocrática),FNT-000046
FAS-002766,PRC-003582,2015-02-09,declinio_competencia,INS-001525,Declinada a competência (monocrática),FNT-000046
FAS-002767,PRC-003583,2012-02-28,declinio_competencia,INS-001525,Declinada a competência (monocrática),FNT-000046
FAS-002768,PRC-003584,2011-03-28,declinio_competencia,INS-001525,Declinada a competência (monocrática),FNT-000046
FAS-002769,PRC-003585,2010-02-26,declinio_competencia,INS-001525,Declinada a competência (monocrática),FNT-000046
FAS-002770,PRC-003585,2017-08-10,arquivamento_inquerito,INS-001525,Determinado arquivamento (monocrática),FNT-000046
FAS-002771,PRC-003587,2012-12-06,arquivamento_inquerito,INS-001525,Determinado arquivamento (monocrática),FNT-000046
FAS-002772,PRC-003588,2011-05-27,declinio_competencia,INS-001525,Declinada a competência (monocrática),FNT-000046
FAS-002773,PRC-003589,2012-03-28,arquivamento_inquerito,INS-001525,Determinado arquivamento (monocrática),FNT-000046
FAS-002774,PRC-003591,2012-05-17,declinio_competencia,INS-001525,Declinada a competência (monocrática),FNT-000046
FAS-002775,PRC-003591,2013-08-06,extincao_punibilidade,INS-001525,Declarada a extinção da punibilidade (monocrática),FNT-000046
FAS-002776,PRC-003592,2011-02-11,declinio_competencia,INS-001525,Declinada a competência (monocrática),FNT-000046
FAS-002777,PRC-003593,2015-02-20,declinio_competencia,INS-001525,Declinada a competência (monocrática),FNT-000046
FAS-002778,PRC-003594,2014-09-05,arquivamento_inquerito,INS-001525,Determinado arquivamento (monocrática),FNT-000046
FAS-002779,PRC-003596,2009-11-04,extincao_punibilidade,INS-001525,Declarada a extinção da punibilidade (monocrática),FNT-000046
FAS-002780,PRC-003597,2013-05-02,rejeicao_denuncia,INS-001525,Rejeitada a denúncia (tribunal pleno),FNT-000046
FAS-002781,PRC-003600,2011-02-09,declinio_competencia,INS-001525,Declinada a competência (monocrática),FNT-000046
FAS-002782,PRC-003601,2011-03-17,declinio_competencia,INS-001525,Declinada a competência (monocrática),FNT-000046
FAS-002783,PRC-003602,2011-02-18,declinio_competencia,INS-001525,Declinada a competência (monocrática),FNT-000046
FAS-002784,PRC-003603,2011-02-09,declinio_competencia,INS-001525,Declinada a competência (monocrática),FNT-000046
FAS-002785,PRC-003604,2011-02-04,declinio_competencia,INS-001525,Declinada a competência (monocrática),FNT-000046
FAS-002786,PRC-003605,2018-05-16,declinio_competencia,INS-001525,Declinada a competência (monocrática),FNT-000046
FAS-002787,PRC-003607,2011-02-11,declinio_competencia,INS-001525,Declinada a competência (monocrática),FNT-000046
FAS-002788,PRC-003607,2016-11-09,arquivamento_inquerito,INS-001525,Determinado arquivamento (monocrática),FNT-000046
FAS-002789,PRC-003610,2013-08-09,arquivamento_inquerito,INS-001525,Determinado arquivamento (monocrática),FNT-000046
FAS-002790,PRC-003611,2015-08-18,extincao_punibilidade,INS-001525,Declarada a extinção da punibilidade (1ª turma),FNT-000046
FAS-002791,PRC-003612,2012-04-25,declinio_competencia,INS-001525,Declinada a competência (monocrática),FNT-000046
FAS-002792,PRC-003613,2016-10-11,arquivamento_inquerito,INS-001525,Determinado arquivamento (monocrática),FNT-000046
FAS-002793,PRC-003614,2016-10-25,arquivamento_inquerito,INS-001525,Determinado arquivamento (monocrática),FNT-000046
FAS-002794,PRC-003615,2018-08-08,declinio_competencia,INS-001525,Declinada a competência (monocrática),FNT-000046
FAS-002795,PRC-003616,2015-08-18,extincao_punibilidade,INS-001525,Declarada a extinção da punibilidade (1ª turma),FNT-000046
FAS-002796,PRC-003617,2013-12-19,declinio_competencia,INS-001525,Declinada a competência (monocrática),FNT-000046
FAS-002797,PRC-003618,2014-09-26,arquivamento_inquerito,INS-001525,Determinado arquivamento (monocrática),FNT-000046
FAS-002798,PRC-003620,2010-02-19,declinio_competencia,INS-001525,Declinada a competência (monocrática),FNT-000046
FAS-002799,PRC-003623,2009-12-17,declinio_competencia,INS-001525,Declinada a competência (monocrática),FNT-000046
FAS-002800,PRC-003624,2010-11-09,declinio_competencia,INS-001525,Declinada a competência (monocrática),FNT-000046
FAS-002801,PRC-003626,2013-09-30,extincao_punibilidade,INS-001525,Declarada a extinção da punibilidade (monocrática),FNT-000046
FAS-002802,PRC-003627,2013-02-06,extincao_punibilidade,INS-001525,Declarada a extinção da punibilidade (monocrática),FNT-000046
FAS-002803,PRC-003628,2010-03-17,declinio_competencia,INS-001525,Declinada a competência (monocrática),FNT-000046
FAS-002804,PRC-003630,2011-06-06,declinio_competencia,INS-001525,Declinada a competência (monocrática),FNT-000046
FAS-002805,PRC-003631,2011-02-04,declinio_competencia,INS-001525,Declinada a competência (monocrática),FNT-000046
FAS-002806,PRC-003632,2011-02-01,declinio_competencia,INS-001525,Declinada a competência (monocrática),FNT-000046
FAS-002807,PRC-003633,2011-02-04,declinio_competencia,INS-001525,Declinada a competência (monocrática),FNT-000046
FAS-002808,PRC-003634,2011-02-01,declinio_competencia,INS-001525,Declinada a competência (monocrática),FNT-000046
FAS-002809,PRC-003635,2011-02-01,declinio_competencia,INS-001525,Declinada a competência (monocrática),FNT-000046
FAS-002810,PRC-003636,2011-02-07,declinio_competencia,INS-001525,Declinada a competência (monocrática),FNT-000046
FAS-002811,PRC-003637,2011-03-25,declinio_competencia,INS-001525,Declinada a competência (monocrática),FNT-000046
FAS-002812,PRC-003637,2013-08-30,extincao_punibilidade,INS-001525,Declarada a extinção da punibilidade (monocrática),FNT-000046
FAS-002813,PRC-003638,2011-02-04,declinio_competencia,INS-001525,Declinada a competência (monocrática),FNT-000046
FAS-002814,PRC-003641,2018-05-10,declinio_competencia,INS-001525,Declinada a competência (monocrática),FNT-000046
FAS-002815,PRC-003643,2010-06-21,declinio_competencia,INS-001525,Declinada a competência (monocrática),FNT-000046
FAS-002816,PRC-003644,2010-06-29,declinio_competencia,INS-001525,Declinada a competência (monocrática),FNT-000046
FAS-002817,PRC-003645,2010-03-16,arquivamento_inquerito,INS-001525,Determinado arquivamento (monocrática),FNT-000046
FAS-002818,PRC-003645,2012-06-27,arquivamento_inquerito,INS-001525,Determinado arquivamento (monocrática),FNT-000046
FAS-002819,PRC-003646,2014-05-21,extincao_punibilidade,INS-001525,Declarada a extinção da punibilidade (monocrática),FNT-000046
FAS-002820,PRC-003647,2010-04-16,arquivamento_inquerito,INS-001525,Determinado arquivamento (monocrática),FNT-000046
FAS-002821,PRC-003648,2014-05-22,recebimento_denuncia,INS-001525,Recebida denúncia (tribunal pleno),FNT-000046
FAS-002822,PRC-003649,2013-08-19,extincao_punibilidade,INS-001525,Declarada a extinção da punibilidade (monocrática),FNT-000046
FAS-002823,PRC-003650,2017-12-15,arquivamento_inquerito,INS-001525,Determinado arquivamento (monocrática),FNT-000046
FAS-002824,PRC-003651,2012-05-09,declinio_competencia,INS-001525,Declinada a competência (monocrática),FNT-000046
FAS-002825,PRC-003652,2010-06-29,arquivamento_inquerito,INS-001525,Determinado arquivamento (monocrática),FNT-000046
FAS-002826,PRC-003653,2011-02-18,declinio_competencia,INS-001525,Declinada a competência (monocrática),FNT-000046
FAS-002827,PRC-003653,2018-05-09,declinio_competencia,INS-001525,Declinada a competência (monocrática),FNT-000046
FAS-002828,PRC-003654,2011-02-07,declinio_competencia,INS-001525,Declinada a competência (monocrática),FNT-000046
FAS-002829,PRC-003655,2012-04-17,arquivamento_inquerito,INS-001525,Determinado arquivamento (monocrática),FNT-000046
FAS-002830,PRC-003656,2011-04-13,declinio_competencia,INS-001525,Declinada a competência (monocrática),FNT-000046
FAS-002831,PRC-003657,2011-11-29,arquivamento_inquerito,INS-001525,Determinado arquivamento (monocrática),FNT-000046
FAS-002832,PRC-003657,2014-02-05,declinio_competencia,INS-001525,Declinada a competência (monocrática),FNT-000046
FAS-002833,PRC-003658,2014-02-24,extincao_punibilidade,INS-001525,Declarada a extinção da punibilidade (monocrática),FNT-000046
FAS-002834,PRC-003660,2011-02-08,declinio_competencia,INS-001525,Declinada a competência (monocrática),FNT-000046
FAS-002835,PRC-003661,2011-03-24,declinio_competencia,INS-001525,Declinada a competência (monocrática),FNT-000046
FAS-002836,PRC-003662,2015-02-03,declinio_competencia,INS-001525,Declinada a competência (monocrática),FNT-000046
FAS-002837,PRC-003663,2011-02-02,declinio_competencia,INS-001525,Declinada a competência (monocrática),FNT-000046
FAS-002838,PRC-003664,2011-02-07,declinio_competencia,INS-001525,Declinada a competência (monocrática),FNT-000046
FAS-002839,PRC-003665,2011-03-25,declinio_competencia,INS-001525,Declinada a competência (monocrática),FNT-000046
FAS-002840,PRC-003666,2011-03-23,declinio_competencia,INS-001525,Declinada a competência (monocrática),FNT-000046
FAS-002841,PRC-003667,2012-03-28,declinio_competencia,INS-001525,Declinada a competência (monocrática),FNT-000046
FAS-002842,PRC-003669,2010-10-08,declinio_competencia,INS-001525,Declinada a competência (monocrática),FNT-000046
FAS-002843,PRC-003670,2011-03-24,declinio_competencia,INS-001525,Declinada a competência (monocrática),FNT-000046
FAS-002844,PRC-003671,2011-02-17,declinio_competencia,INS-001525,Declinada a competência (monocrática),FNT-000046
FAS-002845,PRC-003672,2011-03-25,declinio_competencia,INS-001525,Declinada a competência (monocrática),FNT-000046
FAS-002846,PRC-003673,2011-03-30,declinio_competencia,INS-001525,Declinada a competência (monocrática),FNT-000046
FAS-002847,PRC-003674,2016-05-10,rejeicao_denuncia,INS-001525,Rejeitada a denúncia (2ª turma),FNT-000046
FAS-002848,PRC-003675,2011-04-06,declinio_competencia,INS-001525,Declinada a competência (monocrática),FNT-000046
FAS-002849,PRC-003676,2013-02-01,declinio_competencia,INS-001525,Declinada a competência (monocrática),FNT-000046
FAS-002850,PRC-003677,2011-03-29,declinio_competencia,INS-001525,Declinada a competência (monocrática),FNT-000046
FAS-002851,PRC-003679,2010-08-31,declinio_competencia,INS-001525,Declinada a competência (monocrática),FNT-000046
FAS-002852,PRC-003680,2015-12-02,extincao_punibilidade,INS-001525,Declarada a extinção da punibilidade (monocrática),FNT-000046
FAS-002853,PRC-003681,2012-12-06,arquivamento_inquerito,INS-001525,Determinado arquivamento (monocrática),FNT-000046
FAS-002854,PRC-003682,2015-03-23,declinio_competencia,INS-001525,Declinada a competência (monocrática),FNT-000046
FAS-002855,PRC-003683,2014-03-27,extincao_punibilidade,INS-001525,Declarada a extinção da punibilidade (monocrática),FNT-000046
FAS-002856,PRC-003684,2010-06-10,arquivamento_inquerito,INS-001525,Determinado arquivamento (monocrática),FNT-000046
FAS-002857,PRC-003685,2012-04-17,arquivamento_inquerito,INS-001525,Determinado arquivamento (monocrática),FNT-000046
FAS-002858,PRC-003687,2010-12-22,extincao_punibilidade,INS-001525,Declarada a extinção da punibilidade (monocrática),FNT-000046
FAS-002859,PRC-003690,2015-07-01,declinio_competencia,INS-001525,Declinada a competência (monocrática),FNT-000046
FAS-002860,PRC-003691,2011-03-25,declinio_competencia,INS-001525,Declinada a competência (monocrática),FNT-000046
FAS-002861,PRC-003692,2014-11-11,recebimento_denuncia,INS-001525,Recebida denúncia (2ª turma),FNT-000046
FAS-002862,PRC-003694,2011-02-01,declinio_competencia,INS-001525,Declinada a competência (monocrática),FNT-000046
FAS-002863,PRC-003695,2011-03-30,declinio_competencia,INS-001525,Declinada a competência (monocrática),FNT-000046
FAS-002864,PRC-003696,2011-02-18,declinio_competencia,INS-001525,Declinada a competência (monocrática),FNT-000046
FAS-002865,PRC-003697,2011-03-30,declinio_competencia,INS-001525,Declinada a competência (monocrática),FNT-000046
FAS-002866,PRC-003698,2015-11-18,arquivamento_inquerito,INS-001525,Determinado arquivamento (monocrática),FNT-000046
FAS-002867,PRC-003699,2011-09-02,declinio_competencia,INS-001525,Declinada a competência (monocrática),FNT-000046
FAS-002868,PRC-003700,2011-03-28,declinio_competencia,INS-001525,Declinada a competência (monocrática),FNT-000046
FAS-002869,PRC-003702,2018-12-18,arquivamento_inquerito,INS-001525,Determinado arquivamento (monocrática),FNT-000046
FAS-002870,PRC-003704,2011-02-17,declinio_competencia,INS-001525,Declinada a competência (monocrática),FNT-000046
FAS-002871,PRC-003705,2014-05-15,rejeicao_denuncia,INS-001525,Rejeitada a denúncia (tribunal pleno),FNT-000046
FAS-002872,PRC-003708,2011-02-04,declinio_competencia,INS-001525,Declinada a competência (monocrática),FNT-000046
FAS-002873,PRC-003709,2015-02-10,recebimento_denuncia,INS-001525,Recebida denúncia em parte (2ª turma),FNT-000046
FAS-002874,PRC-003710,2010-10-05,extincao_punibilidade,INS-001525,Declarada a extinção da punibilidade (monocrática),FNT-000046
FAS-002875,PRC-003712,2010-12-22,extincao_punibilidade,INS-001525,Declarada a extinção da punibilidade (monocrática),FNT-000046
FAS-002876,PRC-003713,2011-04-27,declinio_competencia,INS-001525,Declinada a competência (monocrática),FNT-000046
FAS-002877,PRC-003714,2010-08-13,declinio_competencia,INS-001525,Declinada a competência (monocrática),FNT-000046
FAS-002878,PRC-003715,2011-06-01,declinio_competencia,INS-001525,Declinada a competência (monocrática),FNT-000046
FAS-002879,PRC-003716,2011-10-26,declinio_competencia,INS-001525,Declinada a competência (monocrática),FNT-000046
FAS-002880,PRC-003717,2011-05-30,declinio_competencia,INS-001525,Declinada a competência (monocrática),FNT-000046
FAS-002881,PRC-003718,2011-04-27,declinio_competencia,INS-001525,Declinada a competência (monocrática),FNT-000046
FAS-002882,PRC-003719,2010-12-22,arquivamento_inquerito,INS-001525,Determinado arquivamento (monocrática),FNT-000046
FAS-002883,PRC-003720,2013-03-21,recebimento_denuncia,INS-001525,Recebida denúncia (tribunal pleno),FNT-000046
FAS-002884,PRC-003721,2011-04-27,declinio_competencia,INS-001525,Declinada a competência (monocrática),FNT-000046
FAS-002885,PRC-003722,2011-04-08,declinio_competencia,INS-001525,Declinada a competência (monocrática),FNT-000046
FAS-002886,PRC-003723,2011-02-01,declinio_competencia,INS-001525,Declinada a competência (monocrática),FNT-000046
FAS-002887,PRC-003724,2014-06-25,recebimento_denuncia,INS-001525,Recebida denúncia (2ª turma),FNT-000046
FAS-002888,PRC-003725,2013-05-08,extincao_punibilidade,INS-001525,Declarada a extinção da punibilidade (monocrática),FNT-000046
FAS-002889,PRC-003727,2015-10-27,declinio_competencia,INS-001525,Declinada a competência (monocrática),FNT-000046
FAS-002890,PRC-003728,2011-04-29,declinio_competencia,INS-001525,Declinada a competência (monocrática),FNT-000046
FAS-002891,PRC-003729,2010-09-22,declinio_competencia,INS-001525,Declinada a competência (monocrática),FNT-000046
FAS-002892,PRC-003730,2018-08-30,declinio_competencia,INS-001525,Declinada a competência (monocrática),FNT-000046
FAS-002893,PRC-003731,2013-03-05,arquivamento_inquerito,INS-001525,Determinado arquivamento (monocrática),FNT-000046
FAS-002894,PRC-003733,2011-02-08,declinio_competencia,INS-001525,Declinada a competência (monocrática),FNT-000046
FAS-002895,PRC-003735,2011-02-16,arquivamento_inquerito,INS-001525,Determinado arquivamento (monocrática),FNT-000046
FAS-002896,PRC-003737,2011-03-31,arquivamento_inquerito,INS-001525,Determinado arquivamento (monocrática),FNT-000046
FAS-002897,PRC-003738,2011-03-30,declinio_competencia,INS-001525,Declinada a competência (monocrática),FNT-000046
FAS-002898,PRC-003739,2011-02-07,declinio_competencia,INS-001525,Declinada a competência (monocrática),FNT-000046
FAS-002899,PRC-003740,2011-05-31,declinio_competencia,INS-001525,Declinada a competência (monocrática),FNT-000046
FAS-002900,PRC-003743,2010-10-27,declinio_competencia,INS-001525,Declinada a competência (monocrática),FNT-000046
FAS-002901,PRC-003747,2013-06-13,arquivamento_inquerito,INS-001525,Determinado arquivamento (monocrática),FNT-000046
FAS-002902,PRC-003748,2016-04-05,arquivamento_inquerito,INS-001525,Determinado arquivamento (monocrática),FNT-000046
FAS-002903,PRC-003751,2010-09-30,recebimento_denuncia,INS-001525,Recebida denúncia (tribunal pleno),FNT-000046
FAS-002904,PRC-003753,2010-11-08,arquivamento_inquerito,INS-001525,Determinado arquivamento (monocrática),FNT-000046
FAS-002905,PRC-003754,2014-02-28,extincao_punibilidade,INS-001525,Declarada a extinção da punibilidade (monocrática),FNT-000046
FAS-002906,PRC-003760,2018-02-01,arquivamento_inquerito,INS-001525,Determinado arquivamento (monocrática),FNT-000046
FAS-002907,PRC-003761,2013-10-15,declinio_competencia,INS-001525,Declinada a competência (monocrática),FNT-000046
FAS-002908,PRC-003761,2017-12-19,declinio_competencia,INS-001525,Declinada a competência (monocrática),FNT-000046
FAS-002909,PRC-003762,2011-02-25,declinio_competencia,INS-001525,Declinada a competência (monocrática),FNT-000046
FAS-002910,PRC-003762,2015-03-04,declinio_competencia,INS-001525,Declinada a competência (monocrática),FNT-000046
FAS-002911,PRC-003763,2011-02-25,declinio_competencia,INS-001525,Declinada a competência (monocrática),FNT-000046
FAS-002912,PRC-003764,2011-05-16,declinio_competencia,INS-001525,Declinada a competência (monocrática),FNT-000046
FAS-002913,PRC-003765,2011-03-17,declinio_competencia,INS-001525,Declinada a competência (monocrática),FNT-000046
FAS-002914,PRC-003766,2011-05-19,declinio_competencia,INS-001525,Declinada a competência (monocrática),FNT-000046
FAS-002915,PRC-003767,2011-02-01,declinio_competencia,INS-001525,Declinada a competência (monocrática),FNT-000046
FAS-002916,PRC-003768,2015-02-09,declinio_competencia,INS-001525,Declinada a competência (monocrática),FNT-000046
FAS-002917,PRC-003770,2011-02-09,declinio_competencia,INS-001525,Declinada a competência (monocrática),FNT-000046
FAS-002918,PRC-003771,2015-02-03,declinio_competencia,INS-001525,Declinada a competência (monocrática),FNT-000046
FAS-002919,PRC-003772,2015-11-25,arquivamento_inquerito,INS-001525,Determinado arquivamento (monocrática),FNT-000046
FAS-002920,PRC-003773,2011-11-10,rejeicao_denuncia,INS-001525,Rejeitada a denúncia (tribunal pleno),FNT-000046
FAS-002921,PRC-003774,2011-08-09,declinio_competencia,INS-001525,Declinada a competência (monocrática),FNT-000046
FAS-002922,PRC-003774,2014-03-25,declinio_competencia,INS-001525,Declinada a competência (monocrática),FNT-000046
FAS-002923,PRC-003776,2011-05-18,declinio_competencia,INS-001525,Declinada a competência (monocrática),FNT-000046
FAS-002924,PRC-003777,2011-02-14,declinio_competencia,INS-001525,Declinada a competência (monocrática),FNT-000046
FAS-002925,PRC-003778,2011-02-11,declinio_competencia,INS-001525,Declinada a competência (monocrática),FNT-000046
FAS-002926,PRC-003779,2015-02-03,declinio_competencia,INS-001525,Declinada a competência (monocrática),FNT-000046
FAS-002927,PRC-003780,2012-03-27,arquivamento_inquerito,INS-001525,Determinado arquivamento (monocrática),FNT-000046
FAS-002928,PRC-003781,2011-03-30,declinio_competencia,INS-001525,Declinada a competência (monocrática),FNT-000046
FAS-002929,PRC-003781,2017-03-14,arquivamento_inquerito,INS-001525,Determinado arquivamento (monocrática),FNT-000046
FAS-002930,PRC-003782,2015-02-06,declinio_competencia,INS-001525,Declinada a competência (monocrática),FNT-000046
FAS-002931,PRC-003786,2011-03-31,declinio_competencia,INS-001525,Declinada a competência (monocrática),FNT-000046
FAS-002932,PRC-003787,2011-05-25,declinio_competencia,INS-001525,Declinada a competência (monocrática),FNT-000046
FAS-002933,PRC-003788,2013-08-28,arquivamento_inquerito,INS-001525,Determinado arquivamento (monocrática),FNT-000046
FAS-002934,PRC-003791,2015-02-06,declinio_competencia,INS-001525,Declinada a competência (monocrática),FNT-000046
FAS-002935,PRC-003792,2011-08-24,arquivamento_inquerito,INS-001525,Determinado arquivamento (monocrática),FNT-000046
FAS-002936,PRC-003793,2015-02-06,declinio_competencia,INS-001525,Declinada a competência (monocrática),FNT-000046
FAS-002937,PRC-003794,2014-06-05,arquivamento_inquerito,INS-001525,Determinado arquivamento (monocrática),FNT-000046
FAS-002938,PRC-003795,2013-05-29,arquivamento_inquerito,INS-001525,Determinado arquivamento (monocrática),FNT-000046
FAS-002939,PRC-003797,2011-03-22,declinio_competencia,INS-001525,Declinada a competência (monocrática),FNT-000046
FAS-002940,PRC-003798,2017-02-13,arquivamento_inquerito,INS-001525,Determinado arquivamento (monocrática),FNT-000046
FAS-002941,PRC-003799,2011-03-30,declinio_competencia,INS-001525,Declinada a competência (monocrática),FNT-000046
FAS-002942,PRC-003800,2018-05-09,declinio_competencia,INS-001525,Declinada a competência (monocrática),FNT-000046
FAS-002943,PRC-003801,2014-08-26,rejeicao_denuncia,INS-001525,Rejeitada a denúncia (1ª turma),FNT-000046
FAS-002944,PRC-003807,2011-05-31,declinio_competencia,INS-001525,Declinada a competência (monocrática),FNT-000046
FAS-002945,PRC-003809,2018-10-11,declinio_competencia,INS-001525,Declinada a competência (monocrática),FNT-000046
FAS-002946,PRC-003810,2015-07-01,declinio_competencia,INS-001525,Declinada a competência (monocrática),FNT-000046
FAS-002947,PRC-003811,2011-12-09,declinio_competencia,INS-001525,Declinada a competência (monocrática),FNT-000046
FAS-002948,PRC-003813,2012-06-14,recebimento_denuncia,INS-001525,Recebida denúncia (tribunal pleno),FNT-000046
FAS-002949,PRC-003815,2014-04-28,arquivamento_inquerito,INS-001525,Determinado arquivamento (monocrática),FNT-000046
FAS-002950,PRC-003816,2013-12-19,arquivamento_inquerito,INS-001525,Determinado arquivamento (monocrática),FNT-000046
FAS-002951,PRC-003817,2013-07-01,extincao_punibilidade,INS-001525,Declarada a extinção da punibilidade (monocrática),FNT-000046
FAS-002952,PRC-003818,2011-11-09,arquivamento_inquerito,INS-001525,Determinado arquivamento (monocrática),FNT-000046
FAS-002953,PRC-003819,2012-02-27,arquivamento_inquerito,INS-001525,Determinado arquivamento (monocrática),FNT-000046
FAS-002954,PRC-003821,2018-05-09,declinio_competencia,INS-001525,Declinada a competência (monocrática),FNT-000046
FAS-002955,PRC-003822,2012-02-14,arquivamento_inquerito,INS-001525,Determinado arquivamento (monocrática),FNT-000046
FAS-002956,PRC-003823,2013-08-06,extincao_punibilidade,INS-001525,Declarada a extinção da punibilidade (monocrática),FNT-000046
FAS-002957,PRC-003825,2020-05-06,arquivamento_inquerito,INS-001525,Determinado arquivamento (monocrática),FNT-000046
FAS-002958,PRC-003825,2021-02-02,arquivamento_inquerito,INS-001525,Determinado arquivamento (monocrática),FNT-000046
FAS-002959,PRC-003827,2011-05-06,declinio_competencia,INS-001525,Declinada a competência (monocrática),FNT-000046
FAS-002960,PRC-003828,2015-02-03,declinio_competencia,INS-001525,Declinada a competência (monocrática),FNT-000046
FAS-002961,PRC-003829,2011-12-15,recebimento_denuncia,INS-001525,Recebida denúncia em parte (tribunal pleno),FNT-000046
FAS-002962,PRC-003830,2014-06-24,recebimento_denuncia,INS-001525,Recebida denúncia em parte (1ª turma),FNT-000046
FAS-002963,PRC-003830,2015-03-27,declinio_competencia,INS-001525,Declinada a competência (monocrática),FNT-000046
FAS-002964,PRC-003831,2014-10-15,declinio_competencia,INS-001525,Declinada a competência (monocrática),FNT-000046
FAS-002965,PRC-003832,2015-02-03,declinio_competencia,INS-001525,Declinada a competência (monocrática),FNT-000046
FAS-002966,PRC-003833,2012-04-09,extincao_punibilidade,INS-001525,Declarada a extinção da punibilidade (monocrática),FNT-000046
FAS-002967,PRC-003834,2014-12-02,recebimento_denuncia,INS-001525,Recebida denúncia (1ª turma),FNT-000046
FAS-002968,PRC-003834,2015-03-04,declinio_competencia,INS-001525,Declinada a competência (monocrática),FNT-000046
FAS-002969,PRC-003835,2013-10-16,declinio_competencia,INS-001525,Declinada a competência (monocrática),FNT-000046
FAS-002970,PRC-003836,2013-05-08,arquivamento_inquerito,INS-001525,Determinado arquivamento (monocrática),FNT-000046
FAS-002971,PRC-003839,2013-08-09,arquivamento_inquerito,INS-001525,Determinado arquivamento (monocrática),FNT-000046
FAS-002972,PRC-003841,2013-03-13,arquivamento_inquerito,INS-001525,Determinado arquivamento (monocrática),FNT-000046
FAS-002973,PRC-003842,2019-12-13,arquivamento_inquerito,INS-001525,Determinado arquivamento (monocrática),FNT-000046
FAS-002974,PRC-003843,2013-09-17,extincao_punibilidade,INS-001525,Declarada a extinção da punibilidade (monocrática),FNT-000046
FAS-002975,PRC-003844,2011-11-25,arquivamento_inquerito,INS-001525,Determinado arquivamento (monocrática),FNT-000046
FAS-002976,PRC-003845,2015-08-25,rejeicao_denuncia,INS-001525,Rejeitada a denúncia (1ª turma),FNT-000046
FAS-002977,PRC-003847,2011-11-03,declinio_competencia,INS-001525,Declinada a competência (monocrática),FNT-000046
FAS-002978,PRC-003848,2012-02-28,arquivamento_inquerito,INS-001525,Determinado arquivamento (monocrática),FNT-000046
FAS-002979,PRC-003850,2015-12-04,arquivamento_inquerito,INS-001525,Determinado arquivamento (monocrática),FNT-000046
FAS-002980,PRC-003852,2015-02-18,declinio_competencia,INS-001525,Declinada a competência (monocrática),FNT-000046
FAS-002981,PRC-003855,2015-07-01,declinio_competencia,INS-001525,Declinada a competência (monocrática),FNT-000046
FAS-002982,PRC-003856,2014-03-13,arquivamento_inquerito,INS-001525,Determinado arquivamento (monocrática),FNT-000046
FAS-002983,PRC-003857,2017-04-26,arquivamento_inquerito,INS-001525,Determinado arquivamento (monocrática),FNT-000046
FAS-002984,PRC-003858,2013-09-17,rejeicao_denuncia,INS-001525,Rejeitada a denúncia (monocrática),FNT-000046
FAS-002985,PRC-003858,2014-02-13,rejeicao_denuncia,INS-001525,Rejeitada a denúncia (tribunal pleno),FNT-000046
FAS-002986,PRC-003859,2014-10-17,arquivamento_inquerito,INS-001525,Determinado arquivamento (monocrática),FNT-000046
FAS-002987,PRC-003860,2015-11-12,arquivamento_inquerito,INS-001525,Determinado arquivamento (monocrática),FNT-000046
FAS-002988,PRC-003861,2014-04-02,rejeicao_denuncia,INS-001525,Rejeitada a denúncia (monocrática),FNT-000046
FAS-002989,PRC-003862,2011-09-28,declinio_competencia,INS-001525,Declinada a competência (monocrática),FNT-000046
FAS-002990,PRC-003864,2012-09-28,arquivamento_inquerito,INS-001525,Determinado arquivamento (monocrática),FNT-000046
FAS-002991,PRC-003865,2013-03-06,declinio_competencia,INS-001525,Declinada a competência (monocrática),FNT-000046
FAS-002992,PRC-003866,2011-09-22,rejeicao_denuncia,INS-001525,Rejeitada a denúncia (tribunal pleno),FNT-000046
FAS-002993,PRC-003866,2016-04-26,arquivamento_inquerito,INS-001525,Determinado arquivamento (monocrática),FNT-000046
FAS-002994,PRC-003867,2013-12-05,recebimento_denuncia,INS-001525,Recebida denúncia (tribunal pleno),FNT-000046
FAS-002995,PRC-003868,2016-05-03,arquivamento_inquerito,INS-001525,Determinado arquivamento (monocrática),FNT-000046
FAS-002996,PRC-003869,2014-12-15,declinio_competencia,INS-001525,Declinada a competência (monocrática),FNT-000046
FAS-002997,PRC-003870,2011-08-23,declinio_competencia,INS-001525,Declinada a competência (monocrática),FNT-000046
FAS-002998,PRC-003872,2013-10-09,declinio_competencia,INS-001525,Declinada a competência (monocrática),FNT-000046
FAS-002999,PRC-003873,2013-12-10,arquivamento_inquerito,INS-001525,Determinado arquivamento (monocrática),FNT-000046
FAS-003000,PRC-003875,2012-09-25,arquivamento_inquerito,INS-001525,Determinado arquivamento (monocrática),FNT-000046
FAS-003001,PRC-003876,2012-08-29,arquivamento_inquerito,INS-001525,Determinado arquivamento (monocrática),FNT-000046
FAS-003002,PRC-003877,2013-08-07,arquivamento_inquerito,INS-001525,Determinado arquivamento (monocrática),FNT-000046
FAS-003003,PRC-003879,2012-06-22,arquivamento_inquerito,INS-001525,Determinado arquivamento (monocrática),FNT-000046
FAS-003004,PRC-003880,2013-12-11,declinio_competencia,INS-001525,Declinada a competência (monocrática),FNT-000046
FAS-003005,PRC-003881,2015-03-05,declinio_competencia,INS-001525,Declinada a competência (monocrática),FNT-000046
FAS-003006,PRC-003882,2013-03-14,arquivamento_inquerito,INS-001525,Determinado arquivamento (monocrática),FNT-000046
FAS-003007,PRC-003883,2013-05-16,extincao_punibilidade,INS-001525,Declarada a extinção da punibilidade (monocrática),FNT-000046
FAS-003008,PRC-003884,2013-04-04,rejeicao_denuncia,INS-001525,Rejeitada a denúncia (tribunal pleno),FNT-000046
FAS-003009,PRC-003886,2013-08-07,declinio_competencia,INS-001525,Declinada a competência (monocrática),FNT-000046
FAS-003010,PRC-003887,2011-11-17,arquivamento_inquerito,INS-001525,Determinado arquivamento (monocrática),FNT-000046
FAS-003011,PRC-003888,2015-02-05,declinio_competencia,INS-001525,Declinada a competência (monocrática),FNT-000046
FAS-003012,PRC-003889,2015-02-06,declinio_competencia,INS-001525,Declinada a competência (monocrática),FNT-000046
FAS-003013,PRC-003891,2011-11-11,arquivamento_inquerito,INS-001525,Determinado arquivamento (monocrática),FNT-000046
FAS-003014,PRC-003892,2012-03-05,arquivamento_inquerito,INS-001525,Determinado arquivamento (monocrática),FNT-000046
FAS-003015,PRC-003893,2013-12-17,extincao_punibilidade,INS-001525,Declarada a extinção da punibilidade (monocrática),FNT-000046
FAS-003016,PRC-003894,2012-11-26,arquivamento_inquerito,INS-001525,Determinado arquivamento (monocrática),FNT-000046
FAS-003017,PRC-003895,2014-03-05,declinio_competencia,INS-001525,Declinada a competência (monocrática),FNT-000046
FAS-003018,PRC-003896,2012-06-14,recebimento_denuncia,INS-001525,Recebida denúncia (tribunal pleno),FNT-000046
FAS-003019,PRC-003897,2013-11-14,declinio_competencia,INS-001525,Declinada a competência (monocrática),FNT-000046
FAS-003020,PRC-003898,2015-02-03,declinio_competencia,INS-001525,Declinada a competência (monocrática),FNT-000046
FAS-003021,PRC-003902,2015-02-09,declinio_competencia,INS-001525,Declinada a competência (monocrática),FNT-000046
FAS-003022,PRC-003902,2015-06-23,recebimento_denuncia,INS-001525,Recebida denúncia (2ª turma),FNT-000046
FAS-003023,PRC-003903,2015-12-10,arquivamento_inquerito,INS-001525,Determinado arquivamento (monocrática),FNT-000046
FAS-003024,PRC-003904,2013-02-27,arquivamento_inquerito,INS-001525,Determinado arquivamento (monocrática),FNT-000046
FAS-003025,PRC-003905,2013-08-06,extincao_punibilidade,INS-001525,Declarada a extinção da punibilidade (monocrática),FNT-000046
FAS-003026,PRC-003906,2013-05-08,arquivamento_inquerito,INS-001525,Determinado arquivamento (monocrática),FNT-000046
FAS-003027,PRC-003907,2012-08-02,extincao_punibilidade,INS-001525,Declarada a extinção da punibilidade (monocrática),FNT-000046
FAS-003028,PRC-003908,2012-04-09,arquivamento_inquerito,INS-001525,Determinado arquivamento (monocrática),FNT-000046
FAS-003029,PRC-003909,2013-02-01,declinio_competencia,INS-001525,Declinada a competência (monocrática),FNT-000046
FAS-003030,PRC-003909,2013-02-08,declinio_competencia,INS-001525,Declinada a competência (monocrática),FNT-000046
FAS-003031,PRC-003910,2013-05-31,arquivamento_inquerito,INS-001525,Determinado arquivamento (monocrática),FNT-000046
FAS-003032,PRC-003912,2013-05-16,declinio_competencia,INS-001525,Declinada a competência (monocrática),FNT-000046
FAS-003033,PRC-003913,2013-04-04,rejeicao_denuncia,INS-001525,Rejeitada a denúncia (tribunal pleno),FNT-000046
FAS-003034,PRC-003914,2013-03-21,rejeicao_denuncia,INS-001525,Rejeitada a denúncia (tribunal pleno),FNT-000046
FAS-003035,PRC-003916,2012-03-29,arquivamento_inquerito,INS-001525,Determinado arquivamento (monocrática),FNT-000046
FAS-003036,PRC-003917,2015-02-09,declinio_competencia,INS-001525,Declinada a competência (monocrática),FNT-000046
FAS-003037,PRC-003917,2015-06-23,recebimento_denuncia,INS-001525,Recebida denúncia (2ª turma),FNT-000046
FAS-003038,PRC-003918,2015-02-05,declinio_competencia,INS-001525,Declinada a competência (monocrática),FNT-000046
FAS-003039,PRC-003920,2015-02-09,declinio_competencia,INS-001525,Declinada a competência (monocrática),FNT-000046
FAS-003040,PRC-003920,2024-06-12,extincao_punibilidade,INS-001525,Declarada a extinção da punibilidade (monocrática),FNT-000046
FAS-003041,PRC-003921,2012-06-20,arquivamento_inquerito,INS-001525,Determinado arquivamento (monocrática),FNT-000046
FAS-003042,PRC-003922,2012-11-14,declinio_competencia,INS-001525,Declinada a competência (monocrática),FNT-000046
FAS-003043,PRC-003924,2013-02-06,arquivamento_inquerito,INS-001525,Determinado arquivamento (monocrática),FNT-000046
FAS-003044,PRC-003926,2011-11-28,arquivamento_inquerito,INS-001525,Determinado arquivamento (monocrática),FNT-000046
FAS-003045,PRC-003928,2014-10-02,extincao_punibilidade,INS-001525,Declarada a extinção da punibilidade (monocrática),FNT-000046
FAS-003046,PRC-003929,2015-03-04,arquivamento_inquerito,INS-001525,Determinado arquivamento (monocrática),FNT-000046
FAS-003047,PRC-003930,2015-03-04,arquivamento_inquerito,INS-001525,Determinado arquivamento (monocrática),FNT-000046
FAS-003048,PRC-003931,2016-03-21,arquivamento_inquerito,INS-001525,Determinado arquivamento (monocrática),FNT-000046
FAS-003049,PRC-003932,2013-02-27,arquivamento_inquerito,INS-001525,Determinado arquivamento (monocrática),FNT-000046
FAS-003050,PRC-003933,2012-03-29,arquivamento_inquerito,INS-001525,Determinado arquivamento (monocrática),FNT-000046
FAS-003051,PRC-003934,2012-03-29,arquivamento_inquerito,INS-001525,Determinado arquivamento (monocrática),FNT-000046
FAS-003052,PRC-003935,2014-03-19,arquivamento_inquerito,INS-001525,Determinado arquivamento (monocrática),FNT-000046
FAS-003053,PRC-003936,2012-03-08,arquivamento_inquerito,INS-001525,Determinado arquivamento (monocrática),FNT-000046
FAS-003054,PRC-003937,2012-11-21,arquivamento_inquerito,INS-001525,Determinado arquivamento (monocrática),FNT-000046
FAS-003055,PRC-003939,2015-02-05,declinio_competencia,INS-001525,Declinada a competência (monocrática),FNT-000046
FAS-003056,PRC-003940,2014-05-15,recebimento_denuncia,INS-001525,Recebida denúncia em parte (tribunal pleno),FNT-000046
FAS-003057,PRC-003941,2014-10-13,arquivamento_inquerito,INS-001525,Determinado arquivamento (monocrática),FNT-000046
FAS-003058,PRC-003942,2015-04-09,declinio_competencia,INS-001525,Declinada a competência (monocrática),FNT-000046
FAS-003059,PRC-003943,2013-10-17,recebimento_denuncia,INS-001525,Recebida denúncia (tribunal pleno),FNT-000046
FAS-003060,PRC-003944,2014-03-18,arquivamento_inquerito,INS-001525,Determinado arquivamento (monocrática),FNT-000046
FAS-003061,PRC-003945,2013-03-13,arquivamento_inquerito,INS-001525,Determinado arquivamento (monocrática),FNT-000046
FAS-003062,PRC-003946,2012-03-05,arquivamento_inquerito,INS-001525,Determinado arquivamento (monocrática),FNT-000046
FAS-003063,PRC-003948,2012-03-05,arquivamento_inquerito,INS-001525,Determinado arquivamento (monocrática),FNT-000046
FAS-003064,PRC-003950,2012-10-03,arquivamento_inquerito,INS-001525,Determinado arquivamento (monocrática),FNT-000046
FAS-003065,PRC-003951,2015-07-01,declinio_competencia,INS-001525,Declinada a competência (monocrática),FNT-000046
FAS-003066,PRC-003952,2015-06-30,arquivamento_inquerito,INS-001525,Determinado arquivamento (monocrática),FNT-000046
FAS-003067,PRC-003953,2014-10-16,arquivamento_inquerito,INS-001525,Determinado arquivamento (monocrática),FNT-000046
FAS-003068,PRC-003954,2013-05-28,arquivamento_inquerito,INS-001525,Determinado arquivamento (monocrática),FNT-000046
FAS-003069,PRC-003955,2015-08-04,declinio_competencia,INS-001525,Declinada a competência (monocrática),FNT-000046
FAS-003070,PRC-003956,2013-08-20,arquivamento_inquerito,INS-001525,Determinado arquivamento (monocrática),FNT-000046
FAS-003071,PRC-003957,2012-09-21,arquivamento_inquerito,INS-001525,Determinado arquivamento (monocrática),FNT-000046
FAS-003072,PRC-003958,2015-07-01,declinio_competencia,INS-001525,Declinada a competência (monocrática),FNT-000046
FAS-003073,PRC-003959,2015-07-01,declinio_competencia,INS-001525,Declinada a competência (monocrática),FNT-000046
FAS-003074,PRC-003961,2012-05-25,arquivamento_inquerito,INS-001525,Determinado arquivamento (monocrática),FNT-000046
FAS-003075,PRC-003962,2014-05-29,arquivamento_inquerito,INS-001525,Determinado arquivamento (monocrática),FNT-000046
FAS-003076,PRC-003963,2015-01-05,arquivamento_inquerito,INS-001525,Determinado arquivamento (monocrática),FNT-000046
FAS-003077,PRC-003964,2012-06-27,arquivamento_inquerito,INS-001525,Determinado arquivamento (monocrática),FNT-000046
FAS-003078,PRC-003965,2015-07-01,declinio_competencia,INS-001525,Declinada a competência (monocrática),FNT-000046
FAS-003079,PRC-003966,2015-02-13,declinio_competencia,INS-001525,Declinada a competência (monocrática),FNT-000046
FAS-003080,PRC-003967,2014-08-12,arquivamento_inquerito,INS-001525,Determinado arquivamento (1ª turma),FNT-000046
FAS-003081,PRC-003968,2015-02-03,declinio_competencia,INS-001525,Declinada a competência (monocrática),FNT-000046
FAS-003082,PRC-003969,2013-02-15,arquivamento_inquerito,INS-001525,Determinado arquivamento (monocrática),FNT-000046
FAS-003083,PRC-003971,2014-02-14,arquivamento_inquerito,INS-001525,Determinado arquivamento (monocrática),FNT-000046
FAS-003084,PRC-003972,2012-03-26,arquivamento_inquerito,INS-001525,Determinado arquivamento (monocrática),FNT-000046
FAS-003085,PRC-003973,2014-06-02,arquivamento_inquerito,INS-001525,Determinado arquivamento (monocrática),FNT-000046
FAS-003086,PRC-003974,2012-02-24,arquivamento_inquerito,INS-001525,Determinado arquivamento (monocrática),FNT-000046
FAS-003087,PRC-003975,2012-03-29,arquivamento_inquerito,INS-001525,Determinado arquivamento (monocrática),FNT-000046
FAS-003088,PRC-003976,2012-09-18,arquivamento_inquerito,INS-001525,Determinado arquivamento (monocrática),FNT-000046
FAS-003089,PRC-003977,2013-08-07,arquivamento_inquerito,INS-001525,Determinado arquivamento (monocrática),FNT-000046
FAS-003090,PRC-003978,2015-09-25,declinio_competencia,INS-001525,Declinada a competência (monocrática),FNT-000046
FAS-003091,PRC-003979,2018-09-11,declinio_competencia,INS-001525,Declinada a competência (monocrática),FNT-000046
FAS-003092,PRC-003980,2012-11-22,arquivamento_inquerito,INS-001525,Determinado arquivamento (monocrática),FNT-000046
FAS-003093,PRC-003981,2012-02-28,arquivamento_inquerito,INS-001525,Determinado arquivamento (monocrática),FNT-000046
FAS-003094,PRC-003982,2015-09-29,rejeicao_denuncia,INS-001525,Rejeitada a denúncia (1ª turma),FNT-000046
FAS-003095,PRC-003983,2013-12-18,arquivamento_inquerito,INS-001525,Determinado arquivamento (monocrática),FNT-000046
FAS-003096,PRC-003984,2014-08-15,extincao_punibilidade,INS-001525,Declarada a extinção da punibilidade (monocrática),FNT-000046
FAS-003097,PRC-003985,2015-05-13,extincao_punibilidade,INS-001525,Declarada a extinção da punibilidade (monocrática),FNT-000046
FAS-003098,PRC-003986,2014-06-27,arquivamento_inquerito,INS-001525,Determinado arquivamento (monocrática),FNT-000046
FAS-003099,PRC-003987,2015-02-05,declinio_competencia,INS-001525,Declinada a competência (monocrática),FNT-000046
FAS-003100,PRC-003988,2013-04-18,arquivamento_inquerito,INS-001525,Determinado arquivamento (monocrática),FNT-000046
FAS-003101,PRC-003989,2012-06-27,arquivamento_inquerito,INS-001525,Determinado arquivamento (monocrática),FNT-000046
FAS-003102,PRC-003990,2012-09-13,arquivamento_inquerito,INS-001525,Determinado arquivamento (monocrática),FNT-000046
FAS-003103,PRC-003991,2013-10-23,declinio_competencia,INS-001525,Declinada a competência (monocrática),FNT-000046
FAS-003104,PRC-003993,2015-12-01,recebimento_denuncia,INS-001525,Recebida denúncia em parte (1ª turma),FNT-000046
FAS-003105,PRC-003994,2013-02-27,arquivamento_inquerito,INS-001525,Determinado arquivamento (monocrática),FNT-000046
FAS-003106,PRC-003996,2016-10-18,arquivamento_inquerito,INS-001525,Determinado arquivamento (monocrática),FNT-000046
FAS-003107,PRC-003998,2012-05-22,declinio_competencia,INS-001525,Declinada a competência (monocrática),FNT-000046
FAS-003108,PRC-003999,2013-10-14,declinio_competencia,INS-001525,Declinada a competência (monocrática),FNT-000046
FAS-003109,PRC-004000,2015-02-06,declinio_competencia,INS-001525,Declinada a competência (monocrática),FNT-000046
FAS-003110,PRC-004001,2013-05-31,arquivamento_inquerito,INS-001525,Determinado arquivamento (monocrática),FNT-000046
FAS-003111,PRC-004003,2012-04-30,declinio_competencia,INS-001525,Declinada a competência (monocrática),FNT-000046
FAS-003112,PRC-004004,2012-11-07,declinio_competencia,INS-001525,Declinada a competência (monocrática),FNT-000046
FAS-003113,PRC-004005,2015-02-20,declinio_competencia,INS-001525,Declinada a competência (monocrática),FNT-000046
FAS-003114,PRC-004006,2014-06-25,recebimento_denuncia,INS-001525,Recebida denúncia (2ª turma),FNT-000046
FAS-003115,PRC-004007,2014-08-12,recebimento_denuncia,INS-001525,Recebida denúncia (1ª turma),FNT-000046
FAS-003116,PRC-004009,2015-03-11,declinio_competencia,INS-001525,Declinada a competência (monocrática),FNT-000046
FAS-003117,PRC-004010,2015-10-06,extincao_punibilidade,INS-001525,Declarada a extinção da punibilidade (monocrática),FNT-000046
FAS-003118,PRC-004012,2015-02-03,declinio_competencia,INS-001525,Declinada a competência (monocrática),FNT-000046
FAS-003119,PRC-004013,2013-03-14,arquivamento_inquerito,INS-001525,Determinado arquivamento (monocrática),FNT-000046
FAS-003120,PRC-004014,2019-02-05,declinio_competencia,INS-001525,Declinada a competência (monocrática),FNT-000046
FAS-003121,PRC-004015,2015-02-18,declinio_competencia,INS-001525,Declinada a competência (monocrática),FNT-000046
FAS-003122,PRC-004016,2013-05-29,arquivamento_inquerito,INS-001525,Determinado arquivamento (monocrática),FNT-000046
FAS-003123,PRC-004017,2013-08-07,arquivamento_inquerito,INS-001525,Determinado arquivamento (monocrática),FNT-000046
FAS-003124,PRC-004018,2014-05-14,declinio_competencia,INS-001525,Declinada a competência (monocrática),FNT-000046
FAS-003125,PRC-004018,2017-02-07,declinio_competencia,INS-001525,Declinada a competência (monocrática),FNT-000046
FAS-003126,PRC-004019,2014-10-06,arquivamento_inquerito,INS-001525,Determinado arquivamento (monocrática),FNT-000046
FAS-003127,PRC-004020,2014-10-28,extincao_punibilidade,INS-001525,Declarada a extinção da punibilidade (monocrática),FNT-000046
FAS-003128,PRC-004021,2012-11-16,declinio_competencia,INS-001525,Declinada a competência (monocrática),FNT-000046
FAS-003129,PRC-004024,2012-04-25,declinio_competencia,INS-001525,Declinada a competência (monocrática),FNT-000046
FAS-003130,PRC-004026,2013-02-01,declinio_competencia,INS-001525,Declinada a competência (monocrática),FNT-000046
FAS-003131,PRC-004027,2012-02-06,arquivamento_inquerito,INS-001525,Determinado arquivamento (monocrática),FNT-000046
FAS-003132,PRC-004028,2017-02-21,arquivamento_inquerito,INS-001525,Determinado arquivamento (monocrática),FNT-000046
FAS-003133,PRC-004029,2013-02-04,arquivamento_inquerito,INS-001525,Determinado arquivamento (monocrática),FNT-000046
FAS-003134,PRC-004031,2013-06-27,declinio_competencia,INS-001525,Declinada a competência (monocrática),FNT-000046
FAS-003135,PRC-004033,2015-06-29,arquivamento_inquerito,INS-001525,Determinado arquivamento (monocrática),FNT-000046
FAS-003136,PRC-004034,2015-02-27,declinio_competencia,INS-001525,Declinada a competência (monocrática),FNT-000046
FAS-003137,PRC-004035,2015-08-31,arquivamento_inquerito,INS-001525,Determinado arquivamento (monocrática),FNT-000046
FAS-003138,PRC-004036,2013-08-15,arquivamento_inquerito,INS-001525,Determinado arquivamento (monocrática),FNT-000046
FAS-003139,PRC-004037,2012-09-25,declinio_competencia,INS-001525,Declinada a competência (monocrática),FNT-000046
FAS-003140,PRC-004038,2014-11-21,arquivamento_inquerito,INS-001525,Determinado arquivamento (monocrática),FNT-000046
FAS-003141,PRC-004039,2012-11-16,declinio_competencia,INS-001525,Declinada a competência (monocrática),FNT-000046
FAS-003142,PRC-004040,2015-07-01,declinio_competencia,INS-001525,Declinada a competência (monocrática),FNT-000046
FAS-003143,PRC-004041,2013-03-13,arquivamento_inquerito,INS-001525,Determinado arquivamento (monocrática),FNT-000046
FAS-003144,PRC-004042,2013-02-28,arquivamento_inquerito,INS-001525,Determinado arquivamento (monocrática),FNT-000046
FAS-003145,PRC-004043,2012-06-29,declinio_competencia,INS-001525,Declinada a competência (monocrática),FNT-000046
FAS-003146,PRC-004044,2012-02-29,arquivamento_inquerito,INS-001525,Determinado arquivamento (monocrática),FNT-000046
FAS-003147,PRC-004045,2012-09-25,arquivamento_inquerito,INS-001525,Determinado arquivamento (monocrática),FNT-000046
FAS-003148,PRC-004046,2013-11-14,declinio_competencia,INS-001525,Declinada a competência (monocrática),FNT-000046
FAS-003149,PRC-004046,2018-06-28,declinio_competencia,INS-001525,Declinada a competência (monocrática),FNT-000046
FAS-003150,PRC-004047,2017-06-27,arquivamento_inquerito,INS-001525,Determinado arquivamento (monocrática),FNT-000046
FAS-003151,PRC-004048,2013-03-20,extincao_punibilidade,INS-001525,Declarada a extinção da punibilidade (monocrática),FNT-000046
FAS-003152,PRC-004051,2012-03-14,arquivamento_inquerito,INS-001525,Determinado arquivamento (monocrática),FNT-000046
FAS-003153,PRC-004052,2012-03-02,declinio_competencia,INS-001525,Declinada a competência (monocrática),FNT-000046
FAS-003154,PRC-004054,2013-01-17,declinio_competencia,INS-001525,Declinada a competência (monocrática),FNT-000046
FAS-003155,PRC-004054,2018-06-06,declinio_competencia,INS-001525,Declinada a competência (monocrática),FNT-000046
FAS-003156,PRC-004055,2013-05-23,extincao_punibilidade,INS-001525,Declarada a extinção da punibilidade (monocrática),FNT-000046
FAS-003157,PRC-004056,2015-02-06,declinio_competencia,INS-001525,Declinada a competência (monocrática),FNT-000046
FAS-003158,PRC-004057,2014-06-04,arquivamento_inquerito,INS-001525,Determinado arquivamento (monocrática),FNT-000046
FAS-003159,PRC-004058,2013-02-20,extincao_punibilidade,INS-001525,Declarada a extinção da punibilidade (monocrática),FNT-000046
FAS-003160,PRC-004059,2015-10-20,extincao_punibilidade,INS-001525,Declarada a extinção da punibilidade (1ª turma),FNT-000046
FAS-003161,PRC-004060,2013-06-13,arquivamento_inquerito,INS-001525,Determinado arquivamento (monocrática),FNT-000046
FAS-003162,PRC-004061,2012-09-21,arquivamento_inquerito,INS-001525,Determinado arquivamento (monocrática),FNT-000046
FAS-003163,PRC-004063,2013-05-14,arquivamento_inquerito,INS-001525,Determinado arquivamento (monocrática),FNT-000046
FAS-003164,PRC-004064,2013-05-31,arquivamento_inquerito,INS-001525,Determinado arquivamento (monocrática),FNT-000046
FAS-003165,PRC-004065,2012-03-29,recebimento_denuncia,INS-001525,Recebida denúncia (tribunal pleno),FNT-000046
FAS-003166,PRC-004066,2012-12-13,declinio_competencia,INS-001525,Declinada a competência (monocrática),FNT-000046
FAS-003167,PRC-004067,2018-05-09,declinio_competencia,INS-001525,Declinada a competência (monocrática),FNT-000046
FAS-003168,PRC-004069,2013-05-13,declinio_competencia,INS-001525,Declinada a competência (monocrática),FNT-000046
FAS-003169,PRC-004069,2013-10-15,declinio_competencia,INS-001525,Declinada a competência (monocrática),FNT-000046
FAS-003170,PRC-004070,2012-10-10,arquivamento_inquerito,INS-001525,Determinado arquivamento (monocrática),FNT-000046
FAS-003171,PRC-004071,2013-03-07,extincao_punibilidade,INS-001525,Declarada a extinção da punibilidade (monocrática),FNT-000046
FAS-003172,PRC-004072,2015-03-16,declinio_competencia,INS-001525,Declinada a competência (monocrática),FNT-000046
FAS-003173,PRC-004073,2017-06-26,arquivamento_inquerito,INS-001525,Determinado arquivamento (monocrática),FNT-000046
FAS-003174,PRC-004075,2017-03-03,arquivamento_inquerito,INS-001525,Determinado arquivamento (monocrática),FNT-000046
FAS-003175,PRC-004076,2013-03-12,arquivamento_inquerito,INS-001525,Determinado arquivamento (monocrática),FNT-000046
FAS-003176,PRC-004077,2015-07-01,declinio_competencia,INS-001525,Declinada a competência (monocrática),FNT-000046
FAS-003177,PRC-004078,2013-05-09,arquivamento_inquerito,INS-001525,Determinado arquivamento (monocrática),FNT-000046
FAS-003178,PRC-004079,2013-02-07,declinio_competencia,INS-001525,Declinada a competência (monocrática),FNT-000046
FAS-003179,PRC-004081,2012-12-06,arquivamento_inquerito,INS-001525,Determinado arquivamento (monocrática),FNT-000046
FAS-003180,PRC-004082,2012-11-23,arquivamento_inquerito,INS-001525,Determinado arquivamento (monocrática),FNT-000046
FAS-003181,PRC-004083,2012-09-21,arquivamento_inquerito,INS-001525,Determinado arquivamento (monocrática),FNT-000046
FAS-003182,PRC-004084,2013-04-10,arquivamento_inquerito,INS-001525,Determinado arquivamento (monocrática),FNT-000046
FAS-003183,PRC-004085,2014-07-11,arquivamento_inquerito,INS-001525,Determinado arquivamento (monocrática),FNT-000046
FAS-003184,PRC-004086,2015-03-04,declinio_competencia,INS-001525,Declinada a competência (monocrática),FNT-000046
FAS-003185,PRC-004087,2014-11-11,recebimento_denuncia,INS-001525,Recebida denúncia (1ª turma),FNT-000046
FAS-003186,PRC-004088,2012-09-27,arquivamento_inquerito,INS-001525,Determinado arquivamento (monocrática),FNT-000046
FAS-003187,PRC-004089,2012-08-02,arquivamento_inquerito,INS-001525,Determinado arquivamento (monocrática),FNT-000046
FAS-003188,PRC-004089,2012-08-02,arquivamento_inquerito,INS-001525,Determinado arquivamento (monocrática),FNT-000046
FAS-003189,PRC-004091,2013-03-12,arquivamento_inquerito,INS-001525,Determinado arquivamento (monocrática),FNT-000046
FAS-003190,PRC-004092,2016-03-29,declinio_competencia,INS-001525,Declinada a competência (monocrática),FNT-000046
FAS-003191,PRC-004093,2017-08-28,declinio_competencia,INS-001525,Declinada a competência (monocrática),FNT-000046
FAS-003192,PRC-004093,2018-06-12,declinio_competencia,INS-001525,Declinada a competência (monocrática),FNT-000046
FAS-003193,PRC-004094,2012-10-02,arquivamento_inquerito,INS-001525,Determinado arquivamento (monocrática),FNT-000046
FAS-003194,PRC-004095,2013-03-13,arquivamento_inquerito,INS-001525,Determinado arquivamento (monocrática),FNT-000046
FAS-003195,PRC-004096,2013-09-17,declinio_competencia,INS-001525,Declinada a competência (monocrática),FNT-000046
FAS-003196,PRC-004098,2015-08-24,declinio_competencia,INS-001525,Declinada a competência (monocrática),FNT-000046
FAS-003197,PRC-004100,2018-08-27,declinio_competencia,INS-001525,Declinada a competência (monocrática),FNT-000046
FAS-003198,PRC-004102,2014-06-10,arquivamento_inquerito,INS-001525,Determinado arquivamento (monocrática),FNT-000046
FAS-003199,PRC-004103,2013-02-05,arquivamento_inquerito,INS-001525,Determinado arquivamento (monocrática),FNT-000046
FAS-003200,PRC-004105,2013-08-02,arquivamento_inquerito,INS-001525,Determinado arquivamento (monocrática),FNT-000046
FAS-003201,PRC-004109,2014-04-28,arquivamento_inquerito,INS-001525,Determinado arquivamento (monocrática),FNT-000046
FAS-003202,PRC-004110,2013-06-13,arquivamento_inquerito,INS-001525,Determinado arquivamento (monocrática),FNT-000046
FAS-003203,PRC-004112,2015-05-29,arquivamento_inquerito,INS-001525,Determinado arquivamento (monocrática),FNT-000046
FAS-003204,PRC-004113,2013-04-17,arquivamento_inquerito,INS-001525,Determinado arquivamento (monocrática),FNT-000046
FAS-003205,PRC-004114,2015-02-20,declinio_competencia,INS-001525,Declinada a competência (monocrática),FNT-000046
FAS-003206,PRC-004115,2016-06-13,arquivamento_inquerito,INS-001525,Determinado arquivamento (monocrática),FNT-000046
FAS-003207,PRC-004116,2015-05-27,arquivamento_inquerito,INS-001525,Determinado arquivamento (monocrática),FNT-000046
FAS-003208,PRC-004118,2018-05-24,declinio_competencia,INS-001525,Declinada a competência (monocrática),FNT-000046
FAS-003209,PRC-004119,2018-05-09,declinio_competencia,INS-001525,Declinada a competência (monocrática),FNT-000046
FAS-003210,PRC-004120,2015-03-10,declinio_competencia,INS-001525,Declinada a competência (monocrática),FNT-000046
FAS-003211,PRC-004121,2013-03-13,arquivamento_inquerito,INS-001525,Determinado arquivamento (monocrática),FNT-000046
FAS-003212,PRC-004122,2012-12-12,arquivamento_inquerito,INS-001525,Determinado arquivamento (monocrática),FNT-000046
FAS-003213,PRC-004124,2014-09-05,arquivamento_inquerito,INS-001525,Determinado arquivamento (monocrática),FNT-000046
FAS-003214,PRC-004125,2014-05-08,rejeicao_denuncia,INS-001525,Rejeitada a denúncia (tribunal pleno),FNT-000046
FAS-003215,PRC-004126,2018-02-20,recebimento_denuncia,INS-001525,Recebida denúncia (1ª turma),FNT-000046
FAS-003216,PRC-004127,2015-02-05,declinio_competencia,INS-001525,Declinada a competência (monocrática),FNT-000046
FAS-003217,PRC-004128,2015-02-05,declinio_competencia,INS-001525,Declinada a competência (monocrática),FNT-000046
FAS-003218,PRC-004129,2014-05-23,arquivamento_inquerito,INS-001525,Determinado arquivamento (monocrática),FNT-000046
FAS-003219,PRC-004130,2013-04-17,arquivamento_inquerito,INS-001525,Determinado arquivamento (monocrática),FNT-000046
FAS-003220,PRC-004131,2016-08-08,arquivamento_inquerito,INS-001525,Determinado arquivamento (monocrática),FNT-000046
FAS-003221,PRC-004132,2015-02-05,declinio_competencia,INS-001525,Declinada a competência (monocrática),FNT-000046
FAS-003222,PRC-004133,2019-10-08,recebimento_denuncia,INS-001525,Recebida denúncia em parte (1ª turma),FNT-000046
FAS-003223,PRC-004134,2015-02-09,declinio_competencia,INS-001525,Declinada a competência (monocrática),FNT-000046
FAS-003224,PRC-004134,2015-06-23,recebimento_denuncia,INS-001525,Recebida denúncia (2ª turma),FNT-000046
FAS-003225,PRC-004135,2013-08-23,extincao_punibilidade,INS-001525,Declarada a extinção da punibilidade (monocrática),FNT-000046
FAS-003226,PRC-004136,2015-02-05,declinio_competencia,INS-001525,Declinada a competência (monocrática),FNT-000046
FAS-003227,PRC-004137,2015-02-18,declinio_competencia,INS-001525,Declinada a competência (monocrática),FNT-000046
FAS-003228,PRC-004138,2013-03-14,arquivamento_inquerito,INS-001525,Determinado arquivamento (monocrática),FNT-000046
FAS-003229,PRC-004139,2015-03-23,arquivamento_inquerito,INS-001525,Determinado arquivamento (monocrática),FNT-000046
FAS-003230,PRC-004140,2012-09-24,arquivamento_inquerito,INS-001525,Determinado arquivamento (monocrática),FNT-000046
FAS-003231,PRC-004142,2012-08-30,declinio_competencia,INS-001525,Declinada a competência (monocrática),FNT-000046
FAS-003232,PRC-004144,2013-10-24,arquivamento_inquerito,INS-001525,Determinado arquivamento (monocrática),FNT-000046
FAS-003233,PRC-004144,2015-09-22,arquivamento_inquerito,INS-001525,Determinado arquivamento (monocrática),FNT-000046
FAS-003234,PRC-004145,2013-03-14,arquivamento_inquerito,INS-001525,Determinado arquivamento (monocrática),FNT-000046
FAS-003235,PRC-004146,2018-05-28,declinio_competencia,INS-001525,Declinada a competência (monocrática),FNT-000046
FAS-003236,PRC-004147,2013-08-06,declinio_competencia,INS-001525,Declinada a competência (monocrática),FNT-000046
FAS-003237,PRC-004149,2013-08-07,declinio_competencia,INS-001525,Declinada a competência (monocrática),FNT-000046
FAS-003238,PRC-004150,2014-09-30,recebimento_denuncia,INS-001525,Recebida denúncia (2ª turma),FNT-000046
FAS-003239,PRC-004151,2014-09-09,recebimento_denuncia,INS-001525,Recebida denúncia (2ª turma),FNT-000046
FAS-003240,PRC-004152,2013-08-20,arquivamento_inquerito,INS-001525,Determinado arquivamento (monocrática),FNT-000046
FAS-003241,PRC-004153,2013-06-19,extincao_punibilidade,INS-001525,Declarada a extinção da punibilidade (monocrática),FNT-000046
FAS-003242,PRC-004154,2014-09-09,recebimento_denuncia,INS-001525,Recebida denúncia (1ª turma),FNT-000046
FAS-003243,PRC-004155,2017-02-10,declinio_competencia,INS-001525,Declinada a competência (monocrática),FNT-000046
FAS-003244,PRC-004156,2015-02-06,declinio_competencia,INS-001525,Declinada a competência (monocrática),FNT-000046
FAS-003245,PRC-004157,2013-05-09,arquivamento_inquerito,INS-001525,Determinado arquivamento (monocrática),FNT-000046
FAS-003246,PRC-004158,2013-06-24,arquivamento_inquerito,INS-001525,Determinado arquivamento (monocrática),FNT-000046
FAS-003247,PRC-004159,2012-11-30,arquivamento_inquerito,INS-001525,Determinado arquivamento (monocrática),FNT-000046
FAS-003248,PRC-004161,2015-09-02,extincao_punibilidade,INS-001525,Declarada a extinção da punibilidade (monocrática),FNT-000046
FAS-003249,PRC-004163,2015-08-04,declinio_competencia,INS-001525,Declinada a competência (monocrática),FNT-000046
FAS-003250,PRC-004164,2013-03-15,arquivamento_inquerito,INS-001525,Determinado arquivamento (monocrática),FNT-000046
FAS-003251,PRC-004166,2013-03-15,arquivamento_inquerito,INS-001525,Determinado arquivamento (monocrática),FNT-000046
FAS-003252,PRC-004167,2014-12-16,arquivamento_inquerito,INS-001525,Determinado arquivamento (1ª turma),FNT-000046
FAS-003253,PRC-004168,2013-02-01,declinio_competencia,INS-001525,Declinada a competência (monocrática),FNT-000046
FAS-003254,PRC-004170,2013-11-21,recebimento_denuncia,INS-001525,Recebida denúncia (tribunal pleno),FNT-000046
FAS-003255,PRC-004171,2014-09-16,rejeicao_denuncia,INS-001525,Rejeitada a denúncia (1ª turma),FNT-000046
FAS-003256,PRC-004173,2013-05-29,declinio_competencia,INS-001525,Declinada a competência (monocrática),FNT-000046
FAS-003257,PRC-004174,2013-03-13,extincao_punibilidade,INS-001525,Declarada a extinção da punibilidade (monocrática),FNT-000046
FAS-003258,PRC-004176,2013-12-06,extincao_punibilidade,INS-001525,Declarada a extinção da punibilidade (monocrática),FNT-000046
FAS-003259,PRC-004177,2016-08-02,extincao_punibilidade,INS-001525,Declarada a extinção da punibilidade (monocrática),FNT-000046
FAS-003260,PRC-004178,2014-02-28,arquivamento_inquerito,INS-001525,Determinado arquivamento (monocrática),FNT-000046
FAS-003261,PRC-004179,2014-08-19,recebimento_denuncia,INS-001525,Recebida denúncia em parte (2ª turma),FNT-000046
FAS-003262,PRC-004180,2013-02-20,declinio_competencia,INS-001525,Declinada a competência (monocrática),FNT-000046
FAS-003263,PRC-004181,2014-06-25,rejeicao_denuncia,INS-001525,Rejeitada a denúncia (1ª turma),FNT-000046
FAS-003264,PRC-004182,2015-02-09,declinio_competencia,INS-001525,Declinada a competência (monocrática),FNT-000046
FAS-003265,PRC-004183,2015-02-05,declinio_competencia,INS-001525,Declinada a competência (monocrática),FNT-000046
FAS-003266,PRC-004184,2014-06-27,arquivamento_inquerito,INS-001525,Determinado arquivamento (monocrática),FNT-000046
FAS-003267,PRC-004185,2014-06-27,arquivamento_inquerito,INS-001525,Determinado arquivamento (monocrática),FNT-000046
FAS-003268,PRC-004186,2015-08-06,arquivamento_inquerito,INS-001525,Determinado arquivamento (monocrática),FNT-000046
FAS-003269,PRC-004187,2014-06-27,arquivamento_inquerito,INS-001525,Determinado arquivamento (monocrática),FNT-000046
FAS-003270,PRC-004188,2014-08-29,arquivamento_inquerito,INS-001525,Determinado arquivamento (monocrática),FNT-000046
FAS-003271,PRC-004191,2014-11-04,arquivamento_inquerito,INS-001525,Determinado arquivamento (monocrática),FNT-000046
FAS-003272,PRC-004192,2015-03-06,declinio_competencia,INS-001525,Declinada a competência (monocrática),FNT-000046
FAS-003273,PRC-004193,2014-02-07,arquivamento_inquerito,INS-001525,Determinado arquivamento (monocrática),FNT-000046
FAS-003274,PRC-004194,2014-05-02,arquivamento_inquerito,INS-001525,Determinado arquivamento (monocrática),FNT-000046
FAS-003275,PRC-004195,2014-03-27,arquivamento_inquerito,INS-001525,Determinado arquivamento (monocrática),FNT-000046
FAS-003276,PRC-004196,2015-11-24,arquivamento_inquerito,INS-001525,Determinado arquivamento (monocrática),FNT-000046
FAS-003277,PRC-004197,2014-12-19,arquivamento_inquerito,INS-001525,Determinado arquivamento (monocrática),FNT-000046
FAS-003278,PRC-004198,2013-09-19,arquivamento_inquerito,INS-001525,Determinado arquivamento (monocrática),FNT-000046
FAS-003279,PRC-004199,2013-11-26,arquivamento_inquerito,INS-001525,Determinado arquivamento (monocrática),FNT-000046
FAS-003280,PRC-004200,2015-02-20,declinio_competencia,INS-001525,Declinada a competência (monocrática),FNT-000046
FAS-003281,PRC-004201,2014-06-10,arquivamento_inquerito,INS-001525,Determinado arquivamento (monocrática),FNT-000046
FAS-003282,PRC-004202,2014-06-24,recebimento_denuncia,INS-001525,Recebida denúncia (1ª turma),FNT-000046
FAS-003283,PRC-004203,2014-06-24,recebimento_denuncia,INS-001525,Recebida denúncia (1ª turma),FNT-000046
FAS-003284,PRC-004204,2015-05-27,arquivamento_inquerito,INS-001525,Determinado arquivamento (monocrática),FNT-000046
FAS-003285,PRC-004205,2014-08-12,rejeicao_denuncia,INS-001525,Rejeitada a denúncia (1ª turma),FNT-000046
FAS-003286,PRC-004209,2018-06-06,declinio_competencia,INS-001525,Declinada a competência (monocrática),FNT-000046
FAS-003287,PRC-004210,2018-05-09,arquivamento_inquerito,INS-001525,Determinado arquivamento (monocrática),FNT-000046
FAS-003288,PRC-004211,2015-02-03,declinio_competencia,INS-001525,Declinada a competência (monocrática),FNT-000046
FAS-003289,PRC-004212,2016-08-23,arquivamento_inquerito,INS-001525,Determinado arquivamento (monocrática),FNT-000046
FAS-003290,PRC-004213,2018-05-10,declinio_competencia,INS-001525,Declinada a competência (monocrática),FNT-000046
FAS-003291,PRC-004214,2015-02-18,declinio_competencia,INS-001525,Declinada a competência (monocrática),FNT-000046
FAS-003292,PRC-004215,2015-05-21,arquivamento_inquerito,INS-001525,Determinado arquivamento (monocrática),FNT-000046
FAS-003293,PRC-004216,2014-11-12,extincao_punibilidade,INS-001525,Declarada a extinção da punibilidade (monocrática),FNT-000046
FAS-003294,PRC-004216,2015-09-15,recebimento_denuncia,INS-001525,Recebida denúncia (1ª turma),FNT-000046
FAS-003295,PRC-004218,2014-02-07,declinio_competencia,INS-001525,Declinada a competência (monocrática),FNT-000046
FAS-003296,PRC-004220,2015-09-15,extincao_punibilidade,INS-001525,Declarada a extinção da punibilidade (1ª turma),FNT-000046
FAS-003297,PRC-004222,2015-05-18,arquivamento_inquerito,INS-001525,Determinado arquivamento (monocrática),FNT-000046
FAS-003298,PRC-004222,2017-11-09,arquivamento_inquerito,INS-001525,Determinado arquivamento (monocrática),FNT-000046
FAS-003299,PRC-004223,2014-08-20,arquivamento_inquerito,INS-001525,Determinado arquivamento (monocrática),FNT-000046
FAS-003300,PRC-004224,2014-08-19,arquivamento_inquerito,INS-001525,Determinado arquivamento (monocrática),FNT-000046
FAS-003301,PRC-004225,2015-03-24,arquivamento_inquerito,INS-001525,Determinado arquivamento (monocrática),FNT-000046
FAS-003302,PRC-004226,2018-05-08,declinio_competencia,INS-001525,Declinada a competência (monocrática),FNT-000046
FAS-003303,PRC-004227,2013-10-28,arquivamento_inquerito,INS-001525,Determinado arquivamento (monocrática),FNT-000046
FAS-003304,PRC-004228,2017-06-30,arquivamento_inquerito,INS-001525,Determinado arquivamento (monocrática),FNT-000046
FAS-003305,PRC-004229,2018-06-26,declinio_competencia,INS-001525,Declinada a competência (monocrática),FNT-000046
FAS-003306,PRC-004230,2013-10-28,arquivamento_inquerito,INS-001525,Determinado arquivamento (monocrática),FNT-000046
FAS-003307,PRC-004231,2019-02-25,arquivamento_inquerito,INS-001525,Determinado arquivamento (monocrática),FNT-000046
FAS-003308,PRC-004232,2014-03-07,arquivamento_inquerito,INS-001525,Determinado arquivamento (monocrática),FNT-000046
FAS-003309,PRC-004233,2015-02-03,declinio_competencia,INS-001525,Declinada a competência (monocrática),FNT-000046
FAS-003310,PRC-004234,2018-06-18,declinio_competencia,INS-001525,Declinada a competência (monocrática),FNT-000046
FAS-003311,PRC-004235,2017-03-28,recebimento_denuncia,INS-001525,Recebida denúncia (1ª turma),FNT-000046
FAS-003312,PRC-004236,2013-05-31,arquivamento_inquerito,INS-001525,Determinado arquivamento (monocrática),FNT-000046
FAS-003313,PRC-004237,2014-03-20,arquivamento_inquerito,INS-001525,Determinado arquivamento (monocrática),FNT-000046
FAS-003314,PRC-004238,2014-08-15,arquivamento_inquerito,INS-001525,Determinado arquivamento (monocrática),FNT-000046
FAS-003315,PRC-004239,2013-08-05,arquivamento_inquerito,INS-001525,Determinado arquivamento (monocrática),FNT-000046
FAS-003316,PRC-004240,2015-02-09,declinio_competencia,INS-001525,Declinada a competência (monocrática),FNT-000046
FAS-003317,PRC-004241,2017-11-30,extincao_punibilidade,INS-001525,Declarada a extinção da punibilidade (monocrática),FNT-000046
FAS-003318,PRC-004242,2018-03-14,extincao_punibilidade,INS-001525,Declarada a extinção da punibilidade (monocrática),FNT-000046
FAS-003319,PRC-004243,2018-05-02,extincao_punibilidade,INS-001525,Declarada a extinção da punibilidade (monocrática),FNT-000046
FAS-003320,PRC-004244,2018-04-12,extincao_punibilidade,INS-001525,Declarada a extinção da punibilidade (monocrática),FNT-000046
FAS-003321,PRC-004245,2015-09-18,arquivamento_inquerito,INS-001525,Determinado arquivamento (monocrática),FNT-000046
FAS-003322,PRC-004246,2015-06-02,recebimento_denuncia,INS-001525,Recebida denúncia (2ª turma),FNT-000046
FAS-003323,PRC-004247,2014-08-18,arquivamento_inquerito,INS-001525,Determinado arquivamento (monocrática),FNT-000046
FAS-003324,PRC-004247,2016-10-25,arquivamento_inquerito,INS-001525,Determinado arquivamento (monocrática),FNT-000046
FAS-003325,PRC-004248,2014-06-18,arquivamento_inquerito,INS-001525,Determinado arquivamento (monocrática),FNT-000046
FAS-003326,PRC-004249,2013-08-15,declinio_competencia,INS-001525,Declinada a competência (monocrática),FNT-000046
FAS-003327,PRC-004250,2015-02-05,declinio_competencia,INS-001525,Declinada a competência (monocrática),FNT-000046
FAS-003328,PRC-004251,2015-02-05,declinio_competencia,INS-001525,Declinada a competência (monocrática),FNT-000046
FAS-003329,PRC-004252,2014-05-28,arquivamento_inquerito,INS-001525,Determinado arquivamento (monocrática),FNT-000046
FAS-003330,PRC-004253,2015-07-01,declinio_competencia,INS-001525,Declinada a competência (monocrática),FNT-000046
FAS-003331,PRC-004254,2014-09-09,recebimento_denuncia,INS-001525,Recebida denúncia em parte (2ª turma),FNT-000046
FAS-003332,PRC-004255,2017-05-02,arquivamento_inquerito,INS-001525,Determinado arquivamento (monocrática),FNT-000046
FAS-003333,PRC-004256,2017-04-07,arquivamento_inquerito,INS-001525,Determinado arquivamento (monocrática),FNT-000046
FAS-003334,PRC-004257,2013-09-16,declinio_competencia,INS-001525,Declinada a competência (monocrática),FNT-000046
FAS-003335,PRC-004258,2015-02-09,declinio_competencia,INS-001525,Declinada a competência (monocrática),FNT-000046
FAS-003336,PRC-004259,2013-05-07,arquivamento_inquerito,INS-001525,Determinado arquivamento (monocrática),FNT-000046
FAS-003337,PRC-004260,2018-05-14,declinio_competencia,INS-001525,Declinada a competência (monocrática),FNT-000046
FAS-003338,PRC-004260,2020-04-28,rejeicao_denuncia,INS-001525,Rejeitada a denúncia (2ª turma),FNT-000046
FAS-003339,PRC-004261,2013-08-08,extincao_punibilidade,INS-001525,Declarada a extinção da punibilidade (monocrática),FNT-000046
FAS-003340,PRC-004261,2015-02-06,declinio_competencia,INS-001525,Declinada a competência (monocrática),FNT-000046
FAS-003341,PRC-004262,2013-08-27,arquivamento_inquerito,INS-001525,Determinado arquivamento (monocrática),FNT-000046
FAS-003342,PRC-004263,2016-03-07,arquivamento_inquerito,INS-001525,Determinado arquivamento (monocrática),FNT-000046
FAS-003343,PRC-004264,2013-08-27,arquivamento_inquerito,INS-001525,Determinado arquivamento (monocrática),FNT-000046
FAS-003344,PRC-004265,2016-03-16,arquivamento_inquerito,INS-001525,Determinado arquivamento (monocrática),FNT-000046
FAS-003345,PRC-004266,2015-03-06,declinio_competencia,INS-001525,Declinada a competência (monocrática),FNT-000046
FAS-003346,PRC-004267,2015-02-11,declinio_competencia,INS-001525,Declinada a competência (monocrática),FNT-000046
FAS-003347,PRC-004268,2015-09-15,arquivamento_inquerito,INS-001525,Determinado arquivamento (monocrática),FNT-000046
FAS-003348,PRC-004270,2014-05-22,declinio_competencia,INS-001525,Declinada a competência (monocrática),FNT-000046
FAS-003349,PRC-004271,2013-08-15,declinio_competencia,INS-001525,Declinada a competência (monocrática),FNT-000046
FAS-003350,PRC-004273,2015-09-22,arquivamento_inquerito,INS-001525,Determinado arquivamento (monocrática),FNT-000046
FAS-003351,PRC-004274,2015-03-06,arquivamento_inquerito,INS-001525,Determinado arquivamento (monocrática),FNT-000046
FAS-003352,PRC-004275,2015-02-05,declinio_competencia,INS-001525,Declinada a competência (monocrática),FNT-000046
FAS-003353,PRC-004276,2015-03-23,declinio_competencia,INS-001525,Declinada a competência (monocrática),FNT-000046
FAS-003354,PRC-004277,2014-09-23,recebimento_denuncia,INS-001525,Recebida denúncia em parte (2ª turma),FNT-000046
FAS-003355,PRC-004277,2015-02-09,declinio_competencia,INS-001525,Declinada a competência (monocrática),FNT-000046
FAS-003356,PRC-004278,2018-05-29,declinio_competencia,INS-001525,Declinada a competência (monocrática),FNT-000046
FAS-003357,PRC-004279,2014-10-14,recebimento_denuncia,INS-001525,Recebida denúncia (1ª turma),FNT-000046
FAS-003358,PRC-004280,2015-02-06,declinio_competencia,INS-001525,Declinada a competência (monocrática),FNT-000046
FAS-003359,PRC-004281,2014-09-15,declinio_competencia,INS-001525,Declinada a competência (monocrática),FNT-000046
FAS-003360,PRC-004281,2017-03-07,rejeicao_denuncia,INS-001525,Rejeitada a denúncia (1ª turma),FNT-000046
FAS-003361,PRC-004282,2013-09-17,arquivamento_inquerito,INS-001525,Determinado arquivamento (monocrática),FNT-000046
FAS-003362,PRC-004283,2014-09-30,recebimento_denuncia,INS-001525,Recebida denúncia (1ª turma),FNT-000046
FAS-003363,PRC-004285,2018-05-09,declinio_competencia,INS-001525,Declinada a competência (monocrática),FNT-000046
FAS-003364,PRC-004286,2013-10-09,arquivamento_inquerito,INS-001525,Determinado arquivamento (monocrática),FNT-000046
FAS-003365,PRC-004287,2016-02-22,arquivamento_inquerito,INS-001525,Determinado arquivamento (monocrática),FNT-000046
FAS-003366,PRC-004288,2013-10-15,arquivamento_inquerito,INS-001525,Determinado arquivamento (monocrática),FNT-000046
FAS-003367,PRC-004289,2015-03-12,declinio_competencia,INS-001525,Declinada a competência (monocrática),FNT-000046
FAS-003368,PRC-004290,2013-09-18,extincao_punibilidade,INS-001525,Declarada a extinção da punibilidade (monocrática),FNT-000046
FAS-003369,PRC-004291,2013-09-19,extincao_punibilidade,INS-001525,Declarada a extinção da punibilidade (monocrática),FNT-000046
FAS-003370,PRC-004292,2013-09-19,arquivamento_inquerito,INS-001525,Determinado arquivamento (monocrática),FNT-000046
FAS-003371,PRC-004293,2015-08-06,declinio_competencia,INS-001525,Declinada a competência (monocrática),FNT-000046
FAS-003372,PRC-004294,2013-09-30,arquivamento_inquerito,INS-001525,Determinado arquivamento (monocrática),FNT-000046
FAS-003373,PRC-004296,2014-08-08,arquivamento_inquerito,INS-001525,Determinado arquivamento (monocrática),FNT-000046
FAS-003374,PRC-004298,2015-02-06,declinio_competencia,INS-001525,Declinada a competência (monocrática),FNT-000046
FAS-003375,PRC-004299,2024-09-10,declinio_competencia,INS-001525,Declinada a competência (monocrática),FNT-000046
FAS-003376,PRC-004301,2017-05-02,arquivamento_inquerito,INS-001525,Determinado arquivamento (monocrática),FNT-000046
FAS-003377,PRC-004302,2014-10-07,recebimento_denuncia,INS-001525,Recebida denúncia (1ª turma),FNT-000046
FAS-003378,PRC-004303,2014-08-19,recebimento_denuncia,INS-001525,Recebida denúncia (2ª turma),FNT-000046
FAS-003379,PRC-004304,2018-05-29,declinio_competencia,INS-001525,Declinada a competência (monocrática),FNT-000046
FAS-003380,PRC-004305,2014-08-19,recebimento_denuncia,INS-001525,Recebida denúncia (2ª turma),FNT-000046
FAS-003381,PRC-004307,2017-02-07,arquivamento_inquerito,INS-001525,Determinado arquivamento (monocrática),FNT-000046
FAS-003382,PRC-004308,2020-02-11,recebimento_denuncia,INS-001525,Recebida denúncia (1ª turma),FNT-000046
FAS-003383,PRC-004309,2014-08-29,declinio_competencia,INS-001525,Declinada a competência (monocrática),FNT-000046
FAS-003384,PRC-004310,2013-10-24,arquivamento_inquerito,INS-001525,Determinado arquivamento (monocrática),FNT-000046
FAS-003385,PRC-004311,2025-08-05,arquivamento_inquerito,INS-001525,Determinado arquivamento (monocrática),FNT-000046
FAS-003386,PRC-004312,2015-06-02,rejeicao_denuncia,INS-001525,Rejeitada a denúncia (2ª turma),FNT-000046
FAS-003387,PRC-004313,2015-05-26,arquivamento_inquerito,INS-001525,Determinado arquivamento (monocrática),FNT-000046
FAS-003388,PRC-004314,2013-10-11,declinio_competencia,INS-001525,Declinada a competência (monocrática),FNT-000046
FAS-003389,PRC-004314,2018-05-14,declinio_competencia,INS-001525,Declinada a competência (monocrática),FNT-000046
FAS-003390,PRC-004315,2014-08-29,declinio_competencia,INS-001525,Declinada a competência (monocrática),FNT-000046
FAS-003391,PRC-004317,2019-04-09,rejeicao_denuncia,INS-001525,Rejeitada a denúncia (2ª turma),FNT-000046
FAS-003392,PRC-004318,2015-02-11,declinio_competencia,INS-001525,Declinada a competência (monocrática),FNT-000046
FAS-003393,PRC-004319,2015-03-04,declinio_competencia,INS-001525,Declinada a competência (monocrática),FNT-000046
FAS-003394,PRC-004320,2015-09-15,recebimento_denuncia,INS-001525,Recebida denúncia (1ª turma),FNT-000046
FAS-003395,PRC-004321,2016-06-07,arquivamento_inquerito,INS-001525,Determinado arquivamento (monocrática),FNT-000046
FAS-003396,PRC-004322,2014-02-20,declinio_competencia,INS-001525,Declinada a competência (monocrática),FNT-000046
FAS-003397,PRC-004323,2015-03-12,extincao_punibilidade,INS-001525,Declarada a extinção da punibilidade (monocrática),FNT-000046
FAS-003398,PRC-004324,2014-04-22,arquivamento_inquerito,INS-001525,Determinado arquivamento (monocrática),FNT-000046
FAS-003399,PRC-004325,2014-08-12,rejeicao_denuncia,INS-001525,Rejeitada a denúncia (1ª turma),FNT-000046
FAS-003400,PRC-004326,2015-05-27,arquivamento_inquerito,INS-001525,Determinado arquivamento (monocrática),FNT-000046
FAS-003401,PRC-004327,2015-02-27,declinio_competencia,INS-001525,Declinada a competência (monocrática),FNT-000046
FAS-003402,PRC-004327,2017-05-22,declinio_competencia,INS-001525,Declinada a competência (monocrática),FNT-000046
FAS-003403,PRC-004328,2015-02-09,declinio_competencia,INS-001525,Declinada a competência (monocrática),FNT-000046
FAS-003404,PRC-004330,2015-02-12,declinio_competencia,INS-001525,Declinada a competência (monocrática),FNT-000046
FAS-003405,PRC-004331,2017-10-11,arquivamento_inquerito,INS-001525,Determinado arquivamento (monocrática),FNT-000046
FAS-003406,PRC-004332,2017-02-08,declinio_competencia,INS-001525,Declinada a competência (monocrática),FNT-000046
FAS-003407,PRC-004334,2015-02-20,extincao_punibilidade,INS-001525,Declarada a extinção da punibilidade (monocrática),FNT-000046
FAS-003408,PRC-004336,2016-02-02,rejeicao_denuncia,INS-001525,Rejeitada a denúncia (2ª turma),FNT-000046
FAS-003409,PRC-004337,2016-03-08,rejeicao_denuncia,INS-001525,Rejeitada a denúncia (2ª turma),FNT-000046
FAS-003410,PRC-004338,2015-05-29,arquivamento_inquerito,INS-001525,Determinado arquivamento (monocrática),FNT-000046
FAS-003411,PRC-004339,2015-02-10,declinio_competencia,INS-001525,Declinada a competência (1ª turma),FNT-000046
FAS-003412,PRC-004340,2013-12-23,arquivamento_inquerito,INS-001525,Determinado arquivamento (monocrática),FNT-000046
FAS-003413,PRC-004341,2018-09-26,extincao_punibilidade,INS-001525,Declarada a extinção da punibilidade (monocrática),FNT-000046
FAS-003414,PRC-004343,2014-09-17,arquivamento_inquerito,INS-001525,Determinado arquivamento (monocrática),FNT-000046
FAS-003415,PRC-004344,2015-02-05,declinio_competencia,INS-001525,Declinada a competência (monocrática),FNT-000046
FAS-003416,PRC-004345,2013-10-24,declinio_competencia,INS-001525,Declinada a competência (monocrática),FNT-000046
FAS-003417,PRC-004346,2015-05-13,declinio_competencia,INS-001525,Declinada a competência (monocrática),FNT-000046
FAS-003418,PRC-004347,2016-10-20,arquivamento_inquerito,INS-001525,Determinado arquivamento (monocrática),FNT-000046
FAS-003419,PRC-004348,2015-08-10,arquivamento_inquerito,INS-001525,Determinado arquivamento (monocrática),FNT-000046
FAS-003420,PRC-004350,2015-05-26,declinio_competencia,INS-001525,Declinada a competência (monocrática),FNT-000046
FAS-003421,PRC-004351,2015-02-06,declinio_competencia,INS-001525,Declinada a competência (monocrática),FNT-000046
FAS-003422,PRC-004352,2014-08-29,declinio_competencia,INS-001525,Declinada a competência (monocrática),FNT-000046
FAS-003423,PRC-004353,2014-10-13,arquivamento_inquerito,INS-001525,Determinado arquivamento (monocrática),FNT-000046
FAS-003424,PRC-004354,2014-10-09,arquivamento_inquerito,INS-001525,Determinado arquivamento (monocrática),FNT-000046
FAS-003425,PRC-004356,2014-08-26,rejeicao_denuncia,INS-001525,Rejeitada a denúncia (2ª turma),FNT-000046
FAS-003426,PRC-004357,2017-04-18,rejeicao_denuncia,INS-001525,Rejeitada a denúncia (1ª turma),FNT-000046
FAS-003427,PRC-004358,2013-09-30,declinio_competencia,INS-001525,Declinada a competência (monocrática),FNT-000046
FAS-003428,PRC-004359,2015-02-05,declinio_competencia,INS-001525,Declinada a competência (monocrática),FNT-000046
FAS-003429,PRC-004360,2015-09-21,arquivamento_inquerito,INS-001525,Determinado arquivamento (monocrática),FNT-000046
FAS-003430,PRC-004361,2014-07-03,arquivamento_inquerito,INS-001525,Determinado arquivamento (monocrática),FNT-000046
FAS-003431,PRC-004362,2014-10-15,declinio_competencia,INS-001525,Declinada a competência (monocrática),FNT-000046
FAS-003432,PRC-004363,2014-11-07,arquivamento_inquerito,INS-001525,Determinado arquivamento (monocrática),FNT-000046
FAS-003433,PRC-004364,2015-05-11,arquivamento_inquerito,INS-001525,Determinado arquivamento (monocrática),FNT-000046
FAS-003434,PRC-004365,2017-02-02,declinio_competencia,INS-001525,Declinada a competência (monocrática),FNT-000046
FAS-003435,PRC-004366,2015-08-07,arquivamento_inquerito,INS-001525,Determinado arquivamento (monocrática),FNT-000046
FAS-003436,PRC-004368,2014-05-09,declinio_competencia,INS-001525,Declinada a competência (monocrática),FNT-000046
FAS-003437,PRC-004368,2015-03-19,arquivamento_inquerito,INS-001525,Determinado arquivamento (monocrática),FNT-000046
FAS-003438,PRC-004369,2015-07-01,declinio_competencia,INS-001525,Declinada a competência (monocrática),FNT-000046
FAS-003439,PRC-004370,2014-10-28,recebimento_denuncia,INS-001525,Recebida denúncia (1ª turma),FNT-000046
FAS-003440,PRC-004371,2013-12-19,extincao_punibilidade,INS-001525,Declarada a extinção da punibilidade (monocrática),FNT-000046
FAS-003441,PRC-004372,2015-02-03,declinio_competencia,INS-001525,Declinada a competência (monocrática),FNT-000046
FAS-003442,PRC-004373,2014-02-05,extincao_punibilidade,INS-001525,Declarada a extinção da punibilidade (monocrática),FNT-000046
FAS-003443,PRC-004374,2014-11-19,arquivamento_inquerito,INS-001525,Determinado arquivamento (monocrática),FNT-000046
FAS-003444,PRC-004376,2014-08-07,declinio_competencia,INS-001525,Declinada a competência (monocrática),FNT-000046
FAS-003445,PRC-004377,2014-10-31,extincao_punibilidade,INS-001525,Declarada a extinção da punibilidade (monocrática),FNT-000046
FAS-003446,PRC-004378,2014-10-07,rejeicao_denuncia,INS-001525,Rejeitada a denúncia (1ª turma),FNT-000046
FAS-003447,PRC-004381,2015-03-18,declinio_competencia,INS-001525,Declinada a competência (monocrática),FNT-000046
FAS-003448,PRC-004383,2014-08-06,arquivamento_inquerito,INS-001525,Determinado arquivamento (monocrática),FNT-000046
FAS-003449,PRC-004384,2014-06-02,arquivamento_inquerito,INS-001525,Determinado arquivamento (monocrática),FNT-000046
FAS-003450,PRC-004385,2015-02-05,declinio_competencia,INS-001525,Declinada a competência (monocrática),FNT-000046
FAS-003451,PRC-004386,2016-05-10,arquivamento_inquerito,INS-001525,Determinado arquivamento (monocrática),FNT-000046
FAS-003452,PRC-004386,2019-02-05,declinio_competencia,INS-001525,Declinada a competência (monocrática),FNT-000046
FAS-003453,PRC-004387,2015-04-28,declinio_competencia,INS-001525,Declinada a competência (monocrática),FNT-000046
FAS-003454,PRC-004388,2015-05-15,arquivamento_inquerito,INS-001525,Determinado arquivamento (monocrática),FNT-000046
FAS-003455,PRC-004389,2019-02-06,declinio_competencia,INS-001525,Declinada a competência (monocrática),FNT-000046
FAS-003456,PRC-004391,2018-06-29,declinio_competencia,INS-001525,Declinada a competência (monocrática),FNT-000046
FAS-003457,PRC-004392,2014-05-02,extincao_punibilidade,INS-001525,Declarada a extinção da punibilidade (monocrática),FNT-000046
FAS-003458,PRC-004393,2017-04-24,arquivamento_inquerito,INS-001525,Determinado arquivamento (monocrática),FNT-000046
FAS-003459,PRC-004394,2015-05-27,arquivamento_inquerito,INS-001525,Determinado arquivamento (monocrática),FNT-000046
FAS-003460,PRC-004395,2014-12-15,declinio_competencia,INS-001525,Declinada a competência (monocrática),FNT-000046
FAS-003461,PRC-004396,2015-07-02,declinio_competencia,INS-001525,Declinada a competência (monocrática),FNT-000046
FAS-003462,PRC-004397,2017-04-11,declinio_competencia,INS-001525,Declinada a competência (monocrática),FNT-000046
FAS-003463,PRC-004398,2014-03-05,declinio_competencia,INS-001525,Declinada a competência (monocrática),FNT-000046
FAS-003464,PRC-004399,2014-08-27,declinio_competencia,INS-001525,Declinada a competência (monocrática),FNT-000046
FAS-003465,PRC-004399,2016-04-27,arquivamento_inquerito,INS-001525,Determinado arquivamento (monocrática),FNT-000046
FAS-003466,PRC-004400,2018-05-11,declinio_competencia,INS-001525,Declinada a competência (monocrática),FNT-000046
FAS-003467,PRC-004401,2015-07-01,declinio_competencia,INS-001525,Declinada a competência (monocrática),FNT-000046
FAS-003468,PRC-004402,2015-02-05,declinio_competencia,INS-001525,Declinada a competência (monocrática),FNT-000046
FAS-003469,PRC-004403,2015-03-30,declinio_competencia,INS-001525,Declinada a competência (monocrática),FNT-000046
FAS-003470,PRC-004404,2015-02-05,declinio_competencia,INS-001525,Declinada a competência (monocrática),FNT-000046
FAS-003471,PRC-004405,2015-08-04,arquivamento_inquerito,INS-001525,Determinado arquivamento (monocrática),FNT-000046
FAS-003472,PRC-004408,2018-05-14,declinio_competencia,INS-001525,Declinada a competência (monocrática),FNT-000046
FAS-003473,PRC-004409,2015-05-26,arquivamento_inquerito,INS-001525,Determinado arquivamento (monocrática),FNT-000046
FAS-003474,PRC-004410,2015-11-24,rejeicao_denuncia,INS-001525,Rejeitada a denúncia (1ª turma),FNT-000046
FAS-003475,PRC-004411,2014-08-28,arquivamento_inquerito,INS-001525,Determinado arquivamento (monocrática),FNT-000046
FAS-003476,PRC-004412,2014-02-14,arquivamento_inquerito,INS-001525,Determinado arquivamento (monocrática),FNT-000046
FAS-003477,PRC-004414,2015-02-10,arquivamento_inquerito,INS-001525,Determinado arquivamento (1ª turma),FNT-000046
FAS-003478,PRC-004414,2019-03-06,arquivamento_inquerito,INS-001525,Determinado arquivamento (monocrática),FNT-000046
FAS-003479,PRC-004415,2016-06-14,declinio_competencia,INS-001525,Declinada a competência (monocrática),FNT-000046
FAS-003480,PRC-004417,2014-04-02,arquivamento_inquerito,INS-001525,Determinado arquivamento (monocrática),FNT-000046
FAS-003481,PRC-004418,2015-03-16,declinio_competencia,INS-001525,Declinada a competência (monocrática),FNT-000046
FAS-003482,PRC-004421,2016-11-22,arquivamento_inquerito,INS-001525,Determinado arquivamento (monocrática),FNT-000046
FAS-003483,PRC-004422,2014-10-10,declinio_competencia,INS-001525,Declinada a competência (monocrática),FNT-000046
FAS-003484,PRC-004424,2018-05-18,declinio_competencia,INS-001525,Declinada a competência (monocrática),FNT-000046
FAS-003485,PRC-004425,2014-12-05,arquivamento_inquerito,INS-001525,Determinado arquivamento (monocrática),FNT-000046
FAS-003486,PRC-004426,2014-07-16,arquivamento_inquerito,INS-001525,Determinado arquivamento (monocrática),FNT-000046
FAS-003487,PRC-004427,2014-07-16,arquivamento_inquerito,INS-001525,Determinado arquivamento (monocrática),FNT-000046
FAS-003488,PRC-004428,2015-05-29,arquivamento_inquerito,INS-001525,Determinado arquivamento (monocrática),FNT-000046
FAS-003489,PRC-004429,2015-03-16,declinio_competencia,INS-001525,Declinada a competência (monocrática),FNT-000046
FAS-003490,PRC-004430,2014-08-29,arquivamento_inquerito,INS-001525,Determinado arquivamento (monocrática),FNT-000046
FAS-003491,PRC-004431,2015-02-24,declinio_competencia,INS-001525,Declinada a competência (monocrática),FNT-000046
FAS-003492,PRC-004432,2014-08-29,arquivamento_inquerito,INS-001525,Determinado arquivamento (monocrática),FNT-000046
FAS-003493,PRC-004433,2015-05-19,arquivamento_inquerito,INS-001525,Determinado arquivamento (monocrática),FNT-000046
FAS-003494,PRC-004434,2015-02-10,declinio_competencia,INS-001525,Declinada a competência (monocrática),FNT-000046
FAS-003495,PRC-004435,2015-05-22,arquivamento_inquerito,INS-001525,Determinado arquivamento (monocrática),FNT-000046
FAS-003496,PRC-004436,2014-04-30,declinio_competencia,INS-001525,Declinada a competência (monocrática),FNT-000046
FAS-003497,PRC-004437,2015-02-05,declinio_competencia,INS-001525,Declinada a competência (monocrática),FNT-000046
FAS-003498,PRC-004438,2016-05-23,arquivamento_inquerito,INS-001525,Determinado arquivamento (monocrática),FNT-000046
FAS-003499,PRC-004438,2016-06-21,arquivamento_inquerito,INS-001525,Determinado arquivamento (monocrática),FNT-000046
FAS-003500,PRC-004439,2014-09-05,declinio_competencia,INS-001525,Declinada a competência (monocrática),FNT-000046
FAS-003501,PRC-004440,2018-09-10,arquivamento_inquerito,INS-001525,Determinado arquivamento (monocrática),FNT-000046
FAS-003502,PRC-004440,2019-08-01,declinio_competencia,INS-001525,Declinada a competência (monocrática),FNT-000046
FAS-003503,PRC-004440,2025-05-21,arquivamento_inquerito,INS-001525,Determinado arquivamento (monocrática),FNT-000046
FAS-003504,PRC-004441,2014-08-26,arquivamento_inquerito,INS-001525,Determinado arquivamento (monocrática),FNT-000046
FAS-003505,PRC-004442,2014-11-05,arquivamento_inquerito,INS-001525,Determinado arquivamento (monocrática),FNT-000046
FAS-003506,PRC-004443,2014-09-04,arquivamento_inquerito,INS-001525,Determinado arquivamento (monocrática),FNT-000046
FAS-003507,PRC-004444,2017-09-13,declinio_competencia,INS-001525,Declinada a competência (monocrática),FNT-000046
FAS-003508,PRC-004445,2015-03-19,declinio_competencia,INS-001525,Declinada a competência (monocrática),FNT-000046
FAS-003509,PRC-004446,2018-05-08,declinio_competencia,INS-001525,Declinada a competência (monocrática),FNT-000046
FAS-003510,PRC-004447,2018-05-15,declinio_competencia,INS-001525,Declinada a competência (monocrática),FNT-000046
FAS-003511,PRC-004449,2014-09-16,extincao_punibilidade,INS-001525,Declarada a extinção da punibilidade (monocrática),FNT-000046
FAS-003512,PRC-004450,2014-09-16,arquivamento_inquerito,INS-001525,Determinado arquivamento (monocrática),FNT-000046
FAS-003513,PRC-004451,2015-03-04,declinio_competencia,INS-001525,Declinada a competência (monocrática),FNT-000046
FAS-003514,PRC-004452,2014-10-31,extincao_punibilidade,INS-001525,Declarada a extinção da punibilidade (monocrática),FNT-000046
FAS-003515,PRC-004453,2014-10-31,extincao_punibilidade,INS-001525,Declarada a extinção da punibilidade (monocrática),FNT-000046
FAS-003516,PRC-004454,2014-05-30,arquivamento_inquerito,INS-001525,Determinado arquivamento (monocrática),FNT-000046
FAS-003517,PRC-004455,2014-10-31,arquivamento_inquerito,INS-001525,Determinado arquivamento (monocrática),FNT-000046
FAS-003518,PRC-004456,2014-10-31,arquivamento_inquerito,INS-001525,Determinado arquivamento (monocrática),FNT-000046
FAS-003519,PRC-004458,2015-02-23,declinio_competencia,INS-001525,Declinada a competência (monocrática),FNT-000046
FAS-003520,PRC-004459,2015-03-16,declinio_competencia,INS-001525,Declinada a competência (monocrática),FNT-000046
FAS-003521,PRC-004460,2015-03-24,declinio_competencia,INS-001525,Declinada a competência (monocrática),FNT-000046
FAS-003522,PRC-004461,2015-07-01,declinio_competencia,INS-001525,Declinada a competência (monocrática),FNT-000046
FAS-003523,PRC-004462,2015-02-09,declinio_competencia,INS-001525,Declinada a competência (monocrática),FNT-000046
FAS-003524,PRC-004463,2015-02-09,declinio_competencia,INS-001525,Declinada a competência (monocrática),FNT-000046
FAS-003525,PRC-004464,2015-02-09,declinio_competencia,INS-001525,Declinada a competência (monocrática),FNT-000046
FAS-003526,PRC-004465,2015-02-09,declinio_competencia,INS-001525,Declinada a competência (monocrática),FNT-000046
FAS-003527,PRC-004468,2016-06-08,arquivamento_inquerito,INS-001525,Determinado arquivamento (monocrática),FNT-000046
FAS-003528,PRC-004469,2017-10-09,extincao_punibilidade,INS-001525,Declarada a extinção da punibilidade (monocrática),FNT-000046
FAS-003529,PRC-004469,2018-08-24,declinio_competencia,INS-001525,Declinada a competência (monocrática),FNT-000046
FAS-003530,PRC-004470,2015-04-06,arquivamento_inquerito,INS-001525,Determinado arquivamento (monocrática),FNT-000046
FAS-003531,PRC-004471,2015-02-09,declinio_competencia,INS-001525,Declinada a competência (monocrática),FNT-000046
FAS-003532,PRC-004472,2015-02-06,declinio_competencia,INS-001525,Declinada a competência (monocrática),FNT-000046
FAS-003533,PRC-004473,2014-12-05,arquivamento_inquerito,INS-001525,Determinado arquivamento (monocrática),FNT-000046
FAS-003534,PRC-004474,2014-12-05,arquivamento_inquerito,INS-001525,Determinado arquivamento (monocrática),FNT-000046
FAS-003535,PRC-004475,2014-09-15,declinio_competencia,INS-001525,Declinada a competência (monocrática),FNT-000046
FAS-003536,PRC-004478,2015-08-25,arquivamento_inquerito,INS-001525,Determinado arquivamento (monocrática),FNT-000046
FAS-003537,PRC-004480,2015-03-04,declinio_competencia,INS-001525,Declinada a competência (monocrática),FNT-000046
FAS-003538,PRC-004481,2018-06-18,declinio_competencia,INS-001525,Declinada a competência (monocrática),FNT-000046
FAS-003539,PRC-004483,2014-09-04,declinio_competencia,INS-001525,Declinada a competência (monocrática),FNT-000046
FAS-003540,PRC-004485,2015-03-06,declinio_competencia,INS-001525,Declinada a competência (monocrática),FNT-000046
FAS-003541,PRC-004486,2015-05-14,arquivamento_inquerito,INS-001525,Determinado arquivamento (monocrática),FNT-000046
FAS-003542,PRC-004487,2015-02-20,declinio_competencia,INS-001525,Declinada a competência (monocrática),FNT-000046
FAS-003543,PRC-004488,2014-12-05,declinio_competencia,INS-001525,Declinada a competência (monocrática),FNT-000046
FAS-003544,PRC-004490,2017-12-12,arquivamento_inquerito,INS-001525,Determinado arquivamento (monocrática),FNT-000046
FAS-003545,PRC-004491,2015-02-05,declinio_competencia,INS-001525,Declinada a competência (monocrática),FNT-000046
FAS-003546,PRC-004491,2017-11-08,arquivamento_inquerito,INS-001525,Determinado arquivamento (monocrática),FNT-000046
FAS-003547,PRC-004491,2018-12-17,declinio_competencia,INS-001525,Declinada a competência (monocrática),FNT-000046
FAS-003548,PRC-004491,2024-07-05,extincao_punibilidade,INS-001525,Declarada a extinção da punibilidade (monocrática),FNT-000046
FAS-003549,PRC-004492,2015-04-22,arquivamento_inquerito,INS-001525,Determinado arquivamento (monocrática),FNT-000046
FAS-003550,PRC-004494,2019-08-09,arquivamento_inquerito,INS-001525,Determinado arquivamento (monocrática),FNT-000046
FAS-003551,PRC-004495,2018-05-29,declinio_competencia,INS-001525,Declinada a competência (monocrática),FNT-000046
FAS-003552,PRC-004496,2014-12-02,declinio_competencia,INS-001525,Declinada a competência (monocrática),FNT-000046
FAS-003553,PRC-004496,2015-05-18,arquivamento_inquerito,INS-001525,Determinado arquivamento (monocrática),FNT-000046
FAS-003554,PRC-004497,2015-03-19,declinio_competencia,INS-001525,Declinada a competência (monocrática),FNT-000046
FAS-003555,PRC-004498,2018-02-06,declinio_competencia,INS-001525,Declinada a competência (monocrática),FNT-000046
FAS-003556,PRC-004499,2015-02-05,declinio_competencia,INS-001525,Declinada a competência (monocrática),FNT-000046
FAS-003557,PRC-004499,2015-08-24,arquivamento_inquerito,INS-001525,Determinado arquivamento (monocrática),FNT-000046
FAS-003558,PRC-004500,2015-06-30,arquivamento_inquerito,INS-001525,Determinado arquivamento (monocrática),FNT-000046
FAS-003559,PRC-004501,2014-10-24,declinio_competencia,INS-001525,Declinada a competência (monocrática),FNT-000046
FAS-003560,PRC-004502,2015-03-24,declinio_competencia,INS-001525,Declinada a competência (monocrática),FNT-000046
FAS-003561,PRC-004503,2015-05-21,arquivamento_inquerito,INS-001525,Determinado arquivamento (monocrática),FNT-000046
FAS-003562,PRC-004504,2019-03-08,declinio_competencia,INS-001525,Declinada a competência (monocrática),FNT-000046
FAS-003563,PRC-004505,2014-11-25,arquivamento_inquerito,INS-001525,Determinado arquivamento (monocrática),FNT-000046
FAS-003564,PRC-004506,2015-08-27,extincao_punibilidade,INS-001525,Declarada a extinção da punibilidade (monocrática),FNT-000046
FAS-003565,PRC-004507,2015-10-27,rejeicao_denuncia,INS-001525,Rejeitada a denúncia (1ª turma),FNT-000046
FAS-003566,PRC-004508,2015-02-27,declinio_competencia,INS-001525,Declinada a competência (monocrática),FNT-000046
FAS-003567,PRC-004509,2014-12-09,declinio_competencia,INS-001525,Declinada a competência (monocrática),FNT-000046
FAS-003568,PRC-004509,2018-05-17,declinio_competencia,INS-001525,Declinada a competência (monocrática),FNT-000046
FAS-003569,PRC-004513,2014-12-19,extincao_punibilidade,INS-001525,Declarada a extinção da punibilidade (monocrática),FNT-000046
FAS-003570,PRC-004514,2016-06-21,recebimento_denuncia,INS-001525,Recebida denúncia (1ª turma),FNT-000046
FAS-003571,PRC-004516,2017-04-26,arquivamento_inquerito,INS-001525,Determinado arquivamento (monocrática),FNT-000046
FAS-003572,PRC-004517,2015-03-11,declinio_competencia,INS-001525,Declinada a competência (monocrática),FNT-000046
FAS-003573,PRC-004518,2016-11-18,arquivamento_inquerito,INS-001525,Determinado arquivamento (monocrática),FNT-000046
FAS-003574,PRC-004519,2015-03-10,arquivamento_inquerito,INS-001525,Determinado arquivamento (monocrática),FNT-000046
FAS-003575,PRC-004520,2016-04-29,arquivamento_inquerito,INS-001525,Determinado arquivamento (monocrática),FNT-000046
FAS-003576,PRC-004522,2016-06-13,extincao_punibilidade,INS-001525,Declarada a extinção da punibilidade (monocrática),FNT-000046
FAS-003577,PRC-004523,2015-10-19,arquivamento_inquerito,INS-001525,Determinado arquivamento (monocrática),FNT-000046
FAS-003578,PRC-004524,2015-03-05,arquivamento_inquerito,INS-001525,Determinado arquivamento (monocrática),FNT-000046
FAS-003579,PRC-004526,2018-03-27,arquivamento_inquerito,INS-001525,Determinado arquivamento (monocrática),FNT-000046
FAS-003580,PRC-004527,2015-08-10,extincao_punibilidade,INS-001525,Declarada a extinção da punibilidade (monocrática),FNT-000046
FAS-003581,PRC-004528,2016-11-22,rejeicao_denuncia,INS-001525,Rejeitada a denúncia (1ª turma),FNT-000046
FAS-003582,PRC-004529,2018-08-23,declinio_competencia,INS-001525,Declinada a competência (monocrática),FNT-000046
FAS-003583,PRC-004530,2018-05-09,arquivamento_inquerito,INS-001525,Determinado arquivamento (monocrática),FNT-000046
FAS-003584,PRC-004531,2015-03-04,declinio_competencia,INS-001525,Declinada a competência (monocrática),FNT-000046
FAS-003585,PRC-004532,2018-08-01,declinio_competencia,INS-001525,Declinada a competência (monocrática),FNT-000046
FAS-003586,PRC-004533,2015-03-20,arquivamento_inquerito,INS-001525,Determinado arquivamento (monocrática),FNT-000046
FAS-003587,PRC-004534,2016-02-19,arquivamento_inquerito,INS-001525,Determinado arquivamento (monocrática),FNT-000046
FAS-003588,PRC-004535,2015-06-10,arquivamento_inquerito,INS-001525,Determinado arquivamento (monocrática),FNT-000046
FAS-003589,PRC-004536,2017-03-02,arquivamento_inquerito,INS-001525,Determinado arquivamento (monocrática),FNT-000046
FAS-003590,PRC-004537,2017-08-03,arquivamento_inquerito,INS-001525,Determinado arquivamento (monocrática),FNT-000046
FAS-003591,PRC-004539,2016-09-06,arquivamento_inquerito,INS-001525,Determinado arquivamento (monocrática),FNT-000046
FAS-003592,PRC-004540,2018-02-20,rejeicao_denuncia,INS-001525,Rejeitada a denúncia (1ª turma),FNT-000046
FAS-003593,PRC-004541,2015-10-29,arquivamento_inquerito,INS-001525,Determinado arquivamento (monocrática),FNT-000046
FAS-003594,PRC-004541,2016-02-03,arquivamento_inquerito,INS-001525,Determinado arquivamento (monocrática),FNT-000046
FAS-003595,PRC-004542,2015-06-01,declinio_competencia,INS-001525,Declinada a competência (monocrática),FNT-000046
FAS-003596,PRC-004544,2015-09-08,recebimento_denuncia,INS-001525,Recebida denúncia (2ª turma),FNT-000046
FAS-003597,PRC-004546,2017-09-14,arquivamento_inquerito,INS-001525,Determinado arquivamento (monocrática),FNT-000046
FAS-003598,PRC-004547,2015-04-15,arquivamento_inquerito,INS-001525,Determinado arquivamento (monocrática),FNT-000046
FAS-003599,PRC-004548,2015-10-27,arquivamento_inquerito,INS-001525,Determinado arquivamento (monocrática),FNT-000046
FAS-003600,PRC-004549,2015-03-20,declinio_competencia,INS-001525,Declinada a competência (monocrática),FNT-000046
FAS-003601,PRC-004550,2015-12-07,rejeicao_denuncia,INS-001525,Rejeitada a denúncia (monocrática),FNT-000046
FAS-003602,PRC-004551,2015-05-19,arquivamento_inquerito,INS-001525,Determinado arquivamento (monocrática),FNT-000046
FAS-003603,PRC-004552,2018-05-09,declinio_competencia,INS-001525,Declinada a competência (monocrática),FNT-000046
FAS-003604,PRC-004553,2018-02-02,extincao_punibilidade,INS-001525,Declarada a extinção da punibilidade (monocrática),FNT-000046
FAS-003605,PRC-004554,2016-11-25,arquivamento_inquerito,INS-001525,Determinado arquivamento (monocrática),FNT-000046
FAS-003606,PRC-004555,2016-06-16,arquivamento_inquerito,INS-001525,Determinado arquivamento (monocrática),FNT-000046
FAS-003607,PRC-004556,2016-09-27,recebimento_denuncia,INS-001525,Recebida denúncia (2ª turma),FNT-000046
FAS-003608,PRC-004557,2018-03-06,recebimento_denuncia,INS-001525,Recebida denúncia em parte (2ª turma),FNT-000046
FAS-003609,PRC-004558,2015-05-22,arquivamento_inquerito,INS-001525,Determinado arquivamento (monocrática),FNT-000046
FAS-003610,PRC-004559,2017-03-07,recebimento_denuncia,INS-001525,Recebida denúncia em parte (2ª turma),FNT-000046
FAS-003611,PRC-004560,2016-03-03,recebimento_denuncia,INS-001525,Recebida denúncia em parte (tribunal pleno),FNT-000046
FAS-003612,PRC-004561,2016-12-06,recebimento_denuncia,INS-001525,Recebida denúncia (2ª turma),FNT-000046
FAS-003613,PRC-004562,2018-08-13,declinio_competencia,INS-001525,Declinada a competência (monocrática),FNT-000046
FAS-003614,PRC-004563,2016-09-01,arquivamento_inquerito,INS-001525,Determinado arquivamento (monocrática),FNT-000046
FAS-003615,PRC-004564,2017-03-02,arquivamento_inquerito,INS-001525,Determinado arquivamento (monocrática),FNT-000046
FAS-003616,PRC-004565,2017-02-16,arquivamento_inquerito,INS-001525,Determinado arquivamento (monocrática),FNT-000046
FAS-003617,PRC-004566,2018-09-10,extincao_punibilidade,INS-001525,Declarada a extinção da punibilidade (monocrática),FNT-000046
FAS-003618,PRC-004566,2019-03-13,declinio_competencia,INS-001525,Declinada a competência (monocrática),FNT-000046
FAS-003619,PRC-004566,2019-06-11,recebimento_denuncia,INS-001525,Recebida denúncia em parte (2ª turma),FNT-000046
FAS-003620,PRC-004567,2017-03-14,recebimento_denuncia,INS-001525,Recebida denúncia em parte (2ª turma),FNT-000046
FAS-003621,PRC-004568,2018-04-17,rejeicao_denuncia,INS-001525,Rejeitada a denúncia (2ª turma),FNT-000046
FAS-003622,PRC-004570,2017-12-18,rejeicao_denuncia,INS-001525,Rejeitada a denúncia (2ª turma),FNT-000046
FAS-003623,PRC-004573,2016-06-21,recebimento_denuncia,INS-001525,Recebida denúncia em parte (2ª turma),FNT-000046
FAS-003624,PRC-004574,2017-12-18,rejeicao_denuncia,INS-001525,Rejeitada a denúncia (2ª turma),FNT-000046
FAS-003625,PRC-004574,2024-06-10,arquivamento_inquerito,INS-001525,Determinado arquivamento (monocrática),FNT-000046
FAS-003626,PRC-004577,2015-06-03,declinio_competencia,INS-001525,Declinada a competência (monocrática),FNT-000046
FAS-003627,PRC-004578,2015-04-17,declinio_competencia,INS-001525,Declinada a competência (monocrática),FNT-000046
FAS-003628,PRC-004580,2015-06-30,arquivamento_inquerito,INS-001525,Determinado arquivamento (monocrática),FNT-000046
FAS-003629,PRC-004581,2018-05-07,declinio_competencia,INS-001525,Declinada a competência (monocrática),FNT-000046
FAS-003630,PRC-004581,2018-12-11,rejeicao_denuncia,INS-001525,Rejeitada a denúncia (2ª turma),FNT-000046
FAS-003631,PRC-004582,2018-05-29,declinio_competencia,INS-001525,Declinada a competência (monocrática),FNT-000046
FAS-003632,PRC-004583,2018-08-30,arquivamento_inquerito,INS-001525,Determinado arquivamento (monocrática),FNT-000046
FAS-003633,PRC-004584,2015-08-07,arquivamento_inquerito,INS-001525,Determinado arquivamento (monocrática),FNT-000046
FAS-003634,PRC-004585,2015-05-27,arquivamento_inquerito,INS-001525,Determinado arquivamento (monocrática),FNT-000046
FAS-003635,PRC-004586,2018-11-16,arquivamento_inquerito,INS-001525,Determinado arquivamento (monocrática),FNT-000046
FAS-003636,PRC-004587,2018-06-12,recebimento_denuncia,INS-001525,Recebida denúncia em parte (2ª turma),FNT-000046
FAS-003637,PRC-004588,2017-11-09,arquivamento_inquerito,INS-001525,Determinado arquivamento (monocrática),FNT-000046
FAS-003638,PRC-004589,2016-04-05,recebimento_denuncia,INS-001525,Recebida denúncia (1ª turma),FNT-000046
FAS-003639,PRC-004590,2015-08-10,rejeicao_denuncia,INS-001525,Rejeitada a denúncia (monocrática),FNT-000046
FAS-003640,PRC-004592,2017-10-04,arquivamento_inquerito,INS-001525,Determinado arquivamento (monocrática),FNT-000046
FAS-003641,PRC-004593,2018-02-05,extincao_punibilidade,INS-001525,Declarada a extinção da punibilidade (monocrática),FNT-000046
FAS-003642,PRC-004594,2015-04-15,arquivamento_inquerito,INS-001525,Determinado arquivamento (monocrática),FNT-000046
FAS-003643,PRC-004595,2016-02-24,recebimento_denuncia,INS-001525,Recebida denúncia em parte (2ª turma),FNT-000046
FAS-003644,PRC-004596,2017-10-25,arquivamento_inquerito,INS-001525,Determinado arquivamento (monocrática),FNT-000046
FAS-003645,PRC-004597,2015-06-15,arquivamento_inquerito,INS-001525,Determinado arquivamento (monocrática),FNT-000046
FAS-003646,PRC-004598,2015-09-08,recebimento_denuncia,INS-001525,Recebida denúncia (2ª turma),FNT-000046
FAS-003647,PRC-004599,2016-08-23,recebimento_denuncia,INS-001525,Recebida denúncia (2ª turma),FNT-000046
FAS-003648,PRC-004600,2016-08-01,arquivamento_inquerito,INS-001525,Determinado arquivamento (monocrática),FNT-000046
FAS-003649,PRC-004601,2015-08-12,arquivamento_inquerito,INS-001525,Determinado arquivamento (monocrática),FNT-000046
FAS-003650,PRC-004602,2018-05-14,declinio_competencia,INS-001525,Declinada a competência (monocrática),FNT-000046
FAS-003651,PRC-004603,2015-05-15,extincao_punibilidade,INS-001525,Declarada a extinção da punibilidade (monocrática),FNT-000046
FAS-003652,PRC-004604,2022-09-15,arquivamento_inquerito,INS-001525,Determinado arquivamento (monocrática),FNT-000046
FAS-003653,PRC-004605,2015-11-27,arquivamento_inquerito,INS-001525,Determinado arquivamento (monocrática),FNT-000046
FAS-003654,PRC-004606,2015-05-27,arquivamento_inquerito,INS-001525,Determinado arquivamento (monocrática),FNT-000046
FAS-003655,PRC-004607,2018-09-21,declinio_competencia,INS-001525,Declinada a competência (monocrática),FNT-000046
FAS-003656,PRC-004608,2019-03-27,declinio_competencia,INS-001525,Declinada a competência (monocrática),FNT-000046
FAS-003657,PRC-004609,2016-04-28,declinio_competencia,INS-001525,Declinada a competência (monocrática),FNT-000046
FAS-003658,PRC-004610,2015-12-03,arquivamento_inquerito,INS-001525,Determinado arquivamento (monocrática),FNT-000046
FAS-003659,PRC-004611,2015-05-19,arquivamento_inquerito,INS-001525,Determinado arquivamento (monocrática),FNT-000046
FAS-003660,PRC-004612,2015-06-18,arquivamento_inquerito,INS-001525,Determinado arquivamento (monocrática),FNT-000046
FAS-003661,PRC-004613,2018-03-09,arquivamento_inquerito,INS-001525,Determinado arquivamento (monocrática),FNT-000046
FAS-003662,PRC-004614,2015-06-22,arquivamento_inquerito,INS-001525,Determinado arquivamento (monocrática),FNT-000046
FAS-003663,PRC-004615,2015-06-09,arquivamento_inquerito,INS-001525,Determinado arquivamento (monocrática),FNT-000046
FAS-003664,PRC-004616,2017-03-09,arquivamento_inquerito,INS-001525,Determinado arquivamento (monocrática),FNT-000046
FAS-003665,PRC-004617,2018-05-24,declinio_competencia,INS-001525,Declinada a competência (monocrática),FNT-000046
FAS-003666,PRC-004618,2015-08-28,declinio_competencia,INS-001525,Declinada a competência (monocrática),FNT-000046
FAS-003667,PRC-004619,2018-09-24,declinio_competencia,INS-001525,Declinada a competência (monocrática),FNT-000046
FAS-003668,PRC-004620,2018-06-06,declinio_competencia,INS-001525,Declinada a competência (monocrática),FNT-000046
FAS-003669,PRC-004623,2015-09-25,arquivamento_inquerito,INS-001525,Determinado arquivamento (monocrática),FNT-000046
FAS-003670,PRC-004624,2018-06-28,declinio_competencia,INS-001525,Declinada a competência (monocrática),FNT-000046
FAS-003671,PRC-004625,2016-07-05,arquivamento_inquerito,INS-001525,Determinado arquivamento (monocrática),FNT-000046
FAS-003672,PRC-004626,2018-05-22,declinio_competencia,INS-001525,Declinada a competência (monocrática),FNT-000046
FAS-003673,PRC-004627,2015-08-04,extincao_punibilidade,INS-001525,Declarada a extinção da punibilidade (monocrática),FNT-000046
FAS-003674,PRC-004628,2015-11-18,arquivamento_inquerito,INS-001525,Determinado arquivamento (monocrática),FNT-000046
FAS-003675,PRC-004630,2016-05-23,arquivamento_inquerito,INS-001525,Determinado arquivamento (monocrática),FNT-000046
FAS-003676,PRC-004633,2015-09-16,arquivamento_inquerito,INS-001525,Determinado arquivamento (monocrática),FNT-000046
FAS-003677,PRC-004634,2015-12-18,arquivamento_inquerito,INS-001525,Determinado arquivamento (monocrática),FNT-000046
FAS-003678,PRC-004635,2015-08-25,arquivamento_inquerito,INS-001525,Determinado arquivamento (monocrática),FNT-000046
FAS-003679,PRC-004636,2016-04-28,arquivamento_inquerito,INS-001525,Determinado arquivamento (monocrática),FNT-000046
FAS-003680,PRC-004637,2018-06-13,declinio_competencia,INS-001525,Declinada a competência (monocrática),FNT-000046
FAS-003681,PRC-004639,2016-01-27,extincao_punibilidade,INS-001525,Declarada a extinção da punibilidade (monocrática),FNT-000046
FAS-003682,PRC-004640,2016-02-17,arquivamento_inquerito,INS-001525,Determinado arquivamento (monocrática),FNT-000046
FAS-003683,PRC-004642,2015-11-05,arquivamento_inquerito,INS-001525,Determinado arquivamento (monocrática),FNT-000046
FAS-003684,PRC-004643,2018-05-11,declinio_competencia,INS-001525,Declinada a competência (monocrática),FNT-000046
FAS-003685,PRC-004644,2018-05-11,declinio_competencia,INS-001525,Declinada a competência (monocrática),FNT-000046
FAS-003686,PRC-004645,2018-02-06,declinio_competencia,INS-001525,Declinada a competência (monocrática),FNT-000046
FAS-003687,PRC-004646,2016-05-23,arquivamento_inquerito,INS-001525,Determinado arquivamento (monocrática),FNT-000046
FAS-003688,PRC-004647,2015-11-26,arquivamento_inquerito,INS-001525,Determinado arquivamento (monocrática),FNT-000046
FAS-003689,PRC-004648,2018-08-14,rejeicao_denuncia,INS-001525,Rejeitada a denúncia (2ª turma),FNT-000046
FAS-003690,PRC-004649,2019-09-10,rejeicao_denuncia,INS-001525,Rejeitada a denúncia (2ª turma),FNT-000046
FAS-003691,PRC-004650,2016-06-28,arquivamento_inquerito,INS-001525,Determinado arquivamento (monocrática),FNT-000046
FAS-003692,PRC-004651,2018-05-11,declinio_competencia,INS-001525,Declinada a competência (monocrática),FNT-000046
FAS-003693,PRC-004652,2015-08-04,arquivamento_inquerito,INS-001525,Determinado arquivamento (monocrática),FNT-000046
FAS-003694,PRC-004653,2018-03-16,arquivamento_inquerito,INS-001525,Determinado arquivamento (monocrática),FNT-000046
FAS-003695,PRC-004654,2015-08-20,arquivamento_inquerito,INS-001525,Determinado arquivamento (monocrática),FNT-000046
FAS-003696,PRC-004655,2018-05-28,declinio_competencia,INS-001525,Declinada a competência (monocrática),FNT-000046
FAS-003697,PRC-004656,2018-05-14,declinio_competencia,INS-001525,Declinada a competência (monocrática),FNT-000046
FAS-003698,PRC-004657,2018-05-18,declinio_competencia,INS-001525,Declinada a competência (monocrática),FNT-000046
FAS-003699,PRC-004658,2018-04-03,arquivamento_inquerito,INS-001525,Determinado arquivamento (monocrática),FNT-000046
FAS-003700,PRC-004659,2018-06-29,declinio_competencia,INS-001525,Declinada a competência (monocrática),FNT-000046
FAS-003701,PRC-004660,2016-12-19,arquivamento_inquerito,INS-001525,Determinado arquivamento (monocrática),FNT-000046
FAS-003702,PRC-004662,2016-01-27,arquivamento_inquerito,INS-001525,Determinado arquivamento (monocrática),FNT-000046
FAS-003703,PRC-004663,2016-02-02,recebimento_denuncia,INS-001525,Recebida denúncia (1ª turma),FNT-000046
FAS-003704,PRC-004664,2018-05-28,declinio_competencia,INS-001525,Declinada a competência (monocrática),FNT-000046
FAS-003705,PRC-004665,2018-06-28,declinio_competencia,INS-001525,Declinada a competência (monocrática),FNT-000046
FAS-003706,PRC-004666,2017-03-10,arquivamento_inquerito,INS-001525,Determinado arquivamento (monocrática),FNT-000046
FAS-003707,PRC-004668,2015-10-29,arquivamento_inquerito,INS-001525,Determinado arquivamento (monocrática),FNT-000046
FAS-003708,PRC-004669,2015-10-29,arquivamento_inquerito,INS-001525,Determinado arquivamento (monocrática),FNT-000046
FAS-003709,PRC-004670,2015-10-08,extincao_punibilidade,INS-001525,Declarada a extinção da punibilidade (monocrática),FNT-000046
FAS-003710,PRC-004671,2016-10-25,rejeicao_denuncia,INS-001525,Rejeitada a denúncia (2ª turma),FNT-000046
FAS-003711,PRC-004672,2016-10-25,rejeicao_denuncia,INS-001525,Rejeitada a denúncia (2ª turma),FNT-000046
FAS-003712,PRC-004673,2017-11-07,rejeicao_denuncia,INS-001525,Rejeitada a denúncia (2ª turma),FNT-000046
FAS-003713,PRC-004674,2016-11-22,rejeicao_denuncia,INS-001525,Rejeitada a denúncia (2ª turma),FNT-000046
FAS-003714,PRC-004675,2017-05-30,rejeicao_denuncia,INS-001525,Rejeitada a denúncia (1ª turma),FNT-000046
FAS-003715,PRC-004676,2016-10-25,rejeicao_denuncia,INS-001525,Rejeitada a denúncia (2ª turma),FNT-000046
FAS-003716,PRC-004677,2016-10-25,rejeicao_denuncia,INS-001525,Rejeitada a denúncia (2ª turma),FNT-000046
FAS-003717,PRC-004679,2016-04-12,arquivamento_inquerito,INS-001525,Determinado arquivamento (monocrática),FNT-000046
FAS-003718,PRC-004681,2017-08-22,recebimento_denuncia,INS-001525,Recebida denúncia em parte (2ª turma),FNT-000046
FAS-003719,PRC-004682,2018-02-20,arquivamento_inquerito,INS-001525,Determinado arquivamento (monocrática),FNT-000046
FAS-003720,PRC-004684,2016-04-01,arquivamento_inquerito,INS-001525,Determinado arquivamento (monocrática),FNT-000046
FAS-003721,PRC-004685,2016-06-16,arquivamento_inquerito,INS-001525,Determinado arquivamento (monocrática),FNT-000046
FAS-003722,PRC-004686,2016-06-14,declinio_competencia,INS-001525,Declinada a competência (monocrática),FNT-000046
FAS-003723,PRC-004687,2018-05-08,recebimento_denuncia,INS-001525,Recebida denúncia em parte (2ª turma),FNT-000046
FAS-003724,PRC-004688,2015-12-15,rejeicao_denuncia,INS-001525,Rejeitada a denúncia (2ª turma),FNT-000046
FAS-003725,PRC-004689,2017-08-17,arquivamento_inquerito,INS-001525,Determinado arquivamento (monocrática),FNT-000046
FAS-003726,PRC-004690,2016-03-08,arquivamento_inquerito,INS-001525,Determinado arquivamento (monocrática),FNT-000046
FAS-003727,PRC-004691,2018-03-09,arquivamento_inquerito,INS-001525,Determinado arquivamento (monocrática),FNT-000046
FAS-003728,PRC-004692,2016-10-27,declinio_competencia,INS-001525,Declinada a competência (monocrática),FNT-000046
FAS-003729,PRC-004693,2018-05-08,declinio_competencia,INS-001525,Declinada a competência (monocrática),FNT-000046
FAS-003730,PRC-004694,2016-02-29,declinio_competencia,INS-001525,Declinada a competência (monocrática),FNT-000046
FAS-003731,PRC-004695,2018-11-22,declinio_competencia,INS-001525,Declinada a competência (monocrática),FNT-000046
FAS-003732,PRC-004696,2015-10-29,declinio_competencia,INS-001525,Declinada a competência (monocrática),FNT-000046
FAS-003733,PRC-004697,2018-09-20,arquivamento_inquerito,INS-001525,Determinado arquivamento (monocrática),FNT-000046
FAS-003734,PRC-004699,2018-06-11,arquivamento_inquerito,INS-001525,Determinado arquivamento (monocrática),FNT-000046
FAS-003735,PRC-004700,2016-04-28,arquivamento_inquerito,INS-001525,Determinado arquivamento (monocrática),FNT-000046
FAS-003736,PRC-004701,2016-03-04,arquivamento_inquerito,INS-001525,Determinado arquivamento (monocrática),FNT-000046
FAS-003737,PRC-004702,2018-05-21,declinio_competencia,INS-001525,Declinada a competência (monocrática),FNT-000046
FAS-003738,PRC-004703,2018-02-14,extincao_punibilidade,INS-001525,Declarada a extinção da punibilidade (monocrática),FNT-000046
FAS-003739,PRC-004703,2019-04-16,declinio_competencia,INS-001525,Declinada a competência (monocrática),FNT-000046
FAS-003740,PRC-004704,2016-10-14,extincao_punibilidade,INS-001525,Declarada a extinção da punibilidade (monocrática),FNT-000046
FAS-003741,PRC-004705,2015-12-03,declinio_competencia,INS-001525,Declinada a competência (monocrática),FNT-000046
FAS-003742,PRC-004706,2017-12-12,recebimento_denuncia,INS-001525,Recebida denúncia (1ª turma),FNT-000046
FAS-003743,PRC-004706,2019-02-19,declinio_competencia,INS-001525,Declinada a competência (monocrática),FNT-000046
FAS-003744,PRC-004707,2017-06-14,arquivamento_inquerito,INS-001525,Determinado arquivamento (monocrática),FNT-000046
FAS-003745,PRC-004708,2017-09-18,arquivamento_inquerito,INS-001525,Determinado arquivamento (monocrática),FNT-000046
FAS-003746,PRC-004709,2018-03-09,arquivamento_inquerito,INS-001525,Determinado arquivamento (monocrática),FNT-000046
FAS-003747,PRC-004710,2016-06-22,recebimento_denuncia,INS-001525,Recebida denúncia em parte (tribunal pleno),FNT-000046
FAS-003748,PRC-004711,2015-11-13,extincao_punibilidade,INS-001525,Declarada a extinção da punibilidade (monocrática),FNT-000046
FAS-003749,PRC-004712,2017-02-15,arquivamento_inquerito,INS-001525,Determinado arquivamento (monocrática),FNT-000046
FAS-003750,PRC-004715,2015-12-09,extincao_punibilidade,INS-001525,Declarada a extinção da punibilidade (monocrática),FNT-000046
FAS-003751,PRC-004716,2015-12-18,arquivamento_inquerito,INS-001525,Determinado arquivamento (monocrática),FNT-000046
FAS-003752,PRC-004717,2017-02-03,arquivamento_inquerito,INS-001525,Determinado arquivamento (monocrática),FNT-000046
FAS-003753,PRC-004718,2016-02-17,arquivamento_inquerito,INS-001525,Determinado arquivamento (monocrática),FNT-000046
FAS-003754,PRC-004719,2016-02-18,arquivamento_inquerito,INS-001525,Determinado arquivamento (monocrática),FNT-000046
FAS-003755,PRC-004720,2018-05-14,declinio_competencia,INS-001525,Declinada a competência (monocrática),FNT-000046
FAS-003756,PRC-004722,2016-04-07,arquivamento_inquerito,INS-001525,Determinado arquivamento (monocrática),FNT-000046
FAS-003757,PRC-004723,2018-05-18,declinio_competencia,INS-001525,Declinada a competência (monocrática),FNT-000046
FAS-003758,PRC-004724,2019-08-30,extincao_punibilidade,INS-001525,Declarada a extinção da punibilidade (monocrática),FNT-000046
FAS-003759,PRC-004726,2015-12-16,arquivamento_inquerito,INS-001525,Determinado arquivamento (monocrática),FNT-000046
FAS-003760,PRC-004727,2016-06-08,arquivamento_inquerito,INS-001525,Determinado arquivamento (monocrática),FNT-000046
FAS-003761,PRC-004732,2019-04-23,arquivamento_inquerito,INS-001525,Determinado arquivamento (monocrática),FNT-000046
FAS-003762,PRC-004734,2016-02-10,arquivamento_inquerito,INS-001525,Determinado arquivamento (monocrática),FNT-000046
FAS-003763,PRC-004735,2016-01-27,arquivamento_inquerito,INS-001525,Determinado arquivamento (monocrática),FNT-000046
FAS-003764,PRC-004736,2017-02-24,declinio_competencia,INS-001525,Declinada a competência (monocrática),FNT-000046
FAS-003765,PRC-004738,2016-02-04,arquivamento_inquerito,INS-001525,Determinado arquivamento (monocrática),FNT-000046
FAS-003766,PRC-004739,2017-09-19,arquivamento_inquerito,INS-001525,Determinado arquivamento (monocrática),FNT-000046
FAS-003767,PRC-004740,2016-02-04,arquivamento_inquerito,INS-001525,Determinado arquivamento (monocrática),FNT-000046
FAS-003768,PRC-004741,2016-03-07,arquivamento_inquerito,INS-001525,Determinado arquivamento (monocrática),FNT-000046
FAS-003769,PRC-004742,2018-05-24,declinio_competencia,INS-001525,Declinada a competência (monocrática),FNT-000046
FAS-003770,PRC-004744,2019-02-28,declinio_competencia,INS-001525,Declinada a competência (monocrática),FNT-000046
FAS-003771,PRC-004744,2019-04-23,declinio_competencia,INS-001525,Declinada a competência (monocrática),FNT-000046
FAS-003772,PRC-004747,2016-04-05,declinio_competencia,INS-001525,Declinada a competência (monocrática),FNT-000046
FAS-003773,PRC-004748,2016-04-06,declinio_competencia,INS-001525,Declinada a competência (monocrática),FNT-000046
FAS-003774,PRC-004749,2017-03-15,arquivamento_inquerito,INS-001525,Determinado arquivamento (monocrática),FNT-000046
FAS-003775,PRC-004751,2016-06-17,arquivamento_inquerito,INS-001525,Determinado arquivamento (monocrática),FNT-000046
FAS-003776,PRC-004752,2016-04-11,arquivamento_inquerito,INS-001525,Determinado arquivamento (monocrática),FNT-000046
FAS-003777,PRC-004753,2017-07-04,arquivamento_inquerito,INS-001525,Determinado arquivamento (monocrática),FNT-000046
FAS-003778,PRC-004754,2016-09-09,arquivamento_inquerito,INS-001525,Determinado arquivamento (monocrática),FNT-000046
FAS-003779,PRC-004755,2016-08-16,arquivamento_inquerito,INS-001525,Determinado arquivamento (monocrática),FNT-000046
FAS-003780,PRC-004756,2016-04-27,arquivamento_inquerito,INS-001525,Determinado arquivamento (monocrática),FNT-000046
FAS-003781,PRC-004759,2018-05-09,arquivamento_inquerito,INS-001525,Determinado arquivamento (monocrática),FNT-000046
FAS-003782,PRC-004761,2016-04-08,arquivamento_inquerito,INS-001525,Determinado arquivamento (monocrática),FNT-000046
FAS-003783,PRC-004762,2016-05-02,declinio_competencia,INS-001525,Declinada a competência (monocrática),FNT-000046
FAS-003784,PRC-004763,2016-08-03,extincao_punibilidade,INS-001525,Declarada a extinção da punibilidade (monocrática),FNT-000046
FAS-003785,PRC-004763,2018-08-14,declinio_competencia,INS-001525,Declinada a competência (monocrática),FNT-000046
FAS-003786,PRC-004764,2018-03-20,recebimento_denuncia,INS-001525,Recebida denúncia (1ª turma),FNT-000046
FAS-003787,PRC-004764,2018-05-22,declinio_competencia,INS-001525,Declinada a competência (monocrática),FNT-000046
FAS-003788,PRC-004765,2018-09-17,arquivamento_inquerito,INS-001525,Determinado arquivamento (monocrática),FNT-000046
FAS-003789,PRC-004766,2017-06-27,arquivamento_inquerito,INS-001525,Determinado arquivamento (monocrática),FNT-000046
FAS-003790,PRC-004767,2019-09-25,arquivamento_inquerito,INS-001525,Determinado arquivamento (monocrática),FNT-000046
FAS-003791,PRC-004768,2018-05-14,declinio_competencia,INS-001525,Declinada a competência (monocrática),FNT-000046
FAS-003792,PRC-004769,2018-08-01,arquivamento_inquerito,INS-001525,Determinado arquivamento (monocrática),FNT-000046
FAS-003793,PRC-004769,2019-12-03,recebimento_denuncia,INS-001525,Recebida denúncia em parte (2ª turma),FNT-000046
FAS-003794,PRC-004770,2017-10-10,rejeicao_denuncia,INS-001525,Rejeitada a denúncia (2ª turma),FNT-000046
FAS-003795,PRC-004773,2017-08-14,arquivamento_inquerito,INS-001525,Determinado arquivamento (monocrática),FNT-000046
FAS-003796,PRC-004774,2016-08-12,arquivamento_inquerito,INS-001525,Determinado arquivamento (monocrática),FNT-000046
FAS-003797,PRC-004775,2017-03-14,arquivamento_inquerito,INS-001525,Determinado arquivamento (monocrática),FNT-000046
FAS-003798,PRC-004776,2016-08-09,declinio_competencia,INS-001525,Declinada a competência (monocrática),FNT-000046
FAS-003799,PRC-004777,2016-05-17,arquivamento_inquerito,INS-001525,Determinado arquivamento (monocrática),FNT-000046
FAS-003800,PRC-004779,2018-05-14,declinio_competencia,INS-001525,Declinada a competência (monocrática),FNT-000046
FAS-003801,PRC-004782,2017-10-04,arquivamento_inquerito,INS-001525,Determinado arquivamento (monocrática),FNT-000046
FAS-003802,PRC-004783,2018-06-29,declinio_competencia,INS-001525,Declinada a competência (monocrática),FNT-000046
FAS-003803,PRC-004784,2018-06-26,declinio_competencia,INS-001525,Declinada a competência (monocrática),FNT-000046
FAS-003804,PRC-004785,2018-06-28,declinio_competencia,INS-001525,Declinada a competência (monocrática),FNT-000046
FAS-003805,PRC-004786,2017-06-23,arquivamento_inquerito,INS-001525,Determinado arquivamento (monocrática),FNT-000046
FAS-003806,PRC-004788,2018-06-28,declinio_competencia,INS-001525,Declinada a competência (monocrática),FNT-000046
FAS-003807,PRC-004789,2017-04-11,arquivamento_inquerito,INS-001525,Determinado arquivamento (monocrática),FNT-000046
FAS-003808,PRC-004790,2017-09-11,declinio_competencia,INS-001525,Declinada a competência (monocrática),FNT-000046
FAS-003809,PRC-004791,2021-03-22,arquivamento_inquerito,INS-001525,Determinado arquivamento (monocrática),FNT-000046
FAS-003810,PRC-004792,2016-09-30,declinio_competencia,INS-001525,Declinada a competência (monocrática),FNT-000046
FAS-003811,PRC-004792,2016-10-03,declinio_competencia,INS-001525,Declinada a competência (monocrática),FNT-000046
FAS-003812,PRC-004793,2018-10-23,arquivamento_inquerito,INS-001525,Determinado arquivamento (monocrática),FNT-000046
FAS-003813,PRC-004794,2017-08-03,arquivamento_inquerito,INS-001525,Determinado arquivamento (monocrática),FNT-000046
FAS-003814,PRC-004795,2016-06-29,arquivamento_inquerito,INS-001525,Determinado arquivamento (monocrática),FNT-000046
FAS-003815,PRC-004796,2018-05-09,declinio_competencia,INS-001525,Declinada a competência (monocrática),FNT-000046
FAS-003816,PRC-004797,2017-02-17,arquivamento_inquerito,INS-001525,Determinado arquivamento (monocrática),FNT-000046
FAS-003817,PRC-004798,2018-05-21,declinio_competencia,INS-001525,Declinada a competência (monocrática),FNT-000046
FAS-003818,PRC-004799,2018-06-13,declinio_competencia,INS-001525,Declinada a competência (monocrática),FNT-000046
FAS-003819,PRC-004800,2017-12-11,arquivamento_inquerito,INS-001525,Determinado arquivamento (monocrática),FNT-000046
FAS-003820,PRC-004801,2018-09-26,declinio_competencia,INS-001525,Declinada a competência (monocrática),FNT-000046
FAS-003821,PRC-004802,2016-10-27,arquivamento_inquerito,INS-001525,Determinado arquivamento (monocrática),FNT-000046
FAS-003822,PRC-004803,2018-05-14,declinio_competencia,INS-001525,Declinada a competência (monocrática),FNT-000046
FAS-003823,PRC-004805,2017-12-18,rejeicao_denuncia,INS-001525,Rejeitada a denúncia (2ª turma),FNT-000046
FAS-003824,PRC-004805,2024-03-20,arquivamento_inquerito,INS-001525,Determinado arquivamento (monocrática),FNT-000046
FAS-003825,PRC-004806,2019-11-20,declinio_competencia,INS-001525,Declinada a competência (monocrática),FNT-000046
FAS-003826,PRC-004807,2019-04-30,declinio_competencia,INS-001525,Declinada a competência (monocrática),FNT-000046
FAS-003827,PRC-004808,2018-06-07,declinio_competencia,INS-001525,Declinada a competência (monocrática),FNT-000046
FAS-003828,PRC-004809,2016-08-23,arquivamento_inquerito,INS-001525,Determinado arquivamento (monocrática),FNT-000046
FAS-003829,PRC-004810,2018-04-25,arquivamento_inquerito,INS-001525,Determinado arquivamento (monocrática),FNT-000046
FAS-003830,PRC-004811,2016-08-16,arquivamento_inquerito,INS-001525,Determinado arquivamento (monocrática),FNT-000046
FAS-003831,PRC-004813,2016-11-18,arquivamento_inquerito,INS-001525,Determinado arquivamento (monocrática),FNT-000046
FAS-003832,PRC-004815,2018-05-14,declinio_competencia,INS-001525,Declinada a competência (monocrática),FNT-000046
FAS-003833,PRC-004817,2017-03-02,declinio_competencia,INS-001525,Declinada a competência (monocrática),FNT-000046
FAS-003834,PRC-004818,2017-08-21,arquivamento_inquerito,INS-001525,Determinado arquivamento (monocrática),FNT-000046
FAS-003835,PRC-004819,2017-08-03,arquivamento_inquerito,INS-001525,Determinado arquivamento (monocrática),FNT-000046
FAS-003836,PRC-004820,2018-05-14,declinio_competencia,INS-001525,Declinada a competência (monocrática),FNT-000046
FAS-003837,PRC-004821,2016-10-26,extincao_punibilidade,INS-001525,Declarada a extinção da punibilidade (monocrática),FNT-000046
FAS-003838,PRC-004822,2017-02-21,arquivamento_inquerito,INS-001525,Determinado arquivamento (monocrática),FNT-000046
FAS-003839,PRC-004824,2018-05-30,declinio_competencia,INS-001525,Declinada a competência (monocrática),FNT-000046
FAS-003840,PRC-004825,2018-06-29,declinio_competencia,INS-001525,Declinada a competência (monocrática),FNT-000046
FAS-003841,PRC-004826,2018-06-07,declinio_competencia,INS-001525,Declinada a competência (monocrática),FNT-000046
FAS-003842,PRC-004828,2017-08-29,arquivamento_inquerito,INS-001525,Determinado arquivamento (monocrática),FNT-000046
FAS-003843,PRC-004829,2017-09-11,arquivamento_inquerito,INS-001525,Determinado arquivamento (monocrática),FNT-000046
FAS-003844,PRC-004831,2018-03-15,arquivamento_inquerito,INS-001525,Determinado arquivamento (monocrática),FNT-000046
FAS-003845,PRC-004832,2018-06-12,declinio_competencia,INS-001525,Declinada a competência (monocrática),FNT-000046
FAS-003846,PRC-004833,2018-05-08,declinio_competencia,INS-001525,Declinada a competência (monocrática),FNT-000046
FAS-003847,PRC-004834,2018-03-27,arquivamento_inquerito,INS-001525,Determinado arquivamento (monocrática),FNT-000046
FAS-003848,PRC-004836,2018-05-29,declinio_competencia,INS-001525,Declinada a competência (monocrática),FNT-000046
FAS-003849,PRC-004837,2016-12-05,extincao_punibilidade,INS-001525,Declarada a extinção da punibilidade (monocrática),FNT-000046
FAS-003850,PRC-004839,2018-05-08,declinio_competencia,INS-001525,Declinada a competência (monocrática),FNT-000046
FAS-003851,PRC-004840,2017-03-20,arquivamento_inquerito,INS-001525,Determinado arquivamento (monocrática),FNT-000046
FAS-003852,PRC-004841,2017-02-09,arquivamento_inquerito,INS-001525,Determinado arquivamento (monocrática),FNT-000046
FAS-003853,PRC-004842,2018-09-12,arquivamento_inquerito,INS-001525,Determinado arquivamento (monocrática),FNT-000046
FAS-003854,PRC-004843,2017-02-15,arquivamento_inquerito,INS-001525,Determinado arquivamento (monocrática),FNT-000046
FAS-003855,PRC-004845,2018-05-07,arquivamento_inquerito,INS-001525,Determinado arquivamento (monocrática),FNT-000046
FAS-003856,PRC-004847,2023-06-26,rejeicao_denuncia,INS-001525,Rejeitada a denúncia (tribunal pleno),FNT-000046
FAS-003857,PRC-004848,2023-08-15,rejeicao_denuncia,INS-001525,Rejeitada a denúncia (tribunal pleno),FNT-000046
FAS-003858,PRC-004849,2019-02-04,declinio_competencia,INS-001525,Declinada a competência (monocrática),FNT-000046
FAS-003859,PRC-004850,2017-03-30,arquivamento_inquerito,INS-001525,Determinado arquivamento (monocrática),FNT-000046
FAS-003860,PRC-004850,2018-05-14,declinio_competencia,INS-001525,Declinada a competência (monocrática),FNT-000046
FAS-003861,PRC-004851,2017-02-24,arquivamento_inquerito,INS-001525,Determinado arquivamento (monocrática),FNT-000046
FAS-003862,PRC-004852,2017-02-14,arquivamento_inquerito,INS-001525,Determinado arquivamento (monocrática),FNT-000046
FAS-003863,PRC-004854,2016-10-19,arquivamento_inquerito,INS-001525,Determinado arquivamento (monocrática),FNT-000046
FAS-003864,PRC-004854,2024-08-27,arquivamento_inquerito,INS-001525,Determinado arquivamento (monocrática),FNT-000046
FAS-003865,PRC-004856,2017-10-04,arquivamento_inquerito,INS-001525,Determinado arquivamento (monocrática),FNT-000046
FAS-003866,PRC-004859,2023-11-21,rejeicao_denuncia,INS-001525,Rejeitada a denúncia (tribunal pleno),FNT-000046
FAS-003867,PRC-004861,2017-04-17,arquivamento_inquerito,INS-001525,Determinado arquivamento (monocrática),FNT-000046
FAS-003868,PRC-004862,2017-06-06,extincao_punibilidade,INS-001525,Declarada a extinção da punibilidade (monocrática),FNT-000046
FAS-003869,PRC-004863,2018-12-14,arquivamento_inquerito,INS-001525,Determinado arquivamento (monocrática),FNT-000046
FAS-003870,PRC-004864,2018-03-27,rejeicao_denuncia,INS-001525,Rejeitada a denúncia (2ª turma),FNT-000046
FAS-003871,PRC-004865,2017-08-02,extincao_punibilidade,INS-001525,Declarada a extinção da punibilidade (monocrática),FNT-000046
FAS-003872,PRC-004866,2017-06-06,arquivamento_inquerito,INS-001525,Determinado arquivamento (monocrática),FNT-000046
FAS-003873,PRC-004866,2017-08-04,arquivamento_inquerito,INS-001525,Determinado arquivamento (monocrática),FNT-000046
FAS-003874,PRC-004867,2018-09-11,declinio_competencia,INS-001525,Declinada a competência (monocrática),FNT-000046
FAS-003875,PRC-004872,2018-05-10,declinio_competencia,INS-001525,Declinada a competência (monocrática),FNT-000046
FAS-003876,PRC-004874,2017-03-29,declinio_competencia,INS-001525,Declinada a competência (monocrática),FNT-000046
FAS-003877,PRC-004876,2018-05-09,declinio_competencia,INS-001525,Declinada a competência (monocrática),FNT-000046
FAS-003878,PRC-004878,2017-05-16,arquivamento_inquerito,INS-001525,Determinado arquivamento (monocrática),FNT-000046
FAS-003879,PRC-004879,2018-05-24,declinio_competencia,INS-001525,Declinada a competência (monocrática),FNT-000046
FAS-003880,PRC-004880,2017-10-09,arquivamento_inquerito,INS-001525,Determinado arquivamento (monocrática),FNT-000046
FAS-003881,PRC-004881,2019-04-15,declinio_competencia,INS-001525,Declinada a competência (monocrática),FNT-000046
FAS-003882,PRC-004882,2018-06-06,declinio_competencia,INS-001525,Declinada a competência (monocrática),FNT-000046
FAS-003883,PRC-004885,2018-08-30,declinio_competencia,INS-001525,Declinada a competência (monocrática),FNT-000046
FAS-003884,PRC-004887,2017-08-01,arquivamento_inquerito,INS-001525,Determinado arquivamento (monocrática),FNT-000046
FAS-003885,PRC-004888,2017-11-21,recebimento_denuncia,INS-001525,Recebida denúncia em parte (2ª turma),FNT-000046
FAS-003886,PRC-004889,2017-12-13,arquivamento_inquerito,INS-001525,Determinado arquivamento (monocrática),FNT-000046
FAS-003887,PRC-004890,2017-08-04,arquivamento_inquerito,INS-001525,Determinado arquivamento (monocrática),FNT-000046
FAS-003888,PRC-004891,2020-03-03,declinio_competencia,INS-001525,Declinada a competência (monocrática),FNT-000046
FAS-003889,PRC-004891,2022-12-06,arquivamento_inquerito,INS-001525,Determinado arquivamento (monocrática),FNT-000046
FAS-003890,PRC-004892,2019-03-25,declinio_competencia,INS-001525,Declinada a competência (monocrática),FNT-000046
FAS-003891,PRC-004893,2019-02-21,arquivamento_inquerito,INS-001525,Determinado arquivamento (monocrática),FNT-000046
FAS-003892,PRC-004894,2019-02-06,declinio_competencia,INS-001525,Declinada a competência (monocrática),FNT-000046
FAS-003893,PRC-004895,2018-10-04,arquivamento_inquerito,INS-001525,Determinado arquivamento (monocrática),FNT-000046
FAS-003894,PRC-004896,2020-08-19,declinio_competencia,INS-001525,Declinada a competência (monocrática),FNT-000046
FAS-003895,PRC-004896,2021-10-28,declinio_competencia,INS-001525,Declinada a competência (monocrática),FNT-000046
FAS-003896,PRC-004897,2018-09-12,declinio_competencia,INS-001525,Declinada a competência (monocrática),FNT-000046
FAS-003897,PRC-004898,2019-12-17,arquivamento_inquerito,INS-001525,Determinado arquivamento (monocrática),FNT-000046
FAS-003898,PRC-004899,2019-08-20,declinio_competencia,INS-001525,Declinada a competência (monocrática),FNT-000046
FAS-003899,PRC-004900,2018-06-29,arquivamento_inquerito,INS-001525,Determinado arquivamento (monocrática),FNT-000046
FAS-003900,PRC-004901,2018-05-08,declinio_competencia,INS-001525,Declinada a competência (monocrática),FNT-000046
FAS-003901,PRC-004903,2018-08-07,declinio_competencia,INS-001525,Declinada a competência (monocrática),FNT-000046
FAS-003902,PRC-004904,2018-06-21,declinio_competencia,INS-001525,Declinada a competência (monocrática),FNT-000046
FAS-003903,PRC-004905,2018-06-08,declinio_competencia,INS-001525,Declinada a competência (monocrática),FNT-000046
FAS-003904,PRC-004906,2019-10-03,declinio_competencia,INS-001525,Declinada a competência (monocrática),FNT-000046
FAS-003905,PRC-004907,2018-12-18,arquivamento_inquerito,INS-001525,Determinado arquivamento (monocrática),FNT-000046
FAS-003906,PRC-004908,2017-09-21,arquivamento_inquerito,INS-001525,Determinado arquivamento (monocrática),FNT-000046
FAS-003907,PRC-004908,2018-05-14,declinio_competencia,INS-001525,Declinada a competência (monocrática),FNT-000046
FAS-003908,PRC-004909,2018-06-07,arquivamento_inquerito,INS-001525,Determinado arquivamento (monocrática),FNT-000046
FAS-003909,PRC-004910,2018-08-09,declinio_competencia,INS-001525,Declinada a competência (monocrática),FNT-000046
FAS-003910,PRC-004911,2017-08-08,extincao_punibilidade,INS-001525,Declarada a extinção da punibilidade (monocrática),FNT-000046
FAS-003911,PRC-004912,2018-08-06,declinio_competencia,INS-001525,Declinada a competência (monocrática),FNT-000046
FAS-003912,PRC-004913,2017-08-08,extincao_punibilidade,INS-001525,Declarada a extinção da punibilidade (monocrática),FNT-000046
FAS-003913,PRC-004913,2017-09-05,declinio_competencia,INS-001525,Declinada a competência (monocrática),FNT-000046
FAS-003914,PRC-004914,2019-02-15,declinio_competencia,INS-001525,Declinada a competência (monocrática),FNT-000046
FAS-003915,PRC-004915,2018-05-21,declinio_competencia,INS-001525,Declinada a competência (monocrática),FNT-000046
FAS-003916,PRC-004916,2023-12-19,rejeicao_denuncia,INS-001525,Rejeitada a denúncia (tribunal pleno),FNT-000046
FAS-003917,PRC-004917,2018-08-17,declinio_competencia,INS-001525,Declinada a competência (monocrática),FNT-000046
FAS-003918,PRC-004917,2018-12-10,arquivamento_inquerito,INS-001525,Determinado arquivamento (monocrática),FNT-000046
FAS-003919,PRC-004918,2018-05-29,declinio_competencia,INS-001525,Declinada a competência (monocrática),FNT-000046
FAS-003920,PRC-004919,2018-09-11,arquivamento_inquerito,INS-001525,Determinado arquivamento (monocrática),FNT-000046
FAS-003921,PRC-004919,2020-11-12,arquivamento_inquerito,INS-001525,Determinado arquivamento (monocrática),FNT-000046
FAS-003922,PRC-004920,2018-05-18,declinio_competencia,INS-001525,Declinada a competência (monocrática),FNT-000046
FAS-003923,PRC-004921,2017-09-13,arquivamento_inquerito,INS-001525,Determinado arquivamento (monocrática),FNT-000046
FAS-003924,PRC-004922,2018-03-13,recebimento_denuncia,INS-001525,Recebida denúncia (1ª turma),FNT-000046
FAS-003925,PRC-004924,2018-08-01,declinio_competencia,INS-001525,Declinada a competência (monocrática),FNT-000046
FAS-003926,PRC-004925,2018-05-25,declinio_competencia,INS-001525,Declinada a competência (monocrática),FNT-000046
FAS-003927,PRC-004926,2018-05-10,declinio_competencia,INS-001525,Declinada a competência (monocrática),FNT-000046
FAS-003928,PRC-004927,2019-04-11,declinio_competencia,INS-001525,Declinada a competência (monocrática),FNT-000046
FAS-003929,PRC-004928,2018-09-11,arquivamento_inquerito,INS-001525,Determinado arquivamento (2ª turma),FNT-000046
FAS-003930,PRC-004929,2018-08-21,arquivamento_inquerito,INS-001525,Determinado arquivamento (2ª turma),FNT-000046
FAS-003931,PRC-004930,2018-05-09,declinio_competencia,INS-001525,Declinada a competência (monocrática),FNT-000046
FAS-003932,PRC-004931,2018-08-13,declinio_competencia,INS-001525,Declinada a competência (monocrática),FNT-000046
FAS-003933,PRC-004932,2019-10-21,declinio_competencia,INS-001525,Declinada a competência (monocrática),FNT-000046
FAS-003934,PRC-004932,2023-06-05,arquivamento_inquerito,INS-001525,Determinado arquivamento (monocrática),FNT-000046
FAS-003935,PRC-004933,2018-11-05,arquivamento_inquerito,INS-001525,Determinado arquivamento (monocrática),FNT-000046
FAS-003936,PRC-004934,2019-06-27,declinio_competencia,INS-001525,Declinada a competência (monocrática),FNT-000046
FAS-003937,PRC-004935,2024-05-21,arquivamento_inquerito,INS-001525,Determinado arquivamento (monocrática),FNT-000046
FAS-003938,PRC-004936,2019-08-30,arquivamento_inquerito,INS-001525,Determinado arquivamento (monocrática),FNT-000046
FAS-003939,PRC-004938,2018-06-08,arquivamento_inquerito,INS-001525,Determinado arquivamento (monocrática),FNT-000046
FAS-003940,PRC-004939,2021-09-23,arquivamento_inquerito,INS-001525,Determinado arquivamento (monocrática),FNT-000046
FAS-003941,PRC-004940,2021-04-06,arquivamento_inquerito,INS-001525,Determinado arquivamento (monocrática),FNT-000046
FAS-003942,PRC-004941,2018-04-03,declinio_competencia,INS-001525,Declinada a competência (monocrática),FNT-000046
FAS-003943,PRC-004942,2019-02-26,declinio_competencia,INS-001525,Declinada a competência (monocrática),FNT-000046
FAS-003944,PRC-004942,2019-04-03,arquivamento_inquerito,INS-001525,Determinado arquivamento (monocrática),FNT-000046
FAS-003945,PRC-004943,2022-11-28,rejeicao_denuncia,INS-001525,Rejeitada a denúncia (tribunal pleno),FNT-000046
FAS-003946,PRC-004944,2019-04-30,declinio_competencia,INS-001525,Declinada a competência (monocrática),FNT-000046
FAS-003947,PRC-004945,2019-05-30,arquivamento_inquerito,INS-001525,Determinado arquivamento (monocrática),FNT-000046
FAS-003948,PRC-004946,2018-06-18,arquivamento_inquerito,INS-001525,Determinado arquivamento (monocrática),FNT-000046
FAS-003949,PRC-004947,2017-08-15,extincao_punibilidade,INS-001525,Declarada a extinção da punibilidade (monocrática),FNT-000046
FAS-003950,PRC-004948,2018-06-26,declinio_competencia,INS-001525,Declinada a competência (monocrática),FNT-000046
FAS-003951,PRC-004948,2018-07-02,arquivamento_inquerito,INS-001525,Determinado arquivamento (monocrática),FNT-000046
FAS-003952,PRC-004949,2018-06-11,arquivamento_inquerito,INS-001525,Determinado arquivamento (monocrática),FNT-000046
FAS-003953,PRC-004950,2018-09-04,declinio_competencia,INS-001525,Declinada a competência (monocrática),FNT-000046
FAS-003954,PRC-004950,2019-02-08,declinio_competencia,INS-001525,Declinada a competência (monocrática),FNT-000046
FAS-003955,PRC-004951,2019-06-07,declinio_competencia,INS-001525,Declinada a competência (monocrática),FNT-000046
FAS-003956,PRC-004952,2019-03-29,declinio_competencia,INS-001525,Declinada a competência (monocrática),FNT-000046
FAS-003957,PRC-004953,2018-05-14,declinio_competencia,INS-001525,Declinada a competência (monocrática),FNT-000046
FAS-003958,PRC-004954,2018-10-11,arquivamento_inquerito,INS-001525,Determinado arquivamento (monocrática),FNT-000046
FAS-003959,PRC-004955,2018-09-11,declinio_competencia,INS-001525,Declinada a competência (monocrática),FNT-000046
FAS-003960,PRC-004956,2018-06-15,declinio_competencia,INS-001525,Declinada a competência (monocrática),FNT-000046
FAS-003961,PRC-004957,2024-09-09,rejeicao_denuncia,INS-001525,Rejeitada a denúncia (2ª turma),FNT-000046
FAS-003962,PRC-004958,2019-03-18,declinio_competencia,INS-001525,Declinada a competência (monocrática),FNT-000046
FAS-003963,PRC-004959,2019-02-14,arquivamento_inquerito,INS-001525,Determinado arquivamento (monocrática),FNT-000046
FAS-003964,PRC-004960,2018-05-09,declinio_competencia,INS-001525,Declinada a competência (monocrática),FNT-000046
FAS-003965,PRC-004961,2017-08-23,extincao_punibilidade,INS-001525,Declarada a extinção da punibilidade (monocrática),FNT-000046
FAS-003966,PRC-004961,2018-05-30,declinio_competencia,INS-001525,Declinada a competência (monocrática),FNT-000046
FAS-003967,PRC-004962,2024-08-19,arquivamento_inquerito,INS-001525,Determinado arquivamento (monocrática),FNT-000046
FAS-003968,PRC-004963,2019-03-18,declinio_competencia,INS-001525,Declinada a competência (monocrática),FNT-000046
FAS-003969,PRC-004964,2018-09-11,arquivamento_inquerito,INS-001525,Determinado arquivamento (2ª turma),FNT-000046
FAS-003970,PRC-004965,2017-08-08,extincao_punibilidade,INS-001525,Declarada a extinção da punibilidade (monocrática),FNT-000046
FAS-003971,PRC-004966,2019-04-30,declinio_competencia,INS-001525,Declinada a competência (monocrática),FNT-000046
FAS-003972,PRC-004967,2023-03-29,extincao_punibilidade,INS-001525,Declarada a extinção da punibilidade (monocrática),FNT-000046
FAS-003973,PRC-004968,2019-02-04,declinio_competencia,INS-001525,Declinada a competência (monocrática),FNT-000046
FAS-003974,PRC-004968,2020-08-06,arquivamento_inquerito,INS-001525,Determinado arquivamento (monocrática),FNT-000046
FAS-003975,PRC-004969,2018-08-14,declinio_competencia,INS-001525,Declinada a competência (monocrática),FNT-000046
FAS-003976,PRC-004970,2018-09-18,declinio_competencia,INS-001525,Declinada a competência (monocrática),FNT-000046
FAS-003977,PRC-004970,2021-01-15,declinio_competencia,INS-001525,Declinada a competência (monocrática),FNT-000046
FAS-003978,PRC-004971,2019-02-05,declinio_competencia,INS-001525,Declinada a competência (monocrática),FNT-000046
FAS-003979,PRC-004972,2017-09-18,arquivamento_inquerito,INS-001525,Determinado arquivamento (monocrática),FNT-000046
FAS-003980,PRC-004973,2017-09-14,arquivamento_inquerito,INS-001525,Determinado arquivamento (monocrática),FNT-000046
FAS-003981,PRC-004974,2017-10-06,arquivamento_inquerito,INS-001525,Determinado arquivamento (monocrática),FNT-000046
FAS-003982,PRC-004975,2025-08-27,declinio_competencia,INS-001525,Declinada a competência (monocrática),FNT-000046
FAS-003983,PRC-004976,2017-04-24,declinio_competencia,INS-001525,Declinada a competência (monocrática),FNT-000046
FAS-003984,PRC-004977,2018-06-12,declinio_competencia,INS-001525,Declinada a competência (monocrática),FNT-000046
FAS-003985,PRC-004978,2018-08-24,declinio_competencia,INS-001525,Declinada a competência (monocrática),FNT-000046
FAS-003986,PRC-004979,2018-05-14,declinio_competencia,INS-001525,Declinada a competência (monocrática),FNT-000046
FAS-003987,PRC-004980,2018-05-29,declinio_competencia,INS-001525,Declinada a competência (monocrática),FNT-000046
FAS-003988,PRC-004981,2017-10-09,arquivamento_inquerito,INS-001525,Determinado arquivamento (monocrática),FNT-000046
FAS-003989,PRC-004982,2019-05-31,declinio_competencia,INS-001525,Declinada a competência (monocrática),FNT-000046
FAS-003990,PRC-004983,2017-08-24,arquivamento_inquerito,INS-001525,Determinado arquivamento (monocrática),FNT-000046
FAS-003991,PRC-004985,2017-08-25,arquivamento_inquerito,INS-001525,Determinado arquivamento (monocrática),FNT-000046
FAS-003992,PRC-004986,2019-02-21,declinio_competencia,INS-001525,Declinada a competência (monocrática),FNT-000046
FAS-003993,PRC-004987,2018-05-08,declinio_competencia,INS-001525,Declinada a competência (monocrática),FNT-000046
FAS-003994,PRC-004988,2018-05-14,declinio_competencia,INS-001525,Declinada a competência (monocrática),FNT-000046
FAS-003995,PRC-004989,2017-08-23,arquivamento_inquerito,INS-001525,Determinado arquivamento (monocrática),FNT-000046
FAS-003996,PRC-004990,2019-10-07,declinio_competencia,INS-001525,Declinada a competência (monocrática),FNT-000046
FAS-003997,PRC-004990,2025-06-10,declinio_competencia,INS-001525,Declinada a competência (monocrática),FNT-000046
FAS-003998,PRC-004991,2018-02-06,arquivamento_inquerito,INS-001525,Determinado arquivamento (monocrática),FNT-000046
FAS-003999,PRC-004993,2017-11-14,arquivamento_inquerito,INS-001525,Determinado arquivamento (monocrática),FNT-000046
FAS-004000,PRC-004994,2017-09-18,arquivamento_inquerito,INS-001525,Determinado arquivamento (monocrática),FNT-000046
FAS-004001,PRC-004995,2018-03-08,arquivamento_inquerito,INS-001525,Determinado arquivamento (monocrática),FNT-000046
FAS-004002,PRC-004996,2018-02-06,arquivamento_inquerito,INS-001525,Determinado arquivamento (monocrática),FNT-000046
FAS-004003,PRC-004997,2017-08-18,arquivamento_inquerito,INS-001525,Determinado arquivamento (monocrática),FNT-000046
FAS-004004,PRC-004999,2018-05-23,declinio_competencia,INS-001525,Declinada a competência (monocrática),FNT-000046
FAS-004005,PRC-005000,2018-05-30,declinio_competencia,INS-001525,Declinada a competência (monocrática),FNT-000046
FAS-004006,PRC-005001,2018-09-04,declinio_competencia,INS-001525,Declinada a competência (monocrática),FNT-000046
FAS-004007,PRC-005002,2018-02-23,extincao_punibilidade,INS-001525,Declarada a extinção da punibilidade (monocrática),FNT-000046
FAS-004008,PRC-005003,2018-04-17,recebimento_denuncia,INS-001525,Recebida denúncia (1ª turma),FNT-000046
FAS-004009,PRC-005004,2017-10-13,declinio_competencia,INS-001525,Declinada a competência (monocrática),FNT-000046
FAS-004010,PRC-005005,2017-12-07,arquivamento_inquerito,INS-001525,Determinado arquivamento (monocrática),FNT-000046
FAS-004011,PRC-005006,2018-05-08,declinio_competencia,INS-001525,Declinada a competência (monocrática),FNT-000046
FAS-004012,PRC-005008,2017-10-31,arquivamento_inquerito,INS-001525,Determinado arquivamento (monocrática),FNT-000046
FAS-004013,PRC-005009,2021-11-12,declinio_competencia,INS-001525,Declinada a competência (monocrática),FNT-000046
FAS-004014,PRC-005010,2018-05-23,declinio_competencia,INS-001525,Declinada a competência (monocrática),FNT-000046
FAS-004015,PRC-005010,2018-12-17,declinio_competencia,INS-001525,Declinada a competência (monocrática),FNT-000046
FAS-004016,PRC-005011,2019-02-15,declinio_competencia,INS-001525,Declinada a competência (monocrática),FNT-000046
FAS-004017,PRC-005012,2019-02-04,declinio_competencia,INS-001525,Declinada a competência (monocrática),FNT-000046
FAS-004018,PRC-005013,2018-11-08,arquivamento_inquerito,INS-001525,Determinado arquivamento (monocrática),FNT-000046
FAS-004019,PRC-005014,2019-02-07,declinio_competencia,INS-001525,Declinada a competência (monocrática),FNT-000046
FAS-004020,PRC-005015,2018-03-06,arquivamento_inquerito,INS-001525,Determinado arquivamento (monocrática),FNT-000046
FAS-004021,PRC-005016,2017-11-16,arquivamento_inquerito,INS-001525,Determinado arquivamento (monocrática),FNT-000046
FAS-004022,PRC-005017,2019-09-16,arquivamento_inquerito,INS-001525,Determinado arquivamento (monocrática),FNT-000046
FAS-004023,PRC-005020,2018-06-07,declinio_competencia,INS-001525,Declinada a competência (monocrática),FNT-000046
FAS-004024,PRC-005021,2017-11-16,arquivamento_inquerito,INS-001525,Determinado arquivamento (monocrática),FNT-000046
FAS-004025,PRC-005022,2018-06-05,declinio_competencia,INS-001525,Declinada a competência (monocrática),FNT-000046
FAS-004026,PRC-005023,2019-02-14,declinio_competencia,INS-001525,Declinada a competência (monocrática),FNT-000046
FAS-004027,PRC-005023,2025-10-23,arquivamento_inquerito,INS-001525,Determinado arquivamento (monocrática),FNT-000046
FAS-004028,PRC-005024,2024-02-14,rejeicao_denuncia,INS-001525,Rejeitada a denúncia (tribunal pleno),FNT-000046
FAS-004029,PRC-005025,2018-05-11,declinio_competencia,INS-001525,Declinada a competência (monocrática),FNT-000046
FAS-004030,PRC-005026,2017-10-24,arquivamento_inquerito,INS-001525,Determinado arquivamento (monocrática),FNT-000046
FAS-004031,PRC-005027,2018-06-11,arquivamento_inquerito,INS-001525,Determinado arquivamento (monocrática),FNT-000046
FAS-004032,PRC-005028,2017-12-21,arquivamento_inquerito,INS-001525,Determinado arquivamento (monocrática),FNT-000046
FAS-004033,PRC-005029,2018-05-14,declinio_competencia,INS-001525,Declinada a competência (monocrática),FNT-000046
FAS-004034,PRC-005030,2018-05-11,declinio_competencia,INS-001525,Declinada a competência (monocrática),FNT-000046
FAS-004035,PRC-005031,2018-05-24,declinio_competencia,INS-001525,Declinada a competência (monocrática),FNT-000046
FAS-004036,PRC-005032,2018-05-24,declinio_competencia,INS-001525,Declinada a competência (monocrática),FNT-000046
FAS-004037,PRC-005033,2018-05-29,declinio_competencia,INS-001525,Declinada a competência (monocrática),FNT-000046
FAS-004038,PRC-005034,2018-05-22,declinio_competencia,INS-001525,Declinada a competência (monocrática),FNT-000046
FAS-004039,PRC-005035,2018-05-22,declinio_competencia,INS-001525,Declinada a competência (monocrática),FNT-000046
FAS-004040,PRC-005036,2018-02-27,arquivamento_inquerito,INS-001525,Determinado arquivamento (monocrática),FNT-000046
FAS-004041,PRC-005037,2018-02-27,arquivamento_inquerito,INS-001525,Determinado arquivamento (monocrática),FNT-000046
FAS-004042,PRC-005039,2018-08-02,declinio_competencia,INS-001525,Declinada a competência (monocrática),FNT-000046
FAS-004043,PRC-005040,2017-10-18,arquivamento_inquerito,INS-001525,Determinado arquivamento (monocrática),FNT-000046
FAS-004044,PRC-005041,2018-02-01,declinio_competencia,INS-001525,Declinada a competência (monocrática),FNT-000046
FAS-004045,PRC-005041,2018-12-19,declinio_competencia,INS-001525,Declinada a competência (monocrática),FNT-000046
FAS-004046,PRC-005042,2018-03-09,arquivamento_inquerito,INS-001525,Determinado arquivamento (monocrática),FNT-000046
FAS-004047,PRC-005042,2018-05-02,arquivamento_inquerito,INS-001525,Determinado arquivamento (monocrática),FNT-000046
FAS-004048,PRC-005044,2017-10-18,arquivamento_inquerito,INS-001525,Determinado arquivamento (monocrática),FNT-000046
FAS-004049,PRC-005045,2018-08-01,declinio_competencia,INS-001525,Declinada a competência (monocrática),FNT-000046
FAS-004050,PRC-005046,2018-05-09,declinio_competencia,INS-001525,Declinada a competência (monocrática),FNT-000046
FAS-004051,PRC-005047,2018-06-29,declinio_competencia,INS-001525,Declinada a competência (monocrática),FNT-000046
FAS-004052,PRC-005048,2018-05-30,declinio_competencia,INS-001525,Declinada a competência (monocrática),FNT-000046
FAS-004053,PRC-005049,2018-05-18,declinio_competencia,INS-001525,Declinada a competência (monocrática),FNT-000046
FAS-004054,PRC-005050,2018-06-21,declinio_competencia,INS-001525,Declinada a competência (monocrática),FNT-000046
FAS-004055,PRC-005051,2018-06-15,declinio_competencia,INS-001525,Declinada a competência (monocrática),FNT-000046
FAS-004056,PRC-005053,2018-04-24,arquivamento_inquerito,INS-001525,Determinado arquivamento (monocrática),FNT-000046
FAS-004057,PRC-005054,2018-11-05,arquivamento_inquerito,INS-001525,Determinado arquivamento (monocrática),FNT-000046
FAS-004058,PRC-005055,2018-11-20,declinio_competencia,INS-001525,Declinada a competência (monocrática),FNT-000046
FAS-004059,PRC-005056,2018-04-18,arquivamento_inquerito,INS-001525,Determinado arquivamento (monocrática),FNT-000046
FAS-004060,PRC-005057,2018-05-29,declinio_competencia,INS-001525,Declinada a competência (monocrática),FNT-000046
FAS-004061,PRC-005059,2019-04-26,declinio_competencia,INS-001525,Declinada a competência (monocrática),FNT-000046
FAS-004062,PRC-005059,2019-06-12,arquivamento_inquerito,INS-001525,Determinado arquivamento (monocrática),FNT-000046
FAS-004063,PRC-005059,2019-08-15,arquivamento_inquerito,INS-001525,Determinado arquivamento (monocrática),FNT-000046
FAS-004064,PRC-005060,2018-09-06,arquivamento_inquerito,INS-001525,Determinado arquivamento (monocrática),FNT-000046
FAS-004065,PRC-005061,2022-03-17,declinio_competencia,INS-001525,Declinada a competência (monocrática),FNT-000046
FAS-004066,PRC-005062,2018-05-18,declinio_competencia,INS-001525,Declinada a competência (monocrática),FNT-000046
FAS-004067,PRC-005063,2018-05-08,recebimento_denuncia,INS-001525,Recebida denúncia em parte (2ª turma),FNT-000046
FAS-004068,PRC-005064,2018-05-10,declinio_competencia,INS-001525,Declinada a competência (monocrática),FNT-000046
FAS-004069,PRC-005065,2018-05-07,declinio_competencia,INS-001525,Declinada a competência (monocrática),FNT-000046
FAS-004070,PRC-005066,2018-05-09,declinio_competencia,INS-001525,Declinada a competência (monocrática),FNT-000046
FAS-004071,PRC-005068,2018-12-19,declinio_competencia,INS-001525,Declinada a competência (monocrática),FNT-000046
FAS-004072,PRC-005068,2024-03-08,declinio_competencia,INS-001525,Declinada a competência (monocrática),FNT-000046
FAS-004073,PRC-005069,2018-05-29,rejeicao_denuncia,INS-001525,Rejeitada a denúncia (1ª turma),FNT-000046
FAS-004074,PRC-005071,2018-05-14,declinio_competencia,INS-001525,Declinada a competência (monocrática),FNT-000046
FAS-004075,PRC-005072,2018-06-21,declinio_competencia,INS-001525,Declinada a competência (monocrática),FNT-000046
FAS-004076,PRC-005073,2019-02-06,declinio_competencia,INS-001525,Declinada a competência (monocrática),FNT-000046
FAS-004077,PRC-005074,2018-02-20,extincao_punibilidade,INS-001525,Declarada a extinção da punibilidade (monocrática),FNT-000046
FAS-004078,PRC-005075,2018-08-14,rejeicao_denuncia,INS-001525,Rejeitada a denúncia (2ª turma),FNT-000046
FAS-004079,PRC-005076,2018-05-14,declinio_competencia,INS-001525,Declinada a competência (monocrática),FNT-000046
FAS-004080,PRC-005077,2018-05-25,declinio_competencia,INS-001525,Declinada a competência (monocrática),FNT-000046
FAS-004081,PRC-005078,2018-10-23,arquivamento_inquerito,INS-001525,Determinado arquivamento (2ª turma),FNT-000046
FAS-004082,PRC-005079,2019-05-16,declinio_competencia,INS-001525,Declinada a competência (monocrática),FNT-000046
FAS-004083,PRC-005080,2018-05-15,declinio_competencia,INS-001525,Declinada a competência (monocrática),FNT-000046
FAS-004084,PRC-005081,2019-08-22,declinio_competencia,INS-001525,Declinada a competência (monocrática),FNT-000046
FAS-004085,PRC-005082,2018-02-23,arquivamento_inquerito,INS-001525,Determinado arquivamento (monocrática),FNT-000046
FAS-004086,PRC-005083,2018-06-21,declinio_competencia,INS-001525,Declinada a competência (monocrática),FNT-000046
FAS-004087,PRC-005084,2018-02-06,declinio_competencia,INS-001525,Declinada a competência (monocrática),FNT-000046
FAS-004088,PRC-005084,2018-05-14,declinio_competencia,INS-001525,Declinada a competência (monocrática),FNT-000046
FAS-004089,PRC-005085,2018-05-28,declinio_competencia,INS-001525,Declinada a competência (monocrática),FNT-000046
FAS-004090,PRC-005086,2019-05-16,declinio_competencia,INS-001525,Declinada a competência (monocrática),FNT-000046
FAS-004091,PRC-005086,2025-06-06,arquivamento_inquerito,INS-001525,Determinado arquivamento (monocrática),FNT-000046
FAS-004092,PRC-005087,2018-06-12,declinio_competencia,INS-001525,Declinada a competência (monocrática),FNT-000046
FAS-004093,PRC-005088,2018-06-22,declinio_competencia,INS-001525,Declinada a competência (monocrática),FNT-000046
FAS-004094,PRC-005089,2018-08-02,declinio_competencia,INS-001525,Declinada a competência (monocrática),FNT-000046
FAS-004095,PRC-005090,2018-05-14,declinio_competencia,INS-001525,Declinada a competência (monocrática),FNT-000046
FAS-004096,PRC-005092,2021-02-24,arquivamento_inquerito,INS-001525,Determinado arquivamento (monocrática),FNT-000046
FAS-004097,PRC-005093,2018-08-24,declinio_competencia,INS-001525,Declinada a competência (monocrática),FNT-000046
FAS-004098,PRC-005094,2018-05-10,declinio_competencia,INS-001525,Declinada a competência (monocrática),FNT-000046
FAS-004099,PRC-005101,2018-08-06,declinio_competencia,INS-001525,Declinada a competência (monocrática),FNT-000046
FAS-004100,PRC-005102,2018-08-01,declinio_competencia,INS-001525,Declinada a competência (monocrática),FNT-000046
FAS-004101,PRC-005103,2018-09-11,rejeicao_denuncia,INS-001525,Rejeitada a denúncia (1ª turma),FNT-000046
FAS-004102,PRC-005104,2019-02-04,declinio_competencia,INS-001525,Declinada a competência (monocrática),FNT-000046
FAS-004103,PRC-005108,2018-06-12,declinio_competencia,INS-001525,Declinada a competência (1ª turma),FNT-000046
FAS-004104,PRC-005110,2024-10-03,arquivamento_inquerito,INS-001525,Determinado arquivamento (monocrática),FNT-000046
FAS-004105,PRC-005111,2019-04-15,declinio_competencia,INS-001525,Declinada a competência (monocrática),FNT-000046
FAS-004106,PRC-005112,2019-06-28,declinio_competencia,INS-001525,Declinada a competência (monocrática),FNT-000046
FAS-004107,PRC-005113,2018-05-29,declinio_competencia,INS-001525,Declinada a competência (monocrática),FNT-000046
FAS-004108,PRC-005114,2018-06-06,declinio_competencia,INS-001525,Declinada a competência (monocrática),FNT-000046
FAS-004109,PRC-005115,2019-04-23,declinio_competencia,INS-001525,Declinada a competência (monocrática),FNT-000046
FAS-004110,PRC-005116,2018-06-18,declinio_competencia,INS-001525,Declinada a competência (monocrática),FNT-000046
FAS-004111,PRC-005117,2021-08-23,rejeicao_denuncia,INS-001525,Rejeitada a denúncia (2ª turma),FNT-000046
FAS-004112,PRC-005119,2019-03-12,declinio_competencia,INS-001525,Declinada a competência (monocrática),FNT-000046
FAS-004113,PRC-005120,2018-09-24,arquivamento_inquerito,INS-001525,Determinado arquivamento (monocrática),FNT-000046
FAS-004114,PRC-005121,2023-10-11,declinio_competencia,INS-001525,Declinada a competência (monocrática),FNT-000046
FAS-004115,PRC-005122,2018-11-29,declinio_competencia,INS-001525,Declinada a competência (monocrática),FNT-000046
FAS-004116,PRC-005124,2020-12-21,arquivamento_inquerito,INS-001525,Determinado arquivamento (monocrática),FNT-000046
FAS-004117,PRC-005126,2022-06-03,arquivamento_inquerito,INS-001525,Determinado arquivamento (monocrática),FNT-000046
FAS-004118,PRC-005127,2018-11-14,arquivamento_inquerito,INS-001525,Determinado arquivamento (monocrática),FNT-000046
FAS-004119,PRC-005129,2019-04-30,declinio_competencia,INS-001525,Declinada a competência (monocrática),FNT-000046
FAS-004120,PRC-005134,2019-03-26,declinio_competencia,INS-001525,Declinada a competência (monocrática),FNT-000046
FAS-004121,PRC-005135,2019-05-02,declinio_competencia,INS-001525,Declinada a competência (monocrática),FNT-000046
FAS-004122,PRC-005136,2021-07-06,arquivamento_inquerito,INS-001525,Determinado arquivamento (monocrática),FNT-000046
FAS-004123,PRC-005138,2019-03-21,declinio_competencia,INS-001525,Declinada a competência (monocrática),FNT-000046
FAS-004124,PRC-005141,2019-06-26,declinio_competencia,INS-001525,Declinada a competência (monocrática),FNT-000046
FAS-004125,PRC-005144,2024-12-09,rejeicao_denuncia,INS-001525,Rejeitada a denúncia (tribunal pleno),FNT-000046
FAS-004126,PRC-005145,2021-02-02,declinio_competencia,INS-001525,Declinada a competência (monocrática),FNT-000046
FAS-004127,PRC-005146,2019-12-09,declinio_competencia,INS-001525,Declinada a competência (monocrática),FNT-000046
FAS-004128,PRC-005147,2019-12-20,declinio_competencia,INS-001525,Declinada a competência (monocrática),FNT-000046
FAS-004129,PRC-005147,2023-03-28,arquivamento_inquerito,INS-001525,Determinado arquivamento (monocrática),FNT-000046
FAS-004130,PRC-005148,2019-12-11,declinio_competencia,INS-001525,Declinada a competência (monocrática),FNT-000046
FAS-004131,PRC-005149,2020-05-18,declinio_competencia,INS-001525,Declinada a competência (monocrática),FNT-000046
FAS-004132,PRC-005150,2024-06-26,arquivamento_inquerito,INS-001525,Determinado arquivamento (monocrática),FNT-000046
FAS-004133,PRC-005151,2026-08-21,recebimento_denuncia,INS-001525,Recebida denúncia em parte (tribunal pleno),FNT-000046
FAS-004134,PRC-005152,2020-02-07,declinio_competencia,INS-001525,Declinada a competência (monocrática),FNT-000046
FAS-004135,PRC-005153,2026-06-12,arquivamento_inquerito,INS-001525,Determinado arquivamento (monocrática),FNT-000046
FAS-004136,PRC-005154,2020-07-06,declinio_competencia,INS-001525,Declinada a competência (monocrática),FNT-000046
FAS-004137,PRC-005157,2023-06-20,arquivamento_inquerito,INS-001525,Determinado arquivamento (monocrática),FNT-000046
FAS-004138,PRC-005158,2021-12-15,extincao_punibilidade,INS-001525,Declarada a extinção da punibilidade (monocrática),FNT-000046
FAS-004139,PRC-005158,2023-03-10,arquivamento_inquerito,INS-001525,Determinado arquivamento (monocrática),FNT-000046
FAS-004140,PRC-005159,2021-02-08,declinio_competencia,INS-001525,Declinada a competência (monocrática),FNT-000046
FAS-004141,PRC-005160,2022-08-24,arquivamento_inquerito,INS-001525,Determinado arquivamento (monocrática),FNT-000046
FAS-004142,PRC-005161,2025-02-25,arquivamento_inquerito,INS-001525,Determinado arquivamento (monocrática),FNT-000046
FAS-004143,PRC-005162,2026-02-03,declinio_competencia,INS-001525,Declinada a competência (monocrática),FNT-000046
FAS-004144,PRC-005164,2022-08-16,recebimento_denuncia,INS-001525,Recebida denúncia (tribunal pleno),FNT-000046
FAS-004145,PRC-005164,2023-02-14,declinio_competencia,INS-001525,Declinada a competência (monocrática),FNT-000046
FAS-004146,PRC-005165,2021-08-16,extincao_punibilidade,INS-001525,Declarada a extinção da punibilidade (monocrática),FNT-000046
FAS-004147,PRC-005168,2022-10-24,declinio_competencia,INS-001525,Declinada a competência (monocrática),FNT-000046
FAS-004148,PRC-005169,2025-03-12,recebimento_denuncia,INS-001525,Recebida denúncia em parte (1ª turma),FNT-000046
FAS-004149,PRC-005170,2021-07-02,declinio_competencia,INS-001525,Declinada a competência (monocrática),FNT-000046
FAS-004150,PRC-005171,2025-05-08,arquivamento_inquerito,INS-001525,Determinado arquivamento (monocrática),FNT-000046
FAS-004151,PRC-005176,2022-09-08,extincao_punibilidade,INS-001525,Declarada a extinção da punibilidade (monocrática),FNT-000046
FAS-004152,PRC-005179,2022-05-10,arquivamento_inquerito,INS-001525,Determinado arquivamento (monocrática),FNT-000046
FAS-004153,PRC-005182,2024-10-16,extincao_punibilidade,INS-001525,Declarada a extinção da punibilidade (monocrática),FNT-000046
FAS-004154,PRC-005183,2024-08-20,arquivamento_inquerito,INS-001525,Determinado arquivamento (monocrática),FNT-000046
FAS-004155,PRC-005185,2025-09-17,arquivamento_inquerito,INS-001525,Determinado arquivamento (monocrática),FNT-000046
FAS-004156,PRC-005187,2023-03-28,declinio_competencia,INS-001525,Declinada a competência (monocrática),FNT-000046
FAS-004157,PRC-005188,2022-11-08,arquivamento_inquerito,INS-001525,Determinado arquivamento (monocrática),FNT-000046
FAS-004158,PRC-005190,2024-10-18,arquivamento_inquerito,INS-001525,Determinado arquivamento (monocrática),FNT-000046
FAS-004159,PRC-005191,2026-06-29,arquivamento_inquerito,INS-001525,Determinado arquivamento (monocrática),FNT-000046
FAS-004160,PRC-005192,2026-06-29,arquivamento_inquerito,INS-001525,Determinado arquivamento (monocrática),FNT-000046
FAS-004161,PRC-005194,2023-04-25,recebimento_denuncia,INS-001525,Recebida denúncia (tribunal pleno),FNT-000046
FAS-004162,PRC-005194,2023-04-25,recebimento_denuncia,INS-001525,Recebida denúncia (tribunal pleno),FNT-000046
FAS-004163,PRC-005194,2023-04-25,recebimento_denuncia,INS-001525,Recebida denúncia (tribunal pleno),FNT-000046
FAS-004164,PRC-005194,2023-04-25,recebimento_denuncia,INS-001525,Recebida denúncia (tribunal pleno),FNT-000046
FAS-004165,PRC-005194,2023-04-25,recebimento_denuncia,INS-001525,Recebida denúncia (tribunal pleno),FNT-000046
FAS-004166,PRC-005194,2023-04-25,recebimento_denuncia,INS-001525,Recebida denúncia (tribunal pleno),FNT-000046
FAS-004167,PRC-005194,2023-04-25,recebimento_denuncia,INS-001525,Recebida denúncia (tribunal pleno),FNT-000046
FAS-004168,PRC-005194,2023-04-25,recebimento_denuncia,INS-001525,Recebida denúncia (tribunal pleno),FNT-000046
FAS-004169,PRC-005194,2023-04-25,recebimento_denuncia,INS-001525,Recebida denúncia (tribunal pleno),FNT-000046
FAS-004170,PRC-005194,2023-04-25,recebimento_denuncia,INS-001525,Recebida denúncia (tribunal pleno),FNT-000046
FAS-004171,PRC-005194,2023-04-25,recebimento_denuncia,INS-001525,Recebida denúncia (tribunal pleno),FNT-000046
FAS-004172,PRC-005194,2023-04-25,recebimento_denuncia,INS-001525,Recebida denúncia (tribunal pleno),FNT-000046
FAS-004173,PRC-005194,2023-04-25,recebimento_denuncia,INS-001525,Recebida denúncia (tribunal pleno),FNT-000046
FAS-004174,PRC-005194,2023-04-25,recebimento_denuncia,INS-001525,Recebida denúncia (tribunal pleno),FNT-000046
FAS-004175,PRC-005194,2023-04-25,recebimento_denuncia,INS-001525,Recebida denúncia (tribunal pleno),FNT-000046
FAS-004176,PRC-005194,2023-04-25,recebimento_denuncia,INS-001525,Recebida denúncia (tribunal pleno),FNT-000046
FAS-004177,PRC-005194,2023-04-25,recebimento_denuncia,INS-001525,Recebida denúncia (tribunal pleno),FNT-000046
FAS-004178,PRC-005194,2023-04-25,recebimento_denuncia,INS-001525,Recebida denúncia (tribunal pleno),FNT-000046
FAS-004179,PRC-005194,2023-04-25,recebimento_denuncia,INS-001525,Recebida denúncia (tribunal pleno),FNT-000046
FAS-004180,PRC-005194,2023-04-25,recebimento_denuncia,INS-001525,Recebida denúncia (tribunal pleno),FNT-000046
FAS-004181,PRC-005194,2023-04-25,recebimento_denuncia,INS-001525,Recebida denúncia (tribunal pleno),FNT-000046
FAS-004182,PRC-005194,2023-04-25,recebimento_denuncia,INS-001525,Recebida denúncia (tribunal pleno),FNT-000046
FAS-004183,PRC-005194,2023-04-25,recebimento_denuncia,INS-001525,Recebida denúncia (tribunal pleno),FNT-000046
FAS-004184,PRC-005194,2023-04-25,recebimento_denuncia,INS-001525,Recebida denúncia (tribunal pleno),FNT-000046
FAS-004185,PRC-005194,2023-04-25,recebimento_denuncia,INS-001525,Recebida denúncia (tribunal pleno),FNT-000046
FAS-004186,PRC-005194,2023-04-25,recebimento_denuncia,INS-001525,Recebida denúncia (tribunal pleno),FNT-000046
FAS-004187,PRC-005194,2023-04-25,recebimento_denuncia,INS-001525,Recebida denúncia (tribunal pleno),FNT-000046
FAS-004188,PRC-005194,2023-04-25,recebimento_denuncia,INS-001525,Recebida denúncia (tribunal pleno),FNT-000046
FAS-004189,PRC-005194,2023-04-25,recebimento_denuncia,INS-001525,Recebida denúncia (tribunal pleno),FNT-000046
FAS-004190,PRC-005194,2023-04-25,recebimento_denuncia,INS-001525,Recebida denúncia (tribunal pleno),FNT-000046
FAS-004191,PRC-005194,2023-04-25,recebimento_denuncia,INS-001525,Recebida denúncia (tribunal pleno),FNT-000046
FAS-004192,PRC-005194,2023-04-25,recebimento_denuncia,INS-001525,Recebida denúncia (tribunal pleno),FNT-000046
FAS-004193,PRC-005194,2023-04-25,recebimento_denuncia,INS-001525,Recebida denúncia (tribunal pleno),FNT-000046
FAS-004194,PRC-005194,2023-04-25,recebimento_denuncia,INS-001525,Recebida denúncia (tribunal pleno),FNT-000046
FAS-004195,PRC-005194,2023-04-25,recebimento_denuncia,INS-001525,Recebida denúncia (tribunal pleno),FNT-000046
FAS-004196,PRC-005194,2023-04-25,recebimento_denuncia,INS-001525,Recebida denúncia (tribunal pleno),FNT-000046
FAS-004197,PRC-005194,2023-04-25,recebimento_denuncia,INS-001525,Recebida denúncia (tribunal pleno),FNT-000046
FAS-004198,PRC-005194,2023-04-25,recebimento_denuncia,INS-001525,Recebida denúncia (tribunal pleno),FNT-000046
FAS-004199,PRC-005194,2023-04-25,recebimento_denuncia,INS-001525,Recebida denúncia (tribunal pleno),FNT-000046
FAS-004200,PRC-005194,2023-04-25,recebimento_denuncia,INS-001525,Recebida denúncia (tribunal pleno),FNT-000046
FAS-004201,PRC-005194,2023-04-25,recebimento_denuncia,INS-001525,Recebida denúncia (tribunal pleno),FNT-000046
FAS-004202,PRC-005194,2023-04-25,recebimento_denuncia,INS-001525,Recebida denúncia (tribunal pleno),FNT-000046
FAS-004203,PRC-005194,2023-04-25,recebimento_denuncia,INS-001525,Recebida denúncia (tribunal pleno),FNT-000046
FAS-004204,PRC-005194,2023-04-25,recebimento_denuncia,INS-001525,Recebida denúncia (tribunal pleno),FNT-000046
FAS-004205,PRC-005194,2023-04-25,recebimento_denuncia,INS-001525,Recebida denúncia (tribunal pleno),FNT-000046
FAS-004206,PRC-005194,2023-04-25,recebimento_denuncia,INS-001525,Recebida denúncia (tribunal pleno),FNT-000046
FAS-004207,PRC-005194,2023-04-25,recebimento_denuncia,INS-001525,Recebida denúncia (tribunal pleno),FNT-000046
FAS-004208,PRC-005194,2023-04-25,recebimento_denuncia,INS-001525,Recebida denúncia (tribunal pleno),FNT-000046
FAS-004209,PRC-005194,2023-04-25,recebimento_denuncia,INS-001525,Recebida denúncia (tribunal pleno),FNT-000046
FAS-004210,PRC-005194,2023-04-25,recebimento_denuncia,INS-001525,Recebida denúncia (tribunal pleno),FNT-000046
FAS-004211,PRC-005194,2023-05-03,recebimento_denuncia,INS-001525,Recebida denúncia (tribunal pleno),FNT-000046
FAS-004212,PRC-005194,2023-05-03,recebimento_denuncia,INS-001525,Recebida denúncia (tribunal pleno),FNT-000046
FAS-004213,PRC-005194,2023-05-03,recebimento_denuncia,INS-001525,Recebida denúncia (tribunal pleno),FNT-000046
FAS-004214,PRC-005194,2023-05-03,recebimento_denuncia,INS-001525,Recebida denúncia (tribunal pleno),FNT-000046
FAS-004215,PRC-005194,2023-05-03,recebimento_denuncia,INS-001525,Recebida denúncia (tribunal pleno),FNT-000046
FAS-004216,PRC-005194,2023-05-03,recebimento_denuncia,INS-001525,Recebida denúncia (tribunal pleno),FNT-000046
FAS-004217,PRC-005194,2023-05-03,recebimento_denuncia,INS-001525,Recebida denúncia (tribunal pleno),FNT-000046
FAS-004218,PRC-005194,2023-05-03,recebimento_denuncia,INS-001525,Recebida denúncia (tribunal pleno),FNT-000046
FAS-004219,PRC-005194,2023-05-03,recebimento_denuncia,INS-001525,Recebida denúncia (tribunal pleno),FNT-000046
FAS-004220,PRC-005194,2023-05-03,recebimento_denuncia,INS-001525,Recebida denúncia (tribunal pleno),FNT-000046
FAS-004221,PRC-005194,2023-05-03,recebimento_denuncia,INS-001525,Recebida denúncia (tribunal pleno),FNT-000046
FAS-004222,PRC-005194,2023-05-03,recebimento_denuncia,INS-001525,Recebida denúncia (tribunal pleno),FNT-000046
FAS-004223,PRC-005194,2023-05-03,recebimento_denuncia,INS-001525,Recebida denúncia (tribunal pleno),FNT-000046
FAS-004224,PRC-005194,2023-05-03,recebimento_denuncia,INS-001525,Recebida denúncia (tribunal pleno),FNT-000046
FAS-004225,PRC-005194,2023-05-03,recebimento_denuncia,INS-001525,Recebida denúncia (tribunal pleno),FNT-000046
FAS-004226,PRC-005194,2023-05-03,recebimento_denuncia,INS-001525,Recebida denúncia (tribunal pleno),FNT-000046
FAS-004227,PRC-005194,2023-05-03,recebimento_denuncia,INS-001525,Recebida denúncia (tribunal pleno),FNT-000046
FAS-004228,PRC-005194,2023-05-03,recebimento_denuncia,INS-001525,Recebida denúncia (tribunal pleno),FNT-000046
FAS-004229,PRC-005194,2023-05-03,recebimento_denuncia,INS-001525,Recebida denúncia (tribunal pleno),FNT-000046
FAS-004230,PRC-005194,2023-05-03,recebimento_denuncia,INS-001525,Recebida denúncia (tribunal pleno),FNT-000046
FAS-004231,PRC-005194,2023-05-03,recebimento_denuncia,INS-001525,Recebida denúncia (tribunal pleno),FNT-000046
FAS-004232,PRC-005194,2023-05-03,recebimento_denuncia,INS-001525,Recebida denúncia (tribunal pleno),FNT-000046
FAS-004233,PRC-005194,2023-05-03,recebimento_denuncia,INS-001525,Recebida denúncia (tribunal pleno),FNT-000046
FAS-004234,PRC-005194,2023-05-03,recebimento_denuncia,INS-001525,Recebida denúncia (tribunal pleno),FNT-000046
FAS-004235,PRC-005194,2023-05-03,recebimento_denuncia,INS-001525,Recebida denúncia (tribunal pleno),FNT-000046
FAS-004236,PRC-005194,2023-05-03,recebimento_denuncia,INS-001525,Recebida denúncia (tribunal pleno),FNT-000046
FAS-004237,PRC-005194,2023-05-03,recebimento_denuncia,INS-001525,Recebida denúncia (tribunal pleno),FNT-000046
FAS-004238,PRC-005194,2023-05-03,recebimento_denuncia,INS-001525,Recebida denúncia (tribunal pleno),FNT-000046
FAS-004239,PRC-005194,2023-05-03,recebimento_denuncia,INS-001525,Recebida denúncia (tribunal pleno),FNT-000046
FAS-004240,PRC-005194,2023-05-03,recebimento_denuncia,INS-001525,Recebida denúncia (tribunal pleno),FNT-000046
FAS-004241,PRC-005194,2023-05-03,recebimento_denuncia,INS-001525,Recebida denúncia (tribunal pleno),FNT-000046
FAS-004242,PRC-005194,2023-05-03,recebimento_denuncia,INS-001525,Recebida denúncia (tribunal pleno),FNT-000046
FAS-004243,PRC-005194,2023-05-03,recebimento_denuncia,INS-001525,Recebida denúncia (tribunal pleno),FNT-000046
FAS-004244,PRC-005194,2023-05-03,recebimento_denuncia,INS-001525,Recebida denúncia (tribunal pleno),FNT-000046
FAS-004245,PRC-005194,2023-05-03,recebimento_denuncia,INS-001525,Recebida denúncia (tribunal pleno),FNT-000046
FAS-004246,PRC-005194,2023-05-03,recebimento_denuncia,INS-001525,Recebida denúncia (tribunal pleno),FNT-000046
FAS-004247,PRC-005194,2023-05-03,recebimento_denuncia,INS-001525,Recebida denúncia (tribunal pleno),FNT-000046
FAS-004248,PRC-005194,2023-05-03,recebimento_denuncia,INS-001525,Recebida denúncia (tribunal pleno),FNT-000046
FAS-004249,PRC-005194,2023-05-03,recebimento_denuncia,INS-001525,Recebida denúncia (tribunal pleno),FNT-000046
FAS-004250,PRC-005194,2023-05-03,recebimento_denuncia,INS-001525,Recebida denúncia (tribunal pleno),FNT-000046
FAS-004251,PRC-005194,2023-05-03,recebimento_denuncia,INS-001525,Recebida denúncia (tribunal pleno),FNT-000046
FAS-004252,PRC-005194,2023-05-03,recebimento_denuncia,INS-001525,Recebida denúncia (tribunal pleno),FNT-000046
FAS-004253,PRC-005194,2023-05-03,recebimento_denuncia,INS-001525,Recebida denúncia (tribunal pleno),FNT-000046
FAS-004254,PRC-005194,2023-05-03,recebimento_denuncia,INS-001525,Recebida denúncia (tribunal pleno),FNT-000046
FAS-004255,PRC-005194,2023-05-03,recebimento_denuncia,INS-001525,Recebida denúncia (tribunal pleno),FNT-000046
FAS-004256,PRC-005194,2023-05-03,recebimento_denuncia,INS-001525,Recebida denúncia (tribunal pleno),FNT-000046
FAS-004257,PRC-005194,2023-05-03,recebimento_denuncia,INS-001525,Recebida denúncia (tribunal pleno),FNT-000046
FAS-004258,PRC-005194,2023-05-03,recebimento_denuncia,INS-001525,Recebida denúncia (tribunal pleno),FNT-000046
FAS-004259,PRC-005194,2023-05-03,recebimento_denuncia,INS-001525,Recebida denúncia (tribunal pleno),FNT-000046
FAS-004260,PRC-005194,2023-05-03,recebimento_denuncia,INS-001525,Recebida denúncia (tribunal pleno),FNT-000046
FAS-004261,PRC-005194,2023-05-03,recebimento_denuncia,INS-001525,Recebida denúncia (tribunal pleno),FNT-000046
FAS-004262,PRC-005194,2023-05-03,recebimento_denuncia,INS-001525,Recebida denúncia (tribunal pleno),FNT-000046
FAS-004263,PRC-005194,2023-05-03,recebimento_denuncia,INS-001525,Recebida denúncia (tribunal pleno),FNT-000046
FAS-004264,PRC-005194,2023-05-03,recebimento_denuncia,INS-001525,Recebida denúncia (tribunal pleno),FNT-000046
FAS-004265,PRC-005194,2023-05-03,recebimento_denuncia,INS-001525,Recebida denúncia (tribunal pleno),FNT-000046
FAS-004266,PRC-005194,2023-05-03,recebimento_denuncia,INS-001525,Recebida denúncia (tribunal pleno),FNT-000046
FAS-004267,PRC-005194,2023-05-03,recebimento_denuncia,INS-001525,Recebida denúncia (tribunal pleno),FNT-000046
FAS-004268,PRC-005194,2023-05-03,recebimento_denuncia,INS-001525,Recebida denúncia (tribunal pleno),FNT-000046
FAS-004269,PRC-005194,2023-05-03,recebimento_denuncia,INS-001525,Recebida denúncia (tribunal pleno),FNT-000046
FAS-004270,PRC-005194,2023-05-03,recebimento_denuncia,INS-001525,Recebida denúncia (tribunal pleno),FNT-000046
FAS-004271,PRC-005194,2023-05-03,recebimento_denuncia,INS-001525,Recebida denúncia (tribunal pleno),FNT-000046
FAS-004272,PRC-005194,2023-05-03,recebimento_denuncia,INS-001525,Recebida denúncia (tribunal pleno),FNT-000046
FAS-004273,PRC-005194,2023-05-03,recebimento_denuncia,INS-001525,Recebida denúncia (tribunal pleno),FNT-000046
FAS-004274,PRC-005194,2023-05-03,recebimento_denuncia,INS-001525,Recebida denúncia (tribunal pleno),FNT-000046
FAS-004275,PRC-005194,2023-05-03,recebimento_denuncia,INS-001525,Recebida denúncia (tribunal pleno),FNT-000046
FAS-004276,PRC-005194,2023-05-03,recebimento_denuncia,INS-001525,Recebida denúncia (tribunal pleno),FNT-000046
FAS-004277,PRC-005194,2023-05-03,recebimento_denuncia,INS-001525,Recebida denúncia (tribunal pleno),FNT-000046
FAS-004278,PRC-005194,2023-05-03,recebimento_denuncia,INS-001525,Recebida denúncia (tribunal pleno),FNT-000046
FAS-004279,PRC-005194,2023-05-03,recebimento_denuncia,INS-001525,Recebida denúncia (tribunal pleno),FNT-000046
FAS-004280,PRC-005194,2023-05-03,recebimento_denuncia,INS-001525,Recebida denúncia (tribunal pleno),FNT-000046
FAS-004281,PRC-005194,2023-05-03,recebimento_denuncia,INS-001525,Recebida denúncia (tribunal pleno),FNT-000046
FAS-004282,PRC-005194,2023-05-03,recebimento_denuncia,INS-001525,Recebida denúncia (tribunal pleno),FNT-000046
FAS-004283,PRC-005194,2023-05-03,recebimento_denuncia,INS-001525,Recebida denúncia (tribunal pleno),FNT-000046
FAS-004284,PRC-005194,2023-05-03,recebimento_denuncia,INS-001525,Recebida denúncia (tribunal pleno),FNT-000046
FAS-004285,PRC-005194,2023-05-03,recebimento_denuncia,INS-001525,Recebida denúncia (tribunal pleno),FNT-000046
FAS-004286,PRC-005194,2023-05-03,recebimento_denuncia,INS-001525,Recebida denúncia (tribunal pleno),FNT-000046
FAS-004287,PRC-005194,2023-05-03,recebimento_denuncia,INS-001525,Recebida denúncia (tribunal pleno),FNT-000046
FAS-004288,PRC-005194,2023-05-03,recebimento_denuncia,INS-001525,Recebida denúncia (tribunal pleno),FNT-000046
FAS-004289,PRC-005194,2023-05-03,recebimento_denuncia,INS-001525,Recebida denúncia (tribunal pleno),FNT-000046
FAS-004290,PRC-005194,2023-05-03,recebimento_denuncia,INS-001525,Recebida denúncia (tribunal pleno),FNT-000046
FAS-004291,PRC-005194,2023-05-03,recebimento_denuncia,INS-001525,Recebida denúncia (tribunal pleno),FNT-000046
FAS-004292,PRC-005194,2023-05-03,recebimento_denuncia,INS-001525,Recebida denúncia (tribunal pleno),FNT-000046
FAS-004293,PRC-005194,2023-05-03,recebimento_denuncia,INS-001525,Recebida denúncia (tribunal pleno),FNT-000046
FAS-004294,PRC-005194,2023-05-03,recebimento_denuncia,INS-001525,Recebida denúncia (tribunal pleno),FNT-000046
FAS-004295,PRC-005194,2023-05-03,recebimento_denuncia,INS-001525,Recebida denúncia (tribunal pleno),FNT-000046
FAS-004296,PRC-005194,2023-05-03,recebimento_denuncia,INS-001525,Recebida denúncia (tribunal pleno),FNT-000046
FAS-004297,PRC-005194,2023-05-03,recebimento_denuncia,INS-001525,Recebida denúncia (tribunal pleno),FNT-000046
FAS-004298,PRC-005194,2023-05-03,recebimento_denuncia,INS-001525,Recebida denúncia (tribunal pleno),FNT-000046
FAS-004299,PRC-005194,2023-05-03,recebimento_denuncia,INS-001525,Recebida denúncia (tribunal pleno),FNT-000046
FAS-004300,PRC-005194,2023-05-03,recebimento_denuncia,INS-001525,Recebida denúncia (tribunal pleno),FNT-000046
FAS-004301,PRC-005194,2023-05-03,recebimento_denuncia,INS-001525,Recebida denúncia (tribunal pleno),FNT-000046
FAS-004302,PRC-005194,2023-05-03,recebimento_denuncia,INS-001525,Recebida denúncia (tribunal pleno),FNT-000046
FAS-004303,PRC-005194,2023-05-03,recebimento_denuncia,INS-001525,Recebida denúncia (tribunal pleno),FNT-000046
FAS-004304,PRC-005194,2023-05-03,recebimento_denuncia,INS-001525,Recebida denúncia (tribunal pleno),FNT-000046
FAS-004305,PRC-005194,2023-05-03,recebimento_denuncia,INS-001525,Recebida denúncia (tribunal pleno),FNT-000046
FAS-004306,PRC-005194,2023-05-03,recebimento_denuncia,INS-001525,Recebida denúncia (tribunal pleno),FNT-000046
FAS-004307,PRC-005194,2023-05-03,recebimento_denuncia,INS-001525,Recebida denúncia (tribunal pleno),FNT-000046
FAS-004308,PRC-005194,2023-05-03,recebimento_denuncia,INS-001525,Recebida denúncia (tribunal pleno),FNT-000046
FAS-004309,PRC-005194,2023-05-03,recebimento_denuncia,INS-001525,Recebida denúncia (tribunal pleno),FNT-000046
FAS-004310,PRC-005194,2023-05-03,recebimento_denuncia,INS-001525,Recebida denúncia (tribunal pleno),FNT-000046
FAS-004311,PRC-005194,2023-05-09,recebimento_denuncia,INS-001525,Recebida denúncia (tribunal pleno),FNT-000046
FAS-004312,PRC-005194,2023-05-09,recebimento_denuncia,INS-001525,Recebida denúncia (tribunal pleno),FNT-000046
FAS-004313,PRC-005194,2023-05-09,recebimento_denuncia,INS-001525,Recebida denúncia (tribunal pleno),FNT-000046
FAS-004314,PRC-005194,2023-05-09,recebimento_denuncia,INS-001525,Recebida denúncia (tribunal pleno),FNT-000046
FAS-004315,PRC-005194,2023-05-09,recebimento_denuncia,INS-001525,Recebida denúncia (tribunal pleno),FNT-000046
FAS-004316,PRC-005194,2023-05-09,recebimento_denuncia,INS-001525,Recebida denúncia (tribunal pleno),FNT-000046
FAS-004317,PRC-005194,2023-05-09,recebimento_denuncia,INS-001525,Recebida denúncia (tribunal pleno),FNT-000046
FAS-004318,PRC-005194,2023-05-09,recebimento_denuncia,INS-001525,Recebida denúncia (tribunal pleno),FNT-000046
FAS-004319,PRC-005194,2023-05-09,recebimento_denuncia,INS-001525,Recebida denúncia (tribunal pleno),FNT-000046
FAS-004320,PRC-005194,2023-05-09,recebimento_denuncia,INS-001525,Recebida denúncia (tribunal pleno),FNT-000046
FAS-004321,PRC-005194,2023-05-09,recebimento_denuncia,INS-001525,Recebida denúncia (tribunal pleno),FNT-000046
FAS-004322,PRC-005194,2023-05-09,recebimento_denuncia,INS-001525,Recebida denúncia (tribunal pleno),FNT-000046
FAS-004323,PRC-005194,2023-05-09,recebimento_denuncia,INS-001525,Recebida denúncia (tribunal pleno),FNT-000046
FAS-004324,PRC-005194,2023-05-09,recebimento_denuncia,INS-001525,Recebida denúncia (tribunal pleno),FNT-000046
FAS-004325,PRC-005194,2023-05-09,recebimento_denuncia,INS-001525,Recebida denúncia (tribunal pleno),FNT-000046
FAS-004326,PRC-005194,2023-05-09,recebimento_denuncia,INS-001525,Recebida denúncia (tribunal pleno),FNT-000046
FAS-004327,PRC-005194,2023-05-09,recebimento_denuncia,INS-001525,Recebida denúncia (tribunal pleno),FNT-000046
FAS-004328,PRC-005194,2023-05-09,recebimento_denuncia,INS-001525,Recebida denúncia (tribunal pleno),FNT-000046
FAS-004329,PRC-005194,2023-05-09,recebimento_denuncia,INS-001525,Recebida denúncia (tribunal pleno),FNT-000046
FAS-004330,PRC-005194,2023-05-09,recebimento_denuncia,INS-001525,Recebida denúncia (tribunal pleno),FNT-000046
FAS-004331,PRC-005194,2023-05-09,recebimento_denuncia,INS-001525,Recebida denúncia (tribunal pleno),FNT-000046
FAS-004332,PRC-005194,2023-05-09,recebimento_denuncia,INS-001525,Recebida denúncia (tribunal pleno),FNT-000046
FAS-004333,PRC-005194,2023-05-09,recebimento_denuncia,INS-001525,Recebida denúncia (tribunal pleno),FNT-000046
FAS-004334,PRC-005194,2023-05-09,recebimento_denuncia,INS-001525,Recebida denúncia (tribunal pleno),FNT-000046
FAS-004335,PRC-005194,2023-05-09,recebimento_denuncia,INS-001525,Recebida denúncia (tribunal pleno),FNT-000046
FAS-004336,PRC-005194,2023-05-09,recebimento_denuncia,INS-001525,Recebida denúncia (tribunal pleno),FNT-000046
FAS-004337,PRC-005194,2023-05-09,recebimento_denuncia,INS-001525,Recebida denúncia (tribunal pleno),FNT-000046
FAS-004338,PRC-005194,2023-05-09,recebimento_denuncia,INS-001525,Recebida denúncia (tribunal pleno),FNT-000046
FAS-004339,PRC-005194,2023-05-09,recebimento_denuncia,INS-001525,Recebida denúncia (tribunal pleno),FNT-000046
FAS-004340,PRC-005194,2023-05-09,recebimento_denuncia,INS-001525,Recebida denúncia (tribunal pleno),FNT-000046
FAS-004341,PRC-005194,2023-05-09,recebimento_denuncia,INS-001525,Recebida denúncia (tribunal pleno),FNT-000046
FAS-004342,PRC-005194,2023-05-09,recebimento_denuncia,INS-001525,Recebida denúncia (tribunal pleno),FNT-000046
FAS-004343,PRC-005194,2023-05-09,recebimento_denuncia,INS-001525,Recebida denúncia (tribunal pleno),FNT-000046
FAS-004344,PRC-005194,2023-05-09,recebimento_denuncia,INS-001525,Recebida denúncia (tribunal pleno),FNT-000046
FAS-004345,PRC-005194,2023-05-09,recebimento_denuncia,INS-001525,Recebida denúncia (tribunal pleno),FNT-000046
FAS-004346,PRC-005194,2023-05-09,recebimento_denuncia,INS-001525,Recebida denúncia (tribunal pleno),FNT-000046
FAS-004347,PRC-005194,2023-05-09,recebimento_denuncia,INS-001525,Recebida denúncia (tribunal pleno),FNT-000046
FAS-004348,PRC-005194,2023-05-09,recebimento_denuncia,INS-001525,Recebida denúncia (tribunal pleno),FNT-000046
FAS-004349,PRC-005194,2023-05-09,recebimento_denuncia,INS-001525,Recebida denúncia (tribunal pleno),FNT-000046
FAS-004350,PRC-005194,2023-05-09,recebimento_denuncia,INS-001525,Recebida denúncia (tribunal pleno),FNT-000046
FAS-004351,PRC-005194,2023-05-09,recebimento_denuncia,INS-001525,Recebida denúncia (tribunal pleno),FNT-000046
FAS-004352,PRC-005194,2023-05-09,recebimento_denuncia,INS-001525,Recebida denúncia (tribunal pleno),FNT-000046
FAS-004353,PRC-005194,2023-05-09,recebimento_denuncia,INS-001525,Recebida denúncia (tribunal pleno),FNT-000046
FAS-004354,PRC-005194,2023-05-09,recebimento_denuncia,INS-001525,Recebida denúncia (tribunal pleno),FNT-000046
FAS-004355,PRC-005194,2023-05-09,recebimento_denuncia,INS-001525,Recebida denúncia (tribunal pleno),FNT-000046
FAS-004356,PRC-005194,2023-05-09,recebimento_denuncia,INS-001525,Recebida denúncia (tribunal pleno),FNT-000046
FAS-004357,PRC-005194,2023-05-09,recebimento_denuncia,INS-001525,Recebida denúncia (tribunal pleno),FNT-000046
FAS-004358,PRC-005194,2023-05-09,recebimento_denuncia,INS-001525,Recebida denúncia (tribunal pleno),FNT-000046
FAS-004359,PRC-005194,2023-05-09,recebimento_denuncia,INS-001525,Recebida denúncia (tribunal pleno),FNT-000046
FAS-004360,PRC-005194,2023-05-09,recebimento_denuncia,INS-001525,Recebida denúncia (tribunal pleno),FNT-000046
FAS-004361,PRC-005194,2023-05-09,recebimento_denuncia,INS-001525,Recebida denúncia (tribunal pleno),FNT-000046
FAS-004362,PRC-005194,2023-05-09,recebimento_denuncia,INS-001525,Recebida denúncia (tribunal pleno),FNT-000046
FAS-004363,PRC-005194,2023-05-09,recebimento_denuncia,INS-001525,Recebida denúncia (tribunal pleno),FNT-000046
FAS-004364,PRC-005194,2023-05-09,recebimento_denuncia,INS-001525,Recebida denúncia (tribunal pleno),FNT-000046
FAS-004365,PRC-005194,2023-05-09,recebimento_denuncia,INS-001525,Recebida denúncia (tribunal pleno),FNT-000046
FAS-004366,PRC-005194,2023-05-09,recebimento_denuncia,INS-001525,Recebida denúncia (tribunal pleno),FNT-000046
FAS-004367,PRC-005194,2023-05-09,recebimento_denuncia,INS-001525,Recebida denúncia (tribunal pleno),FNT-000046
FAS-004368,PRC-005194,2023-05-09,recebimento_denuncia,INS-001525,Recebida denúncia (tribunal pleno),FNT-000046
FAS-004369,PRC-005194,2023-05-09,recebimento_denuncia,INS-001525,Recebida denúncia (tribunal pleno),FNT-000046
FAS-004370,PRC-005194,2023-05-09,recebimento_denuncia,INS-001525,Recebida denúncia (tribunal pleno),FNT-000046
FAS-004371,PRC-005194,2023-05-09,recebimento_denuncia,INS-001525,Recebida denúncia (tribunal pleno),FNT-000046
FAS-004372,PRC-005194,2023-05-09,recebimento_denuncia,INS-001525,Recebida denúncia (tribunal pleno),FNT-000046
FAS-004373,PRC-005194,2023-05-09,recebimento_denuncia,INS-001525,Recebida denúncia (tribunal pleno),FNT-000046
FAS-004374,PRC-005194,2023-05-09,recebimento_denuncia,INS-001525,Recebida denúncia (tribunal pleno),FNT-000046
FAS-004375,PRC-005194,2023-05-09,recebimento_denuncia,INS-001525,Recebida denúncia (tribunal pleno),FNT-000046
FAS-004376,PRC-005194,2023-05-09,recebimento_denuncia,INS-001525,Recebida denúncia (tribunal pleno),FNT-000046
FAS-004377,PRC-005194,2023-05-09,recebimento_denuncia,INS-001525,Recebida denúncia (tribunal pleno),FNT-000046
FAS-004378,PRC-005194,2023-05-09,recebimento_denuncia,INS-001525,Recebida denúncia (tribunal pleno),FNT-000046
FAS-004379,PRC-005194,2023-05-09,recebimento_denuncia,INS-001525,Recebida denúncia (tribunal pleno),FNT-000046
FAS-004380,PRC-005194,2023-05-09,recebimento_denuncia,INS-001525,Recebida denúncia (tribunal pleno),FNT-000046
FAS-004381,PRC-005194,2023-05-09,recebimento_denuncia,INS-001525,Recebida denúncia (tribunal pleno),FNT-000046
FAS-004382,PRC-005194,2023-05-09,recebimento_denuncia,INS-001525,Recebida denúncia (tribunal pleno),FNT-000046
FAS-004383,PRC-005194,2023-05-09,recebimento_denuncia,INS-001525,Recebida denúncia (tribunal pleno),FNT-000046
FAS-004384,PRC-005194,2023-05-09,recebimento_denuncia,INS-001525,Recebida denúncia (tribunal pleno),FNT-000046
FAS-004385,PRC-005194,2023-05-09,recebimento_denuncia,INS-001525,Recebida denúncia (tribunal pleno),FNT-000046
FAS-004386,PRC-005194,2023-05-09,recebimento_denuncia,INS-001525,Recebida denúncia (tribunal pleno),FNT-000046
FAS-004387,PRC-005194,2023-05-09,recebimento_denuncia,INS-001525,Recebida denúncia (tribunal pleno),FNT-000046
FAS-004388,PRC-005194,2023-05-09,recebimento_denuncia,INS-001525,Recebida denúncia (tribunal pleno),FNT-000046
FAS-004389,PRC-005194,2023-05-09,recebimento_denuncia,INS-001525,Recebida denúncia (tribunal pleno),FNT-000046
FAS-004390,PRC-005194,2023-05-09,recebimento_denuncia,INS-001525,Recebida denúncia (tribunal pleno),FNT-000046
FAS-004391,PRC-005194,2023-05-09,recebimento_denuncia,INS-001525,Recebida denúncia (tribunal pleno),FNT-000046
FAS-004392,PRC-005194,2023-05-09,recebimento_denuncia,INS-001525,Recebida denúncia (tribunal pleno),FNT-000046
FAS-004393,PRC-005194,2023-05-09,recebimento_denuncia,INS-001525,Recebida denúncia (tribunal pleno),FNT-000046
FAS-004394,PRC-005194,2023-05-09,recebimento_denuncia,INS-001525,Recebida denúncia (tribunal pleno),FNT-000046
FAS-004395,PRC-005194,2023-05-09,recebimento_denuncia,INS-001525,Recebida denúncia (tribunal pleno),FNT-000046
FAS-004396,PRC-005194,2023-05-09,recebimento_denuncia,INS-001525,Recebida denúncia (tribunal pleno),FNT-000046
FAS-004397,PRC-005194,2023-05-09,recebimento_denuncia,INS-001525,Recebida denúncia (tribunal pleno),FNT-000046
FAS-004398,PRC-005194,2023-05-09,recebimento_denuncia,INS-001525,Recebida denúncia (tribunal pleno),FNT-000046
FAS-004399,PRC-005194,2023-05-09,recebimento_denuncia,INS-001525,Recebida denúncia (tribunal pleno),FNT-000046
FAS-004400,PRC-005194,2023-05-09,recebimento_denuncia,INS-001525,Recebida denúncia (tribunal pleno),FNT-000046
FAS-004401,PRC-005194,2023-05-09,recebimento_denuncia,INS-001525,Recebida denúncia (tribunal pleno),FNT-000046
FAS-004402,PRC-005194,2023-05-09,recebimento_denuncia,INS-001525,Recebida denúncia (tribunal pleno),FNT-000046
FAS-004403,PRC-005194,2023-05-09,recebimento_denuncia,INS-001525,Recebida denúncia (tribunal pleno),FNT-000046
FAS-004404,PRC-005194,2023-05-09,recebimento_denuncia,INS-001525,Recebida denúncia (tribunal pleno),FNT-000046
FAS-004405,PRC-005194,2023-05-09,recebimento_denuncia,INS-001525,Recebida denúncia (tribunal pleno),FNT-000046
FAS-004406,PRC-005194,2023-05-09,recebimento_denuncia,INS-001525,Recebida denúncia (tribunal pleno),FNT-000046
FAS-004407,PRC-005194,2023-05-09,recebimento_denuncia,INS-001525,Recebida denúncia (tribunal pleno),FNT-000046
FAS-004408,PRC-005194,2023-05-09,recebimento_denuncia,INS-001525,Recebida denúncia (tribunal pleno),FNT-000046
FAS-004409,PRC-005194,2023-05-09,recebimento_denuncia,INS-001525,Recebida denúncia (tribunal pleno),FNT-000046
FAS-004410,PRC-005194,2023-05-09,recebimento_denuncia,INS-001525,Recebida denúncia (tribunal pleno),FNT-000046
FAS-004411,PRC-005194,2023-05-09,recebimento_denuncia,INS-001525,Recebida denúncia (tribunal pleno),FNT-000046
FAS-004412,PRC-005194,2023-05-09,recebimento_denuncia,INS-001525,Recebida denúncia (tribunal pleno),FNT-000046
FAS-004413,PRC-005194,2023-05-09,recebimento_denuncia,INS-001525,Recebida denúncia (tribunal pleno),FNT-000046
FAS-004414,PRC-005194,2023-05-09,recebimento_denuncia,INS-001525,Recebida denúncia (tribunal pleno),FNT-000046
FAS-004415,PRC-005194,2023-05-09,recebimento_denuncia,INS-001525,Recebida denúncia (tribunal pleno),FNT-000046
FAS-004416,PRC-005194,2023-05-09,recebimento_denuncia,INS-001525,Recebida denúncia (tribunal pleno),FNT-000046
FAS-004417,PRC-005194,2023-05-09,recebimento_denuncia,INS-001525,Recebida denúncia (tribunal pleno),FNT-000046
FAS-004418,PRC-005194,2023-05-09,recebimento_denuncia,INS-001525,Recebida denúncia (tribunal pleno),FNT-000046
FAS-004419,PRC-005194,2023-05-09,recebimento_denuncia,INS-001525,Recebida denúncia (tribunal pleno),FNT-000046
FAS-004420,PRC-005194,2023-05-09,recebimento_denuncia,INS-001525,Recebida denúncia (tribunal pleno),FNT-000046
FAS-004421,PRC-005194,2023-05-09,recebimento_denuncia,INS-001525,Recebida denúncia (tribunal pleno),FNT-000046
FAS-004422,PRC-005194,2023-05-09,recebimento_denuncia,INS-001525,Recebida denúncia (tribunal pleno),FNT-000046
FAS-004423,PRC-005194,2023-05-09,recebimento_denuncia,INS-001525,Recebida denúncia (tribunal pleno),FNT-000046
FAS-004424,PRC-005194,2023-05-09,recebimento_denuncia,INS-001525,Recebida denúncia (tribunal pleno),FNT-000046
FAS-004425,PRC-005194,2023-05-09,recebimento_denuncia,INS-001525,Recebida denúncia (tribunal pleno),FNT-000046
FAS-004426,PRC-005194,2023-05-09,recebimento_denuncia,INS-001525,Recebida denúncia (tribunal pleno),FNT-000046
FAS-004427,PRC-005194,2023-05-09,recebimento_denuncia,INS-001525,Recebida denúncia (tribunal pleno),FNT-000046
FAS-004428,PRC-005194,2023-05-09,recebimento_denuncia,INS-001525,Recebida denúncia (tribunal pleno),FNT-000046
FAS-004429,PRC-005194,2023-05-09,recebimento_denuncia,INS-001525,Recebida denúncia (tribunal pleno),FNT-000046
FAS-004430,PRC-005194,2023-05-09,recebimento_denuncia,INS-001525,Recebida denúncia (tribunal pleno),FNT-000046
FAS-004431,PRC-005194,2023-05-09,recebimento_denuncia,INS-001525,Recebida denúncia (tribunal pleno),FNT-000046
FAS-004432,PRC-005194,2023-05-09,recebimento_denuncia,INS-001525,Recebida denúncia (tribunal pleno),FNT-000046
FAS-004433,PRC-005194,2023-05-09,recebimento_denuncia,INS-001525,Recebida denúncia (tribunal pleno),FNT-000046
FAS-004434,PRC-005194,2023-05-09,recebimento_denuncia,INS-001525,Recebida denúncia (tribunal pleno),FNT-000046
FAS-004435,PRC-005194,2023-05-09,recebimento_denuncia,INS-001525,Recebida denúncia (tribunal pleno),FNT-000046
FAS-004436,PRC-005194,2023-05-09,recebimento_denuncia,INS-001525,Recebida denúncia (tribunal pleno),FNT-000046
FAS-004437,PRC-005194,2023-05-09,recebimento_denuncia,INS-001525,Recebida denúncia (tribunal pleno),FNT-000046
FAS-004438,PRC-005194,2023-05-09,recebimento_denuncia,INS-001525,Recebida denúncia (tribunal pleno),FNT-000046
FAS-004439,PRC-005194,2023-05-09,recebimento_denuncia,INS-001525,Recebida denúncia (tribunal pleno),FNT-000046
FAS-004440,PRC-005194,2023-05-09,recebimento_denuncia,INS-001525,Recebida denúncia (tribunal pleno),FNT-000046
FAS-004441,PRC-005194,2023-05-09,recebimento_denuncia,INS-001525,Recebida denúncia (tribunal pleno),FNT-000046
FAS-004442,PRC-005194,2023-05-09,recebimento_denuncia,INS-001525,Recebida denúncia (tribunal pleno),FNT-000046
FAS-004443,PRC-005194,2023-05-09,recebimento_denuncia,INS-001525,Recebida denúncia (tribunal pleno),FNT-000046
FAS-004444,PRC-005194,2023-05-09,recebimento_denuncia,INS-001525,Recebida denúncia (tribunal pleno),FNT-000046
FAS-004445,PRC-005194,2023-05-09,recebimento_denuncia,INS-001525,Recebida denúncia (tribunal pleno),FNT-000046
FAS-004446,PRC-005194,2023-05-09,recebimento_denuncia,INS-001525,Recebida denúncia (tribunal pleno),FNT-000046
FAS-004447,PRC-005194,2023-05-09,recebimento_denuncia,INS-001525,Recebida denúncia (tribunal pleno),FNT-000046
FAS-004448,PRC-005194,2023-05-09,recebimento_denuncia,INS-001525,Recebida denúncia (tribunal pleno),FNT-000046
FAS-004449,PRC-005194,2023-05-09,recebimento_denuncia,INS-001525,Recebida denúncia (tribunal pleno),FNT-000046
FAS-004450,PRC-005194,2023-05-09,recebimento_denuncia,INS-001525,Recebida denúncia (tribunal pleno),FNT-000046
FAS-004451,PRC-005194,2023-05-09,recebimento_denuncia,INS-001525,Recebida denúncia (tribunal pleno),FNT-000046
FAS-004452,PRC-005194,2023-05-09,recebimento_denuncia,INS-001525,Recebida denúncia (tribunal pleno),FNT-000046
FAS-004453,PRC-005194,2023-05-09,recebimento_denuncia,INS-001525,Recebida denúncia (tribunal pleno),FNT-000046
FAS-004454,PRC-005194,2023-05-09,recebimento_denuncia,INS-001525,Recebida denúncia (tribunal pleno),FNT-000046
FAS-004455,PRC-005194,2023-05-09,recebimento_denuncia,INS-001525,Recebida denúncia (tribunal pleno),FNT-000046
FAS-004456,PRC-005194,2023-05-09,recebimento_denuncia,INS-001525,Recebida denúncia (tribunal pleno),FNT-000046
FAS-004457,PRC-005194,2023-05-09,recebimento_denuncia,INS-001525,Recebida denúncia (tribunal pleno),FNT-000046
FAS-004458,PRC-005194,2023-05-09,recebimento_denuncia,INS-001525,Recebida denúncia (tribunal pleno),FNT-000046
FAS-004459,PRC-005194,2023-05-09,recebimento_denuncia,INS-001525,Recebida denúncia (tribunal pleno),FNT-000046
FAS-004460,PRC-005194,2023-05-09,recebimento_denuncia,INS-001525,Recebida denúncia (tribunal pleno),FNT-000046
FAS-004461,PRC-005194,2023-05-09,recebimento_denuncia,INS-001525,Recebida denúncia (tribunal pleno),FNT-000046
FAS-004462,PRC-005194,2023-05-09,recebimento_denuncia,INS-001525,Recebida denúncia (tribunal pleno),FNT-000046
FAS-004463,PRC-005194,2023-05-09,recebimento_denuncia,INS-001525,Recebida denúncia (tribunal pleno),FNT-000046
FAS-004464,PRC-005194,2023-05-09,recebimento_denuncia,INS-001525,Recebida denúncia (tribunal pleno),FNT-000046
FAS-004465,PRC-005194,2023-05-09,recebimento_denuncia,INS-001525,Recebida denúncia (tribunal pleno),FNT-000046
FAS-004466,PRC-005194,2023-05-09,recebimento_denuncia,INS-001525,Recebida denúncia (tribunal pleno),FNT-000046
FAS-004467,PRC-005194,2023-05-09,recebimento_denuncia,INS-001525,Recebida denúncia (tribunal pleno),FNT-000046
FAS-004468,PRC-005194,2023-05-09,recebimento_denuncia,INS-001525,Recebida denúncia (tribunal pleno),FNT-000046
FAS-004469,PRC-005194,2023-05-09,recebimento_denuncia,INS-001525,Recebida denúncia (tribunal pleno),FNT-000046
FAS-004470,PRC-005194,2023-05-09,recebimento_denuncia,INS-001525,Recebida denúncia (tribunal pleno),FNT-000046
FAS-004471,PRC-005194,2023-05-09,recebimento_denuncia,INS-001525,Recebida denúncia (tribunal pleno),FNT-000046
FAS-004472,PRC-005194,2023-05-09,recebimento_denuncia,INS-001525,Recebida denúncia (tribunal pleno),FNT-000046
FAS-004473,PRC-005194,2023-05-09,recebimento_denuncia,INS-001525,Recebida denúncia (tribunal pleno),FNT-000046
FAS-004474,PRC-005194,2023-05-09,recebimento_denuncia,INS-001525,Recebida denúncia (tribunal pleno),FNT-000046
FAS-004475,PRC-005194,2023-05-09,recebimento_denuncia,INS-001525,Recebida denúncia (tribunal pleno),FNT-000046
FAS-004476,PRC-005194,2023-05-09,recebimento_denuncia,INS-001525,Recebida denúncia (tribunal pleno),FNT-000046
FAS-004477,PRC-005194,2023-05-09,recebimento_denuncia,INS-001525,Recebida denúncia (tribunal pleno),FNT-000046
FAS-004478,PRC-005194,2023-05-09,recebimento_denuncia,INS-001525,Recebida denúncia (tribunal pleno),FNT-000046
FAS-004479,PRC-005194,2023-05-09,recebimento_denuncia,INS-001525,Recebida denúncia (tribunal pleno),FNT-000046
FAS-004480,PRC-005194,2023-05-09,recebimento_denuncia,INS-001525,Recebida denúncia (tribunal pleno),FNT-000046
FAS-004481,PRC-005194,2023-05-09,recebimento_denuncia,INS-001525,Recebida denúncia (tribunal pleno),FNT-000046
FAS-004482,PRC-005194,2023-05-09,recebimento_denuncia,INS-001525,Recebida denúncia (tribunal pleno),FNT-000046
FAS-004483,PRC-005194,2023-05-09,recebimento_denuncia,INS-001525,Recebida denúncia (tribunal pleno),FNT-000046
FAS-004484,PRC-005194,2023-05-09,recebimento_denuncia,INS-001525,Recebida denúncia (tribunal pleno),FNT-000046
FAS-004485,PRC-005194,2023-05-09,recebimento_denuncia,INS-001525,Recebida denúncia (tribunal pleno),FNT-000046
FAS-004486,PRC-005194,2023-05-09,recebimento_denuncia,INS-001525,Recebida denúncia (tribunal pleno),FNT-000046
FAS-004487,PRC-005194,2023-05-09,recebimento_denuncia,INS-001525,Recebida denúncia (tribunal pleno),FNT-000046
FAS-004488,PRC-005194,2023-05-09,recebimento_denuncia,INS-001525,Recebida denúncia (tribunal pleno),FNT-000046
FAS-004489,PRC-005194,2023-05-09,recebimento_denuncia,INS-001525,Recebida denúncia (tribunal pleno),FNT-000046
FAS-004490,PRC-005194,2023-05-09,recebimento_denuncia,INS-001525,Recebida denúncia (tribunal pleno),FNT-000046
FAS-004491,PRC-005194,2023-05-09,recebimento_denuncia,INS-001525,Recebida denúncia (tribunal pleno),FNT-000046
FAS-004492,PRC-005194,2023-05-09,recebimento_denuncia,INS-001525,Recebida denúncia (tribunal pleno),FNT-000046
FAS-004493,PRC-005194,2023-05-09,recebimento_denuncia,INS-001525,Recebida denúncia (tribunal pleno),FNT-000046
FAS-004494,PRC-005194,2023-05-09,recebimento_denuncia,INS-001525,Recebida denúncia (tribunal pleno),FNT-000046
FAS-004495,PRC-005194,2023-05-09,recebimento_denuncia,INS-001525,Recebida denúncia (tribunal pleno),FNT-000046
FAS-004496,PRC-005194,2023-05-09,recebimento_denuncia,INS-001525,Recebida denúncia (tribunal pleno),FNT-000046
FAS-004497,PRC-005194,2023-05-09,recebimento_denuncia,INS-001525,Recebida denúncia (tribunal pleno),FNT-000046
FAS-004498,PRC-005194,2023-05-09,recebimento_denuncia,INS-001525,Recebida denúncia (tribunal pleno),FNT-000046
FAS-004499,PRC-005194,2023-05-09,recebimento_denuncia,INS-001525,Recebida denúncia (tribunal pleno),FNT-000046
FAS-004500,PRC-005194,2023-05-09,recebimento_denuncia,INS-001525,Recebida denúncia (tribunal pleno),FNT-000046
FAS-004501,PRC-005194,2023-05-09,recebimento_denuncia,INS-001525,Recebida denúncia (tribunal pleno),FNT-000046
FAS-004502,PRC-005194,2023-05-09,recebimento_denuncia,INS-001525,Recebida denúncia (tribunal pleno),FNT-000046
FAS-004503,PRC-005194,2023-05-09,recebimento_denuncia,INS-001525,Recebida denúncia (tribunal pleno),FNT-000046
FAS-004504,PRC-005194,2023-05-09,recebimento_denuncia,INS-001525,Recebida denúncia (tribunal pleno),FNT-000046
FAS-004505,PRC-005194,2023-05-09,recebimento_denuncia,INS-001525,Recebida denúncia (tribunal pleno),FNT-000046
FAS-004506,PRC-005194,2023-05-09,recebimento_denuncia,INS-001525,Recebida denúncia (tribunal pleno),FNT-000046
FAS-004507,PRC-005194,2023-05-09,recebimento_denuncia,INS-001525,Recebida denúncia (tribunal pleno),FNT-000046
FAS-004508,PRC-005194,2023-05-09,recebimento_denuncia,INS-001525,Recebida denúncia (tribunal pleno),FNT-000046
FAS-004509,PRC-005194,2023-05-09,recebimento_denuncia,INS-001525,Recebida denúncia (tribunal pleno),FNT-000046
FAS-004510,PRC-005194,2023-05-09,recebimento_denuncia,INS-001525,Recebida denúncia (tribunal pleno),FNT-000046
FAS-004511,PRC-005194,2023-05-16,recebimento_denuncia,INS-001525,Recebida denúncia (tribunal pleno),FNT-000046
FAS-004512,PRC-005194,2023-05-16,recebimento_denuncia,INS-001525,Recebida denúncia (tribunal pleno),FNT-000046
FAS-004513,PRC-005194,2023-05-16,recebimento_denuncia,INS-001525,Recebida denúncia (tribunal pleno),FNT-000046
FAS-004514,PRC-005194,2023-05-16,recebimento_denuncia,INS-001525,Recebida denúncia (tribunal pleno),FNT-000046
FAS-004515,PRC-005194,2023-05-16,recebimento_denuncia,INS-001525,Recebida denúncia (tribunal pleno),FNT-000046
FAS-004516,PRC-005194,2023-05-16,recebimento_denuncia,INS-001525,Recebida denúncia (tribunal pleno),FNT-000046
FAS-004517,PRC-005194,2023-05-16,recebimento_denuncia,INS-001525,Recebida denúncia (tribunal pleno),FNT-000046
FAS-004518,PRC-005194,2023-05-16,recebimento_denuncia,INS-001525,Recebida denúncia (tribunal pleno),FNT-000046
FAS-004519,PRC-005194,2023-05-16,recebimento_denuncia,INS-001525,Recebida denúncia (tribunal pleno),FNT-000046
FAS-004520,PRC-005194,2023-05-16,recebimento_denuncia,INS-001525,Recebida denúncia (tribunal pleno),FNT-000046
FAS-004521,PRC-005194,2023-05-16,recebimento_denuncia,INS-001525,Recebida denúncia (tribunal pleno),FNT-000046
FAS-004522,PRC-005194,2023-05-16,recebimento_denuncia,INS-001525,Recebida denúncia (tribunal pleno),FNT-000046
FAS-004523,PRC-005194,2023-05-16,recebimento_denuncia,INS-001525,Recebida denúncia (tribunal pleno),FNT-000046
FAS-004524,PRC-005194,2023-05-16,recebimento_denuncia,INS-001525,Recebida denúncia (tribunal pleno),FNT-000046
FAS-004525,PRC-005194,2023-05-16,recebimento_denuncia,INS-001525,Recebida denúncia (tribunal pleno),FNT-000046
FAS-004526,PRC-005194,2023-05-16,recebimento_denuncia,INS-001525,Recebida denúncia (tribunal pleno),FNT-000046
FAS-004527,PRC-005194,2023-05-16,recebimento_denuncia,INS-001525,Recebida denúncia (tribunal pleno),FNT-000046
FAS-004528,PRC-005194,2023-05-16,recebimento_denuncia,INS-001525,Recebida denúncia (tribunal pleno),FNT-000046
FAS-004529,PRC-005194,2023-05-16,recebimento_denuncia,INS-001525,Recebida denúncia (tribunal pleno),FNT-000046
FAS-004530,PRC-005194,2023-05-16,recebimento_denuncia,INS-001525,Recebida denúncia (tribunal pleno),FNT-000046
FAS-004531,PRC-005194,2023-05-16,recebimento_denuncia,INS-001525,Recebida denúncia (tribunal pleno),FNT-000046
FAS-004532,PRC-005194,2023-05-16,recebimento_denuncia,INS-001525,Recebida denúncia (tribunal pleno),FNT-000046
FAS-004533,PRC-005194,2023-05-16,recebimento_denuncia,INS-001525,Recebida denúncia (tribunal pleno),FNT-000046
FAS-004534,PRC-005194,2023-05-16,recebimento_denuncia,INS-001525,Recebida denúncia (tribunal pleno),FNT-000046
FAS-004535,PRC-005194,2023-05-16,recebimento_denuncia,INS-001525,Recebida denúncia (tribunal pleno),FNT-000046
FAS-004536,PRC-005194,2023-05-16,recebimento_denuncia,INS-001525,Recebida denúncia (tribunal pleno),FNT-000046
FAS-004537,PRC-005194,2023-05-16,recebimento_denuncia,INS-001525,Recebida denúncia (tribunal pleno),FNT-000046
FAS-004538,PRC-005194,2023-05-16,recebimento_denuncia,INS-001525,Recebida denúncia (tribunal pleno),FNT-000046
FAS-004539,PRC-005194,2023-05-16,recebimento_denuncia,INS-001525,Recebida denúncia (tribunal pleno),FNT-000046
FAS-004540,PRC-005194,2023-05-16,recebimento_denuncia,INS-001525,Recebida denúncia (tribunal pleno),FNT-000046
FAS-004541,PRC-005194,2023-05-16,recebimento_denuncia,INS-001525,Recebida denúncia (tribunal pleno),FNT-000046
FAS-004542,PRC-005194,2023-05-16,recebimento_denuncia,INS-001525,Recebida denúncia (tribunal pleno),FNT-000046
FAS-004543,PRC-005194,2023-05-16,recebimento_denuncia,INS-001525,Recebida denúncia (tribunal pleno),FNT-000046
FAS-004544,PRC-005194,2023-05-16,recebimento_denuncia,INS-001525,Recebida denúncia (tribunal pleno),FNT-000046
FAS-004545,PRC-005194,2023-05-16,recebimento_denuncia,INS-001525,Recebida denúncia (tribunal pleno),FNT-000046
FAS-004546,PRC-005194,2023-05-16,recebimento_denuncia,INS-001525,Recebida denúncia (tribunal pleno),FNT-000046
FAS-004547,PRC-005194,2023-05-16,recebimento_denuncia,INS-001525,Recebida denúncia (tribunal pleno),FNT-000046
FAS-004548,PRC-005194,2023-05-16,recebimento_denuncia,INS-001525,Recebida denúncia (tribunal pleno),FNT-000046
FAS-004549,PRC-005194,2023-05-16,recebimento_denuncia,INS-001525,Recebida denúncia (tribunal pleno),FNT-000046
FAS-004550,PRC-005194,2023-05-16,recebimento_denuncia,INS-001525,Recebida denúncia (tribunal pleno),FNT-000046
FAS-004551,PRC-005194,2023-05-16,recebimento_denuncia,INS-001525,Recebida denúncia (tribunal pleno),FNT-000046
FAS-004552,PRC-005194,2023-05-16,recebimento_denuncia,INS-001525,Recebida denúncia (tribunal pleno),FNT-000046
FAS-004553,PRC-005194,2023-05-16,recebimento_denuncia,INS-001525,Recebida denúncia (tribunal pleno),FNT-000046
FAS-004554,PRC-005194,2023-05-16,recebimento_denuncia,INS-001525,Recebida denúncia (tribunal pleno),FNT-000046
FAS-004555,PRC-005194,2023-05-16,recebimento_denuncia,INS-001525,Recebida denúncia (tribunal pleno),FNT-000046
FAS-004556,PRC-005194,2023-05-16,recebimento_denuncia,INS-001525,Recebida denúncia (tribunal pleno),FNT-000046
FAS-004557,PRC-005194,2023-05-16,recebimento_denuncia,INS-001525,Recebida denúncia (tribunal pleno),FNT-000046
FAS-004558,PRC-005194,2023-05-16,recebimento_denuncia,INS-001525,Recebida denúncia (tribunal pleno),FNT-000046
FAS-004559,PRC-005194,2023-05-16,recebimento_denuncia,INS-001525,Recebida denúncia (tribunal pleno),FNT-000046
FAS-004560,PRC-005194,2023-05-16,recebimento_denuncia,INS-001525,Recebida denúncia (tribunal pleno),FNT-000046
FAS-004561,PRC-005194,2023-05-16,recebimento_denuncia,INS-001525,Recebida denúncia (tribunal pleno),FNT-000046
FAS-004562,PRC-005194,2023-05-16,recebimento_denuncia,INS-001525,Recebida denúncia (tribunal pleno),FNT-000046
FAS-004563,PRC-005194,2023-05-16,recebimento_denuncia,INS-001525,Recebida denúncia (tribunal pleno),FNT-000046
FAS-004564,PRC-005194,2023-05-16,recebimento_denuncia,INS-001525,Recebida denúncia (tribunal pleno),FNT-000046
FAS-004565,PRC-005194,2023-05-16,recebimento_denuncia,INS-001525,Recebida denúncia (tribunal pleno),FNT-000046
FAS-004566,PRC-005194,2023-05-16,recebimento_denuncia,INS-001525,Recebida denúncia (tribunal pleno),FNT-000046
FAS-004567,PRC-005194,2023-05-16,recebimento_denuncia,INS-001525,Recebida denúncia (tribunal pleno),FNT-000046
FAS-004568,PRC-005194,2023-05-16,recebimento_denuncia,INS-001525,Recebida denúncia (tribunal pleno),FNT-000046
FAS-004569,PRC-005194,2023-05-16,recebimento_denuncia,INS-001525,Recebida denúncia (tribunal pleno),FNT-000046
FAS-004570,PRC-005194,2023-05-16,recebimento_denuncia,INS-001525,Recebida denúncia (tribunal pleno),FNT-000046
FAS-004571,PRC-005194,2023-05-16,recebimento_denuncia,INS-001525,Recebida denúncia (tribunal pleno),FNT-000046
FAS-004572,PRC-005194,2023-05-16,recebimento_denuncia,INS-001525,Recebida denúncia (tribunal pleno),FNT-000046
FAS-004573,PRC-005194,2023-05-16,recebimento_denuncia,INS-001525,Recebida denúncia (tribunal pleno),FNT-000046
FAS-004574,PRC-005194,2023-05-16,recebimento_denuncia,INS-001525,Recebida denúncia (tribunal pleno),FNT-000046
FAS-004575,PRC-005194,2023-05-16,recebimento_denuncia,INS-001525,Recebida denúncia (tribunal pleno),FNT-000046
FAS-004576,PRC-005194,2023-05-16,recebimento_denuncia,INS-001525,Recebida denúncia (tribunal pleno),FNT-000046
FAS-004577,PRC-005194,2023-05-16,recebimento_denuncia,INS-001525,Recebida denúncia (tribunal pleno),FNT-000046
FAS-004578,PRC-005194,2023-05-16,recebimento_denuncia,INS-001525,Recebida denúncia (tribunal pleno),FNT-000046
FAS-004579,PRC-005194,2023-05-16,recebimento_denuncia,INS-001525,Recebida denúncia (tribunal pleno),FNT-000046
FAS-004580,PRC-005194,2023-05-16,recebimento_denuncia,INS-001525,Recebida denúncia (tribunal pleno),FNT-000046
FAS-004581,PRC-005194,2023-05-16,recebimento_denuncia,INS-001525,Recebida denúncia (tribunal pleno),FNT-000046
FAS-004582,PRC-005194,2023-05-16,recebimento_denuncia,INS-001525,Recebida denúncia (tribunal pleno),FNT-000046
FAS-004583,PRC-005194,2023-05-16,recebimento_denuncia,INS-001525,Recebida denúncia (tribunal pleno),FNT-000046
FAS-004584,PRC-005194,2023-05-16,recebimento_denuncia,INS-001525,Recebida denúncia (tribunal pleno),FNT-000046
FAS-004585,PRC-005194,2023-05-16,recebimento_denuncia,INS-001525,Recebida denúncia (tribunal pleno),FNT-000046
FAS-004586,PRC-005194,2023-05-16,recebimento_denuncia,INS-001525,Recebida denúncia (tribunal pleno),FNT-000046
FAS-004587,PRC-005194,2023-05-16,recebimento_denuncia,INS-001525,Recebida denúncia (tribunal pleno),FNT-000046
FAS-004588,PRC-005194,2023-05-16,recebimento_denuncia,INS-001525,Recebida denúncia (tribunal pleno),FNT-000046
FAS-004589,PRC-005194,2023-05-16,recebimento_denuncia,INS-001525,Recebida denúncia (tribunal pleno),FNT-000046
FAS-004590,PRC-005194,2023-05-16,recebimento_denuncia,INS-001525,Recebida denúncia (tribunal pleno),FNT-000046
FAS-004591,PRC-005194,2023-05-16,recebimento_denuncia,INS-001525,Recebida denúncia (tribunal pleno),FNT-000046
FAS-004592,PRC-005194,2023-05-16,recebimento_denuncia,INS-001525,Recebida denúncia (tribunal pleno),FNT-000046
FAS-004593,PRC-005194,2023-05-16,recebimento_denuncia,INS-001525,Recebida denúncia (tribunal pleno),FNT-000046
FAS-004594,PRC-005194,2023-05-16,recebimento_denuncia,INS-001525,Recebida denúncia (tribunal pleno),FNT-000046
FAS-004595,PRC-005194,2023-05-16,recebimento_denuncia,INS-001525,Recebida denúncia (tribunal pleno),FNT-000046
FAS-004596,PRC-005194,2023-05-16,recebimento_denuncia,INS-001525,Recebida denúncia (tribunal pleno),FNT-000046
FAS-004597,PRC-005194,2023-05-16,recebimento_denuncia,INS-001525,Recebida denúncia (tribunal pleno),FNT-000046
FAS-004598,PRC-005194,2023-05-16,recebimento_denuncia,INS-001525,Recebida denúncia (tribunal pleno),FNT-000046
FAS-004599,PRC-005194,2023-05-16,recebimento_denuncia,INS-001525,Recebida denúncia (tribunal pleno),FNT-000046
FAS-004600,PRC-005194,2023-05-16,recebimento_denuncia,INS-001525,Recebida denúncia (tribunal pleno),FNT-000046
FAS-004601,PRC-005194,2023-05-16,recebimento_denuncia,INS-001525,Recebida denúncia (tribunal pleno),FNT-000046
FAS-004602,PRC-005194,2023-05-16,recebimento_denuncia,INS-001525,Recebida denúncia (tribunal pleno),FNT-000046
FAS-004603,PRC-005194,2023-05-16,recebimento_denuncia,INS-001525,Recebida denúncia (tribunal pleno),FNT-000046
FAS-004604,PRC-005194,2023-05-16,recebimento_denuncia,INS-001525,Recebida denúncia (tribunal pleno),FNT-000046
FAS-004605,PRC-005194,2023-05-16,recebimento_denuncia,INS-001525,Recebida denúncia (tribunal pleno),FNT-000046
FAS-004606,PRC-005194,2023-05-16,recebimento_denuncia,INS-001525,Recebida denúncia (tribunal pleno),FNT-000046
FAS-004607,PRC-005194,2023-05-16,recebimento_denuncia,INS-001525,Recebida denúncia (tribunal pleno),FNT-000046
FAS-004608,PRC-005194,2023-05-16,recebimento_denuncia,INS-001525,Recebida denúncia (tribunal pleno),FNT-000046
FAS-004609,PRC-005194,2023-05-16,recebimento_denuncia,INS-001525,Recebida denúncia (tribunal pleno),FNT-000046
FAS-004610,PRC-005194,2023-05-16,recebimento_denuncia,INS-001525,Recebida denúncia (tribunal pleno),FNT-000046
FAS-004611,PRC-005194,2023-05-16,recebimento_denuncia,INS-001525,Recebida denúncia (tribunal pleno),FNT-000046
FAS-004612,PRC-005194,2023-05-16,recebimento_denuncia,INS-001525,Recebida denúncia (tribunal pleno),FNT-000046
FAS-004613,PRC-005194,2023-05-16,recebimento_denuncia,INS-001525,Recebida denúncia (tribunal pleno),FNT-000046
FAS-004614,PRC-005194,2023-05-16,recebimento_denuncia,INS-001525,Recebida denúncia (tribunal pleno),FNT-000046
FAS-004615,PRC-005194,2023-05-16,recebimento_denuncia,INS-001525,Recebida denúncia (tribunal pleno),FNT-000046
FAS-004616,PRC-005194,2023-05-16,recebimento_denuncia,INS-001525,Recebida denúncia (tribunal pleno),FNT-000046
FAS-004617,PRC-005194,2023-05-16,recebimento_denuncia,INS-001525,Recebida denúncia (tribunal pleno),FNT-000046
FAS-004618,PRC-005194,2023-05-16,recebimento_denuncia,INS-001525,Recebida denúncia (tribunal pleno),FNT-000046
FAS-004619,PRC-005194,2023-05-16,recebimento_denuncia,INS-001525,Recebida denúncia (tribunal pleno),FNT-000046
FAS-004620,PRC-005194,2023-05-16,recebimento_denuncia,INS-001525,Recebida denúncia (tribunal pleno),FNT-000046
FAS-004621,PRC-005194,2023-05-16,recebimento_denuncia,INS-001525,Recebida denúncia (tribunal pleno),FNT-000046
FAS-004622,PRC-005194,2023-05-16,recebimento_denuncia,INS-001525,Recebida denúncia (tribunal pleno),FNT-000046
FAS-004623,PRC-005194,2023-05-16,recebimento_denuncia,INS-001525,Recebida denúncia (tribunal pleno),FNT-000046
FAS-004624,PRC-005194,2023-05-16,recebimento_denuncia,INS-001525,Recebida denúncia (tribunal pleno),FNT-000046
FAS-004625,PRC-005194,2023-05-16,recebimento_denuncia,INS-001525,Recebida denúncia (tribunal pleno),FNT-000046
FAS-004626,PRC-005194,2023-05-16,recebimento_denuncia,INS-001525,Recebida denúncia (tribunal pleno),FNT-000046
FAS-004627,PRC-005194,2023-05-16,recebimento_denuncia,INS-001525,Recebida denúncia (tribunal pleno),FNT-000046
FAS-004628,PRC-005194,2023-05-16,recebimento_denuncia,INS-001525,Recebida denúncia (tribunal pleno),FNT-000046
FAS-004629,PRC-005194,2023-05-16,recebimento_denuncia,INS-001525,Recebida denúncia (tribunal pleno),FNT-000046
FAS-004630,PRC-005194,2023-05-16,recebimento_denuncia,INS-001525,Recebida denúncia (tribunal pleno),FNT-000046
FAS-004631,PRC-005194,2023-05-16,recebimento_denuncia,INS-001525,Recebida denúncia (tribunal pleno),FNT-000046
FAS-004632,PRC-005194,2023-05-16,recebimento_denuncia,INS-001525,Recebida denúncia (tribunal pleno),FNT-000046
FAS-004633,PRC-005194,2023-05-16,recebimento_denuncia,INS-001525,Recebida denúncia (tribunal pleno),FNT-000046
FAS-004634,PRC-005194,2023-05-16,recebimento_denuncia,INS-001525,Recebida denúncia (tribunal pleno),FNT-000046
FAS-004635,PRC-005194,2023-05-16,recebimento_denuncia,INS-001525,Recebida denúncia (tribunal pleno),FNT-000046
FAS-004636,PRC-005194,2023-05-16,recebimento_denuncia,INS-001525,Recebida denúncia (tribunal pleno),FNT-000046
FAS-004637,PRC-005194,2023-05-16,recebimento_denuncia,INS-001525,Recebida denúncia (tribunal pleno),FNT-000046
FAS-004638,PRC-005194,2023-05-16,recebimento_denuncia,INS-001525,Recebida denúncia (tribunal pleno),FNT-000046
FAS-004639,PRC-005194,2023-05-16,recebimento_denuncia,INS-001525,Recebida denúncia (tribunal pleno),FNT-000046
FAS-004640,PRC-005194,2023-05-16,recebimento_denuncia,INS-001525,Recebida denúncia (tribunal pleno),FNT-000046
FAS-004641,PRC-005194,2023-05-16,recebimento_denuncia,INS-001525,Recebida denúncia (tribunal pleno),FNT-000046
FAS-004642,PRC-005194,2023-05-16,recebimento_denuncia,INS-001525,Recebida denúncia (tribunal pleno),FNT-000046
FAS-004643,PRC-005194,2023-05-16,recebimento_denuncia,INS-001525,Recebida denúncia (tribunal pleno),FNT-000046
FAS-004644,PRC-005194,2023-05-16,recebimento_denuncia,INS-001525,Recebida denúncia (tribunal pleno),FNT-000046
FAS-004645,PRC-005194,2023-05-16,recebimento_denuncia,INS-001525,Recebida denúncia (tribunal pleno),FNT-000046
FAS-004646,PRC-005194,2023-05-16,recebimento_denuncia,INS-001525,Recebida denúncia (tribunal pleno),FNT-000046
FAS-004647,PRC-005194,2023-05-16,recebimento_denuncia,INS-001525,Recebida denúncia (tribunal pleno),FNT-000046
FAS-004648,PRC-005194,2023-05-16,recebimento_denuncia,INS-001525,Recebida denúncia (tribunal pleno),FNT-000046
FAS-004649,PRC-005194,2023-05-16,recebimento_denuncia,INS-001525,Recebida denúncia (tribunal pleno),FNT-000046
FAS-004650,PRC-005194,2023-05-16,recebimento_denuncia,INS-001525,Recebida denúncia (tribunal pleno),FNT-000046
FAS-004651,PRC-005194,2023-05-16,recebimento_denuncia,INS-001525,Recebida denúncia (tribunal pleno),FNT-000046
FAS-004652,PRC-005194,2023-05-16,recebimento_denuncia,INS-001525,Recebida denúncia (tribunal pleno),FNT-000046
FAS-004653,PRC-005194,2023-05-16,recebimento_denuncia,INS-001525,Recebida denúncia (tribunal pleno),FNT-000046
FAS-004654,PRC-005194,2023-05-16,recebimento_denuncia,INS-001525,Recebida denúncia (tribunal pleno),FNT-000046
FAS-004655,PRC-005194,2023-05-16,recebimento_denuncia,INS-001525,Recebida denúncia (tribunal pleno),FNT-000046
FAS-004656,PRC-005194,2023-05-16,recebimento_denuncia,INS-001525,Recebida denúncia (tribunal pleno),FNT-000046
FAS-004657,PRC-005194,2023-05-16,recebimento_denuncia,INS-001525,Recebida denúncia (tribunal pleno),FNT-000046
FAS-004658,PRC-005194,2023-05-16,recebimento_denuncia,INS-001525,Recebida denúncia (tribunal pleno),FNT-000046
FAS-004659,PRC-005194,2023-05-16,recebimento_denuncia,INS-001525,Recebida denúncia (tribunal pleno),FNT-000046
FAS-004660,PRC-005194,2023-05-16,recebimento_denuncia,INS-001525,Recebida denúncia (tribunal pleno),FNT-000046
FAS-004661,PRC-005194,2023-05-16,recebimento_denuncia,INS-001525,Recebida denúncia (tribunal pleno),FNT-000046
FAS-004662,PRC-005194,2023-05-16,recebimento_denuncia,INS-001525,Recebida denúncia (tribunal pleno),FNT-000046
FAS-004663,PRC-005194,2023-05-16,recebimento_denuncia,INS-001525,Recebida denúncia (tribunal pleno),FNT-000046
FAS-004664,PRC-005194,2023-05-16,recebimento_denuncia,INS-001525,Recebida denúncia (tribunal pleno),FNT-000046
FAS-004665,PRC-005194,2023-05-16,recebimento_denuncia,INS-001525,Recebida denúncia (tribunal pleno),FNT-000046
FAS-004666,PRC-005194,2023-05-16,recebimento_denuncia,INS-001525,Recebida denúncia (tribunal pleno),FNT-000046
FAS-004667,PRC-005194,2023-05-16,recebimento_denuncia,INS-001525,Recebida denúncia (tribunal pleno),FNT-000046
FAS-004668,PRC-005194,2023-05-16,recebimento_denuncia,INS-001525,Recebida denúncia (tribunal pleno),FNT-000046
FAS-004669,PRC-005194,2023-05-16,recebimento_denuncia,INS-001525,Recebida denúncia (tribunal pleno),FNT-000046
FAS-004670,PRC-005194,2023-05-16,recebimento_denuncia,INS-001525,Recebida denúncia (tribunal pleno),FNT-000046
FAS-004671,PRC-005194,2023-05-16,recebimento_denuncia,INS-001525,Recebida denúncia (tribunal pleno),FNT-000046
FAS-004672,PRC-005194,2023-05-16,recebimento_denuncia,INS-001525,Recebida denúncia (tribunal pleno),FNT-000046
FAS-004673,PRC-005194,2023-05-16,recebimento_denuncia,INS-001525,Recebida denúncia (tribunal pleno),FNT-000046
FAS-004674,PRC-005194,2023-05-16,recebimento_denuncia,INS-001525,Recebida denúncia (tribunal pleno),FNT-000046
FAS-004675,PRC-005194,2023-05-16,recebimento_denuncia,INS-001525,Recebida denúncia (tribunal pleno),FNT-000046
FAS-004676,PRC-005194,2023-05-16,recebimento_denuncia,INS-001525,Recebida denúncia (tribunal pleno),FNT-000046
FAS-004677,PRC-005194,2023-05-16,recebimento_denuncia,INS-001525,Recebida denúncia (tribunal pleno),FNT-000046
FAS-004678,PRC-005194,2023-05-16,recebimento_denuncia,INS-001525,Recebida denúncia (tribunal pleno),FNT-000046
FAS-004679,PRC-005194,2023-05-16,recebimento_denuncia,INS-001525,Recebida denúncia (tribunal pleno),FNT-000046
FAS-004680,PRC-005194,2023-05-16,recebimento_denuncia,INS-001525,Recebida denúncia (tribunal pleno),FNT-000046
FAS-004681,PRC-005194,2023-05-16,recebimento_denuncia,INS-001525,Recebida denúncia (tribunal pleno),FNT-000046
FAS-004682,PRC-005194,2023-05-16,recebimento_denuncia,INS-001525,Recebida denúncia (tribunal pleno),FNT-000046
FAS-004683,PRC-005194,2023-05-16,recebimento_denuncia,INS-001525,Recebida denúncia (tribunal pleno),FNT-000046
FAS-004684,PRC-005194,2023-05-16,recebimento_denuncia,INS-001525,Recebida denúncia (tribunal pleno),FNT-000046
FAS-004685,PRC-005194,2023-05-16,recebimento_denuncia,INS-001525,Recebida denúncia (tribunal pleno),FNT-000046
FAS-004686,PRC-005194,2023-05-16,recebimento_denuncia,INS-001525,Recebida denúncia (tribunal pleno),FNT-000046
FAS-004687,PRC-005194,2023-05-16,recebimento_denuncia,INS-001525,Recebida denúncia (tribunal pleno),FNT-000046
FAS-004688,PRC-005194,2023-05-16,recebimento_denuncia,INS-001525,Recebida denúncia (tribunal pleno),FNT-000046
FAS-004689,PRC-005194,2023-05-16,recebimento_denuncia,INS-001525,Recebida denúncia (tribunal pleno),FNT-000046
FAS-004690,PRC-005194,2023-05-16,recebimento_denuncia,INS-001525,Recebida denúncia (tribunal pleno),FNT-000046
FAS-004691,PRC-005194,2023-05-16,recebimento_denuncia,INS-001525,Recebida denúncia (tribunal pleno),FNT-000046
FAS-004692,PRC-005194,2023-05-16,recebimento_denuncia,INS-001525,Recebida denúncia (tribunal pleno),FNT-000046
FAS-004693,PRC-005194,2023-05-16,recebimento_denuncia,INS-001525,Recebida denúncia (tribunal pleno),FNT-000046
FAS-004694,PRC-005194,2023-05-16,recebimento_denuncia,INS-001525,Recebida denúncia (tribunal pleno),FNT-000046
FAS-004695,PRC-005194,2023-05-16,recebimento_denuncia,INS-001525,Recebida denúncia (tribunal pleno),FNT-000046
FAS-004696,PRC-005194,2023-05-16,recebimento_denuncia,INS-001525,Recebida denúncia (tribunal pleno),FNT-000046
FAS-004697,PRC-005194,2023-05-16,recebimento_denuncia,INS-001525,Recebida denúncia (tribunal pleno),FNT-000046
FAS-004698,PRC-005194,2023-05-16,recebimento_denuncia,INS-001525,Recebida denúncia (tribunal pleno),FNT-000046
FAS-004699,PRC-005194,2023-05-16,recebimento_denuncia,INS-001525,Recebida denúncia (tribunal pleno),FNT-000046
FAS-004700,PRC-005194,2023-05-16,recebimento_denuncia,INS-001525,Recebida denúncia (tribunal pleno),FNT-000046
FAS-004701,PRC-005194,2023-05-16,recebimento_denuncia,INS-001525,Recebida denúncia (tribunal pleno),FNT-000046
FAS-004702,PRC-005194,2023-05-16,recebimento_denuncia,INS-001525,Recebida denúncia (tribunal pleno),FNT-000046
FAS-004703,PRC-005194,2023-05-16,recebimento_denuncia,INS-001525,Recebida denúncia (tribunal pleno),FNT-000046
FAS-004704,PRC-005194,2023-05-16,recebimento_denuncia,INS-001525,Recebida denúncia (tribunal pleno),FNT-000046
FAS-004705,PRC-005194,2023-05-16,recebimento_denuncia,INS-001525,Recebida denúncia (tribunal pleno),FNT-000046
FAS-004706,PRC-005194,2023-05-16,recebimento_denuncia,INS-001525,Recebida denúncia (tribunal pleno),FNT-000046
FAS-004707,PRC-005194,2023-05-16,recebimento_denuncia,INS-001525,Recebida denúncia (tribunal pleno),FNT-000046
FAS-004708,PRC-005194,2023-05-16,recebimento_denuncia,INS-001525,Recebida denúncia (tribunal pleno),FNT-000046
FAS-004709,PRC-005194,2023-05-16,recebimento_denuncia,INS-001525,Recebida denúncia (tribunal pleno),FNT-000046
FAS-004710,PRC-005194,2023-05-16,recebimento_denuncia,INS-001525,Recebida denúncia (tribunal pleno),FNT-000046
FAS-004711,PRC-005194,2023-05-16,recebimento_denuncia,INS-001525,Recebida denúncia (tribunal pleno),FNT-000046
FAS-004712,PRC-005194,2023-05-16,recebimento_denuncia,INS-001525,Recebida denúncia (tribunal pleno),FNT-000046
FAS-004713,PRC-005194,2023-05-16,recebimento_denuncia,INS-001525,Recebida denúncia (tribunal pleno),FNT-000046
FAS-004714,PRC-005194,2023-05-16,recebimento_denuncia,INS-001525,Recebida denúncia (tribunal pleno),FNT-000046
FAS-004715,PRC-005194,2023-05-16,recebimento_denuncia,INS-001525,Recebida denúncia (tribunal pleno),FNT-000046
FAS-004716,PRC-005194,2023-05-16,recebimento_denuncia,INS-001525,Recebida denúncia (tribunal pleno),FNT-000046
FAS-004717,PRC-005194,2023-05-16,recebimento_denuncia,INS-001525,Recebida denúncia (tribunal pleno),FNT-000046
FAS-004718,PRC-005194,2023-05-16,recebimento_denuncia,INS-001525,Recebida denúncia (tribunal pleno),FNT-000046
FAS-004719,PRC-005194,2023-05-16,recebimento_denuncia,INS-001525,Recebida denúncia (tribunal pleno),FNT-000046
FAS-004720,PRC-005194,2023-05-16,recebimento_denuncia,INS-001525,Recebida denúncia (tribunal pleno),FNT-000046
FAS-004721,PRC-005194,2023-05-16,recebimento_denuncia,INS-001525,Recebida denúncia (tribunal pleno),FNT-000046
FAS-004722,PRC-005194,2023-05-16,recebimento_denuncia,INS-001525,Recebida denúncia (tribunal pleno),FNT-000046
FAS-004723,PRC-005194,2023-05-16,recebimento_denuncia,INS-001525,Recebida denúncia (tribunal pleno),FNT-000046
FAS-004724,PRC-005194,2023-05-16,recebimento_denuncia,INS-001525,Recebida denúncia (tribunal pleno),FNT-000046
FAS-004725,PRC-005194,2023-05-16,recebimento_denuncia,INS-001525,Recebida denúncia (tribunal pleno),FNT-000046
FAS-004726,PRC-005194,2023-05-16,recebimento_denuncia,INS-001525,Recebida denúncia (tribunal pleno),FNT-000046
FAS-004727,PRC-005194,2023-05-16,recebimento_denuncia,INS-001525,Recebida denúncia (tribunal pleno),FNT-000046
FAS-004728,PRC-005194,2023-05-16,recebimento_denuncia,INS-001525,Recebida denúncia (tribunal pleno),FNT-000046
FAS-004729,PRC-005194,2023-05-16,recebimento_denuncia,INS-001525,Recebida denúncia (tribunal pleno),FNT-000046
FAS-004730,PRC-005194,2023-05-16,recebimento_denuncia,INS-001525,Recebida denúncia (tribunal pleno),FNT-000046
FAS-004731,PRC-005194,2023-05-23,recebimento_denuncia,INS-001525,Recebida denúncia (tribunal pleno),FNT-000046
FAS-004732,PRC-005194,2023-05-23,recebimento_denuncia,INS-001525,Recebida denúncia (tribunal pleno),FNT-000046
FAS-004733,PRC-005194,2023-05-23,recebimento_denuncia,INS-001525,Recebida denúncia (tribunal pleno),FNT-000046
FAS-004734,PRC-005194,2023-05-23,recebimento_denuncia,INS-001525,Recebida denúncia (tribunal pleno),FNT-000046
FAS-004735,PRC-005194,2023-05-23,recebimento_denuncia,INS-001525,Recebida denúncia (tribunal pleno),FNT-000046
FAS-004736,PRC-005194,2023-05-23,recebimento_denuncia,INS-001525,Recebida denúncia (tribunal pleno),FNT-000046
FAS-004737,PRC-005194,2023-05-23,recebimento_denuncia,INS-001525,Recebida denúncia (tribunal pleno),FNT-000046
FAS-004738,PRC-005194,2023-05-23,recebimento_denuncia,INS-001525,Recebida denúncia (tribunal pleno),FNT-000046
FAS-004739,PRC-005194,2023-05-23,recebimento_denuncia,INS-001525,Recebida denúncia (tribunal pleno),FNT-000046
FAS-004740,PRC-005194,2023-05-23,recebimento_denuncia,INS-001525,Recebida denúncia (tribunal pleno),FNT-000046
FAS-004741,PRC-005194,2023-05-23,recebimento_denuncia,INS-001525,Recebida denúncia (tribunal pleno),FNT-000046
FAS-004742,PRC-005194,2023-05-23,recebimento_denuncia,INS-001525,Recebida denúncia (tribunal pleno),FNT-000046
FAS-004743,PRC-005194,2023-05-23,recebimento_denuncia,INS-001525,Recebida denúncia (tribunal pleno),FNT-000046
FAS-004744,PRC-005194,2023-05-23,recebimento_denuncia,INS-001525,Recebida denúncia (tribunal pleno),FNT-000046
FAS-004745,PRC-005194,2023-05-23,recebimento_denuncia,INS-001525,Recebida denúncia (tribunal pleno),FNT-000046
FAS-004746,PRC-005194,2023-05-23,recebimento_denuncia,INS-001525,Recebida denúncia (tribunal pleno),FNT-000046
FAS-004747,PRC-005194,2023-05-23,recebimento_denuncia,INS-001525,Recebida denúncia (tribunal pleno),FNT-000046
FAS-004748,PRC-005194,2023-05-23,recebimento_denuncia,INS-001525,Recebida denúncia (tribunal pleno),FNT-000046
FAS-004749,PRC-005194,2023-05-23,recebimento_denuncia,INS-001525,Recebida denúncia (tribunal pleno),FNT-000046
FAS-004750,PRC-005194,2023-05-23,recebimento_denuncia,INS-001525,Recebida denúncia (tribunal pleno),FNT-000046
FAS-004751,PRC-005194,2023-05-23,recebimento_denuncia,INS-001525,Recebida denúncia (tribunal pleno),FNT-000046
FAS-004752,PRC-005194,2023-05-23,recebimento_denuncia,INS-001525,Recebida denúncia (tribunal pleno),FNT-000046
FAS-004753,PRC-005194,2023-05-23,recebimento_denuncia,INS-001525,Recebida denúncia (tribunal pleno),FNT-000046
FAS-004754,PRC-005194,2023-05-23,recebimento_denuncia,INS-001525,Recebida denúncia (tribunal pleno),FNT-000046
FAS-004755,PRC-005194,2023-05-23,recebimento_denuncia,INS-001525,Recebida denúncia (tribunal pleno),FNT-000046
FAS-004756,PRC-005194,2023-05-23,recebimento_denuncia,INS-001525,Recebida denúncia (tribunal pleno),FNT-000046
FAS-004757,PRC-005194,2023-05-23,recebimento_denuncia,INS-001525,Recebida denúncia (tribunal pleno),FNT-000046
FAS-004758,PRC-005194,2023-05-23,recebimento_denuncia,INS-001525,Recebida denúncia (tribunal pleno),FNT-000046
FAS-004759,PRC-005194,2023-05-23,recebimento_denuncia,INS-001525,Recebida denúncia (tribunal pleno),FNT-000046
FAS-004760,PRC-005194,2023-05-23,recebimento_denuncia,INS-001525,Recebida denúncia (tribunal pleno),FNT-000046
FAS-004761,PRC-005194,2023-05-23,recebimento_denuncia,INS-001525,Recebida denúncia (tribunal pleno),FNT-000046
FAS-004762,PRC-005194,2023-05-23,recebimento_denuncia,INS-001525,Recebida denúncia (tribunal pleno),FNT-000046
FAS-004763,PRC-005194,2023-05-23,recebimento_denuncia,INS-001525,Recebida denúncia (tribunal pleno),FNT-000046
FAS-004764,PRC-005194,2023-05-23,recebimento_denuncia,INS-001525,Recebida denúncia (tribunal pleno),FNT-000046
FAS-004765,PRC-005194,2023-05-23,recebimento_denuncia,INS-001525,Recebida denúncia (tribunal pleno),FNT-000046
FAS-004766,PRC-005194,2023-05-23,recebimento_denuncia,INS-001525,Recebida denúncia (tribunal pleno),FNT-000046
FAS-004767,PRC-005194,2023-05-23,recebimento_denuncia,INS-001525,Recebida denúncia (tribunal pleno),FNT-000046
FAS-004768,PRC-005194,2023-05-23,recebimento_denuncia,INS-001525,Recebida denúncia (tribunal pleno),FNT-000046
FAS-004769,PRC-005194,2023-05-23,recebimento_denuncia,INS-001525,Recebida denúncia (tribunal pleno),FNT-000046
FAS-004770,PRC-005194,2023-05-23,recebimento_denuncia,INS-001525,Recebida denúncia (tribunal pleno),FNT-000046
FAS-004771,PRC-005194,2023-05-23,recebimento_denuncia,INS-001525,Recebida denúncia (tribunal pleno),FNT-000046
FAS-004772,PRC-005194,2023-05-23,recebimento_denuncia,INS-001525,Recebida denúncia (tribunal pleno),FNT-000046
FAS-004773,PRC-005194,2023-05-23,recebimento_denuncia,INS-001525,Recebida denúncia (tribunal pleno),FNT-000046
FAS-004774,PRC-005194,2023-05-23,recebimento_denuncia,INS-001525,Recebida denúncia (tribunal pleno),FNT-000046
FAS-004775,PRC-005194,2023-05-23,recebimento_denuncia,INS-001525,Recebida denúncia (tribunal pleno),FNT-000046
FAS-004776,PRC-005194,2023-05-23,recebimento_denuncia,INS-001525,Recebida denúncia (tribunal pleno),FNT-000046
FAS-004777,PRC-005194,2023-05-23,recebimento_denuncia,INS-001525,Recebida denúncia (tribunal pleno),FNT-000046
FAS-004778,PRC-005194,2023-05-23,recebimento_denuncia,INS-001525,Recebida denúncia (tribunal pleno),FNT-000046
FAS-004779,PRC-005194,2023-05-23,recebimento_denuncia,INS-001525,Recebida denúncia (tribunal pleno),FNT-000046
FAS-004780,PRC-005194,2023-05-23,recebimento_denuncia,INS-001525,Recebida denúncia (tribunal pleno),FNT-000046
FAS-004781,PRC-005194,2023-05-23,recebimento_denuncia,INS-001525,Recebida denúncia (tribunal pleno),FNT-000046
FAS-004782,PRC-005194,2023-05-23,recebimento_denuncia,INS-001525,Recebida denúncia (tribunal pleno),FNT-000046
FAS-004783,PRC-005194,2023-05-23,recebimento_denuncia,INS-001525,Recebida denúncia (tribunal pleno),FNT-000046
FAS-004784,PRC-005194,2023-05-23,recebimento_denuncia,INS-001525,Recebida denúncia (tribunal pleno),FNT-000046
FAS-004785,PRC-005194,2023-05-23,recebimento_denuncia,INS-001525,Recebida denúncia (tribunal pleno),FNT-000046
FAS-004786,PRC-005194,2023-05-23,recebimento_denuncia,INS-001525,Recebida denúncia (tribunal pleno),FNT-000046
FAS-004787,PRC-005194,2023-05-23,recebimento_denuncia,INS-001525,Recebida denúncia (tribunal pleno),FNT-000046
FAS-004788,PRC-005194,2023-05-23,recebimento_denuncia,INS-001525,Recebida denúncia (tribunal pleno),FNT-000046
FAS-004789,PRC-005194,2023-05-23,recebimento_denuncia,INS-001525,Recebida denúncia (tribunal pleno),FNT-000046
FAS-004790,PRC-005194,2023-05-23,recebimento_denuncia,INS-001525,Recebida denúncia (tribunal pleno),FNT-000046
FAS-004791,PRC-005194,2023-05-23,recebimento_denuncia,INS-001525,Recebida denúncia (tribunal pleno),FNT-000046
FAS-004792,PRC-005194,2023-05-23,recebimento_denuncia,INS-001525,Recebida denúncia (tribunal pleno),FNT-000046
FAS-004793,PRC-005194,2023-05-23,recebimento_denuncia,INS-001525,Recebida denúncia (tribunal pleno),FNT-000046
FAS-004794,PRC-005194,2023-05-23,recebimento_denuncia,INS-001525,Recebida denúncia (tribunal pleno),FNT-000046
FAS-004795,PRC-005194,2023-05-23,recebimento_denuncia,INS-001525,Recebida denúncia (tribunal pleno),FNT-000046
FAS-004796,PRC-005194,2023-05-23,recebimento_denuncia,INS-001525,Recebida denúncia (tribunal pleno),FNT-000046
FAS-004797,PRC-005194,2023-05-23,recebimento_denuncia,INS-001525,Recebida denúncia (tribunal pleno),FNT-000046
FAS-004798,PRC-005194,2023-05-23,recebimento_denuncia,INS-001525,Recebida denúncia (tribunal pleno),FNT-000046
FAS-004799,PRC-005194,2023-05-23,recebimento_denuncia,INS-001525,Recebida denúncia (tribunal pleno),FNT-000046
FAS-004800,PRC-005194,2023-05-23,recebimento_denuncia,INS-001525,Recebida denúncia (tribunal pleno),FNT-000046
FAS-004801,PRC-005194,2023-05-23,recebimento_denuncia,INS-001525,Recebida denúncia (tribunal pleno),FNT-000046
FAS-004802,PRC-005194,2023-05-23,recebimento_denuncia,INS-001525,Recebida denúncia (tribunal pleno),FNT-000046
FAS-004803,PRC-005194,2023-05-23,recebimento_denuncia,INS-001525,Recebida denúncia (tribunal pleno),FNT-000046
FAS-004804,PRC-005194,2023-05-23,recebimento_denuncia,INS-001525,Recebida denúncia (tribunal pleno),FNT-000046
FAS-004805,PRC-005194,2023-05-23,recebimento_denuncia,INS-001525,Recebida denúncia (tribunal pleno),FNT-000046
FAS-004806,PRC-005194,2023-05-23,recebimento_denuncia,INS-001525,Recebida denúncia (tribunal pleno),FNT-000046
FAS-004807,PRC-005194,2023-05-23,recebimento_denuncia,INS-001525,Recebida denúncia (tribunal pleno),FNT-000046
FAS-004808,PRC-005194,2023-05-23,recebimento_denuncia,INS-001525,Recebida denúncia (tribunal pleno),FNT-000046
FAS-004809,PRC-005194,2023-05-23,recebimento_denuncia,INS-001525,Recebida denúncia (tribunal pleno),FNT-000046
FAS-004810,PRC-005194,2023-05-23,recebimento_denuncia,INS-001525,Recebida denúncia (tribunal pleno),FNT-000046
FAS-004811,PRC-005194,2023-05-23,recebimento_denuncia,INS-001525,Recebida denúncia (tribunal pleno),FNT-000046
FAS-004812,PRC-005194,2023-05-23,recebimento_denuncia,INS-001525,Recebida denúncia (tribunal pleno),FNT-000046
FAS-004813,PRC-005194,2023-05-23,recebimento_denuncia,INS-001525,Recebida denúncia (tribunal pleno),FNT-000046
FAS-004814,PRC-005194,2023-05-23,recebimento_denuncia,INS-001525,Recebida denúncia (tribunal pleno),FNT-000046
FAS-004815,PRC-005194,2023-05-23,recebimento_denuncia,INS-001525,Recebida denúncia (tribunal pleno),FNT-000046
FAS-004816,PRC-005194,2023-05-23,recebimento_denuncia,INS-001525,Recebida denúncia (tribunal pleno),FNT-000046
FAS-004817,PRC-005194,2023-05-23,recebimento_denuncia,INS-001525,Recebida denúncia (tribunal pleno),FNT-000046
FAS-004818,PRC-005194,2023-05-23,recebimento_denuncia,INS-001525,Recebida denúncia (tribunal pleno),FNT-000046
FAS-004819,PRC-005194,2023-05-23,recebimento_denuncia,INS-001525,Recebida denúncia (tribunal pleno),FNT-000046
FAS-004820,PRC-005194,2023-05-23,recebimento_denuncia,INS-001525,Recebida denúncia (tribunal pleno),FNT-000046
FAS-004821,PRC-005194,2023-05-23,recebimento_denuncia,INS-001525,Recebida denúncia (tribunal pleno),FNT-000046
FAS-004822,PRC-005194,2023-05-23,recebimento_denuncia,INS-001525,Recebida denúncia (tribunal pleno),FNT-000046
FAS-004823,PRC-005194,2023-05-23,recebimento_denuncia,INS-001525,Recebida denúncia (tribunal pleno),FNT-000046
FAS-004824,PRC-005194,2023-05-23,recebimento_denuncia,INS-001525,Recebida denúncia (tribunal pleno),FNT-000046
FAS-004825,PRC-005194,2023-05-23,recebimento_denuncia,INS-001525,Recebida denúncia (tribunal pleno),FNT-000046
FAS-004826,PRC-005194,2023-05-23,recebimento_denuncia,INS-001525,Recebida denúncia (tribunal pleno),FNT-000046
FAS-004827,PRC-005194,2023-05-23,recebimento_denuncia,INS-001525,Recebida denúncia (tribunal pleno),FNT-000046
FAS-004828,PRC-005194,2023-05-23,recebimento_denuncia,INS-001525,Recebida denúncia (tribunal pleno),FNT-000046
FAS-004829,PRC-005194,2023-05-23,recebimento_denuncia,INS-001525,Recebida denúncia (tribunal pleno),FNT-000046
FAS-004830,PRC-005194,2023-05-23,recebimento_denuncia,INS-001525,Recebida denúncia (tribunal pleno),FNT-000046
FAS-004831,PRC-005194,2023-05-23,recebimento_denuncia,INS-001525,Recebida denúncia (tribunal pleno),FNT-000046
FAS-004832,PRC-005194,2023-05-23,recebimento_denuncia,INS-001525,Recebida denúncia (tribunal pleno),FNT-000046
FAS-004833,PRC-005194,2023-05-23,recebimento_denuncia,INS-001525,Recebida denúncia (tribunal pleno),FNT-000046
FAS-004834,PRC-005194,2023-05-23,recebimento_denuncia,INS-001525,Recebida denúncia (tribunal pleno),FNT-000046
FAS-004835,PRC-005194,2023-05-23,recebimento_denuncia,INS-001525,Recebida denúncia (tribunal pleno),FNT-000046
FAS-004836,PRC-005194,2023-05-23,recebimento_denuncia,INS-001525,Recebida denúncia (tribunal pleno),FNT-000046
FAS-004837,PRC-005194,2023-05-23,recebimento_denuncia,INS-001525,Recebida denúncia (tribunal pleno),FNT-000046
FAS-004838,PRC-005194,2023-05-23,recebimento_denuncia,INS-001525,Recebida denúncia (tribunal pleno),FNT-000046
FAS-004839,PRC-005194,2023-05-23,recebimento_denuncia,INS-001525,Recebida denúncia (tribunal pleno),FNT-000046
FAS-004840,PRC-005194,2023-05-23,recebimento_denuncia,INS-001525,Recebida denúncia (tribunal pleno),FNT-000046
FAS-004841,PRC-005194,2023-05-23,recebimento_denuncia,INS-001525,Recebida denúncia (tribunal pleno),FNT-000046
FAS-004842,PRC-005194,2023-05-23,recebimento_denuncia,INS-001525,Recebida denúncia (tribunal pleno),FNT-000046
FAS-004843,PRC-005194,2023-05-23,recebimento_denuncia,INS-001525,Recebida denúncia (tribunal pleno),FNT-000046
FAS-004844,PRC-005194,2023-05-23,recebimento_denuncia,INS-001525,Recebida denúncia (tribunal pleno),FNT-000046
FAS-004845,PRC-005194,2023-05-23,recebimento_denuncia,INS-001525,Recebida denúncia (tribunal pleno),FNT-000046
FAS-004846,PRC-005194,2023-05-23,recebimento_denuncia,INS-001525,Recebida denúncia (tribunal pleno),FNT-000046
FAS-004847,PRC-005194,2023-05-23,recebimento_denuncia,INS-001525,Recebida denúncia (tribunal pleno),FNT-000046
FAS-004848,PRC-005194,2023-05-23,recebimento_denuncia,INS-001525,Recebida denúncia (tribunal pleno),FNT-000046
FAS-004849,PRC-005194,2023-05-23,recebimento_denuncia,INS-001525,Recebida denúncia (tribunal pleno),FNT-000046
FAS-004850,PRC-005194,2023-05-23,recebimento_denuncia,INS-001525,Recebida denúncia (tribunal pleno),FNT-000046
FAS-004851,PRC-005194,2023-05-23,recebimento_denuncia,INS-001525,Recebida denúncia (tribunal pleno),FNT-000046
FAS-004852,PRC-005194,2023-05-23,recebimento_denuncia,INS-001525,Recebida denúncia (tribunal pleno),FNT-000046
FAS-004853,PRC-005194,2023-05-23,recebimento_denuncia,INS-001525,Recebida denúncia (tribunal pleno),FNT-000046
FAS-004854,PRC-005194,2023-05-23,recebimento_denuncia,INS-001525,Recebida denúncia (tribunal pleno),FNT-000046
FAS-004855,PRC-005194,2023-05-23,recebimento_denuncia,INS-001525,Recebida denúncia (tribunal pleno),FNT-000046
FAS-004856,PRC-005194,2023-05-23,recebimento_denuncia,INS-001525,Recebida denúncia (tribunal pleno),FNT-000046
FAS-004857,PRC-005194,2023-05-23,recebimento_denuncia,INS-001525,Recebida denúncia (tribunal pleno),FNT-000046
FAS-004858,PRC-005194,2023-05-23,recebimento_denuncia,INS-001525,Recebida denúncia (tribunal pleno),FNT-000046
FAS-004859,PRC-005194,2023-05-23,recebimento_denuncia,INS-001525,Recebida denúncia (tribunal pleno),FNT-000046
FAS-004860,PRC-005194,2023-05-23,recebimento_denuncia,INS-001525,Recebida denúncia (tribunal pleno),FNT-000046
FAS-004861,PRC-005194,2023-05-23,recebimento_denuncia,INS-001525,Recebida denúncia (tribunal pleno),FNT-000046
FAS-004862,PRC-005194,2023-05-23,recebimento_denuncia,INS-001525,Recebida denúncia (tribunal pleno),FNT-000046
FAS-004863,PRC-005194,2023-05-23,recebimento_denuncia,INS-001525,Recebida denúncia (tribunal pleno),FNT-000046
FAS-004864,PRC-005194,2023-05-23,recebimento_denuncia,INS-001525,Recebida denúncia (tribunal pleno),FNT-000046
FAS-004865,PRC-005194,2023-05-23,recebimento_denuncia,INS-001525,Recebida denúncia (tribunal pleno),FNT-000046
FAS-004866,PRC-005194,2023-05-23,recebimento_denuncia,INS-001525,Recebida denúncia (tribunal pleno),FNT-000046
FAS-004867,PRC-005194,2023-05-23,recebimento_denuncia,INS-001525,Recebida denúncia (tribunal pleno),FNT-000046
FAS-004868,PRC-005194,2023-05-23,recebimento_denuncia,INS-001525,Recebida denúncia (tribunal pleno),FNT-000046
FAS-004869,PRC-005194,2023-05-23,recebimento_denuncia,INS-001525,Recebida denúncia (tribunal pleno),FNT-000046
FAS-004870,PRC-005194,2023-05-23,recebimento_denuncia,INS-001525,Recebida denúncia (tribunal pleno),FNT-000046
FAS-004871,PRC-005194,2023-05-23,recebimento_denuncia,INS-001525,Recebida denúncia (tribunal pleno),FNT-000046
FAS-004872,PRC-005194,2023-05-23,recebimento_denuncia,INS-001525,Recebida denúncia (tribunal pleno),FNT-000046
FAS-004873,PRC-005194,2023-05-23,recebimento_denuncia,INS-001525,Recebida denúncia (tribunal pleno),FNT-000046
FAS-004874,PRC-005194,2023-05-23,recebimento_denuncia,INS-001525,Recebida denúncia (tribunal pleno),FNT-000046
FAS-004875,PRC-005194,2023-05-23,recebimento_denuncia,INS-001525,Recebida denúncia (tribunal pleno),FNT-000046
FAS-004876,PRC-005194,2023-05-23,recebimento_denuncia,INS-001525,Recebida denúncia (tribunal pleno),FNT-000046
FAS-004877,PRC-005194,2023-05-23,recebimento_denuncia,INS-001525,Recebida denúncia (tribunal pleno),FNT-000046
FAS-004878,PRC-005194,2023-05-23,recebimento_denuncia,INS-001525,Recebida denúncia (tribunal pleno),FNT-000046
FAS-004879,PRC-005194,2023-05-23,recebimento_denuncia,INS-001525,Recebida denúncia (tribunal pleno),FNT-000046
FAS-004880,PRC-005194,2023-05-23,recebimento_denuncia,INS-001525,Recebida denúncia (tribunal pleno),FNT-000046
FAS-004881,PRC-005194,2023-05-23,recebimento_denuncia,INS-001525,Recebida denúncia (tribunal pleno),FNT-000046
FAS-004882,PRC-005194,2023-05-23,recebimento_denuncia,INS-001525,Recebida denúncia (tribunal pleno),FNT-000046
FAS-004883,PRC-005194,2023-05-23,recebimento_denuncia,INS-001525,Recebida denúncia (tribunal pleno),FNT-000046
FAS-004884,PRC-005194,2023-05-23,recebimento_denuncia,INS-001525,Recebida denúncia (tribunal pleno),FNT-000046
FAS-004885,PRC-005194,2023-05-23,recebimento_denuncia,INS-001525,Recebida denúncia (tribunal pleno),FNT-000046
FAS-004886,PRC-005194,2023-05-23,recebimento_denuncia,INS-001525,Recebida denúncia (tribunal pleno),FNT-000046
FAS-004887,PRC-005194,2023-05-23,recebimento_denuncia,INS-001525,Recebida denúncia (tribunal pleno),FNT-000046
FAS-004888,PRC-005194,2023-05-23,recebimento_denuncia,INS-001525,Recebida denúncia (tribunal pleno),FNT-000046
FAS-004889,PRC-005194,2023-05-23,recebimento_denuncia,INS-001525,Recebida denúncia (tribunal pleno),FNT-000046
FAS-004890,PRC-005194,2023-05-23,recebimento_denuncia,INS-001525,Recebida denúncia (tribunal pleno),FNT-000046
FAS-004891,PRC-005194,2023-05-23,recebimento_denuncia,INS-001525,Recebida denúncia (tribunal pleno),FNT-000046
FAS-004892,PRC-005194,2023-05-23,recebimento_denuncia,INS-001525,Recebida denúncia (tribunal pleno),FNT-000046
FAS-004893,PRC-005194,2023-05-23,recebimento_denuncia,INS-001525,Recebida denúncia (tribunal pleno),FNT-000046
FAS-004894,PRC-005194,2023-05-23,recebimento_denuncia,INS-001525,Recebida denúncia (tribunal pleno),FNT-000046
FAS-004895,PRC-005194,2023-05-23,recebimento_denuncia,INS-001525,Recebida denúncia (tribunal pleno),FNT-000046
FAS-004896,PRC-005194,2023-05-23,recebimento_denuncia,INS-001525,Recebida denúncia (tribunal pleno),FNT-000046
FAS-004897,PRC-005194,2023-05-23,recebimento_denuncia,INS-001525,Recebida denúncia (tribunal pleno),FNT-000046
FAS-004898,PRC-005194,2023-05-23,recebimento_denuncia,INS-001525,Recebida denúncia (tribunal pleno),FNT-000046
FAS-004899,PRC-005194,2023-05-23,recebimento_denuncia,INS-001525,Recebida denúncia (tribunal pleno),FNT-000046
FAS-004900,PRC-005194,2023-05-23,recebimento_denuncia,INS-001525,Recebida denúncia (tribunal pleno),FNT-000046
FAS-004901,PRC-005194,2023-05-23,recebimento_denuncia,INS-001525,Recebida denúncia (tribunal pleno),FNT-000046
FAS-004902,PRC-005194,2023-05-23,recebimento_denuncia,INS-001525,Recebida denúncia (tribunal pleno),FNT-000046
FAS-004903,PRC-005194,2023-05-23,recebimento_denuncia,INS-001525,Recebida denúncia (tribunal pleno),FNT-000046
FAS-004904,PRC-005194,2023-05-23,recebimento_denuncia,INS-001525,Recebida denúncia (tribunal pleno),FNT-000046
FAS-004905,PRC-005194,2023-05-23,recebimento_denuncia,INS-001525,Recebida denúncia (tribunal pleno),FNT-000046
FAS-004906,PRC-005194,2023-05-23,recebimento_denuncia,INS-001525,Recebida denúncia (tribunal pleno),FNT-000046
FAS-004907,PRC-005194,2023-05-23,recebimento_denuncia,INS-001525,Recebida denúncia (tribunal pleno),FNT-000046
FAS-004908,PRC-005194,2023-05-23,recebimento_denuncia,INS-001525,Recebida denúncia (tribunal pleno),FNT-000046
FAS-004909,PRC-005194,2023-05-23,recebimento_denuncia,INS-001525,Recebida denúncia (tribunal pleno),FNT-000046
FAS-004910,PRC-005194,2023-05-23,recebimento_denuncia,INS-001525,Recebida denúncia (tribunal pleno),FNT-000046
FAS-004911,PRC-005194,2023-05-23,recebimento_denuncia,INS-001525,Recebida denúncia (tribunal pleno),FNT-000046
FAS-004912,PRC-005194,2023-05-23,recebimento_denuncia,INS-001525,Recebida denúncia (tribunal pleno),FNT-000046
FAS-004913,PRC-005194,2023-05-23,recebimento_denuncia,INS-001525,Recebida denúncia (tribunal pleno),FNT-000046
FAS-004914,PRC-005194,2023-05-23,recebimento_denuncia,INS-001525,Recebida denúncia (tribunal pleno),FNT-000046
FAS-004915,PRC-005194,2023-05-23,recebimento_denuncia,INS-001525,Recebida denúncia (tribunal pleno),FNT-000046
FAS-004916,PRC-005194,2023-05-23,recebimento_denuncia,INS-001525,Recebida denúncia (tribunal pleno),FNT-000046
FAS-004917,PRC-005194,2023-05-23,recebimento_denuncia,INS-001525,Recebida denúncia (tribunal pleno),FNT-000046
FAS-004918,PRC-005194,2023-05-23,recebimento_denuncia,INS-001525,Recebida denúncia (tribunal pleno),FNT-000046
FAS-004919,PRC-005194,2023-05-23,recebimento_denuncia,INS-001525,Recebida denúncia (tribunal pleno),FNT-000046
FAS-004920,PRC-005194,2023-05-23,recebimento_denuncia,INS-001525,Recebida denúncia (tribunal pleno),FNT-000046
FAS-004921,PRC-005194,2023-05-23,recebimento_denuncia,INS-001525,Recebida denúncia (tribunal pleno),FNT-000046
FAS-004922,PRC-005194,2023-05-23,recebimento_denuncia,INS-001525,Recebida denúncia (tribunal pleno),FNT-000046
FAS-004923,PRC-005194,2023-05-23,recebimento_denuncia,INS-001525,Recebida denúncia (tribunal pleno),FNT-000046
FAS-004924,PRC-005194,2023-05-23,recebimento_denuncia,INS-001525,Recebida denúncia (tribunal pleno),FNT-000046
FAS-004925,PRC-005194,2023-05-23,recebimento_denuncia,INS-001525,Recebida denúncia (tribunal pleno),FNT-000046
FAS-004926,PRC-005194,2023-05-23,recebimento_denuncia,INS-001525,Recebida denúncia (tribunal pleno),FNT-000046
FAS-004927,PRC-005194,2023-05-23,recebimento_denuncia,INS-001525,Recebida denúncia (tribunal pleno),FNT-000046
FAS-004928,PRC-005194,2023-05-23,recebimento_denuncia,INS-001525,Recebida denúncia (tribunal pleno),FNT-000046
FAS-004929,PRC-005194,2023-05-23,recebimento_denuncia,INS-001525,Recebida denúncia (tribunal pleno),FNT-000046
FAS-004930,PRC-005194,2023-05-23,recebimento_denuncia,INS-001525,Recebida denúncia (tribunal pleno),FNT-000046
FAS-004931,PRC-005194,2023-05-23,recebimento_denuncia,INS-001525,Recebida denúncia (tribunal pleno),FNT-000046
FAS-004932,PRC-005194,2023-05-23,recebimento_denuncia,INS-001525,Recebida denúncia (tribunal pleno),FNT-000046
FAS-004933,PRC-005194,2023-05-23,recebimento_denuncia,INS-001525,Recebida denúncia (tribunal pleno),FNT-000046
FAS-004934,PRC-005194,2023-05-23,recebimento_denuncia,INS-001525,Recebida denúncia (tribunal pleno),FNT-000046
FAS-004935,PRC-005194,2023-05-23,recebimento_denuncia,INS-001525,Recebida denúncia (tribunal pleno),FNT-000046
FAS-004936,PRC-005194,2023-05-23,recebimento_denuncia,INS-001525,Recebida denúncia (tribunal pleno),FNT-000046
FAS-004937,PRC-005194,2023-05-23,recebimento_denuncia,INS-001525,Recebida denúncia (tribunal pleno),FNT-000046
FAS-004938,PRC-005194,2023-05-23,recebimento_denuncia,INS-001525,Recebida denúncia (tribunal pleno),FNT-000046
FAS-004939,PRC-005194,2023-05-23,recebimento_denuncia,INS-001525,Recebida denúncia (tribunal pleno),FNT-000046
FAS-004940,PRC-005194,2023-05-23,recebimento_denuncia,INS-001525,Recebida denúncia (tribunal pleno),FNT-000046
FAS-004941,PRC-005194,2023-05-23,recebimento_denuncia,INS-001525,Recebida denúncia (tribunal pleno),FNT-000046
FAS-004942,PRC-005194,2023-05-23,recebimento_denuncia,INS-001525,Recebida denúncia (tribunal pleno),FNT-000046
FAS-004943,PRC-005194,2023-05-23,recebimento_denuncia,INS-001525,Recebida denúncia (tribunal pleno),FNT-000046
FAS-004944,PRC-005194,2023-05-23,recebimento_denuncia,INS-001525,Recebida denúncia (tribunal pleno),FNT-000046
FAS-004945,PRC-005194,2023-05-23,recebimento_denuncia,INS-001525,Recebida denúncia (tribunal pleno),FNT-000046
FAS-004946,PRC-005194,2023-05-23,recebimento_denuncia,INS-001525,Recebida denúncia (tribunal pleno),FNT-000046
FAS-004947,PRC-005194,2023-05-23,recebimento_denuncia,INS-001525,Recebida denúncia (tribunal pleno),FNT-000046
FAS-004948,PRC-005194,2023-05-23,recebimento_denuncia,INS-001525,Recebida denúncia (tribunal pleno),FNT-000046
FAS-004949,PRC-005194,2023-05-23,recebimento_denuncia,INS-001525,Recebida denúncia (tribunal pleno),FNT-000046
FAS-004950,PRC-005194,2023-05-23,recebimento_denuncia,INS-001525,Recebida denúncia (tribunal pleno),FNT-000046
FAS-004951,PRC-005194,2023-05-23,recebimento_denuncia,INS-001525,Recebida denúncia (tribunal pleno),FNT-000046
FAS-004952,PRC-005194,2023-05-23,recebimento_denuncia,INS-001525,Recebida denúncia (tribunal pleno),FNT-000046
FAS-004953,PRC-005194,2023-05-23,recebimento_denuncia,INS-001525,Recebida denúncia (tribunal pleno),FNT-000046
FAS-004954,PRC-005194,2023-05-23,recebimento_denuncia,INS-001525,Recebida denúncia (tribunal pleno),FNT-000046
FAS-004955,PRC-005194,2023-05-23,recebimento_denuncia,INS-001525,Recebida denúncia (tribunal pleno),FNT-000046
FAS-004956,PRC-005194,2023-05-23,recebimento_denuncia,INS-001525,Recebida denúncia (tribunal pleno),FNT-000046
FAS-004957,PRC-005194,2023-05-23,recebimento_denuncia,INS-001525,Recebida denúncia (tribunal pleno),FNT-000046
FAS-004958,PRC-005194,2023-05-23,recebimento_denuncia,INS-001525,Recebida denúncia (tribunal pleno),FNT-000046
FAS-004959,PRC-005194,2023-05-23,recebimento_denuncia,INS-001525,Recebida denúncia (tribunal pleno),FNT-000046
FAS-004960,PRC-005194,2023-05-23,recebimento_denuncia,INS-001525,Recebida denúncia (tribunal pleno),FNT-000046
FAS-004961,PRC-005194,2023-05-23,recebimento_denuncia,INS-001525,Recebida denúncia (tribunal pleno),FNT-000046
FAS-004962,PRC-005194,2023-05-23,recebimento_denuncia,INS-001525,Recebida denúncia (tribunal pleno),FNT-000046
FAS-004963,PRC-005194,2023-05-23,recebimento_denuncia,INS-001525,Recebida denúncia (tribunal pleno),FNT-000046
FAS-004964,PRC-005194,2023-05-23,recebimento_denuncia,INS-001525,Recebida denúncia (tribunal pleno),FNT-000046
FAS-004965,PRC-005194,2023-05-23,recebimento_denuncia,INS-001525,Recebida denúncia (tribunal pleno),FNT-000046
FAS-004966,PRC-005194,2023-05-23,recebimento_denuncia,INS-001525,Recebida denúncia (tribunal pleno),FNT-000046
FAS-004967,PRC-005194,2023-05-23,recebimento_denuncia,INS-001525,Recebida denúncia (tribunal pleno),FNT-000046
FAS-004968,PRC-005194,2023-05-23,recebimento_denuncia,INS-001525,Recebida denúncia (tribunal pleno),FNT-000046
FAS-004969,PRC-005194,2023-05-23,recebimento_denuncia,INS-001525,Recebida denúncia (tribunal pleno),FNT-000046
FAS-004970,PRC-005194,2023-05-23,recebimento_denuncia,INS-001525,Recebida denúncia (tribunal pleno),FNT-000046
FAS-004971,PRC-005194,2023-05-23,recebimento_denuncia,INS-001525,Recebida denúncia (tribunal pleno),FNT-000046
FAS-004972,PRC-005194,2023-05-23,recebimento_denuncia,INS-001525,Recebida denúncia (tribunal pleno),FNT-000046
FAS-004973,PRC-005194,2023-05-23,recebimento_denuncia,INS-001525,Recebida denúncia (tribunal pleno),FNT-000046
FAS-004974,PRC-005194,2023-05-23,recebimento_denuncia,INS-001525,Recebida denúncia (tribunal pleno),FNT-000046
FAS-004975,PRC-005194,2023-05-23,recebimento_denuncia,INS-001525,Recebida denúncia (tribunal pleno),FNT-000046
FAS-004976,PRC-005194,2023-05-23,recebimento_denuncia,INS-001525,Recebida denúncia (tribunal pleno),FNT-000046
FAS-004977,PRC-005194,2023-05-23,recebimento_denuncia,INS-001525,Recebida denúncia (tribunal pleno),FNT-000046
FAS-004978,PRC-005194,2023-05-23,recebimento_denuncia,INS-001525,Recebida denúncia (tribunal pleno),FNT-000046
FAS-004979,PRC-005194,2023-05-23,recebimento_denuncia,INS-001525,Recebida denúncia (tribunal pleno),FNT-000046
FAS-004980,PRC-005194,2023-05-23,recebimento_denuncia,INS-001525,Recebida denúncia (tribunal pleno),FNT-000046
FAS-004981,PRC-005194,2023-05-30,recebimento_denuncia,INS-001525,Recebida denúncia (tribunal pleno),FNT-000046
FAS-004982,PRC-005194,2023-05-30,recebimento_denuncia,INS-001525,Recebida denúncia (tribunal pleno),FNT-000046
FAS-004983,PRC-005194,2023-05-30,recebimento_denuncia,INS-001525,Recebida denúncia (tribunal pleno),FNT-000046
FAS-004984,PRC-005194,2023-05-30,recebimento_denuncia,INS-001525,Recebida denúncia (tribunal pleno),FNT-000046
FAS-004985,PRC-005194,2023-05-30,recebimento_denuncia,INS-001525,Recebida denúncia (tribunal pleno),FNT-000046
FAS-004986,PRC-005194,2023-05-30,recebimento_denuncia,INS-001525,Recebida denúncia (tribunal pleno),FNT-000046
FAS-004987,PRC-005194,2023-05-30,recebimento_denuncia,INS-001525,Recebida denúncia (tribunal pleno),FNT-000046
FAS-004988,PRC-005194,2023-05-30,recebimento_denuncia,INS-001525,Recebida denúncia (tribunal pleno),FNT-000046
FAS-004989,PRC-005194,2023-05-30,recebimento_denuncia,INS-001525,Recebida denúncia (tribunal pleno),FNT-000046
FAS-004990,PRC-005194,2023-05-30,recebimento_denuncia,INS-001525,Recebida denúncia (tribunal pleno),FNT-000046
FAS-004991,PRC-005194,2023-05-30,recebimento_denuncia,INS-001525,Recebida denúncia (tribunal pleno),FNT-000046
FAS-004992,PRC-005194,2023-05-30,recebimento_denuncia,INS-001525,Recebida denúncia (tribunal pleno),FNT-000046
FAS-004993,PRC-005194,2023-05-30,recebimento_denuncia,INS-001525,Recebida denúncia (tribunal pleno),FNT-000046
FAS-004994,PRC-005194,2023-05-30,recebimento_denuncia,INS-001525,Recebida denúncia (tribunal pleno),FNT-000046
FAS-004995,PRC-005194,2023-05-30,recebimento_denuncia,INS-001525,Recebida denúncia (tribunal pleno),FNT-000046
FAS-004996,PRC-005194,2023-05-30,recebimento_denuncia,INS-001525,Recebida denúncia (tribunal pleno),FNT-000046
FAS-004997,PRC-005194,2023-05-30,recebimento_denuncia,INS-001525,Recebida denúncia (tribunal pleno),FNT-000046
FAS-004998,PRC-005194,2023-05-30,recebimento_denuncia,INS-001525,Recebida denúncia (tribunal pleno),FNT-000046
FAS-004999,PRC-005194,2023-05-30,recebimento_denuncia,INS-001525,Recebida denúncia (tribunal pleno),FNT-000046
FAS-005000,PRC-005194,2023-05-30,recebimento_denuncia,INS-001525,Recebida denúncia (tribunal pleno),FNT-000046
FAS-005001,PRC-005194,2023-05-30,recebimento_denuncia,INS-001525,Recebida denúncia (tribunal pleno),FNT-000046
FAS-005002,PRC-005194,2023-05-30,recebimento_denuncia,INS-001525,Recebida denúncia (tribunal pleno),FNT-000046
FAS-005003,PRC-005194,2023-05-30,recebimento_denuncia,INS-001525,Recebida denúncia (tribunal pleno),FNT-000046
FAS-005004,PRC-005194,2023-05-30,recebimento_denuncia,INS-001525,Recebida denúncia (tribunal pleno),FNT-000046
FAS-005005,PRC-005194,2023-05-30,recebimento_denuncia,INS-001525,Recebida denúncia (tribunal pleno),FNT-000046
FAS-005006,PRC-005194,2023-05-30,recebimento_denuncia,INS-001525,Recebida denúncia (tribunal pleno),FNT-000046
FAS-005007,PRC-005194,2023-05-30,recebimento_denuncia,INS-001525,Recebida denúncia (tribunal pleno),FNT-000046
FAS-005008,PRC-005194,2023-05-30,recebimento_denuncia,INS-001525,Recebida denúncia (tribunal pleno),FNT-000046
FAS-005009,PRC-005194,2023-05-30,recebimento_denuncia,INS-001525,Recebida denúncia (tribunal pleno),FNT-000046
FAS-005010,PRC-005194,2023-05-30,recebimento_denuncia,INS-001525,Recebida denúncia (tribunal pleno),FNT-000046
FAS-005011,PRC-005194,2023-05-30,recebimento_denuncia,INS-001525,Recebida denúncia (tribunal pleno),FNT-000046
FAS-005012,PRC-005194,2023-05-30,recebimento_denuncia,INS-001525,Recebida denúncia (tribunal pleno),FNT-000046
FAS-005013,PRC-005194,2023-05-30,recebimento_denuncia,INS-001525,Recebida denúncia (tribunal pleno),FNT-000046
FAS-005014,PRC-005194,2023-05-30,recebimento_denuncia,INS-001525,Recebida denúncia (tribunal pleno),FNT-000046
FAS-005015,PRC-005194,2023-05-30,recebimento_denuncia,INS-001525,Recebida denúncia (tribunal pleno),FNT-000046
FAS-005016,PRC-005194,2023-05-30,recebimento_denuncia,INS-001525,Recebida denúncia (tribunal pleno),FNT-000046
FAS-005017,PRC-005194,2023-05-30,recebimento_denuncia,INS-001525,Recebida denúncia (tribunal pleno),FNT-000046
FAS-005018,PRC-005194,2023-05-30,recebimento_denuncia,INS-001525,Recebida denúncia (tribunal pleno),FNT-000046
FAS-005019,PRC-005194,2023-05-30,recebimento_denuncia,INS-001525,Recebida denúncia (tribunal pleno),FNT-000046
FAS-005020,PRC-005194,2023-05-30,recebimento_denuncia,INS-001525,Recebida denúncia (tribunal pleno),FNT-000046
FAS-005021,PRC-005194,2023-05-30,recebimento_denuncia,INS-001525,Recebida denúncia (tribunal pleno),FNT-000046
FAS-005022,PRC-005194,2023-05-30,recebimento_denuncia,INS-001525,Recebida denúncia (tribunal pleno),FNT-000046
FAS-005023,PRC-005194,2023-05-30,recebimento_denuncia,INS-001525,Recebida denúncia (tribunal pleno),FNT-000046
FAS-005024,PRC-005194,2023-05-30,recebimento_denuncia,INS-001525,Recebida denúncia (tribunal pleno),FNT-000046
FAS-005025,PRC-005194,2023-05-30,recebimento_denuncia,INS-001525,Recebida denúncia (tribunal pleno),FNT-000046
FAS-005026,PRC-005194,2023-05-30,recebimento_denuncia,INS-001525,Recebida denúncia (tribunal pleno),FNT-000046
FAS-005027,PRC-005194,2023-05-30,recebimento_denuncia,INS-001525,Recebida denúncia (tribunal pleno),FNT-000046
FAS-005028,PRC-005194,2023-05-30,recebimento_denuncia,INS-001525,Recebida denúncia (tribunal pleno),FNT-000046
FAS-005029,PRC-005194,2023-05-30,recebimento_denuncia,INS-001525,Recebida denúncia (tribunal pleno),FNT-000046
FAS-005030,PRC-005194,2023-05-30,recebimento_denuncia,INS-001525,Recebida denúncia (tribunal pleno),FNT-000046
FAS-005031,PRC-005194,2023-05-30,recebimento_denuncia,INS-001525,Recebida denúncia (tribunal pleno),FNT-000046
FAS-005032,PRC-005194,2023-05-30,recebimento_denuncia,INS-001525,Recebida denúncia (tribunal pleno),FNT-000046
FAS-005033,PRC-005194,2023-05-30,recebimento_denuncia,INS-001525,Recebida denúncia (tribunal pleno),FNT-000046
FAS-005034,PRC-005194,2023-05-30,recebimento_denuncia,INS-001525,Recebida denúncia (tribunal pleno),FNT-000046
FAS-005035,PRC-005194,2023-05-30,recebimento_denuncia,INS-001525,Recebida denúncia (tribunal pleno),FNT-000046
FAS-005036,PRC-005194,2023-05-30,recebimento_denuncia,INS-001525,Recebida denúncia (tribunal pleno),FNT-000046
FAS-005037,PRC-005194,2023-05-30,recebimento_denuncia,INS-001525,Recebida denúncia (tribunal pleno),FNT-000046
FAS-005038,PRC-005194,2023-05-30,recebimento_denuncia,INS-001525,Recebida denúncia (tribunal pleno),FNT-000046
FAS-005039,PRC-005194,2023-05-30,recebimento_denuncia,INS-001525,Recebida denúncia (tribunal pleno),FNT-000046
FAS-005040,PRC-005194,2023-05-30,recebimento_denuncia,INS-001525,Recebida denúncia (tribunal pleno),FNT-000046
FAS-005041,PRC-005194,2023-05-30,recebimento_denuncia,INS-001525,Recebida denúncia (tribunal pleno),FNT-000046
FAS-005042,PRC-005194,2023-05-30,recebimento_denuncia,INS-001525,Recebida denúncia (tribunal pleno),FNT-000046
FAS-005043,PRC-005194,2023-05-30,recebimento_denuncia,INS-001525,Recebida denúncia (tribunal pleno),FNT-000046
FAS-005044,PRC-005194,2023-05-30,recebimento_denuncia,INS-001525,Recebida denúncia (tribunal pleno),FNT-000046
FAS-005045,PRC-005194,2023-05-30,recebimento_denuncia,INS-001525,Recebida denúncia (tribunal pleno),FNT-000046
FAS-005046,PRC-005194,2023-05-30,recebimento_denuncia,INS-001525,Recebida denúncia (tribunal pleno),FNT-000046
FAS-005047,PRC-005194,2023-05-30,recebimento_denuncia,INS-001525,Recebida denúncia (tribunal pleno),FNT-000046
FAS-005048,PRC-005194,2023-05-30,recebimento_denuncia,INS-001525,Recebida denúncia (tribunal pleno),FNT-000046
FAS-005049,PRC-005194,2023-05-30,recebimento_denuncia,INS-001525,Recebida denúncia (tribunal pleno),FNT-000046
FAS-005050,PRC-005194,2023-05-30,recebimento_denuncia,INS-001525,Recebida denúncia (tribunal pleno),FNT-000046
FAS-005051,PRC-005194,2023-05-30,recebimento_denuncia,INS-001525,Recebida denúncia (tribunal pleno),FNT-000046
FAS-005052,PRC-005194,2023-05-30,recebimento_denuncia,INS-001525,Recebida denúncia (tribunal pleno),FNT-000046
FAS-005053,PRC-005194,2023-05-30,recebimento_denuncia,INS-001525,Recebida denúncia (tribunal pleno),FNT-000046
FAS-005054,PRC-005194,2023-05-30,recebimento_denuncia,INS-001525,Recebida denúncia (tribunal pleno),FNT-000046
FAS-005055,PRC-005194,2023-05-30,recebimento_denuncia,INS-001525,Recebida denúncia (tribunal pleno),FNT-000046
FAS-005056,PRC-005194,2023-05-30,recebimento_denuncia,INS-001525,Recebida denúncia (tribunal pleno),FNT-000046
FAS-005057,PRC-005194,2023-05-30,recebimento_denuncia,INS-001525,Recebida denúncia (tribunal pleno),FNT-000046
FAS-005058,PRC-005194,2023-05-30,recebimento_denuncia,INS-001525,Recebida denúncia (tribunal pleno),FNT-000046
FAS-005059,PRC-005194,2023-05-30,recebimento_denuncia,INS-001525,Recebida denúncia (tribunal pleno),FNT-000046
FAS-005060,PRC-005194,2023-05-30,recebimento_denuncia,INS-001525,Recebida denúncia (tribunal pleno),FNT-000046
FAS-005061,PRC-005194,2023-05-30,recebimento_denuncia,INS-001525,Recebida denúncia (tribunal pleno),FNT-000046
FAS-005062,PRC-005194,2023-05-30,recebimento_denuncia,INS-001525,Recebida denúncia (tribunal pleno),FNT-000046
FAS-005063,PRC-005194,2023-05-30,recebimento_denuncia,INS-001525,Recebida denúncia (tribunal pleno),FNT-000046
FAS-005064,PRC-005194,2023-05-30,recebimento_denuncia,INS-001525,Recebida denúncia (tribunal pleno),FNT-000046
FAS-005065,PRC-005194,2023-05-30,recebimento_denuncia,INS-001525,Recebida denúncia (tribunal pleno),FNT-000046
FAS-005066,PRC-005194,2023-05-30,recebimento_denuncia,INS-001525,Recebida denúncia (tribunal pleno),FNT-000046
FAS-005067,PRC-005194,2023-05-30,recebimento_denuncia,INS-001525,Recebida denúncia (tribunal pleno),FNT-000046
FAS-005068,PRC-005194,2023-05-30,recebimento_denuncia,INS-001525,Recebida denúncia (tribunal pleno),FNT-000046
FAS-005069,PRC-005194,2023-05-30,recebimento_denuncia,INS-001525,Recebida denúncia (tribunal pleno),FNT-000046
FAS-005070,PRC-005194,2023-05-30,recebimento_denuncia,INS-001525,Recebida denúncia (tribunal pleno),FNT-000046
FAS-005071,PRC-005194,2023-05-30,recebimento_denuncia,INS-001525,Recebida denúncia (tribunal pleno),FNT-000046
FAS-005072,PRC-005194,2023-05-30,recebimento_denuncia,INS-001525,Recebida denúncia (tribunal pleno),FNT-000046
FAS-005073,PRC-005194,2023-05-30,recebimento_denuncia,INS-001525,Recebida denúncia (tribunal pleno),FNT-000046
FAS-005074,PRC-005194,2023-05-30,recebimento_denuncia,INS-001525,Recebida denúncia (tribunal pleno),FNT-000046
FAS-005075,PRC-005194,2023-05-30,recebimento_denuncia,INS-001525,Recebida denúncia (tribunal pleno),FNT-000046
FAS-005076,PRC-005194,2023-05-30,recebimento_denuncia,INS-001525,Recebida denúncia (tribunal pleno),FNT-000046
FAS-005077,PRC-005194,2023-05-30,recebimento_denuncia,INS-001525,Recebida denúncia (tribunal pleno),FNT-000046
FAS-005078,PRC-005194,2023-05-30,recebimento_denuncia,INS-001525,Recebida denúncia (tribunal pleno),FNT-000046
FAS-005079,PRC-005194,2023-05-30,recebimento_denuncia,INS-001525,Recebida denúncia (tribunal pleno),FNT-000046
FAS-005080,PRC-005194,2023-05-30,recebimento_denuncia,INS-001525,Recebida denúncia (tribunal pleno),FNT-000046
FAS-005081,PRC-005194,2023-05-30,recebimento_denuncia,INS-001525,Recebida denúncia (tribunal pleno),FNT-000046
FAS-005082,PRC-005194,2023-05-30,recebimento_denuncia,INS-001525,Recebida denúncia (tribunal pleno),FNT-000046
FAS-005083,PRC-005194,2023-05-30,recebimento_denuncia,INS-001525,Recebida denúncia (tribunal pleno),FNT-000046
FAS-005084,PRC-005194,2023-05-30,recebimento_denuncia,INS-001525,Recebida denúncia (tribunal pleno),FNT-000046
FAS-005085,PRC-005194,2023-05-30,recebimento_denuncia,INS-001525,Recebida denúncia (tribunal pleno),FNT-000046
FAS-005086,PRC-005194,2023-05-30,recebimento_denuncia,INS-001525,Recebida denúncia (tribunal pleno),FNT-000046
FAS-005087,PRC-005194,2023-05-30,recebimento_denuncia,INS-001525,Recebida denúncia (tribunal pleno),FNT-000046
FAS-005088,PRC-005194,2023-05-30,recebimento_denuncia,INS-001525,Recebida denúncia (tribunal pleno),FNT-000046
FAS-005089,PRC-005194,2023-05-30,recebimento_denuncia,INS-001525,Recebida denúncia (tribunal pleno),FNT-000046
FAS-005090,PRC-005194,2023-05-30,recebimento_denuncia,INS-001525,Recebida denúncia (tribunal pleno),FNT-000046
FAS-005091,PRC-005194,2023-05-30,recebimento_denuncia,INS-001525,Recebida denúncia (tribunal pleno),FNT-000046
FAS-005092,PRC-005194,2023-05-30,recebimento_denuncia,INS-001525,Recebida denúncia (tribunal pleno),FNT-000046
FAS-005093,PRC-005194,2023-05-30,recebimento_denuncia,INS-001525,Recebida denúncia (tribunal pleno),FNT-000046
FAS-005094,PRC-005194,2023-05-30,recebimento_denuncia,INS-001525,Recebida denúncia (tribunal pleno),FNT-000046
FAS-005095,PRC-005194,2023-05-30,recebimento_denuncia,INS-001525,Recebida denúncia (tribunal pleno),FNT-000046
FAS-005096,PRC-005194,2023-05-30,recebimento_denuncia,INS-001525,Recebida denúncia (tribunal pleno),FNT-000046
FAS-005097,PRC-005194,2023-05-30,recebimento_denuncia,INS-001525,Recebida denúncia (tribunal pleno),FNT-000046
FAS-005098,PRC-005194,2023-05-30,recebimento_denuncia,INS-001525,Recebida denúncia (tribunal pleno),FNT-000046
FAS-005099,PRC-005194,2023-05-30,recebimento_denuncia,INS-001525,Recebida denúncia (tribunal pleno),FNT-000046
FAS-005100,PRC-005194,2023-05-30,recebimento_denuncia,INS-001525,Recebida denúncia (tribunal pleno),FNT-000046
FAS-005101,PRC-005194,2023-05-30,recebimento_denuncia,INS-001525,Recebida denúncia (tribunal pleno),FNT-000046
FAS-005102,PRC-005194,2023-05-30,recebimento_denuncia,INS-001525,Recebida denúncia (tribunal pleno),FNT-000046
FAS-005103,PRC-005194,2023-05-30,recebimento_denuncia,INS-001525,Recebida denúncia (tribunal pleno),FNT-000046
FAS-005104,PRC-005194,2023-05-30,recebimento_denuncia,INS-001525,Recebida denúncia (tribunal pleno),FNT-000046
FAS-005105,PRC-005194,2023-05-30,recebimento_denuncia,INS-001525,Recebida denúncia (tribunal pleno),FNT-000046
FAS-005106,PRC-005194,2023-05-30,recebimento_denuncia,INS-001525,Recebida denúncia (tribunal pleno),FNT-000046
FAS-005107,PRC-005194,2023-05-30,recebimento_denuncia,INS-001525,Recebida denúncia (tribunal pleno),FNT-000046
FAS-005108,PRC-005194,2023-05-30,recebimento_denuncia,INS-001525,Recebida denúncia (tribunal pleno),FNT-000046
FAS-005109,PRC-005194,2023-05-30,recebimento_denuncia,INS-001525,Recebida denúncia (tribunal pleno),FNT-000046
FAS-005110,PRC-005194,2023-05-30,recebimento_denuncia,INS-001525,Recebida denúncia (tribunal pleno),FNT-000046
FAS-005111,PRC-005194,2023-05-30,recebimento_denuncia,INS-001525,Recebida denúncia (tribunal pleno),FNT-000046
FAS-005112,PRC-005194,2023-06-12,recebimento_denuncia,INS-001525,Recebida denúncia (tribunal pleno),FNT-000046
FAS-005113,PRC-005194,2023-06-12,recebimento_denuncia,INS-001525,Recebida denúncia (tribunal pleno),FNT-000046
FAS-005114,PRC-005194,2023-06-12,recebimento_denuncia,INS-001525,Recebida denúncia (tribunal pleno),FNT-000046
FAS-005115,PRC-005194,2023-06-12,recebimento_denuncia,INS-001525,Recebida denúncia (tribunal pleno),FNT-000046
FAS-005116,PRC-005194,2023-06-12,recebimento_denuncia,INS-001525,Recebida denúncia (tribunal pleno),FNT-000046
FAS-005117,PRC-005194,2023-06-12,recebimento_denuncia,INS-001525,Recebida denúncia (tribunal pleno),FNT-000046
FAS-005118,PRC-005194,2023-06-12,recebimento_denuncia,INS-001525,Recebida denúncia (tribunal pleno),FNT-000046
FAS-005119,PRC-005194,2023-06-12,recebimento_denuncia,INS-001525,Recebida denúncia (tribunal pleno),FNT-000046
FAS-005120,PRC-005194,2023-06-12,recebimento_denuncia,INS-001525,Recebida denúncia (tribunal pleno),FNT-000046
FAS-005121,PRC-005194,2023-06-12,recebimento_denuncia,INS-001525,Recebida denúncia (tribunal pleno),FNT-000046
FAS-005122,PRC-005194,2023-06-12,recebimento_denuncia,INS-001525,Recebida denúncia (tribunal pleno),FNT-000046
FAS-005123,PRC-005194,2023-06-12,recebimento_denuncia,INS-001525,Recebida denúncia (tribunal pleno),FNT-000046
FAS-005124,PRC-005194,2023-06-12,recebimento_denuncia,INS-001525,Recebida denúncia (tribunal pleno),FNT-000046
FAS-005125,PRC-005194,2023-06-12,recebimento_denuncia,INS-001525,Recebida denúncia (tribunal pleno),FNT-000046
FAS-005126,PRC-005194,2023-06-12,recebimento_denuncia,INS-001525,Recebida denúncia (tribunal pleno),FNT-000046
FAS-005127,PRC-005194,2023-06-12,recebimento_denuncia,INS-001525,Recebida denúncia (tribunal pleno),FNT-000046
FAS-005128,PRC-005194,2023-06-12,recebimento_denuncia,INS-001525,Recebida denúncia (tribunal pleno),FNT-000046
FAS-005129,PRC-005194,2023-06-12,recebimento_denuncia,INS-001525,Recebida denúncia (tribunal pleno),FNT-000046
FAS-005130,PRC-005194,2023-06-12,recebimento_denuncia,INS-001525,Recebida denúncia (tribunal pleno),FNT-000046
FAS-005131,PRC-005194,2023-06-12,recebimento_denuncia,INS-001525,Recebida denúncia (tribunal pleno),FNT-000046
FAS-005132,PRC-005194,2023-06-12,recebimento_denuncia,INS-001525,Recebida denúncia (tribunal pleno),FNT-000046
FAS-005133,PRC-005194,2023-06-12,recebimento_denuncia,INS-001525,Recebida denúncia (tribunal pleno),FNT-000046
FAS-005134,PRC-005194,2023-06-12,recebimento_denuncia,INS-001525,Recebida denúncia (tribunal pleno),FNT-000046
FAS-005135,PRC-005194,2023-06-12,recebimento_denuncia,INS-001525,Recebida denúncia (tribunal pleno),FNT-000046
FAS-005136,PRC-005194,2023-06-12,recebimento_denuncia,INS-001525,Recebida denúncia (tribunal pleno),FNT-000046
FAS-005137,PRC-005194,2023-06-12,recebimento_denuncia,INS-001525,Recebida denúncia (tribunal pleno),FNT-000046
FAS-005138,PRC-005194,2023-06-12,recebimento_denuncia,INS-001525,Recebida denúncia (tribunal pleno),FNT-000046
FAS-005139,PRC-005194,2023-06-12,recebimento_denuncia,INS-001525,Recebida denúncia (tribunal pleno),FNT-000046
FAS-005140,PRC-005194,2023-06-12,recebimento_denuncia,INS-001525,Recebida denúncia (tribunal pleno),FNT-000046
FAS-005141,PRC-005194,2023-06-12,recebimento_denuncia,INS-001525,Recebida denúncia (tribunal pleno),FNT-000046
FAS-005142,PRC-005194,2023-06-12,recebimento_denuncia,INS-001525,Recebida denúncia (tribunal pleno),FNT-000046
FAS-005143,PRC-005194,2023-06-12,recebimento_denuncia,INS-001525,Recebida denúncia (tribunal pleno),FNT-000046
FAS-005144,PRC-005194,2023-06-12,recebimento_denuncia,INS-001525,Recebida denúncia (tribunal pleno),FNT-000046
FAS-005145,PRC-005194,2023-06-12,recebimento_denuncia,INS-001525,Recebida denúncia (tribunal pleno),FNT-000046
FAS-005146,PRC-005194,2023-06-12,recebimento_denuncia,INS-001525,Recebida denúncia (tribunal pleno),FNT-000046
FAS-005147,PRC-005194,2023-06-12,recebimento_denuncia,INS-001525,Recebida denúncia (tribunal pleno),FNT-000046
FAS-005148,PRC-005194,2023-06-12,recebimento_denuncia,INS-001525,Recebida denúncia (tribunal pleno),FNT-000046
FAS-005149,PRC-005194,2023-06-12,recebimento_denuncia,INS-001525,Recebida denúncia (tribunal pleno),FNT-000046
FAS-005150,PRC-005194,2023-06-12,recebimento_denuncia,INS-001525,Recebida denúncia (tribunal pleno),FNT-000046
FAS-005151,PRC-005194,2023-06-12,recebimento_denuncia,INS-001525,Recebida denúncia (tribunal pleno),FNT-000046
FAS-005152,PRC-005194,2023-06-12,recebimento_denuncia,INS-001525,Recebida denúncia (tribunal pleno),FNT-000046
FAS-005153,PRC-005194,2023-06-12,recebimento_denuncia,INS-001525,Recebida denúncia (tribunal pleno),FNT-000046
FAS-005154,PRC-005194,2023-06-12,recebimento_denuncia,INS-001525,Recebida denúncia (tribunal pleno),FNT-000046
FAS-005155,PRC-005194,2023-06-12,recebimento_denuncia,INS-001525,Recebida denúncia (tribunal pleno),FNT-000046
FAS-005156,PRC-005194,2023-06-12,recebimento_denuncia,INS-001525,Recebida denúncia (tribunal pleno),FNT-000046
FAS-005157,PRC-005194,2023-06-12,recebimento_denuncia,INS-001525,Recebida denúncia (tribunal pleno),FNT-000046
FAS-005158,PRC-005194,2023-06-12,recebimento_denuncia,INS-001525,Recebida denúncia (tribunal pleno),FNT-000046
FAS-005159,PRC-005194,2023-06-12,recebimento_denuncia,INS-001525,Recebida denúncia (tribunal pleno),FNT-000046
FAS-005160,PRC-005194,2023-06-12,recebimento_denuncia,INS-001525,Recebida denúncia (tribunal pleno),FNT-000046
FAS-005161,PRC-005194,2023-06-12,recebimento_denuncia,INS-001525,Recebida denúncia (tribunal pleno),FNT-000046
FAS-005162,PRC-005194,2023-06-12,recebimento_denuncia,INS-001525,Recebida denúncia (tribunal pleno),FNT-000046
FAS-005163,PRC-005194,2023-06-12,recebimento_denuncia,INS-001525,Recebida denúncia (tribunal pleno),FNT-000046
FAS-005164,PRC-005194,2023-06-12,recebimento_denuncia,INS-001525,Recebida denúncia (tribunal pleno),FNT-000046
FAS-005165,PRC-005194,2023-06-12,recebimento_denuncia,INS-001525,Recebida denúncia (tribunal pleno),FNT-000046
FAS-005166,PRC-005194,2023-06-12,recebimento_denuncia,INS-001525,Recebida denúncia (tribunal pleno),FNT-000046
FAS-005167,PRC-005194,2023-06-12,recebimento_denuncia,INS-001525,Recebida denúncia (tribunal pleno),FNT-000046
FAS-005168,PRC-005194,2023-06-12,recebimento_denuncia,INS-001525,Recebida denúncia (tribunal pleno),FNT-000046
FAS-005169,PRC-005194,2023-06-12,recebimento_denuncia,INS-001525,Recebida denúncia (tribunal pleno),FNT-000046
FAS-005170,PRC-005194,2023-06-12,recebimento_denuncia,INS-001525,Recebida denúncia (tribunal pleno),FNT-000046
FAS-005171,PRC-005194,2023-06-12,recebimento_denuncia,INS-001525,Recebida denúncia (tribunal pleno),FNT-000046
FAS-005172,PRC-005194,2023-06-12,recebimento_denuncia,INS-001525,Recebida denúncia (tribunal pleno),FNT-000046
FAS-005173,PRC-005194,2023-06-12,recebimento_denuncia,INS-001525,Recebida denúncia (tribunal pleno),FNT-000046
FAS-005174,PRC-005194,2023-06-12,recebimento_denuncia,INS-001525,Recebida denúncia (tribunal pleno),FNT-000046
FAS-005175,PRC-005194,2023-06-12,recebimento_denuncia,INS-001525,Recebida denúncia (tribunal pleno),FNT-000046
FAS-005176,PRC-005194,2023-06-27,recebimento_denuncia,INS-001525,Recebida denúncia (tribunal pleno),FNT-000046
FAS-005177,PRC-005194,2023-06-27,recebimento_denuncia,INS-001525,Recebida denúncia (tribunal pleno),FNT-000046
FAS-005178,PRC-005194,2023-06-27,recebimento_denuncia,INS-001525,Recebida denúncia (tribunal pleno),FNT-000046
FAS-005179,PRC-005194,2023-06-27,recebimento_denuncia,INS-001525,Recebida denúncia (tribunal pleno),FNT-000046
FAS-005180,PRC-005194,2023-06-27,recebimento_denuncia,INS-001525,Recebida denúncia (tribunal pleno),FNT-000046
FAS-005181,PRC-005194,2023-06-27,recebimento_denuncia,INS-001525,Recebida denúncia (tribunal pleno),FNT-000046
FAS-005182,PRC-005194,2023-06-27,recebimento_denuncia,INS-001525,Recebida denúncia (tribunal pleno),FNT-000046
FAS-005183,PRC-005194,2023-06-27,recebimento_denuncia,INS-001525,Recebida denúncia (tribunal pleno),FNT-000046
FAS-005184,PRC-005194,2023-06-27,recebimento_denuncia,INS-001525,Recebida denúncia (tribunal pleno),FNT-000046
FAS-005185,PRC-005194,2023-06-27,recebimento_denuncia,INS-001525,Recebida denúncia (tribunal pleno),FNT-000046
FAS-005186,PRC-005194,2023-06-27,recebimento_denuncia,INS-001525,Recebida denúncia (tribunal pleno),FNT-000046
FAS-005187,PRC-005194,2023-06-27,recebimento_denuncia,INS-001525,Recebida denúncia (tribunal pleno),FNT-000046
FAS-005188,PRC-005194,2023-06-27,recebimento_denuncia,INS-001525,Recebida denúncia (tribunal pleno),FNT-000046
FAS-005189,PRC-005194,2023-06-27,recebimento_denuncia,INS-001525,Recebida denúncia (tribunal pleno),FNT-000046
FAS-005190,PRC-005194,2023-06-27,recebimento_denuncia,INS-001525,Recebida denúncia (tribunal pleno),FNT-000046
FAS-005191,PRC-005194,2023-06-27,recebimento_denuncia,INS-001525,Recebida denúncia (tribunal pleno),FNT-000046
FAS-005192,PRC-005194,2023-06-27,recebimento_denuncia,INS-001525,Recebida denúncia (tribunal pleno),FNT-000046
FAS-005193,PRC-005194,2023-06-27,recebimento_denuncia,INS-001525,Recebida denúncia (tribunal pleno),FNT-000046
FAS-005194,PRC-005194,2023-06-27,recebimento_denuncia,INS-001525,Recebida denúncia (tribunal pleno),FNT-000046
FAS-005195,PRC-005194,2023-06-27,recebimento_denuncia,INS-001525,Recebida denúncia (tribunal pleno),FNT-000046
FAS-005196,PRC-005194,2023-06-27,recebimento_denuncia,INS-001525,Recebida denúncia (tribunal pleno),FNT-000046
FAS-005197,PRC-005194,2023-06-27,recebimento_denuncia,INS-001525,Recebida denúncia (tribunal pleno),FNT-000046
FAS-005198,PRC-005194,2023-06-27,recebimento_denuncia,INS-001525,Recebida denúncia (tribunal pleno),FNT-000046
FAS-005199,PRC-005194,2023-06-27,recebimento_denuncia,INS-001525,Recebida denúncia (tribunal pleno),FNT-000046
FAS-005200,PRC-005194,2023-06-27,recebimento_denuncia,INS-001525,Recebida denúncia (tribunal pleno),FNT-000046
FAS-005201,PRC-005194,2023-06-27,recebimento_denuncia,INS-001525,Recebida denúncia (tribunal pleno),FNT-000046
FAS-005202,PRC-005194,2023-06-27,recebimento_denuncia,INS-001525,Recebida denúncia (tribunal pleno),FNT-000046
FAS-005203,PRC-005194,2023-06-27,recebimento_denuncia,INS-001525,Recebida denúncia (tribunal pleno),FNT-000046
FAS-005204,PRC-005194,2023-06-27,recebimento_denuncia,INS-001525,Recebida denúncia (tribunal pleno),FNT-000046
FAS-005205,PRC-005194,2023-06-27,recebimento_denuncia,INS-001525,Recebida denúncia (tribunal pleno),FNT-000046
FAS-005206,PRC-005194,2023-06-27,recebimento_denuncia,INS-001525,Recebida denúncia (tribunal pleno),FNT-000046
FAS-005207,PRC-005194,2023-06-27,recebimento_denuncia,INS-001525,Recebida denúncia (tribunal pleno),FNT-000046
FAS-005208,PRC-005194,2023-06-27,recebimento_denuncia,INS-001525,Recebida denúncia (tribunal pleno),FNT-000046
FAS-005209,PRC-005194,2023-06-27,recebimento_denuncia,INS-001525,Recebida denúncia (tribunal pleno),FNT-000046
FAS-005210,PRC-005194,2023-06-27,recebimento_denuncia,INS-001525,Recebida denúncia (tribunal pleno),FNT-000046
FAS-005211,PRC-005194,2023-06-27,recebimento_denuncia,INS-001525,Recebida denúncia (tribunal pleno),FNT-000046
FAS-005212,PRC-005194,2023-06-27,recebimento_denuncia,INS-001525,Recebida denúncia (tribunal pleno),FNT-000046
FAS-005213,PRC-005194,2023-08-21,recebimento_denuncia,INS-001525,Recebida denúncia (tribunal pleno),FNT-000046
FAS-005214,PRC-005194,2023-08-21,recebimento_denuncia,INS-001525,Recebida denúncia (tribunal pleno),FNT-000046
FAS-005215,PRC-005194,2023-08-21,recebimento_denuncia,INS-001525,Recebida denúncia (tribunal pleno),FNT-000046
FAS-005216,PRC-005194,2023-08-21,recebimento_denuncia,INS-001525,Recebida denúncia (tribunal pleno),FNT-000046
FAS-005217,PRC-005194,2023-08-21,recebimento_denuncia,INS-001525,Recebida denúncia (tribunal pleno),FNT-000046
FAS-005218,PRC-005194,2023-08-21,recebimento_denuncia,INS-001525,Recebida denúncia (tribunal pleno),FNT-000046
FAS-005219,PRC-005194,2023-08-21,recebimento_denuncia,INS-001525,Recebida denúncia (tribunal pleno),FNT-000046
FAS-005220,PRC-005194,2023-08-21,recebimento_denuncia,INS-001525,Recebida denúncia (tribunal pleno),FNT-000046
FAS-005221,PRC-005194,2023-08-21,recebimento_denuncia,INS-001525,Recebida denúncia (tribunal pleno),FNT-000046
FAS-005222,PRC-005194,2023-08-21,recebimento_denuncia,INS-001525,Recebida denúncia (tribunal pleno),FNT-000046
FAS-005223,PRC-005194,2023-08-21,recebimento_denuncia,INS-001525,Recebida denúncia (tribunal pleno),FNT-000046
FAS-005224,PRC-005194,2023-08-21,recebimento_denuncia,INS-001525,Recebida denúncia (tribunal pleno),FNT-000046
FAS-005225,PRC-005194,2023-08-21,recebimento_denuncia,INS-001525,Recebida denúncia (tribunal pleno),FNT-000046
FAS-005226,PRC-005194,2023-08-21,recebimento_denuncia,INS-001525,Recebida denúncia (tribunal pleno),FNT-000046
FAS-005227,PRC-005194,2023-08-21,recebimento_denuncia,INS-001525,Recebida denúncia (tribunal pleno),FNT-000046
FAS-005228,PRC-005194,2023-08-21,recebimento_denuncia,INS-001525,Recebida denúncia (tribunal pleno),FNT-000046
FAS-005229,PRC-005194,2023-08-21,recebimento_denuncia,INS-001525,Recebida denúncia (tribunal pleno),FNT-000046
FAS-005230,PRC-005194,2023-08-21,recebimento_denuncia,INS-001525,Recebida denúncia (tribunal pleno),FNT-000046
FAS-005231,PRC-005194,2023-08-21,recebimento_denuncia,INS-001525,Recebida denúncia (tribunal pleno),FNT-000046
FAS-005232,PRC-005194,2023-08-21,recebimento_denuncia,INS-001525,Recebida denúncia (tribunal pleno),FNT-000046
FAS-005233,PRC-005194,2023-08-21,recebimento_denuncia,INS-001525,Recebida denúncia (tribunal pleno),FNT-000046
FAS-005234,PRC-005194,2023-08-21,recebimento_denuncia,INS-001525,Recebida denúncia (tribunal pleno),FNT-000046
FAS-005235,PRC-005194,2023-08-21,recebimento_denuncia,INS-001525,Recebida denúncia (tribunal pleno),FNT-000046
FAS-005236,PRC-005194,2023-08-21,recebimento_denuncia,INS-001525,Recebida denúncia (tribunal pleno),FNT-000046
FAS-005237,PRC-005194,2023-08-21,recebimento_denuncia,INS-001525,Recebida denúncia (tribunal pleno),FNT-000046
FAS-005238,PRC-005194,2023-08-21,recebimento_denuncia,INS-001525,Recebida denúncia (tribunal pleno),FNT-000046
FAS-005239,PRC-005194,2023-08-21,recebimento_denuncia,INS-001525,Recebida denúncia (tribunal pleno),FNT-000046
FAS-005240,PRC-005194,2023-08-21,recebimento_denuncia,INS-001525,Recebida denúncia (tribunal pleno),FNT-000046
FAS-005241,PRC-005194,2023-08-21,recebimento_denuncia,INS-001525,Recebida denúncia (tribunal pleno),FNT-000046
FAS-005242,PRC-005194,2023-08-21,recebimento_denuncia,INS-001525,Recebida denúncia (tribunal pleno),FNT-000046
FAS-005243,PRC-005194,2023-08-21,recebimento_denuncia,INS-001525,Recebida denúncia (tribunal pleno),FNT-000046
FAS-005244,PRC-005194,2023-08-21,recebimento_denuncia,INS-001525,Recebida denúncia (tribunal pleno),FNT-000046
FAS-005245,PRC-005194,2023-08-21,recebimento_denuncia,INS-001525,Recebida denúncia (tribunal pleno),FNT-000046
FAS-005246,PRC-005194,2023-08-21,recebimento_denuncia,INS-001525,Recebida denúncia (tribunal pleno),FNT-000046
FAS-005247,PRC-005194,2023-08-21,recebimento_denuncia,INS-001525,Recebida denúncia (tribunal pleno),FNT-000046
FAS-005248,PRC-005194,2023-08-21,recebimento_denuncia,INS-001525,Recebida denúncia (tribunal pleno),FNT-000046
FAS-005249,PRC-005194,2023-08-21,recebimento_denuncia,INS-001525,Recebida denúncia (tribunal pleno),FNT-000046
FAS-005250,PRC-005194,2023-08-21,recebimento_denuncia,INS-001525,Recebida denúncia (tribunal pleno),FNT-000046
FAS-005251,PRC-005194,2023-08-21,recebimento_denuncia,INS-001525,Recebida denúncia (tribunal pleno),FNT-000046
FAS-005252,PRC-005194,2023-08-21,recebimento_denuncia,INS-001525,Recebida denúncia (tribunal pleno),FNT-000046
FAS-005253,PRC-005194,2023-08-21,recebimento_denuncia,INS-001525,Recebida denúncia (tribunal pleno),FNT-000046
FAS-005254,PRC-005194,2023-08-21,recebimento_denuncia,INS-001525,Recebida denúncia (tribunal pleno),FNT-000046
FAS-005255,PRC-005194,2023-08-21,recebimento_denuncia,INS-001525,Recebida denúncia (tribunal pleno),FNT-000046
FAS-005256,PRC-005194,2023-08-21,recebimento_denuncia,INS-001525,Recebida denúncia (tribunal pleno),FNT-000046
FAS-005257,PRC-005194,2023-08-21,recebimento_denuncia,INS-001525,Recebida denúncia (tribunal pleno),FNT-000046
FAS-005258,PRC-005194,2023-08-21,recebimento_denuncia,INS-001525,Recebida denúncia (tribunal pleno),FNT-000046
FAS-005259,PRC-005194,2023-08-21,recebimento_denuncia,INS-001525,Recebida denúncia (tribunal pleno),FNT-000046
FAS-005260,PRC-005194,2023-08-21,recebimento_denuncia,INS-001525,Recebida denúncia (tribunal pleno),FNT-000046
FAS-005261,PRC-005194,2023-08-21,recebimento_denuncia,INS-001525,Recebida denúncia (tribunal pleno),FNT-000046
FAS-005262,PRC-005194,2023-08-21,recebimento_denuncia,INS-001525,Recebida denúncia (tribunal pleno),FNT-000046
FAS-005263,PRC-005194,2023-08-21,recebimento_denuncia,INS-001525,Recebida denúncia (tribunal pleno),FNT-000046
FAS-005264,PRC-005194,2023-08-21,recebimento_denuncia,INS-001525,Recebida denúncia (tribunal pleno),FNT-000046
FAS-005265,PRC-005194,2023-08-21,recebimento_denuncia,INS-001525,Recebida denúncia (tribunal pleno),FNT-000046
FAS-005266,PRC-005194,2023-08-21,recebimento_denuncia,INS-001525,Recebida denúncia (tribunal pleno),FNT-000046
FAS-005267,PRC-005194,2023-08-21,recebimento_denuncia,INS-001525,Recebida denúncia (tribunal pleno),FNT-000046
FAS-005268,PRC-005194,2023-08-21,recebimento_denuncia,INS-001525,Recebida denúncia (tribunal pleno),FNT-000046
FAS-005269,PRC-005194,2023-08-21,recebimento_denuncia,INS-001525,Recebida denúncia (tribunal pleno),FNT-000046
FAS-005270,PRC-005194,2023-08-21,recebimento_denuncia,INS-001525,Recebida denúncia (tribunal pleno),FNT-000046
FAS-005271,PRC-005194,2023-08-21,recebimento_denuncia,INS-001525,Recebida denúncia (tribunal pleno),FNT-000046
FAS-005272,PRC-005194,2023-08-21,recebimento_denuncia,INS-001525,Recebida denúncia (tribunal pleno),FNT-000046
FAS-005273,PRC-005194,2023-08-21,recebimento_denuncia,INS-001525,Recebida denúncia (tribunal pleno),FNT-000046
FAS-005274,PRC-005194,2023-08-21,recebimento_denuncia,INS-001525,Recebida denúncia (tribunal pleno),FNT-000046
FAS-005275,PRC-005194,2024-04-15,recebimento_denuncia,INS-001525,Recebida denúncia (1ª turma),FNT-000046
FAS-005276,PRC-005194,2024-04-15,recebimento_denuncia,INS-001525,Recebida denúncia (1ª turma),FNT-000046
FAS-005277,PRC-005194,2024-06-05,recebimento_denuncia,INS-001525,Recebida denúncia (1ª turma),FNT-000046
FAS-005278,PRC-005194,2024-06-05,recebimento_denuncia,INS-001525,Recebida denúncia (1ª turma),FNT-000046
FAS-005279,PRC-005194,2024-06-05,recebimento_denuncia,INS-001525,Recebida denúncia (1ª turma),FNT-000046
FAS-005280,PRC-005194,2024-06-05,recebimento_denuncia,INS-001525,Recebida denúncia (1ª turma),FNT-000046
FAS-005281,PRC-005194,2024-06-05,recebimento_denuncia,INS-001525,Recebida denúncia (1ª turma),FNT-000046
FAS-005282,PRC-005194,2024-06-05,recebimento_denuncia,INS-001525,Recebida denúncia (1ª turma),FNT-000046
FAS-005283,PRC-005194,2024-06-05,recebimento_denuncia,INS-001525,Recebida denúncia (1ª turma),FNT-000046
FAS-005284,PRC-005194,2024-06-05,recebimento_denuncia,INS-001525,Recebida denúncia (1ª turma),FNT-000046
FAS-005285,PRC-005194,2024-06-05,recebimento_denuncia,INS-001525,Recebida denúncia (1ª turma),FNT-000046
FAS-005286,PRC-005194,2024-06-05,recebimento_denuncia,INS-001525,Recebida denúncia (1ª turma),FNT-000046
FAS-005287,PRC-005194,2024-06-05,recebimento_denuncia,INS-001525,Recebida denúncia (1ª turma),FNT-000046
FAS-005288,PRC-005194,2024-06-05,recebimento_denuncia,INS-001525,Recebida denúncia (1ª turma),FNT-000046
FAS-005289,PRC-005194,2024-06-05,recebimento_denuncia,INS-001525,Recebida denúncia (1ª turma),FNT-000046
FAS-005290,PRC-005194,2024-06-05,recebimento_denuncia,INS-001525,Recebida denúncia (1ª turma),FNT-000046
FAS-005291,PRC-005194,2024-06-05,recebimento_denuncia,INS-001525,Recebida denúncia (1ª turma),FNT-000046
FAS-005292,PRC-005194,2024-06-11,recebimento_denuncia,INS-001525,Recebida denúncia (1ª turma),FNT-000046
FAS-005293,PRC-005194,2024-06-11,recebimento_denuncia,INS-001525,Recebida denúncia (1ª turma),FNT-000046
FAS-005294,PRC-005194,2024-06-11,recebimento_denuncia,INS-001525,Recebida denúncia (1ª turma),FNT-000046
FAS-005295,PRC-005194,2024-06-11,recebimento_denuncia,INS-001525,Recebida denúncia (1ª turma),FNT-000046
FAS-005296,PRC-005194,2024-06-11,recebimento_denuncia,INS-001525,Recebida denúncia (1ª turma),FNT-000046
FAS-005297,PRC-005194,2024-06-11,recebimento_denuncia,INS-001525,Recebida denúncia (1ª turma),FNT-000046
FAS-005298,PRC-005194,2024-06-11,recebimento_denuncia,INS-001525,Recebida denúncia (1ª turma),FNT-000046
FAS-005299,PRC-005194,2024-06-11,recebimento_denuncia,INS-001525,Recebida denúncia (1ª turma),FNT-000046
FAS-005300,PRC-005194,2024-06-11,recebimento_denuncia,INS-001525,Recebida denúncia (1ª turma),FNT-000046
FAS-005301,PRC-005194,2024-06-11,recebimento_denuncia,INS-001525,Recebida denúncia (1ª turma),FNT-000046
FAS-005302,PRC-005194,2024-06-11,recebimento_denuncia,INS-001525,Recebida denúncia (1ª turma),FNT-000046
FAS-005303,PRC-005194,2024-06-11,recebimento_denuncia,INS-001525,Recebida denúncia (1ª turma),FNT-000046
FAS-005304,PRC-005194,2024-06-11,recebimento_denuncia,INS-001525,Recebida denúncia (1ª turma),FNT-000046
FAS-005305,PRC-005194,2024-06-11,recebimento_denuncia,INS-001525,Recebida denúncia (1ª turma),FNT-000046
FAS-005306,PRC-005194,2024-06-11,recebimento_denuncia,INS-001525,Recebida denúncia (1ª turma),FNT-000046
FAS-005307,PRC-005194,2024-06-17,recebimento_denuncia,INS-001525,Recebida denúncia (1ª turma),FNT-000046
FAS-005308,PRC-005194,2024-07-01,recebimento_denuncia,INS-001525,Recebida denúncia (1ª turma),FNT-000046
FAS-005309,PRC-005194,2024-07-01,recebimento_denuncia,INS-001525,Recebida denúncia (1ª turma),FNT-000046
FAS-005310,PRC-005194,2024-07-01,recebimento_denuncia,INS-001525,Recebida denúncia (1ª turma),FNT-000046
FAS-005311,PRC-005194,2024-07-01,recebimento_denuncia,INS-001525,Recebida denúncia (1ª turma),FNT-000046
FAS-005312,PRC-005194,2024-07-01,recebimento_denuncia,INS-001525,Recebida denúncia (1ª turma),FNT-000046
FAS-005313,PRC-005194,2024-07-01,recebimento_denuncia,INS-001525,Recebida denúncia (1ª turma),FNT-000046
FAS-005314,PRC-005194,2024-08-12,recebimento_denuncia,INS-001525,Recebida denúncia (1ª turma),FNT-000046
FAS-005315,PRC-005194,2024-11-19,recebimento_denuncia,INS-001525,Recebida denúncia (1ª turma),FNT-000046
FAS-005316,PRC-005194,2025-05-13,recebimento_denuncia,INS-001525,Recebida denúncia (tribunal pleno),FNT-000046
FAS-005317,PRC-005195,2023-04-25,recebimento_denuncia,INS-001525,Recebida denúncia (tribunal pleno),FNT-000046
FAS-005318,PRC-005195,2023-04-25,recebimento_denuncia,INS-001525,Recebida denúncia (tribunal pleno),FNT-000046
FAS-005319,PRC-005195,2023-04-25,recebimento_denuncia,INS-001525,Recebida denúncia (tribunal pleno),FNT-000046
FAS-005320,PRC-005195,2023-04-25,recebimento_denuncia,INS-001525,Recebida denúncia (tribunal pleno),FNT-000046
FAS-005321,PRC-005195,2023-04-25,recebimento_denuncia,INS-001525,Recebida denúncia (tribunal pleno),FNT-000046
FAS-005322,PRC-005195,2023-04-25,recebimento_denuncia,INS-001525,Recebida denúncia (tribunal pleno),FNT-000046
FAS-005323,PRC-005195,2023-04-25,recebimento_denuncia,INS-001525,Recebida denúncia (tribunal pleno),FNT-000046
FAS-005324,PRC-005195,2023-04-25,recebimento_denuncia,INS-001525,Recebida denúncia (tribunal pleno),FNT-000046
FAS-005325,PRC-005195,2023-04-25,recebimento_denuncia,INS-001525,Recebida denúncia (tribunal pleno),FNT-000046
FAS-005326,PRC-005195,2023-04-25,recebimento_denuncia,INS-001525,Recebida denúncia (tribunal pleno),FNT-000046
FAS-005327,PRC-005195,2023-04-25,recebimento_denuncia,INS-001525,Recebida denúncia (tribunal pleno),FNT-000046
FAS-005328,PRC-005195,2023-04-25,recebimento_denuncia,INS-001525,Recebida denúncia (tribunal pleno),FNT-000046
FAS-005329,PRC-005195,2023-04-25,recebimento_denuncia,INS-001525,Recebida denúncia (tribunal pleno),FNT-000046
FAS-005330,PRC-005195,2023-04-25,recebimento_denuncia,INS-001525,Recebida denúncia (tribunal pleno),FNT-000046
FAS-005331,PRC-005195,2023-04-25,recebimento_denuncia,INS-001525,Recebida denúncia (tribunal pleno),FNT-000046
FAS-005332,PRC-005195,2023-04-25,recebimento_denuncia,INS-001525,Recebida denúncia (tribunal pleno),FNT-000046
FAS-005333,PRC-005195,2023-04-25,recebimento_denuncia,INS-001525,Recebida denúncia (tribunal pleno),FNT-000046
FAS-005334,PRC-005195,2023-04-25,recebimento_denuncia,INS-001525,Recebida denúncia (tribunal pleno),FNT-000046
FAS-005335,PRC-005195,2023-04-25,recebimento_denuncia,INS-001525,Recebida denúncia (tribunal pleno),FNT-000046
FAS-005336,PRC-005195,2023-04-25,recebimento_denuncia,INS-001525,Recebida denúncia (tribunal pleno),FNT-000046
FAS-005337,PRC-005195,2023-04-25,recebimento_denuncia,INS-001525,Recebida denúncia (tribunal pleno),FNT-000046
FAS-005338,PRC-005195,2023-04-25,recebimento_denuncia,INS-001525,Recebida denúncia (tribunal pleno),FNT-000046
FAS-005339,PRC-005195,2023-04-25,recebimento_denuncia,INS-001525,Recebida denúncia (tribunal pleno),FNT-000046
FAS-005340,PRC-005195,2023-04-25,recebimento_denuncia,INS-001525,Recebida denúncia (tribunal pleno),FNT-000046
FAS-005341,PRC-005195,2023-04-25,recebimento_denuncia,INS-001525,Recebida denúncia (tribunal pleno),FNT-000046
FAS-005342,PRC-005195,2023-04-25,recebimento_denuncia,INS-001525,Recebida denúncia (tribunal pleno),FNT-000046
FAS-005343,PRC-005195,2023-04-25,recebimento_denuncia,INS-001525,Recebida denúncia (tribunal pleno),FNT-000046
FAS-005344,PRC-005195,2023-04-25,recebimento_denuncia,INS-001525,Recebida denúncia (tribunal pleno),FNT-000046
FAS-005345,PRC-005195,2023-04-25,recebimento_denuncia,INS-001525,Recebida denúncia (tribunal pleno),FNT-000046
FAS-005346,PRC-005195,2023-04-25,recebimento_denuncia,INS-001525,Recebida denúncia (tribunal pleno),FNT-000046
FAS-005347,PRC-005195,2023-04-25,recebimento_denuncia,INS-001525,Recebida denúncia (tribunal pleno),FNT-000046
FAS-005348,PRC-005195,2023-04-25,recebimento_denuncia,INS-001525,Recebida denúncia (tribunal pleno),FNT-000046
FAS-005349,PRC-005195,2023-04-25,recebimento_denuncia,INS-001525,Recebida denúncia (tribunal pleno),FNT-000046
FAS-005350,PRC-005195,2023-04-25,recebimento_denuncia,INS-001525,Recebida denúncia (tribunal pleno),FNT-000046
FAS-005351,PRC-005195,2023-04-25,recebimento_denuncia,INS-001525,Recebida denúncia (tribunal pleno),FNT-000046
FAS-005352,PRC-005195,2023-04-25,recebimento_denuncia,INS-001525,Recebida denúncia (tribunal pleno),FNT-000046
FAS-005353,PRC-005195,2023-04-25,recebimento_denuncia,INS-001525,Recebida denúncia (tribunal pleno),FNT-000046
FAS-005354,PRC-005195,2023-04-25,recebimento_denuncia,INS-001525,Recebida denúncia (tribunal pleno),FNT-000046
FAS-005355,PRC-005195,2023-04-25,recebimento_denuncia,INS-001525,Recebida denúncia (tribunal pleno),FNT-000046
FAS-005356,PRC-005195,2023-04-25,recebimento_denuncia,INS-001525,Recebida denúncia (tribunal pleno),FNT-000046
FAS-005357,PRC-005195,2023-04-25,recebimento_denuncia,INS-001525,Recebida denúncia (tribunal pleno),FNT-000046
FAS-005358,PRC-005195,2023-04-25,recebimento_denuncia,INS-001525,Recebida denúncia (tribunal pleno),FNT-000046
FAS-005359,PRC-005195,2023-04-25,recebimento_denuncia,INS-001525,Recebida denúncia (tribunal pleno),FNT-000046
FAS-005360,PRC-005195,2023-04-25,recebimento_denuncia,INS-001525,Recebida denúncia (tribunal pleno),FNT-000046
FAS-005361,PRC-005195,2023-04-25,recebimento_denuncia,INS-001525,Recebida denúncia (tribunal pleno),FNT-000046
FAS-005362,PRC-005195,2023-04-25,recebimento_denuncia,INS-001525,Recebida denúncia (tribunal pleno),FNT-000046
FAS-005363,PRC-005195,2023-04-25,recebimento_denuncia,INS-001525,Recebida denúncia (tribunal pleno),FNT-000046
FAS-005364,PRC-005195,2023-04-25,recebimento_denuncia,INS-001525,Recebida denúncia (tribunal pleno),FNT-000046
FAS-005365,PRC-005195,2023-04-25,recebimento_denuncia,INS-001525,Recebida denúncia (tribunal pleno),FNT-000046
FAS-005366,PRC-005195,2023-04-25,recebimento_denuncia,INS-001525,Recebida denúncia (tribunal pleno),FNT-000046
FAS-005367,PRC-005195,2023-05-03,recebimento_denuncia,INS-001525,Recebida denúncia (tribunal pleno),FNT-000046
FAS-005368,PRC-005195,2023-05-03,recebimento_denuncia,INS-001525,Recebida denúncia (tribunal pleno),FNT-000046
FAS-005369,PRC-005195,2023-05-03,recebimento_denuncia,INS-001525,Recebida denúncia (tribunal pleno),FNT-000046
FAS-005370,PRC-005195,2023-05-03,recebimento_denuncia,INS-001525,Recebida denúncia (tribunal pleno),FNT-000046
FAS-005371,PRC-005195,2023-05-03,recebimento_denuncia,INS-001525,Recebida denúncia (tribunal pleno),FNT-000046
FAS-005372,PRC-005195,2023-05-03,recebimento_denuncia,INS-001525,Recebida denúncia (tribunal pleno),FNT-000046
FAS-005373,PRC-005195,2023-05-03,recebimento_denuncia,INS-001525,Recebida denúncia (tribunal pleno),FNT-000046
FAS-005374,PRC-005195,2023-05-03,recebimento_denuncia,INS-001525,Recebida denúncia (tribunal pleno),FNT-000046
FAS-005375,PRC-005195,2023-05-03,recebimento_denuncia,INS-001525,Recebida denúncia (tribunal pleno),FNT-000046
FAS-005376,PRC-005195,2023-05-03,recebimento_denuncia,INS-001525,Recebida denúncia (tribunal pleno),FNT-000046
FAS-005377,PRC-005195,2023-05-03,recebimento_denuncia,INS-001525,Recebida denúncia (tribunal pleno),FNT-000046
FAS-005378,PRC-005195,2023-05-03,recebimento_denuncia,INS-001525,Recebida denúncia (tribunal pleno),FNT-000046
FAS-005379,PRC-005195,2023-05-03,recebimento_denuncia,INS-001525,Recebida denúncia (tribunal pleno),FNT-000046
FAS-005380,PRC-005195,2023-05-03,recebimento_denuncia,INS-001525,Recebida denúncia (tribunal pleno),FNT-000046
FAS-005381,PRC-005195,2023-05-03,recebimento_denuncia,INS-001525,Recebida denúncia (tribunal pleno),FNT-000046
FAS-005382,PRC-005195,2023-05-03,recebimento_denuncia,INS-001525,Recebida denúncia (tribunal pleno),FNT-000046
FAS-005383,PRC-005195,2023-05-03,recebimento_denuncia,INS-001525,Recebida denúncia (tribunal pleno),FNT-000046
FAS-005384,PRC-005195,2023-05-03,recebimento_denuncia,INS-001525,Recebida denúncia (tribunal pleno),FNT-000046
FAS-005385,PRC-005195,2023-05-03,recebimento_denuncia,INS-001525,Recebida denúncia (tribunal pleno),FNT-000046
FAS-005386,PRC-005195,2023-05-03,recebimento_denuncia,INS-001525,Recebida denúncia (tribunal pleno),FNT-000046
FAS-005387,PRC-005195,2023-05-03,recebimento_denuncia,INS-001525,Recebida denúncia (tribunal pleno),FNT-000046
FAS-005388,PRC-005195,2023-05-03,recebimento_denuncia,INS-001525,Recebida denúncia (tribunal pleno),FNT-000046
FAS-005389,PRC-005195,2023-05-03,recebimento_denuncia,INS-001525,Recebida denúncia (tribunal pleno),FNT-000046
FAS-005390,PRC-005195,2023-05-03,recebimento_denuncia,INS-001525,Recebida denúncia (tribunal pleno),FNT-000046
FAS-005391,PRC-005195,2023-05-03,recebimento_denuncia,INS-001525,Recebida denúncia (tribunal pleno),FNT-000046
FAS-005392,PRC-005195,2023-05-03,recebimento_denuncia,INS-001525,Recebida denúncia (tribunal pleno),FNT-000046
FAS-005393,PRC-005195,2023-05-03,recebimento_denuncia,INS-001525,Recebida denúncia (tribunal pleno),FNT-000046
FAS-005394,PRC-005195,2023-05-03,recebimento_denuncia,INS-001525,Recebida denúncia (tribunal pleno),FNT-000046
FAS-005395,PRC-005195,2023-05-03,recebimento_denuncia,INS-001525,Recebida denúncia (tribunal pleno),FNT-000046
FAS-005396,PRC-005195,2023-05-03,recebimento_denuncia,INS-001525,Recebida denúncia (tribunal pleno),FNT-000046
FAS-005397,PRC-005195,2023-05-03,recebimento_denuncia,INS-001525,Recebida denúncia (tribunal pleno),FNT-000046
FAS-005398,PRC-005195,2023-05-03,recebimento_denuncia,INS-001525,Recebida denúncia (tribunal pleno),FNT-000046
FAS-005399,PRC-005195,2023-05-03,recebimento_denuncia,INS-001525,Recebida denúncia (tribunal pleno),FNT-000046
FAS-005400,PRC-005195,2023-05-03,recebimento_denuncia,INS-001525,Recebida denúncia (tribunal pleno),FNT-000046
FAS-005401,PRC-005195,2023-05-03,recebimento_denuncia,INS-001525,Recebida denúncia (tribunal pleno),FNT-000046
FAS-005402,PRC-005195,2023-05-03,recebimento_denuncia,INS-001525,Recebida denúncia (tribunal pleno),FNT-000046
FAS-005403,PRC-005195,2023-05-03,recebimento_denuncia,INS-001525,Recebida denúncia (tribunal pleno),FNT-000046
FAS-005404,PRC-005195,2023-05-03,recebimento_denuncia,INS-001525,Recebida denúncia (tribunal pleno),FNT-000046
FAS-005405,PRC-005195,2023-05-03,recebimento_denuncia,INS-001525,Recebida denúncia (tribunal pleno),FNT-000046
FAS-005406,PRC-005195,2023-05-03,recebimento_denuncia,INS-001525,Recebida denúncia (tribunal pleno),FNT-000046
FAS-005407,PRC-005195,2023-05-03,recebimento_denuncia,INS-001525,Recebida denúncia (tribunal pleno),FNT-000046
FAS-005408,PRC-005195,2023-05-03,recebimento_denuncia,INS-001525,Recebida denúncia (tribunal pleno),FNT-000046
FAS-005409,PRC-005195,2023-05-03,recebimento_denuncia,INS-001525,Recebida denúncia (tribunal pleno),FNT-000046
FAS-005410,PRC-005195,2023-05-03,recebimento_denuncia,INS-001525,Recebida denúncia (tribunal pleno),FNT-000046
FAS-005411,PRC-005195,2023-05-03,recebimento_denuncia,INS-001525,Recebida denúncia (tribunal pleno),FNT-000046
FAS-005412,PRC-005195,2023-05-03,recebimento_denuncia,INS-001525,Recebida denúncia (tribunal pleno),FNT-000046
FAS-005413,PRC-005195,2023-05-03,recebimento_denuncia,INS-001525,Recebida denúncia (tribunal pleno),FNT-000046
FAS-005414,PRC-005195,2023-05-03,recebimento_denuncia,INS-001525,Recebida denúncia (tribunal pleno),FNT-000046
FAS-005415,PRC-005195,2023-05-03,recebimento_denuncia,INS-001525,Recebida denúncia (tribunal pleno),FNT-000046
FAS-005416,PRC-005195,2023-05-03,recebimento_denuncia,INS-001525,Recebida denúncia (tribunal pleno),FNT-000046
FAS-005417,PRC-005195,2023-05-03,recebimento_denuncia,INS-001525,Recebida denúncia (tribunal pleno),FNT-000046
FAS-005418,PRC-005195,2023-05-03,recebimento_denuncia,INS-001525,Recebida denúncia (tribunal pleno),FNT-000046
FAS-005419,PRC-005195,2023-05-03,recebimento_denuncia,INS-001525,Recebida denúncia (tribunal pleno),FNT-000046
FAS-005420,PRC-005195,2023-05-03,recebimento_denuncia,INS-001525,Recebida denúncia (tribunal pleno),FNT-000046
FAS-005421,PRC-005195,2023-05-03,recebimento_denuncia,INS-001525,Recebida denúncia (tribunal pleno),FNT-000046
FAS-005422,PRC-005195,2023-05-03,recebimento_denuncia,INS-001525,Recebida denúncia (tribunal pleno),FNT-000046
FAS-005423,PRC-005195,2023-05-03,recebimento_denuncia,INS-001525,Recebida denúncia (tribunal pleno),FNT-000046
FAS-005424,PRC-005195,2023-05-03,recebimento_denuncia,INS-001525,Recebida denúncia (tribunal pleno),FNT-000046
FAS-005425,PRC-005195,2023-05-03,recebimento_denuncia,INS-001525,Recebida denúncia (tribunal pleno),FNT-000046
FAS-005426,PRC-005195,2023-05-03,recebimento_denuncia,INS-001525,Recebida denúncia (tribunal pleno),FNT-000046
FAS-005427,PRC-005195,2023-05-03,recebimento_denuncia,INS-001525,Recebida denúncia (tribunal pleno),FNT-000046
FAS-005428,PRC-005195,2023-05-03,recebimento_denuncia,INS-001525,Recebida denúncia (tribunal pleno),FNT-000046
FAS-005429,PRC-005195,2023-05-03,recebimento_denuncia,INS-001525,Recebida denúncia (tribunal pleno),FNT-000046
FAS-005430,PRC-005195,2023-05-03,recebimento_denuncia,INS-001525,Recebida denúncia (tribunal pleno),FNT-000046
FAS-005431,PRC-005195,2023-05-03,recebimento_denuncia,INS-001525,Recebida denúncia (tribunal pleno),FNT-000046
FAS-005432,PRC-005195,2023-05-03,recebimento_denuncia,INS-001525,Recebida denúncia (tribunal pleno),FNT-000046
FAS-005433,PRC-005195,2023-05-03,recebimento_denuncia,INS-001525,Recebida denúncia (tribunal pleno),FNT-000046
FAS-005434,PRC-005195,2023-05-03,recebimento_denuncia,INS-001525,Recebida denúncia (tribunal pleno),FNT-000046
FAS-005435,PRC-005195,2023-05-03,recebimento_denuncia,INS-001525,Recebida denúncia (tribunal pleno),FNT-000046
FAS-005436,PRC-005195,2023-05-03,recebimento_denuncia,INS-001525,Recebida denúncia (tribunal pleno),FNT-000046
FAS-005437,PRC-005195,2023-05-03,recebimento_denuncia,INS-001525,Recebida denúncia (tribunal pleno),FNT-000046
FAS-005438,PRC-005195,2023-05-03,recebimento_denuncia,INS-001525,Recebida denúncia (tribunal pleno),FNT-000046
FAS-005439,PRC-005195,2023-05-03,recebimento_denuncia,INS-001525,Recebida denúncia (tribunal pleno),FNT-000046
FAS-005440,PRC-005195,2023-05-03,recebimento_denuncia,INS-001525,Recebida denúncia (tribunal pleno),FNT-000046
FAS-005441,PRC-005195,2023-05-03,recebimento_denuncia,INS-001525,Recebida denúncia (tribunal pleno),FNT-000046
FAS-005442,PRC-005195,2023-05-03,recebimento_denuncia,INS-001525,Recebida denúncia (tribunal pleno),FNT-000046
FAS-005443,PRC-005195,2023-05-03,recebimento_denuncia,INS-001525,Recebida denúncia (tribunal pleno),FNT-000046
FAS-005444,PRC-005195,2023-05-03,recebimento_denuncia,INS-001525,Recebida denúncia (tribunal pleno),FNT-000046
FAS-005445,PRC-005195,2023-05-03,recebimento_denuncia,INS-001525,Recebida denúncia (tribunal pleno),FNT-000046
FAS-005446,PRC-005195,2023-05-03,recebimento_denuncia,INS-001525,Recebida denúncia (tribunal pleno),FNT-000046
FAS-005447,PRC-005195,2023-05-03,recebimento_denuncia,INS-001525,Recebida denúncia (tribunal pleno),FNT-000046
FAS-005448,PRC-005195,2023-05-03,recebimento_denuncia,INS-001525,Recebida denúncia (tribunal pleno),FNT-000046
FAS-005449,PRC-005195,2023-05-03,recebimento_denuncia,INS-001525,Recebida denúncia (tribunal pleno),FNT-000046
FAS-005450,PRC-005195,2023-05-03,recebimento_denuncia,INS-001525,Recebida denúncia (tribunal pleno),FNT-000046
FAS-005451,PRC-005195,2023-05-03,recebimento_denuncia,INS-001525,Recebida denúncia (tribunal pleno),FNT-000046
FAS-005452,PRC-005195,2023-05-03,recebimento_denuncia,INS-001525,Recebida denúncia (tribunal pleno),FNT-000046
FAS-005453,PRC-005195,2023-05-03,recebimento_denuncia,INS-001525,Recebida denúncia (tribunal pleno),FNT-000046
FAS-005454,PRC-005195,2023-05-03,recebimento_denuncia,INS-001525,Recebida denúncia (tribunal pleno),FNT-000046
FAS-005455,PRC-005195,2023-05-03,recebimento_denuncia,INS-001525,Recebida denúncia (tribunal pleno),FNT-000046
FAS-005456,PRC-005195,2023-05-03,recebimento_denuncia,INS-001525,Recebida denúncia (tribunal pleno),FNT-000046
FAS-005457,PRC-005195,2023-05-03,recebimento_denuncia,INS-001525,Recebida denúncia (tribunal pleno),FNT-000046
FAS-005458,PRC-005195,2023-05-03,recebimento_denuncia,INS-001525,Recebida denúncia (tribunal pleno),FNT-000046
FAS-005459,PRC-005195,2023-05-03,recebimento_denuncia,INS-001525,Recebida denúncia (tribunal pleno),FNT-000046
FAS-005460,PRC-005195,2023-05-03,recebimento_denuncia,INS-001525,Recebida denúncia (tribunal pleno),FNT-000046
FAS-005461,PRC-005195,2023-05-03,recebimento_denuncia,INS-001525,Recebida denúncia (tribunal pleno),FNT-000046
FAS-005462,PRC-005195,2023-05-03,recebimento_denuncia,INS-001525,Recebida denúncia (tribunal pleno),FNT-000046
FAS-005463,PRC-005195,2023-05-03,recebimento_denuncia,INS-001525,Recebida denúncia (tribunal pleno),FNT-000046
FAS-005464,PRC-005195,2023-05-03,recebimento_denuncia,INS-001525,Recebida denúncia (tribunal pleno),FNT-000046
FAS-005465,PRC-005195,2023-05-03,recebimento_denuncia,INS-001525,Recebida denúncia (tribunal pleno),FNT-000046
FAS-005466,PRC-005195,2023-05-03,recebimento_denuncia,INS-001525,Recebida denúncia (tribunal pleno),FNT-000046
FAS-005467,PRC-005195,2023-05-09,recebimento_denuncia,INS-001525,Recebida denúncia (tribunal pleno),FNT-000046
FAS-005468,PRC-005195,2023-05-09,recebimento_denuncia,INS-001525,Recebida denúncia (tribunal pleno),FNT-000046
FAS-005469,PRC-005195,2023-05-09,recebimento_denuncia,INS-001525,Recebida denúncia (tribunal pleno),FNT-000046
FAS-005470,PRC-005195,2023-05-09,recebimento_denuncia,INS-001525,Recebida denúncia (tribunal pleno),FNT-000046
FAS-005471,PRC-005195,2023-05-09,recebimento_denuncia,INS-001525,Recebida denúncia (tribunal pleno),FNT-000046
FAS-005472,PRC-005195,2023-05-09,recebimento_denuncia,INS-001525,Recebida denúncia (tribunal pleno),FNT-000046
FAS-005473,PRC-005195,2023-05-09,recebimento_denuncia,INS-001525,Recebida denúncia (tribunal pleno),FNT-000046
FAS-005474,PRC-005195,2023-05-09,recebimento_denuncia,INS-001525,Recebida denúncia (tribunal pleno),FNT-000046
FAS-005475,PRC-005195,2023-05-09,recebimento_denuncia,INS-001525,Recebida denúncia (tribunal pleno),FNT-000046
FAS-005476,PRC-005195,2023-05-09,recebimento_denuncia,INS-001525,Recebida denúncia (tribunal pleno),FNT-000046
FAS-005477,PRC-005195,2023-05-09,recebimento_denuncia,INS-001525,Recebida denúncia (tribunal pleno),FNT-000046
FAS-005478,PRC-005195,2023-05-09,recebimento_denuncia,INS-001525,Recebida denúncia (tribunal pleno),FNT-000046
FAS-005479,PRC-005195,2023-05-09,recebimento_denuncia,INS-001525,Recebida denúncia (tribunal pleno),FNT-000046
FAS-005480,PRC-005195,2023-05-09,recebimento_denuncia,INS-001525,Recebida denúncia (tribunal pleno),FNT-000046
FAS-005481,PRC-005195,2023-05-09,recebimento_denuncia,INS-001525,Recebida denúncia (tribunal pleno),FNT-000046
FAS-005482,PRC-005195,2023-05-09,recebimento_denuncia,INS-001525,Recebida denúncia (tribunal pleno),FNT-000046
FAS-005483,PRC-005195,2023-05-09,recebimento_denuncia,INS-001525,Recebida denúncia (tribunal pleno),FNT-000046
FAS-005484,PRC-005195,2023-05-09,recebimento_denuncia,INS-001525,Recebida denúncia (tribunal pleno),FNT-000046
FAS-005485,PRC-005195,2023-05-09,recebimento_denuncia,INS-001525,Recebida denúncia (tribunal pleno),FNT-000046
FAS-005486,PRC-005195,2023-05-09,recebimento_denuncia,INS-001525,Recebida denúncia (tribunal pleno),FNT-000046
FAS-005487,PRC-005195,2023-05-09,recebimento_denuncia,INS-001525,Recebida denúncia (tribunal pleno),FNT-000046
FAS-005488,PRC-005195,2023-05-09,recebimento_denuncia,INS-001525,Recebida denúncia (tribunal pleno),FNT-000046
FAS-005489,PRC-005195,2023-05-09,recebimento_denuncia,INS-001525,Recebida denúncia (tribunal pleno),FNT-000046
FAS-005490,PRC-005195,2023-05-09,recebimento_denuncia,INS-001525,Recebida denúncia (tribunal pleno),FNT-000046
FAS-005491,PRC-005195,2023-05-09,recebimento_denuncia,INS-001525,Recebida denúncia (tribunal pleno),FNT-000046
FAS-005492,PRC-005195,2023-05-09,recebimento_denuncia,INS-001525,Recebida denúncia (tribunal pleno),FNT-000046
FAS-005493,PRC-005195,2023-05-09,recebimento_denuncia,INS-001525,Recebida denúncia (tribunal pleno),FNT-000046
FAS-005494,PRC-005195,2023-05-09,recebimento_denuncia,INS-001525,Recebida denúncia (tribunal pleno),FNT-000046
FAS-005495,PRC-005195,2023-05-09,recebimento_denuncia,INS-001525,Recebida denúncia (tribunal pleno),FNT-000046
FAS-005496,PRC-005195,2023-05-09,recebimento_denuncia,INS-001525,Recebida denúncia (tribunal pleno),FNT-000046
FAS-005497,PRC-005195,2023-05-09,recebimento_denuncia,INS-001525,Recebida denúncia (tribunal pleno),FNT-000046
FAS-005498,PRC-005195,2023-05-09,recebimento_denuncia,INS-001525,Recebida denúncia (tribunal pleno),FNT-000046
FAS-005499,PRC-005195,2023-05-09,recebimento_denuncia,INS-001525,Recebida denúncia (tribunal pleno),FNT-000046
FAS-005500,PRC-005195,2023-05-09,recebimento_denuncia,INS-001525,Recebida denúncia (tribunal pleno),FNT-000046
FAS-005501,PRC-005195,2023-05-09,recebimento_denuncia,INS-001525,Recebida denúncia (tribunal pleno),FNT-000046
FAS-005502,PRC-005195,2023-05-09,recebimento_denuncia,INS-001525,Recebida denúncia (tribunal pleno),FNT-000046
FAS-005503,PRC-005195,2023-05-09,recebimento_denuncia,INS-001525,Recebida denúncia (tribunal pleno),FNT-000046
FAS-005504,PRC-005195,2023-05-09,recebimento_denuncia,INS-001525,Recebida denúncia (tribunal pleno),FNT-000046
FAS-005505,PRC-005195,2023-05-09,recebimento_denuncia,INS-001525,Recebida denúncia (tribunal pleno),FNT-000046
FAS-005506,PRC-005195,2023-05-09,recebimento_denuncia,INS-001525,Recebida denúncia (tribunal pleno),FNT-000046
FAS-005507,PRC-005195,2023-05-09,recebimento_denuncia,INS-001525,Recebida denúncia (tribunal pleno),FNT-000046
FAS-005508,PRC-005195,2023-05-09,recebimento_denuncia,INS-001525,Recebida denúncia (tribunal pleno),FNT-000046
FAS-005509,PRC-005195,2023-05-09,recebimento_denuncia,INS-001525,Recebida denúncia (tribunal pleno),FNT-000046
FAS-005510,PRC-005195,2023-05-09,recebimento_denuncia,INS-001525,Recebida denúncia (tribunal pleno),FNT-000046
FAS-005511,PRC-005195,2023-05-09,recebimento_denuncia,INS-001525,Recebida denúncia (tribunal pleno),FNT-000046
FAS-005512,PRC-005195,2023-05-09,recebimento_denuncia,INS-001525,Recebida denúncia (tribunal pleno),FNT-000046
FAS-005513,PRC-005195,2023-05-09,recebimento_denuncia,INS-001525,Recebida denúncia (tribunal pleno),FNT-000046
FAS-005514,PRC-005195,2023-05-09,recebimento_denuncia,INS-001525,Recebida denúncia (tribunal pleno),FNT-000046
FAS-005515,PRC-005195,2023-05-09,recebimento_denuncia,INS-001525,Recebida denúncia (tribunal pleno),FNT-000046
FAS-005516,PRC-005195,2023-05-16,recebimento_denuncia,INS-001525,Recebida denúncia (tribunal pleno),FNT-000046
FAS-005517,PRC-005195,2023-05-16,recebimento_denuncia,INS-001525,Recebida denúncia (tribunal pleno),FNT-000046
FAS-005518,PRC-005195,2023-05-16,recebimento_denuncia,INS-001525,Recebida denúncia (tribunal pleno),FNT-000046
FAS-005519,PRC-005195,2023-05-16,recebimento_denuncia,INS-001525,Recebida denúncia (tribunal pleno),FNT-000046
FAS-005520,PRC-005195,2023-05-16,recebimento_denuncia,INS-001525,Recebida denúncia (tribunal pleno),FNT-000046
FAS-005521,PRC-005195,2023-05-16,recebimento_denuncia,INS-001525,Recebida denúncia (tribunal pleno),FNT-000046
FAS-005522,PRC-005195,2023-05-16,recebimento_denuncia,INS-001525,Recebida denúncia (tribunal pleno),FNT-000046
FAS-005523,PRC-005195,2023-05-16,recebimento_denuncia,INS-001525,Recebida denúncia (tribunal pleno),FNT-000046
FAS-005524,PRC-005195,2023-05-16,recebimento_denuncia,INS-001525,Recebida denúncia (tribunal pleno),FNT-000046
FAS-005525,PRC-005195,2023-05-16,recebimento_denuncia,INS-001525,Recebida denúncia (tribunal pleno),FNT-000046
FAS-005526,PRC-005195,2023-05-16,recebimento_denuncia,INS-001525,Recebida denúncia (tribunal pleno),FNT-000046
FAS-005527,PRC-005195,2023-05-16,recebimento_denuncia,INS-001525,Recebida denúncia (tribunal pleno),FNT-000046
FAS-005528,PRC-005195,2023-05-16,recebimento_denuncia,INS-001525,Recebida denúncia (tribunal pleno),FNT-000046
FAS-005529,PRC-005195,2023-05-16,recebimento_denuncia,INS-001525,Recebida denúncia (tribunal pleno),FNT-000046
FAS-005530,PRC-005195,2023-05-16,recebimento_denuncia,INS-001525,Recebida denúncia (tribunal pleno),FNT-000046
FAS-005531,PRC-005195,2023-05-16,recebimento_denuncia,INS-001525,Recebida denúncia (tribunal pleno),FNT-000046
FAS-005532,PRC-005195,2023-05-16,recebimento_denuncia,INS-001525,Recebida denúncia (tribunal pleno),FNT-000046
FAS-005533,PRC-005195,2023-05-16,recebimento_denuncia,INS-001525,Recebida denúncia (tribunal pleno),FNT-000046
FAS-005534,PRC-005195,2023-05-16,recebimento_denuncia,INS-001525,Recebida denúncia (tribunal pleno),FNT-000046
FAS-005535,PRC-005195,2023-05-16,recebimento_denuncia,INS-001525,Recebida denúncia (tribunal pleno),FNT-000046
FAS-005536,PRC-005195,2023-05-16,recebimento_denuncia,INS-001525,Recebida denúncia (tribunal pleno),FNT-000046
FAS-005537,PRC-005195,2023-05-16,recebimento_denuncia,INS-001525,Recebida denúncia (tribunal pleno),FNT-000046
FAS-005538,PRC-005195,2023-05-16,recebimento_denuncia,INS-001525,Recebida denúncia (tribunal pleno),FNT-000046
FAS-005539,PRC-005195,2023-05-16,recebimento_denuncia,INS-001525,Recebida denúncia (tribunal pleno),FNT-000046
FAS-005540,PRC-005195,2023-05-16,recebimento_denuncia,INS-001525,Recebida denúncia (tribunal pleno),FNT-000046
FAS-005541,PRC-005195,2023-06-12,recebimento_denuncia,INS-001525,Recebida denúncia (tribunal pleno),FNT-000046
FAS-005542,PRC-005195,2023-06-12,recebimento_denuncia,INS-001525,Recebida denúncia (tribunal pleno),FNT-000046
FAS-005543,PRC-005195,2023-06-12,recebimento_denuncia,INS-001525,Recebida denúncia (tribunal pleno),FNT-000046
FAS-005544,PRC-005195,2023-06-12,recebimento_denuncia,INS-001525,Recebida denúncia (tribunal pleno),FNT-000046
FAS-005545,PRC-005195,2023-06-12,recebimento_denuncia,INS-001525,Recebida denúncia (tribunal pleno),FNT-000046
FAS-005546,PRC-005195,2023-06-12,recebimento_denuncia,INS-001525,Recebida denúncia (tribunal pleno),FNT-000046
FAS-005547,PRC-005195,2023-06-27,recebimento_denuncia,INS-001525,Recebida denúncia (tribunal pleno),FNT-000046
FAS-005548,PRC-005195,2023-08-21,recebimento_denuncia,INS-001525,Recebida denúncia (tribunal pleno),FNT-000046
FAS-005549,PRC-005195,2024-02-26,recebimento_denuncia,INS-001525,Recebida denúncia (tribunal pleno),FNT-000046
FAS-005550,PRC-005195,2024-02-26,recebimento_denuncia,INS-001525,Recebida denúncia (tribunal pleno),FNT-000046
FAS-005551,PRC-005197,2023-08-22,recebimento_denuncia,INS-001525,Recebida denúncia (tribunal pleno),FNT-000046
FAS-005552,PRC-005199,2026-08-05,arquivamento_inquerito,INS-001525,Determinado arquivamento (monocrática),FNT-000046
FAS-005553,PRC-005200,2023-05-04,declinio_competencia,INS-001525,Declinada a competência (monocrática),FNT-000046
FAS-005554,PRC-005200,2025-08-06,declinio_competencia,INS-001525,Declinada a competência (monocrática),FNT-000046
FAS-005555,PRC-005201,2024-06-20,arquivamento_inquerito,INS-001525,Determinado arquivamento (monocrática),FNT-000046
FAS-005556,PRC-005202,2026-03-05,arquivamento_inquerito,INS-001525,Determinado arquivamento (monocrática),FNT-000046
FAS-005557,PRC-005203,2024-12-02,extincao_punibilidade,INS-001525,Declarada a extinção da punibilidade (monocrática),FNT-000046
FAS-005558,PRC-005206,2024-04-01,declinio_competencia,INS-001525,Declinada a competência (monocrática),FNT-000046
FAS-005559,PRC-005209,2024-06-18,recebimento_denuncia,INS-001525,Recebida denúncia (1ª turma),FNT-000046
FAS-005560,PRC-005209,2026-06-25,arquivamento_inquerito,INS-001525,Determinado arquivamento (monocrática),FNT-000046
FAS-005561,PRC-005210,2026-03-10,arquivamento_inquerito,INS-001525,Determinado arquivamento (monocrática),FNT-000046
FAS-005562,PRC-005211,2024-10-16,extincao_punibilidade,INS-001525,Declarada a extinção da punibilidade (monocrática),FNT-000046
FAS-005563,PRC-005212,2024-04-26,declinio_competencia,INS-001525,Declinada a competência (monocrática),FNT-000046
FAS-005564,PRC-005214,2026-05-25,recebimento_denuncia,INS-001525,Recebida denúncia (1ª turma),FNT-000046
FAS-005565,PRC-005217,2026-04-28,recebimento_denuncia,INS-001525,Recebida denúncia (1ª turma),FNT-000046
FAS-005566,PRC-005219,2025-11-26,recebimento_denuncia,INS-001525,Recebida denúncia (1ª turma),FNT-000046
FAS-005567,PRC-005220,2026-02-18,arquivamento_inquerito,INS-001525,Determinado arquivamento (monocrática),FNT-000046
FAS-005568,PRC-007882,2004-05-13,arquivamento_inquerito,INS-001525,DECISÃO DO(A) RELATOR(A) - ARQUIVADO (monocrática),FNT-000231
FAS-005569,PRC-007893,2008-02-01,declinio_competencia,INS-001525,Declinada a competência (monocrática),FNT-000231
FAS-005570,PRC-007894,2004-03-01,arquivamento_inquerito,INS-001525,DECISÃO DO(A) RELATOR(A) - ARQUIVADO (monocrática),FNT-000231
FAS-005571,PRC-007895,2005-10-17,declinio_competencia,INS-001525,DECISÃO DO(A) RELATOR(A) - DECLINANDO DA COMPETÊNCIA (monocrática),FNT-000231
FAS-005572,PRC-007908,2005-03-31,arquivamento_inquerito,INS-001525,JULGAMENTO DO PLENO - ARQUIVADO (tribunal pleno),FNT-000231
FAS-005573,PRC-007918,2008-04-01,declinio_competencia,INS-001525,Declinada a competência (monocrática),FNT-000231
FAS-005574,PRC-007929,2008-09-26,extincao_punibilidade,INS-001525,Declarada a extinção da punibilidade (monocrática),FNT-000231
FAS-005575,PRC-007936,2008-10-23,extincao_punibilidade,INS-001525,Declarada a extinção da punibilidade (monocrática),FNT-000231
FAS-005576,PRC-007940,2005-10-11,declinio_competencia,INS-001525,DECISÃO DO(A) RELATOR(A) - DECLINANDO DA COMPETÊNCIA (monocrática),FNT-000231
FAS-005577,PRC-007944,2008-08-04,extincao_punibilidade,INS-001525,Declarada a extinção da punibilidade (monocrática),FNT-000231
FAS-005578,PRC-007954,2006-10-09,extincao_punibilidade,INS-001525,DECISÃO DO(A) RELATOR(A) - EXTINÇÃO DA PUNIBILIDADE (monocrática),FNT-000231
FAS-005579,PRC-007961,2008-04-03,declinio_competencia,INS-001525,Declinada a competência (monocrática),FNT-000231
FAS-005580,PRC-007987,2006-09-21,extincao_punibilidade,INS-001525,DECISÃO DO(A) RELATOR(A) - EXTINÇÃO DA PUNIBILIDADE (monocrática),FNT-000231
FAS-005581,PRC-008002,2008-08-06,arquivamento_inquerito,INS-001525,Determinado arquivamento (monocrática),FNT-000231
FAS-005582,PRC-008023,2007-03-14,declinio_competencia,INS-001525,DECISÃO DO(A) RELATOR(A) - DECLINANDO DA COMPETÊNCIA (monocrática),FNT-000231
FAS-005583,PRC-008028,2009-12-18,declinio_competencia,INS-001525,Declinada a competência (monocrática),FNT-000231
FAS-005584,PRC-008039,2008-02-20,extincao_punibilidade,INS-001525,Declarada a extinção da punibilidade (monocrática),FNT-000231
FAS-005585,PRC-008041,2009-06-16,extincao_punibilidade,INS-001525,Declarada a extinção da punibilidade (monocrática),FNT-000231
FAS-005586,PRC-008042,2009-06-09,arquivamento_inquerito,INS-001525,Determinado arquivamento (monocrática),FNT-000231
FAS-005587,PRC-008047,2009-08-28,recebimento_denuncia,INS-001525,Recebida denúncia em parte (tribunal pleno),FNT-000231
FAS-005588,PRC-008051,2010-03-04,arquivamento_inquerito,INS-001525,Determinado arquivamento (monocrática),FNT-000231
FAS-005589,PRC-008056,2008-06-12,arquivamento_inquerito,INS-001525,Determinado arquivamento (tribunal pleno),FNT-000231
FAS-005590,PRC-008060,2008-02-20,arquivamento_inquerito,INS-001525,Determinado arquivamento (monocrática),FNT-000231
FAS-005591,PRC-008063,2008-04-14,arquivamento_inquerito,INS-001525,Determinado arquivamento (tribunal pleno),FNT-000231
FAS-005592,PRC-008069,2008-05-07,arquivamento_inquerito,INS-001525,Determinado arquivamento (monocrática),FNT-000231
FAS-005593,PRC-008070,2008-09-23,arquivamento_inquerito,INS-001525,Determinado arquivamento (monocrática),FNT-000231
FAS-005594,PRC-008072,2008-12-23,declinio_competencia,INS-001525,Declinada a competência (monocrática),FNT-000231
FAS-005595,PRC-008083,2008-06-11,declinio_competencia,INS-001525,Declinada a competência (monocrática),FNT-000231
FAS-005596,PRC-008084,2008-11-06,arquivamento_inquerito,INS-001525,Determinado arquivamento (monocrática),FNT-000231
FAS-005597,PRC-008112,2008-06-26,declinio_competencia,INS-001525,Declinada a competência (monocrática),FNT-000231
FAS-005598,PRC-008113,2008-04-17,arquivamento_inquerito,INS-001525,Determinado arquivamento (monocrática),FNT-000231
FAS-005599,PRC-008119,2008-08-07,arquivamento_inquerito,INS-001525,Determinado arquivamento (monocrática),FNT-000231
FAS-005600,PRC-008121,2007-12-20,arquivamento_inquerito,INS-001525,Determinado arquivamento (monocrática),FNT-000231
FAS-005601,PRC-008123,2009-05-13,arquivamento_inquerito,INS-001525,Determinado arquivamento (monocrática),FNT-000231
FAS-005602,PRC-008126,2008-05-28,extincao_punibilidade,INS-001525,Declarada a extinção da punibilidade (monocrática),FNT-000231
FAS-005603,PRC-008128,2008-05-05,arquivamento_inquerito,INS-001525,Determinado arquivamento (monocrática),FNT-000231
FAS-005604,PRC-008129,2007-12-05,arquivamento_inquerito,INS-001525,Determinado arquivamento (monocrática),FNT-000231
FAS-005605,PRC-008132,2011-05-02,declinio_competencia,INS-001525,Declinada a competência (monocrática),FNT-000231
FAS-005606,PRC-008133,2008-10-23,arquivamento_inquerito,INS-001525,Determinado arquivamento (tribunal pleno),FNT-000231
FAS-005607,PRC-008134,2008-04-02,arquivamento_inquerito,INS-001525,Determinado arquivamento (monocrática),FNT-000231
FAS-005608,PRC-008135,2008-02-12,arquivamento_inquerito,INS-001525,Determinado arquivamento (monocrática),FNT-000231
FAS-005609,PRC-008136,2008-02-28,arquivamento_inquerito,INS-001525,Determinado arquivamento (monocrática),FNT-000231
FAS-005610,PRC-008141,2010-03-22,extincao_punibilidade,INS-001525,Declarada a extinção da punibilidade (monocrática),FNT-000231
FAS-005611,PRC-008142,2009-12-16,arquivamento_inquerito,INS-001525,Determinado arquivamento (monocrática),FNT-000231
FAS-005612,PRC-008143,2009-11-04,extincao_punibilidade,INS-001525,Declarada a extinção da punibilidade (monocrática),FNT-000231
FAS-005613,PRC-008145,2010-04-30,extincao_punibilidade,INS-001525,Declarada a extinção da punibilidade (monocrática),FNT-000231
FAS-005614,PRC-008146,2008-04-30,extincao_punibilidade,INS-001525,Declarada a extinção da punibilidade (monocrática),FNT-000231
FAS-005615,PRC-008153,2008-09-03,extincao_punibilidade,INS-001525,Declarada a extinção da punibilidade (monocrática),FNT-000231
FAS-005616,PRC-008154,2011-05-26,declinio_competencia,INS-001525,Declinada a competência (monocrática),FNT-000231
FAS-005617,PRC-008154,2013-08-15,extincao_punibilidade,INS-001525,Declarada a extinção da punibilidade (monocrática),FNT-000231
FAS-005618,PRC-008155,2009-02-16,arquivamento_inquerito,INS-001525,Determinado arquivamento (monocrática),FNT-000231
FAS-005619,PRC-008156,2011-06-07,extincao_punibilidade,INS-001525,Declarada a extinção da punibilidade (monocrática),FNT-000231
FAS-005620,PRC-008157,2008-05-30,declinio_competencia,INS-001525,Declinada a competência (monocrática),FNT-000231
FAS-005621,PRC-008158,2008-09-02,arquivamento_inquerito,INS-001525,Determinado arquivamento (monocrática),FNT-000231
FAS-005622,PRC-008159,2009-02-16,extincao_punibilidade,INS-001525,Declarada a extinção da punibilidade (monocrática),FNT-000231
FAS-005623,PRC-008160,2008-06-24,arquivamento_inquerito,INS-001525,Determinado arquivamento (monocrática),FNT-000231
FAS-005624,PRC-008161,2009-02-16,arquivamento_inquerito,INS-001525,Determinado arquivamento (monocrática),FNT-000231
FAS-005625,PRC-008162,2008-12-19,arquivamento_inquerito,INS-001525,Determinado arquivamento (monocrática),FNT-000231
FAS-005626,PRC-008163,2008-09-26,arquivamento_inquerito,INS-001525,Determinado arquivamento (monocrática),FNT-000231
FAS-005627,PRC-008164,2009-08-19,declinio_competencia,INS-001525,Declinada a competência (monocrática),FNT-000231
FAS-005628,PRC-008166,2009-07-30,arquivamento_inquerito,INS-001525,Determinado arquivamento (monocrática),FNT-000231
FAS-005629,PRC-008168,2008-08-01,declinio_competencia,INS-001525,Declinada a competência (monocrática),FNT-000231
FAS-005630,PRC-008169,2008-09-04,arquivamento_inquerito,INS-001525,Determinado arquivamento (monocrática),FNT-000231
FAS-005631,PRC-008170,2008-08-01,arquivamento_inquerito,INS-001525,Determinado arquivamento (monocrática),FNT-000231
FAS-005632,PRC-008171,2009-05-21,arquivamento_inquerito,INS-001525,Determinado arquivamento (monocrática),FNT-000231
FAS-005633,PRC-008172,2009-06-19,arquivamento_inquerito,INS-001525,Determinado arquivamento (monocrática),FNT-000231
FAS-005634,PRC-008178,2009-12-11,arquivamento_inquerito,INS-001525,Determinado arquivamento (monocrática),FNT-000231
FAS-005635,PRC-008179,2008-09-02,declinio_competencia,INS-001525,Declinada a competência (monocrática),FNT-000231
FAS-005636,PRC-008180,2008-09-04,arquivamento_inquerito,INS-001525,Determinado arquivamento (monocrática),FNT-000231
FAS-005637,PRC-008181,2012-10-10,declinio_competencia,INS-001525,Declinada a competência (monocrática),FNT-000231
FAS-005638,PRC-008182,2009-02-16,arquivamento_inquerito,INS-001525,Determinado arquivamento (monocrática),FNT-000231
FAS-005639,PRC-008184,2008-10-29,arquivamento_inquerito,INS-001525,Determinado arquivamento (monocrática),FNT-000231
FAS-005640,PRC-008185,2008-11-24,declinio_competencia,INS-001525,Declinada a competência (monocrática),FNT-000231
FAS-005641,PRC-008186,2008-09-19,declinio_competencia,INS-001525,Declinada a competência (monocrática),FNT-000231
FAS-005642,PRC-008187,2008-12-19,arquivamento_inquerito,INS-001525,Determinado arquivamento (tribunal pleno),FNT-000231
FAS-005643,PRC-008188,2008-11-21,arquivamento_inquerito,INS-001525,Determinado arquivamento (monocrática),FNT-000231
FAS-005644,PRC-008190,2009-01-02,arquivamento_inquerito,INS-001525,Determinado arquivamento (monocrática),FNT-000231
FAS-005645,PRC-008191,2008-12-22,declinio_competencia,INS-001525,Declinada a competência (monocrática),FNT-000231
FAS-005646,PRC-008192,2009-08-06,arquivamento_inquerito,INS-001525,Determinado arquivamento (monocrática),FNT-000231
FAS-005647,PRC-008193,2009-07-30,declinio_competencia,INS-001525,Declinada a competência (monocrática),FNT-000231
FAS-005648,PRC-008194,2009-02-13,arquivamento_inquerito,INS-001525,Determinado arquivamento (monocrática),FNT-000231
FAS-005649,PRC-008196,2008-12-16,arquivamento_inquerito,INS-001525,Determinado arquivamento (monocrática),FNT-000231
FAS-005650,PRC-008197,2009-08-19,arquivamento_inquerito,INS-001525,Determinado arquivamento (monocrática),FNT-000231
FAS-005651,PRC-008199,2009-04-28,arquivamento_inquerito,INS-001525,Determinado arquivamento (monocrática),FNT-000231
FAS-005652,PRC-008200,2009-03-04,arquivamento_inquerito,INS-001525,Determinado arquivamento (monocrática),FNT-000231
FAS-005653,PRC-008202,2009-02-06,arquivamento_inquerito,INS-001525,Determinado arquivamento (monocrática),FNT-000231
FAS-005654,PRC-008207,2009-10-02,declinio_competencia,INS-001525,Declinada a competência (monocrática),FNT-000231
FAS-005655,PRC-008209,2009-04-16,arquivamento_inquerito,INS-001525,Determinado arquivamento (monocrática),FNT-000231
FAS-005656,PRC-008210,2009-04-20,declinio_competencia,INS-001525,Declinada a competência (monocrática),FNT-000231
FAS-005657,PRC-008217,2009-08-12,extincao_punibilidade,INS-001525,Declarada a extinção da punibilidade (monocrática),FNT-000231
FAS-005658,PRC-008219,2009-04-29,arquivamento_inquerito,INS-001525,Determinado arquivamento (monocrática),FNT-000231
FAS-005659,PRC-008223,2011-02-15,declinio_competencia,INS-001525,Declinada a competência (monocrática),FNT-000231
FAS-005660,PRC-008224,2009-08-12,arquivamento_inquerito,INS-001525,Determinado arquivamento (monocrática),FNT-000231
FAS-005661,PRC-008225,2009-12-15,arquivamento_inquerito,INS-001525,Determinado arquivamento (monocrática),FNT-000231
FAS-005662,PRC-008226,2009-08-12,extincao_punibilidade,INS-001525,Declarada a extinção da punibilidade (monocrática),FNT-000231
FAS-005663,PRC-008227,2011-02-04,declinio_competencia,INS-001525,Declinada a competência (monocrática),FNT-000231
FAS-005664,PRC-008228,2009-07-02,arquivamento_inquerito,INS-001525,Determinado arquivamento (monocrática),FNT-000231
FAS-005665,PRC-008230,2012-06-12,declinio_competencia,INS-001525,Declinada a competência (monocrática),FNT-000231
FAS-005666,PRC-008232,2009-08-19,arquivamento_inquerito,INS-001525,Determinado arquivamento (monocrática),FNT-000231
FAS-005667,PRC-008233,2009-11-18,arquivamento_inquerito,INS-001525,Determinado arquivamento (monocrática),FNT-000231
FAS-005668,PRC-008234,2009-11-19,arquivamento_inquerito,INS-001525,Determinado arquivamento (monocrática),FNT-000231
FAS-005669,PRC-008236,2009-11-13,extincao_punibilidade,INS-001525,Declarada a extinção da punibilidade (monocrática),FNT-000231
FAS-005670,PRC-008239,2009-10-15,arquivamento_inquerito,INS-001525,Determinado arquivamento (monocrática),FNT-000231
FAS-005671,PRC-008240,2010-01-05,arquivamento_inquerito,INS-001525,Determinado arquivamento (monocrática),FNT-000231
FAS-005672,PRC-008241,2010-01-05,arquivamento_inquerito,INS-001525,Determinado arquivamento (monocrática),FNT-000231
FAS-005673,PRC-008242,2009-09-29,arquivamento_inquerito,INS-001525,Determinado arquivamento (monocrática),FNT-000231
FAS-005674,PRC-008243,2009-11-12,arquivamento_inquerito,INS-001525,Determinado arquivamento (monocrática),FNT-000231
FAS-005675,PRC-008244,2009-10-22,declinio_competencia,INS-001525,Declinada a competência (monocrática),FNT-000231
FAS-005676,PRC-008245,2009-12-17,arquivamento_inquerito,INS-001525,Determinado arquivamento (monocrática),FNT-000231
FAS-005677,PRC-008248,2009-11-13,arquivamento_inquerito,INS-001525,Determinado arquivamento (monocrática),FNT-000231
FAS-005678,PRC-008251,2010-02-05,declinio_competencia,INS-001525,Declinada a competência (monocrática),FNT-000231
FAS-005679,PRC-008253,2010-05-14,declinio_competencia,INS-001525,Declinada a competência (monocrática),FNT-000231
FAS-005680,PRC-008255,2010-05-17,declinio_competencia,INS-001525,Declinada a competência (monocrática),FNT-000231
FAS-005681,PRC-008258,2010-04-26,arquivamento_inquerito,INS-001525,Determinado arquivamento (monocrática),FNT-000231
FAS-005682,PRC-008260,2013-09-17,declinio_competencia,INS-001525,Declinada a competência (monocrática),FNT-000231
FAS-005683,PRC-008261,2013-05-17,declinio_competencia,INS-001525,Declinada a competência (monocrática),FNT-000231
FAS-005684,PRC-008262,2013-11-20,arquivamento_inquerito,INS-001525,Determinado arquivamento (monocrática),FNT-000231
FAS-005685,PRC-008271,2012-02-07,arquivamento_inquerito,INS-001525,Determinado arquivamento (monocrática),FNT-000231
FAS-005686,PRC-008275,2013-03-20,arquivamento_inquerito,INS-001525,Determinado arquivamento (monocrática),FNT-000231
FAS-005687,PRC-008277,2012-09-21,arquivamento_inquerito,INS-001525,Determinado arquivamento (monocrática),FNT-000231
FAS-005688,PRC-008279,2012-03-02,arquivamento_inquerito,INS-001525,Determinado arquivamento (monocrática),FNT-000231
FAS-005689,PRC-008280,2011-11-28,arquivamento_inquerito,INS-001525,Determinado arquivamento (monocrática),FNT-000231
FAS-005690,PRC-008281,2012-02-01,extincao_punibilidade,INS-001525,Declarada a extinção da punibilidade (monocrática),FNT-000231
FAS-005691,PRC-008282,2012-09-26,arquivamento_inquerito,INS-001525,Determinado arquivamento (monocrática),FNT-000231
FAS-005692,PRC-008283,2012-11-22,arquivamento_inquerito,INS-001525,Determinado arquivamento (monocrática),FNT-000231
FAS-005693,PRC-008284,2011-12-20,arquivamento_inquerito,INS-001525,Determinado arquivamento (monocrática),FNT-000231
FAS-005694,PRC-008293,2015-06-23,arquivamento_inquerito,INS-001525,Determinado arquivamento (1ª turma),FNT-000231
FAS-005695,PRC-008295,2013-08-30,arquivamento_inquerito,INS-001525,Determinado arquivamento (monocrática),FNT-000231
FAS-005696,PRC-008296,2013-03-20,arquivamento_inquerito,INS-001525,Determinado arquivamento (monocrática),FNT-000231
FAS-005697,PRC-008297,2014-05-28,declinio_competencia,INS-001525,Declinada a competência (monocrática),FNT-000231
FAS-005698,PRC-008298,2013-11-11,declinio_competencia,INS-001525,Declinada a competência (monocrática),FNT-000231
FAS-005699,PRC-008300,2015-02-03,declinio_competencia,INS-001525,Declinada a competência (monocrática),FNT-000231
FAS-005700,PRC-008301,2013-05-16,arquivamento_inquerito,INS-001525,Determinado arquivamento (monocrática),FNT-000231
FAS-005701,PRC-008303,2013-02-27,arquivamento_inquerito,INS-001525,Determinado arquivamento (monocrática),FNT-000231
FAS-005702,PRC-008303,2013-03-07,arquivamento_inquerito,INS-001525,Determinado arquivamento (monocrática),FNT-000231
FAS-005703,PRC-008305,2013-05-06,arquivamento_inquerito,INS-001525,Determinado arquivamento (monocrática),FNT-000231
FAS-005704,PRC-008307,2023-09-21,declinio_competencia,INS-001525,Declinada a competência (monocrática),FNT-000231
FAS-005705,PRC-008308,2013-10-22,arquivamento_inquerito,INS-001525,Determinado arquivamento (monocrática),FNT-000231
FAS-005706,PRC-008309,2021-02-26,declinio_competencia,INS-001525,Declinada a competência (monocrática),FNT-000231
FAS-005707,PRC-008310,2013-12-03,arquivamento_inquerito,INS-001525,Determinado arquivamento (monocrática),FNT-000231
FAS-005708,PRC-008312,2013-12-03,arquivamento_inquerito,INS-001525,Determinado arquivamento (monocrática),FNT-000231
FAS-005709,PRC-008316,2013-09-05,arquivamento_inquerito,INS-001525,Determinado arquivamento (monocrática),FNT-000231
FAS-005710,PRC-008317,2013-08-06,arquivamento_inquerito,INS-001525,Determinado arquivamento (monocrática),FNT-000231
FAS-005711,PRC-008320,2015-10-15,declinio_competencia,INS-001525,Declinada a competência (monocrática),FNT-000231
FAS-005712,PRC-008320,2015-11-11,declinio_competencia,INS-001525,Declinada a competência (monocrática),FNT-000231
FAS-005713,PRC-008322,2013-09-17,arquivamento_inquerito,INS-001525,Determinado arquivamento (monocrática),FNT-000231
FAS-005714,PRC-008326,2023-10-18,declinio_competencia,INS-001525,Declinada a competência (monocrática),FNT-000231
FAS-005715,PRC-008330,2013-10-15,arquivamento_inquerito,INS-001525,Determinado arquivamento (monocrática),FNT-000231
FAS-005716,PRC-008332,2014-04-22,arquivamento_inquerito,INS-001525,Determinado arquivamento (monocrática),FNT-000231
FAS-005717,PRC-008337,2014-02-17,arquivamento_inquerito,INS-001525,Determinado arquivamento (monocrática),FNT-000231
FAS-005718,PRC-008338,2014-05-28,arquivamento_inquerito,INS-001525,Determinado arquivamento (monocrática),FNT-000231
FAS-005719,PRC-008339,2014-02-04,arquivamento_inquerito,INS-001525,Determinado arquivamento (monocrática),FNT-000231
FAS-005720,PRC-008348,2016-05-24,arquivamento_inquerito,INS-001525,Determinado arquivamento (monocrática),FNT-000231
FAS-005721,PRC-008349,2016-05-24,arquivamento_inquerito,INS-001525,Determinado arquivamento (monocrática),FNT-000231
FAS-005722,PRC-008350,2015-08-04,declinio_competencia,INS-001525,Declinada a competência (monocrática),FNT-000231
FAS-005723,PRC-008354,2014-04-25,arquivamento_inquerito,INS-001525,Determinado arquivamento (monocrática),FNT-000231
FAS-005724,PRC-008357,2022-04-22,extincao_punibilidade,INS-001525,Declarada a extinção da punibilidade (monocrática),FNT-000231
FAS-005725,PRC-008360,2017-05-08,extincao_punibilidade,INS-001525,Declarada a extinção da punibilidade (monocrática),FNT-000231
FAS-005726,PRC-008361,2014-05-02,declinio_competencia,INS-001525,Declinada a competência (monocrática),FNT-000231
FAS-005727,PRC-008364,2014-05-22,arquivamento_inquerito,INS-001525,Determinado arquivamento (monocrática),FNT-000231
FAS-005728,PRC-008365,2014-05-19,arquivamento_inquerito,INS-001525,Determinado arquivamento (monocrática),FNT-000231
FAS-005729,PRC-008374,2014-09-10,arquivamento_inquerito,INS-001525,Determinado arquivamento (monocrática),FNT-000231
FAS-005730,PRC-008376,2015-02-12,declinio_competencia,INS-001525,Declinada a competência (monocrática),FNT-000231
FAS-005731,PRC-008377,2015-02-09,arquivamento_inquerito,INS-001525,Determinado arquivamento (monocrática),FNT-000231
FAS-005732,PRC-008378,2021-02-25,declinio_competencia,INS-001525,Declinada a competência (monocrática),FNT-000231
FAS-005733,PRC-008380,2015-05-18,arquivamento_inquerito,INS-001525,Determinado arquivamento (monocrática),FNT-000231
FAS-005734,PRC-008381,2014-10-22,arquivamento_inquerito,INS-001525,Determinado arquivamento (monocrática),FNT-000231
FAS-005735,PRC-008382,2014-12-19,arquivamento_inquerito,INS-001525,Determinado arquivamento (monocrática),FNT-000231
FAS-005736,PRC-008384,2015-02-20,declinio_competencia,INS-001525,Declinada a competência (monocrática),FNT-000231
FAS-005737,PRC-008385,2015-03-09,arquivamento_inquerito,INS-001525,Determinado arquivamento (monocrática),FNT-000231
FAS-005738,PRC-008386,2015-04-07,arquivamento_inquerito,INS-001525,Determinado arquivamento (monocrática),FNT-000231
FAS-005739,PRC-008387,2016-08-23,arquivamento_inquerito,INS-001525,Determinado arquivamento (monocrática),FNT-000231
FAS-005740,PRC-008390,2014-11-21,arquivamento_inquerito,INS-001525,Determinado arquivamento (monocrática),FNT-000231
FAS-005741,PRC-008391,2015-08-24,arquivamento_inquerito,INS-001525,Determinado arquivamento (monocrática),FNT-000231
FAS-005742,PRC-008392,2015-08-24,arquivamento_inquerito,INS-001525,Determinado arquivamento (monocrática),FNT-000231
FAS-005743,PRC-008393,2015-09-14,declinio_competencia,INS-001525,Declinada a competência (monocrática),FNT-000231
FAS-005744,PRC-008395,2017-09-08,extincao_punibilidade,INS-001525,Declarada a extinção da punibilidade (monocrática),FNT-000231
FAS-005745,PRC-008397,2015-05-14,arquivamento_inquerito,INS-001525,Determinado arquivamento (monocrática),FNT-000231
FAS-005746,PRC-008398,2015-05-07,arquivamento_inquerito,INS-001525,Determinado arquivamento (monocrática),FNT-000231
FAS-005747,PRC-008400,2015-03-09,arquivamento_inquerito,INS-001525,Determinado arquivamento (monocrática),FNT-000231
FAS-005748,PRC-008400,2021-12-15,arquivamento_inquerito,INS-001525,Determinado arquivamento (monocrática),FNT-000231
FAS-005749,PRC-008401,2015-03-09,arquivamento_inquerito,INS-001525,Determinado arquivamento (monocrática),FNT-000231
FAS-005750,PRC-008402,2015-03-18,declinio_competencia,INS-001525,Declinada a competência (monocrática),FNT-000231
FAS-005751,PRC-008403,2015-05-08,arquivamento_inquerito,INS-001525,Determinado arquivamento (monocrática),FNT-000231
FAS-005752,PRC-008404,2015-05-29,arquivamento_inquerito,INS-001525,Determinado arquivamento (monocrática),FNT-000231
FAS-005753,PRC-008405,2015-05-27,arquivamento_inquerito,INS-001525,Determinado arquivamento (monocrática),FNT-000231
FAS-005754,PRC-008406,2015-03-09,arquivamento_inquerito,INS-001525,Determinado arquivamento (monocrática),FNT-000231
FAS-005755,PRC-008407,2015-03-09,arquivamento_inquerito,INS-001525,Determinado arquivamento (monocrática),FNT-000231
FAS-005756,PRC-008408,2015-03-09,declinio_competencia,INS-001525,Declinada a competência (monocrática),FNT-000231
FAS-005757,PRC-008409,2015-03-09,arquivamento_inquerito,INS-001525,Determinado arquivamento (monocrática),FNT-000231
FAS-005758,PRC-008410,2015-03-09,arquivamento_inquerito,INS-001525,Determinado arquivamento (monocrática),FNT-000231
FAS-005759,PRC-008411,2015-03-09,declinio_competencia,INS-001525,Declinada a competência (monocrática),FNT-000231
FAS-005760,PRC-008412,2015-03-09,arquivamento_inquerito,INS-001525,Determinado arquivamento (monocrática),FNT-000231
FAS-005761,PRC-008413,2015-03-09,declinio_competencia,INS-001525,Declinada a competência (monocrática),FNT-000231
FAS-005762,PRC-008414,2015-03-09,arquivamento_inquerito,INS-001525,Determinado arquivamento (monocrática),FNT-000231
FAS-005763,PRC-008418,2015-03-23,declinio_competencia,INS-001525,Declinada a competência (monocrática),FNT-000231
FAS-005764,PRC-008419,2015-03-31,declinio_competencia,INS-001525,Declinada a competência (monocrática),FNT-000231
FAS-005765,PRC-008422,2015-03-23,declinio_competencia,INS-001525,Declinada a competência (monocrática),FNT-000231
FAS-005766,PRC-008422,2015-04-30,arquivamento_inquerito,INS-001525,Determinado arquivamento (monocrática),FNT-000231
FAS-005767,PRC-008423,2016-04-27,declinio_competencia,INS-001525,Declinada a competência (monocrática),FNT-000231
FAS-005768,PRC-008424,2015-03-09,declinio_competencia,INS-001525,Declinada a competência (monocrática),FNT-000231
FAS-005769,PRC-008427,2015-03-23,declinio_competencia,INS-001525,Declinada a competência (monocrática),FNT-000231
FAS-005770,PRC-008427,2015-04-30,declinio_competencia,INS-001525,Declinada a competência (monocrática),FNT-000231
FAS-005771,PRC-008428,2016-12-19,extincao_punibilidade,INS-001525,Declarada a extinção da punibilidade (monocrática),FNT-000231
FAS-005772,PRC-008433,2017-03-23,arquivamento_inquerito,INS-001525,Determinado arquivamento (monocrática),FNT-000231
FAS-005773,PRC-008436,2015-05-14,arquivamento_inquerito,INS-001525,Determinado arquivamento (monocrática),FNT-000231
FAS-005774,PRC-008437,2016-03-01,arquivamento_inquerito,INS-001525,Determinado arquivamento (monocrática),FNT-000231
FAS-005775,PRC-008438,2016-03-03,arquivamento_inquerito,INS-001525,Determinado arquivamento (monocrática),FNT-000231
FAS-005776,PRC-008442,2016-11-30,arquivamento_inquerito,INS-001525,Determinado arquivamento (monocrática),FNT-000231
FAS-005777,PRC-008444,2016-09-13,arquivamento_inquerito,INS-001525,Determinado arquivamento (monocrática),FNT-000231
FAS-005778,PRC-008448,2016-02-24,arquivamento_inquerito,INS-001525,Determinado arquivamento (monocrática),FNT-000231
FAS-005779,PRC-008449,2015-06-30,arquivamento_inquerito,INS-001525,Determinado arquivamento (monocrática),FNT-000231
FAS-005780,PRC-008451,2015-11-26,arquivamento_inquerito,INS-001525,Determinado arquivamento (monocrática),FNT-000231
FAS-005781,PRC-008453,2015-08-07,arquivamento_inquerito,INS-001525,Determinado arquivamento (monocrática),FNT-000231
FAS-005782,PRC-008459,2015-08-13,arquivamento_inquerito,INS-001525,Determinado arquivamento (monocrática),FNT-000231
FAS-005783,PRC-008462,2015-08-04,extincao_punibilidade,INS-001525,Declarada a extinção da punibilidade (monocrática),FNT-000231
FAS-005784,PRC-008463,2020-09-02,arquivamento_inquerito,INS-001525,Determinado arquivamento (monocrática),FNT-000231
FAS-005785,PRC-008466,2016-05-11,declinio_competencia,INS-001525,Declinada a competência (monocrática),FNT-000231
FAS-005786,PRC-008467,2015-07-15,declinio_competencia,INS-001525,Declinada a competência (monocrática),FNT-000231
FAS-005787,PRC-008469,2016-03-22,arquivamento_inquerito,INS-001525,Determinado arquivamento (monocrática),FNT-000231
FAS-005788,PRC-008473,2016-03-03,arquivamento_inquerito,INS-001525,Determinado arquivamento (monocrática),FNT-000231
FAS-005789,PRC-008478,2017-08-29,arquivamento_inquerito,INS-001525,Determinado arquivamento (1ª turma),FNT-000231
FAS-005790,PRC-008493,2017-04-10,arquivamento_inquerito,INS-001525,Determinado arquivamento (monocrática),FNT-000231
FAS-005791,PRC-008495,2016-03-11,arquivamento_inquerito,INS-001525,Determinado arquivamento (monocrática),FNT-000231
FAS-005792,PRC-008496,2016-02-02,arquivamento_inquerito,INS-001525,Determinado arquivamento (monocrática),FNT-000231
FAS-005793,PRC-008501,2015-09-28,declinio_competencia,INS-001525,Declinada a competência (monocrática),FNT-000231
FAS-005794,PRC-008505,2020-03-26,arquivamento_inquerito,INS-001525,Determinado arquivamento (monocrática),FNT-000231
FAS-005795,PRC-008511,2015-09-28,declinio_competencia,INS-001525,Declinada a competência (monocrática),FNT-000231
FAS-005796,PRC-008513,2015-09-08,arquivamento_inquerito,INS-001525,Determinado arquivamento (monocrática),FNT-000231
FAS-005797,PRC-008514,2016-04-13,arquivamento_inquerito,INS-001525,Determinado arquivamento (monocrática),FNT-000231
FAS-005798,PRC-008515,2016-02-02,arquivamento_inquerito,INS-001525,Determinado arquivamento (monocrática),FNT-000231
FAS-005799,PRC-008517,2016-08-04,declinio_competencia,INS-001525,Declinada a competência (monocrática),FNT-000231
FAS-005800,PRC-008519,2016-10-06,arquivamento_inquerito,INS-001525,Determinado arquivamento (monocrática),FNT-000231
FAS-005801,PRC-008522,2016-02-22,arquivamento_inquerito,INS-001525,Determinado arquivamento (monocrática),FNT-000231
FAS-005802,PRC-008526,2015-12-11,arquivamento_inquerito,INS-001525,Determinado arquivamento (monocrática),FNT-000231
FAS-005803,PRC-008527,2016-02-15,arquivamento_inquerito,INS-001525,Determinado arquivamento (monocrática),FNT-000231
FAS-005804,PRC-008539,2016-04-07,arquivamento_inquerito,INS-001525,Determinado arquivamento (monocrática),FNT-000231
FAS-005805,PRC-008542,2016-03-29,arquivamento_inquerito,INS-001525,Determinado arquivamento (monocrática),FNT-000231
FAS-005806,PRC-008543,2016-03-31,arquivamento_inquerito,INS-001525,Determinado arquivamento (monocrática),FNT-000231
FAS-005807,PRC-008547,2016-06-09,arquivamento_inquerito,INS-001525,Determinado arquivamento (monocrática),FNT-000231
FAS-005808,PRC-008547,2017-12-19,arquivamento_inquerito,INS-001525,Determinado arquivamento (monocrática),FNT-000231
FAS-005809,PRC-008548,2015-12-14,arquivamento_inquerito,INS-001525,Determinado arquivamento (monocrática),FNT-000231
FAS-005810,PRC-008557,2016-03-10,arquivamento_inquerito,INS-001525,Determinado arquivamento (monocrática),FNT-000231
FAS-005811,PRC-008561,2016-05-06,arquivamento_inquerito,INS-001525,Determinado arquivamento (monocrática),FNT-000231
FAS-005812,PRC-008563,2016-05-10,arquivamento_inquerito,INS-001525,Determinado arquivamento (monocrática),FNT-000231
FAS-005813,PRC-008564,2016-05-10,arquivamento_inquerito,INS-001525,Determinado arquivamento (monocrática),FNT-000231
FAS-005814,PRC-008567,2016-03-04,arquivamento_inquerito,INS-001525,Determinado arquivamento (monocrática),FNT-000231
FAS-005815,PRC-008569,2016-04-28,arquivamento_inquerito,INS-001525,Determinado arquivamento (monocrática),FNT-000231
FAS-005816,PRC-008574,2016-05-13,arquivamento_inquerito,INS-001525,Determinado arquivamento (monocrática),FNT-000231
FAS-005817,PRC-008578,2016-08-30,arquivamento_inquerito,INS-001525,Determinado arquivamento (monocrática),FNT-000231
FAS-005818,PRC-008579,2016-08-30,arquivamento_inquerito,INS-001525,Determinado arquivamento (monocrática),FNT-000231
FAS-005819,PRC-008591,2016-05-12,arquivamento_inquerito,INS-001525,Determinado arquivamento (monocrática),FNT-000231
FAS-005820,PRC-008592,2016-05-10,arquivamento_inquerito,INS-001525,Determinado arquivamento (monocrática),FNT-000231
FAS-005821,PRC-008593,2016-06-17,arquivamento_inquerito,INS-001525,Determinado arquivamento (monocrática),FNT-000231
FAS-005822,PRC-008595,2016-05-19,declinio_competencia,INS-001525,Declinada a competência (monocrática),FNT-000231
FAS-005823,PRC-008605,2016-04-25,arquivamento_inquerito,INS-001525,Determinado arquivamento (monocrática),FNT-000231
FAS-005824,PRC-008606,2016-04-25,arquivamento_inquerito,INS-001525,Determinado arquivamento (monocrática),FNT-000231
FAS-005825,PRC-008607,2016-04-25,arquivamento_inquerito,INS-001525,Determinado arquivamento (monocrática),FNT-000231
FAS-005826,PRC-008608,2016-04-25,arquivamento_inquerito,INS-001525,Determinado arquivamento (monocrática),FNT-000231
FAS-005827,PRC-008609,2016-10-21,arquivamento_inquerito,INS-001525,Determinado arquivamento (monocrática),FNT-000231
FAS-005828,PRC-008610,2016-05-19,arquivamento_inquerito,INS-001525,Determinado arquivamento (monocrática),FNT-000231
FAS-005829,PRC-008612,2017-02-16,extincao_punibilidade,INS-001525,Declarada a extinção da punibilidade (monocrática),FNT-000231
FAS-005830,PRC-008613,2016-04-25,arquivamento_inquerito,INS-001525,Determinado arquivamento (monocrática),FNT-000231
FAS-005831,PRC-008614,2016-04-25,arquivamento_inquerito,INS-001525,Determinado arquivamento (monocrática),FNT-000231
FAS-005832,PRC-008622,2016-08-02,declinio_competencia,INS-001525,Declinada a competência (monocrática),FNT-000231
FAS-005833,PRC-008624,2016-05-04,declinio_competencia,INS-001525,Declinada a competência (monocrática),FNT-000231
FAS-005834,PRC-008625,2016-05-04,declinio_competencia,INS-001525,Declinada a competência (monocrática),FNT-000231
FAS-005835,PRC-008626,2016-08-09,arquivamento_inquerito,INS-001525,Determinado arquivamento (monocrática),FNT-000231
FAS-005836,PRC-008628,2016-05-04,arquivamento_inquerito,INS-001525,Determinado arquivamento (monocrática),FNT-000231
FAS-005837,PRC-008629,2017-09-25,arquivamento_inquerito,INS-001525,Determinado arquivamento (monocrática),FNT-000231
FAS-005838,PRC-008631,2016-11-16,arquivamento_inquerito,INS-001525,Determinado arquivamento (monocrática),FNT-000231
FAS-005839,PRC-008633,2016-06-01,declinio_competencia,INS-001525,Declinada a competência (monocrática),FNT-000231
FAS-005840,PRC-008648,2016-07-01,arquivamento_inquerito,INS-001525,Determinado arquivamento (monocrática),FNT-000231
FAS-005841,PRC-008651,2017-02-13,arquivamento_inquerito,INS-001525,Determinado arquivamento (monocrática),FNT-000231
FAS-005842,PRC-008654,2018-04-02,arquivamento_inquerito,INS-001525,Determinado arquivamento (monocrática),FNT-000231
FAS-005843,PRC-008662,2016-09-16,declinio_competencia,INS-001525,Declinada a competência (monocrática),FNT-000231
FAS-005844,PRC-008668,2016-09-08,arquivamento_inquerito,INS-001525,Determinado arquivamento (monocrática),FNT-000231
FAS-005845,PRC-008669,2017-09-05,arquivamento_inquerito,INS-001525,Determinado arquivamento (monocrática),FNT-000231
FAS-005846,PRC-008671,2017-09-05,arquivamento_inquerito,INS-001525,Determinado arquivamento (monocrática),FNT-000231
FAS-005847,PRC-008678,2016-11-17,arquivamento_inquerito,INS-001525,Determinado arquivamento (monocrática),FNT-000231
FAS-005848,PRC-008679,2017-04-10,arquivamento_inquerito,INS-001525,Determinado arquivamento (monocrática),FNT-000231
FAS-005849,PRC-008680,2016-09-13,arquivamento_inquerito,INS-001525,Determinado arquivamento (monocrática),FNT-000231
FAS-005850,PRC-008681,2017-03-30,arquivamento_inquerito,INS-001525,Determinado arquivamento (monocrática),FNT-000231
FAS-005851,PRC-008683,2016-12-19,arquivamento_inquerito,INS-001525,Determinado arquivamento (monocrática),FNT-000231
FAS-005852,PRC-008686,2017-07-26,arquivamento_inquerito,INS-001525,Determinado arquivamento (monocrática),FNT-000231
FAS-005853,PRC-008688,2017-02-02,declinio_competencia,INS-001525,Declinada a competência (monocrática),FNT-000231
FAS-005854,PRC-008690,2020-09-14,declinio_competencia,INS-001525,Declinada a competência (monocrática),FNT-000231
FAS-005855,PRC-008691,2016-09-29,arquivamento_inquerito,INS-001525,Determinado arquivamento (monocrática),FNT-000231
FAS-005856,PRC-008696,2017-03-15,arquivamento_inquerito,INS-001525,Determinado arquivamento (monocrática),FNT-000231
FAS-005857,PRC-008704,2017-10-18,arquivamento_inquerito,INS-001525,Determinado arquivamento (monocrática),FNT-000231
FAS-005858,PRC-008706,2018-06-08,declinio_competencia,INS-001525,Declinada a competência (monocrática),FNT-000231
FAS-005859,PRC-008708,2017-06-30,extincao_punibilidade,INS-001525,Declarada a extinção da punibilidade (monocrática),FNT-000231
FAS-005860,PRC-008712,2017-05-16,arquivamento_inquerito,INS-001525,Determinado arquivamento (monocrática),FNT-000231
FAS-005861,PRC-008716,2018-08-30,arquivamento_inquerito,INS-001525,Determinado arquivamento (monocrática),FNT-000231
FAS-005862,PRC-008717,2017-04-27,arquivamento_inquerito,INS-001525,Determinado arquivamento (monocrática),FNT-000231
FAS-005863,PRC-008746,2024-05-10,arquivamento_inquerito,INS-001525,Determinado arquivamento (monocrática),FNT-000231
FAS-005864,PRC-008748,2025-05-29,arquivamento_inquerito,INS-001525,Determinado arquivamento (monocrática),FNT-000231
FAS-005865,PRC-008751,2024-11-14,arquivamento_inquerito,INS-001525,Determinado arquivamento (monocrática),FNT-000231
FAS-005866,PRC-008758,2024-08-05,arquivamento_inquerito,INS-001525,Determinado arquivamento (monocrática),FNT-000231
FAS-005867,PRC-008761,2024-11-14,arquivamento_inquerito,INS-001525,Determinado arquivamento (monocrática),FNT-000231
FAS-005868,PRC-008764,2025-01-09,arquivamento_inquerito,INS-001525,Determinado arquivamento (monocrática),FNT-000231
FAS-005869,PRC-008766,2025-04-09,arquivamento_inquerito,INS-001525,Determinado arquivamento (monocrática),FNT-000231
FAS-005870,PRC-008769,2017-04-20,arquivamento_inquerito,INS-001525,Determinado arquivamento (monocrática),FNT-000231
FAS-005871,PRC-008773,2017-03-29,arquivamento_inquerito,INS-001525,Determinado arquivamento (monocrática),FNT-000231
FAS-005872,PRC-008776,2017-05-31,arquivamento_inquerito,INS-001525,Determinado arquivamento (monocrática),FNT-000231
FAS-005873,PRC-008814,2017-08-08,arquivamento_inquerito,INS-001525,Determinado arquivamento (monocrática),FNT-000231
FAS-005874,PRC-008817,2018-02-14,arquivamento_inquerito,INS-001525,Determinado arquivamento (monocrática),FNT-000231
FAS-005875,PRC-008854,2017-11-29,declinio_competencia,INS-001525,Declinada a competência (monocrática),FNT-000231
FAS-005876,PRC-008885,2017-04-11,arquivamento_inquerito,INS-001525,Determinado arquivamento (monocrática),FNT-000231
FAS-005877,PRC-008886,2017-04-11,arquivamento_inquerito,INS-001525,Determinado arquivamento (monocrática),FNT-000231
FAS-005878,PRC-008888,2021-04-30,arquivamento_inquerito,INS-001525,Determinado arquivamento (monocrática),FNT-000231
FAS-005879,PRC-008892,2017-04-11,arquivamento_inquerito,INS-001525,Determinado arquivamento (monocrática),FNT-000231
FAS-005880,PRC-008893,2017-04-11,arquivamento_inquerito,INS-001525,Determinado arquivamento (monocrática),FNT-000231
FAS-005881,PRC-008895,2017-04-11,arquivamento_inquerito,INS-001525,Determinado arquivamento (monocrática),FNT-000231
FAS-005882,PRC-008896,2017-04-11,arquivamento_inquerito,INS-001525,Determinado arquivamento (monocrática),FNT-000231
FAS-005883,PRC-008939,2018-02-14,arquivamento_inquerito,INS-001525,Determinado arquivamento (monocrática),FNT-000231
FAS-005884,PRC-008949,2021-05-03,arquivamento_inquerito,INS-001525,Determinado arquivamento (monocrática),FNT-000231
FAS-005885,PRC-008950,2019-08-02,arquivamento_inquerito,INS-001525,Determinado arquivamento (monocrática),FNT-000231
FAS-005886,PRC-008956,2017-04-11,arquivamento_inquerito,INS-001525,Determinado arquivamento (monocrática),FNT-000231
FAS-005887,PRC-008964,2017-09-22,arquivamento_inquerito,INS-001525,Determinado arquivamento (monocrática),FNT-000231
FAS-005888,PRC-008970,2022-09-19,arquivamento_inquerito,INS-001525,Determinado arquivamento (monocrática),FNT-000231
FAS-005889,PRC-008984,2018-09-12,arquivamento_inquerito,INS-001525,Determinado arquivamento (monocrática),FNT-000231
FAS-005890,PRC-009004,2017-06-30,arquivamento_inquerito,INS-001525,Determinado arquivamento (monocrática),FNT-000231
FAS-005891,PRC-009006,2017-09-05,arquivamento_inquerito,INS-001525,Determinado arquivamento (monocrática),FNT-000231
FAS-005892,PRC-009009,2017-06-08,arquivamento_inquerito,INS-001525,Determinado arquivamento (monocrática),FNT-000231
FAS-005893,PRC-009011,2017-06-28,arquivamento_inquerito,INS-001525,Determinado arquivamento (monocrática),FNT-000231
FAS-005894,PRC-009012,2018-02-07,declinio_competencia,INS-001525,Declinada a competência (monocrática),FNT-000231
FAS-005895,PRC-009014,2017-06-05,arquivamento_inquerito,INS-001525,Determinado arquivamento (monocrática),FNT-000231
FAS-005896,PRC-009015,2017-06-05,arquivamento_inquerito,INS-001525,Determinado arquivamento (monocrática),FNT-000231
FAS-005897,PRC-009027,2018-08-01,arquivamento_inquerito,INS-001525,Determinado arquivamento (monocrática),FNT-000231
FAS-005898,PRC-009030,2017-06-29,arquivamento_inquerito,INS-001525,Determinado arquivamento (monocrática),FNT-000231
FAS-005899,PRC-009033,2017-09-05,arquivamento_inquerito,INS-001525,Determinado arquivamento (monocrática),FNT-000231
FAS-005900,PRC-009038,2017-12-11,arquivamento_inquerito,INS-001525,Determinado arquivamento (monocrática),FNT-000231
FAS-005901,PRC-009045,2017-06-28,arquivamento_inquerito,INS-001525,Determinado arquivamento (monocrática),FNT-000231
FAS-005902,PRC-009046,2018-05-30,declinio_competencia,INS-001525,Declinada a competência (monocrática),FNT-000231
FAS-005903,PRC-009047,2018-03-08,arquivamento_inquerito,INS-001525,Determinado arquivamento (monocrática),FNT-000231
FAS-005904,PRC-009049,2018-03-01,declinio_competencia,INS-001525,Declinada a competência (monocrática),FNT-000231
FAS-005905,PRC-009050,2018-09-10,arquivamento_inquerito,INS-001525,Determinado arquivamento (monocrática),FNT-000231
FAS-005906,PRC-009051,2019-02-13,declinio_competencia,INS-001525,Declinada a competência (monocrática),FNT-000231
FAS-005907,PRC-009056,2018-02-08,arquivamento_inquerito,INS-001525,Determinado arquivamento (monocrática),FNT-000231
FAS-005908,PRC-009066,2021-05-31,declinio_competencia,INS-001525,Declinada a competência (monocrática),FNT-000231
FAS-005909,PRC-009067,2023-09-20,declinio_competencia,INS-001525,Declinada a competência (monocrática),FNT-000231
FAS-005910,PRC-009077,2023-09-05,arquivamento_inquerito,INS-001525,Determinado arquivamento (monocrática),FNT-000231
FAS-005911,PRC-009081,2018-09-06,arquivamento_inquerito,INS-001525,Determinado arquivamento (monocrática),FNT-000231
FAS-005912,PRC-009085,2019-03-01,declinio_competencia,INS-001525,Declinada a competência (monocrática),FNT-000231
FAS-005913,PRC-009087,2019-04-03,declinio_competencia,INS-001525,Declinada a competência (monocrática),FNT-000231
FAS-005914,PRC-009090,2017-08-28,arquivamento_inquerito,INS-001525,Determinado arquivamento (monocrática),FNT-000231
FAS-005915,PRC-009105,2019-02-27,declinio_competencia,INS-001525,Declinada a competência (monocrática),FNT-000231
FAS-005916,PRC-009106,2017-08-16,arquivamento_inquerito,INS-001525,Determinado arquivamento (monocrática),FNT-000231
FAS-005917,PRC-009107,2018-02-21,arquivamento_inquerito,INS-001525,Determinado arquivamento (monocrática),FNT-000231
FAS-005918,PRC-009109,2017-12-05,arquivamento_inquerito,INS-001525,Determinado arquivamento (monocrática),FNT-000231
FAS-005919,PRC-009112,2017-11-24,declinio_competencia,INS-001525,Declinada a competência (monocrática),FNT-000231
FAS-005920,PRC-009119,2019-06-28,declinio_competencia,INS-001525,Declinada a competência (monocrática),FNT-000231
FAS-005921,PRC-009121,2017-12-12,arquivamento_inquerito,INS-001525,Determinado arquivamento (monocrática),FNT-000231
FAS-005922,PRC-009126,2017-12-12,arquivamento_inquerito,INS-001525,Determinado arquivamento (monocrática),FNT-000231
FAS-005923,PRC-009139,2018-05-14,declinio_competencia,INS-001525,Declinada a competência (monocrática),FNT-000231
FAS-005924,PRC-009141,2018-05-14,declinio_competencia,INS-001525,Declinada a competência (monocrática),FNT-000231
FAS-005925,PRC-009148,2018-02-06,declinio_competencia,INS-001525,Declinada a competência (monocrática),FNT-000231
FAS-005926,PRC-009153,2023-11-20,arquivamento_inquerito,INS-001525,Determinado arquivamento (monocrática),FNT-000231
FAS-005927,PRC-009154,2022-12-01,arquivamento_inquerito,INS-001525,Determinado arquivamento (monocrática),FNT-000231
FAS-005928,PRC-009161,2018-04-11,arquivamento_inquerito,INS-001525,Determinado arquivamento (monocrática),FNT-000231
FAS-005929,PRC-009162,2018-08-28,arquivamento_inquerito,INS-001525,Determinado arquivamento (monocrática),FNT-000231
FAS-005930,PRC-009164,2020-05-06,declinio_competencia,INS-001525,Declinada a competência (monocrática),FNT-000231
FAS-005931,PRC-009180,2018-04-23,extincao_punibilidade,INS-001525,Declarada a extinção da punibilidade (monocrática),FNT-000231
FAS-005932,PRC-009183,2018-02-09,arquivamento_inquerito,INS-001525,Determinado arquivamento (monocrática),FNT-000231
FAS-005933,PRC-009188,2018-08-09,arquivamento_inquerito,INS-001525,Determinado arquivamento (monocrática),FNT-000231
FAS-005934,PRC-009204,2018-05-23,declinio_competencia,INS-001525,Declinada a competência (monocrática),FNT-000231
FAS-005935,PRC-009207,2018-11-30,extincao_punibilidade,INS-001525,Declarada a extinção da punibilidade (monocrática),FNT-000231
FAS-005936,PRC-009207,2019-04-12,declinio_competencia,INS-001525,Declinada a competência (monocrática),FNT-000231
FAS-005937,PRC-009207,2019-05-21,declinio_competencia,INS-001525,Declinada a competência (monocrática),FNT-000231
FAS-005938,PRC-009212,2019-05-28,declinio_competencia,INS-001525,Declinada a competência (monocrática),FNT-000231
FAS-005939,PRC-009212,2019-08-27,arquivamento_inquerito,INS-001525,Determinado arquivamento (monocrática),FNT-000231
FAS-005940,PRC-009216,2018-08-01,arquivamento_inquerito,INS-001525,Determinado arquivamento (monocrática),FNT-000231
FAS-005941,PRC-009219,2018-08-01,declinio_competencia,INS-001525,Declinada a competência (monocrática),FNT-000231
FAS-005942,PRC-009220,2018-05-29,declinio_competencia,INS-001525,Declinada a competência (monocrática),FNT-000231
FAS-005943,PRC-009227,2018-06-22,declinio_competencia,INS-001525,Declinada a competência (monocrática),FNT-000231
FAS-005944,PRC-009228,2018-08-28,arquivamento_inquerito,INS-001525,Determinado arquivamento (monocrática),FNT-000231
FAS-005945,PRC-009229,2018-08-02,declinio_competencia,INS-001525,Declinada a competência (monocrática),FNT-000231
FAS-005946,PRC-009230,2018-08-15,arquivamento_inquerito,INS-001525,Determinado arquivamento (monocrática),FNT-000231
FAS-005947,PRC-009233,2019-03-28,declinio_competencia,INS-001525,Declinada a competência (monocrática),FNT-000231
FAS-005948,PRC-009245,2020-05-06,declinio_competencia,INS-001525,Declinada a competência (monocrática),FNT-000231
FAS-005949,PRC-009247,2018-09-04,declinio_competencia,INS-001525,Declinada a competência (monocrática),FNT-000231
FAS-005950,PRC-009248,2018-05-02,declinio_competencia,INS-001525,Declinada a competência (monocrática),FNT-000231
FAS-005951,PRC-009253,2018-11-16,extincao_punibilidade,INS-001525,Declarada a extinção da punibilidade (monocrática),FNT-000231
FAS-005952,PRC-009256,2023-09-27,declinio_competencia,INS-001525,Declinada a competência (monocrática),FNT-000231
FAS-005953,PRC-009265,2018-05-29,declinio_competencia,INS-001525,Declinada a competência (monocrática),FNT-000231
FAS-005954,PRC-009266,2018-06-07,declinio_competencia,INS-001525,Declinada a competência (monocrática),FNT-000231
FAS-005955,PRC-009280,2019-03-15,declinio_competencia,INS-001525,Declinada a competência (monocrática),FNT-000231
FAS-005956,PRC-009291,2018-09-03,declinio_competencia,INS-001525,Declinada a competência (monocrática),FNT-000231
FAS-005957,PRC-009294,2019-05-03,declinio_competencia,INS-001525,Declinada a competência (monocrática),FNT-000231
FAS-005958,PRC-009297,2019-04-11,declinio_competencia,INS-001525,Declinada a competência (monocrática),FNT-000231
FAS-005959,PRC-009299,2019-04-29,declinio_competencia,INS-001525,Declinada a competência (monocrática),FNT-000231
FAS-005960,PRC-009302,2019-10-03,declinio_competencia,INS-001525,Declinada a competência (monocrática),FNT-000231
FAS-005961,PRC-009303,2019-02-04,arquivamento_inquerito,INS-001525,Determinado arquivamento (monocrática),FNT-000231
FAS-005962,PRC-009303,2019-02-14,extincao_punibilidade,INS-001525,Declarada a extinção da punibilidade (monocrática),FNT-000231
FAS-005963,PRC-009303,2019-02-26,extincao_punibilidade,INS-001525,Declarada a extinção da punibilidade (monocrática),FNT-000231
FAS-005964,PRC-009304,2019-04-04,declinio_competencia,INS-001525,Declinada a competência (monocrática),FNT-000231
FAS-005965,PRC-009305,2018-10-25,declinio_competencia,INS-001525,Declinada a competência (monocrática),FNT-000231
FAS-005966,PRC-009306,2019-02-05,arquivamento_inquerito,INS-001525,Determinado arquivamento (monocrática),FNT-000231
FAS-005967,PRC-009307,2019-09-09,declinio_competencia,INS-001525,Declinada a competência (monocrática),FNT-000231
FAS-005968,PRC-009324,2020-05-06,declinio_competencia,INS-001525,Declinada a competência (monocrática),FNT-000231
FAS-005969,PRC-009325,2019-02-08,declinio_competencia,INS-001525,Declinada a competência (monocrática),FNT-000231
FAS-005970,PRC-009328,2019-02-15,arquivamento_inquerito,INS-001525,Determinado arquivamento (monocrática),FNT-000231
FAS-005971,PRC-009330,2018-11-12,declinio_competencia,INS-001525,Declinada a competência (monocrática),FNT-000231
FAS-005972,PRC-009335,2018-10-03,declinio_competencia,INS-001525,Declinada a competência (monocrática),FNT-000231
FAS-005973,PRC-009337,2021-03-17,arquivamento_inquerito,INS-001525,Determinado arquivamento (monocrática),FNT-000231
FAS-005974,PRC-009342,2020-08-12,arquivamento_inquerito,INS-001525,Determinado arquivamento (monocrática),FNT-000231
FAS-005975,PRC-009343,2019-03-18,arquivamento_inquerito,INS-001525,Determinado arquivamento (monocrática),FNT-000231
FAS-005976,PRC-009344,2019-03-18,arquivamento_inquerito,INS-001525,Determinado arquivamento (monocrática),FNT-000231
FAS-005977,PRC-009345,2019-03-18,arquivamento_inquerito,INS-001525,Determinado arquivamento (monocrática),FNT-000231
FAS-005978,PRC-009346,2019-03-18,arquivamento_inquerito,INS-001525,Determinado arquivamento (monocrática),FNT-000231
FAS-005979,PRC-009348,2019-03-18,arquivamento_inquerito,INS-001525,Determinado arquivamento (monocrática),FNT-000231
FAS-005980,PRC-009349,2019-03-18,arquivamento_inquerito,INS-001525,Determinado arquivamento (monocrática),FNT-000231
FAS-005981,PRC-009351,2019-11-25,arquivamento_inquerito,INS-001525,Determinado arquivamento (monocrática),FNT-000231
FAS-005982,PRC-009359,2019-08-02,arquivamento_inquerito,INS-001525,Determinado arquivamento (monocrática),FNT-000231
FAS-005983,PRC-009360,2019-02-26,declinio_competencia,INS-001525,Declinada a competência (monocrática),FNT-000231
FAS-005984,PRC-009373,2020-02-21,arquivamento_inquerito,INS-001525,Determinado arquivamento (monocrática),FNT-000231
FAS-005985,PRC-009374,2024-07-16,arquivamento_inquerito,INS-001525,Determinado arquivamento (monocrática),FNT-000231
FAS-005986,PRC-009376,2019-03-22,declinio_competencia,INS-001525,Declinada a competência (monocrática),FNT-000231
FAS-005987,PRC-009382,2019-03-01,declinio_competencia,INS-001525,Declinada a competência (monocrática),FNT-000231
FAS-005988,PRC-009383,2021-08-10,arquivamento_inquerito,INS-001525,Determinado arquivamento (monocrática),FNT-000231
FAS-005989,PRC-009384,2019-02-13,arquivamento_inquerito,INS-001525,Determinado arquivamento (monocrática),FNT-000231
FAS-005990,PRC-009385,2019-03-11,arquivamento_inquerito,INS-001525,Determinado arquivamento (monocrática),FNT-000231
FAS-005991,PRC-009388,2019-02-22,declinio_competencia,INS-001525,Declinada a competência (monocrática),FNT-000231
FAS-005992,PRC-009389,2019-03-25,declinio_competencia,INS-001525,Declinada a competência (monocrática),FNT-000231
FAS-005993,PRC-009396,2019-05-24,declinio_competencia,INS-001525,Declinada a competência (monocrática),FNT-000231
FAS-005994,PRC-009398,2020-02-18,arquivamento_inquerito,INS-001525,Determinado arquivamento (monocrática),FNT-000231
FAS-005995,PRC-009401,2020-10-05,declinio_competencia,INS-001525,Declinada a competência (monocrática),FNT-000231
FAS-005996,PRC-009404,2019-03-12,arquivamento_inquerito,INS-001525,Determinado arquivamento (monocrática),FNT-000231
FAS-005997,PRC-009408,2020-11-27,declinio_competencia,INS-001525,Declinada a competência (monocrática),FNT-000231
FAS-005998,PRC-009410,2019-03-29,declinio_competencia,INS-001525,Declinada a competência (monocrática),FNT-000231
FAS-005999,PRC-009411,2019-04-15,declinio_competencia,INS-001525,Declinada a competência (monocrática),FNT-000231
FAS-006000,PRC-009425,2025-01-07,arquivamento_inquerito,INS-001525,Determinado arquivamento (monocrática),FNT-000231
FAS-006001,PRC-009431,2019-05-30,declinio_competencia,INS-001525,Declinada a competência (monocrática),FNT-000231
FAS-006002,PRC-009434,2021-04-30,arquivamento_inquerito,INS-001525,Determinado arquivamento (monocrática),FNT-000231
FAS-006003,PRC-009437,2019-08-21,declinio_competencia,INS-001525,Declinada a competência (monocrática),FNT-000231
FAS-006004,PRC-009439,2019-08-07,declinio_competencia,INS-001525,Declinada a competência (monocrática),FNT-000231
FAS-006005,PRC-009440,2025-03-14,arquivamento_inquerito,INS-001525,Determinado arquivamento (monocrática),FNT-000231
FAS-006006,PRC-009444,2019-08-15,declinio_competencia,INS-001525,Declinada a competência (monocrática),FNT-000231
FAS-006007,PRC-009452,2022-03-16,arquivamento_inquerito,INS-001525,Determinado arquivamento (monocrática),FNT-000231
FAS-006008,PRC-009468,2019-12-18,arquivamento_inquerito,INS-001525,Determinado arquivamento (monocrática),FNT-000231
FAS-006009,PRC-009469,2019-12-18,arquivamento_inquerito,INS-001525,Determinado arquivamento (monocrática),FNT-000231
FAS-006010,PRC-009471,2020-03-27,declinio_competencia,INS-001525,Declinada a competência (monocrática),FNT-000231
FAS-006011,PRC-009478,2019-08-16,arquivamento_inquerito,INS-001525,Determinado arquivamento (monocrática),FNT-000231
FAS-006012,PRC-009484,2019-08-15,declinio_competencia,INS-001525,Declinada a competência (monocrática),FNT-000231
FAS-006013,PRC-009485,2019-09-17,arquivamento_inquerito,INS-001525,Determinado arquivamento (monocrática),FNT-000231
FAS-006014,PRC-009495,2019-10-28,arquivamento_inquerito,INS-001525,Determinado arquivamento (monocrática),FNT-000231
FAS-006015,PRC-009496,2023-02-08,declinio_competencia,INS-001525,Declinada a competência (monocrática),FNT-000231
FAS-006016,PRC-009497,2019-10-16,arquivamento_inquerito,INS-001525,Determinado arquivamento (monocrática),FNT-000231
FAS-006017,PRC-009504,2020-06-03,arquivamento_inquerito,INS-001525,Determinado arquivamento (monocrática),FNT-000231
FAS-006018,PRC-009508,2019-11-27,arquivamento_inquerito,INS-001525,Determinado arquivamento (monocrática),FNT-000231
FAS-006019,PRC-009509,2019-12-10,arquivamento_inquerito,INS-001525,Determinado arquivamento (monocrática),FNT-000231
FAS-006020,PRC-009510,2019-11-27,arquivamento_inquerito,INS-001525,Determinado arquivamento (monocrática),FNT-000231
FAS-006021,PRC-009514,2024-11-18,extincao_punibilidade,INS-001525,Declarada a extinção da punibilidade (monocrática),FNT-000231
FAS-006022,PRC-009518,2022-12-14,extincao_punibilidade,INS-001525,Declarada a extinção da punibilidade (monocrática),FNT-000231
FAS-006023,PRC-009520,2019-12-12,arquivamento_inquerito,INS-001525,Determinado arquivamento (monocrática),FNT-000231
FAS-006024,PRC-009534,2020-11-19,arquivamento_inquerito,INS-001525,Determinado arquivamento (monocrática),FNT-000231
FAS-006025,PRC-009537,2019-12-17,arquivamento_inquerito,INS-001525,Determinado arquivamento (monocrática),FNT-000231
FAS-006026,PRC-009539,2021-03-18,arquivamento_inquerito,INS-001525,Determinado arquivamento (monocrática),FNT-000231
FAS-006027,PRC-009542,2019-12-17,arquivamento_inquerito,INS-001525,Determinado arquivamento (monocrática),FNT-000231
FAS-006028,PRC-009544,2020-02-03,arquivamento_inquerito,INS-001525,Determinado arquivamento (monocrática),FNT-000231
FAS-006029,PRC-009550,2020-05-19,arquivamento_inquerito,INS-001525,Determinado arquivamento (monocrática),FNT-000231
FAS-006030,PRC-009565,2021-04-30,arquivamento_inquerito,INS-001525,Determinado arquivamento (monocrática),FNT-000231
FAS-006031,PRC-009570,2020-02-14,arquivamento_inquerito,INS-001525,Determinado arquivamento (monocrática),FNT-000231
FAS-006032,PRC-009576,2020-02-07,extincao_punibilidade,INS-001525,Declarada a extinção da punibilidade (monocrática),FNT-000231
FAS-006033,PRC-009579,2020-03-05,arquivamento_inquerito,INS-001525,Determinado arquivamento (monocrática),FNT-000231
FAS-006034,PRC-009580,2022-08-05,declinio_competencia,INS-001525,Declinada a competência (monocrática),FNT-000231
FAS-006035,PRC-009585,2020-03-11,arquivamento_inquerito,INS-001525,Determinado arquivamento (monocrática),FNT-000231
FAS-006036,PRC-009586,2020-04-22,arquivamento_inquerito,INS-001525,Determinado arquivamento (monocrática),FNT-000231
FAS-006037,PRC-009594,2021-03-05,arquivamento_inquerito,INS-001525,Determinado arquivamento (monocrática),FNT-000231
FAS-006038,PRC-009595,2020-04-30,arquivamento_inquerito,INS-001525,Determinado arquivamento (monocrática),FNT-000231
FAS-006039,PRC-009598,2023-11-10,extincao_punibilidade,INS-001525,Declarada a extinção da punibilidade (monocrática),FNT-000231
FAS-006040,PRC-009602,2020-06-29,arquivamento_inquerito,INS-001525,Determinado arquivamento (monocrática),FNT-000231
FAS-006041,PRC-009602,2021-02-02,arquivamento_inquerito,INS-001525,Determinado arquivamento (monocrática),FNT-000231
FAS-006042,PRC-009605,2020-12-17,arquivamento_inquerito,INS-001525,Determinado arquivamento (monocrática),FNT-000231
FAS-006043,PRC-009606,2020-04-08,arquivamento_inquerito,INS-001525,Determinado arquivamento (monocrática),FNT-000231
FAS-006044,PRC-009609,2020-04-15,arquivamento_inquerito,INS-001525,Determinado arquivamento (monocrática),FNT-000231
FAS-006045,PRC-009610,2020-04-15,arquivamento_inquerito,INS-001525,Determinado arquivamento (monocrática),FNT-000231
FAS-006046,PRC-009611,2020-04-13,arquivamento_inquerito,INS-001525,Determinado arquivamento (monocrática),FNT-000231
FAS-006047,PRC-009612,2020-04-13,arquivamento_inquerito,INS-001525,Determinado arquivamento (monocrática),FNT-000231
FAS-006048,PRC-009616,2024-09-13,arquivamento_inquerito,INS-001525,Determinado arquivamento (monocrática),FNT-000231
FAS-006049,PRC-009618,2023-06-28,arquivamento_inquerito,INS-001525,Determinado arquivamento (monocrática),FNT-000231
FAS-006050,PRC-009626,2020-04-28,arquivamento_inquerito,INS-001525,Determinado arquivamento (monocrática),FNT-000231
FAS-006051,PRC-009632,2021-04-12,arquivamento_inquerito,INS-001525,Determinado arquivamento (monocrática),FNT-000231
FAS-006052,PRC-009649,2020-05-29,arquivamento_inquerito,INS-001525,Determinado arquivamento (monocrática),FNT-000231
FAS-006053,PRC-009650,2020-06-29,arquivamento_inquerito,INS-001525,Determinado arquivamento (monocrática),FNT-000231
FAS-006054,PRC-009651,2020-06-19,arquivamento_inquerito,INS-001525,Determinado arquivamento (monocrática),FNT-000231
FAS-006055,PRC-009653,2021-04-14,declinio_competencia,INS-001525,Declinada a competência (monocrática),FNT-000231
FAS-006056,PRC-009654,2021-04-29,arquivamento_inquerito,INS-001525,Determinado arquivamento (monocrática),FNT-000231
FAS-006057,PRC-009659,2020-06-05,arquivamento_inquerito,INS-001525,Determinado arquivamento (monocrática),FNT-000231
FAS-006058,PRC-009660,2020-06-19,arquivamento_inquerito,INS-001525,Determinado arquivamento (monocrática),FNT-000231
FAS-006059,PRC-009662,2020-12-09,arquivamento_inquerito,INS-001525,Determinado arquivamento (monocrática),FNT-000231
FAS-006060,PRC-009663,2021-03-26,arquivamento_inquerito,INS-001525,Determinado arquivamento (monocrática),FNT-000231
FAS-006061,PRC-009669,2020-12-09,arquivamento_inquerito,INS-001525,Determinado arquivamento (monocrática),FNT-000231
FAS-006062,PRC-009671,2021-07-14,arquivamento_inquerito,INS-001525,Determinado arquivamento (monocrática),FNT-000231
FAS-006063,PRC-009672,2020-08-28,declinio_competencia,INS-001525,Declinada a competência (monocrática),FNT-000231
FAS-006064,PRC-009684,2020-06-09,arquivamento_inquerito,INS-001525,Determinado arquivamento (monocrática),FNT-000231
FAS-006065,PRC-009686,2020-06-26,declinio_competencia,INS-001525,Declinada a competência (monocrática),FNT-000231
FAS-006066,PRC-009689,2020-11-06,arquivamento_inquerito,INS-001525,Determinado arquivamento (monocrática),FNT-000231
FAS-006067,PRC-009699,2021-03-15,arquivamento_inquerito,INS-001525,Determinado arquivamento (monocrática),FNT-000231
FAS-006068,PRC-009700,2021-04-29,declinio_competencia,INS-001525,Declinada a competência (monocrática),FNT-000231
FAS-006069,PRC-009701,2021-03-23,arquivamento_inquerito,INS-001525,Determinado arquivamento (monocrática),FNT-000231
FAS-006070,PRC-009705,2020-06-18,arquivamento_inquerito,INS-001525,Determinado arquivamento (monocrática),FNT-000231
FAS-006071,PRC-009706,2020-06-30,arquivamento_inquerito,INS-001525,Determinado arquivamento (monocrática),FNT-000231
FAS-006072,PRC-009709,2020-08-06,arquivamento_inquerito,INS-001525,Determinado arquivamento (monocrática),FNT-000231
FAS-006073,PRC-009710,2020-11-13,declinio_competencia,INS-001525,Declinada a competência (monocrática),FNT-000231
FAS-006074,PRC-009711,2021-03-17,declinio_competencia,INS-001525,Declinada a competência (monocrática),FNT-000231
FAS-006075,PRC-009717,2020-07-21,declinio_competencia,INS-001525,Declinada a competência (monocrática),FNT-000231
FAS-006076,PRC-009721,2021-02-17,declinio_competencia,INS-001525,Declinada a competência (monocrática),FNT-000231
FAS-006077,PRC-009724,2020-12-04,arquivamento_inquerito,INS-001525,Determinado arquivamento (monocrática),FNT-000231
FAS-006078,PRC-009726,2021-05-28,arquivamento_inquerito,INS-001525,Determinado arquivamento (monocrática),FNT-000231
FAS-006079,PRC-009729,2020-07-16,arquivamento_inquerito,INS-001525,Determinado arquivamento (monocrática),FNT-000231
FAS-006080,PRC-009735,2020-09-21,declinio_competencia,INS-001525,Declinada a competência (monocrática),FNT-000231
FAS-006081,PRC-009736,2021-04-29,arquivamento_inquerito,INS-001525,Determinado arquivamento (monocrática),FNT-000231
FAS-006082,PRC-009739,2020-10-07,arquivamento_inquerito,INS-001525,Determinado arquivamento (monocrática),FNT-000231
FAS-006083,PRC-009739,2021-07-21,declinio_competencia,INS-001525,Declinada a competência (monocrática),FNT-000231
FAS-006084,PRC-009744,2021-07-29,arquivamento_inquerito,INS-001525,Determinado arquivamento (monocrática),FNT-000231
FAS-006085,PRC-009748,2021-02-18,arquivamento_inquerito,INS-001525,Determinado arquivamento (monocrática),FNT-000231
FAS-006086,PRC-009749,2024-03-14,arquivamento_inquerito,INS-001525,Determinado arquivamento (monocrática),FNT-000231
FAS-006087,PRC-009751,2021-04-13,arquivamento_inquerito,INS-001525,Determinado arquivamento (monocrática),FNT-000231
FAS-006088,PRC-009754,2023-06-29,recebimento_denuncia,INS-001525,Recebida denúncia (tribunal pleno),FNT-000231
FAS-006089,PRC-009761,2020-07-21,arquivamento_inquerito,INS-001525,Determinado arquivamento (monocrática),FNT-000231
FAS-006090,PRC-009762,2020-11-06,arquivamento_inquerito,INS-001525,Determinado arquivamento (monocrática),FNT-000231
FAS-006091,PRC-009763,2021-01-22,arquivamento_inquerito,INS-001525,Determinado arquivamento (monocrática),FNT-000231
FAS-006092,PRC-009766,2021-03-16,arquivamento_inquerito,INS-001525,Determinado arquivamento (monocrática),FNT-000231
FAS-006093,PRC-009767,2020-08-19,declinio_competencia,INS-001525,Declinada a competência (monocrática),FNT-000231
FAS-006094,PRC-009769,2020-08-10,arquivamento_inquerito,INS-001525,Determinado arquivamento (monocrática),FNT-000231
FAS-006095,PRC-009775,2021-05-13,arquivamento_inquerito,INS-001525,Determinado arquivamento (monocrática),FNT-000231
FAS-006096,PRC-009776,2020-12-17,arquivamento_inquerito,INS-001525,Determinado arquivamento (monocrática),FNT-000231
FAS-006097,PRC-009778,2021-03-17,declinio_competencia,INS-001525,Declinada a competência (monocrática),FNT-000231
FAS-006098,PRC-009794,2021-04-29,arquivamento_inquerito,INS-001525,Determinado arquivamento (monocrática),FNT-000231
FAS-006099,PRC-009796,2021-01-22,arquivamento_inquerito,INS-001525,Determinado arquivamento (monocrática),FNT-000231
FAS-006100,PRC-009813,2022-06-13,declinio_competencia,INS-001525,Declinada a competência (monocrática),FNT-000231
FAS-006101,PRC-009815,2021-02-04,arquivamento_inquerito,INS-001525,Determinado arquivamento (monocrática),FNT-000231
FAS-006102,PRC-009816,2026-03-09,arquivamento_inquerito,INS-001525,Determinado arquivamento (monocrática),FNT-000231
FAS-006103,PRC-009818,2021-04-29,declinio_competencia,INS-001525,Declinada a competência (monocrática),FNT-000231
FAS-006104,PRC-009819,2022-04-25,declinio_competencia,INS-001525,Declinada a competência (monocrática),FNT-000231
FAS-006105,PRC-009820,2021-12-20,declinio_competencia,INS-001525,Declinada a competência (monocrática),FNT-000231
FAS-006106,PRC-009821,2021-04-29,arquivamento_inquerito,INS-001525,Determinado arquivamento (monocrática),FNT-000231
FAS-006107,PRC-009822,2021-10-04,declinio_competencia,INS-001525,Declinada a competência (monocrática),FNT-000231
FAS-006108,PRC-009827,2020-11-19,arquivamento_inquerito,INS-001525,Determinado arquivamento (monocrática),FNT-000231
FAS-006109,PRC-009848,2021-04-29,arquivamento_inquerito,INS-001525,Determinado arquivamento (monocrática),FNT-000231
FAS-006110,PRC-009851,2022-10-03,arquivamento_inquerito,INS-001525,Determinado arquivamento (monocrática),FNT-000231
FAS-006111,PRC-009852,2021-04-30,arquivamento_inquerito,INS-001525,Determinado arquivamento (monocrática),FNT-000231
FAS-006112,PRC-009864,2021-03-24,arquivamento_inquerito,INS-001525,Determinado arquivamento (monocrática),FNT-000231
FAS-006113,PRC-009866,2021-02-24,arquivamento_inquerito,INS-001525,Determinado arquivamento (monocrática),FNT-000231
FAS-006114,PRC-009868,2021-04-29,arquivamento_inquerito,INS-001525,Determinado arquivamento (monocrática),FNT-000231
FAS-006115,PRC-009869,2021-03-08,arquivamento_inquerito,INS-001525,Determinado arquivamento (monocrática),FNT-000231
FAS-006116,PRC-009870,2021-04-30,arquivamento_inquerito,INS-001525,Determinado arquivamento (monocrática),FNT-000231
FAS-006117,PRC-009873,2021-03-05,arquivamento_inquerito,INS-001525,Determinado arquivamento (monocrática),FNT-000231
FAS-006118,PRC-009881,2022-03-25,declinio_competencia,INS-001525,Declinada a competência (monocrática),FNT-000231
FAS-006119,PRC-009882,2022-03-25,declinio_competencia,INS-001525,Declinada a competência (monocrática),FNT-000231
FAS-006120,PRC-009883,2022-03-25,declinio_competencia,INS-001525,Declinada a competência (monocrática),FNT-000231
FAS-006121,PRC-009885,2022-02-14,arquivamento_inquerito,INS-001525,Determinado arquivamento (monocrática),FNT-000231
FAS-006122,PRC-009886,2021-07-29,arquivamento_inquerito,INS-001525,Determinado arquivamento (monocrática),FNT-000231
FAS-006123,PRC-009887,2021-04-29,arquivamento_inquerito,INS-001525,Determinado arquivamento (monocrática),FNT-000231
FAS-006124,PRC-009888,2021-04-28,recebimento_denuncia,INS-001525,Recebida denúncia (tribunal pleno),FNT-000231
FAS-006125,PRC-009889,2021-03-24,arquivamento_inquerito,INS-001525,Determinado arquivamento (monocrática),FNT-000231
FAS-006126,PRC-009891,2021-05-21,arquivamento_inquerito,INS-001525,Determinado arquivamento (monocrática),FNT-000231
FAS-006127,PRC-009900,2021-07-29,arquivamento_inquerito,INS-001525,Determinado arquivamento (monocrática),FNT-000231
FAS-006128,PRC-009902,2021-06-18,declinio_competencia,INS-001525,Declinada a competência (monocrática),FNT-000231
FAS-006129,PRC-009904,2021-06-18,declinio_competencia,INS-001525,Declinada a competência (monocrática),FNT-000231
FAS-006130,PRC-009906,2024-03-25,declinio_competencia,INS-001525,Declinada a competência (monocrática),FNT-000231
FAS-006131,PRC-009907,2024-03-25,declinio_competencia,INS-001525,Declinada a competência (monocrática),FNT-000231
FAS-006132,PRC-009908,2024-03-25,declinio_competencia,INS-001525,Declinada a competência (monocrática),FNT-000231
FAS-006133,PRC-009917,2022-02-14,arquivamento_inquerito,INS-001525,Determinado arquivamento (monocrática),FNT-000231
FAS-006134,PRC-009920,2021-06-30,arquivamento_inquerito,INS-001525,Determinado arquivamento (monocrática),FNT-000231
FAS-006135,PRC-009921,2021-05-18,declinio_competencia,INS-001525,Declinada a competência (monocrática),FNT-000231
FAS-006136,PRC-009935,2021-05-13,arquivamento_inquerito,INS-001525,Determinado arquivamento (monocrática),FNT-000231
FAS-006137,PRC-009937,2021-10-28,arquivamento_inquerito,INS-001525,Determinado arquivamento (monocrática),FNT-000231
FAS-006138,PRC-009937,2022-02-01,declinio_competencia,INS-001525,Declinada a competência (monocrática),FNT-000231
FAS-006139,PRC-009940,2022-03-25,declinio_competencia,INS-001525,Declinada a competência (monocrática),FNT-000231
FAS-006140,PRC-009942,2022-04-08,arquivamento_inquerito,INS-001525,Determinado arquivamento (monocrática),FNT-000231
FAS-006141,PRC-009946,2022-03-25,declinio_competencia,INS-001525,Declinada a competência (monocrática),FNT-000231
FAS-006142,PRC-009948,2022-06-24,arquivamento_inquerito,INS-001525,Determinado arquivamento (monocrática),FNT-000231
FAS-006143,PRC-009949,2021-06-02,arquivamento_inquerito,INS-001525,Determinado arquivamento (monocrática),FNT-000231
FAS-006144,PRC-009951,2022-02-11,arquivamento_inquerito,INS-001525,Determinado arquivamento (monocrática),FNT-000231
FAS-006145,PRC-009955,2021-10-22,arquivamento_inquerito,INS-001525,Determinado arquivamento (monocrática),FNT-000231
FAS-006146,PRC-009957,2022-02-14,arquivamento_inquerito,INS-001525,Determinado arquivamento (monocrática),FNT-000231
FAS-006147,PRC-009965,2023-10-30,arquivamento_inquerito,INS-001525,Determinado arquivamento (monocrática),FNT-000231
FAS-006148,PRC-009968,2021-06-23,arquivamento_inquerito,INS-001525,Determinado arquivamento (monocrática),FNT-000231
FAS-006149,PRC-009972,2021-10-21,declinio_competencia,INS-001525,Declinada a competência (monocrática),FNT-000231
FAS-006150,PRC-009973,2021-10-11,arquivamento_inquerito,INS-001525,Determinado arquivamento (monocrática),FNT-000231
FAS-006151,PRC-009976,2022-02-21,arquivamento_inquerito,INS-001525,Determinado arquivamento (monocrática),FNT-000231
FAS-006152,PRC-009978,2021-11-29,arquivamento_inquerito,INS-001525,Determinado arquivamento (monocrática),FNT-000231
FAS-006153,PRC-009980,2022-03-10,arquivamento_inquerito,INS-001525,Determinado arquivamento (monocrática),FNT-000231
FAS-006154,PRC-009981,2021-10-22,arquivamento_inquerito,INS-001525,Determinado arquivamento (monocrática),FNT-000231
FAS-006155,PRC-009984,2021-06-23,declinio_competencia,INS-001525,Declinada a competência (monocrática),FNT-000231
FAS-006156,PRC-009990,2022-03-15,arquivamento_inquerito,INS-001525,Determinado arquivamento (monocrática),FNT-000231
FAS-006157,PRC-009993,2021-11-23,arquivamento_inquerito,INS-001525,Determinado arquivamento (monocrática),FNT-000231
FAS-006158,PRC-009995,2021-12-17,declinio_competencia,INS-001525,Declinada a competência (monocrática),FNT-000231
FAS-006159,PRC-010001,2021-08-19,arquivamento_inquerito,INS-001525,Determinado arquivamento (monocrática),FNT-000231
FAS-006160,PRC-010005,2021-11-26,arquivamento_inquerito,INS-001525,Determinado arquivamento (monocrática),FNT-000231
FAS-006161,PRC-010006,2023-02-09,declinio_competencia,INS-001525,Declinada a competência (monocrática),FNT-000231
FAS-006162,PRC-010013,2021-08-30,arquivamento_inquerito,INS-001525,Determinado arquivamento (monocrática),FNT-000231
FAS-006163,PRC-010021,2022-06-27,recebimento_denuncia,INS-001525,Recebida denúncia (tribunal pleno),FNT-000231
FAS-006164,PRC-010021,2022-11-09,declinio_competencia,INS-001525,Declinada a competência (monocrática),FNT-000231
FAS-006165,PRC-010023,2021-08-23,arquivamento_inquerito,INS-001525,Determinado arquivamento (monocrática),FNT-000231
FAS-006166,PRC-010025,2022-10-28,arquivamento_inquerito,INS-001525,Determinado arquivamento (monocrática),FNT-000231
FAS-006167,PRC-010030,2024-03-01,declinio_competencia,INS-001525,Declinada a competência (monocrática),FNT-000231
FAS-006168,PRC-010034,2021-10-28,arquivamento_inquerito,INS-001525,Determinado arquivamento (monocrática),FNT-000231
FAS-006169,PRC-010040,2023-02-10,declinio_competencia,INS-001525,Declinada a competência (monocrática),FNT-000231
FAS-006170,PRC-010041,2023-02-10,declinio_competencia,INS-001525,Declinada a competência (monocrática),FNT-000231
FAS-006171,PRC-010043,2023-02-10,declinio_competencia,INS-001525,Declinada a competência (monocrática),FNT-000231
FAS-006172,PRC-010044,2023-02-10,declinio_competencia,INS-001525,Declinada a competência (monocrática),FNT-000231
FAS-006173,PRC-010045,2023-02-13,declinio_competencia,INS-001525,Declinada a competência (monocrática),FNT-000231
FAS-006174,PRC-010047,2023-02-10,declinio_competencia,INS-001525,Declinada a competência (monocrática),FNT-000231
FAS-006175,PRC-010049,2021-10-11,arquivamento_inquerito,INS-001525,Determinado arquivamento (monocrática),FNT-000231
FAS-006176,PRC-010051,2021-09-23,arquivamento_inquerito,INS-001525,Determinado arquivamento (monocrática),FNT-000231
FAS-006177,PRC-010055,2024-03-01,declinio_competencia,INS-001525,Declinada a competência (monocrática),FNT-000231
FAS-006178,PRC-010060,2022-05-04,arquivamento_inquerito,INS-001525,Determinado arquivamento (monocrática),FNT-000231
FAS-006179,PRC-010060,2022-09-05,arquivamento_inquerito,INS-001525,Determinado arquivamento (monocrática),FNT-000231
FAS-006180,PRC-010063,2021-10-19,arquivamento_inquerito,INS-001525,Determinado arquivamento (monocrática),FNT-000231
FAS-006181,PRC-010066,2022-12-14,arquivamento_inquerito,INS-001525,Determinado arquivamento (monocrática),FNT-000231
FAS-006182,PRC-005252,2022-05-04,extincao_punibilidade,INS-001525,Declarada a extinção da punibilidade (monocrática),FNT-000231
FAS-006183,PRC-005253,2024-03-01,declinio_competencia,INS-001525,Declinada a competência (monocrática),FNT-000231
FAS-006184,PRC-005258,2023-06-09,arquivamento_inquerito,INS-001525,Determinado arquivamento (monocrática),FNT-000231
FAS-006185,PRC-005263,2021-12-17,arquivamento_inquerito,INS-001525,Determinado arquivamento (monocrática),FNT-000231
FAS-006186,PRC-005264,2021-12-17,arquivamento_inquerito,INS-001525,Determinado arquivamento (monocrática),FNT-000231
FAS-006187,PRC-005265,2023-12-13,arquivamento_inquerito,INS-001525,Determinado arquivamento (monocrática),FNT-000231
FAS-006188,PRC-005268,2022-06-17,arquivamento_inquerito,INS-001525,Determinado arquivamento (monocrática),FNT-000231
FAS-006189,PRC-005272,2022-08-01,arquivamento_inquerito,INS-001525,Determinado arquivamento (monocrática),FNT-000231
FAS-006190,PRC-005273,2023-06-16,declinio_competencia,INS-001525,Declinada a competência (monocrática),FNT-000231
FAS-006191,PRC-005286,2025-03-05,arquivamento_inquerito,INS-001525,Determinado arquivamento (monocrática),FNT-000231
FAS-006192,PRC-005296,2022-05-16,declinio_competencia,INS-001525,Declinada a competência (monocrática),FNT-000231
FAS-006193,PRC-005299,2022-01-18,extincao_punibilidade,INS-001525,Declarada a extinção da punibilidade (monocrática),FNT-000231
FAS-006194,PRC-005299,2024-10-16,arquivamento_inquerito,INS-001525,Determinado arquivamento (monocrática),FNT-000231
FAS-006195,PRC-005300,2024-08-07,extincao_punibilidade,INS-001525,Declarada a extinção da punibilidade (monocrática),FNT-000231
FAS-006196,PRC-005301,2022-05-16,extincao_punibilidade,INS-001525,Declarada a extinção da punibilidade (monocrática),FNT-000231
FAS-006197,PRC-005303,2024-11-08,arquivamento_inquerito,INS-001525,Determinado arquivamento (monocrática),FNT-000231
FAS-006198,PRC-005304,2022-05-30,arquivamento_inquerito,INS-001525,Determinado arquivamento (monocrática),FNT-000231
FAS-006199,PRC-005306,2022-05-19,declinio_competencia,INS-001525,Declinada a competência (monocrática),FNT-000231
FAS-006200,PRC-005307,2022-02-21,arquivamento_inquerito,INS-001525,Determinado arquivamento (monocrática),FNT-000231
FAS-006201,PRC-005308,2023-12-05,declinio_competencia,INS-001525,Declinada a competência (monocrática),FNT-000231
FAS-006202,PRC-005309,2022-04-26,declinio_competencia,INS-001525,Declinada a competência (monocrática),FNT-000231
FAS-006203,PRC-005312,2022-05-02,arquivamento_inquerito,INS-001525,Determinado arquivamento (monocrática),FNT-000231
FAS-006204,PRC-005328,2022-09-27,arquivamento_inquerito,INS-001525,Determinado arquivamento (monocrática),FNT-000231
FAS-006205,PRC-005329,2022-09-27,arquivamento_inquerito,INS-001525,Determinado arquivamento (monocrática),FNT-000231
FAS-006206,PRC-005331,2022-03-25,arquivamento_inquerito,INS-001525,Determinado arquivamento (monocrática),FNT-000231
FAS-006207,PRC-005332,2022-09-27,arquivamento_inquerito,INS-001525,Determinado arquivamento (monocrática),FNT-000231
FAS-006208,PRC-005333,2022-05-27,arquivamento_inquerito,INS-001525,Determinado arquivamento (monocrática),FNT-000231
FAS-006209,PRC-005340,2022-05-11,arquivamento_inquerito,INS-001525,Determinado arquivamento (monocrática),FNT-000231
FAS-006210,PRC-005343,2022-12-14,arquivamento_inquerito,INS-001525,Determinado arquivamento (monocrática),FNT-000231
FAS-006211,PRC-005344,2022-04-26,arquivamento_inquerito,INS-001525,Determinado arquivamento (monocrática),FNT-000231
FAS-006212,PRC-005353,2022-06-17,declinio_competencia,INS-001525,Declinada a competência (monocrática),FNT-000231
FAS-006213,PRC-005354,2022-06-23,declinio_competencia,INS-001525,Declinada a competência (monocrática),FNT-000231
FAS-006214,PRC-005355,2022-06-23,declinio_competencia,INS-001525,Declinada a competência (monocrática),FNT-000231
FAS-006215,PRC-005356,2022-06-23,declinio_competencia,INS-001525,Declinada a competência (monocrática),FNT-000231
FAS-006216,PRC-005357,2022-06-23,declinio_competencia,INS-001525,Declinada a competência (monocrática),FNT-000231
FAS-006217,PRC-005358,2022-06-23,declinio_competencia,INS-001525,Declinada a competência (monocrática),FNT-000231
FAS-006218,PRC-005359,2022-06-23,declinio_competencia,INS-001525,Declinada a competência (monocrática),FNT-000231
FAS-006219,PRC-005360,2022-08-26,declinio_competencia,INS-001525,Declinada a competência (monocrática),FNT-000231
FAS-006220,PRC-005361,2022-06-23,declinio_competencia,INS-001525,Declinada a competência (monocrática),FNT-000231
FAS-006221,PRC-005362,2022-06-23,declinio_competencia,INS-001525,Declinada a competência (monocrática),FNT-000231
FAS-006222,PRC-005364,2022-06-23,declinio_competencia,INS-001525,Declinada a competência (monocrática),FNT-000231
FAS-006223,PRC-005367,2023-02-10,declinio_competencia,INS-001525,Declinada a competência (monocrática),FNT-000231
FAS-006224,PRC-005368,2023-02-10,declinio_competencia,INS-001525,Declinada a competência (monocrática),FNT-000231
FAS-006225,PRC-005371,2022-08-04,declinio_competencia,INS-001525,Declinada a competência (monocrática),FNT-000231
FAS-006226,PRC-005377,2023-02-24,declinio_competencia,INS-001525,Declinada a competência (monocrática),FNT-000231
FAS-006227,PRC-005380,2025-03-28,arquivamento_inquerito,INS-001525,Determinado arquivamento (monocrática),FNT-000231
FAS-006228,PRC-005381,2023-02-10,declinio_competencia,INS-001525,Declinada a competência (monocrática),FNT-000231
FAS-006229,PRC-005385,2022-09-27,arquivamento_inquerito,INS-001525,Determinado arquivamento (monocrática),FNT-000231
FAS-006230,PRC-005386,2022-06-27,arquivamento_inquerito,INS-001525,Determinado arquivamento (monocrática),FNT-000231
FAS-006231,PRC-005387,2022-06-27,arquivamento_inquerito,INS-001525,Determinado arquivamento (monocrática),FNT-000231
FAS-006232,PRC-005388,2022-09-27,arquivamento_inquerito,INS-001525,Determinado arquivamento (monocrática),FNT-000231
FAS-006233,PRC-005390,2022-11-29,arquivamento_inquerito,INS-001525,Determinado arquivamento (monocrática),FNT-000231
FAS-006234,PRC-005391,2022-09-27,arquivamento_inquerito,INS-001525,Determinado arquivamento (monocrática),FNT-000231
FAS-006235,PRC-005393,2022-08-04,declinio_competencia,INS-001525,Declinada a competência (monocrática),FNT-000231
FAS-006236,PRC-005400,2022-08-03,arquivamento_inquerito,INS-001525,Determinado arquivamento (monocrática),FNT-000231
FAS-006237,PRC-005405,2024-10-21,recebimento_denuncia,INS-001525,Recebida denúncia (1ª turma),FNT-000231
FAS-006238,PRC-005406,2023-03-15,declinio_competencia,INS-001525,Declinada a competência (monocrática),FNT-000231
FAS-006239,PRC-005409,2023-08-24,arquivamento_inquerito,INS-001525,Determinado arquivamento (monocrática),FNT-000231
FAS-006240,PRC-005410,2023-03-22,arquivamento_inquerito,INS-001525,Determinado arquivamento (monocrática),FNT-000231
FAS-006241,PRC-005423,2023-03-23,arquivamento_inquerito,INS-001525,Determinado arquivamento (monocrática),FNT-000231
FAS-006242,PRC-005425,2023-11-30,arquivamento_inquerito,INS-001525,Determinado arquivamento (monocrática),FNT-000231
FAS-006243,PRC-005434,2024-04-23,arquivamento_inquerito,INS-001525,Determinado arquivamento (monocrática),FNT-000231
FAS-006244,PRC-005436,2023-03-22,arquivamento_inquerito,INS-001525,Determinado arquivamento (monocrática),FNT-000231
FAS-006245,PRC-005437,2022-12-29,arquivamento_inquerito,INS-001525,Determinado arquivamento (monocrática),FNT-000231
FAS-006246,PRC-005445,2024-05-20,recebimento_denuncia,INS-001525,Recebida denúncia (1ª turma),FNT-000231
FAS-006247,PRC-005445,2024-06-05,recebimento_denuncia,INS-001525,Recebida denúncia (1ª turma),FNT-000231
FAS-006248,PRC-005445,2025-03-24,recebimento_denuncia,INS-001525,Recebida denúncia (1ª turma),FNT-000231
FAS-006249,PRC-005448,2023-02-03,declinio_competencia,INS-001525,Declinada a competência (monocrática),FNT-000231
FAS-006250,PRC-005453,2022-10-13,declinio_competencia,INS-001525,Declinada a competência (monocrática),FNT-000231
FAS-006251,PRC-005454,2022-10-19,declinio_competencia,INS-001525,Declinada a competência (monocrática),FNT-000231
FAS-006252,PRC-005455,2022-10-20,declinio_competencia,INS-001525,Declinada a competência (monocrática),FNT-000231
FAS-006253,PRC-005464,2023-03-21,arquivamento_inquerito,INS-001525,Determinado arquivamento (monocrática),FNT-000231
FAS-006254,PRC-005472,2023-03-14,arquivamento_inquerito,INS-001525,Determinado arquivamento (monocrática),FNT-000231
FAS-006255,PRC-005475,2025-12-22,recebimento_denuncia,INS-001525,Recebida denúncia (1ª turma),FNT-000231
FAS-006256,PRC-005479,2023-01-26,arquivamento_inquerito,INS-001525,Determinado arquivamento (monocrática),FNT-000231
FAS-006257,PRC-005482,2025-02-17,recebimento_denuncia,INS-001525,Recebida denúncia (1ª turma),FNT-000231
FAS-006258,PRC-005483,2023-10-31,arquivamento_inquerito,INS-001525,Determinado arquivamento (monocrática),FNT-000231
FAS-006259,PRC-005492,2023-02-01,arquivamento_inquerito,INS-001525,Determinado arquivamento (monocrática),FNT-000231
FAS-006260,PRC-005493,2023-02-14,declinio_competencia,INS-001525,Declinada a competência (monocrática),FNT-000231
FAS-006261,PRC-005497,2024-09-30,recebimento_denuncia,INS-001525,Recebida denúncia (1ª turma),FNT-000231
FAS-006262,PRC-005498,2022-12-05,arquivamento_inquerito,INS-001525,Determinado arquivamento (monocrática),FNT-000231
FAS-006263,PRC-005499,2022-12-05,arquivamento_inquerito,INS-001525,Determinado arquivamento (monocrática),FNT-000231
FAS-006264,PRC-005501,2024-09-11,arquivamento_inquerito,INS-001525,Determinado arquivamento (monocrática),FNT-000231
FAS-006265,PRC-005505,2023-03-01,declinio_competencia,INS-001525,Declinada a competência (monocrática),FNT-000231
FAS-006266,PRC-005506,2023-06-16,arquivamento_inquerito,INS-001525,Determinado arquivamento (monocrática),FNT-000231
FAS-006267,PRC-005507,2022-12-12,arquivamento_inquerito,INS-001525,Determinado arquivamento (monocrática),FNT-000231
FAS-006268,PRC-005508,2023-08-21,recebimento_denuncia,INS-001525,Recebida denúncia (tribunal pleno),FNT-000231
FAS-006269,PRC-005512,2023-08-21,recebimento_denuncia,INS-001525,Recebida denúncia (tribunal pleno),FNT-000231
FAS-006270,PRC-005514,2023-03-20,arquivamento_inquerito,INS-001525,Determinado arquivamento (monocrática),FNT-000231
FAS-006271,PRC-005516,2026-08-17,arquivamento_inquerito,INS-001525,Determinado arquivamento (monocrática),FNT-000231
FAS-006272,PRC-005519,2023-12-15,arquivamento_inquerito,INS-001525,Determinado arquivamento (monocrática),FNT-000231
FAS-006273,PRC-005521,2026-03-02,recebimento_denuncia,INS-001525,Recebida denúncia (1ª turma),FNT-000231
FAS-006274,PRC-005524,2023-02-14,declinio_competencia,INS-001525,Declinada a competência (monocrática),FNT-000231
FAS-006275,PRC-005528,2023-06-27,recebimento_denuncia,INS-001525,Recebida denúncia (tribunal pleno),FNT-000231
FAS-006276,PRC-005528,2023-06-27,recebimento_denuncia,INS-001525,Recebida denúncia (tribunal pleno),FNT-000231
FAS-006277,PRC-005528,2023-06-27,recebimento_denuncia,INS-001525,Recebida denúncia (tribunal pleno),FNT-000231
FAS-006278,PRC-005528,2023-06-27,recebimento_denuncia,INS-001525,Recebida denúncia (tribunal pleno),FNT-000231
FAS-006279,PRC-005530,2023-02-06,arquivamento_inquerito,INS-001525,Determinado arquivamento (monocrática),FNT-000231
FAS-006280,PRC-005531,2023-02-06,arquivamento_inquerito,INS-001525,Determinado arquivamento (monocrática),FNT-000231
FAS-006281,PRC-005534,2023-03-17,declinio_competencia,INS-001525,Declinada a competência (monocrática),FNT-000231
FAS-006282,PRC-005536,2023-08-30,arquivamento_inquerito,INS-001525,Determinado arquivamento (monocrática),FNT-000231
FAS-006283,PRC-005536,2026-07-03,arquivamento_inquerito,INS-001525,Determinado arquivamento (monocrática),FNT-000231
FAS-006284,PRC-005537,2023-08-21,recebimento_denuncia,INS-001525,Recebida denúncia (tribunal pleno),FNT-000231
FAS-006285,PRC-005538,2024-08-19,recebimento_denuncia,INS-001525,Recebida denúncia (1ª turma),FNT-000231
FAS-006286,PRC-005539,2024-08-12,recebimento_denuncia,INS-001525,Recebida denúncia (1ª turma),FNT-000231
FAS-006287,PRC-005540,2024-11-12,recebimento_denuncia,INS-001525,Recebida denúncia (1ª turma),FNT-000231
FAS-006288,PRC-005541,2024-08-26,recebimento_denuncia,INS-001525,Recebida denúncia (1ª turma),FNT-000231
FAS-006289,PRC-005542,2025-06-16,recebimento_denuncia,INS-001525,Recebida denúncia (1ª turma),FNT-000231
FAS-006290,PRC-005544,2023-01-13,arquivamento_inquerito,INS-001525,Determinado arquivamento (monocrática),FNT-000231
FAS-006291,PRC-005547,2024-09-02,recebimento_denuncia,INS-001525,Recebida denúncia (1ª turma),FNT-000231
FAS-006292,PRC-005548,2024-03-11,recebimento_denuncia,INS-001525,Recebida denúncia (1ª turma),FNT-000231
FAS-006293,PRC-005549,2023-06-27,recebimento_denuncia,INS-001525,Recebida denúncia (tribunal pleno),FNT-000231
FAS-006294,PRC-005550,2023-02-06,arquivamento_inquerito,INS-001525,Determinado arquivamento (monocrática),FNT-000231
FAS-006295,PRC-005551,2023-03-14,arquivamento_inquerito,INS-001525,Determinado arquivamento (monocrática),FNT-000231
FAS-006296,PRC-005552,2023-02-02,arquivamento_inquerito,INS-001525,Determinado arquivamento (monocrática),FNT-000231
FAS-006297,PRC-005553,2023-03-21,arquivamento_inquerito,INS-001525,Determinado arquivamento (monocrática),FNT-000231
FAS-006298,PRC-005556,2025-03-05,recebimento_denuncia,INS-001525,Recebida denúncia (1ª turma),FNT-000231
FAS-006299,PRC-005557,2025-03-05,recebimento_denuncia,INS-001525,Recebida denúncia (1ª turma),FNT-000231
FAS-006300,PRC-005558,2023-08-21,recebimento_denuncia,INS-001525,Recebida denúncia (tribunal pleno),FNT-000231
FAS-006301,PRC-005559,2023-08-21,recebimento_denuncia,INS-001525,Recebida denúncia (tribunal pleno),FNT-000231
FAS-006302,PRC-005560,2024-03-11,recebimento_denuncia,INS-001525,Recebida denúncia (1ª turma),FNT-000231
FAS-006303,PRC-005561,2024-08-19,recebimento_denuncia,INS-001525,Recebida denúncia (1ª turma),FNT-000231
FAS-006304,PRC-005562,2023-08-18,arquivamento_inquerito,INS-001525,Determinado arquivamento (monocrática),FNT-000231
FAS-006305,PRC-005563,2024-08-19,recebimento_denuncia,INS-001525,Recebida denúncia (1ª turma),FNT-000231
FAS-006306,PRC-005564,2024-06-17,recebimento_denuncia,INS-001525,Recebida denúncia (1ª turma),FNT-000231
FAS-006307,PRC-005565,2024-03-11,recebimento_denuncia,INS-001525,Recebida denúncia (1ª turma),FNT-000231
FAS-006308,PRC-005566,2023-06-27,recebimento_denuncia,INS-001525,Recebida denúncia (tribunal pleno),FNT-000231
FAS-006309,PRC-005567,2024-06-11,recebimento_denuncia,INS-001525,Recebida denúncia (1ª turma),FNT-000231
FAS-006310,PRC-005567,2024-06-24,recebimento_denuncia,INS-001525,Recebida denúncia (1ª turma),FNT-000231
FAS-006311,PRC-005567,2024-08-26,recebimento_denuncia,INS-001525,Recebida denúncia (1ª turma),FNT-000231
FAS-006312,PRC-005567,2024-08-26,recebimento_denuncia,INS-001525,Recebida denúncia (1ª turma),FNT-000231
FAS-006313,PRC-005567,2025-12-09,recebimento_denuncia,INS-001525,Recebida denúncia (1ª turma),FNT-000231
FAS-006314,PRC-005567,2026-06-25,arquivamento_inquerito,INS-001525,Determinado arquivamento (monocrática),FNT-000231
FAS-006315,PRC-005572,2024-10-14,recebimento_denuncia,INS-001525,Recebida denúncia (1ª turma),FNT-000231
FAS-006316,PRC-005572,2025-12-02,recebimento_denuncia,INS-001525,Recebida denúncia (1ª turma),FNT-000231
FAS-006317,PRC-005572,2026-04-22,recebimento_denuncia,INS-001525,Recebida denúncia (1ª turma),FNT-000231
FAS-006318,PRC-005573,2023-02-06,arquivamento_inquerito,INS-001525,Determinado arquivamento (monocrática),FNT-000231
FAS-006319,PRC-005579,2026-07-24,arquivamento_inquerito,INS-001525,Determinado arquivamento (monocrática),FNT-000231
FAS-006320,PRC-005596,2024-05-20,recebimento_denuncia,INS-001525,Recebida denúncia (1ª turma),FNT-000231
FAS-006321,PRC-005596,2024-05-20,recebimento_denuncia,INS-001525,Recebida denúncia (1ª turma),FNT-000231
FAS-006322,PRC-005596,2024-05-20,recebimento_denuncia,INS-001525,Recebida denúncia (1ª turma),FNT-000231
FAS-006323,PRC-005596,2024-05-20,recebimento_denuncia,INS-001525,Recebida denúncia (1ª turma),FNT-000231
FAS-006324,PRC-005596,2024-08-26,recebimento_denuncia,INS-001525,Recebida denúncia (1ª turma),FNT-000231
FAS-006325,PRC-005596,2024-10-14,recebimento_denuncia,INS-001525,Recebida denúncia (1ª turma),FNT-000231
FAS-006326,PRC-005596,2025-05-26,recebimento_denuncia,INS-001525,Recebida denúncia (1ª turma),FNT-000231
FAS-006327,PRC-005596,2025-12-09,recebimento_denuncia,INS-001525,Recebida denúncia (1ª turma),FNT-000231
FAS-006328,PRC-005605,2023-01-30,arquivamento_inquerito,INS-001525,Determinado arquivamento (monocrática),FNT-000231
FAS-006329,PRC-005606,2024-06-05,arquivamento_inquerito,INS-001525,Determinado arquivamento (monocrática),FNT-000231
FAS-006330,PRC-005612,2023-04-03,arquivamento_inquerito,INS-001525,Determinado arquivamento (monocrática),FNT-000231
FAS-006331,PRC-005613,2023-03-01,declinio_competencia,INS-001525,Declinada a competência (monocrática),FNT-000231
FAS-006332,PRC-005614,2023-06-27,recebimento_denuncia,INS-001525,Recebida denúncia (tribunal pleno),FNT-000231
FAS-006333,PRC-005619,2023-03-20,arquivamento_inquerito,INS-001525,Determinado arquivamento (monocrática),FNT-000231
FAS-006334,PRC-005620,2023-08-21,recebimento_denuncia,INS-001525,Recebida denúncia (tribunal pleno),FNT-000231
FAS-006335,PRC-005620,2024-08-26,recebimento_denuncia,INS-001525,Recebida denúncia (1ª turma),FNT-000231
FAS-006336,PRC-005621,2024-04-22,declinio_competencia,INS-001525,Declinada a competência (monocrática),FNT-000231
FAS-006337,PRC-005627,2024-07-01,recebimento_denuncia,INS-001525,Recebida denúncia (1ª turma),FNT-000231
FAS-006338,PRC-005628,2024-08-26,recebimento_denuncia,INS-001525,Recebida denúncia (1ª turma),FNT-000231
FAS-006339,PRC-005628,2024-08-26,recebimento_denuncia,INS-001525,Recebida denúncia (1ª turma),FNT-000231
FAS-006340,PRC-005628,2024-11-19,recebimento_denuncia,INS-001525,Recebida denúncia (1ª turma),FNT-000231
FAS-006341,PRC-005629,2024-08-12,recebimento_denuncia,INS-001525,Recebida denúncia (1ª turma),FNT-000231
FAS-006342,PRC-005629,2024-08-19,recebimento_denuncia,INS-001525,Recebida denúncia (1ª turma),FNT-000231
FAS-006343,PRC-005631,2024-03-11,recebimento_denuncia,INS-001525,Recebida denúncia (1ª turma),FNT-000231
FAS-006344,PRC-005631,2025-09-15,arquivamento_inquerito,INS-001525,Determinado arquivamento (monocrática),FNT-000231
FAS-006345,PRC-005632,2024-06-05,recebimento_denuncia,INS-001525,Recebida denúncia (1ª turma),FNT-000231
FAS-006346,PRC-005634,2023-05-15,declinio_competencia,INS-001525,Declinada a competência (monocrática),FNT-000231
FAS-006347,PRC-005639,2023-08-21,recebimento_denuncia,INS-001525,Recebida denúncia (tribunal pleno),FNT-000231
FAS-006348,PRC-005639,2024-03-11,recebimento_denuncia,INS-001525,Recebida denúncia (1ª turma),FNT-000231
FAS-006349,PRC-005639,2024-08-26,recebimento_denuncia,INS-001525,Recebida denúncia (1ª turma),FNT-000231
FAS-006350,PRC-005640,2024-09-09,recebimento_denuncia,INS-001525,Recebida denúncia (1ª turma),FNT-000231
FAS-006351,PRC-005643,2023-09-12,arquivamento_inquerito,INS-001525,Determinado arquivamento (monocrática),FNT-000231
FAS-006352,PRC-005644,2023-08-14,arquivamento_inquerito,INS-001525,Determinado arquivamento (monocrática),FNT-000231
FAS-006353,PRC-005646,2023-03-22,arquivamento_inquerito,INS-001525,Determinado arquivamento (monocrática),FNT-000231
FAS-006354,PRC-005650,2024-09-11,arquivamento_inquerito,INS-001525,Determinado arquivamento (monocrática),FNT-000231
FAS-006355,PRC-005653,2023-03-10,declinio_competencia,INS-001525,Declinada a competência (monocrática),FNT-000231
FAS-006356,PRC-005657,2024-08-07,recebimento_denuncia,INS-001525,Recebida denúncia (1ª turma),FNT-000231
FAS-006357,PRC-005659,2024-10-21,recebimento_denuncia,INS-001525,Recebida denúncia (1ª turma),FNT-000231
FAS-006358,PRC-005659,2024-11-06,recebimento_denuncia,INS-001525,Recebida denúncia (1ª turma),FNT-000231
FAS-006359,PRC-005659,2024-11-19,recebimento_denuncia,INS-001525,Recebida denúncia (1ª turma),FNT-000231
FAS-006360,PRC-005659,2025-02-17,recebimento_denuncia,INS-001525,Recebida denúncia (1ª turma),FNT-000231
FAS-006361,PRC-005659,2025-02-24,recebimento_denuncia,INS-001525,Recebida denúncia (1ª turma),FNT-000231
FAS-006362,PRC-005660,2025-03-12,recebimento_denuncia,INS-001525,Recebida denúncia (1ª turma),FNT-000231
FAS-006363,PRC-005660,2025-03-12,recebimento_denuncia,INS-001525,Recebida denúncia (1ª turma),FNT-000231
FAS-006364,PRC-005662,2023-03-16,arquivamento_inquerito,INS-001525,Determinado arquivamento (monocrática),FNT-000231
FAS-006365,PRC-005666,2023-12-05,arquivamento_inquerito,INS-001525,Determinado arquivamento (monocrática),FNT-000231
FAS-006366,PRC-005667,2024-08-19,recebimento_denuncia,INS-001525,Recebida denúncia (1ª turma),FNT-000231
FAS-006367,PRC-005670,2024-03-11,recebimento_denuncia,INS-001525,Recebida denúncia (1ª turma),FNT-000231
FAS-006368,PRC-005672,2025-09-19,arquivamento_inquerito,INS-001525,Determinado arquivamento (monocrática),FNT-000231
FAS-006369,PRC-005676,2023-11-06,declinio_competencia,INS-001525,Declinada a competência (monocrática),FNT-000231
FAS-006370,PRC-005677,2025-02-24,recebimento_denuncia,INS-001525,Recebida denúncia (1ª turma),FNT-000231
FAS-006371,PRC-005677,2026-04-30,arquivamento_inquerito,INS-001525,Determinado arquivamento (monocrática),FNT-000231
FAS-006372,PRC-005677,2026-06-10,recebimento_denuncia,INS-001525,Recebida denúncia (1ª turma),FNT-000231
FAS-006373,PRC-005678,2026-07-20,declinio_competencia,INS-001525,Declinada a competência (monocrática),FNT-000231
FAS-006374,PRC-005679,2023-03-30,arquivamento_inquerito,INS-001525,Determinado arquivamento (monocrática),FNT-000231
FAS-006375,PRC-005680,2023-03-30,arquivamento_inquerito,INS-001525,Determinado arquivamento (monocrática),FNT-000231
FAS-006376,PRC-005688,2024-05-03,declinio_competencia,INS-001525,Declinada a competência (monocrática),FNT-000231
FAS-006377,PRC-005693,2026-07-24,arquivamento_inquerito,INS-001525,Determinado arquivamento (monocrática),FNT-000231
FAS-006378,PRC-005694,2023-06-23,declinio_competencia,INS-001525,Declinada a competência (monocrática),FNT-000231
FAS-006379,PRC-005698,2026-07-27,arquivamento_inquerito,INS-001525,Determinado arquivamento (monocrática),FNT-000231
FAS-006380,PRC-005701,2024-06-04,recebimento_denuncia,INS-001525,Recebida denúncia (1ª turma),FNT-000231
FAS-006381,PRC-005703,2023-08-16,arquivamento_inquerito,INS-001525,Determinado arquivamento (monocrática),FNT-000231
FAS-006382,PRC-005705,2024-04-05,arquivamento_inquerito,INS-001525,Determinado arquivamento (monocrática),FNT-000231
FAS-006383,PRC-005707,2023-08-04,declinio_competencia,INS-001525,Declinada a competência (monocrática),FNT-000231
FAS-006384,PRC-005708,2023-06-30,declinio_competencia,INS-001525,Declinada a competência (monocrática),FNT-000231
FAS-006385,PRC-005710,2025-09-02,arquivamento_inquerito,INS-001525,Determinado arquivamento (monocrática),FNT-000231
FAS-006386,PRC-005717,2023-06-05,arquivamento_inquerito,INS-001525,Determinado arquivamento (monocrática),FNT-000231
FAS-006387,PRC-005718,2024-08-07,recebimento_denuncia,INS-001525,Recebida denúncia (1ª turma),FNT-000231
FAS-006388,PRC-005727,2024-06-05,recebimento_denuncia,INS-001525,Recebida denúncia (1ª turma),FNT-000231
FAS-006389,PRC-005730,2023-07-24,arquivamento_inquerito,INS-001525,Determinado arquivamento (monocrática),FNT-000231
FAS-006390,PRC-005735,2025-03-12,recebimento_denuncia,INS-001525,Recebida denúncia (1ª turma),FNT-000231
FAS-006391,PRC-005767,2023-10-09,arquivamento_inquerito,INS-001525,Determinado arquivamento (monocrática),FNT-000231
FAS-006392,PRC-005773,2023-10-31,declinio_competencia,INS-001525,Declinada a competência (monocrática),FNT-000231
FAS-006393,PRC-005774,2025-02-12,arquivamento_inquerito,INS-001525,Determinado arquivamento (monocrática),FNT-000231
FAS-006394,PRC-005775,2023-12-13,arquivamento_inquerito,INS-001525,Determinado arquivamento (monocrática),FNT-000231
FAS-006395,PRC-005779,2023-06-07,declinio_competencia,INS-001525,Declinada a competência (monocrática),FNT-000231
FAS-006396,PRC-005786,2026-03-09,recebimento_denuncia,INS-001525,Recebida denúncia (1ª turma),FNT-000231
FAS-006397,PRC-005786,2026-03-16,recebimento_denuncia,INS-001525,Recebida denúncia (1ª turma),FNT-000231
FAS-006398,PRC-005786,2026-03-16,recebimento_denuncia,INS-001525,Recebida denúncia (1ª turma),FNT-000231
FAS-006399,PRC-005786,2026-03-16,recebimento_denuncia,INS-001525,Recebida denúncia (1ª turma),FNT-000231
FAS-006400,PRC-005786,2026-04-29,recebimento_denuncia,INS-001525,Recebida denúncia (1ª turma),FNT-000231
FAS-006401,PRC-005789,2025-06-25,recebimento_denuncia,INS-001525,Recebida denúncia (1ª turma),FNT-000231
FAS-006402,PRC-005794,2023-10-10,arquivamento_inquerito,INS-001525,Determinado arquivamento (monocrática),FNT-000231
FAS-006403,PRC-005797,2024-12-02,recebimento_denuncia,INS-001525,Recebida denúncia (1ª turma),FNT-000231
FAS-006404,PRC-005802,2023-09-27,arquivamento_inquerito,INS-001525,Determinado arquivamento (monocrática),FNT-000231
FAS-006405,PRC-005805,2025-03-05,recebimento_denuncia,INS-001525,Recebida denúncia (1ª turma),FNT-000231
FAS-006406,PRC-005806,2023-10-31,declinio_competencia,INS-001525,Declinada a competência (monocrática),FNT-000231
FAS-006407,PRC-005807,2025-04-07,arquivamento_inquerito,INS-001525,Determinado arquivamento (monocrática),FNT-000231
FAS-006408,PRC-005808,2023-10-10,declinio_competencia,INS-001525,Declinada a competência (monocrática),FNT-000231
FAS-006409,PRC-005809,2024-06-24,recebimento_denuncia,INS-001525,Recebida denúncia (1ª turma),FNT-000231
FAS-006410,PRC-005810,2023-09-15,declinio_competencia,INS-001525,Declinada a competência (monocrática),FNT-000231
FAS-006411,PRC-005811,2023-10-26,arquivamento_inquerito,INS-001525,Determinado arquivamento (monocrática),FNT-000231
FAS-006412,PRC-005815,2024-10-03,arquivamento_inquerito,INS-001525,Determinado arquivamento (monocrática),FNT-000231
FAS-006413,PRC-005817,2024-07-01,recebimento_denuncia,INS-001525,Recebida denúncia (1ª turma),FNT-000231
FAS-006414,PRC-005817,2024-08-19,recebimento_denuncia,INS-001525,Recebida denúncia (1ª turma),FNT-000231
FAS-006415,PRC-005817,2024-09-30,recebimento_denuncia,INS-001525,Recebida denúncia (1ª turma),FNT-000231
FAS-006416,PRC-005817,2024-11-19,recebimento_denuncia,INS-001525,Recebida denúncia (1ª turma),FNT-000231
FAS-006417,PRC-005817,2024-11-19,recebimento_denuncia,INS-001525,Recebida denúncia (1ª turma),FNT-000231
FAS-006418,PRC-005817,2024-12-16,recebimento_denuncia,INS-001525,Recebida denúncia (1ª turma),FNT-000231
FAS-006419,PRC-005817,2024-12-16,recebimento_denuncia,INS-001525,Recebida denúncia (1ª turma),FNT-000231
FAS-006420,PRC-005817,2024-12-16,recebimento_denuncia,INS-001525,Recebida denúncia (1ª turma),FNT-000231
FAS-006421,PRC-005817,2025-02-04,recebimento_denuncia,INS-001525,Recebida denúncia (1ª turma),FNT-000231
FAS-006422,PRC-005819,2024-08-19,recebimento_denuncia,INS-001525,Recebida denúncia (1ª turma),FNT-000231
FAS-006423,PRC-005822,2024-07-01,recebimento_denuncia,INS-001525,Recebida denúncia (1ª turma),FNT-000231
FAS-006424,PRC-005823,2024-05-20,recebimento_denuncia,INS-001525,Recebida denúncia (1ª turma),FNT-000231
FAS-006425,PRC-005829,2026-07-27,arquivamento_inquerito,INS-001525,Determinado arquivamento (monocrática),FNT-000231
FAS-006426,PRC-005834,2026-02-26,arquivamento_inquerito,INS-001525,Determinado arquivamento (monocrática),FNT-000231
FAS-006427,PRC-005842,2024-08-19,recebimento_denuncia,INS-001525,Recebida denúncia (1ª turma),FNT-000231
FAS-006428,PRC-005845,2024-05-21,recebimento_denuncia,INS-001525,Recebida denúncia (1ª turma),FNT-000231
FAS-006429,PRC-005846,2024-05-20,recebimento_denuncia,INS-001525,Recebida denúncia (1ª turma),FNT-000231
FAS-006430,PRC-005847,2024-10-30,arquivamento_inquerito,INS-001525,Determinado arquivamento (monocrática),FNT-000231
FAS-006431,PRC-005851,2024-08-19,recebimento_denuncia,INS-001525,Recebida denúncia (1ª turma),FNT-000231
FAS-006432,PRC-005854,2024-07-01,recebimento_denuncia,INS-001525,Recebida denúncia (1ª turma),FNT-000231
FAS-006433,PRC-005856,2025-11-19,arquivamento_inquerito,INS-001525,Determinado arquivamento (monocrática),FNT-000231
FAS-006434,PRC-005869,2025-12-02,recebimento_denuncia,INS-001525,Recebida denúncia (1ª turma),FNT-000231
FAS-006435,PRC-005870,2025-02-04,recebimento_denuncia,INS-001525,Recebida denúncia (1ª turma),FNT-000231
FAS-006436,PRC-005874,2024-06-10,extincao_punibilidade,INS-001525,Declarada a extinção da punibilidade (monocrática),FNT-000231
FAS-006437,PRC-005878,2024-08-12,recebimento_denuncia,INS-001525,Recebida denúncia (1ª turma),FNT-000231
FAS-006438,PRC-005879,2024-07-01,declinio_competencia,INS-001525,Declinada a competência (monocrática),FNT-000231
FAS-006439,PRC-005883,2023-12-07,arquivamento_inquerito,INS-001525,Determinado arquivamento (monocrática),FNT-000231
FAS-006440,PRC-005884,2025-12-02,recebimento_denuncia,INS-001525,Recebida denúncia (1ª turma),FNT-000231
FAS-006441,PRC-005885,2023-08-28,arquivamento_inquerito,INS-001525,Determinado arquivamento (monocrática),FNT-000231
FAS-006442,PRC-005888,2024-06-11,recebimento_denuncia,INS-001525,Recebida denúncia (1ª turma),FNT-000231
FAS-006443,PRC-005897,2024-05-20,recebimento_denuncia,INS-001525,Recebida denúncia (1ª turma),FNT-000231
FAS-006444,PRC-005897,2024-05-20,recebimento_denuncia,INS-001525,Recebida denúncia (1ª turma),FNT-000231
FAS-006445,PRC-005897,2024-05-20,recebimento_denuncia,INS-001525,Recebida denúncia (1ª turma),FNT-000231
FAS-006446,PRC-005900,2024-08-07,recebimento_denuncia,INS-001525,Recebida denúncia (1ª turma),FNT-000231
FAS-006447,PRC-005901,2024-05-20,recebimento_denuncia,INS-001525,Recebida denúncia (1ª turma),FNT-000231
FAS-006448,PRC-005902,2025-12-02,recebimento_denuncia,INS-001525,Recebida denúncia (1ª turma),FNT-000231
FAS-006449,PRC-005904,2024-03-05,arquivamento_inquerito,INS-001525,Determinado arquivamento (monocrática),FNT-000231
FAS-006450,PRC-005906,2025-12-02,recebimento_denuncia,INS-001525,Recebida denúncia (1ª turma),FNT-000231
FAS-006451,PRC-005908,2024-03-01,arquivamento_inquerito,INS-001525,Determinado arquivamento (monocrática),FNT-000231
FAS-006452,PRC-005925,2024-08-07,recebimento_denuncia,INS-001525,Recebida denúncia (1ª turma),FNT-000231
FAS-006453,PRC-005925,2024-08-12,recebimento_denuncia,INS-001525,Recebida denúncia (1ª turma),FNT-000231
FAS-006454,PRC-005925,2024-08-12,recebimento_denuncia,INS-001525,Recebida denúncia (1ª turma),FNT-000231
FAS-006455,PRC-005925,2024-08-19,recebimento_denuncia,INS-001525,Recebida denúncia (1ª turma),FNT-000231
FAS-006456,PRC-005925,2024-08-19,recebimento_denuncia,INS-001525,Recebida denúncia (1ª turma),FNT-000231
FAS-006457,PRC-005925,2024-08-19,recebimento_denuncia,INS-001525,Recebida denúncia (1ª turma),FNT-000231
FAS-006458,PRC-005925,2024-08-26,recebimento_denuncia,INS-001525,Recebida denúncia (1ª turma),FNT-000231
FAS-006459,PRC-005925,2025-06-25,recebimento_denuncia,INS-001525,Recebida denúncia (1ª turma),FNT-000231
FAS-006460,PRC-005926,2024-09-02,recebimento_denuncia,INS-001525,Recebida denúncia (1ª turma),FNT-000231
FAS-006461,PRC-005932,2024-05-20,recebimento_denuncia,INS-001525,Recebida denúncia (1ª turma),FNT-000231
FAS-006462,PRC-005932,2025-06-25,recebimento_denuncia,INS-001525,Recebida denúncia (1ª turma),FNT-000231
FAS-006463,PRC-005940,2026-02-25,recebimento_denuncia,INS-001525,Recebida denúncia (1ª turma),FNT-000231
FAS-006464,PRC-005941,2024-11-27,recebimento_denuncia,INS-001525,Recebida denúncia (1ª turma),FNT-000231
FAS-006465,PRC-005948,2025-12-16,recebimento_denuncia,INS-001525,Recebida denúncia (1ª turma),FNT-000231
FAS-006466,PRC-005956,2024-11-12,recebimento_denuncia,INS-001525,Recebida denúncia (1ª turma),FNT-000231
FAS-006467,PRC-005966,2024-06-17,recebimento_denuncia,INS-001525,Recebida denúncia (1ª turma),FNT-000231
FAS-006468,PRC-005970,2023-12-05,declinio_competencia,INS-001525,Declinada a competência (monocrática),FNT-000231
FAS-006469,PRC-005971,2024-06-28,arquivamento_inquerito,INS-001525,Determinado arquivamento (monocrática),FNT-000231
FAS-006470,PRC-005972,2024-06-11,recebimento_denuncia,INS-001525,Recebida denúncia (1ª turma),FNT-000231
FAS-006471,PRC-005974,2025-02-17,recebimento_denuncia,INS-001525,Recebida denúncia (1ª turma),FNT-000231
FAS-006472,PRC-005981,2024-08-19,recebimento_denuncia,INS-001525,Recebida denúncia (1ª turma),FNT-000231
FAS-006473,PRC-005982,2024-08-26,recebimento_denuncia,INS-001525,Recebida denúncia (1ª turma),FNT-000231
FAS-006474,PRC-005982,2026-08-27,arquivamento_inquerito,INS-001525,Determinado arquivamento (monocrática),FNT-000231
FAS-006475,PRC-005984,2024-11-12,recebimento_denuncia,INS-001525,Recebida denúncia (1ª turma),FNT-000231
FAS-006476,PRC-005984,2025-02-24,recebimento_denuncia,INS-001525,Recebida denúncia (1ª turma),FNT-000231
FAS-006477,PRC-005987,2026-03-02,recebimento_denuncia,INS-001525,Recebida denúncia (1ª turma),FNT-000231
FAS-006478,PRC-005988,2024-08-26,recebimento_denuncia,INS-001525,Recebida denúncia (1ª turma),FNT-000231
FAS-006479,PRC-005989,2024-03-11,declinio_competencia,INS-001525,Declinada a competência (monocrática),FNT-000231
FAS-006480,PRC-005990,2025-03-24,recebimento_denuncia,INS-001525,Recebida denúncia (1ª turma),FNT-000231
FAS-006481,PRC-005991,2025-06-16,recebimento_denuncia,INS-001525,Recebida denúncia (1ª turma),FNT-000231
FAS-006482,PRC-005992,2024-10-07,recebimento_denuncia,INS-001525,Recebida denúncia (1ª turma),FNT-000231
FAS-006483,PRC-005995,2025-12-22,recebimento_denuncia,INS-001525,Recebida denúncia (1ª turma),FNT-000231
FAS-006484,PRC-005996,2025-03-24,recebimento_denuncia,INS-001525,Recebida denúncia (1ª turma),FNT-000231
FAS-006485,PRC-005997,2024-09-02,recebimento_denuncia,INS-001525,Recebida denúncia (1ª turma),FNT-000231
FAS-006486,PRC-006001,2024-05-13,arquivamento_inquerito,INS-001525,Determinado arquivamento (monocrática),FNT-000231
FAS-006487,PRC-006003,2024-04-09,arquivamento_inquerito,INS-001525,Determinado arquivamento (monocrática),FNT-000231
FAS-006488,PRC-006005,2024-02-05,declinio_competencia,INS-001525,Declinada a competência (monocrática),FNT-000231
FAS-006489,PRC-006006,2024-09-27,recebimento_denuncia,INS-001525,Recebida denúncia (1ª turma),FNT-000231
FAS-006490,PRC-006007,2026-06-11,arquivamento_inquerito,INS-001525,Determinado arquivamento (monocrática),FNT-000231
FAS-006491,PRC-006007,2026-08-31,recebimento_denuncia,INS-001525,Recebida denúncia (1ª turma),FNT-000231
FAS-006492,PRC-006011,2026-06-09,declinio_competencia,INS-001525,Declinada a competência (monocrática),FNT-000231
FAS-006493,PRC-006015,2024-08-26,recebimento_denuncia,INS-001525,Recebida denúncia (1ª turma),FNT-000231
FAS-006494,PRC-006017,2025-03-26,declinio_competencia,INS-001525,Declinada a competência (monocrática),FNT-000231
FAS-006495,PRC-006018,2025-03-27,declinio_competencia,INS-001525,Declinada a competência (monocrática),FNT-000231
FAS-006496,PRC-006019,2025-12-16,recebimento_denuncia,INS-001525,Recebida denúncia (1ª turma),FNT-000231
FAS-006497,PRC-006021,2024-07-01,recebimento_denuncia,INS-001525,Recebida denúncia (1ª turma),FNT-000231
FAS-006498,PRC-006021,2024-07-01,recebimento_denuncia,INS-001525,Recebida denúncia (1ª turma),FNT-000231
FAS-006499,PRC-006022,2024-07-01,recebimento_denuncia,INS-001525,Recebida denúncia (1ª turma),FNT-000231
FAS-006500,PRC-006028,2024-10-07,recebimento_denuncia,INS-001525,Recebida denúncia (1ª turma),FNT-000231
FAS-006501,PRC-006029,2024-08-26,recebimento_denuncia,INS-001525,Recebida denúncia (1ª turma),FNT-000231
FAS-006502,PRC-006035,2025-03-27,recebimento_denuncia,INS-001525,Recebida denúncia (1ª turma),FNT-000231
FAS-006503,PRC-006035,2025-04-28,recebimento_denuncia,INS-001525,Recebida denúncia (1ª turma),FNT-000231
FAS-006504,PRC-006035,2025-05-06,recebimento_denuncia,INS-001525,Recebida denúncia (1ª turma),FNT-000231
FAS-006505,PRC-006035,2025-05-20,recebimento_denuncia,INS-001525,Recebida denúncia em parte (1ª turma),FNT-000231
FAS-006506,PRC-006038,2024-08-19,recebimento_denuncia,INS-001525,Recebida denúncia (1ª turma),FNT-000231
FAS-006507,PRC-006039,2024-09-18,recebimento_denuncia,INS-001525,Recebida denúncia (1ª turma),FNT-000231
FAS-006508,PRC-006040,2026-03-02,recebimento_denuncia,INS-001525,Recebida denúncia (1ª turma),FNT-000231
FAS-006509,PRC-006041,2024-08-19,recebimento_denuncia,INS-001525,Recebida denúncia (1ª turma),FNT-000231
FAS-006510,PRC-006042,2025-12-22,recebimento_denuncia,INS-001525,Recebida denúncia (1ª turma),FNT-000231
FAS-006511,PRC-006044,2024-02-26,arquivamento_inquerito,INS-001525,Determinado arquivamento (monocrática),FNT-000231
FAS-006512,PRC-006046,2025-10-30,extincao_punibilidade,INS-001525,Declarada a extinção da punibilidade (monocrática),FNT-000231
FAS-006513,PRC-006046,2025-11-13,extincao_punibilidade,INS-001525,Declarada a extinção da punibilidade (monocrática),FNT-000231
FAS-006514,PRC-006047,2026-03-30,recebimento_denuncia,INS-001525,Recebida denúncia (1ª turma),FNT-000231
FAS-006515,PRC-006048,2025-03-05,recebimento_denuncia,INS-001525,Recebida denúncia (1ª turma),FNT-000231
FAS-006516,PRC-006049,2024-01-12,arquivamento_inquerito,INS-001525,Determinado arquivamento (monocrática),FNT-000231
FAS-006517,PRC-006050,2024-10-21,recebimento_denuncia,INS-001525,Recebida denúncia (1ª turma),FNT-000231
FAS-006518,PRC-006051,2024-05-20,recebimento_denuncia,INS-001525,Recebida denúncia (1ª turma),FNT-000231
FAS-006519,PRC-006052,2024-05-20,recebimento_denuncia,INS-001525,Recebida denúncia (1ª turma),FNT-000231
FAS-006520,PRC-006053,2024-05-20,recebimento_denuncia,INS-001525,Recebida denúncia (1ª turma),FNT-000231
FAS-006521,PRC-006054,2025-10-01,arquivamento_inquerito,INS-001525,Determinado arquivamento (monocrática),FNT-000231
FAS-006522,PRC-006054,2025-12-02,recebimento_denuncia,INS-001525,Recebida denúncia (1ª turma),FNT-000231
FAS-006523,PRC-006055,2024-02-28,declinio_competencia,INS-001525,Declinada a competência (monocrática),FNT-000231
FAS-006524,PRC-006058,2025-03-31,arquivamento_inquerito,INS-001525,Determinado arquivamento (monocrática),FNT-000231
FAS-006525,PRC-006062,2026-07-23,declinio_competencia,INS-001525,Declinada a competência (monocrática),FNT-000231
FAS-006526,PRC-006071,2025-12-16,recebimento_denuncia,INS-001525,Recebida denúncia (1ª turma),FNT-000231
FAS-006527,PRC-006078,2026-03-30,recebimento_denuncia,INS-001525,Recebida denúncia (1ª turma),FNT-000231
FAS-006528,PRC-006078,2026-04-09,recebimento_denuncia,INS-001525,Recebida denúncia (1ª turma),FNT-000231
FAS-006529,PRC-006085,2025-12-09,recebimento_denuncia,INS-001525,Recebida denúncia (1ª turma),FNT-000231
FAS-006530,PRC-006086,2025-12-22,recebimento_denuncia,INS-001525,Recebida denúncia (1ª turma),FNT-000231
FAS-006531,PRC-006090,2024-06-11,recebimento_denuncia,INS-001525,Recebida denúncia (1ª turma),FNT-000231
FAS-006532,PRC-006093,2025-12-02,recebimento_denuncia,INS-001525,Recebida denúncia (1ª turma),FNT-000231
FAS-006533,PRC-006098,2024-03-22,arquivamento_inquerito,INS-001525,Determinado arquivamento (monocrática),FNT-000231
FAS-006534,PRC-006099,2024-03-15,arquivamento_inquerito,INS-001525,Determinado arquivamento (monocrática),FNT-000231
FAS-006535,PRC-006103,2024-03-06,arquivamento_inquerito,INS-001525,Determinado arquivamento (monocrática),FNT-000231
FAS-006536,PRC-006104,2026-03-09,recebimento_denuncia,INS-001525,Recebida denúncia (1ª turma),FNT-000231
FAS-006537,PRC-006104,2026-05-27,extincao_punibilidade,INS-001525,Declarada a extinção da punibilidade (monocrática),FNT-000231
FAS-006538,PRC-006128,2025-12-16,recebimento_denuncia,INS-001525,Recebida denúncia (1ª turma),FNT-000231
FAS-006539,PRC-006129,2025-08-25,recebimento_denuncia,INS-001525,Recebida denúncia (1ª turma),FNT-000231
FAS-006540,PRC-006133,2024-09-02,recebimento_denuncia,INS-001525,Recebida denúncia (1ª turma),FNT-000231
FAS-006541,PRC-006136,2025-02-12,arquivamento_inquerito,INS-001525,Determinado arquivamento (monocrática),FNT-000231
FAS-006542,PRC-006141,2024-09-18,recebimento_denuncia,INS-001525,Recebida denúncia (1ª turma),FNT-000231
FAS-006543,PRC-006142,2024-08-26,recebimento_denuncia,INS-001525,Recebida denúncia (1ª turma),FNT-000231
FAS-006544,PRC-006144,2024-08-12,recebimento_denuncia,INS-001525,Recebida denúncia (1ª turma),FNT-000231
FAS-006545,PRC-006147,2024-08-07,recebimento_denuncia,INS-001525,Recebida denúncia (1ª turma),FNT-000231
FAS-006546,PRC-006149,2024-09-30,recebimento_denuncia,INS-001525,Recebida denúncia (1ª turma),FNT-000231
FAS-006547,PRC-006150,2026-04-22,recebimento_denuncia,INS-001525,Recebida denúncia (1ª turma),FNT-000231
FAS-006548,PRC-006155,2024-06-20,arquivamento_inquerito,INS-001525,Determinado arquivamento (monocrática),FNT-000231
FAS-006549,PRC-006156,2026-01-19,declinio_competencia,INS-001525,Declinada a competência (monocrática),FNT-000231
FAS-006550,PRC-006174,2024-07-01,recebimento_denuncia,INS-001525,Recebida denúncia (1ª turma),FNT-000231
FAS-006551,PRC-006175,2024-06-24,recebimento_denuncia,INS-001525,Recebida denúncia (1ª turma),FNT-000231
FAS-006552,PRC-006178,2024-08-19,recebimento_denuncia,INS-001525,Recebida denúncia (1ª turma),FNT-000231
FAS-006553,PRC-006182,2024-04-17,declinio_competencia,INS-001525,Declinada a competência (monocrática),FNT-000231
FAS-006554,PRC-006185,2024-04-27,arquivamento_inquerito,INS-001525,Determinado arquivamento (monocrática),FNT-000231
FAS-006555,PRC-006192,2025-06-16,recebimento_denuncia,INS-001525,Recebida denúncia (1ª turma),FNT-000231
FAS-006556,PRC-006194,2025-02-04,recebimento_denuncia,INS-001525,Recebida denúncia (1ª turma),FNT-000231
FAS-006557,PRC-006195,2024-06-24,recebimento_denuncia,INS-001525,Recebida denúncia (1ª turma),FNT-000231
FAS-006558,PRC-006196,2024-09-09,recebimento_denuncia,INS-001525,Recebida denúncia (1ª turma),FNT-000231
FAS-006559,PRC-006201,2024-04-30,declinio_competencia,INS-001525,Declinada a competência (monocrática),FNT-000231
FAS-006560,PRC-006203,2026-03-09,recebimento_denuncia,INS-001525,Recebida denúncia (1ª turma),FNT-000231
FAS-006561,PRC-006205,2026-08-24,recebimento_denuncia,INS-001525,Recebida denúncia (1ª turma),FNT-000231
FAS-006562,PRC-006205,2026-08-31,recebimento_denuncia,INS-001525,Recebida denúncia (1ª turma),FNT-000231
FAS-006563,PRC-006205,2026-08-31,recebimento_denuncia,INS-001525,Recebida denúncia (1ª turma),FNT-000231
FAS-006564,PRC-006207,2025-11-25,arquivamento_inquerito,INS-001525,Determinado arquivamento (monocrática),FNT-000231
FAS-006565,PRC-006208,2024-08-26,recebimento_denuncia,INS-001525,Recebida denúncia (1ª turma),FNT-000231
FAS-006566,PRC-006217,2025-12-22,recebimento_denuncia,INS-001525,Recebida denúncia (1ª turma),FNT-000231
FAS-006567,PRC-006220,2026-08-24,recebimento_denuncia,INS-001525,Recebida denúncia (1ª turma),FNT-000231
FAS-006568,PRC-006220,2026-08-24,recebimento_denuncia,INS-001525,Recebida denúncia (1ª turma),FNT-000231
FAS-006569,PRC-006222,2025-09-05,arquivamento_inquerito,INS-001525,Determinado arquivamento (monocrática),FNT-000231
FAS-006570,PRC-006222,2025-12-16,recebimento_denuncia,INS-001525,Recebida denúncia (1ª turma),FNT-000231
FAS-006571,PRC-006224,2025-08-19,recebimento_denuncia,INS-001525,Recebida denúncia (1ª turma),FNT-000231
FAS-006572,PRC-006227,2025-12-02,recebimento_denuncia,INS-001525,Recebida denúncia (1ª turma),FNT-000231
FAS-006573,PRC-006227,2025-12-02,recebimento_denuncia,INS-001525,Recebida denúncia (1ª turma),FNT-000231
FAS-006574,PRC-006227,2025-12-22,recebimento_denuncia,INS-001525,Recebida denúncia (1ª turma),FNT-000231
FAS-006575,PRC-006227,2025-12-22,recebimento_denuncia,INS-001525,Recebida denúncia (1ª turma),FNT-000231
FAS-006576,PRC-006229,2025-08-15,arquivamento_inquerito,INS-001525,Determinado arquivamento (monocrática),FNT-000231
FAS-006577,PRC-006229,2025-12-16,recebimento_denuncia,INS-001525,Recebida denúncia (1ª turma),FNT-000231
FAS-006578,PRC-006230,2024-07-01,recebimento_denuncia,INS-001525,Recebida denúncia (1ª turma),FNT-000231
FAS-006579,PRC-006232,2025-07-01,recebimento_denuncia,INS-001525,Recebida denúncia (1ª turma),FNT-000231
FAS-006580,PRC-006233,2024-08-26,recebimento_denuncia,INS-001525,Recebida denúncia (1ª turma),FNT-000231
FAS-006581,PRC-006235,2025-12-02,recebimento_denuncia,INS-001525,Recebida denúncia (1ª turma),FNT-000231
FAS-006582,PRC-006236,2024-08-26,recebimento_denuncia,INS-001525,Recebida denúncia (1ª turma),FNT-000231
FAS-006583,PRC-006237,2026-02-25,recebimento_denuncia,INS-001525,Recebida denúncia (1ª turma),FNT-000231
FAS-006584,PRC-006238,2024-11-12,recebimento_denuncia,INS-001525,Recebida denúncia (1ª turma),FNT-000231
FAS-006585,PRC-006239,2025-10-24,arquivamento_inquerito,INS-001525,Determinado arquivamento (monocrática),FNT-000231
FAS-006586,PRC-006239,2025-12-22,recebimento_denuncia,INS-001525,Recebida denúncia (1ª turma),FNT-000231
FAS-006587,PRC-006242,2024-08-19,recebimento_denuncia,INS-001525,Recebida denúncia (1ª turma),FNT-000231
FAS-006588,PRC-006243,2024-08-19,recebimento_denuncia,INS-001525,Recebida denúncia (1ª turma),FNT-000231
FAS-006589,PRC-006244,2024-08-19,recebimento_denuncia,INS-001525,Recebida denúncia (1ª turma),FNT-000231
FAS-006590,PRC-006246,2025-12-02,recebimento_denuncia,INS-001525,Recebida denúncia (1ª turma),FNT-000231
FAS-006591,PRC-006247,2024-09-02,recebimento_denuncia,INS-001525,Recebida denúncia (1ª turma),FNT-000231
FAS-006592,PRC-006248,2024-08-12,recebimento_denuncia,INS-001525,Recebida denúncia (1ª turma),FNT-000231
FAS-006593,PRC-006255,2025-02-17,recebimento_denuncia,INS-001525,Recebida denúncia (1ª turma),FNT-000231
FAS-006594,PRC-006257,2025-02-04,arquivamento_inquerito,INS-001525,Determinado arquivamento (monocrática),FNT-000231
FAS-006595,PRC-006258,2024-11-27,recebimento_denuncia,INS-001525,Recebida denúncia (1ª turma),FNT-000231
FAS-006596,PRC-006260,2024-11-27,recebimento_denuncia,INS-001525,Recebida denúncia (1ª turma),FNT-000231
FAS-006597,PRC-006261,2025-02-04,recebimento_denuncia,INS-001525,Recebida denúncia (1ª turma),FNT-000231
FAS-006598,PRC-006270,2026-03-02,recebimento_denuncia,INS-001525,Recebida denúncia (1ª turma),FNT-000231
FAS-006599,PRC-006271,2025-12-22,recebimento_denuncia,INS-001525,Recebida denúncia (1ª turma),FNT-000231
FAS-006600,PRC-006272,2024-10-28,recebimento_denuncia,INS-001525,Recebida denúncia (1ª turma),FNT-000231
FAS-006601,PRC-006273,2024-09-30,recebimento_denuncia,INS-001525,Recebida denúncia (1ª turma),FNT-000231
FAS-006602,PRC-006274,2026-08-24,recebimento_denuncia,INS-001525,Recebida denúncia (1ª turma),FNT-000231
FAS-006603,PRC-006278,2026-01-27,arquivamento_inquerito,INS-001525,Determinado arquivamento (monocrática),FNT-000231
FAS-006604,PRC-006278,2026-03-09,recebimento_denuncia,INS-001525,Recebida denúncia (1ª turma),FNT-000231
FAS-006605,PRC-006279,2024-10-07,recebimento_denuncia,INS-001525,Recebida denúncia (1ª turma),FNT-000231
FAS-006606,PRC-006279,2024-11-19,recebimento_denuncia,INS-001525,Recebida denúncia (1ª turma),FNT-000231
FAS-006607,PRC-006280,2024-08-19,recebimento_denuncia,INS-001525,Recebida denúncia (1ª turma),FNT-000231
FAS-006608,PRC-006285,2024-08-19,recebimento_denuncia,INS-001525,Recebida denúncia (1ª turma),FNT-000231
FAS-006609,PRC-006287,2025-03-24,recebimento_denuncia,INS-001525,Recebida denúncia (1ª turma),FNT-000231
FAS-006610,PRC-006288,2024-08-26,recebimento_denuncia,INS-001525,Recebida denúncia (1ª turma),FNT-000231
FAS-006611,PRC-006291,2024-06-06,arquivamento_inquerito,INS-001525,Determinado arquivamento (monocrática),FNT-000231
FAS-006612,PRC-006292,2024-09-18,recebimento_denuncia,INS-001525,Recebida denúncia (1ª turma),FNT-000231
FAS-006613,PRC-006293,2025-07-01,recebimento_denuncia,INS-001525,Recebida denúncia (1ª turma),FNT-000231
FAS-006614,PRC-006294,2024-08-19,recebimento_denuncia,INS-001525,Recebida denúncia (1ª turma),FNT-000231
FAS-006615,PRC-006298,2025-06-16,recebimento_denuncia,INS-001525,Recebida denúncia (1ª turma),FNT-000231
FAS-006616,PRC-006299,2025-12-22,recebimento_denuncia,INS-001525,Recebida denúncia (1ª turma),FNT-000231
FAS-006617,PRC-006299,2025-12-22,recebimento_denuncia,INS-001525,Recebida denúncia (1ª turma),FNT-000231
FAS-006618,PRC-006299,2025-12-22,recebimento_denuncia,INS-001525,Recebida denúncia (1ª turma),FNT-000231
FAS-006619,PRC-006302,2024-06-25,declinio_competencia,INS-001525,Declinada a competência (monocrática),FNT-000231
FAS-006620,PRC-006303,2024-08-26,recebimento_denuncia,INS-001525,Recebida denúncia (1ª turma),FNT-000231
FAS-006621,PRC-006311,2024-06-20,declinio_competencia,INS-001525,Declinada a competência (monocrática),FNT-000231
FAS-006622,PRC-006313,2025-06-05,arquivamento_inquerito,INS-001525,Determinado arquivamento (monocrática),FNT-000231
FAS-006623,PRC-006323,2024-10-14,recebimento_denuncia,INS-001525,Recebida denúncia (1ª turma),FNT-000231
FAS-006624,PRC-006324,2024-08-26,recebimento_denuncia,INS-001525,Recebida denúncia (1ª turma),FNT-000231
FAS-006625,PRC-006324,2024-09-09,recebimento_denuncia,INS-001525,Recebida denúncia (1ª turma),FNT-000231
FAS-006626,PRC-006325,2024-11-27,recebimento_denuncia,INS-001525,Recebida denúncia (1ª turma),FNT-000231
FAS-006627,PRC-006326,2024-10-07,recebimento_denuncia,INS-001525,Recebida denúncia (1ª turma),FNT-000231
FAS-006628,PRC-006327,2024-12-02,recebimento_denuncia,INS-001525,Recebida denúncia (1ª turma),FNT-000231
FAS-006629,PRC-006328,2024-09-02,recebimento_denuncia,INS-001525,Recebida denúncia (1ª turma),FNT-000231
FAS-006630,PRC-006329,2025-03-24,recebimento_denuncia,INS-001525,Recebida denúncia (1ª turma),FNT-000231
FAS-006631,PRC-006331,2024-08-26,recebimento_denuncia,INS-001525,Recebida denúncia (1ª turma),FNT-000231
FAS-006632,PRC-006334,2026-04-29,recebimento_denuncia,INS-001525,Recebida denúncia (1ª turma),FNT-000231
FAS-006633,PRC-006335,2024-08-26,recebimento_denuncia,INS-001525,Recebida denúncia (1ª turma),FNT-000231
FAS-006634,PRC-006336,2024-09-09,recebimento_denuncia,INS-001525,Recebida denúncia (1ª turma),FNT-000231
FAS-006635,PRC-006337,2024-08-26,recebimento_denuncia,INS-001525,Recebida denúncia (1ª turma),FNT-000231
FAS-006636,PRC-006338,2024-10-07,recebimento_denuncia,INS-001525,Recebida denúncia (1ª turma),FNT-000231
FAS-006637,PRC-006339,2024-09-27,recebimento_denuncia,INS-001525,Recebida denúncia (1ª turma),FNT-000231
FAS-006638,PRC-006340,2024-09-18,recebimento_denuncia,INS-001525,Recebida denúncia (1ª turma),FNT-000231
FAS-006639,PRC-006341,2025-04-07,recebimento_denuncia,INS-001525,Recebida denúncia (1ª turma),FNT-000231
FAS-006640,PRC-006342,2024-09-09,recebimento_denuncia,INS-001525,Recebida denúncia (1ª turma),FNT-000231
FAS-006641,PRC-006343,2026-08-24,recebimento_denuncia,INS-001525,Recebida denúncia (1ª turma),FNT-000231
FAS-006642,PRC-006343,2026-08-24,recebimento_denuncia,INS-001525,Recebida denúncia (1ª turma),FNT-000231
FAS-006643,PRC-006344,2025-03-12,recebimento_denuncia,INS-001525,Recebida denúncia (1ª turma),FNT-000231
FAS-006644,PRC-006346,2024-11-27,recebimento_denuncia,INS-001525,Recebida denúncia (1ª turma),FNT-000231
FAS-006645,PRC-006350,2025-12-16,recebimento_denuncia,INS-001525,Recebida denúncia (1ª turma),FNT-000231
FAS-006646,PRC-006354,2024-12-02,recebimento_denuncia,INS-001525,Recebida denúncia (1ª turma),FNT-000231
FAS-006647,PRC-006355,2024-10-14,recebimento_denuncia,INS-001525,Recebida denúncia (1ª turma),FNT-000231
FAS-006648,PRC-006356,2026-04-29,recebimento_denuncia,INS-001525,Recebida denúncia (1ª turma),FNT-000231
FAS-006649,PRC-006357,2024-10-28,recebimento_denuncia,INS-001525,Recebida denúncia (1ª turma),FNT-000231
FAS-006650,PRC-006361,2025-03-24,recebimento_denuncia,INS-001525,Recebida denúncia (1ª turma),FNT-000231
FAS-006651,PRC-006362,2024-09-17,arquivamento_inquerito,INS-001525,Determinado arquivamento (monocrática),FNT-000231
FAS-006652,PRC-006362,2024-12-23,arquivamento_inquerito,INS-001525,Determinado arquivamento (monocrática),FNT-000231
FAS-006653,PRC-006363,2024-10-14,recebimento_denuncia,INS-001525,Recebida denúncia (1ª turma),FNT-000231
FAS-006654,PRC-006364,2024-10-14,recebimento_denuncia,INS-001525,Recebida denúncia (1ª turma),FNT-000231
FAS-006655,PRC-006365,2024-10-28,recebimento_denuncia,INS-001525,Recebida denúncia (1ª turma),FNT-000231
FAS-006656,PRC-006366,2026-03-16,recebimento_denuncia,INS-001525,Recebida denúncia (1ª turma),FNT-000231
FAS-006657,PRC-006367,2024-09-27,recebimento_denuncia,INS-001525,Recebida denúncia (1ª turma),FNT-000231
FAS-006658,PRC-006371,2024-10-21,recebimento_denuncia,INS-001525,Recebida denúncia (1ª turma),FNT-000231
FAS-006659,PRC-006375,2024-12-02,recebimento_denuncia,INS-001525,Recebida denúncia (1ª turma),FNT-000231
FAS-006660,PRC-006375,2024-12-02,recebimento_denuncia,INS-001525,Recebida denúncia (1ª turma),FNT-000231
FAS-006661,PRC-006377,2024-10-14,recebimento_denuncia,INS-001525,Recebida denúncia (1ª turma),FNT-000231
FAS-006662,PRC-006383,2025-07-01,recebimento_denuncia,INS-001525,Recebida denúncia (1ª turma),FNT-000231
FAS-006663,PRC-006384,2025-03-17,recebimento_denuncia,INS-001525,Recebida denúncia (1ª turma),FNT-000231
FAS-006664,PRC-006385,2024-10-28,recebimento_denuncia,INS-001525,Recebida denúncia (1ª turma),FNT-000231
FAS-006665,PRC-006386,2024-10-21,recebimento_denuncia,INS-001525,Recebida denúncia (1ª turma),FNT-000231
FAS-006666,PRC-006388,2025-12-09,recebimento_denuncia,INS-001525,Recebida denúncia (1ª turma),FNT-000231
FAS-006667,PRC-006390,2025-12-22,recebimento_denuncia,INS-001525,Recebida denúncia (1ª turma),FNT-000231
FAS-006668,PRC-006391,2026-06-10,recebimento_denuncia,INS-001525,Recebida denúncia (1ª turma),FNT-000231
FAS-006669,PRC-006394,2024-11-27,recebimento_denuncia,INS-001525,Recebida denúncia (1ª turma),FNT-000231
FAS-006670,PRC-006399,2024-10-14,recebimento_denuncia,INS-001525,Recebida denúncia (1ª turma),FNT-000231
FAS-006671,PRC-006400,2024-12-09,recebimento_denuncia,INS-001525,Recebida denúncia (1ª turma),FNT-000231
FAS-006672,PRC-006401,2024-10-21,recebimento_denuncia,INS-001525,Recebida denúncia (1ª turma),FNT-000231
FAS-006673,PRC-006405,2024-09-25,declinio_competencia,INS-001525,Declinada a competência (monocrática),FNT-000231
FAS-006674,PRC-006406,2024-09-25,declinio_competencia,INS-001525,Declinada a competência (monocrática),FNT-000231
FAS-006675,PRC-006407,2024-09-25,declinio_competencia,INS-001525,Declinada a competência (monocrática),FNT-000231
FAS-006676,PRC-006408,2024-09-25,declinio_competencia,INS-001525,Declinada a competência (monocrática),FNT-000231
FAS-006677,PRC-006409,2024-09-25,declinio_competencia,INS-001525,Declinada a competência (monocrática),FNT-000231
FAS-006678,PRC-006410,2024-09-25,declinio_competencia,INS-001525,Declinada a competência (monocrática),FNT-000231
FAS-006679,PRC-006411,2024-09-25,declinio_competencia,INS-001525,Declinada a competência (monocrática),FNT-000231
FAS-006680,PRC-006412,2024-09-25,declinio_competencia,INS-001525,Declinada a competência (monocrática),FNT-000231
FAS-006681,PRC-006413,2024-09-17,arquivamento_inquerito,INS-001525,Determinado arquivamento (monocrática),FNT-000231
FAS-006682,PRC-006416,2024-11-06,recebimento_denuncia,INS-001525,Recebida denúncia (1ª turma),FNT-000231
FAS-006683,PRC-006418,2025-12-02,recebimento_denuncia,INS-001525,Recebida denúncia (1ª turma),FNT-000231
FAS-006684,PRC-006419,2024-10-28,recebimento_denuncia,INS-001525,Recebida denúncia (1ª turma),FNT-000231
FAS-006685,PRC-006420,2024-11-19,recebimento_denuncia,INS-001525,Recebida denúncia (1ª turma),FNT-000231
FAS-006686,PRC-006422,2025-12-16,recebimento_denuncia,INS-001525,Recebida denúncia (1ª turma),FNT-000231
FAS-006687,PRC-006426,2025-08-13,arquivamento_inquerito,INS-001525,Determinado arquivamento (monocrática),FNT-000231
FAS-006688,PRC-006427,2025-12-22,recebimento_denuncia,INS-001525,Recebida denúncia (1ª turma),FNT-000231
FAS-006689,PRC-006432,2024-10-28,recebimento_denuncia,INS-001525,Recebida denúncia (1ª turma),FNT-000231
FAS-006690,PRC-006433,2024-11-19,recebimento_denuncia,INS-001525,Recebida denúncia (1ª turma),FNT-000231
FAS-006691,PRC-006434,2024-11-27,recebimento_denuncia,INS-001525,Recebida denúncia (1ª turma),FNT-000231
FAS-006692,PRC-006435,2025-12-22,recebimento_denuncia,INS-001525,Recebida denúncia (1ª turma),FNT-000231
FAS-006693,PRC-006436,2026-04-29,recebimento_denuncia,INS-001525,Recebida denúncia (1ª turma),FNT-000231
FAS-006694,PRC-006437,2024-09-03,arquivamento_inquerito,INS-001525,Determinado arquivamento (monocrática),FNT-000231
FAS-006695,PRC-006441,2024-09-16,declinio_competencia,INS-001525,Declinada a competência (monocrática),FNT-000231
FAS-006696,PRC-006442,2025-02-04,recebimento_denuncia,INS-001525,Recebida denúncia (1ª turma),FNT-000231
FAS-006697,PRC-006444,2024-09-16,declinio_competencia,INS-001525,Declinada a competência (monocrática),FNT-000231
FAS-006698,PRC-006445,2025-11-17,recebimento_denuncia,INS-001525,Recebida denúncia (1ª turma),FNT-000231
FAS-006699,PRC-006451,2025-12-22,recebimento_denuncia,INS-001525,Recebida denúncia (1ª turma),FNT-000231
FAS-006700,PRC-006452,2026-03-02,recebimento_denuncia,INS-001525,Recebida denúncia (1ª turma),FNT-000231
FAS-006701,PRC-006453,2025-12-16,recebimento_denuncia,INS-001525,Recebida denúncia (1ª turma),FNT-000231
FAS-006702,PRC-006454,2025-02-17,recebimento_denuncia,INS-001525,Recebida denúncia (1ª turma),FNT-000231
FAS-006703,PRC-006458,2025-12-16,recebimento_denuncia,INS-001525,Recebida denúncia (1ª turma),FNT-000231
FAS-006704,PRC-006460,2024-11-19,recebimento_denuncia,INS-001525,Recebida denúncia (1ª turma),FNT-000231
FAS-006705,PRC-006462,2024-11-19,recebimento_denuncia,INS-001525,Recebida denúncia (1ª turma),FNT-000231
FAS-006706,PRC-006467,2025-02-17,recebimento_denuncia,INS-001525,Recebida denúncia (1ª turma),FNT-000231
FAS-006707,PRC-006477,2026-04-29,arquivamento_inquerito,INS-001525,Determinado arquivamento (monocrática),FNT-000231
FAS-006708,PRC-006480,2025-02-04,recebimento_denuncia,INS-001525,Recebida denúncia (1ª turma),FNT-000231
FAS-006709,PRC-006483,2026-07-03,arquivamento_inquerito,INS-001525,Determinado arquivamento (monocrática),FNT-000231
FAS-006710,PRC-006485,2025-02-24,recebimento_denuncia,INS-001525,Recebida denúncia (1ª turma),FNT-000231
FAS-006711,PRC-006503,2025-05-12,arquivamento_inquerito,INS-001525,Determinado arquivamento (monocrática),FNT-000231
FAS-006712,PRC-006505,2026-08-27,arquivamento_inquerito,INS-001525,Determinado arquivamento (monocrática),FNT-000231
FAS-006713,PRC-006510,2026-08-25,arquivamento_inquerito,INS-001525,Determinado arquivamento (monocrática),FNT-000231
FAS-006714,PRC-006515,2024-11-05,arquivamento_inquerito,INS-001525,Determinado arquivamento (monocrática),FNT-000231
FAS-006715,PRC-006516,2024-10-30,arquivamento_inquerito,INS-001525,Determinado arquivamento (monocrática),FNT-000231
FAS-006716,PRC-006517,2024-10-23,arquivamento_inquerito,INS-001525,Determinado arquivamento (monocrática),FNT-000231
FAS-006717,PRC-006518,2024-10-30,arquivamento_inquerito,INS-001525,Determinado arquivamento (monocrática),FNT-000231
FAS-006718,PRC-006519,2024-10-30,arquivamento_inquerito,INS-001525,Determinado arquivamento (monocrática),FNT-000231
FAS-006719,PRC-006521,2025-02-17,recebimento_denuncia,INS-001525,Recebida denúncia (1ª turma),FNT-000231
FAS-006720,PRC-006522,2026-02-25,recebimento_denuncia,INS-001525,Recebida denúncia (1ª turma),FNT-000231
FAS-006721,PRC-006523,2025-03-24,recebimento_denuncia,INS-001525,Recebida denúncia (1ª turma),FNT-000231
FAS-006722,PRC-006524,2025-03-24,recebimento_denuncia,INS-001525,Recebida denúncia (1ª turma),FNT-000231
FAS-006723,PRC-006530,2025-03-17,recebimento_denuncia,INS-001525,Recebida denúncia (1ª turma),FNT-000231
FAS-006724,PRC-006530,2025-03-17,recebimento_denuncia,INS-001525,Recebida denúncia (1ª turma),FNT-000231
FAS-006725,PRC-006530,2025-03-17,recebimento_denuncia,INS-001525,Recebida denúncia (1ª turma),FNT-000231
FAS-006726,PRC-006530,2025-03-17,recebimento_denuncia,INS-001525,Recebida denúncia (1ª turma),FNT-000231
FAS-006727,PRC-006530,2025-03-17,recebimento_denuncia,INS-001525,Recebida denúncia (1ª turma),FNT-000231
FAS-006728,PRC-006530,2025-03-17,recebimento_denuncia,INS-001525,Recebida denúncia (1ª turma),FNT-000231
FAS-006729,PRC-006530,2025-03-17,recebimento_denuncia,INS-001525,Recebida denúncia (1ª turma),FNT-000231
FAS-006730,PRC-006530,2025-03-24,recebimento_denuncia,INS-001525,Recebida denúncia (1ª turma),FNT-000231
FAS-006731,PRC-006531,2026-07-20,arquivamento_inquerito,INS-001525,Determinado arquivamento (monocrática),FNT-000231
FAS-006732,PRC-006532,2026-07-20,arquivamento_inquerito,INS-001525,Determinado arquivamento (monocrática),FNT-000231
FAS-006733,PRC-006533,2026-07-20,arquivamento_inquerito,INS-001525,Determinado arquivamento (monocrática),FNT-000231
FAS-006734,PRC-006538,2025-03-12,recebimento_denuncia,INS-001525,Recebida denúncia (1ª turma),FNT-000231
FAS-006735,PRC-006543,2025-12-02,recebimento_denuncia,INS-001525,Recebida denúncia (1ª turma),FNT-000231
FAS-006736,PRC-006546,2025-12-16,recebimento_denuncia,INS-001525,Recebida denúncia (1ª turma),FNT-000231
FAS-006737,PRC-006547,2025-05-20,extincao_punibilidade,INS-001525,Declarada a extinção da punibilidade (monocrática),FNT-000231
FAS-006738,PRC-006553,2025-09-24,arquivamento_inquerito,INS-001525,Determinado arquivamento (monocrática),FNT-000231
FAS-006739,PRC-006555,2025-03-12,recebimento_denuncia,INS-001525,Recebida denúncia (1ª turma),FNT-000231
FAS-006740,PRC-006559,2024-12-19,declinio_competencia,INS-001525,Declinada a competência (monocrática),FNT-000231
FAS-006741,PRC-006562,2025-03-07,arquivamento_inquerito,INS-001525,Determinado arquivamento (monocrática),FNT-000231
FAS-006742,PRC-006564,2025-12-16,recebimento_denuncia,INS-001525,Recebida denúncia (1ª turma),FNT-000231
FAS-006743,PRC-006566,2026-05-15,arquivamento_inquerito,INS-001525,Determinado arquivamento (monocrática),FNT-000231
FAS-006744,PRC-006567,2026-03-06,arquivamento_inquerito,INS-001525,Determinado arquivamento (monocrática),FNT-000231
FAS-006745,PRC-006569,2025-12-22,recebimento_denuncia,INS-001525,Recebida denúncia (1ª turma),FNT-000231
FAS-006746,PRC-006569,2025-12-22,recebimento_denuncia,INS-001525,Recebida denúncia (1ª turma),FNT-000231
FAS-006747,PRC-006569,2025-12-22,recebimento_denuncia,INS-001525,Recebida denúncia (1ª turma),FNT-000231
FAS-006748,PRC-006569,2026-03-09,recebimento_denuncia,INS-001525,Recebida denúncia (1ª turma),FNT-000231
FAS-006749,PRC-006575,2026-03-09,recebimento_denuncia,INS-001525,Recebida denúncia (1ª turma),FNT-000231
FAS-006750,PRC-006580,2025-02-03,extincao_punibilidade,INS-001525,Declarada a extinção da punibilidade (monocrática),FNT-000231
FAS-006751,PRC-006581,2025-03-12,recebimento_denuncia,INS-001525,Recebida denúncia (1ª turma),FNT-000231
FAS-006752,PRC-006582,2025-08-06,recebimento_denuncia,INS-001525,Recebida denúncia (1ª turma),FNT-000231
FAS-006753,PRC-006583,2025-02-03,arquivamento_inquerito,INS-001525,Determinado arquivamento (monocrática),FNT-000231
FAS-006754,PRC-006588,2025-12-09,recebimento_denuncia,INS-001525,Recebida denúncia (1ª turma),FNT-000231
FAS-006755,PRC-006589,2025-10-22,arquivamento_inquerito,INS-001525,Determinado arquivamento (monocrática),FNT-000231
FAS-006756,PRC-006589,2025-12-22,recebimento_denuncia,INS-001525,Recebida denúncia (1ª turma),FNT-000231
FAS-006757,PRC-006590,2025-12-16,recebimento_denuncia,INS-001525,Recebida denúncia (1ª turma),FNT-000231
FAS-006758,PRC-006595,2025-05-12,declinio_competencia,INS-001525,Declinada a competência (monocrática),FNT-000231
FAS-006759,PRC-006600,2026-08-24,recebimento_denuncia,INS-001525,Recebida denúncia (1ª turma),FNT-000231
FAS-006760,PRC-006604,2025-06-23,arquivamento_inquerito,INS-001525,Determinado arquivamento (monocrática),FNT-000231
FAS-006761,PRC-006605,2025-12-02,recebimento_denuncia,INS-001525,Recebida denúncia (1ª turma),FNT-000231
FAS-006762,PRC-006606,2025-12-16,recebimento_denuncia,INS-001525,Recebida denúncia (1ª turma),FNT-000231
FAS-006763,PRC-006614,2025-02-05,declinio_competencia,INS-001525,Declinada a competência (monocrática),FNT-000231
FAS-006764,PRC-006621,2025-12-16,recebimento_denuncia,INS-001525,Recebida denúncia (1ª turma),FNT-000231
FAS-006765,PRC-006622,2025-07-01,recebimento_denuncia,INS-001525,Recebida denúncia (1ª turma),FNT-000231
FAS-006766,PRC-006627,2025-12-02,recebimento_denuncia,INS-001525,Recebida denúncia (1ª turma),FNT-000231
FAS-006767,PRC-006628,2026-02-25,recebimento_denuncia,INS-001525,Recebida denúncia (1ª turma),FNT-000231
FAS-006768,PRC-006628,2026-02-25,recebimento_denuncia,INS-001525,Recebida denúncia (1ª turma),FNT-000231
FAS-006769,PRC-006628,2026-03-09,recebimento_denuncia,INS-001525,Recebida denúncia (1ª turma),FNT-000231
FAS-006770,PRC-006628,2026-03-09,recebimento_denuncia,INS-001525,Recebida denúncia (1ª turma),FNT-000231
FAS-006771,PRC-006635,2025-03-18,arquivamento_inquerito,INS-001525,Determinado arquivamento (monocrática),FNT-000231
FAS-006772,PRC-006636,2026-02-25,recebimento_denuncia,INS-001525,Recebida denúncia (1ª turma),FNT-000231
FAS-006773,PRC-006638,2025-12-16,recebimento_denuncia,INS-001525,Recebida denúncia (1ª turma),FNT-000231
FAS-006774,PRC-006660,2026-03-02,arquivamento_inquerito,INS-001525,Determinado arquivamento (monocrática),FNT-000231
FAS-006775,PRC-006663,2025-12-09,recebimento_denuncia,INS-001525,Recebida denúncia (1ª turma),FNT-000231
FAS-006776,PRC-006664,2025-04-14,declinio_competencia,INS-001525,Declinada a competência (monocrática),FNT-000231
FAS-006777,PRC-006671,2026-08-27,arquivamento_inquerito,INS-001525,Determinado arquivamento (monocrática),FNT-000231
FAS-006778,PRC-006680,2025-03-27,declinio_competencia,INS-001525,Declinada a competência (monocrática),FNT-000231
FAS-006779,PRC-006683,2025-03-27,declinio_competencia,INS-001525,Declinada a competência (monocrática),FNT-000231
FAS-006780,PRC-006684,2025-03-27,declinio_competencia,INS-001525,Declinada a competência (monocrática),FNT-000231
FAS-006781,PRC-006685,2025-03-27,declinio_competencia,INS-001525,Declinada a competência (monocrática),FNT-000231
FAS-006782,PRC-006690,2025-03-19,arquivamento_inquerito,INS-001525,Determinado arquivamento (monocrática),FNT-000231
FAS-006783,PRC-006697,2025-04-04,arquivamento_inquerito,INS-001525,Determinado arquivamento (monocrática),FNT-000231
FAS-006784,PRC-006698,2025-05-20,declinio_competencia,INS-001525,Declinada a competência (monocrática),FNT-000231
FAS-006785,PRC-006704,2025-06-16,recebimento_denuncia,INS-001525,Recebida denúncia (1ª turma),FNT-000231
FAS-006786,PRC-006707,2025-12-02,recebimento_denuncia,INS-001525,Recebida denúncia (1ª turma),FNT-000231
FAS-006787,PRC-006712,2025-03-20,arquivamento_inquerito,INS-001525,Determinado arquivamento (monocrática),FNT-000231
FAS-006788,PRC-006718,2025-05-12,arquivamento_inquerito,INS-001525,Determinado arquivamento (monocrática),FNT-000231
FAS-006789,PRC-006723,2025-10-23,arquivamento_inquerito,INS-001525,Determinado arquivamento (monocrática),FNT-000231
FAS-006790,PRC-006723,2025-11-04,arquivamento_inquerito,INS-001525,Determinado arquivamento (monocrática),FNT-000231
FAS-006791,PRC-006723,2025-12-22,recebimento_denuncia,INS-001525,Recebida denúncia (1ª turma),FNT-000231
FAS-006792,PRC-006723,2025-12-22,recebimento_denuncia,INS-001525,Recebida denúncia (1ª turma),FNT-000231
FAS-006793,PRC-006723,2025-12-22,recebimento_denuncia,INS-001525,Recebida denúncia (1ª turma),FNT-000231
FAS-006794,PRC-006741,2026-06-10,recebimento_denuncia,INS-001525,Recebida denúncia (1ª turma),FNT-000231
FAS-006795,PRC-006746,2025-10-02,declinio_competencia,INS-001525,Declinada a competência (monocrática),FNT-000231
FAS-006796,PRC-006748,2025-05-01,arquivamento_inquerito,INS-001525,Determinado arquivamento (monocrática),FNT-000231
FAS-006797,PRC-006751,2025-05-26,declinio_competencia,INS-001525,Declinada a competência (monocrática),FNT-000231
FAS-006798,PRC-006767,2025-05-08,declinio_competencia,INS-001525,Declinada a competência (monocrática),FNT-000231
FAS-006799,PRC-006777,2025-08-25,arquivamento_inquerito,INS-001525,Determinado arquivamento (monocrática),FNT-000231
FAS-006800,PRC-006788,2025-08-20,arquivamento_inquerito,INS-001525,Determinado arquivamento (monocrática),FNT-000231
FAS-006801,PRC-006806,2025-08-18,arquivamento_inquerito,INS-001525,Determinado arquivamento (monocrática),FNT-000231
FAS-006802,PRC-006809,2026-07-06,arquivamento_inquerito,INS-001525,Determinado arquivamento (monocrática),FNT-000231
FAS-006803,PRC-006810,2026-06-10,recebimento_denuncia,INS-001525,Recebida denúncia (1ª turma),FNT-000231
FAS-006804,PRC-006811,2026-03-09,recebimento_denuncia,INS-001525,Recebida denúncia (1ª turma),FNT-000231
FAS-006805,PRC-006812,2026-06-10,recebimento_denuncia,INS-001525,Recebida denúncia (1ª turma),FNT-000231
FAS-006806,PRC-006813,2025-12-16,recebimento_denuncia,INS-001525,Recebida denúncia (1ª turma),FNT-000231
FAS-006807,PRC-006815,2026-06-24,arquivamento_inquerito,INS-001525,Determinado arquivamento (monocrática),FNT-000231
FAS-006808,PRC-006816,2026-07-02,arquivamento_inquerito,INS-001525,Determinado arquivamento (monocrática),FNT-000231
FAS-006809,PRC-006816,2026-08-31,recebimento_denuncia,INS-001525,Recebida denúncia (1ª turma),FNT-000231
FAS-006810,PRC-006817,2025-12-22,recebimento_denuncia,INS-001525,Recebida denúncia (1ª turma),FNT-000231
FAS-006811,PRC-006844,2025-12-16,recebimento_denuncia,INS-001525,Recebida denúncia (1ª turma),FNT-000231
FAS-006812,PRC-006852,2025-11-24,declinio_competencia,INS-001525,Declinada a competência (monocrática),FNT-000231
FAS-006813,PRC-006857,2025-09-01,arquivamento_inquerito,INS-001525,Determinado arquivamento (monocrática),FNT-000231
FAS-006814,PRC-006879,2025-12-16,recebimento_denuncia,INS-001525,Recebida denúncia (1ª turma),FNT-000231
FAS-006815,PRC-006894,2025-08-04,arquivamento_inquerito,INS-001525,Determinado arquivamento (monocrática),FNT-000231
FAS-006816,PRC-006900,2026-03-02,recebimento_denuncia,INS-001525,Recebida denúncia (1ª turma),FNT-000231
FAS-006817,PRC-006901,2026-08-24,recebimento_denuncia,INS-001525,Recebida denúncia (1ª turma),FNT-000231
FAS-006818,PRC-006902,2026-03-09,recebimento_denuncia,INS-001525,Recebida denúncia (1ª turma),FNT-000231
FAS-006819,PRC-006903,2026-03-16,recebimento_denuncia,INS-001525,Recebida denúncia (1ª turma),FNT-000231
FAS-006820,PRC-006919,2025-09-10,arquivamento_inquerito,INS-001525,Determinado arquivamento (monocrática),FNT-000231
FAS-006821,PRC-006920,2025-08-20,arquivamento_inquerito,INS-001525,Determinado arquivamento (monocrática),FNT-000231
FAS-006822,PRC-006964,2026-07-02,declinio_competencia,INS-001525,Declinada a competência (monocrática),FNT-000231
FAS-006823,PRC-006966,2025-09-26,declinio_competencia,INS-001525,Declinada a competência (monocrática),FNT-000231
FAS-006824,PRC-006968,2025-09-15,arquivamento_inquerito,INS-001525,Determinado arquivamento (monocrática),FNT-000231
FAS-006825,PRC-006969,2025-12-02,recebimento_denuncia,INS-001525,Recebida denúncia (1ª turma),FNT-000231
FAS-006826,PRC-006970,2026-02-25,recebimento_denuncia,INS-001525,Recebida denúncia (1ª turma),FNT-000231
FAS-006827,PRC-006971,2025-12-16,recebimento_denuncia,INS-001525,Recebida denúncia (1ª turma),FNT-000231
FAS-006828,PRC-006972,2025-09-25,declinio_competencia,INS-001525,Declinada a competência (monocrática),FNT-000231
FAS-006829,PRC-006989,2025-12-22,recebimento_denuncia,INS-001525,Recebida denúncia (1ª turma),FNT-000231
FAS-006830,PRC-006993,2025-12-16,recebimento_denuncia,INS-001525,Recebida denúncia (1ª turma),FNT-000231
FAS-006831,PRC-006994,2025-12-22,recebimento_denuncia,INS-001525,Recebida denúncia (1ª turma),FNT-000231
FAS-006832,PRC-007006,2026-02-25,recebimento_denuncia,INS-001525,Recebida denúncia (1ª turma),FNT-000231
FAS-006833,PRC-007012,2025-10-16,arquivamento_inquerito,INS-001525,Determinado arquivamento (monocrática),FNT-000231
FAS-006834,PRC-007038,2025-10-01,arquivamento_inquerito,INS-001525,Determinado arquivamento (monocrática),FNT-000231
FAS-006835,PRC-007065,2026-03-21,arquivamento_inquerito,INS-001525,Determinado arquivamento (monocrática),FNT-000231
FAS-006836,PRC-007069,2026-03-21,arquivamento_inquerito,INS-001525,Determinado arquivamento (monocrática),FNT-000231
FAS-006837,PRC-007070,2025-12-22,recebimento_denuncia,INS-001525,Recebida denúncia (1ª turma),FNT-000231
FAS-006838,PRC-007076,2026-04-29,arquivamento_inquerito,INS-001525,Determinado arquivamento (monocrática),FNT-000231
FAS-006839,PRC-007077,2026-01-27,arquivamento_inquerito,INS-001525,Determinado arquivamento (monocrática),FNT-000231
FAS-006840,PRC-007078,2026-06-30,arquivamento_inquerito,INS-001525,Determinado arquivamento (monocrática),FNT-000231
FAS-006841,PRC-007081,2026-07-27,arquivamento_inquerito,INS-001525,Determinado arquivamento (monocrática),FNT-000231
FAS-006842,PRC-007092,2026-06-30,arquivamento_inquerito,INS-001525,Determinado arquivamento (monocrática),FNT-000231
FAS-006843,PRC-007093,2026-06-25,arquivamento_inquerito,INS-001525,Determinado arquivamento (monocrática),FNT-000231
FAS-006844,PRC-007098,2025-12-22,recebimento_denuncia,INS-001525,Recebida denúncia (1ª turma),FNT-000231
FAS-006845,PRC-007102,2026-03-21,arquivamento_inquerito,INS-001525,Determinado arquivamento (monocrática),FNT-000231
FAS-006846,PRC-007104,2026-04-08,arquivamento_inquerito,INS-001525,Determinado arquivamento (monocrática),FNT-000231
FAS-006847,PRC-007115,2026-04-08,arquivamento_inquerito,INS-001525,Determinado arquivamento (monocrática),FNT-000231
FAS-006848,PRC-007118,2026-04-29,arquivamento_inquerito,INS-001525,Determinado arquivamento (monocrática),FNT-000231
FAS-006849,PRC-007128,2026-04-29,arquivamento_inquerito,INS-001525,Determinado arquivamento (monocrática),FNT-000231
FAS-006850,PRC-007130,2026-04-17,arquivamento_inquerito,INS-001525,Determinado arquivamento (monocrática),FNT-000231
FAS-006851,PRC-007131,2026-04-29,arquivamento_inquerito,INS-001525,Determinado arquivamento (monocrática),FNT-000231
FAS-006852,PRC-007132,2026-04-29,arquivamento_inquerito,INS-001525,Determinado arquivamento (monocrática),FNT-000231
FAS-006853,PRC-007134,2026-03-27,arquivamento_inquerito,INS-001525,Determinado arquivamento (monocrática),FNT-000231
FAS-006854,PRC-007134,2026-08-24,recebimento_denuncia,INS-001525,Recebida denúncia (1ª turma),FNT-000231
FAS-006855,PRC-007137,2026-04-29,recebimento_denuncia,INS-001525,Recebida denúncia (1ª turma),FNT-000231
FAS-006856,PRC-007145,2025-12-24,declinio_competencia,INS-001525,Declinada a competência (monocrática),FNT-000231
FAS-006857,PRC-007148,2026-05-20,arquivamento_inquerito,INS-001525,Determinado arquivamento (monocrática),FNT-000231
FAS-006858,PRC-007155,2026-04-29,arquivamento_inquerito,INS-001525,Determinado arquivamento (monocrática),FNT-000231
FAS-006859,PRC-007162,2026-05-20,arquivamento_inquerito,INS-001525,Determinado arquivamento (monocrática),FNT-000231
FAS-006860,PRC-007169,2026-05-20,arquivamento_inquerito,INS-001525,Determinado arquivamento (monocrática),FNT-000231
FAS-006861,PRC-007172,2026-03-02,recebimento_denuncia,INS-001525,Recebida denúncia (1ª turma),FNT-000231
FAS-006862,PRC-007173,2026-01-21,arquivamento_inquerito,INS-001525,Determinado arquivamento (monocrática),FNT-000231
FAS-006863,PRC-007201,2026-04-27,declinio_competencia,INS-001525,Declinada a competência (monocrática),FNT-000231
FAS-006864,PRC-007204,2026-03-16,recebimento_denuncia,INS-001525,Recebida denúncia (1ª turma),FNT-000231
FAS-006865,PRC-007207,2026-05-20,arquivamento_inquerito,INS-001525,Determinado arquivamento (monocrática),FNT-000231
FAS-006866,PRC-007209,2026-03-02,recebimento_denuncia,INS-001525,Recebida denúncia (1ª turma),FNT-000231
FAS-006867,PRC-007214,2026-04-15,declinio_competencia,INS-001525,Declinada a competência (monocrática),FNT-000231
FAS-006868,PRC-007220,2026-04-15,declinio_competencia,INS-001525,Declinada a competência (monocrática),FNT-000231
FAS-006869,PRC-007221,2026-03-23,recebimento_denuncia,INS-001525,Recebida denúncia (1ª turma),FNT-000231
FAS-006870,PRC-007222,2026-04-29,recebimento_denuncia,INS-001525,Recebida denúncia em parte (1ª turma),FNT-000231
FAS-006871,PRC-007235,2026-04-27,arquivamento_inquerito,INS-001525,Determinado arquivamento (monocrática),FNT-000231
FAS-006872,PRC-007238,2026-03-09,recebimento_denuncia,INS-001525,Recebida denúncia (1ª turma),FNT-000231
FAS-006873,PRC-007262,2026-07-15,arquivamento_inquerito,INS-001525,Determinado arquivamento (monocrática),FNT-000231
FAS-006874,PRC-007271,2026-09-01,arquivamento_inquerito,INS-001525,Determinado arquivamento (monocrática),FNT-000231
FAS-006875,PRC-007282,2026-07-10,arquivamento_inquerito,INS-001525,Determinado arquivamento (monocrática),FNT-000231
FAS-006876,PRC-007283,2026-04-17,arquivamento_inquerito,INS-001525,Determinado arquivamento (monocrática),FNT-000231
FAS-006877,PRC-007287,2026-08-03,declinio_competencia,INS-001525,Declinada a competência (monocrática),FNT-000231
FAS-006878,PRC-007291,2026-04-17,arquivamento_inquerito,INS-001525,Determinado arquivamento (monocrática),FNT-000231
FAS-006879,PRC-007301,2026-04-17,arquivamento_inquerito,INS-001525,Determinado arquivamento (monocrática),FNT-000231
FAS-006880,PRC-007309,2026-03-21,arquivamento_inquerito,INS-001525,Determinado arquivamento (monocrática),FNT-000231
FAS-006881,PRC-007310,2026-04-17,arquivamento_inquerito,INS-001525,Determinado arquivamento (monocrática),FNT-000231
FAS-006882,PRC-007311,2026-03-17,arquivamento_inquerito,INS-001525,Determinado arquivamento (monocrática),FNT-000231
FAS-006883,PRC-007315,2026-03-20,arquivamento_inquerito,INS-001525,Determinado arquivamento (monocrática),FNT-000231
FAS-006884,PRC-007317,2026-06-25,declinio_competencia,INS-001525,Declinada a competência (monocrática),FNT-000231
FAS-006885,PRC-007318,2026-06-25,declinio_competencia,INS-001525,Declinada a competência (monocrática),FNT-000231
FAS-006886,PRC-007319,2026-04-17,arquivamento_inquerito,INS-001525,Determinado arquivamento (monocrática),FNT-000231
FAS-006887,PRC-007320,2026-04-17,arquivamento_inquerito,INS-001525,Determinado arquivamento (monocrática),FNT-000231
FAS-006888,PRC-007321,2026-04-17,arquivamento_inquerito,INS-001525,Determinado arquivamento (monocrática),FNT-000231
FAS-006889,PRC-007322,2026-04-17,arquivamento_inquerito,INS-001525,Determinado arquivamento (monocrática),FNT-000231
FAS-006890,PRC-007324,2026-04-17,arquivamento_inquerito,INS-001525,Determinado arquivamento (monocrática),FNT-000231
FAS-006891,PRC-007325,2026-04-17,arquivamento_inquerito,INS-001525,Determinado arquivamento (monocrática),FNT-000231
FAS-006892,PRC-007326,2026-04-17,arquivamento_inquerito,INS-001525,Determinado arquivamento (monocrática),FNT-000231
FAS-006893,PRC-007327,2026-04-17,arquivamento_inquerito,INS-001525,Determinado arquivamento (monocrática),FNT-000231
FAS-006894,PRC-007330,2026-03-04,arquivamento_inquerito,INS-001525,Determinado arquivamento (monocrática),FNT-000231
FAS-006895,PRC-007333,2026-04-23,arquivamento_inquerito,INS-001525,Determinado arquivamento (monocrática),FNT-000231
FAS-006896,PRC-007339,2026-04-22,arquivamento_inquerito,INS-001525,Determinado arquivamento (monocrática),FNT-000231
FAS-006897,PRC-007357,2026-06-09,arquivamento_inquerito,INS-001525,Determinado arquivamento (monocrática),FNT-000231
FAS-006898,PRC-007372,2026-04-17,arquivamento_inquerito,INS-001525,Determinado arquivamento (monocrática),FNT-000231
FAS-006899,PRC-007390,2026-04-09,arquivamento_inquerito,INS-001525,Determinado arquivamento (monocrática),FNT-000231
FAS-006900,PRC-007407,2026-04-15,arquivamento_inquerito,INS-001525,Determinado arquivamento (monocrática),FNT-000231
FAS-006901,PRC-007417,2026-04-17,arquivamento_inquerito,INS-001525,Determinado arquivamento (monocrática),FNT-000231
FAS-006902,PRC-007454,2026-05-13,declinio_competencia,INS-001525,Declinada a competência (monocrática),FNT-000231
FAS-006903,PRC-007456,2026-07-15,arquivamento_inquerito,INS-001525,Determinado arquivamento (monocrática),FNT-000231
FAS-006904,PRC-007460,2026-04-15,arquivamento_inquerito,INS-001525,Determinado arquivamento (monocrática),FNT-000231
FAS-006905,PRC-007475,2026-07-15,arquivamento_inquerito,INS-001525,Determinado arquivamento (monocrática),FNT-000231
FAS-006906,PRC-007481,2026-04-22,declinio_competencia,INS-001525,Declinada a competência (monocrática),FNT-000231
FAS-006907,PRC-007485,2026-09-01,arquivamento_inquerito,INS-001525,Determinado arquivamento (monocrática),FNT-000231
FAS-006908,PRC-007504,2026-04-27,declinio_competencia,INS-001525,Declinada a competência (monocrática),FNT-000231
FAS-006909,PRC-007509,2026-04-28,declinio_competencia,INS-001525,Declinada a competência (monocrática),FNT-000231
FAS-006910,PRC-007510,2026-09-01,arquivamento_inquerito,INS-001525,Determinado arquivamento (monocrática),FNT-000231
FAS-006911,PRC-007512,2026-04-23,declinio_competencia,INS-001525,Declinada a competência (monocrática),FNT-000231
FAS-006912,PRC-007513,2026-07-13,arquivamento_inquerito,INS-001525,Determinado arquivamento (monocrática),FNT-000231
FAS-006913,PRC-007522,2026-06-30,arquivamento_inquerito,INS-001525,Determinado arquivamento (monocrática),FNT-000231
FAS-006914,PRC-007525,2026-06-12,arquivamento_inquerito,INS-001525,Determinado arquivamento (monocrática),FNT-000231
FAS-006915,PRC-007529,2026-05-26,declinio_competencia,INS-001525,Declinada a competência (monocrática),FNT-000231
FAS-006916,PRC-007531,2026-05-04,arquivamento_inquerito,INS-001525,Determinado arquivamento (monocrática),FNT-000231
FAS-006917,PRC-007554,2026-05-13,arquivamento_inquerito,INS-001525,Determinado arquivamento (monocrática),FNT-000231
FAS-006918,PRC-007578,2026-09-21,arquivamento_inquerito,INS-001525,Determinado arquivamento (monocrática),FNT-000231
FAS-006919,PRC-007598,2026-08-17,declinio_competencia,INS-001525,Declinada a competência (monocrática),FNT-000231
FAS-006920,PRC-007649,2026-09-21,declinio_competencia,INS-001525,Declinada a competência (monocrática),FNT-000231
FAS-006921,PRC-007668,2026-07-13,arquivamento_inquerito,INS-001525,Determinado arquivamento (monocrática),FNT-000231
FAS-006922,PRC-007723,2026-08-07,arquivamento_inquerito,INS-001525,Determinado arquivamento (monocrática),FNT-000231
FAS-006923,PRC-007763,2026-08-19,arquivamento_inquerito,INS-001525,Determinado arquivamento (monocrática),FNT-000231
FAS-006924,PRC-010068,2017-08-22,acordao_2a_instancia,INS-001539,"5ª Câmara Criminal, Apelação Criminal /001: por maioria, confirmou a sentença condenatória; pena de 20 anos e 1 mês de reclusão e 88 dias-multa",FNT-000239
FAS-006925,PRC-010068,2018-05-24,outra,INS-001539,"5ª Câmara Criminal, Embargos de Declaração-Cr /006: embargos não acolhidos; determinada a expedição de mandado de prisão",FNT-000240
FAS-006926,PRC-010068,2019-07-10,outra,INS-001539,"Órgão Especial, Agravo Interno /012: negou provimento ao agravo contra a decisão que negou seguimento ao recurso extraordinário",FNT-000241
FAS-006927,PRC-010069,2017-07-12,sentenca,INS-001541,"13ª Vara Federal de Curitiba: sentença condenatória por corrupção passiva e lavagem de dinheiro, pena de 9 anos e 6 meses (segundo a notícia do TRF4)",FNT-000245
FAS-006928,PRC-010069,2018-01-24,acordao_2a_instancia,INS-001540,"8ª Turma, por unanimidade, confirmou a condenação e elevou a pena para 12 anos e 1 mês de reclusão e 280 dias-multa",FNT-000245
FAS-006929,PRC-010069,2019-04-23,acordao_tribunal_superior,INS-000378,"Quinta Turma, por unanimidade, fixou a pena em 8 anos, 10 meses e 20 dias (REsp 1.765.139)",FNT-000246
FAS-006930,PRC-010069,2021-03-23,anulacao,INS-001525,"2ª Turma, no HC 164493: suspeição do juiz; anulação de todas as decisões do caso, inclusive da fase pré-processual",FNT-000248
FAS-006931,PRC-010069,2021-06-23,outra,INS-001525,"Plenário, por 7 votos a 4, manteve a suspeição declarada pela 2ª Turma",FNT-000251
FAS-006932,PRC-010073,2021-03-08,outra,INS-001525,Decisão monocrática (Min. Edson Fachin): incompetência da 13ª Vara Federal de Curitiba; anuladas as decisões em quatro ações penais,FNT-000247
FAS-006933,PRC-010073,2021-04-15,outra,INS-001525,"Plenário, por 8 votos a 3, rejeitou o agravo da PGR e manteve a incompetência",FNT-000249
FAS-006934,PRC-010073,2021-04-22,outra,INS-001525,Plenário fixou a competência da Justiça Federal do Distrito Federal,FNT-000250
FAS-006935,PRC-010074,2021-03-23,outra,INS-001525,"2ª Turma, por maioria, concedeu a ordem e reconheceu a suspeição do juiz na ação do triplex",FNT-000248
FAS-006936,PRC-010075,2023-09-06,anulacao,INS-001525,"Decisão (Min. Dias Toffoli) em pedido de extensão: provas dos sistemas Drousys e My Web Day B do acordo de leniência da Odebrecht declaradas imprestáveis, com efeito erga omnes",FNT-000252
FAS-006937,PRC-007347,2026-03-04,outra,INS-001525,Decisão monocrática (Min. André Mendonça): prisão preventiva de quatro investigados e medidas cautelares diversas da prisão,FNT-000256
FAS-006938,PRC-007347,2026-03-23,outra,INS-001525,"2ª Turma, por unanimidade, referendou a liminar, exceto quanto a investigado que faleceu",FNT-000257
FAS-006939,PRC-007347,2026-04-03,outra,INS-001525,"Decisão monocrática: comparecimento de Ibaneis Rocha Barros Júnior à CPI do Crime Organizado passa a facultativo, reconhecida a condição de investigado atribuída pela justificativa da comissão parlamentar (não informa inclusão no inquérito do STF)",FNT-000258
FAS-006940,PRC-010069,2021-04-22,remessa_outra_instancia,INS-001525,Plenário do STF fixou a competência da Justiça Federal do Distrito Federal,FNT-000250
FAS-006941,PRC-010070,2021-03-08,anulacao,INS-001525,"HC 193726 (decisão monocrática, Min. Edson Fachin): incompetência da 13ª Vara Federal de Curitiba; decisões anuladas",FNT-000247
FAS-006942,PRC-010070,2021-04-22,remessa_outra_instancia,INS-001525,Plenário do STF fixou a competência da Justiça Federal do Distrito Federal,FNT-000250
FAS-006943,PRC-010071,2021-03-08,anulacao,INS-001525,"HC 193726 (decisão monocrática, Min. Edson Fachin): incompetência da 13ª Vara Federal de Curitiba; decisões anuladas",FNT-000247
FAS-006944,PRC-010071,2021-04-22,remessa_outra_instancia,INS-001525,Plenário do STF fixou a competência da Justiça Federal do Distrito Federal,FNT-000250
FAS-006945,PRC-010072,2021-03-08,anulacao,INS-001525,"HC 193726 (decisão monocrática, Min. Edson Fachin): incompetência da 13ª Vara Federal de Curitiba; decisões anuladas",FNT-000247
FAS-006946,PRC-010072,2021-04-22,remessa_outra_instancia,INS-001525,Plenário do STF fixou a competência da Justiça Federal do Distrito Federal,FNT-000250
FAS-006947,PRC-010069,2021-03-08,anulacao,INS-001525,"HC 193726 (decisão monocrática, Min. Edson Fachin): incompetência da 13ª Vara Federal de Curitiba; decisões e condenação anuladas",FNT-000247
FAS-006948,PRC-010070,2019-02,sentenca,INS-001541,"13ª Vara Federal de Curitiba: sentença condenatória (corrupção passiva e lavagem de dinheiro), pena de 12 anos e 11 meses (segundo a notícia do TRF4; dia não informado)",FNT-000259
FAS-006949,PRC-010070,2019-11-27,acordao_2a_instancia,INS-001540,"8ª Turma, por unanimidade, confirmou a condenação e elevou a pena para 17 anos, 1 mês e 10 dias de reclusão e 422 dias-multa",FNT-000259
FAS-006950,PRC-010077,2015-04-22,sentenca,INS-001541,13ª Vara Federal Criminal de Curitiba: oito condenados por lavagem de dinheiro (três também por pertinência à organização criminosa) e dois absolvidos,FNT-000260
FAS-006951,PRC-010078,2005-06-07,representacao_etica,INS-001542,"Representa contra o Deputado Roberto Jefferson, como incurso na previsão do art. 55, inciso I, e §1º da Constituição Federal, combinado com o art. 240 do Regimento Interno da Câmara dos Deputados, combinado com o art. 4º",FNT-000306
FAS-006952,PRC-010078,2005-08-25,parecer_conselho_etica,INS-001542,"Parecer do Relator, Dep. Jairo Carneiro (PFL-BA) - Relatório",FNT-000306
FAS-006953,PRC-010078,2005-08-29,parecer_conselho_etica,INS-001542,"Parecer do Relator, Dep. Jairo Carneiro (PFL-BA) - Voto, pela procedência da Representação, recomendando ao plenário a perda de mandato.",FNT-000306
FAS-006954,PRC-010078,2005-09-01,parecer_conselho_etica,INS-001542,Aprovação do Parecer do Relator.,FNT-000306
FAS-006955,PRC-010078,2005-09-14,deliberacao_plenario,INS-001542,"Aprovada esta Representação nº 28, de 2005, na forma do Projeto de Resolução nº 264, de 2005, oferecido pelo Conselho de Ética de Decoro Parlamentar.Sim: 313; Não: 156; Abst.: 13; Brancos: 5; Total de votos válidos: 487;",FNT-000306
FAS-006956,PRC-010079,2005-08-04,representacao_etica,INS-001542,"Representa contra o Deputado Federal Joaquim Francisco, por ter praticado atos que implicaram em quebra de decoro parlamentar e faltar com os mais básicos deveres de seu cargo.",FNT-000306
FAS-006957,PRC-010079,2005-08-16,parecer_conselho_etica,INS-001542,"Parecer do Relator, Dep. Nelson Trad (PMDB-MS), pela improcedência, recomendando o arquivamento.",FNT-000306
FAS-006958,PRC-010080,2005-08-04,representacao_etica,INS-001542,"Representa contra o Deputado Federal Alex Canziani, por ter praticado atos que implicaram em quebra de decoro parlamentar e faltar com os mais básicos deveres de seu cargo.",FNT-000306
FAS-006959,PRC-010080,2005-08-16,parecer_conselho_etica,INS-001542,"Parecer do Relator, Dep. Nelson Trad (PMDB-MS), pela improcedência, recomendando o arquivamento.",FNT-000306
FAS-006960,PRC-010081,2005-08-04,representacao_etica,INS-001542,"Representa contra o Deputado Federal Neuton Lima, por ter praticado atos que implicaram em quebra de decoro parlamentar e faltar com os mais básicos deveres de seu cargo.",FNT-000306
FAS-006961,PRC-010081,2005-08-16,parecer_conselho_etica,INS-001542,"Parecer do Relator, Dep. Nelson Trad (PMDB-MS), pela improcedência, recomendando o arquivamento.",FNT-000306
FAS-006962,PRC-010082,2005-08-04,representacao_etica,INS-001542,"Representa contra o Deputado Federal Sandro Matos, por ter praticado atos que implicaram em quebra de decoro parlamentar e faltar com os mais básicos deveres de seu cargo.",FNT-000306
FAS-006963,PRC-010082,2005-08-16,parecer_conselho_etica,INS-001542,"Parecer do Relator, Dep. Nelson Trad (PMDB-MS), pela improcedência, recomendando o arquivamento.",FNT-000306
FAS-006964,PRC-010083,2005-08-04,representacao_etica,INS-001542,"Representa contra o Deputado Federal Francisco Gonçalves Filho, por ter praticado atos que implicaram em quebra de decoro parlamentar e faltar com os mais básicos deveres de seu cargo.",FNT-000306
FAS-006965,PRC-010083,2005-08-17,parecer_conselho_etica,INS-001542,"Parecer da Relatora, Dep. Ann Pontes (PMDB-PA), pela improcedência da Representação, recomendando à Mesa a aplicação de censura escrita.",FNT-000306
FAS-006966,PRC-010084,2005-08-04,representacao_etica,INS-001542,"Representa contra o Deputado Federal Romeu Queiroz, por ter praticado atos que implicaram em quebra de decoro parlamentar e faltar com os mais básicos deveres de seu cargo.",FNT-000306
FAS-006967,PRC-010084,2005-10-26,parecer_conselho_etica,INS-001542,"Parecer do Relator, Dep. Josias Quintal (PSB-RJ) - Relatório.",FNT-000306
FAS-006968,PRC-010084,2005-12-14,deliberacao_plenario,INS-001542,"Rejeitado o Parecer do Relator do Conselho de Ética e Decoro Parlamentar, Dep. Nelson Trad (PMDB-MS), pela procedência desta Representação contra o Dep. Romeu Queiroz (PTB-MG). Sim: 162; Não: 250; Abst.: 22; Brancos: 8; ",FNT-000306
FAS-006969,PRC-010085,2005-08-04,representacao_etica,INS-001542,"Representação contra os atos do Deputado José Dirceu, que fraudaram o regular andamento dos trabalhos legislativos, visando à alteração do resultado das deliberações, configurativos de atos incompatíveis com o decoro par",FNT-000306
FAS-006970,PRC-010085,2005-10-18,parecer_conselho_etica,INS-001542,"Parecer do Relator, Dep. Júlio Delgado (PSB-MG). - Relatório",FNT-000306
FAS-006971,PRC-010085,2005-10-27,parecer_conselho_etica,INS-001542,Aprovado Parecer do Relator.,FNT-000306
FAS-006972,PRC-010085,2005-10-31,parecer_conselho_etica,INS-001542,"Parecer do Relator, Dep. Júlio Delgado (PSB-MG) - Voto pela procedência da Representação, recomendando ao Plenário a perda de mandato.",FNT-000306
FAS-006973,PRC-010085,2005-11-04,parecer_conselho_etica,INS-001542,Aprovação do Parecer do Relator.,FNT-000306
FAS-006974,PRC-010085,2005-11-30,deliberacao_plenario,INS-001542,"Aprovada esta Representação nº 38, de 2005, na forma do Projeto de Resolução nº 275, de 2005, oferecido pelo Conselho de Ética e Decoro Parlamentar. Sim: 293; Não: 192; Abst.: 8; Brancos: 1; Total de votos válidos: 494; ",FNT-000306
FAS-006975,PRC-010086,2005-08-04,representacao_etica,INS-001542,"Representação contra atos do Deputado Sandro Mabel, que importaram na percepção em proveito de outrem, no exercício da atividade parlamentar, de vantagens indevidas, para fraudar o regular andamento dos trabalhos legisla",FNT-000306
FAS-006976,PRC-010086,2005-10-27,parecer_conselho_etica,INS-001542,"Parecer do Relator, Dep. Benedito de Lira (PP-AL) - Relatório",FNT-000306
FAS-006977,PRC-010086,2005-11-01,parecer_conselho_etica,INS-001542,Aprovação do Parecer do Relator,FNT-000306
FAS-006978,PRC-010086,2005-11-01,parecer_conselho_etica,INS-001542,"Parecer do Relator, Dep. Benedito de Lira (PP-AL) - Voto pela improcedência da Representação, determinando o arquivamento do processo disciplinar, ouvido o Plenário da Câmara dos Deputados.",FNT-000306
FAS-006979,PRC-010086,2005-11-09,deliberacao_plenario,INS-001542,"Aprovado o Parecer do Relator do Conselho de Ética e Decoro Parlamentar, Dep. Benedito de Lira (PP-AL), pela improcedência da Representação contra o Dep. Sandro Mabel (PL-GO). Sim: 340; Não: 108; Abst.: 17; Brancos: 0; T",FNT-000306
FAS-006980,PRC-010087,2005-08-04,representacao_etica,INS-001542,"Representa contra o Deputado Federal Roberto Jefferson, por ter praticado atos que implicaram em quebra de decoro parlamentar e faltar com os mais básicos deveres do seu cargo.",FNT-000306
FAS-006981,PRC-010088,2005-10-14,representacao_etica,INS-001542,Representação ao Conselho de Ética e Decoro Parlamentar contra o Deputado João Magno.,FNT-000306
FAS-006982,PRC-010088,2006-02-09,parecer_conselho_etica,INS-001542,"Parecer do Relator, Dep. Jairo Carneiro (PFL-BA) - Relatório.",FNT-000306
FAS-006983,PRC-010088,2006-02-16,parecer_conselho_etica,INS-001542,Aprovação do Parecer do Relator Dep. Jairo Carneiro pela perda do mandato do Dep. João Magno.,FNT-000306
FAS-006984,PRC-010088,2006-03-22,deliberacao_plenario,INS-001542,"Rejeitado o Parecer do Conselho de Ética e Decoro Parlamentar pela perda do mandato parlamentar do Senhor João Magno de Moura, nome parlamentar Deputado João Magno, em face da afronta ao art. 55, § 1º, da Constituição Fe",FNT-000306
FAS-006985,PRC-010089,2005-10-14,representacao_etica,INS-001542,Representação ao Conselho de Ética e Decoro Parlamentar contra o Deputado João Paulo Cunha.,FNT-000306
FAS-006986,PRC-010089,2006-03-07,parecer_conselho_etica,INS-001542,"Parecer do Relator, Dep. Cezar Schirmer (PMDB-RS), pela procedência da Representação.",FNT-000306
FAS-006987,PRC-010089,2006-03-14,parecer_conselho_etica,INS-001542,"Aprovação do Parecer do Relator, Dep. Cezar Schirmer.",FNT-000306
FAS-006988,PRC-010089,2006-04-05,deliberacao_plenario,INS-001542,"Rejeitado o Parecer do Conselho de Ética e Decoro Parlamentar pela perda do mandato parlamentar do Senhor João Paulo Cunha, nome parlamentar João Paulo Cunha, em face da afronta ao art. 55, inciso II, § 1º da Constituiçã",FNT-000306
FAS-006989,PRC-010090,2005-10-14,representacao_etica,INS-001542,Representação ao Conselho de Ética e Decoro Parlamentar contra o Deputado José Borba.,FNT-000306
FAS-006990,PRC-010091,2005-10-14,representacao_etica,INS-001542,Representação ao Conselho de Ética e Decoro Parlamentar contra o Deputado José Janene.,FNT-000306
FAS-006991,PRC-010091,2006-06-06,parecer_conselho_etica,INS-001542,"Apresentação do Parecer do Relator, PRL 1 COETICA, pelo Dep. Jairo Carneiro",FNT-000306
FAS-006992,PRC-010091,2006-06-06,parecer_conselho_etica,INS-001542,"Parecer do Relator, Dep. Jairo Carneiro (PFL-BA)- Relatório.",FNT-000306
FAS-006993,PRC-010091,2006-06-13,parecer_conselho_etica,INS-001542,Aprovado parecer do relator,FNT-000306
FAS-006994,PRC-010091,2006-09-05,deliberacao_plenario,INS-001542,"Aprovado requerimento do Sr. Aldo Rebelo que Requer prorrogação para apreciação da Representação nº 46, de 2005, por mais 30 dias. (Prazo final prorogado: 11/11/06).DCD de 06/09/06 PÁG 42954 COL 02.",FNT-000306
FAS-006995,PRC-010091,2006-12-06,deliberacao_plenario,INS-001542,"Rejeitado o Parecer do Conselho de Ética e Decoro Parlamentar, pela perda do mandato parlamentar do Senhor José Mohamed Janene, nome parlamentar Deputado José Janene, em face da afronta ao art. 55, inciso II, § 1º da Con",FNT-000306
FAS-006996,PRC-010092,2005-10-14,representacao_etica,INS-001542,Representação ao Conselho de Ética e Decoro Parlamentar contra o Deputado José Mentor.,FNT-000306
FAS-006997,PRC-010092,2006-03-16,parecer_conselho_etica,INS-001542,"Parecer do Relator, Dep. Edmar Moreira (PFL-MG), pela improcedência da Representação.",FNT-000306
FAS-006998,PRC-010092,2006-03-23,parecer_conselho_etica,INS-001542,Rejeitado Parecer do Relator.,FNT-000306
FAS-006999,PRC-010092,2006-04-19,deliberacao_plenario,INS-001542,"Rejeitado o Parecer do Conselho de Ética e Decoro Parlamentar pela perda do mandato parlamentar do Senhor José Mentor Guilherme de Mello Netto, nome parlamentar José Mentor, em face da afronta ao art. 55, § 1º da Constit",FNT-000306
FAS-007000,PRC-010093,2005-10-14,representacao_etica,INS-001542,Representação ao Conselho de Ética e Decoro Parlamentar contra o Deputado Josias Gomes.,FNT-000306
FAS-007001,PRC-010093,2006-03-28,parecer_conselho_etica,INS-001542,"Parecer do Relator, Dep. Antonio Carlos Mendes Thame (PSDB-SP), Relatório.",FNT-000306
FAS-007002,PRC-010093,2006-04-04,parecer_conselho_etica,INS-001542,"Aprovação do Parecer do Relator, Dep. Antonio Carlos Mendes Thame, pela procedência da Representação.",FNT-000306
FAS-007003,PRC-010093,2006-05-03,deliberacao_plenario,INS-001542,"Rejeitado o Parecer do Conselho de Ética e Decoro Parlamentar pela perda do mandato parlamentar do Senhor Josias Gomes da Silva, nome parlamentar Deputado Josias Gomes, em face da afronta ao art. 55, § 1º da Constituição",FNT-000306
FAS-007004,PRC-010094,2005-10-14,representacao_etica,INS-001542,Representação ao Conselho de Ética e Decoro Parlamentar contra o Deputado Paulo Rocha.,FNT-000306
FAS-007005,PRC-010095,2005-10-14,representacao_etica,INS-001542,Representação ao Conselho de Ética e Decoro Parlamentar contra o Deputado Pedro Corrêa.,FNT-000306
FAS-007006,PRC-010095,2006-01-23,parecer_conselho_etica,INS-001542,"Parecer do Relator, Dep. Carlos Sampaio (PSDB-SP), pela procedência (Relatório).",FNT-000306
FAS-007007,PRC-010095,2006-02-01,parecer_conselho_etica,INS-001542,Aprovado Parecer do Relator.,FNT-000306
FAS-007008,PRC-010095,2006-03-15,deliberacao_plenario,INS-001542,"Aprovada esta Representação nº 50, de 2005, na forma do Projeto de Resolução nº 293, de 2006, oferecido pelo Conselho de Ética e Decoro Parlamentar. Sim: 261; Não: 166; Abst.: 19; Brancos: 5; Total de votos válidos: 451.",FNT-000306
FAS-007009,PRC-010096,2005-10-14,representacao_etica,INS-001542,Representação ao Conselho de Ética e Decoro Parlamentar contra o Deputado Pedro Henry.,FNT-000306
FAS-007010,PRC-010096,2006-02-09,parecer_conselho_etica,INS-001542,"Parecer do Relator, Dep. Orlando Fantazzini (PSOL-SP), pela procedência (Relatório).",FNT-000306
FAS-007011,PRC-010096,2006-02-09,parecer_conselho_etica,INS-001542,Rejeitado Parecer do Relator.,FNT-000306
FAS-007012,PRC-010096,2006-02-14,parecer_conselho_etica,INS-001542,Aprovado Parecer Vencedor do Dep. Carlos Sampaio pela improcedência da Representação.,FNT-000306
FAS-007013,PRC-010096,2006-03-15,deliberacao_plenario,INS-001542,"Aprovado o Parecer do Conselho de Ética e Decoro Parlamentar pela improcedência da Representação nº 51/05 contra o Senhor Pedro Henry Neto, nome parlamentar Pedro Henry, determinando o arquivamento do processo disciplina",FNT-000306
FAS-007014,PRC-010097,2005-10-14,representacao_etica,INS-001542,Representação ao Conselho de Ética e Decoro Parlamentar contra o Deputado Professor Luizinho.,FNT-000306
FAS-007015,PRC-010097,2006-01-19,parecer_conselho_etica,INS-001542,"Parecer do Relator, Dep. Pedro Canedo - Relatório.",FNT-000306
FAS-007016,PRC-010097,2006-01-19,parecer_conselho_etica,INS-001542,"Parecer do Relator, Dep. Pedro Canedo (PP-GO), Relatório.",FNT-000306
FAS-007017,PRC-010097,2006-01-26,parecer_conselho_etica,INS-001542,"Aprovação do Parecer do Relator, Dep. Pedro Canedo.",FNT-000306
FAS-007018,PRC-010097,2006-03-08,deliberacao_plenario,INS-001542,"Rejeitado o Parecer do Conselho de Ética e Decoro Parlamentar pela perda do mandato parlamentar do Sr. Luiz Carlos da Silva, nome parlamentar Professor Luizinho, em face da afronta ao § 1º do inciso II do art. 55 da Cons",FNT-000306
FAS-007019,PRC-010098,2005-10-14,representacao_etica,INS-001542,Representação ao Conselho de Ética e Decoro Parlamentar contra o Deputado Roberto Brant.,FNT-000306
FAS-007020,PRC-010098,2006-01-19,parecer_conselho_etica,INS-001542,"Parecer do Relator, Dep. Nelson Trad (PMDB-MS) - Voto",FNT-000306
FAS-007021,PRC-010098,2006-01-26,parecer_conselho_etica,INS-001542,"Aprovação do Parecer do Relator, Dep. Nelson Trad.",FNT-000306
FAS-007022,PRC-010098,2006-03-08,deliberacao_plenario,INS-001542,"Rejeitado o Parecer do Conselho de Ética e Decoro Parlamentar pela perda do mandato parlamentar do Sr. Roberto Lúcio Rocha Brant, nome parlamentar Roberto Brant, em face da afronta ao § 1º do art. 55 da Constituição Fede",FNT-000306
FAS-007023,PRC-010099,2005-10-14,representacao_etica,INS-001542,Representação ao Conselho de Ética e Decoro Parlamentar contra o Deputado Vadão Gomes.,FNT-000306
FAS-007024,PRC-010099,2006-04-26,parecer_conselho_etica,INS-001542,"Parecer do Relator, Dep. Moroni Torgan (PFL-CE), pela procedência (Relatório).",FNT-000306
FAS-007025,PRC-010099,2006-05-03,parecer_conselho_etica,INS-001542,Rejeitado parecer do relator Dep. Moroni Torgan,FNT-000306
FAS-007026,PRC-010099,2006-05-10,parecer_conselho_etica,INS-001542,Aprovado parecer vencedor Dep. Eduardo Valverde,FNT-000306
FAS-007027,PRC-010099,2006-05-24,deliberacao_plenario,INS-001542,"Aprovado o Parecer do Conselho de Ética e Decoro Parlamentar pela improcedência da Representação nº 54, de 2005, contra o Senhor Etivaldo Vadão Gomes, nome parlamentar Deputado Vadão Gomes, determinando o arquivamento do",FNT-000306
FAS-007028,PRC-010100,2005-10-14,representacao_etica,INS-001542,Representação ao Conselho de Ética e Decoro Parlamentar contra o Deputado Wanderval Santos.,FNT-000306
FAS-007029,PRC-010100,2006-01-17,parecer_conselho_etica,INS-001542,"Parecer do Relator, Dep. Chico Alencar.",FNT-000306
FAS-007030,PRC-010100,2006-01-17,parecer_conselho_etica,INS-001542,"Parecer do Relator, Dep. Chico Alencar (PSOL-RJ), pela procedência.",FNT-000306
FAS-007031,PRC-010100,2006-01-20,parecer_conselho_etica,INS-001542,"Aprovado parecer do Relator Dep. Chico Alencar pela procedência da representação, nos termos do Projeto de Resolução que declara a perda do mandato do Dep. Wanderval Santos.",FNT-000306
FAS-007032,PRC-010100,2006-03-22,deliberacao_plenario,INS-001542,"Rejeitado o Parecer do Conselho de Ética e Decoro Parlamentar pela cassação do mandato parlamentar do Senhor Wanderval Lima dos Santos, nome parlamentar Wanderval Santos, em face da afronta ao art. 55, inciso II, § 1º da",FNT-000306
FAS-007033,PRC-010101,2005-10-19,representacao_etica,INS-001542,Requer instauração de procedimento disciplinar previsto no Conselho de Ética contra o Deputado Onyx Lorenzoni.,FNT-000306
FAS-007034,PRC-010101,2006-04-18,parecer_conselho_etica,INS-001542,"Parecer do Relator, Dep. José Carlos Araújo (PL-BA), (Relatório).",FNT-000306
FAS-007035,PRC-010102,2005-11-17,representacao_etica,INS-001542,Representa contra a Deputada Zulaiê Cobra.,FNT-000306
FAS-007036,PRC-010102,2006-05-09,parecer_conselho_etica,INS-001542,"Parecer do Relator, Dep. Josias Quintal (PSB-RJ) .",FNT-000306
FAS-007037,PRC-010102,2006-05-24,parecer_conselho_etica,INS-001542,Aprovado parecer do Relator Dep. Josias Quintal pela improcedência e arquivavento da Rep. 58/05,FNT-000306
FAS-007038,PRC-010103,2006-03-14,representacao_etica,INS-001542,Requer a instauração de procedimento disciplinar previsto no Código de Ética e Decoro Parlamentar em face do Sr. Deputado Onyx Lorenzoni.,FNT-000306
FAS-007039,PRC-010104,2006-08-16,representacao_etica,INS-001542,"Representação contra o Deputado Jorge Pinheiro, por fatos amplamente divulgados por todos os veículos de comunicação nacional, e devidamente comprovados e individualizados nos trabalhos da CPMI das Ambulâncias.",FNT-000306
FAS-007040,PRC-010105,2006-08-16,representacao_etica,INS-001542,"Representação contra o Deputado José Divino, por fatos amplamente divulgados por todos os veículos de comunicação nacional, e devidamente comprovados e individualizados nos trabalhos da CPMI das Ambulâncias.",FNT-000306
FAS-007041,PRC-010105,2006-12-21,parecer_conselho_etica,INS-001542,"Aprovado o parecer do Dep. Zenaldo Coutinho pela procedência da representação, que solicitou a perda de mandato.",FNT-000306
FAS-007042,PRC-010106,2006-08-16,representacao_etica,INS-001542,"Representação contra o Deputado José Militão, por fatos amplamente divulgados por todos os veículos de comunicação nacional, e devidamente comprovados e individualizados nos trabalhos da CPMI das Ambulâncias.",FNT-000306
FAS-007043,PRC-010107,2006-08-16,representacao_etica,INS-001542,"Representação contra o Deputado Josué Bengston, por fatos amplamente divulgados por todos os veículos de comunicação nacional, e devidamente comprovados e individualizados nos trabalhos da CPMI das Ambulâncias.",FNT-000306
FAS-007044,PRC-010108,2006-08-16,representacao_etica,INS-001542,"Representação contra o Deputado Junior Betão, por fatos amplamente divulgados por todos os veículos de comunicação nacional, e devidamente comprovados e individualizados nos trabalhos da CPMI das Ambulâncias.",FNT-000306
FAS-007045,PRC-010109,2006-08-16,representacao_etica,INS-001542,"Representação contra o Deputada Laura Carneiro, por fatos amplamente divulgados por todos os veículos de comunicação nacional, e devidamente comprovados e individualizados nos trabalhos da CPMI das Ambulâncias.",FNT-000306
FAS-007046,PRC-010109,2006-12-21,parecer_conselho_etica,INS-001542,Aprovado o parecer do Dep. Nelson Marquezelli pela inépcia da representação 105/06.,FNT-000306
FAS-007047,PRC-010110,2006-08-16,representacao_etica,INS-001542,"Representação contra o Deputado Lino Rossi, por fatos amplamente divulgados por todos os veículos de comunicação nacional, e devidamente comprovados e individualizados nos trabalhos da CPMI das Ambulâncias.",FNT-000306
FAS-007048,PRC-010110,2006-12-21,parecer_conselho_etica,INS-001542,"Aprovado o parecer do Dep. Jairo Carneiro pela procedência da representação, que solicitou a perda de mandato.",FNT-000306
FAS-007049,PRC-010111,2006-08-16,representacao_etica,INS-001542,"Representação contra o Deputado Marcelino Fraga, por fatos amplamente divulgados por todos os veículos de comunicação nacional, e devidamente comprovados e individualizados nos trabalhos da CPMI das Ambulâncias.",FNT-000306
FAS-007050,PRC-010112,2006-08-16,representacao_etica,INS-001542,"Representação contra o Deputado Marcondes Gadelha, por fatos amplamente divulgados por todos os veículos de comunicação nacional, e devidamente comprovados e individualizados nos trabalhos da CPMI das Ambulâncias.",FNT-000306
FAS-007051,PRC-010112,2006-12-21,parecer_conselho_etica,INS-001542,Aprovado o parecer do Dep. Herculano Anghinetti pela inépcia da representação.,FNT-000306
FAS-007052,PRC-010113,2006-08-16,representacao_etica,INS-001542,"Representação contra o Deputado Marcos Abramo, por fatos amplamente divulgados por todos os veículos de comunicação nacional, e devidamente comprovados e individualizados nos trabalhos da CPMI das Ambulâncias.",FNT-000306
FAS-007053,PRC-010114,2006-08-16,representacao_etica,INS-001542,"Representação contra o Deputado Marcos de Jesus, por fatos amplamente divulgados por todos os veículos de comunicação nacional, e devidamente comprovados e individualizados nos trabalhos da CPMI das Ambulâncias.",FNT-000306
FAS-007054,PRC-010115,2006-08-16,representacao_etica,INS-001542,"Representação contra o Deputado Maurício Rabelo, por fatos amplamente divulgados por todos os veículos de comunicação nacional, e devidamente comprovados e individualizados nos trabalhos da CPMI das Ambulâncias.",FNT-000306
FAS-007055,PRC-010116,2006-08-16,representacao_etica,INS-001542,"Representação contra o Deputado Neuton Lima, por fatos amplamente divulgados por todos os veículos de comunicação nacional, e devidamente comprovados e individualizados nos trabalhos da CPMI das Ambulâncias.",FNT-000306
FAS-007056,PRC-010117,2006-08-16,representacao_etica,INS-001542,"Representação contra o Deputado Nilton Capixaba, por fatos amplamente divulgados por todos os veículos de comunicação nacional, e devidamente comprovados e individualizados nos trabalhos da CPMI das Ambulâncias.",FNT-000306
FAS-007057,PRC-010117,2006-12-21,parecer_conselho_etica,INS-001542,"Parecer do Relator, Dep. Antonio Carlos Mendes Thame (PSDB-SP), pela procedência.",FNT-000306
FAS-007058,PRC-010117,2006-12-21,parecer_conselho_etica,INS-001542,"Aprovado o parecer do Dep. Mendes Thame pela procedência da representação, que solicitou a perda de mandato.",FNT-000306
FAS-007059,PRC-010118,2006-08-16,representacao_etica,INS-001542,"Representação contra o Deputado Osmânio Pereira, por fatos amplamente divulgados por todos os veículos de comunicação nacional, e devidamente comprovados e individualizados nos trabalhos da CPMI das Ambulâncias.",FNT-000306
FAS-007060,PRC-010119,2006-08-16,representacao_etica,INS-001542,"Representação contra o Deputado Pastor Amarildo, por fatos amplamente divulgados por todos os veículos de comunicação nacional, e devidamente comprovados e individualizados nos trabalhos da CPMI das Ambulâncias.",FNT-000306
FAS-007061,PRC-010120,2006-08-16,representacao_etica,INS-001542,"Representação contra o Deputado Paulo Baltazar, por fatos amplamente divulgados por todos os veículos de comunicação nacional, e devidamente comprovados e individualizados nos trabalhos da CPMI das Ambulâncias.",FNT-000306
FAS-007062,PRC-010121,2006-08-16,representacao_etica,INS-001542,"Representação contra o Deputado Paulo Feijó, por fatos amplamente divulgados por todos os veículos de comunicação nacional, e devidamente comprovados e individualizados nos trabalhos da CPMI das Ambulâncias.",FNT-000306
FAS-007063,PRC-010122,2006-08-16,representacao_etica,INS-001542,"Representação contra o Deputado Paulo Gouvêa, por fatos amplamente divulgados por todos os veículos de comunicação nacional, e devidamente comprovados e individualizados nos trabalhos da CPMI das Ambulâncias.",FNT-000306
FAS-007064,PRC-010123,2006-08-16,representacao_etica,INS-001542,"Representação contra o Deputado Pedro Henry, por fatos amplamente divulgados por todos os veículos de comunicação nacional, e devidamente comprovados e individualizados nos trabalhos da CPMI das Ambulâncias.",FNT-000306
FAS-007065,PRC-010123,2006-12-21,parecer_conselho_etica,INS-001542,Aprovado o parecer do Dep. Mussa Demes pela improcedência da representação.,FNT-000306
FAS-007066,PRC-010124,2006-08-16,representacao_etica,INS-001542,"Representação contra o Deputado Raimundo Santos, por fatos amplamente divulgados por todos os veículos de comunicação nacional, e devidamente comprovados e individualizados nos trabalhos da CPMI das Ambulâncias.",FNT-000306
FAS-007067,PRC-010125,2006-08-16,representacao_etica,INS-001542,"Representação contra o Deputado Reginaldo Germano, por fatos amplamente divulgados por todos os veículos de comunicação nacional, e devidamente comprovados e individualizados nos trabalhos da CPMI das Ambulâncias.",FNT-000306
FAS-007068,PRC-010126,2006-08-16,representacao_etica,INS-001542,"Representação contra o Deputado Reinaldo Betão, por fatos amplamente divulgados por todos os veículos de comunicação nacional, e devidamente comprovados e individualizados nos trabalhos da CPMI das Ambulâncias.",FNT-000306
FAS-007069,PRC-010127,2006-08-16,representacao_etica,INS-001542,"Representação contra o Deputado Reinaldo Gripp, por fatos amplamente divulgados por todos os veículos de comunicação nacional, e devidamente comprovados e individualizados nos trabalhos da CPMI das Ambulâncias.",FNT-000306
FAS-007070,PRC-010128,2006-08-16,representacao_etica,INS-001542,"Representação contra o Deputado Ricardo Rique, por fatos amplamente divulgados por todos os veículos de comunicação nacional, e devidamente comprovados e individualizados nos trabalhos da CPMI das Ambulâncias.",FNT-000306
FAS-007071,PRC-010129,2006-08-16,representacao_etica,INS-001542,"Representação contra o Deputado Ricarte de Freitas, por fatos amplamente divulgados por todos os veículos de comunicação nacional, e devidamente comprovados e individualizados nos trabalhos da CPMI das Ambulâncias.",FNT-000306
FAS-007072,PRC-010130,2006-08-16,representacao_etica,INS-001542,"Representação contra o Deputado Robério Nunes, por fatos amplamente divulgados por todos os veículos de comunicação nacional, e devidamente comprovados e individualizados nos trabalhos da CPMI das Ambulâncias.",FNT-000306
FAS-007073,PRC-010131,2006-08-16,representacao_etica,INS-001542,"Representação contra o Deputado Vanderlei Assis, por fatos amplamente divulgados por todos os veículos de comunicação nacional, e devidamente comprovados e individualizados nos trabalhos da CPMI das Ambulâncias.",FNT-000306
FAS-007074,PRC-010132,2006-08-16,representacao_etica,INS-001542,"Representação contra o Deputado Vieira Reis, por fatos amplamente divulgados por todos os veículos de comunicação nacional, e devidamente comprovados e individualizados nos trabalhos da CPMI das Ambulâncias.",FNT-000306
FAS-007075,PRC-010133,2006-08-16,representacao_etica,INS-001542,"Representação contra o Deputado Wanderval Santos, por fatos amplamente divulgados por todos os veículos de comunicação nacional, e devidamente comprovados e individualizados nos trabalhos da CPMI das Ambulâncias.",FNT-000306
FAS-007076,PRC-010134,2006-08-16,representacao_etica,INS-001542,"Representação contra o Deputado Wellington Fagundes, por fatos amplamente divulgados por todos os veículos de comunicação nacional, e devidamente comprovados e individualizados nos trabalhos da CPMI das Ambulâncias.",FNT-000306
FAS-007077,PRC-010134,2006-12-21,parecer_conselho_etica,INS-001542,Aprovado o parecer do Dep. João Campos pela inépcia da representação 130/06.,FNT-000306
FAS-007078,PRC-010135,2006-08-16,representacao_etica,INS-001542,"Representação contra o Deputado Wellington Roberto, por fatos amplamente divulgados por todos os veículos de comunicação nacional, e devidamente comprovados e individualizados nos trabalhos da CPMI das Ambulâncias.",FNT-000306
FAS-007079,PRC-010135,2006-12-21,parecer_conselho_etica,INS-001542,Aprovado o parecer do Dep. Nelson Marquezelli pela inépcia da representação 131/06.,FNT-000306
FAS-007080,PRC-010136,2006-08-16,representacao_etica,INS-001542,"Representação ao Conselho de Ética e Decoro Parlamentar, em desfavor do Sr. Benedito de Carvalho Sá, nome parlamentar Deputado B. Sá.",FNT-000306
FAS-007081,PRC-010137,2006-08-16,representacao_etica,INS-001542,"Representação ao Conselho de Ética e Decoro Parlamentar, em desfavor do Sr. José Domiciano Cabral, nome parlamentar Deputado Domiciano Cabral.",FNT-000306
FAS-007082,PRC-010138,2006-08-16,representacao_etica,INS-001542,"Representação contra o Deputado Adelor Vieira, por fatos amplamente divulgados por todos os veículos de comunicação nacional, e devidamente comprovados e individualizados nos trabalhos da CPMI das Ambulâncias.",FNT-000306
FAS-007083,PRC-010139,2006-08-16,representacao_etica,INS-001542,"Representação contra o Deputado Agnaldo Muniz, por fatos amplamente divulgados por todos os veículos de comunicação nacional, e devidamente comprovados e individualizados nos trabalhos da CPMI das Ambulâncias.",FNT-000306
FAS-007084,PRC-010140,2006-08-16,representacao_etica,INS-001542,"Representação contra o Deputado Alceste Almeida, por fatos amplamente divulgados por todos os veículos de comunicação nacional, e devidamente comprovados e individualizados nos trabalhos da CPMI das Ambulâncias.",FNT-000306
FAS-007085,PRC-010141,2006-08-16,representacao_etica,INS-001542,"Representação contra o Deputado Almeida de Jesus, por fatos amplamente divulgados por todos os veículos de comunicação nacional, e devidamente comprovados e individualizados nos trabalhos da CPMI das Ambulâncias.",FNT-000306
FAS-007086,PRC-010142,2006-08-16,representacao_etica,INS-001542,"Representação contra o Deputado Almerinda de Carvalho, por fatos amplamente divulgados por todos os veículos de comunicação nacional, e devidamente comprovados e individualizados nos trabalhos da CPMI das Ambulâncias.",FNT-000306
FAS-007087,PRC-010143,2006-08-16,representacao_etica,INS-001542,"Representação contra o Deputado Almir Moura, por fatos amplamente divulgados por todos os veículos de comunicação nacional, e devidamente comprovados e individualizados nos trabalhos da CPMI das Ambulâncias.",FNT-000306
FAS-007088,PRC-010144,2006-08-16,representacao_etica,INS-001542,"Representação contra o Deputado Amauri Gasques, por fatos amplamente divulgados por todos os veículos de comunicação nacional, e devidamente comprovados e individualizados nos trabalhos da CPMI das Ambulâncias.",FNT-000306
FAS-007089,PRC-010145,2006-08-16,representacao_etica,INS-001542,"Representação contra o Deputado Benedito Dias, por fatos amplamente divulgados por todos os veículos de comunicação nacional, e devidamente comprovados e individualizados nos trabalhos da CPMI das Ambulâncias.",FNT-000306
FAS-007090,PRC-010146,2006-08-16,representacao_etica,INS-001542,"Representação contra o Deputado Benjamin Maranhão, por fatos amplamente divulgados por todos os veículos de comunicação nacional, e devidamente comprovados e individualizados nos trabalhos da CPMI das Ambulâncias.",FNT-000306
FAS-007091,PRC-010147,2006-08-16,representacao_etica,INS-001542,"Representação contra o Deputado Cabo Júlio, por fatos amplamente divulgados por todos os veículos de comunicação nacional, e devidamente comprovados e individualizados nos trabalhos da CPMI das Ambulâncias.",FNT-000306
FAS-007092,PRC-010147,2006-12-21,parecer_conselho_etica,INS-001542,"Parecer do Relator, Dep. Zenaldo Coutinho (PSDB-PA), pela procedência.(relatório e voto)",FNT-000306
FAS-007093,PRC-010147,2006-12-21,parecer_conselho_etica,INS-001542,"Aprovado o parecer do Dep. Zenaldo Coutinho pela procedência da representação, que solicitou a perda de mandato.",FNT-000306
FAS-007094,PRC-010148,2006-08-16,representacao_etica,INS-001542,"Representação contra o Deputado Carlos Dunga, por fatos amplamente divulgados por todos os veículos de comunicação nacional, e devidamente comprovados e individualizados nos trabalhos da CPMI das Ambulâncias.",FNT-000306
FAS-007095,PRC-010149,2006-08-16,representacao_etica,INS-001542,"Representação contra o Deputado Carlos Nader, por fatos amplamente divulgados por todos os veículos de comunicação nacional, e devidamente comprovados e individualizados nos trabalhos da CPMI das Ambulâncias.",FNT-000306
FAS-007096,PRC-010150,2006-08-16,representacao_etica,INS-001542,"Representação contra o Deputado Celcita Pinheiro, por fatos amplamente divulgados por todos os veículos de comunicação nacional, e devidamente comprovados e individualizados nos trabalhos da CPMI das Ambulâncias.",FNT-000306
FAS-007097,PRC-010150,2006-12-06,parecer_conselho_etica,INS-001542,"Parecer da Relatora, Dep. Ann Pontes (PMDB-PA), pela improcedência da Representação.",FNT-000306
FAS-007098,PRC-010151,2006-08-16,representacao_etica,INS-001542,"Representação contra o Deputado César Bandeira, por fatos amplamente divulgados por todos os veículos de comunicação nacional, e devidamente comprovados e individualizados nos trabalhos da CPMI das Ambulâncias.",FNT-000306
FAS-007099,PRC-010152,2006-08-16,representacao_etica,INS-001542,"Representação contra o Deputado Cleonâncio Fonseca, por fatos amplamente divulgados por todos os veículos de comunicação nacional, e devidamente comprovados e individualizados nos trabalhos da CPMI das Ambulâncias.",FNT-000306
FAS-007100,PRC-010153,2006-08-16,representacao_etica,INS-001542,"Representação contra o Deputado Cleuber Carneiro, por fatos amplamente divulgados por todos os veículos de comunicação nacional, e devidamente comprovados e individualizados nos trabalhos da CPMI das Ambulâncias.",FNT-000306
FAS-007101,PRC-010154,2006-08-16,representacao_etica,INS-001542,"Representação contra o Deputado Coriolano Sales, por fatos amplamente divulgados por todos os veículos de comunicação nacional, e devidamente comprovados e individualizados nos trabalhos da CPMI das Ambulâncias.",FNT-000306
FAS-007102,PRC-010155,2006-08-16,representacao_etica,INS-001542,"Representação contra o Deputado Coronel Alves, por fatos amplamente divulgados por todos os veículos de comunicação nacional, e devidamente comprovados e individualizados nos trabalhos da CPMI das Ambulâncias.",FNT-000306
FAS-007103,PRC-010156,2006-08-16,representacao_etica,INS-001542,"Representação contra o Deputado Edir Oliveira, por fatos amplamente divulgados por todos os veículos de comunicação nacional, e devidamente comprovados e individualizados nos trabalhos da CPMI das Ambulâncias.",FNT-000306
FAS-007104,PRC-010157,2006-08-16,representacao_etica,INS-001542,"Representação contra o Deputado Edna Macedo, por fatos amplamente divulgados por todos os veículos de comunicação nacional, e devidamente comprovados e individualizados nos trabalhos da CPMI das Ambulâncias.",FNT-000306
FAS-007105,PRC-010158,2006-08-16,representacao_etica,INS-001542,"Representação contra o Deputado Eduardo Seabra, por fatos amplamente divulgados por todos os veículos de comunicação nacional, e devidamente comprovados e individualizados nos trabalhos da CPMI das Ambulâncias.",FNT-000306
FAS-007106,PRC-010159,2006-08-16,representacao_etica,INS-001542,"Representação contra o Deputado Elaine Costa, por fatos amplamente divulgados por todos os veículos de comunicação nacional, e devidamente comprovados e individualizados nos trabalhos da CPMI das Ambulâncias.",FNT-000306
FAS-007107,PRC-010160,2006-08-16,representacao_etica,INS-001542,"Representação contra o Deputado Enivaldo Ribeiro, fatos amplamente divulgados por todos os veículos de comunicação nacional, e devidamente comprovados e individualizados nos trabalhos da CPMI das Ambulâncias.",FNT-000306
FAS-007108,PRC-010161,2006-08-16,representacao_etica,INS-001542,"Representação contra o Deputado Erico Ribeiro, fatos amplamente divulgados por todos os veículos de comunicação nacional, e devidamente comprovados e individualizados nos trabalhos da CPMI das Ambulâncias.",FNT-000306
FAS-007109,PRC-010161,2006-12-21,parecer_conselho_etica,INS-001542,Aprovado o parecer do Dep. Zenaldo Coutinho pela improcedência da representação.,FNT-000306
FAS-007110,PRC-010162,2006-08-16,representacao_etica,INS-001542,"Representação contra o Deputado Fernando Gonçalves, por fatos amplamente divulgados por todos os veículos de comunicação nacional, e devidamente comprovados e individualizados nos trabalhos da CPMI das Ambulâncias.",FNT-000306
FAS-007111,PRC-010163,2006-08-16,representacao_etica,INS-001542,"Representação contra o Deputado Heleno Silva, por fatos amplamente divulgados por todos os veículos de comunicação nacional, e devidamente comprovados e individualizados nos trabalhos da CPMI das Ambulâncias.",FNT-000306
FAS-007112,PRC-010164,2006-08-16,representacao_etica,INS-001542,"Representação contra o Deputado Ildeu Araújo, por fatos amplamente divulgados por todos os veículos de comunicação nacional, e devidamente comprovados e individualizados nos trabalhos da CPMI das Ambulâncias.",FNT-000306
FAS-007113,PRC-010165,2006-08-16,representacao_etica,INS-001542,"Representação contra o Deputado Irapuan Teixeira, por fatos amplamente divulgados por todos os veículos de comunicação nacional, e devidamente comprovados e individualizados nos trabalhos da CPMI das Ambulâncias.",FNT-000306
FAS-007114,PRC-010166,2006-08-16,representacao_etica,INS-001542,"Representação contra o Deputado Iris Simões, por fatos amplamente divulgados por todos os veículos de comunicação nacional, e devidamente comprovados e individualizados nos trabalhos da CPMI das Ambulâncias.",FNT-000306
FAS-007115,PRC-010167,2006-08-16,representacao_etica,INS-001542,"Representação contra o Deputado Isaías Silvestre, por fatos amplamente divulgados por todos os veículos de comunicação nacional, e devidamente comprovados e individualizados nos trabalhos da CPMI das Ambulâncias.",FNT-000306
FAS-007116,PRC-010168,2006-08-16,representacao_etica,INS-001542,"Representação contra o Deputado João Batista, por fatos amplamente divulgados por todos os veículos de comunicação nacional, e devidamente comprovados e individualizados nos trabalhos da CPMI das Ambulâncias.",FNT-000306
FAS-007117,PRC-010169,2006-08-16,representacao_etica,INS-001542,"Representação contra o Deputado João Caldas, por fatos amplamente divulgados por todos os veículos de comunicação nacional, e devidamente comprovados e individualizados nos trabalhos da CPMI das Ambulâncias.",FNT-000306
FAS-007118,PRC-010170,2006-08-16,representacao_etica,INS-001542,"Representação contra o Deputado João Corrêa por fatos amplamente divulgados por todos os veículos de comunicação nacional, e devidamente comprovados e individualizados nos trabalhos da CPMI das Ambulâncias.",FNT-000306
FAS-007119,PRC-010170,2006-12-21,parecer_conselho_etica,INS-001542,Rejeitado o parecer do relator Dep. Anselmo.,FNT-000306
FAS-007120,PRC-010170,2006-12-21,parecer_conselho_etica,INS-001542,Aprovado o parecer vencedor do Dep. Marcelo Ortiz pela improcedência da representação.,FNT-000306
FAS-007121,PRC-010171,2006-08-16,representacao_etica,INS-001542,"Representação contra o Deputado João Grandão, por fatos amplamente divulgados por todos os veículos de comunicação nacional, e devidamente comprovados e individualizados nos trabalhos da CPMI das Ambulâncias.",FNT-000306
FAS-007122,PRC-010172,2006-08-16,representacao_etica,INS-001542,"Representação contra o Deputado João Magalhães, por fatos amplamente divulgados por todos os veículos de comunicação nacional, e devidamente comprovados e individualizados nos trabalhos da CPMI das Ambulâncias.",FNT-000306
FAS-007123,PRC-010173,2006-08-16,representacao_etica,INS-001542,"Representação contra o Deputado João Mendes de Jesus, por fatos amplamente divulgados por todos os veículos de comunicação nacional, e devidamente comprovados e individualizados nos trabalhos da CPMI das Ambulâncias.",FNT-000306
FAS-007124,PRC-010174,2006-08-16,representacao_etica,INS-001542,"Representação contra o Deputado Jonival Lucas, por fatos amplamente divulgados por todos os veículos de comunicação nacional, e devidamente comprovados e individualizados nos trabalhos da CPMI das Ambulâncias.",FNT-000306
FAS-007125,PRC-010175,2007-03-26,representacao_etica,INS-001542,"Representação do PTdoB contra o Sr. Deputado Raul Jungmann, com vistas à abertura de processo disciplinar por quebra de decoro parlamentar .",FNT-000306
FAS-007126,PRC-010175,2007-05-16,parecer_conselho_etica,INS-001542,Leitura do Parecer do Relator,FNT-000306
FAS-007127,PRC-010175,2007-05-17,parecer_conselho_etica,INS-001542,Aprovado Parecer do Relator pelo arquivamento da Representação.DCD de 29 06 07 PÁG 03 COL 01. Suplemento B ao Nº 119.,FNT-000306
FAS-007128,PRC-010176,2007-03-26,representacao_etica,INS-001542,"Representação do PSOL contra o Sr. Deputado Paulo Roberto Galvão da Rocha, com vistas à abertura de processo disciplinar por quebra de decoro parlamentar .",FNT-000306
FAS-007129,PRC-010176,2007-05-16,parecer_conselho_etica,INS-001542,Leitura do Parecer do Relator,FNT-000306
FAS-007130,PRC-010176,2007-05-16,parecer_conselho_etica,INS-001542,Aprovado o Parecer do Relator pelo arquivamento.DCD de 29 06 07 PÁG 03 COL 01. Suplemento A ao Nº 119.,FNT-000306
FAS-007131,PRC-010177,2007-03-26,representacao_etica,INS-001542,"Representação do PSOL contra o Sr. Valdemar Costa Neto, com vistas à abertura de processo disciplinar por quebra de decoro parlamentar .",FNT-000306
FAS-007132,PRC-010177,2007-05-10,parecer_conselho_etica,INS-001542,"Parecer do Relator, Dep. Sandes Júnior (PP-GO), pelo arquivamento.",FNT-000306
FAS-007133,PRC-010177,2007-05-10,parecer_conselho_etica,INS-001542,Leitura do Parecer do Relator,FNT-000306
FAS-007134,PRC-010177,2007-05-10,parecer_conselho_etica,INS-001542,Aprovado Parecer do Relator pelo arquivamento da Representação.DCD de 29 06 07 PÁG 03 COL 01. Suplemento C ao Nº 119.,FNT-000306
FAS-007135,PRC-010178,2007-03-26,representacao_etica,INS-001542,"Representação do PSOL contra o Sr. João Lúcio Magalhães Bifano, com vistas à abertura de processo disciplinar por quebra de decoro parlamentar .",FNT-000306
FAS-007136,PRC-010178,2007-05-17,parecer_conselho_etica,INS-001542,Apresentação do Parecer do Relator Dep. Hugo Leal,FNT-000306
FAS-007137,PRC-010178,2007-05-24,parecer_conselho_etica,INS-001542,Aprovado Parecer do Relator pelo arquivamento da Representação,FNT-000306
FAS-007138,PRC-010179,2007-06-28,representacao_etica,INS-001542,"Representação do PTC contra o Sr. Deputado Mário de Olivieira (PSC/MG), com vistas à abertura de processo disciplinar por quebra de decoro parlamentar.",FNT-000306
FAS-007139,PRC-010180,2007-08-07,representacao_etica,INS-001542,"Solicita abertura de processo disciplinar contra o Dep. Olavo Calheiros Filho (PMDB/AL), por quebra de decoro parlamentar.",FNT-000306
FAS-007140,PRC-010180,2007-11-13,parecer_conselho_etica,INS-001542,"Parecer do Relator, com Relatório e Voto",FNT-000306
FAS-007141,PRC-010180,2007-11-13,parecer_conselho_etica,INS-001542,Aprovado Parecer do Relator pelo arquivamento da Representação,FNT-000306
FAS-007142,PRC-010181,2007-08-07,representacao_etica,INS-001542,"Solicita a abertura de processo disciplinar contra o Dep. Paulo Sérgio Paranhos Magalhães (DEM/BA), por quebra da ética e do decoro parlamentar.",FNT-000306
FAS-007143,PRC-010181,2007-10-10,parecer_conselho_etica,INS-001542,"Parecer do Relator, com Relatório e Voto",FNT-000306
FAS-007144,PRC-010181,2007-10-16,parecer_conselho_etica,INS-001542,Aprovado Parecer do Relator pelo arquivamento da Representação,FNT-000306
FAS-007145,PRC-010182,2008-05-27,representacao_etica,INS-001542,"Representa ao Conselho de Ética e Decoro Parlamentar contra o Deputado PAULO PEREIRA DA SILVA (PDT/SP), por procedimento incompatível com o decoro parlamentar.",FNT-000306
FAS-007146,PRC-010182,2008-11-26,parecer_conselho_etica,INS-001542,"Leitura, discussão e votação do Parecer do Relator",FNT-000306
FAS-007147,PRC-010182,2008-12-03,parecer_conselho_etica,INS-001542,"Discusão e votação do Parecer do Relator, Dep. Paulo Piau",FNT-000306
FAS-007148,PRC-010182,2008-12-03,parecer_conselho_etica,INS-001542,"Rejeitado o Parecer do Dep. Paulo Piau pela perda de mandato do Representado, Dep. Paulo Pereira da Silva",FNT-000306
FAS-007149,PRC-010183,2009-03-31,representacao_etica,INS-001542,"Representa ao Conselho de Ética e Decoro Parlamentar contra o Deputado Edmar Moreira, por procedimento incompatível com o decoro parlamentar.",FNT-000306
FAS-007150,PRC-010183,2009-07-01,parecer_conselho_etica,INS-001542,"Rejeitado parecer do deputado Nazareno Fonteles, pela perda de mandato do representado deputado Edmar Moreira",FNT-000306
FAS-007151,PRC-010183,2009-07-08,parecer_conselho_etica,INS-001542,Rejeitado o parecer do relator deputado Hugo Leal,FNT-000306
FAS-007152,PRC-010183,2009-07-15,parecer_conselho_etica,INS-001542,Aprovado parecer do deputado Sérgio Brito pelo arquivamento do processo por falta de justa causa,FNT-000306
FAS-007153,PRC-010184,2011-03-16,representacao_etica,INS-001542,"Abertura de processo disciplinar contra a deputada JAQUELINE RORIZ (PMN/DF), por quebra da ética e do decoro parlamentar.",FNT-000306
FAS-007154,PRC-010184,2011-06-08,parecer_conselho_etica,INS-001542,Aprovado parecer do Relator recomendando a perda do mandato da Dep. Jaqueline Roriz,FNT-000306
FAS-007155,PRC-010184,2011-08-30,deliberacao_plenario,INS-001542,"Rejeitado o Parecer do Conselho de Ética e Decoro Parlamentar pela perda do mandato parlamentar da Senhora Jaqueline Maria Roriz, nome parlamentar Deputada Jaqueline Roriz, em face da afronta ao art. 55, § 1º da Constitu",FNT-000306
FAS-007156,PRC-010185,2011-06-09,representacao_etica,INS-001542,Solicita abertura de processo disciplinar contra o deputado Jair Bolsonaro (PP/RJ) para apurar a prática de condutas incompatíveis com o decoro parlamentar.,FNT-000306
FAS-007157,PRC-010185,2011-06-29,parecer_conselho_etica,INS-001542,Rejeitado parecer preliminar do Relator pela admissibilidade,FNT-000306
FAS-007158,PRC-010186,2011-08-03,representacao_etica,INS-001542,Solicita abertura de processo disciplinar contra o Deputado Valdemar Costa Neto para apurar a prática de condutas incompatíveis com o decoro parlamentar.,FNT-000306
FAS-007159,PRC-010186,2011-10-19,parecer_conselho_etica,INS-001542,"Aprovado o Parecer Preliminar vencedor, pelo arquivamento da Rep. 07/2011",FNT-000306
FAS-007160,PRC-010187,2012-04-18,representacao_etica,INS-001542,"Representa ao Conselho de Ética e Decoro Parlamentar contra o Deputado JOÃO CARLOS BACELAR (PR/BA), por procedimento atentatório ao decoro parlamentar.",FNT-000306
FAS-007161,PRC-010187,2012-07-17,parecer_conselho_etica,INS-001542,Aprovado parecer do relator pelo arquivamento da Rep. nº 11/2012 - Proc. nº 04/2012,FNT-000306
FAS-007162,PRC-010188,2012-04-18,representacao_etica,INS-001542,"Representa em desfavor do Deputado PROTÓGENES PINHEIRO QUEIROZ, pela prática de atos incompatíveis com a ética e o decoro parlamentar.",FNT-000306
FAS-007163,PRC-010188,2012-07-11,parecer_conselho_etica,INS-001542,"Aprovado parecer preliminar vencedor, do Dep. Sibá Machado, pelo arquivamento da Representação 12/2012. -",FNT-000306
FAS-007164,PRC-010189,2012-06-28,representacao_etica,INS-001542,Representação para verificação da quebra de decoro parlamentar em face do senhor deputado federal João Carlos Bacelar.,FNT-000306
FAS-007165,PRC-010189,2012-09-18,parecer_conselho_etica,INS-001542,"Aprovado Parecer Preliminar do relator, Dep. Sibá Machado, pela inépcia da Representação nº13/2012",FNT-000306
FAS-007166,PRC-010190,2012-06-28,representacao_etica,INS-001542,Representação para verificação da quebra de decoro parlamentar em face do senhor deputado federal Marcos Medrado.,FNT-000306
FAS-007167,PRC-010190,2012-09-18,parecer_conselho_etica,INS-001542,Rejeitado o Parecer Preliminar do relator pela admissibilidade do processo.,FNT-000306
FAS-007168,PRC-010190,2012-10-17,parecer_conselho_etica,INS-001542,Aprovado parecer vencedor do dep. Wladimir Costa pela inépcia da Representação nº 14/2012,FNT-000306
FAS-007169,PRC-010191,2012-12-19,representacao_etica,INS-001542,"Representa ao Conselho de Ética e Decoro Parlamentar contra o Deputado CARLOS ALBERTO LERÉIA (PSDB/GO), por procedimento atentatório ao decoro parlamentar.",FNT-000306
FAS-007170,PRC-010191,2013-07-03,parecer_conselho_etica,INS-001542,"Aprovado parecer do Relator, Deputado Ronaldo Benedet, pela rejeição do sobrestamento do Processo, requerido pela defesa.",FNT-000306
FAS-007171,PRC-010191,2013-08-21,parecer_conselho_etica,INS-001542,"Parecer do Relator, Deputado Ronaldo Benedet, pela perda do mandato do Deputado Carlos Alberto Leréia.",FNT-000306
FAS-007172,PRC-010191,2013-08-21,parecer_conselho_etica,INS-001542,Rejeitado o parecer do Deputado Ronaldo Benedet.,FNT-000306
FAS-007173,PRC-010191,2013-09-11,parecer_conselho_etica,INS-001542,"Aprovado o parecer do Deputado Sérgio Brito que sugere suspensão temporária do mandato do Deputado Carlos Alberto Leréia, por 90 dias.",FNT-000306
FAS-007174,PRC-010191,2014-04-23,deliberacao_plenario,INS-001542,"Aprovado o Parecer do Conselho de Ética e Decoro Parlamentar, que conclui pela procedência parcial, com a aplicação de pena de suspensão por 90 (noventa) dias do exercício do mandato do Deputado Carlos Alberto Leréia. Si",FNT-000306
FAS-007175,PRC-010192,2013-04-11,representacao_etica,INS-001542,"Representação, de 5 de março de 2013, do Democratas -DEM, em desfavor do Deputado Devanir Ribeiro. Imputação da prática de atos incompatíveis com o decoro parlamentar.",FNT-000306
FAS-007176,PRC-010192,2013-07-03,parecer_conselho_etica,INS-001542,"Aprovado parecer pela inadmissibilidade da Representação por falta de justa causa, recomendando à Mesa Diretora aplicação da penalidade - censura escrita - prevista no inciso I do art. 10 do Código de Ética e Decoro Parl",FNT-000306
FAS-007177,PRC-010193,2013-04-11,representacao_etica,INS-001542,"Representação do Partido Socialista Brasileiro - PSB, em desfavor do Deputado Antônio Eudes Xavier. Imputação da prática de atos incompativeís com o decoro parlamentar.",FNT-000306
FAS-007178,PRC-010193,2013-06-12,parecer_conselho_etica,INS-001542,"Aprovado o Parecer Preliminar do Relator, Dep. José Carlos Araújo, pela inépcia e ausência de justa causa",FNT-000306
FAS-007179,PRC-010194,2013-09-02,representacao_etica,INS-001542,Representa contra o Deputado Natan Donadon por quebra de decoro parlamentar.,FNT-000306
FAS-007180,PRC-010194,2013-09-25,parecer_conselho_etica,INS-001542,Aprovado o Parecer Preliminar do Deputado José Carlos Araújo pela admissibilidade da Representação em desfavor do Deputado Natan Donadon.,FNT-000306
FAS-007181,PRC-010194,2013-11-27,parecer_conselho_etica,INS-001542,Aprovado por unanimidade (13 votos) o Parecer do Deputado José Carlos Araújo pela perda do mandato do Deputado Natan Donadon.,FNT-000306
FAS-007182,PRC-010194,2014-02-12,deliberacao_plenario,INS-001542,"Aprovado o Parecer do Conselho de Ética e Decoro Parlamentar, pela procedência da Representação nº 22/2013 e perda do mandato parlamentar do Sr. Natan Donadon. Sim: 467; Abst.: 01; Total de votos: 468.",FNT-000306
FAS-007183,PRC-010195,2013-09-24,representacao_etica,INS-001542,Representa em desfavor do Deputado Jair Bolsonaro por imputação da prática de atos incompatíveis com o decoro parlamentar.,FNT-000306
FAS-007184,PRC-010195,2013-10-30,parecer_conselho_etica,INS-001542,Aprovado Parecer Preliminar do Deputado Sérgio Moraes pela inadmissibilidade da Representação por ausência de justa causa. o Parecer contou com 11 votos favoráveis e nenhum contrário.,FNT-000306
FAS-007185,PRC-010196,2014-04-07,representacao_etica,INS-001542,"Apresenta, com base no art. 55, inciso II e § 2º da Constituição Federal e art. 4º, incisos II e VI, do Código de Ética e Decoro Parlamentar da Câmara dos Deputados - Resolução nº 25, de 2001, e em matérias jornalísticas",FNT-000306
FAS-007186,PRC-010196,2014-04-29,parecer_conselho_etica,INS-001542,Aprovado Parecer Preliminar do Deputado Júlio Delgado pela admissibilidade da Representação. Unanimidade de 13 votos.,FNT-000306
FAS-007187,PRC-010196,2014-12-10,deliberacao_plenario,INS-001542,"Aprovado o Parecer do Conselho de Ética e Decoro Parlamentar, pela procedência da Representação nº 25/2014 e pela perda do mandato parlamentar do Dep. André Vargas. Sim: 359; Não: 1; Abst.: 6; Total de votos: 366.DCD de ",FNT-000306
FAS-007188,PRC-010197,2014-05-07,representacao_etica,INS-001542,Representação formulada pelo Partido Socialismo e Liberdade - PSOL em desfavor Deputado LUIZ ARGÔLO (SD/BA) em razão de suposto conduta incompatível com o decoro parlamentar.,FNT-000306
FAS-007189,PRC-010197,2014-10-28,parecer_conselho_etica,INS-001542,"Aprovado Parecer do relator, Deputado Marcos Rogério, pela perda do mandato.",FNT-000306
FAS-007190,PRC-010198,2014-05-14,representacao_etica,INS-001542,"Representa em face do Senhor Deputado LUIZ ARGÔLO, em razão de procedimento incompatível com o decoro parlamentar.",FNT-000306
FAS-007191,PRC-010199,2014-08-26,representacao_etica,INS-001542,"Representação protocolada pelo Presidente do Partido Socialismo e Liberdade - PSOL, no Conselho de Ética, que solicita abertura de processo disciplinar contra o deputado RODRIGO BETHLEM (PMDB/RJ) para apurar a prática de",FNT-000306
FAS-007192,PRC-010199,2014-11-18,parecer_conselho_etica,INS-001542,"Aprovado o Parecer Preliminar vencedor do Deputado Fernando Ferro, com 9 votos favoráveis e 2 contrários.",FNT-000306
FAS-007193,PRC-010200,2014-10-16,representacao_etica,INS-001542,"Apresenta, com base no art. 55, inciso II e § 2.º da Constituição Federal e art. 4.º, inciso II, do Código de Ética e Decoro Parlamentar da Câmara dos Deputados - Resolução n.º 25, de 2001, e em matéria jornalística que ",FNT-000306
FAS-007194,PRC-010200,2014-12-02,parecer_conselho_etica,INS-001542,Aprovado o Parecer Preliminar do Deputado Mauro Lopes pelo arquivamento da Representação.,FNT-000306
FAS-007195,PRC-010201,2014-10-16,representacao_etica,INS-001542,"Apresenta, com base no art. 55, inciso II e § 2.º da Constituição Federal e art. 4.º, inciso II, do Código de Ética e Decoro Parlamentar da Câmara dos Deputados - Resolução n.º 25, de 2001, e em matéria jornalística que ",FNT-000306
FAS-007196,PRC-010201,2014-12-02,parecer_conselho_etica,INS-001542,Aprovado o Parecer Preliminar do Deputado Ronaldo Benedet pelo arquivamento da Representação.,FNT-000306
FAS-007197,PRC-010202,2014-10-16,representacao_etica,INS-001542,"Apresenta, com base no art. 55, inciso II e § 2.º da Constituição Federal e art. 4.º, inciso II, do Código de Ética e Decoro Parlamentar da Câmara dos Deputados - Resolução n.º 25, de 2001, e em matéria jornalística que ",FNT-000306
FAS-007198,PRC-010202,2014-12-02,parecer_conselho_etica,INS-001542,Aprovado o Parecer Preliminar do Deputado Wladimir Costa pelo arquivamento da Representação.,FNT-000306
FAS-007199,PRC-010203,2014-12-11,representacao_etica,INS-001542,Representação por Quebra de Decoro Parlamentar contra o Deputado Jair Bolsonaro.,FNT-000306
FAS-007200,PRC-010204,2015-10-28,representacao_etica,INS-001542,"Representação em desfavor do Deputado Eduardo Cunha, que solicita abertura de Processo Disciplinar com o objetivo de apurar prática de condutas incompatíveis com o decoro parlamentar.",FNT-000306
FAS-007201,PRC-010204,2015-12-15,parecer_conselho_etica,INS-001542,Aprovado o Parecer Preliminar do Deputado Marcos Rogério com 11 votos favoráveis e 9 contrários.,FNT-000306
FAS-007202,PRC-010204,2016-03-01,parecer_conselho_etica,INS-001542,"Apresentação do Parecer do Relator, PRL 1 COETICA, pelo Dep. Marcos Rogério",FNT-000306
FAS-007203,PRC-010204,2016-09-12,deliberacao_plenario,INS-001542,"Aprovado o Parecer do Conselho de Ética e Decoro Parlamentar, pela procedência da Representação nº 1/2015 e perda do mandato parlamentar do Dep. Eduardo Cunha (PMDB/RJ). Sim: 450; Não: 10; Abstenção: 9; Total de votos: 4",FNT-000306
FAS-007204,PRC-010205,2015-10-28,representacao_etica,INS-001542,Representa em desfavor do Deputado Alberto Fraga por atos incompatíveis com o decoro parlamentar.,FNT-000306
FAS-007205,PRC-010206,2015-10-28,representacao_etica,INS-001542,Representa em desfavor do Deputado Roberto Freire por atos incompatíveis com o decoro parlamentar.,FNT-000306
FAS-007206,PRC-010206,2016-03-16,parecer_conselho_etica,INS-001542,"Aprovado o Parecer do Deputado Paulo Azi, pelo arquivamento da Representação nº 3/2015, por unanimidade de 12 votos.",FNT-000306
FAS-007207,PRC-010207,2015-11-06,representacao_etica,INS-001542,"Representação em desfavor do Deputado Chico Alencar, pela prática de ato incompativel com o decoro parlamentar.",FNT-000306
FAS-007208,PRC-010208,2015-11-27,representacao_etica,INS-001542,"Representação em desfavor do Deputado Jean Wyllys, pela prática de ato incompativel com o decoro parlamentar.",FNT-000306
FAS-007209,PRC-010209,2016-05-11,representacao_etica,INS-001542,"Representação do Partido Verde-PV, subscrita por seu Presidente Nacional, José Luiz de França Penna, em desfavor do Deputado Jair Bolsonaro, por imputação da prática de atos incompatíveis com o decoro parlamentar.",FNT-000306
FAS-007210,PRC-010210,2016-07-07,representacao_etica,INS-001542,"Apresenta, com base no artigo 55, inciso II e § 2° da Constituição Federal e no artigo 40 , inciso II, do Código de Ética e Decoro Parlamentar da Câmara dos Deputados, Resolução nº 25, de 2001, representação em desfavor ",FNT-000306
FAS-007211,PRC-010211,2016-07-21,representacao_etica,INS-001542,"O Partido dos Trabalhadores na forma regimental, vêm a presença de Vossa Excelência, com fulcro no arts. 5º e 55, II da Constituição Federal e nos arts. 17 VI, ""g"", 231, 240, I e II, 244, 253 e 268 do Regimento Interno d",FNT-000306
FAS-007212,PRC-010212,2016-07-21,representacao_etica,INS-001542,"O Partido dos Trabalhadores - PT, por seu Presidente Nacional, com base no disposto no artigo 55, § 30 da Constituição Federal e artigos 9º, § 3º e 14 do Código de Ética e Decoro Parlamentar da Câmara dos Deputados, vem ",FNT-000306
FAS-007213,PRC-010212,2016-08-31,parecer_conselho_etica,INS-001542,"Parecer do Relator, Dep. Subtenente Gonzaga (PDT-MG), pelo arquivamento.",FNT-000306
FAS-007214,PRC-010212,2016-10-05,parecer_conselho_etica,INS-001542,Aprovado o Parecer Preliminar pelo arquivamento da Representação. Participaram da votação 13 Deputados: 12 votos favoráveis e 1 abstenção.,FNT-000306
FAS-007215,PRC-010213,2016-09-14,representacao_etica,INS-001542,"Representação em face do Deputado Jean Wyllys, em razão da prática de atos atentatórios do decoro parlamentar.",FNT-000306
FAS-007216,PRC-010214,2016-11-11,representacao_etica,INS-001542,"O PARTIDO SOCIALISTA BRASILEIRO PSB, vem, perante Vossa Excelência, com fundamento no art. 55, II e § 1°, da Constituição Federal', art. 240, inciso II, e art. 244, da Resolução n° 17, de 1989, que aprova o Regimento Int",FNT-000306
FAS-007217,PRC-010214,2016-12-13,parecer_conselho_etica,INS-001542,Aprovado o Parecer Preliminar pelo arquivamento da Representação.,FNT-000306
FAS-007218,PRC-010215,2016-12-22,representacao_etica,INS-001542,"Representação do Partido dos Trabalhadores - PT, subscrita por seu Presidente, Rui Falcão, em desfavor do Deputado EDUARDO BOLSONARO. Imputação da prática de atos incompatíveis com o decoro parlamentar.",FNT-000306
FAS-007219,PRC-010215,2017-06-07,parecer_conselho_etica,INS-001542,"Parecer do Relator, Dep. João Marcelo Souza (PMDB-MA), pelo arquivamento.",FNT-000306
FAS-007220,PRC-010216,2016-12-22,representacao_etica,INS-001542,"Representação do Partido dos Trabalhadores - PT, subscrita por seu Presidente, Rui Falcão, em desfavor do Deputado EDUARDO BOLSONARO. Imputação da prática de atos incompatíveis com o decoro parlamentar.",FNT-000306
FAS-007221,PRC-010217,2016-12-22,representacao_etica,INS-001542,"Representa em face do Deputado Delegado Éder Mauro, em razão da prática de atos atentatórios do decoro parlamentar.",FNT-000306
FAS-007222,PRC-010217,2017-08-10,parecer_conselho_etica,INS-001542,"Início do prazo de até 10 (dez) dias úteis para a elaboração do Parecer do Relator, Dep. Ronaldo Martins.",FNT-000306
FAS-007223,PRC-010218,2017-05-31,representacao_etica,INS-001542,"Representação em desfavor do Deputado ROCHA LOURES, por imputação da prática de atos incompatíveis com o decoro parlamentar.",FNT-000306
FAS-007224,PRC-010219,2017-08-24,representacao_etica,INS-001542,Representa em desfavor do Deputado Wladimir Costa. Imputação de prática de atos incompatíveis com o decoro parlamentar.,FNT-000306
FAS-007225,PRC-010220,2017-09-15,representacao_etica,INS-001542,"Representação do Partido dos Trabalhadores - PT, em desfavor do Senhor Deputado WLADIMIR COSTA. Imputação da prática de atos incompatíveis com o decoro parlamentar.",FNT-000306
FAS-007226,PRC-010220,2017-12-05,parecer_conselho_etica,INS-001542,"Aprovado por 9 votos favoráveis e 4 contrários o Parecer Preliminar do Deputado Joâo Marcelo Souza, relator, pelo arquivamento da Representação.",FNT-000306
FAS-007227,PRC-010221,2018-02-14,representacao_etica,INS-001542,"Representação em desfavor do Senhor Deputado Federal LÚCIO QUADROS VIEIRA LIMA, Deputado Federal pelo Partido do Movimento Democrático Brasileiro (PMDB-BA), por atos incompatíveis com o decoro parlamentar.",FNT-000306
FAS-007228,PRC-010221,2018-04-10,parecer_conselho_etica,INS-001542,"Aprovado o Parecer Preliminar com Complementação de Voto por 12 votos favoráveis e 2 votos contrários. Total de votantes: 15 (art. 4º, § 2, do Regulamento do Conselho de Ética)",FNT-000306
FAS-007229,PRC-010222,2018-02-21,representacao_etica,INS-001542,"Representação da Rede Sustentabilidade - REDE, em desfavor do Senhor Deputado PAULO MALUF. Imputação da prática de atos incompatíveis com o decoro parlamentar.",FNT-000306
FAS-007230,PRC-010222,2018-04-10,parecer_conselho_etica,INS-001542,"Aprovado o Parecer Preliminar por 10 votos favoráveis e nenhum contrário. Total de votantes: 11 (art. 4º, § 2, do Regulamento do Conselho de Ética)",FNT-000306
FAS-007231,PRC-010223,2018-02-21,representacao_etica,INS-001542,"Representação da Rede Sustentabilidade - REDE, em desfavor do Senhor Deputado CELSO JACOB. Imputação da prática de atos incompatíveis com o decoro parlamentar.",FNT-000306
FAS-007232,PRC-010223,2018-04-10,parecer_conselho_etica,INS-001542,"Aprovado o Parecer Preliminar por 9 votos favoráveis e 1 voto contrário Total de votantes: 11 (art. 4º, § 2, do Regulamento do Conselho de Ética)",FNT-000306
FAS-007233,PRC-010223,2018-07-11,parecer_conselho_etica,INS-001542,Protocolado o Parecer do Relator.,FNT-000306
FAS-007234,PRC-010224,2018-02-21,representacao_etica,INS-001542,"Representação da Rede Sustentabilídade - REDE, em desfavor do Senhor Deputado JOÃO RODRIGUES. Imputação da prática de atos incompatíveis com o decoro parlamentar.",FNT-000306
FAS-007235,PRC-010224,2018-07-10,parecer_conselho_etica,INS-001542,Protocolado o Parecer do Relator.,FNT-000306
FAS-007236,PRC-010225,2018-03-21,representacao_etica,INS-001542,"Representação do Partido da República - PR, em desfavor da Senhora Deputada ERIKA KOKAY. Imputação da prática de atos incompatíveis com o decoro parlamentar.",FNT-000306
FAS-007237,PRC-010225,2018-04-18,parecer_conselho_etica,INS-001542,"Apresentação do Parecer do Relator, PRL 1 COETICA, pelo Dep. Adilton Sachetti",FNT-000306
FAS-007238,PRC-010225,2018-04-18,parecer_conselho_etica,INS-001542,"Parecer do Relator, Dep. Adilton Sachetti (PRB-MT) pelo inadmissibilidade da Representação e consequente arquivamento.",FNT-000306
FAS-007239,PRC-010226,2018-03-21,representacao_etica,INS-001542,"Representação do Partido da República - PR, em desfavor do Senhor Deputado IVAN VALENTE. Imputação da prática de atos incompatíveis com o decoro parlamentar.",FNT-000306
FAS-007240,PRC-010226,2018-04-18,parecer_conselho_etica,INS-001542,"Apresentação do Parecer do Relator, PRL 1 COETICA, pelo Dep. Pompeo de Mattos",FNT-000306
FAS-007241,PRC-010226,2018-04-18,parecer_conselho_etica,INS-001542,"Parecer do Relator, Dep. Pompeo de Mattos (PDT-RS), pelo arquivamento.",FNT-000306
FAS-007242,PRC-010227,2018-03-21,representacao_etica,INS-001542,"Representação do Partido da República - PR, em desfavor do Senhor Deputado JEAN WYLLYS. Imputação da prática de atos incompatíveis com o decoro parlamentar.",FNT-000306
FAS-007243,PRC-010228,2018-03-27,representacao_etica,INS-001542,"Representação do Partido Socialismo e Liberdade, subscrita por seu Presidente, Juliano Medeiros, em desfavor do Deputado ALBERTO FRAGA. Imputação de prática de atos incompatíveis com o decoro parlamentar.",FNT-000306
FAS-007244,PRC-010228,2018-05-29,parecer_conselho_etica,INS-001542,Aprovado o Parecer Preliminar com 10 votos favoráveis e 1 contrário.,FNT-000306
FAS-007245,PRC-010229,2018-06-06,representacao_etica,INS-001542,"Representação da Rede Sustentabilidade - REDE, em desfavor do Senhor Deputado NELSON MEURER. Imputação da prática de atos incompatíveis com o decoro parlamentar.",FNT-000306
FAS-007246,PRC-010230,2018-06-07,representacao_etica,INS-001542,"Representação do Partido Socialista Brasileiro - PSB, subscrita por seu Presidente, Carlos Siqueira, em desfavor do Deputado LAERTE BESSA. Imputação de prática de atos incompatíveis com o decoro parlamentar.",FNT-000306
FAS-007247,PRC-010230,2018-11-20,parecer_conselho_etica,INS-001542,"Aprovado o Parecer Preliminar do Deputado Hildo Rocha pelo arquivamento da Representação com 11 (onze) votos favoráveis, nehum contrário e 2 (duas) abstenções.",FNT-000306
FAS-007248,PRC-010231,2018-06-19,representacao_etica,INS-001542,"Representação do Partido Socialismo e Liberdade - PSOL, em desfavor do Senhor Deputado NELSON MEURER. Imputação da prática de atos incompatíveis com o decoro parlamentar.",FNT-000306
FAS-007249,PRC-010232,2018-08-09,representacao_etica,INS-001542,"Representação do Partido Social Liberal - PSL, em desfavor dos Senhores Deputados PAULO PIMENTA, WADIH DAMOUS e PAULO TEIXEIRA. Imputação da prática de atos incompatíveis com o decoro parlamentar",FNT-000306
FAS-007250,PRC-010233,2019-04-01,representacao_etica,INS-001542,"Apresenta, com base no art. 55, inciso II e § 2.º da Constituição Federal e art. 4º , inciso 1, do Código de Ética e Decoro Parlamentar da Câmara dos Deputados - Resolução n.º 25, de 2001, representação em desfavor do De",FNT-000306
FAS-007251,PRC-010233,2019-06-18,parecer_conselho_etica,INS-001542,"Apresentação do Parecer do Relator, PRL 1 COETICA, pelo Dep. Célio Moura",FNT-000306
FAS-007252,PRC-010234,2019-06-18,representacao_etica,INS-001542,"Representação em desfavor do Senhor José Medeiros, Deputado Federal pelo Partido Podemos (PODE-MT), por atos incompatíveis com o decoro parlamentar.",FNT-000306
FAS-007253,PRC-010235,2019-06-28,representacao_etica,INS-001542,"Representação por quebra de decoro parlamentar com vistas à instauração de processo disciplinar, perante o Conselho de Ética e Decoro Parlamentar, em desfavor dos Deputados Federais EDMILSON RODRIGUES, do Partido Sociali",FNT-000306
FAS-007254,PRC-010236,2019-07-02,representacao_etica,INS-001542,"Apresenta, com base no artigo 55, inciso II e § 2° da Constituição Federal e no artigo 5°, inciso III e inciso X, cc com o Artigo 3° inciso VII, do Código de Ética e Decoro Parlamentar da Câmara dos Deputados, representa",FNT-000306
FAS-007255,PRC-010237,2019-09-03,representacao_etica,INS-001542,"Representação do SOLIDARIEDADE, protocolizado às 19h30 do dia 20 de agosto de 2019, em desfavor do Senhor Deputado ANDRÉ JANONES. Imputação de prática de condutas incompatíveis com e atentatórias contra o decoro parlamen",FNT-000306
FAS-007256,PRC-010238,2019-09-10,representacao_etica,INS-001542,"Representação do Partido Social Liberal - PSL, em desfavor do Senhor Deputado GLAUBER BRAGA. Imputação da prática de atos incompatíveis com o decoro parlamentar.",FNT-000306
FAS-007257,PRC-010238,2019-10-22,parecer_conselho_etica,INS-001542,"Aprovado o Parecer Preliminar do Deputado Flávio Nogueira, pelo arquivamento da Representação n° 08/19, por unanimidade de dez votos",FNT-000306
FAS-007258,PRC-010239,2019-09-17,representacao_etica,INS-001542,"Com esteio no art. 55, inciso II e §2º da Constituição Federal e art. 3º e 5º do Código de Ética e Decoro Parlamentar da Câmara dos Deputados, ofertar a anexa Representação em face da prática de atos em tese atentatórios",FNT-000306
FAS-007259,PRC-010240,2019-11-20,representacao_etica,INS-001542,"Com fundamento no disposto no artigo 9º, § 3º, do Código de Ética e Decoro Parlamentar da Cãmara dos Deputados, apresentar Representação em desfavor do Deputado Federal EDUARDO BOLSONARO.",FNT-000306
FAS-007260,PRC-010241,2019-11-20,representacao_etica,INS-001542,"Com base no artigo 55, II e §§ 1º e 2º, da Constituição Federal, nos artigos 17, VI, ""g"", 231, 240, 244 do Regimento Interno da Câmara dos Deputados e artigos 3º, I, II, II e IV, 4º, I e VI, X, IV e 9º dp Código de Ética",FNT-000306
FAS-007261,PRC-010242,2019-11-20,representacao_etica,INS-001542,"Apresenta, com base no artigo 55, inciso II e §§ 1º 2º da Constituição Federal e dos artigos 240, inciso II, § 1º, e 244, ambos Regimento Interno da Câmara dos Deputados e dos artigo 3º, inciso VII c/c artigo 5º, inciso ",FNT-000306
FAS-007262,PRC-010243,2019-11-27,representacao_etica,INS-001542,"Representação do Partido Social Liberal - PSL, em desfavor da Senhora Deputada CARLA ZAMBELLI. Imputação de atos incompatíveis com o decoro parlamentar,",FNT-000306
FAS-007263,PRC-010244,2019-11-28,representacao_etica,INS-001542,"Representação do Partido dos Trabalhadores - PT, em desfavor do Senhor Deputado FILIPE BARROS. Imputação da prática de atos incompatíveis com o decoro parlamentar.",FNT-000306
FAS-007264,PRC-010245,2019-12-02,representacao_etica,INS-001542,"Representação do Partido dos Trabalhadores - PT, em desfavor da Senhor Deputado CORONEL TADEU. Imputação da prática de atos incompatíveis com o decoro parlamentar.",FNT-000306
FAS-007265,PRC-010245,2021-06-09,parecer_conselho_etica,INS-001542,Protocolado o Parecer do Relator.,FNT-000306
FAS-007266,PRC-010246,2019-12-06,representacao_etica,INS-001542,Representação por quebra do decoro parlamentar em desfavor da Deputada Federal Carla Zambelli.,FNT-000306
FAS-007267,PRC-010247,2019-12-06,representacao_etica,INS-001542,Representação por quebra de decoro parlamentar em desfavor do Deputado Federal Daniel Silveira.,FNT-000306
FAS-007268,PRC-010247,2021-06-29,parecer_conselho_etica,INS-001542,"Aprovado, por 13 (treze) votos favoráveis e 3 (três) contrários, o Parecer do Relator, Deputado Alexandre Leite - DEM/SP, com complementação de voto, pela suspensão do exercício do mandato do Representado, pelo prazo de ",FNT-000306
FAS-007269,PRC-010248,2019-12-06,representacao_etica,INS-001542,"Apresenta, com base no art. 55, II e §§ 1º e 2º, da Constituição Federal de 1988, REPRESENTAÇÃO em desfavor do Deputado Carlos Jordy, do Partido Social Liberal - PSL.",FNT-000306
FAS-007270,PRC-010249,2019-12-06,representacao_etica,INS-001542,"Apresenta, com base no art. 55, II e §§ 1º e 2º, da Constituição Federal de 1988, REPRESENTAÇÃO em desfavor da Deputada Ale Silva, do Partido Social Libera - PSL.",FNT-000306
FAS-007271,PRC-010250,2019-12-06,representacao_etica,INS-001542,"Apresenta, com base no art. 55, II e §§ 1º e 2º, da Constituição Federal de 1988, REPRESENTAÇÃO em desfavor do Deputado Filipe Barros, do Partido Social Liberal - PSL.",FNT-000306
FAS-007272,PRC-010251,2019-12-06,representacao_etica,INS-001542,"Apresenta, com base no art. 55, II e §§ lº e 2, da Constituição Federal de 1988, REPRESENTAÇÃO em desfavor do Deputado Bibo Nunes, do Partido Social Liberal - PSL.",FNT-000306
FAS-007273,PRC-010252,2021-02-17,representacao_etica,INS-001542,"Representação em face do Senhor Deputado DANIEL SILVEIRA, por procedimento incompatível com o decoro parlamentar.",FNT-000306
FAS-007274,PRC-010252,2021-06-01,parecer_conselho_etica,INS-001542,Protocolado o Parecer do Relator.,FNT-000306
FAS-007275,PRC-010253,2021-02-19,representacao_etica,INS-001542,"Representa em face da Deputada Flordelis, em razão da prática de atos incompatíveis com o decoro Parlamentar.",FNT-000306
FAS-007276,PRC-010253,2021-05-27,parecer_conselho_etica,INS-001542,"Protocolado o Parecer do Relator, Dep. Alexandre Leite - DEM/SP.",FNT-000306
FAS-007277,PRC-010253,2021-06-01,parecer_conselho_etica,INS-001542,Leitura do Parecer do Relator (relatório e voto).,FNT-000306
FAS-007278,PRC-010253,2021-06-08,parecer_conselho_etica,INS-001542,"Em votação, o Parecer do Relator, Deputado Alexandre Leite, foi aprovado com 16 votos favoráveis e 1 contrário.",FNT-000306
FAS-007279,PRC-010254,2021-02-25,representacao_etica,INS-001542,"Representação em desfavor do Senhor Deputado Daniel Silveira, por atos incompatíveis com o decoro parlamentar.",FNT-000306
FAS-007280,PRC-010255,2021-02-25,representacao_etica,INS-001542,"Representação em desfavor do Senhor Deputado Daniel Silveira, por atos incompatíveis com o decoro parlamentar.",FNT-000306
FAS-007281,PRC-010256,2021-02-25,representacao_etica,INS-001542,"Representação em desfavor do Senhor Deputado Daniel Silveira, por atos incompatíveis com o decoro parlamentar.",FNT-000306
FAS-007282,PRC-010257,2021-02-25,representacao_etica,INS-001542,"Representação em desfavor do Senhor Deputado Daniel Silveira, por atos incompatíveis com o decoro parlamentar.",FNT-000306
FAS-007283,PRC-010258,2021-02-25,representacao_etica,INS-001542,"Representação em desfavor do Senhor Deputado Daniel Silveira, por atos incompatíveis com o decoro parlamentar.",FNT-000306
FAS-007284,PRC-010259,2021-02-25,representacao_etica,INS-001542,"Representação em desfavor do Senhor Deputado Daniel Silveira, por atos incompatíveis com o decoro parlamentar.",FNT-000306
FAS-007285,PRC-010259,2021-06-22,parecer_conselho_etica,INS-001542,Protocolado Parecer da Relatora (Relatório e Voto),FNT-000306
FAS-007286,PRC-010260,2021-02-25,representacao_etica,INS-001542,"Representação em desfavor do Senhor Deputado Daniel Silveira, por atos incompatíveis com o decoro parlamentar.",FNT-000306
FAS-007287,PRC-010261,2021-07-02,representacao_etica,INS-001542,"Representação em desfavor do Senhor Deputado Diego Garcia, por atos incompatíveis com o decoro parlamentar.",FNT-000306
FAS-007288,PRC-010262,2021-07-02,representacao_etica,INS-001542,"Representação em desfavor do Senhor Deputado Ricardo Barros, por atos incompatíveis com o decoro parlamentar.",FNT-000306
FAS-007289,PRC-010263,2021-07-02,representacao_etica,INS-001542,"Representação em desfavor do Senhor Deputado Luis Miranda, por atos incompatíveis com o decoro parlamentar.",FNT-000306
FAS-007290,PRC-010264,2022-04-12,representacao_etica,INS-001542,"Representação do Partido NOVO em desfavor do Senhor Deputado Wilson Santiago, protocolizada em 25 de fevereiro de 2021, às 15h24. Imputação da prática de atos incompatíveis com o decoro parlamentar.",FNT-000306
FAS-007291,PRC-010265,2022-04-12,representacao_etica,INS-001542,"Representação do Partido dos Trabalhadores (PT) em desfavor do Senhor Deputado Eduardo Nantes Bolsonaro, Protocolizada em 20 de maio de 2021. Imputação de conduta incompatível com o decoro parlamentar.",FNT-000306
FAS-007292,PRC-010266,2022-04-12,representacao_etica,INS-001542,"Representação do partido dos Trabalhadores (PT) em desfavor do Senhor Deputado Carlos Jordy, protocolizada em 20 de maio de 2021. Imputação de conduta da prática incompatíveil com o decoro parlamentar.",FNT-000306
FAS-007293,PRC-010267,2022-04-12,representacao_etica,INS-001542,"Representação do Partido dos Trabalhadores (PT) em desfavor da Senhora Deputada Carla Zambelli, protocolizada em 11 de junho de 2021. Imputação de conduta incompatível com o decoro parlamentar.",FNT-000306
FAS-007294,PRC-010268,2022-04-12,representacao_etica,INS-001542,"Representação do Partido Trabalhista Brasileiro - PTB em desfavor da Senhora Deputada Jandira Feghali , protocolizada em 2 de julho de 2021. Imputação de conduta incompatível com o decoro parlamentar.",FNT-000306
FAS-007295,PRC-010269,2022-04-12,representacao_etica,INS-001542,"Representação do Partido trabalhista Brasileiro em desfavor da Senhora Deputada Talíria Petrone (PSOL-RJ), protocolizada em 20 de setembro de 2021. Imputação de conduta incompatível com o decoro parlamentar.",FNT-000306
FAS-007296,PRC-010270,2022-04-12,representacao_etica,INS-001542,"Representação da Rede Sustentabilidade (REDE) em desfavor do Senhor Deputado Josimar Maranhãozinho , protocolizada em 6 de dezembro de 2021. Imputação de conduta incompatível com o decoro parlamentar.",FNT-000306
FAS-007297,PRC-010271,2022-04-12,representacao_etica,INS-001542,"Representação do Partido dos Trabalhadores, protocolizada em 9 de dezembro de 2021, em desfavor do Senhor Deputado Heitor Freire. Imputação de prática de condutas atentatórias contra o decoro parlamentar.",FNT-000306
FAS-007298,PRC-010272,2022-04-12,representacao_etica,INS-001542,"Representação do Partido dos Trabalhadores (PT) em desfavor da Senhora Deputada Bia Kicis, protocolizada em 7 de Janeiro de 2022. Imputação de conduta incompatível com o decoro parlamentar.",FNT-000306
FAS-007299,PRC-010273,2022-04-12,representacao_etica,INS-001542,"Representação apresentanda pelo Partido Progressista (PP) em desfavor do Senhor Deputado Kim Kataguiri, protocolizada em 9 defevereiro de 2022. Imputação de conduta incompatível com o decoro parlamentar.",FNT-000306
FAS-007300,PRC-010274,2022-04-12,representacao_etica,INS-001542,"Representação do Partido dos Trabalhadores (PT) em desfavor do Senhor Deputado Kim Kataguiri, protocolizada em 9 de fevereiro de 2022. Imputação de conduta incompatível com o decoro parlamentar.",FNT-000306
FAS-007301,PRC-010275,2022-04-12,representacao_etica,INS-001542,"Representação do Partido dos Trabalhadores - PT em desfavor do Senhor Deputado Eduardo Bolsonaro, Protocolizada em 12 de março de 2021. Imputando-lhe quebra de decoro parlamentar.",FNT-000306
FAS-007302,PRC-010276,2022-04-12,representacao_etica,INS-001542,"Representação do Partido Comunista do Brasil (PCdoB) em desfavor do Senhor Deputado Eduardo Bolsonaro, protocolizada em 4 de abril de 2022. Imputação de conduta incompatível com o decoro parlamentar.",FNT-000306
FAS-007303,PRC-010277,2022-04-12,representacao_etica,INS-001542,"Representação do Partido dos Trabalhadores (PT) em desfavor do Senhor Deputado Eduardo Bolsonaro, protocolizada em 4 de abril de 2022. Imputação de conduta incompatível com o decoro parlamentar.",FNT-000306
FAS-007304,PRC-010278,2022-04-12,representacao_etica,INS-001542,Representação do Partido Socialismo e Liberdade - PSOL e da Rede Sustentabilidade em desfavor do Senhor Deputado Eduardo Bolsonaro protocolizada em 6 de abril de 2022. Imputação de conduta incompatível com o decoro parla,FNT-000306
FAS-007305,PRC-010279,2022-04-12,representacao_etica,INS-001542,"Representação do Partido dos Trabalhadores - PT em desfavor da Senhora Deputada Soraya Manato, protocolizada aos 12 de março de 2021, imputando-lhe quebra de decoro parlamentar.",FNT-000306
FAS-007306,PRC-010280,2022-04-12,representacao_etica,INS-001542,"Representação do Partido Democrático Trabalhista - PDT em desfavor do Senhor Deputado Eduardo Bolsonaro, protocolizada via e-mail em 18 de março de 2021, às 14h35. Imputação de conduta imcompatível com o decoro parlament",FNT-000306
FAS-007307,PRC-010281,2022-04-12,representacao_etica,INS-001542,"Representação do Partido Socialismo e Liberdade (PSOL) em desfavor da Senhora Deputada Bia Kicis, protocolizada em 30 de março de 2021, às 13h47. Imputação de conduta incompatível com o decoro parlamentar.",FNT-000306
FAS-007308,PRC-010282,2022-04-12,representacao_etica,INS-001542,"Representação do Partido dos Trabalhadores - PT em desfavor da Senhora Deputada Bia Kicis, protocolizada em 30 de março de 2021. Imputação de atos atentatórios de decoro parlamentar.",FNT-000306
FAS-007309,PRC-010283,2022-04-12,representacao_etica,INS-001542,"Representação do Partido dos Trabalhadores - PT em desfavor da Senhora Deputada Carla Zambelli, protocolizada em 30 de março de 2021. Imputação de atos atentatórios ao decoro parlamentar.",FNT-000306
FAS-007310,PRC-010284,2022-04-12,representacao_etica,INS-001542,"Representação do Partido Socialista Brasileiro ( PSB) , do Partido dos Trabalhadores (PT), do Partido Democrático Trabalhista (PDT) e do Partido Socialismo e Liberdade (PSOL) em desfavor do Senhor Deputado Eduardo Bolson",FNT-000306
FAS-007311,PRC-010285,2022-04-12,representacao_etica,INS-001542,"Representação do Partido dos Trabalhadores (PT) a do Partido Sicialismo e Liberdade (PSOL) em desfavor do Senhor Deputado Delegado Éder Mauro, protocolizada em 20 de maio de 2021. Imputação de conduta incompatível com o ",FNT-000306
FAS-007312,PRC-010286,2022-06-01,representacao_etica,INS-001542,"Representação de autoria do Partido Liberal (PL) em desfavor da Senhora Deputada Gleisi Hoffmann, Protocolizada em 26 de maio de 2022. Imputação de conduta incompatível com o decoro Parlamentar.",FNT-000306
FAS-007313,PRC-010287,2022-06-01,representacao_etica,INS-001542,"Representação de autoria do Partido Liberal (PL) em desfavor do Senhor Deputado Glauber Braga, protocolizada em 1º de junho de 2022. Imputação de conduta incompatível com o decoro parlamentar.",FNT-000306
FAS-007314,PRC-010288,2022-06-14,representacao_etica,INS-001542,"Representação de autoria do Partido Socialismo e Liberdade (PSOL) em desfavor do Senhor Deputado ARTHUR LIRA, protocolizada em 3 de junho de 2022. Imputação de conduta incompatível com o decoro parlamentar.",FNT-000306
FAS-007315,PRC-010289,2022-10-20,representacao_etica,INS-001542,"Representação de autoria do Progressistas (PP) em desfavor do Senhor Deputado André Janones, Protocolizada no dia 18/10/2022. Imputação de conduta incompatível com o decoro parlamentar.",FNT-000306
FAS-007316,PRC-010290,2022-10-21,representacao_etica,INS-001542,"Representação de autoria do Partido Liberal (PL) em desfavor do Deputado André Janones, Protocolizada em 19 de outubro de 2022. Imputação de conduta incompatível com o decoro Parlamentar",FNT-000306
FAS-007317,PRC-010291,2023-05-23,representacao_etica,INS-001542,"Representação de autoria do Partido Socialista Brasileiro (PSB) em desfavor da Senhora Deputada CARLA ZAMBELLI, Protocolizada em 13 de abril de 2023. Imputação de conduta incompatível com o decoro parlamentar.",FNT-000306
FAS-007318,PRC-010292,2023-05-23,representacao_etica,INS-001542,"Representação de autoria do Partido Liberal (PL) em desfavor do Senhor Deputado MÀRCIO JERRY, Protocolizada em 13 de abril de 2023. Imputação de conduta incompatível com o decoro parlamentar.",FNT-000306
FAS-007319,PRC-010293,2023-05-23,representacao_etica,INS-001542,"Representação de autoria do Partido Socialismo e Liberdade PSOL), do Partido Democrático Trabalhista ( PDT), do Partido Socialista Brasileiro (PSB) e do Partido dos Trabalhadores (PT) em desfavor do Senhor Deputado NIKOL",FNT-000306
FAS-007320,PRC-010294,2023-05-23,representacao_etica,INS-001542,"Representação de autoria do Partido dos Trabalhadores (PT) em desfavor do Senhor Deputado JOSÉ MEDEIROS, Protocolizada em 9 de março de 2023. Imputação de conduta incompatível com o decoro parlamentar.",FNT-000306
FAS-007321,PRC-010294,2023-08-30,parecer_conselho_etica,INS-001542,"Aprovado o Parecer Preliminar do relator, com Complementação de Voto, pelo arquivamento da Rep. 4 de 2023, com 13 votos favoráveis e nenhum contrário.",FNT-000306
FAS-007322,PRC-010295,2023-05-29,representacao_etica,INS-001542,"Representação em desfavor da Senhora Deputada JULIANA CARDOSO, protocolizada em 26 de maio de 2023. Imputação de conduta incompatível com o decoro parlamentar.",FNT-000306
FAS-007323,PRC-010296,2023-05-29,representacao_etica,INS-001542,"Representação de autoria do Partido Liberal(PL), em desfavor da Senhora Deputada TALÍRIA PETRONE, Protocolizada em 25 de maio de 2023. Imputação de conduta incompatível com o decoro parlamentar.",FNT-000306
FAS-007324,PRC-010297,2023-05-29,representacao_etica,INS-001542,"Representação de autoria do Partido dos Trabalhadores (PT) em desfavor do Senhor Deputado EDUARDO BOLSONARO, Protocolizada em 20 de abril de 2023. Imputação de conduta incompatível com o decoro parlamentar.",FNT-000306
FAS-007325,PRC-010298,2023-05-31,representacao_etica,INS-001542,"Representação de autoria do Partido Liberal (PL) em desfavor das Senhoras Deputadas CÉLIA NUNES CORREA, ÉRIKA JUCÁ KOKAY, FERNANDA MELCHIONNA E SILVA, JULIANA CARDOSO, SÂMIA DE SOUZA BOMFIM E TALÍRIA PETRONE SOARES, Prot",FNT-000306
FAS-007326,PRC-010299,2023-06-12,representacao_etica,INS-001542,"Representação de autoria do Partido Liberal (PL) em desfavor da Senhora Deputada SÂMIA BOMFIM, protocolizada em 2 de junho de 2023. Imputação de conduta incompatível com o decoro parlamentar.",FNT-000306
FAS-007327,PRC-010300,2023-06-12,representacao_etica,INS-001542,"Representação de autoria do Partido Liberal (PL) em desfavor da Senhora Deputada TALÍRIA PETRONE, protocolizada em 2 de junho de 2023. Imputação de conduta incompatível com o decoro parlamentar.",FNT-000306
FAS-007328,PRC-010301,2023-06-12,representacao_etica,INS-001542,"Representação de autoria do Partido Liberal (PL) em desfavor da Senhora Deputada ÉRIKA KOKAY, protocolizada em 2 de junho de 2023. Imputação de conduta incompatível com o decoro parlamentar.",FNT-000306
FAS-007329,PRC-010302,2023-06-12,representacao_etica,INS-001542,"Representação de autoria do Partido Liberal (PL) em desfavor da Senhora Deputada FERNANDA MELCHIONNA, protocolizada em 2 de junho de 2023. Imputação de conduta incompatível com o decoro parlamentar.",FNT-000306
FAS-007330,PRC-010303,2023-06-12,representacao_etica,INS-001542,"Representações de autoria do Partido Liberal (PL) em desfavor da Senhora Deputada JULIANA CARDOSO, protocolizada em 2 de junho de 2023. Imputação de conduta incompatível com o decoro parlamentar.",FNT-000306
FAS-007331,PRC-010304,2023-06-12,representacao_etica,INS-001542,"Representação de autoria do Partido Liberal (PL) em desfavor da Senhora Deputada CÉLIA XAKRIABÁ, protocolizada em 2 de junho de 2023. Imputação de conduta incompatível com o decoro parlamentar.",FNT-000306
FAS-007332,PRC-010305,2023-08-07,representacao_etica,INS-001542,"Representação de autoria do Partido Comunista do Brasil (PCdoB) em desfavor da Senhora Deputada JULIA ZANATTA e do Senhor Deputado ANDRÉ FERNANDES, protocolizada em 24 de maio de 2023. Imputação de conduta incompatível c",FNT-000306
FAS-007333,PRC-010306,2023-08-07,representacao_etica,INS-001542,"Representação de autoria do Partido Liberal (PL) em desfavor do Senhor Deputado DIONILSO MARCON, protocolizada em 22 de junho de 2023. Imputação de conduta incompatível com o decoro parlamentar.",FNT-000306
FAS-007334,PRC-010307,2023-08-07,representacao_etica,INS-001542,"Representação de autoria do Partido Liberal (PL) em desfavor do Senhor Deputado GLAUBER BRAGA, protocolizada em 22 de junho de 2023. Imputação de conduta incompatível com o decoro parlamentar.",FNT-000306
FAS-007335,PRC-010308,2023-08-07,representacao_etica,INS-001542,"Representação de autoria do Partido Socialismo e Liberdade (PSOL) em desfavor do Senhor Deputado ABILIO BRUNINI, protocolizada em 11 de julho de 2023. Alegação de quebra de decoro parlamentar.",FNT-000306
FAS-007336,PRC-010309,2023-08-07,representacao_etica,INS-001542,"Representação de autoria do Partido dos Trabalhadores (PT) em desfavor do Senhor Deputado ANDRÉ FERNANDES, protocolizada em 13 de julho de 2023. Alegação de quebra de decoro parlamentar.",FNT-000306
FAS-007337,PRC-010310,2023-08-07,representacao_etica,INS-001542,"Representação de autoria do Partido Socialismo e Liberdade (PSOL) em desfavor do Senhor Deputado RICARDO SALLES, protocolizada em 14 de julho de 2023. Alegação de quebra de decoro parlamentar.",FNT-000306
FAS-007338,PRC-010311,2023-08-07,representacao_etica,INS-001542,"Representação de autoria do Partido Socialismo e Liberdade (PSOL) em desfavor do Senhor Deputado ZUCCO, protocolizada em 14 de julho de 2023. Alegação de quebra de decoro parlamentar.",FNT-000306
FAS-007339,PRC-010312,2023-08-07,representacao_etica,INS-001542,"Representação de autoria do Partido Liberal (PL) em desfavor da Senhora Deputada SÂMIA BOMFIM, protocolizada em 21 de julho de 2023. Alegação de quebra de decoro parlamentar.",FNT-000306
FAS-007340,PRC-010313,2023-12-06,representacao_etica,INS-001542,"Representação de autoria dos Partidos dos Trabalhadores (PT),Socialismo e Liberdade (PSOL), Comunista do Brasil (PCdoB) e Socialista Brasileiro (PSB) em desfavor do Senhor Deputado RICARDO SALLES, protocolizada em 8 de a",FNT-000306
FAS-007341,PRC-010314,2023-12-06,representacao_etica,INS-001542,"Representação de autoria do Partido Liberal (PL), em desfavor da Senhora Deputada SAMIA BOMFIM, protocolizada em 23 de agosto de 2023. Alegação de quebra de decoro parlamentar.",FNT-000306
FAS-007342,PRC-010315,2023-12-06,representacao_etica,INS-001542,"Representação de autoria do Partido Liberal (PL) em desfavor da Senhora Deputada JANDIRA FEGHALI, protocolizada em 26 de setembro de 2023. lmputação de conduta incompatível com o decoro parlamentar.",FNT-000306
FAS-007343,PRC-010316,2023-12-06,representacao_etica,INS-001542,"Representação de autoria do Partido Socialismo e Liberdade (PSOL) em desfavor do Senhor Deputado GENERAL GIRÃO, protocolizada em 27 de setembro de 2023. Imputação de conduta incompatível com o decoro parlamentar.",FNT-000306
FAS-007344,PRC-010317,2023-12-06,representacao_etica,INS-001542,"Representação de autoria do Partido Liberal (PL) em desfavor do Senhor Deputado LINDBERGH FARIAS, protocolizada em 20 de outubro de 2023. Imputação de conduta incompatível com o decoro parlamentar.",FNT-000306
FAS-007345,PRC-010318,2023-12-06,representacao_etica,INS-001542,"Representação de autoria do Partido do Trabalhadores (PT) em desfavor do Senhor Deputado ABILIO JACQUES BRUNINI MOUMER, protocolizada em 24/11/2023. Alegação de quebra de decoro parlamentar",FNT-000306
FAS-007346,PRC-010319,2023-12-06,representacao_etica,INS-001542,"Representação de autoria do Partido Liberal (PL) em desfavor do Senhor Deputado ANDRÉ LUIS GASPAR JANONES, protocolizada em 28/11/2023. Alegação de quebra de decoro parlamentar.",FNT-000306
FAS-007347,PRC-010320,2024-03-27,representacao_etica,INS-001542,"Representação de autoria do Partido Liberal (PL) em desfavor do Senhor Deputado GLAUBER BRAGA, protocolizada em 6/12/2023. Alegação de quebra de decoro parlamentar.",FNT-000306
FAS-007348,PRC-010321,2024-03-27,representacao_etica,INS-001542,"Representação de autoria do Partido Liberal (PL) em desfavor da Senhora Deputada FERNANDA MELCHIONNA, protocolizada em 14/12/2023. Alegação de quebra de decoro parlamentar.",FNT-000306
FAS-007349,PRC-010322,2024-03-27,representacao_etica,INS-001542,"Representação de autoria do Partido Socialismo e Liberdade (PSOL) em desfavor do Senhor Deputado DELEGADO DA CUNHA, protocolizada em 18/03/2024. Alegação de quebra de decoro parlamentar.",FNT-000306
FAS-007350,PRC-010323,2024-03-27,representacao_etica,INS-001542,"Representação de autoria do Partido Partido Socialismo e Liberdade (PSOL) em desfavor do Senhor Deputado CHIQUINHO BRAZÃO, protocolizada em 24/03/2024. Alegação de quebra de decoro parlamentar.",FNT-000306
FAS-007351,PRC-010324,2024-04-22,representacao_etica,INS-001542,"Representação de autoria do Partido Novo em desfavor do Senhor Deputado GLAUBER BRAGA, protocolizada em 18.04.2024. Alegação de quebra de decoro parlamentar.",FNT-000306
FAS-007352,PRC-010325,2025-04-30,representacao_etica,INS-001542,"Representação em desfavor do Senhor Deputado Gilvan da Federal, por procedimento incompatível com o decoro parlamentar.",FNT-000306
FAS-007353,PRC-010326,2025-07-11,representacao_etica,INS-001542,"Representação em desfavor do Senhor Deputado ANDRE JANONES, por procedimento incompatível com o decoro parlamentar",FNT-000306
FAS-007354,PRC-010327,2025-08-15,representacao_etica,INS-001542,"Representação de autoria do Partido dos Trabalhadores (PT) em desfavor do Senhor Deputado GILVAN DA FEDERAL, protocolizada em 9 de abril de 2025. Alegação de quebra de decoro parlamentar",FNT-000306
FAS-007355,PRC-010328,2025-08-15,representacao_etica,INS-001542,"Representação de autoria do Partido dos Trabalhadores (PT) em desfavor do Senhor Deputado DELEGADO ÉDER MAURO, protocolizada em 10 de abril de 2025. Alegação de quebra de decoro parlamentar.",FNT-000306
FAS-007356,PRC-010329,2025-08-15,representacao_etica,INS-001542,"Representação de autoria do Partido Liberal (PL) em desfavor do Senhor Deputado LINDBERGH FARIAS, protocolizada em 23 de abril de 2025. Alegação de quebra de decoro parlamentar.",FNT-000306
FAS-007357,PRC-010330,2025-08-15,representacao_etica,INS-001542,"Representação de autoria do Partido Liberal (PL) em desfavor do Senhor Deputado GUILHERME BOULOS, protocolizada em 23 de abril de 2025. Alegação de quebra de decoro parlamentar",FNT-000306
FAS-007358,PRC-010331,2025-08-15,representacao_etica,INS-001542,"Representação de autoria do Partido Liberal (PL) em desfavor do Senhor Deputado ANDRÉ JANONES, protocolizada em 23 de abril de 2025. Alegação de quebra de decoro parlamentar.",FNT-000306
FAS-007359,PRC-010332,2025-08-15,representacao_etica,INS-001542,"Representação de autoria do Partido Liberal (PL) em desfavor do Senhor Deputado ANDRÉ JANONES, protocolizada em 6 de maio de 2025. Alegação de quebra de decoro parlamentar.",FNT-000306
FAS-007360,PRC-010333,2025-08-15,representacao_etica,INS-001542,"Representação de autoria do Partido dos Trabalhadores (PT) em desfavor do Senhor Deputado GILVAN DA FEDERAL, protocolizada em 7 de maio de 2025. Alegação de quebra de decoro parlamentar",FNT-000306
FAS-007361,PRC-010334,2025-08-15,representacao_etica,INS-001542,"Representação de autoria do Partido dos Trabalhadores (PT) em desfavor do Senhor Deputado EDUARDO BOLSONARO, protocolizada em 27 de maio de 2025. Aditamento de mesma autoria protocolizado em 11 de julho de 2025. Alegação",FNT-000306
FAS-007362,PRC-010335,2025-08-15,representacao_etica,INS-001542,"Representação de autoria do Partido Socialismo e Liberdade (PSOL) em desfavor do Senhor Deputado JOSÉ MEDEIROS, protocolizada em 18 de junho de 2025. Alegação de quebra de decoro parlamentar.",FNT-000306
FAS-007363,PRC-010336,2025-08-15,representacao_etica,INS-001542,"Representação de autoria do Partido Socialismo e Liberdade – PSOL em desfavor do Senhor Deputado EDUARDO BOLSONARO, protocolizada em 11/7/2025. Alegação de quebra de decoro parlamentar.",FNT-000306
FAS-007364,PRC-010337,2025-08-15,representacao_etica,INS-001542,"Representação de autoria do Partido Socialismo e Liberdade (PSOL) em desfavor do Senhor Deputado Sargento Fahur, protocolizada em 16 de julho de 2025. Alegação de quebra de decoro parlamentar.",FNT-000306
FAS-007365,PRC-010338,2025-08-15,representacao_etica,INS-001542,"Representação de autoria do Partido Socialismo e Liberdade (PSOL) em desfavor do Senhor Deputado KIM KATAGUIRI, protocolizada em 18/7/2025. Alegação de quebra de decoro parlamentar.",FNT-000306
FAS-007366,PRC-010339,2025-08-15,representacao_etica,INS-001542,"Representação de autoria do Partido dos Trabalhadores (PT) em desfavor do Senhor Deputado EDUARDO BOLSONARO, protocolizada em 24/7/2025. Alegação de quebra de decoro parlamentar",FNT-000306
FAS-007367,PRC-010340,2025-08-15,representacao_etica,INS-001542,"Representação de autoria do Partido Liberal (PL) em desfavor da Senhora Deputada CÉLIA XAKRIABÁ, protocolizada em 5/8/2025. Alegação de quebra de decoro parlamentar.",FNT-000306
FAS-007368,PRC-010341,2025-08-15,representacao_etica,INS-001542,"Representação de autoria do Partido Liberal (PL) em desfavor do Senhor Deputado ANDRÉ JANONES, protocolizada em 26 de fevereiro de 2025. Alegação de quebra de decoro parlamentar.",FNT-000306
FAS-007369,PRC-010342,2025-08-15,representacao_etica,INS-001542,"Representação de autoria do Partido dos Trabalhadores (PT) em desfavor do Senhor Deputado EDUARDO BOLSONARO, protocolizada em 27 de fevereiro de 2025. Alegação de quebra de decoro parlamentar",FNT-000306
FAS-007370,PRC-010343,2025-08-15,representacao_etica,INS-001542,"Representação de autoria do Partido dos Trabalhadores (PT) em desfavor do Senhor Deputado GUSTAVO GAYER, protocolizada em 18 de março de 2025. Alegação de quebra de decoro parlamentar.",FNT-000306
FAS-007371,PRC-010344,2025-08-15,representacao_etica,INS-001542,"Representação de autoria do Partido Liberal (PL) em desfavor do Senhor Deputado ANDRÉ JANONES, protocolizada em 19 de março de 2025. Alegação de quebra de decoro parlamentar",FNT-000306
FAS-007372,PRC-010345,2025-08-15,representacao_etica,INS-001542,"Representação de autoria do Partido Liberal (PL) em desfavor do Senhor Deputado ANDRÉ JANONES, protocolizada em 19 de março de 2025. Alegação de quebra de decoro parlamentar.",FNT-000306
FAS-007373,PRC-010346,2025-08-15,representacao_etica,INS-001542,"Representação de autoria do Partido Novo em desfavor do Senhor Deputado LINDBERGH FARIAS, protocolizada em 2 de abril de 2025. Alegação de quebra de decoro parlamentar.",FNT-000306
FAS-007374,PRC-010347,2025-09-23,representacao_etica,INS-001542,Representação em desfavor do Senhor Deputado MARCOS POLLON por suposto procedimento incompatível com o decoro parlamentar.,FNT-000306
FAS-007375,PRC-010348,2025-09-23,representacao_etica,INS-001542,Representação em desfavor do Senhor Deputado MARCEL VAN HATTEM por suposto procedimento incompatível com o decoro parlamentar.,FNT-000306
FAS-007376,PRC-010349,2025-09-23,representacao_etica,INS-001542,Representação em desfavor do Senhor Deputado MARCOS POLLON por suposto procedimento incompatível com o decoro parlamentar.,FNT-000306
FAS-007377,PRC-010350,2025-09-23,representacao_etica,INS-001542,Representação em desfavor do Senhor Deputado ZÉ TROVÃO por suposto procedimento incompatível com o decoro parlamentar.,FNT-000306
FAS-007378,PRC-010351,2026-04-16,representacao_etica,INS-001542,"Representação de autoria do Partido Liberal (PL) em desfavor do Senhor Deputado LINDBERGH FARIAS, protocolizada em 28/10/2025. Alegação de quebra de decoro parlamentar.",FNT-000306
FAS-007379,PRC-010352,2026-04-16,representacao_etica,INS-001542,"Representação de autoria do Partido Socialismo e Liberdade (PSOL) em desfavor do Senhor Deputado PAULO BILYNSKYJ, protocolizada em 17/11/2025. Alegação de quebra de decoro parlamentar.",FNT-000306
FAS-007380,PRC-010353,2026-04-16,representacao_etica,INS-001542,"Representação de autoria do Partido Novo em desfavor dos Senhores Deputados Chico Alencar, Glauber Braga, Ivan Valente, Pastor Henrique Vieira, Tarcísio Motta e Lindbergh Farias e das Senhoras Deputadas Célia Xakriabá, E",FNT-000306
FAS-007381,PRC-010354,2026-04-16,representacao_etica,INS-001542,"Representação de autoria do Partido Novo em desfavor do Senhor Deputado ROGÉRIO CORREIA, protocolizada em 26/2/2026. Alegação de quebra de decoro parlamentar.",FNT-000306
FAS-007382,PRC-010355,2026-04-16,representacao_etica,INS-001542,"Representação de autoria do Partido Liberal (PL) em desfavor do Senhor Deputado ROGÉRIO CORREIA, protocolizada em 27/2/2026. Alegação de quebra de decoro parlamentar.",FNT-000306
FAS-007383,PRC-010356,2026-04-16,representacao_etica,INS-001542,"Representação de autoria do Partido Liberal (PL) em desfavor do Senhor Deputado ROGÉRIO CORREIA, protocolizada em 4/3/2026. Alegação de quebra de decoro parlamentar.",FNT-000306
FAS-007384,PRC-010357,2026-04-16,representacao_etica,INS-001542,"Representação de autoria do Partido Novo (NOVO) em desfavor da Senhora Deputada ERIKA HILTON, protocolizada em 14 de março de 2026. Alegação de quebra de decoro parlamentar",FNT-000306
FAS-007385,PRC-010358,2026-04-16,representacao_etica,INS-001542,"Representação de autoria do Partido Missão (MISSÂO) em desfavor da Senhora Deputada ERIKA HILTON, protocolizada em 16 de março de 2026. Alegação de quebra de decoro parlamentar.",FNT-000306
FAS-007386,PRC-010359,2026-04-16,representacao_etica,INS-001542,"Representação de autoria do Partido Novo (NOVO) em desfavor do Senhor Deputado LINDBERGH FARIAS, protocolizada em 30/3/2026. Alegação de quebra de decoro parlamentar.",FNT-000306
FAS-007387,PRC-010360,2026-04-29,representacao_etica,INS-001542,"Representação de autoria do Partido dos Trabalhadores (PT) em desfavor do Senhor Deputado ALFREDO GASPAR, protocolizada em 29/4/2026. Alegação de quebra de decoro parlamentar.",FNT-000306
FAS-007388,PRC-010361,2003-03-18,representacao_etica,INS-001543,"Requerem ao Conselho de Ética e Decoro Parlamentar, nos termos do art. 17 da Resolução do Senado Federal nº 20, de 1993, providências no sentido de esclarecer episódios referentes a grampos telefônicos efetuados por resp",FNT-000307
FAS-007389,PRC-010361,2003-05-06,parecer_conselho_etica,INS-001543,Admitida,FNT-000307
FAS-007390,PRC-010362,2003-08-14,representacao_etica,INS-001543,"Requer ao Conselho de Ética e Decoro Parlamentar a abertura de processo de cassação de mandato do Senador Roberto Saturnino, pelas razões que expõe.",FNT-000307
FAS-007391,PRC-010362,2004-05-07,parecer_conselho_etica,INS-001543,Admitida,FNT-000307
FAS-007392,PRC-010363,2004-08-24,representacao_etica,INS-001543,"Oferecem perante o Conselho de Ética e Decoro Parlamentar, nos termos do art. 17 da Resolução do Senado Federal nº 20, de 1993, denúncia contra a postura e conduta dos Senadores ALOIZIO MERCADANTE (PT-SP) e JEFFERSON PÉR",FNT-000307
FAS-007393,PRC-010363,2004-08-24,parecer_conselho_etica,INS-001543,Inadmitida a Denúncia,FNT-000307
FAS-007394,PRC-010364,2004-11-09,representacao_etica,INS-001543,"Requer a abertura de processo disciplinar para apurar a conduta do Senador DUCIOMAR GOMES DA COSTA, com base no art. 2º, III, art. 5º, I, e 17 da Resolução do Senado Federal nº 20, de 1993, a propósito de fatos noticiado",FNT-000307
FAS-007395,PRC-010364,2006-03-21,parecer_conselho_etica,INS-001543,Indeferida pelo Conselho de Ética,FNT-000307
FAS-007396,PRC-010365,2005-10-21,representacao_etica,INS-001543,"Encaminha ao Presidente do Conselho de Ética e Decoro Parlamentar do Senado Federal, Senador JOÃO ALBERTO SOUZA, cópia de documentos que citam a empresa FRANGONORTE INDÚSTRIA E COMÉRCIO LTDA., que teria como sócio o Sena",FNT-000307
FAS-007397,PRC-010365,2006-03-21,parecer_conselho_etica,INS-001543,Indeferida pelo Conselho de Ética,FNT-000307
FAS-007398,PRC-010366,2005-10-21,representacao_etica,INS-001543,"Encaminha ao Presidente do Conselho de Ética e Decoro Parlamentar do Senado Federal, Senador JOÃO ALBERTO SOUZA, cópia de documentos que citam a empresa TV CABURAI DE RORAIMA LTDA., que teria como sócio o Senador ROMERO ",FNT-000307
FAS-007399,PRC-010366,2006-03-21,parecer_conselho_etica,INS-001543,Indeferida pelo Conselho de Ética,FNT-000307
FAS-007400,PRC-010367,2005-10-21,representacao_etica,INS-001543,"Encaminha ao Presidente do Conselho de Ética e Decoro Parlamentar, Senador JOÃO ALBERTO SOUZA, cópia de diversas reportagens que atribuem ao Senador ROMERO JUCÁ o cometimento de atos ilícitos no exercício do mandato de S",FNT-000307
FAS-007401,PRC-010367,2006-03-21,parecer_conselho_etica,INS-001543,Indeferida pelo Conselho de Ética,FNT-000307
FAS-007402,PRC-010368,2005-10-25,representacao_etica,INS-001543,"Requer ao Presidente do Conselho de Ética e Decoro Parlamentar, Senador JOÃO ALBERTO SOUZA, que promova a apuração preliminar e sumária dos fatos relatados na matéria publicada no Jornal do Brasil, de 21 de outubro de 20",FNT-000307
FAS-007403,PRC-010368,2008-12-16,parecer_conselho_etica,INS-001543,Indeferida pelo Conselho de Ética,FNT-000307
FAS-007404,PRC-010369,2005-11-08,representacao_etica,INS-001543,Instaurada em face de decisão do Supremo Tribunal Federal que confirmou a cassação dos registros e diplomas expedidos em favor de João Rodrigues Capiberibe e outros. (Processo Especial),FNT-000307
FAS-007405,PRC-010369,2005-12-13,parecer_conselho_etica,INS-001543,Aprovada pela Comissão Diretora,FNT-000307
FAS-007406,PRC-010370,2005-11-28,representacao_etica,INS-001543,"Encaminha ao Presidente do Conselho de Ética e Decoro Parlamentar pedido de cassação do mandato do Senador ARTHUR VIRGÍLIO, pelas razões que expõe.",FNT-000307
FAS-007407,PRC-010370,2006-04-18,parecer_conselho_etica,INS-001543,Inadmitida a Denúncia,FNT-000307
FAS-007408,PRC-010371,2005-11-28,representacao_etica,INS-001543,"Encaminha ao Presidente do Conselho de Ética e Decoro Parlamentar pedido de cassação do mandato do Senador EDUARDO AZEREDO, pelas razões que expõe.",FNT-000307
FAS-007409,PRC-010371,2006-04-18,parecer_conselho_etica,INS-001543,Inadmitida a Denúncia,FNT-000307
FAS-007410,PRC-010372,2006-02-06,representacao_etica,INS-001543,Encaminha ao Conselho de Ética e Decoro Parlamentar cópia de documentos que indicariam ser o Senador ROMERO JUCÁ sócio da empresa SERRA NEGRA RADIODIFUSÃO LTDA.,FNT-000307
FAS-007411,PRC-010372,2006-04-18,parecer_conselho_etica,INS-001543,Inadmitida a Denúncia,FNT-000307
FAS-007412,PRC-010373,2006-08-24,representacao_etica,INS-001543,"Apura conduta incompatível com o decoro parlamentar do Senador NEY SUASSUNA, em razão do Relatório Parcial nº 1, de 2006-CN, da Comissão Parlamentar Mista de Inquérito, criada pelo Requerimento nº 77, de 2006-CN, destina",FNT-000307
FAS-007413,PRC-010373,2006-12-19,parecer_conselho_etica,INS-001543,Admitida,FNT-000307
FAS-007414,PRC-010374,2006-08-24,representacao_etica,INS-001543,"Apura conduta incompatível com o decoro parlamentar da Senadora SERYS SLHESSARENKO, em razão do Relatório Parcial nº 1, de 2006-CN, da Comissão Parlamentar Mista de Inquérito, criada pelo Requerimento nº 77, de 2006-CN, ",FNT-000307
FAS-007415,PRC-010374,2006-12-19,parecer_conselho_etica,INS-001543,Indeferida pelo Conselho de Ética,FNT-000307
FAS-007416,PRC-010375,2006-08-24,representacao_etica,INS-001543,"Apura conduta incompatível com o decoro parlamentar do Senador MAGNO MALTA, em razão do Relatório Parcial nº 1, de 2006-CN, da Comissão Parlamentar Mista de Inquérito, criada pelo Requerimento nº 77, de 2006-CN, destinad",FNT-000307
FAS-007417,PRC-010375,2006-12-19,parecer_conselho_etica,INS-001543,Indeferida pelo Conselho de Ética,FNT-000307
FAS-007418,PRC-010376,2007-06-04,representacao_etica,INS-001543,Requer a instauração de processo ante a suposta quebra de decoro parlamentar do Senador Renan Calheiros. (VOLUME - XVII),FNT-000307
FAS-007419,PRC-010376,2007-09-07,parecer_conselho_etica,INS-001543,Transformada em Projeto de Resolução do Senado,FNT-000307
FAS-007420,PRC-010376,2007-09-12,deliberacao_plenario,INS-000002,PRS 53/2007: Rejeitada pelo Plenário,FNT-000308
FAS-007421,PRC-010377,2007-08-16,representacao_etica,INS-001543,Requer a instauração de processo ante a suposta quebra de decoro parlamentar do Senador Renan Calheiros. VOLUME II,FNT-000307
FAS-007422,PRC-010377,2007-11-14,parecer_conselho_etica,INS-001543,Inadmitida a Denúncia,FNT-000307
FAS-007423,PRC-010378,2007-09-04,representacao_etica,INS-001543,Requer a instauração de processo por suposta quebra de decoro parlamentar do Senador Renan Calheiros.,FNT-000307
FAS-007424,PRC-010378,2007-11-28,parecer_conselho_etica,INS-001543,Transformada em Projeto de Resolução do Senado,FNT-000307
FAS-007425,PRC-010378,2007-12-04,deliberacao_plenario,INS-000002,PRS 80/2007: Rejeitada pelo Plenário,FNT-000308
FAS-007426,PRC-010379,2007-09-27,representacao_etica,INS-001543,Requer a instauração de processo ante a suposta quebra de decoro parlamentar do Senador Renan Calheiros.,FNT-000307
FAS-007427,PRC-010379,2007-12-10,parecer_conselho_etica,INS-001543,Arquivada por inépcia da inicial,FNT-000307
FAS-007428,PRC-010380,2007-10-23,representacao_etica,INS-001543,Requer a instauração de processo ante a suposta quebra de decoro parlamentar do Senador Renan Calheiros (Suposto esquema de espionagem parlamentar).,FNT-000307
FAS-007429,PRC-010380,2014-12-21,parecer_conselho_etica,INS-001543,Arquivada ao final da Legislatura (art. 332 do RISF),FNT-000307
FAS-007430,PRC-010381,2009-06-30,representacao_etica,INS-001543,Solicita instauração de processo disciplinar perante o Conselho de Ética e Decoro Parlamentar em face do Senador José Sarney.,FNT-000307
FAS-007431,PRC-010382,2009-07-13,representacao_etica,INS-001543,"Requer seja instaurado Processo Disciplinar perante o Conselho de Ética e Decoro Parlamentar, em face do Senador José Sarney, em razão de notícias veiculadas nos jornais Folha de S. Paulo e Estado de S. Paulo, edição de ",FNT-000307
FAS-007432,PRC-010383,2009-07-15,representacao_etica,INS-001543,"Suposta quebra de decoro parlamentar por parte do Senador José Sarney, quando afirma que é presidente de honra da Fundação José Sarney.",FNT-000307
FAS-007433,PRC-010384,2009-07-24,representacao_etica,INS-001543,"Suposta quebra de decoro parlamentar do Senador José Sarney, tendo em vista matéria veiculada no jornal o Estado de S. Paulo, referente à interceptação telefônica feita pela Polícia Federal.",FNT-000307
FAS-007434,PRC-010385,2009-07-29,representacao_etica,INS-001543,"Suposta quebra de decoro parlamentar do Senador José Sarney, tendo em vista sua participação no favorecimento ilegal de empresa de propriedade de seu neto para operação de empréstimos consignados junto a servidores do Se",FNT-000307
FAS-007435,PRC-010386,2009-07-29,representacao_etica,INS-001543,Suposta quebra de decoro parlamentar do Senador José Sarney por transferência de recursos da Petrobras para a Fundação José Sarney.,FNT-000307
FAS-007436,PRC-010387,2009-07-30,representacao_etica,INS-001543,"Suposta quebra de decoro parlamentar por parte do Senador José Sarney, por ocultação da Justiça Eleitoral de propriedade de uma casa; desvios de recursos repassados pela PETROBRAS a Fundação José Sarney; afirmar não ter ",FNT-000307
FAS-007437,PRC-010388,2009-07-30,representacao_etica,INS-001543,"Suposta quebra de decoro parlamentar do Senador José Sarney em razão de denúncias trazidas pelo jornal ""Folha de São Paulo"", no dia 29.07.2009, envolvendo a venda de uma propriedade do referido Senador.",FNT-000307
FAS-007438,PRC-010389,2009-07-30,representacao_etica,INS-001543,"Suposta quebra de decoro parlamentar do Senador José Sarney em razão de denúncias trazidas pelo jornal ""Correio Braziliense"", no dia 29.07.2009, envolvendo um servidor da Polícia Federal cedido ao Senador na cota de func",FNT-000307
FAS-007439,PRC-010390,2009-08-04,representacao_etica,INS-001543,"Suposta quebra de decoro parlamentar do Senador José Sarney por criação de cargos, concessão de benefícios e aumento de remuneração por meio de atos secretos, nos períodos em ocupou a Presidência (1995-1997 e 2003-2005).",FNT-000307
FAS-007440,PRC-010391,2009-08-04,representacao_etica,INS-001543,"Suposta quebra de decoro parlamentar do Senador Renan Calheiros por criação de cargos, concessão de benefícios e aumento de remuneração por meio de atos secretos, nos períodos em que ocupou a Presidência (2005-2007 e 200",FNT-000307
FAS-007441,PRC-010392,2009-08-06,representacao_etica,INS-001543,"Suposta quebra de decoro parlamentar do Senador Arthur Virgílio Neto, em razão de pronunciamento no Plenário do Senado Federal.",FNT-000307
FAS-007442,PRC-010393,2009-09-10,representacao_etica,INS-001543,Solicita a cassação do diploma e declaração de inelegibilidade do Senador Cícero Lucena.,FNT-000307
FAS-007443,PRC-010394,2010-06-25,representacao_etica,INS-001543,Solicita a abertura de procedimento no Conselho de Ética e Decoro Parlamentar por suposta quebra de decoro do Senador Efraim Morais.,FNT-000307
FAS-007444,PRC-010395,2010-12-10,representacao_etica,INS-001543,Solicita a abertura de procedimento no Conselho de Ética e Decoro Parlamentar por suposta quebra de decoro do Senador Gim Argello.,FNT-000307
FAS-007445,PRC-010396,2010-12-20,representacao_etica,INS-001543,Solicita a abertura de procedimento no Conselho de Ética e Decoro Parlamentar por suposta quebra de decoro do Senador Gim Argello.,FNT-000307
FAS-007446,PRC-010397,2011-06-02,representacao_etica,INS-001543,Solicita a abertura de procedimento no Conselho de Ética e Decoro Parlamentar por suposta quebra de decoro do Senador Mário Couto.,FNT-000307
FAS-007447,PRC-010398,2011-07-06,representacao_etica,INS-001543,Solicita a abertura de procedimento no Conselho de Ética e Decoro Parlamentar por suposta quebra de decoro do Senador Mário Couto.,FNT-000307
FAS-007448,PRC-010399,2011-07-11,representacao_etica,INS-001543,Solicita a abertura de procedimento no Conselho de Ética e Decoro Parlamentar por suposta quebra de decoro do Senador Alfredo Nascimento.,FNT-000307
FAS-007449,PRC-010400,2012-04-10,representacao_etica,INS-001543,"Apresenta, nos termos do art. 55, II e § 2º, da Constituição Federal e art. 5º, II e III; e art. 17 e seguintes do Código de Ética e Decoro Parlamentar - Resolução nº 20 de 1993, do Senado Federal, Representação em face ",FNT-000307
FAS-007450,PRC-010400,2012-07-04,parecer_conselho_etica,INS-001543,Transformada em Projeto de Resolução do Senado,FNT-000307
FAS-007451,PRC-010400,2012-07-11,deliberacao_plenario,INS-000002,PRS 22/2012: Aprovada pelo Plenário,FNT-000308
FAS-007452,PRC-010401,2012-12-13,representacao_etica,INS-001543,Solicita a abertura de procedimento no Conselho de Ética e Decoro Parlamentar por suposta quebra de decoro do Senador Ciro Nogueira.,FNT-000307
FAS-007453,PRC-010402,2013-09-30,representacao_etica,INS-001543,Apresenta representação ao Conselho de Ética e Decoro Parlamentar por suposta quebra de decoro do Senador Randolfe Rodrigues.,FNT-000307
FAS-007454,PRC-010403,2014-03-19,representacao_etica,INS-001543,Solicita a abertura de procedimento no Conselho de Ética e Decoro Parlamentar por suposta quebra de decoro dos Senadores Romero Jucá e Renan Calheiros.,FNT-000307
FAS-007455,PRC-010404,2015-10-13,representacao_etica,INS-001543,"Requer a abertura de procedimento por quebra de Decoro Parlamentar, em face do Senador José Medeiros.",FNT-000307
FAS-007456,PRC-010405,2015-12-01,representacao_etica,INS-001543,"Requer a instauração de procedimento disciplinar para a verificação de quebra de Decoro Parlamentar, em face do Senador Delcídio do Amaral.",FNT-000307
FAS-007457,PRC-010406,2015-12-15,representacao_etica,INS-001543,"Requer a instauração de procedimento disciplinar para a verificação de quebra de Decoro Parlamentar, em face do Senador Delcídio do Amaral.",FNT-000307
FAS-007458,PRC-010406,2016-05-09,parecer_conselho_etica,INS-001543,Transformada em Projeto de Resolução do Senado,FNT-000307
FAS-007459,PRC-010406,2016-05-10,deliberacao_plenario,INS-000002,PRS 29/2016: Aprovada pelo Plenário,FNT-000308
FAS-007460,PRC-010407,2016-03-22,representacao_etica,INS-001543,Requer a abertura de procedimento para verificação de quebra do decoro e da ética parlamentar em face da Senadora Gleisi Hoffmann.,FNT-000307
FAS-007461,PRC-010408,2016-04-05,representacao_etica,INS-001543,Requer a abertura de procedimento para verificação de quebra de decoro e da ética parlamentar em face do Senador ROMÁRIO DE SOUZA FARIAS.,FNT-000307
FAS-007462,PRC-010409,2016-04-05,representacao_etica,INS-001543,Requer a abertura de procedimento para verificação de quebra de decoro e da ética parlamentar em face do Senador ROMÁRIO DE SOUZA FARIAS.,FNT-000307
FAS-007463,PRC-010410,2016-05-24,representacao_etica,INS-001543,"Requer a instauração de procedimento disciplinar para a verificação de quebra de Decoro Parlamentar, em face do Senador Romero Jucá.",FNT-000307
FAS-007464,PRC-010411,2016-05-24,representacao_etica,INS-001543,"Requer a instauração de procedimento disciplinar (Representação) para a verificação de quebra de Decoro Parlamentar, em face do Senador Romero Jucá.",FNT-000307
FAS-007465,PRC-010412,2016-06-07,representacao_etica,INS-001543,Requer a instauração de processo disciplinar para verificação de falta disciplinar em face do Senador Romero Jucá.,FNT-000307
FAS-007466,PRC-010413,2016-08-30,representacao_etica,INS-001543,Requer a abertura do procedimento ético-disciplinar em face da Senadora Gleisi Helena Hoffmann.,FNT-000307
FAS-007467,PRC-010414,2016-10-19,representacao_etica,INS-001543,Requer a instauração de procedimento disciplinar para verificação de quebra de decoro parlamentar em face do Senador Ronaldo Ramos Caiado (DEM - GO).,FNT-000307
FAS-007468,PRC-010415,2016-10-27,representacao_etica,INS-001543,Requer a instauração de procedimento disciplinar para verificação de quebra de decoro parlamentar em face do Senador Renan Calheiros (PMDB - AL).,FNT-000307
FAS-007469,PRC-010416,2016-12-06,representacao_etica,INS-001543,"Requer a abertura de procedimento disciplinar para verificação de quebra de decoro parlamentar, em face do Senador José Medeiros (PSD - MT).",FNT-000307
FAS-007470,PRC-010417,2017-05-18,representacao_etica,INS-001543,Requer a abertura de Procedimento Disciplinar para verificação de quebra de decoro parlamentar em face do Senador Aécio Neves da Cunha.,FNT-000307
FAS-007471,PRC-010418,2017-07-12,representacao_etica,INS-001543,"Denúncia em desfavor das Senadoras Fátima Bezerra, Gleisi Hoffmann, Vanessa Grazziotin, Regina Souza, Lídice da Mata e Ângela Portela, por atos supostamente incompatíveis com a ética e o decoro parlamentar ao impedirem a",FNT-000307
FAS-007472,PRC-010418,2017-08-09,parecer_conselho_etica,INS-001543,Indeferida pelo Conselho de Ética,FNT-000307
FAS-007473,PRC-010419,2017-08-09,representacao_etica,INS-001543,"Requer a abertura de procedimento disciplinar (Denúncia) para verificação de prática de ato incompatível com a ética e o decoro parlamentar em face do Senador Lindbergh Farias, que impediu a continuidade regular da 3ª Re",FNT-000307
FAS-007474,PRC-010420,2017-08-10,representacao_etica,INS-001543,"Requer a abertura de procedimento disciplinar (Denúncia) para verificação de prática de ato incompatível com a ética e o decoro parlamentar em face do Senador Lindbergh Farias, que impediu a continuidade regular da 3ª Re",FNT-000307
FAS-007475,PRC-010420,2019-02-04,parecer_conselho_etica,INS-001543,Prejudicada,FNT-000307
FAS-007476,PRC-010421,2017-08-18,representacao_etica,INS-001543,Requer a abertura de procedimento disciplinar para apuração de quebra de decoro parlamentar em face do Senador Zeze Perrella.,FNT-000307
FAS-007477,PRC-010422,2017-09-28,representacao_etica,INS-001543,Requer instauração do competente procedimento disciplinar (Representação) para verificação de quebra de decoro parlamentar em desfavor do Senador Aécio Neves da Cunha.,FNT-000307
FAS-007478,PRC-010423,2017-11-17,representacao_etica,INS-001543,Requer a abertura de procedimento disciplinar (denúncia) para apuração de suposta quebra de decoro parlamentar em face do Senador Romário.,FNT-000307
FAS-007479,PRC-010424,2018-02-08,representacao_etica,INS-001543,"Requer a abertura de procedimento disciplinar (Denúncia) em face da Senadora Gleisi Hoffmann, por infração ao disposto no inciso II do art. 55 da Constituição Federal, c/c o § 1º do mesmo dispositivo e c/c o inciso I do ",FNT-000307
FAS-007480,PRC-010425,2018-02-08,representacao_etica,INS-001543,"Requer a abertura de procedimento disciplinar (Denúncia) em face do Senador Lindbergh Farias, por infração ao disposto no inciso II do art. 55 da Constituição Federal, c/c o § 1º do mesmo dispositivo e c/c o inciso I do ",FNT-000307
FAS-007481,PRC-010426,2018-03-14,representacao_etica,INS-001543,Requer a abertura de procedimento disciplinar (Representação) para apuração de suposta quebra de decoro parlamentar em face do Senador Romário.,FNT-000307
FAS-007482,PRC-010427,2018-04-24,representacao_etica,INS-001543,"Requer a abertura de procedimento disciplinar (Denúncia) em face da Senadora Gleisi Hoffmann, por infração ao disposto no inciso II do art. 55 da Constituição Federal, c/c o inciso I do art. 5º da Resolução nº 20, de 199",FNT-000307
FAS-007483,PRC-010428,2018-05-02,representacao_etica,INS-001543,Requer averiguação por quebra de decoro parlamentar em face da Senadora Gleisi Hoffmann.,FNT-000307
FAS-007484,PRC-010429,2019-05-21,representacao_etica,INS-001543,"Requer a abertura de procedimento disciplinar (Representação) em face do Senador Jorge Kajuru, com base no art. 22 c/c art. 5º da Resolução do Senado 20/1993 e nos arts. 23 e 25 do Regimento Interno do Senado Federal.",FNT-000307
FAS-007485,PRC-010430,2019-06-07,representacao_etica,INS-001543,"Requer a abertura de procedimento disciplinar (Denúncia) em face do Senador Jorge Kajuru, com base no art. 5º da Resolução do Senado 20/1993 e no art. 55 da Constituição Federal.",FNT-000307
FAS-007486,PRC-010431,2019-09-24,representacao_etica,INS-001543,"Requer a abertura de procedimento disciplinar (Representação) em face do Senador Telmário Mota, com base no art. 5º da Resolução do Senado 20/1993 e no art. 55 da Constituição Federal.",FNT-000307
FAS-007487,PRC-010432,2019-09-26,representacao_etica,INS-001543,"Requer a abertura de procedimento disciplinar (Representação) em face do Senador Jorge Kajuru, com base no art. 22 da Resolução do Senado 20/1993.",FNT-000307
FAS-007488,PRC-010433,2019-10-02,representacao_etica,INS-001543,"Requer a abertura de procedimento disciplinar (Representação) em face do Senador Cid Gomes, com base no art. 17 da Resolução do Senado 20/1993 e no art. 55 da Constituição Federal.",FNT-000307
FAS-007489,PRC-010434,2020-02-19,representacao_etica,INS-001543,"Requer a abertura de procedimento disciplinar (Representação) em face do Senador Flávio Bolsonaro, com fundamento no art. 55, II, da Constituição Federal; no art. 32, II, do Regimento Interno do Senado Federal; e na Reso",FNT-000307
FAS-007490,PRC-010435,2020-03-25,representacao_etica,INS-001543,"Requer a abertura de procedimento disciplinar em face do Senador Davi Alcolumbre, com fundamento no art. 55, II, da Constituição Federal e na Resolução do Senado Federal nº 20, de 1993.",FNT-000307
FAS-007491,PRC-010436,2020-09-03,representacao_etica,INS-001543,"Requer a abertura de procedimento disciplinar (Representação) em face do Senador Jayme Campos, com fundamento na Resolução do Senado Federal nº 20, de 1993.",FNT-000307
FAS-007492,PRC-010437,2020-09-25,representacao_etica,INS-001543,"Requer a abertura de procedimento disciplinar (Denúncia) em face do Senador Jorge Kajuru com fundamento no art. 55 da Constituição Federal e na Resolução do Senado Federal nº 20, de 1993.",FNT-000307
FAS-007493,PRC-010438,2020-09-25,representacao_etica,INS-001543,"Requer a abertura de procedimento disciplinar (Denúncia) em face do Senador Jorge Kajuru com fundamento no art. 55 da Constituição Federal e na Resolução do Senado Federal nº 20, de 1993.",FNT-000307
FAS-007494,PRC-010439,2020-09-25,representacao_etica,INS-001543,"Requer a abertura de procedimento disciplinar (Denúncia) em face do Senador Jorge Kajuru com fundamento no art. 55 da Constituição Federal e na Resolução do Senado Federal nº 20, de 1993.",FNT-000307
FAS-007495,PRC-010440,2020-10-16,representacao_etica,INS-001543,"Requer a abertura de procedimento disciplinar (Representação) em face do Senador Chico Rodrigues com fundamento no art. 55 da Constituição Federal e na Resolução do Senado Federal nº 20, de 1993.",FNT-000307
FAS-007496,PRC-010441,2020-12-30,representacao_etica,INS-001543,"Requer a abertura de procedimento disciplinar (Representação) em face do Senador Flávio Bolsonaro com fundamento no art.55 da Constituição Federal e na Resolução do Senado Federal nº 20, de 1993.",FNT-000307
FAS-007497,PRC-010442,2021-03-11,representacao_etica,INS-001543,Requer que o Conselho de Ética e Decoro Parlamentar adote medidas cabíveis em relação a indícios de conhecimento antecipado de decisões judiciais por parte do Senador Humberto Costa.,FNT-000307
FAS-007498,PRC-010443,2021-03-23,representacao_etica,INS-001543,"Requer a abertura de procedimento disciplinar (Denúncia) em face do Senador Paulo Rocha, com fundamento no art. 55 da Constituição Federal; no art. 19 do Regimento Interno do Senado Federal; e na Resolução do Senado Fede",FNT-000307
FAS-007499,PRC-010444,2021-03-25,representacao_etica,INS-001543,"Requer a abertura de procedimento disciplinar (Denúncia) em face do Senador Jorge Kajuru, com fundamento no art. 55 da Constituição Federal; no art. 19 do Regimento Interno do Senado Federal; e na Resolução do Senado Fed",FNT-000307
FAS-007500,PRC-010445,2021-04-12,representacao_etica,INS-001543,"Requer a abertura de procedimento disciplinar c/c inquérito em face do Senador Jorge Kajuru, com fundamento nos arts. 25 e 32 do Regimento Interno do Senado Federal e no art. 20 da Resolução do Senado Federal nº 20, de 1",FNT-000307
FAS-007501,PRC-010446,2021-06-08,representacao_etica,INS-001543,"Requer a abertura de procedimento disciplinar em face do Senador Luis Carlos Heinze, com fundamento no art. 55 da Constituição Federal e na Resolução do Senado Federal nº 20, de 1993.",FNT-000307
FAS-007502,PRC-010447,2021-07-15,representacao_etica,INS-001543,"Requer a abertura de procedimento disciplinar c/c inquérito em face do Senador Renan Calheiros, com fundamento nos arts. 17 e 20 da Resolução 20/1993 c/c os arts. 25 e 32, II, do Regimento Interno do Senado Federal.",FNT-000307
FAS-007503,PRC-010448,2021-07-25,representacao_etica,INS-001543,"Requer a abertura de procedimento disciplinar (Denúncia) em face do Senador Styvenson Valentim, com fundamento na Resolução do Senado Federal nº 20, de 1993.",FNT-000307
FAS-007504,PRC-010449,2021-07-26,representacao_etica,INS-001543,"Requer a abertura de procedimento disciplinar (Denúncia) em face do Senador Styvenson Valentim, com fundamento no art. 55 da Constituição Federal e na Resolução do Senado Federal nº 20, de 1993.",FNT-000307
FAS-007505,PRC-010450,2021-07-28,representacao_etica,INS-001543,"Requer a abertura de procedimento disciplinar (Representação) em face do Senador Randolfe Rodrigues, com fundamento na Resolução do Senado Federal nº 20, de 1993.",FNT-000307
FAS-007506,PRC-010451,2021-08-25,representacao_etica,INS-001543,"Requer a abertura de procedimento disciplinar (Representação) em face do Senador Randolfe Rodrigues, com fundamento no art. 55 da Constituição Federal; no art. 32 do Regimento Interno do Senado Federal; e no art. 17 da R",FNT-000307
FAS-007507,PRC-010452,2021-10-29,representacao_etica,INS-001543,"Requer a abertura de procedimento disciplinar (Representação) em face do Senador Davi Alcolumbre, com fundamento no art. 55, inciso II e § 2o, da Constituição Federal, no art. 2o, incisos I, II e III, no art. 5o, inciso ",FNT-000307
FAS-007508,PRC-010453,2021-11-04,representacao_etica,INS-001543,"Requer a abertura de procedimento disciplinar (Representação) em face do Senador Davi Alcolumbre, com fundamento no art. 55, inciso II, da Constituição Federal; no art. 32, inciso II, do Regimento Interno do Senado Feder",FNT-000307
FAS-007509,PRC-010454,2022-02-22,representacao_etica,INS-001543,"Requer abertura de procedimento disciplinar e inquérito em face do Senador Randolfe Rodrigues, com fundamento nos arts. 25 e 32 do Regimento Interno do Senado Federal e no art. 20 da Resolução do Senado Federal 20, de 19",FNT-000307
FAS-007510,PRC-010455,2022-03-03,representacao_etica,INS-001543,"Requer a instauração de processo disciplinar em face do Senador Omar Aziz, com fundamento nos arts. 10 e 11, II, do Código de Ética e Decoro Parlamentar do Senado Federal.",FNT-000307
FAS-007511,PRC-010456,2022-04-11,representacao_etica,INS-001543,"Requer instauração de processo disciplinar em face do Senador Randolfe Rodrigues, com fundamento no art. 171 do Código Penal e nos arts. 4º e 5º do Código de Ética e Decoro Parlamentar do Senado Federal.",FNT-000307
FAS-007512,PRC-010457,2022-05-19,representacao_etica,INS-001543,"Requer instauração de processo disciplinar (Denúncia) em face do Senador Rodrigo Pacheco, com fundamento na Resolução do Senado Federal 20, de 1993.",FNT-000307
FAS-007513,PRC-010458,2022-07-11,representacao_etica,INS-001543,"Requer instauração de processo disciplinar (Representação) em face dos Senadores Rodrigo Pacheco, Davi Alcolumbre e Marcos do Val, com fundamento no art. 55, inciso II, da Constituição Federal e na Resolução do Senado Fe",FNT-000307
FAS-007514,PRC-010459,2022-07-11,representacao_etica,INS-001543,"Requer instauração de processo disciplinar (Representação) em face dos Senadores Rodrigo Pacheco, Davi Alcolumbre e Marcos do Val, com fundamento no art. 55, II, da Constituição Federal e nos arts. 5o, I e II, art. 7o e ",FNT-000307
FAS-007515,PRC-010460,2022-09-30,representacao_etica,INS-001543,Requer instauração de processo disciplinar (Representação) em face do Senador Rodrigo Pacheco.,FNT-000307
FAS-007516,PRC-010461,2023-01-16,representacao_etica,INS-001543,Requer instauração de processo disciplinar (Representação) em face do Senador Randolfe Rodrigues.,FNT-000307
FAS-007517,PRC-010462,2023-02-06,representacao_etica,INS-001543,Requer instauração de processo disciplinar (Denúncia) em face do Senador Randolfe Rodrigues.,FNT-000307
FAS-007518,PRC-010463,2023-02-06,representacao_etica,INS-001543,Requer instauração de processo disciplinar (Representação) em face do Senador Marcos do Val.,FNT-000307
FAS-007519,PRC-010464,2023-02-09,representacao_etica,INS-001543,Requer instauração de processo disciplinar (Representação) em face da Senadora Damares Alves.,FNT-000307
FAS-007520,PRC-010465,2023-02-17,representacao_etica,INS-001543,Requer instauração de processo disciplinar (Denúncia) em face do Senador Randolfe Rodrigues.,FNT-000307
FAS-007521,PRC-010466,2023-03-22,representacao_etica,INS-001543,"Requer instauração de processo disciplinar (Representação) em face dos Senadores Flávio Bolsonaro e Marcos do Val, com fundamento nos arts. 1º e 2º, II e III, do Código de Ética e Decoro Parlamentar do Senado Federal (Re",FNT-000307
FAS-007522,PRC-010467,2023-04-14,representacao_etica,INS-001543,Requer instauração de processo disciplinar (Representação) em face do Senador Marcos do Val.,FNT-000307
FAS-007523,PRC-010468,2023-04-14,representacao_etica,INS-001543,Requer instauração de processo disciplinar (Denúncia) em face do Senador Chico Rodrigues.,FNT-000307
FAS-007524,PRC-010469,2023-05-24,representacao_etica,INS-001543,"Requer instauração de processo disciplinar (Denúncia) em face do Senador Magno Malta, com fundamento no art. 17, do Código de Ética e Decoro Parlamentar c.c no art. 55, inciso II, da Constituição da República, art. 32, i",FNT-000307
FAS-007525,PRC-010470,2023-05-24,representacao_etica,INS-001543,"Requer instauração de processo disciplinar (Representação) em face do Senador Magno Malta, com fundamento na Constituição Federal, art. 55, II; no art. 32, II, do Regimento Interno do Senado Federal e na Resolução do Sen",FNT-000307
FAS-007526,PRC-010471,2023-06-14,representacao_etica,INS-001543,"Requer a abertura de procedimento disciplinar (Representação) em face do Senador Cid Gomes, com base no art. 17 da Resolução do Senado 20/1993 e no art. 55 da Constituição Federal.",FNT-000307
FAS-007527,PRC-010472,2023-06-14,representacao_etica,INS-001543,"Requer a abertura de procedimento disciplinar (Denúncia) em face do Senador Jorge Kajuru com fundamento no28/09/2020 art. 55 da Constituição Federal e na Resolução do Senado Federal nº 20, de 1993.",FNT-000307
FAS-007528,PRC-010472,2024-07-09,parecer_conselho_etica,INS-001543,Indeferida pelo Conselho de Ética,FNT-000307
FAS-007529,PRC-010473,2023-06-14,representacao_etica,INS-001543,"Requer a abertura de procedimento disciplinar c/c inquérito em face do Senador Jorge Kajuru, com fundamento nos arts. 25 e 32 do Regimento Interno do Senado Federal e no art. 20 da Resolução do Senado Federal nº 20, de 1",FNT-000307
FAS-007530,PRC-010473,2024-07-09,parecer_conselho_etica,INS-001543,Indeferida pelo Conselho de Ética,FNT-000307
FAS-007531,PRC-010474,2023-06-14,representacao_etica,INS-001543,"Requer a abertura de procedimento disciplinar (Denúncia) em face do Senador Styvenson Valentim, com fundamento no art. 55 da Constituição Federal e na Resolução do Senado Federal nº 20, de 1993.",FNT-000307
FAS-007532,PRC-010474,2024-07-09,parecer_conselho_etica,INS-001543,Indeferida pelo Conselho de Ética,FNT-000307
FAS-007533,PRC-010475,2023-06-14,representacao_etica,INS-001543,"Requer a abertura de procedimento disciplinar (Representação) em face do Senador Randolfe Rodrigues, com fundamento na Resolução do Senado Federal nº 20, de 1993.",FNT-000307
FAS-007534,PRC-010475,2024-07-09,parecer_conselho_etica,INS-001543,Indeferida pelo Conselho de Ética,FNT-000307
FAS-007535,PRC-010476,2023-06-14,representacao_etica,INS-001543,"Requer a abertura de procedimento disciplinar (Representação) em face do Senador Chico Rodrigues com fundamento no art. 55 da Constituição Federal e na Resolução do Senado Federal nº 20, de 1993.",FNT-000307
FAS-007536,PRC-010477,2023-06-16,representacao_etica,INS-001543,"Requer instauração de processo disciplinar em face do Senador Marcos do Val, com fundamento no art. 55, inciso II, da Constituição Federal; no art. 32, do Regimento Interno do Senado Federal e no art. 11, do CEDP.",FNT-000307
FAS-007537,PRC-010478,2023-06-22,representacao_etica,INS-001543,"Requer instauração de processo disciplinar (Representação) em face do Senador Marcos do Val, nos termos do art. 17 da Resolução nº 20/1993.",FNT-000307
FAS-007538,PRC-010479,2023-06-23,representacao_etica,INS-001543,"Requer instauração de processo disciplinar (Denúncia) em face do Senador Alan Rick, na forma dos arts. 17 a 21 do Código de Ética e Decoro Parlamentar do Senado Federal.",FNT-000307
FAS-007539,PRC-010480,2023-07-12,representacao_etica,INS-001543,"Requer instauração de processo disciplinar (Representação) em face do Senador Alan Rick, na forma dos arts. 17 a 21 do Código de Ética e Decoro Parlamentar do Senado Federal.",FNT-000307
FAS-007540,PRC-010481,2023-07-18,representacao_etica,INS-001543,"Requer a abertura de procedimento disciplinar (Representação) em face do Senador Alan Rick, com fundamento nos art. 17 a 21 da Resolução nº 20, de 1993.",FNT-000307
FAS-007541,PRC-010482,2023-08-24,representacao_etica,INS-001543,"Requer a abertura de procedimento disciplinar (Denúncia) em face do Senador Marcos do Val com fundamento no art. 17 da Resolução nº 20, de 1993.",FNT-000307
FAS-007542,PRC-010483,2024-06-27,representacao_etica,INS-001543,"Requer a abertura de procedimento disciplinar (Representação) em face do Senador Marcos do Val, com fundamento no art. 55, II, da Constituição Federal; no art. 32, II, do Regimento Interno do Senado Federal; e na Resoluç",FNT-000307
FAS-007543,PRC-010484,2024-07-09,representacao_etica,INS-001543,"Requer a abertura de procedimento disciplinar (Denúncia) em face do Senador Jorge Kajuru, com fundamento no art. 55 da Constituição Federal; no art. 19 do Regimento Interno do Senado Federal; e na Resolução do Senado Fed",FNT-000307
FAS-007544,PRC-010485,2024-07-09,representacao_etica,INS-001543,"Requer a abertura de procedimento disciplinar (Denúncia) em face do Senador Styvenson Valentim, com fundamento na Resolução do Senado Federal nº 20, de 1993.",FNT-000307
FAS-007545,PRC-010486,2024-07-09,representacao_etica,INS-001543,Requer instauração de processo disciplinar (Denúncia) em face do Senador Randolfe Rodrigues.,FNT-000307
FAS-007546,PRC-010487,2024-07-09,representacao_etica,INS-001543,Requer instauração de processo disciplinar (Denúncia) em face do Senador Randolfe Rodrigues.,FNT-000307
FAS-007547,PRC-010488,2024-07-09,representacao_etica,INS-001543,"Requer instauração de processo disciplinar em face do Senador Marcos do Val, com fundamento no art. 55, inciso II, da Constituição Federal; no art. 32, do Regimento Interno do Senado Federal e no art. 11, do CEDP.",FNT-000307
FAS-007548,PRC-010489,2024-07-09,representacao_etica,INS-001543,"Requer a abertura de procedimento disciplinar (Representação) em face do Senador Flávio Bolsonaro, com fundamento no art. 55, II, da Constituição Federal; no art. 32, II, do Regimento Interno do Senado Federal; e na Reso",FNT-000307
FAS-007549,PRC-010490,2024-07-09,representacao_etica,INS-001543,Requer instauração de processo disciplinar (Representação) em face do Senador Marcos do Val.,FNT-000307
FAS-007550,PRC-010491,2024-08-08,representacao_etica,INS-001543,"Requer a abertura de procedimento disciplinar (Denúncia) em face dos Senadores Humberto Costa e Rogério carvalho e da Senadora Teresa Leitão com fundamento no art. 55, inciso II, da Constituição Federal e na lei federal ",FNT-000307
FAS-007551,PRC-010492,2024-09-04,representacao_etica,INS-001543,Requer abertura de procedimento disciplinar (Denúncia) em face do Senador Marcos do Val por supostas práticas incompatíveis com a ética e o decoro parlamentar.,FNT-000307
FAS-007552,PRC-010493,2024-12-09,representacao_etica,INS-001543,"Requer abertura de procedimento disciplinar (Denúncia) em face do Senador Jorge Seif, com base no art. 17, caput, do Código de Ética e Decoro Parlamentar do Senado Federal (Resolução n°20, de 1993).",FNT-000307
FAS-007553,PRC-010494,2025-03-20,representacao_etica,INS-001543,"Requer a abertura de procedimento disciplinar (Denúncia) em face do Senador Plínio Valério com fundamento nos arts. 2º e 17 da Resolução nº 20, de 1993.",FNT-000307
FAS-007554,PRC-010495,2025-03-26,representacao_etica,INS-001543,"Requer a abertura de Representação por quebra de decoro parlamentar, em face do Senador Plínio Valério com fundamento no art. 55, II e §2º, da Constituição Federal e do art. 12 e seguintes do Código de ética e Decoro Par",FNT-000307
FAS-007555,PRC-010496,2025-03-27,representacao_etica,INS-001543,"Requer a abertura de procedimento disciplinar em face do Senador Eduardo Braga com fundamento no art. 55, inc. II da Constituição Federal, no art. 32, inc. II do Regimento Interno do Senado Federal e na Resolução do Sena",FNT-000307
FAS-007556,PRC-010497,2025-05-28,representacao_etica,INS-001543,"Requer a abertura de procedimento disciplinar (Representação) em face dos Senadores Plínio Valério e Marcos Rogério com fundamento nos arts. 17 e 15, da Resolução nº 20, de 1993, e com o art. 55, §§ 1º e 2º, da Constitui",FNT-000307
FAS-007557,PRC-010498,2025-05-29,representacao_etica,INS-001543,"Requer a abertura de procedimento disciplinar (Representação) em face do Senador Plínio Valério, por práticas incompatíveis com o exercício do mandato parlamentar.",FNT-000307
FAS-007558,PRC-010499,2025-05-29,representacao_etica,INS-001543,"Requer a abertura de procedimento disciplinar (Representação) em face do Senador Marcos Rogério, por práticas incompatíveis com o exercício do mandato parlamentar.",FNT-000307
FAS-007559,PRC-010500,2025-08-08,representacao_etica,INS-001543,"Requer a abertura de procedimento disciplinar em face do Senador Davi Alcolumbre com fundamento nos arts. 55, inciso II, da Constituição Federal e no art. 5º, incisos VI e VIII, do Código de Ética e Decoro Parlamentar do",FNT-000307
FAS-007560,PRC-010501,2025-09-04,representacao_etica,INS-001543,"Requer a abertura de procedimento disciplinar (Denúncia) em face do Senador Davi Alcolumbre com fundamento no art. 52 da Constituição Federal; no art. 319 do Código Penal; e no art. 7º, inciso V, da Lei 1.079/1950.",FNT-000307
FAS-007561,PRC-010502,2025-09-15,representacao_etica,INS-001543,"Requer a abertura de procedimento disciplinar de Denúncia em face do Senador Jorge Seif Júnior com fundamento no artigo 55, II e §§ 1º e 2º, da Constituição Federal, no art. 32, II e §1º do Regimento Interno do Senado Fe",FNT-000307
FAS-007562,PRC-010503,2026-01-07,representacao_etica,INS-001543,Requer a abertura de procedimento disciplinar em face do Senador Marcos do Val no Conselho de Ética.,FNT-000307
FAS-007563,PRC-010504,2026-03-09,representacao_etica,INS-001543,"Requer a abertura de procedimento disciplinar (Representação) em face do Senador Davi Alcolumbre com fundamento no art. 55 da Constituição Federal, no art. 32 do Regimento Interno do Senado Federal e nos arts. 2º, 5º e 1",FNT-000307
FAS-007564,PRC-010505,2026-03-30,representacao_etica,INS-001543,"Requer a abertura de procedimento disciplinar (Denúncia) em face do Senador Giordano com fundamento na Resolução nº 20, de 1993.",FNT-000307
FAS-007565,PRC-010506,2026-03-30,representacao_etica,INS-001543,"Requer a abertura de procedimento disciplinar (Denúncia) em face do Senador Giordano com fundamento na Resolução nº 20, de 1993.",FNT-000307
FAS-007566,PRC-010507,2026-04-01,representacao_etica,INS-001543,"Requer a abertura de procedimento disciplinar (Representação) em face da Senadora Soraya Thronicke com fundamento no art. 55, II, da Constituição Federal e no art. 14 da Resolução nº 20, de 1993.",FNT-000307
FAS-007567,PRC-010508,2026-05-13,representacao_etica,INS-001543,"Requer a abertura de procedimento disciplinar (Representação) em face do Senador Flávio Bolsonaro, com fundamento no art. 55, inciso II, da Constituição Federal e no art. 5º, incisos I, II e III do Código de Ética e Deco",FNT-000307
FAS-007568,PRC-010509,2026-05-14,representacao_etica,INS-001543,"Requer a abertura de procedimento disciplinar (Representação) em face do Senador Flávio Bolsonaro, com fundamento nos artigos 2º (incisos I, IV, V e VI) e 3º (incisos I, III, IV, VI e VII) da Resolução nº 20, de 1993.",FNT-000307
FAS-007569,PRC-010510,2026-05-14,representacao_etica,INS-001543,"Requer a abertura de procedimento disciplinar em face do Senador Ciro Nogueira, com fundamento no art. 5º, inciso XXXIV, alínea ""a"", e no art. 55, § 1º, da Constituição Federal; nos arts. 2º, 5º, 7º, 11 e 17 da Resolução",FNT-000307
FAS-007570,PRC-010511,2026-06-03,representacao_etica,INS-001543,"Requer a abertura de procedimento disciplinar (Denúncia) em face do Senador Davi Alcolumbre com fundamento na Resolução nº 20, de 1993.",FNT-000307
FAS-007571,PRC-010512,2026-06-17,representacao_etica,INS-001543,"Requer a abertura de procedimento disciplinar (Representação) em face do Senador Ciro Nogueira, com fundamento nos arts. 55, inciso II e § 1º, da Constituição Federal, nos arts. 5º, 11, 13, 14 e 15 da Resolução nº 20/199",FNT-000307
FAS-007572,PRC-010513,2026-08-03,representacao_etica,INS-001543,"Requer a abertura de procedimento disciplinar (Representação) em face do Senador Flávio Bolsonaro, com fundamento no art. 2º da Resolução nº 20, de 1993, e no Regimento Interno do Senado Federal.",FNT-000307
FAS-007573,PRC-010514,2026-08-03,representacao_etica,INS-001543,"Requer a abertura de procedimento disciplinar (Representação) em face do Senador Jaques Wagner, com fundamento no art. 55, II, §§ 1º e 2º, da Constituição Federal, no Regimento Interno do Senado Federal, na Resolução nº ",FNT-000307
FAS-007574,PRC-010515,2026-08-10,representacao_etica,INS-001543,"Requer a abertura de procedimento disciplinar (Denúncia) em face do Senador Ciro Nogueira, com fundamento no art. 17 da Resolução nº 20, de 1993, bem como na Constituição Federal, no Regimento Interno do Senado Federal e",FNT-000307
FAS-007575,PRC-010516,2026-09-02,representacao_etica,INS-001543,"Requer a abertura de procedimento disciplinar (Representação) em face do Senador Flávio Bolsonaro, com fundamento no art. 55, inciso II e §§ 1º e 2º da Constituição da República, no art. 5º, inciso I e no art. 14, caput,",FNT-000307
FAS-007576,PRC-010517,2026-09-04,representacao_etica,INS-001543,Requer a abertura de procedimento disciplinar (Denúncia) em face do Senador Davi Alcolumbre com fundamento no art. 17 da Resolução nº 20/1993.,FNT-000307
FAS-007577,PRC-010518,2026-09-04,representacao_etica,INS-001543,"Requer a abertura de procedimento disciplinar (Representação) em face do Senador Davi Alcolumbre com fulcro no art. 55, inciso II, da Constituição Federal, e no art. 17, inciso II, da Resolução nº 20/1993 do Senado Feder",FNT-000307
FAS-007578,PRC-010519,2026-09-04,representacao_etica,INS-001543,"Requer a abertura de procedimento disciplinar (Denúncia) em face do Senador Davi Alcolumbre com fundamento nos arts. 1º, 2º, 5º e 17 da Resolução do Senado Federal nº 20, de 1993, com as alterações promovidas pela Resolu",FNT-000307
FAS-007579,PRC-010520,2026-09-10,representacao_etica,INS-001543,"Requer a abertura de procedimento disciplinar (Denúncia) em face do Senador Davi Alcolumbre com fundamento nos arts. 2º, II e III; 5º, III e, subsidiariamente, I; 10, II; 17, § 10; 22 e 23, § 4º, da Resolução nº 20/1993,",FNT-000307
FAS-007580,PRC-010521,2026-09-10,representacao_etica,INS-001543,"Requer a abertura de procedimento disciplinar (Representação) em face do Senador Davi Alcolumbre com fundamento no art. 55, § 1º, da Constituição Federal, nos arts. 1º, 2º e 5º da Resolução do Senado Federal nº 20, de 19",FNT-000307
FAS-007581,PRC-010522,2026-09-10,representacao_etica,INS-001543,"Requer a abertura de procedimento disciplinar (Representação) em face do Senador Davi Alcolumbre, com fundamento no art. 55, §1º e inciso II, da Constituição Federal, e na Resolução nº 20, de 1993.",FNT-000307
FAS-007582,PRC-010523,2025-11-12,transito_em_julgado,INS-001544,Trânsito em julgado do julgamento pela irregularidade das contas. Acórdãos: https://contas.tcu.gov.br/pesquisaJurisprudencia/#/resultado/acordao-completo/01726620246.PROC,FNT-000309
FAS-007583,PRC-010524,2025-09-18,transito_em_julgado,INS-001544,Trânsito em julgado do julgamento pela irregularidade das contas. Acórdãos: https://contas.tcu.gov.br/pesquisaJurisprudencia/#/resultado/acordao-completo/02110120205.PROC,FNT-000309
FAS-007584,PRC-010525,2021-04-14,transito_em_julgado,INS-001544,Trânsito em julgado do julgamento pela irregularidade das contas. Acórdãos: https://contas.tcu.gov.br/pesquisaJurisprudencia/#/resultado/acordao-completo/00888720152.PROC,FNT-000309
FAS-007585,PRC-010526,2025-04-17,transito_em_julgado,INS-001544,Trânsito em julgado do julgamento pela irregularidade das contas. Acórdãos: https://contas.tcu.gov.br/pesquisaJurisprudencia/#/resultado/acordao-completo/03262220163.PROC,FNT-000309
FAS-007586,PRC-010527,2024-11-22,transito_em_julgado,INS-001544,Trânsito em julgado do julgamento pela irregularidade das contas. Acórdãos: https://contas.tcu.gov.br/pesquisaJurisprudencia/#/resultado/acordao-completo/02914620194.PROC,FNT-000309
FAS-007587,PRC-010528,2020-06-24,transito_em_julgado,INS-001544,Trânsito em julgado do julgamento pela irregularidade das contas. Acórdãos: https://contas.tcu.gov.br/pesquisaJurisprudencia/#/resultado/acordao-completo/01617720150.PROC,FNT-000309
FAS-007588,PRC-010529,2012-05-08,transito_em_julgado,INS-001544,Trânsito em julgado do julgamento pela irregularidade das contas. Acórdãos: https://contas.tcu.gov.br/pesquisaJurisprudencia/#/resultado/acordao-completo/01464920065.PROC,FNT-000309
FAS-007589,PRC-010530,2011-10-05,transito_em_julgado,INS-001544,Trânsito em julgado do julgamento pela irregularidade das contas. Acórdãos: https://contas.tcu.gov.br/pesquisaJurisprudencia/#/resultado/acordao-completo/01945420024.PROC,FNT-000309
FAS-007590,PRC-010531,2023-06-14,transito_em_julgado,INS-001544,Trânsito em julgado do julgamento pela irregularidade das contas. Acórdãos: https://contas.tcu.gov.br/pesquisaJurisprudencia/#/resultado/acordao-completo/02526620136.PROC,FNT-000309
FAS-007591,PRC-010532,2022-09-24,transito_em_julgado,INS-001544,Trânsito em julgado do julgamento pela irregularidade das contas. Acórdãos: https://contas.tcu.gov.br/pesquisaJurisprudencia/#/resultado/acordao-completo/02503520134.PROC,FNT-000309
FAS-007592,PRC-010533,2022-06-09,transito_em_julgado,INS-001544,Trânsito em julgado do julgamento pela irregularidade das contas. Acórdãos: https://contas.tcu.gov.br/pesquisaJurisprudencia/#/resultado/acordao-completo/02541420135.PROC,FNT-000309
FAS-007593,PRC-010534,2021-12-03,transito_em_julgado,INS-001544,Trânsito em julgado do julgamento pela irregularidade das contas. Acórdãos: https://contas.tcu.gov.br/pesquisaJurisprudencia/#/resultado/acordao-completo/02525720137.PROC,FNT-000309
FAS-007594,PRC-010535,2021-10-14,transito_em_julgado,INS-001544,Trânsito em julgado do julgamento pela irregularidade das contas. Acórdãos: https://contas.tcu.gov.br/pesquisaJurisprudencia/#/resultado/acordao-completo/02527420139.PROC,FNT-000309
FAS-007595,PRC-010536,2021-09-23,transito_em_julgado,INS-001544,Trânsito em julgado do julgamento pela irregularidade das contas. Acórdãos: https://contas.tcu.gov.br/pesquisaJurisprudencia/#/resultado/acordao-completo/02528620137.PROC,FNT-000309
FAS-007596,PRC-010537,2021-09-04,transito_em_julgado,INS-001544,Trânsito em julgado do julgamento pela irregularidade das contas. Acórdãos: https://contas.tcu.gov.br/pesquisaJurisprudencia/#/resultado/acordao-completo/02541020130.PROC,FNT-000309
FAS-007597,PRC-010538,2021-06-16,transito_em_julgado,INS-001544,Trânsito em julgado do julgamento pela irregularidade das contas. Acórdãos: https://contas.tcu.gov.br/pesquisaJurisprudencia/#/resultado/acordao-completo/02537320137.PROC,FNT-000309
FAS-007598,PRC-010539,2020-03-07,transito_em_julgado,INS-001544,Trânsito em julgado do julgamento pela irregularidade das contas. Acórdãos: https://contas.tcu.gov.br/pesquisaJurisprudencia/#/resultado/acordao-completo/02529920131.PROC,FNT-000309
FAS-007599,PRC-010540,2019-11-08,transito_em_julgado,INS-001544,Trânsito em julgado do julgamento pela irregularidade das contas. Acórdãos: https://contas.tcu.gov.br/pesquisaJurisprudencia/#/resultado/acordao-completo/02525920130.PROC,FNT-000309
FAS-007600,PRC-010541,2019-11-08,transito_em_julgado,INS-001544,Trânsito em julgado do julgamento pela irregularidade das contas. Acórdãos: https://contas.tcu.gov.br/pesquisaJurisprudencia/#/resultado/acordao-completo/02541120136.PROC,FNT-000309
FAS-007601,PRC-010542,2019-11-08,transito_em_julgado,INS-001544,Trânsito em julgado do julgamento pela irregularidade das contas. Acórdãos: https://contas.tcu.gov.br/pesquisaJurisprudencia/#/resultado/acordao-completo/02544520138.PROC,FNT-000309
FAS-007602,PRC-010543,2019-11-08,transito_em_julgado,INS-001544,Trânsito em julgado do julgamento pela irregularidade das contas. Acórdãos: https://contas.tcu.gov.br/pesquisaJurisprudencia/#/resultado/acordao-completo/02521820131.PROC,FNT-000309
FAS-007603,PRC-010544,2019-11-08,transito_em_julgado,INS-001544,Trânsito em julgado do julgamento pela irregularidade das contas. Acórdãos: https://contas.tcu.gov.br/pesquisaJurisprudencia/#/resultado/acordao-completo/02516120130.PROC,FNT-000309
FAS-007604,PRC-010545,2019-11-08,transito_em_julgado,INS-001544,Trânsito em julgado do julgamento pela irregularidade das contas. Acórdãos: https://contas.tcu.gov.br/pesquisaJurisprudencia/#/resultado/acordao-completo/02526220130.PROC,FNT-000309
FAS-007605,PRC-010546,2019-11-08,transito_em_julgado,INS-001544,Trânsito em julgado do julgamento pela irregularidade das contas. Acórdãos: https://contas.tcu.gov.br/pesquisaJurisprudencia/#/resultado/acordao-completo/02541620138.PROC,FNT-000309
FAS-007606,PRC-010547,2019-11-06,transito_em_julgado,INS-001544,Trânsito em julgado do julgamento pela irregularidade das contas. Acórdãos: https://contas.tcu.gov.br/pesquisaJurisprudencia/#/resultado/acordao-completo/02541720134.PROC,FNT-000309
FAS-007607,PRC-010548,2019-11-06,transito_em_julgado,INS-001544,Trânsito em julgado do julgamento pela irregularidade das contas. Acórdãos: https://contas.tcu.gov.br/pesquisaJurisprudencia/#/resultado/acordao-completo/02526020138.PROC,FNT-000309
FAS-007608,PRC-010549,2019-11-02,transito_em_julgado,INS-001544,Trânsito em julgado do julgamento pela irregularidade das contas. Acórdãos: https://contas.tcu.gov.br/pesquisaJurisprudencia/#/resultado/acordao-completo/02515620136.PROC,FNT-000309
FAS-007609,PRC-010550,2019-10-30,transito_em_julgado,INS-001544,Trânsito em julgado do julgamento pela irregularidade das contas. Acórdãos: https://contas.tcu.gov.br/pesquisaJurisprudencia/#/resultado/acordao-completo/02542320134.PROC,FNT-000309
FAS-007610,PRC-010551,2019-10-27,transito_em_julgado,INS-001544,Trânsito em julgado do julgamento pela irregularidade das contas. Acórdãos: https://contas.tcu.gov.br/pesquisaJurisprudencia/#/resultado/acordao-completo/02540720139.PROC,FNT-000309
FAS-007611,PRC-010552,2019-10-23,transito_em_julgado,INS-001544,Trânsito em julgado do julgamento pela irregularidade das contas. Acórdãos: https://contas.tcu.gov.br/pesquisaJurisprudencia/#/resultado/acordao-completo/02514020132.PROC,FNT-000309
FAS-007612,PRC-010553,2019-10-23,transito_em_julgado,INS-001544,Trânsito em julgado do julgamento pela irregularidade das contas. Acórdãos: https://contas.tcu.gov.br/pesquisaJurisprudencia/#/resultado/acordao-completo/02518220137.PROC,FNT-000309
FAS-007613,PRC-010554,2019-10-23,transito_em_julgado,INS-001544,Trânsito em julgado do julgamento pela irregularidade das contas. Acórdãos: https://contas.tcu.gov.br/pesquisaJurisprudencia/#/resultado/acordao-completo/02516520135.PROC,FNT-000309
FAS-007614,PRC-010555,2019-10-17,transito_em_julgado,INS-001544,Trânsito em julgado do julgamento pela irregularidade das contas. Acórdãos: https://contas.tcu.gov.br/pesquisaJurisprudencia/#/resultado/acordao-completo/02514220135.PROC,FNT-000309
FAS-007615,PRC-010556,2019-10-11,transito_em_julgado,INS-001544,Trânsito em julgado do julgamento pela irregularidade das contas. Acórdãos: https://contas.tcu.gov.br/pesquisaJurisprudencia/#/resultado/acordao-completo/02541320139.PROC,FNT-000309
FAS-007616,PRC-010557,2019-02-07,transito_em_julgado,INS-001544,Trânsito em julgado do julgamento pela irregularidade das contas. Acórdãos: https://contas.tcu.gov.br/pesquisaJurisprudencia/#/resultado/acordao-completo/02542420130.PROC,FNT-000309
FAS-007617,PRC-010558,2019-02-07,transito_em_julgado,INS-001544,Trânsito em julgado do julgamento pela irregularidade das contas. Acórdãos: https://contas.tcu.gov.br/pesquisaJurisprudencia/#/resultado/acordao-completo/02544420131.PROC,FNT-000309
FAS-007618,PRC-010559,2018-11-28,transito_em_julgado,INS-001544,Trânsito em julgado do julgamento pela irregularidade das contas. Acórdãos: https://contas.tcu.gov.br/pesquisaJurisprudencia/#/resultado/acordao-completo/02504620136.PROC,FNT-000309
FAS-007619,PRC-010560,2017-10-28,transito_em_julgado,INS-001544,Trânsito em julgado do julgamento pela irregularidade das contas. Acórdãos: https://contas.tcu.gov.br/pesquisaJurisprudencia/#/resultado/acordao-completo/02540820135.PROC,FNT-000309
FAS-007620,PRC-010561,2019-03-13,transito_em_julgado,INS-001544,Trânsito em julgado do julgamento pela irregularidade das contas. Acórdãos: https://contas.tcu.gov.br/pesquisaJurisprudencia/#/resultado/acordao-completo/04567720123.PROC,FNT-000309
FAS-007621,PRC-010562,2014-09-02,transito_em_julgado,INS-001544,Trânsito em julgado do julgamento pela irregularidade das contas. Acórdãos: https://contas.tcu.gov.br/pesquisaJurisprudencia/#/resultado/acordao-completo/01063720031.PROC,FNT-000309
FAS-007622,PRC-010563,2016-06-30,transito_em_julgado,INS-001544,Trânsito em julgado do julgamento pela irregularidade das contas. Acórdãos: https://contas.tcu.gov.br/pesquisaJurisprudencia/#/resultado/acordao-completo/00696720108.PROC,FNT-000309
FAS-007623,PRC-010564,2016-05-21,transito_em_julgado,INS-001544,Trânsito em julgado do julgamento pela irregularidade das contas. Acórdãos: https://contas.tcu.gov.br/pesquisaJurisprudencia/#/resultado/acordao-completo/00652220130.PROC,FNT-000309
FAS-007624,PRC-010565,2015-12-29,transito_em_julgado,INS-001544,Trânsito em julgado do julgamento pela irregularidade das contas. Acórdãos: https://contas.tcu.gov.br/pesquisaJurisprudencia/#/resultado/acordao-completo/03179920124.PROC,FNT-000309
FAS-007625,PRC-010566,2014-07-02,transito_em_julgado,INS-001544,Trânsito em julgado do julgamento pela irregularidade das contas. Acórdãos: https://contas.tcu.gov.br/pesquisaJurisprudencia/#/resultado/acordao-completo/02941220110.PROC,FNT-000309
FAS-007626,PRC-010567,2007-08-16,transito_em_julgado,INS-001544,Trânsito em julgado do julgamento pela irregularidade das contas. Acórdãos: https://contas.tcu.gov.br/pesquisaJurisprudencia/#/resultado/acordao-completo/00679720047.PROC,FNT-000309
FAS-007627,PRC-010568,2020-09-29,transito_em_julgado,INS-001544,Trânsito em julgado do julgamento pela irregularidade das contas. Acórdãos: https://contas.tcu.gov.br/pesquisaJurisprudencia/#/resultado/acordao-completo/00311020184.PROC,FNT-000309
FAS-007628,PRC-010569,2009-10-29,transito_em_julgado,INS-001544,Trânsito em julgado do julgamento pela irregularidade das contas. Acórdãos: https://contas.tcu.gov.br/pesquisaJurisprudencia/#/resultado/acordao-completo/01614120050.PROC,FNT-000309
FAS-007629,PRC-010570,2019-03-08,transito_em_julgado,INS-001544,Trânsito em julgado do julgamento pela irregularidade das contas. Acórdãos: https://contas.tcu.gov.br/pesquisaJurisprudencia/#/resultado/acordao-completo/01313120050.PROC,FNT-000309
FAS-007630,PRC-010571,2022-01-27,transito_em_julgado,INS-001544,Trânsito em julgado do julgamento pela irregularidade das contas. Acórdãos: https://contas.tcu.gov.br/pesquisaJurisprudencia/#/resultado/acordao-completo/01139520041.PROC,FNT-000309
FAS-007631,PRC-010572,2014-12-20,transito_em_julgado,INS-001544,Trânsito em julgado do julgamento pela irregularidade das contas. Acórdãos: https://contas.tcu.gov.br/pesquisaJurisprudencia/#/resultado/acordao-completo/02047220041.PROC,FNT-000309
FAS-007632,PRC-010573,2011-07-22,transito_em_julgado,INS-001544,Trânsito em julgado do julgamento pela irregularidade das contas. Acórdãos: https://contas.tcu.gov.br/pesquisaJurisprudencia/#/resultado/acordao-completo/01178020024.PROC,FNT-000309
FAS-007633,PRC-010574,2003-05-20,transito_em_julgado,INS-001544,Trânsito em julgado do julgamento pela irregularidade das contas. Acórdãos: https://contas.tcu.gov.br/pesquisaJurisprudencia/#/resultado/acordao-completo/00395619997.PROC,FNT-000309
FAS-007634,PRC-010575,2003-05-16,transito_em_julgado,INS-001544,Trânsito em julgado do julgamento pela irregularidade das contas. Acórdãos: https://contas.tcu.gov.br/pesquisaJurisprudencia/#/resultado/acordao-completo/00395419994.PROC,FNT-000309
FAS-007635,PRC-010576,2018-05-25,transito_em_julgado,INS-001544,Trânsito em julgado do julgamento pela irregularidade das contas. Acórdãos: https://contas.tcu.gov.br/pesquisaJurisprudencia/#/resultado/acordao-completo/01568820076.PROC,FNT-000309
FAS-007636,PRC-010577,2019-01-05,transito_em_julgado,INS-001544,Trânsito em julgado do julgamento pela irregularidade das contas. Acórdãos: https://contas.tcu.gov.br/pesquisaJurisprudencia/#/resultado/acordao-completo/00530720147.PROC,FNT-000309
FAS-007637,PRC-010578,2005-06-02,transito_em_julgado,INS-001544,Trânsito em julgado do julgamento pela irregularidade das contas. Acórdãos: https://contas.tcu.gov.br/pesquisaJurisprudencia/#/resultado/acordao-completo/35018219957.PROC,FNT-000309
FAS-007638,PRC-010579,2023-06-03,transito_em_julgado,INS-001544,Trânsito em julgado do julgamento pela irregularidade das contas. Acórdãos: https://contas.tcu.gov.br/pesquisaJurisprudencia/#/resultado/acordao-completo/02868420168.PROC,FNT-000309
FAS-007639,PRC-010580,2020-01-03,transito_em_julgado,INS-001544,Trânsito em julgado do julgamento pela irregularidade das contas. Acórdãos: https://contas.tcu.gov.br/pesquisaJurisprudencia/#/resultado/acordao-completo/00910620154.PROC,FNT-000309
FAS-007640,PRC-010581,2021-04-07,transito_em_julgado,INS-001544,Trânsito em julgado do julgamento pela irregularidade das contas. Acórdãos: https://contas.tcu.gov.br/pesquisaJurisprudencia/#/resultado/acordao-completo/02761620100.PROC,FNT-000309
FAS-007641,PRC-010582,2013-07-27,transito_em_julgado,INS-001544,Trânsito em julgado do julgamento pela irregularidade das contas. Acórdãos: https://contas.tcu.gov.br/pesquisaJurisprudencia/#/resultado/acordao-completo/01847020090.PROC,FNT-000309
FAS-007642,PRC-010583,2022-12-28,transito_em_julgado,INS-001544,Trânsito em julgado do julgamento pela irregularidade das contas. Acórdãos: https://contas.tcu.gov.br/pesquisaJurisprudencia/#/resultado/acordao-completo/01731520166.PROC,FNT-000309
FAS-007643,PRC-010584,2022-08-04,transito_em_julgado,INS-001544,Trânsito em julgado do julgamento pela irregularidade das contas. Acórdãos: https://contas.tcu.gov.br/pesquisaJurisprudencia/#/resultado/acordao-completo/03244420176.PROC,FNT-000309
FAS-007644,PRC-010585,2021-10-14,transito_em_julgado,INS-001544,Trânsito em julgado do julgamento pela irregularidade das contas. Acórdãos: https://contas.tcu.gov.br/pesquisaJurisprudencia/#/resultado/acordao-completo/01771620160.PROC,FNT-000309
FAS-007645,PRC-010586,2021-10-09,transito_em_julgado,INS-001544,Trânsito em julgado do julgamento pela irregularidade das contas. Acórdãos: https://contas.tcu.gov.br/pesquisaJurisprudencia/#/resultado/acordao-completo/03677920180.PROC,FNT-000309
FAS-007646,PRC-010587,2021-10-02,transito_em_julgado,INS-001544,Trânsito em julgado do julgamento pela irregularidade das contas. Acórdãos: https://contas.tcu.gov.br/pesquisaJurisprudencia/#/resultado/acordao-completo/03428520180.PROC,FNT-000309
FAS-007647,PRC-010588,2021-06-25,transito_em_julgado,INS-001544,Trânsito em julgado do julgamento pela irregularidade das contas. Acórdãos: https://contas.tcu.gov.br/pesquisaJurisprudencia/#/resultado/acordao-completo/01030620196.PROC,FNT-000309
FAS-007648,PRC-010589,2021-01-20,transito_em_julgado,INS-001544,Trânsito em julgado do julgamento pela irregularidade das contas. Acórdãos: https://contas.tcu.gov.br/pesquisaJurisprudencia/#/resultado/acordao-completo/00486720181.PROC,FNT-000309
FAS-007649,PRC-010590,2018-09-20,transito_em_julgado,INS-001544,Trânsito em julgado do julgamento pela irregularidade das contas. Acórdãos: https://contas.tcu.gov.br/pesquisaJurisprudencia/#/resultado/acordao-completo/01449320160.PROC,FNT-000309
FAS-007650,PRC-010591,2017-05-27,transito_em_julgado,INS-001544,Trânsito em julgado do julgamento pela irregularidade das contas. Acórdãos: https://contas.tcu.gov.br/pesquisaJurisprudencia/#/resultado/acordao-completo/03214420130.PROC,FNT-000309
FAS-007651,PRC-010592,2017-05-13,transito_em_julgado,INS-001544,Trânsito em julgado do julgamento pela irregularidade das contas. Acórdãos: https://contas.tcu.gov.br/pesquisaJurisprudencia/#/resultado/acordao-completo/02058520045.PROC,FNT-000309
FAS-007652,PRC-010593,2015-06-09,transito_em_julgado,INS-001544,Trânsito em julgado do julgamento pela irregularidade das contas. Acórdãos: https://contas.tcu.gov.br/pesquisaJurisprudencia/#/resultado/acordao-completo/02059020045.PROC,FNT-000309
FAS-007653,PRC-010594,2015-06-06,transito_em_julgado,INS-001544,Trânsito em julgado do julgamento pela irregularidade das contas. Acórdãos: https://contas.tcu.gov.br/pesquisaJurisprudencia/#/resultado/acordao-completo/02052420040.PROC,FNT-000309
FAS-007654,PRC-010595,2015-04-15,transito_em_julgado,INS-001544,Trânsito em julgado do julgamento pela irregularidade das contas. Acórdãos: https://contas.tcu.gov.br/pesquisaJurisprudencia/#/resultado/acordao-completo/02060920049.PROC,FNT-000309
FAS-007655,PRC-010596,2015-03-18,transito_em_julgado,INS-001544,Trânsito em julgado do julgamento pela irregularidade das contas. Acórdãos: https://contas.tcu.gov.br/pesquisaJurisprudencia/#/resultado/acordao-completo/02063820040.PROC,FNT-000309
FAS-007656,PRC-010597,2014-04-01,transito_em_julgado,INS-001544,Trânsito em julgado do julgamento pela irregularidade das contas. Acórdãos: https://contas.tcu.gov.br/pesquisaJurisprudencia/#/resultado/acordao-completo/02053220041.PROC,FNT-000309
FAS-007657,PRC-010598,2010-06-01,transito_em_julgado,INS-001544,Trânsito em julgado do julgamento pela irregularidade das contas. Acórdãos: https://contas.tcu.gov.br/pesquisaJurisprudencia/#/resultado/acordao-completo/02063120040.PROC,FNT-000309
FAS-007658,PRC-010599,2010-05-22,transito_em_julgado,INS-001544,Trânsito em julgado do julgamento pela irregularidade das contas. Acórdãos: https://contas.tcu.gov.br/pesquisaJurisprudencia/#/resultado/acordao-completo/02059720046.PROC,FNT-000309
FAS-007659,PRC-010600,2026-03-21,transito_em_julgado,INS-001544,Trânsito em julgado do julgamento pela irregularidade das contas. Acórdãos: https://contas.tcu.gov.br/pesquisaJurisprudencia/#/resultado/acordao-completo/00609920220.PROC,FNT-000309
FAS-007660,PRC-010601,2013-05-01,transito_em_julgado,INS-001544,Trânsito em julgado do julgamento pela irregularidade das contas. Acórdãos: https://contas.tcu.gov.br/pesquisaJurisprudencia/#/resultado/acordao-completo/02001320108.PROC,FNT-000309
FAS-007661,PRC-010602,2012-04-10,transito_em_julgado,INS-001544,Trânsito em julgado do julgamento pela irregularidade das contas. Acórdãos: https://contas.tcu.gov.br/pesquisaJurisprudencia/#/resultado/acordao-completo/02780420100.PROC,FNT-000309
FAS-007662,PRC-010603,2015-12-30,transito_em_julgado,INS-001544,Trânsito em julgado do julgamento pela irregularidade das contas. Acórdãos: https://contas.tcu.gov.br/pesquisaJurisprudencia/#/resultado/acordao-completo/02511320127.PROC,FNT-000309
FAS-007663,PRC-010604,2022-06-02,transito_em_julgado,INS-001544,Trânsito em julgado do julgamento pela irregularidade das contas. Acórdãos: https://contas.tcu.gov.br/pesquisaJurisprudencia/#/resultado/acordao-completo/03352420190.PROC,FNT-000309
FAS-007664,PRC-010605,2021-12-04,transito_em_julgado,INS-001544,Trânsito em julgado do julgamento pela irregularidade das contas. Acórdãos: https://contas.tcu.gov.br/pesquisaJurisprudencia/#/resultado/acordao-completo/03336120193.PROC,FNT-000309
FAS-007665,PRC-010606,2017-04-04,transito_em_julgado,INS-001544,Trânsito em julgado do julgamento pela irregularidade das contas. Acórdãos: https://contas.tcu.gov.br/pesquisaJurisprudencia/#/resultado/acordao-completo/01328420100.PROC,FNT-000309
FAS-007666,PRC-010607,2016-11-17,transito_em_julgado,INS-001544,Trânsito em julgado do julgamento pela irregularidade das contas. Acórdãos: https://contas.tcu.gov.br/pesquisaJurisprudencia/#/resultado/acordao-completo/03762320117.PROC,FNT-000309
FAS-007667,PRC-010608,2024-02-20,transito_em_julgado,INS-001544,Trânsito em julgado do julgamento pela irregularidade das contas. Acórdãos: https://contas.tcu.gov.br/pesquisaJurisprudencia/#/resultado/acordao-completo/00624920221.PROC,FNT-000309
FAS-007668,PRC-010609,2023-01-24,transito_em_julgado,INS-001544,Trânsito em julgado do julgamento pela irregularidade das contas. Acórdãos: https://contas.tcu.gov.br/pesquisaJurisprudencia/#/resultado/acordao-completo/02837420207.PROC,FNT-000309
FAS-007669,PRC-010610,2022-11-15,transito_em_julgado,INS-001544,Trânsito em julgado do julgamento pela irregularidade das contas. Acórdãos: https://contas.tcu.gov.br/pesquisaJurisprudencia/#/resultado/acordao-completo/04283820215.PROC,FNT-000309
FAS-007670,PRC-010611,2019-11-26,transito_em_julgado,INS-001544,Trânsito em julgado do julgamento pela irregularidade das contas. Acórdãos: https://contas.tcu.gov.br/pesquisaJurisprudencia/#/resultado/acordao-completo/00764520155.PROC,FNT-000309
FAS-007671,PRC-010612,2019-07-30,transito_em_julgado,INS-001544,Trânsito em julgado do julgamento pela irregularidade das contas. Acórdãos: https://contas.tcu.gov.br/pesquisaJurisprudencia/#/resultado/acordao-completo/02456520164.PROC,FNT-000309
FAS-007672,PRC-010613,2018-11-24,transito_em_julgado,INS-001544,Trânsito em julgado do julgamento pela irregularidade das contas. Acórdãos: https://contas.tcu.gov.br/pesquisaJurisprudencia/#/resultado/acordao-completo/01037220164.PROC,FNT-000309
FAS-007673,PRC-010614,2018-11-24,transito_em_julgado,INS-001544,Trânsito em julgado do julgamento pela irregularidade das contas. Acórdãos: https://contas.tcu.gov.br/pesquisaJurisprudencia/#/resultado/acordao-completo/00907720162.PROC,FNT-000309
FAS-007674,PRC-010615,2014-04-15,transito_em_julgado,INS-001544,Trânsito em julgado do julgamento pela irregularidade das contas. Acórdãos: https://contas.tcu.gov.br/pesquisaJurisprudencia/#/resultado/acordao-completo/00296120105.PROC,FNT-000309
FAS-007675,PRC-010616,2020-06-05,transito_em_julgado,INS-001544,Trânsito em julgado do julgamento pela irregularidade das contas. Acórdãos: https://contas.tcu.gov.br/pesquisaJurisprudencia/#/resultado/acordao-completo/01044520161.PROC,FNT-000309
FAS-007676,PRC-010617,2026-04-09,transito_em_julgado,INS-001544,Trânsito em julgado do julgamento pela irregularidade das contas. Acórdãos: https://contas.tcu.gov.br/pesquisaJurisprudencia/#/resultado/acordao-completo/00647920243.PROC,FNT-000309
FAS-007677,PRC-010618,2023-05-03,transito_em_julgado,INS-001544,Trânsito em julgado do julgamento pela irregularidade das contas. Acórdãos: https://contas.tcu.gov.br/pesquisaJurisprudencia/#/resultado/acordao-completo/02216620165.PROC,FNT-000309
FAS-007678,PRC-010619,2021-11-09,transito_em_julgado,INS-001544,Trânsito em julgado do julgamento pela irregularidade das contas. Acórdãos: https://contas.tcu.gov.br/pesquisaJurisprudencia/#/resultado/acordao-completo/02217120169.PROC,FNT-000309
FAS-007679,PRC-010620,2003-05-24,transito_em_julgado,INS-001544,Trânsito em julgado do julgamento pela irregularidade das contas. Acórdãos: https://contas.tcu.gov.br/pesquisaJurisprudencia/#/resultado/acordao-completo/24900419925.PROC,FNT-000309
FAS-007680,PRC-010621,2025-07-01,transito_em_julgado,INS-001544,Trânsito em julgado do julgamento pela irregularidade das contas. Acórdãos: https://contas.tcu.gov.br/pesquisaJurisprudencia/#/resultado/acordao-completo/00403020176.PROC,FNT-000309
FAS-007681,PRC-010622,2019-10-03,transito_em_julgado,INS-001544,Trânsito em julgado do julgamento pela irregularidade das contas. Acórdãos: https://contas.tcu.gov.br/pesquisaJurisprudencia/#/resultado/acordao-completo/03583220150.PROC,FNT-000309
FAS-007682,PRC-010623,2018-02-20,transito_em_julgado,INS-001544,Trânsito em julgado do julgamento pela irregularidade das contas. Acórdãos: https://contas.tcu.gov.br/pesquisaJurisprudencia/#/resultado/acordao-completo/03191820158.PROC,FNT-000309
FAS-007683,PRC-010624,2017-11-04,transito_em_julgado,INS-001544,Trânsito em julgado do julgamento pela irregularidade das contas. Acórdãos: https://contas.tcu.gov.br/pesquisaJurisprudencia/#/resultado/acordao-completo/00483520158.PROC,FNT-000309
FAS-007684,PRC-010625,2017-08-23,transito_em_julgado,INS-001544,Trânsito em julgado do julgamento pela irregularidade das contas. Acórdãos: https://contas.tcu.gov.br/pesquisaJurisprudencia/#/resultado/acordao-completo/00708820095.PROC,FNT-000309
FAS-007685,PRC-010626,2016-07-06,transito_em_julgado,INS-001544,Trânsito em julgado do julgamento pela irregularidade das contas. Acórdãos: https://contas.tcu.gov.br/pesquisaJurisprudencia/#/resultado/acordao-completo/01717020109.PROC,FNT-000309
FAS-007686,PRC-010627,2016-01-06,transito_em_julgado,INS-001544,Trânsito em julgado do julgamento pela irregularidade das contas. Acórdãos: https://contas.tcu.gov.br/pesquisaJurisprudencia/#/resultado/acordao-completo/01454820119.PROC,FNT-000309
FAS-007687,PRC-010628,2015-11-06,transito_em_julgado,INS-001544,Trânsito em julgado do julgamento pela irregularidade das contas. Acórdãos: https://contas.tcu.gov.br/pesquisaJurisprudencia/#/resultado/acordao-completo/02002920090.PROC,FNT-000309
FAS-007688,PRC-010629,2014-05-31,transito_em_julgado,INS-001544,Trânsito em julgado do julgamento pela irregularidade das contas. Acórdãos: https://contas.tcu.gov.br/pesquisaJurisprudencia/#/resultado/acordao-completo/03125120102.PROC,FNT-000309
FAS-007689,PRC-010630,2013-12-11,transito_em_julgado,INS-001544,Trânsito em julgado do julgamento pela irregularidade das contas. Acórdãos: https://contas.tcu.gov.br/pesquisaJurisprudencia/#/resultado/acordao-completo/00268820123.PROC,FNT-000309
FAS-007690,PRC-010631,2013-02-15,transito_em_julgado,INS-001544,Trânsito em julgado do julgamento pela irregularidade das contas. Acórdãos: https://contas.tcu.gov.br/pesquisaJurisprudencia/#/resultado/acordao-completo/01886120085.PROC,FNT-000309
FAS-007691,PRC-010632,2012-03-26,transito_em_julgado,INS-001544,Trânsito em julgado do julgamento pela irregularidade das contas. Acórdãos: https://contas.tcu.gov.br/pesquisaJurisprudencia/#/resultado/acordao-completo/01823820084.PROC,FNT-000309
FAS-007692,PRC-010633,2011-01-04,transito_em_julgado,INS-001544,Trânsito em julgado do julgamento pela irregularidade das contas. Acórdãos: https://contas.tcu.gov.br/pesquisaJurisprudencia/#/resultado/acordao-completo/00021120056.PROC,FNT-000309
FAS-007693,PRC-010634,2025-10-09,transito_em_julgado,INS-001544,Trânsito em julgado do julgamento pela irregularidade das contas. Acórdãos: https://contas.tcu.gov.br/pesquisaJurisprudencia/#/resultado/acordao-completo/01149220155.PROC,FNT-000309
FAS-007694,PRC-010635,2018-05-25,transito_em_julgado,INS-001544,Trânsito em julgado do julgamento pela irregularidade das contas. Acórdãos: https://contas.tcu.gov.br/pesquisaJurisprudencia/#/resultado/acordao-completo/01556020061.PROC,FNT-000309
FAS-007695,PRC-010636,2007-09-27,transito_em_julgado,INS-001544,Trânsito em julgado do julgamento pela irregularidade das contas. Acórdãos: https://contas.tcu.gov.br/pesquisaJurisprudencia/#/resultado/acordao-completo/01695220015.PROC,FNT-000309
FAS-007696,PRC-010637,2006-04-22,transito_em_julgado,INS-001544,Trânsito em julgado do julgamento pela irregularidade das contas. Acórdãos: https://contas.tcu.gov.br/pesquisaJurisprudencia/#/resultado/acordao-completo/01231419994.PROC,FNT-000309
FAS-007697,PRC-010638,2018-09-11,transito_em_julgado,INS-001544,Trânsito em julgado do julgamento pela irregularidade das contas. Acórdãos: https://contas.tcu.gov.br/pesquisaJurisprudencia/#/resultado/acordao-completo/01497220158.PROC,FNT-000309
FAS-007698,PRC-010639,2022-08-31,transito_em_julgado,INS-001544,Trânsito em julgado do julgamento pela irregularidade das contas. Acórdãos: https://contas.tcu.gov.br/pesquisaJurisprudencia/#/resultado/acordao-completo/03149220150.PROC,FNT-000309
FAS-007699,PRC-010640,2021-06-01,transito_em_julgado,INS-001544,Trânsito em julgado do julgamento pela irregularidade das contas. Acórdãos: https://contas.tcu.gov.br/pesquisaJurisprudencia/#/resultado/acordao-completo/01879120097.PROC,FNT-000309
FAS-007700,PRC-010641,2018-03-21,transito_em_julgado,INS-001544,Trânsito em julgado do julgamento pela irregularidade das contas. Acórdãos: https://contas.tcu.gov.br/pesquisaJurisprudencia/#/resultado/acordao-completo/01768020123.PROC,FNT-000309
FAS-007701,PRC-010642,2015-10-20,transito_em_julgado,INS-001544,Trânsito em julgado do julgamento pela irregularidade das contas. Acórdãos: https://contas.tcu.gov.br/pesquisaJurisprudencia/#/resultado/acordao-completo/02279020101.PROC,FNT-000309
FAS-007702,PRC-010643,2012-11-20,transito_em_julgado,INS-001544,Trânsito em julgado do julgamento pela irregularidade das contas. Acórdãos: https://contas.tcu.gov.br/pesquisaJurisprudencia/#/resultado/acordao-completo/00701120105.PROC,FNT-000309
FAS-007703,PRC-010644,2016-09-24,transito_em_julgado,INS-001544,Trânsito em julgado do julgamento pela irregularidade das contas. Acórdãos: https://contas.tcu.gov.br/pesquisaJurisprudencia/#/resultado/acordao-completo/02052820140.PROC,FNT-000309
FAS-007704,PRC-010645,2021-11-09,transito_em_julgado,INS-001544,Trânsito em julgado do julgamento pela irregularidade das contas. Acórdãos: https://contas.tcu.gov.br/pesquisaJurisprudencia/#/resultado/acordao-completo/00714620132.PROC,FNT-000309
FAS-007705,PRC-010646,2020-10-14,transito_em_julgado,INS-001544,Trânsito em julgado do julgamento pela irregularidade das contas. Acórdãos: https://contas.tcu.gov.br/pesquisaJurisprudencia/#/resultado/acordao-completo/01700620077.PROC,FNT-000309
FAS-007706,PRC-010647,2018-02-16,transito_em_julgado,INS-001544,Trânsito em julgado do julgamento pela irregularidade das contas. Acórdãos: https://contas.tcu.gov.br/pesquisaJurisprudencia/#/resultado/acordao-completo/01445620085.PROC,FNT-000309
FAS-007707,PRC-010648,2018-01-19,transito_em_julgado,INS-001544,Trânsito em julgado do julgamento pela irregularidade das contas. Acórdãos: https://contas.tcu.gov.br/pesquisaJurisprudencia/#/resultado/acordao-completo/01261120069.PROC,FNT-000309
FAS-007708,PRC-010649,2013-11-02,transito_em_julgado,INS-001544,Trânsito em julgado do julgamento pela irregularidade das contas. Acórdãos: https://contas.tcu.gov.br/pesquisaJurisprudencia/#/resultado/acordao-completo/01282920056.PROC,FNT-000309
FAS-007709,PRC-010650,2026-01-20,transito_em_julgado,INS-001544,Trânsito em julgado do julgamento pela irregularidade das contas. Acórdãos: https://contas.tcu.gov.br/pesquisaJurisprudencia/#/resultado/acordao-completo/00693720233.PROC,FNT-000309
FAS-007710,PRC-010651,2025-03-07,transito_em_julgado,INS-001544,Trânsito em julgado do julgamento pela irregularidade das contas. Acórdãos: https://contas.tcu.gov.br/pesquisaJurisprudencia/#/resultado/acordao-completo/00691520230.PROC,FNT-000309
FAS-007711,PRC-010652,2024-12-13,transito_em_julgado,INS-001544,Trânsito em julgado do julgamento pela irregularidade das contas. Acórdãos: https://contas.tcu.gov.br/pesquisaJurisprudencia/#/resultado/acordao-completo/04148420215.PROC,FNT-000309
FAS-007712,PRC-010653,2024-12-07,transito_em_julgado,INS-001544,Trânsito em julgado do julgamento pela irregularidade das contas. Acórdãos: https://contas.tcu.gov.br/pesquisaJurisprudencia/#/resultado/acordao-completo/03061820223.PROC,FNT-000309
FAS-007713,PRC-010654,2021-12-24,transito_em_julgado,INS-001544,Trânsito em julgado do julgamento pela irregularidade das contas. Acórdãos: https://contas.tcu.gov.br/pesquisaJurisprudencia/#/resultado/acordao-completo/03330720130.PROC,FNT-000309
FAS-007714,PRC-010655,2018-10-16,transito_em_julgado,INS-001544,Trânsito em julgado do julgamento pela irregularidade das contas. Acórdãos: https://contas.tcu.gov.br/pesquisaJurisprudencia/#/resultado/acordao-completo/02050320031.PROC,FNT-000309
FAS-007715,PRC-010656,2018-03-07,transito_em_julgado,INS-001544,Trânsito em julgado do julgamento pela irregularidade das contas. Acórdãos: https://contas.tcu.gov.br/pesquisaJurisprudencia/#/resultado/acordao-completo/03652820110.PROC,FNT-000309
FAS-007716,PRC-010657,2013-02-15,transito_em_julgado,INS-001544,Trânsito em julgado do julgamento pela irregularidade das contas. Acórdãos: https://contas.tcu.gov.br/pesquisaJurisprudencia/#/resultado/acordao-completo/01162720021.PROC,FNT-000309
FAS-007717,PRC-010658,2016-10-15,transito_em_julgado,INS-001544,Trânsito em julgado do julgamento pela irregularidade das contas. Acórdãos: https://contas.tcu.gov.br/pesquisaJurisprudencia/#/resultado/acordao-completo/00176320130.PROC,FNT-000309
FAS-007718,PRC-010659,2016-04-06,transito_em_julgado,INS-001544,Trânsito em julgado do julgamento pela irregularidade das contas. Acórdãos: https://contas.tcu.gov.br/pesquisaJurisprudencia/#/resultado/acordao-completo/02509720092.PROC,FNT-000309
FAS-007719,PRC-010660,2015-09-29,transito_em_julgado,INS-001544,Trânsito em julgado do julgamento pela irregularidade das contas. Acórdãos: https://contas.tcu.gov.br/pesquisaJurisprudencia/#/resultado/acordao-completo/01318420113.PROC,FNT-000309
FAS-007720,PRC-010661,2010-10-26,transito_em_julgado,INS-001544,Trânsito em julgado do julgamento pela irregularidade das contas. Acórdãos: https://contas.tcu.gov.br/pesquisaJurisprudencia/#/resultado/acordao-completo/01388820027.PROC,FNT-000309
FAS-007721,PRC-010662,2009-11-11,transito_em_julgado,INS-001544,Trânsito em julgado do julgamento pela irregularidade das contas. Acórdãos: https://contas.tcu.gov.br/pesquisaJurisprudencia/#/resultado/acordao-completo/01471920088.PROC,FNT-000309
FAS-007722,PRC-010663,2008-11-25,transito_em_julgado,INS-001544,Trânsito em julgado do julgamento pela irregularidade das contas. Acórdãos: https://contas.tcu.gov.br/pesquisaJurisprudencia/#/resultado/acordao-completo/00859120076.PROC,FNT-000309
FAS-007723,PRC-010664,2006-12-13,transito_em_julgado,INS-001544,Trânsito em julgado do julgamento pela irregularidade das contas. Acórdãos: https://contas.tcu.gov.br/pesquisaJurisprudencia/#/resultado/acordao-completo/00527520021.PROC,FNT-000309
FAS-007724,PRC-010665,2013-05-15,transito_em_julgado,INS-001544,Trânsito em julgado do julgamento pela irregularidade das contas. Acórdãos: https://contas.tcu.gov.br/pesquisaJurisprudencia/#/resultado/acordao-completo/00500020046.PROC,FNT-000309
FAS-007725,PRC-010666,2013-03-05,transito_em_julgado,INS-001544,Trânsito em julgado do julgamento pela irregularidade das contas. Acórdãos: https://contas.tcu.gov.br/pesquisaJurisprudencia/#/resultado/acordao-completo/02966220098.PROC,FNT-000309
FAS-007726,PRC-010667,2013-01-15,transito_em_julgado,INS-001544,Trânsito em julgado do julgamento pela irregularidade das contas. Acórdãos: https://contas.tcu.gov.br/pesquisaJurisprudencia/#/resultado/acordao-completo/02843220100.PROC,FNT-000309
FAS-007727,PRC-010668,2025-04-09,transito_em_julgado,INS-001544,Trânsito em julgado do julgamento pela irregularidade das contas. Acórdãos: https://contas.tcu.gov.br/pesquisaJurisprudencia/#/resultado/acordao-completo/01020620159.PROC,FNT-000309
FAS-007728,PRC-010669,2019-09-17,transito_em_julgado,INS-001544,Trânsito em julgado do julgamento pela irregularidade das contas. Acórdãos: https://contas.tcu.gov.br/pesquisaJurisprudencia/#/resultado/acordao-completo/04560120127.PROC,FNT-000309
FAS-007729,PRC-010670,2019-08-16,transito_em_julgado,INS-001544,Trânsito em julgado do julgamento pela irregularidade das contas. Acórdãos: https://contas.tcu.gov.br/pesquisaJurisprudencia/#/resultado/acordao-completo/02001820169.PROC,FNT-000309
FAS-007730,PRC-010671,2023-09-14,transito_em_julgado,INS-001544,Trânsito em julgado do julgamento pela irregularidade das contas. Acórdãos: https://contas.tcu.gov.br/pesquisaJurisprudencia/#/resultado/acordao-completo/03354820200.PROC,FNT-000309
FAS-007731,PRC-010672,2023-08-01,transito_em_julgado,INS-001544,Trânsito em julgado do julgamento pela irregularidade das contas. Acórdãos: https://contas.tcu.gov.br/pesquisaJurisprudencia/#/resultado/acordao-completo/01705520202.PROC,FNT-000309
FAS-007732,PRC-010673,2021-11-04,transito_em_julgado,INS-001544,Trânsito em julgado do julgamento pela irregularidade das contas. Acórdãos: https://contas.tcu.gov.br/pesquisaJurisprudencia/#/resultado/acordao-completo/04333920182.PROC,FNT-000309
FAS-007733,PRC-010674,2021-03-31,transito_em_julgado,INS-001544,Trânsito em julgado do julgamento pela irregularidade das contas. Acórdãos: https://contas.tcu.gov.br/pesquisaJurisprudencia/#/resultado/acordao-completo/00763720152.PROC,FNT-000309
FAS-007734,PRC-010675,2020-12-09,transito_em_julgado,INS-001544,Trânsito em julgado do julgamento pela irregularidade das contas. Acórdãos: https://contas.tcu.gov.br/pesquisaJurisprudencia/#/resultado/acordao-completo/01032820190.PROC,FNT-000309
FAS-007735,PRC-010676,2020-10-28,transito_em_julgado,INS-001544,Trânsito em julgado do julgamento pela irregularidade das contas. Acórdãos: https://contas.tcu.gov.br/pesquisaJurisprudencia/#/resultado/acordao-completo/01026520198.PROC,FNT-000309
FAS-007736,PRC-010677,2019-12-28,transito_em_julgado,INS-001544,Trânsito em julgado do julgamento pela irregularidade das contas. Acórdãos: https://contas.tcu.gov.br/pesquisaJurisprudencia/#/resultado/acordao-completo/03415420183.PROC,FNT-000309
FAS-007737,PRC-010678,2019-11-19,transito_em_julgado,INS-001544,Trânsito em julgado do julgamento pela irregularidade das contas. Acórdãos: https://contas.tcu.gov.br/pesquisaJurisprudencia/#/resultado/acordao-completo/00528120130.PROC,FNT-000309
FAS-007738,PRC-010679,2019-07-18,transito_em_julgado,INS-001544,Trânsito em julgado do julgamento pela irregularidade das contas. Acórdãos: https://contas.tcu.gov.br/pesquisaJurisprudencia/#/resultado/acordao-completo/02721820180.PROC,FNT-000309
FAS-007739,PRC-010680,2018-03-13,transito_em_julgado,INS-001544,Trânsito em julgado do julgamento pela irregularidade das contas. Acórdãos: https://contas.tcu.gov.br/pesquisaJurisprudencia/#/resultado/acordao-completo/02310520160.PROC,FNT-000309
FAS-007740,PRC-010681,2016-09-16,transito_em_julgado,INS-001544,Trânsito em julgado do julgamento pela irregularidade das contas. Acórdãos: https://contas.tcu.gov.br/pesquisaJurisprudencia/#/resultado/acordao-completo/03522820156.PROC,FNT-000309
FAS-007741,PRC-010682,2016-08-26,transito_em_julgado,INS-001544,Trânsito em julgado do julgamento pela irregularidade das contas. Acórdãos: https://contas.tcu.gov.br/pesquisaJurisprudencia/#/resultado/acordao-completo/03164820150.PROC,FNT-000309
FAS-007742,PRC-010683,2021-11-06,transito_em_julgado,INS-001544,Trânsito em julgado do julgamento pela irregularidade das contas. Acórdãos: https://contas.tcu.gov.br/pesquisaJurisprudencia/#/resultado/acordao-completo/02477120163.PROC,FNT-000309
FAS-007743,PRC-010684,2015-01-28,transito_em_julgado,INS-001544,Trânsito em julgado do julgamento pela irregularidade das contas. Acórdãos: https://contas.tcu.gov.br/pesquisaJurisprudencia/#/resultado/acordao-completo/02849220137.PROC,FNT-000309
FAS-007744,PRC-010685,2025-08-01,transito_em_julgado,INS-001544,Trânsito em julgado do julgamento pela irregularidade das contas. Acórdãos: https://contas.tcu.gov.br/pesquisaJurisprudencia/#/resultado/acordao-completo/01856720150.PROC,FNT-000309
FAS-007745,PRC-010686,2025-06-18,transito_em_julgado,INS-001544,Trânsito em julgado do julgamento pela irregularidade das contas. Acórdãos: https://contas.tcu.gov.br/pesquisaJurisprudencia/#/resultado/acordao-completo/01922220157.PROC,FNT-000309
FAS-007746,PRC-010687,2005-11-02,transito_em_julgado,INS-001544,Trânsito em julgado do julgamento pela irregularidade das contas. Acórdãos: https://contas.tcu.gov.br/pesquisaJurisprudencia/#/resultado/acordao-completo/01591320012.PROC,FNT-000309
FAS-007747,PRC-010688,2025-12-09,transito_em_julgado,INS-001544,Trânsito em julgado do julgamento pela irregularidade das contas. Acórdãos: https://contas.tcu.gov.br/pesquisaJurisprudencia/#/resultado/acordao-completo/00837120210.PROC,FNT-000309
FAS-007748,PRC-010689,2025-09-25,transito_em_julgado,INS-001544,Trânsito em julgado do julgamento pela irregularidade das contas. Acórdãos: https://contas.tcu.gov.br/pesquisaJurisprudencia/#/resultado/acordao-completo/03836820218.PROC,FNT-000309
FAS-007749,PRC-010690,2025-09-12,transito_em_julgado,INS-001544,Trânsito em julgado do julgamento pela irregularidade das contas. Acórdãos: https://contas.tcu.gov.br/pesquisaJurisprudencia/#/resultado/acordao-completo/00729220228.PROC,FNT-000309
FAS-007750,PRC-010691,2025-09-10,transito_em_julgado,INS-001544,Trânsito em julgado do julgamento pela irregularidade das contas. Acórdãos: https://contas.tcu.gov.br/pesquisaJurisprudencia/#/resultado/acordao-completo/01506920230.PROC,FNT-000309
FAS-007751,PRC-010692,2024-04-30,transito_em_julgado,INS-001544,Trânsito em julgado do julgamento pela irregularidade das contas. Acórdãos: https://contas.tcu.gov.br/pesquisaJurisprudencia/#/resultado/acordao-completo/02589920201.PROC,FNT-000309
FAS-007752,PRC-010693,2024-04-30,transito_em_julgado,INS-001544,Trânsito em julgado do julgamento pela irregularidade das contas. Acórdãos: https://contas.tcu.gov.br/pesquisaJurisprudencia/#/resultado/acordao-completo/04276820217.PROC,FNT-000309
FAS-007753,PRC-010694,2023-07-13,transito_em_julgado,INS-001544,Trânsito em julgado do julgamento pela irregularidade das contas. Acórdãos: https://contas.tcu.gov.br/pesquisaJurisprudencia/#/resultado/acordao-completo/00066620190.PROC,FNT-000309
FAS-007754,PRC-010695,2025-11-14,transito_em_julgado,INS-001544,Trânsito em julgado do julgamento pela irregularidade das contas. Acórdãos: https://contas.tcu.gov.br/pesquisaJurisprudencia/#/resultado/acordao-completo/04775920208.PROC,FNT-000309
FAS-007755,PRC-010696,2025-07-15,transito_em_julgado,INS-001544,Trânsito em julgado do julgamento pela irregularidade das contas. Acórdãos: https://contas.tcu.gov.br/pesquisaJurisprudencia/#/resultado/acordao-completo/04285320214.PROC,FNT-000309
FAS-007756,PRC-010697,2023-09-09,transito_em_julgado,INS-001544,Trânsito em julgado do julgamento pela irregularidade das contas. Acórdãos: https://contas.tcu.gov.br/pesquisaJurisprudencia/#/resultado/acordao-completo/04078120208.PROC,FNT-000309
FAS-007757,PRC-010698,2021-09-09,transito_em_julgado,INS-001544,Trânsito em julgado do julgamento pela irregularidade das contas. Acórdãos: https://contas.tcu.gov.br/pesquisaJurisprudencia/#/resultado/acordao-completo/00597920153.PROC,FNT-000309
FAS-007758,PRC-010699,2012-08-16,transito_em_julgado,INS-001544,Trânsito em julgado do julgamento pela irregularidade das contas. Acórdãos: https://contas.tcu.gov.br/pesquisaJurisprudencia/#/resultado/acordao-completo/00501320028.PROC,FNT-000309
FAS-007759,PRC-010700,2011-03-19,transito_em_julgado,INS-001544,Trânsito em julgado do julgamento pela irregularidade das contas. Acórdãos: https://contas.tcu.gov.br/pesquisaJurisprudencia/#/resultado/acordao-completo/01270720045.PROC,FNT-000309
FAS-007760,PRC-010701,2017-04-26,transito_em_julgado,INS-001544,Trânsito em julgado do julgamento pela irregularidade das contas. Acórdãos: https://contas.tcu.gov.br/pesquisaJurisprudencia/#/resultado/acordao-completo/00472920110.PROC,FNT-000309
FAS-007761,PRC-010702,2016-11-01,transito_em_julgado,INS-001544,Trânsito em julgado do julgamento pela irregularidade das contas. Acórdãos: https://contas.tcu.gov.br/pesquisaJurisprudencia/#/resultado/acordao-completo/03280920107.PROC,FNT-000309
FAS-007762,PRC-010703,2018-07-04,transito_em_julgado,INS-001544,Trânsito em julgado do julgamento pela irregularidade das contas. Acórdãos: https://contas.tcu.gov.br/pesquisaJurisprudencia/#/resultado/acordao-completo/01495120142.PROC,FNT-000309
FAS-007763,PRC-010704,2011-01-29,transito_em_julgado,INS-001544,Trânsito em julgado do julgamento pela irregularidade das contas. Acórdãos: https://contas.tcu.gov.br/pesquisaJurisprudencia/#/resultado/acordao-completo/00655020066.PROC,FNT-000309
FAS-007764,PRC-010705,2011-01-20,transito_em_julgado,INS-001544,Trânsito em julgado do julgamento pela irregularidade das contas. Acórdãos: https://contas.tcu.gov.br/pesquisaJurisprudencia/#/resultado/acordao-completo/01409120058.PROC,FNT-000309
FAS-007765,PRC-010706,2010-09-17,transito_em_julgado,INS-001544,Trânsito em julgado do julgamento pela irregularidade das contas. Acórdãos: https://contas.tcu.gov.br/pesquisaJurisprudencia/#/resultado/acordao-completo/01735620059.PROC,FNT-000309
FAS-007766,PRC-010707,2010-04-08,transito_em_julgado,INS-001544,Trânsito em julgado do julgamento pela irregularidade das contas. Acórdãos: https://contas.tcu.gov.br/pesquisaJurisprudencia/#/resultado/acordao-completo/01039720068.PROC,FNT-000309
FAS-007767,PRC-010708,2010-02-25,transito_em_julgado,INS-001544,Trânsito em julgado do julgamento pela irregularidade das contas. Acórdãos: https://contas.tcu.gov.br/pesquisaJurisprudencia/#/resultado/acordao-completo/02050320040.PROC,FNT-000309
FAS-007768,PRC-010709,2009-12-08,transito_em_julgado,INS-001544,Trânsito em julgado do julgamento pela irregularidade das contas. Acórdãos: https://contas.tcu.gov.br/pesquisaJurisprudencia/#/resultado/acordao-completo/00655320068.PROC,FNT-000309
FAS-007769,PRC-010710,2011-06-29,transito_em_julgado,INS-001544,Trânsito em julgado do julgamento pela irregularidade das contas. Acórdãos: https://contas.tcu.gov.br/pesquisaJurisprudencia/#/resultado/acordao-completo/00267020090.PROC,FNT-000309
FAS-007770,PRC-010711,2011-04-23,transito_em_julgado,INS-001544,Trânsito em julgado do julgamento pela irregularidade das contas. Acórdãos: https://contas.tcu.gov.br/pesquisaJurisprudencia/#/resultado/acordao-completo/00191620098.PROC,FNT-000309
FAS-007771,PRC-010712,2017-03-17,transito_em_julgado,INS-001544,Trânsito em julgado do julgamento pela irregularidade das contas. Acórdãos: https://contas.tcu.gov.br/pesquisaJurisprudencia/#/resultado/acordao-completo/02434220157.PROC,FNT-000309
FAS-007772,PRC-010713,2025-04-01,transito_em_julgado,INS-001544,Trânsito em julgado do julgamento pela irregularidade das contas. Acórdãos: https://contas.tcu.gov.br/pesquisaJurisprudencia/#/resultado/acordao-completo/03778720195.PROC,FNT-000309
FAS-007773,PRC-010714,2006-10-31,transito_em_julgado,INS-001544,Trânsito em julgado do julgamento pela irregularidade das contas. Acórdãos: https://contas.tcu.gov.br/pesquisaJurisprudencia/#/resultado/acordao-completo/01767820001.PROC,FNT-000309
FAS-007774,PRC-010715,2014-02-06,transito_em_julgado,INS-001544,Trânsito em julgado do julgamento pela irregularidade das contas. Acórdãos: https://contas.tcu.gov.br/pesquisaJurisprudencia/#/resultado/acordao-completo/00794620112.PROC,FNT-000309
FAS-007775,PRC-010716,2018-11-28,transito_em_julgado,INS-001544,Trânsito em julgado do julgamento pela irregularidade das contas. Acórdãos: https://contas.tcu.gov.br/pesquisaJurisprudencia/#/resultado/acordao-completo/02539320073.PROC,FNT-000309
FAS-007776,PRC-010717,2026-04-11,transito_em_julgado,INS-001544,Trânsito em julgado do julgamento pela irregularidade das contas. Acórdãos: https://contas.tcu.gov.br/pesquisaJurisprudencia/#/resultado/acordao-completo/02003320214.PROC,FNT-000309
FAS-007777,PRC-010718,2025-07-23,transito_em_julgado,INS-001544,Trânsito em julgado do julgamento pela irregularidade das contas. Acórdãos: https://contas.tcu.gov.br/pesquisaJurisprudencia/#/resultado/acordao-completo/00232420202.PROC,FNT-000309
FAS-007778,PRC-010719,2023-08-29,transito_em_julgado,INS-001544,Trânsito em julgado do julgamento pela irregularidade das contas. Acórdãos: https://contas.tcu.gov.br/pesquisaJurisprudencia/#/resultado/acordao-completo/03338420193.PROC,FNT-000309
FAS-007779,PRC-010720,2018-03-09,transito_em_julgado,INS-001544,Trânsito em julgado do julgamento pela irregularidade das contas. Acórdãos: https://contas.tcu.gov.br/pesquisaJurisprudencia/#/resultado/acordao-completo/02545320130.PROC,FNT-000309
FAS-007780,PRC-010721,2018-01-02,transito_em_julgado,INS-001544,Trânsito em julgado do julgamento pela irregularidade das contas. Acórdãos: https://contas.tcu.gov.br/pesquisaJurisprudencia/#/resultado/acordao-completo/03243720137.PROC,FNT-000309
FAS-007781,PRC-010722,2017-12-27,transito_em_julgado,INS-001544,Trânsito em julgado do julgamento pela irregularidade das contas. Acórdãos: https://contas.tcu.gov.br/pesquisaJurisprudencia/#/resultado/acordao-completo/02663120130.PROC,FNT-000309
FAS-007782,PRC-010723,2017-10-28,transito_em_julgado,INS-001544,Trânsito em julgado do julgamento pela irregularidade das contas. Acórdãos: https://contas.tcu.gov.br/pesquisaJurisprudencia/#/resultado/acordao-completo/03104920133.PROC,FNT-000309
FAS-007783,PRC-010724,2017-10-25,transito_em_julgado,INS-001544,Trânsito em julgado do julgamento pela irregularidade das contas. Acórdãos: https://contas.tcu.gov.br/pesquisaJurisprudencia/#/resultado/acordao-completo/03087620133.PROC,FNT-000309
FAS-007784,PRC-010725,2017-09-09,transito_em_julgado,INS-001544,Trânsito em julgado do julgamento pela irregularidade das contas. Acórdãos: https://contas.tcu.gov.br/pesquisaJurisprudencia/#/resultado/acordao-completo/02610720139.PROC,FNT-000309
FAS-007785,PRC-010726,2017-03-10,transito_em_julgado,INS-001544,Trânsito em julgado do julgamento pela irregularidade das contas. Acórdãos: https://contas.tcu.gov.br/pesquisaJurisprudencia/#/resultado/acordao-completo/02645920132.PROC,FNT-000309
FAS-007786,PRC-010727,2016-11-11,transito_em_julgado,INS-001544,Trânsito em julgado do julgamento pela irregularidade das contas. Acórdãos: https://contas.tcu.gov.br/pesquisaJurisprudencia/#/resultado/acordao-completo/02557520139.PROC,FNT-000309
FAS-007787,PRC-010728,2016-10-22,transito_em_julgado,INS-001544,Trânsito em julgado do julgamento pela irregularidade das contas. Acórdãos: https://contas.tcu.gov.br/pesquisaJurisprudencia/#/resultado/acordao-completo/03256020133.PROC,FNT-000309
FAS-007788,PRC-010729,2016-10-12,transito_em_julgado,INS-001544,Trânsito em julgado do julgamento pela irregularidade das contas. Acórdãos: https://contas.tcu.gov.br/pesquisaJurisprudencia/#/resultado/acordao-completo/03234120130.PROC,FNT-000309
FAS-007789,PRC-010730,2016-09-27,transito_em_julgado,INS-001544,Trânsito em julgado do julgamento pela irregularidade das contas. Acórdãos: https://contas.tcu.gov.br/pesquisaJurisprudencia/#/resultado/acordao-completo/02618120134.PROC,FNT-000309
FAS-007790,PRC-010731,2016-09-27,transito_em_julgado,INS-001544,Trânsito em julgado do julgamento pela irregularidade das contas. Acórdãos: https://contas.tcu.gov.br/pesquisaJurisprudencia/#/resultado/acordao-completo/03234420139.PROC,FNT-000309
FAS-007791,PRC-010732,2016-09-15,transito_em_julgado,INS-001544,Trânsito em julgado do julgamento pela irregularidade das contas. Acórdãos: https://contas.tcu.gov.br/pesquisaJurisprudencia/#/resultado/acordao-completo/01611920092.PROC,FNT-000309
FAS-007792,PRC-010733,2016-07-13,transito_em_julgado,INS-001544,Trânsito em julgado do julgamento pela irregularidade das contas. Acórdãos: https://contas.tcu.gov.br/pesquisaJurisprudencia/#/resultado/acordao-completo/02628720137.PROC,FNT-000309
FAS-007793,PRC-010734,2016-07-13,transito_em_julgado,INS-001544,Trânsito em julgado do julgamento pela irregularidade das contas. Acórdãos: https://contas.tcu.gov.br/pesquisaJurisprudencia/#/resultado/acordao-completo/02605820138.PROC,FNT-000309
FAS-007794,PRC-010735,2016-07-08,transito_em_julgado,INS-001544,Trânsito em julgado do julgamento pela irregularidade das contas. Acórdãos: https://contas.tcu.gov.br/pesquisaJurisprudencia/#/resultado/acordao-completo/02617120139.PROC,FNT-000309
FAS-007795,PRC-010736,2016-07-01,transito_em_julgado,INS-001544,Trânsito em julgado do julgamento pela irregularidade das contas. Acórdãos: https://contas.tcu.gov.br/pesquisaJurisprudencia/#/resultado/acordao-completo/03363120131.PROC,FNT-000309
FAS-007796,PRC-010737,2016-06-22,transito_em_julgado,INS-001544,Trânsito em julgado do julgamento pela irregularidade das contas. Acórdãos: https://contas.tcu.gov.br/pesquisaJurisprudencia/#/resultado/acordao-completo/02610820135.PROC,FNT-000309
FAS-007797,PRC-010738,2015-07-11,transito_em_julgado,INS-001544,Trânsito em julgado do julgamento pela irregularidade das contas. Acórdãos: https://contas.tcu.gov.br/pesquisaJurisprudencia/#/resultado/acordao-completo/00318720044.PROC,FNT-000309
FAS-007798,PRC-010739,2024-09-06,transito_em_julgado,INS-001544,Trânsito em julgado do julgamento pela irregularidade das contas. Acórdãos: https://contas.tcu.gov.br/pesquisaJurisprudencia/#/resultado/acordao-completo/02128720201.PROC,FNT-000309
FAS-007799,PRC-010740,2024-05-21,transito_em_julgado,INS-001544,Trânsito em julgado do julgamento pela irregularidade das contas. Acórdãos: https://contas.tcu.gov.br/pesquisaJurisprudencia/#/resultado/acordao-completo/03926120204.PROC,FNT-000309
FAS-007800,PRC-010741,2023-12-14,transito_em_julgado,INS-001544,Trânsito em julgado do julgamento pela irregularidade das contas. Acórdãos: https://contas.tcu.gov.br/pesquisaJurisprudencia/#/resultado/acordao-completo/01703720204.PROC,FNT-000309
FAS-007801,PRC-010742,2023-05-04,transito_em_julgado,INS-001544,Trânsito em julgado do julgamento pela irregularidade das contas. Acórdãos: https://contas.tcu.gov.br/pesquisaJurisprudencia/#/resultado/acordao-completo/02831820196.PROC,FNT-000309
FAS-007802,PRC-010743,2022-03-11,transito_em_julgado,INS-001544,Trânsito em julgado do julgamento pela irregularidade das contas. Acórdãos: https://contas.tcu.gov.br/pesquisaJurisprudencia/#/resultado/acordao-completo/03923520190.PROC,FNT-000309
FAS-007803,PRC-010744,2022-02-15,transito_em_julgado,INS-001544,Trânsito em julgado do julgamento pela irregularidade das contas. Acórdãos: https://contas.tcu.gov.br/pesquisaJurisprudencia/#/resultado/acordao-completo/03396220197.PROC,FNT-000309
FAS-007804,PRC-010745,2020-12-18,transito_em_julgado,INS-001544,Trânsito em julgado do julgamento pela irregularidade das contas. Acórdãos: https://contas.tcu.gov.br/pesquisaJurisprudencia/#/resultado/acordao-completo/03653820191.PROC,FNT-000309
FAS-007805,PRC-010746,2020-12-08,transito_em_julgado,INS-001544,Trânsito em julgado do julgamento pela irregularidade das contas. Acórdãos: https://contas.tcu.gov.br/pesquisaJurisprudencia/#/resultado/acordao-completo/02556220185.PROC,FNT-000309
FAS-007806,PRC-010747,2019-11-13,transito_em_julgado,INS-001544,Trânsito em julgado do julgamento pela irregularidade das contas. Acórdãos: https://contas.tcu.gov.br/pesquisaJurisprudencia/#/resultado/acordao-completo/00253020163.PROC,FNT-000309
FAS-007807,PRC-010748,2018-04-03,transito_em_julgado,INS-001544,Trânsito em julgado do julgamento pela irregularidade das contas. Acórdãos: https://contas.tcu.gov.br/pesquisaJurisprudencia/#/resultado/acordao-completo/01093120034.PROC,FNT-000309
FAS-007808,PRC-010749,2017-12-19,transito_em_julgado,INS-001544,Trânsito em julgado do julgamento pela irregularidade das contas. Acórdãos: https://contas.tcu.gov.br/pesquisaJurisprudencia/#/resultado/acordao-completo/00510520021.PROC,FNT-000309
FAS-007809,PRC-010750,2016-06-22,transito_em_julgado,INS-001544,Trânsito em julgado do julgamento pela irregularidade das contas. Acórdãos: https://contas.tcu.gov.br/pesquisaJurisprudencia/#/resultado/acordao-completo/01706120052.PROC,FNT-000309
FAS-007810,PRC-010751,2014-10-25,transito_em_julgado,INS-001544,Trânsito em julgado do julgamento pela irregularidade das contas. Acórdãos: https://contas.tcu.gov.br/pesquisaJurisprudencia/#/resultado/acordao-completo/01712320100.PROC,FNT-000309
FAS-007811,PRC-010752,2013-09-17,transito_em_julgado,INS-001544,Trânsito em julgado do julgamento pela irregularidade das contas. Acórdãos: https://contas.tcu.gov.br/pesquisaJurisprudencia/#/resultado/acordao-completo/02550320077.PROC,FNT-000309
FAS-007812,PRC-010753,2005-08-17,transito_em_julgado,INS-001544,Trânsito em julgado do julgamento pela irregularidade das contas. Acórdãos: https://contas.tcu.gov.br/pesquisaJurisprudencia/#/resultado/acordao-completo/70009019967.PROC,FNT-000309
FAS-007813,PRC-010754,2018-12-04,transito_em_julgado,INS-001544,Trânsito em julgado do julgamento pela irregularidade das contas. Acórdãos: https://contas.tcu.gov.br/pesquisaJurisprudencia/#/resultado/acordao-completo/01122219999.PROC,FNT-000309
FAS-007814,PRC-010755,2018-05-05,transito_em_julgado,INS-001544,Trânsito em julgado do julgamento pela irregularidade das contas. Acórdãos: https://contas.tcu.gov.br/pesquisaJurisprudencia/#/resultado/acordao-completo/01444220020.PROC,FNT-000309
FAS-007815,PRC-010756,2015-12-29,transito_em_julgado,INS-001544,Trânsito em julgado do julgamento pela irregularidade das contas. Acórdãos: https://contas.tcu.gov.br/pesquisaJurisprudencia/#/resultado/acordao-completo/03136820107.PROC,FNT-000309
FAS-007816,PRC-010757,2005-10-01,transito_em_julgado,INS-001544,Trânsito em julgado do julgamento pela irregularidade das contas. Acórdãos: https://contas.tcu.gov.br/pesquisaJurisprudencia/#/resultado/acordao-completo/35046019957.PROC,FNT-000309
FAS-007817,PRC-010758,2005-06-04,transito_em_julgado,INS-001544,Trânsito em julgado do julgamento pela irregularidade das contas. Acórdãos: https://contas.tcu.gov.br/pesquisaJurisprudencia/#/resultado/acordao-completo/00630419990.PROC,FNT-000309
FAS-007818,PRC-010759,2018-07-25,transito_em_julgado,INS-001544,Trânsito em julgado do julgamento pela irregularidade das contas. Acórdãos: https://contas.tcu.gov.br/pesquisaJurisprudencia/#/resultado/acordao-completo/01296820050.PROC,FNT-000309
FAS-007819,PRC-010760,2025-04-15,transito_em_julgado,INS-001544,Trânsito em julgado do julgamento pela irregularidade das contas. Acórdãos: https://contas.tcu.gov.br/pesquisaJurisprudencia/#/resultado/acordao-completo/00592420227.PROC,FNT-000309
FAS-007820,PRC-010761,2023-09-14,transito_em_julgado,INS-001544,Trânsito em julgado do julgamento pela irregularidade das contas. Acórdãos: https://contas.tcu.gov.br/pesquisaJurisprudencia/#/resultado/acordao-completo/02834520177.PROC,FNT-000309
FAS-007821,PRC-010762,2018-06-20,transito_em_julgado,INS-001544,Trânsito em julgado do julgamento pela irregularidade das contas. Acórdãos: https://contas.tcu.gov.br/pesquisaJurisprudencia/#/resultado/acordao-completo/00584620145.PROC,FNT-000309
FAS-007822,PRC-010763,2008-08-02,transito_em_julgado,INS-001544,Trânsito em julgado do julgamento pela irregularidade das contas. Acórdãos: https://contas.tcu.gov.br/pesquisaJurisprudencia/#/resultado/acordao-completo/02089520064.PROC,FNT-000309
FAS-007823,PRC-010764,2012-12-15,transito_em_julgado,INS-001544,Trânsito em julgado do julgamento pela irregularidade das contas. Acórdãos: https://contas.tcu.gov.br/pesquisaJurisprudencia/#/resultado/acordao-completo/00813320097.PROC,FNT-000309
FAS-007824,PRC-010765,2015-11-19,transito_em_julgado,INS-001544,Trânsito em julgado do julgamento pela irregularidade das contas. Acórdãos: https://contas.tcu.gov.br/pesquisaJurisprudencia/#/resultado/acordao-completo/02489520130.PROC,FNT-000309
FAS-007825,PRC-010766,2025-06-14,transito_em_julgado,INS-001544,Trânsito em julgado do julgamento pela irregularidade das contas. Acórdãos: https://contas.tcu.gov.br/pesquisaJurisprudencia/#/resultado/acordao-completo/03985720239.PROC,FNT-000309
FAS-007826,PRC-010767,2025-05-23,transito_em_julgado,INS-001544,Trânsito em julgado do julgamento pela irregularidade das contas. Acórdãos: https://contas.tcu.gov.br/pesquisaJurisprudencia/#/resultado/acordao-completo/01647120210.PROC,FNT-000309
FAS-007827,PRC-010768,2024-05-01,transito_em_julgado,INS-001544,Trânsito em julgado do julgamento pela irregularidade das contas. Acórdãos: https://contas.tcu.gov.br/pesquisaJurisprudencia/#/resultado/acordao-completo/02834020191.PROC,FNT-000309
FAS-007828,PRC-010769,2022-06-25,transito_em_julgado,INS-001544,Trânsito em julgado do julgamento pela irregularidade das contas. Acórdãos: https://contas.tcu.gov.br/pesquisaJurisprudencia/#/resultado/acordao-completo/01870020195.PROC,FNT-000309
FAS-007829,PRC-010770,2021-11-24,transito_em_julgado,INS-001544,Trânsito em julgado do julgamento pela irregularidade das contas. Acórdãos: https://contas.tcu.gov.br/pesquisaJurisprudencia/#/resultado/acordao-completo/02913320190.PROC,FNT-000309
FAS-007830,PRC-010771,2020-12-29,transito_em_julgado,INS-001544,Trânsito em julgado do julgamento pela irregularidade das contas. Acórdãos: https://contas.tcu.gov.br/pesquisaJurisprudencia/#/resultado/acordao-completo/03180620180.PROC,FNT-000309
FAS-007831,PRC-010772,2022-05-25,transito_em_julgado,INS-001544,Trânsito em julgado do julgamento pela irregularidade das contas. Acórdãos: https://contas.tcu.gov.br/pesquisaJurisprudencia/#/resultado/acordao-completo/02754320188.PROC,FNT-000309
FAS-007832,PRC-010773,2013-08-03,transito_em_julgado,INS-001544,Trânsito em julgado do julgamento pela irregularidade das contas. Acórdãos: https://contas.tcu.gov.br/pesquisaJurisprudencia/#/resultado/acordao-completo/00666320027.PROC,FNT-000309
FAS-007833,PRC-010774,2009-08-05,transito_em_julgado,INS-001544,Trânsito em julgado do julgamento pela irregularidade das contas. Acórdãos: https://contas.tcu.gov.br/pesquisaJurisprudencia/#/resultado/acordao-completo/01917020064.PROC,FNT-000309
FAS-007834,PRC-010775,2021-10-01,transito_em_julgado,INS-001544,Trânsito em julgado do julgamento pela irregularidade das contas. Acórdãos: https://contas.tcu.gov.br/pesquisaJurisprudencia/#/resultado/acordao-completo/00202820158.PROC,FNT-000309
FAS-007835,PRC-010776,2021-08-18,transito_em_julgado,INS-001544,Trânsito em julgado do julgamento pela irregularidade das contas. Acórdãos: https://contas.tcu.gov.br/pesquisaJurisprudencia/#/resultado/acordao-completo/00905720170.PROC,FNT-000309
FAS-007836,PRC-010777,2020-06-05,transito_em_julgado,INS-001544,Trânsito em julgado do julgamento pela irregularidade das contas. Acórdãos: https://contas.tcu.gov.br/pesquisaJurisprudencia/#/resultado/acordao-completo/01354120145.PROC,FNT-000309
FAS-007837,PRC-010778,2014-12-11,transito_em_julgado,INS-001544,Trânsito em julgado do julgamento pela irregularidade das contas. Acórdãos: https://contas.tcu.gov.br/pesquisaJurisprudencia/#/resultado/acordao-completo/03276620086.PROC,FNT-000309
