id_operacao,numero_operacao,linha_de_apoio,data_contratacao,pais_destino_fonte,pais_iso3,id_exportadora,tipo_mutuario,descricao_projeto,modalidade,valor,valor_desembolsado,moeda,tipo_garantia,situacao,id_fonte
BND-000001,551515,"Pós-embarque, serviços de engenharia",1998-07-24,EQUADOR,ECU,INS-000106,Ente público,Exportação de bens e serviços para construção da Rodovia Inter-oceânica,Supplier,5230058.91,5230058.91,USD,CCR/ ALADI,LIQUIDADA,FNT-000011
BND-000002,551515,"Pós-embarque, serviços de engenharia",1998-07-24,EQUADOR,ECU,INS-000106,Ente público,Exportação de bens e serviços para construção da Rodovia Inter-oceânica,Supplier,8092188.49,8092188.49,USD,CCR/ ALADI,LIQUIDADA,FNT-000011
BND-000003,572701,"Pós-embarque, serviços de engenharia",1998-08-07,EQUADOR,ECU,INS-000107,Ente público,"EXPORTACAO DE BENS E SERVICOS PARA IRRIGACAO TABACUNDO NA PROVINCIA DE PICHINCHA, EQUADOR.",Buyer,64400000.0,63847527.21999999,USD,CCR/ ALADI,LIQUIDADA,FNT-000011
BND-000004,551515,"Pós-embarque, serviços de engenharia",1998-08-07,EQUADOR,ECU,INS-000106,Ente público,Exportação de bens e serviços para construção da Rodovia Inter-oceânica,Supplier,1445847.08,1445847.08,USD,CCR/ ALADI,LIQUIDADA,FNT-000011
BND-000005,551515,"Pós-embarque, serviços de engenharia",1998-09-17,EQUADOR,ECU,INS-000106,Ente público,Exportação de bens e serviços para construção da Rodovia Inter-oceânica,Supplier,3065500.05,3065500.05,USD,CCR/ ALADI,LIQUIDADA,FNT-000011
BND-000006,551515,"Pós-embarque, serviços de engenharia",1998-11-17,EQUADOR,ECU,INS-000106,Ente público,Exportação de bens e serviços para construção da Rodovia Inter-oceânica,Supplier,1309751.3,1309751.3,USD,CCR/ ALADI,LIQUIDADA,FNT-000011
BND-000007,551515,"Pós-embarque, serviços de engenharia",1998-11-20,EQUADOR,ECU,INS-000106,Ente público,Exportação de bens e serviços para construção da Rodovia Inter-oceânica,Supplier,2932634.55,2932634.55,USD,CCR/ ALADI,LIQUIDADA,FNT-000011
BND-000008,551515,"Pós-embarque, serviços de engenharia",1998-11-26,EQUADOR,ECU,INS-000106,Ente público,Exportação de bens e serviços para construção da Rodovia Inter-oceânica,Supplier,4537861.72,4537861.72,USD,CCR/ ALADI,LIQUIDADA,FNT-000011
BND-000009,551515,"Pós-embarque, serviços de engenharia",1998-12-16,EQUADOR,ECU,INS-000106,Ente público,Exportação de bens e serviços para construção da Rodovia Inter-oceânica,Supplier,3281976.54,3281976.54,USD,CCR/ ALADI,LIQUIDADA,FNT-000011
BND-000010,565900,"Pós-embarque, serviços de engenharia",1999-02-10,EQUADOR,ECU,INS-000108,Ente público,Exportação de bens e serviços para o Projeto de Manabi - Transposição Rios Chone e Portoviejo,Buyer,110747921.04,110747921.04,USD,CCR/ ALADI,LIQUIDADA,FNT-000011
BND-000011,565900,"Pós-embarque, serviços de engenharia",1999-02-10,EQUADOR,ECU,INS-000109,Ente público,Exportação de bens e serviços para o Projeto de Manabi - Transposição Rios Chone e Portoviejo,Buyer,3000000.0,2999999.9899999998,USD,CCR/ ALADI,LIQUIDADA,FNT-000011
BND-000012,551515,"Pós-embarque, serviços de engenharia",1999-02-22,EQUADOR,ECU,INS-000106,Ente público,Exportação de bens e serviços para construção da Rodovia Inter-oceânica,Supplier,2800033.71,2800033.71,USD,CCR/ ALADI,LIQUIDADA,FNT-000011
BND-000013,551515,"Pós-embarque, serviços de engenharia",1999-03-12,EQUADOR,ECU,INS-000106,Ente público,Exportação de bens e serviços para construção da Rodovia Inter-oceânica,Supplier,1551308.72,1551308.72,USD,CCR/ ALADI,LIQUIDADA,FNT-000011
BND-000014,575297,"Pós-embarque, serviços de engenharia",1999-03-22,URUGUAI,URY,INS-000108,Ente público,EXPORTACAO DE BENS E SERVICOS PARA O PROJETO ÁGUAS DE MALDONADO,Supplier,316368.0,316368.0,USD,CCR/ ALADI,LIQUIDADA,FNT-000011
BND-000015,575297,"Pós-embarque, serviços de engenharia",1999-03-22,URUGUAI,URY,INS-000108,Ente público,EXPORTACAO DE BENS E SERVICOS PARA O PROJETO ÁGUAS DE MALDONADO,Supplier,345855.37,345855.37,USD,CCR/ ALADI,LIQUIDADA,FNT-000011
BND-000016,551515,"Pós-embarque, serviços de engenharia",1999-03-29,EQUADOR,ECU,INS-000106,Ente público,Exportação de bens e serviços para construção da Rodovia Inter-oceânica,Supplier,375838.93,375838.93,USD,CCR/ ALADI,LIQUIDADA,FNT-000011
BND-000017,575297,"Pós-embarque, serviços de engenharia",1999-05-05,URUGUAI,URY,INS-000108,Ente público,EXPORTACAO DE BENS E SERVICOS PARA O PROJETO ÁGUAS DE MALDONADO,Supplier,154094.57,154094.57,USD,CCR/ ALADI,LIQUIDADA,FNT-000011
BND-000018,575297,"Pós-embarque, serviços de engenharia",1999-06-07,URUGUAI,URY,INS-000108,Ente público,EXPORTACAO DE BENS E SERVICOS PARA O PROJETO ÁGUAS DE MALDONADO,Supplier,476403.97,476403.97,USD,CCR/ ALADI,LIQUIDADA,FNT-000011
BND-000019,608605,"Pós-embarque, serviços de engenharia",1999-08-12,EQUADOR,ECU,INS-000108,Ente público,EXPORTAÇÕES DE BENS E SERVIÇOS DESTINADOS À CONSTRUCAO E MELHORAMENTO E PAVIMENTACAO ASFALTICA DE RODOVIA,Supplier,1562716.44,1562716.44,USD,CCR/ ALADI,LIQUIDADA,FNT-000011
BND-000020,608605,"Pós-embarque, serviços de engenharia",1999-09-08,EQUADOR,ECU,INS-000108,Ente público,EXPORTAÇÕES DE BENS E SERVIÇOS DESTINADOS À CONSTRUCAO E MELHORAMENTO E PAVIMENTACAO ASFALTICA DE RODOVIA,Supplier,1712315.57,1712315.57,USD,CCR/ ALADI,LIQUIDADA,FNT-000011
BND-000021,608605,"Pós-embarque, serviços de engenharia",1999-09-21,EQUADOR,ECU,INS-000108,Ente público,EXPORTAÇÕES DE BENS E SERVIÇOS DESTINADOS À CONSTRUCAO E MELHORAMENTO E PAVIMENTACAO ASFALTICA DE RODOVIA,Supplier,837474.5,837474.5,USD,CCR/ ALADI,LIQUIDADA,FNT-000011
BND-000022,608605,"Pós-embarque, serviços de engenharia",1999-10-27,EQUADOR,ECU,INS-000108,Ente público,EXPORTAÇÕES DE BENS E SERVIÇOS DESTINADOS À CONSTRUCAO E MELHORAMENTO E PAVIMENTACAO ASFALTICA DE RODOVIA,Supplier,1971182.35,1971182.35,USD,CCR/ ALADI,LIQUIDADA,FNT-000011
BND-000023,608605,"Pós-embarque, serviços de engenharia",1999-11-26,EQUADOR,ECU,INS-000108,Ente público,EXPORTAÇÕES DE BENS E SERVIÇOS DESTINADOS À CONSTRUCAO E MELHORAMENTO E PAVIMENTACAO ASFALTICA DE RODOVIA,Supplier,2167322.04,2167322.04,USD,CCR/ ALADI,LIQUIDADA,FNT-000011
BND-000024,608605,"Pós-embarque, serviços de engenharia",1999-12-15,EQUADOR,ECU,INS-000108,Ente público,EXPORTAÇÕES DE BENS E SERVIÇOS DESTINADOS À CONSTRUCAO E MELHORAMENTO E PAVIMENTACAO ASFALTICA DE RODOVIA,Supplier,3849948.78,3849948.78,USD,CCR/ ALADI,LIQUIDADA,FNT-000011
BND-000025,608605,"Pós-embarque, serviços de engenharia",1999-12-27,EQUADOR,ECU,INS-000108,Ente público,EXPORTAÇÕES DE BENS E SERVIÇOS DESTINADOS À CONSTRUCAO E MELHORAMENTO E PAVIMENTACAO ASFALTICA DE RODOVIA,Supplier,2644997.66,2644997.66,USD,CCR/ ALADI,LIQUIDADA,FNT-000011
BND-000026,608605,"Pós-embarque, serviços de engenharia",2000-02-23,EQUADOR,ECU,INS-000108,Ente público,EXPORTAÇÕES DE BENS E SERVIÇOS DESTINADOS À CONSTRUCAO E MELHORAMENTO E PAVIMENTACAO ASFALTICA DE RODOVIA,Supplier,1881580.67,1881580.67,USD,CCR/ ALADI,LIQUIDADA,FNT-000011
BND-000027,608605,"Pós-embarque, serviços de engenharia",2000-03-23,EQUADOR,ECU,INS-000108,Ente público,EXPORTAÇÕES DE BENS E SERVIÇOS DESTINADOS À CONSTRUCAO E MELHORAMENTO E PAVIMENTACAO ASFALTICA DE RODOVIA,Supplier,2620261.04,2620261.04,USD,CCR/ ALADI,LIQUIDADA,FNT-000011
BND-000028,608605,"Pós-embarque, serviços de engenharia",2000-05-09,EQUADOR,ECU,INS-000108,Ente público,EXPORTAÇÕES DE BENS E SERVIÇOS DESTINADOS À CONSTRUCAO E MELHORAMENTO E PAVIMENTACAO ASFALTICA DE RODOVIA,Supplier,1381635.82,1381635.82,USD,CCR/ ALADI,LIQUIDADA,FNT-000011
BND-000029,608605,"Pós-embarque, serviços de engenharia",2000-05-30,EQUADOR,ECU,INS-000108,Ente público,EXPORTAÇÕES DE BENS E SERVIÇOS DESTINADOS À CONSTRUCAO E MELHORAMENTO E PAVIMENTACAO ASFALTICA DE RODOVIA,Supplier,1285777.28,1285777.28,USD,CCR/ ALADI,LIQUIDADA,FNT-000011
BND-000030,608605,"Pós-embarque, serviços de engenharia",2000-11-10,EQUADOR,ECU,INS-000108,Ente público,EXPORTAÇÕES DE BENS E SERVIÇOS DESTINADOS À CONSTRUCAO E MELHORAMENTO E PAVIMENTACAO ASFALTICA DE RODOVIA,Supplier,1559332.06,1559332.06,USD,CCR/ ALADI,LIQUIDADA,FNT-000011
BND-000031,608605,"Pós-embarque, serviços de engenharia",2000-11-10,EQUADOR,ECU,INS-000108,Ente público,EXPORTAÇÕES DE BENS E SERVIÇOS DESTINADOS À CONSTRUCAO E MELHORAMENTO E PAVIMENTACAO ASFALTICA DE RODOVIA,Supplier,1014632.79,1014632.79,USD,CCR/ ALADI,LIQUIDADA,FNT-000011
BND-000032,608605,"Pós-embarque, serviços de engenharia",2000-11-10,EQUADOR,ECU,INS-000108,Ente público,EXPORTAÇÕES DE BENS E SERVIÇOS DESTINADOS À CONSTRUCAO E MELHORAMENTO E PAVIMENTACAO ASFALTICA DE RODOVIA,Supplier,845698.66,845698.66,USD,CCR/ ALADI,LIQUIDADA,FNT-000011
BND-000033,608605,"Pós-embarque, serviços de engenharia",2000-11-10,EQUADOR,ECU,INS-000108,Ente público,EXPORTAÇÕES DE BENS E SERVIÇOS DESTINADOS À CONSTRUCAO E MELHORAMENTO E PAVIMENTACAO ASFALTICA DE RODOVIA,Supplier,490004.98,490004.98,USD,CCR/ ALADI,LIQUIDADA,FNT-000011
BND-000034,608605,"Pós-embarque, serviços de engenharia",2000-11-29,EQUADOR,ECU,INS-000108,Ente público,EXPORTAÇÕES DE BENS E SERVIÇOS DESTINADOS À CONSTRUCAO E MELHORAMENTO E PAVIMENTACAO ASFALTICA DE RODOVIA,Supplier,519287.2,519287.2,USD,CCR/ ALADI,LIQUIDADA,FNT-000011
BND-000035,608605,"Pós-embarque, serviços de engenharia",2001-01-05,EQUADOR,ECU,INS-000108,Ente público,EXPORTAÇÕES DE BENS E SERVIÇOS DESTINADOS À CONSTRUCAO E MELHORAMENTO E PAVIMENTACAO ASFALTICA DE RODOVIA,Supplier,599910.87,599910.87,USD,CCR/ ALADI,LIQUIDADA,FNT-000011
BND-000036,608605,"Pós-embarque, serviços de engenharia",2001-01-05,EQUADOR,ECU,INS-000108,Ente público,EXPORTAÇÕES DE BENS E SERVIÇOS DESTINADOS À CONSTRUCAO E MELHORAMENTO E PAVIMENTACAO ASFALTICA DE RODOVIA,Supplier,113417.34,113417.34,USD,CCR/ ALADI,LIQUIDADA,FNT-000011
BND-000037,608605,"Pós-embarque, serviços de engenharia",2001-03-01,EQUADOR,ECU,INS-000108,Ente público,EXPORTAÇÕES DE BENS E SERVIÇOS DESTINADOS À CONSTRUCAO E MELHORAMENTO E PAVIMENTACAO ASFALTICA DE RODOVIA,Supplier,290504.41,290504.41,USD,CCR/ ALADI,LIQUIDADA,FNT-000011
BND-000038,608605,"Pós-embarque, serviços de engenharia",2001-04-10,EQUADOR,ECU,INS-000108,Ente público,EXPORTAÇÕES DE BENS E SERVIÇOS DESTINADOS À CONSTRUCAO E MELHORAMENTO E PAVIMENTACAO ASFALTICA DE RODOVIA,Supplier,214420.22,214420.22,USD,CCR/ ALADI,LIQUIDADA,FNT-000011
BND-000039,608605,"Pós-embarque, serviços de engenharia",2001-05-10,EQUADOR,ECU,INS-000108,Ente público,EXPORTAÇÕES DE BENS E SERVIÇOS DESTINADOS À CONSTRUCAO E MELHORAMENTO E PAVIMENTACAO ASFALTICA DE RODOVIA,Supplier,358379.2,358379.2,USD,CCR/ ALADI,LIQUIDADA,FNT-000011
BND-000040,608605,"Pós-embarque, serviços de engenharia",2001-06-19,EQUADOR,ECU,INS-000108,Ente público,EXPORTAÇÕES DE BENS E SERVIÇOS DESTINADOS À CONSTRUCAO E MELHORAMENTO E PAVIMENTACAO ASFALTICA DE RODOVIA,Supplier,159573.44,159573.44,USD,CCR/ ALADI,LIQUIDADA,FNT-000011
BND-000041,608605,"Pós-embarque, serviços de engenharia",2001-06-19,EQUADOR,ECU,INS-000108,Ente público,EXPORTAÇÕES DE BENS E SERVIÇOS DESTINADOS À CONSTRUCAO E MELHORAMENTO E PAVIMENTACAO ASFALTICA DE RODOVIA,Supplier,920562.72,920562.72,USD,CCR/ ALADI,LIQUIDADA,FNT-000011
BND-000042,608605,"Pós-embarque, serviços de engenharia",2001-07-10,EQUADOR,ECU,INS-000108,Ente público,EXPORTAÇÕES DE BENS E SERVIÇOS DESTINADOS À CONSTRUCAO E MELHORAMENTO E PAVIMENTACAO ASFALTICA DE RODOVIA,Supplier,737791.76,737791.76,USD,CCR/ ALADI,LIQUIDADA,FNT-000011
BND-000043,575297,"Pós-embarque, serviços de engenharia",1999-06-17,URUGUAI,URY,INS-000108,Ente público,EXPORTACAO DE BENS E SERVICOS PARA O PROJETO ÁGUAS DE MALDONADO,Supplier,495016.85,495016.85,USD,CCR/ ALADI,LIQUIDADA,FNT-000011
BND-000044,575297,"Pós-embarque, serviços de engenharia",1999-07-02,URUGUAI,URY,INS-000108,Ente público,EXPORTACAO DE BENS E SERVICOS PARA O PROJETO ÁGUAS DE MALDONADO,Supplier,654868.56,654868.56,USD,CCR/ ALADI,LIQUIDADA,FNT-000011
BND-000045,575297,"Pós-embarque, serviços de engenharia",1999-08-03,URUGUAI,URY,INS-000108,Ente público,EXPORTACAO DE BENS E SERVICOS PARA O PROJETO ÁGUAS DE MALDONADO,Supplier,255100.47,255100.47,USD,CCR/ ALADI,LIQUIDADA,FNT-000011
BND-000046,575297,"Pós-embarque, serviços de engenharia",1999-09-09,URUGUAI,URY,INS-000108,Ente público,EXPORTACAO DE BENS E SERVICOS PARA O PROJETO ÁGUAS DE MALDONADO,Supplier,390668.29,390668.29,USD,CCR/ ALADI,LIQUIDADA,FNT-000011
BND-000047,575297,"Pós-embarque, serviços de engenharia",1999-10-06,URUGUAI,URY,INS-000108,Ente público,EXPORTACAO DE BENS E SERVICOS PARA O PROJETO ÁGUAS DE MALDONADO,Supplier,364132.67,364132.67,USD,CCR/ ALADI,LIQUIDADA,FNT-000011
BND-000048,575297,"Pós-embarque, serviços de engenharia",1999-11-26,URUGUAI,URY,INS-000108,Ente público,EXPORTACAO DE BENS E SERVICOS PARA O PROJETO ÁGUAS DE MALDONADO,Supplier,810498.74,810498.74,USD,CCR/ ALADI,LIQUIDADA,FNT-000011
BND-000049,575297,"Pós-embarque, serviços de engenharia",1999-12-15,URUGUAI,URY,INS-000108,Ente público,EXPORTACAO DE BENS E SERVICOS PARA O PROJETO ÁGUAS DE MALDONADO,Supplier,463296.87,463296.87,USD,CCR/ ALADI,LIQUIDADA,FNT-000011
BND-000050,575297,"Pós-embarque, serviços de engenharia",2000-03-22,URUGUAI,URY,INS-000108,Ente público,EXPORTACAO DE BENS E SERVICOS PARA O PROJETO ÁGUAS DE MALDONADO,Supplier,328225.03,328225.03,USD,CCR/ ALADI,LIQUIDADA,FNT-000011
BND-000051,575297,"Pós-embarque, serviços de engenharia",2000-03-28,URUGUAI,URY,INS-000108,Ente público,EXPORTACAO DE BENS E SERVICOS PARA O PROJETO ÁGUAS DE MALDONADO,Supplier,102061.36,102061.36,USD,CCR/ ALADI,LIQUIDADA,FNT-000011
BND-000052,572702,"Pós-embarque, serviços de engenharia",2000-04-13,EQUADOR,ECU,INS-000108,Ente público,"FINANCIAMENTO A EXPORTAÇÃO DE BENS E SERVIÇOS DE ENGENHARIA DESTINADOS AO APROVEITAMENTO HIDROELETRICO SAN FRANCISCO, LOCALIZADO NAS MONTANHAS DOS ANDES CENTRAIS EQUATORIANOS, NA BACIA MEDIA DO RIO PASTAZA, NO EQUADOR.",Buyer,241465100.0,241465100.0,USD,SEGURO DE CRÉDITO / FGE,LIQUIDADA,FNT-000011
BND-000053,572702,"Pós-embarque, serviços de engenharia",2000-04-13,EQUADOR,ECU,INS-000110,Ente público,"FINANCIAMENTO A EXPORTAÇÃO DE BENS E SERVIÇOS DE ENGENHARIA DESTINADOS AO APROVEITAMENTO HIDROELETRICO SAN FRANCISCO, LOCALIZADO NAS MONTANHAS DOS ANDES CENTRAIS EQUATORIANOS, NA BACIA MEDIA DO RIO PASTAZA, NO EQUADOR.",Buyer,1500000.0,1500000.0,USD,SEGURO DE CRÉDITO / FGE,LIQUIDADA,FNT-000011
BND-000054,575297,"Pós-embarque, serviços de engenharia",2000-04-14,URUGUAI,URY,INS-000108,Ente público,EXPORTACAO DE BENS E SERVICOS PARA O PROJETO ÁGUAS DE MALDONADO,Supplier,471183.41,471183.41,USD,CCR/ ALADI,LIQUIDADA,FNT-000011
BND-000055,575297,"Pós-embarque, serviços de engenharia",2000-04-14,URUGUAI,URY,INS-000108,Ente público,EXPORTACAO DE BENS E SERVICOS PARA O PROJETO ÁGUAS DE MALDONADO,Supplier,174956.8,174956.8,USD,CCR/ ALADI,LIQUIDADA,FNT-000011
BND-000056,575297,"Pós-embarque, serviços de engenharia",2000-05-10,URUGUAI,URY,INS-000108,Ente público,EXPORTACAO DE BENS E SERVICOS PARA O PROJETO ÁGUAS DE MALDONADO,Supplier,2593201.59,2593201.59,USD,CCR/ ALADI,LIQUIDADA,FNT-000011
BND-000057,575297,"Pós-embarque, serviços de engenharia",2000-06-16,URUGUAI,URY,INS-000108,Ente público,EXPORTACAO DE BENS E SERVICOS PARA O PROJETO ÁGUAS DE MALDONADO,Supplier,1440697.58,1440697.58,USD,CCR/ ALADI,LIQUIDADA,FNT-000011
BND-000058,575297,"Pós-embarque, serviços de engenharia",2000-09-13,URUGUAI,URY,INS-000108,Ente público,EXPORTACAO DE BENS E SERVICOS PARA O PROJETO ÁGUAS DE MALDONADO,Supplier,946755.53,946755.53,USD,CCR/ ALADI,LIQUIDADA,FNT-000011
BND-000059,575297,"Pós-embarque, serviços de engenharia",2000-09-13,URUGUAI,URY,INS-000108,Ente público,EXPORTACAO DE BENS E SERVICOS PARA O PROJETO ÁGUAS DE MALDONADO,Supplier,137519.93,137519.93,USD,CCR/ ALADI,LIQUIDADA,FNT-000011
BND-000060,575297,"Pós-embarque, serviços de engenharia",2000-10-19,URUGUAI,URY,INS-000108,Ente público,EXPORTACAO DE BENS E SERVICOS PARA O PROJETO ÁGUAS DE MALDONADO,Supplier,651687.78,651687.78,USD,CCR/ ALADI,LIQUIDADA,FNT-000011
BND-000061,575297,"Pós-embarque, serviços de engenharia",2000-11-24,URUGUAI,URY,INS-000108,Ente público,EXPORTACAO DE BENS E SERVICOS PARA O PROJETO ÁGUAS DE MALDONADO,Supplier,408991.24,408991.24,USD,CCR/ ALADI,LIQUIDADA,FNT-000011
BND-000062,575297,"Pós-embarque, serviços de engenharia",2001-01-08,URUGUAI,URY,INS-000108,Ente público,EXPORTACAO DE BENS E SERVICOS PARA O PROJETO ÁGUAS DE MALDONADO,Supplier,721455.65,721455.65,USD,CCR/ ALADI,LIQUIDADA,FNT-000011
BND-000063,575297,"Pós-embarque, serviços de engenharia",2001-01-23,URUGUAI,URY,INS-000108,Ente público,EXPORTACAO DE BENS E SERVICOS PARA O PROJETO ÁGUAS DE MALDONADO,Supplier,393000.02,393000.02,USD,CCR/ ALADI,LIQUIDADA,FNT-000011
BND-000064,575297,"Pós-embarque, serviços de engenharia",2001-01-30,URUGUAI,URY,INS-000108,Ente público,EXPORTACAO DE BENS E SERVICOS PARA O PROJETO ÁGUAS DE MALDONADO,Supplier,2115962.29,2115962.29,USD,CCR/ ALADI,LIQUIDADA,FNT-000011
BND-000065,575297,"Pós-embarque, serviços de engenharia",2001-03-14,URUGUAI,URY,INS-000108,Ente público,EXPORTACAO DE BENS E SERVICOS PARA O PROJETO ÁGUAS DE MALDONADO,Supplier,411583.68,411583.68,USD,CCR/ ALADI,LIQUIDADA,FNT-000011
BND-000066,575297,"Pós-embarque, serviços de engenharia",2001-04-04,URUGUAI,URY,INS-000108,Ente público,EXPORTACAO DE BENS E SERVICOS PARA O PROJETO ÁGUAS DE MALDONADO,Supplier,469285.61,469285.61,USD,CCR/ ALADI,LIQUIDADA,FNT-000011
BND-000067,575297,"Pós-embarque, serviços de engenharia",2001-05-14,URUGUAI,URY,INS-000108,Ente público,EXPORTACAO DE BENS E SERVICOS PARA O PROJETO ÁGUAS DE MALDONADO,Supplier,501930.0,501930.0,USD,CCR/ ALADI,LIQUIDADA,FNT-000011
BND-000068,677623,"Pós-embarque, serviços de engenharia",2001-06-07,PARAGUAI,PRY,INS-000111,Ente público,EXPORTACAO DE BENS E SERVICOS PARA O PROJETO DE REABILITAÇÃO DA RODOVIA DENOMINADA RUTA 10,Buyer,57750000.0,57748794.84,USD,CCR/ ALADI,LIQUIDADA,FNT-000011
BND-000069,677623,"Pós-embarque, serviços de engenharia",2001-06-07,PARAGUAI,PRY,INS-000111,Ente público,EXPORTACAO DE BENS E SERVICOS PARA O PROJETO DE REABILITAÇÃO DA RODOVIA DENOMINADA RUTA 10,Buyer,19250000.0,19249598.07,USD,CCR/ ALADI,LIQUIDADA,FNT-000011
BND-000070,575297,"Pós-embarque, serviços de engenharia",2001-06-22,URUGUAI,URY,INS-000108,Ente público,EXPORTACAO DE BENS E SERVICOS PARA O PROJETO ÁGUAS DE MALDONADO,Supplier,697047.48,697047.48,USD,CCR/ ALADI,LIQUIDADA,FNT-000011
BND-000071,575297,"Pós-embarque, serviços de engenharia",2001-07-10,URUGUAI,URY,INS-000108,Ente público,EXPORTACAO DE BENS E SERVICOS PARA O PROJETO ÁGUAS DE MALDONADO,Supplier,490268.27,490268.27,USD,CCR/ ALADI,LIQUIDADA,FNT-000011
BND-000072,599149,"Pós-embarque, serviços de engenharia",2001-07-31,VENEZUELA,VEN,INS-000108,Ente público,EXPORTACAO DE BENS E SERVICOS PARA A C.A. METRO CARACAS.,Buyer,107499999.99,107499999.99000001,USD,SEGURO DE CRÉDITO/ FGE/ EXPORTADOR,LIQUIDADA,FNT-000011
BND-000073,575297,"Pós-embarque, serviços de engenharia",2001-09-20,URUGUAI,URY,INS-000108,Ente público,EXPORTACAO DE BENS E SERVICOS PARA O PROJETO ÁGUAS DE MALDONADO,Supplier,808770.03,808770.03,USD,CCR/ ALADI,LIQUIDADA,FNT-000011
BND-000074,575297,"Pós-embarque, serviços de engenharia",2001-10-03,URUGUAI,URY,INS-000108,Ente público,EXPORTACAO DE BENS E SERVICOS PARA O PROJETO ÁGUAS DE MALDONADO,Supplier,247046.9,247046.9,USD,CCR/ ALADI,LIQUIDADA,FNT-000011
BND-000075,575297,"Pós-embarque, serviços de engenharia",2001-10-09,URUGUAI,URY,INS-000108,Ente público,EXPORTACAO DE BENS E SERVICOS PARA O PROJETO ÁGUAS DE MALDONADO,Supplier,940325.81,940325.81,USD,CCR/ ALADI,LIQUIDADA,FNT-000011
BND-000076,575297,"Pós-embarque, serviços de engenharia",2001-11-28,URUGUAI,URY,INS-000108,Ente público,EXPORTACAO DE BENS E SERVICOS PARA O PROJETO ÁGUAS DE MALDONADO,Supplier,728623.05,728623.05,USD,CCR/ ALADI,LIQUIDADA,FNT-000011
BND-000077,575297,"Pós-embarque, serviços de engenharia",2001-12-11,URUGUAI,URY,INS-000108,Ente público,EXPORTACAO DE BENS E SERVICOS PARA O PROJETO ÁGUAS DE MALDONADO,Supplier,818919.65,818919.65,USD,CCR/ ALADI,LIQUIDADA,FNT-000011
BND-000078,631286,"Pós-embarque, serviços de engenharia",2002-12-18,REPUBLICA DOMINICANA,DOM,INS-000107,Ente público,EXPORTAÇÃO  DE BENS E SERVIÇOS PARA A CONSTRUÇÃO DO PROJETO AQUEDUTO NOROESTE FASE I,Buyer,129089385.0,129089287.46,USD,SEGURO DE CRÉDITO / FGE,LIQUIDADA,FNT-000011
BND-000079,1104729,"Pós-embarque, serviços de engenharia",2003-10-08,REPUBLICA DOMINICANA,DOM,INS-000112,Ente público,EXPORTAÇÃO DE BENS E SERVIÇOS PARA EXECUÇÃO DE SINALIZAÇÃO VERTICAL E HORIZONTAL  NAS PRINCIPAIS AVENIDAS DA CIDADE DE SANTO DOMINGO E EM ESTRADAS DA REPÚBLICA DOMINICANA.,Buyer,11613590.67,11486608.630000003,USD,SEGURO DE CRÉDITO / FGE,LIQUIDADA,FNT-000011
BND-000080,1130708,"Pós-embarque, serviços de engenharia",2003-12-22,REPUBLICA DOMINICANA,DOM,INS-000108,Ente público,"EXPORTAÇÃO DE BENS E SERVIÇOS DE ENGENHARIA, OBJETIVANDO DAR CONTINUIDADE A CONSTRUÇÃO DA CENTRAL HIDREL&#144;ETRICA DE PINALITO - FASE I",Buyer,101460800.0,101460800.0,USD,SEGURO DE CRÉDITO / FGE,LIQUIDADA,FNT-000011
BND-000081,1109805,"Pós-embarque, serviços de engenharia",2004-12-31,VENEZUELA,VEN,INS-000108,Ente público,"EXPORTAÇÃO DE BENS E SERVIÇOS PARA  A CONSTRUCAO DO TRECHO EL VALLE-LA RINCONADA, COM 6,2 KM DE EXTENSAO, 3 ESTAÇÕES E 1 INTERCÂMBIO INTERMODAL, INTEGRANTE DA LINHA 3 DO METRÔ DE CARACAS/VENEZUELA.",Buyer,78000000.0,77999999.99000002,USD,SEGURO DE CRÉDITO / FGE,LIQUIDADA,FNT-000011
BND-000082,1295723,"Pós-embarque, serviços de engenharia",2005-05-24,ARGENTINA,ARG,INS-000108,Ente público,EXPORTAÇÃO DE BENS E SERVIÇOS DE ENGENHARIA DESTINADOS A AMPLIAÇAO DA CAPACIDADE DE TRANSPORTE DO GASODUTO GENERAL SAN MARTIN.,Supplier,13896206.0,13896206.0,USD,SEGURO DE CRÉDITO / FGE,LIQUIDADA,FNT-000011
BND-000083,1295723,"Pós-embarque, serviços de engenharia",2005-06-06,ARGENTINA,ARG,INS-000108,Ente público,EXPORTAÇÃO DE BENS E SERVIÇOS DE ENGENHARIA DESTINADOS A AMPLIAÇAO DA CAPACIDADE DE TRANSPORTE DO GASODUTO GENERAL SAN MARTIN.,Supplier,2374826.0,2374826.0,USD,SEGURO DE CRÉDITO / FGE,LIQUIDADA,FNT-000011
BND-000084,1307510,"Pós-embarque, serviços de engenharia",2005-06-09,REPUBLICA DOMINICANA,DOM,INS-000107,Ente público,"EXPORTAÇÃO DE BENS E SERVIÇOS DE ENGENHARIA, DESTINADOSA AMPLIAÇÃO DO ESCOPO DO PROJETO AQUEDUTO NOROESTE - FASE II",Buyer,64925939.16,64925939.160000004,USD,SEGURO DE CRÉDITO / FGE,LIQUIDADA,FNT-000011
BND-000085,1295723,"Pós-embarque, serviços de engenharia",2005-06-15,ARGENTINA,ARG,INS-000113,Ente público,EXPORTAÇÃO DE BENS E SERVIÇOS DE ENGENHARIA DESTINADOS A AMPLIAÇAO DA CAPACIDADE DE TRANSPORTE DO GASODUTO GENERAL SAN MARTIN.,Supplier,10803402.77,10803402.77,USD,SEGURO DE CRÉDITO / FGE,LIQUIDADA,FNT-000011
BND-000086,1295723,"Pós-embarque, serviços de engenharia",2005-06-22,ARGENTINA,ARG,INS-000108,Ente público,EXPORTAÇÃO DE BENS E SERVIÇOS DE ENGENHARIA DESTINADOS A AMPLIAÇAO DA CAPACIDADE DE TRANSPORTE DO GASODUTO GENERAL SAN MARTIN.,Supplier,1212959.69,1212959.69,USD,SEGURO DE CRÉDITO / FGE,LIQUIDADA,FNT-000011
BND-000087,1295723,"Pós-embarque, serviços de engenharia",2005-06-22,ARGENTINA,ARG,INS-000108,Ente público,EXPORTAÇÃO DE BENS E SERVIÇOS DE ENGENHARIA DESTINADOS A AMPLIAÇAO DA CAPACIDADE DE TRANSPORTE DO GASODUTO GENERAL SAN MARTIN.,Supplier,4447307.38,4447307.38,USD,SEGURO DE CRÉDITO / FGE,LIQUIDADA,FNT-000011
BND-000088,1295723,"Pós-embarque, serviços de engenharia",2005-06-22,ARGENTINA,ARG,INS-000108,Ente público,EXPORTAÇÃO DE BENS E SERVIÇOS DE ENGENHARIA DESTINADOS A AMPLIAÇAO DA CAPACIDADE DE TRANSPORTE DO GASODUTO GENERAL SAN MARTIN.,Supplier,12196582.0,12196582.0,USD,SEGURO DE CRÉDITO / FGE,LIQUIDADA,FNT-000011
BND-000089,1295723,"Pós-embarque, serviços de engenharia",2005-06-27,ARGENTINA,ARG,INS-000113,Ente público,EXPORTAÇÃO DE BENS E SERVIÇOS DE ENGENHARIA DESTINADOS A AMPLIAÇAO DA CAPACIDADE DE TRANSPORTE DO GASODUTO GENERAL SAN MARTIN.,Supplier,4745771.7,4745771.7,USD,SEGURO DE CRÉDITO / FGE,LIQUIDADA,FNT-000011
BND-000090,1295723,"Pós-embarque, serviços de engenharia",2005-06-27,ARGENTINA,ARG,INS-000113,Ente público,EXPORTAÇÃO DE BENS E SERVIÇOS DE ENGENHARIA DESTINADOS A AMPLIAÇAO DA CAPACIDADE DE TRANSPORTE DO GASODUTO GENERAL SAN MARTIN.,Supplier,10042775.26,10042775.26,USD,SEGURO DE CRÉDITO / FGE,LIQUIDADA,FNT-000011
BND-000091,1295723,"Pós-embarque, serviços de engenharia",2005-07-07,ARGENTINA,ARG,INS-000108,Ente público,EXPORTAÇÃO DE BENS E SERVIÇOS DE ENGENHARIA DESTINADOS A AMPLIAÇAO DA CAPACIDADE DE TRANSPORTE DO GASODUTO GENERAL SAN MARTIN.,Supplier,3770601.01,3770601.01,USD,SEGURO DE CRÉDITO / FGE,LIQUIDADA,FNT-000011
BND-000092,1295723,"Pós-embarque, serviços de engenharia",2005-07-07,ARGENTINA,ARG,INS-000108,Ente público,EXPORTAÇÃO DE BENS E SERVIÇOS DE ENGENHARIA DESTINADOS A AMPLIAÇAO DA CAPACIDADE DE TRANSPORTE DO GASODUTO GENERAL SAN MARTIN.,Supplier,11380635.1,11380635.1,USD,SEGURO DE CRÉDITO / FGE,LIQUIDADA,FNT-000011
BND-000093,1295723,"Pós-embarque, serviços de engenharia",2005-07-07,ARGENTINA,ARG,INS-000108,Ente público,EXPORTAÇÃO DE BENS E SERVIÇOS DE ENGENHARIA DESTINADOS A AMPLIAÇAO DA CAPACIDADE DE TRANSPORTE DO GASODUTO GENERAL SAN MARTIN.,Supplier,7516655.74,7516655.74,USD,SEGURO DE CRÉDITO / FGE,LIQUIDADA,FNT-000011
BND-000094,1295723,"Pós-embarque, serviços de engenharia",2005-07-28,ARGENTINA,ARG,INS-000108,Ente público,EXPORTAÇÃO DE BENS E SERVIÇOS DE ENGENHARIA DESTINADOS A AMPLIAÇAO DA CAPACIDADE DE TRANSPORTE DO GASODUTO GENERAL SAN MARTIN.,Supplier,5226665.69,5226665.69,USD,SEGURO DE CRÉDITO / FGE,LIQUIDADA,FNT-000011
BND-000095,1295723,"Pós-embarque, serviços de engenharia",2005-07-28,ARGENTINA,ARG,INS-000108,Ente público,EXPORTAÇÃO DE BENS E SERVIÇOS DE ENGENHARIA DESTINADOS A AMPLIAÇAO DA CAPACIDADE DE TRANSPORTE DO GASODUTO GENERAL SAN MARTIN.,Supplier,14821488.0,14821488.0,USD,SEGURO DE CRÉDITO / FGE,LIQUIDADA,FNT-000011
BND-000096,1295723,"Pós-embarque, serviços de engenharia",2005-08-22,ARGENTINA,ARG,INS-000108,Ente público,EXPORTAÇÃO DE BENS E SERVIÇOS DE ENGENHARIA DESTINADOS A AMPLIAÇAO DA CAPACIDADE DE TRANSPORTE DO GASODUTO GENERAL SAN MARTIN.,Supplier,3780553.58,3780553.58,USD,SEGURO DE CRÉDITO / FGE,LIQUIDADA,FNT-000011
BND-000097,1295723,"Pós-embarque, serviços de engenharia",2005-08-22,ARGENTINA,ARG,INS-000108,Ente público,EXPORTAÇÃO DE BENS E SERVIÇOS DE ENGENHARIA DESTINADOS A AMPLIAÇAO DA CAPACIDADE DE TRANSPORTE DO GASODUTO GENERAL SAN MARTIN.,Supplier,808930.92,808930.92,USD,SEGURO DE CRÉDITO / FGE,LIQUIDADA,FNT-000011
BND-000098,1295723,"Pós-embarque, serviços de engenharia",2005-08-22,ARGENTINA,ARG,INS-000108,Ente público,EXPORTAÇÃO DE BENS E SERVIÇOS DE ENGENHARIA DESTINADOS A AMPLIAÇAO DA CAPACIDADE DE TRANSPORTE DO GASODUTO GENERAL SAN MARTIN.,Supplier,4588022.71,4588022.71,USD,SEGURO DE CRÉDITO / FGE,LIQUIDADA,FNT-000011
BND-000099,1295723,"Pós-embarque, serviços de engenharia",2005-08-22,ARGENTINA,ARG,INS-000108,Ente público,EXPORTAÇÃO DE BENS E SERVIÇOS DE ENGENHARIA DESTINADOS A AMPLIAÇAO DA CAPACIDADE DE TRANSPORTE DO GASODUTO GENERAL SAN MARTIN.,Supplier,5984576.04,5984576.04,USD,SEGURO DE CRÉDITO / FGE,LIQUIDADA,FNT-000011
BND-000100,1295723,"Pós-embarque, serviços de engenharia",2005-08-30,ARGENTINA,ARG,INS-000108,Ente público,EXPORTAÇÃO DE BENS E SERVIÇOS DE ENGENHARIA DESTINADOS A AMPLIAÇAO DA CAPACIDADE DE TRANSPORTE DO GASODUTO GENERAL SAN MARTIN.,Supplier,5357473.52,5357473.52,USD,SEGURO DE CRÉDITO / FGE,LIQUIDADA,FNT-000011
BND-000101,1295723,"Pós-embarque, serviços de engenharia",2005-08-30,ARGENTINA,ARG,INS-000108,Ente público,EXPORTAÇÃO DE BENS E SERVIÇOS DE ENGENHARIA DESTINADOS A AMPLIAÇAO DA CAPACIDADE DE TRANSPORTE DO GASODUTO GENERAL SAN MARTIN.,Supplier,8907312.12,8907312.12,USD,SEGURO DE CRÉDITO / FGE,LIQUIDADA,FNT-000011
BND-000102,1295723,"Pós-embarque, serviços de engenharia",2005-08-30,ARGENTINA,ARG,INS-000108,Ente público,EXPORTAÇÃO DE BENS E SERVIÇOS DE ENGENHARIA DESTINADOS A AMPLIAÇAO DA CAPACIDADE DE TRANSPORTE DO GASODUTO GENERAL SAN MARTIN.,Supplier,14023794.0,14023794.0,USD,SEGURO DE CRÉDITO / FGE,LIQUIDADA,FNT-000011
BND-000103,1295723,"Pós-embarque, serviços de engenharia",2005-10-28,ARGENTINA,ARG,INS-000108,Ente público,EXPORTAÇÃO DE BENS E SERVIÇOS DE ENGENHARIA DESTINADOS A AMPLIAÇAO DA CAPACIDADE DE TRANSPORTE DO GASODUTO GENERAL SAN MARTIN.,Supplier,4102279.13,4102279.13,USD,SEGURO DE CRÉDITO / FGE,LIQUIDADA,FNT-000011
BND-000104,1295723,"Pós-embarque, serviços de engenharia",2005-10-28,ARGENTINA,ARG,INS-000108,Ente público,EXPORTAÇÃO DE BENS E SERVIÇOS DE ENGENHARIA DESTINADOS A AMPLIAÇAO DA CAPACIDADE DE TRANSPORTE DO GASODUTO GENERAL SAN MARTIN.,Supplier,4325713.51,4325713.51,USD,SEGURO DE CRÉDITO / FGE,LIQUIDADA,FNT-000011
BND-000105,1295723,"Pós-embarque, serviços de engenharia",2005-11-29,ARGENTINA,ARG,INS-000108,Ente público,EXPORTAÇÃO DE BENS E SERVIÇOS DE ENGENHARIA DESTINADOS A AMPLIAÇAO DA CAPACIDADE DE TRANSPORTE DO GASODUTO GENERAL SAN MARTIN.,Supplier,12520797.0,12520797.0,USD,SEGURO DE CRÉDITO / FGE,LIQUIDADA,FNT-000011
BND-000106,1295723,"Pós-embarque, serviços de engenharia",2005-11-29,ARGENTINA,ARG,INS-000108,Ente público,EXPORTAÇÃO DE BENS E SERVIÇOS DE ENGENHARIA DESTINADOS A AMPLIAÇAO DA CAPACIDADE DE TRANSPORTE DO GASODUTO GENERAL SAN MARTIN.,Supplier,4202400.0,4202400.0,USD,SEGURO DE CRÉDITO / FGE,LIQUIDADA,FNT-000011
BND-000107,1295723,"Pós-embarque, serviços de engenharia",2005-12-16,ARGENTINA,ARG,INS-000108,Ente público,EXPORTAÇÃO DE BENS E SERVIÇOS DE ENGENHARIA DESTINADOS A AMPLIAÇAO DA CAPACIDADE DE TRANSPORTE DO GASODUTO GENERAL SAN MARTIN.,Supplier,2982899.0,2982899.0,USD,SEGURO DE CRÉDITO / FGE,LIQUIDADA,FNT-000011
BND-000108,1454065,"Pós-embarque, serviços de engenharia",2006-09-15,URUGUAI,URY,INS-000114,Ente privado,Exportação de bens e serviços brasileiros para a construção da Linha Transmissão UTE Punta del Tigre,Supplier,2592818.2199999997,2592818.2199999997,USD,PESSOAL,LIQUIDADA,FNT-000011
BND-000109,1380944,"Pós-embarque, serviços de engenharia",2006-11-09,REPUBLICA DOMINICANA,DOM,INS-000108,Ente público,EXPORTAÇÃO DE BENS E SERVIÇOS DE ENGENHARIA DESTINADOS À CONSTRUÇÃO DA UHE PALOMINO - FASE I,Buyer,81324696.0,81183880.39,USD,SEGURO DE CRÉDITO / FGE,LIQUIDADA,FNT-000011
BND-000110,1485232,"Pós-embarque, serviços de engenharia",2007-04-02,REPUBLICA DOMINICANA,DOM,INS-000108,Ente público,"EXPORTAÇÃO DE BENS E SERVIÇOS DE ENGENHARIA, DESTINADOS À CONSTRUÇÃO DE UM AQUEDUTO, NA REPÚBLICA DOMINICANA.",Buyer,71258178.0,71258146.99,USD,SEGURO DE CRÉDITO / FGE,LIQUIDADA,FNT-000011
BND-000111,1488807,"Pós-embarque, serviços de engenharia",2007-04-09,REPUBLICA DOMINICANA,DOM,INS-000108,Ente público,"EXPORTAÇÃO DE BENS E SERVIÇOS DE ENGENHARIA, OBJETIVANDO DAR CONTINUIDADE A CONSTRUÇÃO DA CENTRAL HIDREL&#144;TRICA DE PINALITO",Buyer,20000000.0,20000000.0,USD,CCR / ALADI,LIQUIDADA,FNT-000011
BND-000112,1532920,"Pós-embarque, serviços de engenharia",2007-04-25,ANGOLA,AGO,INS-000108,Ente público,"EXPORTAÇÃO DE BENS E SERVIÇOS PARA A 4ª FASE DO PROJETO DE REABILITAÇÃO E REQUALIFICAÇÃO DA ESTRADA DA SAMBA, EM ANGOLA.",Buyer,61657584.0,61657583.970000006,USD,SEGURO DE CRÉDITO / FGE,LIQUIDADA,FNT-000011
BND-000113,1524772,"Pós-embarque, serviços de engenharia",2007-05-08,ANGOLA,AGO,INS-000108,Ente público,"EXPORTAÇÃO DE BENS E SERVIÇOS PARA A 2ª FASE DE CONSTRUÇÃO E APETRECHAMENTO DO CENTRO INTEGRADO DE FORMAÇÃO TECNOLÓGICA, EM ANGOLA.",Buyer,28645241.0,28645232.900000002,USD,SEGURO DE CRÉDITO / FGE,LIQUIDADA,FNT-000011
BND-000114,1532918,"Pós-embarque, serviços de engenharia",2007-05-15,ANGOLA,AGO,INS-000108,Ente público,EXPORTAÇÃO DE BENS E SERVIÇOS PARA A 5ª FASE DO PROJETO DE REABILITAÇÃO E REQUALIFICAÇÃO DA ESTRADA DA SAMBA.,Buyer,30053076.69,30053024.53,USD,SEGURO DE CRÉDITO / FGE,LIQUIDADA,FNT-000011
BND-000115,1593171,"Pós-embarque, serviços de engenharia",2007-05-15,ANGOLA,AGO,INS-000108,Ente público,"EXPORTAÇÃO DE BENS E SERVIÇOS PARA A 2ª FASE DAS OBRAS DE APROVEITAMENTO HIDRELÉTRICO DA USINA DE CAPANDA, EM ANGOLA.",Buyer,15657457.299999999,15657388.43,USD,SEGURO DE CRÉDITO / FGE,LIQUIDADA,FNT-000011
BND-000116,1540668,"Pós-embarque, serviços de engenharia",2007-06-15,ANGOLA,AGO,INS-000115,Ente público,EXPORTAÇÃO DE BENS E SERVIÇOS PARA OBRAS DO PROGRAMA DE CONSTRUÇÃO DE INFRA-ESTRUTURAS RODOVIÁRIAS DA REGIÃO DE BOAVISTA (LOTES 1 E 2),Buyer,15622898.0,15622898.0,USD,SEGURO DE CRÉDITO / FGE,LIQUIDADA,FNT-000011
BND-000117,1554548,"Pós-embarque, serviços de engenharia",2007-06-19,ANGOLA,AGO,INS-000116,Ente público,"EXPORTAÇÂO DE BENS E SERVIÇOS PARA CONSTRUCAO DE 3 NOVOS CENTROS INTEGRADOS DE FORMACAO TECNOLOGICA EM ANGOLA.,SENDO 2 UNIDADES REGIONAIS (PETROLEO E PETROQUIMICA) E 1 NOVA UNIDADE EM LUANDA (HOTELARIA E RESTAURACAO).",Buyer,5055042.65,5055042.65,USD,SEGURO DE CRÉDITO / FGE,LIQUIDADA,FNT-000011
BND-000118,1574453,"Pós-embarque, serviços de engenharia",2007-08-15,ANGOLA,AGO,INS-000117,Ente público,"EXPORTAÇÃO DE BENS E SERVIÇOS PARA IMPLEMENTAÇÃO DO PROGRAMA DE CONSTRUÇÃO DE INFRA-ESTRUTURAS RODOVIÁRIAS DE BOAVISTA, PACOTE B (LOTES 3/6), EM ANGOLA.",Buyer,19107565.65,3175622.65,USD,SEGURO DE CRÉDITO / FGE,LIQUIDADA,FNT-000011
BND-000119,1641724,"Pós-embarque, serviços de engenharia",2007-08-17,ANGOLA,AGO,INS-000107,Ente público,EXPORTAÇÃO DE BENS E SERVIÇOS PARA A CONSTRUÇÃO DA VIA EXPRESSA LUANDA/VIANA - TRECHO 1.,Buyer,36226353.029999994,36226353.03,USD,SEGURO DE CRÉDITO / FGE,LIQUIDADA,FNT-000011
BND-000120,1645708,"Pós-embarque, serviços de engenharia",2007-08-24,ANGOLA,AGO,INS-000108,Ente público,EXPORTAÇÃO DE BENS E SERVIÇOS PARA A CONSTRUÇÃO DA AUTO-ESTRADA PERIF&#144;ÉRICA DE LUANDA - TRECHO VIANA/CABOLOMBO E LIGAÇÃO CALOMBO/FUTUNGO.,Buyer,72832984.93,72832984.91,USD,SEGURO DE CRÉDITO / FGE,LIQUIDADA,FNT-000011
BND-000121,1505637,"Pós-embarque, serviços de engenharia",2007-08-30,ARGENTINA,ARG,INS-000108,Ente público,"EXPORTAÇÃO DE BENS E SERVIÇOS PARA EXPANSÃO DA CAPACIDADE DE TRANSPORTE DE GÁS NATURAL DAS MALHAS DOS GASODUTOS OPERADOS POR TGS E TGN, A SER IMPLEMENTADO PELA DISTRIBUIDORA CAMMESA.",Supplier,17229408.29,17229408.29,USD,SEGURO DE CRÉDITO / FGE,LIQUIDADA,FNT-000011
BND-000122,1645707,"Pós-embarque, serviços de engenharia",2007-09-03,ANGOLA,AGO,INS-000108,Ente público,EXPORTAÇÃO DE BENS E SERVIÇOS PARA A CONSTRUÇÃO DA ESTRADA VIANA/KIKUXI - TRECHO ESTRADA DO ZANGO/AUTO-ESTRADA PERIFE&#144;RICA DE LUANDA.,Buyer,13872000.0,13868620.39,USD,SEGURO DE CRÉDITO / FGE,LIQUIDADA,FNT-000011
BND-000123,1633914,"Pós-embarque, serviços de engenharia",2007-09-13,ANGOLA,AGO,INS-000107,Ente público,"EXPORTAÇÃO DE BENS E SERVIÇOS PARA A EXECUÇÃO DE TRABALHOS DE CONSTRUÇÃO DA QUARTA AVENIDA, NO ÂMBITO DO PROGRAMA DE RECUPERAÇÃO DAS RUAS ESTRUTURANTES DA CIDADE DE LUANDA, EM ANGOLA.",Buyer,11585925.0,11585925.0,USD,SEGURO DE CRÉDITO / FGE,LIQUIDADA,FNT-000011
BND-000124,1644928,"Pós-embarque, serviços de engenharia",2007-09-18,ANGOLA,AGO,INS-000108,Ente público,EXPORTAÇÃO DE BENS E SERVIÇOS PARA A CONSTRUÇÃO DA ESTRADA DO GOLFE - TRECHO GAMEK/ANTIGO CONTROLO.,Buyer,28998153.75,28998153.750000007,USD,SEGURO DE CRÉDITO / FGE,LIQUIDADA,FNT-000011
BND-000125,1648636,"Pós-embarque, serviços de engenharia",2007-09-19,ANGOLA,AGO,INS-000118,Ente público,"EXPORTAÇÃO DE BENS E SERVIÇOS PARA A CONSTRUÇÃO DA AUTO-ESTRADA LUANDA FACE ID (PONTE) - TRECHO CACUACO/VIANA, EM ANGOLA.",Buyer,11554866.0,11554839.920000002,USD,SEGURO DE CRÉDITO / FGE,LIQUIDADA,FNT-000011
BND-000126,1644004,"Pós-embarque, serviços de engenharia",2007-09-19,ANGOLA,AGO,INS-000107,Ente público,EXPORTAÇÃO DE BENS E SERVIÇOS PARA A REABILITACAO DA ESTRADA DO GOLFE/VIANA E RUA DO SANATORIO.,Buyer,33272400.0,33272400.000000007,USD,SEGURO DE CRÉDITO / FGE,LIQUIDADA,FNT-000011
BND-000127,1644005,"Pós-embarque, serviços de engenharia",2007-09-19,ANGOLA,AGO,INS-000107,Ente público,EXPORTAÇÃO DE BENS E SERVIÇOS PARA A REABILITACAO DA AVENIDA N'GOLA KILUANJE PACOTE 1.,Buyer,29707500.0,29707489.99,USD,SEGURO DE CRÉDITO / FGE,LIQUIDADA,FNT-000011
BND-000128,1644927,"Pós-embarque, serviços de engenharia",2007-09-19,ANGOLA,AGO,INS-000108,Ente público,EXPORTAÇÃO DE BENS E SERVIÇOS PARA A CONSTRUÇÃO DA VIA EXPRESSA LUANDA-VIANA - TRECHO 3.,Buyer,28126532.939999998,28126532.94,USD,SEGURO DE CRÉDITO / FGE,LIQUIDADA,FNT-000011
BND-000129,1458347,"Pós-embarque, serviços de engenharia",2007-09-24,ARGENTINA,ARG,INS-000108,Ente público,"EXPORTAÇÃO DE BENS E SERVIÇOS DE ENGENHARIA DESTINADOS ·A AMPLIAÇÃO DA CAPACIDADE DE TRANSPORTE DA REDE DE GASODUTOS TRONCAIS DE TGS E TGN, NA ARGENTINA.",Supplier,13431422.0,13431422.0,USD,SEGURO DE CRÉDITO / FGE,LIQUIDADA,FNT-000011
BND-000130,1458347,"Pós-embarque, serviços de engenharia",2007-09-24,ARGENTINA,ARG,INS-000108,Ente público,"EXPORTAÇÃO DE BENS E SERVIÇOS DE ENGENHARIA DESTINADOS ·A AMPLIAÇÃO DA CAPACIDADE DE TRANSPORTE DA REDE DE GASODUTOS TRONCAIS DE TGS E TGN, NA ARGENTINA.",Supplier,16540105.0,16540105.0,USD,SEGURO DE CRÉDITO / FGE,LIQUIDADA,FNT-000011
BND-000131,1458347,"Pós-embarque, serviços de engenharia",2007-09-24,ARGENTINA,ARG,INS-000108,Ente público,"EXPORTAÇÃO DE BENS E SERVIÇOS DE ENGENHARIA DESTINADOS ·A AMPLIAÇÃO DA CAPACIDADE DE TRANSPORTE DA REDE DE GASODUTOS TRONCAIS DE TGS E TGN, NA ARGENTINA.",Supplier,31568578.0,31568578.0,USD,SEGURO DE CRÉDITO / FGE,LIQUIDADA,FNT-000011
BND-000132,1505637,"Pós-embarque, serviços de engenharia",2007-09-26,ARGENTINA,ARG,INS-000108,Ente público,"EXPORTAÇÃO DE BENS E SERVIÇOS PARA EXPANSÃO DA CAPACIDADE DE TRANSPORTE DE GÁS NATURAL DAS MALHAS DOS GASODUTOS OPERADOS POR TGS E TGN, A SER IMPLEMENTADO PELA DISTRIBUIDORA CAMMESA.",Supplier,34145349.0,34145349.0,USD,SEGURO DE CRÉDITO / FGE,LIQUIDADA,FNT-000011
BND-000133,1458347,"Pós-embarque, serviços de engenharia",2007-09-27,ARGENTINA,ARG,INS-000108,Ente público,"EXPORTAÇÃO DE BENS E SERVIÇOS DE ENGENHARIA DESTINADOS ·A AMPLIAÇÃO DA CAPACIDADE DE TRANSPORTE DA REDE DE GASODUTOS TRONCAIS DE TGS E TGN, NA ARGENTINA.",Supplier,22129895.0,22129895.0,USD,SEGURO DE CRÉDITO / FGE,LIQUIDADA,FNT-000011
BND-000134,1505637,"Pós-embarque, serviços de engenharia",2007-09-27,ARGENTINA,ARG,INS-000108,Ente público,"EXPORTAÇÃO DE BENS E SERVIÇOS PARA EXPANSÃO DA CAPACIDADE DE TRANSPORTE DE GÁS NATURAL DAS MALHAS DOS GASODUTOS OPERADOS POR TGS E TGN, A SER IMPLEMENTADO PELA DISTRIBUIDORA CAMMESA.",Supplier,24246651.0,24246651.0,USD,SEGURO DE CRÉDITO / FGE,LIQUIDADA,FNT-000011
BND-000135,1505637,"Pós-embarque, serviços de engenharia",2007-09-27,ARGENTINA,ARG,INS-000108,Ente público,"EXPORTAÇÃO DE BENS E SERVIÇOS PARA EXPANSÃO DA CAPACIDADE DE TRANSPORTE DE GÁS NATURAL DAS MALHAS DOS GASODUTOS OPERADOS POR TGS E TGN, A SER IMPLEMENTADO PELA DISTRIBUIDORA CAMMESA.",Supplier,36933255.0,36933255.0,USD,SEGURO DE CRÉDITO / FGE,LIQUIDADA,FNT-000011
BND-000136,1505637,"Pós-embarque, serviços de engenharia",2007-09-27,ARGENTINA,ARG,INS-000108,Ente público,"EXPORTAÇÃO DE BENS E SERVIÇOS PARA EXPANSÃO DA CAPACIDADE DE TRANSPORTE DE GÁS NATURAL DAS MALHAS DOS GASODUTOS OPERADOS POR TGS E TGN, A SER IMPLEMENTADO PELA DISTRIBUIDORA CAMMESA.",Supplier,27971745.0,27971745.0,USD,SEGURO DE CRÉDITO / FGE,LIQUIDADA,FNT-000011
BND-000137,1644936,"Pós-embarque, serviços de engenharia",2007-10-01,ANGOLA,AGO,INS-000118,Ente público,EXPORTAÇÃO DE BENS E SERVIÇOS PARA A REABILITAÇÃO DA ESTRADA VIANA/CALUMBO EM ANGOLA.,Buyer,17496300.85,17496300.85,USD,SEGURO DE CRÉDITO / FGE,LIQUIDADA,FNT-000011
BND-000138,1648634,"Pós-embarque, serviços de engenharia",2007-10-01,ANGOLA,AGO,INS-000118,Ente público,"EXPORTAÇÃO DE BENS E SERVIÇOS PARA A CONSTRUÇÃO DA VIA EXPRESSA LUANDA/KIFANGONDO (PACOTE 2), EM ANGOLA.",Buyer,30187883.049999997,30187630.55,USD,SEGURO DE CRÉDITO / FGE,LIQUIDADA,FNT-000011
BND-000139,1648637,"Pós-embarque, serviços de engenharia",2007-10-01,ANGOLA,AGO,INS-000118,Ente público,EXPORTAÇÃO DE BENS E SERVIÇOS PARA A CONSTRUÇÃO DA AVENIDA N'GOLA/KILUANGE - LUANDA - PACOTE 2,Buyer,19309875.0,19309587.16,USD,SEGURO DE CRÉDITO / FGE,LIQUIDADA,FNT-000011
BND-000140,1648635,"Pós-embarque, serviços de engenharia",2007-10-02,ANGOLA,AGO,INS-000118,Ente público,"EXPORTAÇÃO DE BENS E SERVIÇOS PARA A CONSTRUÇÃO DA AUTO-ESTRADA LUANDA FACE IC - TRECHO CACUACO/VIANA, EM ANGOLA.",Buyer,33048000.0,33047943.4,USD,SEGURO DE CRÉDITO / FGE,LIQUIDADA,FNT-000011
BND-000141,1660650,"Pós-embarque, serviços de engenharia",2007-10-02,ANGOLA,AGO,INS-000108,Ente público,EXPORTAÇÃO DE BENS E SERVIÇOS PARA A CONSTRUÇÃO DO REFORÇO DA CAPACIDADE DE ABASTECIMENTO DE ÁGUA AO POLO INDUSTRIAL DE VIANA - PACOTE 3.,Buyer,26484759.0,26484758.999999996,USD,SEGURO DE CRÉDITO / FGE,LIQUIDADA,FNT-000011
BND-000142,1660651,"Pós-embarque, serviços de engenharia",2007-10-02,ANGOLA,AGO,INS-000108,Ente público,EXPORTAÇÃO DE BENS E SERVIÇOS PARA A CONSTRUÇÃO DO REFORÇO DO SISTEMA 3 DE ABASTECIMENTO DE ÁGUA DA CIDADE DE LUANDA - PACOTE 1.,Buyer,53014500.0,53014500.0,USD,SEGURO DE CRÉDITO / FGE,LIQUIDADA,FNT-000011
BND-000143,1644003,"Pós-embarque, serviços de engenharia",2007-10-23,ANGOLA,AGO,INS-000108,Ente público,EXPORTAÇÃO DE BENS E SERVIÇOS PARA A CONSTRUÇÃO DA VIA EXPRESSA LUANDA/KIFANGONDO (PACOTE 1).,Buyer,37244790.77,37244790.739999995,USD,SEGURO DE CRÉDITO / FGE,LIQUIDADA,FNT-000011
BND-000144,1625849,"Pós-embarque, serviços de engenharia",2007-11-08,ANGOLA,AGO,INS-000115,Ente público,"EXPORTAÇÃO DE BENS E SERVIÇOS PARA CONSTRUÇÃO DE INFRAESTRUTURA RODOVIÁRIA DA REGIÃO DO CAZENGA, 5ª AVENIDA, EM LUANDA - ANGOLA.",Buyer,13368375.0,13368375.0,USD,SEGURO DE CRÉDITO / FGE,LIQUIDADA,FNT-000011
BND-000145,1628160,"Pós-embarque, serviços de engenharia",2007-11-08,ANGOLA,AGO,INS-000115,Ente público,"EXPORTAÇÃO DE BENS E SERVIÇOS PARA CONSTRUÇÃO DE INFRAESTRUTURA RODOVIÁRIA DA REGIÃO DO CAZENGA, 6ª AVENIDA, EM LUANDA - ANGOLA.",Buyer,26736750.0,26736749.999999996,USD,SEGURO DE CRÉDITO / FGE,LIQUIDADA,FNT-000011
BND-000146,1458347,"Pós-embarque, serviços de engenharia",2007-11-23,ARGENTINA,ARG,INS-000108,Ente público,"EXPORTAÇÃO DE BENS E SERVIÇOS DE ENGENHARIA DESTINADOS ·A AMPLIAÇÃO DA CAPACIDADE DE TRANSPORTE DA REDE DE GASODUTOS TRONCAIS DE TGS E TGN, NA ARGENTINA.",Supplier,3652677.68,3652677.68,USD,SEGURO DE CRÉDITO / FGE,LIQUIDADA,FNT-000011
BND-000147,1458347,"Pós-embarque, serviços de engenharia",2007-11-23,ARGENTINA,ARG,INS-000108,Ente público,"EXPORTAÇÃO DE BENS E SERVIÇOS DE ENGENHARIA DESTINADOS ·A AMPLIAÇÃO DA CAPACIDADE DE TRANSPORTE DA REDE DE GASODUTOS TRONCAIS DE TGS E TGN, NA ARGENTINA.",Supplier,19420160.2,19420160.2,USD,SEGURO DE CRÉDITO / FGE,LIQUIDADA,FNT-000011
BND-000148,1505637,"Pós-embarque, serviços de engenharia",2007-11-23,ARGENTINA,ARG,INS-000108,Ente público,"EXPORTAÇÃO DE BENS E SERVIÇOS PARA EXPANSÃO DA CAPACIDADE DE TRANSPORTE DE GÁS NATURAL DAS MALHAS DOS GASODUTOS OPERADOS POR TGS E TGN, A SER IMPLEMENTADO PELA DISTRIBUIDORA CAMMESA.",Supplier,14366951.0,14366951.0,USD,SEGURO DE CRÉDITO / FGE,LIQUIDADA,FNT-000011
BND-000149,1505637,"Pós-embarque, serviços de engenharia",2007-11-23,ARGENTINA,ARG,INS-000108,Ente público,"EXPORTAÇÃO DE BENS E SERVIÇOS PARA EXPANSÃO DA CAPACIDADE DE TRANSPORTE DE GÁS NATURAL DAS MALHAS DOS GASODUTOS OPERADOS POR TGS E TGN, A SER IMPLEMENTADO PELA DISTRIBUIDORA CAMMESA.",Supplier,799380.47,799380.47,USD,SEGURO DE CRÉDITO / FGE,LIQUIDADA,FNT-000011
BND-000150,1409489,"Pós-embarque, serviços de engenharia",2007-12-14,REPUBLICA DOMINICANA,DOM,INS-000107,Ente público,"EXPORTAÇÃO DE BENS E SERVIÇOS DE ENGENHARIA DESTINADOS À CONSTRUÇÃO DA UHE LAS PLACETAS, NA REPÚBLICA DOMINICANA.",Buyer,10165587.0,10165587.0,USD,SEGURO DE CRÉDITO / FGE,LIQUIDADA,FNT-000011
BND-000151,1458347,"Pós-embarque, serviços de engenharia",2007-12-21,ARGENTINA,ARG,INS-000108,Ente público,"EXPORTAÇÃO DE BENS E SERVIÇOS DE ENGENHARIA DESTINADOS ·A AMPLIAÇÃO DA CAPACIDADE DE TRANSPORTE DA REDE DE GASODUTOS TRONCAIS DE TGS E TGN, NA ARGENTINA.",Supplier,3431397.04,3431397.04,USD,SEGURO DE CRÉDITO / FGE,LIQUIDADA,FNT-000011
BND-000152,1458347,"Pós-embarque, serviços de engenharia",2007-12-21,ARGENTINA,ARG,INS-000108,Ente público,"EXPORTAÇÃO DE BENS E SERVIÇOS DE ENGENHARIA DESTINADOS ·A AMPLIAÇÃO DA CAPACIDADE DE TRANSPORTE DA REDE DE GASODUTOS TRONCAIS DE TGS E TGN, NA ARGENTINA.",Supplier,6457399.82,6457399.82,USD,SEGURO DE CRÉDITO / FGE,LIQUIDADA,FNT-000011
BND-000153,1505637,"Pós-embarque, serviços de engenharia",2007-12-21,ARGENTINA,ARG,INS-000108,Ente público,"EXPORTAÇÃO DE BENS E SERVIÇOS PARA EXPANSÃO DA CAPACIDADE DE TRANSPORTE DE GÁS NATURAL DAS MALHAS DOS GASODUTOS OPERADOS POR TGS E TGN, A SER IMPLEMENTADO PELA DISTRIBUIDORA CAMMESA.",Supplier,15141961.22,15141961.22,USD,SEGURO DE CRÉDITO / FGE,LIQUIDADA,FNT-000011
BND-000154,1505637,"Pós-embarque, serviços de engenharia",2007-12-21,ARGENTINA,ARG,INS-000108,Ente público,"EXPORTAÇÃO DE BENS E SERVIÇOS PARA EXPANSÃO DA CAPACIDADE DE TRANSPORTE DE GÁS NATURAL DAS MALHAS DOS GASODUTOS OPERADOS POR TGS E TGN, A SER IMPLEMENTADO PELA DISTRIBUIDORA CAMMESA.",Supplier,11422064.2,11422064.2,USD,SEGURO DE CRÉDITO / FGE,LIQUIDADA,FNT-000011
BND-000155,1728579,"Pós-embarque, serviços de engenharia",2007-12-26,URUGUAI,URY,INS-000119,Ente privado,EXPORTAÇÃO DE BENS E SERVIÇOS DE ENGENHARIA DESTINADOS  À RENOVAÇÃO DA REDE DE GÁS MONTEVIDEU,Supplier,3062785.0,3062785.0,USD,PESSOAL,LIQUIDADA,FNT-000011
BND-000156,1728579,"Pós-embarque, serviços de engenharia",2008-06-13,URUGUAI,URY,INS-000119,Ente privado,EXPORTAÇÃO DE BENS E SERVIÇOS DE ENGENHARIA DESTINADOS  À RENOVAÇÃO DA REDE DE GÁS MONTEVIDEU,Supplier,1528275.95,1528275.95,USD,PESSOAL,LIQUIDADA,FNT-000011
BND-000157,1728579,"Pós-embarque, serviços de engenharia",2008-07-24,URUGUAI,URY,INS-000119,Ente privado,EXPORTAÇÃO DE BENS E SERVIÇOS DE ENGENHARIA DESTINADOS  À RENOVAÇÃO DA REDE DE GÁS MONTEVIDEU,Supplier,318258.06,318258.06,USD,PESSOAL,LIQUIDADA,FNT-000011
BND-000158,1409489,"Pós-embarque, serviços de engenharia",2008-01-14,REPUBLICA DOMINICANA,DOM,INS-000107,Ente público,"EXPORTAÇÃO DE BENS E SERVIÇOS DE ENGENHARIA DESTINADOS À CONSTRUÇÃO DA UHE LAS PLACETAS, NA REPÚBLICA DOMINICANA.",Buyer,60993522.0,47446499.97,USD,SEGURO DE CRÉDITO / FGE,LIQUIDADA,FNT-000011
BND-000159,1458347,"Pós-embarque, serviços de engenharia",2008-01-29,ARGENTINA,ARG,INS-000108,Ente público,"EXPORTAÇÃO DE BENS E SERVIÇOS DE ENGENHARIA DESTINADOS ·A AMPLIAÇÃO DA CAPACIDADE DE TRANSPORTE DA REDE DE GASODUTOS TRONCAIS DE TGS E TGN, NA ARGENTINA.",Supplier,118136.47,118136.47,USD,SEGURO DE CRÉDITO / FGE,LIQUIDADA,FNT-000011
BND-000160,1458347,"Pós-embarque, serviços de engenharia",2008-02-27,ARGENTINA,ARG,INS-000108,Ente público,"EXPORTAÇÃO DE BENS E SERVIÇOS DE ENGENHARIA DESTINADOS ·A AMPLIAÇÃO DA CAPACIDADE DE TRANSPORTE DA REDE DE GASODUTOS TRONCAIS DE TGS E TGN, NA ARGENTINA.",Supplier,3596715.91,3596715.91,USD,SEGURO DE CRÉDITO / FGE,LIQUIDADA,FNT-000011
BND-000161,1505637,"Pós-embarque, serviços de engenharia",2008-02-27,ARGENTINA,ARG,INS-000108,Ente público,"EXPORTAÇÃO DE BENS E SERVIÇOS PARA EXPANSÃO DA CAPACIDADE DE TRANSPORTE DE GÁS NATURAL DAS MALHAS DOS GASODUTOS OPERADOS POR TGS E TGN, A SER IMPLEMENTADO PELA DISTRIBUIDORA CAMMESA.",Supplier,13697472.14,13697472.14,USD,SEGURO DE CRÉDITO / FGE,LIQUIDADA,FNT-000011
BND-000162,1505637,"Pós-embarque, serviços de engenharia",2008-02-27,ARGENTINA,ARG,INS-000108,Ente público,"EXPORTAÇÃO DE BENS E SERVIÇOS PARA EXPANSÃO DA CAPACIDADE DE TRANSPORTE DE GÁS NATURAL DAS MALHAS DOS GASODUTOS OPERADOS POR TGS E TGN, A SER IMPLEMENTADO PELA DISTRIBUIDORA CAMMESA.",Supplier,663602.03,663602.03,USD,SEGURO DE CRÉDITO / FGE,LIQUIDADA,FNT-000011
BND-000163,1458347,"Pós-embarque, serviços de engenharia",2008-03-26,ARGENTINA,ARG,INS-000108,Ente público,"EXPORTAÇÃO DE BENS E SERVIÇOS DE ENGENHARIA DESTINADOS ·A AMPLIAÇÃO DA CAPACIDADE DE TRANSPORTE DA REDE DE GASODUTOS TRONCAIS DE TGS E TGN, NA ARGENTINA.",Supplier,561751.77,561751.77,USD,SEGURO DE CRÉDITO / FGE,LIQUIDADA,FNT-000011
BND-000164,1505637,"Pós-embarque, serviços de engenharia",2008-03-26,ARGENTINA,ARG,INS-000108,Ente público,"EXPORTAÇÃO DE BENS E SERVIÇOS PARA EXPANSÃO DA CAPACIDADE DE TRANSPORTE DE GÁS NATURAL DAS MALHAS DOS GASODUTOS OPERADOS POR TGS E TGN, A SER IMPLEMENTADO PELA DISTRIBUIDORA CAMMESA.",Supplier,11850429.58,11850429.58,USD,SEGURO DE CRÉDITO / FGE,LIQUIDADA,FNT-000011
BND-000165,1505637,"Pós-embarque, serviços de engenharia",2008-03-26,ARGENTINA,ARG,INS-000108,Ente público,"EXPORTAÇÃO DE BENS E SERVIÇOS PARA EXPANSÃO DA CAPACIDADE DE TRANSPORTE DE GÁS NATURAL DAS MALHAS DOS GASODUTOS OPERADOS POR TGS E TGN, A SER IMPLEMENTADO PELA DISTRIBUIDORA CAMMESA.",Supplier,3076552.87,3076552.87,USD,SEGURO DE CRÉDITO / FGE,LIQUIDADA,FNT-000011
BND-000166,1458347,"Pós-embarque, serviços de engenharia",2008-04-24,ARGENTINA,ARG,INS-000108,Ente público,"EXPORTAÇÃO DE BENS E SERVIÇOS DE ENGENHARIA DESTINADOS ·A AMPLIAÇÃO DA CAPACIDADE DE TRANSPORTE DA REDE DE GASODUTOS TRONCAIS DE TGS E TGN, NA ARGENTINA.",Supplier,8310006.17,8310006.17,USD,SEGURO DE CRÉDITO / FGE,LIQUIDADA,FNT-000011
BND-000167,1458347,"Pós-embarque, serviços de engenharia",2008-04-24,ARGENTINA,ARG,INS-000108,Ente público,"EXPORTAÇÃO DE BENS E SERVIÇOS DE ENGENHARIA DESTINADOS ·A AMPLIAÇÃO DA CAPACIDADE DE TRANSPORTE DA REDE DE GASODUTOS TRONCAIS DE TGS E TGN, NA ARGENTINA.",Supplier,5781032.96,5781032.96,USD,SEGURO DE CRÉDITO / FGE,LIQUIDADA,FNT-000011
BND-000168,1505637,"Pós-embarque, serviços de engenharia",2008-04-24,ARGENTINA,ARG,INS-000108,Ente público,"EXPORTAÇÃO DE BENS E SERVIÇOS PARA EXPANSÃO DA CAPACIDADE DE TRANSPORTE DE GÁS NATURAL DAS MALHAS DOS GASODUTOS OPERADOS POR TGS E TGN, A SER IMPLEMENTADO PELA DISTRIBUIDORA CAMMESA.",Supplier,12027986.0,12027986.0,USD,SEGURO DE CRÉDITO / FGE,LIQUIDADA,FNT-000011
BND-000169,1505637,"Pós-embarque, serviços de engenharia",2008-04-24,ARGENTINA,ARG,INS-000108,Ente público,"EXPORTAÇÃO DE BENS E SERVIÇOS PARA EXPANSÃO DA CAPACIDADE DE TRANSPORTE DE GÁS NATURAL DAS MALHAS DOS GASODUTOS OPERADOS POR TGS E TGN, A SER IMPLEMENTADO PELA DISTRIBUIDORA CAMMESA.",Supplier,1986910.3,1986910.3,USD,SEGURO DE CRÉDITO / FGE,LIQUIDADA,FNT-000011
BND-000170,1770370,"Pós-embarque, serviços de engenharia",2008-06-04,ANGOLA,AGO,INS-000108,Ente público,"EXPORTAÇÃO DE BENS E SERVIÇOS PARA O PROGRAMA DE DESENVOLVIMENTO INTEGRADO DAS INFRA-ESTRUTURAS DA PROVÍNICIA DO KWANZA SUL - 1ª ETAPA, NA REPÚBLICA DE ANGOLA.",Buyer,40671887.58,40660908.41,USD,SEGURO DE CRÉDITO / FGE,LIQUIDADA,FNT-000011
BND-000171,1773158,"Pós-embarque, serviços de engenharia",2008-06-09,ANGOLA,AGO,INS-000108,Ente público,EXPORTAÇÃO DE BENS E SERVIÇOS PARA A 1ª ETAPA DO  PROGRAMA DE DESENVOLVIMENTO INTEGRADO DAS INFRAESTRUTURAS DA PROVINCIA DE BENGUELA. (2ª LINHA DE CRÉDITO),Buyer,64302500.0,64302499.99,USD,SEGURO DE CRÉDITO / FGE,LIQUIDADA,FNT-000011
BND-000172,1817899,"Pós-embarque, serviços de engenharia",2008-06-17,ANGOLA,AGO,INS-000107,Ente público,EXPORTAÇÃO DE BENS E SERVIÇOS PARA A 2ª ETAPA DA CONSTRUCAO DA QUARTA AVENIDA.,Buyer,9098231.590000002,9098231.580000002,USD,SEGURO DE CRÉDITO / FGE,LIQUIDADA,FNT-000011
BND-000173,1458347,"Pós-embarque, serviços de engenharia",2008-06-17,ARGENTINA,ARG,INS-000108,Ente público,"EXPORTAÇÃO DE BENS E SERVIÇOS DE ENGENHARIA DESTINADOS ·A AMPLIAÇÃO DA CAPACIDADE DE TRANSPORTE DA REDE DE GASODUTOS TRONCAIS DE TGS E TGN, NA ARGENTINA.",Supplier,10819732.65,10819732.65,USD,SEGURO DE CRÉDITO / FGE,LIQUIDADA,FNT-000011
BND-000174,1505637,"Pós-embarque, serviços de engenharia",2008-06-18,ARGENTINA,ARG,INS-000108,Ente público,"EXPORTAÇÃO DE BENS E SERVIÇOS PARA EXPANSÃO DA CAPACIDADE DE TRANSPORTE DE GÁS NATURAL DAS MALHAS DOS GASODUTOS OPERADOS POR TGS E TGN, A SER IMPLEMENTADO PELA DISTRIBUIDORA CAMMESA.",Supplier,18377781.14,18377781.14,USD,SEGURO DE CRÉDITO / FGE,LIQUIDADA,FNT-000011
BND-000175,1458347,"Pós-embarque, serviços de engenharia",2008-07-08,ARGENTINA,ARG,INS-000108,Ente público,"EXPORTAÇÃO DE BENS E SERVIÇOS DE ENGENHARIA DESTINADOS ·A AMPLIAÇÃO DA CAPACIDADE DE TRANSPORTE DA REDE DE GASODUTOS TRONCAIS DE TGS E TGN, NA ARGENTINA.",Supplier,10932536.78,10932536.78,USD,SEGURO DE CRÉDITO / FGE,LIQUIDADA,FNT-000011
BND-000176,1505637,"Pós-embarque, serviços de engenharia",2008-07-08,ARGENTINA,ARG,INS-000108,Ente público,"EXPORTAÇÃO DE BENS E SERVIÇOS PARA EXPANSÃO DA CAPACIDADE DE TRANSPORTE DE GÁS NATURAL DAS MALHAS DOS GASODUTOS OPERADOS POR TGS E TGN, A SER IMPLEMENTADO PELA DISTRIBUIDORA CAMMESA.",Supplier,10527714.04,10527714.04,USD,SEGURO DE CRÉDITO / FGE,LIQUIDADA,FNT-000011
BND-000177,1817920,"Pós-embarque, serviços de engenharia",2008-07-21,ANGOLA,AGO,INS-000107,Ente público,EXPORTAÇÃO DE BENS E SERVIÇOS PARA A 2ª ETAPA DA CONSTRUCAO DA AVENIDA N'GOLA KILUANGE PACOTE 1.,Buyer,16001676.160000002,16001676.16,USD,SEGURO DE CRÉDITO / FGE,LIQUIDADA,FNT-000011
BND-000178,1817933,"Pós-embarque, serviços de engenharia",2008-07-21,ANGOLA,AGO,INS-000107,Ente público,EXPORTAÇÃO DE BENS E SERVIÇOS PARA A 2ª ETAPA DA CONSTRUÇÃO DA VIA EXPRESSA LUANDA/VIANA  PACOTE 1 (2ª LINHA DE CRÉDITO),Buyer,30605818.22,30605818.22,USD,SEGURO DE CRÉDITO / FGE,LIQUIDADA,FNT-000011
BND-000179,1817924,"Pós-embarque, serviços de engenharia",2008-07-22,ANGOLA,AGO,INS-000107,Ente público,EXPORTAÇÃO DE BENS E SERVIÇOS PARA A 2ª ETAPA DA CONSTRUÇÃO DA ESTRADA GOLFE/VIANA E RUA DO SANATORIO (2ª LINHA DE CRÉDITO),Buyer,17633874.3,17633874.299999997,USD,SEGURO DE CRÉDITO / FGE,LIQUIDADA,FNT-000011
BND-000180,1458347,"Pós-embarque, serviços de engenharia",2008-07-24,ARGENTINA,ARG,INS-000108,Ente público,"EXPORTAÇÃO DE BENS E SERVIÇOS DE ENGENHARIA DESTINADOS ·A AMPLIAÇÃO DA CAPACIDADE DE TRANSPORTE DA REDE DE GASODUTOS TRONCAIS DE TGS E TGN, NA ARGENTINA.",Supplier,12813896.27,12813896.27,USD,SEGURO DE CRÉDITO / FGE,LIQUIDADA,FNT-000011
BND-000181,1505637,"Pós-embarque, serviços de engenharia",2008-07-24,ARGENTINA,ARG,INS-000108,Ente público,"EXPORTAÇÃO DE BENS E SERVIÇOS PARA EXPANSÃO DA CAPACIDADE DE TRANSPORTE DE GÁS NATURAL DAS MALHAS DOS GASODUTOS OPERADOS POR TGS E TGN, A SER IMPLEMENTADO PELA DISTRIBUIDORA CAMMESA.",Supplier,2050425.43,2050425.43,USD,SEGURO DE CRÉDITO / FGE,LIQUIDADA,FNT-000011
BND-000182,1505637,"Pós-embarque, serviços de engenharia",2008-07-24,ARGENTINA,ARG,INS-000108,Ente público,"EXPORTAÇÃO DE BENS E SERVIÇOS PARA EXPANSÃO DA CAPACIDADE DE TRANSPORTE DE GÁS NATURAL DAS MALHAS DOS GASODUTOS OPERADOS POR TGS E TGN, A SER IMPLEMENTADO PELA DISTRIBUIDORA CAMMESA.",Supplier,515070.34,515070.34,USD,SEGURO DE CRÉDITO / FGE,LIQUIDADA,FNT-000011
BND-000183,1505637,"Pós-embarque, serviços de engenharia",2008-07-24,ARGENTINA,ARG,INS-000108,Ente público,"EXPORTAÇÃO DE BENS E SERVIÇOS PARA EXPANSÃO DA CAPACIDADE DE TRANSPORTE DE GÁS NATURAL DAS MALHAS DOS GASODUTOS OPERADOS POR TGS E TGN, A SER IMPLEMENTADO PELA DISTRIBUIDORA CAMMESA.",Supplier,42188.48,42188.48,USD,SEGURO DE CRÉDITO / FGE,LIQUIDADA,FNT-000011
BND-000184,1505637,"Pós-embarque, serviços de engenharia",2008-07-25,ARGENTINA,ARG,INS-000108,Ente público,"EXPORTAÇÃO DE BENS E SERVIÇOS PARA EXPANSÃO DA CAPACIDADE DE TRANSPORTE DE GÁS NATURAL DAS MALHAS DOS GASODUTOS OPERADOS POR TGS E TGN, A SER IMPLEMENTADO PELA DISTRIBUIDORA CAMMESA.",Supplier,42331.3,42331.3,USD,SEGURO DE CRÉDITO / FGE,LIQUIDADA,FNT-000011
BND-000185,1505637,"Pós-embarque, serviços de engenharia",2008-07-28,ARGENTINA,ARG,INS-000108,Ente público,"EXPORTAÇÃO DE BENS E SERVIÇOS PARA EXPANSÃO DA CAPACIDADE DE TRANSPORTE DE GÁS NATURAL DAS MALHAS DOS GASODUTOS OPERADOS POR TGS E TGN, A SER IMPLEMENTADO PELA DISTRIBUIDORA CAMMESA.",Supplier,42451.26,42451.26,USD,SEGURO DE CRÉDITO / FGE,LIQUIDADA,FNT-000011
BND-000186,1505637,"Pós-embarque, serviços de engenharia",2008-07-28,ARGENTINA,ARG,INS-000108,Ente público,"EXPORTAÇÃO DE BENS E SERVIÇOS PARA EXPANSÃO DA CAPACIDADE DE TRANSPORTE DE GÁS NATURAL DAS MALHAS DOS GASODUTOS OPERADOS POR TGS E TGN, A SER IMPLEMENTADO PELA DISTRIBUIDORA CAMMESA.",Supplier,37577.88,37577.88,USD,SEGURO DE CRÉDITO / FGE,LIQUIDADA,FNT-000011
BND-000187,1505637,"Pós-embarque, serviços de engenharia",2008-07-28,ARGENTINA,ARG,INS-000108,Ente público,"EXPORTAÇÃO DE BENS E SERVIÇOS PARA EXPANSÃO DA CAPACIDADE DE TRANSPORTE DE GÁS NATURAL DAS MALHAS DOS GASODUTOS OPERADOS POR TGS E TGN, A SER IMPLEMENTADO PELA DISTRIBUIDORA CAMMESA.",Supplier,13426394.69,13426394.69,USD,SEGURO DE CRÉDITO / FGE,LIQUIDADA,FNT-000011
BND-000188,1505637,"Pós-embarque, serviços de engenharia",2008-07-28,ARGENTINA,ARG,INS-000108,Ente público,"EXPORTAÇÃO DE BENS E SERVIÇOS PARA EXPANSÃO DA CAPACIDADE DE TRANSPORTE DE GÁS NATURAL DAS MALHAS DOS GASODUTOS OPERADOS POR TGS E TGN, A SER IMPLEMENTADO PELA DISTRIBUIDORA CAMMESA.",Supplier,1642408.33,1642408.33,USD,SEGURO DE CRÉDITO / FGE,LIQUIDADA,FNT-000011
BND-000189,1505637,"Pós-embarque, serviços de engenharia",2008-07-28,ARGENTINA,ARG,INS-000108,Ente público,"EXPORTAÇÃO DE BENS E SERVIÇOS PARA EXPANSÃO DA CAPACIDADE DE TRANSPORTE DE GÁS NATURAL DAS MALHAS DOS GASODUTOS OPERADOS POR TGS E TGN, A SER IMPLEMENTADO PELA DISTRIBUIDORA CAMMESA.",Supplier,41811.44,41811.44,USD,SEGURO DE CRÉDITO / FGE,LIQUIDADA,FNT-000011
BND-000190,1505637,"Pós-embarque, serviços de engenharia",2008-07-28,ARGENTINA,ARG,INS-000108,Ente público,"EXPORTAÇÃO DE BENS E SERVIÇOS PARA EXPANSÃO DA CAPACIDADE DE TRANSPORTE DE GÁS NATURAL DAS MALHAS DOS GASODUTOS OPERADOS POR TGS E TGN, A SER IMPLEMENTADO PELA DISTRIBUIDORA CAMMESA.",Supplier,38321.23,38321.23,USD,SEGURO DE CRÉDITO / FGE,LIQUIDADA,FNT-000011
BND-000191,1505637,"Pós-embarque, serviços de engenharia",2008-07-30,ARGENTINA,ARG,INS-000108,Ente público,"EXPORTAÇÃO DE BENS E SERVIÇOS PARA EXPANSÃO DA CAPACIDADE DE TRANSPORTE DE GÁS NATURAL DAS MALHAS DOS GASODUTOS OPERADOS POR TGS E TGN, A SER IMPLEMENTADO PELA DISTRIBUIDORA CAMMESA.",Supplier,10168605.31,10168605.31,USD,SEGURO DE CRÉDITO / FGE,LIQUIDADA,FNT-000011
BND-000192,1505637,"Pós-embarque, serviços de engenharia",2008-07-30,ARGENTINA,ARG,INS-000108,Ente público,"EXPORTAÇÃO DE BENS E SERVIÇOS PARA EXPANSÃO DA CAPACIDADE DE TRANSPORTE DE GÁS NATURAL DAS MALHAS DOS GASODUTOS OPERADOS POR TGS E TGN, A SER IMPLEMENTADO PELA DISTRIBUIDORA CAMMESA.",Supplier,1328673.73,1328673.73,USD,SEGURO DE CRÉDITO / FGE,LIQUIDADA,FNT-000011
BND-000193,1773162,"Pós-embarque, serviços de engenharia",2008-08-05,ANGOLA,AGO,INS-000108,Ente público,"EXPORTAÇÃO DE BENS E SERVIÇOS PARA 2ª ETAPA DO SISTEMA DE ABASTECIMENTO DE AGUA POTAVEL ÀS CIDADES DE BENGUELA, LOBITO, CATUMBELA E BAÍA FARTA. (2ª LINHA DE CRÉDITO)",Buyer,64660955.11,64467083.02000001,USD,SEGURO DE CRÉDITO / FGE,LIQUIDADA,FNT-000011
BND-000194,1817937,"Pós-embarque, serviços de engenharia",2008-08-05,ANGOLA,AGO,INS-000108,Ente público,EXPORTAÇÃO DE BENS E SERVIÇOS PARA A 2ª ETAPA DA CONSTRUÇÃO DA ESTRADA DO GOLFE - TROCO GAMEK/ANTIGO CONTROLO. (2ª LINHA DE CRÉDITO),Buyer,1959165.0,1959165.0,USD,SEGURO DE CRÉDITO / FGE,LIQUIDADA,FNT-000011
BND-000195,1817938,"Pós-embarque, serviços de engenharia",2008-08-05,ANGOLA,AGO,INS-000108,Ente público,EXPORTAÇÃO DE BENS E SERVIÇOS PARA A 2ª ETAPA DA CONSTRUÇÃO DA VIA EXPRESSA LUANDA/VIANA TROÇO 3. (2ª LINHA DE CRÉDITO),Buyer,31324633.02,31324633.020000003,USD,SEGURO DE CRÉDITO / FGE,LIQUIDADA,FNT-000011
BND-000196,1820425,"Pós-embarque, serviços de engenharia",2008-08-05,ANGOLA,AGO,INS-000108,Ente público,EXPORTAÇÃO DE BENS E SERVIÇOS PARA SISTEMA DE TRANSPORTE DE ENERGIA ELETRICA LUCALA-PAMBOS DE SONHE-UIGE.,Buyer,134880203.0,134147893.26999995,USD,SEGURO DE CRÉDITO / FGE,LIQUIDADA,FNT-000011
BND-000197,1817853,"Pós-embarque, serviços de engenharia",2008-08-06,ANGOLA,AGO,INS-000108,Ente público,EXPORTAÇÃO DE BENS E SERVIÇOS PARA A 2ª ETAPA DA CONSTRUCAO DA VIA EXPRESSA LUANDA/KIFANGONDO - PACOTE1,Buyer,36777377.24,36344156.43,USD,SEGURO DE CRÉDITO / FGE,LIQUIDADA,FNT-000011
BND-000198,1817936,"Pós-embarque, serviços de engenharia",2008-08-20,ANGOLA,AGO,INS-000108,Ente público,EXPORTAÇÃO DE BENS E SERVIÇOS PARA A CONSTRUÇÃO DA 2ª ETAPA  DA AUTO ESTRADA PERIFERICA DE LUANDA FASE 2 C VIANA/CABOLOMBO E LIGAÇÃO CABOLOMBO/FUTUNGO (2ª LINHA DE CRÉDITO),Buyer,82952638.0,82952638.0,USD,SEGURO DE CRÉDITO / FGE,LIQUIDADA,FNT-000011
BND-000199,1795527,"Pós-embarque, serviços de engenharia",2008-08-21,REPUBLICA DOMINICANA,DOM,INS-000108,Ente público,"EXPORTAÇÃO DE BENS E SERVIÇOS DE ENGENHARIA, OBJETIVANDO DAR CONTINUIDADE A CONSTRUÇÃO DA CENTRAL HIDREL&#144;TRICA DE PINALITO - FASE III",Buyer,68096279.0,67902395.28999999,USD,CCR / ALADI,LIQUIDADA,FNT-000011
BND-000200,1458347,"Pós-embarque, serviços de engenharia",2008-08-27,ARGENTINA,ARG,INS-000108,Ente público,"EXPORTAÇÃO DE BENS E SERVIÇOS DE ENGENHARIA DESTINADOS ·A AMPLIAÇÃO DA CAPACIDADE DE TRANSPORTE DA REDE DE GASODUTOS TRONCAIS DE TGS E TGN, NA ARGENTINA.",Supplier,10143213.56,10143213.56,USD,SEGURO DE CRÉDITO / FGE,LIQUIDADA,FNT-000011
BND-000201,1458347,"Pós-embarque, serviços de engenharia",2008-08-27,ARGENTINA,ARG,INS-000108,Ente público,"EXPORTAÇÃO DE BENS E SERVIÇOS DE ENGENHARIA DESTINADOS ·A AMPLIAÇÃO DA CAPACIDADE DE TRANSPORTE DA REDE DE GASODUTOS TRONCAIS DE TGS E TGN, NA ARGENTINA.",Supplier,3239869.09,3239869.09,USD,SEGURO DE CRÉDITO / FGE,LIQUIDADA,FNT-000011
BND-000202,1458347,"Pós-embarque, serviços de engenharia",2008-08-27,ARGENTINA,ARG,INS-000108,Ente público,"EXPORTAÇÃO DE BENS E SERVIÇOS DE ENGENHARIA DESTINADOS ·A AMPLIAÇÃO DA CAPACIDADE DE TRANSPORTE DA REDE DE GASODUTOS TRONCAIS DE TGS E TGN, NA ARGENTINA.",Supplier,2603449.71,2603449.71,USD,SEGURO DE CRÉDITO / FGE,LIQUIDADA,FNT-000011
BND-000203,1458347,"Pós-embarque, serviços de engenharia",2008-08-27,ARGENTINA,ARG,INS-000108,Ente público,"EXPORTAÇÃO DE BENS E SERVIÇOS DE ENGENHARIA DESTINADOS ·A AMPLIAÇÃO DA CAPACIDADE DE TRANSPORTE DA REDE DE GASODUTOS TRONCAIS DE TGS E TGN, NA ARGENTINA.",Supplier,5451903.73,5451903.73,USD,SEGURO DE CRÉDITO / FGE,LIQUIDADA,FNT-000011
BND-000204,1505637,"Pós-embarque, serviços de engenharia",2008-08-27,ARGENTINA,ARG,INS-000108,Ente público,"EXPORTAÇÃO DE BENS E SERVIÇOS PARA EXPANSÃO DA CAPACIDADE DE TRANSPORTE DE GÁS NATURAL DAS MALHAS DOS GASODUTOS OPERADOS POR TGS E TGN, A SER IMPLEMENTADO PELA DISTRIBUIDORA CAMMESA.",Supplier,42039.95,42039.95,USD,SEGURO DE CRÉDITO / FGE,LIQUIDADA,FNT-000011
BND-000205,1817935,"Pós-embarque, serviços de engenharia",2008-10-15,ANGOLA,AGO,INS-000118,Ente público,EXPORTAÇÃO DE BENS E SERVIÇOS PARA 2ª ETAPA DA CONSTRUCAO DA AUTO-ESTRADA PERIFERICA DE LUANDA - FASE 1C - CACUACO/VIANA (2ª LINHA DE CRÉDITO),Buyer,32010484.57,32010484.57,USD,SEGURO DE CRÉDITO / FGE,LIQUIDADA,FNT-000011
BND-000206,1817851,"Pós-embarque, serviços de engenharia",2008-10-21,ANGOLA,AGO,INS-000118,Ente público,EXPORTAÇÃO DE BENS E SERVIÇOS PARA A 2ª ETAPA DA CONSTRUCAO DA AVENIDA N'GOLA/KILUANGE (PACOTE 2).,Buyer,5889343.07,5889343.050000001,USD,SEGURO DE CRÉDITO / FGE,LIQUIDADA,FNT-000011
BND-000207,1817854,"Pós-embarque, serviços de engenharia",2008-10-21,ANGOLA,AGO,INS-000118,Ente público,EXPORTAÇÃO DE BENS E SERVIÇOS PARA A 2ª ETAPA DA CONSTRUCAO DA VIA EXPRESSA LUANDA/KIFANGONDO (PACOTE 2).,Buyer,27072740.63,27072740.619999994,USD,SEGURO DE CRÉDITO / FGE,LIQUIDADA,FNT-000011
BND-000208,1817934,"Pós-embarque, serviços de engenharia",2008-10-21,ANGOLA,AGO,INS-000118,Ente público,EXPORTAÇÃO DE BENS E SERVIÇOS PARA  A 2ª ETAPA DA CONSTRUCAO DA AUTO-ESTRADA PERIFERICA DE LUANDA - FASE 1D - CACUACO/VIANA. (2ª LINHA DE CRÉDITO),Buyer,11809195.0,11809195.000000002,USD,SEGURO DE CRÉDITO / FGE,LIQUIDADA,FNT-000011
BND-000209,1728579,"Pós-embarque, serviços de engenharia",2008-12-17,URUGUAI,URY,INS-000119,Ente privado,EXPORTAÇÃO DE BENS E SERVIÇOS DE ENGENHARIA DESTINADOS  À RENOVAÇÃO DA REDE DE GÁS MONTEVIDEU,Supplier,444323.95,444323.95,USD,PESSOAL,LIQUIDADA,FNT-000011
BND-000210,1505637,"Pós-embarque, serviços de engenharia",2008-12-26,ARGENTINA,ARG,INS-000108,Ente público,"EXPORTAÇÃO DE BENS E SERVIÇOS PARA EXPANSÃO DA CAPACIDADE DE TRANSPORTE DE GÁS NATURAL DAS MALHAS DOS GASODUTOS OPERADOS POR TGS E TGN, A SER IMPLEMENTADO PELA DISTRIBUIDORA CAMMESA.",Supplier,10076609.37,10076609.37,USD,SEGURO DE CRÉDITO / FGE,LIQUIDADA,FNT-000011
BND-000211,1505637,"Pós-embarque, serviços de engenharia",2008-12-26,ARGENTINA,ARG,INS-000108,Ente público,"EXPORTAÇÃO DE BENS E SERVIÇOS PARA EXPANSÃO DA CAPACIDADE DE TRANSPORTE DE GÁS NATURAL DAS MALHAS DOS GASODUTOS OPERADOS POR TGS E TGN, A SER IMPLEMENTADO PELA DISTRIBUIDORA CAMMESA.",Supplier,4419576.54,4419576.54,USD,SEGURO DE CRÉDITO / FGE,LIQUIDADA,FNT-000011
BND-000212,1505637,"Pós-embarque, serviços de engenharia",2008-12-26,ARGENTINA,ARG,INS-000108,Ente público,"EXPORTAÇÃO DE BENS E SERVIÇOS PARA EXPANSÃO DA CAPACIDADE DE TRANSPORTE DE GÁS NATURAL DAS MALHAS DOS GASODUTOS OPERADOS POR TGS E TGN, A SER IMPLEMENTADO PELA DISTRIBUIDORA CAMMESA.",Supplier,9816283.32,9816283.32,USD,SEGURO DE CRÉDITO / FGE,LIQUIDADA,FNT-000011
BND-000213,1505637,"Pós-embarque, serviços de engenharia",2008-12-26,ARGENTINA,ARG,INS-000108,Ente público,"EXPORTAÇÃO DE BENS E SERVIÇOS PARA EXPANSÃO DA CAPACIDADE DE TRANSPORTE DE GÁS NATURAL DAS MALHAS DOS GASODUTOS OPERADOS POR TGS E TGN, A SER IMPLEMENTADO PELA DISTRIBUIDORA CAMMESA.",Supplier,10870336.19,10870336.19,USD,SEGURO DE CRÉDITO / FGE,LIQUIDADA,FNT-000011
BND-000214,1505637,"Pós-embarque, serviços de engenharia",2008-12-26,ARGENTINA,ARG,INS-000108,Ente público,"EXPORTAÇÃO DE BENS E SERVIÇOS PARA EXPANSÃO DA CAPACIDADE DE TRANSPORTE DE GÁS NATURAL DAS MALHAS DOS GASODUTOS OPERADOS POR TGS E TGN, A SER IMPLEMENTADO PELA DISTRIBUIDORA CAMMESA.",Supplier,6572407.0,6572407.0,USD,SEGURO DE CRÉDITO / FGE,LIQUIDADA,FNT-000011
BND-000215,1505637,"Pós-embarque, serviços de engenharia",2008-12-26,ARGENTINA,ARG,INS-000108,Ente público,"EXPORTAÇÃO DE BENS E SERVIÇOS PARA EXPANSÃO DA CAPACIDADE DE TRANSPORTE DE GÁS NATURAL DAS MALHAS DOS GASODUTOS OPERADOS POR TGS E TGN, A SER IMPLEMENTADO PELA DISTRIBUIDORA CAMMESA.",Supplier,4394556.88,4394556.88,USD,SEGURO DE CRÉDITO / FGE,LIQUIDADA,FNT-000011
BND-000216,1505637,"Pós-embarque, serviços de engenharia",2008-12-26,ARGENTINA,ARG,INS-000108,Ente público,"EXPORTAÇÃO DE BENS E SERVIÇOS PARA EXPANSÃO DA CAPACIDADE DE TRANSPORTE DE GÁS NATURAL DAS MALHAS DOS GASODUTOS OPERADOS POR TGS E TGN, A SER IMPLEMENTADO PELA DISTRIBUIDORA CAMMESA.",Supplier,16878236.3,16878236.3,USD,SEGURO DE CRÉDITO / FGE,LIQUIDADA,FNT-000011
BND-000217,1505637,"Pós-embarque, serviços de engenharia",2008-12-26,ARGENTINA,ARG,INS-000108,Ente público,"EXPORTAÇÃO DE BENS E SERVIÇOS PARA EXPANSÃO DA CAPACIDADE DE TRANSPORTE DE GÁS NATURAL DAS MALHAS DOS GASODUTOS OPERADOS POR TGS E TGN, A SER IMPLEMENTADO PELA DISTRIBUIDORA CAMMESA.",Supplier,9255593.0,9255593.0,USD,SEGURO DE CRÉDITO / FGE,LIQUIDADA,FNT-000011
BND-000218,1505637,"Pós-embarque, serviços de engenharia",2008-12-29,ARGENTINA,ARG,INS-000108,Ente público,"EXPORTAÇÃO DE BENS E SERVIÇOS PARA EXPANSÃO DA CAPACIDADE DE TRANSPORTE DE GÁS NATURAL DAS MALHAS DOS GASODUTOS OPERADOS POR TGS E TGN, A SER IMPLEMENTADO PELA DISTRIBUIDORA CAMMESA.",Supplier,3578101.7,3578101.7,USD,SEGURO DE CRÉDITO / FGE,LIQUIDADA,FNT-000011
BND-000219,1505637,"Pós-embarque, serviços de engenharia",2008-12-29,ARGENTINA,ARG,INS-000108,Ente público,"EXPORTAÇÃO DE BENS E SERVIÇOS PARA EXPANSÃO DA CAPACIDADE DE TRANSPORTE DE GÁS NATURAL DAS MALHAS DOS GASODUTOS OPERADOS POR TGS E TGN, A SER IMPLEMENTADO PELA DISTRIBUIDORA CAMMESA.",Supplier,3881637.55,3881637.55,USD,SEGURO DE CRÉDITO / FGE,LIQUIDADA,FNT-000011
BND-000220,1872350,"Pós-embarque, serviços de engenharia",2009-01-21,ANGOLA,AGO,INS-000120,Ente público,"EXPORTAÇÃO DE BENS E SERVIÇOS PARA CONSTRUCAO DA ESCOLA NACIONAL DE ADMINISTRACAO, EM ANGOLA.",Buyer,15006750.0,15006749.770000001,USD,SEGURO DE CRÉDITO / FGE,LIQUIDADA,FNT-000011
BND-000221,1458347,"Pós-embarque, serviços de engenharia",2009-01-30,ARGENTINA,ARG,INS-000108,Ente público,"EXPORTAÇÃO DE BENS E SERVIÇOS DE ENGENHARIA DESTINADOS ·A AMPLIAÇÃO DA CAPACIDADE DE TRANSPORTE DA REDE DE GASODUTOS TRONCAIS DE TGS E TGN, NA ARGENTINA.",Supplier,5925582.85,5925582.85,USD,SEGURO DE CRÉDITO / FGE,LIQUIDADA,FNT-000011
BND-000222,1458347,"Pós-embarque, serviços de engenharia",2009-01-30,ARGENTINA,ARG,INS-000108,Ente público,"EXPORTAÇÃO DE BENS E SERVIÇOS DE ENGENHARIA DESTINADOS ·A AMPLIAÇÃO DA CAPACIDADE DE TRANSPORTE DA REDE DE GASODUTOS TRONCAIS DE TGS E TGN, NA ARGENTINA.",Supplier,4488152.31,4488152.31,USD,SEGURO DE CRÉDITO / FGE,LIQUIDADA,FNT-000011
BND-000223,1458347,"Pós-embarque, serviços de engenharia",2009-01-30,ARGENTINA,ARG,INS-000108,Ente público,"EXPORTAÇÃO DE BENS E SERVIÇOS DE ENGENHARIA DESTINADOS ·A AMPLIAÇÃO DA CAPACIDADE DE TRANSPORTE DA REDE DE GASODUTOS TRONCAIS DE TGS E TGN, NA ARGENTINA.",Supplier,53648.43,53648.43,USD,SEGURO DE CRÉDITO / FGE,LIQUIDADA,FNT-000011
BND-000224,1505637,"Pós-embarque, serviços de engenharia",2009-01-30,ARGENTINA,ARG,INS-000108,Ente público,"EXPORTAÇÃO DE BENS E SERVIÇOS PARA EXPANSÃO DA CAPACIDADE DE TRANSPORTE DE GÁS NATURAL DAS MALHAS DOS GASODUTOS OPERADOS POR TGS E TGN, A SER IMPLEMENTADO PELA DISTRIBUIDORA CAMMESA.",Supplier,3111924.84,3111924.84,USD,SEGURO DE CRÉDITO / FGE,LIQUIDADA,FNT-000011
BND-000225,1505637,"Pós-embarque, serviços de engenharia",2009-01-30,ARGENTINA,ARG,INS-000108,Ente público,"EXPORTAÇÃO DE BENS E SERVIÇOS PARA EXPANSÃO DA CAPACIDADE DE TRANSPORTE DE GÁS NATURAL DAS MALHAS DOS GASODUTOS OPERADOS POR TGS E TGN, A SER IMPLEMENTADO PELA DISTRIBUIDORA CAMMESA.",Supplier,2895307.17,2895307.17,USD,SEGURO DE CRÉDITO / FGE,LIQUIDADA,FNT-000011
BND-000226,1505637,"Pós-embarque, serviços de engenharia",2009-01-30,ARGENTINA,ARG,INS-000108,Ente público,"EXPORTAÇÃO DE BENS E SERVIÇOS PARA EXPANSÃO DA CAPACIDADE DE TRANSPORTE DE GÁS NATURAL DAS MALHAS DOS GASODUTOS OPERADOS POR TGS E TGN, A SER IMPLEMENTADO PELA DISTRIBUIDORA CAMMESA.",Supplier,2878332.68,2878332.68,USD,SEGURO DE CRÉDITO / FGE,LIQUIDADA,FNT-000011
BND-000227,1505637,"Pós-embarque, serviços de engenharia",2009-01-30,ARGENTINA,ARG,INS-000108,Ente público,"EXPORTAÇÃO DE BENS E SERVIÇOS PARA EXPANSÃO DA CAPACIDADE DE TRANSPORTE DE GÁS NATURAL DAS MALHAS DOS GASODUTOS OPERADOS POR TGS E TGN, A SER IMPLEMENTADO PELA DISTRIBUIDORA CAMMESA.",Supplier,14949352.04,14949352.04,USD,SEGURO DE CRÉDITO / FGE,LIQUIDADA,FNT-000011
BND-000228,1876749,"Pós-embarque, serviços de engenharia",2009-02-03,CUBA,CUB,INS-000121,Ente público,EXPORTAÇÃO DE BENS E SERVIÇOS DE ENGENHARIA DESTINADOS A 1ª ETAPA DAS OBRAS DE AMPLIACAO E MODERNIZACAO DO PORTO MARIEL E DE SUA INFRAESTRUTURA DE ACESSO,Supplier,43435000.0,43435000.0,USD,SEGURO DE CRÉDITO / FGE,ATIVA,FNT-000011
BND-000229,1758437,"Pós-embarque, serviços de engenharia",2009-02-05,REPUBLICA DOMINICANA,DOM,INS-000108,Ente público,"EXPORTAÇÃO DE BENS E SERVIÇOS DE ENGENHARIA, DESTINADOS A CONSTRUCAO DE UM AQUEDUTO, NA REPUBLICA DOMINICANA.",Buyer,50286572.0,50260593.85,USD,SEGURO DE CRÉDITO / FGE,LIQUIDADA,FNT-000011
BND-000230,1458347,"Pós-embarque, serviços de engenharia",2009-02-16,ARGENTINA,ARG,INS-000108,Ente público,"EXPORTAÇÃO DE BENS E SERVIÇOS DE ENGENHARIA DESTINADOS ·A AMPLIAÇÃO DA CAPACIDADE DE TRANSPORTE DA REDE DE GASODUTOS TRONCAIS DE TGS E TGN, NA ARGENTINA.",Supplier,5252721.4,5252721.4,USD,SEGURO DE CRÉDITO / FGE,LIQUIDADA,FNT-000011
BND-000231,1458347,"Pós-embarque, serviços de engenharia",2009-02-16,ARGENTINA,ARG,INS-000108,Ente público,"EXPORTAÇÃO DE BENS E SERVIÇOS DE ENGENHARIA DESTINADOS ·A AMPLIAÇÃO DA CAPACIDADE DE TRANSPORTE DA REDE DE GASODUTOS TRONCAIS DE TGS E TGN, NA ARGENTINA.",Supplier,1639364.41,1639364.41,USD,SEGURO DE CRÉDITO / FGE,LIQUIDADA,FNT-000011
BND-000232,1458347,"Pós-embarque, serviços de engenharia",2009-02-16,ARGENTINA,ARG,INS-000108,Ente público,"EXPORTAÇÃO DE BENS E SERVIÇOS DE ENGENHARIA DESTINADOS ·A AMPLIAÇÃO DA CAPACIDADE DE TRANSPORTE DA REDE DE GASODUTOS TRONCAIS DE TGS E TGN, NA ARGENTINA.",Supplier,2414227.66,2414227.66,USD,SEGURO DE CRÉDITO / FGE,LIQUIDADA,FNT-000011
BND-000233,1458347,"Pós-embarque, serviços de engenharia",2009-02-16,ARGENTINA,ARG,INS-000108,Ente público,"EXPORTAÇÃO DE BENS E SERVIÇOS DE ENGENHARIA DESTINADOS ·A AMPLIAÇÃO DA CAPACIDADE DE TRANSPORTE DA REDE DE GASODUTOS TRONCAIS DE TGS E TGN, NA ARGENTINA.",Supplier,7806768.71,7806768.71,USD,SEGURO DE CRÉDITO / FGE,LIQUIDADA,FNT-000011
BND-000234,1458347,"Pós-embarque, serviços de engenharia",2009-02-16,ARGENTINA,ARG,INS-000108,Ente público,"EXPORTAÇÃO DE BENS E SERVIÇOS DE ENGENHARIA DESTINADOS ·A AMPLIAÇÃO DA CAPACIDADE DE TRANSPORTE DA REDE DE GASODUTOS TRONCAIS DE TGS E TGN, NA ARGENTINA.",Supplier,7971848.29,7971848.29,USD,SEGURO DE CRÉDITO / FGE,LIQUIDADA,FNT-000011
BND-000235,1505637,"Pós-embarque, serviços de engenharia",2009-02-16,ARGENTINA,ARG,INS-000108,Ente público,"EXPORTAÇÃO DE BENS E SERVIÇOS PARA EXPANSÃO DA CAPACIDADE DE TRANSPORTE DE GÁS NATURAL DAS MALHAS DOS GASODUTOS OPERADOS POR TGS E TGN, A SER IMPLEMENTADO PELA DISTRIBUIDORA CAMMESA.",Supplier,11493765.19,11493765.19,USD,SEGURO DE CRÉDITO / FGE,LIQUIDADA,FNT-000011
BND-000236,1843213,"Pós-embarque, serviços de engenharia",2009-02-27,REPUBLICA DOMINICANA,DOM,INS-000108,Ente público,"EXPORTAÇÃO DE BENS E SERVIÇOS DE ENGENHARIA DESTINADOS À CONSTRUÇÃO DA UHE PALOMINO, NA REPUBLICA DOMINICANA - FASE II",Buyer,50663060.0,50234363.05,USD,SEGURO DE CRÉDITO / FGE,LIQUIDADA,FNT-000011
BND-000237,1817925,"Pós-embarque, serviços de engenharia",2009-03-13,ANGOLA,AGO,INS-000115,Ente público,"EXPORTAÇÃO DE BENS E SERVIÇOS PARA A 2ª ETAPA DA CONSTRUCAO DA SEXTA AVENIDA, NA REPÚBLICA DE ANGOLA.",Buyer,16597101.83,16584674.45,USD,SEGURO DE CRÉDITO / FGE,LIQUIDADA,FNT-000011
BND-000238,1817927,"Pós-embarque, serviços de engenharia",2009-03-13,ANGOLA,AGO,INS-000115,Ente público,"EXPORTAÇÃO DE BENS E SERVIÇOS PARA A 2ª ETAPA DA CONSTRUÇÃO E REABILITAÇÃO DA QUINTA AVENIDA, NA REPÚBLICA DE ANGOLA.",Buyer,12409955.73,12409955.73,USD,SEGURO DE CRÉDITO / FGE,LIQUIDADA,FNT-000011
BND-000239,1505637,"Pós-embarque, serviços de engenharia",2009-03-16,ARGENTINA,ARG,INS-000108,Ente público,"EXPORTAÇÃO DE BENS E SERVIÇOS PARA EXPANSÃO DA CAPACIDADE DE TRANSPORTE DE GÁS NATURAL DAS MALHAS DOS GASODUTOS OPERADOS POR TGS E TGN, A SER IMPLEMENTADO PELA DISTRIBUIDORA CAMMESA.",Supplier,14078669.69,14078669.69,USD,SEGURO DE CRÉDITO / FGE,LIQUIDADA,FNT-000011
BND-000240,1505637,"Pós-embarque, serviços de engenharia",2009-03-16,ARGENTINA,ARG,INS-000108,Ente público,"EXPORTAÇÃO DE BENS E SERVIÇOS PARA EXPANSÃO DA CAPACIDADE DE TRANSPORTE DE GÁS NATURAL DAS MALHAS DOS GASODUTOS OPERADOS POR TGS E TGN, A SER IMPLEMENTADO PELA DISTRIBUIDORA CAMMESA.",Supplier,10324216.94,10324216.94,USD,SEGURO DE CRÉDITO / FGE,LIQUIDADA,FNT-000011
BND-000241,1458347,"Pós-embarque, serviços de engenharia",2009-03-27,ARGENTINA,ARG,INS-000108,Ente público,"EXPORTAÇÃO DE BENS E SERVIÇOS DE ENGENHARIA DESTINADOS ·A AMPLIAÇÃO DA CAPACIDADE DE TRANSPORTE DA REDE DE GASODUTOS TRONCAIS DE TGS E TGN, NA ARGENTINA.",Supplier,6690282.04,6690282.04,USD,SEGURO DE CRÉDITO / FGE,LIQUIDADA,FNT-000011
BND-000242,1458347,"Pós-embarque, serviços de engenharia",2009-03-27,ARGENTINA,ARG,INS-000108,Ente público,"EXPORTAÇÃO DE BENS E SERVIÇOS DE ENGENHARIA DESTINADOS ·A AMPLIAÇÃO DA CAPACIDADE DE TRANSPORTE DA REDE DE GASODUTOS TRONCAIS DE TGS E TGN, NA ARGENTINA.",Supplier,9254800.44,9254800.44,USD,SEGURO DE CRÉDITO / FGE,LIQUIDADA,FNT-000011
BND-000243,1458347,"Pós-embarque, serviços de engenharia",2009-04-14,ARGENTINA,ARG,INS-000108,Ente público,"EXPORTAÇÃO DE BENS E SERVIÇOS DE ENGENHARIA DESTINADOS ·A AMPLIAÇÃO DA CAPACIDADE DE TRANSPORTE DA REDE DE GASODUTOS TRONCAIS DE TGS E TGN, NA ARGENTINA.",Supplier,517405.98,517405.98,USD,SEGURO DE CRÉDITO / FGE,LIQUIDADA,FNT-000011
BND-000244,1458347,"Pós-embarque, serviços de engenharia",2009-04-14,ARGENTINA,ARG,INS-000108,Ente público,"EXPORTAÇÃO DE BENS E SERVIÇOS DE ENGENHARIA DESTINADOS ·A AMPLIAÇÃO DA CAPACIDADE DE TRANSPORTE DA REDE DE GASODUTOS TRONCAIS DE TGS E TGN, NA ARGENTINA.",Supplier,6324727.85,6324727.85,USD,SEGURO DE CRÉDITO / FGE,LIQUIDADA,FNT-000011
BND-000245,1505637,"Pós-embarque, serviços de engenharia",2009-04-14,ARGENTINA,ARG,INS-000108,Ente público,"EXPORTAÇÃO DE BENS E SERVIÇOS PARA EXPANSÃO DA CAPACIDADE DE TRANSPORTE DE GÁS NATURAL DAS MALHAS DOS GASODUTOS OPERADOS POR TGS E TGN, A SER IMPLEMENTADO PELA DISTRIBUIDORA CAMMESA.",Supplier,4891850.49,4891850.49,USD,SEGURO DE CRÉDITO / FGE,LIQUIDADA,FNT-000011
BND-000246,1855569,"Pós-embarque, serviços de engenharia",2009-04-28,ANGOLA,AGO,INS-000115,Ente público,EXPORTAÇÃO DE BENS E SERVIÇOS PARA OBRAS DO SISTEMA DE TRANSPORTE DE ENERGIA ELETRICA UIGE - MAQUELA DO ZOMBO. (2ª LINHA DE CRÉDITO),Buyer,64705827.36,64559765.38999999,USD,SEGURO DE CRÉDITO / FGE,LIQUIDADA,FNT-000011
BND-000247,1458347,"Pós-embarque, serviços de engenharia",2009-04-29,ARGENTINA,ARG,INS-000108,Ente público,"EXPORTAÇÃO DE BENS E SERVIÇOS DE ENGENHARIA DESTINADOS ·A AMPLIAÇÃO DA CAPACIDADE DE TRANSPORTE DA REDE DE GASODUTOS TRONCAIS DE TGS E TGN, NA ARGENTINA.",Supplier,7657940.63,7657940.63,USD,SEGURO DE CRÉDITO / FGE,LIQUIDADA,FNT-000011
BND-000248,1458347,"Pós-embarque, serviços de engenharia",2009-04-29,ARGENTINA,ARG,INS-000108,Ente público,"EXPORTAÇÃO DE BENS E SERVIÇOS DE ENGENHARIA DESTINADOS ·A AMPLIAÇÃO DA CAPACIDADE DE TRANSPORTE DA REDE DE GASODUTOS TRONCAIS DE TGS E TGN, NA ARGENTINA.",Supplier,3534139.34,3534139.34,USD,SEGURO DE CRÉDITO / FGE,LIQUIDADA,FNT-000011
BND-000249,1505637,"Pós-embarque, serviços de engenharia",2009-04-29,ARGENTINA,ARG,INS-000108,Ente público,"EXPORTAÇÃO DE BENS E SERVIÇOS PARA EXPANSÃO DA CAPACIDADE DE TRANSPORTE DE GÁS NATURAL DAS MALHAS DOS GASODUTOS OPERADOS POR TGS E TGN, A SER IMPLEMENTADO PELA DISTRIBUIDORA CAMMESA.",Supplier,7453400.05,7453400.05,USD,SEGURO DE CRÉDITO / FGE,LIQUIDADA,FNT-000011
BND-000250,1505637,"Pós-embarque, serviços de engenharia",2009-04-29,ARGENTINA,ARG,INS-000108,Ente público,"EXPORTAÇÃO DE BENS E SERVIÇOS PARA EXPANSÃO DA CAPACIDADE DE TRANSPORTE DE GÁS NATURAL DAS MALHAS DOS GASODUTOS OPERADOS POR TGS E TGN, A SER IMPLEMENTADO PELA DISTRIBUIDORA CAMMESA.",Supplier,4461239.26,4461239.26,USD,SEGURO DE CRÉDITO / FGE,LIQUIDADA,FNT-000011
BND-000251,1505637,"Pós-embarque, serviços de engenharia",2009-05-22,ARGENTINA,ARG,INS-000108,Ente público,"EXPORTAÇÃO DE BENS E SERVIÇOS PARA EXPANSÃO DA CAPACIDADE DE TRANSPORTE DE GÁS NATURAL DAS MALHAS DOS GASODUTOS OPERADOS POR TGS E TGN, A SER IMPLEMENTADO PELA DISTRIBUIDORA CAMMESA.",Supplier,471717.99,471717.99,USD,SEGURO DE CRÉDITO / FGE,LIQUIDADA,FNT-000011
BND-000252,1505637,"Pós-embarque, serviços de engenharia",2009-05-22,ARGENTINA,ARG,INS-000108,Ente público,"EXPORTAÇÃO DE BENS E SERVIÇOS PARA EXPANSÃO DA CAPACIDADE DE TRANSPORTE DE GÁS NATURAL DAS MALHAS DOS GASODUTOS OPERADOS POR TGS E TGN, A SER IMPLEMENTADO PELA DISTRIBUIDORA CAMMESA.",Supplier,17278544.51,17278544.51,USD,SEGURO DE CRÉDITO / FGE,LIQUIDADA,FNT-000011
BND-000253,1505637,"Pós-embarque, serviços de engenharia",2009-05-22,ARGENTINA,ARG,INS-000108,Ente público,"EXPORTAÇÃO DE BENS E SERVIÇOS PARA EXPANSÃO DA CAPACIDADE DE TRANSPORTE DE GÁS NATURAL DAS MALHAS DOS GASODUTOS OPERADOS POR TGS E TGN, A SER IMPLEMENTADO PELA DISTRIBUIDORA CAMMESA.",Supplier,588744.21,588744.21,USD,SEGURO DE CRÉDITO / FGE,LIQUIDADA,FNT-000011
BND-000254,1458347,"Pós-embarque, serviços de engenharia",2009-05-25,ARGENTINA,ARG,INS-000108,Ente público,"EXPORTAÇÃO DE BENS E SERVIÇOS DE ENGENHARIA DESTINADOS ·A AMPLIAÇÃO DA CAPACIDADE DE TRANSPORTE DA REDE DE GASODUTOS TRONCAIS DE TGS E TGN, NA ARGENTINA.",Supplier,9230177.45,9230177.45,USD,SEGURO DE CRÉDITO / FGE,LIQUIDADA,FNT-000011
BND-000255,1458347,"Pós-embarque, serviços de engenharia",2009-05-28,ARGENTINA,ARG,INS-000108,Ente público,"EXPORTAÇÃO DE BENS E SERVIÇOS DE ENGENHARIA DESTINADOS ·A AMPLIAÇÃO DA CAPACIDADE DE TRANSPORTE DA REDE DE GASODUTOS TRONCAIS DE TGS E TGN, NA ARGENTINA.",Supplier,151096.28,151096.28,USD,SEGURO DE CRÉDITO / FGE,LIQUIDADA,FNT-000011
BND-000256,2032739,"Pós-embarque, serviços de engenharia",2009-06-10,ANGOLA,AGO,INS-000108,Ente público,EXPORTAÇÃO DE BENS E SERVIÇOS PARA AS OBRAS DA 6ª FASE DO PROGRAMA DE SANEAMENTO BASICO PARA LUANDA - NA REPÚBLICA DE ANGOLA.,Buyer,145063434.93,145009961.53000003,USD,SEGURO DE CRÉDITO / FGE,LIQUIDADA,FNT-000011
BND-000257,2032735,"Pós-embarque, serviços de engenharia",2009-06-18,ANGOLA,AGO,INS-000108,Ente público,"EXPORTAÇÃO DE BENS E SERVIÇOS PARA COSTRUCAO DE AEROPORTO INTERNACIONAL NA COMUNA DE CATUMBELA, PROVINCIA DE BENGUELA - ANGOLA.",Buyer,110500000.0,108599628.72999999,USD,SEGURO DE CRÉDITO / FGE,LIQUIDADA,FNT-000011
BND-000258,1505637,"Pós-embarque, serviços de engenharia",2009-06-22,ARGENTINA,ARG,INS-000108,Ente público,"EXPORTAÇÃO DE BENS E SERVIÇOS PARA EXPANSÃO DA CAPACIDADE DE TRANSPORTE DE GÁS NATURAL DAS MALHAS DOS GASODUTOS OPERADOS POR TGS E TGN, A SER IMPLEMENTADO PELA DISTRIBUIDORA CAMMESA.",Supplier,4776893.77,4776893.77,USD,SEGURO DE CRÉDITO / FGE,LIQUIDADA,FNT-000011
BND-000259,1505637,"Pós-embarque, serviços de engenharia",2009-06-22,ARGENTINA,ARG,INS-000108,Ente público,"EXPORTAÇÃO DE BENS E SERVIÇOS PARA EXPANSÃO DA CAPACIDADE DE TRANSPORTE DE GÁS NATURAL DAS MALHAS DOS GASODUTOS OPERADOS POR TGS E TGN, A SER IMPLEMENTADO PELA DISTRIBUIDORA CAMMESA.",Supplier,28957079.8,28957079.8,USD,SEGURO DE CRÉDITO / FGE,LIQUIDADA,FNT-000011
BND-000260,1505637,"Pós-embarque, serviços de engenharia",2009-06-22,ARGENTINA,ARG,INS-000108,Ente público,"EXPORTAÇÃO DE BENS E SERVIÇOS PARA EXPANSÃO DA CAPACIDADE DE TRANSPORTE DE GÁS NATURAL DAS MALHAS DOS GASODUTOS OPERADOS POR TGS E TGN, A SER IMPLEMENTADO PELA DISTRIBUIDORA CAMMESA.",Supplier,5837863.91,5837863.91,USD,SEGURO DE CRÉDITO / FGE,LIQUIDADA,FNT-000011
BND-000261,1505637,"Pós-embarque, serviços de engenharia",2009-06-22,ARGENTINA,ARG,INS-000108,Ente público,"EXPORTAÇÃO DE BENS E SERVIÇOS PARA EXPANSÃO DA CAPACIDADE DE TRANSPORTE DE GÁS NATURAL DAS MALHAS DOS GASODUTOS OPERADOS POR TGS E TGN, A SER IMPLEMENTADO PELA DISTRIBUIDORA CAMMESA.",Supplier,6705307.27,6705307.27,USD,SEGURO DE CRÉDITO / FGE,LIQUIDADA,FNT-000011
BND-000262,2092797,"Pós-embarque, serviços de engenharia",2009-06-24,REPUBLICA DOMINICANA,DOM,INS-000108,Ente público,"EXPORTAÇÃO DE BENS E SERVIÇOS PARA CONSTRUCAO DE DOIS VIADUTOS E UMA PASSAGEM INFERIOR, REFERENTES A PRIMEIRA ETAPA DO PROJETO CORREDOR VIARIO DUARTE, EM SANTO DOMINGO, REPUBLICA DOMINICANA.",Buyer,48743918.0,48743918.0,USD,SEGURO DE CRÉDITO / FGE,LIQUIDADA,FNT-000011
BND-000263,1458347,"Pós-embarque, serviços de engenharia",2009-06-26,ARGENTINA,ARG,INS-000108,Ente público,"EXPORTAÇÃO DE BENS E SERVIÇOS DE ENGENHARIA DESTINADOS ·A AMPLIAÇÃO DA CAPACIDADE DE TRANSPORTE DA REDE DE GASODUTOS TRONCAIS DE TGS E TGN, NA ARGENTINA.",Supplier,3258658.75,3258658.75,USD,SEGURO DE CRÉDITO / FGE,LIQUIDADA,FNT-000011
BND-000264,1458347,"Pós-embarque, serviços de engenharia",2009-06-26,ARGENTINA,ARG,INS-000108,Ente público,"EXPORTAÇÃO DE BENS E SERVIÇOS DE ENGENHARIA DESTINADOS ·A AMPLIAÇÃO DA CAPACIDADE DE TRANSPORTE DA REDE DE GASODUTOS TRONCAIS DE TGS E TGN, NA ARGENTINA.",Supplier,924904.57,924904.57,USD,SEGURO DE CRÉDITO / FGE,LIQUIDADA,FNT-000011
BND-000265,1458347,"Pós-embarque, serviços de engenharia",2009-06-26,ARGENTINA,ARG,INS-000108,Ente público,"EXPORTAÇÃO DE BENS E SERVIÇOS DE ENGENHARIA DESTINADOS ·A AMPLIAÇÃO DA CAPACIDADE DE TRANSPORTE DA REDE DE GASODUTOS TRONCAIS DE TGS E TGN, NA ARGENTINA.",Supplier,10967456.62,10967456.62,USD,SEGURO DE CRÉDITO / FGE,LIQUIDADA,FNT-000011
BND-000266,1505637,"Pós-embarque, serviços de engenharia",2009-06-26,ARGENTINA,ARG,INS-000108,Ente público,"EXPORTAÇÃO DE BENS E SERVIÇOS PARA EXPANSÃO DA CAPACIDADE DE TRANSPORTE DE GÁS NATURAL DAS MALHAS DOS GASODUTOS OPERADOS POR TGS E TGN, A SER IMPLEMENTADO PELA DISTRIBUIDORA CAMMESA.",Supplier,985930.53,985930.53,USD,SEGURO DE CRÉDITO / FGE,LIQUIDADA,FNT-000011
BND-000267,1505637,"Pós-embarque, serviços de engenharia",2009-06-26,ARGENTINA,ARG,INS-000108,Ente público,"EXPORTAÇÃO DE BENS E SERVIÇOS PARA EXPANSÃO DA CAPACIDADE DE TRANSPORTE DE GÁS NATURAL DAS MALHAS DOS GASODUTOS OPERADOS POR TGS E TGN, A SER IMPLEMENTADO PELA DISTRIBUIDORA CAMMESA.",Supplier,5515875.0,5515875.0,USD,SEGURO DE CRÉDITO / FGE,LIQUIDADA,FNT-000011
BND-000268,1505637,"Pós-embarque, serviços de engenharia",2009-07-23,ARGENTINA,ARG,INS-000108,Ente público,"EXPORTAÇÃO DE BENS E SERVIÇOS PARA EXPANSÃO DA CAPACIDADE DE TRANSPORTE DE GÁS NATURAL DAS MALHAS DOS GASODUTOS OPERADOS POR TGS E TGN, A SER IMPLEMENTADO PELA DISTRIBUIDORA CAMMESA.",Supplier,610628.89,610628.89,USD,SEGURO DE CRÉDITO / FGE,LIQUIDADA,FNT-000011
BND-000269,1458347,"Pós-embarque, serviços de engenharia",2009-07-24,ARGENTINA,ARG,INS-000108,Ente público,"EXPORTAÇÃO DE BENS E SERVIÇOS DE ENGENHARIA DESTINADOS ·A AMPLIAÇÃO DA CAPACIDADE DE TRANSPORTE DA REDE DE GASODUTOS TRONCAIS DE TGS E TGN, NA ARGENTINA.",Supplier,68756.54,68756.54,USD,SEGURO DE CRÉDITO / FGE,LIQUIDADA,FNT-000011
BND-000270,1458347,"Pós-embarque, serviços de engenharia",2009-07-29,ARGENTINA,ARG,INS-000108,Ente público,"EXPORTAÇÃO DE BENS E SERVIÇOS DE ENGENHARIA DESTINADOS ·A AMPLIAÇÃO DA CAPACIDADE DE TRANSPORTE DA REDE DE GASODUTOS TRONCAIS DE TGS E TGN, NA ARGENTINA.",Supplier,7295954.92,7295954.92,USD,SEGURO DE CRÉDITO / FGE,LIQUIDADA,FNT-000011
BND-000271,1505637,"Pós-embarque, serviços de engenharia",2009-07-29,ARGENTINA,ARG,INS-000108,Ente público,"EXPORTAÇÃO DE BENS E SERVIÇOS PARA EXPANSÃO DA CAPACIDADE DE TRANSPORTE DE GÁS NATURAL DAS MALHAS DOS GASODUTOS OPERADOS POR TGS E TGN, A SER IMPLEMENTADO PELA DISTRIBUIDORA CAMMESA.",Supplier,5644861.51,5644861.51,USD,SEGURO DE CRÉDITO / FGE,LIQUIDADA,FNT-000011
BND-000272,1505637,"Pós-embarque, serviços de engenharia",2009-07-29,ARGENTINA,ARG,INS-000108,Ente público,"EXPORTAÇÃO DE BENS E SERVIÇOS PARA EXPANSÃO DA CAPACIDADE DE TRANSPORTE DE GÁS NATURAL DAS MALHAS DOS GASODUTOS OPERADOS POR TGS E TGN, A SER IMPLEMENTADO PELA DISTRIBUIDORA CAMMESA.",Supplier,3288045.29,3288045.29,USD,SEGURO DE CRÉDITO / FGE,LIQUIDADA,FNT-000011
BND-000273,1505637,"Pós-embarque, serviços de engenharia",2009-07-29,ARGENTINA,ARG,INS-000108,Ente público,"EXPORTAÇÃO DE BENS E SERVIÇOS PARA EXPANSÃO DA CAPACIDADE DE TRANSPORTE DE GÁS NATURAL DAS MALHAS DOS GASODUTOS OPERADOS POR TGS E TGN, A SER IMPLEMENTADO PELA DISTRIBUIDORA CAMMESA.",Supplier,1430432.53,1430432.53,USD,SEGURO DE CRÉDITO / FGE,LIQUIDADA,FNT-000011
BND-000274,1458347,"Pós-embarque, serviços de engenharia",2009-07-30,ARGENTINA,ARG,INS-000108,Ente público,"EXPORTAÇÃO DE BENS E SERVIÇOS DE ENGENHARIA DESTINADOS ·A AMPLIAÇÃO DA CAPACIDADE DE TRANSPORTE DA REDE DE GASODUTOS TRONCAIS DE TGS E TGN, NA ARGENTINA.",Supplier,6396626.83,6396626.83,USD,SEGURO DE CRÉDITO / FGE,LIQUIDADA,FNT-000011
BND-000275,1458347,"Pós-embarque, serviços de engenharia",2009-07-30,ARGENTINA,ARG,INS-000108,Ente público,"EXPORTAÇÃO DE BENS E SERVIÇOS DE ENGENHARIA DESTINADOS ·A AMPLIAÇÃO DA CAPACIDADE DE TRANSPORTE DA REDE DE GASODUTOS TRONCAIS DE TGS E TGN, NA ARGENTINA.",Supplier,9286361.24,9286361.24,USD,SEGURO DE CRÉDITO / FGE,LIQUIDADA,FNT-000011
BND-000276,1505637,"Pós-embarque, serviços de engenharia",2009-07-30,ARGENTINA,ARG,INS-000108,Ente público,"EXPORTAÇÃO DE BENS E SERVIÇOS PARA EXPANSÃO DA CAPACIDADE DE TRANSPORTE DE GÁS NATURAL DAS MALHAS DOS GASODUTOS OPERADOS POR TGS E TGN, A SER IMPLEMENTADO PELA DISTRIBUIDORA CAMMESA.",Supplier,7842077.21,7842077.21,USD,SEGURO DE CRÉDITO / FGE,LIQUIDADA,FNT-000011
BND-000277,1505637,"Pós-embarque, serviços de engenharia",2009-08-28,ARGENTINA,ARG,INS-000108,Ente público,"EXPORTAÇÃO DE BENS E SERVIÇOS PARA EXPANSÃO DA CAPACIDADE DE TRANSPORTE DE GÁS NATURAL DAS MALHAS DOS GASODUTOS OPERADOS POR TGS E TGN, A SER IMPLEMENTADO PELA DISTRIBUIDORA CAMMESA.",Supplier,9141379.46,9141379.46,USD,SEGURO DE CRÉDITO / FGE,LIQUIDADA,FNT-000011
BND-000278,1728579,"Pós-embarque, serviços de engenharia",2009-08-28,URUGUAI,URY,INS-000119,Ente privado,EXPORTAÇÃO DE BENS E SERVIÇOS DE ENGENHARIA DESTINADOS  À RENOVAÇÃO DA REDE DE GÁS MONTEVIDEU,Supplier,753083.33,753083.33,USD,PESSOAL,LIQUIDADA,FNT-000011
BND-000279,1505637,"Pós-embarque, serviços de engenharia",2009-09-24,ARGENTINA,ARG,INS-000108,Ente público,"EXPORTAÇÃO DE BENS E SERVIÇOS PARA EXPANSÃO DA CAPACIDADE DE TRANSPORTE DE GÁS NATURAL DAS MALHAS DOS GASODUTOS OPERADOS POR TGS E TGN, A SER IMPLEMENTADO PELA DISTRIBUIDORA CAMMESA.",Supplier,126760.28,126760.28,USD,SEGURO DE CRÉDITO / FGE,LIQUIDADA,FNT-000011
BND-000280,1505637,"Pós-embarque, serviços de engenharia",2009-09-28,ARGENTINA,ARG,INS-000108,Ente público,"EXPORTAÇÃO DE BENS E SERVIÇOS PARA EXPANSÃO DA CAPACIDADE DE TRANSPORTE DE GÁS NATURAL DAS MALHAS DOS GASODUTOS OPERADOS POR TGS E TGN, A SER IMPLEMENTADO PELA DISTRIBUIDORA CAMMESA.",Supplier,2619544.67,2619544.67,USD,SEGURO DE CRÉDITO / FGE,LIQUIDADA,FNT-000011
BND-000281,1458347,"Pós-embarque, serviços de engenharia",2009-09-29,ARGENTINA,ARG,INS-000108,Ente público,"EXPORTAÇÃO DE BENS E SERVIÇOS DE ENGENHARIA DESTINADOS ·A AMPLIAÇÃO DA CAPACIDADE DE TRANSPORTE DA REDE DE GASODUTOS TRONCAIS DE TGS E TGN, NA ARGENTINA.",Supplier,286269.0,286269.0,USD,SEGURO DE CRÉDITO / FGE,LIQUIDADA,FNT-000011
BND-000282,1458347,"Pós-embarque, serviços de engenharia",2009-09-29,ARGENTINA,ARG,INS-000108,Ente público,"EXPORTAÇÃO DE BENS E SERVIÇOS DE ENGENHARIA DESTINADOS ·A AMPLIAÇÃO DA CAPACIDADE DE TRANSPORTE DA REDE DE GASODUTOS TRONCAIS DE TGS E TGN, NA ARGENTINA.",Supplier,1766152.54,1766152.54,USD,SEGURO DE CRÉDITO / FGE,LIQUIDADA,FNT-000011
BND-000283,1458347,"Pós-embarque, serviços de engenharia",2009-09-29,ARGENTINA,ARG,INS-000108,Ente público,"EXPORTAÇÃO DE BENS E SERVIÇOS DE ENGENHARIA DESTINADOS ·A AMPLIAÇÃO DA CAPACIDADE DE TRANSPORTE DA REDE DE GASODUTOS TRONCAIS DE TGS E TGN, NA ARGENTINA.",Supplier,4089937.43,4089937.43,USD,SEGURO DE CRÉDITO / FGE,LIQUIDADA,FNT-000011
BND-000284,1728579,"Pós-embarque, serviços de engenharia",2009-09-29,URUGUAI,URY,INS-000119,Ente privado,EXPORTAÇÃO DE BENS E SERVIÇOS DE ENGENHARIA DESTINADOS  À RENOVAÇÃO DA REDE DE GÁS MONTEVIDEU,Supplier,893273.71,893273.71,USD,PESSOAL,LIQUIDADA,FNT-000011
BND-000285,1458347,"Pós-embarque, serviços de engenharia",2009-10-29,ARGENTINA,ARG,INS-000108,Ente público,"EXPORTAÇÃO DE BENS E SERVIÇOS DE ENGENHARIA DESTINADOS ·A AMPLIAÇÃO DA CAPACIDADE DE TRANSPORTE DA REDE DE GASODUTOS TRONCAIS DE TGS E TGN, NA ARGENTINA.",Supplier,7719187.19,7719187.19,USD,SEGURO DE CRÉDITO / FGE,LIQUIDADA,FNT-000011
BND-000286,2059070,"Pós-embarque, serviços de engenharia",2009-11-12,VENEZUELA,VEN,INS-000108,Ente público,"EXPORTAÇÃO DE BENS E SERVIÇOS DE ENGENHARIA DESTINADOS A CONSTRUCAO DA LINHA II DO METRO DE LOS TEQUES, NA VENEZUELA, COM 12 KM DE EXTENSAO E 6 ESTACOES EM SEU PERCURSO.",Supplier,527847704.0,492975886.84999985,USD,SEGURO DE CRÉDITO / FGE,LIQUIDADA,FNT-000011
BND-000287,2059071,"Pós-embarque, serviços de engenharia",2009-11-12,VENEZUELA,VEN,INS-000108,Ente público,"EXPORTAÇÃO DE BENS E SERVIÇOS DE ENGENHARIA DESTINADOS A CONSTRUCAO DA LINHA V DO METRO DE CARACAS, NA VENEZUELA.",Supplier,219342333.0,197749329.66000003,USD,SEGURO DE CRÉDITO / FGE,LIQUIDADA,FNT-000011
BND-000288,1458347,"Pós-embarque, serviços de engenharia",2009-12-23,ARGENTINA,ARG,INS-000108,Ente público,"EXPORTAÇÃO DE BENS E SERVIÇOS DE ENGENHARIA DESTINADOS ·A AMPLIAÇÃO DA CAPACIDADE DE TRANSPORTE DA REDE DE GASODUTOS TRONCAIS DE TGS E TGN, NA ARGENTINA.",Supplier,7329681.98,7329681.98,USD,SEGURO DE CRÉDITO / FGE,LIQUIDADA,FNT-000011
BND-000289,1458347,"Pós-embarque, serviços de engenharia",2009-12-23,ARGENTINA,ARG,INS-000108,Ente público,"EXPORTAÇÃO DE BENS E SERVIÇOS DE ENGENHARIA DESTINADOS ·A AMPLIAÇÃO DA CAPACIDADE DE TRANSPORTE DA REDE DE GASODUTOS TRONCAIS DE TGS E TGN, NA ARGENTINA.",Supplier,3983189.48,3983189.48,USD,SEGURO DE CRÉDITO / FGE,LIQUIDADA,FNT-000011
BND-000290,1554546,"Pós-embarque, serviços de engenharia",2010-02-26,ARGENTINA,ARG,INS-000108,Ente público,"EXPORTAÇÃO DE BENS E SERVIÇOS DE ENGENHARIA PARA CONSTRUÇÃO DA PLANTA DE TRATAMENTO  E DO SISTEMA DE DISTRIBUIÇÃO DE ÁGUA DE PARANÁ DE LAS PALMAS, NA REPÚBLICA DA ARGENTINA.",Supplier,22540153.76,22540153.76,USD,SEGURO DE CRÉDITO / FGE,LIQUIDADA,FNT-000011
BND-000291,2136023,"Pós-embarque, serviços de engenharia",2010-03-08,PERU,PER,INS-000107,Ente privado,EXPORTAÇÃO DE BENS E SERVIÇOS DE ENGENHARIA DESTINADOS  À CONSTRUÇÃO DE UMA PLANTA DE DESSALINIZAÇÃO DE ÁGUA -  PROJETO BAYOVAR - ABASTECIMENTO DE ÁGUA,Buyer,58231903.0,58134556.05,USD,PESSOAL,LIQUIDADA,FNT-000011
BND-000292,1458347,"Pós-embarque, serviços de engenharia",2010-03-30,ARGENTINA,ARG,INS-000108,Ente público,"EXPORTAÇÃO DE BENS E SERVIÇOS DE ENGENHARIA DESTINADOS ·A AMPLIAÇÃO DA CAPACIDADE DE TRANSPORTE DA REDE DE GASODUTOS TRONCAIS DE TGS E TGN, NA ARGENTINA.",Supplier,450079.89,450079.89,USD,SEGURO DE CRÉDITO / FGE,LIQUIDADA,FNT-000011
BND-000293,1458347,"Pós-embarque, serviços de engenharia",2010-03-30,ARGENTINA,ARG,INS-000108,Ente público,"EXPORTAÇÃO DE BENS E SERVIÇOS DE ENGENHARIA DESTINADOS ·A AMPLIAÇÃO DA CAPACIDADE DE TRANSPORTE DA REDE DE GASODUTOS TRONCAIS DE TGS E TGN, NA ARGENTINA.",Supplier,808973.86,808973.86,USD,SEGURO DE CRÉDITO / FGE,LIQUIDADA,FNT-000011
BND-000294,1458347,"Pós-embarque, serviços de engenharia",2010-03-30,ARGENTINA,ARG,INS-000108,Ente público,"EXPORTAÇÃO DE BENS E SERVIÇOS DE ENGENHARIA DESTINADOS ·A AMPLIAÇÃO DA CAPACIDADE DE TRANSPORTE DA REDE DE GASODUTOS TRONCAIS DE TGS E TGN, NA ARGENTINA.",Supplier,78226.99,78226.99,USD,SEGURO DE CRÉDITO / FGE,LIQUIDADA,FNT-000011
BND-000295,1458347,"Pós-embarque, serviços de engenharia",2010-03-30,ARGENTINA,ARG,INS-000108,Ente público,"EXPORTAÇÃO DE BENS E SERVIÇOS DE ENGENHARIA DESTINADOS ·A AMPLIAÇÃO DA CAPACIDADE DE TRANSPORTE DA REDE DE GASODUTOS TRONCAIS DE TGS E TGN, NA ARGENTINA.",Supplier,841613.13,841613.13,USD,SEGURO DE CRÉDITO / FGE,LIQUIDADA,FNT-000011
BND-000296,1554546,"Pós-embarque, serviços de engenharia",2010-03-30,ARGENTINA,ARG,INS-000108,Ente público,"EXPORTAÇÃO DE BENS E SERVIÇOS DE ENGENHARIA PARA CONSTRUÇÃO DA PLANTA DE TRATAMENTO  E DO SISTEMA DE DISTRIBUIÇÃO DE ÁGUA DE PARANÁ DE LAS PALMAS, NA REPÚBLICA DA ARGENTINA.",Supplier,2928405.97,2928405.97,USD,SEGURO DE CRÉDITO / FGE,LIQUIDADA,FNT-000011
BND-000297,1554546,"Pós-embarque, serviços de engenharia",2010-03-30,ARGENTINA,ARG,INS-000108,Ente público,"EXPORTAÇÃO DE BENS E SERVIÇOS DE ENGENHARIA PARA CONSTRUÇÃO DA PLANTA DE TRATAMENTO  E DO SISTEMA DE DISTRIBUIÇÃO DE ÁGUA DE PARANÁ DE LAS PALMAS, NA REPÚBLICA DA ARGENTINA.",Supplier,3189967.27,3189967.27,USD,SEGURO DE CRÉDITO / FGE,LIQUIDADA,FNT-000011
BND-000298,1554546,"Pós-embarque, serviços de engenharia",2010-03-30,ARGENTINA,ARG,INS-000108,Ente público,"EXPORTAÇÃO DE BENS E SERVIÇOS DE ENGENHARIA PARA CONSTRUÇÃO DA PLANTA DE TRATAMENTO  E DO SISTEMA DE DISTRIBUIÇÃO DE ÁGUA DE PARANÁ DE LAS PALMAS, NA REPÚBLICA DA ARGENTINA.",Supplier,1348396.93,1348396.93,USD,SEGURO DE CRÉDITO / FGE,LIQUIDADA,FNT-000011
BND-000299,1458347,"Pós-embarque, serviços de engenharia",2010-04-12,ARGENTINA,ARG,INS-000108,Ente público,"EXPORTAÇÃO DE BENS E SERVIÇOS DE ENGENHARIA DESTINADOS ·A AMPLIAÇÃO DA CAPACIDADE DE TRANSPORTE DA REDE DE GASODUTOS TRONCAIS DE TGS E TGN, NA ARGENTINA.",Supplier,26953013.0,26953013.0,USD,SEGURO DE CRÉDITO / FGE,LIQUIDADA,FNT-000011
BND-000300,1458347,"Pós-embarque, serviços de engenharia",2010-04-12,ARGENTINA,ARG,INS-000108,Ente público,"EXPORTAÇÃO DE BENS E SERVIÇOS DE ENGENHARIA DESTINADOS ·A AMPLIAÇÃO DA CAPACIDADE DE TRANSPORTE DA REDE DE GASODUTOS TRONCAIS DE TGS E TGN, NA ARGENTINA.",Supplier,6438023.07,6438023.07,USD,SEGURO DE CRÉDITO / FGE,LIQUIDADA,FNT-000011
BND-000301,1554546,"Pós-embarque, serviços de engenharia",2010-04-27,ARGENTINA,ARG,INS-000108,Ente público,"EXPORTAÇÃO DE BENS E SERVIÇOS DE ENGENHARIA PARA CONSTRUÇÃO DA PLANTA DE TRATAMENTO  E DO SISTEMA DE DISTRIBUIÇÃO DE ÁGUA DE PARANÁ DE LAS PALMAS, NA REPÚBLICA DA ARGENTINA.",Supplier,3526169.83,3526169.83,USD,SEGURO DE CRÉDITO / FGE,LIQUIDADA,FNT-000011
BND-000302,1554546,"Pós-embarque, serviços de engenharia",2010-04-29,ARGENTINA,ARG,INS-000108,Ente público,"EXPORTAÇÃO DE BENS E SERVIÇOS DE ENGENHARIA PARA CONSTRUÇÃO DA PLANTA DE TRATAMENTO  E DO SISTEMA DE DISTRIBUIÇÃO DE ÁGUA DE PARANÁ DE LAS PALMAS, NA REPÚBLICA DA ARGENTINA.",Supplier,961905.22,961905.22,USD,SEGURO DE CRÉDITO / FGE,LIQUIDADA,FNT-000011
BND-000303,2013405,"Pós-embarque, serviços de engenharia",2010-05-04,CUBA,CUB,INS-000122,Ente público,EXPORTAÇÃO DE BENS E SERVIÇOS PARA CONSTRUCAO DE UMA PLANTA PARA A PRODUÇÃO DE SOLUÇÕES PARENTERAIS DE GRANDE VOLUME (SPGV) E SOLUÇÕES PARA HEMODIÁLISE (SCH) NA REPÚBLICA DE CUBA.,Buyer,14875841.0,14875839.760000005,USD,SEGURO DE CRÉDITO / FGE,ATIVA,FNT-000011
BND-000304,2298971,"Pós-embarque, serviços de engenharia",2010-05-04,REPUBLICA DOMINICANA,DOM,INS-000108,Ente público,"EXPORTAÇÃO DE BENS E SERVIÇOS DE ENGENHARIA DESTINADOS A CONSTRUCAO DE QUATRO VIADUTOS REFERENTES A SEGUNDA ETAPA DO PROJETO CORREDOR VIARIO DUARTE, EM SANTO DOMINGO, REPUBLICA DOMINICANA.",Buyer,52785122.0,45774458.099999994,USD,SEGURO DE CRÉDITO / FGE,LIQUIDADA,FNT-000011
BND-000305,1554546,"Pós-embarque, serviços de engenharia",2010-05-12,ARGENTINA,ARG,INS-000108,Ente público,"EXPORTAÇÃO DE BENS E SERVIÇOS DE ENGENHARIA PARA CONSTRUÇÃO DA PLANTA DE TRATAMENTO  E DO SISTEMA DE DISTRIBUIÇÃO DE ÁGUA DE PARANÁ DE LAS PALMAS, NA REPÚBLICA DA ARGENTINA.",Supplier,472208.91,472208.91,USD,SEGURO DE CRÉDITO / FGE,LIQUIDADA,FNT-000011
BND-000306,1554546,"Pós-embarque, serviços de engenharia",2010-05-12,ARGENTINA,ARG,INS-000108,Ente público,"EXPORTAÇÃO DE BENS E SERVIÇOS DE ENGENHARIA PARA CONSTRUÇÃO DA PLANTA DE TRATAMENTO  E DO SISTEMA DE DISTRIBUIÇÃO DE ÁGUA DE PARANÁ DE LAS PALMAS, NA REPÚBLICA DA ARGENTINA.",Supplier,4216356.11,4216356.11,USD,SEGURO DE CRÉDITO / FGE,LIQUIDADA,FNT-000011
BND-000307,1554546,"Pós-embarque, serviços de engenharia",2010-05-24,ARGENTINA,ARG,INS-000108,Ente público,"EXPORTAÇÃO DE BENS E SERVIÇOS DE ENGENHARIA PARA CONSTRUÇÃO DA PLANTA DE TRATAMENTO  E DO SISTEMA DE DISTRIBUIÇÃO DE ÁGUA DE PARANÁ DE LAS PALMAS, NA REPÚBLICA DA ARGENTINA.",Supplier,4161528.76,4161528.76,USD,SEGURO DE CRÉDITO / FGE,LIQUIDADA,FNT-000011
BND-000308,1554546,"Pós-embarque, serviços de engenharia",2010-05-24,ARGENTINA,ARG,INS-000108,Ente público,"EXPORTAÇÃO DE BENS E SERVIÇOS DE ENGENHARIA PARA CONSTRUÇÃO DA PLANTA DE TRATAMENTO  E DO SISTEMA DE DISTRIBUIÇÃO DE ÁGUA DE PARANÁ DE LAS PALMAS, NA REPÚBLICA DA ARGENTINA.",Supplier,7489163.34,7489163.34,USD,SEGURO DE CRÉDITO / FGE,LIQUIDADA,FNT-000011
BND-000309,1554546,"Pós-embarque, serviços de engenharia",2010-05-24,ARGENTINA,ARG,INS-000108,Ente público,"EXPORTAÇÃO DE BENS E SERVIÇOS DE ENGENHARIA PARA CONSTRUÇÃO DA PLANTA DE TRATAMENTO  E DO SISTEMA DE DISTRIBUIÇÃO DE ÁGUA DE PARANÁ DE LAS PALMAS, NA REPÚBLICA DA ARGENTINA.",Supplier,4933844.27,4933844.27,USD,SEGURO DE CRÉDITO / FGE,LIQUIDADA,FNT-000011
BND-000310,1554546,"Pós-embarque, serviços de engenharia",2010-05-24,ARGENTINA,ARG,INS-000108,Ente público,"EXPORTAÇÃO DE BENS E SERVIÇOS DE ENGENHARIA PARA CONSTRUÇÃO DA PLANTA DE TRATAMENTO  E DO SISTEMA DE DISTRIBUIÇÃO DE ÁGUA DE PARANÁ DE LAS PALMAS, NA REPÚBLICA DA ARGENTINA.",Supplier,1071968.36,1071968.36,USD,SEGURO DE CRÉDITO / FGE,LIQUIDADA,FNT-000011
BND-000311,1554546,"Pós-embarque, serviços de engenharia",2010-05-24,ARGENTINA,ARG,INS-000108,Ente público,"EXPORTAÇÃO DE BENS E SERVIÇOS DE ENGENHARIA PARA CONSTRUÇÃO DA PLANTA DE TRATAMENTO  E DO SISTEMA DE DISTRIBUIÇÃO DE ÁGUA DE PARANÁ DE LAS PALMAS, NA REPÚBLICA DA ARGENTINA.",Supplier,503701.02,503701.02,USD,SEGURO DE CRÉDITO / FGE,LIQUIDADA,FNT-000011
BND-000312,1554546,"Pós-embarque, serviços de engenharia",2010-05-24,ARGENTINA,ARG,INS-000108,Ente público,"EXPORTAÇÃO DE BENS E SERVIÇOS DE ENGENHARIA PARA CONSTRUÇÃO DA PLANTA DE TRATAMENTO  E DO SISTEMA DE DISTRIBUIÇÃO DE ÁGUA DE PARANÁ DE LAS PALMAS, NA REPÚBLICA DA ARGENTINA.",Supplier,1286924.41,1286924.41,USD,SEGURO DE CRÉDITO / FGE,LIQUIDADA,FNT-000011
BND-000313,1505637,"Pós-embarque, serviços de engenharia",2010-05-28,ARGENTINA,ARG,INS-000108,Ente público,"EXPORTAÇÃO DE BENS E SERVIÇOS PARA EXPANSÃO DA CAPACIDADE DE TRANSPORTE DE GÁS NATURAL DAS MALHAS DOS GASODUTOS OPERADOS POR TGS E TGN, A SER IMPLEMENTADO PELA DISTRIBUIDORA CAMMESA.",Supplier,1503993.36,1503993.36,USD,SEGURO DE CRÉDITO / FGE,LIQUIDADA,FNT-000011
BND-000314,1554546,"Pós-embarque, serviços de engenharia",2010-05-28,ARGENTINA,ARG,INS-000108,Ente público,"EXPORTAÇÃO DE BENS E SERVIÇOS DE ENGENHARIA PARA CONSTRUÇÃO DA PLANTA DE TRATAMENTO  E DO SISTEMA DE DISTRIBUIÇÃO DE ÁGUA DE PARANÁ DE LAS PALMAS, NA REPÚBLICA DA ARGENTINA.",Supplier,5007230.73,5007230.73,USD,SEGURO DE CRÉDITO / FGE,LIQUIDADA,FNT-000011
BND-000315,1554546,"Pós-embarque, serviços de engenharia",2010-05-28,ARGENTINA,ARG,INS-000108,Ente público,"EXPORTAÇÃO DE BENS E SERVIÇOS DE ENGENHARIA PARA CONSTRUÇÃO DA PLANTA DE TRATAMENTO  E DO SISTEMA DE DISTRIBUIÇÃO DE ÁGUA DE PARANÁ DE LAS PALMAS, NA REPÚBLICA DA ARGENTINA.",Supplier,1815935.59,1815935.59,USD,SEGURO DE CRÉDITO / FGE,LIQUIDADA,FNT-000011
BND-000316,1554546,"Pós-embarque, serviços de engenharia",2010-05-28,ARGENTINA,ARG,INS-000108,Ente público,"EXPORTAÇÃO DE BENS E SERVIÇOS DE ENGENHARIA PARA CONSTRUÇÃO DA PLANTA DE TRATAMENTO  E DO SISTEMA DE DISTRIBUIÇÃO DE ÁGUA DE PARANÁ DE LAS PALMAS, NA REPÚBLICA DA ARGENTINA.",Supplier,2805410.83,2805410.83,USD,SEGURO DE CRÉDITO / FGE,LIQUIDADA,FNT-000011
BND-000317,1554546,"Pós-embarque, serviços de engenharia",2010-05-28,ARGENTINA,ARG,INS-000108,Ente público,"EXPORTAÇÃO DE BENS E SERVIÇOS DE ENGENHARIA PARA CONSTRUÇÃO DA PLANTA DE TRATAMENTO  E DO SISTEMA DE DISTRIBUIÇÃO DE ÁGUA DE PARANÁ DE LAS PALMAS, NA REPÚBLICA DA ARGENTINA.",Supplier,800322.69,800322.69,USD,SEGURO DE CRÉDITO / FGE,LIQUIDADA,FNT-000011
BND-000318,1554546,"Pós-embarque, serviços de engenharia",2010-06-28,ARGENTINA,ARG,INS-000108,Ente público,"EXPORTAÇÃO DE BENS E SERVIÇOS DE ENGENHARIA PARA CONSTRUÇÃO DA PLANTA DE TRATAMENTO  E DO SISTEMA DE DISTRIBUIÇÃO DE ÁGUA DE PARANÁ DE LAS PALMAS, NA REPÚBLICA DA ARGENTINA.",Supplier,1418041.99,1418041.99,USD,SEGURO DE CRÉDITO / FGE,LIQUIDADA,FNT-000011
BND-000319,1554546,"Pós-embarque, serviços de engenharia",2010-06-28,ARGENTINA,ARG,INS-000108,Ente público,"EXPORTAÇÃO DE BENS E SERVIÇOS DE ENGENHARIA PARA CONSTRUÇÃO DA PLANTA DE TRATAMENTO  E DO SISTEMA DE DISTRIBUIÇÃO DE ÁGUA DE PARANÁ DE LAS PALMAS, NA REPÚBLICA DA ARGENTINA.",Supplier,674962.88,674962.88,USD,SEGURO DE CRÉDITO / FGE,LIQUIDADA,FNT-000011
BND-000320,1554546,"Pós-embarque, serviços de engenharia",2010-06-28,ARGENTINA,ARG,INS-000108,Ente público,"EXPORTAÇÃO DE BENS E SERVIÇOS DE ENGENHARIA PARA CONSTRUÇÃO DA PLANTA DE TRATAMENTO  E DO SISTEMA DE DISTRIBUIÇÃO DE ÁGUA DE PARANÁ DE LAS PALMAS, NA REPÚBLICA DA ARGENTINA.",Supplier,41500.98,41500.98,USD,SEGURO DE CRÉDITO / FGE,LIQUIDADA,FNT-000011
BND-000321,1554546,"Pós-embarque, serviços de engenharia",2010-06-28,ARGENTINA,ARG,INS-000108,Ente público,"EXPORTAÇÃO DE BENS E SERVIÇOS DE ENGENHARIA PARA CONSTRUÇÃO DA PLANTA DE TRATAMENTO  E DO SISTEMA DE DISTRIBUIÇÃO DE ÁGUA DE PARANÁ DE LAS PALMAS, NA REPÚBLICA DA ARGENTINA.",Supplier,774315.92,774315.92,USD,SEGURO DE CRÉDITO / FGE,LIQUIDADA,FNT-000011
BND-000322,1554546,"Pós-embarque, serviços de engenharia",2010-07-14,ARGENTINA,ARG,INS-000108,Ente público,"EXPORTAÇÃO DE BENS E SERVIÇOS DE ENGENHARIA PARA CONSTRUÇÃO DA PLANTA DE TRATAMENTO  E DO SISTEMA DE DISTRIBUIÇÃO DE ÁGUA DE PARANÁ DE LAS PALMAS, NA REPÚBLICA DA ARGENTINA.",Supplier,2086715.44,2086715.44,USD,SEGURO DE CRÉDITO / FGE,LIQUIDADA,FNT-000011
BND-000323,1554546,"Pós-embarque, serviços de engenharia",2010-07-15,ARGENTINA,ARG,INS-000108,Ente público,"EXPORTAÇÃO DE BENS E SERVIÇOS DE ENGENHARIA PARA CONSTRUÇÃO DA PLANTA DE TRATAMENTO  E DO SISTEMA DE DISTRIBUIÇÃO DE ÁGUA DE PARANÁ DE LAS PALMAS, NA REPÚBLICA DA ARGENTINA.",Supplier,811193.14,811193.14,USD,SEGURO DE CRÉDITO / FGE,LIQUIDADA,FNT-000011
BND-000324,1554546,"Pós-embarque, serviços de engenharia",2010-07-16,ARGENTINA,ARG,INS-000108,Ente público,"EXPORTAÇÃO DE BENS E SERVIÇOS DE ENGENHARIA PARA CONSTRUÇÃO DA PLANTA DE TRATAMENTO  E DO SISTEMA DE DISTRIBUIÇÃO DE ÁGUA DE PARANÁ DE LAS PALMAS, NA REPÚBLICA DA ARGENTINA.",Supplier,692270.98,692270.98,USD,SEGURO DE CRÉDITO / FGE,LIQUIDADA,FNT-000011
BND-000325,1554546,"Pós-embarque, serviços de engenharia",2010-07-26,ARGENTINA,ARG,INS-000108,Ente público,"EXPORTAÇÃO DE BENS E SERVIÇOS DE ENGENHARIA PARA CONSTRUÇÃO DA PLANTA DE TRATAMENTO  E DO SISTEMA DE DISTRIBUIÇÃO DE ÁGUA DE PARANÁ DE LAS PALMAS, NA REPÚBLICA DA ARGENTINA.",Supplier,10462.87,10462.87,USD,SEGURO DE CRÉDITO / FGE,LIQUIDADA,FNT-000011
BND-000326,1554546,"Pós-embarque, serviços de engenharia",2010-07-26,ARGENTINA,ARG,INS-000108,Ente público,"EXPORTAÇÃO DE BENS E SERVIÇOS DE ENGENHARIA PARA CONSTRUÇÃO DA PLANTA DE TRATAMENTO  E DO SISTEMA DE DISTRIBUIÇÃO DE ÁGUA DE PARANÁ DE LAS PALMAS, NA REPÚBLICA DA ARGENTINA.",Supplier,3063281.43,3063281.43,USD,SEGURO DE CRÉDITO / FGE,LIQUIDADA,FNT-000011
BND-000327,1554546,"Pós-embarque, serviços de engenharia",2010-07-26,ARGENTINA,ARG,INS-000108,Ente público,"EXPORTAÇÃO DE BENS E SERVIÇOS DE ENGENHARIA PARA CONSTRUÇÃO DA PLANTA DE TRATAMENTO  E DO SISTEMA DE DISTRIBUIÇÃO DE ÁGUA DE PARANÁ DE LAS PALMAS, NA REPÚBLICA DA ARGENTINA.",Supplier,2104888.92,2104888.92,USD,SEGURO DE CRÉDITO / FGE,LIQUIDADA,FNT-000011
BND-000328,1554546,"Pós-embarque, serviços de engenharia",2010-07-26,ARGENTINA,ARG,INS-000108,Ente público,"EXPORTAÇÃO DE BENS E SERVIÇOS DE ENGENHARIA PARA CONSTRUÇÃO DA PLANTA DE TRATAMENTO  E DO SISTEMA DE DISTRIBUIÇÃO DE ÁGUA DE PARANÁ DE LAS PALMAS, NA REPÚBLICA DA ARGENTINA.",Supplier,2048620.05,2048620.05,USD,SEGURO DE CRÉDITO / FGE,LIQUIDADA,FNT-000011
BND-000329,1554546,"Pós-embarque, serviços de engenharia",2010-07-26,ARGENTINA,ARG,INS-000108,Ente público,"EXPORTAÇÃO DE BENS E SERVIÇOS DE ENGENHARIA PARA CONSTRUÇÃO DA PLANTA DE TRATAMENTO  E DO SISTEMA DE DISTRIBUIÇÃO DE ÁGUA DE PARANÁ DE LAS PALMAS, NA REPÚBLICA DA ARGENTINA.",Supplier,2631165.21,2631165.21,USD,SEGURO DE CRÉDITO / FGE,LIQUIDADA,FNT-000011
BND-000330,1554546,"Pós-embarque, serviços de engenharia",2010-08-11,ARGENTINA,ARG,INS-000108,Ente público,"EXPORTAÇÃO DE BENS E SERVIÇOS DE ENGENHARIA PARA CONSTRUÇÃO DA PLANTA DE TRATAMENTO  E DO SISTEMA DE DISTRIBUIÇÃO DE ÁGUA DE PARANÁ DE LAS PALMAS, NA REPÚBLICA DA ARGENTINA.",Supplier,178021.78,178021.78,USD,SEGURO DE CRÉDITO / FGE,LIQUIDADA,FNT-000011
BND-000331,1554546,"Pós-embarque, serviços de engenharia",2010-08-11,ARGENTINA,ARG,INS-000108,Ente público,"EXPORTAÇÃO DE BENS E SERVIÇOS DE ENGENHARIA PARA CONSTRUÇÃO DA PLANTA DE TRATAMENTO  E DO SISTEMA DE DISTRIBUIÇÃO DE ÁGUA DE PARANÁ DE LAS PALMAS, NA REPÚBLICA DA ARGENTINA.",Supplier,1007327.23,1007327.23,USD,SEGURO DE CRÉDITO / FGE,LIQUIDADA,FNT-000011
BND-000332,1554546,"Pós-embarque, serviços de engenharia",2010-08-11,ARGENTINA,ARG,INS-000108,Ente público,"EXPORTAÇÃO DE BENS E SERVIÇOS DE ENGENHARIA PARA CONSTRUÇÃO DA PLANTA DE TRATAMENTO  E DO SISTEMA DE DISTRIBUIÇÃO DE ÁGUA DE PARANÁ DE LAS PALMAS, NA REPÚBLICA DA ARGENTINA.",Supplier,397474.67,397474.67,USD,SEGURO DE CRÉDITO / FGE,LIQUIDADA,FNT-000011
BND-000333,1554546,"Pós-embarque, serviços de engenharia",2010-08-11,ARGENTINA,ARG,INS-000108,Ente público,"EXPORTAÇÃO DE BENS E SERVIÇOS DE ENGENHARIA PARA CONSTRUÇÃO DA PLANTA DE TRATAMENTO  E DO SISTEMA DE DISTRIBUIÇÃO DE ÁGUA DE PARANÁ DE LAS PALMAS, NA REPÚBLICA DA ARGENTINA.",Supplier,2912547.72,2912547.72,USD,SEGURO DE CRÉDITO / FGE,LIQUIDADA,FNT-000011
BND-000334,1505637,"Pós-embarque, serviços de engenharia",2010-08-12,ARGENTINA,ARG,INS-000108,Ente público,"EXPORTAÇÃO DE BENS E SERVIÇOS PARA EXPANSÃO DA CAPACIDADE DE TRANSPORTE DE GÁS NATURAL DAS MALHAS DOS GASODUTOS OPERADOS POR TGS E TGN, A SER IMPLEMENTADO PELA DISTRIBUIDORA CAMMESA.",Supplier,131478.54,131478.54,USD,SEGURO DE CRÉDITO / FGE,LIQUIDADA,FNT-000011
BND-000335,1505637,"Pós-embarque, serviços de engenharia",2010-10-26,ARGENTINA,ARG,INS-000108,Ente público,"EXPORTAÇÃO DE BENS E SERVIÇOS PARA EXPANSÃO DA CAPACIDADE DE TRANSPORTE DE GÁS NATURAL DAS MALHAS DOS GASODUTOS OPERADOS POR TGS E TGN, A SER IMPLEMENTADO PELA DISTRIBUIDORA CAMMESA.",Supplier,4730520.54,4730520.54,USD,SEGURO DE CRÉDITO / FGE,LIQUIDADA,FNT-000011
BND-000336,1505637,"Pós-embarque, serviços de engenharia",2010-10-26,ARGENTINA,ARG,INS-000108,Ente público,"EXPORTAÇÃO DE BENS E SERVIÇOS PARA EXPANSÃO DA CAPACIDADE DE TRANSPORTE DE GÁS NATURAL DAS MALHAS DOS GASODUTOS OPERADOS POR TGS E TGN, A SER IMPLEMENTADO PELA DISTRIBUIDORA CAMMESA.",Supplier,4333120.47,4333120.47,USD,SEGURO DE CRÉDITO / FGE,LIQUIDADA,FNT-000011
BND-000337,1505637,"Pós-embarque, serviços de engenharia",2010-10-26,ARGENTINA,ARG,INS-000108,Ente público,"EXPORTAÇÃO DE BENS E SERVIÇOS PARA EXPANSÃO DA CAPACIDADE DE TRANSPORTE DE GÁS NATURAL DAS MALHAS DOS GASODUTOS OPERADOS POR TGS E TGN, A SER IMPLEMENTADO PELA DISTRIBUIDORA CAMMESA.",Supplier,749455.65,749455.65,USD,SEGURO DE CRÉDITO / FGE,LIQUIDADA,FNT-000011
BND-000338,2356082,"Pós-embarque, serviços de engenharia",2010-11-09,CUBA,CUB,INS-000121,Ente público,EXPORTAÇÃO DE BENS E SERVIÇOS DE ENGENHARIA DESTINADOS A 2ª ETAPA DAS OBRAS DE AMPLIACAO E MODERNIZACAO DO PORTO MARIEL E DE SUA INFRAESTRUTURA DE ACESSO,Buyer,108715000.0,108698532.68000002,USD,SEGURO DE CRÉDITO / FGE,ATIVA,FNT-000011
BND-000339,2261814,"Pós-embarque, serviços de engenharia",2010-11-29,ARGENTINA,ARG,INS-000108,Ente público,"EXPORTAÇÃO DE BENS E SERVIÇOS DE ENGENHARIA AO NOVO PROJETO DE AMPLIACAO DO GASODUTO SAN MARTIN, EM OPERACAO PELA CONCESSIONARIA TGS.",Supplier,30645000.0,30645000.0,USD,SEGURO DE CRÉDITO / FGE,LIQUIDADA,FNT-000011
BND-000340,1824903,"Pós-embarque, serviços de engenharia",2010-12-30,VENEZUELA,VEN,INS-000107,Ente público,"EXPORTAÇÃO DE BENS E SERVIÇOS DE ENGENHARIA, DESTINADOS A CONSTRUCAO DE USINA SIDERURGICA NACIONAL NO ESTADO DE BOLIVAR, NA VENEZUELA.",Supplier,865423450.0,390544041.99,USD,SEGURO DE CRÉDITO / FGE,LIQUIDADA,FNT-000011
BND-000341,1554546,"Pós-embarque, serviços de engenharia",2011-02-25,ARGENTINA,ARG,INS-000108,Ente público,"EXPORTAÇÃO DE BENS E SERVIÇOS DE ENGENHARIA PARA CONSTRUÇÃO DA PLANTA DE TRATAMENTO  E DO SISTEMA DE DISTRIBUIÇÃO DE ÁGUA DE PARANÁ DE LAS PALMAS, NA REPÚBLICA DA ARGENTINA.",Supplier,3102258.56,3102258.56,USD,SEGURO DE CRÉDITO / FGE,LIQUIDADA,FNT-000011
BND-000342,1554546,"Pós-embarque, serviços de engenharia",2011-02-25,ARGENTINA,ARG,INS-000108,Ente público,"EXPORTAÇÃO DE BENS E SERVIÇOS DE ENGENHARIA PARA CONSTRUÇÃO DA PLANTA DE TRATAMENTO  E DO SISTEMA DE DISTRIBUIÇÃO DE ÁGUA DE PARANÁ DE LAS PALMAS, NA REPÚBLICA DA ARGENTINA.",Supplier,6358331.95,6358331.95,USD,SEGURO DE CRÉDITO / FGE,LIQUIDADA,FNT-000011
BND-000343,1554546,"Pós-embarque, serviços de engenharia",2011-02-25,ARGENTINA,ARG,INS-000108,Ente público,"EXPORTAÇÃO DE BENS E SERVIÇOS DE ENGENHARIA PARA CONSTRUÇÃO DA PLANTA DE TRATAMENTO  E DO SISTEMA DE DISTRIBUIÇÃO DE ÁGUA DE PARANÁ DE LAS PALMAS, NA REPÚBLICA DA ARGENTINA.",Supplier,2359182.7,2359182.7,USD,SEGURO DE CRÉDITO / FGE,LIQUIDADA,FNT-000011
BND-000344,1554546,"Pós-embarque, serviços de engenharia",2011-02-25,ARGENTINA,ARG,INS-000108,Ente público,"EXPORTAÇÃO DE BENS E SERVIÇOS DE ENGENHARIA PARA CONSTRUÇÃO DA PLANTA DE TRATAMENTO  E DO SISTEMA DE DISTRIBUIÇÃO DE ÁGUA DE PARANÁ DE LAS PALMAS, NA REPÚBLICA DA ARGENTINA.",Supplier,13769778.28,13769778.28,USD,SEGURO DE CRÉDITO / FGE,LIQUIDADA,FNT-000011
BND-000345,2261814,"Pós-embarque, serviços de engenharia",2011-02-25,ARGENTINA,ARG,INS-000108,Ente público,"EXPORTAÇÃO DE BENS E SERVIÇOS DE ENGENHARIA AO NOVO PROJETO DE AMPLIACAO DO GASODUTO SAN MARTIN, EM OPERACAO PELA CONCESSIONARIA TGS.",Supplier,37455000.0,37455000.0,USD,SEGURO DE CRÉDITO / FGE,LIQUIDADA,FNT-000011
BND-000346,2261814,"Pós-embarque, serviços de engenharia",2011-03-30,ARGENTINA,ARG,INS-000108,Ente público,"EXPORTAÇÃO DE BENS E SERVIÇOS DE ENGENHARIA AO NOVO PROJETO DE AMPLIACAO DO GASODUTO SAN MARTIN, EM OPERACAO PELA CONCESSIONARIA TGS.",Supplier,4592328.02,4592328.02,USD,SEGURO DE CRÉDITO / FGE,LIQUIDADA,FNT-000011
BND-000347,2261814,"Pós-embarque, serviços de engenharia",2011-03-30,ARGENTINA,ARG,INS-000108,Ente público,"EXPORTAÇÃO DE BENS E SERVIÇOS DE ENGENHARIA AO NOVO PROJETO DE AMPLIACAO DO GASODUTO SAN MARTIN, EM OPERACAO PELA CONCESSIONARIA TGS.",Supplier,5199275.93,5199275.93,USD,SEGURO DE CRÉDITO / FGE,LIQUIDADA,FNT-000011
BND-000348,2261814,"Pós-embarque, serviços de engenharia",2011-03-30,ARGENTINA,ARG,INS-000108,Ente público,"EXPORTAÇÃO DE BENS E SERVIÇOS DE ENGENHARIA AO NOVO PROJETO DE AMPLIACAO DO GASODUTO SAN MARTIN, EM OPERACAO PELA CONCESSIONARIA TGS.",Supplier,7993030.27,7993030.27,USD,SEGURO DE CRÉDITO / FGE,LIQUIDADA,FNT-000011
BND-000349,2817082,"Pós-embarque, serviços de engenharia",2011-04-06,ANGOLA,AGO,INS-000108,Ente público,EXPORTAÇÃO DE BENS E SERVIÇOS PARA CONSTRUCAO DE BARRAGENS VISANDO CONTROLE DE CHEIAS E REGULARIZAÇÃO DAS MARGENS DE 3 RIOS,Buyer,36731899.0,36613099.15,USD,SEGURO DE CRÉDITO / FGE,LIQUIDADA,FNT-000011
BND-000350,2817112,"Pós-embarque, serviços de engenharia",2011-04-06,ANGOLA,AGO,INS-000108,Ente público,"EXPORTAÇÃO DE BENS E SERVIÇOS PARA A 3ª ETAPA DO SISTEMA DE ABASTECIMENTO DE AGUAS ÀS CIDADES DE BENGUELA, LOBITO, CATUMBEL E BAÍA FARTA. (3ª LINHA DE CRÉDITO)",Buyer,82726250.0,82716536.12,USD,SEGURO DE CRÉDITO / FGE,LIQUIDADA,FNT-000011
BND-000351,2817113,"Pós-embarque, serviços de engenharia",2011-04-06,ANGOLA,AGO,INS-000108,Ente público,EXPORTAÇÃO DE BENS E SERVIÇOS PARA CONSTRUCAO DA 2ª ETAPA DA AUTO ESTRADA PERIFERICA DE LUANDA - FASE 2C VIANA CABOLOMBO E LIGAÇÃO CABOLOMBO FUTUNGO (3ª LINHA DE CRÉDITO),Buyer,49624511.39,49461719.820000015,USD,SEGURO DE CRÉDITO / FGE,LIQUIDADA,FNT-000011
BND-000352,2817116,"Pós-embarque, serviços de engenharia",2011-04-06,ANGOLA,AGO,INS-000108,Ente público,EXPORTAÇÃO DE BENS E SERVIÇOS PARA CONSTRUÇÃO DA 2ª ETAPA DA VIA EXPRESSA LUANDA VIANA - PACOTE 3 (3ª LINHA DE CREDITO),Buyer,26132943.99,26111349.12,USD,SEGURO DE CRÉDITO / FGE,LIQUIDADA,FNT-000011
BND-000353,2817117,"Pós-embarque, serviços de engenharia",2011-04-06,ANGOLA,AGO,INS-000108,Ente público,EXPORTAÇÃO DE BENS E SERVIÇOS PARA CONSTRUCAO DE VIA EXPRESSA LUANDA/KIFANGONDO (PACOTE 1) 3ª TRANCHE DE FINANCIAMENTO,Buyer,37218028.0,36721704.309999995,USD,SEGURO DE CRÉDITO / FGE,LIQUIDADA,FNT-000011
BND-000354,2817118,"Pós-embarque, serviços de engenharia",2011-04-06,ANGOLA,AGO,INS-000108,Ente público,EXPORTAÇÃO DE BENS E SERVIÇOS PARA O PROJETO DE IMPACTO IMEDIATO NO ABASTECIMENTO DE AGUA A LUANDA PACOTE 1- OBRAS LIGADAS AO SISTEMA 3 (3ª LINHA DE CRÉDITO),Buyer,36982022.28,36870998.379999995,USD,SEGURO DE CRÉDITO / FGE,LIQUIDADA,FNT-000011
BND-000355,2817120,"Pós-embarque, serviços de engenharia",2011-04-06,ANGOLA,AGO,INS-000108,Ente público,EXPORTAÇÃO DE BENS E SERVIÇOS PARA O PROJETO DE IMPACTO IMEDIATO NO ABASTECIMENTO DE AGUA A LUANDA PACOTE 3- OBRAS LIGADAS AO SISTEMA 3 (3ª LINHA DE CRÉDITO),Buyer,16111114.2,15540646.23,USD,SEGURO DE CRÉDITO / FGE,LIQUIDADA,FNT-000011
BND-000356,2817126,"Pós-embarque, serviços de engenharia",2011-04-06,ANGOLA,AGO,INS-000107,Ente público,EXPORTAÇÃO DE BENS E SERVIÇOS PARA A CONSTRUCAO DA AVENIDA N'GOLA/KILUANGE. - PACOTE 1    (3a. TRANCHE),Buyer,13991005.0,13917791.46,USD,SEGURO DE CRÉDITO / FGE,LIQUIDADA,FNT-000011
BND-000357,2817127,"Pós-embarque, serviços de engenharia",2011-04-06,ANGOLA,AGO,INS-000107,Ente público,EXPORTAÇÃO DE BENS E SERVIÇOS PARA A CONSTRUCAO DA QUARTA AVENIDA - 3ª TRANCHE - ETAPA 2    (SERVIÇOS),Buyer,14762419.31,14741773.84,USD,SEGURO DE CRÉDITO / FGE,LIQUIDADA,FNT-000011
BND-000358,2817128,"Pós-embarque, serviços de engenharia",2011-04-06,ANGOLA,AGO,INS-000107,Ente público,EXPORTAÇÃO DE BENS E SERVIÇOS PARA A 2ª ETAPA DA CONSTRUÇÃO DAS RUAS ESTRUTURANTES DA CIDADE DE LUANDA - ESTRADA DO GOLFE VIANA E RUA DO SANATORIO  (3ª LINHA DE CRÉDITO),Buyer,8066176.55,8066176.550000001,USD,SEGURO DE CRÉDITO / FGE,LIQUIDADA,FNT-000011
BND-000359,2817129,"Pós-embarque, serviços de engenharia",2011-04-06,ANGOLA,AGO,INS-000107,Ente público,EXPORTAÇÃO DE BENS E SERVIÇOS PARA A 2ª ETAPA DA CONSTRUCAO DE VIA EXPRESSA LUANDA VIANA TROÇO 1 (3ª LINHA DE CRÉDITO),Buyer,20569069.7,20569069.7,USD,SEGURO DE CRÉDITO / FGE,LIQUIDADA,FNT-000011
BND-000360,2819767,"Pós-embarque, serviços de engenharia",2011-04-06,ANGOLA,AGO,INS-000108,Ente público,EXPORTAÇÃO DE BENS E SERVIÇOS PARA AMPLIACAO DA LINHA DE TRANSMISSÃO DE LUCALA PAMBOS DE SONHE - UIGE (3ª LINHA DE CRÉDITO),Buyer,60288575.41,58464863.78,USD,SEGURO DE CRÉDITO / FGE,LIQUIDADA,FNT-000011
BND-000361,1554546,"Pós-embarque, serviços de engenharia",2011-04-28,ARGENTINA,ARG,INS-000108,Ente público,"EXPORTAÇÃO DE BENS E SERVIÇOS DE ENGENHARIA PARA CONSTRUÇÃO DA PLANTA DE TRATAMENTO  E DO SISTEMA DE DISTRIBUIÇÃO DE ÁGUA DE PARANÁ DE LAS PALMAS, NA REPÚBLICA DA ARGENTINA.",Supplier,1650474.2,1650474.2,USD,SEGURO DE CRÉDITO / FGE,LIQUIDADA,FNT-000011
BND-000362,1554546,"Pós-embarque, serviços de engenharia",2011-04-28,ARGENTINA,ARG,INS-000108,Ente público,"EXPORTAÇÃO DE BENS E SERVIÇOS DE ENGENHARIA PARA CONSTRUÇÃO DA PLANTA DE TRATAMENTO  E DO SISTEMA DE DISTRIBUIÇÃO DE ÁGUA DE PARANÁ DE LAS PALMAS, NA REPÚBLICA DA ARGENTINA.",Supplier,2626202.7,2626202.7,USD,SEGURO DE CRÉDITO / FGE,LIQUIDADA,FNT-000011
BND-000363,1554546,"Pós-embarque, serviços de engenharia",2011-04-28,ARGENTINA,ARG,INS-000108,Ente público,"EXPORTAÇÃO DE BENS E SERVIÇOS DE ENGENHARIA PARA CONSTRUÇÃO DA PLANTA DE TRATAMENTO  E DO SISTEMA DE DISTRIBUIÇÃO DE ÁGUA DE PARANÁ DE LAS PALMAS, NA REPÚBLICA DA ARGENTINA.",Supplier,3390894.19,3390894.19,USD,SEGURO DE CRÉDITO / FGE,LIQUIDADA,FNT-000011
BND-000364,2261814,"Pós-embarque, serviços de engenharia",2011-04-28,ARGENTINA,ARG,INS-000108,Ente público,"EXPORTAÇÃO DE BENS E SERVIÇOS DE ENGENHARIA AO NOVO PROJETO DE AMPLIACAO DO GASODUTO SAN MARTIN, EM OPERACAO PELA CONCESSIONARIA TGS.",Supplier,6326516.26,6326516.26,USD,SEGURO DE CRÉDITO / FGE,LIQUIDADA,FNT-000011
BND-000365,2261814,"Pós-embarque, serviços de engenharia",2011-04-28,ARGENTINA,ARG,INS-000108,Ente público,"EXPORTAÇÃO DE BENS E SERVIÇOS DE ENGENHARIA AO NOVO PROJETO DE AMPLIACAO DO GASODUTO SAN MARTIN, EM OPERACAO PELA CONCESSIONARIA TGS.",Supplier,2892194.94,2892194.94,USD,SEGURO DE CRÉDITO / FGE,LIQUIDADA,FNT-000011
BND-000366,2230632,"Pós-embarque, serviços de engenharia",2011-04-28,MOCAMBIQUE,MOZ,INS-000108,Ente público,"EXPORTAÇÃO DE BENS E SERVIÇOS DE ENGENHARIA DESTINADOS A CONSTRUCAO DO AEROPORTO INTERNACIONAL DE NACALA, NA CIDADE DE NACALA, PROVINCIA DE NAMPULA, NO NORTE DA REPUBLICA DE MOCAMBIQUE.",Buyer,80000000.0,79980420.33000001,USD,SEGURO DE CRÉDITO / FGE,LIQUIDADA,FNT-000011
BND-000367,1554546,"Pós-embarque, serviços de engenharia",2011-05-24,ARGENTINA,ARG,INS-000108,Ente público,"EXPORTAÇÃO DE BENS E SERVIÇOS DE ENGENHARIA PARA CONSTRUÇÃO DA PLANTA DE TRATAMENTO  E DO SISTEMA DE DISTRIBUIÇÃO DE ÁGUA DE PARANÁ DE LAS PALMAS, NA REPÚBLICA DA ARGENTINA.",Supplier,4220091.6,4220091.6,USD,SEGURO DE CRÉDITO / FGE,LIQUIDADA,FNT-000011
BND-000368,1505637,"Pós-embarque, serviços de engenharia",2011-06-03,ARGENTINA,ARG,INS-000108,Ente público,"EXPORTAÇÃO DE BENS E SERVIÇOS PARA EXPANSÃO DA CAPACIDADE DE TRANSPORTE DE GÁS NATURAL DAS MALHAS DOS GASODUTOS OPERADOS POR TGS E TGN, A SER IMPLEMENTADO PELA DISTRIBUIDORA CAMMESA.",Supplier,14621161.38,14621161.38,USD,SEGURO DE CRÉDITO / FGE,LIQUIDADA,FNT-000011
BND-000369,1554546,"Pós-embarque, serviços de engenharia",2011-06-03,ARGENTINA,ARG,INS-000108,Ente público,"EXPORTAÇÃO DE BENS E SERVIÇOS DE ENGENHARIA PARA CONSTRUÇÃO DA PLANTA DE TRATAMENTO  E DO SISTEMA DE DISTRIBUIÇÃO DE ÁGUA DE PARANÁ DE LAS PALMAS, NA REPÚBLICA DA ARGENTINA.",Supplier,1905954.53,1905954.53,USD,SEGURO DE CRÉDITO / FGE,LIQUIDADA,FNT-000011
BND-000370,2261814,"Pós-embarque, serviços de engenharia",2011-06-03,ARGENTINA,ARG,INS-000108,Ente público,"EXPORTAÇÃO DE BENS E SERVIÇOS DE ENGENHARIA AO NOVO PROJETO DE AMPLIACAO DO GASODUTO SAN MARTIN, EM OPERACAO PELA CONCESSIONARIA TGS.",Supplier,11719791.06,11719791.06,USD,SEGURO DE CRÉDITO / FGE,LIQUIDADA,FNT-000011
BND-000371,2261814,"Pós-embarque, serviços de engenharia",2011-06-03,ARGENTINA,ARG,INS-000108,Ente público,"EXPORTAÇÃO DE BENS E SERVIÇOS DE ENGENHARIA AO NOVO PROJETO DE AMPLIACAO DO GASODUTO SAN MARTIN, EM OPERACAO PELA CONCESSIONARIA TGS.",Supplier,10051326.54,10051326.54,USD,SEGURO DE CRÉDITO / FGE,LIQUIDADA,FNT-000011
BND-000372,2261814,"Pós-embarque, serviços de engenharia",2011-06-03,ARGENTINA,ARG,INS-000108,Ente público,"EXPORTAÇÃO DE BENS E SERVIÇOS DE ENGENHARIA AO NOVO PROJETO DE AMPLIACAO DO GASODUTO SAN MARTIN, EM OPERACAO PELA CONCESSIONARIA TGS.",Supplier,6062561.1,6062561.1,USD,SEGURO DE CRÉDITO / FGE,LIQUIDADA,FNT-000011
BND-000373,1458347,"Pós-embarque, serviços de engenharia",2011-06-24,ARGENTINA,ARG,INS-000108,Ente público,"EXPORTAÇÃO DE BENS E SERVIÇOS DE ENGENHARIA DESTINADOS ·A AMPLIAÇÃO DA CAPACIDADE DE TRANSPORTE DA REDE DE GASODUTOS TRONCAIS DE TGS E TGN, NA ARGENTINA.",Supplier,20454697.54,20454697.54,USD,SEGURO DE CRÉDITO / FGE,LIQUIDADA,FNT-000011
BND-000374,2799673,"Pós-embarque, serviços de engenharia",2011-06-29,REPUBLICA DOMINICANA,DOM,INS-000108,Ente público,"EXPORTAÇÃO DE BENS E SERVIÇOS PARA AS OBRAS DE MELHORIA DA RODOVIA BAVARO-UVERO ALTO-MICHES-SABANA DE LA MAR, NA REPUBLICA DOMINICANA.",Buyer,185000000.0,181180890.84,USD,SEGURO DE CRÉDITO / FGE,LIQUIDADA,FNT-000011
BND-000375,3082081,"Pós-embarque, serviços de engenharia",2011-06-29,REPUBLICA DOMINICANA,DOM,INS-000108,Ente público,"EXPORTAÇÃO DE BENS E SERVIÇOS DESTINADOS A RECONSTRUCAO E AMPLIACAO DO AQUEDUTO HERMANAS MIRABAL, LOCALIZADO NA PROVINCIA HERMANAS MIRABAL",Buyer,50000000.0,49998894.889999986,USD,SEGURO DE CRÉDITO / FGE,LIQUIDADA,FNT-000011
BND-000376,3126617,"Pós-embarque, serviços de engenharia",2011-06-29,REPUBLICA DOMINICANA,DOM,INS-000108,Ente público,"EXPORTAÇÃO DE BENS E SERVIÇOS DE ENGENHARIA DESTINADOS A RECONSTRUCAO DA RODOVIA EL RIO - JARABACOA,NA REPUBLICA DOMINICANA..",Buyer,50000000.0,49938701.15999999,USD,SEGURO DE CRÉDITO / FGE,LIQUIDADA,FNT-000011
BND-000377,1983657,"Pós-embarque, serviços de engenharia",2011-07-04,ARGENTINA,ARG,INS-000123,Ente público,EXPORTAÇÃO DE SERVIÇOS - PROJETO DE ENGENHARIA TÚNEL ÁGUA NEGRA,Supplier,15990534.78,7532365.54,USD,SEGURO DE CRÉDITO / FGE,LIQUIDADA,FNT-000011
BND-000378,2261814,"Pós-embarque, serviços de engenharia",2011-07-20,ARGENTINA,ARG,INS-000108,Ente público,"EXPORTAÇÃO DE BENS E SERVIÇOS DE ENGENHARIA AO NOVO PROJETO DE AMPLIACAO DO GASODUTO SAN MARTIN, EM OPERACAO PELA CONCESSIONARIA TGS.",Supplier,724734.45,724734.45,USD,SEGURO DE CRÉDITO / FGE,LIQUIDADA,FNT-000011
BND-000379,1554546,"Pós-embarque, serviços de engenharia",2011-07-25,ARGENTINA,ARG,INS-000108,Ente público,"EXPORTAÇÃO DE BENS E SERVIÇOS DE ENGENHARIA PARA CONSTRUÇÃO DA PLANTA DE TRATAMENTO  E DO SISTEMA DE DISTRIBUIÇÃO DE ÁGUA DE PARANÁ DE LAS PALMAS, NA REPÚBLICA DA ARGENTINA.",Supplier,1311884.66,1311884.66,USD,SEGURO DE CRÉDITO / FGE,LIQUIDADA,FNT-000011
BND-000380,1554546,"Pós-embarque, serviços de engenharia",2011-07-25,ARGENTINA,ARG,INS-000108,Ente público,"EXPORTAÇÃO DE BENS E SERVIÇOS DE ENGENHARIA PARA CONSTRUÇÃO DA PLANTA DE TRATAMENTO  E DO SISTEMA DE DISTRIBUIÇÃO DE ÁGUA DE PARANÁ DE LAS PALMAS, NA REPÚBLICA DA ARGENTINA.",Supplier,858975.35,858975.35,USD,SEGURO DE CRÉDITO / FGE,LIQUIDADA,FNT-000011
BND-000381,3121240,"Pós-embarque, serviços de engenharia",2011-07-28,ANGOLA,AGO,INS-000108,Ente público,"EXPORTAÇÃO DE BENS E SERVIÇOS DESTINADOS À CONSTRUCAO DE 3.000 UNIDADES HABITACIONAIS E INFRAESTRUTURA NECESSARIA A HABITABILIDADE DE 20.000 UNIDADES HABITACIONAIS, PARA ANGOLA.",Buyer,281031372.39,280934595.4,USD,SEGURO DE CRÉDITO / FGE,LIQUIDADA,FNT-000011
BND-000382,1554546,"Pós-embarque, serviços de engenharia",2011-07-28,ARGENTINA,ARG,INS-000108,Ente público,"EXPORTAÇÃO DE BENS E SERVIÇOS DE ENGENHARIA PARA CONSTRUÇÃO DA PLANTA DE TRATAMENTO  E DO SISTEMA DE DISTRIBUIÇÃO DE ÁGUA DE PARANÁ DE LAS PALMAS, NA REPÚBLICA DA ARGENTINA.",Supplier,2837296.28,2837296.28,USD,SEGURO DE CRÉDITO / FGE,LIQUIDADA,FNT-000011
BND-000383,1554546,"Pós-embarque, serviços de engenharia",2011-07-28,ARGENTINA,ARG,INS-000108,Ente público,"EXPORTAÇÃO DE BENS E SERVIÇOS DE ENGENHARIA PARA CONSTRUÇÃO DA PLANTA DE TRATAMENTO  E DO SISTEMA DE DISTRIBUIÇÃO DE ÁGUA DE PARANÁ DE LAS PALMAS, NA REPÚBLICA DA ARGENTINA.",Supplier,2849267.44,2849267.44,USD,SEGURO DE CRÉDITO / FGE,LIQUIDADA,FNT-000011
BND-000384,1554546,"Pós-embarque, serviços de engenharia",2011-07-28,ARGENTINA,ARG,INS-000108,Ente público,"EXPORTAÇÃO DE BENS E SERVIÇOS DE ENGENHARIA PARA CONSTRUÇÃO DA PLANTA DE TRATAMENTO  E DO SISTEMA DE DISTRIBUIÇÃO DE ÁGUA DE PARANÁ DE LAS PALMAS, NA REPÚBLICA DA ARGENTINA.",Supplier,4336507.56,4336507.56,USD,SEGURO DE CRÉDITO / FGE,LIQUIDADA,FNT-000011
BND-000385,1554546,"Pós-embarque, serviços de engenharia",2011-07-28,ARGENTINA,ARG,INS-000108,Ente público,"EXPORTAÇÃO DE BENS E SERVIÇOS DE ENGENHARIA PARA CONSTRUÇÃO DA PLANTA DE TRATAMENTO  E DO SISTEMA DE DISTRIBUIÇÃO DE ÁGUA DE PARANÁ DE LAS PALMAS, NA REPÚBLICA DA ARGENTINA.",Supplier,2489788.64,2489788.64,USD,SEGURO DE CRÉDITO / FGE,LIQUIDADA,FNT-000011
BND-000386,2261814,"Pós-embarque, serviços de engenharia",2011-07-28,ARGENTINA,ARG,INS-000108,Ente público,"EXPORTAÇÃO DE BENS E SERVIÇOS DE ENGENHARIA AO NOVO PROJETO DE AMPLIACAO DO GASODUTO SAN MARTIN, EM OPERACAO PELA CONCESSIONARIA TGS.",Supplier,6404276.05,6404276.05,USD,SEGURO DE CRÉDITO / FGE,LIQUIDADA,FNT-000011
BND-000387,2261814,"Pós-embarque, serviços de engenharia",2011-07-28,ARGENTINA,ARG,INS-000108,Ente público,"EXPORTAÇÃO DE BENS E SERVIÇOS DE ENGENHARIA AO NOVO PROJETO DE AMPLIACAO DO GASODUTO SAN MARTIN, EM OPERACAO PELA CONCESSIONARIA TGS.",Supplier,5432083.72,5432083.72,USD,SEGURO DE CRÉDITO / FGE,LIQUIDADA,FNT-000011
BND-000388,2261814,"Pós-embarque, serviços de engenharia",2011-07-28,ARGENTINA,ARG,INS-000108,Ente público,"EXPORTAÇÃO DE BENS E SERVIÇOS DE ENGENHARIA AO NOVO PROJETO DE AMPLIACAO DO GASODUTO SAN MARTIN, EM OPERACAO PELA CONCESSIONARIA TGS.",Supplier,18017822.31,18017822.31,USD,SEGURO DE CRÉDITO / FGE,LIQUIDADA,FNT-000011
BND-000389,3191044,"Pós-embarque, serviços de engenharia",2011-08-23,CUBA,CUB,INS-000121,Ente público,EXPORTAÇÃO DE BENS E SERVIÇOS DE ENGENHARIA DESTINADOS A 3ª ETAPA DAS OBRAS DE AMPLIACAO E MODERNIZACAO DO PORTO MARIEL E DE SUA INFRAESTRUTURA DE ACESSO,Buyer,150000000.0,149988980.88,USD,SEGURO DE CRÉDITO / FGE,ATIVA,FNT-000011
BND-000390,1554546,"Pós-embarque, serviços de engenharia",2011-08-29,ARGENTINA,ARG,INS-000108,Ente público,"EXPORTAÇÃO DE BENS E SERVIÇOS DE ENGENHARIA PARA CONSTRUÇÃO DA PLANTA DE TRATAMENTO  E DO SISTEMA DE DISTRIBUIÇÃO DE ÁGUA DE PARANÁ DE LAS PALMAS, NA REPÚBLICA DA ARGENTINA.",Supplier,3846866.97,3846866.97,USD,SEGURO DE CRÉDITO / FGE,LIQUIDADA,FNT-000011
BND-000391,1554546,"Pós-embarque, serviços de engenharia",2011-08-29,ARGENTINA,ARG,INS-000108,Ente público,"EXPORTAÇÃO DE BENS E SERVIÇOS DE ENGENHARIA PARA CONSTRUÇÃO DA PLANTA DE TRATAMENTO  E DO SISTEMA DE DISTRIBUIÇÃO DE ÁGUA DE PARANÁ DE LAS PALMAS, NA REPÚBLICA DA ARGENTINA.",Supplier,1940437.42,1940437.42,USD,SEGURO DE CRÉDITO / FGE,LIQUIDADA,FNT-000011
BND-000392,1554546,"Pós-embarque, serviços de engenharia",2011-08-29,ARGENTINA,ARG,INS-000108,Ente público,"EXPORTAÇÃO DE BENS E SERVIÇOS DE ENGENHARIA PARA CONSTRUÇÃO DA PLANTA DE TRATAMENTO  E DO SISTEMA DE DISTRIBUIÇÃO DE ÁGUA DE PARANÁ DE LAS PALMAS, NA REPÚBLICA DA ARGENTINA.",Supplier,1592558.9,1592558.9,USD,SEGURO DE CRÉDITO / FGE,LIQUIDADA,FNT-000011
BND-000393,1554546,"Pós-embarque, serviços de engenharia",2011-08-29,ARGENTINA,ARG,INS-000108,Ente público,"EXPORTAÇÃO DE BENS E SERVIÇOS DE ENGENHARIA PARA CONSTRUÇÃO DA PLANTA DE TRATAMENTO  E DO SISTEMA DE DISTRIBUIÇÃO DE ÁGUA DE PARANÁ DE LAS PALMAS, NA REPÚBLICA DA ARGENTINA.",Supplier,3348309.76,3348309.76,USD,SEGURO DE CRÉDITO / FGE,LIQUIDADA,FNT-000011
BND-000394,1554546,"Pós-embarque, serviços de engenharia",2011-08-29,ARGENTINA,ARG,INS-000108,Ente público,"EXPORTAÇÃO DE BENS E SERVIÇOS DE ENGENHARIA PARA CONSTRUÇÃO DA PLANTA DE TRATAMENTO  E DO SISTEMA DE DISTRIBUIÇÃO DE ÁGUA DE PARANÁ DE LAS PALMAS, NA REPÚBLICA DA ARGENTINA.",Supplier,2586147.23,2586147.23,USD,SEGURO DE CRÉDITO / FGE,LIQUIDADA,FNT-000011
BND-000395,1554546,"Pós-embarque, serviços de engenharia",2011-08-29,ARGENTINA,ARG,INS-000108,Ente público,"EXPORTAÇÃO DE BENS E SERVIÇOS DE ENGENHARIA PARA CONSTRUÇÃO DA PLANTA DE TRATAMENTO  E DO SISTEMA DE DISTRIBUIÇÃO DE ÁGUA DE PARANÁ DE LAS PALMAS, NA REPÚBLICA DA ARGENTINA.",Supplier,1209999.23,1209999.23,USD,SEGURO DE CRÉDITO / FGE,LIQUIDADA,FNT-000011
BND-000396,2261814,"Pós-embarque, serviços de engenharia",2011-08-29,ARGENTINA,ARG,INS-000108,Ente público,"EXPORTAÇÃO DE BENS E SERVIÇOS DE ENGENHARIA AO NOVO PROJETO DE AMPLIACAO DO GASODUTO SAN MARTIN, EM OPERACAO PELA CONCESSIONARIA TGS.",Supplier,3919863.2,3919863.2,USD,SEGURO DE CRÉDITO / FGE,LIQUIDADA,FNT-000011
BND-000397,1554546,"Pós-embarque, serviços de engenharia",2011-08-30,ARGENTINA,ARG,INS-000108,Ente público,"EXPORTAÇÃO DE BENS E SERVIÇOS DE ENGENHARIA PARA CONSTRUÇÃO DA PLANTA DE TRATAMENTO  E DO SISTEMA DE DISTRIBUIÇÃO DE ÁGUA DE PARANÁ DE LAS PALMAS, NA REPÚBLICA DA ARGENTINA.",Supplier,484150.76,484150.76,USD,SEGURO DE CRÉDITO / FGE,LIQUIDADA,FNT-000011
BND-000398,2261814,"Pós-embarque, serviços de engenharia",2011-08-30,ARGENTINA,ARG,INS-000108,Ente público,"EXPORTAÇÃO DE BENS E SERVIÇOS DE ENGENHARIA AO NOVO PROJETO DE AMPLIACAO DO GASODUTO SAN MARTIN, EM OPERACAO PELA CONCESSIONARIA TGS.",Supplier,144795.85,144795.85,USD,SEGURO DE CRÉDITO / FGE,LIQUIDADA,FNT-000011
BND-000399,1554546,"Pós-embarque, serviços de engenharia",2011-09-16,ARGENTINA,ARG,INS-000108,Ente público,"EXPORTAÇÃO DE BENS E SERVIÇOS DE ENGENHARIA PARA CONSTRUÇÃO DA PLANTA DE TRATAMENTO  E DO SISTEMA DE DISTRIBUIÇÃO DE ÁGUA DE PARANÁ DE LAS PALMAS, NA REPÚBLICA DA ARGENTINA.",Supplier,5499402.89,5499402.89,USD,SEGURO DE CRÉDITO / FGE,LIQUIDADA,FNT-000011
BND-000400,1554546,"Pós-embarque, serviços de engenharia",2011-09-16,ARGENTINA,ARG,INS-000108,Ente público,"EXPORTAÇÃO DE BENS E SERVIÇOS DE ENGENHARIA PARA CONSTRUÇÃO DA PLANTA DE TRATAMENTO  E DO SISTEMA DE DISTRIBUIÇÃO DE ÁGUA DE PARANÁ DE LAS PALMAS, NA REPÚBLICA DA ARGENTINA.",Supplier,1023727.82,1023727.82,USD,SEGURO DE CRÉDITO / FGE,LIQUIDADA,FNT-000011
BND-000401,1911729,"Pós-embarque, serviços de engenharia",2011-09-20,VENEZUELA,VEN,INS-000107,Ente público,"EXPORTAÇÃO DE BENS E SERVIÇOS PARA A IMPLANTACAO DE UM ESTALEIRO PARA CONSTRUCAO, REPAROS E MANUTENCAO DE EMBARCACOES, NA VENEZUELA.",Supplier,637894134.0,240152573.10999998,USD,SEGURO DE CRÉDITO / FGE,LIQUIDADA,FNT-000011
BND-000402,1554546,"Pós-embarque, serviços de engenharia",2011-09-26,ARGENTINA,ARG,INS-000108,Ente público,"EXPORTAÇÃO DE BENS E SERVIÇOS DE ENGENHARIA PARA CONSTRUÇÃO DA PLANTA DE TRATAMENTO  E DO SISTEMA DE DISTRIBUIÇÃO DE ÁGUA DE PARANÁ DE LAS PALMAS, NA REPÚBLICA DA ARGENTINA.",Supplier,26977.92,26977.92,USD,SEGURO DE CRÉDITO / FGE,LIQUIDADA,FNT-000011
BND-000403,1554546,"Pós-embarque, serviços de engenharia",2011-09-26,ARGENTINA,ARG,INS-000108,Ente público,"EXPORTAÇÃO DE BENS E SERVIÇOS DE ENGENHARIA PARA CONSTRUÇÃO DA PLANTA DE TRATAMENTO  E DO SISTEMA DE DISTRIBUIÇÃO DE ÁGUA DE PARANÁ DE LAS PALMAS, NA REPÚBLICA DA ARGENTINA.",Supplier,64335.86,64335.86,USD,SEGURO DE CRÉDITO / FGE,LIQUIDADA,FNT-000011
BND-000404,1554546,"Pós-embarque, serviços de engenharia",2011-09-27,ARGENTINA,ARG,INS-000108,Ente público,"EXPORTAÇÃO DE BENS E SERVIÇOS DE ENGENHARIA PARA CONSTRUÇÃO DA PLANTA DE TRATAMENTO  E DO SISTEMA DE DISTRIBUIÇÃO DE ÁGUA DE PARANÁ DE LAS PALMAS, NA REPÚBLICA DA ARGENTINA.",Supplier,4568.72,4568.72,USD,SEGURO DE CRÉDITO / FGE,LIQUIDADA,FNT-000011
BND-000405,1554546,"Pós-embarque, serviços de engenharia",2011-09-28,ARGENTINA,ARG,INS-000108,Ente público,"EXPORTAÇÃO DE BENS E SERVIÇOS DE ENGENHARIA PARA CONSTRUÇÃO DA PLANTA DE TRATAMENTO  E DO SISTEMA DE DISTRIBUIÇÃO DE ÁGUA DE PARANÁ DE LAS PALMAS, NA REPÚBLICA DA ARGENTINA.",Supplier,1201428.55,1201428.55,USD,SEGURO DE CRÉDITO / FGE,LIQUIDADA,FNT-000011
BND-000406,2261814,"Pós-embarque, serviços de engenharia",2011-09-28,ARGENTINA,ARG,INS-000108,Ente público,"EXPORTAÇÃO DE BENS E SERVIÇOS DE ENGENHARIA AO NOVO PROJETO DE AMPLIACAO DO GASODUTO SAN MARTIN, EM OPERACAO PELA CONCESSIONARIA TGS.",Supplier,278710.44,278710.44,USD,SEGURO DE CRÉDITO / FGE,LIQUIDADA,FNT-000011
BND-000407,2261814,"Pós-embarque, serviços de engenharia",2011-09-28,ARGENTINA,ARG,INS-000108,Ente público,"EXPORTAÇÃO DE BENS E SERVIÇOS DE ENGENHARIA AO NOVO PROJETO DE AMPLIACAO DO GASODUTO SAN MARTIN, EM OPERACAO PELA CONCESSIONARIA TGS.",Supplier,650088.5,650088.5,USD,SEGURO DE CRÉDITO / FGE,LIQUIDADA,FNT-000011
BND-000408,2261814,"Pós-embarque, serviços de engenharia",2011-09-28,ARGENTINA,ARG,INS-000108,Ente público,"EXPORTAÇÃO DE BENS E SERVIÇOS DE ENGENHARIA AO NOVO PROJETO DE AMPLIACAO DO GASODUTO SAN MARTIN, EM OPERACAO PELA CONCESSIONARIA TGS.",Supplier,308923.5,308923.5,USD,SEGURO DE CRÉDITO / FGE,LIQUIDADA,FNT-000011
BND-000409,2261814,"Pós-embarque, serviços de engenharia",2011-09-28,ARGENTINA,ARG,INS-000108,Ente público,"EXPORTAÇÃO DE BENS E SERVIÇOS DE ENGENHARIA AO NOVO PROJETO DE AMPLIACAO DO GASODUTO SAN MARTIN, EM OPERACAO PELA CONCESSIONARIA TGS.",Supplier,652625.67,652625.67,USD,SEGURO DE CRÉDITO / FGE,LIQUIDADA,FNT-000011
BND-000410,2261814,"Pós-embarque, serviços de engenharia",2011-09-28,ARGENTINA,ARG,INS-000108,Ente público,"EXPORTAÇÃO DE BENS E SERVIÇOS DE ENGENHARIA AO NOVO PROJETO DE AMPLIACAO DO GASODUTO SAN MARTIN, EM OPERACAO PELA CONCESSIONARIA TGS.",Supplier,1192178.1,1192178.1,USD,SEGURO DE CRÉDITO / FGE,LIQUIDADA,FNT-000011
BND-000411,2261814,"Pós-embarque, serviços de engenharia",2011-09-28,ARGENTINA,ARG,INS-000108,Ente público,"EXPORTAÇÃO DE BENS E SERVIÇOS DE ENGENHARIA AO NOVO PROJETO DE AMPLIACAO DO GASODUTO SAN MARTIN, EM OPERACAO PELA CONCESSIONARIA TGS.",Supplier,1304627.26,1304627.26,USD,SEGURO DE CRÉDITO / FGE,LIQUIDADA,FNT-000011
BND-000412,2261814,"Pós-embarque, serviços de engenharia",2011-09-28,ARGENTINA,ARG,INS-000108,Ente público,"EXPORTAÇÃO DE BENS E SERVIÇOS DE ENGENHARIA AO NOVO PROJETO DE AMPLIACAO DO GASODUTO SAN MARTIN, EM OPERACAO PELA CONCESSIONARIA TGS.",Supplier,69039.72,69039.72,USD,SEGURO DE CRÉDITO / FGE,LIQUIDADA,FNT-000011
BND-000413,2261814,"Pós-embarque, serviços de engenharia",2011-09-28,ARGENTINA,ARG,INS-000108,Ente público,"EXPORTAÇÃO DE BENS E SERVIÇOS DE ENGENHARIA AO NOVO PROJETO DE AMPLIACAO DO GASODUTO SAN MARTIN, EM OPERACAO PELA CONCESSIONARIA TGS.",Supplier,1743615.54,1743615.54,USD,SEGURO DE CRÉDITO / FGE,LIQUIDADA,FNT-000011
BND-000414,1554546,"Pós-embarque, serviços de engenharia",2011-09-29,ARGENTINA,ARG,INS-000108,Ente público,"EXPORTAÇÃO DE BENS E SERVIÇOS DE ENGENHARIA PARA CONSTRUÇÃO DA PLANTA DE TRATAMENTO  E DO SISTEMA DE DISTRIBUIÇÃO DE ÁGUA DE PARANÁ DE LAS PALMAS, NA REPÚBLICA DA ARGENTINA.",Supplier,146626.02,146626.02,USD,SEGURO DE CRÉDITO / FGE,LIQUIDADA,FNT-000011
BND-000415,2443603,"Pós-embarque, serviços de engenharia",2011-10-05,ARGENTINA,ARG,INS-000119,Ente público,"EXPORTAÇÃO DE BENS E SERVIÇOS DE ENGENHARIA PARA AS OBRAS DE CONSTRUÇÃO DO SEGUNDO AQUEDUTO PARA O INTERIOR DO CHACO, NA PROVÍNCIA DEL CHACO, NA REPÚBLICA ARGENTINA",Supplier,165022672.0,118022993.87,USD,SEGURO DE CRÉDITO / FGE,LIQUIDADA,FNT-000011
BND-000416,1458347,"Pós-embarque, serviços de engenharia",2011-10-27,ARGENTINA,ARG,INS-000108,Ente público,"EXPORTAÇÃO DE BENS E SERVIÇOS DE ENGENHARIA DESTINADOS ·A AMPLIAÇÃO DA CAPACIDADE DE TRANSPORTE DA REDE DE GASODUTOS TRONCAIS DE TGS E TGN, NA ARGENTINA.",Supplier,14490560.38,14490560.38,USD,SEGURO DE CRÉDITO / FGE,LIQUIDADA,FNT-000011
BND-000417,1554546,"Pós-embarque, serviços de engenharia",2011-10-27,ARGENTINA,ARG,INS-000108,Ente público,"EXPORTAÇÃO DE BENS E SERVIÇOS DE ENGENHARIA PARA CONSTRUÇÃO DA PLANTA DE TRATAMENTO  E DO SISTEMA DE DISTRIBUIÇÃO DE ÁGUA DE PARANÁ DE LAS PALMAS, NA REPÚBLICA DA ARGENTINA.",Supplier,755982.57,755982.57,USD,SEGURO DE CRÉDITO / FGE,LIQUIDADA,FNT-000011
BND-000418,1554546,"Pós-embarque, serviços de engenharia",2011-10-27,ARGENTINA,ARG,INS-000108,Ente público,"EXPORTAÇÃO DE BENS E SERVIÇOS DE ENGENHARIA PARA CONSTRUÇÃO DA PLANTA DE TRATAMENTO  E DO SISTEMA DE DISTRIBUIÇÃO DE ÁGUA DE PARANÁ DE LAS PALMAS, NA REPÚBLICA DA ARGENTINA.",Supplier,2232082.11,2232082.11,USD,SEGURO DE CRÉDITO / FGE,LIQUIDADA,FNT-000011
BND-000419,2261814,"Pós-embarque, serviços de engenharia",2011-10-27,ARGENTINA,ARG,INS-000108,Ente público,"EXPORTAÇÃO DE BENS E SERVIÇOS DE ENGENHARIA AO NOVO PROJETO DE AMPLIACAO DO GASODUTO SAN MARTIN, EM OPERACAO PELA CONCESSIONARIA TGS.",Supplier,6492215.94,6492215.94,USD,SEGURO DE CRÉDITO / FGE,LIQUIDADA,FNT-000011
BND-000420,2261814,"Pós-embarque, serviços de engenharia",2011-10-27,ARGENTINA,ARG,INS-000108,Ente público,"EXPORTAÇÃO DE BENS E SERVIÇOS DE ENGENHARIA AO NOVO PROJETO DE AMPLIACAO DO GASODUTO SAN MARTIN, EM OPERACAO PELA CONCESSIONARIA TGS.",Supplier,1612419.13,1612419.13,USD,SEGURO DE CRÉDITO / FGE,LIQUIDADA,FNT-000011
BND-000421,2261814,"Pós-embarque, serviços de engenharia",2011-10-27,ARGENTINA,ARG,INS-000108,Ente público,"EXPORTAÇÃO DE BENS E SERVIÇOS DE ENGENHARIA AO NOVO PROJETO DE AMPLIACAO DO GASODUTO SAN MARTIN, EM OPERACAO PELA CONCESSIONARIA TGS.",Supplier,1994127.02,1994127.02,USD,SEGURO DE CRÉDITO / FGE,LIQUIDADA,FNT-000011
BND-000422,1554546,"Pós-embarque, serviços de engenharia",2011-11-08,ARGENTINA,ARG,INS-000108,Ente público,"EXPORTAÇÃO DE BENS E SERVIÇOS DE ENGENHARIA PARA CONSTRUÇÃO DA PLANTA DE TRATAMENTO  E DO SISTEMA DE DISTRIBUIÇÃO DE ÁGUA DE PARANÁ DE LAS PALMAS, NA REPÚBLICA DA ARGENTINA.",Supplier,796328.84,796328.84,USD,SEGURO DE CRÉDITO / FGE,LIQUIDADA,FNT-000011
BND-000423,2261814,"Pós-embarque, serviços de engenharia",2011-11-08,ARGENTINA,ARG,INS-000108,Ente público,"EXPORTAÇÃO DE BENS E SERVIÇOS DE ENGENHARIA AO NOVO PROJETO DE AMPLIACAO DO GASODUTO SAN MARTIN, EM OPERACAO PELA CONCESSIONARIA TGS.",Supplier,907168.82,907168.82,USD,SEGURO DE CRÉDITO / FGE,LIQUIDADA,FNT-000011
BND-000424,2261814,"Pós-embarque, serviços de engenharia",2011-11-08,ARGENTINA,ARG,INS-000108,Ente público,"EXPORTAÇÃO DE BENS E SERVIÇOS DE ENGENHARIA AO NOVO PROJETO DE AMPLIACAO DO GASODUTO SAN MARTIN, EM OPERACAO PELA CONCESSIONARIA TGS.",Supplier,3094334.79,3094334.79,USD,SEGURO DE CRÉDITO / FGE,LIQUIDADA,FNT-000011
BND-000425,2472001,"Pós-embarque, serviços de engenharia",2011-11-17,GANA,GHA,INS-000124,Ente público,EXPORTAÇÃO DE BENS E SERVIÇOS PARA A  CONSTRUCAO DE UM HANGAR PARA ABRIGAR AVIOES,Buyer,13644200.0,13644200.0,USD,SEGURO DE CRÉDITO / FGE,LIQUIDADA,FNT-000011
BND-000426,1458347,"Pós-embarque, serviços de engenharia",2011-11-25,ARGENTINA,ARG,INS-000108,Ente público,"EXPORTAÇÃO DE BENS E SERVIÇOS DE ENGENHARIA DESTINADOS ·A AMPLIAÇÃO DA CAPACIDADE DE TRANSPORTE DA REDE DE GASODUTOS TRONCAIS DE TGS E TGN, NA ARGENTINA.",Supplier,2403563.53,2403563.53,USD,SEGURO DE CRÉDITO / FGE,LIQUIDADA,FNT-000011
BND-000427,1505637,"Pós-embarque, serviços de engenharia",2011-11-25,ARGENTINA,ARG,INS-000108,Ente público,"EXPORTAÇÃO DE BENS E SERVIÇOS PARA EXPANSÃO DA CAPACIDADE DE TRANSPORTE DE GÁS NATURAL DAS MALHAS DOS GASODUTOS OPERADOS POR TGS E TGN, A SER IMPLEMENTADO PELA DISTRIBUIDORA CAMMESA.",Supplier,2672829.22,2672829.22,USD,SEGURO DE CRÉDITO / FGE,LIQUIDADA,FNT-000011
BND-000428,1505637,"Pós-embarque, serviços de engenharia",2011-11-25,ARGENTINA,ARG,INS-000108,Ente público,"EXPORTAÇÃO DE BENS E SERVIÇOS PARA EXPANSÃO DA CAPACIDADE DE TRANSPORTE DE GÁS NATURAL DAS MALHAS DOS GASODUTOS OPERADOS POR TGS E TGN, A SER IMPLEMENTADO PELA DISTRIBUIDORA CAMMESA.",Supplier,26227097.98,26227097.98,USD,SEGURO DE CRÉDITO / FGE,LIQUIDADA,FNT-000011
BND-000429,2261814,"Pós-embarque, serviços de engenharia",2011-11-25,ARGENTINA,ARG,INS-000108,Ente público,"EXPORTAÇÃO DE BENS E SERVIÇOS DE ENGENHARIA AO NOVO PROJETO DE AMPLIACAO DO GASODUTO SAN MARTIN, EM OPERACAO PELA CONCESSIONARIA TGS.",Supplier,6937005.18,6937005.18,USD,SEGURO DE CRÉDITO / FGE,LIQUIDADA,FNT-000011
BND-000430,2261814,"Pós-embarque, serviços de engenharia",2011-11-25,ARGENTINA,ARG,INS-000108,Ente público,"EXPORTAÇÃO DE BENS E SERVIÇOS DE ENGENHARIA AO NOVO PROJETO DE AMPLIACAO DO GASODUTO SAN MARTIN, EM OPERACAO PELA CONCESSIONARIA TGS.",Supplier,5550780.89,5550780.89,USD,SEGURO DE CRÉDITO / FGE,LIQUIDADA,FNT-000011
BND-000431,2261814,"Pós-embarque, serviços de engenharia",2011-12-08,ARGENTINA,ARG,INS-000108,Ente público,"EXPORTAÇÃO DE BENS E SERVIÇOS DE ENGENHARIA AO NOVO PROJETO DE AMPLIACAO DO GASODUTO SAN MARTIN, EM OPERACAO PELA CONCESSIONARIA TGS.",Supplier,1293504.29,1293504.29,USD,SEGURO DE CRÉDITO / FGE,LIQUIDADA,FNT-000011
BND-000432,2817131,"Pós-embarque, serviços de engenharia",2011-12-20,ANGOLA,AGO,INS-000118,Ente público,EXPORTAÇÃO DE BENS E SERVIÇOS PARA A 2ª ETAPA DA CONSTRUÇÃO DA AUTO-ESTRADA PERIFERICA DE LUANDA FASE 1 C CACUACO VIANA (3ª LINHA DE CRÉDITO),Buyer,21175115.79,21175115.79,USD,SEGURO DE CRÉDITO / FGE,LIQUIDADA,FNT-000011
BND-000433,2817132,"Pós-embarque, serviços de engenharia",2011-12-20,ANGOLA,AGO,INS-000118,Ente público,"EXPORTAÇÃO DE BENS E SERVIÇOS PARA CONSTRUCAO DA VIA EXPRESSA LUANDA/KIFANDONGO - PACOTE 2 - ETAPA 2, 3ª TRANCHE DE FINANCIAMENTO",Buyer,15169367.350000001,15169367.329999998,USD,SEGURO DE CRÉDITO / FGE,LIQUIDADA,FNT-000011
BND-000434,3397749,"Pós-embarque, serviços de engenharia",2011-12-20,ANGOLA,AGO,INS-000118,Ente público,EXPORTAÇÃO DE BENS E SERVIÇOS PARA A 2ª ETAPA DA CONSTRUÇÃO DA AUTO-ESTRADA PERIFERICA DE LUANDA FASE 1 C CACUACO VIANA (4ª LINHA DE CRÉDITO),Buyer,21175115.79,21175115.79,USD,SEGURO DE CRÉDITO / FGE,LIQUIDADA,FNT-000011
BND-000435,3551324,"Pós-embarque, serviços de engenharia",2011-12-20,ANGOLA,AGO,INS-000118,Ente público,EXPORTAÇÃO DE BENS E SERVIÇOS PARA A SEGUNDA ETAPA DE CONSTRUCAO DA VIA EXPRESSA LUANDA/KIFANGONDO - PACOTE 2. (4A. TRANCHE  DE FINANCIAMENTO),Buyer,15169367.0,15169363.27,USD,SEGURO DE CRÉDITO / FGE,LIQUIDADA,FNT-000011
BND-000436,1554546,"Pós-embarque, serviços de engenharia",2011-12-23,ARGENTINA,ARG,INS-000108,Ente público,"EXPORTAÇÃO DE BENS E SERVIÇOS DE ENGENHARIA PARA CONSTRUÇÃO DA PLANTA DE TRATAMENTO  E DO SISTEMA DE DISTRIBUIÇÃO DE ÁGUA DE PARANÁ DE LAS PALMAS, NA REPÚBLICA DA ARGENTINA.",Supplier,323640.01,323640.01,USD,SEGURO DE CRÉDITO / FGE,LIQUIDADA,FNT-000011
BND-000437,1554546,"Pós-embarque, serviços de engenharia",2011-12-23,ARGENTINA,ARG,INS-000108,Ente público,"EXPORTAÇÃO DE BENS E SERVIÇOS DE ENGENHARIA PARA CONSTRUÇÃO DA PLANTA DE TRATAMENTO  E DO SISTEMA DE DISTRIBUIÇÃO DE ÁGUA DE PARANÁ DE LAS PALMAS, NA REPÚBLICA DA ARGENTINA.",Supplier,558077.42,558077.42,USD,SEGURO DE CRÉDITO / FGE,LIQUIDADA,FNT-000011
BND-000438,1554546,"Pós-embarque, serviços de engenharia",2011-12-23,ARGENTINA,ARG,INS-000108,Ente público,"EXPORTAÇÃO DE BENS E SERVIÇOS DE ENGENHARIA PARA CONSTRUÇÃO DA PLANTA DE TRATAMENTO  E DO SISTEMA DE DISTRIBUIÇÃO DE ÁGUA DE PARANÁ DE LAS PALMAS, NA REPÚBLICA DA ARGENTINA.",Supplier,886715.5,886715.5,USD,SEGURO DE CRÉDITO / FGE,LIQUIDADA,FNT-000011
BND-000439,2261814,"Pós-embarque, serviços de engenharia",2011-12-23,ARGENTINA,ARG,INS-000108,Ente público,"EXPORTAÇÃO DE BENS E SERVIÇOS DE ENGENHARIA AO NOVO PROJETO DE AMPLIACAO DO GASODUTO SAN MARTIN, EM OPERACAO PELA CONCESSIONARIA TGS.",Supplier,2423587.76,2423587.76,USD,SEGURO DE CRÉDITO / FGE,LIQUIDADA,FNT-000011
BND-000440,2261814,"Pós-embarque, serviços de engenharia",2011-12-23,ARGENTINA,ARG,INS-000108,Ente público,"EXPORTAÇÃO DE BENS E SERVIÇOS DE ENGENHARIA AO NOVO PROJETO DE AMPLIACAO DO GASODUTO SAN MARTIN, EM OPERACAO PELA CONCESSIONARIA TGS.",Supplier,1930383.74,1930383.74,USD,SEGURO DE CRÉDITO / FGE,LIQUIDADA,FNT-000011
BND-000441,1554546,"Pós-embarque, serviços de engenharia",2011-12-27,ARGENTINA,ARG,INS-000108,Ente público,"EXPORTAÇÃO DE BENS E SERVIÇOS DE ENGENHARIA PARA CONSTRUÇÃO DA PLANTA DE TRATAMENTO  E DO SISTEMA DE DISTRIBUIÇÃO DE ÁGUA DE PARANÁ DE LAS PALMAS, NA REPÚBLICA DA ARGENTINA.",Supplier,4156201.62,4156201.62,USD,SEGURO DE CRÉDITO / FGE,LIQUIDADA,FNT-000011
BND-000442,1554546,"Pós-embarque, serviços de engenharia",2011-12-27,ARGENTINA,ARG,INS-000108,Ente público,"EXPORTAÇÃO DE BENS E SERVIÇOS DE ENGENHARIA PARA CONSTRUÇÃO DA PLANTA DE TRATAMENTO  E DO SISTEMA DE DISTRIBUIÇÃO DE ÁGUA DE PARANÁ DE LAS PALMAS, NA REPÚBLICA DA ARGENTINA.",Supplier,8584752.98,8584752.98,USD,SEGURO DE CRÉDITO / FGE,LIQUIDADA,FNT-000011
BND-000443,1564424,"Pós-embarque, serviços de engenharia",2011-12-27,ARGENTINA,ARG,INS-000115,Ente público,"EXPORTAÇÃO DE BENS E SERVIÇOS DE ENGENHARIA DESTINADOS A IMPLANTACAO DAS PLANTAS DE ABASTECIMENTO DE AGUA DAS CIDADES DE AVELLANEDA E BERAZATEGUI, NA ARGENTINA.",Supplier,6105209.48,6105209.48,USD,SEGURO DE CRÉDITO / FGE,LIQUIDADA,FNT-000011
BND-000444,1564424,"Pós-embarque, serviços de engenharia",2011-12-27,ARGENTINA,ARG,INS-000115,Ente público,"EXPORTAÇÃO DE BENS E SERVIÇOS DE ENGENHARIA DESTINADOS A IMPLANTACAO DAS PLANTAS DE ABASTECIMENTO DE AGUA DAS CIDADES DE AVELLANEDA E BERAZATEGUI, NA ARGENTINA.",Supplier,980438.49,980438.49,USD,SEGURO DE CRÉDITO / FGE,LIQUIDADA,FNT-000011
BND-000445,1564424,"Pós-embarque, serviços de engenharia",2011-12-27,ARGENTINA,ARG,INS-000115,Ente público,"EXPORTAÇÃO DE BENS E SERVIÇOS DE ENGENHARIA DESTINADOS A IMPLANTACAO DAS PLANTAS DE ABASTECIMENTO DE AGUA DAS CIDADES DE AVELLANEDA E BERAZATEGUI, NA ARGENTINA.",Supplier,1258522.61,1258522.61,USD,SEGURO DE CRÉDITO / FGE,LIQUIDADA,FNT-000011
BND-000446,1564424,"Pós-embarque, serviços de engenharia",2011-12-27,ARGENTINA,ARG,INS-000115,Ente público,"EXPORTAÇÃO DE BENS E SERVIÇOS DE ENGENHARIA DESTINADOS A IMPLANTACAO DAS PLANTAS DE ABASTECIMENTO DE AGUA DAS CIDADES DE AVELLANEDA E BERAZATEGUI, NA ARGENTINA.",Supplier,1108649.2,1108649.2,USD,SEGURO DE CRÉDITO / FGE,LIQUIDADA,FNT-000011
BND-000447,2261814,"Pós-embarque, serviços de engenharia",2011-12-27,ARGENTINA,ARG,INS-000108,Ente público,"EXPORTAÇÃO DE BENS E SERVIÇOS DE ENGENHARIA AO NOVO PROJETO DE AMPLIACAO DO GASODUTO SAN MARTIN, EM OPERACAO PELA CONCESSIONARIA TGS.",Supplier,6070033.53,6070033.53,USD,SEGURO DE CRÉDITO / FGE,LIQUIDADA,FNT-000011
BND-000448,2261814,"Pós-embarque, serviços de engenharia",2012-01-12,ARGENTINA,ARG,INS-000108,Ente público,"EXPORTAÇÃO DE BENS E SERVIÇOS DE ENGENHARIA AO NOVO PROJETO DE AMPLIACAO DO GASODUTO SAN MARTIN, EM OPERACAO PELA CONCESSIONARIA TGS.",Supplier,479628.25,479628.25,USD,SEGURO DE CRÉDITO / FGE,LIQUIDADA,FNT-000011
BND-000449,3121241,"Pós-embarque, serviços de engenharia",2012-01-23,ANGOLA,AGO,INS-000108,Ente público,EXPORTAÇÃO DE BENS E SERVIÇOS PARA A CONSTRUÇÃO DAS OBRAS DE ARTE DA VIA MARGINAL SUDOESTE  (4ª LINHA DE  CRÉDITO),Buyer,21538674.24,21246366.839999996,USD,SEGURO DE CRÉDITO / FGE,LIQUIDADA,FNT-000011
BND-000450,1554546,"Pós-embarque, serviços de engenharia",2012-02-23,ARGENTINA,ARG,INS-000108,Ente público,"EXPORTAÇÃO DE BENS E SERVIÇOS DE ENGENHARIA PARA CONSTRUÇÃO DA PLANTA DE TRATAMENTO  E DO SISTEMA DE DISTRIBUIÇÃO DE ÁGUA DE PARANÁ DE LAS PALMAS, NA REPÚBLICA DA ARGENTINA.",Supplier,1832394.99,1832394.99,USD,SEGURO DE CRÉDITO / FGE,LIQUIDADA,FNT-000011
BND-000451,1554546,"Pós-embarque, serviços de engenharia",2012-02-23,ARGENTINA,ARG,INS-000108,Ente público,"EXPORTAÇÃO DE BENS E SERVIÇOS DE ENGENHARIA PARA CONSTRUÇÃO DA PLANTA DE TRATAMENTO  E DO SISTEMA DE DISTRIBUIÇÃO DE ÁGUA DE PARANÁ DE LAS PALMAS, NA REPÚBLICA DA ARGENTINA.",Supplier,2427180.88,2427180.88,USD,SEGURO DE CRÉDITO / FGE,LIQUIDADA,FNT-000011
BND-000452,1554546,"Pós-embarque, serviços de engenharia",2012-02-23,ARGENTINA,ARG,INS-000108,Ente público,"EXPORTAÇÃO DE BENS E SERVIÇOS DE ENGENHARIA PARA CONSTRUÇÃO DA PLANTA DE TRATAMENTO  E DO SISTEMA DE DISTRIBUIÇÃO DE ÁGUA DE PARANÁ DE LAS PALMAS, NA REPÚBLICA DA ARGENTINA.",Supplier,549397.41,549397.41,USD,SEGURO DE CRÉDITO / FGE,LIQUIDADA,FNT-000011
BND-000453,1554546,"Pós-embarque, serviços de engenharia",2012-02-23,ARGENTINA,ARG,INS-000108,Ente público,"EXPORTAÇÃO DE BENS E SERVIÇOS DE ENGENHARIA PARA CONSTRUÇÃO DA PLANTA DE TRATAMENTO  E DO SISTEMA DE DISTRIBUIÇÃO DE ÁGUA DE PARANÁ DE LAS PALMAS, NA REPÚBLICA DA ARGENTINA.",Supplier,850390.24,850390.24,USD,SEGURO DE CRÉDITO / FGE,LIQUIDADA,FNT-000011
BND-000454,1554546,"Pós-embarque, serviços de engenharia",2012-02-23,ARGENTINA,ARG,INS-000108,Ente público,"EXPORTAÇÃO DE BENS E SERVIÇOS DE ENGENHARIA PARA CONSTRUÇÃO DA PLANTA DE TRATAMENTO  E DO SISTEMA DE DISTRIBUIÇÃO DE ÁGUA DE PARANÁ DE LAS PALMAS, NA REPÚBLICA DA ARGENTINA.",Supplier,2084096.9,2084096.9,USD,SEGURO DE CRÉDITO / FGE,LIQUIDADA,FNT-000011
BND-000455,1554546,"Pós-embarque, serviços de engenharia",2012-03-14,ARGENTINA,ARG,INS-000108,Ente público,"EXPORTAÇÃO DE BENS E SERVIÇOS DE ENGENHARIA PARA CONSTRUÇÃO DA PLANTA DE TRATAMENTO  E DO SISTEMA DE DISTRIBUIÇÃO DE ÁGUA DE PARANÁ DE LAS PALMAS, NA REPÚBLICA DA ARGENTINA.",Supplier,283709.64,283709.64,USD,SEGURO DE CRÉDITO / FGE,LIQUIDADA,FNT-000011
BND-000456,2817130,"Pós-embarque, serviços de engenharia",2012-03-22,ANGOLA,AGO,INS-000118,Ente público,EXPORTAÇÃO DE BENS E SERVIÇOS PARA CONSTRUÇÃO DA AUTO ESTRADAPERIFÉRICA DE LUANDA CACUACO VIANA 1 D - 3ª tranche,Buyer,8776869.22,8776869.22,USD,SEGURO DE CRÉDITO / FGE,LIQUIDADA,FNT-000011
BND-000457,2817133,"Pós-embarque, serviços de engenharia",2012-03-22,ANGOLA,AGO,INS-000118,Ente público,EXPORTAÇÃO DE BENS E SERVIÇOS PARA A CONSTRUCAO DA AVENIDA N'GOLA/KILUANGE. - PACOTE 2    (3a. TRANCHE),Buyer,11127922.0,8448329.69,USD,SEGURO DE CRÉDITO / FGE,LIQUIDADA,FNT-000011
BND-000458,2819768,"Pós-embarque, serviços de engenharia",2012-03-22,ANGOLA,AGO,INS-000118,Ente público,EXPORTAÇÃO DE BENS E SERVIÇOS DE ENGENHARIA DESTINADOS AS OBRAS DE REABILITACAO DA ESTRADA VIANA/CALUMBO (ETAPA 2),Buyer,13602095.29,13602095.29,USD,SEGURO DE CRÉDITO / FGE,LIQUIDADA,FNT-000011
BND-000459,3551325,"Pós-embarque, serviços de engenharia",2012-03-22,ANGOLA,AGO,INS-000118,Ente público,EXPORTAÇÃO DE BENS E SERVIÇOS PARA CONSTRUÇÃO DA AUTO ESTRADAPERIFÉRICA DE LUANDA CACUACO VIANA 1 D - 4ª tranche,Buyer,8776869.22,8776869.219999999,USD,SEGURO DE CRÉDITO / FGE,LIQUIDADA,FNT-000011
BND-000460,3551328,"Pós-embarque, serviços de engenharia",2012-03-22,ANGOLA,AGO,INS-000118,Ente público,EXPORTAÇÃO DE BENS E SERVIÇOS DE ENGENHARIA DESTINADOS AS OBRAS DE REABILITACAO DA ESTRADA VIANA/CALUMBO (ETAPA 2 - 4ª TRANCHE),Buyer,13602097.19,13602095.29,USD,SEGURO DE CRÉDITO / FGE,LIQUIDADA,FNT-000011
BND-000461,1554546,"Pós-embarque, serviços de engenharia",2012-03-28,ARGENTINA,ARG,INS-000108,Ente público,"EXPORTAÇÃO DE BENS E SERVIÇOS DE ENGENHARIA PARA CONSTRUÇÃO DA PLANTA DE TRATAMENTO  E DO SISTEMA DE DISTRIBUIÇÃO DE ÁGUA DE PARANÁ DE LAS PALMAS, NA REPÚBLICA DA ARGENTINA.",Supplier,193798.4,193798.4,USD,SEGURO DE CRÉDITO / FGE,LIQUIDADA,FNT-000011
BND-000462,1554546,"Pós-embarque, serviços de engenharia",2012-03-28,ARGENTINA,ARG,INS-000108,Ente público,"EXPORTAÇÃO DE BENS E SERVIÇOS DE ENGENHARIA PARA CONSTRUÇÃO DA PLANTA DE TRATAMENTO  E DO SISTEMA DE DISTRIBUIÇÃO DE ÁGUA DE PARANÁ DE LAS PALMAS, NA REPÚBLICA DA ARGENTINA.",Supplier,10425722.6,10425722.6,USD,SEGURO DE CRÉDITO / FGE,LIQUIDADA,FNT-000011
BND-000463,3121243,"Pós-embarque, serviços de engenharia",2012-04-19,ANGOLA,AGO,INS-000108,Ente público,EXPORTAÇÃO DE BENS E SERVIÇOS PARA A CONSTRUÇÃO DA CENTRAL 2 DO APROVEITAMENTO HIDRELÉTRICO DE CAMBAMBE (4ª LINHA DE CRÉDITO),Buyer,190946652.63,190570472.37,USD,SEGURO DE CRÉDITO / FGE,LIQUIDADA,FNT-000011
BND-000464,3059968,"Pós-embarque, serviços de engenharia",2012-05-08,ARGENTINA,ARG,INS-000108,Ente público,"EXPORTAÇÃO DE BENS E SERVIÇOS DE ENGENHARIA PARA O PROJETO, DENOMINADO ADEQUAÇÕES DE CAMMESA MÓDULO III, DE AMPLIAÇÃO DO GASODUTO SAN MARTÍN, NA REPÚBLICA DA ARGENTINA.",Supplier,12449734.5,12449734.5,USD,SEGURO DE CRÉDITO / FGE,LIQUIDADA,FNT-000011
BND-000465,3059968,"Pós-embarque, serviços de engenharia",2012-05-08,ARGENTINA,ARG,INS-000108,Ente público,"EXPORTAÇÃO DE BENS E SERVIÇOS DE ENGENHARIA PARA O PROJETO, DENOMINADO ADEQUAÇÕES DE CAMMESA MÓDULO III, DE AMPLIAÇÃO DO GASODUTO SAN MARTÍN, NA REPÚBLICA DA ARGENTINA.",Supplier,8299822.8,8299822.8,USD,SEGURO DE CRÉDITO / FGE,LIQUIDADA,FNT-000011
BND-000466,3059968,"Pós-embarque, serviços de engenharia",2012-05-08,ARGENTINA,ARG,INS-000108,Ente público,"EXPORTAÇÃO DE BENS E SERVIÇOS DE ENGENHARIA PARA O PROJETO, DENOMINADO ADEQUAÇÕES DE CAMMESA MÓDULO III, DE AMPLIAÇÃO DO GASODUTO SAN MARTÍN, NA REPÚBLICA DA ARGENTINA.",Supplier,1221972.99,1221972.99,USD,SEGURO DE CRÉDITO / FGE,LIQUIDADA,FNT-000011
BND-000467,3059968,"Pós-embarque, serviços de engenharia",2012-05-08,ARGENTINA,ARG,INS-000108,Ente público,"EXPORTAÇÃO DE BENS E SERVIÇOS DE ENGENHARIA PARA O PROJETO, DENOMINADO ADEQUAÇÕES DE CAMMESA MÓDULO III, DE AMPLIAÇÃO DO GASODUTO SAN MARTÍN, NA REPÚBLICA DA ARGENTINA.",Supplier,1216257.34,1216257.34,USD,SEGURO DE CRÉDITO / FGE,LIQUIDADA,FNT-000011
BND-000468,3059968,"Pós-embarque, serviços de engenharia",2012-05-08,ARGENTINA,ARG,INS-000108,Ente público,"EXPORTAÇÃO DE BENS E SERVIÇOS DE ENGENHARIA PARA O PROJETO, DENOMINADO ADEQUAÇÕES DE CAMMESA MÓDULO III, DE AMPLIAÇÃO DO GASODUTO SAN MARTÍN, NA REPÚBLICA DA ARGENTINA.",Supplier,3468462.29,3468462.29,USD,SEGURO DE CRÉDITO / FGE,LIQUIDADA,FNT-000011
BND-000469,3059968,"Pós-embarque, serviços de engenharia",2012-05-08,ARGENTINA,ARG,INS-000108,Ente público,"EXPORTAÇÃO DE BENS E SERVIÇOS DE ENGENHARIA PARA O PROJETO, DENOMINADO ADEQUAÇÕES DE CAMMESA MÓDULO III, DE AMPLIAÇÃO DO GASODUTO SAN MARTÍN, NA REPÚBLICA DA ARGENTINA.",Supplier,6818421.57,6818421.57,USD,SEGURO DE CRÉDITO / FGE,LIQUIDADA,FNT-000011
BND-000470,3059968,"Pós-embarque, serviços de engenharia",2012-05-08,ARGENTINA,ARG,INS-000108,Ente público,"EXPORTAÇÃO DE BENS E SERVIÇOS DE ENGENHARIA PARA O PROJETO, DENOMINADO ADEQUAÇÕES DE CAMMESA MÓDULO III, DE AMPLIAÇÃO DO GASODUTO SAN MARTÍN, NA REPÚBLICA DA ARGENTINA.",Supplier,100806.42,100806.42,USD,SEGURO DE CRÉDITO / FGE,LIQUIDADA,FNT-000011
BND-000471,3059968,"Pós-embarque, serviços de engenharia",2012-05-08,ARGENTINA,ARG,INS-000108,Ente público,"EXPORTAÇÃO DE BENS E SERVIÇOS DE ENGENHARIA PARA O PROJETO, DENOMINADO ADEQUAÇÕES DE CAMMESA MÓDULO III, DE AMPLIAÇÃO DO GASODUTO SAN MARTÍN, NA REPÚBLICA DA ARGENTINA.",Supplier,5875090.7,5875090.7,USD,SEGURO DE CRÉDITO / FGE,LIQUIDADA,FNT-000011
BND-000472,3059968,"Pós-embarque, serviços de engenharia",2012-05-08,ARGENTINA,ARG,INS-000108,Ente público,"EXPORTAÇÃO DE BENS E SERVIÇOS DE ENGENHARIA PARA O PROJETO, DENOMINADO ADEQUAÇÕES DE CAMMESA MÓDULO III, DE AMPLIAÇÃO DO GASODUTO SAN MARTÍN, NA REPÚBLICA DA ARGENTINA.",Supplier,1012359.08,1012359.08,USD,SEGURO DE CRÉDITO / FGE,LIQUIDADA,FNT-000011
BND-000473,3059968,"Pós-embarque, serviços de engenharia",2012-05-08,ARGENTINA,ARG,INS-000108,Ente público,"EXPORTAÇÃO DE BENS E SERVIÇOS DE ENGENHARIA PARA O PROJETO, DENOMINADO ADEQUAÇÕES DE CAMMESA MÓDULO III, DE AMPLIAÇÃO DO GASODUTO SAN MARTÍN, NA REPÚBLICA DA ARGENTINA.",Supplier,2335530.21,2335530.21,USD,SEGURO DE CRÉDITO / FGE,LIQUIDADA,FNT-000011
BND-000474,3059968,"Pós-embarque, serviços de engenharia",2012-05-08,ARGENTINA,ARG,INS-000108,Ente público,"EXPORTAÇÃO DE BENS E SERVIÇOS DE ENGENHARIA PARA O PROJETO, DENOMINADO ADEQUAÇÕES DE CAMMESA MÓDULO III, DE AMPLIAÇÃO DO GASODUTO SAN MARTÍN, NA REPÚBLICA DA ARGENTINA.",Supplier,4054052.57,4054052.57,USD,SEGURO DE CRÉDITO / FGE,LIQUIDADA,FNT-000011
BND-000475,3059968,"Pós-embarque, serviços de engenharia",2012-05-08,ARGENTINA,ARG,INS-000108,Ente público,"EXPORTAÇÃO DE BENS E SERVIÇOS DE ENGENHARIA PARA O PROJETO, DENOMINADO ADEQUAÇÕES DE CAMMESA MÓDULO III, DE AMPLIAÇÃO DO GASODUTO SAN MARTÍN, NA REPÚBLICA DA ARGENTINA.",Supplier,251897.99,251897.99,USD,SEGURO DE CRÉDITO / FGE,LIQUIDADA,FNT-000011
BND-000476,3059968,"Pós-embarque, serviços de engenharia",2012-05-08,ARGENTINA,ARG,INS-000108,Ente público,"EXPORTAÇÃO DE BENS E SERVIÇOS DE ENGENHARIA PARA O PROJETO, DENOMINADO ADEQUAÇÕES DE CAMMESA MÓDULO III, DE AMPLIAÇÃO DO GASODUTO SAN MARTÍN, NA REPÚBLICA DA ARGENTINA.",Supplier,223548.26,223548.26,USD,SEGURO DE CRÉDITO / FGE,LIQUIDADA,FNT-000011
BND-000477,3059968,"Pós-embarque, serviços de engenharia",2012-05-08,ARGENTINA,ARG,INS-000108,Ente público,"EXPORTAÇÃO DE BENS E SERVIÇOS DE ENGENHARIA PARA O PROJETO, DENOMINADO ADEQUAÇÕES DE CAMMESA MÓDULO III, DE AMPLIAÇÃO DO GASODUTO SAN MARTÍN, NA REPÚBLICA DA ARGENTINA.",Supplier,1391055.57,1391055.57,USD,SEGURO DE CRÉDITO / FGE,LIQUIDADA,FNT-000011
BND-000478,3059968,"Pós-embarque, serviços de engenharia",2012-05-08,ARGENTINA,ARG,INS-000108,Ente público,"EXPORTAÇÃO DE BENS E SERVIÇOS DE ENGENHARIA PARA O PROJETO, DENOMINADO ADEQUAÇÕES DE CAMMESA MÓDULO III, DE AMPLIAÇÃO DO GASODUTO SAN MARTÍN, NA REPÚBLICA DA ARGENTINA.",Supplier,7658295.99,7658295.99,USD,SEGURO DE CRÉDITO / FGE,LIQUIDADA,FNT-000011
BND-000479,3059968,"Pós-embarque, serviços de engenharia",2012-05-08,ARGENTINA,ARG,INS-000108,Ente público,"EXPORTAÇÃO DE BENS E SERVIÇOS DE ENGENHARIA PARA O PROJETO, DENOMINADO ADEQUAÇÕES DE CAMMESA MÓDULO III, DE AMPLIAÇÃO DO GASODUTO SAN MARTÍN, NA REPÚBLICA DA ARGENTINA.",Supplier,1378093.76,1378093.76,USD,SEGURO DE CRÉDITO / FGE,LIQUIDADA,FNT-000011
BND-000480,3059968,"Pós-embarque, serviços de engenharia",2012-05-08,ARGENTINA,ARG,INS-000108,Ente público,"EXPORTAÇÃO DE BENS E SERVIÇOS DE ENGENHARIA PARA O PROJETO, DENOMINADO ADEQUAÇÕES DE CAMMESA MÓDULO III, DE AMPLIAÇÃO DO GASODUTO SAN MARTÍN, NA REPÚBLICA DA ARGENTINA.",Supplier,2367198.61,2367198.61,USD,SEGURO DE CRÉDITO / FGE,LIQUIDADA,FNT-000011
BND-000481,3059968,"Pós-embarque, serviços de engenharia",2012-05-08,ARGENTINA,ARG,INS-000108,Ente público,"EXPORTAÇÃO DE BENS E SERVIÇOS DE ENGENHARIA PARA O PROJETO, DENOMINADO ADEQUAÇÕES DE CAMMESA MÓDULO III, DE AMPLIAÇÃO DO GASODUTO SAN MARTÍN, NA REPÚBLICA DA ARGENTINA.",Supplier,218805.1,218805.1,USD,SEGURO DE CRÉDITO / FGE,LIQUIDADA,FNT-000011
BND-000482,3059968,"Pós-embarque, serviços de engenharia",2012-05-08,ARGENTINA,ARG,INS-000108,Ente público,"EXPORTAÇÃO DE BENS E SERVIÇOS DE ENGENHARIA PARA O PROJETO, DENOMINADO ADEQUAÇÕES DE CAMMESA MÓDULO III, DE AMPLIAÇÃO DO GASODUTO SAN MARTÍN, NA REPÚBLICA DA ARGENTINA.",Supplier,304586.23,304586.23,USD,SEGURO DE CRÉDITO / FGE,LIQUIDADA,FNT-000011
BND-000483,3059968,"Pós-embarque, serviços de engenharia",2012-05-08,ARGENTINA,ARG,INS-000108,Ente público,"EXPORTAÇÃO DE BENS E SERVIÇOS DE ENGENHARIA PARA O PROJETO, DENOMINADO ADEQUAÇÕES DE CAMMESA MÓDULO III, DE AMPLIAÇÃO DO GASODUTO SAN MARTÍN, NA REPÚBLICA DA ARGENTINA.",Supplier,7147889.47,7147889.47,USD,SEGURO DE CRÉDITO / FGE,LIQUIDADA,FNT-000011
BND-000484,2261814,"Pós-embarque, serviços de engenharia",2012-05-17,ARGENTINA,ARG,INS-000108,Ente público,"EXPORTAÇÃO DE BENS E SERVIÇOS DE ENGENHARIA AO NOVO PROJETO DE AMPLIACAO DO GASODUTO SAN MARTIN, EM OPERACAO PELA CONCESSIONARIA TGS.",Supplier,136521.25,136521.25,USD,SEGURO DE CRÉDITO / FGE,LIQUIDADA,FNT-000011
BND-000485,2261814,"Pós-embarque, serviços de engenharia",2012-05-17,ARGENTINA,ARG,INS-000108,Ente público,"EXPORTAÇÃO DE BENS E SERVIÇOS DE ENGENHARIA AO NOVO PROJETO DE AMPLIACAO DO GASODUTO SAN MARTIN, EM OPERACAO PELA CONCESSIONARIA TGS.",Supplier,106576.73,106576.73,USD,SEGURO DE CRÉDITO / FGE,LIQUIDADA,FNT-000011
BND-000486,2261814,"Pós-embarque, serviços de engenharia",2012-05-17,ARGENTINA,ARG,INS-000108,Ente público,"EXPORTAÇÃO DE BENS E SERVIÇOS DE ENGENHARIA AO NOVO PROJETO DE AMPLIACAO DO GASODUTO SAN MARTIN, EM OPERACAO PELA CONCESSIONARIA TGS.",Supplier,98795.43,98795.43,USD,SEGURO DE CRÉDITO / FGE,LIQUIDADA,FNT-000011
BND-000487,2261814,"Pós-embarque, serviços de engenharia",2012-05-17,ARGENTINA,ARG,INS-000108,Ente público,"EXPORTAÇÃO DE BENS E SERVIÇOS DE ENGENHARIA AO NOVO PROJETO DE AMPLIACAO DO GASODUTO SAN MARTIN, EM OPERACAO PELA CONCESSIONARIA TGS.",Supplier,3787251.04,3787251.04,USD,SEGURO DE CRÉDITO / FGE,LIQUIDADA,FNT-000011
BND-000488,1564424,"Pós-embarque, serviços de engenharia",2012-05-28,ARGENTINA,ARG,INS-000115,Ente público,"EXPORTAÇÃO DE BENS E SERVIÇOS DE ENGENHARIA DESTINADOS A IMPLANTACAO DAS PLANTAS DE ABASTECIMENTO DE AGUA DAS CIDADES DE AVELLANEDA E BERAZATEGUI, NA ARGENTINA.",Supplier,42590.79,42590.79,USD,SEGURO DE CRÉDITO / FGE,LIQUIDADA,FNT-000011
BND-000489,1564424,"Pós-embarque, serviços de engenharia",2012-05-28,ARGENTINA,ARG,INS-000115,Ente público,"EXPORTAÇÃO DE BENS E SERVIÇOS DE ENGENHARIA DESTINADOS A IMPLANTACAO DAS PLANTAS DE ABASTECIMENTO DE AGUA DAS CIDADES DE AVELLANEDA E BERAZATEGUI, NA ARGENTINA.",Supplier,66351.41,66351.41,USD,SEGURO DE CRÉDITO / FGE,LIQUIDADA,FNT-000011
BND-000490,1564424,"Pós-embarque, serviços de engenharia",2012-05-28,ARGENTINA,ARG,INS-000115,Ente público,"EXPORTAÇÃO DE BENS E SERVIÇOS DE ENGENHARIA DESTINADOS A IMPLANTACAO DAS PLANTAS DE ABASTECIMENTO DE AGUA DAS CIDADES DE AVELLANEDA E BERAZATEGUI, NA ARGENTINA.",Supplier,177095.89,177095.89,USD,SEGURO DE CRÉDITO / FGE,LIQUIDADA,FNT-000011
BND-000491,1564424,"Pós-embarque, serviços de engenharia",2012-05-28,ARGENTINA,ARG,INS-000115,Ente público,"EXPORTAÇÃO DE BENS E SERVIÇOS DE ENGENHARIA DESTINADOS A IMPLANTACAO DAS PLANTAS DE ABASTECIMENTO DE AGUA DAS CIDADES DE AVELLANEDA E BERAZATEGUI, NA ARGENTINA.",Supplier,191054.24,191054.24,USD,SEGURO DE CRÉDITO / FGE,LIQUIDADA,FNT-000011
BND-000492,1564424,"Pós-embarque, serviços de engenharia",2012-05-28,ARGENTINA,ARG,INS-000115,Ente público,"EXPORTAÇÃO DE BENS E SERVIÇOS DE ENGENHARIA DESTINADOS A IMPLANTACAO DAS PLANTAS DE ABASTECIMENTO DE AGUA DAS CIDADES DE AVELLANEDA E BERAZATEGUI, NA ARGENTINA.",Supplier,234399.92,234399.92,USD,SEGURO DE CRÉDITO / FGE,LIQUIDADA,FNT-000011
BND-000493,1564424,"Pós-embarque, serviços de engenharia",2012-05-28,ARGENTINA,ARG,INS-000115,Ente público,"EXPORTAÇÃO DE BENS E SERVIÇOS DE ENGENHARIA DESTINADOS A IMPLANTACAO DAS PLANTAS DE ABASTECIMENTO DE AGUA DAS CIDADES DE AVELLANEDA E BERAZATEGUI, NA ARGENTINA.",Supplier,244341.66,244341.66,USD,SEGURO DE CRÉDITO / FGE,LIQUIDADA,FNT-000011
BND-000494,1564424,"Pós-embarque, serviços de engenharia",2012-05-28,ARGENTINA,ARG,INS-000115,Ente público,"EXPORTAÇÃO DE BENS E SERVIÇOS DE ENGENHARIA DESTINADOS A IMPLANTACAO DAS PLANTAS DE ABASTECIMENTO DE AGUA DAS CIDADES DE AVELLANEDA E BERAZATEGUI, NA ARGENTINA.",Supplier,303169.96,303169.96,USD,SEGURO DE CRÉDITO / FGE,LIQUIDADA,FNT-000011
BND-000495,1564424,"Pós-embarque, serviços de engenharia",2012-05-28,ARGENTINA,ARG,INS-000115,Ente público,"EXPORTAÇÃO DE BENS E SERVIÇOS DE ENGENHARIA DESTINADOS A IMPLANTACAO DAS PLANTAS DE ABASTECIMENTO DE AGUA DAS CIDADES DE AVELLANEDA E BERAZATEGUI, NA ARGENTINA.",Supplier,445871.49,445871.49,USD,SEGURO DE CRÉDITO / FGE,LIQUIDADA,FNT-000011
BND-000496,1564424,"Pós-embarque, serviços de engenharia",2012-05-28,ARGENTINA,ARG,INS-000115,Ente público,"EXPORTAÇÃO DE BENS E SERVIÇOS DE ENGENHARIA DESTINADOS A IMPLANTACAO DAS PLANTAS DE ABASTECIMENTO DE AGUA DAS CIDADES DE AVELLANEDA E BERAZATEGUI, NA ARGENTINA.",Supplier,460852.43,460852.43,USD,SEGURO DE CRÉDITO / FGE,LIQUIDADA,FNT-000011
BND-000497,1554546,"Pós-embarque, serviços de engenharia",2012-05-29,ARGENTINA,ARG,INS-000108,Ente público,"EXPORTAÇÃO DE BENS E SERVIÇOS DE ENGENHARIA PARA CONSTRUÇÃO DA PLANTA DE TRATAMENTO  E DO SISTEMA DE DISTRIBUIÇÃO DE ÁGUA DE PARANÁ DE LAS PALMAS, NA REPÚBLICA DA ARGENTINA.",Supplier,4893526.37,4893526.37,USD,SEGURO DE CRÉDITO / FGE,LIQUIDADA,FNT-000011
BND-000498,1554546,"Pós-embarque, serviços de engenharia",2012-05-29,ARGENTINA,ARG,INS-000108,Ente público,"EXPORTAÇÃO DE BENS E SERVIÇOS DE ENGENHARIA PARA CONSTRUÇÃO DA PLANTA DE TRATAMENTO  E DO SISTEMA DE DISTRIBUIÇÃO DE ÁGUA DE PARANÁ DE LAS PALMAS, NA REPÚBLICA DA ARGENTINA.",Supplier,4817245.97,4817245.97,USD,SEGURO DE CRÉDITO / FGE,LIQUIDADA,FNT-000011
BND-000499,1554546,"Pós-embarque, serviços de engenharia",2012-05-29,ARGENTINA,ARG,INS-000108,Ente público,"EXPORTAÇÃO DE BENS E SERVIÇOS DE ENGENHARIA PARA CONSTRUÇÃO DA PLANTA DE TRATAMENTO  E DO SISTEMA DE DISTRIBUIÇÃO DE ÁGUA DE PARANÁ DE LAS PALMAS, NA REPÚBLICA DA ARGENTINA.",Supplier,1106056.57,1106056.57,USD,SEGURO DE CRÉDITO / FGE,LIQUIDADA,FNT-000011
BND-000500,2261814,"Pós-embarque, serviços de engenharia",2012-05-29,ARGENTINA,ARG,INS-000108,Ente público,"EXPORTAÇÃO DE BENS E SERVIÇOS DE ENGENHARIA AO NOVO PROJETO DE AMPLIACAO DO GASODUTO SAN MARTIN, EM OPERACAO PELA CONCESSIONARIA TGS.",Supplier,3947911.34,3947911.34,USD,SEGURO DE CRÉDITO / FGE,LIQUIDADA,FNT-000011
BND-000501,3321446,"Pós-embarque, serviços de engenharia",2012-06-01,ANGOLA,AGO,INS-000108,Ente público,EXPORTAÇÃO DE BENS E SERVIÇOS PARA CONSTRUÇÃO DA VIA EXPRESSA LUANDA/VIANA - PACOTE 3 (4ª LINHA DE CRÉDITO),Buyer,26132943.98,26061571.700000003,USD,SEGURO DE CRÉDITO / FGE,LIQUIDADA,FNT-000011
BND-000502,3321447,"Pós-embarque, serviços de engenharia",2012-06-01,ANGOLA,AGO,INS-000108,Ente público,EXPORTAÇÃO DE BENS E SERVIÇOS PARA A CONSTRUÇÃO DA AUTO-ESTRADA PERIFERICA DE LUANDA FASE 2 C VIANA CABOLOMBO E LIGAÇÃO CABOLOMBO FUTUNGO  (4ª LINHA DE CRÉDITO),Buyer,49624511.39,49623661.4,USD,SEGURO DE CRÉDITO / FGE,LIQUIDADA,FNT-000011
BND-000503,3904777,"Pós-embarque, serviços de engenharia",2012-06-01,ANGOLA,AGO,INS-000115,Ente público,EXPORTAÇÃO DE BENS E SERVIÇOS PARA A CONSTRUÇÃO DA LINHA DE TRANSMISSÃO UIGE MAQUELA DO ZOMBO - 2ª TRANCHE (4ª LINHA DE CRÉDITO),Buyer,53830364.52,53830364.519999996,USD,SEGURO DE CRÉDITO / FGE,LIQUIDADA,FNT-000011
BND-000504,2261814,"Pós-embarque, serviços de engenharia",2012-06-26,ARGENTINA,ARG,INS-000108,Ente público,"EXPORTAÇÃO DE BENS E SERVIÇOS DE ENGENHARIA AO NOVO PROJETO DE AMPLIACAO DO GASODUTO SAN MARTIN, EM OPERACAO PELA CONCESSIONARIA TGS.",Supplier,919295.51,919295.51,USD,SEGURO DE CRÉDITO / FGE,LIQUIDADA,FNT-000011
BND-000505,1564424,"Pós-embarque, serviços de engenharia",2012-06-27,ARGENTINA,ARG,INS-000115,Ente público,"EXPORTAÇÃO DE BENS E SERVIÇOS DE ENGENHARIA DESTINADOS A IMPLANTACAO DAS PLANTAS DE ABASTECIMENTO DE AGUA DAS CIDADES DE AVELLANEDA E BERAZATEGUI, NA ARGENTINA.",Supplier,206661.88,206661.88,USD,SEGURO DE CRÉDITO / FGE,LIQUIDADA,FNT-000011
BND-000506,1564424,"Pós-embarque, serviços de engenharia",2012-06-27,ARGENTINA,ARG,INS-000115,Ente público,"EXPORTAÇÃO DE BENS E SERVIÇOS DE ENGENHARIA DESTINADOS A IMPLANTACAO DAS PLANTAS DE ABASTECIMENTO DE AGUA DAS CIDADES DE AVELLANEDA E BERAZATEGUI, NA ARGENTINA.",Supplier,289984.61,289984.61,USD,SEGURO DE CRÉDITO / FGE,LIQUIDADA,FNT-000011
BND-000507,1564424,"Pós-embarque, serviços de engenharia",2012-06-27,ARGENTINA,ARG,INS-000115,Ente público,"EXPORTAÇÃO DE BENS E SERVIÇOS DE ENGENHARIA DESTINADOS A IMPLANTACAO DAS PLANTAS DE ABASTECIMENTO DE AGUA DAS CIDADES DE AVELLANEDA E BERAZATEGUI, NA ARGENTINA.",Supplier,292443.26,292443.26,USD,SEGURO DE CRÉDITO / FGE,LIQUIDADA,FNT-000011
BND-000508,1564424,"Pós-embarque, serviços de engenharia",2012-06-27,ARGENTINA,ARG,INS-000115,Ente público,"EXPORTAÇÃO DE BENS E SERVIÇOS DE ENGENHARIA DESTINADOS A IMPLANTACAO DAS PLANTAS DE ABASTECIMENTO DE AGUA DAS CIDADES DE AVELLANEDA E BERAZATEGUI, NA ARGENTINA.",Supplier,381037.2,381037.2,USD,SEGURO DE CRÉDITO / FGE,LIQUIDADA,FNT-000011
BND-000509,1564424,"Pós-embarque, serviços de engenharia",2012-06-27,ARGENTINA,ARG,INS-000115,Ente público,"EXPORTAÇÃO DE BENS E SERVIÇOS DE ENGENHARIA DESTINADOS A IMPLANTACAO DAS PLANTAS DE ABASTECIMENTO DE AGUA DAS CIDADES DE AVELLANEDA E BERAZATEGUI, NA ARGENTINA.",Supplier,420420.07,420420.07,USD,SEGURO DE CRÉDITO / FGE,LIQUIDADA,FNT-000011
BND-000510,1564424,"Pós-embarque, serviços de engenharia",2012-06-27,ARGENTINA,ARG,INS-000115,Ente público,"EXPORTAÇÃO DE BENS E SERVIÇOS DE ENGENHARIA DESTINADOS A IMPLANTACAO DAS PLANTAS DE ABASTECIMENTO DE AGUA DAS CIDADES DE AVELLANEDA E BERAZATEGUI, NA ARGENTINA.",Supplier,424663.16,424663.16,USD,SEGURO DE CRÉDITO / FGE,LIQUIDADA,FNT-000011
BND-000511,1564424,"Pós-embarque, serviços de engenharia",2012-06-27,ARGENTINA,ARG,INS-000115,Ente público,"EXPORTAÇÃO DE BENS E SERVIÇOS DE ENGENHARIA DESTINADOS A IMPLANTACAO DAS PLANTAS DE ABASTECIMENTO DE AGUA DAS CIDADES DE AVELLANEDA E BERAZATEGUI, NA ARGENTINA.",Supplier,542349.65,542349.65,USD,SEGURO DE CRÉDITO / FGE,LIQUIDADA,FNT-000011
BND-000512,1564424,"Pós-embarque, serviços de engenharia",2012-06-27,ARGENTINA,ARG,INS-000115,Ente público,"EXPORTAÇÃO DE BENS E SERVIÇOS DE ENGENHARIA DESTINADOS A IMPLANTACAO DAS PLANTAS DE ABASTECIMENTO DE AGUA DAS CIDADES DE AVELLANEDA E BERAZATEGUI, NA ARGENTINA.",Supplier,575638.35,575638.35,USD,SEGURO DE CRÉDITO / FGE,LIQUIDADA,FNT-000011
BND-000513,1564424,"Pós-embarque, serviços de engenharia",2012-06-27,ARGENTINA,ARG,INS-000115,Ente público,"EXPORTAÇÃO DE BENS E SERVIÇOS DE ENGENHARIA DESTINADOS A IMPLANTACAO DAS PLANTAS DE ABASTECIMENTO DE AGUA DAS CIDADES DE AVELLANEDA E BERAZATEGUI, NA ARGENTINA.",Supplier,600062.04,600062.04,USD,SEGURO DE CRÉDITO / FGE,LIQUIDADA,FNT-000011
BND-000514,1564424,"Pós-embarque, serviços de engenharia",2012-06-27,ARGENTINA,ARG,INS-000115,Ente público,"EXPORTAÇÃO DE BENS E SERVIÇOS DE ENGENHARIA DESTINADOS A IMPLANTACAO DAS PLANTAS DE ABASTECIMENTO DE AGUA DAS CIDADES DE AVELLANEDA E BERAZATEGUI, NA ARGENTINA.",Supplier,602198.18,602198.18,USD,SEGURO DE CRÉDITO / FGE,LIQUIDADA,FNT-000011
BND-000515,1564424,"Pós-embarque, serviços de engenharia",2012-06-27,ARGENTINA,ARG,INS-000115,Ente público,"EXPORTAÇÃO DE BENS E SERVIÇOS DE ENGENHARIA DESTINADOS A IMPLANTACAO DAS PLANTAS DE ABASTECIMENTO DE AGUA DAS CIDADES DE AVELLANEDA E BERAZATEGUI, NA ARGENTINA.",Supplier,679178.05,679178.05,USD,SEGURO DE CRÉDITO / FGE,LIQUIDADA,FNT-000011
BND-000516,1564424,"Pós-embarque, serviços de engenharia",2012-06-27,ARGENTINA,ARG,INS-000115,Ente público,"EXPORTAÇÃO DE BENS E SERVIÇOS DE ENGENHARIA DESTINADOS A IMPLANTACAO DAS PLANTAS DE ABASTECIMENTO DE AGUA DAS CIDADES DE AVELLANEDA E BERAZATEGUI, NA ARGENTINA.",Supplier,786532.0,786532.0,USD,SEGURO DE CRÉDITO / FGE,LIQUIDADA,FNT-000011
BND-000517,1564424,"Pós-embarque, serviços de engenharia",2012-06-27,ARGENTINA,ARG,INS-000115,Ente público,"EXPORTAÇÃO DE BENS E SERVIÇOS DE ENGENHARIA DESTINADOS A IMPLANTACAO DAS PLANTAS DE ABASTECIMENTO DE AGUA DAS CIDADES DE AVELLANEDA E BERAZATEGUI, NA ARGENTINA.",Supplier,858900.77,858900.77,USD,SEGURO DE CRÉDITO / FGE,LIQUIDADA,FNT-000011
BND-000518,1564424,"Pós-embarque, serviços de engenharia",2012-06-27,ARGENTINA,ARG,INS-000115,Ente público,"EXPORTAÇÃO DE BENS E SERVIÇOS DE ENGENHARIA DESTINADOS A IMPLANTACAO DAS PLANTAS DE ABASTECIMENTO DE AGUA DAS CIDADES DE AVELLANEDA E BERAZATEGUI, NA ARGENTINA.",Supplier,836172.35,836172.35,USD,SEGURO DE CRÉDITO / FGE,LIQUIDADA,FNT-000011
BND-000519,1564424,"Pós-embarque, serviços de engenharia",2012-06-27,ARGENTINA,ARG,INS-000115,Ente público,"EXPORTAÇÃO DE BENS E SERVIÇOS DE ENGENHARIA DESTINADOS A IMPLANTACAO DAS PLANTAS DE ABASTECIMENTO DE AGUA DAS CIDADES DE AVELLANEDA E BERAZATEGUI, NA ARGENTINA.",Supplier,1529604.35,1529604.35,USD,SEGURO DE CRÉDITO / FGE,LIQUIDADA,FNT-000011
BND-000520,1564424,"Pós-embarque, serviços de engenharia",2012-06-27,ARGENTINA,ARG,INS-000115,Ente público,"EXPORTAÇÃO DE BENS E SERVIÇOS DE ENGENHARIA DESTINADOS A IMPLANTACAO DAS PLANTAS DE ABASTECIMENTO DE AGUA DAS CIDADES DE AVELLANEDA E BERAZATEGUI, NA ARGENTINA.",Supplier,493430.22,493430.22,USD,SEGURO DE CRÉDITO / FGE,LIQUIDADA,FNT-000011
BND-000521,4157857,"Pós-embarque, serviços de engenharia",2012-07-05,CUBA,CUB,INS-000121,Ente público,EXPORTAÇÃO DE BENS E SERVIÇOS DE ENGENHARIA DESTINADOS A 4ª ETAPA DAS OBRAS DE AMPLIACAO E MODERNIZACAO DO PORTO MARIEL E DE SUA INFRAESTRUTURA DE ACESSO,Buyer,150000000.0,149981732.60999995,USD,SEGURO DE CRÉDITO / FGE,ATIVA,FNT-000011
BND-000522,1564424,"Pós-embarque, serviços de engenharia",2012-07-06,ARGENTINA,ARG,INS-000115,Ente público,"EXPORTAÇÃO DE BENS E SERVIÇOS DE ENGENHARIA DESTINADOS A IMPLANTACAO DAS PLANTAS DE ABASTECIMENTO DE AGUA DAS CIDADES DE AVELLANEDA E BERAZATEGUI, NA ARGENTINA.",Supplier,577029.53,577029.53,USD,SEGURO DE CRÉDITO / FGE,LIQUIDADA,FNT-000011
BND-000523,1564424,"Pós-embarque, serviços de engenharia",2012-07-06,ARGENTINA,ARG,INS-000115,Ente público,"EXPORTAÇÃO DE BENS E SERVIÇOS DE ENGENHARIA DESTINADOS A IMPLANTACAO DAS PLANTAS DE ABASTECIMENTO DE AGUA DAS CIDADES DE AVELLANEDA E BERAZATEGUI, NA ARGENTINA.",Supplier,579381.7,579381.7,USD,SEGURO DE CRÉDITO / FGE,LIQUIDADA,FNT-000011
BND-000524,1564424,"Pós-embarque, serviços de engenharia",2012-07-12,ARGENTINA,ARG,INS-000115,Ente público,"EXPORTAÇÃO DE BENS E SERVIÇOS DE ENGENHARIA DESTINADOS A IMPLANTACAO DAS PLANTAS DE ABASTECIMENTO DE AGUA DAS CIDADES DE AVELLANEDA E BERAZATEGUI, NA ARGENTINA.",Supplier,478453.64,478453.64,USD,SEGURO DE CRÉDITO / FGE,LIQUIDADA,FNT-000011
BND-000525,1564424,"Pós-embarque, serviços de engenharia",2012-07-12,ARGENTINA,ARG,INS-000115,Ente público,"EXPORTAÇÃO DE BENS E SERVIÇOS DE ENGENHARIA DESTINADOS A IMPLANTACAO DAS PLANTAS DE ABASTECIMENTO DE AGUA DAS CIDADES DE AVELLANEDA E BERAZATEGUI, NA ARGENTINA.",Supplier,216910.29,216910.29,USD,SEGURO DE CRÉDITO / FGE,LIQUIDADA,FNT-000011
BND-000526,1554546,"Pós-embarque, serviços de engenharia",2012-07-24,ARGENTINA,ARG,INS-000108,Ente público,"EXPORTAÇÃO DE BENS E SERVIÇOS DE ENGENHARIA PARA CONSTRUÇÃO DA PLANTA DE TRATAMENTO  E DO SISTEMA DE DISTRIBUIÇÃO DE ÁGUA DE PARANÁ DE LAS PALMAS, NA REPÚBLICA DA ARGENTINA.",Supplier,2300543.6,2300543.6,USD,SEGURO DE CRÉDITO / FGE,LIQUIDADA,FNT-000011
BND-000527,1554546,"Pós-embarque, serviços de engenharia",2012-07-25,ARGENTINA,ARG,INS-000108,Ente público,"EXPORTAÇÃO DE BENS E SERVIÇOS DE ENGENHARIA PARA CONSTRUÇÃO DA PLANTA DE TRATAMENTO  E DO SISTEMA DE DISTRIBUIÇÃO DE ÁGUA DE PARANÁ DE LAS PALMAS, NA REPÚBLICA DA ARGENTINA.",Supplier,4629336.78,4629336.78,USD,SEGURO DE CRÉDITO / FGE,LIQUIDADA,FNT-000011
BND-000528,1554546,"Pós-embarque, serviços de engenharia",2012-07-27,ARGENTINA,ARG,INS-000108,Ente público,"EXPORTAÇÃO DE BENS E SERVIÇOS DE ENGENHARIA PARA CONSTRUÇÃO DA PLANTA DE TRATAMENTO  E DO SISTEMA DE DISTRIBUIÇÃO DE ÁGUA DE PARANÁ DE LAS PALMAS, NA REPÚBLICA DA ARGENTINA.",Supplier,2852587.62,2852587.62,USD,SEGURO DE CRÉDITO / FGE,LIQUIDADA,FNT-000011
BND-000529,1554546,"Pós-embarque, serviços de engenharia",2012-07-27,ARGENTINA,ARG,INS-000108,Ente público,"EXPORTAÇÃO DE BENS E SERVIÇOS DE ENGENHARIA PARA CONSTRUÇÃO DA PLANTA DE TRATAMENTO  E DO SISTEMA DE DISTRIBUIÇÃO DE ÁGUA DE PARANÁ DE LAS PALMAS, NA REPÚBLICA DA ARGENTINA.",Supplier,1185453.25,1185453.25,USD,SEGURO DE CRÉDITO / FGE,LIQUIDADA,FNT-000011
BND-000530,1554546,"Pós-embarque, serviços de engenharia",2012-07-27,ARGENTINA,ARG,INS-000108,Ente público,"EXPORTAÇÃO DE BENS E SERVIÇOS DE ENGENHARIA PARA CONSTRUÇÃO DA PLANTA DE TRATAMENTO  E DO SISTEMA DE DISTRIBUIÇÃO DE ÁGUA DE PARANÁ DE LAS PALMAS, NA REPÚBLICA DA ARGENTINA.",Supplier,2196965.81,2196965.81,USD,SEGURO DE CRÉDITO / FGE,LIQUIDADA,FNT-000011
BND-000531,3119574,"Pós-embarque, serviços de engenharia",2012-07-30,ANGOLA,AGO,INS-000107,Ente público,EXPORTAÇÃO DE BENS E SERVIÇOS PARA A 2ª ETAPA DA CONSTRUÇÃO DA VIA EXPRESSA LUANDA/VIANA TROÇO 1 (4ª LINHA DE  CRÉDITO),Buyer,20569069.69,20569069.689999998,USD,SEGURO DE CRÉDITO / FGE,LIQUIDADA,FNT-000011
BND-000532,1564424,"Pós-embarque, serviços de engenharia",2012-08-13,ARGENTINA,ARG,INS-000115,Ente público,"EXPORTAÇÃO DE BENS E SERVIÇOS DE ENGENHARIA DESTINADOS A IMPLANTACAO DAS PLANTAS DE ABASTECIMENTO DE AGUA DAS CIDADES DE AVELLANEDA E BERAZATEGUI, NA ARGENTINA.",Supplier,555197.54,555197.54,USD,SEGURO DE CRÉDITO / FGE,LIQUIDADA,FNT-000011
BND-000533,1564424,"Pós-embarque, serviços de engenharia",2012-08-13,ARGENTINA,ARG,INS-000115,Ente público,"EXPORTAÇÃO DE BENS E SERVIÇOS DE ENGENHARIA DESTINADOS A IMPLANTACAO DAS PLANTAS DE ABASTECIMENTO DE AGUA DAS CIDADES DE AVELLANEDA E BERAZATEGUI, NA ARGENTINA.",Supplier,198568.22,198568.22,USD,SEGURO DE CRÉDITO / FGE,LIQUIDADA,FNT-000011
BND-000534,1554546,"Pós-embarque, serviços de engenharia",2012-08-22,ARGENTINA,ARG,INS-000108,Ente público,"EXPORTAÇÃO DE BENS E SERVIÇOS DE ENGENHARIA PARA CONSTRUÇÃO DA PLANTA DE TRATAMENTO  E DO SISTEMA DE DISTRIBUIÇÃO DE ÁGUA DE PARANÁ DE LAS PALMAS, NA REPÚBLICA DA ARGENTINA.",Supplier,653395.0,653395.0,USD,SEGURO DE CRÉDITO / FGE,LIQUIDADA,FNT-000011
BND-000535,1554546,"Pós-embarque, serviços de engenharia",2012-08-22,ARGENTINA,ARG,INS-000108,Ente público,"EXPORTAÇÃO DE BENS E SERVIÇOS DE ENGENHARIA PARA CONSTRUÇÃO DA PLANTA DE TRATAMENTO  E DO SISTEMA DE DISTRIBUIÇÃO DE ÁGUA DE PARANÁ DE LAS PALMAS, NA REPÚBLICA DA ARGENTINA.",Supplier,518732.27,518732.27,USD,SEGURO DE CRÉDITO / FGE,LIQUIDADA,FNT-000011
BND-000536,1554546,"Pós-embarque, serviços de engenharia",2012-08-24,ARGENTINA,ARG,INS-000108,Ente público,"EXPORTAÇÃO DE BENS E SERVIÇOS DE ENGENHARIA PARA CONSTRUÇÃO DA PLANTA DE TRATAMENTO  E DO SISTEMA DE DISTRIBUIÇÃO DE ÁGUA DE PARANÁ DE LAS PALMAS, NA REPÚBLICA DA ARGENTINA.",Supplier,655679.04,655679.04,USD,SEGURO DE CRÉDITO / FGE,LIQUIDADA,FNT-000011
BND-000537,1554546,"Pós-embarque, serviços de engenharia",2012-08-29,ARGENTINA,ARG,INS-000108,Ente público,"EXPORTAÇÃO DE BENS E SERVIÇOS DE ENGENHARIA PARA CONSTRUÇÃO DA PLANTA DE TRATAMENTO  E DO SISTEMA DE DISTRIBUIÇÃO DE ÁGUA DE PARANÁ DE LAS PALMAS, NA REPÚBLICA DA ARGENTINA.",Supplier,2086704.14,2086704.14,USD,SEGURO DE CRÉDITO / FGE,LIQUIDADA,FNT-000011
BND-000538,1554546,"Pós-embarque, serviços de engenharia",2012-09-24,ARGENTINA,ARG,INS-000108,Ente público,"EXPORTAÇÃO DE BENS E SERVIÇOS DE ENGENHARIA PARA CONSTRUÇÃO DA PLANTA DE TRATAMENTO  E DO SISTEMA DE DISTRIBUIÇÃO DE ÁGUA DE PARANÁ DE LAS PALMAS, NA REPÚBLICA DA ARGENTINA.",Supplier,2268128.7,2268128.7,USD,SEGURO DE CRÉDITO / FGE,LIQUIDADA,FNT-000011
BND-000539,1554546,"Pós-embarque, serviços de engenharia",2012-09-24,ARGENTINA,ARG,INS-000108,Ente público,"EXPORTAÇÃO DE BENS E SERVIÇOS DE ENGENHARIA PARA CONSTRUÇÃO DA PLANTA DE TRATAMENTO  E DO SISTEMA DE DISTRIBUIÇÃO DE ÁGUA DE PARANÁ DE LAS PALMAS, NA REPÚBLICA DA ARGENTINA.",Supplier,2902025.01,2902025.01,USD,SEGURO DE CRÉDITO / FGE,LIQUIDADA,FNT-000011
BND-000540,1554546,"Pós-embarque, serviços de engenharia",2012-09-24,ARGENTINA,ARG,INS-000108,Ente público,"EXPORTAÇÃO DE BENS E SERVIÇOS DE ENGENHARIA PARA CONSTRUÇÃO DA PLANTA DE TRATAMENTO  E DO SISTEMA DE DISTRIBUIÇÃO DE ÁGUA DE PARANÁ DE LAS PALMAS, NA REPÚBLICA DA ARGENTINA.",Supplier,1303521.17,1303521.17,USD,SEGURO DE CRÉDITO / FGE,LIQUIDADA,FNT-000011
BND-000541,1554546,"Pós-embarque, serviços de engenharia",2012-09-26,ARGENTINA,ARG,INS-000108,Ente público,"EXPORTAÇÃO DE BENS E SERVIÇOS DE ENGENHARIA PARA CONSTRUÇÃO DA PLANTA DE TRATAMENTO  E DO SISTEMA DE DISTRIBUIÇÃO DE ÁGUA DE PARANÁ DE LAS PALMAS, NA REPÚBLICA DA ARGENTINA.",Supplier,3736326.6,3736326.6,USD,SEGURO DE CRÉDITO / FGE,LIQUIDADA,FNT-000011
BND-000542,2261814,"Pós-embarque, serviços de engenharia",2012-09-26,ARGENTINA,ARG,INS-000108,Ente público,"EXPORTAÇÃO DE BENS E SERVIÇOS DE ENGENHARIA AO NOVO PROJETO DE AMPLIACAO DO GASODUTO SAN MARTIN, EM OPERACAO PELA CONCESSIONARIA TGS.",Supplier,655147.96,655147.96,USD,SEGURO DE CRÉDITO / FGE,LIQUIDADA,FNT-000011
BND-000543,2261814,"Pós-embarque, serviços de engenharia",2012-10-26,ARGENTINA,ARG,INS-000108,Ente público,"EXPORTAÇÃO DE BENS E SERVIÇOS DE ENGENHARIA AO NOVO PROJETO DE AMPLIACAO DO GASODUTO SAN MARTIN, EM OPERACAO PELA CONCESSIONARIA TGS.",Supplier,665290.76,665290.76,USD,SEGURO DE CRÉDITO / FGE,LIQUIDADA,FNT-000011
BND-000544,1554546,"Pós-embarque, serviços de engenharia",2012-10-29,ARGENTINA,ARG,INS-000108,Ente público,"EXPORTAÇÃO DE BENS E SERVIÇOS DE ENGENHARIA PARA CONSTRUÇÃO DA PLANTA DE TRATAMENTO  E DO SISTEMA DE DISTRIBUIÇÃO DE ÁGUA DE PARANÁ DE LAS PALMAS, NA REPÚBLICA DA ARGENTINA.",Supplier,2498498.16,2498498.16,USD,SEGURO DE CRÉDITO / FGE,LIQUIDADA,FNT-000011
BND-000545,3993087,"Pós-embarque, serviços de engenharia",2012-11-14,EQUADOR,ECU,INS-000108,Ente público,"EXPORTAÇÃO DE BENS E SERVIÇOS PARA A CONSTRUCAO DA USINA HIDROELETRICA (UHE) MANDURIACU, COM CAPACIDADE INSTALADA DE 60 MW, LOCALIZADA NA BACIA HIDROGRAFICA DO RIO GUAYLLABAMBA NO CENTRO-NORTE DO EQUADOR.",Supplier,90226703.0,89689315.67,USD,SEGURO DE CRÉDITO / FGE,LIQUIDADA,FNT-000011
BND-000546,1554546,"Pós-embarque, serviços de engenharia",2012-11-22,ARGENTINA,ARG,INS-000108,Ente público,"EXPORTAÇÃO DE BENS E SERVIÇOS DE ENGENHARIA PARA CONSTRUÇÃO DA PLANTA DE TRATAMENTO  E DO SISTEMA DE DISTRIBUIÇÃO DE ÁGUA DE PARANÁ DE LAS PALMAS, NA REPÚBLICA DA ARGENTINA.",Supplier,424743.75,424743.75,USD,SEGURO DE CRÉDITO / FGE,LIQUIDADA,FNT-000011
BND-000547,1458347,"Pós-embarque, serviços de engenharia",2012-11-28,ARGENTINA,ARG,INS-000108,Ente público,"EXPORTAÇÃO DE BENS E SERVIÇOS DE ENGENHARIA DESTINADOS ·A AMPLIAÇÃO DA CAPACIDADE DE TRANSPORTE DA REDE DE GASODUTOS TRONCAIS DE TGS E TGN, NA ARGENTINA.",Supplier,25743541.53,25743541.53,USD,SEGURO DE CRÉDITO / FGE,LIQUIDADA,FNT-000011
BND-000548,1505637,"Pós-embarque, serviços de engenharia",2012-11-28,ARGENTINA,ARG,INS-000108,Ente público,"EXPORTAÇÃO DE BENS E SERVIÇOS PARA EXPANSÃO DA CAPACIDADE DE TRANSPORTE DE GÁS NATURAL DAS MALHAS DOS GASODUTOS OPERADOS POR TGS E TGN, A SER IMPLEMENTADO PELA DISTRIBUIDORA CAMMESA.",Supplier,7126613.86,7126613.86,USD,SEGURO DE CRÉDITO / FGE,LIQUIDADA,FNT-000011
BND-000549,1505637,"Pós-embarque, serviços de engenharia",2012-11-28,ARGENTINA,ARG,INS-000108,Ente público,"EXPORTAÇÃO DE BENS E SERVIÇOS PARA EXPANSÃO DA CAPACIDADE DE TRANSPORTE DE GÁS NATURAL DAS MALHAS DOS GASODUTOS OPERADOS POR TGS E TGN, A SER IMPLEMENTADO PELA DISTRIBUIDORA CAMMESA.",Supplier,23959366.2,23959366.2,USD,SEGURO DE CRÉDITO / FGE,LIQUIDADA,FNT-000011
BND-000550,2261814,"Pós-embarque, serviços de engenharia",2012-12-13,ARGENTINA,ARG,INS-000108,Ente público,"EXPORTAÇÃO DE BENS E SERVIÇOS DE ENGENHARIA AO NOVO PROJETO DE AMPLIACAO DO GASODUTO SAN MARTIN, EM OPERACAO PELA CONCESSIONARIA TGS.",Supplier,6328251.31,6328251.31,USD,SEGURO DE CRÉDITO / FGE,LIQUIDADA,FNT-000011
BND-000551,2261814,"Pós-embarque, serviços de engenharia",2012-12-17,ARGENTINA,ARG,INS-000108,Ente público,"EXPORTAÇÃO DE BENS E SERVIÇOS DE ENGENHARIA AO NOVO PROJETO DE AMPLIACAO DO GASODUTO SAN MARTIN, EM OPERACAO PELA CONCESSIONARIA TGS.",Supplier,1951418.53,1951418.53,USD,SEGURO DE CRÉDITO / FGE,LIQUIDADA,FNT-000011
BND-000552,2261814,"Pós-embarque, serviços de engenharia",2012-12-17,ARGENTINA,ARG,INS-000108,Ente público,"EXPORTAÇÃO DE BENS E SERVIÇOS DE ENGENHARIA AO NOVO PROJETO DE AMPLIACAO DO GASODUTO SAN MARTIN, EM OPERACAO PELA CONCESSIONARIA TGS.",Supplier,294844.45,294844.45,USD,SEGURO DE CRÉDITO / FGE,LIQUIDADA,FNT-000011
BND-000553,3675808,"Pós-embarque, serviços de engenharia",2012-12-19,MEXICO,MEX,INS-000108,Ente privado,"EXPORTAÇÃO DE BENS E SERVIÇOS DE ENGENHARIA, DESTINADOS À IMPLANTAÇÃO DE UM COMPLEXO PETROQUÍMICO PARA PRODUÇÃO DE POLIETILENO NO MÉXICO - PROJETO ETILENO XXI",Buyer,90000000.0,89993751.17999998,USD,OUTRAS,LIQUIDADA,FNT-000011
BND-000554,1505637,"Pós-embarque, serviços de engenharia",2012-12-20,ARGENTINA,ARG,INS-000108,Ente público,"EXPORTAÇÃO DE BENS E SERVIÇOS PARA EXPANSÃO DA CAPACIDADE DE TRANSPORTE DE GÁS NATURAL DAS MALHAS DOS GASODUTOS OPERADOS POR TGS E TGN, A SER IMPLEMENTADO PELA DISTRIBUIDORA CAMMESA.",Supplier,2795011.92,2795011.92,USD,SEGURO DE CRÉDITO / FGE,LIQUIDADA,FNT-000011
BND-000555,3121239,"Pós-embarque, serviços de engenharia",2012-12-26,ANGOLA,AGO,INS-000108,Ente público,"EXPORTAÇÃO DE BENS E SERVIÇOS PARA A CONSTRUCAO DO POLO INDUSTRIAL DE CAPANDA, QUE TEM POR OBJETIVO A PRODUCAO DE ALIMENTOS ""IN NATURA"" E PRODUTOS INDUSTRIAIS, BUSCANDO A SUBSTITUICAO DE PARTE DAS IMPORTACOES DE ANGOLA.",Buyer,35355863.35,18398122.98,USD,SEGURO DE CRÉDITO / FGE,LIQUIDADA,FNT-000011
BND-000556,3321442,"Pós-embarque, serviços de engenharia",2012-12-26,ANGOLA,AGO,INS-000108,Ente público,"EXPORTAÇÃO DE BENS E SERVIÇOS PARA A FASE COMPLEMENTAR DO PROGRAMA FORMAÇÃO, TRABALHO E DESENVOLVIMENTO - FTD (4ª LINHA DE CRÉDITO)",Buyer,22277650.25,22255936.02,USD,SEGURO DE CRÉDITO / FGE,LIQUIDADA,FNT-000011
BND-000557,1554546,"Pós-embarque, serviços de engenharia",2012-12-26,ARGENTINA,ARG,INS-000108,Ente público,"EXPORTAÇÃO DE BENS E SERVIÇOS DE ENGENHARIA PARA CONSTRUÇÃO DA PLANTA DE TRATAMENTO  E DO SISTEMA DE DISTRIBUIÇÃO DE ÁGUA DE PARANÁ DE LAS PALMAS, NA REPÚBLICA DA ARGENTINA.",Supplier,212371.88,212371.88,USD,SEGURO DE CRÉDITO / FGE,LIQUIDADA,FNT-000011
BND-000558,1554546,"Pós-embarque, serviços de engenharia",2012-12-27,ARGENTINA,ARG,INS-000108,Ente público,"EXPORTAÇÃO DE BENS E SERVIÇOS DE ENGENHARIA PARA CONSTRUÇÃO DA PLANTA DE TRATAMENTO  E DO SISTEMA DE DISTRIBUIÇÃO DE ÁGUA DE PARANÁ DE LAS PALMAS, NA REPÚBLICA DA ARGENTINA.",Supplier,3561145.24,3561145.24,USD,SEGURO DE CRÉDITO / FGE,LIQUIDADA,FNT-000011
BND-000559,2261814,"Pós-embarque, serviços de engenharia",2013-01-25,ARGENTINA,ARG,INS-000108,Ente público,"EXPORTAÇÃO DE BENS E SERVIÇOS DE ENGENHARIA AO NOVO PROJETO DE AMPLIACAO DO GASODUTO SAN MARTIN, EM OPERACAO PELA CONCESSIONARIA TGS.",Supplier,2724554.49,2724554.49,USD,SEGURO DE CRÉDITO / FGE,LIQUIDADA,FNT-000011
BND-000560,1505637,"Pós-embarque, serviços de engenharia",2013-01-28,ARGENTINA,ARG,INS-000108,Ente público,"EXPORTAÇÃO DE BENS E SERVIÇOS PARA EXPANSÃO DA CAPACIDADE DE TRANSPORTE DE GÁS NATURAL DAS MALHAS DOS GASODUTOS OPERADOS POR TGS E TGN, A SER IMPLEMENTADO PELA DISTRIBUIDORA CAMMESA.",Supplier,6047041.53,6047041.53,USD,SEGURO DE CRÉDITO / FGE,LIQUIDADA,FNT-000011
BND-000561,1554546,"Pós-embarque, serviços de engenharia",2013-01-28,ARGENTINA,ARG,INS-000108,Ente público,"EXPORTAÇÃO DE BENS E SERVIÇOS DE ENGENHARIA PARA CONSTRUÇÃO DA PLANTA DE TRATAMENTO  E DO SISTEMA DE DISTRIBUIÇÃO DE ÁGUA DE PARANÁ DE LAS PALMAS, NA REPÚBLICA DA ARGENTINA.",Supplier,2250741.36,2250741.36,USD,SEGURO DE CRÉDITO / FGE,LIQUIDADA,FNT-000011
BND-000562,1554546,"Pós-embarque, serviços de engenharia",2013-01-28,ARGENTINA,ARG,INS-000108,Ente público,"EXPORTAÇÃO DE BENS E SERVIÇOS DE ENGENHARIA PARA CONSTRUÇÃO DA PLANTA DE TRATAMENTO  E DO SISTEMA DE DISTRIBUIÇÃO DE ÁGUA DE PARANÁ DE LAS PALMAS, NA REPÚBLICA DA ARGENTINA.",Supplier,2474027.02,2474027.02,USD,SEGURO DE CRÉDITO / FGE,LIQUIDADA,FNT-000011
BND-000563,2261814,"Pós-embarque, serviços de engenharia",2013-01-28,ARGENTINA,ARG,INS-000108,Ente público,"EXPORTAÇÃO DE BENS E SERVIÇOS DE ENGENHARIA AO NOVO PROJETO DE AMPLIACAO DO GASODUTO SAN MARTIN, EM OPERACAO PELA CONCESSIONARIA TGS.",Supplier,741053.83,741053.83,USD,SEGURO DE CRÉDITO / FGE,LIQUIDADA,FNT-000011
BND-000564,1458347,"Pós-embarque, serviços de engenharia",2013-01-29,ARGENTINA,ARG,INS-000108,Ente público,"EXPORTAÇÃO DE BENS E SERVIÇOS DE ENGENHARIA DESTINADOS ·A AMPLIAÇÃO DA CAPACIDADE DE TRANSPORTE DA REDE DE GASODUTOS TRONCAIS DE TGS E TGN, NA ARGENTINA.",Supplier,4444774.86,4444774.86,USD,SEGURO DE CRÉDITO / FGE,LIQUIDADA,FNT-000011
BND-000565,3120336,"Pós-embarque, serviços de engenharia",2013-02-08,ANGOLA,AGO,INS-000107,Ente público,EXPORTAÇÃO DE BENS E SERVIÇOS PARA A CONSTRUCAO DA QUARTA AVENIDA  4ª TRANCHE - ETAPA 2 (SERVIÇOS).,Buyer,14762419.309999999,14762419.309999999,USD,SEGURO DE CRÉDITO / FGE,LIQUIDADA,FNT-000011
BND-000566,1554546,"Pós-embarque, serviços de engenharia",2013-02-22,ARGENTINA,ARG,INS-000108,Ente público,"EXPORTAÇÃO DE BENS E SERVIÇOS DE ENGENHARIA PARA CONSTRUÇÃO DA PLANTA DE TRATAMENTO  E DO SISTEMA DE DISTRIBUIÇÃO DE ÁGUA DE PARANÁ DE LAS PALMAS, NA REPÚBLICA DA ARGENTINA.",Supplier,2171033.34,2171033.34,USD,SEGURO DE CRÉDITO / FGE,LIQUIDADA,FNT-000011
BND-000567,3254319,"Pós-embarque, serviços de engenharia",2013-02-22,GUATEMALA,GTM,INS-000108,Ente público,"EXPORTAÇÃO DE BENS E SERVIÇOS DE ENGENHARIA DESTINADOS AS OBRAS DE REABILITACAO E AMPLIAÇÃO DA RODOVIA CENTRO AMERICANA CA-2, TRECHO OCIDENTAL",Buyer,280000000.0,167774178.5,USD,SEGURO DE CRÉDITO / FGE,ATIVA,FNT-000011
BND-000568,2261814,"Pós-embarque, serviços de engenharia",2013-03-08,ARGENTINA,ARG,INS-000108,Ente público,"EXPORTAÇÃO DE BENS E SERVIÇOS DE ENGENHARIA AO NOVO PROJETO DE AMPLIACAO DO GASODUTO SAN MARTIN, EM OPERACAO PELA CONCESSIONARIA TGS.",Supplier,583861.49,583861.49,USD,SEGURO DE CRÉDITO / FGE,LIQUIDADA,FNT-000011
BND-000569,1554546,"Pós-embarque, serviços de engenharia",2013-03-14,ARGENTINA,ARG,INS-000108,Ente público,"EXPORTAÇÃO DE BENS E SERVIÇOS DE ENGENHARIA PARA CONSTRUÇÃO DA PLANTA DE TRATAMENTO  E DO SISTEMA DE DISTRIBUIÇÃO DE ÁGUA DE PARANÁ DE LAS PALMAS, NA REPÚBLICA DA ARGENTINA.",Supplier,1180315.69,1180315.69,USD,SEGURO DE CRÉDITO / FGE,LIQUIDADA,FNT-000011
BND-000570,1554546,"Pós-embarque, serviços de engenharia",2013-03-14,ARGENTINA,ARG,INS-000108,Ente público,"EXPORTAÇÃO DE BENS E SERVIÇOS DE ENGENHARIA PARA CONSTRUÇÃO DA PLANTA DE TRATAMENTO  E DO SISTEMA DE DISTRIBUIÇÃO DE ÁGUA DE PARANÁ DE LAS PALMAS, NA REPÚBLICA DA ARGENTINA.",Supplier,364244.23,364244.23,USD,SEGURO DE CRÉDITO / FGE,LIQUIDADA,FNT-000011
BND-000571,2261814,"Pós-embarque, serviços de engenharia",2013-03-14,ARGENTINA,ARG,INS-000108,Ente público,"EXPORTAÇÃO DE BENS E SERVIÇOS DE ENGENHARIA AO NOVO PROJETO DE AMPLIACAO DO GASODUTO SAN MARTIN, EM OPERACAO PELA CONCESSIONARIA TGS.",Supplier,36772.8,36772.8,USD,SEGURO DE CRÉDITO / FGE,LIQUIDADA,FNT-000011
BND-000572,1554546,"Pós-embarque, serviços de engenharia",2013-03-15,ARGENTINA,ARG,INS-000108,Ente público,"EXPORTAÇÃO DE BENS E SERVIÇOS DE ENGENHARIA PARA CONSTRUÇÃO DA PLANTA DE TRATAMENTO  E DO SISTEMA DE DISTRIBUIÇÃO DE ÁGUA DE PARANÁ DE LAS PALMAS, NA REPÚBLICA DA ARGENTINA.",Supplier,612086.29,612086.29,USD,SEGURO DE CRÉDITO / FGE,LIQUIDADA,FNT-000011
BND-000573,1554546,"Pós-embarque, serviços de engenharia",2013-03-15,ARGENTINA,ARG,INS-000108,Ente público,"EXPORTAÇÃO DE BENS E SERVIÇOS DE ENGENHARIA PARA CONSTRUÇÃO DA PLANTA DE TRATAMENTO  E DO SISTEMA DE DISTRIBUIÇÃO DE ÁGUA DE PARANÁ DE LAS PALMAS, NA REPÚBLICA DA ARGENTINA.",Supplier,659835.28,659835.28,USD,SEGURO DE CRÉDITO / FGE,LIQUIDADA,FNT-000011
BND-000574,3630320,"Pós-embarque, serviços de engenharia",2013-03-19,COSTA RICA,CRI,INS-000119,Ente público,"EXPORTAÇÃO DE BENS E SERVIÇOS PARA A CONSTRUÇÃO DO PROJETO HIDRELETRICO BALSA INFERIOR (HIDRELETRICA E CASA DE MAQUINAS) DE 38,5 MW, LOCALIZADO NA PROVINCIA DE ALAJUELA, EM SAN JAMON.",Buyer,44233963.0,42590941.85,USD,SEGURO DE CRÉDITO / FGE,LIQUIDADA,FNT-000011
BND-000575,1554546,"Pós-embarque, serviços de engenharia",2013-03-25,ARGENTINA,ARG,INS-000108,Ente público,"EXPORTAÇÃO DE BENS E SERVIÇOS DE ENGENHARIA PARA CONSTRUÇÃO DA PLANTA DE TRATAMENTO  E DO SISTEMA DE DISTRIBUIÇÃO DE ÁGUA DE PARANÁ DE LAS PALMAS, NA REPÚBLICA DA ARGENTINA.",Supplier,1288146.07,1288146.07,USD,SEGURO DE CRÉDITO / FGE,LIQUIDADA,FNT-000011
BND-000576,1554546,"Pós-embarque, serviços de engenharia",2013-03-26,ARGENTINA,ARG,INS-000108,Ente público,"EXPORTAÇÃO DE BENS E SERVIÇOS DE ENGENHARIA PARA CONSTRUÇÃO DA PLANTA DE TRATAMENTO  E DO SISTEMA DE DISTRIBUIÇÃO DE ÁGUA DE PARANÁ DE LAS PALMAS, NA REPÚBLICA DA ARGENTINA.",Supplier,2541735.21,2541735.21,USD,SEGURO DE CRÉDITO / FGE,LIQUIDADA,FNT-000011
BND-000577,1554546,"Pós-embarque, serviços de engenharia",2013-05-13,ARGENTINA,ARG,INS-000108,Ente público,"EXPORTAÇÃO DE BENS E SERVIÇOS DE ENGENHARIA PARA CONSTRUÇÃO DA PLANTA DE TRATAMENTO  E DO SISTEMA DE DISTRIBUIÇÃO DE ÁGUA DE PARANÁ DE LAS PALMAS, NA REPÚBLICA DA ARGENTINA.",Supplier,70577.52,70577.52,USD,SEGURO DE CRÉDITO / FGE,LIQUIDADA,FNT-000011
BND-000578,5122622,"Pós-embarque, serviços de engenharia",2013-05-16,CUBA,CUB,INS-000121,Ente público,EXPORTAÇÃO DE BENS E SERVIÇOS DESTINADOS A 5ª ETAPA DAS OBRAS DE AMPLIACAO E MODERNIZACAO DO PORTO MARIEL E DE SUA INFRAESTRUTURA DE ACESSO,Buyer,229910550.0,189107464.14000002,USD,SEGURO DE CRÉDITO / FGE,ATIVA,FNT-000011
BND-000579,1554546,"Pós-embarque, serviços de engenharia",2013-05-28,ARGENTINA,ARG,INS-000108,Ente público,"EXPORTAÇÃO DE BENS E SERVIÇOS DE ENGENHARIA PARA CONSTRUÇÃO DA PLANTA DE TRATAMENTO  E DO SISTEMA DE DISTRIBUIÇÃO DE ÁGUA DE PARANÁ DE LAS PALMAS, NA REPÚBLICA DA ARGENTINA.",Supplier,2648917.93,2648917.93,USD,SEGURO DE CRÉDITO / FGE,LIQUIDADA,FNT-000011
BND-000580,1554546,"Pós-embarque, serviços de engenharia",2013-05-28,ARGENTINA,ARG,INS-000108,Ente público,"EXPORTAÇÃO DE BENS E SERVIÇOS DE ENGENHARIA PARA CONSTRUÇÃO DA PLANTA DE TRATAMENTO  E DO SISTEMA DE DISTRIBUIÇÃO DE ÁGUA DE PARANÁ DE LAS PALMAS, NA REPÚBLICA DA ARGENTINA.",Supplier,1550480.93,1550480.93,USD,SEGURO DE CRÉDITO / FGE,LIQUIDADA,FNT-000011
BND-000581,4479585,"Pós-embarque, serviços de engenharia",2013-06-06,HONDURAS,HND,INS-000118,Ente público,EXPORTAÇÃO DE BENS E SERVIÇOS PARA A CONSTRUCAO DOS LOTES II E III DO CORREDOR LOGISTICO DE HONDURAS.,Buyer,145000000.0,59381822.370000005,USD,SEGURO DE CRÉDITO / FGE,ATIVA,FNT-000011
BND-000582,2261814,"Pós-embarque, serviços de engenharia",2013-06-19,ARGENTINA,ARG,INS-000108,Ente público,"EXPORTAÇÃO DE BENS E SERVIÇOS DE ENGENHARIA AO NOVO PROJETO DE AMPLIACAO DO GASODUTO SAN MARTIN, EM OPERACAO PELA CONCESSIONARIA TGS.",Supplier,198411.64,198411.64,USD,SEGURO DE CRÉDITO / FGE,LIQUIDADA,FNT-000011
BND-000583,2261814,"Pós-embarque, serviços de engenharia",2013-06-19,ARGENTINA,ARG,INS-000108,Ente público,"EXPORTAÇÃO DE BENS E SERVIÇOS DE ENGENHARIA AO NOVO PROJETO DE AMPLIACAO DO GASODUTO SAN MARTIN, EM OPERACAO PELA CONCESSIONARIA TGS.",Supplier,316626.06,316626.06,USD,SEGURO DE CRÉDITO / FGE,LIQUIDADA,FNT-000011
BND-000584,1554546,"Pós-embarque, serviços de engenharia",2013-06-26,ARGENTINA,ARG,INS-000108,Ente público,"EXPORTAÇÃO DE BENS E SERVIÇOS DE ENGENHARIA PARA CONSTRUÇÃO DA PLANTA DE TRATAMENTO  E DO SISTEMA DE DISTRIBUIÇÃO DE ÁGUA DE PARANÁ DE LAS PALMAS, NA REPÚBLICA DA ARGENTINA.",Supplier,1009253.71,1009253.71,USD,SEGURO DE CRÉDITO / FGE,LIQUIDADA,FNT-000011
BND-000585,1554546,"Pós-embarque, serviços de engenharia",2013-06-26,ARGENTINA,ARG,INS-000108,Ente público,"EXPORTAÇÃO DE BENS E SERVIÇOS DE ENGENHARIA PARA CONSTRUÇÃO DA PLANTA DE TRATAMENTO  E DO SISTEMA DE DISTRIBUIÇÃO DE ÁGUA DE PARANÁ DE LAS PALMAS, NA REPÚBLICA DA ARGENTINA.",Supplier,2382433.26,2382433.26,USD,SEGURO DE CRÉDITO / FGE,LIQUIDADA,FNT-000011
BND-000586,3319236,"Pós-embarque, serviços de engenharia",2013-07-05,PERU,PER,INS-000108,Ente privado,EXPORTAÇÃO DE BENS E SERVIÇOS BRASILEIROS PARA A CONSTRUÇÃO DA CENTRAL HIDROELETRICA CHAGLLA E DA INFRAESTRUTURA A ELA ASSOCIADA (INCLUINDO LINHA DE TRANSMISSÃO),Buyer,340421833.0,289528301.85,USD,SEGURO DE CRÉDITO / FGE,LIQUIDADA,FNT-000011
BND-000587,4834021,"Pós-embarque, serviços de engenharia",2013-07-16,ANGOLA,AGO,INS-000108,Ente público,EXPORTAÇÃO DE BENS E SERVIÇOS PARA A 2ª FASE DO PROJETO INTEGRADO DAS INFRAESTRUTURAS DA PROVINCIA DE BENGUELA - 2ª ETAPA (4ª LINHA DE CRÉDITO),Buyer,36836975.17,36836975.160000004,USD,SEGURO DE CRÉDITO / FGE,LIQUIDADA,FNT-000011
BND-000588,4834037,"Pós-embarque, serviços de engenharia",2013-07-16,ANGOLA,AGO,INS-000108,Ente público,EXPORTAÇÃO DE BENS E SERVIÇOS PARA CONSTRUCAO DE CASAS POPULARES.,Buyer,68709750.0,68709750.0,USD,SEGURO DE CRÉDITO / FGE,LIQUIDADA,FNT-000011
BND-000589,2916257,"Pós-embarque, serviços de engenharia",2013-07-19,GANA,GHA,INS-000107,Ente público,"EXPORTAÇÃO DE BENS E SERVIÇOS PARA A CONSTRUCAO DOS LOTES 5 (86 KM) E 6 (123,2 KM) DO CORREDOR RODOVIARIO ORIENTAL DA ESTRADA NACIONAL N2",Buyer,202190692.0,139961489.66,USD,SEGURO DE CRÉDITO / FGE,ATIVA,FNT-000011
BND-000590,4479536,"Pós-embarque, serviços de engenharia",2013-07-31,REPUBLICA DOMINICANA,DOM,INS-000118,Ente público,EXPORTAÇÃO DE BENS E SERVIÇOS PARA PROJETO DE IRRIGACAO NA PROVINCIA DE AZUA,Buyer,71892951.25,25379489.009999998,USD,SEGURO DE CRÉDITO / FGE,ATIVA,FNT-000011
BND-000591,5135940,"Pós-embarque, serviços de engenharia",2013-08-21,EQUADOR,ECU,INS-000108,Ente público,EXPORTAÇÃO DE BENS E SERVIÇOS DE PARA O PROJETO DE IRRIGACAO TRASVASE DAULE VINCES PARA OTIMIZAR O APROVEITAMENTO DOS RECURSOS HIDRICOS PROXIMOS AO RIO DAULE.,Supplier,136970406.68,110369372.07,USD,SEGURO DE CRÉDITO / FGE,LIQUIDADA,FNT-000011
BND-000592,1554546,"Pós-embarque, serviços de engenharia",2013-08-28,ARGENTINA,ARG,INS-000108,Ente público,"EXPORTAÇÃO DE BENS E SERVIÇOS DE ENGENHARIA PARA CONSTRUÇÃO DA PLANTA DE TRATAMENTO  E DO SISTEMA DE DISTRIBUIÇÃO DE ÁGUA DE PARANÁ DE LAS PALMAS, NA REPÚBLICA DA ARGENTINA.",Supplier,2380497.78,2380497.78,USD,SEGURO DE CRÉDITO / FGE,LIQUIDADA,FNT-000011
BND-000593,1564424,"Pós-embarque, serviços de engenharia",2013-08-28,ARGENTINA,ARG,INS-000115,Ente público,"EXPORTAÇÃO DE BENS E SERVIÇOS DE ENGENHARIA DESTINADOS A IMPLANTACAO DAS PLANTAS DE ABASTECIMENTO DE AGUA DAS CIDADES DE AVELLANEDA E BERAZATEGUI, NA ARGENTINA.",Supplier,1644113.5,1644113.5,USD,SEGURO DE CRÉDITO / FGE,LIQUIDADA,FNT-000011
BND-000594,1564424,"Pós-embarque, serviços de engenharia",2013-08-28,ARGENTINA,ARG,INS-000115,Ente público,"EXPORTAÇÃO DE BENS E SERVIÇOS DE ENGENHARIA DESTINADOS A IMPLANTACAO DAS PLANTAS DE ABASTECIMENTO DE AGUA DAS CIDADES DE AVELLANEDA E BERAZATEGUI, NA ARGENTINA.",Supplier,1588413.96,1588413.96,USD,SEGURO DE CRÉDITO / FGE,LIQUIDADA,FNT-000011
BND-000595,1564424,"Pós-embarque, serviços de engenharia",2013-08-28,ARGENTINA,ARG,INS-000115,Ente público,"EXPORTAÇÃO DE BENS E SERVIÇOS DE ENGENHARIA DESTINADOS A IMPLANTACAO DAS PLANTAS DE ABASTECIMENTO DE AGUA DAS CIDADES DE AVELLANEDA E BERAZATEGUI, NA ARGENTINA.",Supplier,945906.22,945906.22,USD,SEGURO DE CRÉDITO / FGE,LIQUIDADA,FNT-000011
BND-000596,4490503,"Pós-embarque, serviços de engenharia",2013-09-06,MOCAMBIQUE,MOZ,INS-000108,Ente público,EXPORTAÇÃO DE BENS E SERVIÇOS PARA OBRAS COMPLEMENTARES DO AEROPORTO INTERNACIONAL DE NACALA,Buyer,45000000.0,44093529.519999996,USD,SEGURO DE CRÉDITO / FGE,LIQUIDADA,FNT-000011
BND-000597,1564424,"Pós-embarque, serviços de engenharia",2013-09-20,ARGENTINA,ARG,INS-000115,Ente público,"EXPORTAÇÃO DE BENS E SERVIÇOS DE ENGENHARIA DESTINADOS A IMPLANTACAO DAS PLANTAS DE ABASTECIMENTO DE AGUA DAS CIDADES DE AVELLANEDA E BERAZATEGUI, NA ARGENTINA.",Supplier,192564.95,192564.95,USD,SEGURO DE CRÉDITO / FGE,LIQUIDADA,FNT-000011
BND-000598,1564424,"Pós-embarque, serviços de engenharia",2013-09-20,ARGENTINA,ARG,INS-000115,Ente público,"EXPORTAÇÃO DE BENS E SERVIÇOS DE ENGENHARIA DESTINADOS A IMPLANTACAO DAS PLANTAS DE ABASTECIMENTO DE AGUA DAS CIDADES DE AVELLANEDA E BERAZATEGUI, NA ARGENTINA.",Supplier,411028.38,411028.38,USD,SEGURO DE CRÉDITO / FGE,LIQUIDADA,FNT-000011
BND-000599,1564424,"Pós-embarque, serviços de engenharia",2013-09-20,ARGENTINA,ARG,INS-000115,Ente público,"EXPORTAÇÃO DE BENS E SERVIÇOS DE ENGENHARIA DESTINADOS A IMPLANTACAO DAS PLANTAS DE ABASTECIMENTO DE AGUA DAS CIDADES DE AVELLANEDA E BERAZATEGUI, NA ARGENTINA.",Supplier,567543.74,567543.74,USD,SEGURO DE CRÉDITO / FGE,LIQUIDADA,FNT-000011
BND-000600,1564424,"Pós-embarque, serviços de engenharia",2013-09-20,ARGENTINA,ARG,INS-000115,Ente público,"EXPORTAÇÃO DE BENS E SERVIÇOS DE ENGENHARIA DESTINADOS A IMPLANTACAO DAS PLANTAS DE ABASTECIMENTO DE AGUA DAS CIDADES DE AVELLANEDA E BERAZATEGUI, NA ARGENTINA.",Supplier,411028.38,411028.38,USD,SEGURO DE CRÉDITO / FGE,LIQUIDADA,FNT-000011
BND-000601,1564424,"Pós-embarque, serviços de engenharia",2013-09-20,ARGENTINA,ARG,INS-000115,Ente público,"EXPORTAÇÃO DE BENS E SERVIÇOS DE ENGENHARIA DESTINADOS A IMPLANTACAO DAS PLANTAS DE ABASTECIMENTO DE AGUA DAS CIDADES DE AVELLANEDA E BERAZATEGUI, NA ARGENTINA.",Supplier,175117.02,175117.02,USD,SEGURO DE CRÉDITO / FGE,LIQUIDADA,FNT-000011
BND-000602,1564424,"Pós-embarque, serviços de engenharia",2013-09-20,ARGENTINA,ARG,INS-000115,Ente público,"EXPORTAÇÃO DE BENS E SERVIÇOS DE ENGENHARIA DESTINADOS A IMPLANTACAO DAS PLANTAS DE ABASTECIMENTO DE AGUA DAS CIDADES DE AVELLANEDA E BERAZATEGUI, NA ARGENTINA.",Supplier,822056.76,822056.76,USD,SEGURO DE CRÉDITO / FGE,LIQUIDADA,FNT-000011
BND-000603,1564424,"Pós-embarque, serviços de engenharia",2013-09-20,ARGENTINA,ARG,INS-000115,Ente público,"EXPORTAÇÃO DE BENS E SERVIÇOS DE ENGENHARIA DESTINADOS A IMPLANTACAO DAS PLANTAS DE ABASTECIMENTO DE AGUA DAS CIDADES DE AVELLANEDA E BERAZATEGUI, NA ARGENTINA.",Supplier,393821.52,393821.52,USD,SEGURO DE CRÉDITO / FGE,LIQUIDADA,FNT-000011
BND-000604,1564424,"Pós-embarque, serviços de engenharia",2013-09-20,ARGENTINA,ARG,INS-000115,Ente público,"EXPORTAÇÃO DE BENS E SERVIÇOS DE ENGENHARIA DESTINADOS A IMPLANTACAO DAS PLANTAS DE ABASTECIMENTO DE AGUA DAS CIDADES DE AVELLANEDA E BERAZATEGUI, NA ARGENTINA.",Supplier,3739167.68,3739167.68,USD,SEGURO DE CRÉDITO / FGE,LIQUIDADA,FNT-000011
BND-000605,1564424,"Pós-embarque, serviços de engenharia",2013-09-20,ARGENTINA,ARG,INS-000115,Ente público,"EXPORTAÇÃO DE BENS E SERVIÇOS DE ENGENHARIA DESTINADOS A IMPLANTACAO DAS PLANTAS DE ABASTECIMENTO DE AGUA DAS CIDADES DE AVELLANEDA E BERAZATEGUI, NA ARGENTINA.",Supplier,347931.41,347931.41,USD,SEGURO DE CRÉDITO / FGE,LIQUIDADA,FNT-000011
BND-000606,1564424,"Pós-embarque, serviços de engenharia",2013-09-20,ARGENTINA,ARG,INS-000115,Ente público,"EXPORTAÇÃO DE BENS E SERVIÇOS DE ENGENHARIA DESTINADOS A IMPLANTACAO DAS PLANTAS DE ABASTECIMENTO DE AGUA DAS CIDADES DE AVELLANEDA E BERAZATEGUI, NA ARGENTINA.",Supplier,566516.98,566516.98,USD,SEGURO DE CRÉDITO / FGE,LIQUIDADA,FNT-000011
BND-000607,1564424,"Pós-embarque, serviços de engenharia",2013-09-20,ARGENTINA,ARG,INS-000115,Ente público,"EXPORTAÇÃO DE BENS E SERVIÇOS DE ENGENHARIA DESTINADOS A IMPLANTACAO DAS PLANTAS DE ABASTECIMENTO DE AGUA DAS CIDADES DE AVELLANEDA E BERAZATEGUI, NA ARGENTINA.",Supplier,1644155.89,1644155.89,USD,SEGURO DE CRÉDITO / FGE,LIQUIDADA,FNT-000011
BND-000608,1564424,"Pós-embarque, serviços de engenharia",2013-09-20,ARGENTINA,ARG,INS-000115,Ente público,"EXPORTAÇÃO DE BENS E SERVIÇOS DE ENGENHARIA DESTINADOS A IMPLANTACAO DAS PLANTAS DE ABASTECIMENTO DE AGUA DAS CIDADES DE AVELLANEDA E BERAZATEGUI, NA ARGENTINA.",Supplier,391897.94,391897.94,USD,SEGURO DE CRÉDITO / FGE,LIQUIDADA,FNT-000011
BND-000609,1554546,"Pós-embarque, serviços de engenharia",2013-09-26,ARGENTINA,ARG,INS-000108,Ente público,"EXPORTAÇÃO DE BENS E SERVIÇOS DE ENGENHARIA PARA CONSTRUÇÃO DA PLANTA DE TRATAMENTO  E DO SISTEMA DE DISTRIBUIÇÃO DE ÁGUA DE PARANÁ DE LAS PALMAS, NA REPÚBLICA DA ARGENTINA.",Supplier,1894137.11,1894137.11,USD,SEGURO DE CRÉDITO / FGE,LIQUIDADA,FNT-000011
BND-000610,1554546,"Pós-embarque, serviços de engenharia",2013-09-26,ARGENTINA,ARG,INS-000108,Ente público,"EXPORTAÇÃO DE BENS E SERVIÇOS DE ENGENHARIA PARA CONSTRUÇÃO DA PLANTA DE TRATAMENTO  E DO SISTEMA DE DISTRIBUIÇÃO DE ÁGUA DE PARANÁ DE LAS PALMAS, NA REPÚBLICA DA ARGENTINA.",Supplier,677199.17,677199.17,USD,SEGURO DE CRÉDITO / FGE,LIQUIDADA,FNT-000011
BND-000611,1554546,"Pós-embarque, serviços de engenharia",2013-09-26,ARGENTINA,ARG,INS-000108,Ente público,"EXPORTAÇÃO DE BENS E SERVIÇOS DE ENGENHARIA PARA CONSTRUÇÃO DA PLANTA DE TRATAMENTO  E DO SISTEMA DE DISTRIBUIÇÃO DE ÁGUA DE PARANÁ DE LAS PALMAS, NA REPÚBLICA DA ARGENTINA.",Supplier,1649356.43,1649356.43,USD,SEGURO DE CRÉDITO / FGE,LIQUIDADA,FNT-000011
BND-000612,1564424,"Pós-embarque, serviços de engenharia",2013-10-28,ARGENTINA,ARG,INS-000115,Ente público,"EXPORTAÇÃO DE BENS E SERVIÇOS DE ENGENHARIA DESTINADOS A IMPLANTACAO DAS PLANTAS DE ABASTECIMENTO DE AGUA DAS CIDADES DE AVELLANEDA E BERAZATEGUI, NA ARGENTINA.",Supplier,152745.9,152745.9,USD,SEGURO DE CRÉDITO / FGE,LIQUIDADA,FNT-000011
BND-000613,1564424,"Pós-embarque, serviços de engenharia",2013-10-28,ARGENTINA,ARG,INS-000115,Ente público,"EXPORTAÇÃO DE BENS E SERVIÇOS DE ENGENHARIA DESTINADOS A IMPLANTACAO DAS PLANTAS DE ABASTECIMENTO DE AGUA DAS CIDADES DE AVELLANEDA E BERAZATEGUI, NA ARGENTINA.",Supplier,638041.35,638041.0,USD,SEGURO DE CRÉDITO / FGE,LIQUIDADA,FNT-000011
BND-000614,1564424,"Pós-embarque, serviços de engenharia",2013-10-28,ARGENTINA,ARG,INS-000115,Ente público,"EXPORTAÇÃO DE BENS E SERVIÇOS DE ENGENHARIA DESTINADOS A IMPLANTACAO DAS PLANTAS DE ABASTECIMENTO DE AGUA DAS CIDADES DE AVELLANEDA E BERAZATEGUI, NA ARGENTINA.",Supplier,163839.25,163839.25,USD,SEGURO DE CRÉDITO / FGE,LIQUIDADA,FNT-000011
BND-000615,1564424,"Pós-embarque, serviços de engenharia",2013-10-28,ARGENTINA,ARG,INS-000115,Ente público,"EXPORTAÇÃO DE BENS E SERVIÇOS DE ENGENHARIA DESTINADOS A IMPLANTACAO DAS PLANTAS DE ABASTECIMENTO DE AGUA DAS CIDADES DE AVELLANEDA E BERAZATEGUI, NA ARGENTINA.",Supplier,1137064.32,1137064.32,USD,SEGURO DE CRÉDITO / FGE,LIQUIDADA,FNT-000011
BND-000616,1564424,"Pós-embarque, serviços de engenharia",2013-10-28,ARGENTINA,ARG,INS-000115,Ente público,"EXPORTAÇÃO DE BENS E SERVIÇOS DE ENGENHARIA DESTINADOS A IMPLANTACAO DAS PLANTAS DE ABASTECIMENTO DE AGUA DAS CIDADES DE AVELLANEDA E BERAZATEGUI, NA ARGENTINA.",Supplier,682238.6,682238.6,USD,SEGURO DE CRÉDITO / FGE,LIQUIDADA,FNT-000011
BND-000617,1564424,"Pós-embarque, serviços de engenharia",2013-10-29,ARGENTINA,ARG,INS-000115,Ente público,"EXPORTAÇÃO DE BENS E SERVIÇOS DE ENGENHARIA DESTINADOS A IMPLANTACAO DAS PLANTAS DE ABASTECIMENTO DE AGUA DAS CIDADES DE AVELLANEDA E BERAZATEGUI, NA ARGENTINA.",Supplier,131456.14,131456.14,USD,SEGURO DE CRÉDITO / FGE,LIQUIDADA,FNT-000011
BND-000618,1564424,"Pós-embarque, serviços de engenharia",2013-10-29,ARGENTINA,ARG,INS-000115,Ente público,"EXPORTAÇÃO DE BENS E SERVIÇOS DE ENGENHARIA DESTINADOS A IMPLANTACAO DAS PLANTAS DE ABASTECIMENTO DE AGUA DAS CIDADES DE AVELLANEDA E BERAZATEGUI, NA ARGENTINA.",Supplier,232121.55,232121.55,USD,SEGURO DE CRÉDITO / FGE,LIQUIDADA,FNT-000011
BND-000619,1564424,"Pós-embarque, serviços de engenharia",2013-10-29,ARGENTINA,ARG,INS-000115,Ente público,"EXPORTAÇÃO DE BENS E SERVIÇOS DE ENGENHARIA DESTINADOS A IMPLANTACAO DAS PLANTAS DE ABASTECIMENTO DE AGUA DAS CIDADES DE AVELLANEDA E BERAZATEGUI, NA ARGENTINA.",Supplier,233729.13,233729.13,USD,SEGURO DE CRÉDITO / FGE,LIQUIDADA,FNT-000011
BND-000620,1564424,"Pós-embarque, serviços de engenharia",2013-10-29,ARGENTINA,ARG,INS-000115,Ente público,"EXPORTAÇÃO DE BENS E SERVIÇOS DE ENGENHARIA DESTINADOS A IMPLANTACAO DAS PLANTAS DE ABASTECIMENTO DE AGUA DAS CIDADES DE AVELLANEDA E BERAZATEGUI, NA ARGENTINA.",Supplier,833256.85,833256.85,USD,SEGURO DE CRÉDITO / FGE,LIQUIDADA,FNT-000011
BND-000621,1564424,"Pós-embarque, serviços de engenharia",2013-11-08,ARGENTINA,ARG,INS-000115,Ente público,"EXPORTAÇÃO DE BENS E SERVIÇOS DE ENGENHARIA DESTINADOS A IMPLANTACAO DAS PLANTAS DE ABASTECIMENTO DE AGUA DAS CIDADES DE AVELLANEDA E BERAZATEGUI, NA ARGENTINA.",Supplier,604335.7,604335.7,USD,SEGURO DE CRÉDITO / FGE,LIQUIDADA,FNT-000011
BND-000622,5186092,"Pós-embarque, serviços de engenharia",2013-11-12,ANGOLA,AGO,INS-000108,Ente público,EXPORTAÇÃO DE BENS E SERVIÇOS PARA  CONSTRUÇÃO DO ALTEAMENTO DA BARRAGEM E VERTEDOURO LATERAL DO APROVEITAMENTO HIDROELETRICO DE CAMBAMBE,Buyer,131696719.0,81380466.19999999,USD,SEGURO DE CRÉDITO / FGE,LIQUIDADA,FNT-000011
BND-000623,5187508,"Pós-embarque, serviços de engenharia",2013-11-12,ANGOLA,AGO,INS-000108,Ente público,EXPORTAÇÃO DE BENS E SERVIÇOS PARA REALIZAÇÃO DAS OBRAS CIVIS DA CENTRAL 2 DO APROVEITAMENTO HIDROELETRICO DE CAMBAMBE - FASE II,Buyer,141757933.0,35034977.910000004,USD,SEGURO DE CRÉDITO / FGE,LIQUIDADA,FNT-000011
BND-000624,1564424,"Pós-embarque, serviços de engenharia",2013-11-19,ARGENTINA,ARG,INS-000115,Ente público,"EXPORTAÇÃO DE BENS E SERVIÇOS DE ENGENHARIA DESTINADOS A IMPLANTACAO DAS PLANTAS DE ABASTECIMENTO DE AGUA DAS CIDADES DE AVELLANEDA E BERAZATEGUI, NA ARGENTINA.",Supplier,1270215.93,1270215.93,USD,SEGURO DE CRÉDITO / FGE,LIQUIDADA,FNT-000011
BND-000625,1564424,"Pós-embarque, serviços de engenharia",2013-11-19,ARGENTINA,ARG,INS-000115,Ente público,"EXPORTAÇÃO DE BENS E SERVIÇOS DE ENGENHARIA DESTINADOS A IMPLANTACAO DAS PLANTAS DE ABASTECIMENTO DE AGUA DAS CIDADES DE AVELLANEDA E BERAZATEGUI, NA ARGENTINA.",Supplier,202033.35,202033.35,USD,SEGURO DE CRÉDITO / FGE,LIQUIDADA,FNT-000011
BND-000626,1564424,"Pós-embarque, serviços de engenharia",2013-11-19,ARGENTINA,ARG,INS-000115,Ente público,"EXPORTAÇÃO DE BENS E SERVIÇOS DE ENGENHARIA DESTINADOS A IMPLANTACAO DAS PLANTAS DE ABASTECIMENTO DE AGUA DAS CIDADES DE AVELLANEDA E BERAZATEGUI, NA ARGENTINA.",Supplier,861176.73,861176.73,USD,SEGURO DE CRÉDITO / FGE,LIQUIDADA,FNT-000011
BND-000627,1564424,"Pós-embarque, serviços de engenharia",2013-12-17,ARGENTINA,ARG,INS-000115,Ente público,"EXPORTAÇÃO DE BENS E SERVIÇOS DE ENGENHARIA DESTINADOS A IMPLANTACAO DAS PLANTAS DE ABASTECIMENTO DE AGUA DAS CIDADES DE AVELLANEDA E BERAZATEGUI, NA ARGENTINA.",Supplier,757035.83,757035.83,USD,SEGURO DE CRÉDITO / FGE,LIQUIDADA,FNT-000011
BND-000628,1554546,"Pós-embarque, serviços de engenharia",2013-12-23,ARGENTINA,ARG,INS-000108,Ente público,"EXPORTAÇÃO DE BENS E SERVIÇOS DE ENGENHARIA PARA CONSTRUÇÃO DA PLANTA DE TRATAMENTO  E DO SISTEMA DE DISTRIBUIÇÃO DE ÁGUA DE PARANÁ DE LAS PALMAS, NA REPÚBLICA DA ARGENTINA.",Supplier,2030556.79,2030556.79,USD,SEGURO DE CRÉDITO / FGE,LIQUIDADA,FNT-000011
BND-000629,1554546,"Pós-embarque, serviços de engenharia",2013-12-23,ARGENTINA,ARG,INS-000108,Ente público,"EXPORTAÇÃO DE BENS E SERVIÇOS DE ENGENHARIA PARA CONSTRUÇÃO DA PLANTA DE TRATAMENTO  E DO SISTEMA DE DISTRIBUIÇÃO DE ÁGUA DE PARANÁ DE LAS PALMAS, NA REPÚBLICA DA ARGENTINA.",Supplier,2212425.31,2212425.31,USD,SEGURO DE CRÉDITO / FGE,LIQUIDADA,FNT-000011
BND-000630,1564424,"Pós-embarque, serviços de engenharia",2013-12-23,ARGENTINA,ARG,INS-000115,Ente público,"EXPORTAÇÃO DE BENS E SERVIÇOS DE ENGENHARIA DESTINADOS A IMPLANTACAO DAS PLANTAS DE ABASTECIMENTO DE AGUA DAS CIDADES DE AVELLANEDA E BERAZATEGUI, NA ARGENTINA.",Supplier,173454.07,173454.07,USD,SEGURO DE CRÉDITO / FGE,LIQUIDADA,FNT-000011
BND-000631,1554546,"Pós-embarque, serviços de engenharia",2013-12-26,ARGENTINA,ARG,INS-000108,Ente público,"EXPORTAÇÃO DE BENS E SERVIÇOS DE ENGENHARIA PARA CONSTRUÇÃO DA PLANTA DE TRATAMENTO  E DO SISTEMA DE DISTRIBUIÇÃO DE ÁGUA DE PARANÁ DE LAS PALMAS, NA REPÚBLICA DA ARGENTINA.",Supplier,1093980.21,1093980.21,USD,SEGURO DE CRÉDITO / FGE,LIQUIDADA,FNT-000011
BND-000632,5260999,"Pós-embarque, serviços de engenharia",2014-01-14,ANGOLA,AGO,INS-000108,Ente público,EXPORTAÇÃO DE BENS E SERVIÇOS PARA CONSTRUÇÃO DA UHE LAÚCA,Buyer,146496089.63,146496089.62,USD,SEGURO DE CRÉDITO / FGE,LIQUIDADA,FNT-000011
BND-000633,1554546,"Pós-embarque, serviços de engenharia",2014-01-29,ARGENTINA,ARG,INS-000108,Ente público,"EXPORTAÇÃO DE BENS E SERVIÇOS DE ENGENHARIA PARA CONSTRUÇÃO DA PLANTA DE TRATAMENTO  E DO SISTEMA DE DISTRIBUIÇÃO DE ÁGUA DE PARANÁ DE LAS PALMAS, NA REPÚBLICA DA ARGENTINA.",Supplier,895757.51,895757.51,USD,SEGURO DE CRÉDITO / FGE,LIQUIDADA,FNT-000011
BND-000634,5248978,"Pós-embarque, serviços de engenharia",2014-04-01,ANGOLA,AGO,INS-000108,Ente público,"EXPORTAÇÃO DE BENS E SERVIÇOS PARA OBRAS DE PAVIMENTAÇÃO, DRENAGEM E ILUMINAÇÃO DESTINADAS AO PLANO DE DESENVOLVIMENTO DA PROVÍNCIA DE KWANZA SUL - FASE II",Buyer,36939554.28,28981559.919999998,USD,SEGURO DE CRÉDITO / FGE,LIQUIDADA,FNT-000011
BND-000635,1554546,"Pós-embarque, serviços de engenharia",2014-04-29,ARGENTINA,ARG,INS-000108,Ente público,"EXPORTAÇÃO DE BENS E SERVIÇOS DE ENGENHARIA PARA CONSTRUÇÃO DA PLANTA DE TRATAMENTO  E DO SISTEMA DE DISTRIBUIÇÃO DE ÁGUA DE PARANÁ DE LAS PALMAS, NA REPÚBLICA DA ARGENTINA.",Supplier,1473348.99,1473348.99,USD,SEGURO DE CRÉDITO / FGE,LIQUIDADA,FNT-000011
BND-000636,5331153,"Pós-embarque, serviços de engenharia",2014-07-16,MOCAMBIQUE,MOZ,INS-000107,Ente público,"EXPORTAÇÃO DE BENS E SERVIÇOS PARA A CONSTRUCAO DA BARRAGEM DE MOAMBA-MAJOR, LOCALIZADA NO RIO INCOMATI (REGIAO DE MOAMBA), PARA FORNECIMENTO DE AGUA.",Buyer,320000000.0,64000000.0,USD,SEGURO DE CRÉDITO / FGE,ATIVA,FNT-000011
BND-000637,1554546,"Pós-embarque, serviços de engenharia",2014-07-29,ARGENTINA,ARG,INS-000108,Ente público,"EXPORTAÇÃO DE BENS E SERVIÇOS DE ENGENHARIA PARA CONSTRUÇÃO DA PLANTA DE TRATAMENTO  E DO SISTEMA DE DISTRIBUIÇÃO DE ÁGUA DE PARANÁ DE LAS PALMAS, NA REPÚBLICA DA ARGENTINA.",Supplier,727423.65,727423.65,USD,SEGURO DE CRÉDITO / FGE,LIQUIDADA,FNT-000011
BND-000638,1554546,"Pós-embarque, serviços de engenharia",2014-07-29,ARGENTINA,ARG,INS-000108,Ente público,"EXPORTAÇÃO DE BENS E SERVIÇOS DE ENGENHARIA PARA CONSTRUÇÃO DA PLANTA DE TRATAMENTO  E DO SISTEMA DE DISTRIBUIÇÃO DE ÁGUA DE PARANÁ DE LAS PALMAS, NA REPÚBLICA DA ARGENTINA.",Supplier,610369.53,610369.53,USD,SEGURO DE CRÉDITO / FGE,LIQUIDADA,FNT-000011
BND-000639,1554546,"Pós-embarque, serviços de engenharia",2014-07-29,ARGENTINA,ARG,INS-000108,Ente público,"EXPORTAÇÃO DE BENS E SERVIÇOS DE ENGENHARIA PARA CONSTRUÇÃO DA PLANTA DE TRATAMENTO  E DO SISTEMA DE DISTRIBUIÇÃO DE ÁGUA DE PARANÁ DE LAS PALMAS, NA REPÚBLICA DA ARGENTINA.",Supplier,266349.1,266349.1,USD,SEGURO DE CRÉDITO / FGE,LIQUIDADA,FNT-000011
BND-000640,4401440,"Pós-embarque, serviços de engenharia",2014-08-05,REPUBLICA DOMINICANA,DOM,INS-000108,Ente público,EXPORTAÇÃO DE BENS E SERVIÇOS PARA RECONSTRUCAO E MELHORAMENTO DA ESTRADA CIBAO SUR NA REPUBLICA DOMINICANA.,Buyer,200000000.0,48906149.8,USD,SEGURO DE CRÉDITO / FGE,ATIVA,FNT-000011
BND-000641,5099543,"Pós-embarque, serviços de engenharia",2014-08-07,REPUBLICA DOMINICANA,DOM,INS-000108,Ente público,"EXPORTAÇÃO DE BENS E SERVIÇOS PARA A CONSTRUCAO DO CORREDOR ECOLOGICO PONTEZUELA, NA CIDADE DE SANTIAGO DE LOS CABALLEROS.",Buyer,200000000.0,59896143.31,USD,SEGURO DE CRÉDITO / FGE,ATIVA,FNT-000011
BND-000642,1554546,"Pós-embarque, serviços de engenharia",2014-09-26,ARGENTINA,ARG,INS-000108,Ente público,"EXPORTAÇÃO DE BENS E SERVIÇOS DE ENGENHARIA PARA CONSTRUÇÃO DA PLANTA DE TRATAMENTO  E DO SISTEMA DE DISTRIBUIÇÃO DE ÁGUA DE PARANÁ DE LAS PALMAS, NA REPÚBLICA DA ARGENTINA.",Supplier,309992.95,309992.95,USD,SEGURO DE CRÉDITO / FGE,LIQUIDADA,FNT-000011
BND-000643,1554546,"Pós-embarque, serviços de engenharia",2014-10-23,ARGENTINA,ARG,INS-000108,Ente público,"EXPORTAÇÃO DE BENS E SERVIÇOS DE ENGENHARIA PARA CONSTRUÇÃO DA PLANTA DE TRATAMENTO  E DO SISTEMA DE DISTRIBUIÇÃO DE ÁGUA DE PARANÁ DE LAS PALMAS, NA REPÚBLICA DA ARGENTINA.",Supplier,563900.95,563900.95,USD,SEGURO DE CRÉDITO / FGE,LIQUIDADA,FNT-000011
BND-000644,1554546,"Pós-embarque, serviços de engenharia",2014-10-23,ARGENTINA,ARG,INS-000108,Ente público,"EXPORTAÇÃO DE BENS E SERVIÇOS DE ENGENHARIA PARA CONSTRUÇÃO DA PLANTA DE TRATAMENTO  E DO SISTEMA DE DISTRIBUIÇÃO DE ÁGUA DE PARANÁ DE LAS PALMAS, NA REPÚBLICA DA ARGENTINA.",Supplier,482430.32,482430.32,USD,SEGURO DE CRÉDITO / FGE,LIQUIDADA,FNT-000011
BND-000645,1554546,"Pós-embarque, serviços de engenharia",2014-11-26,ARGENTINA,ARG,INS-000108,Ente público,"EXPORTAÇÃO DE BENS E SERVIÇOS DE ENGENHARIA PARA CONSTRUÇÃO DA PLANTA DE TRATAMENTO  E DO SISTEMA DE DISTRIBUIÇÃO DE ÁGUA DE PARANÁ DE LAS PALMAS, NA REPÚBLICA DA ARGENTINA.",Supplier,584701.01,584701.01,USD,SEGURO DE CRÉDITO / FGE,LIQUIDADA,FNT-000011
BND-000646,1554546,"Pós-embarque, serviços de engenharia",2014-12-29,ARGENTINA,ARG,INS-000108,Ente público,"EXPORTAÇÃO DE BENS E SERVIÇOS DE ENGENHARIA PARA CONSTRUÇÃO DA PLANTA DE TRATAMENTO  E DO SISTEMA DE DISTRIBUIÇÃO DE ÁGUA DE PARANÁ DE LAS PALMAS, NA REPÚBLICA DA ARGENTINA.",Supplier,204741.34,204741.34,USD,SEGURO DE CRÉDITO / FGE,LIQUIDADA,FNT-000011
BND-000647,1554546,"Pós-embarque, serviços de engenharia",2014-12-29,ARGENTINA,ARG,INS-000108,Ente público,"EXPORTAÇÃO DE BENS E SERVIÇOS DE ENGENHARIA PARA CONSTRUÇÃO DA PLANTA DE TRATAMENTO  E DO SISTEMA DE DISTRIBUIÇÃO DE ÁGUA DE PARANÁ DE LAS PALMAS, NA REPÚBLICA DA ARGENTINA.",Supplier,1513391.66,1513391.66,USD,SEGURO DE CRÉDITO / FGE,LIQUIDADA,FNT-000011
BND-000648,1554546,"Pós-embarque, serviços de engenharia",2015-03-11,ARGENTINA,ARG,INS-000108,Ente público,"EXPORTAÇÃO DE BENS E SERVIÇOS DE ENGENHARIA PARA CONSTRUÇÃO DA PLANTA DE TRATAMENTO  E DO SISTEMA DE DISTRIBUIÇÃO DE ÁGUA DE PARANÁ DE LAS PALMAS, NA REPÚBLICA DA ARGENTINA.",Supplier,297015.84,297015.84,USD,SEGURO DE CRÉDITO / FGE,LIQUIDADA,FNT-000011
BND-000649,1554546,"Pós-embarque, serviços de engenharia",2015-03-11,ARGENTINA,ARG,INS-000108,Ente público,"EXPORTAÇÃO DE BENS E SERVIÇOS DE ENGENHARIA PARA CONSTRUÇÃO DA PLANTA DE TRATAMENTO  E DO SISTEMA DE DISTRIBUIÇÃO DE ÁGUA DE PARANÁ DE LAS PALMAS, NA REPÚBLICA DA ARGENTINA.",Supplier,561336.51,561336.51,USD,SEGURO DE CRÉDITO / FGE,LIQUIDADA,FNT-000011
BND-000650,1554546,"Pós-embarque, serviços de engenharia",2015-04-20,ARGENTINA,ARG,INS-000108,Ente público,"EXPORTAÇÃO DE BENS E SERVIÇOS DE ENGENHARIA PARA CONSTRUÇÃO DA PLANTA DE TRATAMENTO  E DO SISTEMA DE DISTRIBUIÇÃO DE ÁGUA DE PARANÁ DE LAS PALMAS, NA REPÚBLICA DA ARGENTINA.",Supplier,1219965.1,1219965.1,USD,SEGURO DE CRÉDITO / FGE,LIQUIDADA,FNT-000011
BND-000651,1554546,"Pós-embarque, serviços de engenharia",2015-04-20,ARGENTINA,ARG,INS-000108,Ente público,"EXPORTAÇÃO DE BENS E SERVIÇOS DE ENGENHARIA PARA CONSTRUÇÃO DA PLANTA DE TRATAMENTO  E DO SISTEMA DE DISTRIBUIÇÃO DE ÁGUA DE PARANÁ DE LAS PALMAS, NA REPÚBLICA DA ARGENTINA.",Supplier,774193.26,774193.26,USD,SEGURO DE CRÉDITO / FGE,LIQUIDADA,FNT-000011
BND-000652,1554546,"Pós-embarque, serviços de engenharia",2015-04-28,ARGENTINA,ARG,INS-000108,Ente público,"EXPORTAÇÃO DE BENS E SERVIÇOS DE ENGENHARIA PARA CONSTRUÇÃO DA PLANTA DE TRATAMENTO  E DO SISTEMA DE DISTRIBUIÇÃO DE ÁGUA DE PARANÁ DE LAS PALMAS, NA REPÚBLICA DA ARGENTINA.",Supplier,1541362.99,1541362.99,USD,SEGURO DE CRÉDITO / FGE,LIQUIDADA,FNT-000011
BND-000653,0865484,"Pós-embarque, bens",2002-01-04,BOLIVIA,BOL,INS-000125,Ente privado,Exportação de bens,Supplier,,,USD,Seguro de crédito/FGE / Pessoal,LIQUIDADA,FNT-000012
BND-000654,0938049,"Pós-embarque, bens",2002-01-08,ARGENTINA,ARG,INS-000126,Ente privado,Exportação de bens,Supplier,,,USD,Pessoal,LIQUIDADA,FNT-000012
BND-000655,0938050,"Pós-embarque, bens",2002-01-08,ARGENTINA,ARG,INS-000126,Ente privado,Exportação de bens,Supplier,,,USD,Pessoal,LIQUIDADA,FNT-000012
BND-000656,0704109,"Pós-embarque, bens",2002-01-08,ESTADOS UNIDOS,USA,INS-000127,Ente privado,Exportação de bens,Supplier,,,USD,Pessoal,LIQUIDADA,FNT-000012
BND-000657,0894220,"Pós-embarque, bens",2002-01-08,ARGENTINA,ARG,INS-000128,Ente privado,Exportação de bens,Supplier,,,USD,Seguro de crédito/FGE / Pessoal,LIQUIDADA,FNT-000012
BND-000658,0935648,"Pós-embarque, bens",2002-01-09,ARGENTINA,ARG,INS-000129,Ente privado,Exportação de bens,Supplier,,,USD,CCR / ALADI,LIQUIDADA,FNT-000012
BND-000659,0935649,"Pós-embarque, bens",2002-01-09,ARGENTINA,ARG,INS-000129,Ente privado,Exportação de bens,Supplier,,,USD,CCR / ALADI,LIQUIDADA,FNT-000012
BND-000660,0935650,"Pós-embarque, bens",2002-01-09,ARGENTINA,ARG,INS-000129,Ente privado,Exportação de bens,Supplier,,,USD,CCR / ALADI,LIQUIDADA,FNT-000012
BND-000661,0935651,"Pós-embarque, bens",2002-01-09,ARGENTINA,ARG,INS-000129,Ente privado,Exportação de bens,Supplier,,,USD,CCR / ALADI,LIQUIDADA,FNT-000012
BND-000662,0935652,"Pós-embarque, bens",2002-01-09,ARGENTINA,ARG,INS-000129,Ente privado,Exportação de bens,Supplier,,,USD,CCR / ALADI,LIQUIDADA,FNT-000012
BND-000663,0914200,"Pós-embarque, bens",2002-01-28,PERU,PER,INS-000130,Ente privado,Exportação de bens,Supplier,,,USD,Seguro de crédito/FGE / Pessoal,LIQUIDADA,FNT-000012
BND-000664,0784214,"Pós-embarque, bens",2002-02-04,ARGENTINA,ARG,INS-000131,Ente privado,Exportação de bens,Supplier,,,USD,Pessoal,LIQUIDADA,FNT-000012
BND-000665,0800289,"Pós-embarque, bens",2002-02-05,DIVERSOS,,INS-000132,Ente privado,Exportação de bens e serviços,Supplier,,,USD,Seguro de crédito/FGE / Pessoal,LIQUIDADA,FNT-000012
BND-000666,0704109,"Pós-embarque, bens",2002-02-06,ESTADOS UNIDOS,USA,INS-000127,Ente privado,Exportação de bens,Supplier,,,USD,Pessoal,LIQUIDADA,FNT-000012
BND-000667,0948703,"Pós-embarque, bens",2002-02-25,ARGENTINA,ARG,INS-000125,Ente privado,Exportação de bens,Supplier,,,USD,Pessoal,LIQUIDADA,FNT-000012
BND-000668,0923994,"Pós-embarque, bens",2002-02-25,ESTADOS UNIDOS,USA,INS-000133,Ente privado,Exportação de bens,Supplier,,,USD,Pessoal,LIQUIDADA,FNT-000012
BND-000669,0923994,"Pós-embarque, bens",2002-03-04,ESTADOS UNIDOS,USA,INS-000133,Ente privado,Exportação de bens,Supplier,,,USD,Pessoal,LIQUIDADA,FNT-000012
BND-000670,0704109,"Pós-embarque, bens",2002-03-07,ESTADOS UNIDOS,USA,INS-000127,Ente privado,Exportação de bens,Supplier,,,USD,Pessoal,LIQUIDADA,FNT-000012
BND-000671,0770310,"Pós-embarque, bens",2002-03-22,PERU,PER,INS-000134,Ente privado,Exportação de bens,Supplier,,,USD,Pessoal,LIQUIDADA,FNT-000012
BND-000672,0826517,"Pós-embarque, bens",2002-03-26,ESTADOS UNIDOS,USA,INS-000135,Ente privado,Exportação de bens,Supplier,,,USD,Pessoal,LIQUIDADA,FNT-000012
BND-000673,0932715,"Pós-embarque, bens",2002-03-27,PERU,PER,INS-000136,Ente privado,Exportação de bens,Supplier,,,USD,Pessoal,LIQUIDADA,FNT-000012
BND-000674,0704109,"Pós-embarque, bens",2002-04-04,ESTADOS UNIDOS,USA,INS-000127,Ente privado,Exportação de bens,Supplier,,,USD,Pessoal,LIQUIDADA,FNT-000012
BND-000675,0800289,"Pós-embarque, bens",2002-04-08,DIVERSOS,,INS-000132,Ente privado,Exportação de bens e serviços,Supplier,,,USD,Seguro de crédito/FGE / Pessoal,LIQUIDADA,FNT-000012
BND-000676,0783370,"Pós-embarque, bens",2002-04-11,REPUBLICA DOMINICANA,DOM,INS-000137,Ente privado,Exportação de bens,Buyer,,,USD,Seguro de crédito/FGE / Pessoal,LIQUIDADA,FNT-000012
BND-000677,0643716,"Pós-embarque, bens",2002-04-11,EQUADOR,ECU,INS-000138,Ente privado,Exportação de bens,Supplier,,,USD,CCR / ALADI,LIQUIDADA,FNT-000012
BND-000678,0790751,"Pós-embarque, bens",2002-04-11,REPUBLICA DOMINICANA,DOM,INS-000128,Ente público,Exportação de bens,Buyer,,,USD,Seguro de crédito/FGE / Pessoal,LIQUIDADA,FNT-000012
BND-000679,0918683,"Pós-embarque, bens",2002-04-16,DIVERSOS,,INS-000139,Ente privado,Exportação de bens,Supplier,,,USD,Outras,LIQUIDADA,FNT-000012
BND-000680,0893599,"Pós-embarque, bens",2002-04-17,ALEMANHA,DEU,INS-000133,Ente privado,Exportação de bens,Supplier,,,USD,Pessoal,LIQUIDADA,FNT-000012
BND-000681,0788545,"Pós-embarque, bens",2002-04-18,REPUBLICA DOMINICANA,DOM,INS-000140,Ente privado,Exportação de bens,Supplier,,,USD,Seguro de crédito/FGE / Pessoal,LIQUIDADA,FNT-000012
BND-000682,0895738,"Pós-embarque, bens",2002-04-19,BOLIVIA,BOL,INS-000141,Ente privado,Exportação de bens,Supplier,,,USD,Seguro de crédito/FGE / Pessoal,LIQUIDADA,FNT-000012
BND-000683,0893591,"Pós-embarque, bens",2002-04-25,JAMAICA,JAM,INS-000128,Ente público,Exportação de bens,Buyer,,,USD,Seguro de crédito/FGE / Pessoal,LIQUIDADA,FNT-000012
BND-000684,0930618,"Pós-embarque, bens",2002-04-29,ARGENTINA,ARG,INS-000140,Ente privado,Exportação de bens,Supplier,,,USD,Pessoal,LIQUIDADA,FNT-000012
BND-000685,0788544,"Pós-embarque, bens",2002-05-02,REPUBLICA DOMINICANA,DOM,INS-000140,Ente privado,Exportação de bens,Supplier,,,USD,Seguro de crédito/FGE / Pessoal,LIQUIDADA,FNT-000012
BND-000686,0947837,"Pós-embarque, bens",2002-05-07,PERU,PER,INS-000136,Ente privado,Exportação de bens,Supplier,,,USD,Pessoal,LIQUIDADA,FNT-000012
BND-000687,0770310,"Pós-embarque, bens",2002-05-07,PERU,PER,INS-000134,Ente privado,Exportação de bens,Supplier,,,USD,Pessoal,LIQUIDADA,FNT-000012
BND-000688,0914199,"Pós-embarque, bens",2002-05-07,REPUBLICA DOMINICANA,DOM,INS-000140,Ente privado,Exportação de bens,Supplier,,,USD,Seguro de crédito/FGE / Pessoal,LIQUIDADA,FNT-000012
BND-000689,0849930,"Pós-embarque, bens",2002-05-09,BOLIVIA,BOL,INS-000142,Ente privado,Exportação de bens,Supplier,,,USD,Seguro de crédito/FGE / Pessoal,LIQUIDADA,FNT-000012
BND-000690,0747850,"Pós-embarque, bens",2002-05-16,REPUBLICA DOMINICANA,DOM,INS-000143,Ente público,Exportação de bens,Buyer,,,USD,Seguro de crédito/FGE / Pessoal,LIQUIDADA,FNT-000012
BND-000691,0861413,"Pós-embarque, bens",2002-05-16,REPUBLICA DOMINICANA,DOM,INS-000143,Ente público,Exportação de bens,Buyer,,,USD,Seguro de crédito/FGE / Pessoal,LIQUIDADA,FNT-000012
BND-000692,0955666,"Pós-embarque, bens",2002-05-20,PERU,PER,INS-000136,Ente privado,Exportação de bens,Supplier,,,USD,Pessoal,LIQUIDADA,FNT-000012
BND-000693,0770310,"Pós-embarque, bens",2002-05-20,PERU,PER,INS-000134,Ente privado,Exportação de bens,Supplier,,,USD,Pessoal,LIQUIDADA,FNT-000012
BND-000694,0704109,"Pós-embarque, bens",2002-05-27,ESTADOS UNIDOS,USA,INS-000127,Ente privado,Exportação de bens,Supplier,,,USD,Pessoal,LIQUIDADA,FNT-000012
BND-000695,0934888,"Pós-embarque, bens",2002-06-03,PERU,PER,INS-000144,Ente privado,Exportação de bens,Supplier,,,USD,Pessoal,LIQUIDADA,FNT-000012
BND-000696,0770310,"Pós-embarque, bens",2002-06-04,PERU,PER,INS-000134,Ente privado,Exportação de bens,Supplier,,,USD,Pessoal,LIQUIDADA,FNT-000012
BND-000697,0934022,"Pós-embarque, bens",2002-06-06,REPUBLICA DOMINICANA,DOM,INS-000143,Ente público,Exportação de bens,Buyer,,,USD,Seguro de crédito/FGE / Pessoal,LIQUIDADA,FNT-000012
BND-000698,0942049,"Pós-embarque, bens",2002-06-07,ARGENTINA,ARG,INS-000145,Ente privado,Exportação de bens,Supplier,,,USD,Pessoal,LIQUIDADA,FNT-000012
BND-000699,0627989,"Pós-embarque, bens",2002-06-11,ARGENTINA,ARG,INS-000146,Ente privado,Exportação de bens,Supplier,,,USD,Seguro de crédito/FGE / Pessoal,LIQUIDADA,FNT-000012
BND-000700,0627989,"Pós-embarque, bens",2002-06-11,ARGENTINA,ARG,INS-000146,Ente privado,Exportação de bens,Supplier,,,USD,Seguro de crédito/FGE / Pessoal,LIQUIDADA,FNT-000012
BND-000701,0841038,"Pós-embarque, bens",2002-06-11,VENEZUELA,VEN,INS-000137,Ente privado,Exportação de bens,Supplier,,,USD,Seguro de crédito/FGE / Pessoal,LIQUIDADA,FNT-000012
BND-000702,0923995,"Pós-embarque, bens",2002-06-21,ALEMANHA,DEU,INS-000133,Ente privado,Exportação de bens,Supplier,,,USD,Pessoal,LIQUIDADA,FNT-000012
BND-000703,0972554,"Pós-embarque, bens",2002-06-25,CHILE,CHL,INS-000125,Ente privado,Exportação de bens,Supplier,,,USD,Pessoal,LIQUIDADA,FNT-000012
BND-000704,0752627,"Pós-embarque, bens",2002-06-26,URUGUAI,URY,INS-000125,Ente privado,Exportação de bens,Supplier,,,USD,Pessoal,LIQUIDADA,FNT-000012
BND-000705,0983340,"Pós-embarque, bens",2002-07-01,ARGENTINA,ARG,INS-000126,Ente privado,Exportação de bens,Supplier,,,USD,Pessoal,LIQUIDADA,FNT-000012
BND-000706,0959082,"Pós-embarque, bens",2002-07-01,ESTADOS UNIDOS,USA,INS-000133,Ente privado,Exportação de bens,Supplier,,,USD,Pessoal,LIQUIDADA,FNT-000012
BND-000707,0963795,"Pós-embarque, bens",2002-07-04,MEXICO,MEX,INS-000147,Ente privado,Exportação de bens,Supplier,,,USD,Pessoal,LIQUIDADA,FNT-000012
BND-000708,0955666,"Pós-embarque, bens",2002-07-15,PERU,PER,INS-000136,Ente privado,Exportação de bens,Supplier,,,USD,Pessoal,LIQUIDADA,FNT-000012
BND-000709,0951359,"Pós-embarque, bens",2002-07-15,CANADA,CAN,INS-000148,Ente privado,Exportação de bens,Supplier,,,USD,Pessoal,LIQUIDADA,FNT-000012
BND-000710,0983101,"Pós-embarque, bens",2002-07-15,CHILE,CHL,INS-000125,Ente privado,Exportação de bens,Supplier,,,USD,Pessoal,LIQUIDADA,FNT-000012
BND-000711,0985207,"Pós-embarque, bens",2002-07-15,URUGUAI,URY,INS-000137,Ente privado,Exportação de bens,Supplier,,,USD,Pessoal,LIQUIDADA,FNT-000012
BND-000712,0996970,"Pós-embarque, bens",2002-07-29,CHILE,CHL,INS-000125,Ente privado,Exportação de bens,Supplier,,,USD,Pessoal,LIQUIDADA,FNT-000012
BND-000713,0986415,"Pós-embarque, bens",2002-07-29,URUGUAI,URY,INS-000137,Ente privado,Exportação de bens,Supplier,,,USD,Pessoal,LIQUIDADA,FNT-000012
BND-000714,0859420,"Pós-embarque, bens",2002-07-29,BOLIVIA,BOL,INS-000149,Ente privado,Exportação de bens e serviços,Supplier,,,USD,Seguro de crédito/FGE / Pessoal,LIQUIDADA,FNT-000012
BND-000715,0859420,"Pós-embarque, bens",2002-08-16,BOLIVIA,BOL,INS-000150,Ente privado,Exportação de bens e serviços,Supplier,,,USD,Seguro de crédito/FGE / Pessoal,LIQUIDADA,FNT-000012
BND-000716,0752627,"Pós-embarque, bens",2002-08-16,URUGUAI,URY,INS-000125,Ente privado,Exportação de bens,Supplier,,,USD,Pessoal,LIQUIDADA,FNT-000012
BND-000717,0876819,"Pós-embarque, bens",2002-08-16,URUGUAI,URY,INS-000125,Ente privado,Exportação de bens,Supplier,,,USD,Seguro de crédito/FGE / Pessoal,LIQUIDADA,FNT-000012
BND-000718,0925166,"Pós-embarque, bens",2002-08-16,URUGUAI,URY,INS-000151,Ente privado,Exportação de bens,Supplier,,,USD,Seguro de crédito/FGE / Pessoal,LIQUIDADA,FNT-000012
BND-000719,0963796,"Pós-embarque, bens",2002-08-16,MEXICO,MEX,INS-000152,Ente privado,Exportação de bens,Supplier,,,USD,Pessoal,LIQUIDADA,FNT-000012
BND-000720,0704109,"Pós-embarque, bens",2002-08-22,ESTADOS UNIDOS,USA,INS-000127,Ente privado,Exportação de bens,Supplier,,,USD,Pessoal,LIQUIDADA,FNT-000012
BND-000721,0980619,"Pós-embarque, bens",2002-08-22,ESTADOS UNIDOS,USA,INS-000152,Ente privado,Exportação de bens,Supplier,,,USD,Pessoal,LIQUIDADA,FNT-000012
BND-000722,0947108,"Pós-embarque, bens",2002-08-23,MEXICO,MEX,INS-000130,Ente privado,Exportação de bens,Supplier,,,USD,Seguro de crédito/FGE / Pessoal,LIQUIDADA,FNT-000012
BND-000723,0917309,"Pós-embarque, bens",2002-08-28,PARAGUAI,PRY,INS-000153,Ente privado,Exportação de bens,Supplier,,,USD,Seguro de crédito/FGE / Pessoal,LIQUIDADA,FNT-000012
BND-000724,0967954,"Pós-embarque, bens",2002-09-03,PARAGUAI,PRY,INS-000111,Ente privado,Exportação de bens,Supplier,,,USD,Pessoal,LIQUIDADA,FNT-000012
BND-000725,0922397,"Pós-embarque, bens",2002-09-03,MEXICO,MEX,INS-000154,Ente privado,Exportação de bens,Supplier,,,USD,Pessoal,LIQUIDADA,FNT-000012
BND-000726,0770310,"Pós-embarque, bens",2002-09-06,PERU,PER,INS-000134,Ente privado,Exportação de bens,Supplier,,,USD,Pessoal,LIQUIDADA,FNT-000012
BND-000727,0770310,"Pós-embarque, bens",2002-09-10,PERU,PER,INS-000134,Ente privado,Exportação de bens,Supplier,,,USD,Pessoal,LIQUIDADA,FNT-000012
BND-000728,0909346,"Pós-embarque, bens",2002-09-12,ESTADOS UNIDOS,USA,INS-000155,Ente privado,Exportação de bens,Supplier,,,USD,Pessoal,LIQUIDADA,FNT-000012
BND-000729,0918683,"Pós-embarque, bens",2002-09-27,DIVERSOS,,INS-000139,Ente privado,Exportação de bens,Supplier,,,USD,Outras,LIQUIDADA,FNT-000012
BND-000730,0901517,"Pós-embarque, bens",2002-10-01,ARGENTINA,ARG,INS-000125,Ente privado,Exportação de bens,Supplier,,,USD,Pessoal,LIQUIDADA,FNT-000012
BND-000731,0904162,"Pós-embarque, bens",2002-10-01,ARGENTINA,ARG,INS-000125,Ente privado,Exportação de bens,Supplier,,,USD,Pessoal,LIQUIDADA,FNT-000012
BND-000732,0904163,"Pós-embarque, bens",2002-10-01,ARGENTINA,ARG,INS-000125,Ente privado,Exportação de bens,Supplier,,,USD,Pessoal,LIQUIDADA,FNT-000012
BND-000733,0955666,"Pós-embarque, bens",2002-10-09,PERU,PER,INS-000136,Ente privado,Exportação de bens,Supplier,,,USD,Pessoal,LIQUIDADA,FNT-000012
BND-000734,0909346,"Pós-embarque, bens",2002-10-09,ESTADOS UNIDOS,USA,INS-000155,Ente privado,Exportação de bens,Supplier,,,USD,Pessoal,LIQUIDADA,FNT-000012
BND-000735,0959601,"Pós-embarque, bens",2002-10-10,MEXICO,MEX,INS-000130,Ente privado,Exportação de bens,Supplier,,,USD,Seguro de crédito/FGE / Pessoal,LIQUIDADA,FNT-000012
BND-000736,0985015,"Pós-embarque, bens",2002-10-10,MEXICO,MEX,INS-000130,Ente privado,Exportação de bens,Supplier,,,USD,Seguro de crédito/FGE / Pessoal,LIQUIDADA,FNT-000012
BND-000737,0917740,"Pós-embarque, bens",2002-10-15,CANADA,CAN,INS-000156,Ente privado,Exportação de bens,Supplier,,,USD,Seguro de crédito/FGE / Pessoal,LIQUIDADA,FNT-000012
BND-000738,0922397,"Pós-embarque, bens",2002-10-15,MEXICO,MEX,INS-000154,Ente privado,Exportação de bens,Supplier,,,USD,Pessoal,LIQUIDADA,FNT-000012
BND-000739,0758472,"Pós-embarque, bens",2002-10-21,ARGENTINA,ARG,INS-000125,Ente privado,Exportação de bens,Supplier,,,USD,Pessoal,LIQUIDADA,FNT-000012
BND-000740,0959082,"Pós-embarque, bens",2002-10-25,ESTADOS UNIDOS,USA,INS-000133,Ente privado,Exportação de bens,Supplier,,,USD,Pessoal,LIQUIDADA,FNT-000012
BND-000741,0918683,"Pós-embarque, bens",2002-10-30,DIVERSOS,,INS-000139,Ente privado,Exportação de bens,Supplier,,,USD,Outras,LIQUIDADA,FNT-000012
BND-000742,0975508,"Pós-embarque, bens",2002-11-07,DIVERSOS,,INS-000157,Ente privado,Exportação de bens,Supplier,,,USD,Seguro de crédito/FGE / Pessoal,LIQUIDADA,FNT-000012
BND-000743,0909346,"Pós-embarque, bens",2002-11-22,ESTADOS UNIDOS,USA,INS-000155,Ente privado,Exportação de bens,Supplier,,,USD,Pessoal,LIQUIDADA,FNT-000012
BND-000744,0918683,"Pós-embarque, bens",2002-11-28,DIVERSOS,,INS-000139,Ente privado,Exportação de bens,Supplier,,,USD,Outras,LIQUIDADA,FNT-000012
BND-000745,0984306,"Pós-embarque, bens",2002-11-28,PARAGUAI,PRY,INS-000158,Ente privado,Exportação de bens,Supplier,,,USD,Pessoal,LIQUIDADA,FNT-000012
BND-000746,0963795,"Pós-embarque, bens",2002-11-28,MEXICO,MEX,INS-000147,Ente privado,Exportação de bens,Supplier,,,USD,Pessoal,LIQUIDADA,FNT-000012
BND-000747,0704109,"Pós-embarque, bens",2002-12-03,ESTADOS UNIDOS,USA,INS-000127,Ente privado,Exportação de bens,Supplier,,,USD,Pessoal,LIQUIDADA,FNT-000012
BND-000748,0901173,"Pós-embarque, bens",2002-12-05,CHILE,CHL,INS-000146,Ente privado,Exportação de bens,Buyer,,,USD,Seguro de crédito/FGE / Pessoal,LIQUIDADA,FNT-000012
BND-000749,1041864,"Pós-embarque, bens",2002-12-12,DIVERSOS,,INS-000158,Ente privado,Exportação de bens,Supplier,,,USD,Pessoal,LIQUIDADA,FNT-000012
BND-000750,0984306,"Pós-embarque, bens",2002-12-12,PARAGUAI,PRY,INS-000158,Ente privado,Exportação de bens,Supplier,,,USD,Pessoal,LIQUIDADA,FNT-000012
BND-000751,0964357,"Pós-embarque, bens",2002-12-18,PERU,PER,INS-000159,Ente privado,Exportação de bens,Supplier,,,USD,Seguro de crédito/FGE / Pessoal,LIQUIDADA,FNT-000012
BND-000752,0984305,"Pós-embarque, bens",2002-12-23,ESTADOS UNIDOS,USA,INS-000135,Ente privado,Exportação de bens,Supplier,,,USD,Pessoal,LIQUIDADA,FNT-000012
BND-000753,0898482,"Pós-embarque, bens",2002-12-27,CUBA,CUB,INS-000160,Ente público,Exportação de bens,Supplier,,,USD,Seguro de crédito/FGE / Pessoal,LIQUIDADA,FNT-000012
BND-000754,0964741,"Pós-embarque, bens",2002-12-27,CHILE,CHL,INS-000161,Ente privado,Exportação de bens,Supplier,,,USD,Seguro de crédito/FGE / Pessoal,LIQUIDADA,FNT-000012
BND-000755,1031212,"Pós-embarque, bens",2002-12-27,ESTADOS UNIDOS,USA,INS-000152,Ente privado,Exportação de bens,Supplier,,,USD,Pessoal,LIQUIDADA,FNT-000012
BND-000756,0980619,"Pós-embarque, bens",2003-01-09,ESTADOS UNIDOS,USA,INS-000152,Ente privado,Exportação de bens,Supplier,,,USD,Pessoal,LIQUIDADA,FNT-000012
BND-000757,1031212,"Pós-embarque, bens",2003-01-09,ESTADOS UNIDOS,USA,INS-000152,Ente privado,Exportação de bens,Supplier,,,USD,Pessoal,LIQUIDADA,FNT-000012
BND-000758,0859420,"Pós-embarque, bens",2003-01-24,BOLIVIA,BOL,INS-000162,Ente privado,Exportação de bens e serviços,Supplier,,,USD,Seguro de crédito/FGE / Pessoal,LIQUIDADA,FNT-000012
BND-000759,0984306,"Pós-embarque, bens",2003-03-14,PARAGUAI,PRY,INS-000158,Ente privado,Exportação de bens,Supplier,,,USD,Pessoal,LIQUIDADA,FNT-000012
BND-000760,0984305,"Pós-embarque, bens",2003-03-14,ESTADOS UNIDOS,USA,INS-000135,Ente privado,Exportação de bens,Supplier,,,USD,Pessoal,LIQUIDADA,FNT-000012
BND-000761,0918683,"Pós-embarque, bens",2003-03-27,DIVERSOS,,INS-000139,Ente privado,Exportação de bens,Supplier,,,USD,Outras,LIQUIDADA,FNT-000012
BND-000762,1017618,"Pós-embarque, bens",2003-04-14,DIVERSOS,,INS-000159,Ente privado,Exportação de bens,Supplier,,,USD,Seguro de crédito/FGE / Pessoal,LIQUIDADA,FNT-000012
BND-000763,0909346,"Pós-embarque, bens",2003-04-24,ESTADOS UNIDOS,USA,INS-000155,Ente privado,Exportação de bens,Supplier,,,USD,Pessoal,LIQUIDADA,FNT-000012
BND-000764,1025079,"Pós-embarque, bens",2003-04-25,ESTADOS UNIDOS,USA,INS-000133,Ente privado,Exportação de bens,Supplier,,,USD,Pessoal,LIQUIDADA,FNT-000012
BND-000765,0984306,"Pós-embarque, bens",2003-05-13,PARAGUAI,PRY,INS-000158,Ente privado,Exportação de bens,Supplier,,,USD,Pessoal,LIQUIDADA,FNT-000012
BND-000766,1031212,"Pós-embarque, bens",2003-05-13,ESTADOS UNIDOS,USA,INS-000152,Ente privado,Exportação de bens,Supplier,,,USD,Pessoal,LIQUIDADA,FNT-000012
BND-000767,1031212,"Pós-embarque, bens",2003-05-20,ESTADOS UNIDOS,USA,INS-000152,Ente privado,Exportação de bens,Supplier,,,USD,Pessoal,LIQUIDADA,FNT-000012
BND-000768,0988098,"Pós-embarque, bens",2003-06-06,PARAGUAI,PRY,INS-000158,Ente privado,Exportação de bens,Supplier,,,USD,Pessoal,LIQUIDADA,FNT-000012
BND-000769,0988098,"Pós-embarque, bens",2003-06-13,PARAGUAI,PRY,INS-000158,Ente privado,Exportação de bens,Supplier,,,USD,Pessoal,LIQUIDADA,FNT-000012
BND-000770,0984305,"Pós-embarque, bens",2003-06-18,ESTADOS UNIDOS,USA,INS-000135,Ente privado,Exportação de bens,Supplier,,,USD,Pessoal,LIQUIDADA,FNT-000012
BND-000771,1042743,"Pós-embarque, bens",2003-06-20,MEXICO,MEX,INS-000130,Ente privado,Exportação de bens,Supplier,,,USD,Seguro de crédito/FGE / Pessoal,LIQUIDADA,FNT-000012
BND-000772,1011596,"Pós-embarque, bens",2003-06-20,REPUBLICA DOMINICANA,DOM,INS-000128,Ente privado,Exportação de bens,Supplier,,,USD,Seguro de crédito/FGE / Pessoal,LIQUIDADA,FNT-000012
BND-000773,1070366,"Pós-embarque, bens",2003-07-04,ESTADOS UNIDOS,USA,INS-000152,Ente privado,Exportação de bens,Supplier,,,USD,Pessoal,LIQUIDADA,FNT-000012
BND-000774,1065852,"Pós-embarque, bens",2003-07-07,EQUADOR,ECU,INS-000163,Ente privado,Exportação de bens,Supplier,,,USD,CCR / ALADI,LIQUIDADA,FNT-000012
BND-000775,1074395,"Pós-embarque, bens",2003-07-15,ESTADOS UNIDOS,USA,INS-000135,Ente privado,Exportação de bens,Supplier,,,USD,Pessoal,LIQUIDADA,FNT-000012
BND-000776,0898482,"Pós-embarque, bens",2003-07-17,CUBA,CUB,INS-000160,Ente público,Exportação de bens,Supplier,,,USD,Seguro de crédito/FGE / Pessoal,LIQUIDADA,FNT-000012
BND-000777,1086123,"Pós-embarque, bens",2003-07-22,ESTADOS UNIDOS,USA,INS-000133,Ente privado,Exportação de bens,Supplier,,,USD,Pessoal,LIQUIDADA,FNT-000012
BND-000778,1070479,"Pós-embarque, bens",2003-07-29,EQUADOR,ECU,INS-000163,Ente privado,Exportação de bens,Supplier,,,USD,CCR / ALADI,LIQUIDADA,FNT-000012
BND-000779,1025805,"Pós-embarque, bens",2003-07-29,DIVERSOS,,INS-000159,Ente privado,Exportação de bens,Supplier,,,USD,Seguro de crédito/FGE / Pessoal,LIQUIDADA,FNT-000012
BND-000780,1090773,"Pós-embarque, bens",2003-08-06,ARGENTINA,ARG,INS-000164,Ente privado,Exportação de bens,Supplier,,,USD,CCR / ALADI,LIQUIDADA,FNT-000012
BND-000781,0898482,"Pós-embarque, bens",2003-08-06,CUBA,CUB,INS-000161,Ente público,Exportação de bens,Supplier,,,USD,Seguro de crédito/FGE / Pessoal,LIQUIDADA,FNT-000012
BND-000782,1046551,"Pós-embarque, bens",2003-08-15,MEXICO,MEX,INS-000143,Ente privado,Exportação de bens,Supplier,,,USD,Seguro de crédito/FGE / Pessoal,LIQUIDADA,FNT-000012
BND-000783,1043102,"Pós-embarque, bens",2003-08-20,PERU,PER,INS-000137,Ente privado,Exportação de bens,Supplier,,,USD,Pessoal,LIQUIDADA,FNT-000012
BND-000784,1074395,"Pós-embarque, bens",2003-09-03,ESTADOS UNIDOS,USA,INS-000135,Ente privado,Exportação de bens,Supplier,,,USD,Pessoal,LIQUIDADA,FNT-000012
BND-000785,1110078,"Pós-embarque, bens",2003-09-03,PERU,PER,INS-000137,Ente privado,Exportação de bens,Supplier,,,USD,Pessoal,LIQUIDADA,FNT-000012
BND-000786,0985313,"Pós-embarque, bens",2003-09-03,ALEMANHA,DEU,INS-000133,Ente privado,Exportação de bens,Supplier,,,USD,Pessoal,LIQUIDADA,FNT-000012
BND-000787,1086123,"Pós-embarque, bens",2003-09-03,ESTADOS UNIDOS,USA,INS-000133,Ente privado,Exportação de bens,Supplier,,,USD,Pessoal,LIQUIDADA,FNT-000012
BND-000788,1006319,"Pós-embarque, bens",2003-09-18,MEXICO,MEX,INS-000159,Ente privado,Exportação de bens,Supplier,,,USD,Seguro de crédito/FGE / Pessoal,LIQUIDADA,FNT-000012
BND-000789,1102342,"Pós-embarque, bens",2003-09-18,MEXICO,MEX,INS-000147,Ente privado,Exportação de bens,Supplier,,,USD,Pessoal,LIQUIDADA,FNT-000012
BND-000790,1070366,"Pós-embarque, bens",2003-09-18,ESTADOS UNIDOS,USA,INS-000152,Ente privado,Exportação de bens,Supplier,,,USD,Pessoal,LIQUIDADA,FNT-000012
BND-000791,1102342,"Pós-embarque, bens",2003-09-24,MEXICO,MEX,INS-000147,Ente privado,Exportação de bens,Supplier,,,USD,Pessoal,LIQUIDADA,FNT-000012
BND-000792,1043104,"Pós-embarque, bens",2003-09-26,DIVERSOS,,INS-000159,Ente privado,Exportação de bens,Supplier,,,USD,Seguro de crédito/FGE / Pessoal,LIQUIDADA,FNT-000012
BND-000793,0895738,"Pós-embarque, bens",2003-10-13,BOLIVIA,BOL,INS-000141,Ente privado,Exportação de bens,Supplier,,,USD,Seguro de crédito/FGE / Pessoal,LIQUIDADA,FNT-000012
BND-000794,1146528,"Pós-embarque, bens",2003-10-14,DIVERSOS,,INS-000139,Ente privado,Exportação de bens,Supplier,,,USD,Outras,LIQUIDADA,FNT-000012
BND-000795,1074395,"Pós-embarque, bens",2003-10-21,ESTADOS UNIDOS,USA,INS-000135,Ente privado,Exportação de bens,Supplier,,,USD,Pessoal,LIQUIDADA,FNT-000012
BND-000796,1087872,"Pós-embarque, bens",2003-10-22,BOLIVIA,BOL,INS-000165,Ente privado,Exportação de bens,Supplier,,,USD,CCR / ALADI,LIQUIDADA,FNT-000012
BND-000797,1113423,"Pós-embarque, bens",2003-10-27,ESTADOS UNIDOS,USA,INS-000127,Ente privado,Exportação de bens,Supplier,,,USD,Pessoal,LIQUIDADA,FNT-000012
BND-000798,1113555,"Pós-embarque, bens",2003-10-28,ARGENTINA,ARG,INS-000166,Ente privado,Exportação de bens,Supplier,,,USD,Pessoal,LIQUIDADA,FNT-000012
BND-000799,1102341,"Pós-embarque, bens",2003-10-30,JAMAICA,JAM,INS-000148,Ente privado,Exportação de bens,Supplier,,,USD,Pessoal,LIQUIDADA,FNT-000012
BND-000800,1090843,"Pós-embarque, bens",2003-11-03,ARGENTINA,ARG,INS-000166,Ente privado,Exportação de bens,Supplier,,,USD,CCR / ALADI,LIQUIDADA,FNT-000012
BND-000801,1113555,"Pós-embarque, bens",2003-11-04,ARGENTINA,ARG,INS-000166,Ente privado,Exportação de bens,Supplier,,,USD,Pessoal,LIQUIDADA,FNT-000012
BND-000802,1104720,"Pós-embarque, bens",2003-11-04,MEXICO,MEX,INS-000152,Ente privado,Exportação de bens,Supplier,,,USD,Pessoal,LIQUIDADA,FNT-000012
BND-000803,1042116,"Pós-embarque, bens",2003-11-07,CHILE,CHL,INS-000128,Ente privado,Exportação de bens,Supplier,,,USD,Seguro de crédito/FGE / Pessoal,LIQUIDADA,FNT-000012
BND-000804,1047918,"Pós-embarque, bens",2003-11-07,CHILE,CHL,INS-000128,Ente privado,Exportação de bens,Supplier,,,USD,Seguro de crédito/FGE / Pessoal,LIQUIDADA,FNT-000012
BND-000805,1091529,"Pós-embarque, bens",2003-11-11,DIVERSOS,,INS-000139,Ente privado,Exportação de bens,Supplier,,,USD,Outras,LIQUIDADA,FNT-000012
BND-000806,1088351,"Pós-embarque, bens",2003-11-11,ARGENTINA,ARG,INS-000166,Ente privado,Exportação de bens,Supplier,,,USD,CCR / ALADI,LIQUIDADA,FNT-000012
BND-000807,1095444,"Pós-embarque, bens",2003-11-24,ARGENTINA,ARG,INS-000166,Ente privado,Exportação de bens,Supplier,,,USD,CCR / ALADI,LIQUIDADA,FNT-000012
BND-000808,1091529,"Pós-embarque, bens",2003-11-25,DIVERSOS,,INS-000139,Ente privado,Exportação de bens,Supplier,,,USD,Outras,LIQUIDADA,FNT-000012
BND-000809,1163802,"Pós-embarque, bens",2003-11-26,CUBA,CUB,INS-000167,Ente público,Exportação de bens,Buyer,,,USD,Seguro de crédito/FGE / Pessoal,LIQUIDADA,FNT-000012
BND-000810,1126093,"Pós-embarque, bens",2003-11-26,JAMAICA,JAM,INS-000148,Ente privado,Exportação de bens,Supplier,,,USD,Pessoal,LIQUIDADA,FNT-000012
BND-000811,1138356,"Pós-embarque, bens",2003-11-26,CUBA,CUB,INS-000125,Ente público,Exportação de bens,Buyer,,,USD,Seguro de crédito/FGE / Pessoal,LIQUIDADA,FNT-000012
BND-000812,1113555,"Pós-embarque, bens",2003-11-26,ARGENTINA,ARG,INS-000166,Ente privado,Exportação de bens,Supplier,,,USD,Pessoal,LIQUIDADA,FNT-000012
BND-000813,1124487,"Pós-embarque, bens",2003-11-26,PERU,PER,INS-000151,Ente privado,Exportação de bens,Supplier,,,USD,Pessoal,LIQUIDADA,FNT-000012
BND-000814,1164220,"Pós-embarque, bens",2003-11-26,CUBA,CUB,INS-000168,Ente público,Exportação de bens,Buyer,,,USD,Seguro de crédito/FGE / Pessoal,LIQUIDADA,FNT-000012
BND-000815,1164220,"Pós-embarque, bens",2003-11-26,CUBA,CUB,INS-000168,Ente público,Exportação de bens,Buyer,,,USD,Seguro de crédito/FGE / Pessoal,LIQUIDADA,FNT-000012
BND-000816,1042117,"Pós-embarque, bens",2003-11-26,CHILE,CHL,INS-000128,Ente privado,Exportação de bens,Supplier,,,USD,Seguro de crédito/FGE / Pessoal,LIQUIDADA,FNT-000012
BND-000817,1042118,"Pós-embarque, bens",2003-11-26,CHILE,CHL,INS-000128,Ente privado,Exportação de bens,Supplier,,,USD,Seguro de crédito/FGE / Pessoal,LIQUIDADA,FNT-000012
BND-000818,1163858,"Pós-embarque, bens",2003-11-26,CUBA,CUB,INS-000128,Ente público,Exportação de bens,Buyer,,,USD,Seguro de crédito/FGE / Pessoal,LIQUIDADA,FNT-000012
BND-000819,1074395,"Pós-embarque, bens",2003-12-08,ESTADOS UNIDOS,USA,INS-000135,Ente privado,Exportação de bens,Supplier,,,USD,Pessoal,LIQUIDADA,FNT-000012
BND-000820,1113555,"Pós-embarque, bens",2003-12-08,ARGENTINA,ARG,INS-000166,Ente privado,Exportação de bens,Supplier,,,USD,Pessoal,LIQUIDADA,FNT-000012
BND-000821,1102411,"Pós-embarque, bens",2003-12-12,MEXICO,MEX,INS-000130,Ente privado,Exportação de bens,Supplier,,,USD,Seguro de crédito/FGE / Pessoal,LIQUIDADA,FNT-000012
BND-000822,1091529,"Pós-embarque, bens",2003-12-12,DIVERSOS,,INS-000139,Ente privado,Exportação de bens,Supplier,,,USD,Outras,LIQUIDADA,FNT-000012
BND-000823,1113555,"Pós-embarque, bens",2003-12-12,ARGENTINA,ARG,INS-000166,Ente privado,Exportação de bens,Supplier,,,USD,Pessoal,LIQUIDADA,FNT-000012
BND-000824,1135967,"Pós-embarque, bens",2003-12-23,MEXICO,MEX,INS-000169,Ente privado,Exportação de bens e serviços,Supplier,,,USD,Seguro de crédito/FGE / Pessoal,LIQUIDADA,FNT-000012
BND-000825,1110077,"Pós-embarque, bens",2003-12-31,VENEZUELA,VEN,INS-000146,Ente público,Exportação de bens,Buyer,,,USD,Seguro de Crédito / FGE,LIQUIDADA,FNT-000012
BND-000826,1152493,"Pós-embarque, bens",2004-01-12,ESTADOS UNIDOS,USA,INS-000135,Ente privado,Exportação de bens,Supplier,,,USD,Pessoal,LIQUIDADA,FNT-000012
BND-000827,1113555,"Pós-embarque, bens",2004-01-12,ARGENTINA,ARG,INS-000166,Ente privado,Exportação de bens,Supplier,,,USD,Pessoal,LIQUIDADA,FNT-000012
BND-000828,1042118,"Pós-embarque, bens",2004-01-12,CHILE,CHL,INS-000128,Ente privado,Exportação de bens,Supplier,,,USD,Seguro de crédito/FGE / Pessoal,LIQUIDADA,FNT-000012
BND-000829,1113555,"Pós-embarque, bens",2004-02-11,ARGENTINA,ARG,INS-000166,Ente privado,Exportação de bens,Supplier,,,USD,Pessoal,LIQUIDADA,FNT-000012
BND-000830,1113423,"Pós-embarque, bens",2004-02-11,ESTADOS UNIDOS,USA,INS-000127,Ente privado,Exportação de bens,Supplier,,,USD,Pessoal,LIQUIDADA,FNT-000012
BND-000831,1113555,"Pós-embarque, bens",2004-02-20,ARGENTINA,ARG,INS-000166,Ente privado,Exportação de bens,Supplier,,,USD,Pessoal,LIQUIDADA,FNT-000012
BND-000832,1155827,"Pós-embarque, bens",2004-03-10,PERU,PER,INS-000151,Ente privado,Exportação de bens,Supplier,,,USD,Pessoal,LIQUIDADA,FNT-000012
BND-000833,1109803,"Pós-embarque, bens",2004-03-12,DIVERSOS,,INS-000139,Ente privado,Exportação de bens,Supplier,,,USD,Outras,LIQUIDADA,FNT-000012
BND-000834,1150536,"Pós-embarque, bens",2004-03-30,PERU,PER,INS-000137,Ente privado,Exportação de bens,Supplier,,,USD,Pessoal,LIQUIDADA,FNT-000012
BND-000835,1125760,"Pós-embarque, bens",2004-04-07,ESTADOS UNIDOS,USA,INS-000170,Ente privado,Exportação de bens,Supplier,,,USD,Pessoal,LIQUIDADA,FNT-000012
BND-000836,1177885,"Pós-embarque, bens",2004-04-15,PERU,PER,INS-000137,Ente privado,Exportação de bens,Supplier,,,USD,Pessoal,LIQUIDADA,FNT-000012
BND-000837,1177886,"Pós-embarque, bens",2004-04-15,PERU,PER,INS-000137,Ente privado,Exportação de bens,Supplier,,,USD,Pessoal,LIQUIDADA,FNT-000012
BND-000838,1113423,"Pós-embarque, bens",2004-04-27,ESTADOS UNIDOS,USA,INS-000127,Ente privado,Exportação de bens,Supplier,,,USD,Pessoal,LIQUIDADA,FNT-000012
BND-000839,1113423,"Pós-embarque, bens",2004-04-27,ESTADOS UNIDOS,USA,INS-000127,Ente privado,Exportação de bens,Supplier,,,USD,Pessoal,LIQUIDADA,FNT-000012
BND-000840,1152513,"Pós-embarque, bens",2004-05-06,MEXICO,MEX,INS-000130,Ente privado,Exportação de bens,Supplier,,,USD,Seguro de crédito/FGE / Pessoal,LIQUIDADA,FNT-000012
BND-000841,1155827,"Pós-embarque, bens",2004-05-06,PERU,PER,INS-000151,Ente privado,Exportação de bens,Supplier,,,USD,Pessoal,LIQUIDADA,FNT-000012
BND-000842,1183860,"Pós-embarque, bens",2004-05-10,ARGENTINA,ARG,INS-000166,Ente privado,Exportação de bens,Supplier,,,USD,CCR / ALADI,LIQUIDADA,FNT-000012
BND-000843,1126944,"Pós-embarque, bens",2004-05-25,MEXICO,MEX,INS-000154,Ente privado,Exportação de bens,Supplier,,,USD,Pessoal,LIQUIDADA,FNT-000012
BND-000844,1215119,"Pós-embarque, bens",2004-06-03,DIVERSOS,,INS-000139,Ente privado,Exportação de bens,Supplier,,,USD,Outras,LIQUIDADA,FNT-000012
BND-000845,1152871,"Pós-embarque, bens",2004-06-14,ESTADOS UNIDOS,USA,INS-000152,Ente privado,Exportação de bens,Supplier,,,USD,Pessoal,LIQUIDADA,FNT-000012
BND-000846,1126944,"Pós-embarque, bens",2004-06-17,MEXICO,MEX,INS-000154,Ente privado,Exportação de bens,Supplier,,,USD,Pessoal,LIQUIDADA,FNT-000012
BND-000847,1183862,"Pós-embarque, bens",2004-06-24,CHILE,CHL,INS-000128,Ente privado,Exportação de bens,Supplier,,,USD,Seguro de crédito/FGE / Pessoal,LIQUIDADA,FNT-000012
BND-000848,1215119,"Pós-embarque, bens",2004-07-05,DIVERSOS,,INS-000139,Ente privado,Exportação de bens,Supplier,,,USD,Outras,LIQUIDADA,FNT-000012
BND-000849,1113555,"Pós-embarque, bens",2004-07-06,ARGENTINA,ARG,INS-000166,Ente privado,Exportação de bens,Supplier,,,USD,Pessoal,LIQUIDADA,FNT-000012
BND-000850,1155827,"Pós-embarque, bens",2004-07-06,PERU,PER,INS-000151,Ente privado,Exportação de bens,Supplier,,,USD,Pessoal,LIQUIDADA,FNT-000012
BND-000851,1113555,"Pós-embarque, bens",2004-07-13,ARGENTINA,ARG,INS-000166,Ente privado,Exportação de bens,Supplier,,,USD,Pessoal,LIQUIDADA,FNT-000012
BND-000852,1113555,"Pós-embarque, bens",2004-07-15,ARGENTINA,ARG,INS-000166,Ente privado,Exportação de bens,Supplier,,,USD,Pessoal,LIQUIDADA,FNT-000012
BND-000853,1113555,"Pós-embarque, bens",2004-07-15,ARGENTINA,ARG,INS-000166,Ente privado,Exportação de bens,Supplier,,,USD,Pessoal,LIQUIDADA,FNT-000012
BND-000854,1042116,"Pós-embarque, bens",2004-07-21,CHILE,CHL,INS-000128,Ente privado,Exportação de bens,Supplier,,,USD,Seguro de crédito/FGE / Pessoal,LIQUIDADA,FNT-000012
BND-000855,1011595,"Pós-embarque, bens",2004-07-23,CHILE,CHL,INS-000128,Ente privado,Exportação de bens,Supplier,,,USD,Seguro de crédito/FGE / Pessoal,LIQUIDADA,FNT-000012
BND-000856,1113555,"Pós-embarque, bens",2004-07-26,ARGENTINA,ARG,INS-000166,Ente privado,Exportação de bens,Supplier,,,USD,Pessoal,LIQUIDADA,FNT-000012
BND-000857,1113555,"Pós-embarque, bens",2004-07-26,ARGENTINA,ARG,INS-000166,Ente privado,Exportação de bens,Supplier,,,USD,Pessoal,LIQUIDADA,FNT-000012
BND-000858,1204275,"Pós-embarque, bens",2004-07-26,ARGENTINA,ARG,INS-000166,Ente privado,Exportação de bens,Supplier,,,USD,CCR / ALADI,LIQUIDADA,FNT-000012
BND-000859,1152875,"Pós-embarque, bens",2004-07-26,ESTADOS UNIDOS,USA,INS-000133,Ente privado,Exportação de bens,Supplier,,,USD,Pessoal,LIQUIDADA,FNT-000012
BND-000860,1169268,"Pós-embarque, bens",2004-08-03,MEXICO,MEX,INS-000130,Ente privado,Exportação de bens,Supplier,,,USD,Seguro de crédito/FGE / Pessoal,LIQUIDADA,FNT-000012
BND-000861,1113555,"Pós-embarque, bens",2004-08-03,ARGENTINA,ARG,INS-000166,Ente privado,Exportação de bens,Supplier,,,USD,Pessoal,LIQUIDADA,FNT-000012
BND-000862,1193129,"Pós-embarque, bens",2004-08-20,BOLIVIA,BOL,INS-000171,Ente privado,Exportação de bens,Supplier,,,USD,CCR / ALADI,LIQUIDADA,FNT-000012
BND-000863,1176594,"Pós-embarque, bens",2004-08-20,CHILE,CHL,INS-000151,Ente privado,Exportação de bens,Supplier,,,USD,Seguro de crédito/FGE / Pessoal,LIQUIDADA,FNT-000012
BND-000864,1218101,"Pós-embarque, bens",2004-08-24,EQUADOR,ECU,INS-000172,Ente privado,Exportação de bens,Supplier,,,USD,CCR / ALADI,LIQUIDADA,FNT-000012
BND-000865,1113555,"Pós-embarque, bens",2004-08-24,ARGENTINA,ARG,INS-000166,Ente privado,Exportação de bens,Supplier,,,USD,Pessoal,LIQUIDADA,FNT-000012
BND-000866,1152493,"Pós-embarque, bens",2004-08-27,ESTADOS UNIDOS,USA,INS-000135,Ente privado,Exportação de bens,Supplier,,,USD,Pessoal,LIQUIDADA,FNT-000012
BND-000867,1113555,"Pós-embarque, bens",2004-08-27,ARGENTINA,ARG,INS-000166,Ente privado,Exportação de bens,Supplier,,,USD,Pessoal,LIQUIDADA,FNT-000012
BND-000868,1126944,"Pós-embarque, bens",2004-09-15,MEXICO,MEX,INS-000154,Ente privado,Exportação de bens,Supplier,,,USD,Pessoal,LIQUIDADA,FNT-000012
BND-000869,1085401,"Pós-embarque, bens",2004-09-28,ESTADOS UNIDOS,USA,INS-000166,Ente privado,Exportação de bens,Supplier,,,USD,Pessoal,LIQUIDADA,FNT-000012
BND-000870,1085401,"Pós-embarque, bens",2004-09-28,ESTADOS UNIDOS,USA,INS-000166,Ente privado,Exportação de bens,Supplier,,,USD,Pessoal,LIQUIDADA,FNT-000012
BND-000871,1127505,"Pós-embarque, bens",2004-09-28,CHILE,CHL,INS-000128,Ente privado,Exportação de bens,Supplier,,,USD,Seguro de crédito/FGE / Pessoal,LIQUIDADA,FNT-000012
BND-000872,1139942,"Pós-embarque, bens",2004-09-29,MEXICO,MEX,INS-000130,Ente privado,Exportação de bens,Supplier,,,USD,Seguro de crédito/FGE / Pessoal,LIQUIDADA,FNT-000012
BND-000873,1193127,"Pós-embarque, bens",2004-09-29,URUGUAI,URY,INS-000171,Ente privado,Exportação de bens,Supplier,,,USD,CCR / ALADI,LIQUIDADA,FNT-000012
BND-000874,1107081,"Pós-embarque, bens",2004-10-04,CANADA,CAN,INS-000173,Ente privado,Exportação de bens,Buyer,,,USD,Seguro de crédito/FGE / Pessoal,LIQUIDADA,FNT-000012
BND-000875,1085401,"Pós-embarque, bens",2004-10-11,ESTADOS UNIDOS,USA,INS-000166,Ente privado,Exportação de bens,Supplier,,,USD,Pessoal,LIQUIDADA,FNT-000012
BND-000876,1176596,"Pós-embarque, bens",2004-10-19,MEXICO,MEX,INS-000130,Ente privado,Exportação de bens,Supplier,,,USD,Seguro de crédito/FGE / Pessoal,LIQUIDADA,FNT-000012
BND-000877,1155827,"Pós-embarque, bens",2004-10-20,PERU,PER,INS-000151,Ente privado,Exportação de bens,Supplier,,,USD,Pessoal,LIQUIDADA,FNT-000012
BND-000878,1155827,"Pós-embarque, bens",2004-10-20,PERU,PER,INS-000151,Ente privado,Exportação de bens,Supplier,,,USD,Pessoal,LIQUIDADA,FNT-000012
BND-000879,1155827,"Pós-embarque, bens",2004-11-05,PERU,PER,INS-000151,Ente privado,Exportação de bens,Supplier,,,USD,Pessoal,LIQUIDADA,FNT-000012
BND-000880,1126944,"Pós-embarque, bens",2004-11-09,MEXICO,MEX,INS-000154,Ente privado,Exportação de bens,Supplier,,,USD,Pessoal,LIQUIDADA,FNT-000012
BND-000881,1227522,"Pós-embarque, bens",2004-11-19,PERU,PER,INS-000140,Ente privado,Exportação de bens,Supplier,,,USD,CCR / ALADI,LIQUIDADA,FNT-000012
BND-000882,1204275,"Pós-embarque, bens",2004-11-19,ARGENTINA,ARG,INS-000166,Ente privado,Exportação de bens,Supplier,,,USD,CCR / ALADI,LIQUIDADA,FNT-000012
BND-000883,1155827,"Pós-embarque, bens",2004-11-23,PERU,PER,INS-000151,Ente privado,Exportação de bens,Supplier,,,USD,Pessoal,LIQUIDADA,FNT-000012
BND-000884,1085401,"Pós-embarque, bens",2004-11-25,ESTADOS UNIDOS,USA,INS-000166,Ente privado,Exportação de bens,Supplier,,,USD,Pessoal,LIQUIDADA,FNT-000012
BND-000885,1155827,"Pós-embarque, bens",2004-11-25,PERU,PER,INS-000151,Ente privado,Exportação de bens,Supplier,,,USD,Pessoal,LIQUIDADA,FNT-000012
BND-000886,1017308,"Pós-embarque, bens",2004-11-26,PAISES BAIXOS(HOLAN),NLD,INS-000174,Ente privado,Exportação de bens,Buyer,,,USD,Pessoal,LIQUIDADA,FNT-000012
BND-000887,1204274,"Pós-embarque, bens",2004-12-08,DIVERSOS,,INS-000166,Ente privado,Exportação de bens,Supplier,,,USD,Pessoal,LIQUIDADA,FNT-000012
BND-000888,1113555,"Pós-embarque, bens",2004-12-16,ARGENTINA,ARG,INS-000166,Ente privado,Exportação de bens,Supplier,,,USD,Pessoal,LIQUIDADA,FNT-000012
BND-000889,1204275,"Pós-embarque, bens",2004-12-16,ARGENTINA,ARG,INS-000166,Ente privado,Exportação de bens,Supplier,,,USD,CCR / ALADI,LIQUIDADA,FNT-000012
BND-000890,1249815,"Pós-embarque, bens",2004-12-20,DIVERSOS,,INS-000139,Ente privado,Exportação de bens,Supplier,,,USD,Outras,LIQUIDADA,FNT-000012
BND-000891,1249815,"Pós-embarque, bens",2004-12-20,DIVERSOS,,INS-000139,Ente privado,Exportação de bens,Supplier,,,USD,Outras,LIQUIDADA,FNT-000012
BND-000892,1271695,"Pós-embarque, bens",2004-12-20,JAMAICA,JAM,INS-000148,Ente privado,Exportação de bens,Supplier,,,USD,Pessoal,LIQUIDADA,FNT-000012
BND-000893,1109803,"Pós-embarque, bens",2005-01-13,DIVERSOS,,INS-000139,Ente privado,Exportação de bens,Supplier,,,USD,Outras,LIQUIDADA,FNT-000012
BND-000894,1272572,"Pós-embarque, bens",2005-01-13,DIVERSOS,,INS-000139,Ente privado,Exportação de bens,Supplier,,,USD,Outras,LIQUIDADA,FNT-000012
BND-000895,1296414,"Pós-embarque, bens",2005-01-13,DIVERSOS,,INS-000139,Ente privado,Exportação de bens,Supplier,,,USD,Outras,LIQUIDADA,FNT-000012
BND-000896,1204274,"Pós-embarque, bens",2005-01-13,DIVERSOS,,INS-000166,Ente privado,Exportação de bens,Supplier,,,USD,Pessoal,LIQUIDADA,FNT-000012
BND-000897,1204274,"Pós-embarque, bens",2005-01-17,DIVERSOS,,INS-000166,Ente privado,Exportação de bens,Supplier,,,USD,Pessoal,LIQUIDADA,FNT-000012
BND-000898,1113555,"Pós-embarque, bens",2005-02-04,ARGENTINA,ARG,INS-000166,Ente privado,Exportação de bens,Supplier,,,USD,Pessoal,LIQUIDADA,FNT-000012
BND-000899,1204274,"Pós-embarque, bens",2005-02-16,DIVERSOS,,INS-000166,Ente privado,Exportação de bens,Supplier,,,USD,Pessoal,LIQUIDADA,FNT-000012
BND-000900,1113555,"Pós-embarque, bens",2005-02-23,ARGENTINA,ARG,INS-000166,Ente privado,Exportação de bens,Supplier,,,USD,Pessoal,LIQUIDADA,FNT-000012
BND-000901,1226677,"Pós-embarque, bens",2005-03-04,ESTADOS UNIDOS,USA,INS-000127,Ente privado,Exportação de bens,Supplier,,,USD,Pessoal,LIQUIDADA,FNT-000012
BND-000902,1204275,"Pós-embarque, bens",2005-03-22,ARGENTINA,ARG,INS-000166,Ente privado,Exportação de bens,Supplier,,,USD,CCR / ALADI,LIQUIDADA,FNT-000012
BND-000903,1344833,"Pós-embarque, bens",2005-03-31,DIVERSOS,,INS-000139,Ente privado,Exportação de bens,Supplier,,,USD,Outras,LIQUIDADA,FNT-000012
BND-000904,0600054,"Pós-embarque, bens",2005-03-31,ESTADOS UNIDOS,USA,INS-000139,Ente privado,Exportação de bens,Supplier,,,USD,Outras,LIQUIDADA,FNT-000012
BND-000905,0600054,"Pós-embarque, bens",2005-03-31,ESTADOS UNIDOS,USA,INS-000139,Ente privado,Exportação de bens,Supplier,,,USD,Outras,LIQUIDADA,FNT-000012
BND-000906,1113555,"Pós-embarque, bens",2005-04-11,ARGENTINA,ARG,INS-000166,Ente privado,Exportação de bens,Supplier,,,USD,Pessoal,LIQUIDADA,FNT-000012
BND-000907,1204274,"Pós-embarque, bens",2005-04-22,DIVERSOS,,INS-000166,Ente privado,Exportação de bens,Supplier,,,USD,Pessoal,LIQUIDADA,FNT-000012
BND-000908,1313267,"Pós-embarque, bens",2005-05-11,JAMAICA,JAM,INS-000148,Ente privado,Exportação de bens,Supplier,,,USD,Pessoal,LIQUIDADA,FNT-000012
BND-000909,1325390,"Pós-embarque, bens",2005-05-13,PERU,PER,INS-000151,Ente privado,Exportação de bens,Supplier,,,USD,Pessoal,LIQUIDADA,FNT-000012
BND-000910,1325390,"Pós-embarque, bens",2005-05-18,PERU,PER,INS-000151,Ente privado,Exportação de bens,Supplier,,,USD,Pessoal,LIQUIDADA,FNT-000012
BND-000911,1298214,"Pós-embarque, bens",2005-05-20,ARGENTINA,ARG,INS-000140,Ente privado,Exportação de bens,Supplier,,,USD,Pessoal,LIQUIDADA,FNT-000012
BND-000912,1226677,"Pós-embarque, bens",2005-05-20,ESTADOS UNIDOS,USA,INS-000127,Ente privado,Exportação de bens,Supplier,,,USD,Pessoal,LIQUIDADA,FNT-000012
BND-000913,1226677,"Pós-embarque, bens",2005-06-06,ESTADOS UNIDOS,USA,INS-000127,Ente privado,Exportação de bens,Supplier,,,USD,Pessoal,LIQUIDADA,FNT-000012
BND-000914,1295722,"Pós-embarque, bens",2005-06-08,ARGENTINA,ARG,INS-000142,Ente público,Exportação de bens,Supplier,,,USD,Seguro de Crédito / FGE,LIQUIDADA,FNT-000012
BND-000915,1204274,"Pós-embarque, bens",2005-06-10,DIVERSOS,,INS-000166,Ente privado,Exportação de bens,Supplier,,,USD,Pessoal,LIQUIDADA,FNT-000012
BND-000916,1204274,"Pós-embarque, bens",2005-06-15,DIVERSOS,,INS-000166,Ente privado,Exportação de bens,Supplier,,,USD,Pessoal,LIQUIDADA,FNT-000012
BND-000917,1204275,"Pós-embarque, bens",2005-06-29,ARGENTINA,ARG,INS-000166,Ente privado,Exportação de bens,Supplier,,,USD,CCR / ALADI,LIQUIDADA,FNT-000012
BND-000918,1204274,"Pós-embarque, bens",2005-06-29,DIVERSOS,,INS-000166,Ente privado,Exportação de bens,Supplier,,,USD,Pessoal,LIQUIDADA,FNT-000012
BND-000919,1226677,"Pós-embarque, bens",2005-06-29,ESTADOS UNIDOS,USA,INS-000127,Ente privado,Exportação de bens,Supplier,,,USD,Pessoal,LIQUIDADA,FNT-000012
BND-000920,1322792,"Pós-embarque, bens",2005-07-12,MEXICO,MEX,INS-000130,Ente privado,Exportação de bens,Supplier,,,USD,Seguro de crédito/FGE / Pessoal,LIQUIDADA,FNT-000012
BND-000921,1204274,"Pós-embarque, bens",2005-07-18,DIVERSOS,,INS-000166,Ente privado,Exportação de bens,Supplier,,,USD,Pessoal,LIQUIDADA,FNT-000012
BND-000922,1325390,"Pós-embarque, bens",2005-07-19,PERU,PER,INS-000151,Ente privado,Exportação de bens,Supplier,,,USD,Pessoal,LIQUIDADA,FNT-000012
BND-000923,1325390,"Pós-embarque, bens",2005-07-28,PERU,PER,INS-000151,Ente privado,Exportação de bens,Supplier,,,USD,Pessoal,LIQUIDADA,FNT-000012
BND-000924,1325390,"Pós-embarque, bens",2005-08-05,PERU,PER,INS-000151,Ente privado,Exportação de bens,Supplier,,,USD,Pessoal,LIQUIDADA,FNT-000012
BND-000925,1335945,"Pós-embarque, bens",2005-08-05,ARGENTINA,ARG,INS-000175,Ente privado,Exportação de bens,Supplier,,,USD,Pessoal,LIQUIDADA,FNT-000012
BND-000926,1339425,"Pós-embarque, bens",2005-08-10,ARGENTINA,ARG,INS-000161,Ente privado,Exportação de bens,Supplier,,,USD,Pessoal,LIQUIDADA,FNT-000012
BND-000927,1422558,"Pós-embarque, bens",2005-08-19,CUBA,CUB,INS-000176,Ente público,Exportação de bens,Buyer,,,EUR,Seguro de crédito/FGE,LIQUIDADA,FNT-000012
BND-000928,1422558,"Pós-embarque, bens",2005-08-19,CUBA,CUB,INS-000177,Ente público,Exportação de bens,Buyer,,,EUR,Seguro de crédito/FGE,LIQUIDADA,FNT-000012
BND-000929,1325390,"Pós-embarque, bens",2005-08-19,PERU,PER,INS-000151,Ente privado,Exportação de bens,Supplier,,,USD,Pessoal,LIQUIDADA,FNT-000012
BND-000930,1374589,"Pós-embarque, bens",2005-08-19,PERU,PER,INS-000151,Ente privado,Exportação de bens,Supplier,,,USD,Pessoal,LIQUIDADA,FNT-000012
BND-000931,1226677,"Pós-embarque, bens",2005-08-19,ESTADOS UNIDOS,USA,INS-000127,Ente privado,Exportação de bens,Supplier,,,USD,Pessoal,LIQUIDADA,FNT-000012
BND-000932,1204274,"Pós-embarque, bens",2005-08-29,DIVERSOS,,INS-000166,Ente privado,Exportação de bens,Supplier,,,USD,Pessoal,LIQUIDADA,FNT-000012
BND-000933,1204274,"Pós-embarque, bens",2005-08-29,DIVERSOS,,INS-000166,Ente privado,Exportação de bens,Supplier,,,USD,Pessoal,LIQUIDADA,FNT-000012
BND-000934,1317948,"Pós-embarque, bens",2005-08-30,VENEZUELA,VEN,INS-000143,Ente privado,Exportação de bens,Supplier,,,USD,Seguro de crédito/FGE,LIQUIDADA,FNT-000012
BND-000935,1325390,"Pós-embarque, bens",2005-08-30,PERU,PER,INS-000151,Ente privado,Exportação de bens,Supplier,,,USD,Pessoal,LIQUIDADA,FNT-000012
BND-000936,1226677,"Pós-embarque, bens",2005-09-12,ESTADOS UNIDOS,USA,INS-000127,Ente privado,Exportação de bens,Supplier,,,USD,Pessoal,LIQUIDADA,FNT-000012
BND-000937,1343369,"Pós-embarque, bens",2005-09-14,PERU,PER,INS-000140,Ente privado,Exportação de bens,Supplier,,,USD,Pessoal,LIQUIDADA,FNT-000012
BND-000938,1204274,"Pós-embarque, bens",2005-09-19,DIVERSOS,,INS-000166,Ente privado,Exportação de bens,Supplier,,,USD,Pessoal,LIQUIDADA,FNT-000012
BND-000939,1226677,"Pós-embarque, bens",2005-09-21,ESTADOS UNIDOS,USA,INS-000127,Ente privado,Exportação de bens,Supplier,,,USD,Pessoal,LIQUIDADA,FNT-000012
BND-000940,1266657,"Pós-embarque, bens",2005-09-27,MEXICO,MEX,INS-000130,Ente privado,Exportação de bens,Supplier,,,USD,Seguro de crédito/FGE / Pessoal,LIQUIDADA,FNT-000012
BND-000941,1295100,"Pós-embarque, bens",2005-09-30,CHILE,CHL,INS-000146,Ente privado,Exportação de bens,Buyer,,,USD,Seguro de crédito/FGE / Pessoal,LIQUIDADA,FNT-000012
BND-000942,1204274,"Pós-embarque, bens",2005-10-10,DIVERSOS,,INS-000166,Ente privado,Exportação de bens,Supplier,,,USD,Pessoal,LIQUIDADA,FNT-000012
BND-000943,1204274,"Pós-embarque, bens",2005-10-17,DIVERSOS,,INS-000166,Ente privado,Exportação de bens,Supplier,,,USD,Pessoal,LIQUIDADA,FNT-000012
BND-000944,1343365,"Pós-embarque, bens",2005-10-25,PERU,PER,INS-000128,Ente privado,Exportação de bens,Supplier,,,USD,Pessoal,LIQUIDADA,FNT-000012
BND-000945,1334067,"Pós-embarque, bens",2005-11-22,CUBA,CUB,INS-000178,Ente público,Exportação de bens,Supplier,,,USD,Seguro de crédito/FGE,LIQUIDADA,FNT-000012
BND-000946,1204274,"Pós-embarque, bens",2005-11-22,DIVERSOS,,INS-000166,Ente privado,Exportação de bens,Supplier,,,USD,Pessoal,LIQUIDADA,FNT-000012
BND-000947,1353782,"Pós-embarque, bens",2005-11-25,DIVERSOS,,INS-000139,Ente privado,Exportação de bens,Supplier,,,USD,Outras,LIQUIDADA,FNT-000012
BND-000948,1369533,"Pós-embarque, bens",2005-11-25,DIVERSOS,,INS-000139,Ente privado,Exportação de bens,Supplier,,,USD,Outras,ATIVA,FNT-000012
BND-000949,1369533,"Pós-embarque, bens",2005-11-25,DIVERSOS,,INS-000139,Ente privado,Exportação de bens,Supplier,,,USD,Outras,LIQUIDADA,FNT-000012
BND-000950,1407634,"Pós-embarque, bens",2005-11-25,DIVERSOS,,INS-000139,Ente privado,Exportação de bens,Supplier,,,USD,Outras,ATIVA,FNT-000012
BND-000951,1411373,"Pós-embarque, bens",2005-11-25,DIVERSOS,,INS-000139,Ente privado,Exportação de bens,Supplier,,,USD,Outras,ATIVA,FNT-000012
BND-000952,1411373,"Pós-embarque, bens",2005-11-25,DIVERSOS,,INS-000139,Ente privado,Exportação de bens,Supplier,,,USD,Outras,LIQUIDADA,FNT-000012
BND-000953,1342715,"Pós-embarque, bens",2005-11-30,CHILE,CHL,INS-000146,Ente privado,Exportação de bens,Buyer,,,USD,Seguro de crédito/FGE / Pessoal,LIQUIDADA,FNT-000012
BND-000954,1339427,"Pós-embarque, bens",2005-12-05,PAISES BAIXOS(HOLAN),NLD,INS-000174,Ente privado,Exportação de bens,Buyer,,,USD,Pessoal,LIQUIDADA,FNT-000012
BND-000955,1226677,"Pós-embarque, bens",2005-12-06,ESTADOS UNIDOS,USA,INS-000127,Ente privado,Exportação de bens,Supplier,,,USD,Pessoal,LIQUIDADA,FNT-000012
BND-000956,1226677,"Pós-embarque, bens",2005-12-20,ESTADOS UNIDOS,USA,INS-000127,Ente privado,Exportação de bens,Supplier,,,USD,Pessoal,LIQUIDADA,FNT-000012
BND-000957,1204275,"Pós-embarque, bens",2005-12-21,ARGENTINA,ARG,INS-000166,Ente privado,Exportação de bens,Supplier,,,USD,CCR / ALADI,LIQUIDADA,FNT-000012
BND-000958,1204274,"Pós-embarque, bens",2005-12-21,DIVERSOS,,INS-000166,Ente privado,Exportação de bens,Supplier,,,USD,Pessoal,LIQUIDADA,FNT-000012
BND-000959,1394853,"Pós-embarque, bens",2006-01-23,PERU,PER,INS-000161,Ente privado,Exportação de bens,Supplier,,,USD,Pessoal,LIQUIDADA,FNT-000012
BND-000960,1401055,"Pós-embarque, bens",2006-01-27,PERU,PER,INS-000179,Ente privado,Exportação de bens,Supplier,,,USD,Pessoal,LIQUIDADA,FNT-000012
BND-000961,1204274,"Pós-embarque, bens",2006-01-27,DIVERSOS,,INS-000166,Ente privado,Exportação de bens,Supplier,,,USD,Pessoal,LIQUIDADA,FNT-000012
BND-000962,1397597,"Pós-embarque, bens",2006-02-09,ESTADOS UNIDOS,USA,INS-000127,Ente privado,Exportação de bens,Supplier,,,USD,Pessoal,LIQUIDADA,FNT-000012
BND-000963,1273397,"Pós-embarque, bens",2006-03-14,CHILE,CHL,INS-000128,Ente privado,Exportação de bens,Supplier,,,USD,Seguro de crédito/FGE / Pessoal,LIQUIDADA,FNT-000012
BND-000964,1357916,"Pós-embarque, bens",2006-03-30,EQUADOR,ECU,INS-000139,Ente privado,Exportação de bens,Supplier,,,USD,Seguro de crédito/FGE,LIQUIDADA,FNT-000012
BND-000965,1353782,"Pós-embarque, bens",2006-04-11,DIVERSOS,,INS-000139,Ente privado,Exportação de bens,Supplier,,,USD,Outras,LIQUIDADA,FNT-000012
BND-000966,1432189,"Pós-embarque, bens",2006-04-11,DIVERSOS,,INS-000139,Ente privado,Exportação de bens,Supplier,,,USD,Outras,LIQUIDADA,FNT-000012
BND-000967,1335010,"Pós-embarque, bens",2006-04-26,CHILE,CHL,INS-000151,Ente privado,Exportação de bens,Supplier,,,USD,Seguro de crédito/FGE / Pessoal,LIQUIDADA,FNT-000012
BND-000968,1204274,"Pós-embarque, bens",2006-05-22,DIVERSOS,,INS-000166,Ente privado,Exportação de bens,Supplier,,,USD,Pessoal,LIQUIDADA,FNT-000012
BND-000969,1204274,"Pós-embarque, bens",2006-05-22,DIVERSOS,,INS-000166,Ente privado,Exportação de bens,Supplier,,,USD,Pessoal,LIQUIDADA,FNT-000012
BND-000970,1397597,"Pós-embarque, bens",2006-05-23,ESTADOS UNIDOS,USA,INS-000127,Ente privado,Exportação de bens,Supplier,,,USD,Pessoal,LIQUIDADA,FNT-000012
BND-000971,1357916,"Pós-embarque, bens",2006-06-16,EQUADOR,ECU,INS-000139,Ente privado,Exportação de bens,Supplier,,,USD,Seguro de crédito/FGE,LIQUIDADA,FNT-000012
BND-000972,1204274,"Pós-embarque, bens",2006-06-28,DIVERSOS,,INS-000166,Ente privado,Exportação de bens,Supplier,,,USD,Pessoal,LIQUIDADA,FNT-000012
BND-000973,1397597,"Pós-embarque, bens",2006-07-06,ESTADOS UNIDOS,USA,INS-000127,Ente privado,Exportação de bens,Supplier,,,USD,Pessoal,LIQUIDADA,FNT-000012
BND-000974,1483357,"Pós-embarque, bens",2006-07-12,DIVERSOS,,INS-000139,Ente privado,Exportação de bens,Supplier,,,USD,Outras,LIQUIDADA,FNT-000012
BND-000975,1204274,"Pós-embarque, bens",2006-08-24,DIVERSOS,,INS-000166,Ente privado,Exportação de bens,Supplier,,,USD,Pessoal,LIQUIDADA,FNT-000012
BND-000976,1406323,"Pós-embarque, bens",2006-09-22,ARGENTINA,ARG,INS-000180,Ente público,Exportação de bens,Supplier,,,USD,Seguro de crédito/FGE,LIQUIDADA,FNT-000012
BND-000977,1477329,"Pós-embarque, bens",2006-09-28,ARGENTINA,ARG,INS-000166,Ente privado,Exportação de bens,Supplier,,,USD,Pessoal,LIQUIDADA,FNT-000012
BND-000978,1477329,"Pós-embarque, bens",2006-09-28,ARGENTINA,ARG,INS-000166,Ente privado,Exportação de bens,Supplier,,,USD,Pessoal,LIQUIDADA,FNT-000012
BND-000979,1470093,"Pós-embarque, bens",2006-10-30,ESTADOS UNIDOS,USA,INS-000127,Ente privado,Exportação de bens,Supplier,,,USD,Pessoal,LIQUIDADA,FNT-000012
BND-000980,1470093,"Pós-embarque, bens",2006-11-10,ESTADOS UNIDOS,USA,INS-000127,Ente privado,Exportação de bens,Supplier,,,USD,Pessoal,LIQUIDADA,FNT-000012
BND-000981,1477329,"Pós-embarque, bens",2006-12-18,ARGENTINA,ARG,INS-000166,Ente privado,Exportação de bens,Supplier,,,USD,Pessoal,LIQUIDADA,FNT-000012
BND-000982,1523426,"Pós-embarque, bens",2006-12-22,ARGENTINA,ARG,INS-000181,Ente privado,Exportação de bens,Supplier,,,USD,Seguro de crédito / Pessoal,LIQUIDADA,FNT-000012
BND-000983,1470093,"Pós-embarque, bens",2006-12-22,ESTADOS UNIDOS,USA,INS-000127,Ente privado,Exportação de bens,Supplier,,,USD,Pessoal,LIQUIDADA,FNT-000012
BND-000984,1477329,"Pós-embarque, bens",2007-01-26,ARGENTINA,ARG,INS-000166,Ente privado,Exportação de bens,Supplier,,,USD,Pessoal,LIQUIDADA,FNT-000012
BND-000985,1477329,"Pós-embarque, bens",2007-02-16,ARGENTINA,ARG,INS-000166,Ente privado,Exportação de bens,Supplier,,,USD,Pessoal,LIQUIDADA,FNT-000012
BND-000986,1457832,"Pós-embarque, bens",2007-03-19,JAMAICA,JAM,INS-000148,Ente privado,Exportação de bens,Supplier,,,USD,Pessoal,LIQUIDADA,FNT-000012
BND-000987,1470093,"Pós-embarque, bens",2007-03-19,ESTADOS UNIDOS,USA,INS-000127,Ente privado,Exportação de bens,Supplier,,,USD,Pessoal,LIQUIDADA,FNT-000012
BND-000988,1477329,"Pós-embarque, bens",2007-04-05,ARGENTINA,ARG,INS-000166,Ente privado,Exportação de bens,Supplier,,,USD,Pessoal,LIQUIDADA,FNT-000012
BND-000989,1457832,"Pós-embarque, bens",2007-04-24,JAMAICA,JAM,INS-000148,Ente privado,Exportação de bens,Supplier,,,USD,Pessoal,LIQUIDADA,FNT-000012
BND-000990,1524774,"Pós-embarque, bens",2007-04-26,MEXICO,MEX,INS-000181,Ente privado,Exportação de bens,Supplier,,,USD,Seguro de crédito / Pessoal,LIQUIDADA,FNT-000012
BND-000991,1477329,"Pós-embarque, bens",2007-05-08,ARGENTINA,ARG,INS-000166,Ente privado,Exportação de bens,Supplier,,,USD,Pessoal,LIQUIDADA,FNT-000012
BND-000992,1470093,"Pós-embarque, bens",2007-05-08,ESTADOS UNIDOS,USA,INS-000127,Ente privado,Exportação de bens,Supplier,,,USD,Pessoal,LIQUIDADA,FNT-000012
BND-000993,1477329,"Pós-embarque, bens",2007-05-10,ARGENTINA,ARG,INS-000166,Ente privado,Exportação de bens,Supplier,,,USD,Pessoal,LIQUIDADA,FNT-000012
BND-000994,1506824,"Pós-embarque, bens",2007-05-24,CHILE,CHL,INS-000167,Ente privado,Exportação de bens,Buyer,,,USD,Seguro de crédito/FGE / Pessoal,LIQUIDADA,FNT-000012
BND-000995,1528078,"Pós-embarque, bens",2007-05-24,CHILE,CHL,INS-000182,Ente privado,Exportação de bens,Buyer,,,USD,Seguro de crédito/FGE / Pessoal,LIQUIDADA,FNT-000012
BND-000996,1549009,"Pós-embarque, bens",2007-05-29,MEXICO,MEX,INS-000181,Ente privado,Exportação de bens,Supplier,,,USD,Seguro de crédito / Pessoal,LIQUIDADA,FNT-000012
BND-000997,1540477,"Pós-embarque, bens",2007-06-21,CHILE,CHL,INS-000161,Ente privado,Exportação de bens,Supplier,,,USD,Seguro de crédito/FGE / Pessoal,LIQUIDADA,FNT-000012
BND-000998,1540477,"Pós-embarque, bens",2007-06-21,CHILE,CHL,INS-000161,Ente privado,Exportação de bens,Supplier,,,USD,Seguro de crédito/FGE / Pessoal,LIQUIDADA,FNT-000012
BND-000999,1477329,"Pós-embarque, bens",2007-07-09,ARGENTINA,ARG,INS-000166,Ente privado,Exportação de bens,Supplier,,,USD,Pessoal,LIQUIDADA,FNT-000012
BND-001000,1480298,"Pós-embarque, bens",2007-07-20,MEXICO,MEX,INS-000130,Ente privado,Exportação de bens,Supplier,,,USD,Seguro de crédito/FGE / Pessoal,LIQUIDADA,FNT-000012
BND-001001,1573147,"Pós-embarque, bens",2007-08-10,PERU,PER,INS-000159,Ente privado,Exportação de bens,Supplier,,,USD,Seguro de crédito / Pessoal,LIQUIDADA,FNT-000012
BND-001002,1477329,"Pós-embarque, bens",2007-08-16,ARGENTINA,ARG,INS-000166,Ente privado,Exportação de bens,Supplier,,,USD,Pessoal,LIQUIDADA,FNT-000012
BND-001003,1477329,"Pós-embarque, bens",2007-08-16,ARGENTINA,ARG,INS-000166,Ente privado,Exportação de bens,Supplier,,,USD,Pessoal,LIQUIDADA,FNT-000012
BND-001004,1477329,"Pós-embarque, bens",2007-08-30,ARGENTINA,ARG,INS-000166,Ente privado,Exportação de bens,Supplier,,,USD,Pessoal,LIQUIDADA,FNT-000012
BND-001005,1632721,"Pós-embarque, bens",2007-09-10,PERU,PER,INS-000159,Ente privado,Exportação de bens,Supplier,,,USD,Seguro de crédito / Pessoal,LIQUIDADA,FNT-000012
BND-001006,1590721,"Pós-embarque, bens",2007-09-14,PERU,PER,INS-000130,Ente privado,Exportação de bens,Supplier,,,USD,Seguro de crédito / Pessoal,LIQUIDADA,FNT-000012
BND-001007,1530323,"Pós-embarque, bens",2007-09-18,REPUBLICA DOMINICANA,DOM,INS-000139,Ente público,Exportação de bens,Buyer,,,USD,Seguro de crédito/FGE,LIQUIDADA,FNT-000012
BND-001008,1477329,"Pós-embarque, bens",2007-10-11,ARGENTINA,ARG,INS-000166,Ente privado,Exportação de bens,Supplier,,,USD,Pessoal,LIQUIDADA,FNT-000012
BND-001009,1477329,"Pós-embarque, bens",2007-10-11,ARGENTINA,ARG,INS-000166,Ente privado,Exportação de bens,Supplier,,,USD,Pessoal,LIQUIDADA,FNT-000012
BND-001010,1441120,"Pós-embarque, bens",2007-10-15,ESTADOS UNIDOS,USA,INS-000139,Ente privado,Exportação de bens,Buyer,,,USD,Seguro de crédito/FGE / Real / Pessoal,ATIVA,FNT-000012
BND-001011,1441120,"Pós-embarque, bens",2007-10-15,ESTADOS UNIDOS,USA,INS-000139,Ente privado,Exportação de bens,Buyer,,,USD,Seguro de crédito/FGE / Real / Pessoal,LIQUIDADA,FNT-000012
BND-001012,1477329,"Pós-embarque, bens",2007-10-24,ARGENTINA,ARG,INS-000166,Ente privado,Exportação de bens,Supplier,,,USD,Pessoal,LIQUIDADA,FNT-000012
BND-001013,1604594,"Pós-embarque, bens",2007-10-30,ARGENTINA,ARG,INS-000183,Ente privado,Exportação de bens,Supplier,,,USD,Pessoal,LIQUIDADA,FNT-000012
BND-001014,1477329,"Pós-embarque, bens",2007-11-23,ARGENTINA,ARG,INS-000166,Ente privado,Exportação de bens,Supplier,,,USD,Pessoal,LIQUIDADA,FNT-000012
BND-001015,1580901,"Pós-embarque, bens",2007-11-28,URUGUAI,URY,INS-000184,Ente privado,Exportação de bens,Supplier,,,USD,Seguro de crédito / Pessoal,LIQUIDADA,FNT-000012
BND-001016,1549543,"Pós-embarque, bens",2007-11-28,REPUBLICA DOMINICANA,DOM,INS-000151,Ente privado,Exportação de bens,Supplier,,,USD,Seguro de crédito / Pessoal,LIQUIDADA,FNT-000012
BND-001017,1519467,"Pós-embarque, bens",2007-12-21,ANGOLA,AGO,INS-000185,Ente público,Exportação de bens,Supplier,,,USD,Seguro de crédito/FGE,LIQUIDADA,FNT-000012
BND-001018,1477329,"Pós-embarque, bens",2007-12-21,ARGENTINA,ARG,INS-000166,Ente privado,Exportação de bens,Supplier,,,USD,Pessoal,LIQUIDADA,FNT-000012
BND-001019,1477329,"Pós-embarque, bens",2007-12-26,ARGENTINA,ARG,INS-000166,Ente privado,Exportação de bens,Supplier,,,USD,Pessoal,LIQUIDADA,FNT-000012
BND-001020,1477329,"Pós-embarque, bens",2007-12-26,ARGENTINA,ARG,INS-000166,Ente privado,Exportação de bens,Supplier,,,USD,Pessoal,LIQUIDADA,FNT-000012
BND-001021,1477329,"Pós-embarque, bens",2007-12-26,ARGENTINA,ARG,INS-000166,Ente privado,Exportação de bens,Supplier,,,USD,Pessoal,LIQUIDADA,FNT-000012
BND-001022,1475003,"Pós-embarque, bens",2007-12-27,ESTADOS UNIDOS,USA,INS-000139,Ente privado,Exportação de bens,Buyer,,,USD,Seguro de crédito/FGE / Real,ATIVA,FNT-000012
BND-001023,1475003,"Pós-embarque, bens",2007-12-27,ESTADOS UNIDOS,USA,INS-000139,Ente privado,Exportação de bens,Buyer,,,USD,Seguro de crédito/FGE / Real,LIQUIDADA,FNT-000012
BND-001024,1652374,"Pós-embarque, bens",2008-01-22,MEXICO,MEX,INS-000130,Ente privado,Exportação de bens,Supplier,,,USD,Seguro de crédito/FGE / Pessoal,LIQUIDADA,FNT-000012
BND-001025,1533286,"Pós-embarque, bens",2008-01-23,ANGOLA,AGO,INS-000186,Ente público,Exportação de bens,Supplier,,,USD,Seguro de crédito/FGE,LIQUIDADA,FNT-000012
BND-001026,1477329,"Pós-embarque, bens",2008-01-25,ARGENTINA,ARG,INS-000166,Ente privado,Exportação de bens,Supplier,,,USD,Pessoal,LIQUIDADA,FNT-000012
BND-001027,1477329,"Pós-embarque, bens",2008-01-25,ARGENTINA,ARG,INS-000166,Ente privado,Exportação de bens,Supplier,,,USD,Pessoal,LIQUIDADA,FNT-000012
BND-001028,1713518,"Pós-embarque, bens",2008-01-28,GUINE EQUATORIAL,GNQ,INS-000111,Ente privado,Exportação de bens,Supplier,,,USD,Pessoal,LIQUIDADA,FNT-000012
BND-001029,1710200,"Pós-embarque, bens",2008-01-29,PERU,PER,INS-000159,Ente privado,Exportação de bens,Supplier,,,USD,Seguro de crédito / Pessoal,LIQUIDADA,FNT-000012
BND-001030,1712455,"Pós-embarque, bens",2008-01-30,GUINE EQUATORIAL,GNQ,INS-000111,Ente privado,Exportação de bens,Supplier,,,USD,Pessoal,LIQUIDADA,FNT-000012
BND-001031,1734991,"Pós-embarque, bens",2008-02-27,ARGENTINA,ARG,INS-000166,Ente privado,Exportação de bens,Supplier,,,USD,Pessoal,LIQUIDADA,FNT-000012
BND-001032,1734991,"Pós-embarque, bens",2008-03-12,ARGENTINA,ARG,INS-000166,Ente privado,Exportação de bens,Supplier,,,USD,Pessoal,LIQUIDADA,FNT-000012
BND-001033,1634398,"Pós-embarque, bens",2008-03-26,VENEZUELA,VEN,INS-000108,Ente privado,Exportação de bens,Supplier,,,USD,Pessoal,LIQUIDADA,FNT-000012
BND-001034,1714148,"Pós-embarque, bens",2008-03-26,ARGENTINA,ARG,INS-000159,Ente privado,Exportação de bens,Supplier,,,USD,Seguro de crédito / Pessoal,LIQUIDADA,FNT-000012
BND-001035,1519468,"Pós-embarque, bens",2008-03-27,ANGOLA,AGO,INS-000187,Ente público,Exportação de bens,Supplier,,,USD,Seguro de crédito/FGE,LIQUIDADA,FNT-000012
BND-001036,1477329,"Pós-embarque, bens",2008-03-27,ARGENTINA,ARG,INS-000166,Ente privado,Exportação de bens,Supplier,,,USD,Pessoal,LIQUIDADA,FNT-000012
BND-001037,1734991,"Pós-embarque, bens",2008-03-28,ARGENTINA,ARG,INS-000166,Ente privado,Exportação de bens,Supplier,,,USD,Pessoal,LIQUIDADA,FNT-000012
BND-001038,1734991,"Pós-embarque, bens",2008-04-08,ARGENTINA,ARG,INS-000166,Ente privado,Exportação de bens,Supplier,,,USD,Pessoal,LIQUIDADA,FNT-000012
BND-001039,1734991,"Pós-embarque, bens",2008-04-08,ARGENTINA,ARG,INS-000166,Ente privado,Exportação de bens,Supplier,,,USD,Pessoal,LIQUIDADA,FNT-000012
BND-001040,1734991,"Pós-embarque, bens",2008-04-09,ARGENTINA,ARG,INS-000166,Ente privado,Exportação de bens,Supplier,,,USD,Pessoal,LIQUIDADA,FNT-000012
BND-001041,1713518,"Pós-embarque, bens",2008-04-28,GUINE EQUATORIAL,GNQ,INS-000111,Ente privado,Exportação de bens,Supplier,,,USD,Pessoal,LIQUIDADA,FNT-000012
BND-001042,1804341,"Pós-embarque, bens",2008-04-28,ARGENTINA,ARG,INS-000183,Ente privado,Exportação de bens,Supplier,,,USD,Pessoal,LIQUIDADA,FNT-000012
BND-001043,1734991,"Pós-embarque, bens",2008-04-29,ARGENTINA,ARG,INS-000166,Ente privado,Exportação de bens,Supplier,,,USD,Pessoal,LIQUIDADA,FNT-000012
BND-001044,1744553,"Pós-embarque, bens",2008-05-12,MEXICO,MEX,INS-000181,Ente privado,Exportação de bens,Supplier,,,USD,Seguro de crédito / Pessoal,LIQUIDADA,FNT-000012
BND-001045,1734991,"Pós-embarque, bens",2008-05-15,ARGENTINA,ARG,INS-000166,Ente privado,Exportação de bens,Supplier,,,USD,Pessoal,LIQUIDADA,FNT-000012
BND-001046,1811431,"Pós-embarque, bens",2008-05-19,GUINE EQUATORIAL,GNQ,INS-000111,Ente privado,Exportação de bens,Supplier,,,USD,Pessoal,LIQUIDADA,FNT-000012
BND-001047,1714147,"Pós-embarque, bens",2008-05-23,ARGENTINA,ARG,INS-000159,Ente privado,Exportação de bens,Supplier,,,USD,Seguro de crédito / Pessoal,LIQUIDADA,FNT-000012
BND-001048,1713518,"Pós-embarque, bens",2008-05-29,GUINE EQUATORIAL,GNQ,INS-000111,Ente privado,Exportação de bens,Supplier,,,USD,Pessoal,LIQUIDADA,FNT-000012
BND-001049,1734991,"Pós-embarque, bens",2008-06-10,ARGENTINA,ARG,INS-000166,Ente privado,Exportação de bens,Supplier,,,USD,Pessoal,LIQUIDADA,FNT-000012
BND-001050,1734991,"Pós-embarque, bens",2008-06-19,ARGENTINA,ARG,INS-000166,Ente privado,Exportação de bens,Supplier,,,USD,Pessoal,LIQUIDADA,FNT-000012
BND-001051,1811431,"Pós-embarque, bens",2008-06-27,GUINE EQUATORIAL,GNQ,INS-000111,Ente privado,Exportação de bens,Supplier,,,USD,Pessoal,LIQUIDADA,FNT-000012
BND-001052,1787959,"Pós-embarque, bens",2008-07-24,ARGENTINA,ARG,INS-000130,Ente privado,Exportação de bens,Supplier,,,USD,Seguro de crédito / Pessoal,LIQUIDADA,FNT-000012
BND-001053,1734991,"Pós-embarque, bens",2008-07-24,ARGENTINA,ARG,INS-000166,Ente privado,Exportação de bens,Supplier,,,USD,Pessoal,LIQUIDADA,FNT-000012
BND-001054,1734991,"Pós-embarque, bens",2008-07-24,ARGENTINA,ARG,INS-000166,Ente privado,Exportação de bens,Supplier,,,USD,Pessoal,LIQUIDADA,FNT-000012
BND-001055,1713518,"Pós-embarque, bens",2008-07-25,GUINE EQUATORIAL,GNQ,INS-000111,Ente privado,Exportação de bens,Supplier,,,USD,Pessoal,LIQUIDADA,FNT-000012
BND-001056,1734991,"Pós-embarque, bens",2008-07-25,ARGENTINA,ARG,INS-000166,Ente privado,Exportação de bens,Supplier,,,USD,Pessoal,LIQUIDADA,FNT-000012
BND-001057,1734991,"Pós-embarque, bens",2008-07-25,ARGENTINA,ARG,INS-000166,Ente privado,Exportação de bens,Supplier,,,USD,Pessoal,LIQUIDADA,FNT-000012
BND-001058,1734991,"Pós-embarque, bens",2008-08-19,ARGENTINA,ARG,INS-000166,Ente privado,Exportação de bens,Supplier,,,USD,Pessoal,LIQUIDADA,FNT-000012
BND-001059,1734991,"Pós-embarque, bens",2008-08-25,ARGENTINA,ARG,INS-000166,Ente privado,Exportação de bens,Supplier,,,USD,Pessoal,LIQUIDADA,FNT-000012
BND-001060,1734991,"Pós-embarque, bens",2008-08-27,ARGENTINA,ARG,INS-000166,Ente privado,Exportação de bens,Supplier,,,USD,Pessoal,LIQUIDADA,FNT-000012
BND-001061,1734991,"Pós-embarque, bens",2008-08-28,ARGENTINA,ARG,INS-000166,Ente privado,Exportação de bens,Supplier,,,USD,Pessoal,LIQUIDADA,FNT-000012
BND-001062,1734991,"Pós-embarque, bens",2008-08-28,ARGENTINA,ARG,INS-000166,Ente privado,Exportação de bens,Supplier,,,USD,Pessoal,LIQUIDADA,FNT-000012
BND-001063,1734991,"Pós-embarque, bens",2008-09-25,ARGENTINA,ARG,INS-000166,Ente privado,Exportação de bens,Supplier,,,USD,Pessoal,LIQUIDADA,FNT-000012
BND-001064,1769539,"Pós-embarque, bens",2008-09-29,PERU,PER,INS-000159,Ente privado,Exportação de bens,Supplier,,,USD,Seguro de crédito / Pessoal,LIQUIDADA,FNT-000012
BND-001065,1849314,"Pós-embarque, bens",2008-10-20,EQUADOR,ECU,INS-000159,Ente privado,Exportação de bens,Supplier,,,USD,Seguro de crédito / Pessoal,LIQUIDADA,FNT-000012
BND-001066,1519467,"Pós-embarque, bens",2008-10-21,ANGOLA,AGO,INS-000185,Ente público,Exportação de bens,Supplier,,,USD,Seguro de crédito/FGE,LIQUIDADA,FNT-000012
BND-001067,1788007,"Pós-embarque, bens",2008-10-27,EQUADOR,ECU,INS-000130,Ente privado,Exportação de bens,Supplier,,,USD,Seguro de crédito / Pessoal,LIQUIDADA,FNT-000012
BND-001068,1759348,"Pós-embarque, bens",2008-10-30,PERU,PER,INS-000159,Ente privado,Exportação de bens,Supplier,,,USD,Seguro de crédito / Pessoal,LIQUIDADA,FNT-000012
BND-001069,1906334,"Pós-embarque, bens",2008-11-27,ARGENTINA,ARG,INS-000183,Ente privado,Exportação de bens,Supplier,,,USD,Pessoal,LIQUIDADA,FNT-000012
BND-001070,1906335,"Pós-embarque, bens",2008-11-27,ARGENTINA,ARG,INS-000183,Ente privado,Exportação de bens,Supplier,,,USD,Pessoal,LIQUIDADA,FNT-000012
BND-001071,1634398,"Pós-embarque, bens",2008-12-11,VENEZUELA,VEN,INS-000108,Ente privado,Exportação de bens,Supplier,,,USD,Pessoal,LIQUIDADA,FNT-000012
BND-001072,1906334,"Pós-embarque, bens",2008-12-15,ARGENTINA,ARG,INS-000183,Ente privado,Exportação de bens,Supplier,,,USD,Pessoal,LIQUIDADA,FNT-000012
BND-001073,1906335,"Pós-embarque, bens",2008-12-19,ARGENTINA,ARG,INS-000183,Ente privado,Exportação de bens,Supplier,,,USD,Pessoal,LIQUIDADA,FNT-000012
BND-001074,1734991,"Pós-embarque, bens",2008-12-19,ARGENTINA,ARG,INS-000166,Ente privado,Exportação de bens,Supplier,,,USD,Pessoal,LIQUIDADA,FNT-000012
BND-001075,1734991,"Pós-embarque, bens",2008-12-19,ARGENTINA,ARG,INS-000166,Ente privado,Exportação de bens,Supplier,,,USD,Pessoal,LIQUIDADA,FNT-000012
BND-001076,1734991,"Pós-embarque, bens",2008-12-19,ARGENTINA,ARG,INS-000166,Ente privado,Exportação de bens,Supplier,,,USD,Pessoal,LIQUIDADA,FNT-000012
BND-001077,1734991,"Pós-embarque, bens",2008-12-22,ARGENTINA,ARG,INS-000166,Ente privado,Exportação de bens,Supplier,,,USD,Pessoal,LIQUIDADA,FNT-000012
BND-001078,1906334,"Pós-embarque, bens",2008-12-23,ARGENTINA,ARG,INS-000183,Ente privado,Exportação de bens,Supplier,,,USD,Pessoal,LIQUIDADA,FNT-000012
BND-001079,1906335,"Pós-embarque, bens",2008-12-23,ARGENTINA,ARG,INS-000183,Ente privado,Exportação de bens,Supplier,,,USD,Pessoal,LIQUIDADA,FNT-000012
BND-001080,1519468,"Pós-embarque, bens",2008-12-23,ANGOLA,AGO,INS-000187,Ente público,Exportação de bens,Supplier,,,USD,Seguro de crédito/FGE,LIQUIDADA,FNT-000012
BND-001081,1533286,"Pós-embarque, bens",2008-12-23,ANGOLA,AGO,INS-000186,Ente público,Exportação de bens,Supplier,,,USD,Seguro de crédito/FGE,LIQUIDADA,FNT-000012
BND-001082,1533286,"Pós-embarque, bens",2008-12-26,ANGOLA,AGO,INS-000186,Ente público,Exportação de bens,Supplier,,,USD,Seguro de crédito/FGE,LIQUIDADA,FNT-000012
BND-001083,1909588,"Pós-embarque, bens",2009-01-29,ARGENTINA,ARG,INS-000159,Ente privado,Exportação de bens,Supplier,,,USD,Seguro de crédito / Pessoal,LIQUIDADA,FNT-000012
BND-001084,1946842,"Pós-embarque, bens",2009-02-03,CUBA,CUB,INS-000188,Ente público,Exportação de bens,Supplier,,,USD,Seguro de crédito/FGE,ATIVA,FNT-000012
BND-001085,1946842,"Pós-embarque, bens",2009-02-03,CUBA,CUB,INS-000188,Ente público,Exportação de bens,Supplier,,,USD,Seguro de crédito/FGE,LIQUIDADA,FNT-000012
BND-001086,1959438,"Pós-embarque, bens",2009-02-03,CUBA,CUB,INS-000188,Ente público,Exportação de bens,Supplier,,,USD,Seguro de crédito/FGE,ATIVA,FNT-000012
BND-001087,1915086,"Pós-embarque, bens",2009-02-10,CUBA,CUB,INS-000183,Ente público,Exportação de bens,Supplier,,,USD,Seguro de crédito/FGE,LIQUIDADA,FNT-000012
BND-001088,1915084,"Pós-embarque, bens",2009-02-10,CUBA,CUB,INS-000183,Ente público,Exportação de bens,Supplier,,,USD,Seguro de crédito/FGE,LIQUIDADA,FNT-000012
BND-001089,1915086,"Pós-embarque, bens",2009-02-10,CUBA,CUB,INS-000183,Ente público,Exportação de bens,Supplier,,,USD,Seguro de crédito/FGE,LIQUIDADA,FNT-000012
BND-001090,1906334,"Pós-embarque, bens",2009-02-16,ARGENTINA,ARG,INS-000183,Ente privado,Exportação de bens,Supplier,,,USD,Pessoal,LIQUIDADA,FNT-000012
BND-001091,1906335,"Pós-embarque, bens",2009-02-16,ARGENTINA,ARG,INS-000183,Ente privado,Exportação de bens,Supplier,,,USD,Pessoal,LIQUIDADA,FNT-000012
BND-001092,1519468,"Pós-embarque, bens",2009-02-16,ANGOLA,AGO,INS-000187,Ente público,Exportação de bens,Supplier,,,USD,Seguro de crédito/FGE,LIQUIDADA,FNT-000012
BND-001093,1906334,"Pós-embarque, bens",2009-02-18,ARGENTINA,ARG,INS-000183,Ente privado,Exportação de bens,Supplier,,,USD,Pessoal,LIQUIDADA,FNT-000012
BND-001094,1906335,"Pós-embarque, bens",2009-02-20,ARGENTINA,ARG,INS-000183,Ente privado,Exportação de bens,Supplier,,,USD,Pessoal,LIQUIDADA,FNT-000012
BND-001095,1734991,"Pós-embarque, bens",2009-02-20,ARGENTINA,ARG,INS-000166,Ente privado,Exportação de bens,Supplier,,,USD,Pessoal,LIQUIDADA,FNT-000012
BND-001096,1734991,"Pós-embarque, bens",2009-02-20,ARGENTINA,ARG,INS-000166,Ente privado,Exportação de bens,Supplier,,,USD,Pessoal,LIQUIDADA,FNT-000012
BND-001097,1734991,"Pós-embarque, bens",2009-02-20,ARGENTINA,ARG,INS-000166,Ente privado,Exportação de bens,Supplier,,,USD,Pessoal,LIQUIDADA,FNT-000012
BND-001098,1734991,"Pós-embarque, bens",2009-02-20,ARGENTINA,ARG,INS-000166,Ente privado,Exportação de bens,Supplier,,,USD,Pessoal,LIQUIDADA,FNT-000012
BND-001099,1906334,"Pós-embarque, bens",2009-03-16,ARGENTINA,ARG,INS-000183,Ente privado,Exportação de bens,Supplier,,,USD,Pessoal,LIQUIDADA,FNT-000012
BND-001100,1906335,"Pós-embarque, bens",2009-03-16,ARGENTINA,ARG,INS-000183,Ente privado,Exportação de bens,Supplier,,,USD,Pessoal,LIQUIDADA,FNT-000012
BND-001101,1906334,"Pós-embarque, bens",2009-03-20,ARGENTINA,ARG,INS-000183,Ente privado,Exportação de bens,Supplier,,,USD,Pessoal,LIQUIDADA,FNT-000012
BND-001102,1906335,"Pós-embarque, bens",2009-03-20,ARGENTINA,ARG,INS-000183,Ente privado,Exportação de bens,Supplier,,,USD,Pessoal,LIQUIDADA,FNT-000012
BND-001103,1634398,"Pós-embarque, bens",2009-03-27,VENEZUELA,VEN,INS-000108,Ente privado,Exportação de bens,Supplier,,,USD,Pessoal,LIQUIDADA,FNT-000012
BND-001104,1915088,"Pós-embarque, bens",2009-03-31,CUBA,CUB,INS-000189,Ente público,Exportação de bens,Supplier,,,USD,Seguro de crédito/FGE,ATIVA,FNT-000012
BND-001105,1915088,"Pós-embarque, bens",2009-03-31,CUBA,CUB,INS-000189,Ente público,Exportação de bens,Supplier,,,USD,Seguro de crédito/FGE,LIQUIDADA,FNT-000012
BND-001106,1475003,"Pós-embarque, bens",2009-04-13,ESTADOS UNIDOS,USA,INS-000139,Ente privado,Exportação de bens,Buyer,,,USD,Seguro de crédito/FGE / Real,ATIVA,FNT-000012
BND-001107,1475003,"Pós-embarque, bens",2009-04-13,ESTADOS UNIDOS,USA,INS-000139,Ente privado,Exportação de bens,Buyer,,,USD,Seguro de crédito/FGE / Real,LIQUIDADA,FNT-000012
BND-001108,1334067,"Pós-embarque, bens",2009-04-16,CUBA,CUB,INS-000178,Ente público,Exportação de bens,Supplier,,,USD,Seguro de crédito/FGE,LIQUIDADA,FNT-000012
BND-001109,1943368,"Pós-embarque, bens",2009-04-17,ARGENTINA,ARG,INS-000183,Ente privado,Exportação de bens,Supplier,,,USD,Pessoal,LIQUIDADA,FNT-000012
BND-001110,1906335,"Pós-embarque, bens",2009-04-27,ARGENTINA,ARG,INS-000183,Ente privado,Exportação de bens,Supplier,,,USD,Pessoal,LIQUIDADA,FNT-000012
BND-001111,1734991,"Pós-embarque, bens",2009-04-29,ARGENTINA,ARG,INS-000166,Ente privado,Exportação de bens,Supplier,,,USD,Pessoal,LIQUIDADA,FNT-000012
BND-001112,1334067,"Pós-embarque, bens",2009-04-30,CUBA,CUB,INS-000178,Ente público,Exportação de bens,Supplier,,,USD,Seguro de crédito/FGE,LIQUIDADA,FNT-000012
BND-001113,1913960,"Pós-embarque, bens",2009-05-15,ARGENTINA,ARG,INS-000142,Ente público,Exportação de bens,Supplier,,,USD,Seguro de crédito/FGE,LIQUIDADA,FNT-000012
BND-001114,1913960,"Pós-embarque, bens",2009-05-26,ARGENTINA,ARG,INS-000142,Ente público,Exportação de bens,Supplier,,,USD,Seguro de crédito/FGE,LIQUIDADA,FNT-000012
BND-001115,1892512,"Pós-embarque, bens",2009-06-18,EQUADOR,ECU,INS-000159,Ente privado,Exportação de bens,Supplier,,,USD,Seguro de crédito / Pessoal,LIQUIDADA,FNT-000012
BND-001116,1849315,"Pós-embarque, bens",2009-06-18,PERU,PER,INS-000159,Ente privado,Exportação de bens,Supplier,,,USD,Seguro de crédito / Pessoal,LIQUIDADA,FNT-000012
BND-001117,1915087,"Pós-embarque, bens",2009-06-18,CUBA,CUB,INS-000190,Ente público,Exportação de bens,Supplier,,,USD,Seguro de crédito/FGE,LIQUIDADA,FNT-000012
BND-001118,1896477,"Pós-embarque, bens",2009-06-19,PARAGUAI,PRY,INS-000153,Ente privado,Exportação de bens,Supplier,,,USD,Seguro de crédito / Pessoal,LIQUIDADA,FNT-000012
BND-001119,1729836,"Pós-embarque, bens",2009-06-19,URUGUAI,URY,INS-000153,Ente privado,Exportação de bens,Supplier,,,USD,Seguro de crédito / Pessoal,LIQUIDADA,FNT-000012
BND-001120,1734991,"Pós-embarque, bens",2009-07-30,ARGENTINA,ARG,INS-000166,Ente privado,Exportação de bens,Supplier,,,USD,Pessoal,LIQUIDADA,FNT-000012
BND-001121,1906388,"Pós-embarque, bens",2009-08-13,PARAGUAI,PRY,INS-000153,Ente privado,Exportação de bens,Supplier,,,USD,Seguro de crédito / Pessoal,LIQUIDADA,FNT-000012
BND-001122,1864023,"Pós-embarque, bens",2009-08-13,ARGENTINA,ARG,INS-000191,Ente privado,Exportação de bens,Supplier,,,USD,Pessoal,LIQUIDADA,FNT-000012
BND-001123,1734991,"Pós-embarque, bens",2009-08-13,ARGENTINA,ARG,INS-000166,Ente privado,Exportação de bens,Supplier,,,USD,Pessoal,LIQUIDADA,FNT-000012
BND-001124,1929749,"Pós-embarque, bens",2009-08-28,EQUADOR,ECU,INS-000159,Ente privado,Exportação de bens,Supplier,,,USD,Seguro de crédito / Pessoal,LIQUIDADA,FNT-000012
BND-001125,1961816,"Pós-embarque, bens",2009-08-31,ARGENTINA,ARG,INS-000166,Ente privado,Exportação de bens,Supplier,,,USD,Pessoal,LIQUIDADA,FNT-000012
BND-001126,1972983,"Pós-embarque, bens",2009-09-04,CUBA,CUB,INS-000192,Ente público,Exportação de bens,Supplier,,,USD,Seguro de crédito/FGE,ATIVA,FNT-000012
BND-001127,1972983,"Pós-embarque, bens",2009-09-04,CUBA,CUB,INS-000192,Ente público,Exportação de bens,Supplier,,,USD,Seguro de crédito/FGE,LIQUIDADA,FNT-000012
BND-001128,1956830,"Pós-embarque, bens",2009-09-11,CUBA,CUB,INS-000193,Ente público,Exportação de bens,Supplier,,,USD,Seguro de crédito/FGE,LIQUIDADA,FNT-000012
BND-001129,1943368,"Pós-embarque, bens",2009-09-22,ARGENTINA,ARG,INS-000183,Ente privado,Exportação de bens,Supplier,,,USD,Pessoal,LIQUIDADA,FNT-000012
BND-001130,1943368,"Pós-embarque, bens",2009-09-24,ARGENTINA,ARG,INS-000183,Ente privado,Exportação de bens,Supplier,,,USD,Pessoal,LIQUIDADA,FNT-000012
BND-001131,1929065,"Pós-embarque, bens",2009-10-13,CUBA,CUB,INS-000194,Ente público,Exportação de bens,Supplier,,,USD,Seguro de crédito/FGE,LIQUIDADA,FNT-000012
BND-001132,1961816,"Pós-embarque, bens",2009-11-17,MEXICO,MEX,INS-000166,Ente privado,Exportação de bens,Supplier,,,USD,Pessoal,LIQUIDADA,FNT-000012
BND-001133,1943368,"Pós-embarque, bens",2009-11-27,ARGENTINA,ARG,INS-000183,Ente privado,Exportação de bens,Supplier,,,USD,Pessoal,LIQUIDADA,FNT-000012
BND-001134,1961816,"Pós-embarque, bens",2009-11-27,ARGENTINA,ARG,INS-000166,Ente privado,Exportação de bens,Supplier,,,USD,Pessoal,LIQUIDADA,FNT-000012
BND-001135,1996113,"Pós-embarque, bens",2009-12-09,PERU,PER,INS-000130,Ente privado,Exportação de bens,Supplier,,,USD,Seguro de crédito / Pessoal,LIQUIDADA,FNT-000012
BND-001136,2068509,"Pós-embarque, bens",2009-12-10,ESTADOS UNIDOS,USA,INS-000139,Ente privado,Exportação de bens,Buyer,,,USD,Seguro de crédito/FGE / Real / Pessoal,LIQUIDADA,FNT-000012
BND-001137,2116757,"Pós-embarque, bens",2009-12-17,PERU,PER,INS-000142,Ente privado,Exportação de bens,Buyer,,,USD,Seguro de crédito/FGE / Pessoal,LIQUIDADA,FNT-000012
BND-001138,2116757,"Pós-embarque, bens",2009-12-17,PERU,PER,INS-000142,Ente privado,Exportação de bens,Buyer,,,USD,Seguro de crédito/FGE / Pessoal,LIQUIDADA,FNT-000012
BND-001139,1943368,"Pós-embarque, bens",2009-12-18,ARGENTINA,ARG,INS-000183,Ente privado,Exportação de bens,Supplier,,,USD,Pessoal,LIQUIDADA,FNT-000012
BND-001140,1961816,"Pós-embarque, bens",2009-12-22,ARGENTINA,ARG,INS-000166,Ente privado,Exportação de bens,Supplier,,,USD,Pessoal,LIQUIDADA,FNT-000012
BND-001141,2067631,"Pós-embarque, bens",2010-01-26,ARGENTINA,ARG,INS-000159,Ente privado,Exportação de bens,Supplier,,,USD,Seguro de crédito / Pessoal,LIQUIDADA,FNT-000012
BND-001142,1943368,"Pós-embarque, bens",2010-02-09,ARGENTINA,ARG,INS-000183,Ente privado,Exportação de bens,Supplier,,,USD,Pessoal,LIQUIDADA,FNT-000012
BND-001143,2302401,"Pós-embarque, bens",2010-02-25,GUINE EQUATORIAL,GNQ,INS-000111,Ente privado,Exportação de bens,Supplier,,,USD,Pessoal,LIQUIDADA,FNT-000012
BND-001144,1943368,"Pós-embarque, bens",2010-02-26,ARGENTINA,ARG,INS-000183,Ente privado,Exportação de bens,Supplier,,,USD,Pessoal,LIQUIDADA,FNT-000012
BND-001145,1915064,"Pós-embarque, bens",2010-03-17,ESPANHA,ESP,INS-000139,Ente privado,Exportação de bens,Buyer,,,USD,Seguro de crédito/FGE / Real / Pessoal,LIQUIDADA,FNT-000012
BND-001146,2272455/0001,"Pós-embarque, bens",2010-03-30,ARGENTINA,ARG,INS-000195,Ente privado,Exportação de bens,Supplier,,,USD,Pessoal,LIQUIDADA,FNT-000012
BND-001147,2272455/0002,"Pós-embarque, bens",2010-03-30,ARGENTINA,ARG,INS-000195,Ente privado,Exportação de bens,Supplier,,,USD,Pessoal,LIQUIDADA,FNT-000012
BND-001148,2272455/0003,"Pós-embarque, bens",2010-03-30,ARGENTINA,ARG,INS-000195,Ente privado,Exportação de bens,Supplier,,,USD,Pessoal,LIQUIDADA,FNT-000012
BND-001149,2272455/0004,"Pós-embarque, bens",2010-03-30,ARGENTINA,ARG,INS-000195,Ente privado,Exportação de bens,Supplier,,,USD,Pessoal,LIQUIDADA,FNT-000012
BND-001150,2272455/0005,"Pós-embarque, bens",2010-04-29,ARGENTINA,ARG,INS-000195,Ente privado,Exportação de bens,Supplier,,,USD,Pessoal,LIQUIDADA,FNT-000012
BND-001151,2272455/0006,"Pós-embarque, bens",2010-04-29,ARGENTINA,ARG,INS-000195,Ente privado,Exportação de bens,Supplier,,,USD,Pessoal,LIQUIDADA,FNT-000012
BND-001152,2272455/0007,"Pós-embarque, bens",2010-04-29,ARGENTINA,ARG,INS-000195,Ente privado,Exportação de bens,Supplier,,,USD,Pessoal,LIQUIDADA,FNT-000012
BND-001153,2305577,"Pós-embarque, bens",2010-05-07,CHILE,CHL,INS-000161,Ente privado,Exportação de bens,Supplier,,,USD,Seguro de crédito/FGE / Pessoal,LIQUIDADA,FNT-000012
BND-001154,2272455/0008,"Pós-embarque, bens",2010-05-11,ARGENTINA,ARG,INS-000195,Ente privado,Exportação de bens,Supplier,,,USD,Pessoal,LIQUIDADA,FNT-000012
BND-001155,2272455/0009,"Pós-embarque, bens",2010-05-11,ARGENTINA,ARG,INS-000195,Ente privado,Exportação de bens,Supplier,,,USD,Pessoal,LIQUIDADA,FNT-000012
BND-001156,2272455/0010,"Pós-embarque, bens",2010-05-11,ARGENTINA,ARG,INS-000195,Ente privado,Exportação de bens,Supplier,,,USD,Pessoal,LIQUIDADA,FNT-000012
BND-001157,2068407,"Pós-embarque, bens",2010-05-13,ARGENTINA,ARG,INS-000139,Ente público,Exportação de bens,Buyer,,,USD,Seguro de crédito/FGE,LIQUIDADA,FNT-000012
BND-001158,2312941,"Pós-embarque, bens",2010-06-11,ARGENTINA,ARG,INS-000166,Ente privado,Exportação de bens,Supplier,,,USD,Pessoal,LIQUIDADA,FNT-000012
BND-001159,2312941,"Pós-embarque, bens",2010-06-14,ARGENTINA,ARG,INS-000166,Ente privado,Exportação de bens,Supplier,,,USD,Pessoal,LIQUIDADA,FNT-000012
BND-001160,2264791,"Pós-embarque, bens",2010-06-14,PERU,PER,INS-000151,Ente privado,Exportação de bens,Supplier,,,USD,Seguro de crédito/FGE / Pessoal,LIQUIDADA,FNT-000012
BND-001161,1943368,"Pós-embarque, bens",2010-06-17,ARGENTINA,ARG,INS-000183,Ente privado,Exportação de bens,Supplier,,,USD,Pessoal,LIQUIDADA,FNT-000012
BND-001162,2264791,"Pós-embarque, bens",2010-06-17,PERU,PER,INS-000151,Ente privado,Exportação de bens,Supplier,,,USD,Seguro de crédito/FGE / Pessoal,LIQUIDADA,FNT-000012
BND-001163,2492377,"Pós-embarque, bens",2010-06-23,ESPANHA,ESP,INS-000139,Ente privado,Exportação de bens,Buyer,,,USD,Seguro de crédito/FGE / Real / Pessoal,ATIVA,FNT-000012
BND-001164,2492377,"Pós-embarque, bens",2010-06-23,ESPANHA,ESP,INS-000139,Ente privado,Exportação de bens,Buyer,,,USD,Seguro de crédito/FGE / Real / Pessoal,LIQUIDADA,FNT-000012
BND-001165,2515440,"Pós-embarque, bens",2010-06-24,ESTADOS UNIDOS,USA,INS-000139,Ente privado,Exportação de bens,Buyer,,,USD,Seguro de crédito/FGE / Real,LIQUIDADA,FNT-000012
BND-001166,1943368,"Pós-embarque, bens",2010-06-28,ARGENTINA,ARG,INS-000183,Ente privado,Exportação de bens,Supplier,,,USD,Pessoal,LIQUIDADA,FNT-000012
BND-001167,2312941,"Pós-embarque, bens",2010-07-15,ARGENTINA,ARG,INS-000166,Ente privado,Exportação de bens,Supplier,,,USD,Pessoal,LIQUIDADA,FNT-000012
BND-001168,1943368,"Pós-embarque, bens",2010-07-23,ARGENTINA,ARG,INS-000183,Ente privado,Exportação de bens,Supplier,,,USD,Pessoal,LIQUIDADA,FNT-000012
BND-001169,2312941,"Pós-embarque, bens",2010-07-26,ARGENTINA,ARG,INS-000166,Ente privado,Exportação de bens,Supplier,,,USD,Pessoal,LIQUIDADA,FNT-000012
BND-001170,1943368,"Pós-embarque, bens",2010-07-27,ARGENTINA,ARG,INS-000183,Ente privado,Exportação de bens,Supplier,,,USD,Pessoal,LIQUIDADA,FNT-000012
BND-001171,2425371,"Pós-embarque, bens",2010-08-23,ARGENTINA,ARG,INS-000183,Ente privado,Exportação de bens,Supplier,,,USD,Pessoal,LIQUIDADA,FNT-000012
BND-001172,2425371,"Pós-embarque, bens",2010-08-25,ARGENTINA,ARG,INS-000183,Ente privado,Exportação de bens,Supplier,,,USD,Pessoal,LIQUIDADA,FNT-000012
BND-001173,2312941,"Pós-embarque, bens",2010-08-27,ARGENTINA,ARG,INS-000166,Ente privado,Exportação de bens,Supplier,,,USD,Pessoal,LIQUIDADA,FNT-000012
BND-001174,2425371,"Pós-embarque, bens",2010-08-30,ARGENTINA,ARG,INS-000183,Ente privado,Exportação de bens,Supplier,,,USD,Pessoal,LIQUIDADA,FNT-000012
BND-001175,2457049,"Pós-embarque, bens",2010-09-08,CUBA,CUB,INS-000196,Ente público,Exportação de bens,Supplier,,,USD,Seguro de crédito/FGE,ATIVA,FNT-000012
BND-001176,2457049,"Pós-embarque, bens",2010-09-08,CUBA,CUB,INS-000196,Ente público,Exportação de bens,Supplier,,,USD,Seguro de crédito/FGE,LIQUIDADA,FNT-000012
BND-001177,2457063,"Pós-embarque, bens",2010-09-08,CUBA,CUB,INS-000196,Ente público,Exportação de bens,Supplier,,,USD,Seguro de crédito/FGE,ATIVA,FNT-000012
BND-001178,2457063,"Pós-embarque, bens",2010-09-08,CUBA,CUB,INS-000196,Ente público,Exportação de bens,Supplier,,,USD,Seguro de crédito/FGE,LIQUIDADA,FNT-000012
BND-001179,1943368,"Pós-embarque, bens",2010-09-16,ARGENTINA,ARG,INS-000183,Ente privado,Exportação de bens,Supplier,,,USD,Pessoal,LIQUIDADA,FNT-000012
BND-001180,2312941,"Pós-embarque, bens",2010-09-16,ARGENTINA,ARG,INS-000166,Ente privado,Exportação de bens,Supplier,,,USD,Pessoal,LIQUIDADA,FNT-000012
BND-001181,2312941,"Pós-embarque, bens",2010-09-20,ARGENTINA,ARG,INS-000166,Ente privado,Exportação de bens,Supplier,,,USD,Pessoal,LIQUIDADA,FNT-000012
BND-001182,2425371,"Pós-embarque, bens",2010-09-29,ARGENTINA,ARG,INS-000183,Ente privado,Exportação de bens,Supplier,,,USD,Pessoal,LIQUIDADA,FNT-000012
BND-001183,1943368,"Pós-embarque, bens",2010-10-08,ARGENTINA,ARG,INS-000183,Ente privado,Exportação de bens,Supplier,,,USD,Pessoal,LIQUIDADA,FNT-000012
BND-001184,2425371,"Pós-embarque, bens",2010-10-14,ARGENTINA,ARG,INS-000183,Ente privado,Exportação de bens,Supplier,,,USD,Pessoal,LIQUIDADA,FNT-000012
BND-001185,1943368,"Pós-embarque, bens",2010-10-28,ARGENTINA,ARG,INS-000183,Ente privado,Exportação de bens,Supplier,,,USD,Pessoal,LIQUIDADA,FNT-000012
BND-001186,2229019,"Pós-embarque, bens",2010-10-28,ARGENTINA,ARG,INS-000197,Ente privado,Exportação de bens,Supplier,,,USD,Pessoal,LIQUIDADA,FNT-000012
BND-001187,2312941,"Pós-embarque, bens",2010-10-28,ARGENTINA,ARG,INS-000166,Ente privado,Exportação de bens,Supplier,,,USD,Pessoal,LIQUIDADA,FNT-000012
BND-001188,1989584,"Pós-embarque, bens",2010-11-04,CUBA,CUB,INS-000198,Ente público,Exportação de bens,Supplier,,,USD,Seguro de crédito/FGE,LIQUIDADA,FNT-000012
BND-001189,1943368,"Pós-embarque, bens",2010-11-22,ARGENTINA,ARG,INS-000183,Ente privado,Exportação de bens,Supplier,,,USD,Pessoal,LIQUIDADA,FNT-000012
BND-001190,2312941,"Pós-embarque, bens",2010-11-22,ARGENTINA,ARG,INS-000166,Ente privado,Exportação de bens,Supplier,,,USD,Pessoal,LIQUIDADA,FNT-000012
BND-001191,2819759,"Pós-embarque, bens",2010-11-26,ARGENTINA,ARG,INS-000183,Ente privado,Exportação de bens,Supplier,,,USD,Pessoal,LIQUIDADA,FNT-000012
BND-001192,2312941,"Pós-embarque, bens",2010-11-26,ARGENTINA,ARG,INS-000166,Ente privado,Exportação de bens,Supplier,,,USD,Pessoal,LIQUIDADA,FNT-000012
BND-001193,2425371,"Pós-embarque, bens",2010-12-09,ARGENTINA,ARG,INS-000183,Ente privado,Exportação de bens,Supplier,,,USD,Pessoal,LIQUIDADA,FNT-000012
BND-001194,1985654,"Pós-embarque, bens",2010-12-14,CUBA,CUB,INS-000199,Ente público,Exportação de bens,Supplier,,,USD,Seguro de crédito/FGE,ATIVA,FNT-000012
BND-001195,1985654,"Pós-embarque, bens",2010-12-14,CUBA,CUB,INS-000199,Ente público,Exportação de bens,Supplier,,,USD,Seguro de crédito/FGE,LIQUIDADA,FNT-000012
BND-001196,2819759,"Pós-embarque, bens",2010-12-16,ARGENTINA,ARG,INS-000183,Ente privado,Exportação de bens,Supplier,,,USD,Pessoal,LIQUIDADA,FNT-000012
BND-001197,2819759,"Pós-embarque, bens",2011-01-11,ARGENTINA,ARG,INS-000183,Ente privado,Exportação de bens,Supplier,,,USD,Pessoal,LIQUIDADA,FNT-000012
BND-001198,2441845,"Pós-embarque, bens",2011-01-17,PERU,PER,INS-000130,Ente privado,Exportação de bens,Supplier,,,USD,Seguro de crédito/FGE / Pessoal,LIQUIDADA,FNT-000012
BND-001199,2441848,"Pós-embarque, bens",2011-01-17,PERU,PER,INS-000130,Ente privado,Exportação de bens,Supplier,,,USD,Seguro de crédito/FGE / Pessoal,LIQUIDADA,FNT-000012
BND-001200,2312941,"Pós-embarque, bens",2011-01-18,ARGENTINA,ARG,INS-000166,Ente privado,Exportação de bens,Supplier,,,USD,Pessoal,LIQUIDADA,FNT-000012
BND-001201,2819759,"Pós-embarque, bens",2011-01-21,ARGENTINA,ARG,INS-000183,Ente privado,Exportação de bens,Supplier,,,USD,Pessoal,LIQUIDADA,FNT-000012
BND-001202,1943368,"Pós-embarque, bens",2011-01-26,ARGENTINA,ARG,INS-000183,Ente privado,Exportação de bens,Supplier,,,USD,Pessoal,LIQUIDADA,FNT-000012
BND-001203,2760788,"Pós-embarque, bens",2011-02-18,MEXICO,MEX,INS-000139,Ente privado,Exportação de bens,Buyer,,,USD,Seguro de crédito/FGE / Real,LIQUIDADA,FNT-000012
BND-001204,2441846,"Pós-embarque, bens",2011-02-21,PERU,PER,INS-000130,Ente privado,Exportação de bens,Supplier,,,USD,Seguro de crédito/FGE / Pessoal,LIQUIDADA,FNT-000012
BND-001205,2312941,"Pós-embarque, bens",2011-02-22,ARGENTINA,ARG,INS-000166,Ente privado,Exportação de bens,Supplier,,,USD,Pessoal,LIQUIDADA,FNT-000012
BND-001206,2312941,"Pós-embarque, bens",2011-02-23,ARGENTINA,ARG,INS-000166,Ente privado,Exportação de bens,Supplier,,,USD,Pessoal,LIQUIDADA,FNT-000012
BND-001207,2312941,"Pós-embarque, bens",2011-02-25,ARGENTINA,ARG,INS-000166,Ente privado,Exportação de bens,Supplier,,,USD,Pessoal,LIQUIDADA,FNT-000012
BND-001208,2488697,"Pós-embarque, bens",2011-03-14,CUBA,CUB,INS-000200,Ente público,Exportação de bens,Supplier,,,USD,Seguro de crédito/FGE,ATIVA,FNT-000012
BND-001209,2488697,"Pós-embarque, bens",2011-03-14,CUBA,CUB,INS-000200,Ente público,Exportação de bens,Supplier,,,USD,Seguro de crédito/FGE,LIQUIDADA,FNT-000012
BND-001210,2457065,"Pós-embarque, bens",2011-03-21,CUBA,CUB,INS-000188,Ente público,Exportação de bens,Supplier,,,USD,Seguro de crédito/FGE,ATIVA,FNT-000012
BND-001211,2819759,"Pós-embarque, bens",2011-03-22,ARGENTINA,ARG,INS-000183,Ente privado,Exportação de bens,Supplier,,,USD,Pessoal,LIQUIDADA,FNT-000012
BND-001212,2819759,"Pós-embarque, bens",2011-03-23,ARGENTINA,ARG,INS-000183,Ente privado,Exportação de bens,Supplier,,,USD,Pessoal,LIQUIDADA,FNT-000012
BND-001213,2497997,"Pós-embarque, bens",2011-03-28,CHILE,CHL,INS-000161,Ente privado,Exportação de bens,Supplier,,,USD,Pessoal,LIQUIDADA,FNT-000012
BND-001214,2819759,"Pós-embarque, bens",2011-04-12,ARGENTINA,ARG,INS-000183,Ente privado,Exportação de bens,Supplier,,,USD,Pessoal,LIQUIDADA,FNT-000012
BND-001215,2719137,"Pós-embarque, bens",2011-04-18,CUBA,CUB,INS-000196,Ente público,Exportação de bens,Supplier,,,USD,Seguro de crédito/FGE,ATIVA,FNT-000012
BND-001216,2719137,"Pós-embarque, bens",2011-04-18,CUBA,CUB,INS-000196,Ente público,Exportação de bens,Supplier,,,USD,Seguro de crédito/FGE,LIQUIDADA,FNT-000012
BND-001217,2718925,"Pós-embarque, bens",2011-04-18,CUBA,CUB,INS-000201,Ente público,Exportação de bens,Supplier,,,USD,Seguro de crédito/FGE,ATIVA,FNT-000012
BND-001218,2718925,"Pós-embarque, bens",2011-04-18,CUBA,CUB,INS-000201,Ente público,Exportação de bens,Supplier,,,USD,Seguro de crédito/FGE,LIQUIDADA,FNT-000012
BND-001219,2646325/0001,"Pós-embarque, bens",2011-05-23,ARGENTINA,ARG,INS-000202,Ente privado,Exportação de bens,Supplier,,,USD,Pessoal,LIQUIDADA,FNT-000012
BND-001220,2830602/0001,"Pós-embarque, bens",2011-05-25,PARAGUAI,PRY,INS-000158,Ente privado,Exportação de bens,Supplier,,,USD,Pessoal,LIQUIDADA,FNT-000012
BND-001221,2357820,"Pós-embarque, bens",2011-05-27,CUBA,CUB,INS-000203,Ente público,Exportação de bens,Supplier,,,USD,Seguro de crédito/FGE,ATIVA,FNT-000012
BND-001222,2357820,"Pós-embarque, bens",2011-05-27,CUBA,CUB,INS-000203,Ente público,Exportação de bens,Supplier,,,USD,Seguro de crédito/FGE,LIQUIDADA,FNT-000012
BND-001223,2819759,"Pós-embarque, bens",2011-06-13,ARGENTINA,ARG,INS-000183,Ente privado,Exportação de bens,Supplier,,,USD,Pessoal,LIQUIDADA,FNT-000012
BND-001224,2819759,"Pós-embarque, bens",2011-06-16,ARGENTINA,ARG,INS-000183,Ente privado,Exportação de bens,Supplier,,,USD,Pessoal,LIQUIDADA,FNT-000012
BND-001225,2936027/0001,"Pós-embarque, bens",2011-06-22,URUGUAI,URY,INS-000151,Ente privado,Exportação de bens,Supplier,,,USD,Pessoal,LIQUIDADA,FNT-000012
BND-001226,2950528,"Pós-embarque, bens",2011-06-28,DIVERSOS,,INS-000166,Ente privado,Exportação de bens,Supplier,,,USD,Pessoal,LIQUIDADA,FNT-000012
BND-001227,2877372/0001,"Pós-embarque, bens",2011-06-29,PARAGUAI,PRY,INS-000158,Ente privado,Exportação de bens,Supplier,,,USD,Pessoal,LIQUIDADA,FNT-000012
BND-001228,2877372/0002,"Pós-embarque, bens",2011-06-29,PARAGUAI,PRY,INS-000158,Ente privado,Exportação de bens,Supplier,,,USD,Pessoal,LIQUIDADA,FNT-000012
BND-001229,2591194,"Pós-embarque, bens",2011-07-01,CUBA,CUB,INS-000204,Ente público,Exportação de bens,Supplier,,,USD,Seguro de crédito/FGE,LIQUIDADA,FNT-000012
BND-001230,3136803,"Pós-embarque, bens",2011-07-05,ESTADOS UNIDOS,USA,INS-000139,Ente privado,Exportação de bens,Buyer,,,USD,Seguro de crédito/FGE / Real / Pessoal,LIQUIDADA,FNT-000012
BND-001231,2819759,"Pós-embarque, bens",2011-07-07,ARGENTINA,ARG,INS-000183,Ente privado,Exportação de bens,Supplier,,,USD,Pessoal,LIQUIDADA,FNT-000012
BND-001232,2819759,"Pós-embarque, bens",2011-07-08,ARGENTINA,ARG,INS-000183,Ente privado,Exportação de bens,Supplier,,,USD,Pessoal,LIQUIDADA,FNT-000012
BND-001233,2312941,"Pós-embarque, bens",2011-07-13,ARGENTINA,ARG,INS-000166,Ente privado,Exportação de bens,Supplier,,,USD,Pessoal,LIQUIDADA,FNT-000012
BND-001234,2950528,"Pós-embarque, bens",2011-07-14,DIVERSOS,,INS-000166,Ente privado,Exportação de bens,Supplier,,,USD,Pessoal,LIQUIDADA,FNT-000012
BND-001235,2950528,"Pós-embarque, bens",2011-07-15,DIVERSOS,,INS-000166,Ente privado,Exportação de bens,Supplier,,,USD,Pessoal,LIQUIDADA,FNT-000012
BND-001236,2819759,"Pós-embarque, bens",2011-07-18,ARGENTINA,ARG,INS-000183,Ente privado,Exportação de bens,Supplier,,,USD,Pessoal,LIQUIDADA,FNT-000012
BND-001237,2877372/0003,"Pós-embarque, bens",2011-07-22,PARAGUAI,PRY,INS-000158,Ente privado,Exportação de bens,Supplier,,,USD,Pessoal,LIQUIDADA,FNT-000012
BND-001238,2877372/0004,"Pós-embarque, bens",2011-07-22,PARAGUAI,PRY,INS-000158,Ente privado,Exportação de bens,Supplier,,,USD,Pessoal,LIQUIDADA,FNT-000012
BND-001239,2819759,"Pós-embarque, bens",2011-07-25,ARGENTINA,ARG,INS-000183,Ente privado,Exportação de bens,Supplier,,,USD,Pessoal,LIQUIDADA,FNT-000012
BND-001240,2969725/0001,"Pós-embarque, bens",2011-07-26,ARGENTINA,ARG,INS-000200,Ente privado,Exportação de bens,Supplier,,,USD,Pessoal,LIQUIDADA,FNT-000012
BND-001241,2950528,"Pós-embarque, bens",2011-08-11,DIVERSOS,,INS-000166,Ente privado,Exportação de bens,Supplier,,,USD,Pessoal,LIQUIDADA,FNT-000012
BND-001242,2943022/0001,"Pós-embarque, bens",2011-08-29,ARGENTINA,ARG,INS-000197,Ente privado,Exportação de bens,Supplier,,,USD,Pessoal,LIQUIDADA,FNT-000012
BND-001243,2943022/0002,"Pós-embarque, bens",2011-08-29,ARGENTINA,ARG,INS-000197,Ente privado,Exportação de bens,Supplier,,,USD,Pessoal,LIQUIDADA,FNT-000012
BND-001244,2819759,"Pós-embarque, bens",2011-08-30,ARGENTINA,ARG,INS-000183,Ente privado,Exportação de bens,Supplier,,,USD,Pessoal,LIQUIDADA,FNT-000012
BND-001245,2540823,"Pós-embarque, bens",2011-09-01,CUBA,CUB,INS-000183,Ente público,Exportação de bens,Supplier,,,USD,Seguro de crédito/FGE,ATIVA,FNT-000012
BND-001246,2540823,"Pós-embarque, bens",2011-09-01,CUBA,CUB,INS-000183,Ente público,Exportação de bens,Supplier,,,USD,Seguro de crédito/FGE,LIQUIDADA,FNT-000012
BND-001247,2631961,"Pós-embarque, bens",2011-09-01,CUBA,CUB,INS-000183,Ente público,Exportação de bens,Supplier,,,USD,Seguro de crédito/FGE,ATIVA,FNT-000012
BND-001248,2929641,"Pós-embarque, bens",2011-09-01,CUBA,CUB,INS-000183,Ente público,Exportação de bens,Supplier,,,USD,Seguro de crédito/FGE,ATIVA,FNT-000012
BND-001249,2929641,"Pós-embarque, bens",2011-09-01,CUBA,CUB,INS-000183,Ente público,Exportação de bens,Supplier,,,USD,Seguro de crédito/FGE,LIQUIDADA,FNT-000012
BND-001250,3054967,"Pós-embarque, bens",2011-09-15,ARGENTINA,ARG,INS-000205,Ente privado,Exportação de bens,Supplier,,,USD,Pessoal,LIQUIDADA,FNT-000012
BND-001251,2950528,"Pós-embarque, bens",2011-09-20,DIVERSOS,,INS-000166,Ente privado,Exportação de bens,Supplier,,,USD,Pessoal,LIQUIDADA,FNT-000012
BND-001252,3002111/0001,"Pós-embarque, bens",2011-09-26,ARGENTINA,ARG,INS-000163,Ente privado,Exportação de bens,Supplier,,,USD,Pessoal,LIQUIDADA,FNT-000012
BND-001253,2950528,"Pós-embarque, bens",2011-09-28,DIVERSOS,,INS-000166,Ente privado,Exportação de bens,Supplier,,,USD,Pessoal,LIQUIDADA,FNT-000012
BND-001254,1915085,"Pós-embarque, bens",2011-09-29,CUBA,CUB,INS-000183,Ente público,Exportação de bens,Supplier,,,USD,Seguro de crédito/FGE,ATIVA,FNT-000012
BND-001255,2819759,"Pós-embarque, bens",2011-10-14,ARGENTINA,ARG,INS-000183,Ente privado,Exportação de bens,Supplier,,,USD,Pessoal,LIQUIDADA,FNT-000012
BND-001256,2819759,"Pós-embarque, bens",2011-10-17,ARGENTINA,ARG,INS-000183,Ente privado,Exportação de bens,Supplier,,,USD,Pessoal,LIQUIDADA,FNT-000012
BND-001257,1946195,"Pós-embarque, bens",2011-11-14,ARGENTINA,ARG,INS-000206,Ente privado,Exportação de bens,Supplier,,,USD,Seguro de crédito/FGE,LIQUIDADA,FNT-000012
BND-001258,2943730,"Pós-embarque, bens",2011-11-17,CUBA,CUB,INS-000192,Ente público,Exportação de bens,Supplier,,,USD,Seguro de crédito/FGE,ATIVA,FNT-000012
BND-001259,2539047,"Pós-embarque, bens",2011-11-17,CUBA,CUB,INS-000188,Ente público,Exportação de bens,Supplier,,,USD,Seguro de crédito/FGE,ATIVA,FNT-000012
BND-001260,2539047,"Pós-embarque, bens",2011-11-17,CUBA,CUB,INS-000188,Ente público,Exportação de bens,Supplier,,,USD,Seguro de crédito/FGE,LIQUIDADA,FNT-000012
BND-001261,3236485/0001,"Pós-embarque, bens",2011-11-25,ARGENTINA,ARG,INS-000163,Ente privado,Exportação de bens,Supplier,,,USD,Pessoal,LIQUIDADA,FNT-000012
BND-001262,2999164/0001,"Pós-embarque, bens",2011-11-25,ARGENTINA,ARG,INS-000166,Ente privado,Exportação de bens,Supplier,,,USD,Pessoal,LIQUIDADA,FNT-000012
BND-001263,1946222,"Pós-embarque, bens",2011-11-25,ARGENTINA,ARG,INS-000207,Ente privado,Exportação de bens,Supplier,,,USD,Seguro de crédito/FGE,LIQUIDADA,FNT-000012
BND-001264,1944926,"Pós-embarque, bens",2011-11-25,ARGENTINA,ARG,INS-000208,Ente privado,Exportação de bens,Supplier,,,USD,Seguro de crédito/FGE,LIQUIDADA,FNT-000012
BND-001265,2539046,"Pós-embarque, bens",2011-12-15,CUBA,CUB,INS-000209,Ente público,Exportação de bens,Supplier,,,USD,Seguro de crédito/FGE,LIQUIDADA,FNT-000012
BND-001266,1944926,"Pós-embarque, bens",2011-12-21,ARGENTINA,ARG,INS-000208,Ente privado,Exportação de bens,Supplier,,,USD,Seguro de crédito/FGE,LIQUIDADA,FNT-000012
BND-001267,2950528,"Pós-embarque, bens",2011-12-27,DIVERSOS,,INS-000166,Ente privado,Exportação de bens,Supplier,,,USD,Pessoal,LIQUIDADA,FNT-000012
BND-001268,3618573/0001,"Pós-embarque, bens",2011-12-27,URUGUAI,URY,INS-000151,Ente privado,Exportação de bens,Supplier,,,USD,Pessoal,LIQUIDADA,FNT-000012
BND-001269,1946222,"Pós-embarque, bens",2011-12-27,ARGENTINA,ARG,INS-000207,Ente privado,Exportação de bens,Supplier,,,USD,Seguro de crédito/FGE,LIQUIDADA,FNT-000012
BND-001270,1944926,"Pós-embarque, bens",2011-12-27,ARGENTINA,ARG,INS-000208,Ente privado,Exportação de bens,Supplier,,,USD,Seguro de crédito/FGE,LIQUIDADA,FNT-000012
BND-001271,2950528,"Pós-embarque, bens",2012-01-19,DIVERSOS,,INS-000166,Ente privado,Exportação de bens,Supplier,,,USD,Pessoal,LIQUIDADA,FNT-000012
BND-001272,1944926,"Pós-embarque, bens",2012-01-27,ARGENTINA,ARG,INS-000208,Ente privado,Exportação de bens,Supplier,,,USD,Seguro de crédito/FGE,LIQUIDADA,FNT-000012
BND-001273,3554426/0001,"Pós-embarque, bens",2012-02-09,REPUBLICA DOMINICANA,DOM,INS-000151,Ente privado,Exportação de bens,Supplier,,,USD,Pessoal,LIQUIDADA,FNT-000012
BND-001274,3419194,"Pós-embarque, bens",2012-03-05,ANGOLA,AGO,INS-000139,Ente público,Exportação de bens,Buyer,,,USD,Seguro de crédito/FGE,LIQUIDADA,FNT-000012
BND-001275,1944926,"Pós-embarque, bens",2012-03-09,ARGENTINA,ARG,INS-000208,Ente privado,Exportação de bens,Supplier,,,USD,Seguro de crédito/FGE,LIQUIDADA,FNT-000012
BND-001276,3638128/0001,"Pós-embarque, bens",2012-03-12,PARAGUAI,PRY,INS-000126,Ente privado,Exportação de bens,Supplier,,,USD,Pessoal,LIQUIDADA,FNT-000012
BND-001277,3638128/0002,"Pós-embarque, bens",2012-03-12,PARAGUAI,PRY,INS-000126,Ente privado,Exportação de bens,Supplier,,,USD,Pessoal,LIQUIDADA,FNT-000012
BND-001278,3638128/0003,"Pós-embarque, bens",2012-03-12,PARAGUAI,PRY,INS-000126,Ente privado,Exportação de bens,Supplier,,,USD,Pessoal,LIQUIDADA,FNT-000012
BND-001279,3638128/0004,"Pós-embarque, bens",2012-03-12,PARAGUAI,PRY,INS-000126,Ente privado,Exportação de bens,Supplier,,,USD,Pessoal,LIQUIDADA,FNT-000012
BND-001280,3638128/0005,"Pós-embarque, bens",2012-03-12,PARAGUAI,PRY,INS-000126,Ente privado,Exportação de bens,Supplier,,,USD,Pessoal,LIQUIDADA,FNT-000012
BND-001281,3638128/0006,"Pós-embarque, bens",2012-03-12,PARAGUAI,PRY,INS-000126,Ente privado,Exportação de bens,Supplier,,,USD,Pessoal,LIQUIDADA,FNT-000012
BND-001282,3638128/0007,"Pós-embarque, bens",2012-03-12,PARAGUAI,PRY,INS-000126,Ente privado,Exportação de bens,Supplier,,,USD,Pessoal,LIQUIDADA,FNT-000012
BND-001283,2950528,"Pós-embarque, bens",2012-03-12,DIVERSOS,,INS-000166,Ente privado,Exportação de bens,Supplier,,,USD,Pessoal,LIQUIDADA,FNT-000012
BND-001284,3054967,"Pós-embarque, bens",2012-03-12,ARGENTINA,ARG,INS-000205,Ente privado,Exportação de bens,Supplier,,,USD,Pessoal,LIQUIDADA,FNT-000012
BND-001285,1944926,"Pós-embarque, bens",2012-03-12,ARGENTINA,ARG,INS-000208,Ente privado,Exportação de bens,Supplier,,,USD,Seguro de crédito/FGE,LIQUIDADA,FNT-000012
BND-001286,3054967,"Pós-embarque, bens",2012-03-13,ARGENTINA,ARG,INS-000191,Ente privado,Exportação de bens,Supplier,,,USD,Pessoal,LIQUIDADA,FNT-000012
BND-001287,2950528,"Pós-embarque, bens",2012-03-13,DIVERSOS,,INS-000166,Ente privado,Exportação de bens,Supplier,,,USD,Pessoal,LIQUIDADA,FNT-000012
BND-001288,2950528,"Pós-embarque, bens",2012-03-14,DIVERSOS,,INS-000166,Ente privado,Exportação de bens,Supplier,,,USD,Pessoal,LIQUIDADA,FNT-000012
BND-001289,3639658/0001,"Pós-embarque, bens",2012-03-16,PARAGUAI,PRY,INS-000210,Ente privado,Exportação de bens,Supplier,,,USD,Pessoal,LIQUIDADA,FNT-000012
BND-001290,3136682,"Pós-embarque, bens",2012-03-23,ARGENTINA,ARG,INS-000183,Ente privado,Exportação de bens,Supplier,,,USD,Pessoal,LIQUIDADA,FNT-000012
BND-001291,3136682,"Pós-embarque, bens",2012-03-28,ARGENTINA,ARG,INS-000183,Ente privado,Exportação de bens,Supplier,,,USD,Pessoal,LIQUIDADA,FNT-000012
BND-001292,2950528,"Pós-embarque, bens",2012-03-28,DIVERSOS,,INS-000166,Ente privado,Exportação de bens,Supplier,,,USD,Pessoal,LIQUIDADA,FNT-000012
BND-001293,1946195,"Pós-embarque, bens",2012-03-28,ARGENTINA,ARG,INS-000206,Ente privado,Exportação de bens,Supplier,,,USD,Seguro de crédito/FGE,LIQUIDADA,FNT-000012
BND-001294,3136682,"Pós-embarque, bens",2012-04-10,ARGENTINA,ARG,INS-000183,Ente privado,Exportação de bens,Supplier,,,USD,Pessoal,LIQUIDADA,FNT-000012
BND-001295,2950528,"Pós-embarque, bens",2012-04-13,DIVERSOS,,INS-000166,Ente privado,Exportação de bens,Supplier,,,USD,Pessoal,LIQUIDADA,FNT-000012
BND-001296,2950528,"Pós-embarque, bens",2012-04-13,DIVERSOS,,INS-000166,Ente privado,Exportação de bens,Supplier,,,USD,Pessoal,LIQUIDADA,FNT-000012
BND-001297,2812436,"Pós-embarque, bens",2012-04-20,ARGENTINA,ARG,INS-000126,Ente privado,Exportação de bens,Supplier,,,USD,Pessoal,LIQUIDADA,FNT-000012
BND-001298,3136682,"Pós-embarque, bens",2012-04-26,ARGENTINA,ARG,INS-000183,Ente privado,Exportação de bens,Supplier,,,USD,Pessoal,LIQUIDADA,FNT-000012
BND-001299,1944926,"Pós-embarque, bens",2012-04-26,ARGENTINA,ARG,INS-000208,Ente privado,Exportação de bens,Supplier,,,USD,Seguro de crédito/FGE,LIQUIDADA,FNT-000012
BND-001300,3136682,"Pós-embarque, bens",2012-05-14,ARGENTINA,ARG,INS-000183,Ente privado,Exportação de bens,Supplier,,,USD,Pessoal,LIQUIDADA,FNT-000012
BND-001301,3244810/0001,"Pós-embarque, bens",2012-05-15,ARGENTINA,ARG,INS-000166,Ente privado,Exportação de bens,Supplier,,,USD,Pessoal,LIQUIDADA,FNT-000012
BND-001302,3716610/0001,"Pós-embarque, bens",2012-05-16,ARGENTINA,ARG,INS-000196,Ente privado,Exportação de bens,Supplier,,,USD,Pessoal,LIQUIDADA,FNT-000012
BND-001303,3996395,"Pós-embarque, bens",2012-05-16,DIVERSOS,,INS-000166,Ente privado,Exportação de bens,Supplier,,,USD,Pessoal,LIQUIDADA,FNT-000012
BND-001304,1944926,"Pós-embarque, bens",2012-05-16,ARGENTINA,ARG,INS-000208,Ente privado,Exportação de bens,Supplier,,,USD,Seguro de crédito/FGE,LIQUIDADA,FNT-000012
BND-001305,3716610/0002,"Pós-embarque, bens",2012-05-18,ARGENTINA,ARG,INS-000196,Ente privado,Exportação de bens,Supplier,,,USD,Pessoal,LIQUIDADA,FNT-000012
BND-001306,3716610/0003,"Pós-embarque, bens",2012-05-18,ARGENTINA,ARG,INS-000196,Ente privado,Exportação de bens,Supplier,,,USD,Pessoal,LIQUIDADA,FNT-000012
BND-001307,2539048,"Pós-embarque, bens",2012-05-23,CUBA,CUB,INS-000188,Ente público,Exportação de bens,Supplier,,,USD,Seguro de crédito/FGE,ATIVA,FNT-000012
BND-001308,3012776,"Pós-embarque, bens",2012-05-23,CUBA,CUB,INS-000128,Ente público,Exportação de bens,Supplier,,,USD,Seguro de crédito/FGE,LIQUIDADA,FNT-000012
BND-001309,3699683/0001,"Pós-embarque, bens",2012-05-29,PARAGUAI,PRY,INS-000136,Ente privado,Exportação de bens,Supplier,,,USD,Pessoal,LIQUIDADA,FNT-000012
BND-001310,3699683/0002,"Pós-embarque, bens",2012-05-29,PARAGUAI,PRY,INS-000136,Ente privado,Exportação de bens,Supplier,,,USD,Pessoal,LIQUIDADA,FNT-000012
BND-001311,3136682,"Pós-embarque, bens",2012-05-29,ARGENTINA,ARG,INS-000183,Ente privado,Exportação de bens,Supplier,,,USD,Pessoal,LIQUIDADA,FNT-000012
BND-001312,1946196,"Pós-embarque, bens",2012-05-29,ARGENTINA,ARG,INS-000211,Ente privado,Exportação de bens,Supplier,,,USD,Seguro de crédito/FGE,LIQUIDADA,FNT-000012
BND-001313,1946222,"Pós-embarque, bens",2012-05-29,ARGENTINA,ARG,INS-000207,Ente privado,Exportação de bens,Supplier,,,USD,Seguro de crédito/FGE,LIQUIDADA,FNT-000012
BND-001314,1946195,"Pós-embarque, bens",2012-05-29,ARGENTINA,ARG,INS-000206,Ente privado,Exportação de bens,Supplier,,,USD,Seguro de crédito/FGE,LIQUIDADA,FNT-000012
BND-001315,1976327,"Pós-embarque, bens",2012-06-06,CUBA,CUB,INS-000212,Ente público,Exportação de bens,Supplier,,,USD,Seguro de crédito/FGE,LIQUIDADA,FNT-000012
BND-001316,2812436,"Pós-embarque, bens",2012-06-13,ARGENTINA,ARG,INS-000126,Ente privado,Exportação de bens,Supplier,,,USD,Pessoal,LIQUIDADA,FNT-000012
BND-001317,3996395,"Pós-embarque, bens",2012-06-13,DIVERSOS,,INS-000166,Ente privado,Exportação de bens,Supplier,,,USD,Pessoal,LIQUIDADA,FNT-000012
BND-001318,3996395,"Pós-embarque, bens",2012-06-13,DIVERSOS,,INS-000166,Ente privado,Exportação de bens,Supplier,,,USD,Pessoal,LIQUIDADA,FNT-000012
BND-001319,3889464,"Pós-embarque, bens",2012-06-15,ARGENTINA,ARG,INS-000126,Ente privado,Exportação de bens,Supplier,,,USD,Pessoal,LIQUIDADA,FNT-000012
BND-001320,3996395,"Pós-embarque, bens",2012-06-15,DIVERSOS,,INS-000166,Ente privado,Exportação de bens,Supplier,,,USD,Pessoal,LIQUIDADA,FNT-000012
BND-001321,4073764,"Pós-embarque, bens",2012-06-22,ESTADOS UNIDOS,USA,INS-000139,Ente privado,Exportação de bens,Buyer,,,USD,Seguro de crédito/FGE / Real,LIQUIDADA,FNT-000012
BND-001322,1944926,"Pós-embarque, bens",2012-06-27,ARGENTINA,ARG,INS-000208,Ente privado,Exportação de bens,Supplier,,,USD,Seguro de crédito/FGE,LIQUIDADA,FNT-000012
BND-001323,2838300/0002,"Pós-embarque, bens",2012-07-10,PARAGUAI,PRY,INS-000213,Ente privado,Exportação de bens,Buyer,,,USD,Pessoal,LIQUIDADA,FNT-000012
BND-001324,2838300/0003,"Pós-embarque, bens",2012-07-10,CHILE,CHL,INS-000214,Ente privado,Exportação de bens,Buyer,,,USD,Pessoal,LIQUIDADA,FNT-000012
BND-001325,2052869,"Pós-embarque, bens",2012-07-11,CUBA,CUB,INS-000212,Ente público,Exportação de bens,Supplier,,,USD,Seguro de crédito/FGE,LIQUIDADA,FNT-000012
BND-001326,2812436,"Pós-embarque, bens",2012-07-13,ARGENTINA,ARG,INS-000126,Ente privado,Exportação de bens,Supplier,,,USD,Pessoal,LIQUIDADA,FNT-000012
BND-001327,2824150,"Pós-embarque, bens",2012-07-16,CUBA,CUB,INS-000215,Ente público,Exportação de bens,Supplier,,,USD,Seguro de crédito/FGE,ATIVA,FNT-000012
BND-001328,2824150,"Pós-embarque, bens",2012-07-16,CUBA,CUB,INS-000215,Ente público,Exportação de bens,Supplier,,,USD,Seguro de crédito/FGE,LIQUIDADA,FNT-000012
BND-001329,3949958/0001,"Pós-embarque, bens",2012-07-16,PARAGUAI,PRY,INS-000210,Ente privado,Exportação de bens,Supplier,,,USD,Pessoal,LIQUIDADA,FNT-000012
BND-001330,3949958/0002,"Pós-embarque, bens",2012-07-16,PARAGUAI,PRY,INS-000210,Ente privado,Exportação de bens,Supplier,,,USD,Pessoal,LIQUIDADA,FNT-000012
BND-001331,3949958/0003,"Pós-embarque, bens",2012-07-16,PARAGUAI,PRY,INS-000210,Ente privado,Exportação de bens,Supplier,,,USD,Pessoal,LIQUIDADA,FNT-000012
BND-001332,2812436,"Pós-embarque, bens",2012-07-19,ARGENTINA,ARG,INS-000126,Ente privado,Exportação de bens,Supplier,,,USD,Pessoal,LIQUIDADA,FNT-000012
BND-001333,3902507/0001,"Pós-embarque, bens",2012-07-25,CHILE,CHL,INS-000179,Ente privado,Exportação de bens,Supplier,,,USD,Pessoal,LIQUIDADA,FNT-000012
BND-001334,1944926,"Pós-embarque, bens",2012-07-25,ARGENTINA,ARG,INS-000208,Ente privado,Exportação de bens,Supplier,,,USD,Seguro de crédito/FGE,LIQUIDADA,FNT-000012
BND-001335,2812436,"Pós-embarque, bens",2012-07-26,ARGENTINA,ARG,INS-000126,Ente privado,Exportação de bens,Supplier,,,USD,Pessoal,LIQUIDADA,FNT-000012
BND-001336,4220952/0001,"Pós-embarque, bens",2012-07-27,PARAGUAI,PRY,INS-000158,Ente privado,Exportação de bens,Supplier,,,USD,Pessoal,LIQUIDADA,FNT-000012
BND-001337,4220952/0002,"Pós-embarque, bens",2012-07-27,PARAGUAI,PRY,INS-000158,Ente privado,Exportação de bens,Supplier,,,USD,Pessoal,LIQUIDADA,FNT-000012
BND-001338,3949958/0004,"Pós-embarque, bens",2012-07-27,PARAGUAI,PRY,INS-000210,Ente privado,Exportação de bens,Supplier,,,USD,Pessoal,LIQUIDADA,FNT-000012
BND-001339,2838300/0005,"Pós-embarque, bens",2012-07-27,ARGENTINA,ARG,INS-000216,Ente privado,Exportação de bens,Buyer,,,USD,Pessoal,LIQUIDADA,FNT-000012
BND-001340,3996395,"Pós-embarque, bens",2012-08-09,DIVERSOS,,INS-000166,Ente privado,Exportação de bens,Supplier,,,USD,Pessoal,LIQUIDADA,FNT-000012
BND-001341,3996395,"Pós-embarque, bens",2012-08-15,DIVERSOS,,INS-000166,Ente privado,Exportação de bens,Supplier,,,USD,Pessoal,LIQUIDADA,FNT-000012
BND-001342,2812436,"Pós-embarque, bens",2012-08-22,ARGENTINA,ARG,INS-000126,Ente privado,Exportação de bens,Supplier,,,USD,Pessoal,LIQUIDADA,FNT-000012
BND-001343,2838300/0006,"Pós-embarque, bens",2012-08-22,DIVERSOS,,INS-000152,Ente privado,Exportação de bens,Buyer,,,USD,Pessoal,LIQUIDADA,FNT-000012
BND-001344,4113393/0001,"Pós-embarque, bens",2012-08-29,PARAGUAI,PRY,INS-000217,Ente privado,Exportação de bens,Supplier,,,USD,Pessoal,LIQUIDADA,FNT-000012
BND-001345,4113393/0002,"Pós-embarque, bens",2012-08-29,PARAGUAI,PRY,INS-000217,Ente privado,Exportação de bens,Supplier,,,USD,Pessoal,LIQUIDADA,FNT-000012
BND-001346,4113393/0003,"Pós-embarque, bens",2012-08-29,PARAGUAI,PRY,INS-000217,Ente privado,Exportação de bens,Supplier,,,USD,Pessoal,LIQUIDADA,FNT-000012
BND-001347,4113393/0004,"Pós-embarque, bens",2012-08-29,PARAGUAI,PRY,INS-000217,Ente privado,Exportação de bens,Supplier,,,USD,Pessoal,LIQUIDADA,FNT-000012
BND-001348,3136682,"Pós-embarque, bens",2012-09-10,ARGENTINA,ARG,INS-000183,Ente privado,Exportação de bens,Supplier,,,USD,Pessoal,LIQUIDADA,FNT-000012
BND-001349,4222908,"Pós-embarque, bens",2012-09-18,ARGENTINA,ARG,INS-000183,Ente privado,Exportação de bens,Supplier,,,USD,Pessoal,LIQUIDADA,FNT-000012
BND-001350,4222908,"Pós-embarque, bens",2012-09-20,ARGENTINA,ARG,INS-000183,Ente privado,Exportação de bens,Supplier,,,USD,Pessoal,LIQUIDADA,FNT-000012
BND-001351,3889464,"Pós-embarque, bens",2012-09-26,ARGENTINA,ARG,INS-000126,Ente privado,Exportação de bens,Supplier,,,USD,Pessoal,LIQUIDADA,FNT-000012
BND-001352,3996395,"Pós-embarque, bens",2012-10-08,DIVERSOS,,INS-000166,Ente privado,Exportação de bens,Supplier,,,USD,Pessoal,LIQUIDADA,FNT-000012
BND-001353,2838300/0007,"Pós-embarque, bens",2012-10-10,CHILE,CHL,INS-000214,Ente privado,Exportação de bens,Buyer,,,USD,Pessoal,LIQUIDADA,FNT-000012
BND-001354,2838300/0008,"Pós-embarque, bens",2012-10-10,CHILE,CHL,INS-000214,Ente privado,Exportação de bens,Buyer,,,USD,Pessoal,LIQUIDADA,FNT-000012
BND-001355,4080289,"Pós-embarque, bens",2012-10-19,CUBA,CUB,INS-000218,Ente público,Exportação de bens,Supplier,,,USD,Seguro de crédito/FGE,ATIVA,FNT-000012
BND-001356,2838300/0009,"Pós-embarque, bens",2012-10-19,CHILE,CHL,INS-000152,Ente privado,Exportação de bens,Buyer,,,USD,Pessoal,LIQUIDADA,FNT-000012
BND-001357,2838300/0010,"Pós-embarque, bens",2012-10-19,CHILE,CHL,INS-000152,Ente privado,Exportação de bens,Buyer,,,USD,Pessoal,LIQUIDADA,FNT-000012
BND-001358,2838300/0011,"Pós-embarque, bens",2012-10-19,CHILE,CHL,INS-000214,Ente privado,Exportação de bens,Buyer,,,USD,Pessoal,LIQUIDADA,FNT-000012
BND-001359,4113393/0005,"Pós-embarque, bens",2012-10-24,PARAGUAI,PRY,INS-000217,Ente privado,Exportação de bens,Supplier,,,USD,Pessoal,LIQUIDADA,FNT-000012
BND-001360,4113393/0006,"Pós-embarque, bens",2012-10-24,PARAGUAI,PRY,INS-000217,Ente privado,Exportação de bens,Supplier,,,USD,Pessoal,LIQUIDADA,FNT-000012
BND-001361,4113393/0007,"Pós-embarque, bens",2012-10-24,PARAGUAI,PRY,INS-000217,Ente privado,Exportação de bens,Supplier,,,USD,Pessoal,LIQUIDADA,FNT-000012
BND-001362,3889464,"Pós-embarque, bens",2012-10-26,ARGENTINA,ARG,INS-000126,Ente privado,Exportação de bens,Supplier,,,USD,Pessoal,LIQUIDADA,FNT-000012
BND-001363,2838300/0012,"Pós-embarque, bens",2012-10-29,CHILE,CHL,INS-000214,Ente privado,Exportação de bens,Buyer,,,USD,Pessoal,LIQUIDADA,FNT-000012
BND-001364,4222908,"Pós-embarque, bens",2012-11-14,ARGENTINA,ARG,INS-000183,Ente privado,Exportação de bens,Supplier,,,USD,Pessoal,LIQUIDADA,FNT-000012
BND-001365,2457064,"Pós-embarque, bens",2012-12-05,CUBA,CUB,INS-000219,Ente público,Exportação de bens,Supplier,,,USD,Seguro de crédito/FGE,LIQUIDADA,FNT-000012
BND-001366,4324116/0001,"Pós-embarque, bens",2012-12-10,ARGENTINA,ARG,INS-000196,Ente privado,Exportação de bens,Supplier,,,USD,Pessoal,LIQUIDADA,FNT-000012
BND-001367,1944926,"Pós-embarque, bens",2012-12-10,ARGENTINA,ARG,INS-000208,Ente privado,Exportação de bens,Supplier,,,USD,Seguro de crédito/FGE,LIQUIDADA,FNT-000012
BND-001368,2838300/0013,"Pós-embarque, bens",2012-12-13,CHILE,CHL,INS-000220,Ente privado,Exportação de bens,Buyer,,,USD,Pessoal,LIQUIDADA,FNT-000012
BND-001369,2838300/0014,"Pós-embarque, bens",2012-12-13,CHILE,CHL,INS-000220,Ente privado,Exportação de bens,Buyer,,,USD,Pessoal,LIQUIDADA,FNT-000012
BND-001370,3996395,"Pós-embarque, bens",2012-12-17,DIVERSOS,,INS-000166,Ente privado,Exportação de bens,Supplier,,,USD,Pessoal,LIQUIDADA,FNT-000012
BND-001371,2838300/0015,"Pós-embarque, bens",2012-12-18,CHILE,CHL,INS-000214,Ente privado,Exportação de bens,Buyer,,,USD,Pessoal,LIQUIDADA,FNT-000012
BND-001372,4225039,"Pós-embarque, bens",2012-12-26,VENEZUELA,VEN,INS-000171,Ente privado,Exportação de bens,Supplier,,,USD,Pessoal,LIQUIDADA,FNT-000012
BND-001373,4389473,"Pós-embarque, bens",2012-12-27,ESTADOS UNIDOS,USA,INS-000207,Ente privado,Exportação de bens,Supplier,,,USD,Pessoal,LIQUIDADA,FNT-000012
BND-001374,3996395,"Pós-embarque, bens",2012-12-28,DIVERSOS,,INS-000166,Ente privado,Exportação de bens,Supplier,,,USD,Pessoal,LIQUIDADA,FNT-000012
BND-001375,4451946,"Pós-embarque, bens",2013-01-17,VENEZUELA,VEN,INS-000221,Ente privado,Exportação de bens,Supplier,,,USD,Pessoal,LIQUIDADA,FNT-000012
BND-001376,4389473,"Pós-embarque, bens",2013-01-29,ESTADOS UNIDOS,USA,INS-000207,Ente privado,Exportação de bens,Supplier,,,USD,Pessoal,LIQUIDADA,FNT-000012
BND-001377,2838300/0016,"Pós-embarque, bens",2013-02-08,CHILE,CHL,INS-000214,Ente privado,Exportação de bens,Buyer,,,USD,Pessoal,LIQUIDADA,FNT-000012
BND-001378,2838300/0017,"Pós-embarque, bens",2013-02-08,CHILE,CHL,INS-000214,Ente privado,Exportação de bens,Buyer,,,USD,Pessoal,LIQUIDADA,FNT-000012
BND-001379,4531810/0001,"Pós-embarque, bens",2013-02-15,ARGENTINA,ARG,INS-000222,Ente privado,Exportação de bens,Supplier,,,USD,Pessoal,LIQUIDADA,FNT-000012
BND-001380,3996395,"Pós-embarque, bens",2013-02-19,DIVERSOS,,INS-000166,Ente privado,Exportação de bens,Supplier,,,USD,Pessoal,LIQUIDADA,FNT-000012
BND-001381,4222908,"Pós-embarque, bens",2013-02-22,ARGENTINA,ARG,INS-000183,Ente privado,Exportação de bens,Supplier,,,USD,Pessoal,LIQUIDADA,FNT-000012
BND-001382,2838300/0018,"Pós-embarque, bens",2013-02-26,CHILE,CHL,INS-000220,Ente privado,Exportação de bens,Buyer,,,USD,Pessoal,LIQUIDADA,FNT-000012
BND-001383,4389473,"Pós-embarque, bens",2013-03-08,ESTADOS UNIDOS,USA,INS-000207,Ente privado,Exportação de bens,Supplier,,,USD,Pessoal,LIQUIDADA,FNT-000012
BND-001384,2838300/0019,"Pós-embarque, bens",2013-03-12,CHILE,CHL,INS-000214,Ente privado,Exportação de bens,Buyer,,,USD,Pessoal,LIQUIDADA,FNT-000012
BND-001385,3996395,"Pós-embarque, bens",2013-03-22,DIVERSOS,,INS-000166,Ente privado,Exportação de bens,Supplier,,,USD,Pessoal,LIQUIDADA,FNT-000012
BND-001386,4230468/0001,"Pós-embarque, bens",2013-03-26,PARAGUAI,PRY,INS-000223,Ente privado,Exportação de bens,Supplier,,,USD,Pessoal,LIQUIDADA,FNT-000012
BND-001387,4848302,"Pós-embarque, bens",2013-04-09,VENEZUELA,VEN,INS-000139,Ente público,Exportação de bens,Supplier,,,USD,Seguro de crédito/FGE,ATIVA,FNT-000012
BND-001388,4848302,"Pós-embarque, bens",2013-04-09,VENEZUELA,VEN,INS-000139,Ente público,Exportação de bens,Supplier,,,USD,Seguro de crédito/FGE,LIQUIDADA,FNT-000012
BND-001389,4231181/0001,"Pós-embarque, bens",2013-04-12,ARGENTINA,ARG,INS-000224,Ente privado,Exportação de bens,Supplier,,,USD,Pessoal,LIQUIDADA,FNT-000012
BND-001390,5099736,"Pós-embarque, bens",2013-04-25,ARGENTINA,ARG,INS-000166,Ente privado,Exportação de bens,Supplier,,,USD,Pessoal,LIQUIDADA,FNT-000012
BND-001391,4389473,"Pós-embarque, bens",2013-04-25,ESTADOS UNIDOS,USA,INS-000207,Ente privado,Exportação de bens,Supplier,,,USD,Pessoal,LIQUIDADA,FNT-000012
BND-001392,4230468/0002,"Pós-embarque, bens",2013-04-26,PARAGUAI,PRY,INS-000223,Ente privado,Exportação de bens,Supplier,,,USD,Pessoal,LIQUIDADA,FNT-000012
BND-001393,4230468/0003,"Pós-embarque, bens",2013-04-26,PARAGUAI,PRY,INS-000223,Ente privado,Exportação de bens,Supplier,,,USD,Pessoal,LIQUIDADA,FNT-000012
BND-001394,4640061,"Pós-embarque, bens",2013-05-03,CUBA,CUB,INS-000192,Ente público,Exportação de bens,Supplier,,,USD,Seguro de crédito/FGE,ATIVA,FNT-000012
BND-001395,4640061,"Pós-embarque, bens",2013-05-03,CUBA,CUB,INS-000192,Ente público,Exportação de bens,Supplier,,,USD,Seguro de crédito/FGE,LIQUIDADA,FNT-000012
BND-001396,4671712/0001,"Pós-embarque, bens",2013-05-09,ARGENTINA,ARG,INS-000225,Ente privado,Exportação de bens,Supplier,,,USD,Pessoal,LIQUIDADA,FNT-000012
BND-001397,4653653/0001,"Pós-embarque, bens",2013-05-10,ARGENTINA,ARG,INS-000226,Ente privado,Exportação de bens,Supplier,,,USD,Pessoal,LIQUIDADA,FNT-000012
BND-001398,2838300/0020,"Pós-embarque, bens",2013-05-10,CHILE,CHL,INS-000214,Ente privado,Exportação de bens,Buyer,,,USD,Pessoal,LIQUIDADA,FNT-000012
BND-001399,4750813,"Pós-embarque, bens",2013-05-14,CUBA,CUB,INS-000227,Ente público,Exportação de bens,Supplier,,,USD,Seguro de crédito/FGE,LIQUIDADA,FNT-000012
BND-001400,4389473,"Pós-embarque, bens",2013-05-16,ESTADOS UNIDOS,USA,INS-000207,Ente privado,Exportação de bens,Supplier,,,USD,Pessoal,LIQUIDADA,FNT-000012
BND-001401,2838300/0021,"Pós-embarque, bens",2013-05-17,CHILE,CHL,INS-000220,Ente privado,Exportação de bens,Buyer,,,USD,Pessoal,LIQUIDADA,FNT-000012
BND-001402,4389473,"Pós-embarque, bens",2013-05-28,ESTADOS UNIDOS,USA,INS-000207,Ente privado,Exportação de bens,Supplier,,,USD,Pessoal,LIQUIDADA,FNT-000012
BND-001403,2838300/0022,"Pós-embarque, bens",2013-06-12,PARAGUAI,PRY,INS-000126,Ente privado,Exportação de bens,Buyer,,,USD,Pessoal,LIQUIDADA,FNT-000012
BND-001404,2838300/0023,"Pós-embarque, bens",2013-06-12,PARAGUAI,PRY,INS-000126,Ente privado,Exportação de bens,Buyer,,,USD,Pessoal,LIQUIDADA,FNT-000012
BND-001405,4925479/0001,"Pós-embarque, bens",2013-06-18,URUGUAI,URY,INS-000158,Ente privado,Exportação de bens,Supplier,,,USD,Pessoal,LIQUIDADA,FNT-000012
BND-001406,4925479/0002,"Pós-embarque, bens",2013-06-18,URUGUAI,URY,INS-000158,Ente privado,Exportação de bens,Supplier,,,USD,Pessoal,LIQUIDADA,FNT-000012
BND-001407,2838300/0024,"Pós-embarque, bens",2013-06-18,PARAGUAI,PRY,INS-000126,Ente privado,Exportação de bens,Buyer,,,USD,Pessoal,LIQUIDADA,FNT-000012
BND-001408,2838300/0025,"Pós-embarque, bens",2013-06-18,PARAGUAI,PRY,INS-000126,Ente privado,Exportação de bens,Buyer,,,USD,Pessoal,LIQUIDADA,FNT-000012
BND-001409,4750812,"Pós-embarque, bens",2013-06-27,CUBA,CUB,INS-000228,Ente público,Exportação de bens,Supplier,,,USD,Seguro de crédito/FGE,LIQUIDADA,FNT-000012
BND-001410,5183588,"Pós-embarque, bens",2013-07-02,ESTADOS UNIDOS,USA,INS-000139,Ente privado,Exportação de bens,Buyer,,,USD,Seguro de crédito/FGE / Real / Pessoal,ATIVA,FNT-000012
BND-001411,5183588,"Pós-embarque, bens",2013-07-02,ESTADOS UNIDOS,USA,INS-000139,Ente privado,Exportação de bens,Buyer,,,USD,Seguro de crédito/FGE / Real / Pessoal,LIQUIDADA,FNT-000012
BND-001412,4152000,"Pós-embarque, bens",2013-07-29,CUBA,CUB,INS-000128,Ente público,Exportação de bens,Supplier,,,USD,Seguro de crédito/FGE,LIQUIDADA,FNT-000012
BND-001413,4925479/0003,"Pós-embarque, bens",2013-07-30,URUGUAI,URY,INS-000158,Ente privado,Exportação de bens,Supplier,,,USD,Pessoal,LIQUIDADA,FNT-000012
BND-001414,4925479/0004,"Pós-embarque, bens",2013-07-30,URUGUAI,URY,INS-000158,Ente privado,Exportação de bens,Supplier,,,USD,Pessoal,LIQUIDADA,FNT-000012
BND-001415,4925479/0005,"Pós-embarque, bens",2013-07-30,URUGUAI,URY,INS-000158,Ente privado,Exportação de bens,Supplier,,,USD,Pessoal,LIQUIDADA,FNT-000012
BND-001416,2838300/0027,"Pós-embarque, bens",2013-08-13,CHILE,CHL,INS-000152,Ente privado,Exportação de bens,Buyer,,,USD,Pessoal,LIQUIDADA,FNT-000012
BND-001417,2838300/0028,"Pós-embarque, bens",2013-08-13,CHILE,CHL,INS-000152,Ente privado,Exportação de bens,Buyer,,,USD,Pessoal,LIQUIDADA,FNT-000012
BND-001418,2838300/0029,"Pós-embarque, bens",2013-08-13,CHILE,CHL,INS-000152,Ente privado,Exportação de bens,Buyer,,,USD,Pessoal,LIQUIDADA,FNT-000012
BND-001419,2838300/0030,"Pós-embarque, bens",2013-08-13,CHILE,CHL,INS-000152,Ente privado,Exportação de bens,Buyer,,,USD,Pessoal,LIQUIDADA,FNT-000012
BND-001420,2838300/0031,"Pós-embarque, bens",2013-08-20,CHILE,CHL,INS-000214,Ente privado,Exportação de bens,Buyer,,,USD,Pessoal,LIQUIDADA,FNT-000012
BND-001421,2838300/0032,"Pós-embarque, bens",2013-08-20,CHILE,CHL,INS-000214,Ente privado,Exportação de bens,Buyer,,,USD,Pessoal,LIQUIDADA,FNT-000012
BND-001422,4384105,"Pós-embarque, bens",2013-08-21,PARAGUAI,PRY,INS-000229,Ente privado,Exportação de bens,Supplier,,,USD,Pessoal,LIQUIDADA,FNT-000012
BND-001423,4311292/0001,"Pós-embarque, bens",2013-08-21,ARGENTINA,ARG,INS-000166,Ente privado,Exportação de bens,Supplier,,,USD,Pessoal,LIQUIDADA,FNT-000012
BND-001424,5076984/0001,"Pós-embarque, bens",2013-08-22,PARAGUAI,PRY,INS-000125,Ente privado,Exportação de bens,Supplier,,,USD,Pessoal,LIQUIDADA,FNT-000012
BND-001425,3671331,"Pós-embarque, bens",2013-08-22,ARGENTINA,ARG,INS-000205,Ente privado,Exportação de bens,Supplier,,,USD,Pessoal,LIQUIDADA,FNT-000012
BND-001426,5099736,"Pós-embarque, bens",2013-08-23,ARGENTINA,ARG,INS-000166,Ente privado,Exportação de bens,Supplier,,,USD,Pessoal,LIQUIDADA,FNT-000012
BND-001427,3671331,"Pós-embarque, bens",2013-08-23,ARGENTINA,ARG,INS-000205,Ente privado,Exportação de bens,Supplier,,,USD,Pessoal,LIQUIDADA,FNT-000012
BND-001428,2838300/0033,"Pós-embarque, bens",2013-08-28,CHILE,CHL,INS-000220,Ente privado,Exportação de bens,Buyer,,,USD,Pessoal,LIQUIDADA,FNT-000012
BND-001429,2838300/0034,"Pós-embarque, bens",2013-08-28,CHILE,CHL,INS-000220,Ente privado,Exportação de bens,Buyer,,,USD,Pessoal,LIQUIDADA,FNT-000012
BND-001430,3671331,"Pós-embarque, bens",2013-08-28,ARGENTINA,ARG,INS-000205,Ente privado,Exportação de bens,Supplier,,,USD,Pessoal,LIQUIDADA,FNT-000012
BND-001431,3671331,"Pós-embarque, bens",2013-09-12,ARGENTINA,ARG,INS-000205,Ente privado,Exportação de bens,Supplier,,,USD,Pessoal,LIQUIDADA,FNT-000012
BND-001432,5129936/0001,"Pós-embarque, bens",2013-09-25,REPUBLICA DOMINICANA,DOM,INS-000230,Ente privado,Exportação de bens,Supplier,,,USD,Pessoal,LIQUIDADA,FNT-000012
BND-001433,5163128/0001,"Pós-embarque, bens",2013-09-25,REPUBLICA DOMINICANA,DOM,INS-000151,Ente privado,Exportação de bens,Supplier,,,USD,Pessoal,LIQUIDADA,FNT-000012
BND-001434,5163130/0001,"Pós-embarque, bens",2013-09-25,REPUBLICA DOMINICANA,DOM,INS-000151,Ente privado,Exportação de bens,Supplier,,,USD,Pessoal,LIQUIDADA,FNT-000012
BND-001435,4384105,"Pós-embarque, bens",2013-09-26,URUGUAI,URY,INS-000229,Ente privado,Exportação de bens,Supplier,,,USD,Pessoal,LIQUIDADA,FNT-000012
BND-001436,2838300/0035,"Pós-embarque, bens",2013-09-26,CHILE,CHL,INS-000152,Ente privado,Exportação de bens,Buyer,,,USD,Pessoal,LIQUIDADA,FNT-000012
BND-001437,2838300/0036,"Pós-embarque, bens",2013-09-26,CHILE,CHL,INS-000152,Ente privado,Exportação de bens,Buyer,,,USD,Pessoal,LIQUIDADA,FNT-000012
BND-001438,5201866,"Pós-embarque, bens",2013-10-03,CUBA,CUB,INS-000183,Ente público,Exportação de bens,Supplier,,,USD,Seguro de crédito/FGE,ATIVA,FNT-000012
BND-001439,5201866,"Pós-embarque, bens",2013-10-03,CUBA,CUB,INS-000183,Ente público,Exportação de bens,Supplier,,,USD,Seguro de crédito/FGE,LIQUIDADA,FNT-000012
BND-001440,5099736,"Pós-embarque, bens",2013-10-09,ARGENTINA,ARG,INS-000166,Ente privado,Exportação de bens,Supplier,,,USD,Pessoal,LIQUIDADA,FNT-000012
BND-001441,2838300/0037,"Pós-embarque, bens",2013-10-09,CHILE,CHL,INS-000152,Ente privado,Exportação de bens,Buyer,,,USD,Pessoal,LIQUIDADA,FNT-000012
BND-001442,2838300/0038,"Pós-embarque, bens",2013-10-16,CHILE,CHL,INS-000214,Ente privado,Exportação de bens,Buyer,,,USD,Pessoal,LIQUIDADA,FNT-000012
BND-001443,2838300/0039,"Pós-embarque, bens",2013-10-16,CHILE,CHL,INS-000214,Ente privado,Exportação de bens,Buyer,,,USD,Pessoal,LIQUIDADA,FNT-000012
BND-001444,5141463/0001,"Pós-embarque, bens",2013-10-29,PARAGUAI,PRY,INS-000183,Ente privado,Exportação de bens,Supplier,,,USD,Pessoal,LIQUIDADA,FNT-000012
BND-001445,5141463/0002,"Pós-embarque, bens",2013-10-29,PARAGUAI,PRY,INS-000183,Ente privado,Exportação de bens,Supplier,,,USD,Pessoal,LIQUIDADA,FNT-000012
BND-001446,5141463/0003,"Pós-embarque, bens",2013-10-29,PARAGUAI,PRY,INS-000183,Ente privado,Exportação de bens,Supplier,,,USD,Pessoal,LIQUIDADA,FNT-000012
BND-001447,5121192/0001,"Pós-embarque, bens",2013-10-29,ARGENTINA,ARG,INS-000231,Ente privado,Exportação de bens,Supplier,,,USD,Pessoal,LIQUIDADA,FNT-000012
BND-001448,5121324/0001,"Pós-embarque, bens",2013-10-29,REPUBLICA DOMINICANA,DOM,INS-000151,Ente privado,Exportação de bens,Supplier,,,USD,Pessoal,LIQUIDADA,FNT-000012
BND-001449,5099736,"Pós-embarque, bens",2013-11-12,ARGENTINA,ARG,INS-000166,Ente privado,Exportação de bens,Supplier,,,USD,Pessoal,LIQUIDADA,FNT-000012
BND-001450,5227847/0002,"Pós-embarque, bens",2013-11-18,PARAGUAI,PRY,INS-000232,Ente privado,Exportação de bens,Supplier,,,USD,Pessoal,LIQUIDADA,FNT-000012
BND-001451,5099736,"Pós-embarque, bens",2013-12-19,ARGENTINA,ARG,INS-000166,Ente privado,Exportação de bens,Supplier,,,USD,Pessoal,LIQUIDADA,FNT-000012
BND-001452,2838300/0040,"Pós-embarque, bens",2013-12-20,CHILE,CHL,INS-000214,Ente privado,Exportação de bens,Buyer,,,USD,Pessoal,LIQUIDADA,FNT-000012
BND-001453,5141463/0004,"Pós-embarque, bens",2013-12-26,PARAGUAI,PRY,INS-000183,Ente privado,Exportação de bens,Supplier,,,USD,Pessoal,LIQUIDADA,FNT-000012
BND-001454,5274486/0001,"Pós-embarque, bens",2013-12-26,PARAGUAI,PRY,INS-000126,Ente privado,Exportação de bens,Supplier,,,USD,Pessoal,LIQUIDADA,FNT-000012
BND-001455,4384105,"Pós-embarque, bens",2013-12-26,URUGUAI,URY,INS-000229,Ente privado,Exportação de bens,Supplier,,,USD,Pessoal,LIQUIDADA,FNT-000012
BND-001456,5227847/0003,"Pós-embarque, bens",2013-12-27,PARAGUAI,PRY,INS-000232,Ente privado,Exportação de bens,Supplier,,,USD,Pessoal,LIQUIDADA,FNT-000012
BND-001457,3460569/0002,"Pós-embarque, bens",2014-01-29,PERU,PER,INS-000165,Ente privado,Exportação de bens,Buyer,,,USD,Pessoal,LIQUIDADA,FNT-000012
BND-001458,5274486/0002,"Pós-embarque, bens",2014-02-11,PARAGUAI,PRY,INS-000126,Ente privado,Exportação de bens,Supplier,,,USD,Pessoal,LIQUIDADA,FNT-000012
BND-001459,3671331,"Pós-embarque, bens",2014-02-18,ARGENTINA,ARG,INS-000205,Ente privado,Exportação de bens,Supplier,,,USD,Pessoal,LIQUIDADA,FNT-000012
BND-001460,5256258/0001,"Pós-embarque, bens",2014-02-24,URUGUAI,URY,INS-000158,Ente privado,Exportação de bens,Supplier,,,USD,Pessoal,LIQUIDADA,FNT-000012
BND-001461,5227847/0004,"Pós-embarque, bens",2014-02-26,PARAGUAI,PRY,INS-000232,Ente privado,Exportação de bens,Supplier,,,USD,Pessoal,LIQUIDADA,FNT-000012
BND-001462,5330922,"Pós-embarque, bens",2014-02-28,ANGOLA,AGO,INS-000187,Ente público,Exportação de bens,Buyer,,,USD,Seguro de crédito/FGE,LIQUIDADA,FNT-000012
BND-001463,4925458,"Pós-embarque, bens",2014-03-11,CUBA,CUB,INS-000192,Ente público,Exportação de bens,Supplier,,,USD,Seguro de crédito/FGE,LIQUIDADA,FNT-000012
BND-001464,5312361/0001,"Pós-embarque, bens",2014-03-20,REPUBLICA DOMINICANA,DOM,INS-000151,Ente privado,Exportação de bens,Supplier,,,USD,Pessoal,LIQUIDADA,FNT-000012
BND-001465,5389788,"Pós-embarque, bens",2014-03-24,ESTADOS UNIDOS,USA,INS-000139,Ente privado,Exportação de bens,Buyer,,,USD,Real / Pessoal,ATIVA,FNT-000012
BND-001466,5389788,"Pós-embarque, bens",2014-03-24,ESTADOS UNIDOS,USA,INS-000139,Ente privado,Exportação de bens,Buyer,,,USD,Real / Pessoal,LIQUIDADA,FNT-000012
BND-001467,5227847/0005,"Pós-embarque, bens",2014-03-26,PARAGUAI,PRY,INS-000232,Ente privado,Exportação de bens,Supplier,,,USD,Pessoal,LIQUIDADA,FNT-000012
BND-001468,2838300/0041,"Pós-embarque, bens",2014-04-25,CHILE,CHL,INS-000133,Ente privado,Exportação de bens,Buyer,,,USD,Pessoal,LIQUIDADA,FNT-000012
BND-001469,5256258/0003,"Pós-embarque, bens",2014-04-28,URUGUAI,URY,INS-000158,Ente privado,Exportação de bens,Supplier,,,USD,Pessoal,LIQUIDADA,FNT-000012
BND-001470,5256258/0004,"Pós-embarque, bens",2014-04-28,URUGUAI,URY,INS-000158,Ente privado,Exportação de bens,Supplier,,,USD,Pessoal,LIQUIDADA,FNT-000012
BND-001471,5256258/0005,"Pós-embarque, bens",2014-04-28,URUGUAI,URY,INS-000158,Ente privado,Exportação de bens,Supplier,,,USD,Pessoal,LIQUIDADA,FNT-000012
BND-001472,3460569/0003,"Pós-embarque, bens",2014-05-14,PERU,PER,INS-000165,Ente privado,Exportação de bens,Buyer,,,USD,Pessoal,LIQUIDADA,FNT-000012
BND-001473,5387368/0001,"Pós-embarque, bens",2014-05-20,PARAGUAI,PRY,INS-000158,Ente privado,Exportação de bens,Supplier,,,USD,Pessoal,LIQUIDADA,FNT-000012
BND-001474,5227847/0006,"Pós-embarque, bens",2014-05-20,PARAGUAI,PRY,INS-000232,Ente privado,Exportação de bens,Supplier,,,USD,Pessoal,LIQUIDADA,FNT-000012
BND-001475,5256258/0006,"Pós-embarque, bens",2014-05-28,URUGUAI,URY,INS-000158,Ente privado,Exportação de bens,Supplier,,,USD,Pessoal,LIQUIDADA,FNT-000012
BND-001476,5256258/0007,"Pós-embarque, bens",2014-05-28,URUGUAI,URY,INS-000158,Ente privado,Exportação de bens,Supplier,,,USD,Pessoal,LIQUIDADA,FNT-000012
BND-001477,5256258/0008,"Pós-embarque, bens",2014-05-28,URUGUAI,URY,INS-000158,Ente privado,Exportação de bens,Supplier,,,USD,Pessoal,LIQUIDADA,FNT-000012
BND-001478,5256258/0009,"Pós-embarque, bens",2014-05-28,URUGUAI,URY,INS-000158,Ente privado,Exportação de bens,Supplier,,,USD,Pessoal,LIQUIDADA,FNT-000012
BND-001479,5256258/0010,"Pós-embarque, bens",2014-05-28,URUGUAI,URY,INS-000158,Ente privado,Exportação de bens,Supplier,,,USD,Pessoal,LIQUIDADA,FNT-000012
BND-001480,5256258/0011,"Pós-embarque, bens",2014-05-28,URUGUAI,URY,INS-000158,Ente privado,Exportação de bens,Supplier,,,USD,Pessoal,LIQUIDADA,FNT-000012
BND-001481,5256258/0012,"Pós-embarque, bens",2014-05-28,URUGUAI,URY,INS-000158,Ente privado,Exportação de bens,Supplier,,,USD,Pessoal,LIQUIDADA,FNT-000012
BND-001482,5256258/0013,"Pós-embarque, bens",2014-05-28,URUGUAI,URY,INS-000158,Ente privado,Exportação de bens,Supplier,,,USD,Pessoal,LIQUIDADA,FNT-000012
BND-001483,5256258/0014,"Pós-embarque, bens",2014-05-28,URUGUAI,URY,INS-000158,Ente privado,Exportação de bens,Supplier,,,USD,Pessoal,LIQUIDADA,FNT-000012
BND-001484,5256258/0015,"Pós-embarque, bens",2014-05-28,URUGUAI,URY,INS-000158,Ente privado,Exportação de bens,Supplier,,,USD,Pessoal,LIQUIDADA,FNT-000012
BND-001485,5227847/0007,"Pós-embarque, bens",2014-06-16,PARAGUAI,PRY,INS-000232,Ente privado,Exportação de bens,Supplier,,,USD,Pessoal,LIQUIDADA,FNT-000012
BND-001486,5256258/0016,"Pós-embarque, bens",2014-06-26,URUGUAI,URY,INS-000158,Ente privado,Exportação de bens,Supplier,,,USD,Pessoal,LIQUIDADA,FNT-000012
BND-001487,2838300/0042,"Pós-embarque, bens",2014-06-26,CHILE,CHL,INS-000214,Ente privado,Exportação de bens,Buyer,,,USD,Pessoal,LIQUIDADA,FNT-000012
BND-001488,2838300/0043,"Pós-embarque, bens",2014-07-17,CHILE,CHL,INS-000220,Ente privado,Exportação de bens,Buyer,,,USD,Pessoal,LIQUIDADA,FNT-000012
BND-001489,2838300/0044,"Pós-embarque, bens",2014-07-17,CHILE,CHL,INS-000220,Ente privado,Exportação de bens,Buyer,,,USD,Pessoal,LIQUIDADA,FNT-000012
BND-001490,5387368/0004,"Pós-embarque, bens",2014-07-21,PARAGUAI,PRY,INS-000233,Ente privado,Exportação de bens,Supplier,,,USD,Pessoal,LIQUIDADA,FNT-000012
BND-001491,5387368/0005,"Pós-embarque, bens",2014-07-21,PARAGUAI,PRY,INS-000233,Ente privado,Exportação de bens,Supplier,,,USD,Pessoal,LIQUIDADA,FNT-000012
BND-001492,5227847/0008,"Pós-embarque, bens",2014-07-22,PARAGUAI,PRY,INS-000232,Ente privado,Exportação de bens,Supplier,,,USD,Pessoal,LIQUIDADA,FNT-000012
BND-001493,3460569/0004,"Pós-embarque, bens",2014-07-23,PERU,PER,INS-000165,Ente privado,Exportação de bens,Buyer,,,USD,Pessoal,LIQUIDADA,FNT-000012
BND-001494,3460569/0005,"Pós-embarque, bens",2014-07-23,PERU,PER,INS-000165,Ente privado,Exportação de bens,Buyer,,,USD,Pessoal,LIQUIDADA,FNT-000012
BND-001495,5387368/0006,"Pós-embarque, bens",2014-07-28,PARAGUAI,PRY,INS-000234,Ente privado,Exportação de bens,Supplier,,,USD,Pessoal,LIQUIDADA,FNT-000012
BND-001496,5227847/0009,"Pós-embarque, bens",2014-08-13,PARAGUAI,PRY,INS-000232,Ente privado,Exportação de bens,Supplier,,,USD,Pessoal,LIQUIDADA,FNT-000012
BND-001497,5387368/0007,"Pós-embarque, bens",2014-08-18,PARAGUAI,PRY,INS-000235,Ente privado,Exportação de bens,Supplier,,,USD,Pessoal,LIQUIDADA,FNT-000012
BND-001498,5443407/0001,"Pós-embarque, bens",2014-08-27,PARAGUAI,PRY,INS-000136,Ente privado,Exportação de bens,Supplier,,,USD,Pessoal,LIQUIDADA,FNT-000012
BND-001499,5387368/0008,"Pós-embarque, bens",2014-09-09,PARAGUAI,PRY,INS-000234,Ente privado,Exportação de bens,Supplier,,,USD,Pessoal,LIQUIDADA,FNT-000012
BND-001500,5227847/0010,"Pós-embarque, bens",2014-09-26,PARAGUAI,PRY,INS-000232,Ente privado,Exportação de bens,Supplier,,,USD,Pessoal,LIQUIDADA,FNT-000012
BND-001501,5387368/0009,"Pós-embarque, bens",2014-09-26,PARAGUAI,PRY,INS-000210,Ente privado,Exportação de bens,Supplier,,,USD,Pessoal,LIQUIDADA,FNT-000012
BND-001502,5387368/0010,"Pós-embarque, bens",2014-09-26,PARAGUAI,PRY,INS-000210,Ente privado,Exportação de bens,Supplier,,,USD,Pessoal,LIQUIDADA,FNT-000012
BND-001503,5387368/0011,"Pós-embarque, bens",2014-09-26,PARAGUAI,PRY,INS-000210,Ente privado,Exportação de bens,Supplier,,,USD,Pessoal,LIQUIDADA,FNT-000012
BND-001504,5387368/0012,"Pós-embarque, bens",2014-09-26,PARAGUAI,PRY,INS-000126,Ente privado,Exportação de bens,Supplier,,,USD,Pessoal,LIQUIDADA,FNT-000012
BND-001505,5387368/0013,"Pós-embarque, bens",2014-09-26,PARAGUAI,PRY,INS-000126,Ente privado,Exportação de bens,Supplier,,,USD,Pessoal,LIQUIDADA,FNT-000012
BND-001506,5443407/0002,"Pós-embarque, bens",2014-09-26,PARAGUAI,PRY,INS-000126,Ente privado,Exportação de bens,Supplier,,,USD,Pessoal,LIQUIDADA,FNT-000012
BND-001507,2838300/0045,"Pós-embarque, bens",2014-09-26,CHILE,CHL,INS-000152,Ente privado,Exportação de bens,Buyer,,,USD,Pessoal,LIQUIDADA,FNT-000012
BND-001508,2838300/0046,"Pós-embarque, bens",2014-09-26,CHILE,CHL,INS-000152,Ente privado,Exportação de bens,Buyer,,,USD,Pessoal,LIQUIDADA,FNT-000012
BND-001509,2838300/0047,"Pós-embarque, bens",2014-09-26,CHILE,CHL,INS-000152,Ente privado,Exportação de bens,Buyer,,,USD,Pessoal,LIQUIDADA,FNT-000012
BND-001510,2838300/0048,"Pós-embarque, bens",2014-09-26,CHILE,CHL,INS-000152,Ente privado,Exportação de bens,Buyer,,,USD,Pessoal,LIQUIDADA,FNT-000012
BND-001511,2838300/0049,"Pós-embarque, bens",2014-09-26,CHILE,CHL,INS-000152,Ente privado,Exportação de bens,Buyer,,,USD,Pessoal,LIQUIDADA,FNT-000012
BND-001512,2838300/0050,"Pós-embarque, bens",2014-09-26,CHILE,CHL,INS-000152,Ente privado,Exportação de bens,Buyer,,,USD,Pessoal,LIQUIDADA,FNT-000012
BND-001513,2838300/0051,"Pós-embarque, bens",2014-09-26,CHILE,CHL,INS-000152,Ente privado,Exportação de bens,Buyer,,,USD,Pessoal,LIQUIDADA,FNT-000012
BND-001514,2838300/0052,"Pós-embarque, bens",2014-09-26,CHILE,CHL,INS-000152,Ente privado,Exportação de bens,Buyer,,,USD,Pessoal,LIQUIDADA,FNT-000012
BND-001515,2838300/0053,"Pós-embarque, bens",2014-09-26,CHILE,CHL,INS-000152,Ente privado,Exportação de bens,Buyer,,,USD,Pessoal,LIQUIDADA,FNT-000012
BND-001516,2838300/0054,"Pós-embarque, bens",2014-10-13,CHILE,CHL,INS-000220,Ente privado,Exportação de bens,Buyer,,,USD,Pessoal,LIQUIDADA,FNT-000012
BND-001517,2838300/0055,"Pós-embarque, bens",2014-10-13,CHILE,CHL,INS-000220,Ente privado,Exportação de bens,Buyer,,,USD,Pessoal,LIQUIDADA,FNT-000012
BND-001518,2838300/0056,"Pós-embarque, bens",2014-10-13,CHILE,CHL,INS-000220,Ente privado,Exportação de bens,Buyer,,,USD,Pessoal,LIQUIDADA,FNT-000012
BND-001519,2838300/0057,"Pós-embarque, bens",2014-10-13,CHILE,CHL,INS-000220,Ente privado,Exportação de bens,Buyer,,,USD,Pessoal,LIQUIDADA,FNT-000012
BND-001520,2838300/0058,"Pós-embarque, bens",2014-10-13,CHILE,CHL,INS-000220,Ente privado,Exportação de bens,Buyer,,,USD,Pessoal,LIQUIDADA,FNT-000012
BND-001521,2838300/0059,"Pós-embarque, bens",2014-10-13,CHILE,CHL,INS-000220,Ente privado,Exportação de bens,Buyer,,,USD,Pessoal,LIQUIDADA,FNT-000012
BND-001522,2838300/0060,"Pós-embarque, bens",2014-10-13,CHILE,CHL,INS-000220,Ente privado,Exportação de bens,Buyer,,,USD,Pessoal,LIQUIDADA,FNT-000012
BND-001523,5443407/0003,"Pós-embarque, bens",2014-10-17,PARAGUAI,PRY,INS-000136,Ente privado,Exportação de bens,Supplier,,,USD,Pessoal,LIQUIDADA,FNT-000012
BND-001524,5443407/0004,"Pós-embarque, bens",2014-10-17,PARAGUAI,PRY,INS-000136,Ente privado,Exportação de bens,Supplier,,,USD,Pessoal,LIQUIDADA,FNT-000012
BND-001525,5443407/0005,"Pós-embarque, bens",2014-10-17,PARAGUAI,PRY,INS-000136,Ente privado,Exportação de bens,Supplier,,,USD,Pessoal,LIQUIDADA,FNT-000012
BND-001526,5443407/0006,"Pós-embarque, bens",2014-10-17,PARAGUAI,PRY,INS-000136,Ente privado,Exportação de bens,Supplier,,,USD,Pessoal,LIQUIDADA,FNT-000012
BND-001527,5387368/0014,"Pós-embarque, bens",2014-10-17,PARAGUAI,PRY,INS-000210,Ente privado,Exportação de bens,Supplier,,,USD,Pessoal,LIQUIDADA,FNT-000012
BND-001528,2838300/0061,"Pós-embarque, bens",2014-10-17,CHILE,CHL,INS-000133,Ente privado,Exportação de bens,Buyer,,,USD,Pessoal,LIQUIDADA,FNT-000012
BND-001529,5227847/0011,"Pós-embarque, bens",2014-10-22,PARAGUAI,PRY,INS-000232,Ente privado,Exportação de bens,Supplier,,,USD,Pessoal,LIQUIDADA,FNT-000012
BND-001530,2838300/0062,"Pós-embarque, bens",2014-10-27,CHILE,CHL,INS-000152,Ente privado,Exportação de bens,Buyer,,,USD,Pessoal,LIQUIDADA,FNT-000012
BND-001531,2838300/0063,"Pós-embarque, bens",2014-10-27,CHILE,CHL,INS-000152,Ente privado,Exportação de bens,Buyer,,,USD,Pessoal,LIQUIDADA,FNT-000012
BND-001532,5443407/0007,"Pós-embarque, bens",2014-11-14,PARAGUAI,PRY,INS-000136,Ente privado,Exportação de bens,Supplier,,,USD,Pessoal,LIQUIDADA,FNT-000012
BND-001533,5387368/0015,"Pós-embarque, bens",2014-11-18,PARAGUAI,PRY,INS-000236,Ente privado,Exportação de bens,Supplier,,,USD,Pessoal,LIQUIDADA,FNT-000012
BND-001534,5387368/0016,"Pós-embarque, bens",2014-11-18,PARAGUAI,PRY,INS-000236,Ente privado,Exportação de bens,Supplier,,,USD,Pessoal,LIQUIDADA,FNT-000012
BND-001535,5508289/0001,"Pós-embarque, bens",2014-11-26,REPUBLICA DOMINICANA,DOM,INS-000151,Ente privado,Exportação de bens,Supplier,,,USD,Pessoal,LIQUIDADA,FNT-000012
BND-001536,5426738,"Pós-embarque, bens",2014-12-12,CUBA,CUB,INS-000192,Ente público,Exportação de bens,Supplier,,,USD,Seguro de crédito/FGE,ATIVA,FNT-000012
BND-001537,5426738,"Pós-embarque, bens",2014-12-12,CUBA,CUB,INS-000192,Ente público,Exportação de bens,Supplier,,,USD,Seguro de crédito/FGE,LIQUIDADA,FNT-000012
BND-001538,5443407/0011,"Pós-embarque, bens",2014-12-16,PARAGUAI,PRY,INS-000136,Ente privado,Exportação de bens,Supplier,,,USD,Pessoal,LIQUIDADA,FNT-000012
BND-001539,5443407/0012,"Pós-embarque, bens",2014-12-16,PARAGUAI,PRY,INS-000136,Ente privado,Exportação de bens,Supplier,,,USD,Pessoal,LIQUIDADA,FNT-000012
BND-001540,5443407/0010,"Pós-embarque, bens",2014-12-16,PARAGUAI,PRY,INS-000126,Ente privado,Exportação de bens,Supplier,,,USD,Pessoal,LIQUIDADA,FNT-000012
BND-001541,5443407/0013,"Pós-embarque, bens",2014-12-17,PARAGUAI,PRY,INS-000126,Ente privado,Exportação de bens,Supplier,,,USD,Pessoal,LIQUIDADA,FNT-000012
BND-001542,5227847/0012,"Pós-embarque, bens",2014-12-19,PARAGUAI,PRY,INS-000232,Ente privado,Exportação de bens,Supplier,,,USD,Pessoal,LIQUIDADA,FNT-000012
BND-001543,5494263/0001,"Pós-embarque, bens",2014-12-19,URUGUAI,URY,INS-000210,Ente privado,Exportação de bens,Supplier,,,USD,Pessoal,LIQUIDADA,FNT-000012
BND-001544,5494263/0002,"Pós-embarque, bens",2014-12-19,URUGUAI,URY,INS-000210,Ente privado,Exportação de bens,Supplier,,,USD,Pessoal,LIQUIDADA,FNT-000012
BND-001545,5387368/0017,"Pós-embarque, bens",2014-12-23,PARAGUAI,PRY,INS-000210,Ente privado,Exportação de bens,Supplier,,,USD,Pessoal,LIQUIDADA,FNT-000012
BND-001546,5387368/0018,"Pós-embarque, bens",2014-12-23,PARAGUAI,PRY,INS-000210,Ente privado,Exportação de bens,Supplier,,,USD,Pessoal,LIQUIDADA,FNT-000012
BND-001547,5457405/0001,"Pós-embarque, bens",2014-12-23,ARGENTINA,ARG,INS-000191,Ente privado,Exportação de bens,Supplier,,,USD,Pessoal,LIQUIDADA,FNT-000012
BND-001548,5494263/0003,"Pós-embarque, bens",2014-12-26,URUGUAI,URY,INS-000210,Ente privado,Exportação de bens,Supplier,,,USD,Pessoal,LIQUIDADA,FNT-000012
BND-001549,5494263/0004,"Pós-embarque, bens",2014-12-26,URUGUAI,URY,INS-000210,Ente privado,Exportação de bens,Supplier,,,USD,Pessoal,LIQUIDADA,FNT-000012
BND-001550,5389788,"Pós-embarque, bens",2015-01-14,ESTADOS UNIDOS,USA,INS-000139,Ente privado,Exportação de bens,Buyer,,,USD,Real / Pessoal,ATIVA,FNT-000012
BND-001551,5387368/0019,"Pós-embarque, bens",2015-01-16,PARAGUAI,PRY,INS-000165,Ente privado,Exportação de bens,Supplier,,,USD,Pessoal,LIQUIDADA,FNT-000012
BND-001552,5387368/0020,"Pós-embarque, bens",2015-01-28,PARAGUAI,PRY,INS-000165,Ente privado,Exportação de bens,Supplier,,,USD,Pessoal,LIQUIDADA,FNT-000012
BND-001553,5514572/0001,"Pós-embarque, bens",2015-01-28,URUGUAI,URY,INS-000163,Ente privado,Exportação de bens,Supplier,,,USD,Pessoal,LIQUIDADA,FNT-000012
BND-001554,5478195/0001,"Pós-embarque, bens",2015-01-28,ARGENTINA,ARG,INS-000210,Ente privado,Exportação de bens,Supplier,,,USD,Pessoal,LIQUIDADA,FNT-000012
BND-001555,5387368/0021,"Pós-embarque, bens",2015-02-12,PARAGUAI,PRY,INS-000210,Ente privado,Exportação de bens,Supplier,,,USD,Pessoal,LIQUIDADA,FNT-000012
BND-001556,5457405/0002,"Pós-embarque, bens",2015-02-13,ARGENTINA,ARG,INS-000191,Ente privado,Exportação de bens,Supplier,,,USD,Pessoal,LIQUIDADA,FNT-000012
BND-001557,5387368/0023,"Pós-embarque, bens",2015-02-25,PARAGUAI,PRY,INS-000136,Ente privado,Exportação de bens,Supplier,,,USD,Pessoal,LIQUIDADA,FNT-000012
BND-001558,5387368/0024,"Pós-embarque, bens",2015-02-25,PARAGUAI,PRY,INS-000136,Ente privado,Exportação de bens,Supplier,,,USD,Pessoal,LIQUIDADA,FNT-000012
BND-001559,5387368/0022,"Pós-embarque, bens",2015-02-25,PARAGUAI,PRY,INS-000165,Ente privado,Exportação de bens,Supplier,,,USD,Pessoal,LIQUIDADA,FNT-000012
BND-001560,5387368/0025,"Pós-embarque, bens",2015-02-25,PARAGUAI,PRY,INS-000165,Ente privado,Exportação de bens,Supplier,,,USD,Pessoal,LIQUIDADA,FNT-000012
BND-001561,5387368/0026,"Pós-embarque, bens",2015-02-25,PARAGUAI,PRY,INS-000165,Ente privado,Exportação de bens,Supplier,,,USD,Pessoal,LIQUIDADA,FNT-000012
BND-001562,5227847/0013,"Pós-embarque, bens",2015-03-11,PARAGUAI,PRY,INS-000232,Ente privado,Exportação de bens,Supplier,,,USD,Pessoal,LIQUIDADA,FNT-000012
BND-001563,5457405/0003,"Pós-embarque, bens",2015-03-12,ARGENTINA,ARG,INS-000166,Ente privado,Exportação de bens,Supplier,,,USD,Pessoal,LIQUIDADA,FNT-000012
BND-001564,5387368/0027,"Pós-embarque, bens",2015-03-25,PARAGUAI,PRY,INS-000136,Ente privado,Exportação de bens,Supplier,,,USD,Pessoal,LIQUIDADA,FNT-000012
BND-001565,5387368/0028,"Pós-embarque, bens",2015-03-25,PARAGUAI,PRY,INS-000136,Ente privado,Exportação de bens,Supplier,,,USD,Pessoal,LIQUIDADA,FNT-000012
BND-001566,5387368/0029,"Pós-embarque, bens",2015-03-25,PARAGUAI,PRY,INS-000136,Ente privado,Exportação de bens,Supplier,,,USD,Pessoal,LIQUIDADA,FNT-000012
BND-001567,5388314,"Pós-embarque, bens",2015-03-27,ESTADOS UNIDOS,USA,INS-000207,Ente privado,Exportação de bens,Supplier,,,USD,Pessoal,LIQUIDADA,FNT-000012
BND-001568,5387368/0030,"Pós-embarque, bens",2015-04-27,PARAGUAI,PRY,INS-000136,Ente privado,Exportação de bens,Supplier,,,USD,Pessoal,LIQUIDADA,FNT-000012
BND-001569,5387368/0031,"Pós-embarque, bens",2015-04-27,PARAGUAI,PRY,INS-000136,Ente privado,Exportação de bens,Supplier,,,USD,Pessoal,LIQUIDADA,FNT-000012
BND-001570,5387368/0032,"Pós-embarque, bens",2015-06-17,PARAGUAI,PRY,INS-000136,Ente privado,Exportação de bens,Supplier,,,USD,Pessoal,LIQUIDADA,FNT-000012
BND-001571,5387368/0033,"Pós-embarque, bens",2015-06-17,PARAGUAI,PRY,INS-000165,Ente privado,Exportação de bens,Supplier,,,USD,Pessoal,LIQUIDADA,FNT-000012
BND-001572,5387368/0035,"Pós-embarque, bens",2015-06-17,PARAGUAI,PRY,INS-000165,Ente privado,Exportação de bens,Supplier,,,USD,Pessoal,LIQUIDADA,FNT-000012
BND-001573,5569151/0001,"Pós-embarque, bens",2015-06-17,MOCAMBIQUE,MOZ,INS-000210,Ente privado,Exportação de bens,Supplier,,,USD,Pessoal,LIQUIDADA,FNT-000012
BND-001574,5514550/0001,"Pós-embarque, bens",2015-06-17,ARGENTINA,ARG,INS-000159,Ente privado,Exportação de bens,Supplier,,,USD,Pessoal,LIQUIDADA,FNT-000012
BND-001575,5387368/0036,"Pós-embarque, bens",2015-06-18,PARAGUAI,PRY,INS-000165,Ente privado,Exportação de bens,Supplier,,,USD,Pessoal,LIQUIDADA,FNT-000012
BND-001576,5514568/0001,"Pós-embarque, bens",2015-06-22,PARAGUAI,PRY,INS-000237,Ente privado,Exportação de bens,Supplier,,,USD,Pessoal,LIQUIDADA,FNT-000012
BND-001577,5514572/0002,"Pós-embarque, bens",2015-06-23,URUGUAI,URY,INS-000128,Ente privado,Exportação de bens,Supplier,,,USD,Pessoal,LIQUIDADA,FNT-000012
BND-001578,5387368/0037,"Pós-embarque, bens",2015-06-25,PARAGUAI,PRY,INS-000210,Ente privado,Exportação de bens,Supplier,,,USD,Pessoal,LIQUIDADA,FNT-000012
BND-001579,5514568/0002,"Pós-embarque, bens",2015-06-26,PARAGUAI,PRY,INS-000136,Ente privado,Exportação de bens,Supplier,,,USD,Pessoal,LIQUIDADA,FNT-000012
BND-001580,5613006/0001,"Pós-embarque, bens",2015-06-26,GUATEMALA,GTM,INS-000238,Ente privado,Exportação de bens,Supplier,,,USD,Pessoal,LIQUIDADA,FNT-000012
BND-001581,5569151/0002,"Pós-embarque, bens",2015-06-26,MOCAMBIQUE,MOZ,INS-000210,Ente privado,Exportação de bens,Supplier,,,USD,Pessoal,LIQUIDADA,FNT-000012
BND-001582,5478195/0002,"Pós-embarque, bens",2015-06-26,ARGENTINA,ARG,INS-000128,Ente privado,Exportação de bens,Supplier,,,USD,Pessoal,LIQUIDADA,FNT-000012
BND-001583,5495218,"Pós-embarque, bens",2015-06-30,ESTADOS UNIDOS,USA,INS-000139,Ente privado,Exportação de bens,Buyer,,,USD,Real / Pessoal,ATIVA,FNT-000012
BND-001584,5495218,"Pós-embarque, bens",2015-06-30,ESTADOS UNIDOS,USA,INS-000139,Ente privado,Exportação de bens,Buyer,,,USD,Real / Pessoal,LIQUIDADA,FNT-000012
BND-001585,5495218,"Pós-embarque, bens",2015-06-30,ESTADOS UNIDOS,USA,INS-000239,Ente privado,Exportação de bens,Buyer,,,USD,Real / Pessoal,ATIVA,FNT-000012
BND-001586,5387368/0038,"Pós-embarque, bens",2015-07-10,PARAGUAI,PRY,INS-000165,Ente privado,Exportação de bens,Supplier,,,USD,Pessoal,LIQUIDADA,FNT-000012
BND-001587,5387368/0039,"Pós-embarque, bens",2015-07-10,PARAGUAI,PRY,INS-000165,Ente privado,Exportação de bens,Supplier,,,USD,Pessoal,LIQUIDADA,FNT-000012
BND-001588,5387368/0040,"Pós-embarque, bens",2015-07-10,PARAGUAI,PRY,INS-000165,Ente privado,Exportação de bens,Supplier,,,USD,Pessoal,LIQUIDADA,FNT-000012
BND-001589,5514524/0001,"Pós-embarque, bens",2015-07-10,URUGUAI,URY,INS-000240,Ente privado,Exportação de bens,Supplier,,,USD,Pessoal,LIQUIDADA,FNT-000012
BND-001590,5667282,"Pós-embarque, bens",2015-07-17,ESTADOS UNIDOS,USA,INS-000139,Ente privado,Exportação de bens,Buyer,,,USD,Seguro de crédito/FGE / Real / Pessoal,ATIVA,FNT-000012
BND-001591,5663916,"Pós-embarque, bens",2015-07-24,ESTADOS UNIDOS,USA,INS-000139,Ente privado,Exportação de bens,Buyer,,,USD,Real / Pessoal,ATIVA,FNT-000012
BND-001592,5387368/0041,"Pós-embarque, bens",2015-07-29,PARAGUAI,PRY,INS-000165,Ente privado,Exportação de bens,Supplier,,,USD,Pessoal,LIQUIDADA,FNT-000012
BND-001593,5387368/0042,"Pós-embarque, bens",2015-07-29,PARAGUAI,PRY,INS-000126,Ente privado,Exportação de bens,Supplier,,,USD,Pessoal,LIQUIDADA,FNT-000012
BND-001594,5382852,"Pós-embarque, bens",2015-08-07,CUBA,CUB,INS-000188,Ente público,Exportação de bens,Supplier,,,USD,Seguro de crédito/ FGE,ATIVA,FNT-000012
BND-001595,5514572/0003,"Pós-embarque, bens",2015-08-21,URUGUAI,URY,INS-000241,Ente privado,Exportação de bens,Supplier,,,USD,Pessoal,LIQUIDADA,FNT-000012
BND-001596,5514550/0002,"Pós-embarque, bens",2015-08-26,ARGENTINA,ARG,INS-000242,Ente privado,Exportação de bens,Supplier,,,USD,Pessoal,LIQUIDADA,FNT-000012
BND-001597,5457405/0004,"Pós-embarque, bens",2015-10-15,ARGENTINA,ARG,INS-000166,Ente privado,Exportação de bens,Supplier,,,USD,Pessoal,LIQUIDADA,FNT-000012
BND-001598,5514565/0001,"Pós-embarque, bens",2015-10-21,ARGENTINA,ARG,INS-000202,Ente privado,Exportação de bens,Supplier,,,USD,Pessoal,LIQUIDADA,FNT-000012
BND-001599,5546716/0001,"Pós-embarque, bens",2015-12-18,ANGOLA,AGO,INS-000243,Ente privado,Exportação de bens,Supplier,,,USD,Pessoal,LIQUIDADA,FNT-000012
BND-001600,5519714,"Pós-embarque, bens",2016-01-15,ARGENTINA,ARG,INS-000183,Ente privado,Exportação de bens,Supplier,,,USD,Pessoal,LIQUIDADA,FNT-000012
BND-001601,5519714,"Pós-embarque, bens",2016-01-27,ARGENTINA,ARG,INS-000183,Ente privado,Exportação de bens,Supplier,,,USD,Pessoal,LIQUIDADA,FNT-000012
BND-001602,5443407/0014,"Pós-embarque, bens",2016-03-16,PARAGUAI,PRY,INS-000236,Ente privado,Exportação de bens,Supplier,,,USD,Pessoal,LIQUIDADA,FNT-000012
BND-001603,5443407/0015,"Pós-embarque, bens",2016-03-16,PARAGUAI,PRY,INS-000236,Ente privado,Exportação de bens,Supplier,,,USD,Pessoal,LIQUIDADA,FNT-000012
BND-001604,5443407/0016,"Pós-embarque, bens",2016-03-16,PARAGUAI,PRY,INS-000236,Ente privado,Exportação de bens,Supplier,,,USD,Pessoal,LIQUIDADA,FNT-000012
BND-001605,5744932,"Pós-embarque, bens",2016-03-18,ESTADOS UNIDOS,USA,INS-000139,Ente privado,Exportação de bens,Buyer,,,USD,Seguro de crédito/FGE / Real / Pessoal,ATIVA,FNT-000012
BND-001606,5559598,"Pós-embarque, bens",2016-03-22,CUBA,CUB,INS-000183,Ente público,Exportação de bens,Supplier,,,USD,Seguro de crédito/FGE,ATIVA,FNT-000012
BND-001607,5443407/0017,"Pós-embarque, bens",2016-03-22,PARAGUAI,PRY,INS-000236,Ente privado,Exportação de bens,Supplier,,,USD,Pessoal,LIQUIDADA,FNT-000012
BND-001608,5443407/0018,"Pós-embarque, bens",2016-03-22,PARAGUAI,PRY,INS-000236,Ente privado,Exportação de bens,Supplier,,,USD,Pessoal,LIQUIDADA,FNT-000012
BND-001609,5443407/0019,"Pós-embarque, bens",2016-03-22,PARAGUAI,PRY,INS-000236,Ente privado,Exportação de bens,Supplier,,,USD,Pessoal,LIQUIDADA,FNT-000012
BND-001610,5443407/0020,"Pós-embarque, bens",2016-03-22,PARAGUAI,PRY,INS-000236,Ente privado,Exportação de bens,Supplier,,,USD,Pessoal,LIQUIDADA,FNT-000012
BND-001611,5443407/0021,"Pós-embarque, bens",2016-03-22,PARAGUAI,PRY,INS-000236,Ente privado,Exportação de bens,Supplier,,,USD,Pessoal,LIQUIDADA,FNT-000012
BND-001612,5514559/0001,"Pós-embarque, bens",2016-03-29,EL SALVADOR,SLV,INS-000244,Ente privado,Exportação de bens,Supplier,,,USD,Pessoal,LIQUIDADA,FNT-000012
BND-001613,5514559/0002,"Pós-embarque, bens",2016-03-29,EL SALVADOR,SLV,INS-000244,Ente privado,Exportação de bens,Supplier,,,USD,Pessoal,LIQUIDADA,FNT-000012
BND-001614,5646817/0001,"Pós-embarque, bens",2016-05-11,EQUADOR,ECU,INS-000159,Ente privado,Exportação de bens,Supplier,,,USD,Pessoal,LIQUIDADA,FNT-000012
BND-001615,5387368/0043,"Pós-embarque, bens",2016-05-23,PARAGUAI,PRY,INS-000165,Ente privado,Exportação de bens,Supplier,,,USD,Pessoal,LIQUIDADA,FNT-000012
BND-001616,5387368/0044,"Pós-embarque, bens",2016-05-23,PARAGUAI,PRY,INS-000165,Ente privado,Exportação de bens,Supplier,,,USD,Pessoal,LIQUIDADA,FNT-000012
BND-001617,5646817/0002,"Pós-embarque, bens",2016-05-23,EQUADOR,ECU,INS-000235,Ente privado,Exportação de bens,Supplier,,,USD,Pessoal,LIQUIDADA,FNT-000012
BND-001618,5387368/0045,"Pós-embarque, bens",2016-05-24,PARAGUAI,PRY,INS-000165,Ente privado,Exportação de bens,Supplier,,,USD,Pessoal,LIQUIDADA,FNT-000012
BND-001619,5387368/0046,"Pós-embarque, bens",2016-05-24,PARAGUAI,PRY,INS-000165,Ente privado,Exportação de bens,Supplier,,,USD,Pessoal,LIQUIDADA,FNT-000012
BND-001620,5794860,"Pós-embarque, bens",2016-05-30,ESTADOS UNIDOS,USA,INS-000139,Ente privado,Exportação de bens,Buyer,,,USD,Seguro de crédito/FGE / Real / Pessoal,ATIVA,FNT-000012
BND-001621,5387368/0047,"Pós-embarque, bens",2016-06-27,PARAGUAI,PRY,INS-000166,Ente privado,Exportação de bens,Supplier,,,USD,Pessoal,LIQUIDADA,FNT-000012
BND-001622,5387368/0048,"Pós-embarque, bens",2016-07-08,PARAGUAI,PRY,INS-000165,Ente privado,Exportação de bens,Supplier,,,USD,Pessoal,LIQUIDADA,FNT-000012
BND-001623,5646817/0003,"Pós-embarque, bens",2016-07-20,EQUADOR,ECU,INS-000130,Ente privado,Exportação de bens,Supplier,,,USD,Pessoal,LIQUIDADA,FNT-000012
BND-001624,5646817/0004,"Pós-embarque, bens",2016-07-20,EQUADOR,ECU,INS-000130,Ente privado,Exportação de bens,Supplier,,,USD,Pessoal,LIQUIDADA,FNT-000012
BND-001625,5519714,"Pós-embarque, bens",2016-08-11,ARGENTINA,ARG,INS-000183,Ente privado,Exportação de bens,Supplier,,,USD,Pessoal,LIQUIDADA,FNT-000012
BND-001626,5758994/0001,"Pós-embarque, bens",2016-08-12,EL SALVADOR,SLV,INS-000144,Ente privado,Exportação de bens,Supplier,,,USD,Pessoal,LIQUIDADA,FNT-000012
BND-001627,5646817/0005,"Pós-embarque, bens",2016-08-15,EQUADOR,ECU,INS-000125,Ente privado,Exportação de bens,Supplier,,,USD,Pessoal,LIQUIDADA,FNT-000012
BND-001628,5646817/0006,"Pós-embarque, bens",2016-08-15,EQUADOR,ECU,INS-000125,Ente privado,Exportação de bens,Supplier,,,USD,Pessoal,LIQUIDADA,FNT-000012
BND-001629,5646817/0007,"Pós-embarque, bens",2016-08-15,EQUADOR,ECU,INS-000125,Ente privado,Exportação de bens,Supplier,,,USD,Pessoal,LIQUIDADA,FNT-000012
BND-001630,5387368/0049,"Pós-embarque, bens",2016-09-12,PARAGUAI,PRY,INS-000165,Ente privado,Exportação de bens,Supplier,,,USD,Pessoal,LIQUIDADA,FNT-000012
BND-001631,5758998/0001,"Pós-embarque, bens",2016-09-23,PARAGUAI,PRY,INS-000153,Ente privado,Exportação de bens,Supplier,,,USD,Pessoal,LIQUIDADA,FNT-000012
BND-001632,5759008/0001,"Pós-embarque, bens",2016-10-11,PARAGUAI,PRY,INS-000126,Ente privado,Exportação de bens,Supplier,,,USD,Pessoal,LIQUIDADA,FNT-000012
BND-001633,5675059/0001,"Pós-embarque, bens",2016-10-11,EQUADOR,ECU,INS-000245,Ente privado,Exportação de bens,Supplier,,,USD,Pessoal,LIQUIDADA,FNT-000012
BND-001634,5646817/0008,"Pós-embarque, bens",2016-10-14,EQUADOR,ECU,INS-000125,Ente privado,Exportação de bens,Supplier,,,USD,Pessoal,LIQUIDADA,FNT-000012
BND-001635,5759008/0002,"Pós-embarque, bens",2016-10-19,PARAGUAI,PRY,INS-000126,Ente privado,Exportação de bens,Supplier,,,USD,Pessoal,LIQUIDADA,FNT-000012
BND-001636,5754519/0001,"Pós-embarque, bens",2016-10-27,PARAGUAI,PRY,INS-000210,Ente privado,Exportação de bens,Supplier,,,USD,Pessoal,LIQUIDADA,FNT-000012
BND-001637,5754519/0002,"Pós-embarque, bens",2016-10-27,PARAGUAI,PRY,INS-000210,Ente privado,Exportação de bens,Supplier,,,USD,Pessoal,LIQUIDADA,FNT-000012
BND-001638,5646817/0009,"Pós-embarque, bens",2016-11-14,EQUADOR,ECU,INS-000183,Ente privado,Exportação de bens,Supplier,,,USD,Pessoal,LIQUIDADA,FNT-000012
BND-001639,5758998/0002,"Pós-embarque, bens",2016-11-28,PARAGUAI,PRY,INS-000153,Ente privado,Exportação de bens,Supplier,,,USD,Pessoal,LIQUIDADA,FNT-000012
BND-001640,5789443/0001,"Pós-embarque, bens",2016-11-28,PARAGUAI,PRY,INS-000125,Ente privado,Exportação de bens,Supplier,,,USD,Pessoal,LIQUIDADA,FNT-000012
BND-001641,5830934/0001,"Pós-embarque, bens",2016-11-28,ARGENTINA,ARG,INS-000246,Ente privado,Exportação de bens,Supplier,,,USD,Pessoal,LIQUIDADA,FNT-000012
BND-001642,5789443/0002,"Pós-embarque, bens",2016-11-28,PARAGUAI,PRY,INS-000247,Ente privado,Exportação de bens,Supplier,,,USD,Pessoal,LIQUIDADA,FNT-000012
BND-001643,5758998/0003,"Pós-embarque, bens",2016-12-09,PARAGUAI,PRY,INS-000153,Ente privado,Exportação de bens,Supplier,,,USD,Pessoal,LIQUIDADA,FNT-000012
BND-001644,5804403/0001,"Pós-embarque, bens",2016-12-12,EQUADOR,ECU,INS-000183,Ente privado,Exportação de bens,Supplier,,,USD,Pessoal,LIQUIDADA,FNT-000012
BND-001645,5830935/0001,"Pós-embarque, bens",2016-12-21,ARGENTINA,ARG,INS-000159,Ente privado,Exportação de bens,Supplier,,,USD,Pessoal,LIQUIDADA,FNT-000012
BND-001646,5789443/0003,"Pós-embarque, bens",2016-12-21,PARAGUAI,PRY,INS-000151,Ente privado,Exportação de bens,Supplier,,,USD,Pessoal,LIQUIDADA,FNT-000012
BND-001647,5519714,"Pós-embarque, bens",2016-12-28,ARGENTINA,ARG,INS-000183,Ente privado,Exportação de bens,Supplier,,,USD,Pessoal,LIQUIDADA,FNT-000012
BND-001648,5759008/0003,"Pós-embarque, bens",2016-12-28,PARAGUAI,PRY,INS-000153,Ente privado,Exportação de bens,Supplier,,,USD,Pessoal,LIQUIDADA,FNT-000012
BND-001649,5759010/0001,"Pós-embarque, bens",2016-12-28,PARAGUAI,PRY,INS-000153,Ente privado,Exportação de bens,Supplier,,,USD,Pessoal,LIQUIDADA,FNT-000012
BND-001650,5759010/0002,"Pós-embarque, bens",2017-01-12,PARAGUAI,PRY,INS-000153,Ente privado,Exportação de bens,Supplier,,,USD,Pessoal,LIQUIDADA,FNT-000012
BND-001651,5754519/0003,"Pós-embarque, bens",2017-01-13,PARAGUAI,PRY,INS-000248,Ente privado,Exportação de bens,Supplier,,,USD,Pessoal,LIQUIDADA,FNT-000012
BND-001652,5754519/0004,"Pós-embarque, bens",2017-01-17,PARAGUAI,PRY,INS-000210,Ente privado,Exportação de bens,Supplier,,,USD,Pessoal,LIQUIDADA,FNT-000012
BND-001653,5387368/0050,"Pós-embarque, bens",2017-01-25,PARAGUAI,PRY,INS-000165,Ente privado,Exportação de bens,Supplier,,,USD,Pessoal,LIQUIDADA,FNT-000012
BND-001654,5830936/0001,"Pós-embarque, bens",2017-01-27,ARGENTINA,ARG,INS-000145,Ente privado,Exportação de bens,Supplier,,,USD,Pessoal,LIQUIDADA,FNT-000012
BND-001655,5830936/0002,"Pós-embarque, bens",2017-01-27,ARGENTINA,ARG,INS-000183,Ente privado,Exportação de bens,Supplier,,,USD,Pessoal,LIQUIDADA,FNT-000012
BND-001656,5759010/0003,"Pós-embarque, bens",2017-02-09,PARAGUAI,PRY,INS-000153,Ente privado,Exportação de bens,Supplier,,,USD,Pessoal,LIQUIDADA,FNT-000012
BND-001657,5830934/0002,"Pós-embarque, bens",2017-02-10,ARGENTINA,ARG,INS-000249,Ente privado,Exportação de bens,Supplier,,,USD,Pessoal,LIQUIDADA,FNT-000012
BND-001658,5789443/0004,"Pós-embarque, bens",2017-02-20,PARAGUAI,PRY,INS-000217,Ente privado,Exportação de bens,Supplier,,,USD,Pessoal,LIQUIDADA,FNT-000012
BND-001659,5758998/0004,"Pós-embarque, bens",2017-02-20,PARAGUAI,PRY,INS-000250,Ente privado,Exportação de bens,Supplier,,,USD,Pessoal,LIQUIDADA,FNT-000012
BND-001660,5758998/0005,"Pós-embarque, bens",2017-02-20,PARAGUAI,PRY,INS-000250,Ente privado,Exportação de bens,Supplier,,,USD,Pessoal,LIQUIDADA,FNT-000012
BND-001661,5789443/0005,"Pós-embarque, bens",2017-02-22,PARAGUAI,PRY,INS-000217,Ente privado,Exportação de bens,Supplier,,,USD,Pessoal,LIQUIDADA,FNT-000012
BND-001662,5646817/0010,"Pós-embarque, bens",2017-03-08,EQUADOR,ECU,INS-000251,Ente privado,Exportação de bens,Supplier,,,USD,Pessoal,LIQUIDADA,FNT-000012
BND-001663,5646817/0011,"Pós-embarque, bens",2017-03-15,EQUADOR,ECU,INS-000125,Ente privado,Exportação de bens,Supplier,,,USD,Pessoal,LIQUIDADA,FNT-000012
BND-001664,5789443/0006,"Pós-embarque, bens",2017-04-10,PARAGUAI,PRY,INS-000252,Ente privado,Exportação de bens,Supplier,,,USD,Pessoal,LIQUIDADA,FNT-000012
BND-001665,5789443/0007,"Pós-embarque, bens",2017-04-10,PARAGUAI,PRY,INS-000252,Ente privado,Exportação de bens,Supplier,,,USD,Pessoal,LIQUIDADA,FNT-000012
BND-001666,5789443/0008,"Pós-embarque, bens",2017-04-10,PARAGUAI,PRY,INS-000252,Ente privado,Exportação de bens,Supplier,,,USD,Pessoal,LIQUIDADA,FNT-000012
BND-001667,5789443/0009,"Pós-embarque, bens",2017-04-10,PARAGUAI,PRY,INS-000252,Ente privado,Exportação de bens,Supplier,,,USD,Pessoal,LIQUIDADA,FNT-000012
BND-001668,5789443/0010,"Pós-embarque, bens",2017-04-10,PARAGUAI,PRY,INS-000252,Ente privado,Exportação de bens,Supplier,,,USD,Pessoal,LIQUIDADA,FNT-000012
BND-001669,5789443/0011,"Pós-embarque, bens",2017-04-10,PARAGUAI,PRY,INS-000252,Ente privado,Exportação de bens,Supplier,,,USD,Pessoal,LIQUIDADA,FNT-000012
BND-001670,5789443/0012,"Pós-embarque, bens",2017-04-10,PARAGUAI,PRY,INS-000252,Ente privado,Exportação de bens,Supplier,,,USD,Pessoal,LIQUIDADA,FNT-000012
BND-001671,5830952/0001,"Pós-embarque, bens",2017-04-11,ARGENTINA,ARG,INS-000204,Ente privado,Exportação de bens,Supplier,,,USD,Pessoal,LIQUIDADA,FNT-000012
BND-001672,5830952/0002,"Pós-embarque, bens",2017-04-11,ARGENTINA,ARG,INS-000204,Ente privado,Exportação de bens,Supplier,,,USD,Pessoal,LIQUIDADA,FNT-000012
BND-001673,5759008/0004,"Pós-embarque, bens",2017-04-13,PARAGUAI,PRY,INS-000165,Ente privado,Exportação de bens,Supplier,,,USD,Pessoal,LIQUIDADA,FNT-000012
BND-001674,5830936/0003,"Pós-embarque, bens",2017-04-18,ARGENTINA,ARG,INS-000253,Ente privado,Exportação de bens,Supplier,,,USD,Pessoal,LIQUIDADA,FNT-000012
BND-001675,5646817/0012,"Pós-embarque, bens",2017-04-25,EQUADOR,ECU,INS-000165,Ente privado,Exportação de bens,Supplier,,,USD,Pessoal,LIQUIDADA,FNT-000012
BND-001676,5804403/0002,"Pós-embarque, bens",2017-05-09,EQUADOR,ECU,INS-000183,Ente privado,Exportação de bens,Supplier,,,USD,Pessoal,LIQUIDADA,FNT-000012
BND-001677,5804403/0003,"Pós-embarque, bens",2017-05-09,EQUADOR,ECU,INS-000183,Ente privado,Exportação de bens,Supplier,,,USD,Pessoal,LIQUIDADA,FNT-000012
BND-001678,5830936/0004,"Pós-embarque, bens",2017-05-09,ARGENTINA,ARG,INS-000253,Ente privado,Exportação de bens,Supplier,,,USD,Pessoal,LIQUIDADA,FNT-000012
BND-001679,5789443/0013,"Pós-embarque, bens",2017-05-11,PARAGUAI,PRY,INS-000158,Ente privado,Exportação de bens,Supplier,,,USD,Pessoal,LIQUIDADA,FNT-000012
BND-001680,5789443/0014,"Pós-embarque, bens",2017-05-11,PARAGUAI,PRY,INS-000158,Ente privado,Exportação de bens,Supplier,,,USD,Pessoal,LIQUIDADA,FNT-000012
BND-001681,5789443/0015,"Pós-embarque, bens",2017-05-11,PARAGUAI,PRY,INS-000158,Ente privado,Exportação de bens,Supplier,,,USD,Pessoal,LIQUIDADA,FNT-000012
BND-001682,5789443/0016,"Pós-embarque, bens",2017-05-11,PARAGUAI,PRY,INS-000158,Ente privado,Exportação de bens,Supplier,,,USD,Pessoal,LIQUIDADA,FNT-000012
BND-001683,5816190/0001,"Pós-embarque, bens",2017-05-15,PARAGUAI,PRY,INS-000204,Ente privado,Exportação de bens,Supplier,,,USD,Pessoal,LIQUIDADA,FNT-000012
BND-001684,5816190/0002,"Pós-embarque, bens",2017-05-15,PARAGUAI,PRY,INS-000204,Ente privado,Exportação de bens,Supplier,,,USD,Pessoal,LIQUIDADA,FNT-000012
BND-001685,5759008/0005,"Pós-embarque, bens",2017-05-17,PARAGUAI,PRY,INS-000136,Ente privado,Exportação de bens,Supplier,,,USD,Pessoal,LIQUIDADA,FNT-000012
BND-001686,5759008/0006,"Pós-embarque, bens",2017-05-17,PARAGUAI,PRY,INS-000136,Ente privado,Exportação de bens,Supplier,,,USD,Pessoal,LIQUIDADA,FNT-000012
BND-001687,5759008/0007,"Pós-embarque, bens",2017-05-17,PARAGUAI,PRY,INS-000136,Ente privado,Exportação de bens,Supplier,,,USD,Pessoal,LIQUIDADA,FNT-000012
BND-001688,5789443/0017,"Pós-embarque, bens",2017-05-17,PARAGUAI,PRY,INS-000158,Ente privado,Exportação de bens,Supplier,,,USD,Pessoal,LIQUIDADA,FNT-000012
BND-001689,5816190/0003,"Pós-embarque, bens",2017-05-19,PARAGUAI,PRY,INS-000165,Ente privado,Exportação de bens,Supplier,,,USD,Pessoal,LIQUIDADA,FNT-000012
BND-001690,5816190/0004,"Pós-embarque, bens",2017-05-23,PARAGUAI,PRY,INS-000136,Ente privado,Exportação de bens,Supplier,,,USD,Pessoal,LIQUIDADA,FNT-000012
BND-001691,5816190/0005,"Pós-embarque, bens",2017-05-24,PARAGUAI,PRY,INS-000165,Ente privado,Exportação de bens,Supplier,,,USD,Pessoal,LIQUIDADA,FNT-000012
BND-001692,5816190/0006,"Pós-embarque, bens",2017-05-29,PARAGUAI,PRY,INS-000165,Ente privado,Exportação de bens,Supplier,,,USD,Pessoal,LIQUIDADA,FNT-000012
BND-001693,5830952/0003,"Pós-embarque, bens",2017-06-09,ARGENTINA,ARG,INS-000204,Ente privado,Exportação de bens,Supplier,,,USD,Pessoal,LIQUIDADA,FNT-000012
BND-001694,5830952/0004,"Pós-embarque, bens",2017-06-09,ARGENTINA,ARG,INS-000204,Ente privado,Exportação de bens,Supplier,,,USD,Pessoal,LIQUIDADA,FNT-000012
BND-001695,5789443/0018,"Pós-embarque, bens",2017-06-09,PARAGUAI,PRY,INS-000158,Ente privado,Exportação de bens,Supplier,,,USD,Pessoal,LIQUIDADA,FNT-000012
BND-001696,5789443/0019,"Pós-embarque, bens",2017-06-09,PARAGUAI,PRY,INS-000158,Ente privado,Exportação de bens,Supplier,,,USD,Pessoal,LIQUIDADA,FNT-000012
BND-001697,5789443/0020,"Pós-embarque, bens",2017-06-09,PARAGUAI,PRY,INS-000158,Ente privado,Exportação de bens,Supplier,,,USD,Pessoal,LIQUIDADA,FNT-000012
BND-001698,5789443/0021,"Pós-embarque, bens",2017-06-09,PARAGUAI,PRY,INS-000252,Ente privado,Exportação de bens,Supplier,,,USD,Pessoal,LIQUIDADA,FNT-000012
BND-001699,5789443/0022,"Pós-embarque, bens",2017-06-09,PARAGUAI,PRY,INS-000252,Ente privado,Exportação de bens,Supplier,,,USD,Pessoal,LIQUIDADA,FNT-000012
BND-001700,5830952/0005,"Pós-embarque, bens",2017-06-13,ARGENTINA,ARG,INS-000166,Ente privado,Exportação de bens,Supplier,,,USD,Pessoal,LIQUIDADA,FNT-000012
BND-001701,5830952/0006,"Pós-embarque, bens",2017-06-19,ARGENTINA,ARG,INS-000204,Ente privado,Exportação de bens,Supplier,,,USD,Pessoal,LIQUIDADA,FNT-000012
BND-001702,5789443/0023,"Pós-embarque, bens",2017-06-19,PARAGUAI,PRY,INS-000252,Ente privado,Exportação de bens,Supplier,,,USD,Pessoal,LIQUIDADA,FNT-000012
BND-001703,5830934/0003,"Pós-embarque, bens",2017-06-22,ARGENTINA,ARG,INS-000204,Ente privado,Exportação de bens,Supplier,,,USD,Pessoal,LIQUIDADA,FNT-000012
BND-001704,5789443/0024,"Pós-embarque, bens",2017-06-27,PARAGUAI,PRY,INS-000158,Ente privado,Exportação de bens,Supplier,,,USD,Pessoal,LIQUIDADA,FNT-000012
BND-001705,5789443/0025,"Pós-embarque, bens",2017-06-27,PARAGUAI,PRY,INS-000158,Ente privado,Exportação de bens,Supplier,,,USD,Pessoal,LIQUIDADA,FNT-000012
BND-001706,5789443/0026,"Pós-embarque, bens",2017-06-28,PARAGUAI,PRY,INS-000252,Ente privado,Exportação de bens,Supplier,,,USD,Pessoal,LIQUIDADA,FNT-000012
BND-001707,5830936/0005,"Pós-embarque, bens",2017-07-11,ARGENTINA,ARG,INS-000254,Ente privado,Exportação de bens,Supplier,,,USD,Pessoal,LIQUIDADA,FNT-000012
BND-001708,5789443/0027,"Pós-embarque, bens",2017-07-13,PARAGUAI,PRY,INS-000158,Ente privado,Exportação de bens,Supplier,,,USD,Pessoal,LIQUIDADA,FNT-000012
BND-001709,5789443/0028,"Pós-embarque, bens",2017-07-14,PARAGUAI,PRY,INS-000153,Ente privado,Exportação de bens,Supplier,,,USD,Pessoal,LIQUIDADA,FNT-000012
BND-001710,5804403/0004,"Pós-embarque, bens",2017-07-19,EQUADOR,ECU,INS-000255,Ente privado,Exportação de bens,Supplier,,,EUR,Pessoal,LIQUIDADA,FNT-000012
BND-001711,5830934/0004,"Pós-embarque, bens",2017-07-26,ARGENTINA,ARG,INS-000183,Ente privado,Exportação de bens,Supplier,,,USD,Pessoal,LIQUIDADA,FNT-000012
BND-001712,5830934/0005,"Pós-embarque, bens",2017-07-27,ARGENTINA,ARG,INS-000145,Ente privado,Exportação de bens,Supplier,,,USD,Pessoal,LIQUIDADA,FNT-000012
BND-001713,5852731/0001,"Pós-embarque, bens",2017-07-27,ARGENTINA,ARG,INS-000204,Ente privado,Exportação de bens,Supplier,,,USD,Pessoal,LIQUIDADA,FNT-000012
BND-001714,5646817/0013,"Pós-embarque, bens",2017-07-27,EQUADOR,ECU,INS-000251,Ente privado,Exportação de bens,Supplier,,,USD,Pessoal,LIQUIDADA,FNT-000012
BND-001715,5789443/0029,"Pós-embarque, bens",2017-08-08,PARAGUAI,PRY,INS-000153,Ente privado,Exportação de bens,Supplier,,,USD,Pessoal,LIQUIDADA,FNT-000012
BND-001716,5759010/0004,"Pós-embarque, bens",2017-08-08,PARAGUAI,PRY,INS-000234,Ente privado,Exportação de bens,Supplier,,,USD,Pessoal,LIQUIDADA,FNT-000012
BND-001717,5759008/0008,"Pós-embarque, bens",2017-08-09,PARAGUAI,PRY,INS-000256,Ente privado,Exportação de bens,Supplier,,,USD,Pessoal,LIQUIDADA,FNT-000012
BND-001718,5830934/0006,"Pós-embarque, bens",2017-08-11,ARGENTINA,ARG,INS-000257,Ente privado,Exportação de bens,Supplier,,,USD,Pessoal,LIQUIDADA,FNT-000012
BND-001719,5789443/0030,"Pós-embarque, bens",2017-08-11,PARAGUAI,PRY,INS-000258,Ente privado,Exportação de bens,Supplier,,,USD,Pessoal,LIQUIDADA,FNT-000012
BND-001720,5804403/0005,"Pós-embarque, bens",2017-08-15,EQUADOR,ECU,INS-000259,Ente privado,Exportação de bens,Supplier,,,USD,Pessoal,LIQUIDADA,FNT-000012
BND-001721,5789443/0031,"Pós-embarque, bens",2017-08-18,PARAGUAI,PRY,INS-000153,Ente privado,Exportação de bens,Supplier,,,USD,Pessoal,LIQUIDADA,FNT-000012
BND-001722,5759010/0005,"Pós-embarque, bens",2017-08-24,PARAGUAI,PRY,INS-000260,Ente privado,Exportação de bens,Supplier,,,USD,Pessoal,LIQUIDADA,FNT-000012
BND-001723,5758998/0006,"Pós-embarque, bens",2017-08-28,PARAGUAI,PRY,INS-000165,Ente privado,Exportação de bens,Supplier,,,USD,Pessoal,LIQUIDADA,FNT-000012
BND-001724,5804403/0006,"Pós-embarque, bens",2017-08-28,EQUADOR,ECU,INS-000161,Ente privado,Exportação de bens,Supplier,,,USD,Pessoal,LIQUIDADA,FNT-000012
BND-001725,5758998/0007,"Pós-embarque, bens",2017-08-28,PARAGUAI,PRY,INS-000261,Ente privado,Exportação de bens,Supplier,,,USD,Pessoal,LIQUIDADA,FNT-000012
BND-001726,5852731/0002,"Pós-embarque, bens",2017-08-29,ARGENTINA,ARG,INS-000204,Ente privado,Exportação de bens,Supplier,,,USD,Pessoal,LIQUIDADA,FNT-000012
BND-001727,5852731/0003,"Pós-embarque, bens",2017-08-29,ARGENTINA,ARG,INS-000204,Ente privado,Exportação de bens,Supplier,,,USD,Pessoal,LIQUIDADA,FNT-000012
BND-001728,5830934/0007,"Pós-embarque, bens",2017-09-11,ARGENTINA,ARG,INS-000204,Ente privado,Exportação de bens,Supplier,,,USD,Pessoal,LIQUIDADA,FNT-000012
BND-001729,5759008/0009,"Pós-embarque, bens",2017-09-11,PARAGUAI,PRY,INS-000262,Ente privado,Exportação de bens,Supplier,,,USD,Pessoal,LIQUIDADA,FNT-000012
BND-001730,5759008/0011,"Pós-embarque, bens",2017-09-12,PARAGUAI,PRY,INS-000126,Ente privado,Exportação de bens,Supplier,,,USD,Pessoal,LIQUIDADA,FNT-000012
BND-001731,5759008/0010,"Pós-embarque, bens",2017-09-12,PARAGUAI,PRY,INS-000236,Ente privado,Exportação de bens,Supplier,,,USD,Pessoal,LIQUIDADA,FNT-000012
BND-001732,5759008/0012,"Pós-embarque, bens",2017-09-12,PARAGUAI,PRY,INS-000236,Ente privado,Exportação de bens,Supplier,,,USD,Pessoal,LIQUIDADA,FNT-000012
BND-001733,5789443/0032,"Pós-embarque, bens",2017-09-18,PARAGUAI,PRY,INS-000252,Ente privado,Exportação de bens,Supplier,,,USD,Pessoal,LIQUIDADA,FNT-000012
BND-001734,5789443/0033,"Pós-embarque, bens",2017-09-18,PARAGUAI,PRY,INS-000252,Ente privado,Exportação de bens,Supplier,,,USD,Pessoal,LIQUIDADA,FNT-000012
BND-001735,5830934/0008,"Pós-embarque, bens",2017-09-20,ARGENTINA,ARG,INS-000204,Ente privado,Exportação de bens,Supplier,,,USD,Pessoal,LIQUIDADA,FNT-000012
BND-001736,5830952/0007,"Pós-embarque, bens",2017-09-22,ARGENTINA,ARG,INS-000204,Ente privado,Exportação de bens,Supplier,,,USD,Pessoal,LIQUIDADA,FNT-000012
BND-001737,5758998/0008,"Pós-embarque, bens",2017-09-22,PARAGUAI,PRY,INS-000261,Ente privado,Exportação de bens,Supplier,,,USD,Pessoal,LIQUIDADA,FNT-000012
BND-001738,5759010/0006,"Pós-embarque, bens",2017-09-26,PARAGUAI,PRY,INS-000153,Ente privado,Exportação de bens,Supplier,,,USD,Pessoal,LIQUIDADA,FNT-000012
BND-001739,5758998/0009,"Pós-embarque, bens",2017-09-27,PARAGUAI,PRY,INS-000165,Ente privado,Exportação de bens,Supplier,,,USD,Pessoal,LIQUIDADA,FNT-000012
BND-001740,5830934/0009,"Pós-embarque, bens",2017-10-09,ARGENTINA,ARG,INS-000263,Ente privado,Exportação de bens,Supplier,,,USD,Pessoal,LIQUIDADA,FNT-000012
BND-001741,5938701/0001,"Pós-embarque, bens",2017-10-10,EQUADOR,ECU,INS-000125,Ente privado,Exportação de bens,Supplier,,,USD,Pessoal,LIQUIDADA,FNT-000012
BND-001742,5938701/0002,"Pós-embarque, bens",2017-10-16,EQUADOR,ECU,INS-000210,Ente privado,Exportação de bens,Supplier,,,USD,Pessoal,LIQUIDADA,FNT-000012
BND-001743,5938701/0003,"Pós-embarque, bens",2017-10-17,EQUADOR,ECU,INS-000125,Ente privado,Exportação de bens,Supplier,,,USD,Pessoal,LIQUIDADA,FNT-000012
BND-001744,5804403/0008,"Pós-embarque, bens",2017-10-18,EQUADOR,ECU,INS-000183,Ente privado,Exportação de bens,Supplier,,,USD,Pessoal,LIQUIDADA,FNT-000012
BND-001745,5804403/0007,"Pós-embarque, bens",2017-10-18,EQUADOR,ECU,INS-000264,Ente privado,Exportação de bens,Supplier,,,USD,Pessoal,LIQUIDADA,FNT-000012
BND-001746,5830934/0010,"Pós-embarque, bens",2017-10-18,ARGENTINA,ARG,INS-000204,Ente privado,Exportação de bens,Supplier,,,USD,Pessoal,LIQUIDADA,FNT-000012
BND-001747,5852731/0004,"Pós-embarque, bens",2017-10-18,ARGENTINA,ARG,INS-000204,Ente privado,Exportação de bens,Supplier,,,USD,Pessoal,LIQUIDADA,FNT-000012
BND-001748,5852731/0005,"Pós-embarque, bens",2017-10-18,ARGENTINA,ARG,INS-000204,Ente privado,Exportação de bens,Supplier,,,USD,Pessoal,LIQUIDADA,FNT-000012
BND-001749,5852731/0006,"Pós-embarque, bens",2017-10-18,ARGENTINA,ARG,INS-000204,Ente privado,Exportação de bens,Supplier,,,USD,Pessoal,LIQUIDADA,FNT-000012
BND-001750,5852731/0007,"Pós-embarque, bens",2017-10-18,ARGENTINA,ARG,INS-000204,Ente privado,Exportação de bens,Supplier,,,USD,Pessoal,LIQUIDADA,FNT-000012
BND-001751,5830952/0008,"Pós-embarque, bens",2017-10-18,ARGENTINA,ARG,INS-000204,Ente privado,Exportação de bens,Supplier,,,USD,Pessoal,LIQUIDADA,FNT-000012
BND-001752,5759008/0013,"Pós-embarque, bens",2017-10-18,PARAGUAI,PRY,INS-000210,Ente privado,Exportação de bens,Supplier,,,USD,Pessoal,LIQUIDADA,FNT-000012
BND-001753,5646817/0014,"Pós-embarque, bens",2017-10-20,EQUADOR,ECU,INS-000265,Ente privado,Exportação de bens,Supplier,,,USD,Pessoal,LIQUIDADA,FNT-000012
BND-001754,5758998/0010,"Pós-embarque, bens",2017-10-20,PARAGUAI,PRY,INS-000266,Ente privado,Exportação de bens,Supplier,,,USD,Pessoal,LIQUIDADA,FNT-000012
BND-001755,5830934/0011,"Pós-embarque, bens",2017-10-23,ARGENTINA,ARG,INS-000263,Ente privado,Exportação de bens,Supplier,,,USD,Pessoal,LIQUIDADA,FNT-000012
BND-001756,5830934/0012,"Pós-embarque, bens",2017-10-23,ARGENTINA,ARG,INS-000263,Ente privado,Exportação de bens,Supplier,,,USD,Pessoal,LIQUIDADA,FNT-000012
BND-001757,5759008/0014,"Pós-embarque, bens",2017-10-24,PARAGUAI,PRY,INS-000236,Ente privado,Exportação de bens,Supplier,,,USD,Pessoal,LIQUIDADA,FNT-000012
BND-001758,5938701/0004,"Pós-embarque, bens",2017-10-25,EQUADOR,ECU,INS-000210,Ente privado,Exportação de bens,Supplier,,,USD,Pessoal,LIQUIDADA,FNT-000012
BND-001759,5758998/0011,"Pós-embarque, bens",2017-10-25,PARAGUAI,PRY,INS-000267,Ente privado,Exportação de bens,Supplier,,,USD,Pessoal,LIQUIDADA,FNT-000012
BND-001760,5759008/0015,"Pós-embarque, bens",2017-10-26,PARAGUAI,PRY,INS-000210,Ente privado,Exportação de bens,Supplier,,,USD,Pessoal,LIQUIDADA,FNT-000012
BND-001761,5938701/0005,"Pós-embarque, bens",2017-10-26,EQUADOR,ECU,INS-000125,Ente privado,Exportação de bens,Supplier,,,USD,Pessoal,LIQUIDADA,FNT-000012
BND-001762,5758998/0013,"Pós-embarque, bens",2017-10-27,PARAGUAI,PRY,INS-000165,Ente privado,Exportação de bens,Supplier,,,USD,Pessoal,LIQUIDADA,FNT-000012
BND-001763,5759008/0016,"Pós-embarque, bens",2017-10-27,PARAGUAI,PRY,INS-000268,Ente privado,Exportação de bens,Supplier,,,USD,Pessoal,LIQUIDADA,FNT-000012
BND-001764,5759010/0007,"Pós-embarque, bens",2017-10-27,PARAGUAI,PRY,INS-000153,Ente privado,Exportação de bens,Supplier,,,USD,Pessoal,LIQUIDADA,FNT-000012
BND-001765,5759008/0017,"Pós-embarque, bens",2017-10-27,PARAGUAI,PRY,INS-000269,Ente privado,Exportação de bens,Supplier,,,USD,Pessoal,LIQUIDADA,FNT-000012
BND-001766,5758998/0012,"Pós-embarque, bens",2017-10-27,PARAGUAI,PRY,INS-000267,Ente privado,Exportação de bens,Supplier,,,USD,Pessoal,LIQUIDADA,FNT-000012
BND-001767,5938701/0006,"Pós-embarque, bens",2017-11-09,EQUADOR,ECU,INS-000210,Ente privado,Exportação de bens,Supplier,,,USD,Pessoal,LIQUIDADA,FNT-000012
BND-001768,5759010/0008,"Pós-embarque, bens",2017-11-09,PARAGUAI,PRY,INS-000234,Ente privado,Exportação de bens,Supplier,,,USD,Pessoal,LIQUIDADA,FNT-000012
BND-001769,5759010/0009,"Pós-embarque, bens",2017-11-17,PARAGUAI,PRY,INS-000153,Ente privado,Exportação de bens,Supplier,,,USD,Pessoal,LIQUIDADA,FNT-000012
BND-001770,5759010/0010,"Pós-embarque, bens",2017-11-17,PARAGUAI,PRY,INS-000153,Ente privado,Exportação de bens,Supplier,,,USD,Pessoal,LIQUIDADA,FNT-000012
BND-001771,5938701/0007,"Pós-embarque, bens",2017-11-23,EQUADOR,ECU,INS-000125,Ente privado,Exportação de bens,Supplier,,,USD,Pessoal,LIQUIDADA,FNT-000012
BND-001772,5938701/0008,"Pós-embarque, bens",2017-11-23,EQUADOR,ECU,INS-000125,Ente privado,Exportação de bens,Supplier,,,USD,Pessoal,LIQUIDADA,FNT-000012
BND-001773,5938602/0001,"Pós-embarque, bens",2017-11-23,EQUADOR,ECU,INS-000166,Ente privado,Exportação de bens,Supplier,,,USD,Pessoal,LIQUIDADA,FNT-000012
BND-001774,5759008/0019,"Pós-embarque, bens",2017-11-28,PARAGUAI,PRY,INS-000268,Ente privado,Exportação de bens,Supplier,,,USD,Pessoal,LIQUIDADA,FNT-000012
BND-001775,5789443/0034,"Pós-embarque, bens",2017-11-28,PARAGUAI,PRY,INS-000270,Ente privado,Exportação de bens,Supplier,,,USD,Pessoal,LIQUIDADA,FNT-000012
BND-001776,5646817/0015,"Pós-embarque, bens",2017-11-28,EQUADOR,ECU,INS-000271,Ente privado,Exportação de bens,Supplier,,,USD,Pessoal,LIQUIDADA,FNT-000012
BND-001777,5759008/0018,"Pós-embarque, bens",2017-11-28,PARAGUAI,PRY,INS-000236,Ente privado,Exportação de bens,Supplier,,,USD,Pessoal,LIQUIDADA,FNT-000012
BND-001778,5830936/0006,"Pós-embarque, bens",2017-12-11,ARGENTINA,ARG,INS-000183,Ente privado,Exportação de bens,Supplier,,,USD,Pessoal,LIQUIDADA,FNT-000012
BND-001779,5830936/0007,"Pós-embarque, bens",2017-12-11,ARGENTINA,ARG,INS-000183,Ente privado,Exportação de bens,Supplier,,,USD,Pessoal,LIQUIDADA,FNT-000012
BND-001780,5789443/0035,"Pós-embarque, bens",2017-12-12,PARAGUAI,PRY,INS-000270,Ente privado,Exportação de bens,Supplier,,,USD,Pessoal,LIQUIDADA,FNT-000012
BND-001781,5830935/0002,"Pós-embarque, bens",2017-12-13,ARGENTINA,ARG,INS-000249,Ente privado,Exportação de bens,Supplier,,,USD,Pessoal,LIQUIDADA,FNT-000012
BND-001782,5830952/0009,"Pós-embarque, bens",2017-12-13,ARGENTINA,ARG,INS-000272,Ente privado,Exportação de bens,Supplier,,,USD,Pessoal,LIQUIDADA,FNT-000012
BND-001783,5910641/0001,"Pós-embarque, bens",2017-12-14,PARAGUAI,PRY,INS-000197,Ente privado,Exportação de bens,Supplier,,,USD,Pessoal,LIQUIDADA,FNT-000012
BND-001784,5759008/0020,"Pós-embarque, bens",2017-12-20,PARAGUAI,PRY,INS-000269,Ente privado,Exportação de bens,Supplier,,,USD,Pessoal,LIQUIDADA,FNT-000012
BND-001785,5938602/0002,"Pós-embarque, bens",2017-12-21,EQUADOR,ECU,INS-000166,Ente privado,Exportação de bens,Supplier,,,USD,Pessoal,LIQUIDADA,FNT-000012
BND-001786,5830952/0010,"Pós-embarque, bens",2017-12-22,ARGENTINA,ARG,INS-000272,Ente privado,Exportação de bens,Supplier,,,USD,Pessoal,LIQUIDADA,FNT-000012
BND-001787,5758998/0015,"Pós-embarque, bens",2017-12-27,PARAGUAI,PRY,INS-000165,Ente privado,Exportação de bens,Supplier,,,USD,Pessoal,LIQUIDADA,FNT-000012
BND-001788,5758998/0016,"Pós-embarque, bens",2017-12-27,PARAGUAI,PRY,INS-000165,Ente privado,Exportação de bens,Supplier,,,USD,Pessoal,LIQUIDADA,FNT-000012
BND-001789,5758998/0018,"Pós-embarque, bens",2017-12-27,PARAGUAI,PRY,INS-000165,Ente privado,Exportação de bens,Supplier,,,USD,Pessoal,LIQUIDADA,FNT-000012
BND-001790,5758998/0019,"Pós-embarque, bens",2017-12-27,PARAGUAI,PRY,INS-000165,Ente privado,Exportação de bens,Supplier,,,USD,Pessoal,LIQUIDADA,FNT-000012
BND-001791,5758998/0020,"Pós-embarque, bens",2017-12-27,PARAGUAI,PRY,INS-000165,Ente privado,Exportação de bens,Supplier,,,USD,Pessoal,LIQUIDADA,FNT-000012
BND-001792,5759008/0021,"Pós-embarque, bens",2017-12-27,PARAGUAI,PRY,INS-000165,Ente privado,Exportação de bens,Supplier,,,USD,Pessoal,LIQUIDADA,FNT-000012
BND-001793,5759008/0022,"Pós-embarque, bens",2017-12-27,PARAGUAI,PRY,INS-000165,Ente privado,Exportação de bens,Supplier,,,USD,Pessoal,LIQUIDADA,FNT-000012
BND-001794,5759008/0023,"Pós-embarque, bens",2017-12-27,PARAGUAI,PRY,INS-000165,Ente privado,Exportação de bens,Supplier,,,USD,Pessoal,LIQUIDADA,FNT-000012
BND-001795,5759008/0024,"Pós-embarque, bens",2017-12-27,PARAGUAI,PRY,INS-000165,Ente privado,Exportação de bens,Supplier,,,USD,Pessoal,LIQUIDADA,FNT-000012
BND-001796,5983257,"Pós-embarque, bens",2017-12-27,ESTADOS UNIDOS,USA,INS-000139,Ente privado,Exportação de bens,Buyer,,,USD,Real / Pessoal,ATIVA,FNT-000012
BND-001797,5830934/0013,"Pós-embarque, bens",2017-12-27,ARGENTINA,ARG,INS-000204,Ente privado,Exportação de bens,Supplier,,,USD,Pessoal,LIQUIDADA,FNT-000012
BND-001798,5830934/0014,"Pós-embarque, bens",2017-12-27,ARGENTINA,ARG,INS-000204,Ente privado,Exportação de bens,Supplier,,,USD,Pessoal,LIQUIDADA,FNT-000012
BND-001799,5938701/0009,"Pós-embarque, bens",2017-12-27,EQUADOR,ECU,INS-000210,Ente privado,Exportação de bens,Supplier,,,USD,Pessoal,LIQUIDADA,FNT-000012
BND-001800,5830952/0011,"Pós-embarque, bens",2018-01-09,ARGENTINA,ARG,INS-000272,Ente privado,Exportação de bens,Supplier,,,USD,Pessoal,LIQUIDADA,FNT-000012
BND-001801,5830952/0012,"Pós-embarque, bens",2018-01-10,ARGENTINA,ARG,INS-000204,Ente privado,Exportação de bens,Supplier,,,USD,Pessoal,LIQUIDADA,FNT-000012
BND-001802,5759008/0025,"Pós-embarque, bens",2018-01-12,PARAGUAI,PRY,INS-000273,Ente privado,Exportação de bens,Supplier,,,USD,Pessoal,LIQUIDADA,FNT-000012
BND-001803,5759008/0026,"Pós-embarque, bens",2018-01-15,PARAGUAI,PRY,INS-000165,Ente privado,Exportação de bens,Supplier,,,USD,Pessoal,LIQUIDADA,FNT-000012
BND-001804,5830952/0013,"Pós-embarque, bens",2018-01-15,ARGENTINA,ARG,INS-000204,Ente privado,Exportação de bens,Supplier,,,USD,Pessoal,LIQUIDADA,FNT-000012
BND-001805,5852731/0008,"Pós-embarque, bens",2018-01-15,ARGENTINA,ARG,INS-000274,Ente privado,Exportação de bens,Supplier,,,USD,Pessoal,LIQUIDADA,FNT-000012
BND-001806,5938701/0010,"Pós-embarque, bens",2018-01-17,EQUADOR,ECU,INS-000275,Ente privado,Exportação de bens,Supplier,,,USD,Pessoal,LIQUIDADA,FNT-000012
BND-001807,5759008/0027,"Pós-embarque, bens",2018-01-18,PARAGUAI,PRY,INS-000276,Ente privado,Exportação de bens,Supplier,,,USD,Pessoal,LIQUIDADA,FNT-000012
BND-001808,5938701/0011,"Pós-embarque, bens",2018-01-24,EQUADOR,ECU,INS-000234,Ente privado,Exportação de bens,Supplier,,,USD,Pessoal,LIQUIDADA,FNT-000012
BND-001809,5938701/0012,"Pós-embarque, bens",2018-01-29,EQUADOR,ECU,INS-000125,Ente privado,Exportação de bens,Supplier,,,USD,Pessoal,LIQUIDADA,FNT-000012
BND-001810,5938701/0013,"Pós-embarque, bens",2018-01-29,EQUADOR,ECU,INS-000125,Ente privado,Exportação de bens,Supplier,,,USD,Pessoal,LIQUIDADA,FNT-000012
BND-001811,5759008/0028,"Pós-embarque, bens",2018-01-29,PARAGUAI,PRY,INS-000269,Ente privado,Exportação de bens,Supplier,,,USD,Pessoal,LIQUIDADA,FNT-000012
BND-001812,5759008/0029,"Pós-embarque, bens",2018-01-29,PARAGUAI,PRY,INS-000269,Ente privado,Exportação de bens,Supplier,,,USD,Pessoal,LIQUIDADA,FNT-000012
BND-001813,5759008/0030,"Pós-embarque, bens",2018-01-29,PARAGUAI,PRY,INS-000269,Ente privado,Exportação de bens,Supplier,,,USD,Pessoal,LIQUIDADA,FNT-000012
BND-001814,5759008/0031,"Pós-embarque, bens",2018-01-29,PARAGUAI,PRY,INS-000269,Ente privado,Exportação de bens,Supplier,,,USD,Pessoal,LIQUIDADA,FNT-000012
BND-001815,5938701/0014,"Pós-embarque, bens",2018-01-29,EQUADOR,ECU,INS-000151,Ente privado,Exportação de bens,Supplier,,,USD,Pessoal,LIQUIDADA,FNT-000012
BND-001816,6032291/0001,"Pós-embarque, bens",2018-01-29,PARAGUAI,PRY,INS-000261,Ente privado,Exportação de bens,Supplier,,,USD,Pessoal,LIQUIDADA,FNT-000012
BND-001817,5789443/0036,"Pós-embarque, bens",2018-02-07,PARAGUAI,PRY,INS-000277,Ente privado,Exportação de bens,Supplier,,,USD,Pessoal,LIQUIDADA,FNT-000012
BND-001818,5830933/0001,"Pós-embarque, bens",2018-02-09,ARGENTINA,ARG,INS-000210,Ente privado,Exportação de bens,Supplier,,,USD,Pessoal,LIQUIDADA,FNT-000012
BND-001819,5938701/0015,"Pós-embarque, bens",2018-02-09,EQUADOR,ECU,INS-000125,Ente privado,Exportação de bens,Supplier,,,USD,Pessoal,LIQUIDADA,FNT-000012
BND-001820,5759008/0032,"Pós-embarque, bens",2018-02-16,PARAGUAI,PRY,INS-000165,Ente privado,Exportação de bens,Supplier,,,USD,Pessoal,LIQUIDADA,FNT-000012
BND-001821,5816190/0009,"Pós-embarque, bens",2018-02-20,PARAGUAI,PRY,INS-000204,Ente privado,Exportação de bens,Supplier,,,USD,Pessoal,LIQUIDADA,FNT-000012
BND-001822,5816190/0010,"Pós-embarque, bens",2018-02-20,PARAGUAI,PRY,INS-000204,Ente privado,Exportação de bens,Supplier,,,USD,Pessoal,LIQUIDADA,FNT-000012
BND-001823,5804403/0009,"Pós-embarque, bens",2018-02-21,EQUADOR,ECU,INS-000130,Ente privado,Exportação de bens,Supplier,,,USD,Pessoal,LIQUIDADA,FNT-000012
BND-001824,5759008/0033,"Pós-embarque, bens",2018-02-21,PARAGUAI,PRY,INS-000268,Ente privado,Exportação de bens,Supplier,,,USD,Pessoal,LIQUIDADA,FNT-000012
BND-001825,5830934/0015,"Pós-embarque, bens",2018-02-26,ARGENTINA,ARG,INS-000183,Ente privado,Exportação de bens,Supplier,,,USD,Pessoal,LIQUIDADA,FNT-000012
BND-001826,5804403/0010,"Pós-embarque, bens",2018-02-26,EQUADOR,ECU,INS-000183,Ente privado,Exportação de bens,Supplier,,,USD,Pessoal,LIQUIDADA,FNT-000012
BND-001827,5953957/0001,"Pós-embarque, bens",2018-02-26,EQUADOR,ECU,INS-000183,Ente privado,Exportação de bens,Supplier,,,USD,Pessoal,LIQUIDADA,FNT-000012
BND-001828,5938701/0016,"Pós-embarque, bens",2018-02-26,EQUADOR,ECU,INS-000251,Ente privado,Exportação de bens,Supplier,,,USD,Pessoal,LIQUIDADA,FNT-000012
BND-001829,5938701/0017,"Pós-embarque, bens",2018-02-26,EQUADOR,ECU,INS-000251,Ente privado,Exportação de bens,Supplier,,,USD,Pessoal,LIQUIDADA,FNT-000012
BND-001830,5759008/0034,"Pós-embarque, bens",2018-03-09,PARAGUAI,PRY,INS-000278,Ente privado,Exportação de bens,Supplier,,,USD,Pessoal,LIQUIDADA,FNT-000012
BND-001831,5816190/0011,"Pós-embarque, bens",2018-03-12,PARAGUAI,PRY,INS-000204,Ente privado,Exportação de bens,Supplier,,,USD,Pessoal,LIQUIDADA,FNT-000012
BND-001832,5830933/0002,"Pós-embarque, bens",2018-03-12,ARGENTINA,ARG,INS-000210,Ente privado,Exportação de bens,Supplier,,,USD,Pessoal,LIQUIDADA,FNT-000012
BND-001833,5938701/0018,"Pós-embarque, bens",2018-03-14,EQUADOR,ECU,INS-000130,Ente privado,Exportação de bens,Supplier,,,USD,Pessoal,LIQUIDADA,FNT-000012
BND-001834,5759008/0035,"Pós-embarque, bens",2018-03-15,PARAGUAI,PRY,INS-000269,Ente privado,Exportação de bens,Supplier,,,USD,Pessoal,LIQUIDADA,FNT-000012
BND-001835,5759008/0036,"Pós-embarque, bens",2018-03-15,PARAGUAI,PRY,INS-000269,Ente privado,Exportação de bens,Supplier,,,USD,Pessoal,LIQUIDADA,FNT-000012
BND-001836,5938701/0019,"Pós-embarque, bens",2018-03-19,EQUADOR,ECU,INS-000125,Ente privado,Exportação de bens,Supplier,,,USD,Pessoal,LIQUIDADA,FNT-000012
BND-001837,5830952/0014,"Pós-embarque, bens",2018-03-21,ARGENTINA,ARG,INS-000204,Ente privado,Exportação de bens,Supplier,,,USD,Pessoal,LIQUIDADA,FNT-000012
BND-001838,5804403/0011,"Pós-embarque, bens",2018-03-27,EQUADOR,ECU,INS-000278,Ente privado,Exportação de bens,Supplier,,,USD,Pessoal,LIQUIDADA,FNT-000012
BND-001839,6032291/0002,"Pós-embarque, bens",2018-03-27,PARAGUAI,PRY,INS-000267,Ente privado,Exportação de bens,Supplier,,,USD,Pessoal,LIQUIDADA,FNT-000012
BND-001840,5830952/0015,"Pós-embarque, bens",2018-04-06,ARGENTINA,ARG,INS-000204,Ente privado,Exportação de bens,Supplier,,,USD,Pessoal,LIQUIDADA,FNT-000012
BND-001841,5804403/0012,"Pós-embarque, bens",2018-04-09,EQUADOR,ECU,INS-000278,Ente privado,Exportação de bens,Supplier,,,USD,Pessoal,LIQUIDADA,FNT-000012
BND-001842,5816190/0012,"Pós-embarque, bens",2018-04-16,PARAGUAI,PRY,INS-000204,Ente privado,Exportação de bens,Supplier,,,USD,Pessoal,LIQUIDADA,FNT-000012
BND-001843,5858669/0001,"Pós-embarque, bens",2018-04-17,REPUBLICA DOMINICANA,DOM,INS-000183,Ente privado,Exportação de bens,Supplier,,,USD,Pessoal,LIQUIDADA,FNT-000012
BND-001844,5858669/0002,"Pós-embarque, bens",2018-04-17,REPUBLICA DOMINICANA,DOM,INS-000183,Ente privado,Exportação de bens,Supplier,,,USD,Pessoal,LIQUIDADA,FNT-000012
BND-001845,5804403/0013,"Pós-embarque, bens",2018-04-24,EQUADOR,ECU,INS-000278,Ente privado,Exportação de bens,Supplier,,,USD,Pessoal,LIQUIDADA,FNT-000012
BND-001846,5816190/0013,"Pós-embarque, bens",2018-04-24,PARAGUAI,PRY,INS-000278,Ente privado,Exportação de bens,Supplier,,,USD,Pessoal,LIQUIDADA,FNT-000012
BND-001847,5852731/0009,"Pós-embarque, bens",2018-04-24,ARGENTINA,ARG,INS-000279,Ente privado,Exportação de bens,Supplier,,,USD,Pessoal,LIQUIDADA,FNT-000012
BND-001848,5938701/0020,"Pós-embarque, bens",2018-04-26,EQUADOR,ECU,INS-000125,Ente privado,Exportação de bens,Supplier,,,USD,Pessoal,LIQUIDADA,FNT-000012
BND-001849,5938602/0004,"Pós-embarque, bens",2018-05-10,EQUADOR,ECU,INS-000280,Ente privado,Exportação de bens,Supplier,,,USD,Pessoal,LIQUIDADA,FNT-000012
BND-001850,5938602/0003,"Pós-embarque, bens",2018-05-10,EQUADOR,ECU,INS-000265,Ente privado,Exportação de bens,Supplier,,,USD,Pessoal,LIQUIDADA,FNT-000012
BND-001851,6085578/0001,"Pós-embarque, bens",2018-05-11,PARAGUAI,PRY,INS-000278,Ente privado,Exportação de bens,Supplier,,,USD,Pessoal,LIQUIDADA,FNT-000012
BND-001852,6085578/0002,"Pós-embarque, bens",2018-05-14,PARAGUAI,PRY,INS-000278,Ente privado,Exportação de bens,Supplier,,,USD,Pessoal,LIQUIDADA,FNT-000012
BND-001853,6031827/0002,"Pós-embarque, bens",2018-05-14,PARAGUAI,PRY,INS-000281,Ente privado,Exportação de bens,Supplier,,,USD,Pessoal,LIQUIDADA,FNT-000012
BND-001854,5830934/0016,"Pós-embarque, bens",2018-05-15,ARGENTINA,ARG,INS-000282,Ente privado,Exportação de bens,Supplier,,,USD,Pessoal,LIQUIDADA,FNT-000012
BND-001855,5830952/0016,"Pós-embarque, bens",2018-05-16,ARGENTINA,ARG,INS-000283,Ente privado,Exportação de bens,Supplier,,,USD,Pessoal,LIQUIDADA,FNT-000012
BND-001856,6080850/0001,"Pós-embarque, bens",2018-05-17,PARAGUAI,PRY,INS-000204,Ente privado,Exportação de bens,Supplier,,,USD,Pessoal,LIQUIDADA,FNT-000012
BND-001857,6080850/0002,"Pós-embarque, bens",2018-05-17,PARAGUAI,PRY,INS-000204,Ente privado,Exportação de bens,Supplier,,,USD,Pessoal,LIQUIDADA,FNT-000012
BND-001858,6085578/0003,"Pós-embarque, bens",2018-05-24,PARAGUAI,PRY,INS-000278,Ente privado,Exportação de bens,Supplier,,,USD,Pessoal,LIQUIDADA,FNT-000012
BND-001859,6085578/0004,"Pós-embarque, bens",2018-05-24,PARAGUAI,PRY,INS-000278,Ente privado,Exportação de bens,Supplier,,,USD,Pessoal,LIQUIDADA,FNT-000012
BND-001860,5953957/0002,"Pós-embarque, bens",2018-05-24,EQUADOR,ECU,INS-000183,Ente privado,Exportação de bens,Supplier,,,USD,Pessoal,LIQUIDADA,FNT-000012
BND-001861,6080848/0001,"Pós-embarque, bens",2018-05-28,EQUADOR,ECU,INS-000235,Ente privado,Exportação de bens,Supplier,,,USD,Pessoal,LIQUIDADA,FNT-000012
BND-001862,5830952/0017,"Pós-embarque, bens",2018-05-28,ARGENTINA,ARG,INS-000284,Ente privado,Exportação de bens,Supplier,,,USD,Pessoal,LIQUIDADA,FNT-000012
BND-001863,5759008/0037,"Pós-embarque, bens",2018-05-28,PARAGUAI,PRY,INS-000285,Ente privado,Exportação de bens,Supplier,,,USD,Pessoal,LIQUIDADA,FNT-000012
BND-001864,5759008/0038,"Pós-embarque, bens",2018-05-28,PARAGUAI,PRY,INS-000285,Ente privado,Exportação de bens,Supplier,,,USD,Pessoal,LIQUIDADA,FNT-000012
BND-001865,6093365/0001,"Pós-embarque, bens",2018-05-28,PARAGUAI,PRY,INS-000285,Ente privado,Exportação de bens,Supplier,,,USD,Pessoal,LIQUIDADA,FNT-000012
BND-001866,6085578/0005,"Pós-embarque, bens",2018-06-11,PARAGUAI,PRY,INS-000278,Ente privado,Exportação de bens,Supplier,,,USD,Pessoal,LIQUIDADA,FNT-000012
BND-001867,6031827/0003,"Pós-embarque, bens",2018-06-11,PARAGUAI,PRY,INS-000281,Ente privado,Exportação de bens,Supplier,,,USD,Pessoal,LIQUIDADA,FNT-000012
BND-001868,6031827/0004,"Pós-embarque, bens",2018-06-11,PARAGUAI,PRY,INS-000281,Ente privado,Exportação de bens,Supplier,,,USD,Pessoal,LIQUIDADA,FNT-000012
BND-001869,5938701/0021,"Pós-embarque, bens",2018-06-11,EQUADOR,ECU,INS-000286,Ente privado,Exportação de bens,Supplier,,,USD,Pessoal,LIQUIDADA,FNT-000012
BND-001870,6031827/0005,"Pós-embarque, bens",2018-06-14,PARAGUAI,PRY,INS-000287,Ente privado,Exportação de bens,Supplier,,,USD,Pessoal,LIQUIDADA,FNT-000012
BND-001871,6080850/0003,"Pós-embarque, bens",2018-06-15,PARAGUAI,PRY,INS-000204,Ente privado,Exportação de bens,Supplier,,,USD,Pessoal,LIQUIDADA,FNT-000012
BND-001872,6090711/0002,"Pós-embarque, bens",2018-06-18,NICARAGUA,NIC,INS-000288,Ente privado,Exportação de bens,Supplier,,,USD,Pessoal,LIQUIDADA,FNT-000012
BND-001873,6086557/0001,"Pós-embarque, bens",2018-06-19,ARGENTINA,ARG,INS-000183,Ente privado,Exportação de bens,Supplier,,,USD,Pessoal,LIQUIDADA,FNT-000012
BND-001874,6080847/0001,"Pós-embarque, bens",2018-06-19,NICARAGUA,NIC,INS-000289,Ente privado,Exportação de bens,Supplier,,,USD,Pessoal,LIQUIDADA,FNT-000012
BND-001875,6080847/0002,"Pós-embarque, bens",2018-06-21,NICARAGUA,NIC,INS-000289,Ente privado,Exportação de bens,Supplier,,,USD,Pessoal,LIQUIDADA,FNT-000012
BND-001876,6085578/0006,"Pós-embarque, bens",2018-06-25,PARAGUAI,PRY,INS-000278,Ente privado,Exportação de bens,Supplier,,,USD,Pessoal,LIQUIDADA,FNT-000012
BND-001877,6099751/0001,"Pós-embarque, bens",2018-06-27,EQUADOR,ECU,INS-000125,Ente privado,Exportação de bens,Supplier,,,USD,Pessoal,LIQUIDADA,FNT-000012
BND-001878,6099751/0002,"Pós-embarque, bens",2018-06-27,EQUADOR,ECU,INS-000125,Ente privado,Exportação de bens,Supplier,,,USD,Pessoal,LIQUIDADA,FNT-000012
BND-001879,6080852/0001,"Pós-embarque, bens",2018-06-27,BOLIVIA,BOL,INS-000282,Ente privado,Exportação de bens,Supplier,,,USD,Pessoal,LIQUIDADA,FNT-000012
BND-001880,5759008/0039,"Pós-embarque, bens",2018-06-27,PARAGUAI,PRY,INS-000285,Ente privado,Exportação de bens,Supplier,,,USD,Pessoal,LIQUIDADA,FNT-000012
BND-001881,5759008/0040,"Pós-embarque, bens",2018-06-27,PARAGUAI,PRY,INS-000285,Ente privado,Exportação de bens,Supplier,,,USD,Pessoal,LIQUIDADA,FNT-000012
BND-001882,6091059/0001,"Pós-embarque, bens",2018-06-27,PARAGUAI,PRY,INS-000267,Ente privado,Exportação de bens,Supplier,,,USD,Pessoal,LIQUIDADA,FNT-000012
BND-001883,6031827/0006,"Pós-embarque, bens",2018-07-10,PARAGUAI,PRY,INS-000281,Ente privado,Exportação de bens,Supplier,,,USD,Pessoal,LIQUIDADA,FNT-000012
BND-001884,6085578/0007,"Pós-embarque, bens",2018-07-13,PARAGUAI,PRY,INS-000278,Ente privado,Exportação de bens,Supplier,,,USD,Pessoal,LIQUIDADA,FNT-000012
BND-001885,6108889/0001,"Pós-embarque, bens",2018-07-13,PARAGUAI,PRY,INS-000204,Ente privado,Exportação de bens,Supplier,,,USD,Pessoal,LIQUIDADA,FNT-000012
BND-001886,6080847/0003,"Pós-embarque, bens",2018-07-13,NICARAGUA,NIC,INS-000289,Ente privado,Exportação de bens,Supplier,,,USD,Pessoal,LIQUIDADA,FNT-000012
BND-001887,6095978/0001,"Pós-embarque, bens",2018-07-13,EQUADOR,ECU,INS-000159,Ente privado,Exportação de bens,Supplier,,,USD,Pessoal,LIQUIDADA,FNT-000012
BND-001888,6087792/0001,"Pós-embarque, bens",2018-07-19,NICARAGUA,NIC,INS-000290,Ente privado,Exportação de bens,Supplier,,,USD,Pessoal,LIQUIDADA,FNT-000012
BND-001889,6096930/0001,"Pós-embarque, bens",2018-07-20,NICARAGUA,NIC,INS-000245,Ente privado,Exportação de bens,Supplier,,,USD,Pessoal,LIQUIDADA,FNT-000012
BND-001890,6080854/0001,"Pós-embarque, bens",2018-07-26,EQUADOR,ECU,INS-000210,Ente privado,Exportação de bens,Supplier,,,USD,Pessoal,LIQUIDADA,FNT-000012
BND-001891,6101064/0001,"Pós-embarque, bens",2018-07-27,EQUADOR,ECU,INS-000278,Ente privado,Exportação de bens,Supplier,,,USD,Pessoal,LIQUIDADA,FNT-000012
BND-001892,6107249/0001,"Pós-embarque, bens",2018-07-27,PARAGUAI,PRY,INS-000278,Ente privado,Exportação de bens,Supplier,,,USD,Pessoal,LIQUIDADA,FNT-000012
BND-001893,6107249/0002,"Pós-embarque, bens",2018-07-27,PARAGUAI,PRY,INS-000278,Ente privado,Exportação de bens,Supplier,,,USD,Pessoal,LIQUIDADA,FNT-000012
BND-001894,6086559/0001,"Pós-embarque, bens",2018-07-27,EQUADOR,ECU,INS-000210,Ente privado,Exportação de bens,Supplier,,,USD,Pessoal,LIQUIDADA,FNT-000012
BND-001895,6083807/0001,"Pós-embarque, bens",2018-07-27,PARAGUAI,PRY,INS-000252,Ente privado,Exportação de bens,Supplier,,,USD,Pessoal,LIQUIDADA,FNT-000012
BND-001896,6083807/0002,"Pós-embarque, bens",2018-07-27,PARAGUAI,PRY,INS-000252,Ente privado,Exportação de bens,Supplier,,,USD,Pessoal,LIQUIDADA,FNT-000012
BND-001897,6091384/0001,"Pós-embarque, bens",2018-07-27,PARAGUAI,PRY,INS-000287,Ente privado,Exportação de bens,Supplier,,,USD,Pessoal,LIQUIDADA,FNT-000012
BND-001898,6080561/0001,"Pós-embarque, bens",2018-07-27,PARAGUAI,PRY,INS-000291,Ente privado,Exportação de bens,Supplier,,,USD,Pessoal,LIQUIDADA,FNT-000012
BND-001899,6100189/0001,"Pós-embarque, bens",2018-08-10,PARAGUAI,PRY,INS-000292,Ente privado,Exportação de bens,Supplier,,,USD,Pessoal,LIQUIDADA,FNT-000012
BND-001900,6086559/0002,"Pós-embarque, bens",2018-08-10,EQUADOR,ECU,INS-000210,Ente privado,Exportação de bens,Supplier,,,USD,Pessoal,LIQUIDADA,FNT-000012
BND-001901,6107249/0003,"Pós-embarque, bens",2018-08-13,PARAGUAI,PRY,INS-000278,Ente privado,Exportação de bens,Supplier,,,USD,Pessoal,LIQUIDADA,FNT-000012
BND-001902,6085578/0008,"Pós-embarque, bens",2018-08-14,PARAGUAI,PRY,INS-000278,Ente privado,Exportação de bens,Supplier,,,USD,Pessoal,LIQUIDADA,FNT-000012
BND-001903,6031827/0007,"Pós-embarque, bens",2018-08-14,PARAGUAI,PRY,INS-000281,Ente privado,Exportação de bens,Supplier,,,USD,Pessoal,LIQUIDADA,FNT-000012
BND-001904,6101064/0002,"Pós-embarque, bens",2018-08-16,EQUADOR,ECU,INS-000278,Ente privado,Exportação de bens,Supplier,,,USD,Pessoal,LIQUIDADA,FNT-000012
BND-001905,6102758/0001,"Pós-embarque, bens",2018-08-22,PARAGUAI,PRY,INS-000183,Ente privado,Exportação de bens,Supplier,,,USD,Pessoal,LIQUIDADA,FNT-000012
BND-001906,6102962/0001,"Pós-embarque, bens",2018-08-22,PARAGUAI,PRY,INS-000183,Ente privado,Exportação de bens,Supplier,,,USD,Pessoal,LIQUIDADA,FNT-000012
BND-001907,6107249/0004,"Pós-embarque, bens",2018-08-24,PARAGUAI,PRY,INS-000278,Ente privado,Exportação de bens,Supplier,,,USD,Pessoal,LIQUIDADA,FNT-000012
BND-001908,6107249/0005,"Pós-embarque, bens",2018-08-24,PARAGUAI,PRY,INS-000278,Ente privado,Exportação de bens,Supplier,,,USD,Pessoal,LIQUIDADA,FNT-000012
BND-001909,6101065/0001,"Pós-embarque, bens",2018-08-28,EQUADOR,ECU,INS-000293,Ente privado,Exportação de bens,Supplier,,,USD,Pessoal,LIQUIDADA,FNT-000012
BND-001910,6102751/0001,"Pós-embarque, bens",2018-08-29,ARGENTINA,ARG,INS-000294,Ente privado,Exportação de bens,Supplier,,,USD,Pessoal,LIQUIDADA,FNT-000012
BND-001911,6152532/0001,"Pós-embarque, bens",2018-08-29,PARAGUAI,PRY,INS-000291,Ente privado,Exportação de bens,Supplier,,,USD,Pessoal,LIQUIDADA,FNT-000012
BND-001912,6107249/0006,"Pós-embarque, bens",2018-09-11,PARAGUAI,PRY,INS-000278,Ente privado,Exportação de bens,Supplier,,,USD,Pessoal,LIQUIDADA,FNT-000012
BND-001913,6108889/0002,"Pós-embarque, bens",2018-09-11,PARAGUAI,PRY,INS-000204,Ente privado,Exportação de bens,Supplier,,,USD,Pessoal,LIQUIDADA,FNT-000012
BND-001914,6083156/0001,"Pós-embarque, bens",2018-09-11,EQUADOR,ECU,INS-000125,Ente privado,Exportação de bens,Supplier,,,USD,Pessoal,LIQUIDADA,FNT-000012
BND-001915,6082885/0001,"Pós-embarque, bens",2018-09-12,EQUADOR,ECU,INS-000125,Ente privado,Exportação de bens,Supplier,,,USD,Pessoal,LIQUIDADA,FNT-000012
BND-001916,6083807/0003,"Pós-embarque, bens",2018-09-14,PARAGUAI,PRY,INS-000252,Ente privado,Exportação de bens,Supplier,,,USD,Pessoal,LIQUIDADA,FNT-000012
BND-001917,6107249/0007,"Pós-embarque, bens",2018-09-17,PARAGUAI,PRY,INS-000278,Ente privado,Exportação de bens,Supplier,,,USD,Pessoal,LIQUIDADA,FNT-000012
BND-001918,6107249/0008,"Pós-embarque, bens",2018-09-17,PARAGUAI,PRY,INS-000278,Ente privado,Exportação de bens,Supplier,,,USD,Pessoal,LIQUIDADA,FNT-000012
BND-001919,6102758/0002,"Pós-embarque, bens",2018-09-17,PARAGUAI,PRY,INS-000183,Ente privado,Exportação de bens,Supplier,,,USD,Pessoal,LIQUIDADA,FNT-000012
BND-001920,6111191/0001,"Pós-embarque, bens",2018-09-19,EQUADOR,ECU,INS-000258,Ente privado,Exportação de bens,Supplier,,,USD,Pessoal,LIQUIDADA,FNT-000012
BND-001921,5938602/0005,"Pós-embarque, bens",2018-09-21,EQUADOR,ECU,INS-000222,Ente privado,Exportação de bens,Supplier,,,USD,Pessoal,LIQUIDADA,FNT-000012
BND-001922,6116213/0001,"Pós-embarque, bens",2018-09-21,ARGENTINA,ARG,INS-000191,Ente privado,Exportação de bens,Supplier,,,USD,Pessoal,LIQUIDADA,FNT-000012
BND-001923,6083155/0001,"Pós-embarque, bens",2018-09-25,EQUADOR,ECU,INS-000258,Ente privado,Exportação de bens,Supplier,,,USD,Pessoal,LIQUIDADA,FNT-000012
BND-001924,6123604/0001,"Pós-embarque, bens",2018-09-26,EQUADOR,ECU,INS-000183,Ente privado,Exportação de bens,Supplier,,,USD,Pessoal,LIQUIDADA,FNT-000012
BND-001925,6124405/0001,"Pós-embarque, bens",2018-09-26,PARAGUAI,PRY,INS-000210,Ente privado,Exportação de bens,Supplier,,,USD,Pessoal,LIQUIDADA,FNT-000012
BND-001926,6107249/0009,"Pós-embarque, bens",2018-10-09,PARAGUAI,PRY,INS-000278,Ente privado,Exportação de bens,Supplier,,,USD,Pessoal,LIQUIDADA,FNT-000012
BND-001927,6127928/0001,"Pós-embarque, bens",2018-10-10,EQUADOR,ECU,INS-000287,Ente privado,Exportação de bens,Supplier,,,USD,Pessoal,LIQUIDADA,FNT-000012
BND-001928,6094352/0001,"Pós-embarque, bens",2018-10-16,PARAGUAI,PRY,INS-000295,Ente privado,Exportação de bens,Supplier,,,USD,Pessoal,LIQUIDADA,FNT-000012
BND-001929,6083807/0004,"Pós-embarque, bens",2018-10-17,PARAGUAI,PRY,INS-000252,Ente privado,Exportação de bens,Supplier,,,USD,Pessoal,LIQUIDADA,FNT-000012
BND-001930,6101064/0003,"Pós-embarque, bens",2018-10-22,EQUADOR,ECU,INS-000278,Ente privado,Exportação de bens,Supplier,,,USD,Pessoal,LIQUIDADA,FNT-000012
BND-001931,6102758/0003,"Pós-embarque, bens",2018-10-22,PARAGUAI,PRY,INS-000183,Ente privado,Exportação de bens,Supplier,,,USD,Pessoal,LIQUIDADA,FNT-000012
BND-001932,6115046/0001,"Pós-embarque, bens",2018-10-22,PARAGUAI,PRY,INS-000153,Ente privado,Exportação de bens,Supplier,,,USD,Pessoal,LIQUIDADA,FNT-000012
BND-001933,6115046/0002,"Pós-embarque, bens",2018-10-22,PARAGUAI,PRY,INS-000153,Ente privado,Exportação de bens,Supplier,,,USD,Pessoal,LIQUIDADA,FNT-000012
BND-001934,6147364/0001,"Pós-embarque, bens",2018-10-25,PARAGUAI,PRY,INS-000126,Ente privado,Exportação de bens,Supplier,,,USD,Pessoal,LIQUIDADA,FNT-000012
BND-001935,6147364/0002,"Pós-embarque, bens",2018-10-25,PARAGUAI,PRY,INS-000126,Ente privado,Exportação de bens,Supplier,,,USD,Pessoal,LIQUIDADA,FNT-000012
BND-001936,6147364/0003,"Pós-embarque, bens",2018-10-25,PARAGUAI,PRY,INS-000126,Ente privado,Exportação de bens,Supplier,,,USD,Pessoal,LIQUIDADA,FNT-000012
BND-001937,6130004/0001,"Pós-embarque, bens",2018-10-26,EQUADOR,ECU,INS-000125,Ente privado,Exportação de bens,Supplier,,,USD,Pessoal,LIQUIDADA,FNT-000012
BND-001938,6148182/0001,"Pós-embarque, bens",2018-10-29,BOLIVIA,BOL,INS-000278,Ente privado,Exportação de bens,Supplier,,,USD,Pessoal,LIQUIDADA,FNT-000012
BND-001939,6144309/0001,"Pós-embarque, bens",2018-10-29,PARAGUAI,PRY,INS-000287,Ente privado,Exportação de bens,Supplier,,,USD,Pessoal,LIQUIDADA,FNT-000012
BND-001940,6122465/0001,"Pós-embarque, bens",2018-10-29,PARAGUAI,PRY,INS-000236,Ente privado,Exportação de bens,Supplier,,,USD,Pessoal,LIQUIDADA,FNT-000012
BND-001941,6144373/0001,"Pós-embarque, bens",2018-10-29,PARAGUAI,PRY,INS-000296,Ente privado,Exportação de bens,Supplier,,,USD,Pessoal,LIQUIDADA,FNT-000012
BND-001942,6101064/0004,"Pós-embarque, bens",2018-11-09,EQUADOR,ECU,INS-000278,Ente privado,Exportação de bens,Supplier,,,USD,Pessoal,LIQUIDADA,FNT-000012
BND-001943,6083807/0005,"Pós-embarque, bens",2018-11-12,PARAGUAI,PRY,INS-000252,Ente privado,Exportação de bens,Supplier,,,USD,Pessoal,LIQUIDADA,FNT-000012
BND-001944,6132366/0001,"Pós-embarque, bens",2018-11-13,PARAGUAI,PRY,INS-000297,Ente privado,Exportação de bens,Supplier,,,USD,Pessoal,LIQUIDADA,FNT-000012
BND-001945,6186844/0001,"Pós-embarque, bens",2018-11-21,PARAGUAI,PRY,INS-000252,Ente privado,Exportação de bens,Supplier,,,USD,Pessoal,LIQUIDADA,FNT-000012
BND-001946,6140702/0001,"Pós-embarque, bens",2018-11-21,EQUADOR,ECU,INS-000159,Ente privado,Exportação de bens,Supplier,,,USD,Pessoal,LIQUIDADA,FNT-000012
BND-001947,6127400/0001,"Pós-embarque, bens",2018-11-27,PARAGUAI,PRY,INS-000252,Ente privado,Exportação de bens,Supplier,,,USD,Pessoal,LIQUIDADA,FNT-000012
BND-001948,6134800/0001,"Pós-embarque, bens",2018-11-27,PARAGUAI,PRY,INS-000166,Ente privado,Exportação de bens,Supplier,,,USD,Pessoal,LIQUIDADA,FNT-000012
BND-001949,6141480/0001,"Pós-embarque, bens",2018-11-28,ARGENTINA,ARG,INS-000290,Ente privado,Exportação de bens,Supplier,,,USD,Pessoal,LIQUIDADA,FNT-000012
BND-001950,6141104/0001,"Pós-embarque, bens",2018-11-28,PARAGUAI,PRY,INS-000210,Ente privado,Exportação de bens,Supplier,,,USD,Pessoal,LIQUIDADA,FNT-000012
BND-001951,6127927/0001,"Pós-embarque, bens",2018-11-28,PARAGUAI,PRY,INS-000298,Ente privado,Exportação de bens,Supplier,,,USD,Pessoal,LIQUIDADA,FNT-000012
BND-001952,6169236/0001,"Pós-embarque, bens",2018-12-10,PARAGUAI,PRY,INS-000278,Ente privado,Exportação de bens,Supplier,,,USD,Pessoal,LIQUIDADA,FNT-000012
BND-001953,6127400/0002,"Pós-embarque, bens",2018-12-10,PARAGUAI,PRY,INS-000252,Ente privado,Exportação de bens,Supplier,,,USD,Pessoal,LIQUIDADA,FNT-000012
BND-001954,6154830/0001,"Pós-embarque, bens",2018-12-10,EQUADOR,ECU,INS-000125,Ente privado,Exportação de bens,Supplier,,,USD,Pessoal,LIQUIDADA,FNT-000012
BND-001955,6122105/0001,"Pós-embarque, bens",2018-12-12,EQUADOR,ECU,INS-000210,Ente privado,Exportação de bens,Supplier,,,USD,Pessoal,LIQUIDADA,FNT-000012
BND-001956,6176973/0001,"Pós-embarque, bens",2018-12-12,EQUADOR,ECU,INS-000125,Ente privado,Exportação de bens,Supplier,,,USD,Pessoal,LIQUIDADA,FNT-000012
BND-001957,6116213/0002,"Pós-embarque, bens",2018-12-12,ARGENTINA,ARG,INS-000191,Ente privado,Exportação de bens,Supplier,,,USD,Pessoal,LIQUIDADA,FNT-000012
BND-001958,6201585/0001,"Pós-embarque, bens",2018-12-14,PARAGUAI,PRY,INS-000153,Ente privado,Exportação de bens,Supplier,,,USD,Pessoal,LIQUIDADA,FNT-000012
BND-001959,6201586/0001,"Pós-embarque, bens",2018-12-14,PARAGUAI,PRY,INS-000153,Ente privado,Exportação de bens,Supplier,,,USD,Pessoal,LIQUIDADA,FNT-000012
BND-001960,6201588/0001,"Pós-embarque, bens",2018-12-14,PARAGUAI,PRY,INS-000153,Ente privado,Exportação de bens,Supplier,,,USD,Pessoal,LIQUIDADA,FNT-000012
BND-001961,6189686/0001,"Pós-embarque, bens",2018-12-18,PARAGUAI,PRY,INS-000236,Ente privado,Exportação de bens,Supplier,,,USD,Pessoal,LIQUIDADA,FNT-000012
BND-001962,6189686/0002,"Pós-embarque, bens",2018-12-18,PARAGUAI,PRY,INS-000236,Ente privado,Exportação de bens,Supplier,,,USD,Pessoal,LIQUIDADA,FNT-000012
BND-001963,6189686/0003,"Pós-embarque, bens",2018-12-18,PARAGUAI,PRY,INS-000236,Ente privado,Exportação de bens,Supplier,,,USD,Pessoal,LIQUIDADA,FNT-000012
BND-001964,6189686/0004,"Pós-embarque, bens",2018-12-18,PARAGUAI,PRY,INS-000236,Ente privado,Exportação de bens,Supplier,,,USD,Pessoal,LIQUIDADA,FNT-000012
BND-001965,6201587/0001,"Pós-embarque, bens",2018-12-19,PARAGUAI,PRY,INS-000153,Ente privado,Exportação de bens,Supplier,,,USD,Pessoal,LIQUIDADA,FNT-000012
BND-001966,6080849/0001,"Pós-embarque, bens",2018-12-19,ARGENTINA,ARG,INS-000173,Ente privado,Exportação de bens,Supplier,,,USD,Pessoal,LIQUIDADA,FNT-000012
BND-001967,6127400/0003,"Pós-embarque, bens",2018-12-21,PARAGUAI,PRY,INS-000252,Ente privado,Exportação de bens,Supplier,,,USD,Pessoal,LIQUIDADA,FNT-000012
BND-001968,6167576/0001,"Pós-embarque, bens",2018-12-26,EQUADOR,ECU,INS-000183,Ente privado,Exportação de bens,Supplier,,,USD,Pessoal,LIQUIDADA,FNT-000012
BND-001969,6095519/0001,"Pós-embarque, bens",2018-12-26,ARGENTINA,ARG,INS-000299,Ente privado,Exportação de bens,Supplier,,,USD,Pessoal,LIQUIDADA,FNT-000012
BND-001970,6144373/0002,"Pós-embarque, bens",2018-12-26,PARAGUAI,PRY,INS-000296,Ente privado,Exportação de bens,Supplier,,,USD,Pessoal,LIQUIDADA,FNT-000012
BND-001971,6115344/0001,"Pós-embarque, bens",2018-12-26,EQUADOR,ECU,INS-000128,Ente privado,Exportação de bens,Supplier,,,USD,Pessoal,LIQUIDADA,FNT-000012
BND-001972,6169236/0002,"Pós-embarque, bens",2019-01-09,PARAGUAI,PRY,INS-000278,Ente privado,Exportação de bens,Supplier,,,USD,Pessoal,LIQUIDADA,FNT-000012
BND-001973,6185223/0001,"Pós-embarque, bens",2019-01-09,PARAGUAI,PRY,INS-000278,Ente privado,Exportação de bens,Supplier,,,USD,Pessoal,LIQUIDADA,FNT-000012
BND-001974,6144309/0002,"Pós-embarque, bens",2019-01-10,PARAGUAI,PRY,INS-000287,Ente privado,Exportação de bens,Supplier,,,USD,Pessoal,LIQUIDADA,FNT-000012
BND-001975,6181617/0001,"Pós-embarque, bens",2019-01-14,EQUADOR,ECU,INS-000183,Ente privado,Exportação de bens,Supplier,,,USD,Pessoal,LIQUIDADA,FNT-000012
BND-001976,6088535/0002,"Pós-embarque, bens",2019-01-14,ARGENTINA,ARG,INS-000300,Ente privado,Exportação de bens,Supplier,,,USD,Pessoal,LIQUIDADA,FNT-000012
BND-001977,6095362/0001,"Pós-embarque, bens",2019-01-14,NICARAGUA,NIC,INS-000204,Ente privado,Exportação de bens,Supplier,,,USD,Pessoal,LIQUIDADA,FNT-000012
BND-001978,6124861/0001,"Pós-embarque, bens",2019-01-15,ARGENTINA,ARG,INS-000301,Ente privado,Exportação de bens,Supplier,,,USD,Pessoal,LIQUIDADA,FNT-000012
BND-001979,6169236/0003,"Pós-embarque, bens",2019-01-16,PARAGUAI,PRY,INS-000278,Ente privado,Exportação de bens,Supplier,,,USD,Pessoal,LIQUIDADA,FNT-000012
BND-001980,6127400/0004,"Pós-embarque, bens",2019-01-16,PARAGUAI,PRY,INS-000252,Ente privado,Exportação de bens,Supplier,,,USD,Pessoal,LIQUIDADA,FNT-000012
BND-001981,6127926/0001,"Pós-embarque, bens",2019-01-18,EQUADOR,ECU,INS-000210,Ente privado,Exportação de bens,Supplier,,,USD,Pessoal,LIQUIDADA,FNT-000012
BND-001982,6190710/0001,"Pós-embarque, bens",2019-01-21,EQUADOR,ECU,INS-000125,Ente privado,Exportação de bens,Supplier,,,USD,Pessoal,LIQUIDADA,FNT-000012
BND-001983,6190710/0002,"Pós-embarque, bens",2019-01-21,EQUADOR,ECU,INS-000125,Ente privado,Exportação de bens,Supplier,,,USD,Pessoal,LIQUIDADA,FNT-000012
BND-001984,6169236/0004,"Pós-embarque, bens",2019-01-22,PARAGUAI,PRY,INS-000278,Ente privado,Exportação de bens,Supplier,,,USD,Pessoal,LIQUIDADA,FNT-000012
BND-001985,6127926/0002,"Pós-embarque, bens",2019-01-22,EQUADOR,ECU,INS-000210,Ente privado,Exportação de bens,Supplier,,,USD,Pessoal,LIQUIDADA,FNT-000012
BND-001986,6169610/0001,"Pós-embarque, bens",2019-01-24,EQUADOR,ECU,INS-000278,Ente privado,Exportação de bens,Supplier,,,USD,Pessoal,LIQUIDADA,FNT-000012
BND-001987,6095362/0002,"Pós-embarque, bens",2019-01-24,NICARAGUA,NIC,INS-000204,Ente privado,Exportação de bens,Supplier,,,USD,Pessoal,LIQUIDADA,FNT-000012
BND-001988,6090712/0001,"Pós-embarque, bens",2019-01-24,NICARAGUA,NIC,INS-000302,Ente privado,Exportação de bens,Supplier,,,USD,Pessoal,LIQUIDADA,FNT-000012
BND-001989,6185223/0002,"Pós-embarque, bens",2019-01-25,PARAGUAI,PRY,INS-000278,Ente privado,Exportação de bens,Supplier,,,USD,Pessoal,LIQUIDADA,FNT-000012
BND-001990,6144309/0003,"Pós-embarque, bens",2019-01-25,PARAGUAI,PRY,INS-000287,Ente privado,Exportação de bens,Supplier,,,USD,Pessoal,LIQUIDADA,FNT-000012
BND-001991,6104728/0001,"Pós-embarque, bens",2019-01-25,ARGENTINA,ARG,INS-000253,Ente privado,Exportação de bens,Supplier,,,USD,Pessoal,LIQUIDADA,FNT-000012
BND-001992,6169236/0005,"Pós-embarque, bens",2019-01-28,PARAGUAI,PRY,INS-000278,Ente privado,Exportação de bens,Supplier,,,USD,Pessoal,LIQUIDADA,FNT-000012
BND-001993,6173613/0001,"Pós-embarque, bens",2019-01-28,PARAGUAI,PRY,INS-000303,Ente privado,Exportação de bens,Supplier,,,USD,Pessoal,LIQUIDADA,FNT-000012
BND-001994,6152796/0001,"Pós-embarque, bens",2019-01-29,EQUADOR,ECU,INS-000304,Ente privado,Exportação de bens,Supplier,,,USD,Pessoal,LIQUIDADA,FNT-000012
BND-001995,6128932/0001,"Pós-embarque, bens",2019-01-29,EQUADOR,ECU,INS-000222,Ente privado,Exportação de bens,Supplier,,,USD,Pessoal,LIQUIDADA,FNT-000012
BND-001996,6100492/0001,"Pós-embarque, bens",2019-01-29,PARAGUAI,PRY,INS-000305,Ente privado,Exportação de bens,Supplier,,,USD,Pessoal,LIQUIDADA,FNT-000012
BND-001997,5789443/0037,"Pós-embarque, bens",2019-02-06,PARAGUAI,PRY,INS-000277,Ente privado,Exportação de bens,Supplier,,,USD,Pessoal,LIQUIDADA,FNT-000012
BND-001998,6201584/0001,"Pós-embarque, bens",2019-02-08,EQUADOR,ECU,INS-000125,Ente privado,Exportação de bens,Supplier,,,USD,Pessoal,LIQUIDADA,FNT-000012
BND-001999,6189688/0001,"Pós-embarque, bens",2019-02-08,ARGENTINA,ARG,INS-000274,Ente privado,Exportação de bens,Supplier,,,USD,Pessoal,LIQUIDADA,FNT-000012
BND-002000,6122092,"Pós-embarque, bens",2019-02-08,PERU,PER,INS-000151,Ente privado,Exportação de bens,Supplier,,,USD,Pessoal,LIQUIDADA,FNT-000012
BND-002001,6122119,"Pós-embarque, bens",2019-02-08,PERU,PER,INS-000151,Ente privado,Exportação de bens,Supplier,,,USD,Pessoal,LIQUIDADA,FNT-000012
BND-002002,6113610/0001,"Pós-embarque, bens",2019-02-11,EQUADOR,ECU,INS-000281,Ente privado,Exportação de bens,Supplier,,,USD,Pessoal,LIQUIDADA,FNT-000012
BND-002003,6144373/0003,"Pós-embarque, bens",2019-02-11,PARAGUAI,PRY,INS-000296,Ente privado,Exportação de bens,Supplier,,,USD,Pessoal,LIQUIDADA,FNT-000012
BND-002004,6185223/0003,"Pós-embarque, bens",2019-02-13,PARAGUAI,PRY,INS-000278,Ente privado,Exportação de bens,Supplier,,,USD,Pessoal,LIQUIDADA,FNT-000012
BND-002005,6169610/0002,"Pós-embarque, bens",2019-02-14,EQUADOR,ECU,INS-000278,Ente privado,Exportação de bens,Supplier,,,USD,Pessoal,LIQUIDADA,FNT-000012
BND-002006,6185223/0004,"Pós-embarque, bens",2019-02-14,PARAGUAI,PRY,INS-000278,Ente privado,Exportação de bens,Supplier,,,USD,Pessoal,LIQUIDADA,FNT-000012
BND-002007,6177521/0001,"Pós-embarque, bens",2019-02-15,ARGENTINA,ARG,INS-000306,Ente privado,Exportação de bens,Supplier,,,USD,Pessoal,LIQUIDADA,FNT-000012
BND-002008,6197365/0001,"Pós-embarque, bens",2019-02-18,PARAGUAI,PRY,INS-000301,Ente privado,Exportação de bens,Supplier,,,USD,Pessoal,LIQUIDADA,FNT-000012
BND-002009,6127400/0005,"Pós-embarque, bens",2019-02-19,PARAGUAI,PRY,INS-000252,Ente privado,Exportação de bens,Supplier,,,USD,Pessoal,LIQUIDADA,FNT-000012
BND-002010,6127400/0006,"Pós-embarque, bens",2019-02-25,PARAGUAI,PRY,INS-000252,Ente privado,Exportação de bens,Supplier,,,USD,Pessoal,LIQUIDADA,FNT-000012
BND-002011,6180528/0001,"Pós-embarque, bens",2019-02-25,EQUADOR,ECU,INS-000265,Ente privado,Exportação de bens,Supplier,,,USD,Pessoal,LIQUIDADA,FNT-000012
BND-002012,6122092,"Pós-embarque, bens",2019-02-26,PERU,PER,INS-000151,Ente privado,Exportação de bens,Supplier,,,USD,Pessoal,LIQUIDADA,FNT-000012
BND-002013,6122119,"Pós-embarque, bens",2019-02-26,PERU,PER,INS-000151,Ente privado,Exportação de bens,Supplier,,,USD,Pessoal,LIQUIDADA,FNT-000012
BND-002014,6201585/0002,"Pós-embarque, bens",2019-03-13,PARAGUAI,PRY,INS-000153,Ente privado,Exportação de bens,Supplier,,,USD,Pessoal,LIQUIDADA,FNT-000012
BND-002015,6189686/0005,"Pós-embarque, bens",2019-03-13,PARAGUAI,PRY,INS-000236,Ente privado,Exportação de bens,Supplier,,,USD,Pessoal,LIQUIDADA,FNT-000012
BND-002016,6220581/0001,"Pós-embarque, bens",2019-03-13,EQUADOR,ECU,INS-000275,Ente privado,Exportação de bens,Supplier,,,USD,Pessoal,LIQUIDADA,FNT-000012
BND-002017,6080855/0001,"Pós-embarque, bens",2019-03-14,EQUADOR,ECU,INS-000222,Ente privado,Exportação de bens,Supplier,,,USD,Pessoal,LIQUIDADA,FNT-000012
BND-002018,6127400/0007,"Pós-embarque, bens",2019-03-20,PARAGUAI,PRY,INS-000252,Ente privado,Exportação de bens,Supplier,,,USD,Pessoal,LIQUIDADA,FNT-000012
BND-002019,6201587/0002,"Pós-embarque, bens",2019-03-21,PARAGUAI,PRY,INS-000153,Ente privado,Exportação de bens,Supplier,,,USD,Pessoal,LIQUIDADA,FNT-000012
BND-002020,6201588/0002,"Pós-embarque, bens",2019-03-21,PARAGUAI,PRY,INS-000153,Ente privado,Exportação de bens,Supplier,,,USD,Pessoal,LIQUIDADA,FNT-000012
BND-002021,6213212/0001,"Pós-embarque, bens",2019-03-21,EQUADOR,ECU,INS-000307,Ente privado,Exportação de bens,Supplier,,,USD,Pessoal,LIQUIDADA,FNT-000012
BND-002022,6213212/0002,"Pós-embarque, bens",2019-03-21,EQUADOR,ECU,INS-000307,Ente privado,Exportação de bens,Supplier,,,USD,Pessoal,LIQUIDADA,FNT-000012
BND-002023,6185223/0005,"Pós-embarque, bens",2019-03-22,PARAGUAI,PRY,INS-000278,Ente privado,Exportação de bens,Supplier,,,USD,Pessoal,LIQUIDADA,FNT-000012
BND-002024,6237677/0001,"Pós-embarque, bens",2019-03-25,EQUADOR,ECU,INS-000281,Ente privado,Exportação de bens,Supplier,,,USD,Pessoal,LIQUIDADA,FNT-000012
BND-002025,6201585/0003,"Pós-embarque, bens",2019-03-25,PARAGUAI,PRY,INS-000153,Ente privado,Exportação de bens,Supplier,,,USD,Pessoal,LIQUIDADA,FNT-000012
BND-002026,6219846/0001,"Pós-embarque, bens",2019-03-25,ARGENTINA,ARG,INS-000308,Ente privado,Exportação de bens,Supplier,,,USD,Pessoal,LIQUIDADA,FNT-000012
BND-002027,6201586/0002,"Pós-embarque, bens",2019-03-26,PARAGUAI,PRY,INS-000153,Ente privado,Exportação de bens,Supplier,,,USD,Pessoal,LIQUIDADA,FNT-000012
BND-002028,6201587/0003,"Pós-embarque, bens",2019-03-26,PARAGUAI,PRY,INS-000153,Ente privado,Exportação de bens,Supplier,,,USD,Pessoal,LIQUIDADA,FNT-000012
BND-002029,6198413/0001,"Pós-embarque, bens",2019-03-27,PARAGUAI,PRY,INS-000265,Ente privado,Exportação de bens,Supplier,,,USD,Pessoal,LIQUIDADA,FNT-000012
BND-002030,6185223/0006,"Pós-embarque, bens",2019-04-05,PARAGUAI,PRY,INS-000278,Ente privado,Exportação de bens,Supplier,,,USD,Pessoal,LIQUIDADA,FNT-000012
BND-002031,6198413/0002,"Pós-embarque, bens",2019-04-05,PARAGUAI,PRY,INS-000265,Ente privado,Exportação de bens,Supplier,,,USD,Pessoal,LIQUIDADA,FNT-000012
BND-002032,6230202/0001,"Pós-embarque, bens",2019-04-12,PARAGUAI,PRY,INS-000278,Ente privado,Exportação de bens,Supplier,,,USD,Pessoal,LIQUIDADA,FNT-000012
BND-002033,6230623/0001,"Pós-embarque, bens",2019-04-12,PARAGUAI,PRY,INS-000278,Ente privado,Exportação de bens,Supplier,,,USD,Pessoal,LIQUIDADA,FNT-000012
BND-002034,6201588/0003,"Pós-embarque, bens",2019-04-12,PARAGUAI,PRY,INS-000153,Ente privado,Exportação de bens,Supplier,,,USD,Pessoal,LIQUIDADA,FNT-000012
BND-002035,6192552,"Pós-embarque, bens",2019-04-12,ESTADOS UNIDOS,USA,INS-000139,Ente privado,Exportação de bens,Buyer,,,USD,Real / Pessoal,ATIVA,FNT-000012
BND-002036,6192552,"Pós-embarque, bens",2019-04-12,ESTADOS UNIDOS,USA,INS-000239,Ente privado,Exportação de bens,Buyer,,,USD,Real / Pessoal,ATIVA,FNT-000012
BND-002037,6159653/0001,"Pós-embarque, bens",2019-04-15,EQUADOR,ECU,INS-000309,Ente privado,Exportação de bens,Supplier,,,USD,Pessoal,LIQUIDADA,FNT-000012
BND-002038,6230202/0002,"Pós-embarque, bens",2019-04-16,PARAGUAI,PRY,INS-000278,Ente privado,Exportação de bens,Supplier,,,USD,Pessoal,LIQUIDADA,FNT-000012
BND-002039,6210743/0001,"Pós-embarque, bens",2019-04-18,PARAGUAI,PRY,INS-000290,Ente privado,Exportação de bens,Supplier,,,USD,Pessoal,LIQUIDADA,FNT-000012
BND-002040,6221291/0001,"Pós-embarque, bens",2019-04-18,PARAGUAI,PRY,INS-000261,Ente privado,Exportação de bens,Supplier,,,USD,Pessoal,LIQUIDADA,FNT-000012
BND-002041,6230623/0002,"Pós-embarque, bens",2019-04-24,PARAGUAI,PRY,INS-000278,Ente privado,Exportação de bens,Supplier,,,USD,Pessoal,LIQUIDADA,FNT-000012
BND-002042,6202637/0001,"Pós-embarque, bens",2019-04-25,PARAGUAI,PRY,INS-000166,Ente privado,Exportação de bens,Supplier,,,USD,Pessoal,LIQUIDADA,FNT-000012
BND-002043,6123508/0001,"Pós-embarque, bens",2019-05-08,EQUADOR,ECU,INS-000310,Ente privado,Exportação de bens,Supplier,,,USD,Pessoal,LIQUIDADA,FNT-000012
BND-002044,6230623/0003,"Pós-embarque, bens",2019-05-10,PARAGUAI,PRY,INS-000278,Ente privado,Exportação de bens,Supplier,,,USD,Pessoal,LIQUIDADA,FNT-000012
BND-002045,6127400/0008,"Pós-embarque, bens",2019-05-10,PARAGUAI,PRY,INS-000252,Ente privado,Exportação de bens,Supplier,,,USD,Pessoal,LIQUIDADA,FNT-000012
BND-002046,6223413/0001,"Pós-embarque, bens",2019-05-13,EQUADOR,ECU,INS-000210,Ente privado,Exportação de bens,Supplier,,,USD,Pessoal,LIQUIDADA,FNT-000012
BND-002047,6198413/0003,"Pós-embarque, bens",2019-05-14,PARAGUAI,PRY,INS-000265,Ente privado,Exportação de bens,Supplier,,,USD,Pessoal,LIQUIDADA,FNT-000012
BND-002048,6149042/0001,"Pós-embarque, bens",2019-05-15,EQUADOR,ECU,INS-000128,Ente privado,Exportação de bens,Supplier,,,USD,Pessoal,LIQUIDADA,FNT-000012
BND-002049,6223413/0002,"Pós-embarque, bens",2019-05-21,EQUADOR,ECU,INS-000210,Ente privado,Exportação de bens,Supplier,,,USD,Pessoal,LIQUIDADA,FNT-000012
BND-002050,6234776/0001,"Pós-embarque, bens",2019-05-21,EQUADOR,ECU,INS-000228,Ente privado,Exportação de bens,Supplier,,,USD,Pessoal,LIQUIDADA,FNT-000012
BND-002051,6127400/0009,"Pós-embarque, bens",2019-05-27,PARAGUAI,PRY,INS-000252,Ente privado,Exportação de bens,Supplier,,,USD,Pessoal,LIQUIDADA,FNT-000012
BND-002052,6216801/0001,"Pós-embarque, bens",2019-05-28,ARGENTINA,ARG,INS-000311,Ente privado,Exportação de bens,Supplier,,,EUR,Pessoal,LIQUIDADA,FNT-000012
BND-002053,6173612/0001,"Pós-embarque, bens",2019-05-28,ARGENTINA,ARG,INS-000312,Ente privado,Exportação de bens,Supplier,,,USD,Pessoal,LIQUIDADA,FNT-000012
BND-002054,6227567/0001,"Pós-embarque, bens",2019-05-30,EQUADOR,ECU,INS-000261,Ente privado,Exportação de bens,Supplier,,,USD,Pessoal,LIQUIDADA,FNT-000012
BND-002055,6224708/0001,"Pós-embarque, bens",2019-06-07,EQUADOR,ECU,INS-000183,Ente privado,Exportação de bens,Supplier,,,USD,Pessoal,LIQUIDADA,FNT-000012
BND-002056,6224708/0002,"Pós-embarque, bens",2019-06-07,EQUADOR,ECU,INS-000183,Ente privado,Exportação de bens,Supplier,,,USD,Pessoal,LIQUIDADA,FNT-000012
BND-002057,6224708/0003,"Pós-embarque, bens",2019-06-07,EQUADOR,ECU,INS-000183,Ente privado,Exportação de bens,Supplier,,,USD,Pessoal,LIQUIDADA,FNT-000012
BND-002058,6227407/0001,"Pós-embarque, bens",2019-06-07,PARAGUAI,PRY,INS-000153,Ente privado,Exportação de bens,Supplier,,,USD,Pessoal,LIQUIDADA,FNT-000012
BND-002059,6198930/0001,"Pós-embarque, bens",2019-06-07,ARGENTINA,ARG,INS-000312,Ente privado,Exportação de bens,Supplier,,,USD,Pessoal,LIQUIDADA,FNT-000012
BND-002060,6224285/0001,"Pós-embarque, bens",2019-06-07,ARGENTINA,ARG,INS-000313,Ente privado,Exportação de bens,Supplier,,,USD,Pessoal,LIQUIDADA,FNT-000012
BND-002061,6230623/0004,"Pós-embarque, bens",2019-06-13,PARAGUAI,PRY,INS-000278,Ente privado,Exportação de bens,Supplier,,,USD,Pessoal,LIQUIDADA,FNT-000012
BND-002062,6230623/0005,"Pós-embarque, bens",2019-06-13,PARAGUAI,PRY,INS-000278,Ente privado,Exportação de bens,Supplier,,,USD,Pessoal,LIQUIDADA,FNT-000012
BND-002063,6239836/0001,"Pós-embarque, bens",2019-06-13,EQUADOR,ECU,INS-000125,Ente privado,Exportação de bens,Supplier,,,USD,Pessoal,LIQUIDADA,FNT-000012
BND-002064,6230623/0006,"Pós-embarque, bens",2019-06-17,PARAGUAI,PRY,INS-000278,Ente privado,Exportação de bens,Supplier,,,USD,Pessoal,LIQUIDADA,FNT-000012
BND-002065,6185218/0001,"Pós-embarque, bens",2019-06-18,PARAGUAI,PRY,INS-000303,Ente privado,Exportação de bens,Supplier,,,USD,Pessoal,LIQUIDADA,FNT-000012
BND-002066,6224708/0004,"Pós-embarque, bens",2019-06-19,EQUADOR,ECU,INS-000183,Ente privado,Exportação de bens,Supplier,,,USD,Pessoal,LIQUIDADA,FNT-000012
BND-002067,6227375/0001,"Pós-embarque, bens",2019-06-19,EQUADOR,ECU,INS-000210,Ente privado,Exportação de bens,Supplier,,,USD,Pessoal,LIQUIDADA,FNT-000012
BND-002068,6250718/0001,"Pós-embarque, bens",2019-06-26,EQUADOR,ECU,INS-000125,Ente privado,Exportação de bens,Supplier,,,USD,Pessoal,LIQUIDADA,FNT-000012
BND-002069,6230202/0003,"Pós-embarque, bens",2019-06-27,PARAGUAI,PRY,INS-000278,Ente privado,Exportação de bens,Supplier,,,USD,Pessoal,LIQUIDADA,FNT-000012
BND-002070,6230202/0004,"Pós-embarque, bens",2019-06-27,PARAGUAI,PRY,INS-000278,Ente privado,Exportação de bens,Supplier,,,USD,Pessoal,LIQUIDADA,FNT-000012
BND-002071,6193598/0001,"Pós-embarque, bens",2019-06-27,PARAGUAI,PRY,INS-000314,Ente privado,Exportação de bens,Supplier,,,USD,Pessoal,LIQUIDADA,FNT-000012
BND-002072,6239556/0001,"Pós-embarque, bens",2019-06-27,EQUADOR,ECU,INS-000287,Ente privado,Exportação de bens,Supplier,,,USD,Pessoal,LIQUIDADA,FNT-000012
BND-002073,6224708/0005,"Pós-embarque, bens",2019-07-05,EQUADOR,ECU,INS-000183,Ente privado,Exportação de bens,Supplier,,,USD,Pessoal,LIQUIDADA,FNT-000012
BND-002074,6170014,"Pós-embarque, bens",2019-07-05,EQUADOR,ECU,INS-000151,Ente privado,Exportação de bens,Supplier,,,USD,Pessoal,LIQUIDADA,FNT-000012
BND-002075,6227376/0001,"Pós-embarque, bens",2019-07-05,EQUADOR,ECU,INS-000151,Ente privado,Exportação de bens,Supplier,,,USD,Pessoal,LIQUIDADA,FNT-000012
BND-002076,6244811/0001,"Pós-embarque, bens",2019-07-10,ARGENTINA,ARG,INS-000315,Ente privado,Exportação de bens,Supplier,,,USD,Pessoal,LIQUIDADA,FNT-000012
BND-002077,6223413/0004,"Pós-embarque, bens",2019-07-10,EQUADOR,ECU,INS-000210,Ente privado,Exportação de bens,Supplier,,,USD,Pessoal,LIQUIDADA,FNT-000012
BND-002078,6230202/0005,"Pós-embarque, bens",2019-07-11,PARAGUAI,PRY,INS-000278,Ente privado,Exportação de bens,Supplier,,,USD,Pessoal,LIQUIDADA,FNT-000012
BND-002079,6244806/0001,"Pós-embarque, bens",2019-07-15,EQUADOR,ECU,INS-000258,Ente privado,Exportação de bens,Supplier,,,USD,Pessoal,LIQUIDADA,FNT-000012
BND-002080,6186845/0001,"Pós-embarque, bens",2019-07-18,ARGENTINA,ARG,INS-000316,Ente privado,Exportação de bens,Supplier,,,USD,Pessoal,LIQUIDADA,FNT-000012
BND-002081,6230623/0007,"Pós-embarque, bens",2019-07-25,PARAGUAI,PRY,INS-000278,Ente privado,Exportação de bens,Supplier,,,USD,Pessoal,LIQUIDADA,FNT-000012
BND-002082,6241475/0001,"Pós-embarque, bens",2019-07-29,ARGENTINA,ARG,INS-000317,Ente privado,Exportação de bens,Supplier,,,USD,Pessoal,LIQUIDADA,FNT-000012
BND-002083,6242925/0001,"Pós-embarque, bens",2019-07-29,ARGENTINA,ARG,INS-000246,Ente privado,Exportação de bens,Supplier,,,USD,Pessoal,LIQUIDADA,FNT-000012
BND-002084,6252533/0001,"Pós-embarque, bens",2019-07-30,EQUADOR,ECU,INS-000201,Ente privado,Exportação de bens,Supplier,,,USD,Pessoal,LIQUIDADA,FNT-000012
BND-002085,6256992/0001,"Pós-embarque, bens",2019-07-30,EQUADOR,ECU,INS-000125,Ente privado,Exportação de bens,Supplier,,,USD,Pessoal,LIQUIDADA,FNT-000012
BND-002086,6197035/0001,"Pós-embarque, bens",2019-08-06,ARGENTINA,ARG,INS-000300,Ente privado,Exportação de bens,Supplier,,,USD,Pessoal,LIQUIDADA,FNT-000012
BND-002087,6243924/0001,"Pós-embarque, bens",2019-08-06,BOLIVIA,BOL,INS-000244,Ente privado,Exportação de bens,Supplier,,,USD,Pessoal,LIQUIDADA,FNT-000012
BND-002088,6186845/0002,"Pós-embarque, bens",2019-08-12,ARGENTINA,ARG,INS-000316,Ente privado,Exportação de bens,Supplier,,,USD,Pessoal,LIQUIDADA,FNT-000012
BND-002089,6242869/0001,"Pós-embarque, bens",2019-08-12,EQUADOR,ECU,INS-000318,Ente privado,Exportação de bens,Supplier,,,USD,Pessoal,LIQUIDADA,FNT-000012
BND-002090,6221402/0001,"Pós-embarque, bens",2019-08-13,ARGENTINA,ARG,INS-000311,Ente privado,Exportação de bens,Supplier,,,EUR,Pessoal,ATIVA,FNT-000012
BND-002091,6136609/0001,"Pós-embarque, bens",2019-08-13,EQUADOR,ECU,INS-000153,Ente privado,Exportação de bens,Supplier,,,USD,Pessoal,LIQUIDADA,FNT-000012
BND-002092,6230202/0006,"Pós-embarque, bens",2019-08-14,PARAGUAI,PRY,INS-000278,Ente privado,Exportação de bens,Supplier,,,USD,Pessoal,LIQUIDADA,FNT-000012
BND-002093,6230202/0007,"Pós-embarque, bens",2019-08-14,PARAGUAI,PRY,INS-000278,Ente privado,Exportação de bens,Supplier,,,USD,Pessoal,LIQUIDADA,FNT-000012
BND-002094,6230623/0008,"Pós-embarque, bens",2019-08-14,PARAGUAI,PRY,INS-000278,Ente privado,Exportação de bens,Supplier,,,USD,Pessoal,LIQUIDADA,FNT-000012
BND-002095,6221402/0002,"Pós-embarque, bens",2019-08-15,ARGENTINA,ARG,INS-000311,Ente privado,Exportação de bens,Supplier,,,EUR,Pessoal,LIQUIDADA,FNT-000012
BND-002096,6230623/0009,"Pós-embarque, bens",2019-08-19,PARAGUAI,PRY,INS-000278,Ente privado,Exportação de bens,Supplier,,,USD,Pessoal,LIQUIDADA,FNT-000012
BND-002097,6230623/0010,"Pós-embarque, bens",2019-08-19,PARAGUAI,PRY,INS-000278,Ente privado,Exportação de bens,Supplier,,,USD,Pessoal,LIQUIDADA,FNT-000012
BND-002098,6259390/0001,"Pós-embarque, bens",2019-08-19,PARAGUAI,PRY,INS-000319,Ente privado,Exportação de bens,Supplier,,,USD,Pessoal,LIQUIDADA,FNT-000012
BND-002099,6206322/0001,"Pós-embarque, bens",2019-08-19,EL SALVADOR,SLV,INS-000125,Ente privado,Exportação de bens,Supplier,,,USD,Pessoal,LIQUIDADA,FNT-000012
BND-002100,6253857/0001,"Pós-embarque, bens",2019-08-19,PARAGUAI,PRY,INS-000261,Ente privado,Exportação de bens,Supplier,,,USD,Pessoal,LIQUIDADA,FNT-000012
BND-002101,6254438/0001,"Pós-embarque, bens",2019-08-20,EQUADOR,ECU,INS-000128,Ente privado,Exportação de bens,Supplier,,,USD,Pessoal,LIQUIDADA,FNT-000012
BND-002102,6243924/0002,"Pós-embarque, bens",2019-08-23,BOLIVIA,BOL,INS-000244,Ente privado,Exportação de bens,Supplier,,,USD,Pessoal,LIQUIDADA,FNT-000012
BND-002103,6230202/0008,"Pós-embarque, bens",2019-08-28,PARAGUAI,PRY,INS-000278,Ente privado,Exportação de bens,Supplier,,,USD,Pessoal,LIQUIDADA,FNT-000012
BND-002104,6253331/0001,"Pós-embarque, bens",2019-08-28,PARAGUAI,PRY,INS-000183,Ente privado,Exportação de bens,Supplier,,,USD,Pessoal,LIQUIDADA,FNT-000012
BND-002105,6170014,"Pós-embarque, bens",2019-08-28,EQUADOR,ECU,INS-000151,Ente privado,Exportação de bens,Supplier,,,USD,Pessoal,LIQUIDADA,FNT-000012
BND-002106,6254455/0001,"Pós-embarque, bens",2019-08-29,PARAGUAI,PRY,INS-000183,Ente privado,Exportação de bens,Supplier,,,USD,Pessoal,LIQUIDADA,FNT-000012
BND-002107,6251413/0001,"Pós-embarque, bens",2019-08-29,EQUADOR,ECU,INS-000287,Ente privado,Exportação de bens,Supplier,,,USD,Pessoal,LIQUIDADA,FNT-000012
BND-002108,6251121/0001,"Pós-embarque, bens",2019-08-29,PARAGUAI,PRY,INS-000287,Ente privado,Exportação de bens,Supplier,,,USD,Pessoal,LIQUIDADA,FNT-000012
BND-002109,6200046/0001,"Pós-embarque, bens",2019-08-29,EL SALVADOR,SLV,INS-000151,Ente privado,Exportação de bens,Supplier,,,USD,Pessoal,LIQUIDADA,FNT-000012
BND-002110,6257549/0001,"Pós-embarque, bens",2019-09-06,PARAGUAI,PRY,INS-000183,Ente privado,Exportação de bens,Supplier,,,USD,Pessoal,LIQUIDADA,FNT-000012
BND-002111,6243924/0003,"Pós-embarque, bens",2019-09-06,BOLIVIA,BOL,INS-000244,Ente privado,Exportação de bens,Supplier,,,USD,Pessoal,LIQUIDADA,FNT-000012
BND-002112,6230623/0011,"Pós-embarque, bens",2019-09-09,PARAGUAI,PRY,INS-000278,Ente privado,Exportação de bens,Supplier,,,USD,Pessoal,LIQUIDADA,FNT-000012
BND-002113,6170014,"Pós-embarque, bens",2019-09-09,EQUADOR,ECU,INS-000151,Ente privado,Exportação de bens,Supplier,,,USD,Pessoal,LIQUIDADA,FNT-000012
BND-002114,6230202/0009,"Pós-embarque, bens",2019-09-10,PARAGUAI,PRY,INS-000278,Ente privado,Exportação de bens,Supplier,,,USD,Pessoal,LIQUIDADA,FNT-000012
BND-002115,6256551/0001,"Pós-embarque, bens",2019-09-17,ARGENTINA,ARG,INS-000204,Ente privado,Exportação de bens,Supplier,,,USD,Pessoal,LIQUIDADA,FNT-000012
BND-002116,6251749/0002,"Pós-embarque, bens",2019-09-17,ARGENTINA,ARG,INS-000320,Ente privado,Exportação de bens,Supplier,,,USD,Pessoal,LIQUIDADA,FNT-000012
BND-002117,6122092,"Pós-embarque, bens",2019-09-18,PERU,PER,INS-000151,Ente privado,Exportação de bens,Supplier,,,USD,Pessoal,LIQUIDADA,FNT-000012
BND-002118,6122119,"Pós-embarque, bens",2019-09-18,PERU,PER,INS-000151,Ente privado,Exportação de bens,Supplier,,,USD,Pessoal,LIQUIDADA,FNT-000012
BND-002119,6230202/0010,"Pós-embarque, bens",2019-09-19,PARAGUAI,PRY,INS-000278,Ente privado,Exportação de bens,Supplier,,,USD,Pessoal,LIQUIDADA,FNT-000012
BND-002120,6268874/0001,"Pós-embarque, bens",2019-09-19,PARAGUAI,PRY,INS-000183,Ente privado,Exportação de bens,Supplier,,,USD,Pessoal,LIQUIDADA,FNT-000012
BND-002121,6274284/0001,"Pós-embarque, bens",2019-09-19,PARAGUAI,PRY,INS-000183,Ente privado,Exportação de bens,Supplier,,,USD,Pessoal,LIQUIDADA,FNT-000012
BND-002122,6243881/0001,"Pós-embarque, bens",2019-09-19,ARGENTINA,ARG,INS-000313,Ente privado,Exportação de bens,Supplier,,,USD,Pessoal,LIQUIDADA,FNT-000012
BND-002123,6243881/0002,"Pós-embarque, bens",2019-09-19,ARGENTINA,ARG,INS-000313,Ente privado,Exportação de bens,Supplier,,,USD,Pessoal,LIQUIDADA,FNT-000012
BND-002124,6230202/0011,"Pós-embarque, bens",2019-09-23,PARAGUAI,PRY,INS-000278,Ente privado,Exportação de bens,Supplier,,,USD,Pessoal,LIQUIDADA,FNT-000012
BND-002125,6251645/0001,"Pós-embarque, bens",2019-09-24,EQUADOR,ECU,INS-000321,Ente privado,Exportação de bens,Supplier,,,USD,Pessoal,LIQUIDADA,FNT-000012
BND-002126,6268874/0002,"Pós-embarque, bens",2019-10-08,PARAGUAI,PRY,INS-000183,Ente privado,Exportação de bens,Supplier,,,USD,Pessoal,LIQUIDADA,FNT-000012
BND-002127,6250621/0001,"Pós-embarque, bens",2019-10-10,ARGENTINA,ARG,INS-000290,Ente privado,Exportação de bens,Supplier,,,USD,Pessoal,LIQUIDADA,FNT-000012
BND-002128,6294831/0001,"Pós-embarque, bens",2019-10-10,ARGENTINA,ARG,INS-000322,Ente privado,Exportação de bens,Supplier,,,USD,Pessoal,LIQUIDADA,FNT-000012
BND-002129,6170014,"Pós-embarque, bens",2019-10-21,EQUADOR,ECU,INS-000151,Ente privado,Exportação de bens,Supplier,,,USD,Pessoal,LIQUIDADA,FNT-000012
BND-002130,6252131/0001,"Pós-embarque, bens",2019-10-23,EQUADOR,ECU,INS-000210,Ente privado,Exportação de bens,Supplier,,,USD,Pessoal,LIQUIDADA,FNT-000012
BND-002131,6291087/0001,"Pós-embarque, bens",2019-11-07,ARGENTINA,ARG,INS-000204,Ente privado,Exportação de bens,Supplier,,,USD,Pessoal,LIQUIDADA,FNT-000012
BND-002132,6259510/0001,"Pós-embarque, bens",2019-11-07,ARGENTINA,ARG,INS-000313,Ente privado,Exportação de bens,Supplier,,,USD,Pessoal,LIQUIDADA,FNT-000012
BND-002133,6264171/0002,"Pós-embarque, bens",2019-11-07,ARGENTINA,ARG,INS-000313,Ente privado,Exportação de bens,Supplier,,,USD,Pessoal,LIQUIDADA,FNT-000012
BND-002134,6264171/0003,"Pós-embarque, bens",2019-11-07,ARGENTINA,ARG,INS-000313,Ente privado,Exportação de bens,Supplier,,,USD,Pessoal,LIQUIDADA,FNT-000012
BND-002135,6239684/0001,"Pós-embarque, bens",2019-11-07,EQUADOR,ECU,INS-000125,Ente privado,Exportação de bens,Supplier,,,USD,Pessoal,LIQUIDADA,FNT-000012
BND-002136,6269494/0001,"Pós-embarque, bens",2019-11-07,EQUADOR,ECU,INS-000125,Ente privado,Exportação de bens,Supplier,,,USD,Pessoal,LIQUIDADA,FNT-000012
BND-002137,6259956/0001,"Pós-embarque, bens",2019-11-07,EQUADOR,ECU,INS-000159,Ente privado,Exportação de bens,Supplier,,,USD,Pessoal,LIQUIDADA,FNT-000012
BND-002138,6309144/0001,"Pós-embarque, bens",2019-11-07,EQUADOR,ECU,INS-000323,Ente privado,Exportação de bens,Supplier,,,USD,Pessoal,LIQUIDADA,FNT-000012
BND-002139,6297194/0001,"Pós-embarque, bens",2019-11-12,PARAGUAI,PRY,INS-000287,Ente privado,Exportação de bens,Supplier,,,USD,Pessoal,LIQUIDADA,FNT-000012
BND-002140,6285007/0001,"Pós-embarque, bens",2019-11-14,EQUADOR,ECU,INS-000324,Ente privado,Exportação de bens,Supplier,,,USD,Pessoal,LIQUIDADA,FNT-000012
BND-002141,6254861/0001,"Pós-embarque, bens",2019-11-14,EQUADOR,ECU,INS-000201,Ente privado,Exportação de bens,Supplier,,,USD,Pessoal,LIQUIDADA,FNT-000012
BND-002142,6317483/0001,"Pós-embarque, bens",2019-11-18,EQUADOR,ECU,INS-000125,Ente privado,Exportação de bens,Supplier,,,USD,Pessoal,LIQUIDADA,FNT-000012
BND-002143,6326906/0001,"Pós-embarque, bens",2019-11-18,EQUADOR,ECU,INS-000125,Ente privado,Exportação de bens,Supplier,,,USD,Pessoal,LIQUIDADA,FNT-000012
BND-002144,6254861/0002,"Pós-embarque, bens",2019-11-22,EQUADOR,ECU,INS-000201,Ente privado,Exportação de bens,Supplier,,,USD,Pessoal,LIQUIDADA,FNT-000012
BND-002145,6254391/0001,"Pós-embarque, bens",2019-11-22,EQUADOR,ECU,INS-000128,Ente privado,Exportação de bens,Supplier,,,USD,Pessoal,LIQUIDADA,FNT-000012
BND-002146,6317483/0002,"Pós-embarque, bens",2019-11-25,EQUADOR,ECU,INS-000125,Ente privado,Exportação de bens,Supplier,,,USD,Pessoal,LIQUIDADA,FNT-000012
BND-002147,6244277/0001,"Pós-embarque, bens",2019-11-26,ARGENTINA,ARG,INS-000235,Ente privado,Exportação de bens,Supplier,,,USD,Pessoal,LIQUIDADA,FNT-000012
BND-002148,6339654/0001,"Pós-embarque, bens",2019-11-27,EQUADOR,ECU,INS-000125,Ente privado,Exportação de bens,Supplier,,,USD,Pessoal,LIQUIDADA,FNT-000012
BND-002149,6123507/0001,"Pós-embarque, bens",2019-12-13,ARGENTINA,ARG,INS-000325,Ente privado,Exportação de bens,Supplier,,,USD,Pessoal,LIQUIDADA,FNT-000012
BND-002150,6116097,"Pós-embarque, bens",2019-12-16,ESTADOS UNIDOS,USA,INS-000139,Ente privado,Exportação de bens,Buyer,,,USD,Real/ Pessoal,LIQUIDADA,FNT-000012
BND-002151,6116097,"Pós-embarque, bens",2019-12-16,ESTADOS UNIDOS,USA,INS-000239,Ente privado,Exportação de bens,Buyer,,,USD,Real/ Pessoal,LIQUIDADA,FNT-000012
BND-002152,6317483/0003,"Pós-embarque, bens",2019-12-26,EQUADOR,ECU,INS-000125,Ente privado,Exportação de bens,Supplier,,,USD,Pessoal,LIQUIDADA,FNT-000012
BND-002153,6355704/0001,"Pós-embarque, bens",2019-12-27,EQUADOR,ECU,INS-000326,Ente privado,Exportação de bens,Supplier,,,EUR,Pessoal,LIQUIDADA,FNT-000012
BND-002154,6322388/0001,"Pós-embarque, bens",2019-12-27,EQUADOR,ECU,INS-000327,Ente privado,Exportação de bens,Supplier,,,USD,Pessoal,LIQUIDADA,FNT-000012
BND-002155,6349345/0001,"Pós-embarque, bens",2019-12-27,EQUADOR,ECU,INS-000287,Ente privado,Exportação de bens,Supplier,,,USD,Pessoal,LIQUIDADA,FNT-000012
BND-002156,6333207/0001,"Pós-embarque, bens",2019-12-27,EQUADOR,ECU,INS-000159,Ente privado,Exportação de bens,Supplier,,,USD,Pessoal,LIQUIDADA,FNT-000012
BND-002157,6285344/0001,"Pós-embarque, bens",2019-12-27,PARAGUAI,PRY,INS-000236,Ente privado,Exportação de bens,Supplier,,,USD,Pessoal,LIQUIDADA,FNT-000012
BND-002158,6285344/0002,"Pós-embarque, bens",2019-12-27,PARAGUAI,PRY,INS-000236,Ente privado,Exportação de bens,Supplier,,,USD,Pessoal,LIQUIDADA,FNT-000012
BND-002159,6285344/0003,"Pós-embarque, bens",2019-12-27,PARAGUAI,PRY,INS-000236,Ente privado,Exportação de bens,Supplier,,,USD,Pessoal,LIQUIDADA,FNT-000012
BND-002160,6285344/0004,"Pós-embarque, bens",2019-12-27,PARAGUAI,PRY,INS-000236,Ente privado,Exportação de bens,Supplier,,,USD,Pessoal,LIQUIDADA,FNT-000012
BND-002161,6285344/0005,"Pós-embarque, bens",2019-12-27,PARAGUAI,PRY,INS-000236,Ente privado,Exportação de bens,Supplier,,,USD,Pessoal,LIQUIDADA,FNT-000012
BND-002162,6285344/0006,"Pós-embarque, bens",2019-12-27,PARAGUAI,PRY,INS-000236,Ente privado,Exportação de bens,Supplier,,,USD,Pessoal,LIQUIDADA,FNT-000012
BND-002163,6285344/0007,"Pós-embarque, bens",2019-12-27,PARAGUAI,PRY,INS-000236,Ente privado,Exportação de bens,Supplier,,,USD,Pessoal,LIQUIDADA,FNT-000012
BND-002164,6285344/0008,"Pós-embarque, bens",2019-12-27,PARAGUAI,PRY,INS-000236,Ente privado,Exportação de bens,Supplier,,,USD,Pessoal,LIQUIDADA,FNT-000012
BND-002165,6186845/0003,"Pós-embarque, bens",2020-01-10,ARGENTINA,ARG,INS-000316,Ente privado,Exportação de bens,Supplier,,,USD,Pessoal,LIQUIDADA,FNT-000012
BND-002166,6317483/0004,"Pós-embarque, bens",2020-01-13,EQUADOR,ECU,INS-000125,Ente privado,Exportação de bens,Supplier,,,USD,Pessoal,LIQUIDADA,FNT-000012
BND-002167,6244811/0002,"Pós-embarque, bens",2020-01-17,ARGENTINA,ARG,INS-000315,Ente privado,Exportação de bens,Supplier,,,USD,Pessoal,LIQUIDADA,FNT-000012
BND-002168,6342099/0001,"Pós-embarque, bens",2020-01-21,EQUADOR,ECU,INS-000264,Ente privado,Exportação de bens,Supplier,,,USD,Pessoal,LIQUIDADA,FNT-000012
BND-002169,6360181/0001,"Pós-embarque, bens",2020-01-23,EQUADOR,ECU,INS-000159,Ente privado,Exportação de bens,Supplier,,,USD,Pessoal,LIQUIDADA,FNT-000012
BND-002170,6336566/0001,"Pós-embarque, bens",2020-01-28,EQUADOR,ECU,INS-000207,Ente privado,Exportação de bens,Supplier,,,USD,Pessoal,LIQUIDADA,FNT-000012
BND-002171,6345768/0001,"Pós-embarque, bens",2020-02-07,PARAGUAI,PRY,INS-000183,Ente privado,Exportação de bens,Supplier,,,USD,Pessoal,LIQUIDADA,FNT-000012
BND-002172,6310419/0001,"Pós-embarque, bens",2020-02-12,PARAGUAI,PRY,INS-000328,Ente privado,Exportação de bens,Supplier,,,USD,Pessoal,LIQUIDADA,FNT-000012
BND-002173,6365495/0001,"Pós-embarque, bens",2020-02-13,PARAGUAI,PRY,INS-000278,Ente privado,Exportação de bens,Supplier,,,USD,Pessoal,LIQUIDADA,FNT-000012
BND-002174,6317483/0005,"Pós-embarque, bens",2020-02-13,EQUADOR,ECU,INS-000125,Ente privado,Exportação de bens,Supplier,,,USD,Pessoal,LIQUIDADA,FNT-000012
BND-002175,6345768/0002,"Pós-embarque, bens",2020-02-27,PARAGUAI,PRY,INS-000183,Ente privado,Exportação de bens,Supplier,,,USD,Pessoal,LIQUIDADA,FNT-000012
BND-002176,6220622/0001,"Pós-embarque, bens",2020-02-27,EQUADOR,ECU,INS-000183,Ente privado,Exportação de bens,Supplier,,,USD,Pessoal,LIQUIDADA,FNT-000012
BND-002177,6372152/0001,"Pós-embarque, bens",2020-02-27,EQUADOR,ECU,INS-000204,Ente privado,Exportação de bens,Supplier,,,USD,Pessoal,LIQUIDADA,FNT-000012
BND-002178,6309859/0001,"Pós-embarque, bens",2020-02-27,EQUADOR,ECU,INS-000329,Ente privado,Exportação de bens,Supplier,,,USD,Pessoal,LIQUIDADA,FNT-000012
BND-002179,6365495/0002,"Pós-embarque, bens",2020-03-12,PARAGUAI,PRY,INS-000278,Ente privado,Exportação de bens,Supplier,,,USD,Pessoal,LIQUIDADA,FNT-000012
BND-002180,6375639/0001,"Pós-embarque, bens",2020-03-18,EQUADOR,ECU,INS-000324,Ente privado,Exportação de bens,Supplier,,,USD,Pessoal,LIQUIDADA,FNT-000012
BND-002181,6260722/0001,"Pós-embarque, bens",2020-03-20,EQUADOR,ECU,INS-000330,Ente privado,Exportação de bens,Supplier,,,USD,Pessoal,LIQUIDADA,FNT-000012
BND-002182,6260722/0002,"Pós-embarque, bens",2020-03-20,EQUADOR,ECU,INS-000330,Ente privado,Exportação de bens,Supplier,,,USD,Pessoal,LIQUIDADA,FNT-000012
BND-002183,6259606/0001,"Pós-embarque, bens",2020-03-24,ARGENTINA,ARG,INS-000308,Ente privado,Exportação de bens,Supplier,,,USD,Pessoal,LIQUIDADA,FNT-000012
BND-002184,6373039/0001,"Pós-embarque, bens",2020-03-30,EQUADOR,ECU,INS-000331,Ente privado,Exportação de bens,Supplier,,,USD,Pessoal,LIQUIDADA,FNT-000012
BND-002185,6370783/0002,"Pós-embarque, bens",2020-04-09,EQUADOR,ECU,INS-000287,Ente privado,Exportação de bens,Supplier,,,USD,Pessoal,LIQUIDADA,FNT-000012
BND-002186,6311335/0001,"Pós-embarque, bens",2020-04-13,EQUADOR,ECU,INS-000128,Ente privado,Exportação de bens,Supplier,,,USD,Pessoal,LIQUIDADA,FNT-000012
BND-002187,6367202/0001,"Pós-embarque, bens",2020-04-22,EQUADOR,ECU,INS-000201,Ente privado,Exportação de bens,Supplier,,,USD,Pessoal,LIQUIDADA,FNT-000012
BND-002188,6373039/0002,"Pós-embarque, bens",2020-05-08,EQUADOR,ECU,INS-000331,Ente privado,Exportação de bens,Supplier,,,USD,Pessoal,LIQUIDADA,FNT-000012
BND-002189,6307159,"Pós-embarque, bens",2020-05-19,PERU,PER,INS-000126,Ente privado,Exportação de bens,Supplier,,,USD,Pessoal,LIQUIDADA,FNT-000012
BND-002190,6372555/0001,"Pós-embarque, bens",2020-05-28,EQUADOR,ECU,INS-000210,Ente privado,Exportação de bens,Supplier,,,USD,Pessoal,LIQUIDADA,FNT-000012
BND-002191,6365495/0003,"Pós-embarque, bens",2020-06-08,PARAGUAI,PRY,INS-000278,Ente privado,Exportação de bens,Supplier,,,USD,Pessoal,LIQUIDADA,FNT-000012
BND-002192,6365495/0004,"Pós-embarque, bens",2020-06-08,PARAGUAI,PRY,INS-000278,Ente privado,Exportação de bens,Supplier,,,USD,Pessoal,LIQUIDADA,FNT-000012
BND-002193,6385789/0001,"Pós-embarque, bens",2020-06-08,EQUADOR,ECU,INS-000222,Ente privado,Exportação de bens,Supplier,,,USD,Pessoal,LIQUIDADA,FNT-000012
BND-002194,6392355/0001,"Pós-embarque, bens",2020-06-08,EQUADOR,ECU,INS-000204,Ente privado,Exportação de bens,Supplier,,,USD,Pessoal,LIQUIDADA,FNT-000012
BND-002195,6364188/0001,"Pós-embarque, bens",2020-06-08,EQUADOR,ECU,INS-000210,Ente privado,Exportação de bens,Supplier,,,USD,Pessoal,LIQUIDADA,FNT-000012
BND-002196,6398216/0001,"Pós-embarque, bens",2020-06-09,PARAGUAI,PRY,INS-000252,Ente privado,Exportação de bens,Supplier,,,USD,Pessoal,LIQUIDADA,FNT-000012
BND-002197,6307711/0001,"Pós-embarque, bens",2020-06-26,EQUADOR,ECU,INS-000258,Ente privado,Exportação de bens,Supplier,,,USD,Pessoal,LIQUIDADA,FNT-000012
BND-002198,6307159,"Pós-embarque, bens",2020-06-26,PERU,PER,INS-000126,Ente privado,Exportação de bens,Supplier,,,USD,Pessoal,LIQUIDADA,FNT-000012
BND-002199,6390262/0001,"Pós-embarque, bens",2020-06-29,EQUADOR,ECU,INS-000222,Ente privado,Exportação de bens,Supplier,,,USD,Pessoal,LIQUIDADA,FNT-000012
BND-002200,6398216/0002,"Pós-embarque, bens",2020-07-08,PARAGUAI,PRY,INS-000252,Ente privado,Exportação de bens,Supplier,,,USD,Pessoal,LIQUIDADA,FNT-000012
BND-002201,6307159,"Pós-embarque, bens",2020-07-10,PERU,PER,INS-000126,Ente privado,Exportação de bens,Supplier,,,USD,Pessoal,LIQUIDADA,FNT-000012
BND-002202,6388388/0001,"Pós-embarque, bens",2020-07-13,EQUADOR,ECU,INS-000222,Ente privado,Exportação de bens,Supplier,,,USD,Pessoal,LIQUIDADA,FNT-000012
BND-002203,6349279/0001,"Pós-embarque, bens",2020-07-24,EL SALVADOR,SLV,INS-000125,Ente privado,Exportação de bens,Supplier,,,USD,Pessoal,LIQUIDADA,FNT-000012
BND-002204,6392638/0001,"Pós-embarque, bens",2020-07-28,EQUADOR,ECU,INS-000125,Ente privado,Exportação de bens,Supplier,,,USD,Pessoal,LIQUIDADA,FNT-000012
BND-002205,6399167/0001,"Pós-embarque, bens",2020-07-28,EQUADOR,ECU,INS-000125,Ente privado,Exportação de bens,Supplier,,,USD,Pessoal,LIQUIDADA,FNT-000012
BND-002206,6394238/0001,"Pós-embarque, bens",2020-07-29,PARAGUAI,PRY,INS-000210,Ente privado,Exportação de bens,Supplier,,,USD,Pessoal,LIQUIDADA,FNT-000012
BND-002207,6396866/0001,"Pós-embarque, bens",2020-07-30,EQUADOR,ECU,INS-000125,Ente privado,Exportação de bens,Supplier,,,USD,Pessoal,LIQUIDADA,FNT-000012
BND-002208,6279221/0001,"Pós-embarque, bens",2020-08-06,EQUADOR,ECU,INS-000258,Ente privado,Exportação de bens,Supplier,,,USD,Pessoal,LIQUIDADA,FNT-000012
BND-002209,6398216/0003,"Pós-embarque, bens",2020-08-06,PARAGUAI,PRY,INS-000252,Ente privado,Exportação de bens,Supplier,,,USD,Pessoal,LIQUIDADA,FNT-000012
BND-002210,6284681/0001,"Pós-embarque, bens",2020-08-18,ARGENTINA,ARG,INS-000257,Ente privado,Exportação de bens,Supplier,,,USD,Pessoal,LIQUIDADA,FNT-000012
BND-002211,6394238/0002,"Pós-embarque, bens",2020-08-18,PARAGUAI,PRY,INS-000210,Ente privado,Exportação de bens,Supplier,,,USD,Pessoal,LIQUIDADA,FNT-000012
BND-002212,6431218/0001,"Pós-embarque, bens",2020-08-18,PARAGUAI,PRY,INS-000228,Ente privado,Exportação de bens,Supplier,,,USD,Pessoal,LIQUIDADA,FNT-000012
BND-002213,6395850/0001,"Pós-embarque, bens",2020-08-19,EQUADOR,ECU,INS-000222,Ente privado,Exportação de bens,Supplier,,,USD,Pessoal,LIQUIDADA,FNT-000012
BND-002214,6277207/0001,"Pós-embarque, bens",2020-08-28,EQUADOR,ECU,INS-000280,Ente privado,Exportação de bens,Supplier,,,USD,Pessoal,LIQUIDADA,FNT-000012
BND-002215,6431218/0002,"Pós-embarque, bens",2020-09-21,PARAGUAI,PRY,INS-000228,Ente privado,Exportação de bens,Supplier,,,USD,Pessoal,LIQUIDADA,FNT-000012
BND-002216,6387072/0001,"Pós-embarque, bens",2020-09-29,NICARAGUA,NIC,INS-000328,Ente privado,Exportação de bens,Supplier,,,USD,Pessoal,LIQUIDADA,FNT-000012
BND-002217,6339673/0001,"Pós-embarque, bens",2020-09-29,PARAGUAI,PRY,INS-000332,Ente privado,Exportação de bens,Supplier,,,USD,Pessoal,LIQUIDADA,FNT-000012
BND-002218,6431218/0003,"Pós-embarque, bens",2020-10-08,PARAGUAI,PRY,INS-000228,Ente privado,Exportação de bens,Supplier,,,USD,Pessoal,LIQUIDADA,FNT-000012
BND-002219,6288067/0001,"Pós-embarque, bens",2020-10-08,ARGENTINA,ARG,INS-000332,Ente privado,Exportação de bens,Supplier,,,USD,Pessoal,LIQUIDADA,FNT-000012
BND-002220,6500984/0001,"Pós-embarque, bens",2020-10-15,PARAGUAI,PRY,INS-000158,Ente privado,Exportação de bens,Supplier,,,USD,Pessoal,LIQUIDADA,FNT-000012
BND-002221,6501264/0001,"Pós-embarque, bens",2020-10-19,PARAGUAI,PRY,INS-000158,Ente privado,Exportação de bens,Supplier,,,USD,Pessoal,LIQUIDADA,FNT-000012
BND-002222,6501976/0001,"Pós-embarque, bens",2020-10-19,PARAGUAI,PRY,INS-000158,Ente privado,Exportação de bens,Supplier,,,USD,Pessoal,LIQUIDADA,FNT-000012
BND-002223,6307159,"Pós-embarque, bens",2020-10-20,PERU,PER,INS-000126,Ente privado,Exportação de bens,Supplier,,,USD,Pessoal,LIQUIDADA,FNT-000012
BND-002224,6401863,"Pós-embarque, bens",2020-10-22,ESTADOS UNIDOS,USA,INS-000239,Ente privado,Exportação de bens,Buyer,,,USD,Real/ Pessoal,ATIVA,FNT-000012
BND-002225,6264798,"Pós-embarque, bens",2020-10-23,CHILE,CHL,INS-000125,Ente privado,Exportação de bens,Buyer,,,USD,Pessoal,ATIVA,FNT-000012
BND-002226,6500984/0002,"Pós-embarque, bens",2020-11-06,PARAGUAI,PRY,INS-000158,Ente privado,Exportação de bens,Supplier,,,USD,Pessoal,LIQUIDADA,FNT-000012
BND-002227,6501976/0002,"Pós-embarque, bens",2020-11-06,PARAGUAI,PRY,INS-000158,Ente privado,Exportação de bens,Supplier,,,USD,Pessoal,LIQUIDADA,FNT-000012
BND-002228,6501264/0002,"Pós-embarque, bens",2020-11-10,PARAGUAI,PRY,INS-000158,Ente privado,Exportação de bens,Supplier,,,USD,Pessoal,LIQUIDADA,FNT-000012
BND-002229,6506222/0001,"Pós-embarque, bens",2020-11-11,PARAGUAI,PRY,INS-000158,Ente privado,Exportação de bens,Supplier,,,USD,Pessoal,LIQUIDADA,FNT-000012
BND-002230,6506222/0002,"Pós-embarque, bens",2020-11-19,PARAGUAI,PRY,INS-000158,Ente privado,Exportação de bens,Supplier,,,USD,Pessoal,LIQUIDADA,FNT-000012
BND-002231,6506192/0001,"Pós-embarque, bens",2020-11-23,PARAGUAI,PRY,INS-000158,Ente privado,Exportação de bens,Supplier,,,USD,Pessoal,LIQUIDADA,FNT-000012
BND-002232,6501976/0003,"Pós-embarque, bens",2020-11-24,PARAGUAI,PRY,INS-000158,Ente privado,Exportação de bens,Supplier,,,USD,Pessoal,LIQUIDADA,FNT-000012
BND-002233,6405321,"Pós-embarque, bens",2020-12-04,ESTADOS UNIDOS,USA,INS-000239,Ente privado,Exportação de bens,Buyer,,,USD,Seguro de crédito/FGE / Real / Pessoal,ATIVA,FNT-000012
BND-002234,6405321,"Pós-embarque, bens",2020-12-04,ESTADOS UNIDOS,USA,INS-000239,Ente privado,Exportação de bens,Buyer,,,USD,Seguro de crédito/FGE / Real / Pessoal,ATIVA,FNT-000012
BND-002235,6442019/0001,"Pós-embarque, bens",2020-12-07,PARAGUAI,PRY,INS-000261,Ente privado,Exportação de bens,Supplier,,,USD,Pessoal,LIQUIDADA,FNT-000012
BND-002236,6532758/0001,"Pós-embarque, bens",2020-12-16,PARAGUAI,PRY,INS-000183,Ente privado,Exportação de bens,Supplier,,,USD,Pessoal,LIQUIDADA,FNT-000012
BND-002237,6371674/0001,"Pós-embarque, bens",2020-12-16,PARAGUAI,PRY,INS-000250,Ente privado,Exportação de bens,Supplier,,,USD,Pessoal,LIQUIDADA,FNT-000012
BND-002238,6465886,"Pós-embarque, bens",2020-12-18,ESTADOS UNIDOS,USA,INS-000239,Ente privado,Exportação de bens,Buyer,,,USD,Seguro de crédito/ Real / Pessoal,ATIVA,FNT-000012
BND-002239,6496768/0001,"Pós-embarque, bens",2020-12-23,PARAGUAI,PRY,INS-000321,Ente privado,Exportação de bens,Supplier,,,USD,Pessoal,LIQUIDADA,FNT-000012
BND-002240,6393551,"Pós-embarque, bens",2020-12-28,CHILE,CHL,INS-000125,Ente privado,Exportação de bens,Supplier,,,USD,Pessoal,ATIVA,FNT-000012
BND-002241,6542113/0001,"Pós-embarque, bens",2020-12-30,PARAGUAI,PRY,INS-000183,Ente privado,Exportação de bens,Supplier,,,USD,Pessoal,LIQUIDADA,FNT-000012
BND-002242,6511087/0001,"Pós-embarque, bens",2020-12-30,PARAGUAI,PRY,INS-000126,Ente privado,Exportação de bens,Supplier,,,USD,Pessoal,LIQUIDADA,FNT-000012
BND-002243,6501976/0004,"Pós-embarque, bens",2021-01-22,PARAGUAI,PRY,INS-000158,Ente privado,Exportação de bens,Supplier,,,USD,Pessoal,LIQUIDADA,FNT-000012
BND-002244,6501976/0005,"Pós-embarque, bens",2021-01-25,PARAGUAI,PRY,INS-000158,Ente privado,Exportação de bens,Supplier,,,USD,Pessoal,LIQUIDADA,FNT-000012
BND-002245,6538550/0001,"Pós-embarque, bens",2021-01-25,GUATEMALA,GTM,INS-000245,Ente privado,Exportação de bens,Supplier,,,USD,Pessoal,LIQUIDADA,FNT-000012
BND-002246,6235569,"Pós-embarque, bens",2021-01-28,COSTA RICA,CRI,INS-000125,Ente privado,Exportação de bens,Supplier,,,USD,Pessoal,ATIVA,FNT-000012
BND-002247,6511087/0002,"Pós-embarque, bens",2021-02-10,PARAGUAI,PRY,INS-000126,Ente privado,Exportação de bens,Supplier,,,USD,Pessoal,LIQUIDADA,FNT-000012
BND-002248,6538550/0002,"Pós-embarque, bens",2021-02-19,GUATEMALA,GTM,INS-000245,Ente privado,Exportação de bens,Supplier,,,USD,Pessoal,LIQUIDADA,FNT-000012
BND-002249,6552383/0001,"Pós-embarque, bens",2021-03-25,PARAGUAI,PRY,INS-000183,Ente privado,Exportação de bens,Supplier,,,USD,Pessoal,LIQUIDADA,FNT-000012
BND-002250,6538103/0001,"Pós-embarque, bens",2021-03-25,PARAGUAI,PRY,INS-000228,Ente privado,Exportação de bens,Supplier,,,USD,Pessoal,LIQUIDADA,FNT-000012
BND-002251,6395568/0001,"Pós-embarque, bens",2021-03-26,EQUADOR,ECU,INS-000261,Ente privado,Exportação de bens,Supplier,,,USD,Pessoal,LIQUIDADA,FNT-000012
BND-002252,6538103/0002,"Pós-embarque, bens",2021-04-15,PARAGUAI,PRY,INS-000228,Ente privado,Exportação de bens,Supplier,,,USD,Pessoal,LIQUIDADA,FNT-000012
BND-002253,6368321,"Pós-embarque, bens",2021-04-26,COSTA RICA,CRI,INS-000125,Ente privado,Exportação de bens,Supplier,,,USD,Pessoal,ATIVA,FNT-000012
BND-002254,6538103/0003,"Pós-embarque, bens",2021-04-29,PARAGUAI,PRY,INS-000228,Ente privado,Exportação de bens,Supplier,,,USD,Pessoal,LIQUIDADA,FNT-000012
BND-002255,6321506/0001,"Pós-embarque, bens",2021-05-11,EQUADOR,ECU,INS-000333,Ente privado,Exportação de bens,Supplier,,,USD,Pessoal,LIQUIDADA,FNT-000012
BND-002256,6557791/0001,"Pós-embarque, bens",2021-05-14,EQUADOR,ECU,INS-000235,Ente privado,Exportação de bens,Supplier,,,USD,Pessoal,LIQUIDADA,FNT-000012
BND-002257,6388775,"Pós-embarque, bens",2021-07-14,ESTADOS UNIDOS,USA,INS-000139,Ente privado,Exportação de bens,Buyer,,,USD,Seguro de crédito/FGE / Real / Pessoal,ATIVA,FNT-000012
BND-002258,6388775,"Pós-embarque, bens",2021-07-14,ESTADOS UNIDOS,USA,INS-000239,Ente privado,Exportação de bens,Buyer,,,USD,Seguro de crédito/FGE / Real / Pessoal,ATIVA,FNT-000012
BND-002259,6571852/0001,"Pós-embarque, bens",2021-08-10,GUATEMALA,GTM,INS-000204,Ente privado,Exportação de bens,Supplier,,,USD,Pessoal,LIQUIDADA,FNT-000012
BND-002260,6593641/0001,"Pós-embarque, bens",2021-09-29,PARAGUAI,PRY,INS-000334,Ente privado,Exportação de bens,Supplier,,,USD,Pessoal,LIQUIDADA,FNT-000012
BND-002261,6570067/0001,"Pós-embarque, bens",2021-10-11,PARAGUAI,PRY,INS-000250,Ente privado,Exportação de bens,Supplier,,,USD,Pessoal,LIQUIDADA,FNT-000012
BND-002262,6669317/0001,"Pós-embarque, bens",2021-10-25,PARAGUAI,PRY,INS-000158,Ente privado,Exportação de bens,Supplier,,,USD,Pessoal,LIQUIDADA,FNT-000012
BND-002263,6669880/0001,"Pós-embarque, bens",2021-10-25,PARAGUAI,PRY,INS-000158,Ente privado,Exportação de bens,Supplier,,,USD,Pessoal,LIQUIDADA,FNT-000012
BND-002264,6587345/0001,"Pós-embarque, bens",2021-10-26,PARAGUAI,PRY,INS-000228,Ente privado,Exportação de bens,Supplier,,,USD,Pessoal,LIQUIDADA,FNT-000012
BND-002265,6669317/0002,"Pós-embarque, bens",2021-11-08,PARAGUAI,PRY,INS-000158,Ente privado,Exportação de bens,Supplier,,,USD,Pessoal,ATIVA,FNT-000012
BND-002266,6587345/0002,"Pós-embarque, bens",2021-11-19,PARAGUAI,PRY,INS-000228,Ente privado,Exportação de bens,Supplier,,,USD,Pessoal,LIQUIDADA,FNT-000012
BND-002267,6587345/0003,"Pós-embarque, bens",2021-12-07,PARAGUAI,PRY,INS-000228,Ente privado,Exportação de bens,Supplier,,,USD,Pessoal,LIQUIDADA,FNT-000012
BND-002268,6669317/0003,"Pós-embarque, bens",2021-12-09,PARAGUAI,PRY,INS-000158,Ente privado,Exportação de bens,Supplier,,,USD,Pessoal,ATIVA,FNT-000012
BND-002269,6669880/0002,"Pós-embarque, bens",2021-12-14,PARAGUAI,PRY,INS-000158,Ente privado,Exportação de bens,Supplier,,,USD,Pessoal,ATIVA,FNT-000012
BND-002270,6570067/0002,"Pós-embarque, bens",2021-12-17,PARAGUAI,PRY,INS-000250,Ente privado,Exportação de bens,Supplier,,,USD,Pessoal,ATIVA,FNT-000012
BND-002271,6670187/0001,"Pós-embarque, bens",2021-12-20,PARAGUAI,PRY,INS-000236,Ente privado,Exportação de bens,Supplier,,,USD,Pessoal,LIQUIDADA,FNT-000012
BND-002272,6670187/0002,"Pós-embarque, bens",2021-12-20,PARAGUAI,PRY,INS-000236,Ente privado,Exportação de bens,Supplier,,,USD,Pessoal,LIQUIDADA,FNT-000012
BND-002273,6670187/0003,"Pós-embarque, bens",2021-12-20,PARAGUAI,PRY,INS-000236,Ente privado,Exportação de bens,Supplier,,,USD,Pessoal,LIQUIDADA,FNT-000012
BND-002274,6670187/0004,"Pós-embarque, bens",2021-12-20,PARAGUAI,PRY,INS-000236,Ente privado,Exportação de bens,Supplier,,,USD,Pessoal,ATIVA,FNT-000012
BND-002275,6670187/0005,"Pós-embarque, bens",2021-12-20,PARAGUAI,PRY,INS-000236,Ente privado,Exportação de bens,Supplier,,,USD,Pessoal,ATIVA,FNT-000012
BND-002276,6670187/0006,"Pós-embarque, bens",2021-12-20,PARAGUAI,PRY,INS-000236,Ente privado,Exportação de bens,Supplier,,,USD,Pessoal,ATIVA,FNT-000012
BND-002277,6670187/0007,"Pós-embarque, bens",2021-12-20,PARAGUAI,PRY,INS-000236,Ente privado,Exportação de bens,Supplier,,,USD,Pessoal,ATIVA,FNT-000012
BND-002278,6666898/0001,"Pós-embarque, bens",2021-12-29,CHILE,CHL,INS-000204,Ente privado,Exportação de bens,Supplier,,,USD,Pessoal,LIQUIDADA,FNT-000012
BND-002279,6666898/0002,"Pós-embarque, bens",2022-01-12,CHILE,CHL,INS-000204,Ente privado,Exportação de bens,Supplier,,,USD,Pessoal,LIQUIDADA,FNT-000012
BND-002280,6690389/0001,"Pós-embarque, bens",2022-01-12,GUATEMALA,GTM,INS-000245,Ente privado,Exportação de bens,Supplier,,,USD,Pessoal,ATIVA,FNT-000012
BND-002281,6702736/0001,"Pós-embarque, bens",2022-01-14,EQUADOR,ECU,INS-000125,Ente privado,Exportação de bens,Supplier,,,USD,Pessoal,ATIVA,FNT-000012
BND-002282,6689239/0001,"Pós-embarque, bens",2022-01-17,PARAGUAI,PRY,INS-000290,Ente privado,Exportação de bens,Supplier,,,USD,Pessoal,ATIVA,FNT-000012
BND-002283,6693689/0001,"Pós-embarque, bens",2022-01-17,GUATEMALA,GTM,INS-000204,Ente privado,Exportação de bens,Supplier,,,USD,Pessoal,LIQUIDADA,FNT-000012
BND-002284,6670187/0008,"Pós-embarque, bens",2022-01-18,PARAGUAI,PRY,INS-000236,Ente privado,Exportação de bens,Supplier,,,USD,Pessoal,LIQUIDADA,FNT-000012
BND-002285,6670187/0009,"Pós-embarque, bens",2022-01-18,PARAGUAI,PRY,INS-000236,Ente privado,Exportação de bens,Supplier,,,USD,Pessoal,ATIVA,FNT-000012
BND-002286,6670187/0010,"Pós-embarque, bens",2022-01-18,PARAGUAI,PRY,INS-000236,Ente privado,Exportação de bens,Supplier,,,USD,Pessoal,ATIVA,FNT-000012
BND-002287,6670187/0011,"Pós-embarque, bens",2022-01-18,PARAGUAI,PRY,INS-000236,Ente privado,Exportação de bens,Supplier,,,USD,Pessoal,ATIVA,FNT-000012
BND-002288,6670187/0012,"Pós-embarque, bens",2022-01-18,PARAGUAI,PRY,INS-000236,Ente privado,Exportação de bens,Supplier,,,USD,Pessoal,ATIVA,FNT-000012
BND-002289,6670187/0013,"Pós-embarque, bens",2022-01-24,PARAGUAI,PRY,INS-000236,Ente privado,Exportação de bens,Supplier,,,USD,Pessoal,ATIVA,FNT-000012
BND-002290,6683484/0001,"Pós-embarque, bens",2022-01-28,PARAGUAI,PRY,INS-000278,Ente privado,Exportação de bens,Supplier,,,USD,Pessoal,ATIVA,FNT-000012
BND-002291,6683484/0002,"Pós-embarque, bens",2022-01-28,PARAGUAI,PRY,INS-000278,Ente privado,Exportação de bens,Supplier,,,USD,Pessoal,ATIVA,FNT-000012
BND-002292,6682197/0001,"Pós-embarque, bens",2022-01-28,PARAGUAI,PRY,INS-000296,Ente privado,Exportação de bens,Supplier,,,USD,Pessoal,LIQUIDADA,FNT-000012
BND-002293,6682197/0002,"Pós-embarque, bens",2022-01-28,PARAGUAI,PRY,INS-000296,Ente privado,Exportação de bens,Supplier,,,USD,Pessoal,LIQUIDADA,FNT-000012
BND-002294,6666898/0003,"Pós-embarque, bens",2022-02-07,CHILE,CHL,INS-000204,Ente privado,Exportação de bens,Supplier,,,USD,Pessoal,LIQUIDADA,FNT-000012
BND-002295,6690389/0002,"Pós-embarque, bens",2022-02-07,GUATEMALA,GTM,INS-000245,Ente privado,Exportação de bens,Supplier,,,USD,Pessoal,ATIVA,FNT-000012
BND-002296,6722897/0001,"Pós-embarque, bens",2022-02-08,PARAGUAI,PRY,INS-000228,Ente privado,Exportação de bens,Supplier,,,USD,Pessoal,LIQUIDADA,FNT-000012
BND-002297,6683484/0003,"Pós-embarque, bens",2022-02-18,PARAGUAI,PRY,INS-000278,Ente privado,Exportação de bens,Supplier,,,USD,Pessoal,ATIVA,FNT-000012
BND-002298,6666898/0004,"Pós-embarque, bens",2022-03-17,CHILE,CHL,INS-000204,Ente privado,Exportação de bens,Supplier,,,USD,Pessoal,LIQUIDADA,FNT-000012
BND-002299,6636072,"Pós-embarque, bens",2022-03-23,ESTADOS UNIDOS,USA,INS-000152,Ente privado,Exportação de bens,Supplier,,,USD,Pessoal,LIQUIDADA,FNT-000012
BND-002300,6723853/0001,"Pós-embarque, bens",2022-04-06,CHILE,CHL,INS-000204,Ente privado,Exportação de bens,Supplier,,,USD,Pessoal,LIQUIDADA,FNT-000012
BND-002301,6723853/0002,"Pós-embarque, bens",2022-04-20,CHILE,CHL,INS-000204,Ente privado,Exportação de bens,Supplier,,,USD,Pessoal,LIQUIDADA,FNT-000012
BND-002302,6723853/0003,"Pós-embarque, bens",2022-04-20,CHILE,CHL,INS-000204,Ente privado,Exportação de bens,Supplier,,,USD,Pessoal,LIQUIDADA,FNT-000012
BND-002303,6710684/0001,"Pós-embarque, bens",2022-04-22,PARAGUAI,PRY,INS-000335,Ente privado,Exportação de bens,Supplier,,,USD,Pessoal,LIQUIDADA,FNT-000012
BND-002304,6739559/0001,"Pós-embarque, bens",2022-04-25,EQUADOR,ECU,INS-000336,Ente privado,Exportação de bens,Supplier,,,USD,Pessoal,LIQUIDADA,FNT-000012
BND-002305,6722897/0002,"Pós-embarque, bens",2022-04-26,PARAGUAI,PRY,INS-000228,Ente privado,Exportação de bens,Supplier,,,USD,Pessoal,LIQUIDADA,FNT-000012
BND-002306,6682197/0003,"Pós-embarque, bens",2022-04-27,PARAGUAI,PRY,INS-000296,Ente privado,Exportação de bens,Supplier,,,USD,Pessoal,LIQUIDADA,FNT-000012
BND-002307,6723853/0004,"Pós-embarque, bens",2022-04-28,CHILE,CHL,INS-000204,Ente privado,Exportação de bens,Supplier,,,USD,Pessoal,LIQUIDADA,FNT-000012
BND-002308,6722897/0003,"Pós-embarque, bens",2022-05-10,PARAGUAI,PRY,INS-000228,Ente privado,Exportação de bens,Supplier,,,USD,Pessoal,LIQUIDADA,FNT-000012
BND-002309,6636072,"Pós-embarque, bens",2022-05-10,ESTADOS UNIDOS,USA,INS-000152,Ente privado,Exportação de bens,Supplier,,,USD,Pessoal,LIQUIDADA,FNT-000012
BND-002310,6723853/0005,"Pós-embarque, bens",2022-05-11,CHILE,CHL,INS-000204,Ente privado,Exportação de bens,Supplier,,,USD,Pessoal,LIQUIDADA,FNT-000012
BND-002311,6683484/0004,"Pós-embarque, bens",2022-05-20,PARAGUAI,PRY,INS-000278,Ente privado,Exportação de bens,Supplier,,,USD,Pessoal,ATIVA,FNT-000012
BND-002312,6683484/0005,"Pós-embarque, bens",2022-05-23,PARAGUAI,PRY,INS-000278,Ente privado,Exportação de bens,Supplier,,,USD,Pessoal,ATIVA,FNT-000012
BND-002313,6747547/0001,"Pós-embarque, bens",2022-05-26,PARAGUAI,PRY,INS-000337,Ente privado,Exportação de bens,Supplier,,,USD,Pessoal,LIQUIDADA,FNT-000012
BND-002314,6747547/0002,"Pós-embarque, bens",2022-05-26,PARAGUAI,PRY,INS-000337,Ente privado,Exportação de bens,Supplier,,,USD,Pessoal,LIQUIDADA,FNT-000012
BND-002315,6747547/0003,"Pós-embarque, bens",2022-05-26,PARAGUAI,PRY,INS-000337,Ente privado,Exportação de bens,Supplier,,,USD,Pessoal,LIQUIDADA,FNT-000012
BND-002316,6732333/0001,"Pós-embarque, bens",2022-05-30,PARAGUAI,PRY,INS-000126,Ente privado,Exportação de bens,Supplier,,,USD,Pessoal,LIQUIDADA,FNT-000012
BND-002317,6732333/0002,"Pós-embarque, bens",2022-05-30,PARAGUAI,PRY,INS-000126,Ente privado,Exportação de bens,Supplier,,,USD,Pessoal,LIQUIDADA,FNT-000012
BND-002318,6734444/0001,"Pós-embarque, bens",2022-05-30,EQUADOR,ECU,INS-000151,Ente privado,Exportação de bens,Supplier,,,USD,Pessoal,ATIVA,FNT-000012
BND-002319,6747547/0004,"Pós-embarque, bens",2022-06-07,PARAGUAI,PRY,INS-000337,Ente privado,Exportação de bens,Supplier,,,USD,Pessoal,LIQUIDADA,FNT-000012
BND-002320,6754343/0001,"Pós-embarque, bens",2022-06-07,PARAGUAI,PRY,INS-000337,Ente privado,Exportação de bens,Supplier,,,USD,Pessoal,LIQUIDADA,FNT-000012
BND-002321,6748159/0001,"Pós-embarque, bens",2022-06-07,CHILE,CHL,INS-000204,Ente privado,Exportação de bens,Supplier,,,USD,Pessoal,LIQUIDADA,FNT-000012
BND-002322,6754343/0002,"Pós-embarque, bens",2022-06-09,PARAGUAI,PRY,INS-000337,Ente privado,Exportação de bens,Supplier,,,USD,Pessoal,LIQUIDADA,FNT-000012
BND-002323,6697005/0001,"Pós-embarque, bens",2022-06-10,PARAGUAI,PRY,INS-000125,Ente privado,Exportação de bens,Supplier,,,USD,Pessoal,LIQUIDADA,FNT-000012
BND-002324,6723853/0006,"Pós-embarque, bens",2022-06-13,CHILE,CHL,INS-000204,Ente privado,Exportação de bens,Supplier,,,USD,Pessoal,LIQUIDADA,FNT-000012
BND-002325,6734444/0002,"Pós-embarque, bens",2022-06-15,EQUADOR,ECU,INS-000151,Ente privado,Exportação de bens,Supplier,,,USD,Pessoal,ATIVA,FNT-000012
BND-002326,6732333/0003,"Pós-embarque, bens",2022-06-21,PARAGUAI,PRY,INS-000126,Ente privado,Exportação de bens,Supplier,,,USD,Pessoal,LIQUIDADA,FNT-000012
BND-002327,6740376/0001,"Pós-embarque, bens",2022-06-23,PARAGUAI,PRY,INS-000338,Ente privado,Exportação de bens,Supplier,,,USD,Pessoal,LIQUIDADA,FNT-000012
BND-002328,6728376,"Pós-embarque, bens",2022-06-27,ESTADOS UNIDOS,USA,INS-000166,Ente privado,Exportação de bens,Supplier,,,USD,Pessoal,LIQUIDADA,FNT-000012
BND-002329,6710684/0002,"Pós-embarque, bens",2022-06-29,PARAGUAI,PRY,INS-000335,Ente privado,Exportação de bens,Supplier,,,USD,Pessoal,LIQUIDADA,FNT-000012
BND-002330,6636072,"Pós-embarque, bens",2022-06-29,ESTADOS UNIDOS,USA,INS-000152,Ente privado,Exportação de bens,Supplier,,,USD,Pessoal,LIQUIDADA,FNT-000012
BND-002331,6723853/0007,"Pós-embarque, bens",2022-07-07,CHILE,CHL,INS-000204,Ente privado,Exportação de bens,Supplier,,,USD,Pessoal,LIQUIDADA,FNT-000012
BND-002332,6748159/0002,"Pós-embarque, bens",2022-07-07,CHILE,CHL,INS-000204,Ente privado,Exportação de bens,Supplier,,,USD,Pessoal,LIQUIDADA,FNT-000012
BND-002333,6758744/0001,"Pós-embarque, bens",2022-07-20,COSTA RICA,CRI,INS-000204,Ente privado,Exportação de bens,Supplier,,,USD,Pessoal,LIQUIDADA,FNT-000012
BND-002334,6723853/0008,"Pós-embarque, bens",2022-07-21,CHILE,CHL,INS-000204,Ente privado,Exportação de bens,Supplier,,,USD,Pessoal,LIQUIDADA,FNT-000012
BND-002335,6748159/0003,"Pós-embarque, bens",2022-07-25,CHILE,CHL,INS-000204,Ente privado,Exportação de bens,Supplier,,,USD,Pessoal,LIQUIDADA,FNT-000012
BND-002336,6728376,"Pós-embarque, bens",2022-07-27,ESTADOS UNIDOS,USA,INS-000166,Ente privado,Exportação de bens,Supplier,,,USD,Pessoal,LIQUIDADA,FNT-000012
BND-002337,6758546/0001,"Pós-embarque, bens",2022-08-05,EQUADOR,ECU,INS-000201,Ente privado,Exportação de bens,Supplier,,,USD,Pessoal,ATIVA,FNT-000012
BND-002338,6723853/0009,"Pós-embarque, bens",2022-08-05,CHILE,CHL,INS-000204,Ente privado,Exportação de bens,Supplier,,,USD,Pessoal,LIQUIDADA,FNT-000012
BND-002339,6636072,"Pós-embarque, bens",2022-08-09,ESTADOS UNIDOS,USA,INS-000152,Ente privado,Exportação de bens,Supplier,,,USD,Pessoal,LIQUIDADA,FNT-000012
BND-002340,6771756/0001,"Pós-embarque, bens",2022-08-11,CHILE,CHL,INS-000204,Ente privado,Exportação de bens,Supplier,,,USD,Pessoal,LIQUIDADA,FNT-000012
BND-002341,6771756/0002,"Pós-embarque, bens",2022-08-11,CHILE,CHL,INS-000204,Ente privado,Exportação de bens,Supplier,,,USD,Pessoal,LIQUIDADA,FNT-000012
BND-002342,6771756/0003,"Pós-embarque, bens",2022-08-11,CHILE,CHL,INS-000204,Ente privado,Exportação de bens,Supplier,,,USD,Pessoal,LIQUIDADA,FNT-000012
BND-002343,6771756/0004,"Pós-embarque, bens",2022-08-11,CHILE,CHL,INS-000204,Ente privado,Exportação de bens,Supplier,,,USD,Pessoal,LIQUIDADA,FNT-000012
BND-002344,6748159/0004,"Pós-embarque, bens",2022-08-15,CHILE,CHL,INS-000204,Ente privado,Exportação de bens,Supplier,,,USD,Pessoal,LIQUIDADA,FNT-000012
BND-002345,6760417/0001,"Pós-embarque, bens",2022-08-17,EQUADOR,ECU,INS-000245,Ente privado,Exportação de bens,Supplier,,,USD,Pessoal,ATIVA,FNT-000012
BND-002346,6771756/0005,"Pós-embarque, bens",2022-08-22,CHILE,CHL,INS-000204,Ente privado,Exportação de bens,Supplier,,,USD,Pessoal,LIQUIDADA,FNT-000012
BND-002347,6771756/0006,"Pós-embarque, bens",2022-08-22,CHILE,CHL,INS-000204,Ente privado,Exportação de bens,Supplier,,,USD,Pessoal,LIQUIDADA,FNT-000012
BND-002348,6771756/0007,"Pós-embarque, bens",2022-08-22,CHILE,CHL,INS-000204,Ente privado,Exportação de bens,Supplier,,,USD,Pessoal,LIQUIDADA,FNT-000012
BND-002349,6758906/0001,"Pós-embarque, bens",2022-08-22,COSTA RICA,CRI,INS-000204,Ente privado,Exportação de bens,Supplier,,,USD,Pessoal,LIQUIDADA,FNT-000012
BND-002350,6780616/0001,"Pós-embarque, bens",2022-08-23,PARAGUAI,PRY,INS-000339,Ente privado,Exportação de bens,Supplier,,,USD,Pessoal,LIQUIDADA,FNT-000012
BND-002351,6738337/0001,"Pós-embarque, bens",2022-08-23,EQUADOR,ECU,INS-000201,Ente privado,Exportação de bens,Supplier,,,USD,Pessoal,LIQUIDADA,FNT-000012
BND-002352,6758744/0003,"Pós-embarque, bens",2022-08-23,COSTA RICA,CRI,INS-000204,Ente privado,Exportação de bens,Supplier,,,USD,Pessoal,LIQUIDADA,FNT-000012
BND-002353,6710684/0003,"Pós-embarque, bens",2022-08-23,PARAGUAI,PRY,INS-000335,Ente privado,Exportação de bens,Supplier,,,USD,Pessoal,LIQUIDADA,FNT-000012
BND-002354,6723853/0010,"Pós-embarque, bens",2022-08-24,CHILE,CHL,INS-000204,Ente privado,Exportação de bens,Supplier,,,USD,Pessoal,LIQUIDADA,FNT-000012
BND-002355,6771756/0008,"Pós-embarque, bens",2022-08-25,CHILE,CHL,INS-000204,Ente privado,Exportação de bens,Supplier,,,USD,Pessoal,LIQUIDADA,FNT-000012
BND-002356,6771756/0009,"Pós-embarque, bens",2022-08-25,CHILE,CHL,INS-000204,Ente privado,Exportação de bens,Supplier,,,USD,Pessoal,LIQUIDADA,FNT-000012
BND-002357,6675661/0001,"Pós-embarque, bens",2022-08-26,PARAGUAI,PRY,INS-000340,Ente privado,Exportação de bens,Supplier,,,USD,Pessoal,LIQUIDADA,FNT-000012
BND-002358,6780616/0002,"Pós-embarque, bens",2022-08-29,PARAGUAI,PRY,INS-000339,Ente privado,Exportação de bens,Supplier,,,USD,Pessoal,LIQUIDADA,FNT-000012
BND-002359,6780616/0003,"Pós-embarque, bens",2022-08-29,PARAGUAI,PRY,INS-000339,Ente privado,Exportação de bens,Supplier,,,USD,Pessoal,LIQUIDADA,FNT-000012
BND-002360,6780616/0004,"Pós-embarque, bens",2022-08-29,PARAGUAI,PRY,INS-000339,Ente privado,Exportação de bens,Supplier,,,USD,Pessoal,LIQUIDADA,FNT-000012
BND-002361,6771756/0010,"Pós-embarque, bens",2022-08-29,CHILE,CHL,INS-000204,Ente privado,Exportação de bens,Supplier,,,USD,Pessoal,LIQUIDADA,FNT-000012
BND-002362,6710684/0004,"Pós-embarque, bens",2022-08-29,PARAGUAI,PRY,INS-000335,Ente privado,Exportação de bens,Supplier,,,USD,Pessoal,LIQUIDADA,FNT-000012
BND-002363,6771756/0011,"Pós-embarque, bens",2022-09-08,CHILE,CHL,INS-000204,Ente privado,Exportação de bens,Supplier,,,USD,Pessoal,LIQUIDADA,FNT-000012
BND-002364,6710684/0005,"Pós-embarque, bens",2022-09-08,PARAGUAI,PRY,INS-000335,Ente privado,Exportação de bens,Supplier,,,USD,Pessoal,LIQUIDADA,FNT-000012
BND-002365,6728376,"Pós-embarque, bens",2022-09-08,ESTADOS UNIDOS,USA,INS-000166,Ente privado,Exportação de bens,Supplier,,,USD,Pessoal,LIQUIDADA,FNT-000012
BND-002366,6675661/0002,"Pós-embarque, bens",2022-09-09,PARAGUAI,PRY,INS-000340,Ente privado,Exportação de bens,Supplier,,,USD,Pessoal,LIQUIDADA,FNT-000012
BND-002367,6771756/0012,"Pós-embarque, bens",2022-09-09,CHILE,CHL,INS-000204,Ente privado,Exportação de bens,Supplier,,,USD,Pessoal,LIQUIDADA,FNT-000012
BND-002368,6675661/0003,"Pós-embarque, bens",2022-09-12,PARAGUAI,PRY,INS-000340,Ente privado,Exportação de bens,Supplier,,,USD,Pessoal,LIQUIDADA,FNT-000012
BND-002369,6782970/0001,"Pós-embarque, bens",2022-09-12,PARAGUAI,PRY,INS-000287,Ente privado,Exportação de bens,Supplier,,,USD,Pessoal,ATIVA,FNT-000012
BND-002370,6710684/0006,"Pós-embarque, bens",2022-09-12,PARAGUAI,PRY,INS-000335,Ente privado,Exportação de bens,Supplier,,,USD,Pessoal,LIQUIDADA,FNT-000012
BND-002371,6780616/0005,"Pós-embarque, bens",2022-09-13,PARAGUAI,PRY,INS-000339,Ente privado,Exportação de bens,Supplier,,,USD,Pessoal,LIQUIDADA,FNT-000012
BND-002372,6675661/0004,"Pós-embarque, bens",2022-09-13,PARAGUAI,PRY,INS-000340,Ente privado,Exportação de bens,Supplier,,,USD,Pessoal,LIQUIDADA,FNT-000012
BND-002373,6675661/0005,"Pós-embarque, bens",2022-09-19,PARAGUAI,PRY,INS-000340,Ente privado,Exportação de bens,Supplier,,,USD,Pessoal,LIQUIDADA,FNT-000012
BND-002374,6760417/0002,"Pós-embarque, bens",2022-09-19,EQUADOR,ECU,INS-000245,Ente privado,Exportação de bens,Supplier,,,USD,Pessoal,ATIVA,FNT-000012
BND-002375,6766945,"Pós-embarque, bens",2022-09-20,ESTADOS UNIDOS,USA,INS-000139,Ente privado,Exportação de bens,Buyer,,,USD,Seguro de crédito/ Real / Pessoal,ATIVA,FNT-000012
BND-002376,6780616/0006,"Pós-embarque, bens",2022-09-20,PARAGUAI,PRY,INS-000339,Ente privado,Exportação de bens,Supplier,,,USD,Pessoal,LIQUIDADA,FNT-000012
BND-002377,6833832/0001,"Pós-embarque, bens",2022-09-20,PARAGUAI,PRY,INS-000287,Ente privado,Exportação de bens,Supplier,,,USD,Pessoal,ATIVA,FNT-000012
BND-002378,6636072,"Pós-embarque, bens",2022-09-20,ESTADOS UNIDOS,USA,INS-000152,Ente privado,Exportação de bens,Supplier,,,USD,Pessoal,LIQUIDADA,FNT-000012
BND-002379,6782402/0001,"Pós-embarque, bens",2022-09-21,EQUADOR,ECU,INS-000204,Ente privado,Exportação de bens,Supplier,,,USD,Pessoal,LIQUIDADA,FNT-000012
BND-002380,6782514/0001,"Pós-embarque, bens",2022-09-26,PARAGUAI,PRY,INS-000228,Ente privado,Exportação de bens,Supplier,,,USD,Pessoal,LIQUIDADA,FNT-000012
BND-002381,6758906/0002,"Pós-embarque, bens",2022-09-27,COSTA RICA,CRI,INS-000204,Ente privado,Exportação de bens,Supplier,,,USD,Pessoal,LIQUIDADA,FNT-000012
BND-002382,6675661/0006,"Pós-embarque, bens",2022-09-29,PARAGUAI,PRY,INS-000340,Ente privado,Exportação de bens,Supplier,,,USD,Pessoal,LIQUIDADA,FNT-000012
BND-002383,6822079/0001,"Pós-embarque, bens",2022-09-29,PARAGUAI,PRY,INS-000158,Ente privado,Exportação de bens,Supplier,,,USD,Pessoal,LIQUIDADA,FNT-000012
BND-002384,6822079/0002,"Pós-embarque, bens",2022-09-29,PARAGUAI,PRY,INS-000158,Ente privado,Exportação de bens,Supplier,,,USD,Pessoal,LIQUIDADA,FNT-000012
BND-002385,6710684/0007,"Pós-embarque, bens",2022-09-29,PARAGUAI,PRY,INS-000335,Ente privado,Exportação de bens,Supplier,,,USD,Pessoal,LIQUIDADA,FNT-000012
BND-002386,6782614/0001,"Pós-embarque, bens",2022-09-29,GUATEMALA,GTM,INS-000245,Ente privado,Exportação de bens,Supplier,,,USD,Pessoal,ATIVA,FNT-000012
BND-002387,6826770/0001,"Pós-embarque, bens",2022-10-10,PARAGUAI,PRY,INS-000261,Ente privado,Exportação de bens,Supplier,,,EUR,Pessoal,ATIVA,FNT-000012
BND-002388,6843361/0001,"Pós-embarque, bens",2022-10-11,EQUADOR,ECU,INS-000204,Ente privado,Exportação de bens,Supplier,,,USD,Pessoal,LIQUIDADA,FNT-000012
BND-002389,6782514/0002,"Pós-embarque, bens",2022-10-11,PARAGUAI,PRY,INS-000228,Ente privado,Exportação de bens,Supplier,,,USD,Pessoal,LIQUIDADA,FNT-000012
BND-002390,6710684/0008,"Pós-embarque, bens",2022-10-13,PARAGUAI,PRY,INS-000335,Ente privado,Exportação de bens,Supplier,,,USD,Pessoal,LIQUIDADA,FNT-000012
BND-002391,6822079/0003,"Pós-embarque, bens",2022-10-14,PARAGUAI,PRY,INS-000158,Ente privado,Exportação de bens,Supplier,,,USD,Pessoal,LIQUIDADA,FNT-000012
BND-002392,6780616/0007,"Pós-embarque, bens",2022-10-20,PARAGUAI,PRY,INS-000339,Ente privado,Exportação de bens,Supplier,,,USD,Pessoal,LIQUIDADA,FNT-000012
BND-002393,6675661/0007,"Pós-embarque, bens",2022-10-21,PARAGUAI,PRY,INS-000340,Ente privado,Exportação de bens,Supplier,,,USD,Pessoal,LIQUIDADA,FNT-000012
BND-002394,6811260/0001,"Pós-embarque, bens",2022-10-21,EQUADOR,ECU,INS-000204,Ente privado,Exportação de bens,Supplier,,,USD,Pessoal,LIQUIDADA,FNT-000012
BND-002395,6822769/0001,"Pós-embarque, bens",2022-10-24,EQUADOR,ECU,INS-000158,Ente privado,Exportação de bens,Supplier,,,USD,Pessoal,LIQUIDADA,FNT-000012
BND-002396,6822769/0002,"Pós-embarque, bens",2022-10-24,EQUADOR,ECU,INS-000158,Ente privado,Exportação de bens,Supplier,,,USD,Pessoal,LIQUIDADA,FNT-000012
BND-002397,6822079/0004,"Pós-embarque, bens",2022-10-24,PARAGUAI,PRY,INS-000158,Ente privado,Exportação de bens,Supplier,,,USD,Pessoal,LIQUIDADA,FNT-000012
BND-002398,6740379/0001,"Pós-embarque, bens",2022-10-25,EQUADOR,ECU,INS-000330,Ente privado,Exportação de bens,Supplier,,,USD,Pessoal,LIQUIDADA,FNT-000012
BND-002399,6822470/0001,"Pós-embarque, bens",2022-10-25,EQUADOR,ECU,INS-000158,Ente privado,Exportação de bens,Supplier,,,USD,Pessoal,LIQUIDADA,FNT-000012
BND-002400,6822470/0002,"Pós-embarque, bens",2022-10-25,EQUADOR,ECU,INS-000158,Ente privado,Exportação de bens,Supplier,,,USD,Pessoal,LIQUIDADA,FNT-000012
BND-002401,6853307/0001,"Pós-embarque, bens",2022-10-25,PARAGUAI,PRY,INS-000296,Ente privado,Exportação de bens,Supplier,,,USD,Pessoal,LIQUIDADA,FNT-000012
BND-002402,6728376,"Pós-embarque, bens",2022-10-25,ESTADOS UNIDOS,USA,INS-000166,Ente privado,Exportação de bens,Supplier,,,USD,Pessoal,LIQUIDADA,FNT-000012
BND-002403,6762530/0002,"Pós-embarque, bens",2022-10-27,EQUADOR,ECU,INS-000330,Ente privado,Exportação de bens,Supplier,,,USD,Pessoal,LIQUIDADA,FNT-000012
BND-002404,6782514/0003,"Pós-embarque, bens",2022-10-27,PARAGUAI,PRY,INS-000228,Ente privado,Exportação de bens,Supplier,,,USD,Pessoal,LIQUIDADA,FNT-000012
BND-002405,6675661/0008,"Pós-embarque, bens",2022-11-07,PARAGUAI,PRY,INS-000340,Ente privado,Exportação de bens,Supplier,,,USD,Pessoal,LIQUIDADA,FNT-000012
BND-002406,6822079/0005,"Pós-embarque, bens",2022-11-08,PARAGUAI,PRY,INS-000158,Ente privado,Exportação de bens,Supplier,,,USD,Pessoal,LIQUIDADA,FNT-000012
BND-002407,6843366/0001,"Pós-embarque, bens",2022-11-09,PARAGUAI,PRY,INS-000204,Ente privado,Exportação de bens,Supplier,,,USD,Pessoal,ATIVA,FNT-000012
BND-002408,6853307/0002,"Pós-embarque, bens",2022-11-09,PARAGUAI,PRY,INS-000296,Ente privado,Exportação de bens,Supplier,,,USD,Pessoal,LIQUIDADA,FNT-000012
BND-002409,6748159/0005,"Pós-embarque, bens",2022-11-18,CHILE,CHL,INS-000204,Ente privado,Exportação de bens,Supplier,,,USD,Pessoal,LIQUIDADA,FNT-000012
BND-002410,6729823,"Pós-embarque, bens",2022-11-21,ESTADOS UNIDOS,USA,INS-000139,Ente privado,Exportação de bens,Buyer,,,USD,Seguro de crédito/FGE / Real / Pessoal,ATIVA,FNT-000012
BND-002411,6675661/0009,"Pós-embarque, bens",2022-11-21,PARAGUAI,PRY,INS-000340,Ente privado,Exportação de bens,Supplier,,,USD,Pessoal,LIQUIDADA,FNT-000012
BND-002412,6882356/0001,"Pós-embarque, bens",2022-11-22,EQUADOR,ECU,INS-000204,Ente privado,Exportação de bens,Supplier,,,USD,Pessoal,LIQUIDADA,FNT-000012
BND-002413,6843366/0002,"Pós-embarque, bens",2022-11-22,PARAGUAI,PRY,INS-000204,Ente privado,Exportação de bens,Supplier,,,USD,Pessoal,ATIVA,FNT-000012
BND-002414,6853307/0003,"Pós-embarque, bens",2022-11-22,PARAGUAI,PRY,INS-000296,Ente privado,Exportação de bens,Supplier,,,USD,Pessoal,LIQUIDADA,FNT-000012
BND-002415,6675661/0010,"Pós-embarque, bens",2022-11-23,PARAGUAI,PRY,INS-000340,Ente privado,Exportação de bens,Supplier,,,USD,Pessoal,LIQUIDADA,FNT-000012
BND-002416,6853307/0004,"Pós-embarque, bens",2022-11-25,PARAGUAI,PRY,INS-000296,Ente privado,Exportação de bens,Supplier,,,USD,Pessoal,LIQUIDADA,FNT-000012
BND-002417,6822079/0006,"Pós-embarque, bens",2022-11-29,PARAGUAI,PRY,INS-000158,Ente privado,Exportação de bens,Supplier,,,USD,Pessoal,LIQUIDADA,FNT-000012
BND-002418,6822079/0007,"Pós-embarque, bens",2022-11-29,PARAGUAI,PRY,INS-000158,Ente privado,Exportação de bens,Supplier,,,USD,Pessoal,LIQUIDADA,FNT-000012
BND-002419,6780616/0008,"Pós-embarque, bens",2022-12-07,PARAGUAI,PRY,INS-000339,Ente privado,Exportação de bens,Supplier,,,USD,Pessoal,LIQUIDADA,FNT-000012
BND-002420,6728376,"Pós-embarque, bens",2022-12-07,ESTADOS UNIDOS,USA,INS-000166,Ente privado,Exportação de bens,Supplier,,,USD,Pessoal,ATIVA,FNT-000012
BND-002421,6808661/0001,"Pós-embarque, bens",2022-12-08,EQUADOR,ECU,INS-000125,Ente privado,Exportação de bens,Supplier,,,USD,Pessoal,ATIVA,FNT-000012
BND-002422,6884145/0001,"Pós-embarque, bens",2022-12-13,EQUADOR,ECU,INS-000125,Ente privado,Exportação de bens,Supplier,,,USD,Pessoal,ATIVA,FNT-000012
BND-002423,6675661/0011,"Pós-embarque, bens",2022-12-15,PARAGUAI,PRY,INS-000340,Ente privado,Exportação de bens,Supplier,,,USD,Pessoal,LIQUIDADA,FNT-000012
BND-002424,6748159/0006,"Pós-embarque, bens",2022-12-15,CHILE,CHL,INS-000204,Ente privado,Exportação de bens,Supplier,,,USD,Pessoal,LIQUIDADA,FNT-000012
BND-002425,6865458/0001,"Pós-embarque, bens",2022-12-16,PARAGUAI,PRY,INS-000341,Ente privado,Exportação de bens,Supplier,,,USD,Pessoal,LIQUIDADA,FNT-000012
BND-002426,6811260/0002,"Pós-embarque, bens",2022-12-20,EQUADOR,ECU,INS-000204,Ente privado,Exportação de bens,Supplier,,,USD,Pessoal,LIQUIDADA,FNT-000012
BND-002427,6882356/0002,"Pós-embarque, bens",2022-12-20,EQUADOR,ECU,INS-000204,Ente privado,Exportação de bens,Supplier,,,USD,Pessoal,LIQUIDADA,FNT-000012
BND-002428,6894473/0001,"Pós-embarque, bens",2022-12-23,PARAGUAI,PRY,INS-000287,Ente privado,Exportação de bens,Supplier,,,USD,Pessoal,ATIVA,FNT-000012
BND-002429,6822079/0008,"Pós-embarque, bens",2022-12-27,PARAGUAI,PRY,INS-000158,Ente privado,Exportação de bens,Supplier,,,USD,Pessoal,LIQUIDADA,FNT-000012
BND-002430,6675661/0012,"Pós-embarque, bens",2022-12-29,PARAGUAI,PRY,INS-000340,Ente privado,Exportação de bens,Supplier,,,USD,Pessoal,LIQUIDADA,FNT-000012
BND-002431,6889274/0001,"Pós-embarque, bens",2023-01-06,GUATEMALA,GTM,INS-000204,Ente privado,Exportação de bens,Supplier,,,USD,Pessoal,LIQUIDADA,FNT-000012
BND-002432,6843366/0003,"Pós-embarque, bens",2023-01-06,PARAGUAI,PRY,INS-000204,Ente privado,Exportação de bens,Supplier,,,USD,Pessoal,ATIVA,FNT-000012
BND-002433,6780616/0009,"Pós-embarque, bens",2023-01-09,PARAGUAI,PRY,INS-000339,Ente privado,Exportação de bens,Supplier,,,USD,Pessoal,LIQUIDADA,FNT-000012
BND-002434,6905127/0001,"Pós-embarque, bens",2023-01-16,EQUADOR,ECU,INS-000204,Ente privado,Exportação de bens,Supplier,,,USD,Pessoal,LIQUIDADA,FNT-000012
BND-002435,6906442/0001,"Pós-embarque, bens",2023-01-16,EQUADOR,ECU,INS-000287,Ente privado,Exportação de bens,Supplier,,,USD,Pessoal,LIQUIDADA,FNT-000012
BND-002436,6728376,"Pós-embarque, bens",2023-01-16,ESTADOS UNIDOS,USA,INS-000166,Ente privado,Exportação de bens,Supplier,,,USD,Pessoal,ATIVA,FNT-000012
BND-002437,6853307/0005,"Pós-embarque, bens",2023-01-18,PARAGUAI,PRY,INS-000296,Ente privado,Exportação de bens,Supplier,,,USD,Pessoal,LIQUIDADA,FNT-000012
BND-002438,6884177/0001,"Pós-embarque, bens",2023-01-19,EQUADOR,ECU,INS-000125,Ente privado,Exportação de bens,Supplier,,,USD,Pessoal,ATIVA,FNT-000012
BND-002439,6879340/0001,"Pós-embarque, bens",2023-01-23,EQUADOR,ECU,INS-000125,Ente privado,Exportação de bens,Supplier,,,USD,Pessoal,ATIVA,FNT-000012
BND-002440,6894529/0001,"Pós-embarque, bens",2023-01-25,PARAGUAI,PRY,INS-000236,Ente privado,Exportação de bens,Supplier,,,USD,Pessoal,ATIVA,FNT-000012
BND-002441,6889267/0001,"Pós-embarque, bens",2023-01-27,CHILE,CHL,INS-000204,Ente privado,Exportação de bens,Supplier,,,USD,Pessoal,LIQUIDADA,FNT-000012
BND-002442,6843366/0004,"Pós-embarque, bens",2023-01-27,PARAGUAI,PRY,INS-000204,Ente privado,Exportação de bens,Supplier,,,USD,Pessoal,ATIVA,FNT-000012
BND-002443,6853307/0006,"Pós-embarque, bens",2023-01-27,PARAGUAI,PRY,INS-000296,Ente privado,Exportação de bens,Supplier,,,USD,Pessoal,LIQUIDADA,FNT-000012
BND-002444,6853307/0007,"Pós-embarque, bens",2023-01-30,PARAGUAI,PRY,INS-000296,Ente privado,Exportação de bens,Supplier,,,USD,Pessoal,LIQUIDADA,FNT-000012
BND-002445,6899541/0001,"Pós-embarque, bens",2023-02-08,PARAGUAI,PRY,INS-000278,Ente privado,Exportação de bens,Supplier,,,USD,Pessoal,ATIVA,FNT-000012
BND-002446,6899558/0001,"Pós-embarque, bens",2023-02-08,PARAGUAI,PRY,INS-000278,Ente privado,Exportação de bens,Supplier,,,USD,Pessoal,ATIVA,FNT-000012
BND-002447,6913338/0001,"Pós-embarque, bens",2023-02-10,EQUADOR,ECU,INS-000158,Ente privado,Exportação de bens,Supplier,,,USD,Pessoal,LIQUIDADA,FNT-000012
BND-002448,6913338/0002,"Pós-embarque, bens",2023-02-14,EQUADOR,ECU,INS-000158,Ente privado,Exportação de bens,Supplier,,,USD,Pessoal,LIQUIDADA,FNT-000012
BND-002449,6675661/0013,"Pós-embarque, bens",2023-02-15,PARAGUAI,PRY,INS-000340,Ente privado,Exportação de bens,Supplier,,,USD,Pessoal,LIQUIDADA,FNT-000012
BND-002450,6728376,"Pós-embarque, bens",2023-02-15,ESTADOS UNIDOS,USA,INS-000166,Ente privado,Exportação de bens,Supplier,,,USD,Pessoal,ATIVA,FNT-000012
BND-002451,6913339/0001,"Pós-embarque, bens",2023-02-17,EQUADOR,ECU,INS-000158,Ente privado,Exportação de bens,Supplier,,,USD,Pessoal,LIQUIDADA,FNT-000012
BND-002452,6888530/0001,"Pós-embarque, bens",2023-02-22,EQUADOR,ECU,INS-000125,Ente privado,Exportação de bens,Supplier,,,USD,Pessoal,ATIVA,FNT-000012
BND-002453,6905174/0001,"Pós-embarque, bens",2023-02-27,EQUADOR,ECU,INS-000204,Ente privado,Exportação de bens,Supplier,,,USD,Pessoal,LIQUIDADA,FNT-000012
BND-002454,6929662/0001,"Pós-embarque, bens",2023-03-08,EQUADOR,ECU,INS-000287,Ente privado,Exportação de bens,Supplier,,,USD,Pessoal,LIQUIDADA,FNT-000012
BND-002455,6782517/0001,"Pós-embarque, bens",2023-03-08,EQUADOR,ECU,INS-000128,Ente privado,Exportação de bens,Supplier,,,USD,Pessoal,ATIVA,FNT-000012
BND-002456,6782535/0001,"Pós-embarque, bens",2023-03-08,EQUADOR,ECU,INS-000128,Ente privado,Exportação de bens,Supplier,,,USD,Pessoal,LIQUIDADA,FNT-000012
BND-002457,6919973/0001,"Pós-embarque, bens",2023-03-13,EQUADOR,ECU,INS-000204,Ente privado,Exportação de bens,Supplier,,,USD,Pessoal,LIQUIDADA,FNT-000012
BND-002458,6909839/0001,"Pós-embarque, bens",2023-03-16,EQUADOR,ECU,INS-000210,Ente privado,Exportação de bens,Supplier,,,USD,Pessoal,ATIVA,FNT-000012
BND-002459,6917084/0001,"Pós-embarque, bens",2023-03-16,NICARAGUA,NIC,INS-000228,Ente privado,Exportação de bens,Supplier,,,USD,Pessoal,LIQUIDADA,FNT-000012
BND-002460,6889267/0002,"Pós-embarque, bens",2023-03-17,CHILE,CHL,INS-000204,Ente privado,Exportação de bens,Supplier,,,USD,Pessoal,LIQUIDADA,FNT-000012
BND-002461,6888501/0001,"Pós-embarque, bens",2023-03-20,EQUADOR,ECU,INS-000125,Ente privado,Exportação de bens,Supplier,,,USD,Pessoal,ATIVA,FNT-000012
BND-002462,6924734/0001,"Pós-embarque, bens",2023-03-20,EQUADOR,ECU,INS-000125,Ente privado,Exportação de bens,Supplier,,,USD,Pessoal,ATIVA,FNT-000012
BND-002463,6913338/0003,"Pós-embarque, bens",2023-03-23,EQUADOR,ECU,INS-000158,Ente privado,Exportação de bens,Supplier,,,USD,Pessoal,LIQUIDADA,FNT-000012
BND-002464,6877034/0001,"Pós-embarque, bens",2023-03-24,COSTA RICA,CRI,INS-000183,Ente privado,Exportação de bens,Supplier,,,USD,Pessoal,LIQUIDADA,FNT-000012
BND-002465,6919973/0002,"Pós-embarque, bens",2023-03-24,EQUADOR,ECU,INS-000204,Ente privado,Exportação de bens,Supplier,,,USD,Pessoal,LIQUIDADA,FNT-000012
BND-002466,6899541/0002,"Pós-embarque, bens",2023-03-27,PARAGUAI,PRY,INS-000278,Ente privado,Exportação de bens,Supplier,,,USD,Pessoal,ATIVA,FNT-000012
BND-002467,6899541/0003,"Pós-embarque, bens",2023-03-27,PARAGUAI,PRY,INS-000278,Ente privado,Exportação de bens,Supplier,,,USD,Pessoal,ATIVA,FNT-000012
BND-002468,6899558/0002,"Pós-embarque, bens",2023-03-27,PARAGUAI,PRY,INS-000278,Ente privado,Exportação de bens,Supplier,,,USD,Pessoal,ATIVA,FNT-000012
BND-002469,6899558/0003,"Pós-embarque, bens",2023-03-27,PARAGUAI,PRY,INS-000278,Ente privado,Exportação de bens,Supplier,,,USD,Pessoal,ATIVA,FNT-000012
BND-002470,6929979/0001,"Pós-embarque, bens",2023-03-28,PARAGUAI,PRY,INS-000183,Ente privado,Exportação de bens,Supplier,,,USD,Pessoal,ATIVA,FNT-000012
BND-002471,6924734/0002,"Pós-embarque, bens",2023-03-28,EQUADOR,ECU,INS-000125,Ente privado,Exportação de bens,Supplier,,,USD,Pessoal,ATIVA,FNT-000012
BND-002472,6899541/0004,"Pós-embarque, bens",2023-03-29,PARAGUAI,PRY,INS-000278,Ente privado,Exportação de bens,Supplier,,,USD,Pessoal,ATIVA,FNT-000012
BND-002473,6913338/0004,"Pós-embarque, bens",2023-04-18,EQUADOR,ECU,INS-000158,Ente privado,Exportação de bens,Supplier,,,USD,Pessoal,LIQUIDADA,FNT-000012
BND-002474,6943863/0001,"Pós-embarque, bens",2023-04-18,PARAGUAI,PRY,INS-000287,Ente privado,Exportação de bens,Supplier,,,USD,Pessoal,ATIVA,FNT-000012
BND-002475,6940984/0001,"Pós-embarque, bens",2023-04-24,EQUADOR,ECU,INS-000204,Ente privado,Exportação de bens,Supplier,,,USD,Pessoal,LIQUIDADA,FNT-000012
BND-002476,6636072,"Pós-embarque, bens",2023-04-24,ESTADOS UNIDOS,USA,INS-000152,Ente privado,Exportação de bens,Supplier,,,USD,Pessoal,LIQUIDADA,FNT-000012
BND-002477,6938934/0001,"Pós-embarque, bens",2023-04-26,EQUADOR,ECU,INS-000342,Ente privado,Exportação de bens,Supplier,,,USD,Pessoal,LIQUIDADA,FNT-000012
BND-002478,6930015/0001,"Pós-embarque, bens",2023-04-27,EQUADOR,ECU,INS-000278,Ente privado,Exportação de bens,Supplier,,,USD,Pessoal,ATIVA,FNT-000012
BND-002479,6924758/0001,"Pós-embarque, bens",2023-05-08,PARAGUAI,PRY,INS-000278,Ente privado,Exportação de bens,Supplier,,,USD,Pessoal,ATIVA,FNT-000012
BND-002480,6905579/0001,"Pós-embarque, bens",2023-05-08,EQUADOR,ECU,INS-000258,Ente privado,Exportação de bens,Supplier,,,USD,Pessoal,LIQUIDADA,FNT-000012
BND-002481,6728376,"Pós-embarque, bens",2023-05-11,ESTADOS UNIDOS,USA,INS-000166,Ente privado,Exportação de bens,Supplier,,,USD,Pessoal,ATIVA,FNT-000012
BND-002482,6929979/0002,"Pós-embarque, bens",2023-05-12,PARAGUAI,PRY,INS-000183,Ente privado,Exportação de bens,Supplier,,,USD,Pessoal,ATIVA,FNT-000012
BND-002483,6941911/0001,"Pós-embarque, bens",2023-05-16,EQUADOR,ECU,INS-000343,Ente privado,Exportação de bens,Supplier,,,USD,Pessoal,ATIVA,FNT-000012
BND-002484,6762445/0001,"Pós-embarque, bens",2023-05-16,EQUADOR,ECU,INS-000344,Ente privado,Exportação de bens,Supplier,,,USD,Pessoal,LIQUIDADA,FNT-000012
BND-002485,6767710/0001,"Pós-embarque, bens",2023-05-16,EQUADOR,ECU,INS-000344,Ente privado,Exportação de bens,Supplier,,,USD,Pessoal,LIQUIDADA,FNT-000012
BND-002486,6930015/0002,"Pós-embarque, bens",2023-05-18,EQUADOR,ECU,INS-000278,Ente privado,Exportação de bens,Supplier,,,USD,Pessoal,ATIVA,FNT-000012
BND-002487,6954208/0001,"Pós-embarque, bens",2023-05-18,PARAGUAI,PRY,INS-000345,Ente privado,Exportação de bens,Supplier,,,USD,Pessoal,LIQUIDADA,FNT-000012
BND-002488,6942144/0001,"Pós-embarque, bens",2023-05-19,EQUADOR,ECU,INS-000158,Ente privado,Exportação de bens,Supplier,,,USD,Pessoal,LIQUIDADA,FNT-000012
BND-002489,6952214/0001,"Pós-embarque, bens",2023-05-19,EQUADOR,ECU,INS-000287,Ente privado,Exportação de bens,Supplier,,,USD,Pessoal,LIQUIDADA,FNT-000012
BND-002490,6911567/0001,"Pós-embarque, bens",2023-05-22,PARAGUAI,PRY,INS-000304,Ente privado,Exportação de bens,Supplier,,,USD,Pessoal,LIQUIDADA,FNT-000012
BND-002491,6952723/0001,"Pós-embarque, bens",2023-05-24,EQUADOR,ECU,INS-000153,Ente privado,Exportação de bens,Supplier,,,USD,Pessoal,ATIVA,FNT-000012
BND-002492,6948231/0001,"Pós-embarque, bens",2023-05-24,EQUADOR,ECU,INS-000204,Ente privado,Exportação de bens,Supplier,,,USD,Pessoal,LIQUIDADA,FNT-000012
BND-002493,6948390/0001,"Pós-embarque, bens",2023-05-26,EQUADOR,ECU,INS-000346,Ente privado,Exportação de bens,Supplier,,,USD,Pessoal,LIQUIDADA,FNT-000012
BND-002494,6946155/0001,"Pós-embarque, bens",2023-05-29,GUATEMALA,GTM,INS-000245,Ente privado,Exportação de bens,Supplier,,,USD,Pessoal,ATIVA,FNT-000012
BND-002495,6904670/0001,"Pós-embarque, bens",2023-05-30,PARAGUAI,PRY,INS-000197,Ente privado,Exportação de bens,Supplier,,,USD,Pessoal,LIQUIDADA,FNT-000012
BND-002496,6930015/0003,"Pós-embarque, bens",2023-06-07,EQUADOR,ECU,INS-000278,Ente privado,Exportação de bens,Supplier,,,USD,Pessoal,ATIVA,FNT-000012
BND-002497,6924758/0002,"Pós-embarque, bens",2023-06-07,PARAGUAI,PRY,INS-000278,Ente privado,Exportação de bens,Supplier,,,USD,Pessoal,ATIVA,FNT-000012
BND-002498,6920408/0001,"Pós-embarque, bens",2023-06-09,EQUADOR,ECU,INS-000278,Ente privado,Exportação de bens,Supplier,,,USD,Pessoal,ATIVA,FNT-000012
BND-002499,6951223/0001,"Pós-embarque, bens",2023-06-09,PARAGUAI,PRY,INS-000278,Ente privado,Exportação de bens,Supplier,,,USD,Pessoal,ATIVA,FNT-000012
BND-002500,6929979/0003,"Pós-embarque, bens",2023-06-09,PARAGUAI,PRY,INS-000183,Ente privado,Exportação de bens,Supplier,,,USD,Pessoal,ATIVA,FNT-000012
BND-002501,6947035/0001,"Pós-embarque, bens",2023-06-13,GUATEMALA,GTM,INS-000245,Ente privado,Exportação de bens,Supplier,,,USD,Pessoal,ATIVA,FNT-000012
BND-002502,6946055,"Pós-embarque, bens",2023-06-14,ESTADOS UNIDOS,USA,INS-000139,Ente privado,Exportação de bens,Buyer,,,USD,Real/ Pessoal,ATIVA,FNT-000012
BND-002503,6961169/0001,"Pós-embarque, bens",2023-06-20,PARAGUAI,PRY,INS-000345,Ente privado,Exportação de bens,Supplier,,,USD,Pessoal,LIQUIDADA,FNT-000012
BND-002504,6946155/0002,"Pós-embarque, bens",2023-06-20,GUATEMALA,GTM,INS-000245,Ente privado,Exportação de bens,Supplier,,,USD,Pessoal,ATIVA,FNT-000012
BND-002505,6938801,"Pós-embarque, bens",2023-06-20,ESTADOS UNIDOS,USA,INS-000152,Ente privado,Exportação de bens,Supplier,,,USD,Pessoal,LIQUIDADA,FNT-000012
BND-002506,6920408/0002,"Pós-embarque, bens",2023-06-26,EQUADOR,ECU,INS-000278,Ente privado,Exportação de bens,Supplier,,,USD,Pessoal,ATIVA,FNT-000012
BND-002507,6924758/0003,"Pós-embarque, bens",2023-06-26,PARAGUAI,PRY,INS-000278,Ente privado,Exportação de bens,Supplier,,,USD,Pessoal,ATIVA,FNT-000012
BND-002508,6941239/0001,"Pós-embarque, bens",2023-07-07,NICARAGUA,NIC,INS-000278,Ente privado,Exportação de bens,Supplier,,,USD,Pessoal,LIQUIDADA,FNT-000012
BND-002509,6951223/0002,"Pós-embarque, bens",2023-07-07,PARAGUAI,PRY,INS-000278,Ente privado,Exportação de bens,Supplier,,,USD,Pessoal,ATIVA,FNT-000012
BND-002510,6962581/0001,"Pós-embarque, bens",2023-07-07,EQUADOR,ECU,INS-000336,Ente privado,Exportação de bens,Supplier,,,USD,Pessoal,LIQUIDADA,FNT-000012
BND-002511,6960147/0001,"Pós-embarque, bens",2023-07-07,PARAGUAI,PRY,INS-000287,Ente privado,Exportação de bens,Supplier,,,USD,Pessoal,ATIVA,FNT-000012
BND-002512,6962004/0001,"Pós-embarque, bens",2023-07-07,EQUADOR,ECU,INS-000228,Ente privado,Exportação de bens,Supplier,,,USD,Pessoal,LIQUIDADA,FNT-000012
BND-002513,6869329/0001,"Pós-embarque, bens",2023-07-12,PARAGUAI,PRY,INS-000340,Ente privado,Exportação de bens,Supplier,,,EUR,Pessoal,ATIVA,FNT-000012
BND-002514,6957533/0001,"Pós-embarque, bens",2023-07-12,EQUADOR,ECU,INS-000287,Ente privado,Exportação de bens,Supplier,,,USD,Pessoal,LIQUIDADA,FNT-000012
BND-002515,6929637/0001,"Pós-embarque, bens",2023-07-13,GUATEMALA,GTM,INS-000166,Ente privado,Exportação de bens,Supplier,,,USD,Pessoal,LIQUIDADA,FNT-000012
BND-002516,6941239/0002,"Pós-embarque, bens",2023-07-20,NICARAGUA,NIC,INS-000278,Ente privado,Exportação de bens,Supplier,,,USD,Pessoal,LIQUIDADA,FNT-000012
BND-002517,6961169/0002,"Pós-embarque, bens",2023-07-25,PARAGUAI,PRY,INS-000345,Ente privado,Exportação de bens,Supplier,,,USD,Pessoal,LIQUIDADA,FNT-000012
BND-002518,6952224/0001,"Pós-embarque, bens",2023-07-25,PARAGUAI,PRY,INS-000287,Ente privado,Exportação de bens,Supplier,,,USD,Pessoal,ATIVA,FNT-000012
BND-002519,6941860/0001,"Pós-embarque, bens",2023-08-07,COSTA RICA,CRI,INS-000183,Ente privado,Exportação de bens,Supplier,,,USD,Pessoal,LIQUIDADA,FNT-000012
BND-002520,6938801,"Pós-embarque, bens",2023-08-07,ESTADOS UNIDOS,USA,INS-000152,Ente privado,Exportação de bens,Supplier,,,USD,Pessoal,LIQUIDADA,FNT-000012
BND-002521,6945395/0001,"Pós-embarque, bens",2023-08-08,PARAGUAI,PRY,INS-000347,Ente privado,Exportação de bens,Supplier,,,USD,Pessoal,LIQUIDADA,FNT-000012
BND-002522,6728376,"Pós-embarque, bens",2023-08-16,ESTADOS UNIDOS,USA,INS-000166,Ente privado,Exportação de bens,Supplier,,,USD,Pessoal,ATIVA,FNT-000012
BND-002523,6913957/0001,"Pós-embarque, bens",2023-08-17,EQUADOR,ECU,INS-000348,Ente privado,Exportação de bens,Supplier,,,USD,Pessoal,ATIVA,FNT-000012
BND-002524,6966307/0001,"Pós-embarque, bens",2023-08-22,PARAGUAI,PRY,INS-000337,Ente privado,Exportação de bens,Supplier,,,USD,Pessoal,ATIVA,FNT-000012
BND-002525,6986200/0001,"Pós-embarque, bens",2023-08-22,EQUADOR,ECU,INS-000158,Ente privado,Exportação de bens,Supplier,,,USD,Pessoal,LIQUIDADA,FNT-000012
BND-002526,6728376,"Pós-embarque, bens",2023-08-25,ESTADOS UNIDOS,USA,INS-000166,Ente privado,Exportação de bens,Supplier,,,USD,Pessoal,ATIVA,FNT-000012
BND-002527,6981339/0001,"Pós-embarque, bens",2023-08-28,PARAGUAI,PRY,INS-000278,Ente privado,Exportação de bens,Supplier,,,USD,Pessoal,ATIVA,FNT-000012
BND-002528,6950137/0001,"Pós-embarque, bens",2023-08-28,EQUADOR,ECU,INS-000125,Ente privado,Exportação de bens,Supplier,,,USD,Pessoal,ATIVA,FNT-000012
BND-002529,6960707/0001,"Pós-embarque, bens",2023-08-28,EQUADOR,ECU,INS-000125,Ente privado,Exportação de bens,Supplier,,,USD,Pessoal,ATIVA,FNT-000012
BND-002530,6924758/0004,"Pós-embarque, bens",2023-08-29,PARAGUAI,PRY,INS-000278,Ente privado,Exportação de bens,Supplier,,,USD,Pessoal,ATIVA,FNT-000012
BND-002531,6982421/0001,"Pós-embarque, bens",2023-08-29,EQUADOR,ECU,INS-000235,Ente privado,Exportação de bens,Supplier,,,USD,Pessoal,ATIVA,FNT-000012
BND-002532,6981397/0001,"Pós-embarque, bens",2023-08-29,PARAGUAI,PRY,INS-000210,Ente privado,Exportação de bens,Supplier,,,USD,Pessoal,ATIVA,FNT-000012
BND-002533,6924758/0005,"Pós-embarque, bens",2023-08-30,PARAGUAI,PRY,INS-000278,Ente privado,Exportação de bens,Supplier,,,USD,Pessoal,ATIVA,FNT-000012
BND-002534,6941860/0002,"Pós-embarque, bens",2023-08-30,COSTA RICA,CRI,INS-000183,Ente privado,Exportação de bens,Supplier,,,USD,Pessoal,LIQUIDADA,FNT-000012
BND-002535,6943056/0001,"Pós-embarque, bens",2023-08-30,NICARAGUA,NIC,INS-000201,Ente privado,Exportação de bens,Supplier,,,USD,Pessoal,ATIVA,FNT-000012
BND-002536,6966307/0002,"Pós-embarque, bens",2023-09-11,PARAGUAI,PRY,INS-000337,Ente privado,Exportação de bens,Supplier,,,USD,Pessoal,ATIVA,FNT-000012
BND-002537,6961169/0003,"Pós-embarque, bens",2023-09-11,PARAGUAI,PRY,INS-000345,Ente privado,Exportação de bens,Supplier,,,USD,Pessoal,LIQUIDADA,FNT-000012
BND-002538,6968465/0001,"Pós-embarque, bens",2023-09-11,NICARAGUA,NIC,INS-000228,Ente privado,Exportação de bens,Supplier,,,USD,Pessoal,LIQUIDADA,FNT-000012
BND-002539,6951223/0003,"Pós-embarque, bens",2023-09-14,PARAGUAI,PRY,INS-000278,Ente privado,Exportação de bens,Supplier,,,USD,Pessoal,ATIVA,FNT-000012
BND-002540,6979109/0001,"Pós-embarque, bens",2023-09-14,GUATEMALA,GTM,INS-000204,Ente privado,Exportação de bens,Supplier,,,USD,Pessoal,LIQUIDADA,FNT-000012
BND-002541,7047342,"Pós-embarque, bens",2023-09-15,ESTADOS UNIDOS,USA,INS-000139,Ente privado,Exportação de bens,Buyer,,,USD,Real/ Pessoal,ATIVA,FNT-000012
BND-002542,6968498/0001,"Pós-embarque, bens",2023-09-15,CHILE,CHL,INS-000204,Ente privado,Exportação de bens,Supplier,,,USD,Pessoal,LIQUIDADA,FNT-000012
BND-002543,6968498/0002,"Pós-embarque, bens",2023-09-20,CHILE,CHL,INS-000204,Ente privado,Exportação de bens,Supplier,,,USD,Pessoal,LIQUIDADA,FNT-000012
BND-002544,6968498/0003,"Pós-embarque, bens",2023-09-20,CHILE,CHL,INS-000204,Ente privado,Exportação de bens,Supplier,,,USD,Pessoal,LIQUIDADA,FNT-000012
BND-002545,6924758/0006,"Pós-embarque, bens",2023-09-21,PARAGUAI,PRY,INS-000278,Ente privado,Exportação de bens,Supplier,,,USD,Pessoal,ATIVA,FNT-000012
BND-002546,6981341/0001,"Pós-embarque, bens",2023-09-21,PARAGUAI,PRY,INS-000278,Ente privado,Exportação de bens,Supplier,,,USD,Pessoal,ATIVA,FNT-000012
BND-002547,6981341/0002,"Pós-embarque, bens",2023-09-25,PARAGUAI,PRY,INS-000278,Ente privado,Exportação de bens,Supplier,,,USD,Pessoal,ATIVA,FNT-000012
BND-002548,6951223/0004,"Pós-embarque, bens",2023-09-26,PARAGUAI,PRY,INS-000278,Ente privado,Exportação de bens,Supplier,,,USD,Pessoal,ATIVA,FNT-000012
BND-002549,6979548/0001,"Pós-embarque, bens",2023-09-26,COSTA RICA,CRI,INS-000183,Ente privado,Exportação de bens,Supplier,,,USD,Pessoal,LIQUIDADA,FNT-000012
BND-002550,6938801,"Pós-embarque, bens",2023-09-26,ESTADOS UNIDOS,USA,INS-000152,Ente privado,Exportação de bens,Supplier,,,USD,Pessoal,LIQUIDADA,FNT-000012
BND-002551,6906142/0001,"Pós-embarque, bens",2023-09-27,EQUADOR,ECU,INS-000125,Ente privado,Exportação de bens,Supplier,,,USD,Pessoal,ATIVA,FNT-000012
BND-002552,7037906/0001,"Pós-embarque, bens",2023-09-27,EQUADOR,ECU,INS-000228,Ente privado,Exportação de bens,Supplier,,,USD,Pessoal,LIQUIDADA,FNT-000012
BND-002553,6989237/0001,"Pós-embarque, bens",2023-09-28,CHILE,CHL,INS-000204,Ente privado,Exportação de bens,Supplier,,,USD,Pessoal,LIQUIDADA,FNT-000012
BND-002554,6989237/0002,"Pós-embarque, bens",2023-09-28,CHILE,CHL,INS-000204,Ente privado,Exportação de bens,Supplier,,,USD,Pessoal,LIQUIDADA,FNT-000012
BND-002555,7020733/0001,"Pós-embarque, bens",2023-09-28,ARGENTINA,ARG,INS-000349,Ente privado,Exportação de bens,Supplier,,,USD,Pessoal,ATIVA,FNT-000012
BND-002556,7024042/0001,"Pós-embarque, bens",2023-09-28,ARGENTINA,ARG,INS-000349,Ente privado,Exportação de bens,Supplier,,,USD,Pessoal,ATIVA,FNT-000012
BND-002557,6989237/0003,"Pós-embarque, bens",2023-10-06,CHILE,CHL,INS-000204,Ente privado,Exportação de bens,Supplier,,,USD,Pessoal,LIQUIDADA,FNT-000012
BND-002558,6981397/0002,"Pós-embarque, bens",2023-10-06,PARAGUAI,PRY,INS-000210,Ente privado,Exportação de bens,Supplier,,,USD,Pessoal,ATIVA,FNT-000012
BND-002559,6951223/0005,"Pós-embarque, bens",2023-10-16,PARAGUAI,PRY,INS-000278,Ente privado,Exportação de bens,Supplier,,,USD,Pessoal,ATIVA,FNT-000012
BND-002560,6728376,"Pós-embarque, bens",2023-10-23,ESTADOS UNIDOS,USA,INS-000166,Ente privado,Exportação de bens,Supplier,,,USD,Pessoal,ATIVA,FNT-000012
BND-002561,6981339/0002,"Pós-embarque, bens",2023-10-30,PARAGUAI,PRY,INS-000278,Ente privado,Exportação de bens,Supplier,,,USD,Pessoal,ATIVA,FNT-000012
BND-002562,7041467/0001,"Pós-embarque, bens",2023-10-30,ARGENTINA,ARG,INS-000350,Ente privado,Exportação de bens,Supplier,,,USD,Pessoal,LIQUIDADA,FNT-000012
BND-002563,7063314/0001,"Pós-embarque, bens",2023-11-08,ARGENTINA,ARG,INS-000228,Ente privado,Exportação de bens,Supplier,,,USD,Pessoal,LIQUIDADA,FNT-000012
BND-002564,6950137/0002,"Pós-embarque, bens",2023-11-10,EQUADOR,ECU,INS-000125,Ente privado,Exportação de bens,Supplier,,,USD,Pessoal,ATIVA,FNT-000012
BND-002565,6981397/0003,"Pós-embarque, bens",2023-11-23,PARAGUAI,PRY,INS-000210,Ente privado,Exportação de bens,Supplier,,,USD,Pessoal,ATIVA,FNT-000012
BND-002566,6981397/0004,"Pós-embarque, bens",2023-11-23,PARAGUAI,PRY,INS-000210,Ente privado,Exportação de bens,Supplier,,,USD,Pessoal,ATIVA,FNT-000012
BND-002567,6951223/0006,"Pós-embarque, bens",2023-11-27,PARAGUAI,PRY,INS-000278,Ente privado,Exportação de bens,Supplier,,,USD,Pessoal,ATIVA,FNT-000012
BND-002568,6938801,"Pós-embarque, bens",2023-11-27,ESTADOS UNIDOS,USA,INS-000152,Ente privado,Exportação de bens,Supplier,,,USD,Pessoal,LIQUIDADA,FNT-000012
BND-002569,6990869,"Pós-embarque, bens",2023-11-28,ESTADOS UNIDOS,USA,INS-000139,Ente privado,Exportação de bens,Buyer,,,USD,Real/ Pessoal,ATIVA,FNT-000012
BND-002570,7123446,"Pós-embarque, bens",2023-11-28,ESTADOS UNIDOS,USA,INS-000139,Ente privado,Exportação de bens,Buyer,,,USD,Seguro de crédito/FGE / Real / Pessoal,ATIVA,FNT-000012
BND-002571,6967704/0001,"Pós-embarque, bens",2023-11-28,PARAGUAI,PRY,INS-000126,Ente privado,Exportação de bens,Supplier,,,USD,Pessoal,ATIVA,FNT-000012
BND-002572,6967704/0002,"Pós-embarque, bens",2023-11-28,PARAGUAI,PRY,INS-000126,Ente privado,Exportação de bens,Supplier,,,USD,Pessoal,ATIVA,FNT-000012
BND-002573,7000827/0001,"Pós-embarque, bens",2023-11-29,PARAGUAI,PRY,INS-000183,Ente privado,Exportação de bens,Supplier,,,USD,Pessoal,ATIVA,FNT-000012
BND-002574,7071556/0001,"Pós-embarque, bens",2023-11-29,EQUADOR,ECU,INS-000158,Ente privado,Exportação de bens,Supplier,,,USD,Pessoal,LIQUIDADA,FNT-000012
BND-002575,6980185/0001,"Pós-embarque, bens",2023-11-29,EQUADOR,ECU,INS-000125,Ente privado,Exportação de bens,Supplier,,,USD,Pessoal,ATIVA,FNT-000012
BND-002576,6728376,"Pós-embarque, bens",2023-12-06,ESTADOS UNIDOS,USA,INS-000166,Ente privado,Exportação de bens,Supplier,,,USD,Pessoal,ATIVA,FNT-000012
BND-002577,6981339/0003,"Pós-embarque, bens",2023-12-08,PARAGUAI,PRY,INS-000278,Ente privado,Exportação de bens,Supplier,,,USD,Pessoal,ATIVA,FNT-000012
BND-002578,6940365,"Pós-embarque, bens",2023-12-11,ESTADOS UNIDOS,USA,INS-000139,Ente privado,Exportação de bens,Buyer,,,USD,Seguro de crédito/FGE / Real / Pessoal,ATIVA,FNT-000012
BND-002579,6940365,"Pós-embarque, bens",2023-12-11,ESTADOS UNIDOS,USA,INS-000139,Ente privado,Exportação de bens,Buyer,,,USD,Seguro de crédito/FGE / Real / Pessoal,LIQUIDADA,FNT-000012
BND-002580,7087679/0001,"Pós-embarque, bens",2023-12-15,PARAGUAI,PRY,INS-000204,Ente privado,Exportação de bens,Supplier,,,USD,Pessoal,ATIVA,FNT-000012
BND-002581,7042136/0001,"Pós-embarque, bens",2023-12-15,EQUADOR,ECU,INS-000344,Ente privado,Exportação de bens,Supplier,,,USD,Pessoal,LIQUIDADA,FNT-000012
BND-002582,7112945/0001,"Pós-embarque, bens",2023-12-18,EQUADOR,ECU,INS-000228,Ente privado,Exportação de bens,Supplier,,,USD,Pessoal,LIQUIDADA,FNT-000012
BND-002583,7120566/0001,"Pós-embarque, bens",2023-12-20,EQUADOR,ECU,INS-000158,Ente privado,Exportação de bens,Supplier,,,USD,Pessoal,LIQUIDADA,FNT-000012
BND-002584,6938801,"Pós-embarque, bens",2023-12-21,ESTADOS UNIDOS,USA,INS-000152,Ente privado,Exportação de bens,Supplier,,,USD,Pessoal,LIQUIDADA,FNT-000012
BND-002585,6892477/0001,"Pós-embarque, bens",2023-12-28,EQUADOR,ECU,INS-000310,Ente privado,Exportação de bens,Supplier,,,USD,Pessoal,ATIVA,FNT-000012
BND-002586,7014949/0001,"Pós-embarque, bens",2023-12-28,EQUADOR,ECU,INS-000125,Ente privado,Exportação de bens,Supplier,,,USD,Pessoal,ATIVA,FNT-000012
BND-002587,7033632/0001,"Pós-embarque, bens",2023-12-28,EQUADOR,ECU,INS-000351,Ente privado,Exportação de bens,Supplier,,,USD,Pessoal,ATIVA,FNT-000012
BND-002588,6981341/0003,"Pós-embarque, bens",2024-01-15,PARAGUAI,PRY,INS-000278,Ente privado,Exportação de bens,Supplier,,,USD,Pessoal,ATIVA,FNT-000012
BND-002589,7095626/0001,"Pós-embarque, bens",2024-01-23,GUATEMALA,GTM,INS-000166,Ente privado,Exportação de bens,Supplier,,,USD,Pessoal,LIQUIDADA,FNT-000012
BND-002590,6981341/0004,"Pós-embarque, bens",2024-01-24,PARAGUAI,PRY,INS-000278,Ente privado,Exportação de bens,Supplier,,,USD,Pessoal,ATIVA,FNT-000012
BND-002591,7133984/0001,"Pós-embarque, bens",2024-01-25,EQUADOR,ECU,INS-000336,Ente privado,Exportação de bens,Supplier,,,USD,Pessoal,LIQUIDADA,FNT-000012
BND-002592,6951223/0007,"Pós-embarque, bens",2024-01-26,PARAGUAI,PRY,INS-000278,Ente privado,Exportação de bens,Supplier,,,USD,Pessoal,ATIVA,FNT-000012
BND-002593,7000827/0002,"Pós-embarque, bens",2024-01-26,PARAGUAI,PRY,INS-000183,Ente privado,Exportação de bens,Supplier,,,USD,Pessoal,ATIVA,FNT-000012
BND-002594,7147849/0001,"Pós-embarque, bens",2024-02-07,PARAGUAI,PRY,INS-000183,Ente privado,Exportação de bens,Supplier,,,USD,Pessoal,ATIVA,FNT-000012
BND-002595,6938801,"Pós-embarque, bens",2024-02-07,ESTADOS UNIDOS,USA,INS-000152,Ente privado,Exportação de bens,Supplier,,,USD,Pessoal,LIQUIDADA,FNT-000012
BND-002596,7147754/0001,"Pós-embarque, bens",2024-02-09,PARAGUAI,PRY,INS-000183,Ente privado,Exportação de bens,Supplier,,,USD,Pessoal,ATIVA,FNT-000012
BND-002597,7147826/0001,"Pós-embarque, bens",2024-02-15,PARAGUAI,PRY,INS-000183,Ente privado,Exportação de bens,Supplier,,,USD,Pessoal,ATIVA,FNT-000012
BND-002598,7134680/0001,"Pós-embarque, bens",2024-02-20,EQUADOR,ECU,INS-000159,Ente privado,Exportação de bens,Supplier,,,USD,Pessoal,LIQUIDADA,FNT-000012
BND-002599,6981339/0004,"Pós-embarque, bens",2024-02-22,PARAGUAI,PRY,INS-000278,Ente privado,Exportação de bens,Supplier,,,USD,Pessoal,ATIVA,FNT-000012
BND-002600,7131924/0001,"Pós-embarque, bens",2024-02-26,EQUADOR,ECU,INS-000346,Ente privado,Exportação de bens,Supplier,,,USD,Pessoal,LIQUIDADA,FNT-000012
BND-002601,7037466/0001,"Pós-embarque, bens",2024-03-06,NICARAGUA,NIC,INS-000278,Ente privado,Exportação de bens,Supplier,,,USD,Pessoal,LIQUIDADA,FNT-000012
BND-002602,7157562/0001,"Pós-embarque, bens",2024-03-08,EQUADOR,ECU,INS-000183,Ente privado,Exportação de bens,Supplier,,,USD,Pessoal,ATIVA,FNT-000012
BND-002603,7157585/0001,"Pós-embarque, bens",2024-03-11,EQUADOR,ECU,INS-000183,Ente privado,Exportação de bens,Supplier,,,USD,Pessoal,ATIVA,FNT-000012
BND-002604,7157606/0001,"Pós-embarque, bens",2024-03-11,EQUADOR,ECU,INS-000183,Ente privado,Exportação de bens,Supplier,,,USD,Pessoal,ATIVA,FNT-000012
BND-002605,6938801,"Pós-embarque, bens",2024-03-12,ESTADOS UNIDOS,USA,INS-000152,Ente privado,Exportação de bens,Supplier,,,USD,Pessoal,LIQUIDADA,FNT-000012
BND-002606,7102553/0001,"Pós-embarque, bens",2024-03-14,NICARAGUA,NIC,INS-000245,Ente privado,Exportação de bens,Supplier,,,USD,Pessoal,ATIVA,FNT-000012
BND-002607,6981341/0005,"Pós-embarque, bens",2024-03-19,PARAGUAI,PRY,INS-000278,Ente privado,Exportação de bens,Supplier,,,USD,Pessoal,ATIVA,FNT-000012
BND-002608,7184723/0001,"Pós-embarque, bens",2024-03-26,EQUADOR,ECU,INS-000183,Ente privado,Exportação de bens,Supplier,,,USD,Pessoal,ATIVA,FNT-000012
BND-002609,7154872/0001,"Pós-embarque, bens",2024-03-26,PARAGUAI,PRY,INS-000352,Ente privado,Exportação de bens,Supplier,,,USD,Pessoal,ATIVA,FNT-000012
BND-002610,7184712/0001,"Pós-embarque, bens",2024-03-27,EQUADOR,ECU,INS-000183,Ente privado,Exportação de bens,Supplier,,,USD,Pessoal,ATIVA,FNT-000012
BND-002611,7184747/0001,"Pós-embarque, bens",2024-04-04,EQUADOR,ECU,INS-000183,Ente privado,Exportação de bens,Supplier,,,USD,Pessoal,ATIVA,FNT-000012
BND-002612,7150109/0001,"Pós-embarque, bens",2024-04-09,PARAGUAI,PRY,INS-000353,Ente privado,Exportação de bens,Supplier,,,USD,Pessoal,ATIVA,FNT-000012
BND-002613,7173283/0001,"Pós-embarque, bens",2024-04-15,ARGENTINA,ARG,INS-000354,Ente privado,Exportação de bens,Supplier,,,USD,Pessoal,ATIVA,FNT-000012
BND-002614,7190371/0001,"Pós-embarque, bens",2024-04-18,EQUADOR,ECU,INS-000158,Ente privado,Exportação de bens,Supplier,,,USD,Pessoal,LIQUIDADA,FNT-000012
BND-002615,7190410/0001,"Pós-embarque, bens",2024-04-18,EQUADOR,ECU,INS-000158,Ente privado,Exportação de bens,Supplier,,,USD,Pessoal,LIQUIDADA,FNT-000012
BND-002616,7194023/0001,"Pós-embarque, bens",2024-04-22,EQUADOR,ECU,INS-000355,Ente privado,Exportação de bens,Supplier,,,USD,Pessoal,ATIVA,FNT-000012
BND-002617,7194622/0001,"Pós-embarque, bens",2024-04-25,EQUADOR,ECU,INS-000228,Ente privado,Exportação de bens,Supplier,,,USD,Pessoal,LIQUIDADA,FNT-000012
BND-002618,7118200/0001,"Pós-embarque, bens",2024-04-29,NICARAGUA,NIC,INS-000289,Ente privado,Exportação de bens,Supplier,,,USD,Pessoal,ATIVA,FNT-000012
BND-002619,6938801,"Pós-embarque, bens",2024-05-07,ESTADOS UNIDOS,USA,INS-000152,Ente privado,Exportação de bens,Supplier,,,USD,Pessoal,LIQUIDADA,FNT-000012
BND-002620,7190371/0002,"Pós-embarque, bens",2024-05-14,EQUADOR,ECU,INS-000158,Ente privado,Exportação de bens,Supplier,,,USD,Pessoal,LIQUIDADA,FNT-000012
BND-002621,7213452/0001,"Pós-embarque, bens",2024-05-20,EQUADOR,ECU,INS-000183,Ente privado,Exportação de bens,Supplier,,,USD,Pessoal,ATIVA,FNT-000012
BND-002622,7213240/0001,"Pós-embarque, bens",2024-05-24,EQUADOR,ECU,INS-000158,Ente privado,Exportação de bens,Supplier,,,USD,Pessoal,LIQUIDADA,FNT-000012
BND-002623,7213240/0002,"Pós-embarque, bens",2024-05-24,EQUADOR,ECU,INS-000158,Ente privado,Exportação de bens,Supplier,,,USD,Pessoal,LIQUIDADA,FNT-000012
BND-002624,7213434/0001,"Pós-embarque, bens",2024-05-28,EQUADOR,ECU,INS-000183,Ente privado,Exportação de bens,Supplier,,,USD,Pessoal,ATIVA,FNT-000012
BND-002625,7213414/0001,"Pós-embarque, bens",2024-06-07,EQUADOR,ECU,INS-000183,Ente privado,Exportação de bens,Supplier,,,USD,Pessoal,ATIVA,FNT-000012
BND-002626,7169193/0001,"Pós-embarque, bens",2024-06-12,PARAGUAI,PRY,INS-000197,Ente privado,Exportação de bens,Supplier,,,USD,Pessoal,ATIVA,FNT-000012
BND-002627,7225975/0001,"Pós-embarque, bens",2024-06-18,EQUADOR,ECU,INS-000183,Ente privado,Exportação de bens,Supplier,,,USD,Pessoal,ATIVA,FNT-000012
BND-002628,7225827/0001,"Pós-embarque, bens",2024-06-21,EQUADOR,ECU,INS-000183,Ente privado,Exportação de bens,Supplier,,,USD,Pessoal,ATIVA,FNT-000012
BND-002629,7226015/0001,"Pós-embarque, bens",2024-06-21,EQUADOR,ECU,INS-000183,Ente privado,Exportação de bens,Supplier,,,USD,Pessoal,ATIVA,FNT-000012
BND-002630,7225908/0001,"Pós-embarque, bens",2024-06-24,EQUADOR,ECU,INS-000183,Ente privado,Exportação de bens,Supplier,,,USD,Pessoal,ATIVA,FNT-000012
BND-002631,6938801,"Pós-embarque, bens",2024-06-25,ESTADOS UNIDOS,USA,INS-000152,Ente privado,Exportação de bens,Supplier,,,USD,Pessoal,LIQUIDADA,FNT-000012
BND-002632,7188520/0001,"Pós-embarque, bens",2024-06-26,EQUADOR,ECU,INS-000210,Ente privado,Exportação de bens,Supplier,,,USD,Pessoal,ATIVA,FNT-000012
BND-002633,7188520/0002,"Pós-embarque, bens",2024-06-26,EQUADOR,ECU,INS-000210,Ente privado,Exportação de bens,Supplier,,,USD,Pessoal,ATIVA,FNT-000012
BND-002634,7213240/0003,"Pós-embarque, bens",2024-06-27,EQUADOR,ECU,INS-000158,Ente privado,Exportação de bens,Supplier,,,USD,Pessoal,LIQUIDADA,FNT-000012
BND-002635,7238400/0001,"Pós-embarque, bens",2024-06-27,EQUADOR,ECU,INS-000158,Ente privado,Exportação de bens,Supplier,,,USD,Pessoal,LIQUIDADA,FNT-000012
BND-002636,7238401/0001,"Pós-embarque, bens",2024-06-27,EQUADOR,ECU,INS-000158,Ente privado,Exportação de bens,Supplier,,,USD,Pessoal,LIQUIDADA,FNT-000012
BND-002637,7169193/0002,"Pós-embarque, bens",2024-07-10,PARAGUAI,PRY,INS-000197,Ente privado,Exportação de bens,Supplier,,,USD,Pessoal,ATIVA,FNT-000012
BND-002638,7241420/0001,"Pós-embarque, bens",2024-07-15,PARAGUAI,PRY,INS-000356,Ente privado,Exportação de bens,Supplier,,,USD,Pessoal,ATIVA,FNT-000012
BND-002639,7225847/0001,"Pós-embarque, bens",2024-07-16,EQUADOR,ECU,INS-000183,Ente privado,Exportação de bens,Supplier,,,USD,Pessoal,ATIVA,FNT-000012
BND-002640,7234967/0001,"Pós-embarque, bens",2024-07-17,EQUADOR,ECU,INS-000355,Ente privado,Exportação de bens,Supplier,,,USD,Pessoal,LIQUIDADA,FNT-000012
BND-002641,7179380,"Pós-embarque, bens",2024-07-17,ESTADOS UNIDOS,USA,INS-000139,Ente privado,Exportação de bens,Buyer,,,USD,Seguro de crédito/FGE / Real / Pessoal,ATIVA,FNT-000012
BND-002642,7223657/0001,"Pós-embarque, bens",2024-07-19,EQUADOR,ECU,INS-000125,Ente privado,Exportação de bens,Supplier,,,USD,Pessoal,ATIVA,FNT-000012
BND-002643,7169193/0003,"Pós-embarque, bens",2024-07-24,PARAGUAI,PRY,INS-000197,Ente privado,Exportação de bens,Supplier,,,USD,Pessoal,ATIVA,FNT-000012
BND-002644,7169193/0004,"Pós-embarque, bens",2024-07-24,PARAGUAI,PRY,INS-000197,Ente privado,Exportação de bens,Supplier,,,USD,Pessoal,ATIVA,FNT-000012
BND-002645,7219901/0001,"Pós-embarque, bens",2024-07-26,PARAGUAI,PRY,INS-000357,Ente privado,Exportação de bens,Supplier,,,USD,Pessoal,ATIVA,FNT-000012
BND-002646,6938801,"Pós-embarque, bens",2024-07-26,ESTADOS UNIDOS,USA,INS-000152,Ente privado,Exportação de bens,Supplier,,,USD,Pessoal,LIQUIDADA,FNT-000012
BND-002647,7241420/0002,"Pós-embarque, bens",2024-08-13,PARAGUAI,PRY,INS-000356,Ente privado,Exportação de bens,Supplier,,,USD,Pessoal,ATIVA,FNT-000012
BND-002648,7296850/0001,"Pós-embarque, bens",2024-08-19,EQUADOR,ECU,INS-000358,Ente privado,Exportação de bens,Supplier,,,USD,Pessoal,LIQUIDADA,FNT-000012
BND-002649,7241840/0001,"Pós-embarque, bens",2024-08-20,ARGENTINA,ARG,INS-000158,Ente privado,Exportação de bens,Supplier,,,USD,Pessoal,LIQUIDADA,FNT-000012
BND-002650,7239982/0001,"Pós-embarque, bens",2024-08-22,EQUADOR,ECU,INS-000359,Ente privado,Exportação de bens,Supplier,,,USD,Pessoal,LIQUIDADA,FNT-000012
BND-002651,7241990/0001,"Pós-embarque, bens",2024-08-23,EQUADOR,ECU,INS-000183,Ente privado,Exportação de bens,Supplier,,,USD,Pessoal,ATIVA,FNT-000012
BND-002652,7279854/0001,"Pós-embarque, bens",2024-08-28,PARAGUAI,PRY,INS-000183,Ente privado,Exportação de bens,Supplier,,,USD,Pessoal,ATIVA,FNT-000012
BND-002653,7279881/0001,"Pós-embarque, bens",2024-08-28,PARAGUAI,PRY,INS-000183,Ente privado,Exportação de bens,Supplier,,,USD,Pessoal,ATIVA,FNT-000012
BND-002654,7263914/0001,"Pós-embarque, bens",2024-08-29,EQUADOR,ECU,INS-000183,Ente privado,Exportação de bens,Supplier,,,USD,Pessoal,ATIVA,FNT-000012
BND-002655,7225182,"Pós-embarque, bens",2024-08-29,ESTADOS UNIDOS,USA,INS-000152,Ente privado,Exportação de bens,Supplier,,,USD,Pessoal,LIQUIDADA,FNT-000012
BND-002656,7279949/0001,"Pós-embarque, bens",2024-09-06,PARAGUAI,PRY,INS-000183,Ente privado,Exportação de bens,Supplier,,,USD,Pessoal,ATIVA,FNT-000012
BND-002657,7269976/0001,"Pós-embarque, bens",2024-09-06,EQUADOR,ECU,INS-000158,Ente privado,Exportação de bens,Supplier,,,USD,Pessoal,LIQUIDADA,FNT-000012
BND-002658,7243573/0001,"Pós-embarque, bens",2024-09-09,PARAGUAI,PRY,INS-000210,Ente privado,Exportação de bens,Supplier,,,USD,Pessoal,ATIVA,FNT-000012
BND-002659,7243573/0002,"Pós-embarque, bens",2024-09-09,PARAGUAI,PRY,INS-000210,Ente privado,Exportação de bens,Supplier,,,USD,Pessoal,ATIVA,FNT-000012
BND-002660,7241801/0001,"Pós-embarque, bens",2024-09-11,EQUADOR,ECU,INS-000183,Ente privado,Exportação de bens,Supplier,,,USD,Pessoal,ATIVA,FNT-000012
BND-002661,7241971/0001,"Pós-embarque, bens",2024-09-11,EQUADOR,ECU,INS-000183,Ente privado,Exportação de bens,Supplier,,,USD,Pessoal,ATIVA,FNT-000012
BND-002662,7243573/0003,"Pós-embarque, bens",2024-09-11,PARAGUAI,PRY,INS-000210,Ente privado,Exportação de bens,Supplier,,,USD,Pessoal,ATIVA,FNT-000012
BND-002663,7243573/0004,"Pós-embarque, bens",2024-09-12,PARAGUAI,PRY,INS-000210,Ente privado,Exportação de bens,Supplier,,,USD,Pessoal,ATIVA,FNT-000012
BND-002664,7186991/0001,"Pós-embarque, bens",2024-09-23,EQUADOR,ECU,INS-000258,Ente privado,Exportação de bens,Supplier,,,USD,Pessoal,ATIVA,FNT-000012
BND-002665,7379706/0001,"Pós-embarque, bens",2024-09-27,PARAGUAI,PRY,INS-000360,Ente privado,Exportação de bens,Supplier,,,USD,Pessoal,ATIVA,FNT-000012
BND-002666,7379706/0002,"Pós-embarque, bens",2024-09-27,PARAGUAI,PRY,INS-000360,Ente privado,Exportação de bens,Supplier,,,USD,Pessoal,ATIVA,FNT-000012
BND-002667,7379706/0003,"Pós-embarque, bens",2024-09-27,PARAGUAI,PRY,INS-000360,Ente privado,Exportação de bens,Supplier,,,USD,Pessoal,ATIVA,FNT-000012
BND-002668,7296850/0002,"Pós-embarque, bens",2024-10-07,EQUADOR,ECU,INS-000358,Ente privado,Exportação de bens,Supplier,,,USD,Pessoal,ATIVA,FNT-000012
BND-002669,7268467/0001,"Pós-embarque, bens",2024-10-10,EQUADOR,ECU,INS-000228,Ente privado,Exportação de bens,Supplier,,,USD,Pessoal,LIQUIDADA,FNT-000012
BND-002670,7229540/0001,"Pós-embarque, bens",2024-10-18,EQUADOR,ECU,INS-000210,Ente privado,Exportação de bens,Supplier,,,USD,Pessoal,ATIVA,FNT-000012
BND-002671,7225182,"Pós-embarque, bens",2024-10-21,ESTADOS UNIDOS,USA,INS-000152,Ente privado,Exportação de bens,Supplier,,,USD,Pessoal,LIQUIDADA,FNT-000012
BND-002672,7304070/0001,"Pós-embarque, bens",2024-10-29,EQUADOR,ECU,INS-000355,Ente privado,Exportação de bens,Supplier,,,USD,Pessoal,LIQUIDADA,FNT-000012
BND-002673,7244156,"Pós-embarque, bens",2024-10-29,DIVERSOS,,INS-000125,Ente privado,Exportação de bens,Supplier,,,USD,Seguro de crédito/ Pessoal,ATIVA,FNT-000012
BND-002674,7274489/0001,"Pós-embarque, bens",2024-10-30,PARAGUAI,PRY,INS-000357,Ente privado,Exportação de bens,Supplier,,,USD,Pessoal,ATIVA,FNT-000012
BND-002675,7412134/0001,"Pós-embarque, bens",2024-11-08,EQUADOR,ECU,INS-000228,Ente privado,Exportação de bens,Supplier,,,USD,Pessoal,ATIVA,FNT-000012
BND-002676,7390130/0001,"Pós-embarque, bens",2024-11-12,GUATEMALA,GTM,INS-000158,Ente privado,Exportação de bens,Supplier,,,USD,Pessoal,ATIVA,FNT-000012
BND-002677,7226491/0001,"Pós-embarque, bens",2024-11-12,EQUADOR,ECU,INS-000210,Ente privado,Exportação de bens,Supplier,,,USD,Pessoal,ATIVA,FNT-000012
BND-002678,7262455,"Pós-embarque, bens",2024-11-19,PARAGUAI,PRY,INS-000139,Ente público,Exportação de bens,Buyer,,,USD,Seguro de crédito,ATIVA,FNT-000012
BND-002679,7225941/0001,"Pós-embarque, bens",2024-11-22,EQUADOR,ECU,INS-000183,Ente privado,Exportação de bens,Supplier,,,USD,Pessoal,ATIVA,FNT-000012
BND-002680,7293332/0001,"Pós-embarque, bens",2024-11-22,EQUADOR,ECU,INS-000183,Ente privado,Exportação de bens,Supplier,,,USD,Pessoal,ATIVA,FNT-000012
BND-002681,7425814/0001,"Pós-embarque, bens",2024-11-28,EQUADOR,ECU,INS-000355,Ente privado,Exportação de bens,Supplier,,,USD,Pessoal,LIQUIDADA,FNT-000012
BND-002682,7354645/0001,"Pós-embarque, bens",2024-11-28,EQUADOR,ECU,INS-000183,Ente privado,Exportação de bens,Supplier,,,USD,Pessoal,ATIVA,FNT-000012
BND-002683,7380357/0001,"Pós-embarque, bens",2024-11-28,EQUADOR,ECU,INS-000158,Ente privado,Exportação de bens,Supplier,,,USD,Pessoal,LIQUIDADA,FNT-000012
BND-002684,7422300/0001,"Pós-embarque, bens",2024-11-28,EQUADOR,ECU,INS-000158,Ente privado,Exportação de bens,Supplier,,,USD,Pessoal,LIQUIDADA,FNT-000012
BND-002685,7207273,"Pós-embarque, bens",2024-12-04,ESTADOS UNIDOS,USA,INS-000139,Ente privado,Exportação de bens,Buyer,,,USD,Seguro de crédito/ Real / Pessoal,ATIVA,FNT-000012
BND-002686,7225182,"Pós-embarque, bens",2024-12-11,ESTADOS UNIDOS,USA,INS-000152,Ente privado,Exportação de bens,Supplier,,,USD,Pessoal,LIQUIDADA,FNT-000012
BND-002687,7423523/0001,"Pós-embarque, bens",2024-12-12,EQUADOR,ECU,INS-000355,Ente privado,Exportação de bens,Supplier,,,USD,Pessoal,LIQUIDADA,FNT-000012
BND-002688,7241961/0001,"Pós-embarque, bens",2024-12-12,EQUADOR,ECU,INS-000183,Ente privado,Exportação de bens,Supplier,,,USD,Pessoal,ATIVA,FNT-000012
BND-002689,7241997/0001,"Pós-embarque, bens",2024-12-12,EQUADOR,ECU,INS-000183,Ente privado,Exportação de bens,Supplier,,,USD,Pessoal,ATIVA,FNT-000012
BND-002690,7401693/0001,"Pós-embarque, bens",2024-12-12,EQUADOR,ECU,INS-000183,Ente privado,Exportação de bens,Supplier,,,USD,Pessoal,ATIVA,FNT-000012
BND-002691,7426602/0001,"Pós-embarque, bens",2024-12-13,EQUADOR,ECU,INS-000125,Ente privado,Exportação de bens,Supplier,,,USD,Pessoal,ATIVA,FNT-000012
BND-002692,7401597/0001,"Pós-embarque, bens",2024-12-23,EQUADOR,ECU,INS-000183,Ente privado,Exportação de bens,Supplier,,,USD,Pessoal,ATIVA,FNT-000012
BND-002693,7401675/0001,"Pós-embarque, bens",2024-12-23,EQUADOR,ECU,INS-000183,Ente privado,Exportação de bens,Supplier,,,USD,Pessoal,ATIVA,FNT-000012
BND-002694,7409402/0001,"Pós-embarque, bens",2024-12-30,EQUADOR,ECU,INS-000204,Ente privado,Exportação de bens,Supplier,,,USD,Pessoal,LIQUIDADA,FNT-000012
BND-002695,7379706/0004,"Pós-embarque, bens",2025-01-07,PARAGUAI,PRY,INS-000360,Ente privado,Exportação de bens,Supplier,,,USD,Pessoal,ATIVA,FNT-000012
BND-002696,7225182,"Pós-embarque, bens",2025-01-07,ESTADOS UNIDOS,USA,INS-000152,Ente privado,Exportação de bens,Supplier,,,USD,Pessoal,LIQUIDADA,FNT-000012
BND-002697,7409402/0002,"Pós-embarque, bens",2025-01-08,EQUADOR,ECU,INS-000204,Ente privado,Exportação de bens,Supplier,,,USD,Pessoal,LIQUIDADA,FNT-000012
BND-002698,7440551/0001,"Pós-embarque, bens",2025-01-09,EQUADOR,ECU,INS-000183,Ente privado,Exportação de bens,Supplier,,,USD,Pessoal,ATIVA,FNT-000012
BND-002699,7401494/0001,"Pós-embarque, bens",2025-01-13,EQUADOR,ECU,INS-000183,Ente privado,Exportação de bens,Supplier,,,USD,Pessoal,ATIVA,FNT-000012
BND-002700,7389799/0001,"Pós-embarque, bens",2025-01-17,NICARAGUA,NIC,INS-000245,Ente privado,Exportação de bens,Supplier,,,USD,Pessoal,ATIVA,FNT-000012
BND-002701,7447914/0001,"Pós-embarque, bens",2025-01-28,EQUADOR,ECU,INS-000125,Ente privado,Exportação de bens,Supplier,,,USD,Pessoal,ATIVA,FNT-000012
BND-002702,7436833/0001,"Pós-embarque, bens",2025-02-10,PANAMA,PAN,INS-000355,Ente privado,Exportação de bens,Supplier,,,USD,Pessoal,LIQUIDADA,FNT-000012
BND-002703,7447331/0001,"Pós-embarque, bens",2025-02-10,ARGENTINA,ARG,INS-000183,Ente privado,Exportação de bens,Supplier,,,USD,Pessoal,LIQUIDADA,FNT-000012
BND-002704,7456753/0001,"Pós-embarque, bens",2025-02-10,NICARAGUA,NIC,INS-000228,Ente privado,Exportação de bens,Supplier,,,USD,Pessoal,LIQUIDADA,FNT-000012
BND-002705,7435048/0001,"Pós-embarque, bens",2025-02-10,PANAMA,PAN,INS-000228,Ente privado,Exportação de bens,Supplier,,,USD,Pessoal,LIQUIDADA,FNT-000012
BND-002706,7456258/0001,"Pós-embarque, bens",2025-02-13,EQUADOR,ECU,INS-000183,Ente privado,Exportação de bens,Supplier,,,USD,Pessoal,ATIVA,FNT-000012
BND-002707,7205678,"Pós-embarque, bens",2025-02-13,ESTADOS UNIDOS,USA,INS-000139,Ente privado,Exportação de bens,Buyer,,,USD,Real/ Pessoal,ATIVA,FNT-000012
BND-002708,7397840/0001,"Pós-embarque, bens",2025-02-13,EQUADOR,ECU,INS-000210,Ente privado,Exportação de bens,Supplier,,,USD,Pessoal,ATIVA,FNT-000012
BND-002709,7454641/0001,"Pós-embarque, bens",2025-02-13,PARAGUAI,PRY,INS-000361,Ente privado,Exportação de bens,Supplier,,,USD,Pessoal,ATIVA,FNT-000012
BND-002710,7454641/0002,"Pós-embarque, bens",2025-02-13,PARAGUAI,PRY,INS-000361,Ente privado,Exportação de bens,Supplier,,,USD,Pessoal,ATIVA,FNT-000012
BND-002711,7454641/0003,"Pós-embarque, bens",2025-02-13,PARAGUAI,PRY,INS-000361,Ente privado,Exportação de bens,Supplier,,,USD,Pessoal,ATIVA,FNT-000012
BND-002712,7379706/0005,"Pós-embarque, bens",2025-02-14,PARAGUAI,PRY,INS-000360,Ente privado,Exportação de bens,Supplier,,,USD,Pessoal,ATIVA,FNT-000012
BND-002713,7443524/0001,"Pós-embarque, bens",2025-02-21,EQUADOR,ECU,INS-000278,Ente privado,Exportação de bens,Supplier,,,USD,Pessoal,ATIVA,FNT-000012
BND-002714,7443524/0002,"Pós-embarque, bens",2025-02-21,EQUADOR,ECU,INS-000278,Ente privado,Exportação de bens,Supplier,,,USD,Pessoal,ATIVA,FNT-000012
BND-002715,7454641/0004,"Pós-embarque, bens",2025-02-27,PARAGUAI,PRY,INS-000361,Ente privado,Exportação de bens,Supplier,,,USD,Pessoal,ATIVA,FNT-000012
BND-002716,7225182,"Pós-embarque, bens",2025-02-27,ESTADOS UNIDOS,USA,INS-000152,Ente privado,Exportação de bens,Supplier,,,USD,Pessoal,LIQUIDADA,FNT-000012
BND-002717,7379706/0006,"Pós-embarque, bens",2025-03-12,PARAGUAI,PRY,INS-000360,Ente privado,Exportação de bens,Supplier,,,USD,Pessoal,ATIVA,FNT-000012
BND-002718,7467847/0001,"Pós-embarque, bens",2025-03-12,PARAGUAI,PRY,INS-000357,Ente privado,Exportação de bens,Supplier,,,USD,Pessoal,ATIVA,FNT-000012
BND-002719,7445260/0001,"Pós-embarque, bens",2025-03-24,NICARAGUA,NIC,INS-000278,Ente privado,Exportação de bens,Supplier,,,USD,Pessoal,LIQUIDADA,FNT-000012
BND-002720,7469248/0001,"Pós-embarque, bens",2025-03-25,EQUADOR,ECU,INS-000183,Ente privado,Exportação de bens,Supplier,,,USD,Pessoal,ATIVA,FNT-000012
BND-002721,7454641/0005,"Pós-embarque, bens",2025-03-28,PARAGUAI,PRY,INS-000361,Ente privado,Exportação de bens,Supplier,,,USD,Pessoal,ATIVA,FNT-000012
BND-002722,7458166/0001,"Pós-embarque, bens",2025-04-07,EQUADOR,ECU,INS-000183,Ente privado,Exportação de bens,Supplier,,,USD,Pessoal,ATIVA,FNT-000012
BND-002723,7456515/0001,"Pós-embarque, bens",2025-04-07,PANAMA,PAN,INS-000337,Ente privado,Exportação de bens,Supplier,,,USD,Pessoal,LIQUIDADA,FNT-000012
BND-002724,7473132/0001,"Pós-embarque, bens",2025-04-08,EQUADOR,ECU,INS-000355,Ente privado,Exportação de bens,Supplier,,,USD,Pessoal,LIQUIDADA,FNT-000012
BND-002725,7208886,"Pós-embarque, bens",2025-04-16,ESTADOS UNIDOS,USA,INS-000139,Ente privado,Exportação de bens,Buyer,,,USD,Real/ Pessoal,ATIVA,FNT-000012
BND-002726,7474588/0001,"Pós-embarque, bens",2025-05-08,EQUADOR,ECU,INS-000183,Ente privado,Exportação de bens,Supplier,,,USD,Pessoal,ATIVA,FNT-000012
BND-002727,7480586/0001,"Pós-embarque, bens",2025-05-08,EQUADOR,ECU,INS-000228,Ente privado,Exportação de bens,Supplier,,,USD,Pessoal,LIQUIDADA,FNT-000012
BND-002728,7468235/0001,"Pós-embarque, bens",2025-05-08,NICARAGUA,NIC,INS-000228,Ente privado,Exportação de bens,Supplier,,,USD,Pessoal,LIQUIDADA,FNT-000012
BND-002729,7462094/0001,"Pós-embarque, bens",2025-05-09,PARAGUAI,PRY,INS-000352,Ente privado,Exportação de bens,Supplier,,,USD,Pessoal,ATIVA,FNT-000012
BND-002730,7225182,"Pós-embarque, bens",2025-05-09,ESTADOS UNIDOS,USA,INS-000152,Ente privado,Exportação de bens,Supplier,,,USD,Pessoal,LIQUIDADA,FNT-000012
BND-002731,7483105/0001,"Pós-embarque, bens",2025-05-12,EQUADOR,ECU,INS-000183,Ente privado,Exportação de bens,Supplier,,,USD,Pessoal,ATIVA,FNT-000012
BND-002732,7472650,"Pós-embarque, bens",2025-05-14,ESTADOS UNIDOS,USA,INS-000139,Ente privado,Exportação de bens,Buyer,,,USD,Real/ Pessoal,ATIVA,FNT-000012
BND-002733,7476878/0001,"Pós-embarque, bens",2025-05-16,EQUADOR,ECU,INS-000358,Ente privado,Exportação de bens,Supplier,,,USD,Pessoal,LIQUIDADA,FNT-000012
BND-002734,7480584/0001,"Pós-embarque, bens",2025-05-19,EQUADOR,ECU,INS-000183,Ente privado,Exportação de bens,Supplier,,,USD,Pessoal,ATIVA,FNT-000012
BND-002735,7483097/0001,"Pós-embarque, bens",2025-05-23,EQUADOR,ECU,INS-000183,Ente privado,Exportação de bens,Supplier,,,USD,Pessoal,ATIVA,FNT-000012
BND-002736,7483123/0001,"Pós-embarque, bens",2025-05-23,EQUADOR,ECU,INS-000183,Ente privado,Exportação de bens,Supplier,,,USD,Pessoal,ATIVA,FNT-000012
BND-002737,7490968/0001,"Pós-embarque, bens",2025-05-29,PARAGUAI,PRY,INS-000355,Ente privado,Exportação de bens,Supplier,,,USD,Pessoal,ATIVA,FNT-000012
BND-002738,7445543/0001,"Pós-embarque, bens",2025-05-29,EQUADOR,ECU,INS-000362,Ente privado,Exportação de bens,Supplier,,,EUR,Pessoal,ATIVA,FNT-000012
BND-002739,7417223/0001,"Pós-embarque, bens",2025-06-06,EQUADOR,ECU,INS-000153,Ente privado,Exportação de bens,Supplier,,,USD,Pessoal,ATIVA,FNT-000012
BND-002740,7484041/0001,"Pós-embarque, bens",2025-06-11,EQUADOR,ECU,INS-000204,Ente privado,Exportação de bens,Supplier,,,USD,Pessoal,LIQUIDADA,FNT-000012
BND-002741,7483490/0001,"Pós-embarque, bens",2025-06-11,EQUADOR,ECU,INS-000228,Ente privado,Exportação de bens,Supplier,,,USD,Pessoal,ATIVA,FNT-000012
BND-002742,7480540/0001,"Pós-embarque, bens",2025-06-13,EQUADOR,ECU,INS-000183,Ente privado,Exportação de bens,Supplier,,,USD,Pessoal,ATIVA,FNT-000012
BND-002743,7483129/0001,"Pós-embarque, bens",2025-06-13,EQUADOR,ECU,INS-000158,Ente privado,Exportação de bens,Supplier,,,USD,Pessoal,ATIVA,FNT-000012
BND-002744,7487793/0001,"Pós-embarque, bens",2025-06-13,PARAGUAI,PRY,INS-000261,Ente privado,Exportação de bens,Supplier,,,USD,Pessoal,ATIVA,FNT-000012
BND-002745,7490968/0002,"Pós-embarque, bens",2025-06-20,PARAGUAI,PRY,INS-000355,Ente privado,Exportação de bens,Supplier,,,USD,Pessoal,ATIVA,FNT-000012
BND-002746,7490968/0003,"Pós-embarque, bens",2025-06-20,PARAGUAI,PRY,INS-000355,Ente privado,Exportação de bens,Supplier,,,USD,Pessoal,ATIVA,FNT-000012
BND-002747,7225182,"Pós-embarque, bens",2025-06-25,ESTADOS UNIDOS,USA,INS-000152,Ente privado,Exportação de bens,Supplier,,,USD,Pessoal,LIQUIDADA,FNT-000012
BND-002748,7480536/0001,"Pós-embarque, bens",2025-06-26,PARAGUAI,PRY,INS-000319,Ente privado,Exportação de bens,Supplier,,,USD,Pessoal,ATIVA,FNT-000012
BND-002749,7483827/0001,"Pós-embarque, bens",2025-06-27,EQUADOR,ECU,INS-000158,Ente privado,Exportação de bens,Supplier,,,USD,Pessoal,ATIVA,FNT-000012
BND-002750,7467700/0001,"Pós-embarque, bens",2025-06-27,EQUADOR,ECU,INS-000210,Ente privado,Exportação de bens,Supplier,,,USD,Pessoal,ATIVA,FNT-000012
BND-002751,7483545/0001,"Pós-embarque, bens",2025-07-09,EQUADOR,ECU,INS-000363,Ente privado,Exportação de bens,Supplier,,,USD,Pessoal,ATIVA,FNT-000012
BND-002752,7492032/0001,"Pós-embarque, bens",2025-07-09,EQUADOR,ECU,INS-000183,Ente privado,Exportação de bens,Supplier,,,USD,Pessoal,ATIVA,FNT-000012
BND-002753,7487624/0001,"Pós-embarque, bens",2025-07-09,PARAGUAI,PRY,INS-000364,Ente privado,Exportação de bens,Supplier,,,USD,Pessoal,ATIVA,FNT-000012
BND-002754,7492032/0002,"Pós-embarque, bens",2025-07-14,EQUADOR,ECU,INS-000183,Ente privado,Exportação de bens,Supplier,,,USD,Pessoal,ATIVA,FNT-000012
BND-002755,7480536/0002,"Pós-embarque, bens",2025-07-16,PARAGUAI,PRY,INS-000319,Ente privado,Exportação de bens,Supplier,,,USD,Pessoal,ATIVA,FNT-000012
BND-002756,7504506/0001,"Pós-embarque, bens",2025-07-16,PARAGUAI,PRY,INS-000228,Ente privado,Exportação de bens,Supplier,,,USD,Pessoal,ATIVA,FNT-000012
BND-002757,7485341/0001,"Pós-embarque, bens",2025-07-22,EQUADOR,ECU,INS-000158,Ente privado,Exportação de bens,Supplier,,,USD,Pessoal,ATIVA,FNT-000012
BND-002758,7505017/0001,"Pós-embarque, bens",2025-07-24,EQUADOR,ECU,INS-000125,Ente privado,Exportação de bens,Supplier,,,USD,Pessoal,ATIVA,FNT-000012
BND-002759,7483129/0002,"Pós-embarque, bens",2025-07-25,EQUADOR,ECU,INS-000158,Ente privado,Exportação de bens,Supplier,,,USD,Pessoal,ATIVA,FNT-000012
BND-002760,7492042/0001,"Pós-embarque, bens",2025-08-11,EQUADOR,ECU,INS-000183,Ente privado,Exportação de bens,Supplier,,,USD,Pessoal,ATIVA,FNT-000012
BND-002761,7499632/0001,"Pós-embarque, bens",2025-08-11,EQUADOR,ECU,INS-000183,Ente privado,Exportação de bens,Supplier,,,USD,Pessoal,ATIVA,FNT-000012
BND-002762,7499439/0001,"Pós-embarque, bens",2025-08-11,PARAGUAI,PRY,INS-000357,Ente privado,Exportação de bens,Supplier,,,USD,Pessoal,ATIVA,FNT-000012
BND-002763,7483827/0002,"Pós-embarque, bens",2025-08-12,EQUADOR,ECU,INS-000158,Ente privado,Exportação de bens,Supplier,,,USD,Pessoal,ATIVA,FNT-000012
BND-002764,7499990/0001,"Pós-embarque, bens",2025-08-12,EQUADOR,ECU,INS-000158,Ente privado,Exportação de bens,Supplier,,,USD,Pessoal,ATIVA,FNT-000012
BND-002765,7497757/0001,"Pós-embarque, bens",2025-08-13,EQUADOR,ECU,INS-000344,Ente privado,Exportação de bens,Supplier,,,USD,Pessoal,ATIVA,FNT-000012
BND-002766,7503058/0001,"Pós-embarque, bens",2025-08-14,PARAGUAI,PRY,INS-000365,Ente privado,Exportação de bens,Supplier,,,USD,Pessoal,ATIVA,FNT-000012
BND-002767,7483473/0001,"Pós-embarque, bens",2025-08-14,PARAGUAI,PRY,INS-000210,Ente privado,Exportação de bens,Supplier,,,USD,Pessoal,ATIVA,FNT-000012
BND-002768,7499990/0002,"Pós-embarque, bens",2025-08-18,EQUADOR,ECU,INS-000158,Ente privado,Exportação de bens,Supplier,,,USD,Pessoal,ATIVA,FNT-000012
BND-002769,7483473/0002,"Pós-embarque, bens",2025-08-20,PARAGUAI,PRY,INS-000210,Ente privado,Exportação de bens,Supplier,,,USD,Pessoal,ATIVA,FNT-000012
BND-002770,7502622/0001,"Pós-embarque, bens",2025-08-20,EQUADOR,ECU,INS-000346,Ente privado,Exportação de bens,Supplier,,,USD,Pessoal,ATIVA,FNT-000012
BND-002771,7510480/0001,"Pós-embarque, bens",2025-08-22,EQUADOR,ECU,INS-000204,Ente privado,Exportação de bens,Supplier,,,USD,Pessoal,LIQUIDADA,FNT-000012
BND-002772,7511477/0001,"Pós-embarque, bens",2025-08-22,EQUADOR,ECU,INS-000228,Ente privado,Exportação de bens,Supplier,,,USD,Pessoal,ATIVA,FNT-000012
BND-002773,7504031/0001,"Pós-embarque, bens",2025-08-22,PARAGUAI,PRY,INS-000366,Ente privado,Exportação de bens,Supplier,,,USD,Pessoal,ATIVA,FNT-000012
BND-002774,7469380/0001,"Pós-embarque, bens",2025-08-25,EQUADOR,ECU,INS-000201,Ente privado,Exportação de bens,Supplier,,,USD,Pessoal,ATIVA,FNT-000012
BND-002775,7469380/0002,"Pós-embarque, bens",2025-08-25,EQUADOR,ECU,INS-000201,Ente privado,Exportação de bens,Supplier,,,USD,Pessoal,ATIVA,FNT-000012
BND-002776,7469380/0003,"Pós-embarque, bens",2025-08-25,EQUADOR,ECU,INS-000201,Ente privado,Exportação de bens,Supplier,,,USD,Pessoal,ATIVA,FNT-000012
BND-002777,7502045/0001,"Pós-embarque, bens",2025-08-28,EQUADOR,ECU,INS-000355,Ente privado,Exportação de bens,Supplier,,,USD,Pessoal,ATIVA,FNT-000012
BND-002778,7483473/0003,"Pós-embarque, bens",2025-08-28,PARAGUAI,PRY,INS-000210,Ente privado,Exportação de bens,Supplier,,,USD,Pessoal,ATIVA,FNT-000012
BND-002779,7512848/0001,"Pós-embarque, bens",2025-09-05,EQUADOR,ECU,INS-000367,Ente privado,Exportação de bens,Supplier,,,USD,Pessoal,ATIVA,FNT-000012
BND-002780,7516304/0001,"Pós-embarque, bens",2025-09-05,PARAGUAI,PRY,INS-000360,Ente privado,Exportação de bens,Supplier,,,USD,Pessoal,ATIVA,FNT-000012
BND-002781,7509781/0001,"Pós-embarque, bens",2025-09-05,EQUADOR,ECU,INS-000228,Ente privado,Exportação de bens,Supplier,,,USD,Pessoal,ATIVA,FNT-000012
BND-002782,7510697/0001,"Pós-embarque, bens",2025-09-08,EQUADOR,ECU,INS-000183,Ente privado,Exportação de bens,Supplier,,,USD,Pessoal,ATIVA,FNT-000012
BND-002783,7511277/0001,"Pós-embarque, bens",2025-09-08,EQUADOR,ECU,INS-000183,Ente privado,Exportação de bens,Supplier,,,USD,Pessoal,ATIVA,FNT-000012
BND-002784,7480536/0003,"Pós-embarque, bens",2025-09-10,PARAGUAI,PRY,INS-000319,Ente privado,Exportação de bens,Supplier,,,USD,Pessoal,ATIVA,FNT-000012
BND-002785,7516304/0002,"Pós-embarque, bens",2025-09-10,PARAGUAI,PRY,INS-000360,Ente privado,Exportação de bens,Supplier,,,USD,Pessoal,ATIVA,FNT-000012
BND-002786,7510480/0002,"Pós-embarque, bens",2025-09-10,EQUADOR,ECU,INS-000204,Ente privado,Exportação de bens,Supplier,,,USD,Pessoal,LIQUIDADA,FNT-000012
BND-002787,7508979/0001,"Pós-embarque, bens",2025-09-10,EQUADOR,ECU,INS-000159,Ente privado,Exportação de bens,Supplier,,,USD,Pessoal,ATIVA,FNT-000012
BND-002788,7506716/0001,"Pós-embarque, bens",2025-09-15,PARAGUAI,PRY,INS-000126,Ente privado,Exportação de bens,Supplier,,,USD,Pessoal,ATIVA,FNT-000012
BND-002789,7512791/0001,"Pós-embarque, bens",2025-09-15,EQUADOR,ECU,INS-000344,Ente privado,Exportação de bens,Supplier,,,USD,Pessoal,LIQUIDADA,FNT-000012
BND-002790,7506716/0002,"Pós-embarque, bens",2025-09-17,PARAGUAI,PRY,INS-000126,Ente privado,Exportação de bens,Supplier,,,USD,Pessoal,ATIVA,FNT-000012
BND-002791,7515103/0001,"Pós-embarque, bens",2025-09-18,EQUADOR,ECU,INS-000355,Ente privado,Exportação de bens,Supplier,,,USD,Pessoal,ATIVA,FNT-000012
BND-002792,7514387/0001,"Pós-embarque, bens",2025-09-18,EQUADOR,ECU,INS-000367,Ente privado,Exportação de bens,Supplier,,,USD,Pessoal,LIQUIDADA,FNT-000012
BND-002793,7504031/0002,"Pós-embarque, bens",2025-09-19,PARAGUAI,PRY,INS-000366,Ente privado,Exportação de bens,Supplier,,,USD,Pessoal,ATIVA,FNT-000012
BND-002794,7516304/0003,"Pós-embarque, bens",2025-09-22,PARAGUAI,PRY,INS-000360,Ente privado,Exportação de bens,Supplier,,,USD,Pessoal,ATIVA,FNT-000012
BND-002795,7507476/0001,"Pós-embarque, bens",2025-09-22,EQUADOR,ECU,INS-000336,Ente privado,Exportação de bens,Supplier,,,USD,Pessoal,ATIVA,FNT-000012
BND-002796,7512848/0002,"Pós-embarque, bens",2025-09-25,EQUADOR,ECU,INS-000367,Ente privado,Exportação de bens,Supplier,,,USD,Pessoal,ATIVA,FNT-000012
BND-002797,7516304/0004,"Pós-embarque, bens",2025-09-25,PARAGUAI,PRY,INS-000360,Ente privado,Exportação de bens,Supplier,,,USD,Pessoal,ATIVA,FNT-000012
BND-002798,7517019/0001,"Pós-embarque, bens",2025-09-25,PARAGUAI,PRY,INS-000350,Ente privado,Exportação de bens,Supplier,,,USD,Pessoal,ATIVA,FNT-000012
BND-002799,7483473/0004,"Pós-embarque, bens",2025-09-25,PARAGUAI,PRY,INS-000210,Ente privado,Exportação de bens,Supplier,,,USD,Pessoal,ATIVA,FNT-000012
BND-002800,7528904/0001,"Pós-embarque, bens",2025-09-25,EQUADOR,ECU,INS-000125,Ente privado,Exportação de bens,Supplier,,,USD,Pessoal,ATIVA,FNT-000012
BND-002801,7473181/0001,"Pós-embarque, bens",2025-09-29,PARAGUAI,PRY,INS-000201,Ente privado,Exportação de bens,Supplier,,,USD,Pessoal,ATIVA,FNT-000012
BND-002802,7473181/0002,"Pós-embarque, bens",2025-09-29,PARAGUAI,PRY,INS-000201,Ente privado,Exportação de bens,Supplier,,,USD,Pessoal,ATIVA,FNT-000012
BND-002803,7372059,"Pós-embarque, bens",2025-10-06,ESTADOS UNIDOS,USA,INS-000139,Ente privado,Exportação de bens,Buyer,,,USD,Real/ Pessoal,ATIVA,FNT-000012
BND-002804,7500514/0001,"Pós-embarque, bens",2025-10-07,EQUADOR,ECU,INS-000125,Ente privado,Exportação de bens,Supplier,,,USD,Pessoal,ATIVA,FNT-000012
BND-002805,7533685/0001,"Pós-embarque, bens",2025-10-07,PARAGUAI,PRY,INS-000261,Ente privado,Exportação de bens,Supplier,,,USD,Pessoal,ATIVA,FNT-000012
BND-002806,7503058/0002,"Pós-embarque, bens",2025-10-14,PARAGUAI,PRY,INS-000365,Ente privado,Exportação de bens,Supplier,,,USD,Pessoal,ATIVA,FNT-000012
BND-002807,7515203/0001,"Pós-embarque, bens",2025-10-15,EQUADOR,ECU,INS-000183,Ente privado,Exportação de bens,Supplier,,,USD,Pessoal,ATIVA,FNT-000012
BND-002808,7518462/0001,"Pós-embarque, bens",2025-10-16,EQUADOR,ECU,INS-000183,Ente privado,Exportação de bens,Supplier,,,USD,Pessoal,ATIVA,FNT-000012
BND-002809,7530860/0001,"Pós-embarque, bens",2025-10-20,EQUADOR,ECU,INS-000183,Ente privado,Exportação de bens,Supplier,,,USD,Pessoal,ATIVA,FNT-000012
BND-002810,7506716/0003,"Pós-embarque, bens",2025-10-22,PARAGUAI,PRY,INS-000126,Ente privado,Exportação de bens,Supplier,,,USD,Pessoal,ATIVA,FNT-000012
BND-002811,7499990/0003,"Pós-embarque, bens",2025-10-24,EQUADOR,ECU,INS-000158,Ente privado,Exportação de bens,Supplier,,,USD,Pessoal,ATIVA,FNT-000012
BND-002812,7522587/0001,"Pós-embarque, bens",2025-10-27,EQUADOR,ECU,INS-000204,Ente privado,Exportação de bens,Supplier,,,USD,Pessoal,ATIVA,FNT-000012
BND-002813,7510971/0001,"Pós-embarque, bens",2025-10-29,EQUADOR,ECU,INS-000151,Ente privado,Exportação de bens,Supplier,,,USD,Pessoal,ATIVA,FNT-000012
BND-002814,7511765/0001,"Pós-embarque, bens",2025-10-29,EQUADOR,ECU,INS-000151,Ente privado,Exportação de bens,Supplier,,,USD,Pessoal,ATIVA,FNT-000012
BND-002815,7511765/0002,"Pós-embarque, bens",2025-10-29,EQUADOR,ECU,INS-000151,Ente privado,Exportação de bens,Supplier,,,USD,Pessoal,ATIVA,FNT-000012
BND-002816,7516304/0005,"Pós-embarque, bens",2025-10-30,PARAGUAI,PRY,INS-000360,Ente privado,Exportação de bens,Supplier,,,USD,Pessoal,ATIVA,FNT-000012
BND-002817,7225182,"Pós-embarque, bens",2025-10-30,ESTADOS UNIDOS,USA,INS-000152,Ente privado,Exportação de bens,Supplier,,,USD,Pessoal,LIQUIDADA,FNT-000012
BND-002818,7521718/0001,"Pós-embarque, bens",2025-11-07,NICARAGUA,NIC,INS-000228,Ente privado,Exportação de bens,Supplier,,,USD,Pessoal,ATIVA,FNT-000012
BND-002819,7538939/0001,"Pós-embarque, bens",2025-11-07,EQUADOR,ECU,INS-000346,Ente privado,Exportação de bens,Supplier,,,USD,Pessoal,ATIVA,FNT-000012
BND-002820,7510961/0001,"Pós-embarque, bens",2025-11-07,EQUADOR,ECU,INS-000151,Ente privado,Exportação de bens,Supplier,,,USD,Pessoal,ATIVA,FNT-000012
BND-002821,7511369/0001,"Pós-embarque, bens",2025-11-10,PARAGUAI,PRY,INS-000210,Ente privado,Exportação de bens,Supplier,,,USD,Pessoal,ATIVA,FNT-000012
BND-002822,7515203/0002,"Pós-embarque, bens",2025-11-12,EQUADOR,ECU,INS-000183,Ente privado,Exportação de bens,Supplier,,,USD,Pessoal,ATIVA,FNT-000012
BND-002823,7514985/0001,"Pós-embarque, bens",2025-11-12,PARAGUAI,PRY,INS-000210,Ente privado,Exportação de bens,Supplier,,,USD,Pessoal,ATIVA,FNT-000012
BND-002824,7511369/0002,"Pós-embarque, bens",2025-11-18,PARAGUAI,PRY,INS-000210,Ente privado,Exportação de bens,Supplier,,,USD,Pessoal,ATIVA,FNT-000012
BND-002825,7522475/0001,"Pós-embarque, bens",2025-11-18,EQUADOR,ECU,INS-000228,Ente privado,Exportação de bens,Supplier,,,USD,Pessoal,ATIVA,FNT-000012
BND-002826,7538038/0001,"Pós-embarque, bens",2025-11-25,EQUADOR,ECU,INS-000292,Ente privado,Exportação de bens,Supplier,,,USD,Pessoal,ATIVA,FNT-000012
BND-002827,7500683/0001,"Pós-embarque, bens",2025-11-26,ARGENTINA,ARG,INS-000306,Ente privado,Exportação de bens,Supplier,,,USD,Pessoal,ATIVA,FNT-000012
BND-002828,7541153/0001,"Pós-embarque, bens",2025-12-05,EQUADOR,ECU,INS-000355,Ente privado,Exportação de bens,Supplier,,,USD,Pessoal,ATIVA,FNT-000012
BND-002829,7495719/0001,"Pós-embarque, bens",2025-12-05,PARAGUAI,PRY,INS-000125,Ente privado,Exportação de bens,Supplier,,,USD,Pessoal,ATIVA,FNT-000012
BND-002830,7549576/0001,"Pós-embarque, bens",2025-12-05,PARAGUAI,PRY,INS-000125,Ente privado,Exportação de bens,Supplier,,,USD,Pessoal,ATIVA,FNT-000012
BND-002831,7543626/0001,"Pós-embarque, bens",2025-12-05,PANAMA,PAN,INS-000228,Ente privado,Exportação de bens,Supplier,,,USD,Pessoal,ATIVA,FNT-000012
BND-002832,7553095/0001,"Pós-embarque, bens",2025-12-09,EQUADOR,ECU,INS-000355,Ente privado,Exportação de bens,Supplier,,,USD,Pessoal,ATIVA,FNT-000012
BND-002833,7514985/0002,"Pós-embarque, bens",2025-12-09,PARAGUAI,PRY,INS-000210,Ente privado,Exportação de bens,Supplier,,,USD,Pessoal,ATIVA,FNT-000012
BND-002834,7514985/0003,"Pós-embarque, bens",2025-12-10,PARAGUAI,PRY,INS-000210,Ente privado,Exportação de bens,Supplier,,,USD,Pessoal,ATIVA,FNT-000012
BND-002835,7514985/0004,"Pós-embarque, bens",2025-12-10,PARAGUAI,PRY,INS-000210,Ente privado,Exportação de bens,Supplier,,,USD,Pessoal,ATIVA,FNT-000012
BND-002836,7500683/0002,"Pós-embarque, bens",2025-12-10,ARGENTINA,ARG,INS-000306,Ente privado,Exportação de bens,Supplier,,,USD,Pessoal,ATIVA,FNT-000012
BND-002837,7537615/0001,"Pós-embarque, bens",2025-12-12,EQUADOR,ECU,INS-000204,Ente privado,Exportação de bens,Supplier,,,USD,Pessoal,ATIVA,FNT-000012
BND-002838,7542824/0001,"Pós-embarque, bens",2025-12-12,GUATEMALA,GTM,INS-000204,Ente privado,Exportação de bens,Supplier,,,USD,Pessoal,ATIVA,FNT-000012
BND-002839,7515098/0001,"Pós-embarque, bens",2025-12-12,PARAGUAI,PRY,INS-000210,Ente privado,Exportação de bens,Supplier,,,USD,Pessoal,ATIVA,FNT-000012
BND-002840,7497761/0001,"Pós-embarque, bens",2025-12-16,EQUADOR,ECU,INS-000292,Ente privado,Exportação de bens,Supplier,,,USD,Pessoal,ATIVA,FNT-000012
BND-002841,7225182,"Pós-embarque, bens",2025-12-17,ESTADOS UNIDOS,USA,INS-000152,Ente privado,Exportação de bens,Supplier,,,USD,Pessoal,LIQUIDADA,FNT-000012
BND-002842,7542272/0001,"Pós-embarque, bens",2025-12-19,PARAGUAI,PRY,INS-000183,Ente privado,Exportação de bens,Supplier,,,USD,Pessoal,ATIVA,FNT-000012
BND-002843,7542824/0002,"Pós-embarque, bens",2025-12-26,GUATEMALA,GTM,INS-000204,Ente privado,Exportação de bens,Supplier,,,USD,Pessoal,ATIVA,FNT-000012
BND-002844,7543104/0001,"Pós-embarque, bens",2025-12-26,EQUADOR,ECU,INS-000125,Ente privado,Exportação de bens,Supplier,,,USD,Pessoal,ATIVA,FNT-000012
BND-002845,7495719/0002,"Pós-embarque, bens",2025-12-26,PARAGUAI,PRY,INS-000125,Ente privado,Exportação de bens,Supplier,,,USD,Pessoal,ATIVA,FNT-000012
BND-002846,7549222/0001,"Pós-embarque, bens",2025-12-26,PARAGUAI,PRY,INS-000368,Ente privado,Exportação de bens,Supplier,,,USD,Pessoal,ATIVA,FNT-000012
BND-002847,7549222/0002,"Pós-embarque, bens",2025-12-26,PARAGUAI,PRY,INS-000368,Ente privado,Exportação de bens,Supplier,,,USD,Pessoal,ATIVA,FNT-000012
BND-002848,7558353/0001,"Pós-embarque, bens",2025-12-30,EQUADOR,ECU,INS-000344,Ente privado,Exportação de bens,Supplier,,,USD,Pessoal,ATIVA,FNT-000012
BND-002849,7543698/0001,"Pós-embarque, bens",2026-01-08,EQUADOR,ECU,INS-000183,Ente privado,Exportação de bens,Supplier,,,USD,Pessoal,ATIVA,FNT-000012
BND-002850,7553098/0001,"Pós-embarque, bens",2026-01-08,EQUADOR,ECU,INS-000369,Ente privado,Exportação de bens,Supplier,,,USD,Pessoal,ATIVA,FNT-000012
BND-002851,7510958/0001,"Pós-embarque, bens",2026-01-08,PARAGUAI,PRY,INS-000244,Ente privado,Exportação de bens,Supplier,,,USD,Pessoal,ATIVA,FNT-000012
BND-002852,7549985/0001,"Pós-embarque, bens",2026-01-09,EQUADOR,ECU,INS-000183,Ente privado,Exportação de bens,Supplier,,,USD,Pessoal,ATIVA,FNT-000012
BND-002853,7549985/0002,"Pós-embarque, bens",2026-01-09,EQUADOR,ECU,INS-000183,Ente privado,Exportação de bens,Supplier,,,USD,Pessoal,ATIVA,FNT-000012
BND-002854,7549994/0001,"Pós-embarque, bens",2026-01-09,EQUADOR,ECU,INS-000183,Ente privado,Exportação de bens,Supplier,,,USD,Pessoal,ATIVA,FNT-000012
BND-002855,7542824/0003,"Pós-embarque, bens",2026-01-12,GUATEMALA,GTM,INS-000204,Ente privado,Exportação de bens,Supplier,,,USD,Pessoal,ATIVA,FNT-000012
BND-002856,7553913/0001,"Pós-embarque, bens",2026-01-12,EQUADOR,ECU,INS-000159,Ente privado,Exportação de bens,Supplier,,,USD,Pessoal,ATIVA,FNT-000012
BND-002857,7500683/0003,"Pós-embarque, bens",2026-01-13,ARGENTINA,ARG,INS-000306,Ente privado,Exportação de bens,Supplier,,,USD,Pessoal,ATIVA,FNT-000012
BND-002858,7537398/0001,"Pós-embarque, bens",2026-01-16,PARAGUAI,PRY,INS-000125,Ente privado,Exportação de bens,Supplier,,,USD,Pessoal,ATIVA,FNT-000012
BND-002859,7510958/0002,"Pós-embarque, bens",2026-01-21,PARAGUAI,PRY,INS-000244,Ente privado,Exportação de bens,Supplier,,,USD,Pessoal,ATIVA,FNT-000012
BND-002860,7575131/0001,"Pós-embarque, bens",2026-01-21,NICARAGUA,NIC,INS-000228,Ente privado,Exportação de bens,Supplier,,,USD,Pessoal,ATIVA,FNT-000012
BND-002861,7577064/0001,"Pós-embarque, bens",2026-01-26,EQUADOR,ECU,INS-000159,Ente privado,Exportação de bens,Supplier,,,USD,Pessoal,ATIVA,FNT-000012
BND-002862,7566665/0001,"Pós-embarque, bens",2026-01-28,EQUADOR,ECU,INS-000183,Ente privado,Exportação de bens,Supplier,,,USD,Pessoal,ATIVA,FNT-000012
BND-002863,7542272/0002,"Pós-embarque, bens",2026-01-28,PARAGUAI,PRY,INS-000183,Ente privado,Exportação de bens,Supplier,,,USD,Pessoal,ATIVA,FNT-000012
BND-002864,7538911/0001,"Pós-embarque, bens",2026-01-28,EQUADOR,ECU,INS-000158,Ente privado,Exportação de bens,Supplier,,,USD,Pessoal,ATIVA,FNT-000012
BND-002865,7571560/0001,"Pós-embarque, bens",2026-01-29,EQUADOR,ECU,INS-000158,Ente privado,Exportação de bens,Supplier,,,USD,Pessoal,ATIVA,FNT-000012
BND-002866,7567565/0001,"Pós-embarque, bens",2026-01-30,PARAGUAI,PRY,INS-000360,Ente privado,Exportação de bens,Supplier,,,USD,Pessoal,ATIVA,FNT-000012
BND-002867,7561627/0001,"Pós-embarque, bens",2026-01-30,EQUADOR,ECU,INS-000158,Ente privado,Exportação de bens,Supplier,,,USD,Pessoal,ATIVA,FNT-000012
BND-002868,7504556/0001,"Pós-embarque, bens",2026-02-06,EQUADOR,ECU,INS-000222,Ente privado,Exportação de bens,Supplier,,,USD,Pessoal,ATIVA,FNT-000012
BND-002869,7549979/0001,"Pós-embarque, bens",2026-02-06,PARAGUAI,PRY,INS-000222,Ente privado,Exportação de bens,Supplier,,,USD,Pessoal,ATIVA,FNT-000012
BND-002870,7554766/0001,"Pós-embarque, bens",2026-02-06,EQUADOR,ECU,INS-000158,Ente privado,Exportação de bens,Supplier,,,USD,Pessoal,ATIVA,FNT-000012
BND-002871,7571572/0001,"Pós-embarque, bens",2026-02-06,EQUADOR,ECU,INS-000158,Ente privado,Exportação de bens,Supplier,,,USD,Pessoal,ATIVA,FNT-000012
BND-002872,7549222/0003,"Pós-embarque, bens",2026-02-06,PARAGUAI,PRY,INS-000368,Ente privado,Exportação de bens,Supplier,,,USD,Pessoal,ATIVA,FNT-000012
BND-002873,7549222/0004,"Pós-embarque, bens",2026-02-06,PARAGUAI,PRY,INS-000368,Ente privado,Exportação de bens,Supplier,,,USD,Pessoal,ATIVA,FNT-000012
BND-002874,7565507/0001,"Pós-embarque, bens",2026-02-06,EQUADOR,ECU,INS-000151,Ente privado,Exportação de bens,Supplier,,,USD,Pessoal,ATIVA,FNT-000012
BND-002875,7500683/0004,"Pós-embarque, bens",2026-02-09,ARGENTINA,ARG,INS-000306,Ente privado,Exportação de bens,Supplier,,,USD,Pessoal,ATIVA,FNT-000012
BND-002876,7579561/0001,"Pós-embarque, bens",2026-02-10,EQUADOR,ECU,INS-000228,Ente privado,Exportação de bens,Supplier,,,USD,Pessoal,ATIVA,FNT-000012
BND-002877,7544595/0001,"Pós-embarque, bens",2026-02-11,EQUADOR,ECU,INS-000287,Ente privado,Exportação de bens,Supplier,,,USD,Pessoal,ATIVA,FNT-000012
BND-002878,7563363/0001,"Pós-embarque, bens",2026-02-13,PARAGUAI,PRY,INS-000204,Ente privado,Exportação de bens,Supplier,,,USD,Pessoal,ATIVA,FNT-000012
BND-002879,7549222/0005,"Pós-embarque, bens",2026-02-24,PARAGUAI,PRY,INS-000368,Ente privado,Exportação de bens,Supplier,,,USD,Pessoal,ATIVA,FNT-000012
BND-002880,7588892/0001,"Pós-embarque, bens",2026-02-27,EQUADOR,ECU,INS-000158,Ente privado,Exportação de bens,Supplier,,,USD,Pessoal,ATIVA,FNT-000012
BND-002881,7597234/0001,"Pós-embarque, bens",2026-02-27,PARAGUAI,PRY,INS-000366,Ente privado,Exportação de bens,Supplier,,,USD,Pessoal,ATIVA,FNT-000012
BND-002882,7467383,"Pós-embarque, bens",2026-03-05,ESTADOS UNIDOS,USA,INS-000133,Ente privado,Exportação de bens,Supplier,,,USD,Pessoal,ATIVA,FNT-000012
BND-002883,7580092/0001,"Pós-embarque, bens",2026-03-11,EQUADOR,ECU,INS-000346,Ente privado,Exportação de bens,Supplier,,,USD,Pessoal,ATIVA,FNT-000012
BND-002884,7533725/0001,"Pós-embarque, bens",2026-03-12,EQUADOR,ECU,INS-000153,Ente privado,Exportação de bens,Supplier,,,USD,Pessoal,ATIVA,FNT-000012
BND-002885,7549222/0006,"Pós-embarque, bens",2026-03-12,PARAGUAI,PRY,INS-000368,Ente privado,Exportação de bens,Supplier,,,USD,Pessoal,ATIVA,FNT-000012
BND-002886,7565495/0001,"Pós-embarque, bens",2026-03-12,EQUADOR,ECU,INS-000151,Ente privado,Exportação de bens,Supplier,,,USD,Pessoal,ATIVA,FNT-000012
BND-002887,7530313/0001,"Pós-embarque, bens",2026-03-13,EQUADOR,ECU,INS-000153,Ente privado,Exportação de bens,Supplier,,,USD,Pessoal,ATIVA,FNT-000012
BND-002888,7603204/0001,"Pós-embarque, bens",2026-03-19,PARAGUAI,PRY,INS-000370,Ente privado,Exportação de bens,Supplier,,,USD,Pessoal,ATIVA,FNT-000012
BND-002889,7582598/0001,"Pós-embarque, bens",2026-03-20,EQUADOR,ECU,INS-000183,Ente privado,Exportação de bens,Supplier,,,USD,Pessoal,ATIVA,FNT-000012
BND-002890,7480536/0004,"Pós-embarque, bens",2026-03-23,PARAGUAI,PRY,INS-000319,Ente privado,Exportação de bens,Supplier,,,USD,Pessoal,ATIVA,FNT-000012
BND-002891,7577770/0001,"Pós-embarque, bens",2026-03-23,EQUADOR,ECU,INS-000183,Ente privado,Exportação de bens,Supplier,,,USD,Pessoal,ATIVA,FNT-000012
BND-002892,7563363/0002,"Pós-embarque, bens",2026-03-24,PARAGUAI,PRY,INS-000204,Ente privado,Exportação de bens,Supplier,,,USD,Pessoal,ATIVA,FNT-000012
BND-002893,7572564/0001,"Pós-embarque, bens",2026-03-24,ARGENTINA,ARG,INS-000261,Ente privado,Exportação de bens,Supplier,,,EUR,Pessoal,ATIVA,FNT-000012
BND-002894,7500683/0005,"Pós-embarque, bens",2026-03-26,ARGENTINA,ARG,INS-000306,Ente privado,Exportação de bens,Supplier,,,USD,Pessoal,ATIVA,FNT-000012
BND-002895,7587325/0001,"Pós-embarque, bens",2026-03-26,PARAGUAI,PRY,INS-000357,Ente privado,Exportação de bens,Supplier,,,USD,Pessoal,ATIVA,FNT-000012
BND-002896,7549222/0007,"Pós-embarque, bens",2026-03-27,PARAGUAI,PRY,INS-000368,Ente privado,Exportação de bens,Supplier,,,USD,Pessoal,ATIVA,FNT-000012
BND-002897,7601254/0001,"Pós-embarque, bens",2026-03-31,EQUADOR,ECU,INS-000125,Ente privado,Exportação de bens,Supplier,,,USD,Pessoal,ATIVA,FNT-000012
BND-002898,7549222/0008,"Pós-embarque, bens",2026-03-31,PARAGUAI,PRY,INS-000368,Ente privado,Exportação de bens,Supplier,,,USD,Pessoal,ATIVA,FNT-000012
BND-002899,7594796/0001,"Pós-embarque, bens",2026-03-31,EQUADOR,ECU,INS-000228,Ente privado,Exportação de bens,Supplier,,,USD,Pessoal,ATIVA,FNT-000012
BND-002900,7582706/0001,"Pós-embarque, bens",2026-04-08,EQUADOR,ECU,INS-000344,Ente privado,Exportação de bens,Supplier,,,USD,Pessoal,ATIVA,FNT-000012
BND-002901,7606376/0001,"Pós-embarque, bens",2026-04-10,EQUADOR,ECU,INS-000371,Ente privado,Exportação de bens,Supplier,,,USD,Pessoal,ATIVA,FNT-000012
BND-002902,7500683/0006,"Pós-embarque, bens",2026-04-13,ARGENTINA,ARG,INS-000306,Ente privado,Exportação de bens,Supplier,,,USD,Pessoal,ATIVA,FNT-000012
BND-002903,7597381/0001,"Pós-embarque, bens",2026-04-15,EQUADOR,ECU,INS-000204,Ente privado,Exportação de bens,Supplier,,,USD,Pessoal,ATIVA,FNT-000012
BND-002904,7566818/0001,"Pós-embarque, bens",2026-04-16,PARAGUAI,PRY,INS-000278,Ente privado,Exportação de bens,Supplier,,,USD,Pessoal,ATIVA,FNT-000012
BND-002905,7579715/0001,"Pós-embarque, bens",2026-04-16,EQUADOR,ECU,INS-000183,Ente privado,Exportação de bens,Supplier,,,USD,Pessoal,ATIVA,FNT-000012
BND-002906,7595104/0001,"Pós-embarque, bens",2026-04-16,PARAGUAI,PRY,INS-000372,Ente privado,Exportação de bens,Supplier,,,USD,Pessoal,ATIVA,FNT-000012
BND-002907,7595104/0002,"Pós-embarque, bens",2026-04-16,PARAGUAI,PRY,INS-000372,Ente privado,Exportação de bens,Supplier,,,USD,Pessoal,ATIVA,FNT-000012
BND-002908,7582598/0002,"Pós-embarque, bens",2026-04-17,EQUADOR,ECU,INS-000183,Ente privado,Exportação de bens,Supplier,,,USD,Pessoal,ATIVA,FNT-000012
BND-002909,7603204/0002,"Pós-embarque, bens",2026-04-17,PARAGUAI,PRY,INS-000370,Ente privado,Exportação de bens,Supplier,,,USD,Pessoal,ATIVA,FNT-000012
BND-002910,7595104/0003,"Pós-embarque, bens",2026-04-22,PARAGUAI,PRY,INS-000372,Ente privado,Exportação de bens,Supplier,,,USD,Pessoal,ATIVA,FNT-000012
BND-002911,7611269/0001,"Pós-embarque, bens",2026-04-23,PARAGUAI,PRY,INS-000360,Ente privado,Exportação de bens,Supplier,,,USD,Pessoal,ATIVA,FNT-000012
BND-002912,7467383,"Pós-embarque, bens",2026-04-27,ESTADOS UNIDOS,USA,INS-000133,Ente privado,Exportação de bens,Supplier,,,USD,Pessoal,ATIVA,FNT-000012
BND-002913,7564281/0001,"Pós-embarque, bens",2026-04-29,PARAGUAI,PRY,INS-000125,Ente privado,Exportação de bens,Supplier,,,USD,Pessoal,ATIVA,FNT-000012
BND-002914,7611269/0002,"Pós-embarque, bens",2026-04-30,PARAGUAI,PRY,INS-000360,Ente privado,Exportação de bens,Supplier,,,USD,Pessoal,ATIVA,FNT-000012
BND-002915,7603953/0001,"Pós-embarque, bens",2026-04-30,EQUADOR,ECU,INS-000158,Ente privado,Exportação de bens,Supplier,,,USD,Pessoal,ATIVA,FNT-000012
BND-002916,7597234/0002,"Pós-embarque, bens",2026-04-30,PARAGUAI,PRY,INS-000366,Ente privado,Exportação de bens,Supplier,,,USD,Pessoal,ATIVA,FNT-000012
BND-002917,7597234/0003,"Pós-embarque, bens",2026-04-30,PARAGUAI,PRY,INS-000366,Ente privado,Exportação de bens,Supplier,,,USD,Pessoal,ATIVA,FNT-000012
BND-002918,7546158/0001,"Pós-embarque, bens",2026-05-07,ARGENTINA,ARG,INS-000373,Ente privado,Exportação de bens,Supplier,,,USD,Pessoal,ATIVA,FNT-000012
BND-002919,7497761/0002,"Pós-embarque, bens",2026-05-08,EQUADOR,ECU,INS-000292,Ente privado,Exportação de bens,Supplier,,,USD,Pessoal,ATIVA,FNT-000012
BND-002920,7611269/0003,"Pós-embarque, bens",2026-05-11,PARAGUAI,PRY,INS-000360,Ente privado,Exportação de bens,Supplier,,,USD,Pessoal,ATIVA,FNT-000012
BND-002921,7611269/0004,"Pós-embarque, bens",2026-05-12,PARAGUAI,PRY,INS-000360,Ente privado,Exportação de bens,Supplier,,,USD,Pessoal,ATIVA,FNT-000012
BND-002922,7597381/0002,"Pós-embarque, bens",2026-05-13,EQUADOR,ECU,INS-000204,Ente privado,Exportação de bens,Supplier,,,USD,Pessoal,ATIVA,FNT-000012
BND-002923,7597234/0004,"Pós-embarque, bens",2026-05-15,PARAGUAI,PRY,INS-000366,Ente privado,Exportação de bens,Supplier,,,USD,Pessoal,ATIVA,FNT-000012
BND-002924,7597234/0005,"Pós-embarque, bens",2026-05-15,PARAGUAI,PRY,INS-000366,Ente privado,Exportação de bens,Supplier,,,USD,Pessoal,ATIVA,FNT-000012
BND-002925,7597234/0006,"Pós-embarque, bens",2026-05-15,PARAGUAI,PRY,INS-000366,Ente privado,Exportação de bens,Supplier,,,USD,Pessoal,ATIVA,FNT-000012
BND-002926,7459755/0001,"Pós-embarque, bens",2026-05-18,ARGENTINA,ARG,INS-000340,Ente privado,Exportação de bens,Supplier,,,USD,Pessoal,ATIVA,FNT-000012
BND-002927,7516086/0001,"Pós-embarque, bens",2026-05-18,ARGENTINA,ARG,INS-000340,Ente privado,Exportação de bens,Supplier,,,USD,Pessoal,ATIVA,FNT-000012
BND-002928,7500683/0007,"Pós-embarque, bens",2026-05-20,ARGENTINA,ARG,INS-000306,Ente privado,Exportação de bens,Supplier,,,USD,Pessoal,ATIVA,FNT-000012
BND-002929,7609783/0001,"Pós-embarque, bens",2026-05-21,PARAGUAI,PRY,INS-000197,Ente privado,Exportação de bens,Supplier,,,USD,Pessoal,ATIVA,FNT-000012
BND-002930,7566818/0002,"Pós-embarque, bens",2026-05-25,PARAGUAI,PRY,INS-000278,Ente privado,Exportação de bens,Supplier,,,USD,Pessoal,ATIVA,FNT-000012
BND-002931,7566818/0003,"Pós-embarque, bens",2026-05-25,PARAGUAI,PRY,INS-000278,Ente privado,Exportação de bens,Supplier,,,USD,Pessoal,ATIVA,FNT-000012
BND-002932,7611269/0005,"Pós-embarque, bens",2026-05-25,PARAGUAI,PRY,INS-000360,Ente privado,Exportação de bens,Supplier,,,USD,Pessoal,ATIVA,FNT-000012
BND-002933,7603204/0003,"Pós-embarque, bens",2026-05-25,PARAGUAI,PRY,INS-000370,Ente privado,Exportação de bens,Supplier,,,USD,Pessoal,ATIVA,FNT-000012
BND-002934,7579547/0001,"Pós-embarque, bens",2026-05-26,PARAGUAI,PRY,INS-000125,Ente privado,Exportação de bens,Supplier,,,USD,Pessoal,ATIVA,FNT-000012
BND-002935,7579547/0002,"Pós-embarque, bens",2026-05-26,PARAGUAI,PRY,INS-000125,Ente privado,Exportação de bens,Supplier,,,USD,Pessoal,ATIVA,FNT-000012
BND-002936,7467383,"Pós-embarque, bens",2026-05-26,ESTADOS UNIDOS,USA,INS-000133,Ente privado,Exportação de bens,Supplier,,,USD,Pessoal,ATIVA,FNT-000012
BND-002937,7597234/0007,"Pós-embarque, bens",2026-05-26,PARAGUAI,PRY,INS-000366,Ente privado,Exportação de bens,Supplier,,,USD,Pessoal,ATIVA,FNT-000012
BND-002938,7597234/0008,"Pós-embarque, bens",2026-05-26,PARAGUAI,PRY,INS-000366,Ente privado,Exportação de bens,Supplier,,,USD,Pessoal,ATIVA,FNT-000012
BND-002939,7611269/0006,"Pós-embarque, bens",2026-05-28,PARAGUAI,PRY,INS-000360,Ente privado,Exportação de bens,Supplier,,,USD,Pessoal,ATIVA,FNT-000012
BND-002940,7626535/0001,"Pós-embarque, bens",2026-05-29,PARAGUAI,PRY,INS-000374,Ente privado,Exportação de bens,Supplier,,,USD,Pessoal,ATIVA,FNT-000012
BND-002941,7593522/0001,"Pós-embarque, bens",2026-06-09,EQUADOR,ECU,INS-000228,Ente privado,Exportação de bens,Supplier,,,USD,Pessoal,ATIVA,FNT-000012
BND-002942,7615790/0001,"Pós-embarque, bens",2026-06-09,EQUADOR,ECU,INS-000159,Ente privado,Exportação de bens,Supplier,,,USD,Pessoal,ATIVA,FNT-000012
BND-002943,7578638/0001,"Pós-embarque, bens",2026-06-10,EQUADOR,ECU,INS-000201,Ente privado,Exportação de bens,Supplier,,,USD,Pessoal,ATIVA,FNT-000012
BND-002944,7500683/0008,"Pós-embarque, bens",2026-06-10,ARGENTINA,ARG,INS-000306,Ente privado,Exportação de bens,Supplier,,,USD,Pessoal,ATIVA,FNT-000012
BND-002945,7628525/0001,"Pós-embarque, bens",2026-06-11,PARAGUAI,PRY,INS-000360,Ente privado,Exportação de bens,Supplier,,,USD,Pessoal,ATIVA,FNT-000012
BND-002946,7594783/0001,"Pós-embarque, bens",2026-06-11,ARGENTINA,ARG,INS-000375,Ente privado,Exportação de bens,Supplier,,,USD,Pessoal,ATIVA,FNT-000012
BND-002947,7614560/0001,"Pós-embarque, bens",2026-06-15,EQUADOR,ECU,INS-000355,Ente privado,Exportação de bens,Supplier,,,USD,Pessoal,ATIVA,FNT-000012
BND-002948,7597234/0009,"Pós-embarque, bens",2026-06-15,PARAGUAI,PRY,INS-000366,Ente privado,Exportação de bens,Supplier,,,USD,Pessoal,ATIVA,FNT-000012
BND-002949,7623514/0001,"Pós-embarque, bens",2026-06-18,PARAGUAI,PRY,INS-000350,Ente privado,Exportação de bens,Supplier,,,USD,Pessoal,ATIVA,FNT-000012
BND-002950,7606772/0001,"Pós-embarque, bens",2026-06-18,PARAGUAI,PRY,INS-000126,Ente privado,Exportação de bens,Supplier,,,USD,Pessoal,ATIVA,FNT-000012
BND-002951,7606772/0002,"Pós-embarque, bens",2026-06-18,PARAGUAI,PRY,INS-000126,Ente privado,Exportação de bens,Supplier,,,USD,Pessoal,ATIVA,FNT-000012
BND-002952,7618240/0001,"Pós-embarque, bens",2026-06-18,PARAGUAI,PRY,INS-000126,Ente privado,Exportação de bens,Supplier,,,USD,Pessoal,ATIVA,FNT-000012
BND-002953,7603204/0004,"Pós-embarque, bens",2026-06-22,PARAGUAI,PRY,INS-000370,Ente privado,Exportação de bens,Supplier,,,USD,Pessoal,ATIVA,FNT-000012
BND-002954,7500683/0009,"Pós-embarque, bens",2026-06-24,ARGENTINA,ARG,INS-000306,Ente privado,Exportação de bens,Supplier,,,USD,Pessoal,ATIVA,FNT-000012
BND-002955,7630366/0001,"Pós-embarque, bens",2026-06-24,EQUADOR,ECU,INS-000228,Ente privado,Exportação de bens,Supplier,,,USD,Pessoal,ATIVA,FNT-000012
BND-002956,7603204/0005,"Pós-embarque, bens",2026-06-24,PARAGUAI,PRY,INS-000370,Ente privado,Exportação de bens,Supplier,,,USD,Pessoal,ATIVA,FNT-000012
BND-002957,7467383,"Pós-embarque, bens",2026-06-25,ESTADOS UNIDOS,USA,INS-000133,Ente privado,Exportação de bens,Supplier,,,USD,Pessoal,ATIVA,FNT-000012
BND-002958,7577423/0001,"Pós-embarque, bens",2026-06-26,EQUADOR,ECU,INS-000258,Ente privado,Exportação de bens,Supplier,,,USD,Pessoal,ATIVA,FNT-000012
BND-002959,7597234/0010,"Pós-embarque, bens",2026-06-26,PARAGUAI,PRY,INS-000366,Ente privado,Exportação de bens,Supplier,,,USD,Pessoal,ATIVA,FNT-000012
BND-002960,7579715/0002,"Pós-embarque, bens",2026-06-29,EQUADOR,ECU,INS-000183,Ente privado,Exportação de bens,Supplier,,,USD,Pessoal,ATIVA,FNT-000012
BND-002961,7599346/0001,"Pós-embarque, bens",2026-06-29,EQUADOR,ECU,INS-000183,Ente privado,Exportação de bens,Supplier,,,USD,Pessoal,ATIVA,FNT-000012
BND-002962,7599633/0001,"Pós-embarque, bens",2026-06-29,EQUADOR,ECU,INS-000183,Ente privado,Exportação de bens,Supplier,,,USD,Pessoal,ATIVA,FNT-000012
BND-002963,7600459/0001,"Pós-embarque, bens",2026-06-29,EQUADOR,ECU,INS-000183,Ente privado,Exportação de bens,Supplier,,,USD,Pessoal,ATIVA,FNT-000012
BND-002964,7600480/0001,"Pós-embarque, bens",2026-06-29,EQUADOR,ECU,INS-000183,Ente privado,Exportação de bens,Supplier,,,USD,Pessoal,ATIVA,FNT-000012
BND-002965,7605861/0001,"Pós-embarque, bens",2026-06-29,EQUADOR,ECU,INS-000183,Ente privado,Exportação de bens,Supplier,,,USD,Pessoal,ATIVA,FNT-000012
BND-002966,7605861/0002,"Pós-embarque, bens",2026-06-29,EQUADOR,ECU,INS-000183,Ente privado,Exportação de bens,Supplier,,,USD,Pessoal,ATIVA,FNT-000012
BND-002967,7609776/0001,"Pós-embarque, bens",2026-06-29,EQUADOR,ECU,INS-000183,Ente privado,Exportação de bens,Supplier,,,USD,Pessoal,ATIVA,FNT-000012
BND-002968,7540301/0001,"Pós-embarque, bens",2026-06-29,PARAGUAI,PRY,INS-000153,Ente privado,Exportação de bens,Supplier,,,USD,Pessoal,ATIVA,FNT-000012
BND-002969,7605558/0002,"Pós-embarque, bens",2026-06-29,EQUADOR,ECU,INS-000376,Ente privado,Exportação de bens,Supplier,,,USD,Pessoal,ATIVA,FNT-000012
BND-002970,7500683/0010,"Pós-embarque, bens",2026-06-29,ARGENTINA,ARG,INS-000306,Ente privado,Exportação de bens,Supplier,,,USD,Pessoal,ATIVA,FNT-000012
BND-002971,7616474/0001,"Pós-embarque, bens",2026-06-29,PANAMA,PAN,INS-000228,Ente privado,Exportação de bens,Supplier,,,USD,Pessoal,ATIVA,FNT-000012
BND-002972,7578638/0002,"Pós-embarque, bens",2026-06-30,EQUADOR,ECU,INS-000201,Ente privado,Exportação de bens,Supplier,,,USD,Pessoal,ATIVA,FNT-000012
BND-002973,7620941/0001,"Pós-embarque, bens",2026-07-06,EQUADOR,ECU,INS-000336,Ente privado,Exportação de bens,Supplier,,,USD,Pessoal,ATIVA,FNT-000012
BND-002974,7607575/0001,"Pós-embarque, bens",2026-07-07,PARAGUAI,PRY,INS-000377,Ente privado,Exportação de bens,Supplier,,,USD,Pessoal,ATIVA,FNT-000012
BND-002975,7628525/0002,"Pós-embarque, bens",2026-07-07,PARAGUAI,PRY,INS-000360,Ente privado,Exportação de bens,Supplier,,,USD,Pessoal,ATIVA,FNT-000012
BND-002976,7618200/0001,"Pós-embarque, bens",2026-07-07,PARAGUAI,PRY,INS-000204,Ente privado,Exportação de bens,Supplier,,,USD,Pessoal,ATIVA,FNT-000012
BND-002977,7618240/0002,"Pós-embarque, bens",2026-07-07,PARAGUAI,PRY,INS-000126,Ente privado,Exportação de bens,Supplier,,,USD,Pessoal,ATIVA,FNT-000012
BND-002978,7626535/0002,"Pós-embarque, bens",2026-07-08,PARAGUAI,PRY,INS-000374,Ente privado,Exportação de bens,Supplier,,,USD,Pessoal,ATIVA,FNT-000012
BND-002979,7597234/0011,"Pós-embarque, bens",2026-07-08,PARAGUAI,PRY,INS-000366,Ente privado,Exportação de bens,Supplier,,,USD,Pessoal,ATIVA,FNT-000012
BND-002980,7618708/0001,"Pós-embarque, bens",2026-07-09,PARAGUAI,PRY,INS-000311,Ente privado,Exportação de bens,Supplier,,,USD,Pessoal,ATIVA,FNT-000012
BND-002981,7607575/0002,"Pós-embarque, bens",2026-07-10,PARAGUAI,PRY,INS-000377,Ente privado,Exportação de bens,Supplier,,,USD,Pessoal,ATIVA,FNT-000012
BND-002982,7603204/0006,"Pós-embarque, bens",2026-07-13,PARAGUAI,PRY,INS-000370,Ente privado,Exportação de bens,Supplier,,,USD,Pessoal,ATIVA,FNT-000012
BND-002983,7560879,"Pós-embarque, bens",2026-07-14,EQUADOR,ECU,INS-000151,Ente privado,Exportação de bens,Supplier,,,USD,Pessoal,ATIVA,FNT-000012
BND-002984,7640737/0001,"Pós-embarque, bens",2026-07-14,PARAGUAI,PRY,INS-000366,Ente privado,Exportação de bens,Supplier,,,USD,Pessoal,ATIVA,FNT-000012
BND-002985,7629015/0001,"Pós-embarque, bens",2026-07-16,EQUADOR,ECU,INS-000228,Ente privado,Exportação de bens,Supplier,,,USD,Pessoal,ATIVA,FNT-000012
BND-002986,7581079/0001,"Pós-embarque, bens",2026-07-17,PARAGUAI,PRY,INS-000201,Ente privado,Exportação de bens,Supplier,,,USD,Pessoal,ATIVA,FNT-000012
BND-002987,7609777/0001,"Pós-embarque, bens",2026-07-17,EQUADOR,ECU,INS-000125,Ente privado,Exportação de bens,Supplier,,,USD,Pessoal,ATIVA,FNT-000012
BND-002988,7626710/0001,"Pós-embarque, bens",2026-07-21,ARGENTINA,ARG,INS-000322,Ente privado,Exportação de bens,Supplier,,,USD,Pessoal,ATIVA,FNT-000012
BND-002989,7618200/0002,"Pós-embarque, bens",2026-07-21,PARAGUAI,PRY,INS-000204,Ente privado,Exportação de bens,Supplier,,,USD,Pessoal,ATIVA,FNT-000012
BND-002990,7617628/0001,"Pós-embarque, bens",2026-07-30,EQUADOR,ECU,INS-000183,Ente privado,Exportação de bens,Supplier,,,USD,Pessoal,ATIVA,FNT-000012
BND-002991,7618072/0001,"Pós-embarque, bens",2026-07-30,EQUADOR,ECU,INS-000183,Ente privado,Exportação de bens,Supplier,,,USD,Pessoal,ATIVA,FNT-000012
BND-002992,7619688/0001,"Pós-embarque, bens",2026-07-30,EQUADOR,ECU,INS-000183,Ente privado,Exportação de bens,Supplier,,,USD,Pessoal,ATIVA,FNT-000012
BND-002993,7629385/0001,"Pós-embarque, bens",2026-07-30,EQUADOR,ECU,INS-000183,Ente privado,Exportação de bens,Supplier,,,USD,Pessoal,ATIVA,FNT-000012
BND-002994,7500683/0011,"Pós-embarque, bens",2026-07-30,ARGENTINA,ARG,INS-000306,Ente privado,Exportação de bens,Supplier,,,USD,Pessoal,ATIVA,FNT-000012
BND-002995,7565539/0001,"Pós-embarque, bens",2026-07-31,PARAGUAI,PRY,INS-000125,Ente privado,Exportação de bens,Supplier,,,USD,Pessoal,ATIVA,FNT-000012
BND-002996,7630439/0001,"Pós-embarque, bens",2026-07-31,PARAGUAI,PRY,INS-000357,Ente privado,Exportação de bens,Supplier,,,USD,Pessoal,ATIVA,FNT-000012
